# TTSP Euclidean complete-graph matrix instance
# seed: 500102
# depot: 1
# L_max is not stored in this file; pass it with --budget when running algorithms.
# coordinate rows: node x y
# scenario: reward_cluster_hotspot
# coordinate_max: 1000
# geometry: clustered
# depot_position: center
# reward_pattern: cluster_hotspot
# clusters: 4
# cluster_spread_ratio: 0.08
# hotspot_cluster: 1
# coord 1 500.000000 500.000000
# coord 2 490.858632 126.713718
# coord 3 323.676886 304.164224
# coord 4 438.300652 182.204740
# coord 5 324.388126 519.202911
# coord 6 431.477744 155.809869
# coord 7 198.542458 314.127276
# coord 8 447.702553 160.213730
# coord 9 304.258985 379.249496
# coord 10 457.849390 133.730065
# coord 11 345.877377 332.801621
# coord 12 370.967491 309.251789
# coord 13 277.529638 395.237004
# coord 14 413.454839 176.165430
# coord 15 259.476663 330.803397
# coord 16 419.031713 290.697743
# coord 17 50.652636 573.058900
# coord 18 475.186209 241.299709
# coord 19 324.542956 287.679420
# coord 20 398.405688 253.525112
# coord 21 272.562250 330.491207
# coord 22 489.728643 182.116394
# coord 23 367.454756 314.725374
# coord 24 431.450011 457.308724
# coord 25 248.293824 400.858404
# coord 26 423.071301 91.529327
# coord 27 306.570823 258.278398
# coord 28 455.621344 238.231154
# coord 29 321.521392 382.396747
# coord 30 385.531220 177.690484
# coord 31 299.064457 245.271722
# coord 32 472.756188 62.693022
# coord 33 402.293304 570.960862
# coord 34 503.311055 170.626451
# coord 35 171.978413 471.821956
# coord 36 386.438923 244.479033
# coord 37 378.632142 507.719784
# coord 38 315.679908 172.423273
# coord 39 391.430756 303.782983
# coord 40 515.007957 109.846992
# coord 41 202.317568 401.594822
# coord 42 280.197873 157.928375
# coord 43 118.726704 333.235385
# coord 44 508.803996 169.612637
# coord 45 378.784625 479.149615
# coord 46 466.403162 160.534951
# coord 47 315.346412 302.703377
# coord 48 371.480552 178.530923
# coord 49 233.765920 446.631388
# coord 50 399.264186 189.745479
# coord 51 169.040590 341.664704
# coord 52 146.551240 156.144275
# coord 53 444.262299 376.034983
# coord 54 371.186098 288.886539
# coord 55 274.462477 247.381934
# coord 56 347.380662 205.674495
# coord 57 320.185478 350.346298
# coord 58 372.355937 187.102381
# coord 59 168.808900 283.742542
# coord 60 433.065465 144.825053
# coord 61 492.570972 412.075059
# coord 62 394.070124 252.746854
# coord 63 267.707013 203.898801
# coord 64 457.443580 29.514214
# coord 65 333.421847 427.916342
# coord 66 416.520345 199.025203
# coord 67 333.165027 276.135885
# coord 68 455.084230 192.006779
# coord 69 378.625486 393.164692
# coord 70 643.043288 70.580971
# coord 71 323.204034 227.961983
# coord 72 234.016393 173.783109
# coord 73 404.584209 428.021893
# coord 74 442.696542 92.189080
# coord 75 311.087309 244.000411
# coord 76 465.406627 102.788447
# coord 77 445.660134 422.909695
# coord 78 478.522810 198.823864
# coord 79 301.598217 243.194319
# coord 80 316.210520 231.572696
# coord 81 344.676037 470.448693
# coord 82 462.116813 308.222406
# coord 83 409.846271 354.258203
# coord 84 343.720121 340.950348
# coord 85 264.053021 281.777047
# coord 86 458.694681 298.360869
# coord 87 202.259871 224.901122
# coord 88 372.679922 171.141561
# coord 89 330.713098 488.494603
# coord 90 371.490231 232.633374
# coord 91 282.071042 347.065647
# coord 92 299.631489 347.303758
# coord 93 411.634040 445.439712
# coord 94 408.975289 57.578027
# coord 95 195.463211 263.334704
# coord 96 457.263137 110.528643
# coord 97 287.195704 460.817014
# coord 98 438.744055 207.335789
# coord 99 238.238933 359.791655
# coord 100 492.440761 157.934023
# coord 101 247.885711 557.707385
# coord 102 480.694848 244.326400
# coord 103 281.125869 355.978745
# coord 104 463.573913 260.827142
# coord 105 123.979503 349.310579
# coord 106 346.924738 296.744140
# coord 107 228.732874 143.482085
# coord 108 522.405715 224.651234
# coord 109 269.037187 375.130420
# coord 110 390.146468 127.194571
# coord 111 226.151599 100.462590
# coord 112 534.340872 187.067618
# coord 113 257.585996 522.499162
# coord 114 526.088277 100.986568
# coord 115 320.565861 384.833770
# coord 116 242.697511 248.912186
# coord 117 304.375019 535.857844
# coord 118 343.952451 243.505359
# coord 119 164.127946 417.503813
# coord 120 387.585002 209.854866
# coord 121 222.501531 502.168254
# coord 122 476.024719 180.374037
# coord 123 264.286517 201.817427
# coord 124 469.970068 324.108929
# coord 125 258.307538 415.242831
# coord 126 289.859914 133.065850
# coord 127 259.595099 281.194598
# coord 128 396.263970 260.798372
# coord 129 329.476912 444.878655
# coord 130 403.709641 210.238785
# coord 131 441.535399 414.187849
# coord 132 538.910040 437.949894
# coord 133 412.540838 387.998043
# coord 134 338.447528 169.798086
# coord 135 208.259771 361.478768
# coord 136 419.574130 129.211272
# coord 137 251.359081 480.192014
# coord 138 348.501210 126.971569
# coord 139 286.412603 490.063232
# coord 140 477.334321 290.119048
# coord 141 384.372296 303.815320
# coord 142 444.709299 183.951468
# coord 143 214.250604 349.603008
# coord 144 502.313316 90.014750
# coord 145 318.063865 501.483718
# coord 146 366.941553 287.138298
# coord 147 224.865352 218.975480
# coord 148 385.478971 96.520630
# coord 149 289.811013 404.131935
# coord 150 492.633336 246.911003
# coord 151 267.688838 366.297134
# coord 152 498.737205 188.574644
# coord 153 312.344844 395.730716
# coord 154 567.077701 133.932773
# coord 155 335.567314 297.128213
# coord 156 521.871307 209.431668
# coord 157 347.650039 485.351530
# coord 158 464.269690 221.051042
# coord 159 241.215124 209.420463
# coord 160 245.413531 235.911645
# coord 161 274.158397 431.856792
# coord 162 478.309800 267.149366
# coord 163 321.992128 183.798888
# coord 164 443.516190 260.120293
# coord 165 206.361898 376.206385
# coord 166 444.225767 92.095616
# coord 167 277.278451 356.294255
# coord 168 434.332759 326.022684
# coord 169 349.953535 351.689397
# coord 170 506.346746 218.485687
# coord 171 395.414765 285.471405
# coord 172 359.329003 211.154184
# coord 173 351.058706 376.508434
# coord 174 412.931438 231.192998
# coord 175 207.014772 254.901344
# coord 176 538.898756 259.343017
# coord 177 348.251208 283.340313
# coord 178 445.319520 232.639076
# coord 179 199.938835 275.813178
# coord 180 486.339949 142.989040
# coord 181 208.182331 505.315249
# coord 182 443.743357 202.156515
# coord 183 306.228584 373.196290
# coord 184 383.692653 280.859819
# coord 185 206.067383 416.435136
# coord 186 445.109021 85.441633
# coord 187 218.825361 380.716951
# coord 188 455.943135 308.398212
# coord 189 359.635371 374.229463
# coord 190 451.406112 322.974196
# coord 191 176.584634 194.368647
# coord 192 425.903622 171.437020
# coord 193 362.965165 470.370370
# coord 194 390.510005 153.147822
# coord 195 315.728753 244.006281
# coord 196 461.076614 339.805652
# coord 197 329.274805 352.292708
# coord 198 444.634683 192.680084
# coord 199 206.380206 369.663139
# coord 200 392.252255 290.081168
# coord 201 225.364293 486.385954
# coord 202 340.729692 43.215536
# coord 203 333.978181 370.184944
# coord 204 346.619759 173.432835
# coord 205 243.570529 428.454199
# coord 206 441.976976 117.205590
# coord 207 238.494069 403.114375
# coord 208 455.007173 346.206184
# coord 209 383.462631 541.031637
# coord 210 388.906743 106.459054
# coord 211 316.529385 192.418550
# coord 212 477.405414 179.345874
# coord 213 393.105682 423.865080
# coord 214 440.182618 209.389255
# coord 215 242.806903 340.768440
# coord 216 384.983167 172.761897
# coord 217 369.703573 444.469737
# coord 218 507.830258 179.003757
# coord 219 241.788294 311.198851
# coord 220 492.734078 185.103350
# coord 221 258.501813 392.688249
# coord 222 353.498556 182.124645
# coord 223 253.478906 333.259874
# coord 224 545.105592 297.440256
# coord 225 266.110431 428.484523
# coord 226 402.865226 152.678629
# coord 227 159.545137 159.548522
# coord 228 342.910396 173.172930
# coord 229 243.118718 287.101532
# coord 230 484.037681 162.861269
# coord 231 225.741844 312.040973
# coord 232 441.593101 193.259302
# coord 233 318.332388 501.787218
# coord 234 254.316126 218.480654
# coord 235 441.148943 216.076380
# coord 236 505.237547 381.040428
# coord 237 391.275137 330.691713
# coord 238 403.105155 91.748930
# coord 239 221.173536 215.328337
# coord 240 417.853308 130.109778
# coord 241 384.914928 464.191600
# coord 242 416.463872 160.445867
# coord 243 110.272155 341.346328
# coord 244 495.873811 274.339263
# coord 245 182.279850 305.289366
# coord 246 365.158264 344.528645
# coord 247 225.488058 185.650911
# coord 248 479.867181 126.601509
# coord 249 290.620732 429.788555
# coord 250 434.275198 220.622604
# coord 251 214.320411 202.377257
# coord 252 445.574112 127.642963
# coord 253 214.140169 423.802322
# coord 254 256.395832 142.047681
# coord 255 178.135119 298.691265
# coord 256 445.683688 334.842953
# coord 257 238.476364 529.811721
# coord 258 345.067276 303.219189
# coord 259 323.455970 352.275262
# coord 260 403.211471 138.307233
# coord 261 216.714254 424.099045
# coord 262 277.405061 307.464641
# coord 263 196.013497 299.978564
# coord 264 413.632959 203.324442
# coord 265 351.106693 532.946823
# coord 266 436.617328 87.313058
# coord 267 69.689134 395.004158
# coord 268 395.434313 192.758158
# coord 269 193.911679 387.782316
# coord 270 384.523753 84.968767
# coord 271 326.797626 232.747274
# coord 272 320.999754 59.764554
# coord 273 254.836819 470.775295
# coord 274 487.862217 208.945726
# coord 275 239.581338 215.190839
# coord 276 442.900470 260.605927
# coord 277 350.609631 316.138071
# coord 278 467.677221 260.574025
# coord 279 101.036774 255.996069
# coord 280 448.288871 331.585853
# coord 281 338.313859 529.495679
# coord 282 564.823678 100.731404
# coord 283 178.065205 425.369377
# coord 284 346.787153 126.088200
# coord 285 490.340483 434.975615
# coord 286 392.979917 90.715306
# coord 287 336.599824 497.427598
# coord 288 517.166155 357.632867
# coord 289 354.901191 537.658617
# coord 290 314.609326 169.792104
# coord 291 243.322059 179.886081
# coord 292 344.679086 227.743160
# coord 293 203.364986 374.805286
# coord 294 347.294291 211.918352
# coord 295 395.557150 298.533379
# coord 296 310.618719 166.956168
# coord 297 349.458186 452.661415
# coord 298 467.341798 313.484207
# coord 299 284.711427 290.173556
# coord 300 388.621419 202.012277
# coord 301 240.425717 423.774650
# coord 302 484.076341 0.000000
# coord 303 171.490213 421.352215
# coord 304 453.889659 256.715458
# coord 305 225.930755 354.719604
# coord 306 318.601757 298.869518
# coord 307 284.344945 250.116213
# coord 308 317.094604 242.400562
# coord 309 264.039540 390.601311
# coord 310 252.850439 194.737485
# coord 311 232.013187 361.944208
# coord 312 462.439564 195.892843
# coord 313 332.403288 353.682732
# coord 314 454.085124 242.644460
# coord 315 234.457536 274.007816
# coord 316 497.951940 260.866957
# coord 317 309.379009 421.946414
# coord 318 437.035873 87.314668
# coord 319 241.785104 267.886878
# coord 320 384.032795 356.439138
# coord 321 245.040720 488.811108
# coord 322 462.340476 189.601655
# coord 323 227.753576 402.960593
# coord 324 387.305239 268.888809
# coord 325 288.229272 585.207365
# coord 326 316.824629 78.244028
# coord 327 301.971559 448.786833
# coord 328 570.717973 160.180376
# coord 329 383.866253 283.704928
# coord 330 280.772233 368.199237
# coord 331 337.137680 295.613420
# coord 332 374.025818 240.392025
# coord 333 287.788837 522.338404
# coord 334 467.196829 118.268890
# coord 335 308.317669 219.602895
# coord 336 200.545888 153.649618
# coord 337 385.709257 559.943554
# coord 338 370.550581 245.043699
# coord 339 189.734317 337.475124
# coord 340 344.238290 242.669511
# coord 341 343.386581 473.016717
# coord 342 388.146117 133.781868
# coord 343 117.608724 413.223927
# coord 344 276.445926 140.933518
# coord 345 305.613250 184.202115
# coord 346 281.722000 266.552823
# coord 347 192.332349 200.564415
# coord 348 465.582410 294.849721
# coord 349 303.494647 327.457374
# coord 350 421.834816 98.288917
# coord 351 260.705773 232.825392
# coord 352 343.700383 173.070459
# coord 353 380.530038 446.266812
# coord 354 357.984862 185.431484
# coord 355 281.821733 269.694002
# coord 356 432.967331 256.739780
# coord 357 268.926287 459.832607
# coord 358 467.250363 219.847055
# coord 359 277.462760 316.566378
# coord 360 455.243614 187.481669
# coord 361 158.743004 474.710012
# coord 362 310.246053 249.410907
# coord 363 257.005447 349.279979
# coord 364 387.823533 279.361199
# coord 365 479.147704 448.060683
# coord 366 548.737043 299.303767
# coord 367 271.006713 347.720029
# coord 368 398.553424 94.694004
# coord 369 191.445490 422.054681
# coord 370 620.552180 240.741500
# coord 371 182.176998 291.446117
# coord 372 448.388317 248.363403
# coord 373 428.242924 536.599196
# coord 374 327.777201 170.941741
# coord 375 172.121046 243.397108
# coord 376 479.168469 399.037984
# coord 377 197.155365 411.836187
# coord 378 457.663141 308.582965
# coord 379 320.451477 139.675886
# coord 380 287.738734 157.656382
# coord 381 325.236087 540.538812
# coord 382 286.176675 289.750281
# coord 383 115.522495 219.971045
# coord 384 498.908885 222.969701
# coord 385 392.029911 432.004693
# coord 386 497.127111 303.264102
# coord 387 225.267220 219.633096
# coord 388 207.447251 356.396590
# coord 389 320.214565 313.383304
# coord 390 417.136485 258.958619
# coord 391 161.620594 288.435683
# coord 392 390.212805 267.930153
# coord 393 322.386066 513.119680
# coord 394 432.662384 210.358223
# coord 395 298.712146 265.046633
# coord 396 400.591818 183.069409
# coord 397 278.350801 458.005202
# coord 398 540.094251 41.959702
# coord 399 228.066070 270.634182
# coord 400 507.567604 309.847667
# coord 401 339.259328 485.775597
# coord 402 515.365384 147.678169
# coord 403 231.130664 250.655728
# coord 404 402.042963 291.932495
# coord 405 261.631954 491.040076
# coord 406 356.116194 198.850432
# coord 407 370.827849 289.119559
# coord 408 324.929727 234.267675
# coord 409 328.404341 401.591830
# coord 410 475.557971 275.554045
# coord 411 228.746992 458.024927
# coord 412 506.533179 295.221101
# coord 413 356.578405 366.800479
# coord 414 386.329609 212.549103
# coord 415 327.563541 241.529503
# coord 416 483.819210 328.832690
# coord 417 353.339674 490.926468
# coord 418 459.277592 206.278232
# coord 419 252.768457 369.999786
# coord 420 340.638696 109.641456
# coord 421 282.097356 365.508699
# coord 422 412.221307 147.962938
# coord 423 357.960015 316.128235
# coord 424 351.940383 214.614001
# coord 425 152.632996 545.342799
# coord 426 315.953662 162.012843
# coord 427 324.502091 394.286978
# coord 428 566.705801 202.896828
# coord 429 375.076617 509.231968
# coord 430 440.275942 222.856518
# coord 431 316.684041 445.048518
# coord 432 352.669536 366.078511
# coord 433 304.622347 389.960765
# coord 434 348.844150 162.932471
# coord 435 287.339290 227.628160
# coord 436 452.374028 71.321272
# coord 437 346.705626 405.449081
# coord 438 324.503191 144.091249
# coord 439 256.279309 270.868634
# coord 440 515.000030 193.178165
# coord 441 293.608689 532.803843
# coord 442 430.092314 251.114787
# coord 443 151.416347 213.735514
# coord 444 465.431916 315.572369
# coord 445 462.278027 419.300237
# coord 446 316.109716 91.135290
# coord 447 300.923904 206.366418
# coord 448 385.847533 249.215226
# coord 449 367.423701 469.661019
# coord 450 433.453382 144.804482
# coord 451 222.171056 155.404011
# coord 452 393.367083 316.146632
# coord 453 367.764647 507.887804
# coord 454 364.403511 228.503877
# coord 455 233.301232 308.271478
# coord 456 400.156855 342.422568
# coord 457 369.001028 416.524868
# coord 458 433.936727 185.142888
# coord 459 263.573653 155.498109
# coord 460 232.895656 383.942936
# coord 461 347.553490 456.314556
# coord 462 283.027666 252.252265
# coord 463 314.751409 440.261732
# coord 464 479.998654 329.834390
# coord 465 398.099621 451.212062
# coord 466 516.134609 232.874492
# coord 467 253.264371 159.261202
# coord 468 563.672941 18.269905
# coord 469 219.799491 431.224641
# coord 470 362.741663 164.920317
# coord 471 330.976078 385.294825
# coord 472 369.785014 358.344978
# coord 473 346.395779 467.261599
# coord 474 469.533052 228.574407
# coord 475 382.181424 367.231796
# coord 476 522.097961 68.418432
# coord 477 182.817466 324.959764
# coord 478 425.337289 124.493376
# coord 479 235.558147 91.792440
# coord 480 390.441389 252.676944
# coord 481 155.025683 424.062393
# coord 482 363.146261 221.177706
# coord 483 306.570807 309.774333
# coord 484 529.801634 188.008095
# coord 485 338.561227 348.457808
# coord 486 428.824976 308.394509
# coord 487 294.066912 319.234530
# coord 488 397.263691 186.365964
# coord 489 462.044858 327.730555
# coord 490 570.410055 115.752647
# coord 491 251.209063 244.717147
# coord 492 376.586801 291.310290
# coord 493 319.134460 410.908624
# coord 494 403.340030 224.270424
# coord 495 252.447677 209.930609
# coord 496 462.850704 304.708558
# coord 497 265.698819 378.714809
# coord 498 334.953361 0.000000
# coord 499 301.102548 304.563215
# coord 500 533.777942 313.868684
# reference_nearest_neighbor_tour_cost: 10482
TTSP_MATRIX
500
0 78 1 11 33 77 3 42 18 95 39 1 37 100 34 17 41 91 38 41 9 98 11 30 28 90 2 55 47 61 23 43 31 87 21 19 34 60 39 39 30 86 41 10 6 80 5 30 35 68 32 49 9 91 26 34 1 93 18 26 28 77 1 10 14 85 14 13 43 88 12 45 32 100 39 4 37 76 39 2 33 100 1 6 16 80 30 1 21 97 27 10 13 98 55 40 49 80 23 30 21 79 1 16 44 81 7 1 26 97 1 39 15 86 22 10 15 100 24 28 6 60 9 20 32 95 29 6 37 69 19 44 27 75 52 44 26 63 6 22 44 100 19 12 9 81 51 22 18 60 6 18 26 100 1 1 13 98 24 10 12 88 41 25 23 98 24 5 2 75 52 24 43 61 29 1 1 100 35 25 38 100 29 1 42 71 31 37 41 88 38 38 36 75 49 32 12 89 25 36 39 74 47 12 18 100 27 22 26 90 50 7 21 93 19 53 28 100 6 35 34 91 10 25 28 100 40 38 1 72 28 50 1 100 27 3 6 98 38 36 22 100 24 1 19 72 42 14 14 78 16 38 9 81 17 44 35 80 33 36 55 82 52 3 9 85 36 10 25 80 1 25 9 77 37 27 8 79 25 1 27 79 31 23 40 86 1 44 32 100 21 40 21 97 14 16 21 68 25 14 21 89 26 3 7 88 39 9 51 70 21 23 25 70 29 19 49 94 37 46 34 84 11 18 12 94 5 34 29 100 40 13 29 74 50 21 31 85 26 42 6 100 32 47 37 90 28 33 17 78 20 25 49 79 25 13 31 87 4 35 21 93 1 48 5 60 49 20 33 81 2 34 26 100 23 25 27 95 4 6 12 89 1 43 43 87 26 39 13 68 41 18 31 97 15 36 7 73 43 44 17 79 29 5 20 87 31 15 10 64 27 27 37 77 19 5 17 71 1 33 23 86 1 16 38 100 19 24 5 91 49 12 35 82 9 4 35 68 1 4 9 89 1 11 20 83 28 32 32 93 16 31 15 92 51 13 12 78 24 27 12 100 1 1 52 94 21 20 27 81 19 12 37 94 6 26 20 86 53 20 32 80 31 21 13 94 28 39 9 67 49 38 1 89 11 8 16 87 29 11
0 373 264 324 177 351 354 344 230 369 227 230 246 335 294 224 455 260 275 267 284 318 228 81 271 416 310 266 214 342 324 438 121 329 329 280 122 376 224 390 314 407 416 331 123 341 270 346 272 326 367 493 136 247 339 332 234 338 396 361 88 269 376 472 182 312 279 311 162 453 324 421 120 412 318 399 94 302 325 325 158 195 171 223 321 206 405 353 170 297 266 252 104 452 386 392 216 299 297 342 259 256 262 242 405 254 448 276 263 389 484 315 243 400 213 360 199 300 346 311 278 321 380 178 256 423 325 261 179 305 104 73 142 368 323 379 249 403 214 211 228 321 323 410 182 251 393 419 231 253 268 311 215 372 261 291 153 281 389 367 236 234 363 246 319 412 265 186 211 282 239 321 193 283 382 244 265 273 375 357 292 303 232 248 306 418 305 197 188 184 445 337 140 364 315 165 226 312 321 236 275 484 211 361 266 387 279 160 124 409 358 321 131 297 302 347 142 321 320 315 264 350 298 208 245 361 481 363 334 338 332 312 182 374 290 119 201 420 398 379 121 350 421 226 373 206 417 374 221 287 413 376 296 433 380 174 263 250 230 374 293 294 364 309 152 418 443 325 326 431 318 475 247 291 386 246 237 242 468 176 164 404 330 404 66 423 163 143 150 379 410 313 322 326 227 383 158 189 301 318 271 500 338 248 310 271 330 316 260 393 301 306 222 261 349 239 206 417 347 185 255 313 289 257 228 460 205 347 246 256 261 289 213 383 340 458 129 286 350 301 159 383 392 423 371 320 429 208 262 409 359 362 131 345 317 252 235 282 288 316 342 314 286 248 56 207 275 418 318 286 380 257 81 371 416 103 315 196 403 403 179 300 476 277 128 197 393 326 259 255 399 257 178 297 309 332 226 460 356 190 161 353 367 230 239 334 247 318 198 226 274 205 196 309 311 172 147 297 279 422 256 363 232 322 350 385 205 304 125 284 191 199 224 369 346 431 180 397 335 307 209 259 451 188 89 448 355 276 136 361 443 213 132 303 328 187 155 322 418 291 159 329 195 171 113 268 421 486 289 362 204 192 157 273 178 432 362 383 486 271 353 311 271 313 221 204 274 330 176 391 356 242 202 292 381 199 264 527 279 189
373 0 244 76 426 66 347 55 314 34 252 218 343 92 309 179 627 116 231 157 299 55 225 336 366 76 226 117 307 117 225 67 453 46 470 157 397 181 203 29 399 213 426 47 370 42 249 130 410 111 387 346 254 202 248 164 281 133 358 61 285 159 236 103 340 104 217 74 289 162 196 261 313 59 215 35 300 73 222 204 374 184 242 260 275 175 305 126 396 160 304 292 328 107 325 37 391 96 344 31 495 118 311 137 429 223 263 103 333 101 266 74 459 44 309 277 450 188 437 133 461 56 239 198 371 201 278 164 357 121 292 315 273 158 367 71 427 142 417 164 207 74 355 38 413 203 282 110 343 120 327 62 323 77 231 88 386 98 263 269 374 141 178 142 378 58 314 207 265 93 185 156 286 130 311 141 212 115 327 17 472 89 308 188 406 62 372 185 280 200 321 79 367 104 211 215 277 81 374 191 447 172 290 152 390 50 374 222 428 104 186 54 313 97 328 115 340 55 310 58 353 148 315 179 376 92 333 155 295 37 323 83 413 254 102 255 227 94 284 73 354 82 437 148 357 251 272 11 363 110 287 45 406 235 357 213 476 229 281 88 404 280 342 109 430 67 499 116 395 114 195 183 417 82 266 142 236 136 411 209 431 78 432 144 308 104 402 232 433 181 253 178 380 167 196 185 355 188 263 127 389 127 435 135 350 244 241 209 348 248 350 75 277 122 296 134 347 67 286 253 438 69 381 176 501 181 373 87 190 320 228 163 445 25 205 292 446 169 368 187 376 103 471 215 194 252 308 170 275 75 253 154 338 145 253 142 400 96 286 70 481 218 323 184 322 182 312 98 421 173 350 129 415 169 339 273 409 185 171 205 446 262 387 97 321 177 281 365 253 151 367 173 422 102 237 106 394 98 300 184 390 32 288 188 430 153 202 198 319 150 422 169 275 135 200 202 389 86 340 151 317 81 231 164 538 178 315 108 400 109 363 276 322 147 227 67 314 167 275 71 451 138 350 191 294 178 206 161 364 60 270 213 401 162 315 234 314 82 229 364 359 243 360 203 337 109 240 131 408 134 304 261 370 104 264 66 366 66 258 161 449 159 260 73 269 192 275 111 203 80 267 200 332 131 253 180 338 201 260 192
264 244 0 167 215 183 126 190 78 217 36 48 102 156 70 96 383 164 17 90 57 206 45 187 123 235 49 148 78 141 64 284 278 224 226 87 211 132 68 273 156 153 207 229 183 202 8 134 168 137 159 231 140 50 75 101 46 127 156 193 200 87 115 305 124 140 30 173 105 396 76 158 148 243 61 246 170 187 65 73 168 138 100 42 64 135 145 142 184 86 60 49 166 261 135 235 161 150 102 223 265 168 67 146 205 24 187 214 90 189 226 241 228 287 81 98 232 64 196 114 222 196 118 148 129 174 68 85 141 123 161 253 122 135 129 200 190 179 190 154 61 171 118 279 197 46 130 217 106 178 84 210 92 297 14 220 183 163 126 104 137 159 120 128 138 244 70 113 54 202 74 100 77 115 127 220 32 141 127 229 232 158 71 64 163 250 130 132 79 129 184 168 171 165 61 142 48 164 134 70 207 262 67 133 148 221 131 138 244 208 112 198 138 150 89 145 148 223 82 207 110 126 76 222 137 171 219 132 82 214 98 162 198 110 147 197 73 227 136 198 171 171 217 175 141 58 154 236 130 139 149 215 162 176 146 126 241 21 48 184 161 46 128 135 230 244 270 133 154 227 71 244 180 190 122 127 29 150 228 128 226 315 189 180 212 224 194 201 236 135 148 79 140 95 72 138 151 144 41 121 146 344 192 139 110 7 67 62 105 130 108 176 50 144 94 180 119 245 90 80 201 180 138 73 283 226 146 286 64 77 16 81 221 235 86 194 263 75 138 65 170 182 233 170 121 56 167 142 31 228 95 133 153 124 54 119 165 167 48 176 237 56 81 69 212 225 68 222 177 304 142 137 255 133 163 182 166 134 165 151 236 40 225 193 145 173 130 127 10 104 163 76 209 144 46 143 160 340 101 184 182 247 107 79 197 110 49 70 98 155 181 183 71 111 63 162 189 167 97 195 74 180 36 94 296 142 90 263 211 142 141 68 88 143 85 266 104 160 75 221 231 119 195 142 180 213 100 83 171 194 180 71 208 86 90 86 121 162 160 121 154 66 136 158 165 205 161 373 164 145 81 71 165 164 86 308 142 206 230 84 207 92 18 237 47 105 33 139 140 310 94 54 107 113 118 139 94 304 23 210
324 76 167 0 356 27 274 24 238 52 177 144 267 26 233 110 550 70 155 82 222 51 150 275 290 92 152 59 232 53 153 124 390 66 393 81 331 123 130 105 322 160 353 72 303 35 172 67 334 40 313 293 194 126 176 94 205 66 288 38 236 83 172 154 267 28 141 19 219 233 124 204 248 90 141 84 241 44 150 132 303 128 174 185 201 118 240 67 325 84 227 216 265 128 256 74 317 25 268 59 421 75 234 83 356 147 213 94 257 73 227 96 385 120 234 207 378 113 361 58 386 38 175 145 294 156 204 89 284 45 232 275 207 101 292 56 352 105 343 115 133 7 280 112 341 127 217 101 267 84 251 61 248 138 154 88 316 47 199 200 299 94 116 78 302 90 237 144 191 77 112 84 213 55 242 127 135 51 256 62 397 21 232 113 330 97 296 127 208 141 262 16 298 56 137 159 202 12 298 117 371 170 215 92 314 65 298 165 363 90 122 39 246 27 252 54 271 70 235 55 277 85 239 157 301 46 280 96 222 50 249 12 341 188 34 210 156 97 220 56 287 31 365 109 284 178 213 69 288 39 225 55 330 186 285 153 401 153 205 56 328 204 269 32 361 95 426 44 319 111 122 170 342 56 201 79 160 84 345 150 361 150 356 107 258 102 331 192 365 124 195 104 304 96 124 129 285 134 188 53 312 188 358 76 274 167 168 135 272 186 274 28 202 62 224 99 272 95 214 182 362 25 305 101 430 160 299 134 115 244 152 87 372 70 135 239 381 92 293 112 306 70 395 167 133 178 247 116 198 86 185 95 270 80 179 75 325 47 210 18 405 145 247 109 269 161 235 96 344 191 278 67 355 111 273 221 333 128 125 153 376 186 325 73 254 135 216 289 176 80 296 98 351 29 162 38 319 173 228 145 319 84 218 116 356 84 126 125 245 101 346 132 202 60 126 154 320 32 264 122 241 43 156 92 462 124 241 130 333 41 290 203 247 92 158 112 241 120 202 77 379 69 289 136 238 152 139 85 296 38 218 141 333 87 241 165 244 5 177 288 289 170 286 153 272 93 186 206 331 78 230 189 300 56 193 141 293 59 222 85 372 85 183 92 194 127 199 41 147 148 197 125 258 55 188 125 262 209 184 163
177 426 215 356 0 379 241 380 141 408 188 215 133 354 199 247 279 316 232 276 196 375 209 124 141 439 262 310 137 347 275 480 94 392 160 282 55 347 226 452 170 364 277 395 68 386 217 344 116 338 236 404 187 235 276 314 169 336 282 390 199 275 320 507 92 333 243 352 137 550 291 357 121 443 276 440 155 356 277 288 53 252 186 179 245 258 319 351 31 290 177 174 114 469 287 430 69 332 181 398 86 316 169 293 263 224 388 355 154 397 430 393 67 464 134 282 26 276 190 316 103 371 323 243 123 388 247 268 74 319 157 229 158 350 196 401 83 393 48 275 224 356 202 465 19 236 316 427 120 320 163 374 124 455 222 367 41 329 321 294 101 295 335 285 185 444 170 222 169 351 244 310 145 301 289 337 237 311 273 410 117 339 147 246 157 450 174 248 149 234 357 362 62 372 275 226 167 348 190 239 104 476 149 346 122 419 144 217 63 418 327 373 118 331 196 352 87 387 224 374 143 338 199 313 108 375 396 347 246 390 229 346 18 309 325 228 200 435 321 400 82 370 278 299 257 179 348 422 96 318 335 410 146 383 265 221 87 217 167 389 144 217 254 328 30 446 283 334 185 438 286 459 85 351 316 284 205 296 345 225 17 483 174 394 186 434 25 252 36 350 349 292 188 308 232 353 71 251 232 324 127 543 182 293 192 220 272 277 142 332 182 352 166 305 261 311 98 446 265 173 85 357 151 258 75 441 74 435 243 157 224 283 37 426 300 386 74 278 226 277 50 391 232 381 336 256 345 265 193 432 293 347 92 335 253 284 81 332 208 357 172 270 183 248 170 314 180 431 165 407 269 298 105 348 315 196 166 249 380 363 21 233 365 344 110 277 316 200 206 276 282 260 6 327 255 345 77 524 267 278 37 418 284 240 69 322 235 285 118 287 114 289 156 313 278 248 40 341 166 410 159 381 206 306 174 357 125 398 52 318 75 156 131 357 294 466 116 375 258 378 34 288 351 248 170 428 314 277 66 390 378 214 45 293 230 192 112 352 369 163 67 270 80 245 100 345 367 555 137 356 134 167 56 325 163 492 240 407 437 275 194 301 210 390 171 235 202 341 236 473 284 234 108 305 318 255 152 519 216 293
351 66 183 27 379 0 282 17 257 34 197 165 285 27 245 135 565 96 170 103 236 64 171 301 306 65 162 86 252 51 160 102 416 73 409 99 356 117 153 95 336 151 360 79 328 35 187 64 352 47 322 285 221 146 182 98 224 67 292 11 263 104 171 129 289 46 155 43 243 228 130 198 274 65 149 63 267 64 157 138 326 155 200 205 210 145 239 61 348 97 243 232 290 101 259 52 337 52 281 61 442 101 250 110 363 164 203 114 273 50 213 108 406 109 254 210 401 124 374 70 405 51 173 173 312 143 213 111 307 61 259 302 233 94 304 29 371 88 364 142 155 31 291 97 364 146 216 75 286 110 267 75 268 137 171 105 340 73 198 203 318 121 113 105 315 65 253 170 212 98 135 91 235 78 245 149 152 78 261 56 415 48 251 134 345 72 310 155 230 168 258 17 322 41 146 186 221 39 310 140 390 145 236 87 331 40 314 192 388 65 121 52 271 54 264 49 295 80 245 68 293 82 251 182 319 29 272 90 230 53 258 39 364 188 61 237 179 70 219 29 312 16 371 135 291 200 208 57 308 65 222 31 345 176 291 180 421 171 224 33 344 216 276 51 386 69 434 52 332 85 130 146 361 77 201 105 180 111 345 177 385 144 370 90 285 76 355 219 389 118 190 113 316 101 147 121 308 162 199 63 329 164 372 103 286 182 175 143 288 183 287 51 221 90 230 124 293 69 220 206 382 46 320 121 453 138 320 139 136 260 169 102 394 52 139 231 407 108 302 123 329 49 406 156 129 186 243 143 214 58 187 89 295 79 188 101 345 73 223 40 420 153 261 131 296 185 250 69 358 207 284 94 381 105 274 248 347 155 112 144 399 198 322 95 279 161 216 301 193 104 301 119 374 55 172 41 339 157 234 172 343 84 222 139 376 87 146 132 267 128 364 158 224 73 135 181 344 58 279 102 257 21 176 99 479 116 261 143 358 68 311 225 266 83 161 87 264 108 210 92 401 95 286 163 265 132 140 104 320 11 209 165 358 99 250 189 268 29 168 302 312 177 307 181 297 114 178 191 347 69 251 212 323 82 217 126 301 32 206 105 385 95 198 103 214 153 214 46 175 145 201 146 279 74 187 152 278 183 198 188
354 347 126 274 241 282 0 293 124 316 149 172 113 255 63 222 298 286 129 209 76 320 169 273 100 316 122 268 141 231 122 372 328 337 160 200 264 184 193 377 88 176 82 342 244 309 117 220 137 236 40 166 253 174 101 184 127 215 43 289 310 205 130 385 176 247 140 284 197 507 152 145 235 330 133 340 270 303 125 144 214 264 215 148 73 261 89 225 219 191 90 106 250 332 51 329 171 263 61 333 249 291 93 270 82 149 173 336 93 268 215 359 217 391 141 79 246 162 109 216 190 308 130 272 117 203 69 205 185 230 263 362 226 201 48 288 174 240 197 280 186 278 39 377 222 171 99 287 128 302 87 325 140 410 138 340 227 282 113 91 140 284 180 251 63 331 89 236 156 322 199 191 165 230 60 345 153 260 38 335 191 270 123 188 103 336 70 257 172 253 122 268 227 251 137 264 136 274 56 195 174 306 147 204 123 313 98 258 293 282 170 310 223 263 52 234 215 338 43 321 99 204 58 347 133 260 159 202 52 323 27 271 223 111 262 314 193 302 101 286 239 267 92 300 19 169 131 338 148 254 113 310 111 182 26 248 219 147 131 270 111 79 14 242 267 329 152 231 74 295 152 282 166 308 107 250 152 274 114 250 257 424 113 239 316 296 229 322 273 185 142 170 61 180 198 185 205 269 89 221 117 425 111 262 49 121 107 139 101 131 58 289 140 265 54 304 155 329 63 190 181 292 94 194 286 264 170 403 188 98 140 190 227 332 145 160 309 185 25 162 215 262 128 190 168 96 114 268 106 311 102 202 225 205 94 241 162 285 79 286 165 129 68 192 311 351 80 297 108 428 28 258 320 193 76 293 98 259 213 180 259 91 126 314 227 299 98 43 122 225 45 197 234 256 112 241 165 437 53 309 222 358 71 205 188 195 174 150 157 280 147 309 167 213 148 286 235 282 78 249 98 271 159 183 236 192 149 385 263 258 176 163 130 213 124 351 174 212 72 339 238 240 111 267 284 252 149 198 230 290 160 195 257 187 35 204 199 268 171 78 206 105 172 282 242 328 164 470 119 222 150 177 213 284 191 406 19 296 225 201 118 189 108 354 144 230 96 236 264 421 87 180 155 224 117 264 93 342 103 335
344 55 190 24 380 17 293 0 262 28 200 168 290 38 254 134 573 86 177 106 244 47 174 298 313 73 172 78 256 65 171 101 413 57 416 104 354 133 154 84 344 168 372 62 326 19 194 78 357 57 333 301 216 150 194 110 229 80 305 21 256 107 185 131 291 50 163 33 243 215 142 214 271 68 160 60 263 49 168 150 327 149 198 209 220 139 254 76 349 105 250 239 287 110 273 51 341 48 289 45 445 90 257 102 375 170 220 99 279 66 229 91 409 98 258 223 402 133 383 78 409 35 188 165 318 160 224 113 308 67 254 292 230 110 313 42 375 105 367 133 157 24 301 89 365 150 230 89 291 98 274 58 272 122 177 89 340 63 212 216 322 111 128 100 324 68 260 166 215 83 136 102 237 79 259 135 158 72 273 42 420 42 256 137 352 75 318 148 231 163 273 25 322 58 156 180 226 33 320 141 395 159 239 102 337 43 321 186 386 80 135 35 269 50 273 64 295 63 255 51 300 97 260 168 324 45 288 106 241 36 269 34 365 202 56 228 180 82 233 42 310 31 383 124 302 202 224 47 312 62 237 33 352 192 303 175 425 176 229 50 351 225 288 55 385 74 445 62 341 98 141 162 366 63 215 101 184 102 360 171 385 131 378 107 278 88 355 209 389 133 205 123 325 113 148 137 309 155 208 72 335 164 380 97 295 189 186 154 295 198 295 39 225 83 242 112 296 74 232 206 386 33 328 124 454 154 323 123 139 267 175 109 396 46 152 247 405 115 313 132 330 65 416 172 144 197 259 136 221 67 201 105 294 93 199 98 349 63 231 28 427 164 269 133 290 172 258 82 366 191 296 88 377 120 288 241 355 149 129 160 400 207 338 81 277 151 230 310 199 103 314 122 374 52 182 52 343 150 246 161 343 69 235 139 380 99 150 143 269 119 370 147 226 81 145 172 344 47 286 118 264 38 180 110 485 132 265 126 356 63 314 227 271 99 174 89 265 124 221 75 403 93 301 156 259 149 154 108 320 21 226 165 357 108 261 188 268 28 184 310 313 189 310 173 295 100 194 183 354 85 254 213 323 72 217 118 312 42 223 109 394 104 206 87 218 149 221 57 168 131 214 149 282 78 201 145 284 196 206 176
230 314 78 238 141 257 124 262 0 290 62 97 31 231 66 145 319 220 94 157 58 271 90 149 60 311 121 207 18 217 134 359 215 288 161 158 148 207 115 342 104 223 191 293 125 272 77 212 98 212 140 273 140 112 135 179 33 204 166 267 191 155 179 382 57 212 107 240 76 458 152 217 112 319 135 320 148 251 136 148 100 173 109 55 105 174 185 219 112 161 39 32 126 338 159 309 83 218 69 291 187 222 33 199 183 93 248 267 35 266 290 300 151 356 17 144 157 141 145 189 148 263 182 175 58 247 108 150 70 196 142 242 109 212 98 275 114 256 112 195 110 241 95 351 123 111 179 294 29 230 39 272 18 360 88 276 115 225 181 155 61 207 196 183 98 319 35 141 53 258 131 177 47 184 158 264 106 203 147 298 159 225 6 126 105 326 85 167 56 158 225 241 108 242 136 162 37 233 98 125 133 338 31 210 78 296 70 154 180 286 187 264 99 218 73 222 92 286 92 271 48 203 69 254 62 247 263 210 111 281 103 231 123 168 213 201 100 304 184 274 117 246 198 218 143 70 209 308 52 205 198 289 101 242 150 148 164 86 33 260 98 77 134 207 161 321 235 208 111 305 148 320 104 250 176 182 78 202 238 152 154 381 134 257 194 302 123 214 166 210 208 157 101 173 122 212 86 176 91 196 78 420 139 193 82 82 131 137 42 192 74 242 38 203 126 227 43 321 128 83 125 247 80 138 207 301 70 345 124 26 90 155 144 308 160 248 198 150 122 142 102 259 190 240 195 115 211 182 52 305 153 210 102 201 112 178 88 228 68 244 174 130 56 130 188 257 46 300 121 345 150 195 200 210 190 176 112 169 240 222 163 91 247 250 102 207 178 99 68 165 169 141 135 212 114 219 83 412 133 215 112 313 148 131 120 188 112 146 33 200 109 219 54 186 140 187 122 232 52 272 26 255 83 171 225 218 25 316 148 207 67 50 11 221 153 342 50 236 119 281 154 180 225 173 163 288 173 154 110 268 238 109 143 162 100 103 75 233 227 72 88 129 62 183 118 258 226 445 99 222 27 69 98 224 79 380 133 282 296 153 156 169 70 296 46 143 61 214 166 375 145 114 35 184 177 175 39 380 75 239
369 34 217 52 408 34 316 28 290 0 228 196 318 61 280 162 599 109 204 134 270 58 202 325 340 55 196 105 284 85 194 73 441 59 443 132 382 147 183 62 370 179 393 62 354 28 221 97 385 81 356 312 243 178 216 132 257 101 326 27 281 135 203 104 319 77 189 58 271 196 164 227 299 44 184 32 289 68 191 172 355 175 226 237 244 165 271 93 377 131 276 266 315 90 293 23 369 76 315 42 473 113 284 127 397 197 229 112 306 68 234 93 437 76 286 244 430 158 408 104 437 50 205 191 345 168 247 141 337 94 281 315 258 125 338 39 403 110 395 158 185 52 325 62 393 178 248 81 318 118 300 68 300 109 204 99 368 88 229 236 350 135 145 127 349 44 287 194 243 98 164 125 265 107 279 149 185 100 294 30 448 70 283 165 379 50 344 175 260 189 288 49 350 70 180 206 254 60 345 170 422 148 267 118 364 23 347 212 414 74 153 50 297 78 299 83 323 67 280 62 327 115 286 186 352 58 299 122 264 39 293 62 394 220 84 252 208 69 250 40 338 49 405 146 325 230 238 23 340 90 253 14 379 202 325 201 453 204 257 55 377 250 310 82 413 51 468 86 366 88 164 156 393 81 233 128 212 127 377 198 413 112 404 111 303 78 383 232 417 148 219 147 351 135 176 151 337 180 233 97 362 136 406 123 320 216 209 178 322 214 321 62 253 109 264 133 324 51 254 235 414 56 354 152 482 152 352 116 167 294 202 136 424 18 172 258 432 141 337 157 358 70 440 182 160 221 274 161 248 51 221 121 322 112 222 126 377 87 257 54 454 188 295 162 315 189 284 71 393 195 318 115 404 135 306 266 381 175 138 172 428 232 353 98 305 174 248 335 226 132 334 150 403 81 206 76 371 123 267 183 371 59 255 168 408 121 178 167 297 143 397 169 254 106 169 197 372 73 313 120 291 48 208 133 512 145 293 129 385 91 342 255 299 113 195 63 294 134 244 82 432 121 317 182 286 148 173 136 348 27 237 193 385 133 284 217 296 57 195 336 341 211 338 197 323 115 206 157 381 100 282 241 352 96 245 92 335 34 226 137 420 129 232 90 246 177 247 80 194 114 235 177 310 106 219 171 311 182 232 195
227 252 36 177 188 197 149 200 62 228 0 34 93 171 86 84 381 158 50 95 73 208 28 151 119 253 84 145 55 160 99 298 245 226 223 97 178 163 54 280 159 187 227 231 150 210 43 156 160 153 177 266 107 51 111 127 31 148 184 207 167 93 151 323 96 151 58 178 69 396 107 194 112 259 95 259 134 189 100 105 138 119 67 8 96 118 180 164 156 103 65 48 130 282 166 249 141 156 111 228 245 161 69 138 223 36 223 207 88 210 261 238 209 294 58 133 207 89 201 130 210 200 154 124 120 207 101 88 113 136 126 220 87 163 141 217 175 206 168 138 48 179 133 289 171 50 166 240 91 170 85 210 71 297 37 215 153 163 162 140 122 148 151 122 146 260 73 89 19 197 69 122 44 122 159 207 50 141 157 236 221 163 57 64 163 267 136 113 44 106 219 180 139 185 94 115 26 171 144 63 195 290 39 159 140 236 128 110 212 230 143 202 103 155 103 165 114 223 106 208 106 151 92 202 125 189 254 160 112 219 122 169 171 146 151 167 45 248 171 215 137 186 236 161 166 23 190 246 112 143 185 228 160 211 171 100 224 30 30 203 158 73 153 146 200 262 283 149 162 251 102 274 165 188 159 121 17 142 257 102 197 319 192 207 177 247 165 173 205 166 184 105 149 121 60 170 120 123 75 138 139 360 196 132 122 44 103 95 100 166 118 180 25 141 126 168 96 262 123 45 186 185 137 76 259 256 124 283 62 74 38 97 198 246 119 231 231 91 156 90 140 203 242 204 154 92 203 126 43 247 131 160 119 148 90 116 149 166 70 182 235 91 90 68 176 206 76 244 178 290 169 133 220 163 195 149 168 114 195 185 209 74 257 188 109 154 165 140 32 103 190 79 182 150 83 159 142 350 133 163 153 251 141 69 179 134 50 101 71 142 171 165 36 127 93 138 158 170 100 223 72 196 21 118 287 173 65 256 179 145 116 34 70 170 120 282 73 190 109 219 207 117 228 121 145 243 134 93 139 207 216 50 176 106 115 55 87 172 195 124 124 102 112 134 129 197 197 383 160 169 55 35 134 162 50 318 163 223 265 92 212 113 46 234 17 86 54 155 116 312 129 52 83 123 154 120 92 333 53 189
230 218 48 144 215 165 172 168 97 196 34 0 127 140 114 52 415 124 51 62 101 174 7 160 153 224 82 110 88 132 96 267 264 192 257 67 199 148 21 246 192 176 253 196 170 177 56 131 194 123 205 272 99 20 115 106 65 122 204 176 159 61 148 293 124 119 50 144 84 362 94 193 123 229 89 227 136 154 96 95 163 91 59 42 110 88 189 138 184 77 97 81 142 255 181 217 173 122 142 194 277 127 101 105 250 27 218 173 121 183 254 204 242 260 91 142 236 71 233 101 243 166 151 100 155 194 115 55 142 104 126 212 89 143 171 186 209 184 200 108 14 145 162 256 199 22 172 213 125 137 118 176 104 263 37 181 178 128 164 145 156 115 135 88 178 229 105 66 47 163 34 99 70 89 173 175 34 107 174 202 255 129 91 31 197 236 168 85 66 82 226 148 161 157 85 95 60 138 175 29 229 268 71 138 174 205 162 92 232 204 129 168 117 122 132 137 135 189 129 174 140 128 120 175 159 160 259 139 130 185 145 136 200 148 117 152 30 220 177 185 156 156 263 130 189 36 191 213 145 109 190 196 194 203 193 79 257 27 64 174 192 94 175 114 225 231 313 119 194 225 88 254 199 154 162 87 21 108 275 80 223 285 225 185 173 220 191 154 229 150 182 86 180 100 27 155 145 96 88 109 174 329 229 98 152 53 105 86 134 165 149 146 59 107 141 136 128 232 136 49 219 151 171 44 288 237 156 249 29 108 36 69 229 214 109 231 251 64 183 72 166 176 274 193 141 99 209 96 70 217 134 139 137 124 98 81 182 131 94 148 269 85 121 34 176 178 107 216 212 259 190 98 234 145 209 141 202 87 177 173 236 87 271 154 125 126 171 170 51 68 210 46 210 117 85 130 175 316 148 137 179 217 152 36 212 111 20 88 102 110 206 136 59 98 80 115 183 136 133 202 105 166 15 97 322 157 97 223 200 111 146 60 104 148 117 251 99 172 121 185 237 83 239 95 143 225 124 62 160 176 214 23 199 81 138 44 107 139 188 157 149 105 143 111 145 164 191 349 194 145 86 49 160 127 59 284 189 193 256 60 245 88 64 200 51 58 78 126 93 278 136 19 114 91 155 92 126 311 70 163
246 343 102 267 133 285 113 290 31 318 93 127 0 258 67 176 288 251 117 186 65 301 121 166 30 337 140 237 46 243 152 386 216 318 130 186 151 226 146 371 75 237 170 323 132 301 100 236 68 239 121 273 168 142 148 202 62 229 156 295 216 184 192 408 65 240 131 270 101 489 173 226 131 345 155 348 170 281 154 168 101 204 139 86 114 205 186 243 107 188 48 53 143 362 155 337 66 248 53 320 165 253 39 230 160 120 256 298 22 291 299 331 129 385 44 150 143 166 116 216 120 293 194 205 28 262 115 179 72 224 165 265 135 234 77 302 89 277 95 226 141 269 78 379 114 140 184 318 15 261 31 303 35 390 114 307 114 255 189 163 37 238 216 214 74 346 39 171 85 289 161 201 76 213 157 295 132 234 142 327 130 255 36 156 75 352 60 198 85 188 225 269 114 267 156 192 67 263 76 156 105 358 62 232 48 323 40 184 180 310 207 294 119 247 65 247 104 316 91 301 19 226 66 285 35 273 264 231 113 311 98 260 114 178 243 228 131 328 189 300 128 273 176 250 131 101 216 336 37 235 203 316 70 254 139 179 140 114 63 286 67 88 125 235 156 347 208 234 84 328 170 338 79 281 184 213 108 233 225 182 147 411 104 278 216 326 118 243 162 228 218 180 77 196 153 231 92 207 105 223 47 446 109 224 66 105 145 158 14 202 56 272 69 233 129 258 42 347 132 113 99 276 50 167 190 319 59 376 154 27 116 182 128 336 178 254 197 177 105 167 102 284 161 254 213 129 212 213 73 330 163 232 115 225 126 208 65 258 79 273 143 149 50 160 208 288 48 324 90 376 141 225 207 230 185 202 82 200 259 238 153 106 239 281 120 238 183 80 92 195 158 170 126 241 132 245 63 440 134 245 110 343 152 162 97 212 141 168 51 231 80 250 84 213 162 217 122 262 35 292 30 282 113 195 195 236 47 347 150 237 63 81 28 243 168 368 70 256 126 312 139 210 221 204 186 307 190 182 117 295 246 140 144 188 98 134 94 262 240 46 93 143 58 213 133 289 237 473 68 246 54 99 100 254 108 408 118 308 306 182 126 194 90 326 77 174 78 241 196 405 153 144 44 212 187 206 20 399 94 269
335 92 156 26 354 27 255 38 231 61 171 140 258 0 218 115 538 90 143 79 209 77 146 282 279 85 135 75 226 28 134 128 395 90 382 73 333 98 130 121 309 134 334 96 305 55 160 42 325 20 295 268 202 120 156 72 198 43 267 37 249 79 148 153 264 23 128 45 220 253 104 179 252 89 123 90 249 69 130 112 302 141 178 179 183 130 217 41 323 70 216 206 269 119 235 79 311 40 254 81 416 96 223 98 337 138 188 119 246 54 202 121 380 135 228 186 376 97 347 42 378 63 151 158 285 131 186 86 282 35 240 290 212 75 276 47 345 81 339 131 131 32 264 124 339 120 193 84 259 106 240 86 242 159 144 113 316 68 175 178 291 112 92 89 288 90 226 151 187 102 111 64 210 55 221 151 125 65 236 80 388 40 224 109 317 96 282 139 205 152 238 13 299 33 119 170 195 35 283 116 363 152 210 67 304 65 287 175 366 74 98 64 249 43 237 29 272 94 218 80 266 60 224 179 292 26 254 71 203 72 232 33 339 165 49 224 156 85 196 46 289 16 345 128 265 175 188 83 282 49 201 58 318 161 265 162 395 144 198 39 317 189 250 27 362 92 408 24 305 96 103 149 335 81 178 89 153 100 322 159 361 169 343 83 270 88 330 209 366 99 170 86 289 75 124 103 284 148 172 36 302 190 344 90 259 155 149 117 261 162 260 53 195 78 204 120 267 92 195 183 355 51 293 96 428 138 295 158 112 233 142 75 368 79 114 214 385 81 276 96 305 49 379 141 108 160 222 130 187 78 163 70 272 56 161 83 318 69 195 43 392 127 233 106 280 183 223 83 331 217 258 80 361 86 251 232 320 140 100 127 375 171 301 97 257 152 193 274 166 83 276 95 349 39 145 15 313 185 208 163 318 106 197 116 350 62 121 106 241 117 337 151 199 45 108 168 320 55 252 99 230 28 151 73 452 99 236 156 335 54 286 199 240 66 136 112 239 95 184 103 376 77 265 149 248 129 117 78 297 37 192 141 335 72 223 167 244 22 151 275 288 151 282 167 275 117 161 218 320 52 225 187 299 77 194 153 274 53 197 80 358 68 171 117 188 133 186 19 159 168 176 121 253 49 165 138 251 193 171 183
294 309 70 233 199 245 63 254 66 280 86 114 67 218 0 165 320 234 78 159 13 274 109 213 71 290 86 217 81 198 94 343 279 292 166 154 213 168 135 338 91 174 141 297 190 268 63 189 119 199 91 208 190 119 85 153 64 183 102 254 247 156 127 361 122 205 92 240 134 464 121 159 175 301 101 307 208 256 97 114 164 204 152 85 49 202 120 196 173 149 28 43 191 311 93 296 133 218 36 290 227 238 33 216 137 94 190 284 45 242 233 310 192 352 82 84 210 121 129 176 175 264 129 211 84 200 50 154 134 188 200 299 163 179 60 257 150 222 162 222 128 236 49 342 180 116 117 266 79 248 36 278 84 365 83 289 178 232 123 96 102 228 160 197 70 302 31 175 93 271 143 156 102 183 92 288 101 210 81 295 182 225 63 134 101 308 64 198 109 192 160 230 174 221 103 202 73 231 66 139 159 299 84 180 99 281 75 196 244 259 150 265 163 218 19 202 158 291 26 275 62 176 6 288 98 229 198 178 47 280 39 228 181 112 215 251 132 279 122 256 183 232 150 243 81 107 149 300 104 207 136 276 103 189 87 186 200 90 67 240 103 29 71 200 222 301 200 194 87 276 119 278 140 259 117 196 92 220 175 189 214 382 125 223 253 275 184 259 228 170 152 134 71 148 140 172 151 209 48 182 95 400 126 208 41 67 84 106 60 136 42 244 76 214 62 249 104 301 65 127 159 247 79 142 256 259 125 355 133 43 85 146 194 297 121 187 262 140 70 122 165 235 164 191 154 68 147 209 44 284 98 179 167 176 65 189 129 236 23 243 176 96 19 138 249 291 20 274 114 372 87 206 266 174 124 230 102 199 201 175 220 49 182 263 167 239 116 58 63 173 107 145 193 211 77 204 129 403 68 249 174 315 85 148 160 164 119 117 99 223 131 250 104 173 112 224 186 235 40 236 41 238 100 148 240 178 91 333 213 211 128 100 74 190 107 323 115 198 60 290 205 188 159 207 221 246 131 150 176 255 179 135 208 147 35 141 139 227 175 59 153 82 123 221 184 275 172 436 108 195 90 114 162 234 128 371 77 265 240 152 140 151 52 306 81 171 36 200 203 378 86 124 100 179 121 205 48 339 49 275
224 179 96 110 247 135 222 134 145 162 84 52 176 115 165 0 464 75 95 43 152 130 57 167 203 199 117 64 134 118 128 234 281 147 306 57 221 157 31 205 243 192 303 151 193 139 104 122 242 103 255 304 89 48 151 111 115 114 250 147 142 45 174 264 162 92 87 105 110 314 115 219 138 200 118 194 135 109 127 119 195 47 64 91 155 40 227 128 217 75 148 132 155 233 225 184 215 86 194 152 317 77 153 54 301 72 241 123 172 166 271 155 282 218 136 181 271 89 285 87 289 124 178 61 203 204 160 38 178 82 126 190 98 145 222 161 253 178 239 58 37 110 213 217 234 52 207 197 172 86 169 130 150 216 84 131 207 83 196 182 202 64 144 39 229 200 156 38 92 113 24 99 109 60 215 124 71 64 220 162 301 92 140 37 247 207 220 41 102 46 261 119 188 140 113 65 109 101 227 27 275 260 116 138 223 175 213 66 253 187 142 126 136 84 183 123 161 143 178 129 190 127 171 126 206 139 291 140 176 143 194 100 234 180 78 125 49 200 212 161 177 130 313 79 237 76 220 175 189 72 223 165 244 220 241 52 300 75 114 153 242 143 223 88 252 204 365 101 245 209 109 251 244 107 195 38 73 57 320 50 252 239 276 180 161 202 223 119 255 160 208 97 231 107 25 165 176 53 134 94 223 298 280 49 203 101 141 113 184 192 200 104 107 59 185 84 171 204 179 74 264 110 222 38 322 236 197 200 36 158 82 67 266 179 132 258 271 67 234 89 197 160 325 207 156 139 244 47 121 192 169 140 160 122 139 37 226 86 144 109 319 116 172 33 168 130 159 197 263 208 237 52 246 151 251 124 253 43 180 187 267 133 312 105 144 79 206 222 101 32 257 37 243 81 123 109 219 277 192 91 211 172 192 17 255 111 48 110 143 59 253 88 98 85 104 75 211 94 184 197 156 143 66 101 369 165 140 172 223 71 185 100 151 146 146 222 136 174 164 137 273 41 278 53 136 225 145 53 186 147 239 36 223 83 187 55 135 107 206 208 180 141 182 72 162 113 212 308 244 138 129 84 191 80 85 245 239 166 271 48 296 89 114 151 99 20 128 107 57 231 174 42 156 68 185 46 177 303 119 117
455 627 383 550 279 565 298 573 319 599 381 415 288 538 320 464 0 539 396 472 329 588 409 398 262 609 406 525 331 518 411 662 352 606 158 470 334 480 434 656 229 474 249 610 341 586 378 509 223 518 260 428 440 428 395 472 350 502 313 574 470 470 428 679 318 523 410 556 374 777 440 439 382 620 420 627 423 568 414 433 311 489 421 374 361 492 380 515 293 468 323 336 383 628 342 616 262 533 284 606 198 541 317 518 235 405 465 586 295 560 504 619 213 670 329 377 256 441 193 495 186 579 428 488 261 501 359 466 307 506 422 507 406 495 264 577 221 536 250 512 429 554 277 661 277 426 395 582 293 549 300 590 316 678 397 595 310 543 411 389 264 526 474 502 251 621 314 456 372 577 449 476 359 498 355 580 415 521 333 612 171 540 324 443 221 627 255 484 367 472 399 550 329 540 423 472 355 548 256 444 195 604 348 497 241 601 253 464 334 576 464 581 374 533 301 522 344 604 324 588 275 495 314 566 259 548 428 495 345 597 314 545 277 409 529 493 418 597 396 575 352 551 239 536 298 389 425 619 279 521 405 595 221 478 303 461 193 399 351 560 223 349 309 518 303 620 179 513 234 591 438 580 228 569 405 501 395 521 321 465 291 698 195 536 461 591 296 514 306 482 438 454 250 467 441 482 322 491 367 502 241 719 194 513 280 383 399 425 281 429 278 558 357 521 351 545 300 621 360 398 212 563 246 454 238 562 280 664 441 308 399 464 242 617 437 445 335 458 274 442 309 554 173 488 465 384 399 500 352 603 400 496 353 495 381 496 246 546 342 559 146 415 304 447 446 568 315 591 206 660 311 513 379 488 351 463 218 485 511 478 277 368 359 569 369 522 394 267 374 483 305 457 278 527 395 524 255 722 351 527 302 630 369 450 226 483 428 436 326 519 212 534 369 493 432 497 314 549 287 547 311 558 401 468 106 489 327 635 331 524 295 366 313 507 419 643 340 509 366 600 246 498 373 488 439 550 444 466 333 574 452 428 324 466 322 419 355 545 469 263 319 396 296 493 368 577 461 756 221 514 337 385 314 542 390 691 281 584 516 467 182 471 367 615 365 462 352 519 479 692 385 431 314 496 415 492 290 640 367 548
260 116 164 70 316 96 286 86 220 109 158 124 251 90 234 75 539 0 158 78 221 61 130 220 277 159 169 20 209 110 176 179 338 76 381 89 283 174 104 137 316 212 368 79 257 81 171 121 317 92 322 339 138 114 201 133 190 116 309 105 172 82 211 213 234 72 146 53 180 239 153 250 200 153 164 139 184 43 174 159 264 68 130 165 215 59 273 124 286 104 220 205 214 195 281 132 289 50 265 85 390 6 225 23 367 140 265 50 246 142 286 80 356 149 211 233 341 131 357 93 363 61 215 83 278 215 219 81 250 78 176 207 160 154 293 125 327 171 312 49 110 65 283 154 304 118 251 170 247 18 242 58 224 141 150 57 275 23 236 230 277 26 164 37 301 152 229 94 167 39 91 120 184 63 269 66 134 31 277 99 375 50 214 100 321 159 292 70 176 85 302 85 255 122 159 100 183 57 298 96 350 239 191 145 298 128 287 107 313 160 166 62 200 47 253 113 229 70 244 59 264 135 240 90 281 114 326 149 237 79 259 59 304 222 42 143 123 166 255 125 240 100 378 39 300 151 256 115 264 46 264 117 319 240 303 98 373 144 188 126 317 209 285 72 317 159 434 93 317 181 149 238 318 35 237 38 145 21 374 94 319 167 350 173 194 172 291 124 320 176 240 131 303 131 98 181 246 73 197 95 297 241 353 26 274 167 191 158 259 227 271 47 182 21 243 30 245 159 235 147 338 53 296 92 391 227 270 125 101 232 148 101 338 123 168 288 331 105 301 131 267 138 397 223 179 195 286 54 192 153 215 148 226 130 195 45 300 23 212 57 393 165 243 95 207 94 230 165 336 145 297 28 299 163 303 158 326 70 185 205 335 195 360 30 208 66 251 291 171 61 317 89 312 53 178 95 293 210 249 76 280 102 244 89 329 126 115 150 217 34 328 62 173 93 148 88 278 38 257 188 230 113 139 126 443 178 215 99 286 39 258 175 226 149 188 172 208 179 221 62 343 46 325 75 178 219 178 90 253 105 267 111 287 112 251 126 205 70 228 281 250 192 256 89 224 42 237 240 318 136 204 158 260 14 157 179 304 127 282 86 369 114 182 76 174 82 197 95 87 158 224 111 230 74 225 65 251 279 185 93
275 231 17 155 232 170 129 177 94 204 50 51 117 143 78 95 396 158 0 81 67 196 51 201 136 220 34 140 95 126 49 269 294 214 239 75 227 116 69 261 167 137 211 219 199 190 18 119 183 123 165 221 149 47 64 85 63 111 156 179 209 78 101 290 141 128 14 162 119 385 60 145 162 228 46 232 182 178 50 57 184 139 108 57 61 135 137 126 201 72 73 65 180 245 131 221 177 140 112 212 281 162 81 142 210 24 173 208 104 173 211 233 244 275 97 91 249 48 206 100 238 186 105 150 144 158 65 77 157 111 172 262 133 119 138 185 206 162 206 153 62 159 126 266 214 42 121 201 122 173 97 200 109 287 15 212 199 155 114 95 153 155 104 122 148 229 83 116 69 195 71 84 93 105 122 216 24 133 125 217 247 147 87 60 175 235 141 133 93 132 175 154 187 150 45 146 65 153 144 68 222 245 83 116 162 207 144 143 260 192 96 187 152 140 97 130 163 213 86 197 124 109 84 221 152 156 209 116 81 203 102 150 214 99 137 203 79 211 126 183 187 157 221 172 143 70 142 224 146 129 139 201 175 161 147 130 257 26 65 169 174 51 129 123 247 230 277 118 165 211 55 228 196 181 112 121 39 146 226 131 242 304 201 163 222 209 210 205 252 118 135 63 149 79 72 122 167 145 40 107 160 329 203 133 119 13 55 46 119 117 119 166 66 137 91 175 135 230 85 91 216 169 151 66 300 210 163 277 59 92 15 68 238 221 70 183 279 63 144 49 186 167 242 154 105 48 158 141 45 213 84 116 168 108 46 113 181 158 55 165 250 41 91 64 223 224 80 207 189 300 142 130 270 117 159 191 178 135 148 135 253 38 220 186 159 173 120 136 26 97 163 69 225 133 34 129 176 327 98 184 199 237 100 78 213 94 46 53 114 152 195 182 85 97 46 165 205 157 109 179 89 165 44 78 310 126 107 257 227 133 158 83 104 127 71 251 120 144 70 213 247 112 188 144 191 197 85 72 187 180 167 74 224 71 94 93 136 150 146 133 170 55 153 161 179 199 147 360 178 129 98 84 181 157 98 295 147 192 215 75 218 77 28 228 62 106 44 125 143 300 85 52 123 101 106 139 108 288 29 211
267 157 90 82 276 103 209 106 157 134 95 62 186 79 159 43 472 78 81 0 148 116 69 206 210 164 92 59 150 77 100 205 317 134 315 15 255 116 51 185 246 152 291 139 226 115 97 80 254 64 246 270 131 45 124 70 124 71 232 114 184 4 140 232 186 57 69 84 141 305 79 183 175 167 88 165 176 97 97 85 223 84 101 103 137 75 198 86 245 34 149 136 192 196 203 155 235 61 192 134 339 83 156 66 291 67 202 127 178 127 230 151 304 199 153 156 298 55 286 45 305 107 144 101 214 162 142 8 203 44 166 232 135 103 219 126 270 136 262 87 52 84 208 194 261 46 177 158 186 94 173 120 166 207 76 131 237 73 163 154 217 81 103 46 228 168 159 81 109 113 32 58 132 27 191 141 58 51 200 141 316 69 151 31 252 174 220 80 127 87 230 87 220 101 83 107 121 76 224 37 290 218 133 95 234 143 219 109 288 147 102 108 170 61 178 82 193 132 167 117 197 84 165 153 219 101 257 98 159 125 182 74 261 148 57 166 77 162 181 125 211 95 301 100 222 97 186 151 207 49 191 134 251 181 225 94 319 73 124 115 249 132 208 52 283 171 358 61 245 169 75 209 260 100 163 45 79 70 297 93 282 226 279 137 203 163 252 158 287 118 172 60 230 66 45 123 205 91 119 52 232 268 282 56 200 92 114 82 192 157 199 86 120 57 165 100 191 171 157 104 281 90 227 19 350 193 218 196 33 164 74 28 291 152 96 222 307 29 225 55 226 120 323 166 116 117 213 79 120 157 139 97 194 79 118 35 244 77 136 87 326 88 171 28 211 157 158 159 267 223 220 50 285 109 227 166 256 81 138 146 296 118 285 105 179 111 176 217 98 20 239 17 270 55 100 70 237 255 171 123 240 158 167 39 274 69 45 76 164 80 266 116 121 43 72 114 242 77 186 155 161 106 75 61 382 123 159 176 257 52 208 121 166 103 114 190 160 132 143 131 298 32 250 91 178 182 108 13 218 114 202 63 256 42 174 89 166 77 167 211 209 115 205 112 198 120 173 288 252 96 148 109 220 75 115 223 227 132 230 8 297 48 108 147 112 63 123 67 98 220 147 44 176 30 152 82 182 261 110 148
284 299 57 222 196 236 76 244 58 270 73 101 65 209 13 152 329 221 67 148 0 263 96 203 74 282 80 205 71 190 89 334 273 281 173 143 207 164 122 328 100 173 154 286 183 258 51 181 122 189 104 215 178 107 83 146 52 175 114 245 235 144 127 353 115 195 81 229 123 453 114 161 164 293 95 298 196 244 92 108 157 191 139 72 49 189 127 188 168 139 19 32 180 305 102 287 131 207 45 280 229 225 27 203 150 82 192 271 45 235 235 298 193 342 73 87 208 113 139 167 179 253 129 198 86 198 51 142 128 178 189 287 151 174 71 249 151 217 160 209 115 226 61 333 177 104 121 260 76 235 36 267 76 354 71 277 172 221 125 98 101 215 155 185 80 294 26 162 80 259 131 148 91 172 100 276 89 199 91 284 186 214 54 122 109 300 74 185 97 179 167 221 167 213 97 189 61 220 77 126 163 295 73 174 102 272 80 183 238 252 145 255 152 207 31 194 150 280 36 264 64 169 19 275 98 220 205 172 52 270 50 218 177 113 204 238 119 272 126 248 175 223 163 230 94 94 152 291 101 196 141 267 110 189 100 173 202 77 55 232 109 24 82 190 217 293 213 185 97 270 112 275 141 247 120 184 79 207 187 176 210 372 134 217 242 268 179 246 223 166 153 126 82 140 127 168 144 196 42 173 99 392 136 196 53 56 81 99 61 137 51 233 64 202 68 236 99 294 70 114 161 236 85 130 255 256 122 343 121 39 73 136 192 288 117 191 256 130 83 113 159 228 176 190 150 65 153 196 31 276 98 173 158 168 61 177 129 224 15 232 184 89 24 126 238 278 17 267 122 359 98 194 258 169 133 218 111 186 197 173 217 43 192 251 157 226 121 70 51 161 119 133 189 200 70 195 128 393 75 236 169 304 90 135 161 156 107 110 90 210 135 237 92 164 105 211 180 224 44 231 36 230 87 140 246 174 82 321 206 199 123 88 68 184 104 315 105 194 62 279 203 176 168 193 209 243 127 139 168 246 182 122 201 137 45 128 129 217 175 67 146 79 118 207 174 262 172 427 114 189 80 101 155 222 116 362 90 256 242 141 150 142 40 294 68 158 24 191 190 367 88 111 93 168 122 192 49 336 39 262
318 55 206 51 375 64 320 47 271 58 208 174 301 77 274 130 588 61 196 116 263 0 180 281 326 112 198 66 262 104 201 121 399 18 430 121 344 174 156 77 362 211 401 23 317 32 212 118 368 91 358 344 199 160 225 144 239 117 337 68 230 119 223 156 291 75 183 36 239 190 173 256 260 101 189 83 245 20 198 180 323 129 190 216 247 120 291 118 345 129 265 252 275 148 305 79 345 57 308 24 447 63 272 83 402 183 264 54 293 114 276 45 412 89 264 256 399 158 402 106 417 14 226 143 328 206 251 122 308 90 237 261 220 152 334 88 382 152 369 109 161 45 322 93 363 162 267 135 299 65 288 11 278 91 192 42 335 47 250 250 330 86 168 91 343 101 275 154 220 40 140 134 239 91 292 92 174 67 305 39 429 50 265 145 368 106 336 131 232 146 313 65 315 103 185 160 234 46 340 145 403 204 244 143 348 81 335 168 374 126 174 13 260 57 293 105 289 18 280 4 313 136 280 128 333 92 331 147 268 20 294 49 363 238 59 200 178 125 271 89 301 76 412 92 331 205 264 56 318 68 276 70 367 237 333 159 429 189 238 97 365 247 316 79 377 109 471 95 360 143 171 208 372 27 252 91 193 81 396 155 379 111 395 154 253 133 351 178 380 176 246 152 345 146 150 180 305 133 232 103 347 182 398 83 315 207 216 183 307 237 314 31 233 70 271 79 300 108 262 204 392 28 343 134 451 202 326 84 147 280 190 130 396 68 185 291 392 135 338 158 326 112 438 217 184 224 298 115 236 108 235 146 286 132 226 94 355 44 251 35 442 192 287 141 266 131 274 126 383 143 326 78 360 162 323 217 372 130 175 203 394 230 376 42 268 121 267 332 214 106 345 131 371 64 208 89 348 149 276 129 339 43 268 141 384 135 160 173 272 95 380 114 228 108 173 147 338 39 302 166 277 85 188 142 496 175 269 80 347 64 315 229 278 142 207 117 265 170 250 28 402 91 340 136 239 196 190 124 312 68 269 165 348 134 286 184 264 56 228 327 309 218 312 148 284 57 238 180 367 128 258 213 319 51 214 118 339 86 270 122 413 132 223 41 225 140 239 93 148 104 247 157 285 96 239 126 298 239 225 139
228 225 45 150 209 171 169 174 90 202 28 7 121 146 109 57 409 130 51 69 96 180 0 156 147 230 83 117 82 138 97 273 259 198 251 73 193 151 26 252 187 179 249 203 165 183 53 136 188 129 200 272 98 26 115 111 59 128 201 182 159 67 149 299 118 126 52 151 79 368 97 194 119 235 90 233 133 161 97 98 157 95 58 35 109 93 188 144 178 82 91 75 138 260 180 223 167 129 137 201 271 133 96 110 246 27 220 179 115 189 257 210 235 266 84 141 230 75 228 107 237 173 153 103 148 198 113 61 136 111 124 211 86 148 166 193 202 189 193 113 20 152 157 262 193 28 172 219 118 142 112 182 98 269 36 187 172 135 164 145 150 121 139 94 172 235 99 68 41 169 40 104 64 95 171 180 37 113 172 209 248 136 85 38 191 242 163 89 60 84 226 155 156 163 88 97 54 144 170 35 223 273 65 143 168 211 156 93 227 209 132 174 112 128 127 143 130 195 126 180 134 133 115 178 152 166 259 144 127 191 142 142 193 149 123 153 29 226 177 191 150 162 259 135 185 30 192 219 138 115 190 203 188 205 190 81 251 25 58 180 186 90 172 121 219 238 308 125 188 230 92 259 192 160 162 93 17 114 273 83 217 291 219 190 172 225 185 156 223 154 183 90 175 105 32 158 139 100 86 115 167 336 223 104 147 51 105 88 128 166 143 152 52 113 139 141 122 238 134 45 213 157 165 50 282 242 149 255 35 102 36 75 222 220 112 232 246 70 179 76 160 182 269 196 144 98 209 100 65 223 135 144 132 130 97 87 175 138 90 155 263 87 116 41 174 182 102 222 206 264 187 105 230 149 208 140 196 90 181 176 230 85 269 160 120 130 171 165 47 75 208 52 203 123 85 136 169 323 146 140 173 223 151 41 206 116 26 91 95 115 199 140 53 104 83 117 177 142 127 207 99 173 10 101 315 161 90 228 195 117 140 53 98 153 118 258 93 176 120 191 230 89 238 98 141 229 127 68 155 182 216 26 193 86 134 43 102 146 190 151 143 105 136 114 140 170 193 356 188 150 79 44 154 134 55 291 185 199 259 66 239 94 61 206 44 62 74 132 95 284 136 25 108 97 156 96 120 316 67 166
81 336 187 275 124 301 273 298 149 325 151 160 166 282 213 167 398 220 201 206 203 281 156 0 192 366 235 220 133 283 250 397 117 296 260 218 73 308 159 357 236 335 336 298 57 299 193 285 198 269 287 415 82 179 262 265 154 277 315 312 76 208 302 429 102 259 206 266 83 441 254 345 40 365 245 356 37 263 250 253 88 152 105 146 243 161 326 292 105 233 186 172 23 400 305 348 144 250 216 306 209 219 181 199 326 181 374 250 182 333 412 289 186 369 132 281 149 231 270 251 214 280 305 139 178 354 246 200 103 249 44 109 72 302 243 328 182 341 149 173 161 274 242 374 122 182 315 364 151 219 187 277 134 351 187 264 88 239 312 289 159 196 295 198 239 365 184 131 133 250 176 257 114 227 302 225 193 225 294 319 228 255 151 183 229 372 226 151 110 136 366 286 70 307 243 121 147 265 242 172 208 424 131 296 190 340 200 114 97 353 289 282 51 248 222 288 63 289 239 279 185 286 217 196 168 306 403 298 254 299 252 264 122 297 241 106 133 367 321 327 47 297 341 194 292 131 341 334 143 237 335 330 220 361 299 123 206 177 151 320 217 215 283 255 110 370 367 267 248 375 248 413 177 255 309 197 163 200 387 127 118 381 255 342 63 369 103 131 111 310 335 245 243 259 163 314 82 148 222 259 194 460 262 202 230 195 254 243 180 318 221 263 143 216 269 207 127 370 268 111 189 269 211 194 192 396 130 328 180 175 187 224 158 341 268 381 112 221 270 232 89 326 317 352 301 243 351 166 182 359 282 297 52 282 240 201 163 240 209 271 273 241 205 183 49 197 194 364 243 288 299 210 79 305 336 75 239 151 336 332 135 222 395 244 47 167 315 246 182 199 318 194 123 247 234 276 153 429 276 166 96 321 288 168 173 269 179 247 117 187 203 179 117 249 239 139 85 253 199 359 175 310 159 255 292 317 124 288 77 235 115 121 144 306 271 387 99 331 256 277 157 206 371 146 49 384 283 213 65 313 367 146 81 238 248 119 75 272 345 212 84 253 118 136 34 240 347 459 213 300 124 117 86 232 103 399 282 333 415 209 278 246 193 287 143 149 195 273 133 369 279 175 122 235 305 156 183 467 201 176
271 366 123 290 141 306 100 313 60 340 119 153 30 279 71 203 262 277 136 210 74 326 147 192 0 355 154 264 76 262 164 406 229 344 104 209 169 238 173 395 46 245 146 348 152 325 119 254 48 260 99 265 198 166 156 219 88 247 142 316 245 208 198 426 89 263 151 294 131 515 188 228 159 365 169 369 199 306 166 182 119 233 168 113 120 234 182 261 120 209 64 74 169 379 147 358 71 272 42 344 157 280 56 257 135 143 258 326 33 308 301 357 122 409 74 152 146 184 86 236 105 317 200 235 18 271 120 204 92 246 194 293 165 248 56 321 79 292 97 254 167 293 62 401 122 164 183 334 42 289 40 328 64 416 136 334 130 281 192 165 40 266 229 241 49 366 53 201 113 316 187 220 106 236 152 323 154 259 134 351 112 279 64 181 45 372 36 227 114 218 219 290 134 286 171 221 94 286 52 182 89 369 91 248 28 343 10 214 195 326 219 319 147 271 60 266 129 341 90 326 13 243 68 314 33 292 257 247 114 335 92 284 123 182 267 258 159 346 188 319 151 293 150 278 116 130 216 359 51 259 201 337 41 259 124 208 129 137 89 305 39 98 114 258 167 366 179 255 56 344 186 349 70 307 186 240 133 260 207 212 157 436 74 292 244 342 131 272 173 240 221 198 52 213 179 242 114 236 117 243 24 465 79 251 51 124 155 173 19 206 42 296 96 260 128 286 65 366 133 143 88 301 21 192 189 330 72 402 179 46 138 204 128 357 191 252 210 198 86 185 119 301 131 261 224 138 208 242 92 349 168 247 140 242 135 234 62 284 89 297 116 164 52 185 236 317 58 341 61 405 128 252 225 243 175 231 52 229 271 246 159 117 224 307 147 267 183 60 113 221 142 194 135 265 145 266 65 463 132 275 124 368 151 188 91 229 166 183 80 260 60 279 114 233 178 246 138 287 31 306 49 301 139 213 173 248 76 375 167 262 81 110 57 258 178 388 99 268 130 338 140 236 211 233 215 317 201 205 138 316 247 168 160 208 94 163 122 285 246 23 114 153 77 242 158 316 242 496 42 262 84 129 118 280 138 431 100 328 309 205 96 213 108 353 104 203 94 261 226 430 156 169 72 235 191 235 28 410 110 298
416 76 235 92 439 65 316 73 311 55 253 224 337 85 290 199 609 159 220 164 282 112 230 366 355 0 203 150 308 94 198 57 480 113 456 157 419 134 215 94 381 158 389 116 390 81 237 101 402 101 357 284 285 204 215 137 279 108 319 54 328 164 192 71 348 108 205 105 305 221 169 206 337 20 189 44 332 121 194 176 387 220 263 262 248 210 258 94 408 150 292 284 354 37 285 39 393 117 326 96 498 163 300 174 395 219 201 166 323 49 197 147 462 103 311 239 460 171 416 124 457 103 193 237 363 140 250 171 366 120 323 365 297 115 345 38 425 83 421 206 216 95 332 79 423 204 236 38 340 170 316 123 324 150 223 154 401 136 217 229 371 184 137 170 358 21 302 235 270 152 196 136 294 140 271 204 206 143 289 82 466 113 305 193 391 23 354 219 290 233 267 80 384 70 186 251 277 103 353 201 442 95 293 112 382 32 362 257 451 37 147 103 334 119 308 90 357 122 285 117 343 114 295 239 372 64 272 114 266 94 296 103 423 211 126 301 241 20 237 39 375 69 400 197 322 260 219 67 363 130 236 43 393 174 321 244 476 226 279 51 391 260 308 112 447 14 466 105 375 39 171 107 415 134 221 170 236 175 362 241 446 142 414 84 350 30 415 282 451 134 200 157 358 142 209 135 369 226 242 116 379 110 415 168 329 232 211 184 339 199 331 112 277 154 262 185 349 15 253 268 435 106 368 181 512 107 377 163 196 311 221 157 452 52 172 231 470 162 339 170 390 55 444 155 150 225 255 208 265 7 215 114 357 114 227 166 399 136 268 101 466 194 307 191 361 243 298 25 404 248 313 159 445 124 293 313 392 220 113 151 460 241 333 152 342 224 236 342 245 168 327 179 433 119 213 94 394 127 265 234 403 108 249 202 431 126 204 173 324 191 415 220 283 126 178 245 405 120 326 84 308 57 234 142 528 128 318 182 420 132 369 283 321 103 192 36 323 112 245 137 460 160 298 228 330 107 168 162 382 54 211 227 420 149 288 252 329 94 172 349 373 213 365 245 361 169 183 159 396 95 308 272 383 145 279 102 335 33 188 164 427 143 247 144 270 217 262 98 239 149 230 205 336 134 208 217 327 127 245 248
310 226 49 152 262 162 122 172 121 196 84 82 140 135 86 117 406 169 34 92 80 198 83 235 154 203 0 150 125 113 15 257 327 215 252 81 260 86 96 256 177 104 202 221 232 187 45 103 202 115 161 190 181 71 34 67 93 97 140 170 241 88 67 274 172 125 32 163 153 385 35 111 196 215 15 222 216 182 16 28 216 163 141 91 49 157 110 109 231 70 92 89 215 225 111 211 203 142 122 211 305 175 101 157 204 56 139 218 123 155 177 239 269 270 127 65 278 40 214 94 258 187 71 176 164 126 52 90 188 108 206 294 168 94 143 172 229 138 233 174 90 157 130 258 243 67 91 180 147 186 115 204 138 289 48 221 231 162 82 65 177 172 76 137 155 216 102 145 103 204 93 71 126 110 100 232 49 141 108 214 266 148 115 80 187 222 151 158 128 159 145 148 219 135 17 175 97 153 150 91 242 218 115 94 181 196 160 173 293 173 67 188 187 142 104 116 197 216 84 200 143 89 92 242 175 143 177 93 70 201 97 150 244 66 141 234 111 192 96 170 220 147 213 190 133 104 109 218 172 133 108 191 190 127 135 159 280 59 96 154 189 57 118 120 278 215 274 110 172 190 33 199 219 188 80 136 73 161 206 160 273 303 211 138 255 189 241 233 284 89 101 49 156 62 98 91 199 170 39 99 178 313 212 147 126 42 24 19 139 83 128 168 99 148 74 191 164 215 65 125 239 170 165 81 327 180 191 282 81 113 48 70 265 213 39 149 312 65 141 41 218 149 244 121 74 26 128 163 69 197 52 93 202 89 27 126 205 165 65 165 262 10 104 84 257 246 96 188 200 314 129 142 304 90 135 223 189 159 119 102 283 38 195 196 194 196 90 139 57 111 148 84 255 135 10 120 202 318 79 208 230 236 76 101 237 77 71 30 145 170 214 203 119 92 27 191 237 161 124 152 110 153 77 63 326 97 137 266 260 138 187 117 132 104 36 237 153 116 52 218 275 124 161 169 224 167 52 80 220 170 133 104 257 65 89 126 170 147 111 146 202 24 182 188 214 211 112 352 193 109 129 118 213 166 133 287 141 179 181 84 225 68 51 234 96 132 62 116 170 300 57 77 153 103 73 163 127 260 47 234
266 117 148 59 310 86 268 78 207 105 145 110 237 75 217 64 525 20 140 59 205 66 117 220 264 150 150 0 197 93 157 176 337 83 367 69 280 155 92 141 301 193 350 87 253 78 154 103 304 74 305 320 138 98 181 113 176 98 290 96 178 63 191 209 226 55 128 46 173 251 133 231 197 147 145 136 185 46 154 140 257 70 125 152 196 60 254 107 280 84 205 190 212 187 261 128 279 35 249 88 381 26 211 24 350 123 246 68 231 129 268 94 346 154 199 213 334 112 342 74 352 61 195 87 265 196 201 64 242 59 177 216 156 136 276 115 317 154 303 56 97 55 266 155 297 101 232 158 235 38 227 66 213 153 134 72 270 19 216 210 265 37 144 25 285 147 214 90 155 54 77 100 173 43 249 86 116 12 258 100 364 38 201 84 307 153 276 70 166 85 282 73 250 107 140 102 170 47 282 82 339 226 179 127 285 122 273 108 311 148 146 63 196 33 236 96 223 79 226 65 250 117 223 107 269 101 306 130 218 81 241 47 297 202 26 151 113 156 236 115 237 87 360 54 281 140 236 114 253 28 244 111 305 221 284 97 364 128 175 113 303 191 267 55 313 152 417 75 301 169 129 224 307 44 217 26 131 25 355 94 314 176 335 156 200 160 285 134 316 157 220 111 287 111 85 162 239 76 179 76 284 240 338 19 258 150 172 139 245 207 256 43 169 5 224 48 235 152 216 138 327 49 281 75 385 212 261 139 85 218 132 82 330 121 148 269 329 85 284 111 260 124 381 204 159 176 266 57 176 144 195 130 221 111 177 29 290 22 195 51 380 146 228 79 211 111 215 154 322 165 279 12 300 144 284 163 311 70 167 186 329 177 341 46 204 77 231 275 155 44 298 72 305 36 159 78 282 214 230 88 274 108 225 76 319 107 99 131 207 42 316 76 162 74 128 95 273 32 242 173 215 100 125 106 431 159 204 117 283 22 249 164 214 131 169 167 200 161 202 75 336 29 305 78 181 203 158 71 248 96 248 100 284 92 233 118 198 57 209 266 243 173 246 95 221 61 217 245 305 118 193 148 254 17 148 182 286 118 264 67 353 94 165 90 161 75 181 78 90 168 205 95 220 54 205 67 236 267 168 109
214 307 78 232 137 252 141 256 18 284 55 88 46 226 81 134 331 209 95 150 71 262 82 133 76 308 125 197 0 214 139 354 205 279 174 152 138 210 105 334 121 228 209 283 112 265 80 210 109 208 158 286 123 106 143 179 32 202 182 262 174 149 186 378 47 207 107 233 58 448 154 226 95 314 139 314 131 242 141 151 91 159 93 47 116 161 198 217 106 158 53 41 110 336 173 304 86 211 86 282 190 211 48 187 200 89 256 255 53 264 298 289 154 348 3 155 154 141 161 185 155 254 189 159 71 251 119 143 63 191 124 224 91 213 115 272 120 257 113 181 101 234 112 344 119 106 190 293 38 218 56 263 16 349 86 265 106 215 191 165 68 195 199 173 115 315 51 126 42 247 122 175 30 177 171 250 103 194 162 291 167 218 18 119 120 322 103 153 39 143 237 235 97 239 139 146 31 226 116 116 142 340 17 210 91 291 86 138 170 284 190 256 83 210 89 219 79 276 107 261 64 203 84 239 72 244 275 210 123 273 119 224 119 177 205 184 87 302 195 270 103 241 215 205 159 58 219 301 57 197 210 283 115 249 166 133 169 83 30 257 113 87 150 201 153 317 252 204 128 304 150 323 111 240 186 172 72 190 254 137 148 372 150 258 177 300 116 197 159 213 217 156 118 172 112 216 76 161 99 192 91 416 155 183 100 84 137 140 58 200 92 234 31 193 139 214 41 317 140 68 131 239 96 131 206 304 69 334 117 43 88 151 144 302 163 259 189 146 139 142 93 257 206 246 199 122 223 169 58 301 161 210 87 200 119 168 94 218 79 236 187 133 73 123 171 242 61 298 136 331 166 185 188 212 204 159 128 155 243 227 158 99 262 239 86 193 189 117 69 156 185 133 131 205 120 214 87 405 146 200 105 304 160 121 124 187 106 148 20 187 120 205 38 182 141 171 113 224 70 273 43 251 76 171 235 220 12 304 138 199 63 35 19 221 158 337 34 238 129 271 153 170 240 159 146 291 177 148 99 263 248 98 134 160 115 88 58 227 234 89 78 136 58 167 103 245 233 437 113 221 10 54 88 213 63 373 150 278 303 147 172 167 74 285 38 130 69 210 151 365 155 106 29 178 186 161 56 383 80 223
342 117 141 53 347 51 231 65 217 85 160 132 243 28 198 118 518 110 126 77 190 104 138 283 262 94 113 93 214 0 110 144 394 118 363 67 330 70 126 146 289 107 309 124 302 83 143 14 309 18 272 240 207 112 131 47 185 16 241 58 258 76 121 165 256 38 112 71 216 279 80 152 251 103 100 110 252 95 106 88 296 151 178 169 160 141 189 14 316 57 198 190 269 122 208 98 300 61 234 109 404 116 207 114 313 125 160 145 229 51 177 149 368 160 217 160 367 78 326 32 363 91 124 169 269 106 163 84 273 37 243 302 212 48 255 59 331 63 328 145 126 60 243 146 331 111 166 81 246 128 222 114 230 187 129 140 310 90 148 152 277 129 64 101 267 104 209 156 178 128 108 43 202 60 194 174 112 81 210 107 373 63 211 103 299 110 263 148 198 160 210 41 294 25 96 179 183 61 263 113 348 142 199 39 288 83 269 182 363 71 71 92 246 63 217 5 267 122 196 107 250 32 204 200 278 30 227 43 180 100 209 58 331 137 68 236 153 88 169 58 287 35 320 147 240 168 160 107 269 65 173 78 300 134 240 168 382 132 185 43 299 169 226 38 357 104 383 18 284 93 81 134 321 107 151 101 143 117 295 166 355 195 323 65 278 87 323 223 361 71 142 65 268 51 121 76 277 159 151 25 286 203 324 104 238 138 124 94 245 134 240 79 184 94 179 140 256 104 170 179 341 78 275 91 419 121 284 186 106 217 127 64 358 101 88 187 382 69 253 77 298 44 357 115 80 137 195 142 171 87 136 42 269 29 139 92 305 92 176 70 374 104 214 102 286 204 205 84 312 243 233 95 361 58 223 240 301 149 75 100 368 150 273 122 254 168 166 252 151 87 250 90 341 57 123 16 300 206 183 180 312 133 171 115 337 36 112 83 231 133 321 169 191 35 86 180 315 79 234 82 214 40 141 50 435 71 225 183 332 71 276 191 227 40 110 126 231 70 159 130 367 86 237 159 254 111 89 72 293 58 165 139 331 55 201 165 239 49 124 257 281 127 272 179 274 142 134 239 303 26 215 181 292 98 190 175 251 66 173 75 337 49 154 145 177 138 169 15 168 195 150 114 242 50 137 149 234 185 152 201
324 225 64 153 275 160 122 171 134 194 99 96 152 134 94 128 411 176 49 100 89 201 97 250 164 198 15 157 139 110 0 252 342 217 260 87 274 75 109 255 184 89 201 223 247 188 60 98 212 115 162 177 195 84 25 62 107 94 136 167 255 95 52 268 186 126 46 165 168 386 30 97 211 210 12 219 230 185 3 22 230 175 155 106 51 168 99 104 245 74 103 102 230 218 105 208 216 145 130 212 317 182 112 165 204 70 124 224 133 149 162 242 280 269 141 56 291 45 219 95 268 188 56 188 175 113 53 98 202 110 221 308 182 85 147 167 240 128 245 184 103 158 134 256 257 80 79 172 159 194 125 208 151 290 63 226 245 167 68 54 188 181 66 145 160 211 113 158 118 209 104 69 141 115 93 240 62 147 104 213 275 151 128 92 195 217 157 169 142 171 133 147 234 130 17 188 111 155 155 103 252 206 130 86 191 192 169 186 308 165 56 190 202 146 111 112 211 219 87 203 153 83 99 252 186 139 164 84 70 203 99 152 257 52 145 247 126 185 83 165 235 145 212 199 131 119 95 216 185 137 95 188 198 112 132 172 291 74 110 149 197 66 117 122 292 209 274 110 177 182 30 187 230 192 67 145 88 169 198 172 287 303 217 128 269 181 255 245 298 77 86 49 161 59 110 79 213 182 47 99 188 307 217 155 132 57 15 18 149 68 135 171 113 155 71 199 177 210 62 140 249 173 173 91 340 168 204 285 93 124 63 75 277 211 27 135 326 71 143 45 232 143 247 107 61 27 116 174 82 192 40 85 217 84 30 134 217 170 74 167 269 12 112 95 271 255 106 180 207 322 126 149 319 80 127 237 195 171 108 88 296 46 185 201 209 206 78 144 71 119 144 94 269 138 20 119 214 315 75 218 244 237 68 113 249 74 84 28 159 179 224 213 134 93 29 203 252 165 133 142 121 149 92 61 334 85 151 271 275 143 201 132 145 96 21 232 167 104 50 222 288 131 151 181 239 155 39 87 235 168 118 118 271 67 91 140 185 148 97 154 217 17 196 200 229 217 97 349 202 103 144 133 227 171 148 285 141 175 166 92 230 68 65 238 110 144 74 115 183 301 48 90 167 106 58 174 138 248 59 245
438 67 284 124 480 102 372 101 359 73 298 267 386 128 343 234 662 179 269 205 334 121 273 397 406 57 257 176 354 144 252 0 513 112 508 201 455 192 254 63 434 215 446 113 427 98 287 154 452 147 412 339 315 248 271 190 326 160 376 91 350 206 249 37 391 147 255 131 344 170 223 263 372 42 243 41 361 136 249 230 427 246 298 307 303 236 315 148 449 198 342 333 388 64 342 50 439 149 379 97 544 182 350 198 451 266 257 169 373 105 249 139 508 66 356 296 502 222 470 170 506 118 251 261 413 196 305 212 408 163 353 381 331 172 399 85 473 140 466 227 257 124 386 40 465 248 293 94 387 185 366 129 370 118 272 155 441 159 274 286 419 205 193 200 411 41 353 266 314 159 236 187 337 179 328 207 253 172 346 81 516 142 352 236 443 36 407 246 331 261 324 118 422 122 240 277 323 133 406 241 491 133 337 168 432 63 413 284 487 95 203 117 370 150 361 141 395 121 339 124 393 169 348 246 420 114 328 170 321 101 351 134 465 268 157 320 280 75 294 87 411 113 457 213 378 302 276 64 410 163 294 70 444 230 377 273 523 272 326 103 443 313 365 153 486 44 522 151 428 91 224 152 463 147 279 200 281 198 419 270 486 100 467 141 373 85 456 298 489 191 258 209 412 195 248 193 409 251 295 163 429 64 468 195 382 282 266 238 389 257 384 134 323 181 318 200 395 43 309 307 483 127 419 223 554 157 422 138 238 361 270 203 495 56 227 287 505 209 394 221 430 111 499 211 207 279 312 232 314 62 272 170 395 168 282 198 446 157 320 126 518 248 359 233 385 249 349 81 456 231 370 187 476 181 351 336 445 246 171 208 500 294 390 162 378 242 293 396 293 204 384 221 475 153 267 140 441 70 321 250 444 95 306 240 478 179 248 226 368 213 465 235 326 173 230 266 445 144 378 140 358 105 278 194 579 186 363 169 457 163 413 326 368 159 248 22 365 169 300 137 503 193 355 253 357 159 224 206 420 91 267 266 457 198 343 289 369 128 229 401 413 268 409 267 396 176 240 101 447 150 352 313 424 166 318 50 391 78 239 207 481 193 298 138 316 250 313 145 265 111 287 248 381 176 265 242 378 151 297 258
121 453 278 390 94 416 328 413 215 441 245 264 216 395 279 281 352 338 294 317 273 399 259 117 229 480 327 337 205 394 342 513 0 413 251 327 68 408 267 475 262 431 370 415 95 415 282 394 209 381 327 487 199 284 348 369 235 385 370 427 183 318 391 544 159 372 303 383 179 555 352 431 143 480 339 472 154 380 343 350 116 269 217 237 321 278 400 401 109 340 254 246 126 513 371 464 159 365 267 423 155 336 247 316 356 280 461 367 237 444 502 406 153 486 203 359 104 333 283 361 193 397 394 256 212 452 323 310 146 361 162 191 183 406 286 442 176 447 141 291 268 389 290 491 109 286 394 475 201 336 245 394 197 467 282 381 102 355 396 370 189 313 395 314 276 481 248 247 225 368 286 362 201 340 372 340 293 341 358 436 205 371 220 291 250 487 264 268 201 253 439 400 108 418 338 239 231 381 281 281 196 531 212 401 213 455 235 231 35 465 388 399 147 364 280 399 131 406 305 396 229 392 280 309 197 418 478 402 325 416 313 380 109 382 357 216 241 479 399 441 108 411 371 311 345 229 424 451 180 352 414 445 239 453 353 240 169 274 232 433 237 292 341 368 64 485 376 378 277 486 347 518 178 372 391 313 260 317 436 244 76 498 267 448 162 480 99 242 58 411 422 348 279 363 273 414 130 266 304 369 219 577 275 318 279 285 342 339 227 405 270 380 228 332 341 325 176 485 343 215 177 386 242 302 115 500 158 444 288 236 283 332 124 457 364 464 20 327 316 333 114 437 325 448 399 327 426 283 263 473 367 402 127 388 324 316 174 357 283 387 262 334 265 292 145 309 259 476 258 396 356 326 43 407 400 188 260 268 439 429 83 304 453 361 139 284 393 290 270 312 371 303 99 362 323 388 168 547 347 282 106 438 363 279 162 375 284 345 185 304 207 295 209 359 338 255 94 369 250 465 238 423 259 360 251 418 193 403 67 350 152 211 206 412 362 502 175 434 334 394 115 321 437 263 163 488 378 322 107 427 453 255 72 345 312 229 158 387 438 252 127 340 157 253 120 357 438 576 230 408 199 215 118 349 205 517 330 447 507 319 288 352 278 404 231 264 274 385 250 485 360 281 180 347 391 273 236 575 285 289
329 46 224 66 392 73 337 57 288 59 226 192 318 90 292 147 606 76 214 134 281 18 198 296 344 113 215 83 279 118 217 112 413 0 448 138 359 188 174 62 379 223 418 6 333 38 230 132 386 106 375 357 214 177 241 160 257 132 353 75 242 137 238 148 308 91 200 53 255 172 189 269 276 99 206 78 259 38 214 197 339 144 206 233 264 135 306 131 362 146 283 270 290 147 322 76 362 74 326 17 464 77 289 99 419 201 276 57 311 121 286 35 429 73 282 272 416 175 420 122 434 29 241 157 346 217 268 140 325 107 251 270 236 165 351 93 399 161 386 122 179 60 340 81 379 179 283 139 316 77 306 19 295 74 210 43 351 64 265 266 347 100 182 108 361 98 293 170 237 48 158 150 256 109 308 96 192 85 321 32 446 67 283 163 386 103 354 146 249 161 328 77 331 114 201 174 252 63 357 163 421 207 262 157 366 81 352 182 389 131 188 27 276 74 311 118 305 10 297 18 331 150 298 134 350 102 344 160 285 21 312 66 379 254 77 210 195 128 286 95 317 87 429 104 348 222 278 50 335 85 291 72 384 249 349 174 446 206 256 105 383 264 333 95 393 107 488 110 378 146 187 213 390 41 267 108 211 97 411 170 395 93 413 163 265 136 367 188 396 189 260 169 363 161 167 193 321 147 249 119 365 172 416 99 333 225 233 200 325 252 332 48 250 87 288 90 317 106 279 221 410 45 360 152 467 208 343 68 164 298 208 147 412 64 201 303 407 152 355 175 342 121 456 229 198 241 312 130 254 109 250 160 302 146 243 111 372 61 269 51 460 209 304 159 278 136 292 129 401 137 343 95 374 176 339 230 390 145 185 216 411 248 391 53 284 133 282 349 232 123 361 149 387 81 225 103 365 134 293 139 355 26 284 158 401 150 178 189 290 109 397 125 245 124 190 159 354 57 320 174 295 94 206 158 513 188 286 71 362 82 332 247 296 155 223 112 282 181 267 25 419 109 355 150 252 203 206 141 328 74 282 182 363 150 303 200 280 71 240 344 325 235 329 161 300 64 250 164 385 141 275 230 336 67 231 104 356 91 279 140 431 149 241 32 242 157 257 107 162 87 263 175 303 113 254 140 316 240 243 146
329 470 226 393 160 409 160 416 161 443 223 257 130 382 166 306 158 381 239 315 173 430 251 260 104 456 252 367 174 363 260 508 251 448 0 313 210 332 276 499 77 332 148 453 207 428 222 355 67 362 130 317 289 270 247 319 192 348 188 418 326 312 285 526 167 366 254 398 221 619 287 304 237 466 267 471 278 410 263 280 173 333 265 216 211 335 249 362 160 311 166 178 241 477 210 460 116 376 130 449 115 383 159 360 132 248 333 429 137 408 375 461 99 513 172 234 147 286 55 339 59 421 285 333 103 359 210 308 160 349 276 368 255 345 116 423 80 387 116 355 271 397 129 505 149 269 258 432 136 392 142 432 160 520 239 437 176 385 271 247 110 368 325 344 102 467 156 300 215 420 291 321 203 341 220 424 258 363 198 455 49 383 167 285 65 473 102 328 212 317 277 393 191 386 269 318 198 390 108 286 55 461 191 346 84 446 96 310 223 425 315 423 226 375 149 367 200 446 175 430 117 342 161 412 104 394 313 344 198 439 169 388 149 266 371 345 261 445 261 421 213 396 144 379 167 231 291 463 126 363 273 440 64 340 173 306 88 242 193 406 65 195 174 361 189 467 128 358 87 441 285 438 83 411 265 344 237 363 227 310 176 540 47 387 320 441 167 364 194 334 301 299 102 314 283 335 179 335 214 346 84 566 50 355 129 227 249 271 123 289 125 401 199 363 207 388 146 467 216 241 75 405 89 296 162 419 132 506 283 150 242 307 126 461 287 319 231 301 136 287 171 401 80 347 317 233 272 343 195 449 255 345 210 341 230 338 98 388 188 401 14 262 149 289 308 414 159 440 53 505 181 355 264 339 228 316 65 329 364 335 168 215 258 411 224 366 258 121 217 325 184 299 156 369 243 368 107 566 209 373 168 472 229 292 92 329 270 283 171 361 58 378 212 336 278 343 182 391 130 400 153 403 243 314 76 342 171 478 207 366 147 209 156 356 270 489 187 361 218 442 136 340 259 332 295 407 295 309 195 419 320 271 199 310 175 262 205 388 329 107 176 246 146 339 227 419 323 599 63 361 181 228 174 384 235 534 147 430 385 309 51 315 211 457 207 304 195 364 324 534 241 273 159 339 274 335 132 499 211 395
280 157 87 81 282 99 200 104 158 132 97 67 186 73 154 57 470 89 75 15 143 121 73 218 209 157 81 69 152 67 87 201 327 138 313 0 263 101 60 186 242 137 282 143 235 116 92 68 253 56 238 256 144 47 112 55 125 59 221 110 198 11 125 226 191 55 62 86 149 310 65 168 184 162 75 162 188 103 85 71 230 99 112 106 128 90 185 75 250 19 146 135 203 188 192 152 238 64 188 137 343 94 153 79 283 66 187 137 176 117 215 159 306 200 155 144 303 42 282 35 305 110 129 115 213 147 132 19 208 38 178 246 146 89 213 120 272 123 265 102 59 84 202 193 266 47 164 148 187 106 170 125 168 212 73 140 244 81 149 141 218 95 89 59 223 163 156 95 113 123 42 43 137 30 180 153 54 60 189 142 316 71 152 36 249 170 216 94 132 102 216 83 227 91 71 121 122 78 219 46 291 206 136 81 233 139 217 123 297 138 87 112 180 64 173 72 201 138 159 122 196 71 160 167 220 93 242 84 150 127 174 75 266 135 62 181 86 154 168 119 220 89 293 113 213 102 171 150 209 53 177 131 249 166 215 108 321 72 125 107 247 126 198 49 291 165 351 52 240 160 61 196 262 107 150 59 80 83 286 107 289 229 276 125 217 154 258 173 295 104 157 45 225 51 55 108 211 106 112 43 231 263 278 69 195 87 102 69 191 143 194 90 122 68 155 113 193 165 147 112 282 94 224 24 355 180 221 203 39 163 71 13 295 150 82 207 315 16 218 42 233 111 317 151 101 107 199 94 117 150 126 83 202 66 108 48 245 84 131 89 324 76 167 35 224 171 155 150 264 234 210 62 295 94 214 180 253 96 124 131 302 110 272 115 188 125 163 211 96 34 229 24 276 57 90 63 239 254 161 138 246 161 155 50 276 55 47 62 167 94 265 130 126 32 59 129 249 82 183 142 160 100 77 46 381 108 162 185 265 58 212 126 167 90 101 185 166 118 133 138 303 44 237 106 191 169 94 5 226 110 187 72 264 27 166 99 173 76 152 207 215 104 208 127 207 130 158 287 250 83 151 115 226 85 123 222 219 126 215 9 293 33 103 154 114 77 119 59 112 225 135 48 180 26 138 97 181 250 104 163
122 397 211 331 55 356 264 354 148 382 178 199 151 333 213 221 334 283 227 255 207 344 193 73 169 419 260 280 138 330 274 455 68 359 210 263 0 341 204 421 206 363 313 362 29 358 215 329 157 319 267 421 147 219 280 304 168 321 307 367 149 255 323 485 92 311 236 325 115 511 285 364 84 420 272 414 108 325 276 283 50 216 157 170 253 224 333 337 52 275 187 179 70 451 305 405 103 306 204 368 140 282 180 261 300 213 394 317 172 381 435 356 122 433 136 292 79 266 233 298 156 342 327 205 152 385 256 248 80 299 113 175 124 340 225 381 130 382 94 239 204 330 228 436 61 221 327 411 136 285 180 341 130 419 215 331 38 299 328 303 129 260 329 256 217 421 182 190 159 316 223 297 134 279 306 296 226 283 293 380 170 312 153 227 195 427 204 214 135 199 373 340 41 355 271 187 163 322 221 218 155 466 145 336 157 396 175 179 34 401 321 343 85 305 215 335 64 353 239 342 166 327 215 268 138 356 411 336 259 361 248 321 61 315 298 179 177 417 332 380 44 349 316 261 282 164 357 394 118 292 347 386 185 386 290 185 142 207 165 370 182 224 277 306 37 424 329 315 220 423 280 452 129 318 324 255 194 263 375 189 46 448 217 383 133 417 43 204 38 344 355 282 220 297 210 347 62 214 237 306 162 519 224 262 216 217 274 272 164 337 207 323 161 276 275 274 110 424 276 151 135 329 184 239 119 434 97 397 224 170 216 267 92 399 297 396 53 263 254 267 49 374 278 381 332 260 359 230 195 412 299 336 61 323 257 257 120 301 216 329 222 267 200 229 117 269 193 414 206 360 292 269 57 341 335 148 205 214 373 362 63 237 390 309 77 236 326 228 203 252 309 240 57 302 255 325 112 493 281 236 45 385 296 217 118 310 219 279 117 252 158 248 143 295 271 208 30 312 187 400 172 361 193 294 229 351 126 358 4 291 88 144 139 346 295 443 107 368 267 343 89 262 372 211 122 421 311 259 40 367 385 192 11 280 247 167 92 327 371 191 60 273 93 205 60 307 370 523 176 343 131 150 52 294 141 462 268 386 440 255 239 287 211 354 164 206 207 322 198 436 292 216 114 285 323 220 171 510 217 248
376 181 132 123 347 117 184 133 207 147 163 148 226 98 168 157 480 174 116 116 164 174 151 308 238 134 86 155 210 70 75 192 408 188 332 101 341 0 152 209 256 38 254 193 313 151 130 56 286 85 224 170 241 129 86 46 178 59 184 121 298 112 57 201 256 104 105 141 230 343 56 82 271 150 72 165 282 165 72 59 299 200 205 171 121 191 125 57 316 82 178 176 289 148 151 155 290 128 203 177 391 180 187 172 261 128 92 213 208 87 115 219 355 222 212 106 364 76 288 81 343 161 59 216 250 47 122 120 273 96 273 347 236 23 217 113 314 56 319 200 148 130 204 204 329 126 102 103 233 192 200 184 223 254 126 209 315 156 83 95 263 188 13 155 231 152 188 194 183 196 138 58 207 114 136 240 116 143 155 173 350 131 201 128 268 156 230 195 207 203 141 110 302 77 72 222 180 131 225 140 327 132 199 31 266 138 243 223 375 99 20 162 263 130 183 69 277 192 157 178 228 39 172 261 261 89 157 27 136 169 166 128 329 77 133 282 175 119 104 111 300 101 266 207 188 179 91 170 259 128 106 137 271 67 187 208 366 134 180 94 270 140 175 103 362 148 332 82 247 111 61 113 304 176 87 155 148 176 230 207 358 259 288 56 315 112 326 274 367 3 73 62 231 51 149 7 282 207 122 79 262 241 288 162 203 126 84 70 224 67 207 149 182 155 130 203 250 148 121 196 324 148 247 120 414 94 277 255 131 199 125 90 351 161 48 117 394 91 208 76 302 82 312 50 15 100 127 194 156 129 82 28 281 44 103 144 291 159 149 140 341 77 186 129 320 265 181 114 279 312 179 153 381 12 160 279 267 197 33 32 368 121 206 190 271 224 102 213 141 133 193 121 341 123 94 86 288 260 132 236 314 201 115 147 323 48 129 63 230 190 299 227 199 81 70 230 321 148 207 68 196 100 150 56 407 10 222 253 342 134 273 197 218 34 62 170 235 30 115 200 361 139 169 207 287 81 37 104 302 121 95 163 339 74 159 190 250 119 55 227 286 86 268 228 291 209 64 292 276 48 213 194 296 164 206 231 202 120 114 110 299 68 138 215 178 177 148 83 213 261 97 134 239 102 74 198 212 173 133 260
224 203 68 130 226 153 193 154 115 183 54 21 146 130 135 31 434 104 69 51 122 156 26 159 173 215 96 92 105 126 109 254 267 174 276 60 204 152 0 230 213 183 274 178 176 162 76 127 213 114 226 286 90 25 130 108 85 118 224 164 148 51 159 282 137 108 64 129 90 343 102 204 125 218 100 214 131 136 108 104 173 71 54 60 129 67 205 134 194 74 118 102 143 247 200 204 188 107 163 177 292 107 122 84 271 45 228 153 142 177 262 185 256 243 108 159 248 77 254 94 261 150 163 81 174 199 134 43 154 94 121 199 87 144 192 177 225 182 214 87 7 131 183 241 211 30 187 207 143 116 139 157 121 244 56 161 187 110 177 161 174 94 139 68 199 218 126 48 63 143 19 98 83 76 191 154 48 89 194 187 272 114 110 24 217 225 189 65 77 63 241 137 169 151 96 78 79 123 196 14 247 265 88 138 193 193 182 76 237 197 134 151 120 106 153 131 142 171 150 156 160 127 141 154 177 152 273 139 149 169 166 121 211 161 101 138 27 212 192 176 161 146 284 109 209 48 204 198 161 94 204 184 214 211 213 63 273 46 83 166 212 114 195 103 233 221 334 111 215 219 96 254 216 135 176 67 43 88 294 63 232 267 246 183 164 213 201 137 237 154 193 89 201 102 7 159 155 77 108 102 193 318 249 78 173 73 120 96 154 176 170 129 77 88 160 115 144 221 154 53 236 134 191 35 300 238 170 230 21 128 55 66 242 200 118 243 256 62 204 77 176 170 295 199 147 116 224 75 91 208 149 139 143 123 115 63 198 113 115 133 289 98 142 25 169 157 128 209 232 238 210 79 236 147 227 130 222 66 179 179 246 106 288 134 128 106 186 191 72 52 230 36 220 102 100 121 191 301 167 116 189 199 169 16 228 111 25 96 116 89 224 115 72 91 89 96 191 119 154 201 126 157 36 98 340 161 113 202 206 95 160 73 122 147 129 240 111 173 139 166 249 65 256 75 136 226 133 55 168 164 225 13 205 80 158 40 115 126 196 178 159 120 157 92 148 143 200 333 214 142 101 59 170 108 64 269 210 182 263 51 265 87 85 180 69 38 99 118 75 260 152 19 129 80 168 71 146 309 90 143
390 29 273 105 452 95 377 84 342 62 280 246 371 121 338 205 656 137 261 185 328 77 252 357 395 94 256 141 334 146 255 63 475 62 499 186 421 209 230 0 428 240 455 60 394 70 278 159 439 141 416 371 275 230 277 193 310 162 387 89 303 187 265 99 366 133 246 102 314 134 225 288 337 74 244 50 321 96 252 233 399 205 266 288 304 197 333 155 421 189 332 321 351 118 354 58 418 124 373 53 521 139 340 160 459 251 288 115 362 126 289 80 486 14 337 306 475 217 467 162 489 81 267 219 399 226 308 192 383 150 313 329 296 186 397 97 455 167 444 184 234 102 385 24 438 231 310 130 371 139 356 80 350 57 259 100 411 122 291 298 402 162 207 166 408 73 342 231 293 109 212 186 313 159 340 151 241 141 356 44 501 117 336 216 435 74 401 207 307 222 349 108 391 132 240 236 305 109 403 218 475 187 317 180 419 73 403 244 451 126 215 79 337 125 357 144 365 70 339 78 382 177 344 190 404 120 359 183 325 61 353 111 439 282 129 271 253 113 312 99 377 111 466 166 386 278 299 39 391 137 315 72 435 261 386 235 503 257 309 115 433 309 371 138 454 82 529 146 425 133 225 200 445 103 295 167 264 158 439 232 455 51 462 169 326 124 427 248 457 209 281 207 409 196 223 212 381 209 292 156 417 114 464 159 379 273 270 238 377 276 379 101 305 146 325 152 374 81 316 279 465 96 410 204 527 201 400 75 218 349 257 192 471 49 234 317 468 198 397 216 402 129 500 241 222 281 335 191 303 94 282 183 362 174 283 168 428 120 315 98 510 248 352 212 340 192 341 117 450 168 379 154 435 197 368 291 438 207 197 232 471 291 414 114 345 194 310 394 282 178 396 201 447 130 266 136 421 72 329 200 415 38 317 214 458 182 230 227 346 170 451 186 302 165 229 221 414 111 369 174 346 110 259 194 567 206 342 106 423 135 389 303 350 174 256 74 340 194 305 83 477 165 378 212 314 200 235 190 389 89 296 239 424 192 345 259 340 111 256 393 385 272 386 223 361 123 266 104 436 162 331 288 395 127 290 42 396 91 280 190 478 188 289 80 297 216 304 140 224 56 296 228 359 160 281 202 367 211 289 205
314 399 156 322 170 336 88 344 104 370 159 192 75 309 91 243 229 316 167 246 100 362 187 236 46 381 177 301 121 289 184 434 262 379 77 242 206 256 213 428 0 256 108 384 193 358 150 280 55 289 69 252 243 203 170 244 129 274 123 345 290 243 208 451 134 295 181 328 177 551 212 230 204 392 191 398 244 343 187 205 158 276 213 154 135 276 177 287 155 239 97 111 214 401 138 387 103 306 55 379 163 320 91 297 94 179 259 366 72 333 302 395 133 442 119 158 169 212 41 267 103 352 209 279 58 282 133 240 134 278 240 339 211 269 41 348 93 311 122 297 207 326 53 433 153 201 184 356 88 329 74 365 110 452 169 373 168 318 196 171 78 307 249 280 26 393 88 244 156 355 225 247 151 271 147 365 188 296 126 384 104 313 108 218 15 399 27 270 160 261 209 321 175 312 194 266 136 320 32 220 88 384 135 270 49 372 36 259 229 349 238 354 192 306 73 293 173 378 99 362 57 267 85 358 69 320 246 268 122 369 93 317 153 190 302 304 202 369 187 347 193 323 110 320 98 173 217 391 93 294 200 366 25 265 106 252 133 173 131 331 27 120 102 290 198 392 133 284 16 365 210 362 87 344 190 279 171 301 177 256 187 471 34 311 290 365 165 318 204 258 225 225 27 239 219 258 156 279 139 273 44 491 37 290 52 155 172 196 63 213 50 332 139 298 132 327 109 392 139 187 97 335 25 228 203 343 110 440 216 85 171 236 148 388 211 248 242 230 65 213 158 326 86 271 241 157 201 284 125 374 179 269 184 266 154 272 88 321 113 331 85 187 76 222 281 361 87 364 23 448 112 290 263 263 161 277 11 272 287 258 186 140 201 346 192 311 183 45 147 258 120 231 164 299 167 295 95 493 133 319 161 403 154 228 107 254 203 207 126 301 62 322 158 264 203 291 175 323 60 323 88 329 178 239 152 265 122 415 204 298 122 154 103 280 194 414 144 285 141 376 160 273 195 277 261 331 219 239 179 345 247 209 197 237 98 206 167 317 254 35 155 170 119 287 202 356 248 527 34 286 130 173 158 318 183 462 79 356 312 240 52 242 139 391 146 245 123 290 270 466 164 206 117 268 198 278 67 423 138 343
407 213 153 160 364 151 176 168 223 179 187 176 237 134 174 192 474 212 137 152 173 211 179 335 245 158 104 193 228 107 89 215 431 223 332 137 363 38 183 240 256 0 238 229 336 186 149 94 292 123 215 134 273 159 90 82 197 97 168 153 331 148 48 219 275 142 130 178 255 373 82 49 297 175 91 193 312 202 88 82 319 236 235 194 125 227 103 93 334 118 189 190 316 163 135 183 303 166 206 212 401 218 198 210 247 154 53 251 217 114 79 256 365 252 230 98 379 107 284 119 349 197 47 252 258 27 125 155 291 134 303 381 265 59 216 142 324 75 332 237 179 167 203 232 346 156 82 122 246 230 209 221 240 288 150 247 334 195 65 85 274 226 49 193 230 177 198 228 206 234 172 95 230 152 121 278 143 181 143 207 355 169 217 161 269 180 231 231 230 238 110 146 323 110 93 257 200 168 224 173 333 130 219 68 273 167 249 257 397 120 50 198 289 168 187 106 300 229 158 214 236 77 177 299 271 123 121 65 134 204 163 165 346 66 171 317 205 140 82 140 324 136 250 245 177 205 61 202 272 166 79 168 274 29 174 242 374 159 199 125 274 150 165 141 382 172 317 120 246 127 88 106 314 214 70 192 173 214 204 242 376 290 286 74 348 131 344 310 387 36 43 95 230 86 182 32 303 243 132 117 269 258 285 200 204 146 92 92 233 46 210 186 203 193 125 241 266 172 116 224 333 185 251 154 427 88 292 291 163 210 149 125 364 191 68 80 416 126 201 106 321 111 303 17 37 109 98 230 171 154 77 65 305 83 112 182 302 197 159 178 339 96 193 162 352 303 190 134 279 350 166 191 407 49 138 313 267 233 44 8 385 132 176 228 296 261 83 211 161 170 176 156 358 161 109 123 300 285 124 273 333 235 105 181 334 86 159 88 248 228 304 265 222 119 96 266 341 185 214 77 208 132 176 91 408 36 240 290 364 173 289 220 233 69 70 193 256 46 115 237 375 176 140 243 319 76 53 140 324 154 58 195 361 110 157 220 273 156 17 231 306 94 284 264 316 248 27 316 280 83 233 220 316 202 233 258 193 149 80 145 294 104 154 251 199 211 162 120 249 293 92 165 256 140 59 234 221 167 148 298
416 426 207 353 277 360 82 372 191 393 227 253 170 334 141 303 249 368 211 291 154 401 249 336 146 389 202 350 209 309 201 446 370 418 148 282 313 254 274 455 108 238 0 423 298 388 199 296 162 315 51 179 328 256 178 262 202 293 70 366 382 287 197 455 235 327 222 365 267 586 230 197 301 404 212 416 339 384 204 222 264 344 292 225 154 342 137 301 263 272 164 181 314 400 104 405 211 344 122 413 259 373 164 352 17 231 219 418 156 341 256 441 235 469 208 150 275 242 96 296 198 389 196 351 162 263 150 287 238 310 333 433 299 274 94 364 198 309 230 361 267 359 97 454 261 252 156 357 185 384 153 407 203 491 220 422 275 363 174 160 184 366 252 333 98 405 160 316 232 404 281 270 236 311 118 427 235 342 99 414 194 350 192 270 121 410 111 338 244 333 150 347 280 326 216 342 211 355 95 277 187 365 218 278 157 389 139 337 337 353 243 390 289 344 124 311 275 419 125 402 152 279 135 428 175 337 178 275 133 403 109 352 261 178 343 389 273 373 156 362 297 344 12 382 69 247 182 416 197 335 162 386 132 236 69 327 230 228 206 345 134 161 84 322 306 402 79 310 93 364 231 340 194 389 169 332 233 356 79 330 295 503 110 308 385 366 273 399 312 255 198 249 94 259 279 254 260 349 171 300 152 494 103 344 109 203 185 218 156 193 117 370 215 347 130 386 210 402 139 266 200 372 129 276 304 323 217 484 270 166 222 272 254 409 221 197 350 267 71 243 265 335 80 249 239 176 152 349 185 384 174 276 285 281 175 323 196 367 160 367 147 209 139 274 378 431 153 368 115 510 76 340 370 265 105 366 111 340 280 244 293 173 113 396 291 380 156 92 202 308 62 279 272 337 192 319 203 512 126 390 268 438 139 286 213 273 256 229 221 361 166 390 240 294 228 365 283 363 139 315 167 347 240 262 215 261 215 467 311 340 227 236 194 286 199 424 239 279 151 420 265 322 124 347 354 312 222 280 284 367 206 275 304 267 117 282 264 348 229 125 260 183 223 361 303 410 220 545 141 296 219 252 264 366 266 483 65 371 268 283 98 269 189 436 220 311 176 315 343 501 159 261 215 305 182 345 154 397 185 416
331 47 229 72 395 79 342 62 293 62 231 196 323 96 297 151 610 79 219 139 286 23 203 298 348 116 221 87 283 124 223 113 415 6 453 143 362 193 178 60 384 229 423 0 336 43 235 138 390 111 381 363 216 182 247 165 261 138 359 80 243 142 244 149 312 97 205 58 259 167 195 275 279 102 211 80 261 42 220 202 343 146 209 238 269 138 311 136 365 151 288 274 292 150 327 78 366 80 331 20 468 80 294 102 425 206 281 57 316 126 291 31 433 71 286 278 419 181 425 128 439 35 247 159 351 222 273 145 329 113 254 270 239 170 357 98 403 166 390 125 183 66 345 80 383 184 288 143 321 79 311 21 300 68 215 42 354 68 271 272 352 102 187 112 366 101 297 173 242 49 162 155 260 114 314 95 197 89 327 35 451 73 287 167 391 106 359 149 253 164 333 83 334 119 207 177 256 68 363 168 425 210 266 162 371 85 357 185 392 136 194 33 279 79 316 124 308 9 302 22 335 156 303 133 355 107 349 166 291 26 317 71 383 259 82 211 199 131 291 99 320 93 434 106 354 226 284 52 340 90 296 76 389 254 355 177 450 211 260 110 387 269 339 101 396 109 494 116 383 150 193 218 394 45 273 112 216 100 417 173 398 89 418 168 266 140 370 188 399 194 266 174 368 167 172 198 325 150 254 124 370 171 421 103 338 230 238 205 330 257 337 53 255 91 294 92 322 109 285 225 414 51 365 157 471 213 347 63 169 302 213 152 416 66 207 309 409 157 361 180 346 126 461 234 204 247 318 132 259 112 256 165 305 152 248 116 377 65 274 56 464 214 309 163 280 136 297 133 406 132 349 99 376 181 345 231 395 148 191 221 414 253 396 54 287 134 288 355 237 128 367 154 391 86 231 109 369 131 298 140 359 23 289 162 405 155 183 195 294 111 402 126 249 130 195 161 357 62 325 179 300 99 210 163 518 193 291 67 365 87 336 251 300 160 229 113 286 186 272 24 422 113 360 152 254 208 211 146 332 79 287 187 366 156 308 204 284 76 246 349 329 240 333 163 303 64 256 161 390 146 280 234 339 71 235 102 361 95 284 145 436 155 246 28 247 160 262 113 165 82 268 180 307 119 260 143 321 243 248 146
123 370 183 303 68 328 244 326 125 354 150 170 132 305 190 193 341 257 199 226 183 317 165 57 152 390 232 253 112 302 247 427 95 333 207 235 29 313 176 394 193 336 298 336 0 330 188 301 149 290 251 398 122 190 254 275 142 292 287 339 132 227 297 456 68 283 208 297 86 487 257 338 57 392 245 386 87 298 248 255 35 190 129 143 228 198 310 308 49 247 164 154 47 423 283 377 93 278 184 341 153 256 157 234 286 185 368 292 151 352 408 331 129 406 111 267 94 238 223 269 158 314 300 180 136 357 231 219 60 270 90 165 97 312 207 352 127 353 93 213 175 302 209 408 65 192 302 383 116 259 158 314 107 393 187 305 32 272 303 277 115 234 301 228 201 393 159 163 131 290 194 269 106 250 282 272 198 255 271 353 173 285 128 198 184 399 188 187 107 172 349 311 18 326 243 162 136 294 204 190 154 438 118 307 144 367 160 153 62 373 293 316 57 277 194 306 36 327 217 315 148 298 192 246 124 327 388 308 235 333 227 293 65 289 270 160 149 388 307 351 16 321 302 236 262 135 331 367 101 264 322 358 174 359 270 159 149 179 138 342 171 199 256 278 60 396 320 287 206 394 252 423 124 291 298 228 165 236 356 163 65 422 208 355 120 389 46 184 63 316 328 254 204 269 181 320 40 188 211 277 149 491 215 235 197 190 248 245 145 311 188 295 134 248 251 249 90 396 252 123 134 301 169 210 139 406 83 372 196 148 188 239 101 372 269 371 81 234 236 239 36 345 269 353 304 234 335 204 169 383 273 308 33 294 231 229 112 274 192 302 220 240 178 200 105 247 170 385 196 340 272 241 76 312 314 128 194 188 344 334 81 211 369 283 49 212 302 211 176 224 289 212 66 274 229 297 103 466 257 213 40 359 272 189 118 281 190 251 92 225 152 224 115 267 243 183 28 284 167 371 149 333 164 266 236 323 101 334 30 264 71 116 116 318 268 414 80 339 242 317 101 234 349 185 103 393 284 230 15 339 360 164 31 251 224 138 63 299 344 174 39 246 75 180 34 282 344 497 166 315 105 121 35 267 112 435 249 358 413 227 230 258 184 328 137 178 181 293 173 411 267 188 91 256 297 194 151 481 191 227
341 42 202 35 386 35 309 19 272 28 210 177 301 55 268 139 586 81 190 115 258 32 183 299 325 81 187 78 265 83 188 98 415 38 428 116 358 151 162 70 358 186 388 43 330 0 207 97 369 73 348 320 217 160 211 127 240 98 322 37 253 117 203 131 299 63 176 33 249 198 158 233 275 72 176 58 263 40 184 166 333 148 202 218 236 138 272 94 355 119 262 250 290 118 290 51 350 54 303 26 453 85 269 100 391 181 238 85 292 83 248 73 418 84 268 241 409 148 397 93 420 22 206 164 329 179 239 122 316 80 255 287 234 128 327 56 385 123 375 130 165 32 315 79 372 161 249 103 301 90 286 43 281 104 189 74 346 61 230 233 333 107 146 102 338 72 272 169 224 70 144 118 245 89 276 123 170 75 290 27 431 47 266 146 365 78 331 148 239 163 292 42 327 76 172 179 236 39 334 149 405 172 248 120 348 50 333 186 389 94 153 22 273 55 287 82 300 45 270 36 312 115 274 158 335 64 307 124 257 18 284 41 372 220 61 224 186 93 251 57 314 50 399 118 319 210 242 37 322 68 256 39 365 211 320 176 434 187 239 67 363 239 304 68 390 79 461 78 355 111 157 177 376 53 233 103 194 100 378 172 391 115 392 124 275 101 361 204 393 152 224 139 339 130 155 156 315 153 223 88 347 162 394 97 309 202 203 170 306 216 309 36 235 83 258 105 305 79 249 213 396 29 340 134 461 171 332 104 148 279 187 122 403 42 169 266 407 128 328 147 336 83 431 191 163 213 277 134 233 77 218 123 298 111 214 102 359 59 245 29 440 180 282 142 288 161 271 95 379 174 313 90 378 139 306 239 368 148 147 179 405 222 356 70 281 146 248 325 212 110 331 132 381 60 198 70 352 140 263 155 349 51 252 146 389 117 160 160 278 115 381 141 234 95 161 169 349 46 299 136 276 56 190 127 497 150 273 109 360 68 322 235 281 118 191 90 273 143 237 59 410 98 319 155 259 166 172 120 325 37 244 172 361 123 276 194 274 41 203 323 319 205 318 170 299 88 213 172 366 104 262 220 329 68 223 108 328 55 241 119 408 120 219 69 227 153 234 74 167 113 231 159 290 90 220 144 296 207 219 167
270 249 8 172 217 187 117 194 77 221 43 56 100 160 63 104 378 171 18 97 51 212 53 193 119 237 45 154 80 143 60 287 282 230 222 92 215 130 76 278 150 149 199 235 188 207 0 136 165 141 151 224 148 58 69 102 48 129 148 197 208 93 110 308 127 145 32 178 110 402 75 152 154 246 59 250 177 193 61 71 170 147 108 48 55 143 137 144 186 90 55 47 172 262 126 239 161 156 96 229 264 175 63 154 197 32 181 221 86 191 221 248 227 292 82 90 233 66 190 118 220 202 113 156 126 172 60 91 143 128 168 261 129 135 122 202 189 179 190 162 69 176 111 283 199 54 123 218 105 186 79 216 93 303 21 227 185 170 119 97 136 167 119 135 131 247 66 121 60 209 82 102 82 121 118 228 38 148 118 234 229 163 71 72 158 253 124 141 84 138 176 172 174 167 59 150 52 170 128 78 205 261 70 133 145 225 126 146 248 210 110 204 144 156 82 147 152 229 74 213 106 126 69 230 135 174 212 132 74 219 90 167 199 104 153 205 81 228 128 201 176 175 209 183 133 65 148 241 129 145 142 218 158 171 137 134 240 30 50 186 156 38 119 140 233 247 262 136 148 228 71 243 179 196 116 134 38 158 219 136 228 321 184 179 219 226 196 209 238 133 142 80 133 96 80 136 154 152 33 125 142 347 186 146 103 5 61 60 102 125 102 182 54 151 86 187 119 247 81 87 199 185 133 80 284 224 147 292 71 74 23 86 221 239 83 188 267 80 130 67 173 184 227 166 119 49 160 150 27 230 89 133 158 125 47 126 164 173 40 181 233 54 75 76 219 233 63 224 172 311 134 144 260 132 155 190 161 142 163 148 238 32 216 200 150 182 123 121 12 111 154 83 211 149 41 147 160 344 93 192 185 253 99 87 196 112 57 69 100 162 178 191 76 115 62 170 192 173 92 195 71 183 45 95 292 141 92 270 215 148 142 74 88 144 80 269 107 159 67 228 231 126 187 151 188 212 97 88 175 197 174 79 212 89 82 94 126 167 156 116 157 60 138 167 170 213 156 378 160 146 84 78 167 171 93 312 134 209 225 90 201 95 11 243 51 114 27 142 149 316 86 62 108 118 112 148 91 303 14 219
346 130 134 67 344 64 220 78 212 97 156 131 236 42 189 122 509 121 119 80 181 118 136 285 254 101 103 103 210 14 98 154 394 132 355 68 329 56 127 159 280 94 296 138 301 97 136 0 301 30 260 226 210 110 119 36 179 9 228 70 263 78 107 172 252 49 105 85 215 292 69 138 252 112 89 121 255 109 95 77 293 158 180 165 149 148 175 7 313 54 191 183 270 127 195 109 295 73 225 123 399 128 199 124 301 121 147 158 222 55 165 163 362 173 212 147 364 71 316 35 356 105 110 176 262 93 152 86 270 45 246 309 213 34 245 69 325 56 323 154 126 73 232 158 327 109 152 83 240 139 215 128 225 201 124 154 308 102 134 139 271 139 50 109 258 113 201 160 174 141 110 35 199 67 181 186 107 92 197 120 365 76 205 103 290 119 253 155 196 165 196 55 292 32 86 184 179 75 253 113 341 139 195 25 281 93 261 187 363 74 57 106 246 75 207 15 266 136 186 121 242 18 195 210 271 41 213 29 168 114 198 72 328 124 79 243 153 92 155 67 286 48 308 157 228 166 146 120 264 76 159 90 291 121 228 173 376 127 180 51 290 160 213 49 355 112 371 28 274 94 70 129 315 120 137 109 139 126 281 171 353 208 314 58 283 90 321 231 360 58 128 56 258 41 122 62 275 166 141 29 278 211 315 114 229 131 113 84 238 120 230 93 179 105 167 151 251 112 157 178 335 92 267 92 415 114 279 200 106 210 122 62 354 113 75 173 382 67 241 70 296 48 346 102 66 126 180 150 164 95 123 28 268 15 128 99 299 104 167 84 365 94 206 102 290 214 197 88 303 257 220 104 363 44 210 245 291 156 64 86 365 140 259 135 254 177 152 242 144 92 237 91 338 69 113 29 295 217 170 189 309 147 158 117 331 25 111 73 227 142 314 178 189 37 77 188 313 92 225 75 207 51 138 41 427 58 221 197 331 82 272 188 222 27 97 134 228 58 148 144 363 93 223 166 257 103 76 72 291 71 151 139 329 50 190 166 238 63 110 248 279 115 268 186 274 155 120 250 295 16 211 180 290 110 189 187 239 76 161 77 327 43 146 159 173 142 161 27 175 209 137 113 238 56 123 156 226 182 144 211
272 410 168 334 116 352 137 357 98 385 160 194 68 325 119 242 223 317 183 254 122 368 188 198 48 402 202 304 109 309 212 452 209 386 67 253 157 286 213 439 55 292 162 390 149 369 165 301 0 306 123 303 222 209 203 266 129 294 175 362 261 252 245 473 101 308 197 337 154 556 236 273 172 411 217 415 213 348 214 230 113 267 199 153 168 269 224 309 106 254 111 119 178 427 187 404 55 315 87 388 112 319 102 296 147 188 303 364 80 356 346 397 80 453 107 198 114 231 75 282 57 360 247 266 40 319 167 247 96 291 210 305 188 296 89 368 38 340 68 290 208 337 99 446 101 208 228 382 70 327 87 370 94 457 181 373 120 323 237 211 43 303 277 281 76 412 100 234 150 355 228 267 137 280 194 358 199 301 174 395 64 322 103 224 41 418 68 262 145 250 259 336 131 333 219 251 134 330 82 223 41 417 126 296 21 390 44 243 177 374 267 362 161 314 106 313 136 383 136 368 59 290 115 345 37 339 297 294 160 378 135 328 101 229 310 279 196 393 232 366 152 340 162 314 150 166 261 404 59 302 245 383 30 305 158 240 83 182 130 352 28 146 151 303 146 413 172 301 71 392 233 397 32 348 232 280 175 299 232 243 133 479 60 340 257 390 115 297 152 288 267 245 78 261 219 290 116 269 165 290 24 512 67 291 92 170 203 221 64 253 85 339 136 300 173 323 80 413 179 175 44 344 44 235 149 378 68 442 222 91 183 249 93 403 239 295 190 244 118 232 113 349 121 309 272 186 250 277 138 396 215 295 147 289 183 275 38 325 137 341 80 212 100 227 245 348 106 389 49 438 164 292 214 291 212 250 51 263 319 294 131 165 256 347 159 300 227 94 159 262 174 238 111 309 193 312 46 508 176 306 113 411 196 229 52 276 209 231 105 296 12 312 146 279 226 276 128 330 79 354 94 348 180 260 128 296 105 413 155 305 83 144 91 306 225 434 120 316 177 379 105 277 247 266 230 365 249 249 136 362 291 206 147 254 138 196 139 329 293 63 114 201 81 273 164 354 288 541 21 310 115 162 115 321 168 476 132 375 355 249 82 260 155 393 144 239 141 307 257 472 203 211 93 280 237 269 75 458 157 328
326 111 137 40 338 47 236 57 212 81 153 123 239 20 199 103 518 92 123 64 189 91 129 269 260 101 115 74 208 18 115 147 381 106 362 56 319 85 114 141 289 123 315 111 290 73 141 30 306 0 276 255 192 103 137 54 179 27 249 56 241 63 132 170 247 20 109 56 204 271 85 166 238 107 104 109 238 80 111 93 286 134 165 161 164 124 200 32 307 51 196 186 256 133 217 98 293 43 234 98 398 98 204 96 318 119 177 128 227 63 195 135 362 155 210 167 359 77 327 23 359 77 136 152 266 123 167 71 265 21 228 285 199 64 257 64 326 81 321 127 115 46 245 143 322 103 177 94 241 109 220 99 224 177 125 124 300 72 159 161 273 111 78 83 268 108 206 141 169 111 96 45 193 44 203 156 107 63 217 99 369 46 206 92 298 114 263 131 189 143 223 32 283 38 100 162 177 45 264 101 344 158 192 55 285 84 267 166 352 84 83 79 234 45 217 22 256 109 199 94 247 46 205 181 273 37 242 59 184 89 212 42 322 148 49 219 141 98 180 62 275 34 326 128 246 158 174 102 263 47 185 77 298 151 247 152 376 126 179 52 297 169 231 20 347 109 388 5 285 106 84 152 316 91 162 83 135 98 305 150 345 188 323 82 262 99 314 205 351 87 156 67 269 57 109 92 268 141 152 16 283 208 325 86 239 136 130 98 242 146 240 63 177 76 185 122 249 109 176 167 336 63 274 80 411 139 277 174 95 214 123 57 351 99 96 202 370 62 256 76 289 57 360 132 94 140 207 124 168 94 145 58 257 42 142 75 300 74 176 56 373 107 214 90 270 185 203 95 312 227 240 76 348 74 233 224 300 132 93 116 359 151 285 105 242 150 177 254 147 71 257 79 332 39 126 7 294 204 189 162 302 123 179 102 331 44 103 87 223 115 318 150 182 26 88 163 305 62 232 99 211 44 133 53 433 88 218 168 320 53 268 182 221 57 118 130 222 88 164 116 359 69 249 142 238 129 100 61 282 56 180 127 320 52 204 153 229 35 140 256 272 132 264 162 261 125 149 238 301 44 207 171 283 80 178 173 255 70 191 64 338 48 152 131 170 122 167 4 152 186 158 104 235 35 148 131 231 200 151 183
367 387 159 313 236 322 40 333 140 356 177 205 121 295 91 255 260 322 165 246 104 358 200 287 99 357 161 305 158 272 162 412 327 375 130 238 267 224 226 416 69 215 51 381 251 348 151 260 123 276 0 187 277 209 141 224 151 255 58 329 331 242 169 425 186 286 177 323 216 546 192 180 251 370 172 381 288 341 165 184 218 295 241 175 112 293 121 266 218 230 113 131 264 372 83 369 168 301 72 372 230 327 113 305 46 183 207 372 105 308 248 397 201 431 158 118 237 201 76 255 169 347 169 301 116 241 109 241 191 269 282 382 248 241 44 328 161 280 189 313 219 318 46 418 219 205 135 327 136 337 102 364 153 449 172 377 229 319 151 130 139 318 220 286 51 371 109 266 181 359 233 231 185 268 95 379 188 297 73 374 168 308 141 223 83 377 63 289 193 283 147 308 233 291 176 292 161 313 47 229 155 344 167 245 114 353 93 286 293 322 210 348 239 302 74 274 225 376 79 360 103 244 85 379 130 301 182 242 92 362 64 310 219 150 300 338 223 342 137 327 248 307 59 334 39 196 166 378 150 292 146 350 94 218 44 277 201 180 155 310 95 114 50 281 264 369 113 271 52 335 192 320 155 345 145 286 183 309 109 279 253 463 84 279 335 336 229 348 270 225 178 209 48 220 231 225 212 300 127 260 109 465 80 297 58 156 147 178 107 169 66 328 164 302 94 339 162 369 104 215 166 330 85 230 271 302 171 441 223 115 174 229 216 373 185 191 308 223 21 201 218 302 88 228 208 135 143 300 135 351 142 243 236 245 134 277 155 322 111 325 133 169 88 227 328 382 102 337 83 463 52 295 324 233 98 315 76 291 252 219 253 128 133 351 241 330 134 41 154 262 54 233 230 295 151 281 160 477 92 340 223 397 110 238 176 235 209 189 170 314 131 341 189 253 188 315 237 320 88 289 116 311 191 223 204 232 164 421 266 296 180 185 144 254 164 392 189 251 112 376 228 276 129 298 303 291 189 236 236 330 194 226 259 226 72 231 214 308 209 77 212 145 176 311 254 364 201 510 103 262 168 201 217 321 215 446 22 336 259 239 84 228 141 392 170 262 127 276 293 461 127 214 165 262 156 296 104 380 137 366
493 346 231 293 404 285 166 301 273 312 266 272 273 268 208 304 428 339 221 270 215 344 272 415 265 284 190 320 286 240 177 339 487 357 317 256 421 170 286 371 252 134 179 363 398 320 224 226 303 255 187 0 370 261 157 207 261 228 130 287 430 266 130 336 330 273 222 311 332 504 191 89 375 303 187 323 401 335 178 186 372 350 330 270 172 343 88 227 380 238 234 245 392 280 118 314 336 297 223 346 414 346 241 334 194 245 83 382 251 245 97 389 383 384 287 134 411 216 262 247 354 330 126 364 282 145 169 271 342 263 392 483 353 192 214 274 341 204 362 357 280 299 205 362 386 256 100 246 286 358 243 354 291 421 236 379 386 324 109 127 304 350 178 315 228 304 239 334 282 365 280 220 301 277 116 406 238 308 131 340 355 301 269 268 267 307 236 345 305 348 49 280 382 244 191 364 268 300 222 280 340 225 285 201 289 298 264 362 452 247 174 332 364 298 208 239 365 362 182 347 262 209 207 423 297 256 13 197 163 338 175 297 386 124 301 423 301 265 95 273 390 270 189 369 153 289 84 335 309 295 82 300 276 111 146 348 385 247 264 257 277 200 152 271 429 298 251 252 236 248 196 199 333 345 110 314 259 338 110 349 420 422 271 202 443 255 391 422 435 169 100 211 226 208 287 164 359 357 192 246 284 372 266 323 214 224 167 191 262 113 223 318 271 319 147 367 312 299 147 311 347 318 260 266 452 187 331 424 269 251 236 243 392 323 174 54 469 241 186 216 373 243 259 131 162 175 64 348 232 281 138 198 373 213 177 304 327 327 207 310 319 188 222 271 443 427 228 259 270 481 140 316 473 182 91 412 261 346 175 141 424 193 71 359 369 380 101 209 234 289 133 268 398 291 187 255 329 410 141 392 382 369 127 289 354 214 261 195 305 350 313 386 297 246 200 379 393 317 239 200 249 266 265 214 389 170 297 423 421 301 335 294 282 202 158 317 320 178 159 370 404 299 58 357 411 182 162 257 384 287 76 294 416 230 175 315 342 289 117 244 361 167 330 376 388 377 107 439 285 216 294 301 370 331 316 386 173 281 110 262 268 226 222 385 272 321 220 253 359 426 137 267 308 266 119 349 252 245 214 418
136 254 140 194 187 221 253 216 140 243 107 99 168 202 190 89 440 138 149 131 178 199 98 82 198 285 181 138 123 207 195 315 199 214 289 144 147 241 90 275 243 273 328 216 122 217 148 210 222 192 277 370 0 114 213 196 127 202 291 231 60 133 247 347 122 179 149 184 68 364 191 292 65 284 188 274 47 180 195 193 137 70 41 106 203 79 285 217 160 161 165 147 77 320 273 266 178 169 207 223 268 137 164 117 321 126 317 170 175 255 351 209 237 287 124 238 212 166 283 176 255 198 250 58 190 288 208 125 134 171 38 113 34 232 236 248 219 267 195 92 94 192 232 292 178 118 270 286 157 138 177 195 133 271 134 184 146 156 263 243 179 114 228 116 238 284 168 51 97 169 103 185 93 148 266 150 133 143 264 237 269 174 138 113 242 291 225 69 85 54 324 205 125 229 184 40 117 183 238 100 245 349 110 225 207 259 208 32 176 275 224 199 70 167 205 212 101 207 213 197 187 214 196 128 186 227 358 227 220 217 228 183 178 247 160 61 70 287 275 247 106 217 336 114 271 85 290 252 163 156 288 248 235 300 277 41 257 123 123 241 233 180 260 175 182 289 375 190 251 297 185 339 212 173 260 115 111 118 364 45 186 301 271 268 75 290 162 75 185 244 281 179 241 191 92 248 122 67 181 183 209 378 277 120 219 147 204 184 181 264 213 181 114 134 233 127 142 289 230 63 229 187 218 121 261 324 160 250 110 164 134 153 214 259 207 330 193 150 257 167 140 249 329 289 237 196 307 84 149 279 233 227 95 209 194 120 194 158 177 189 302 184 189 112 80 130 176 285 257 222 275 128 161 236 303 42 250 69 267 269 203 180 364 163 77 90 269 238 139 120 296 121 183 166 183 198 185 348 241 92 152 239 247 94 216 198 114 185 119 105 231 102 88 173 178 62 147 170 192 286 163 230 105 186 337 250 121 212 150 153 145 92 140 233 216 305 102 261 215 196 217 126 335 64 47 312 222 140 121 231 313 79 152 168 222 55 85 191 285 212 126 203 145 58 88 160 289 377 231 226 114 77 134 150 63 317 266 252 353 135 293 175 153 207 109 69 161 195 51 289 233 108 130 157 254 74 179 392 160 109
247 202 50 126 235 146 174 150 112 178 51 20 142 120 119 48 428 114 47 45 107 160 26 179 166 204 71 98 106 112 84 248 284 177 270 47 219 129 25 230 203 159 256 182 190 160 58 110 209 103 209 261 114 0 105 87 80 102 202 157 173 43 134 273 144 101 40 128 105 349 78 179 143 209 75 209 153 140 83 79 183 93 76 59 107 88 181 118 204 56 106 92 162 234 178 198 191 106 151 178 296 118 112 97 254 26 204 164 134 163 238 192 260 244 108 135 256 53 244 81 260 151 138 105 169 176 112 38 161 85 144 224 107 124 178 167 226 163 218 106 20 128 168 238 219 5 162 193 141 128 129 162 122 250 37 170 198 115 152 136 173 109 116 78 187 210 116 73 66 152 24 79 90 71 168 170 24 93 172 186 271 113 106 15 209 216 178 87 86 87 216 130 182 137 71 103 76 121 184 21 245 248 89 118 189 186 175 102 252 183 111 153 137 105 138 117 156 175 131 160 153 108 126 174 175 140 248 119 128 169 147 119 219 136 101 163 46 200 167 165 176 136 266 126 190 56 179 195 162 93 179 178 207 186 193 88 275 30 79 154 205 96 176 96 245 212 320 99 203 204 72 235 216 141 151 77 34 101 272 88 243 270 236 165 189 199 211 161 249 132 168 67 189 81 26 136 165 99 86 89 188 310 240 89 159 54 95 71 148 151 157 130 76 95 138 130 147 212 131 69 236 135 183 26 308 218 174 237 14 120 35 49 248 196 94 218 271 44 188 53 186 156 282 176 124 92 199 95 78 197 124 119 158 104 91 70 199 118 98 132 282 73 129 19 192 178 116 196 224 254 189 87 254 126 204 154 213 89 158 156 256 85 265 144 145 127 162 177 57 55 210 28 229 100 76 110 193 299 144 138 199 202 145 31 230 91 1 72 121 105 221 135 79 78 64 120 203 121 144 182 118 147 30 77 337 138 115 214 220 96 165 79 121 128 104 232 119 152 116 173 256 70 232 98 159 205 108 42 181 157 200 35 219 61 139 61 128 121 171 168 169 95 162 116 165 155 175 332 208 124 104 69 180 115 79 267 192 173 239 41 255 68 68 188 68 61 83 106 99 264 128 6 133 72 143 93 139 291 72 164
339 248 75 176 276 182 101 194 135 216 111 115 148 156 85 151 395 201 64 124 83 225 115 262 156 215 34 181 143 131 25 271 348 241 247 112 280 86 130 277 170 90 178 247 254 211 69 119 203 137 141 157 213 105 0 84 113 115 112 189 273 120 44 285 190 150 65 189 179 409 52 84 223 229 37 240 245 210 27 45 234 197 172 116 36 191 76 124 248 98 100 103 241 233 81 228 214 169 118 236 311 206 109 190 182 88 114 249 128 167 155 267 276 291 145 32 290 70 203 119 260 212 47 210 169 115 37 123 205 134 236 326 197 101 132 187 234 141 243 207 124 182 119 277 258 101 57 187 157 218 119 232 153 314 79 250 249 192 50 31 184 205 79 170 146 230 109 178 129 234 127 92 150 139 68 265 82 171 80 236 266 175 130 114 182 235 144 191 153 192 111 169 240 149 41 208 118 179 140 125 244 215 136 103 184 212 160 206 313 182 69 214 213 170 99 133 219 243 72 227 146 102 88 275 181 160 145 101 51 226 81 176 258 35 170 267 143 202 62 185 243 167 189 223 109 133 79 238 183 162 75 209 186 107 109 192 285 90 116 169 186 60 94 146 296 228 252 133 162 196 54 193 224 217 47 169 103 194 174 193 289 325 202 141 286 196 258 267 301 87 74 73 146 81 131 88 219 204 44 123 180 324 202 180 118 68 10 43 144 57 122 195 121 180 48 224 178 228 39 155 243 197 162 115 338 174 203 309 115 121 79 100 275 232 44 119 332 96 124 70 236 161 228 106 70 20 95 197 85 210 20 102 225 104 23 159 213 195 69 190 255 36 103 118 287 279 100 197 193 346 102 174 328 93 102 255 182 193 117 91 298 44 161 226 219 230 56 128 80 143 120 118 270 162 30 142 211 336 52 241 247 261 43 135 244 95 105 52 163 203 216 237 145 117 53 225 256 189 125 153 118 170 108 84 322 95 155 296 281 168 202 142 146 113 24 250 174 115 30 247 286 156 128 203 255 162 49 111 241 189 106 137 277 92 73 158 194 171 93 143 221 10 197 221 238 242 91 369 192 121 149 146 231 196 161 306 120 195 160 116 213 92 70 262 120 166 74 137 204 324 23 111 170 131 43 197 132 255 63 268
332 164 101 94 314 98 184 110 179 132 127 106 202 72 153 111 472 133 85 70 146 144 111 265 219 137 67 113 179 47 62 190 369 160 319 55 304 46 108 193 244 82 262 165 275 127 102 36 266 54 224 207 196 87 84 0 147 31 195 105 252 66 80 208 223 69 72 109 190 325 33 118 230 148 53 157 238 131 59 41 265 154 161 135 113 145 146 43 283 36 156 149 248 160 162 145 262 91 189 153 366 139 164 129 266 91 134 176 187 89 161 188 329 207 181 113 333 38 280 40 322 131 83 170 228 93 116 74 240 57 229 301 194 37 209 105 291 79 291 155 105 100 196 193 297 84 123 116 207 151 179 152 193 231 92 175 280 118 106 106 238 145 34 110 221 149 166 148 146 159 93 13 171 70 149 199 78 102 163 152 330 96 173 83 254 155 217 149 169 157 171 86 265 68 50 176 148 98 216 96 306 163 165 32 246 130 225 177 337 108 34 133 223 93 171 50 240 163 149 147 207 24 158 218 237 77 193 33 132 143 162 95 298 94 94 236 132 127 127 103 261 83 273 164 193 140 124 154 231 88 133 125 256 111 193 162 342 98 149 87 255 124 178 66 327 148 336 50 238 126 34 148 281 141 108 110 111 132 251 161 324 241 277 80 270 124 292 228 332 49 107 22 222 6 105 53 247 161 105 41 243 247 278 118 192 98 77 48 203 95 194 115 149 113 132 160 220 148 123 155 301 116 231 75 384 131 247 228 86 176 91 44 322 148 41 156 356 46 205 37 267 83 310 96 47 90 155 148 129 131 91 33 243 23 92 100 266 121 131 109 329 57 170 84 276 222 161 122 267 275 186 110 341 40 179 234 255 151 71 77 336 104 232 153 231 179 123 206 111 88 203 76 308 85 77 58 262 253 136 191 280 178 125 102 298 11 87 36 197 146 279 183 161 40 41 184 285 112 190 96 173 87 111 10 392 54 190 219 305 94 241 160 189 43 64 171 200 66 112 168 332 94 196 161 243 119 46 58 265 105 135 120 303 28 153 147 212 89 98 212 251 79 237 182 251 171 105 286 259 44 180 154 262 124 165 222 203 113 160 64 291 22 112 183 143 131 125 53 167 240 104 90 207 59 95 152 191 206 109 216
234 281 46 205 169 224 127 229 33 257 31 65 62 198 64 115 350 190 63 124 52 239 59 154 88 279 93 176 32 185 107 326 235 257 192 125 168 178 85 310 129 197 202 261 142 240 48 179 129 179 151 261 127 80 113 147 0 171 165 234 183 122 156 349 79 179 75 208 72 427 122 196 115 286 107 287 145 219 109 119 123 148 90 25 89 148 172 187 139 128 38 21 132 306 152 276 115 186 82 258 220 192 39 169 196 60 226 238 57 234 267 269 183 323 34 128 186 109 170 156 181 231 159 152 90 219 92 118 95 163 137 236 100 181 112 242 147 225 144 168 79 208 106 318 151 79 162 262 62 201 55 241 46 328 55 246 138 194 162 137 94 179 167 153 117 286 43 117 30 228 99 145 40 151 148 237 73 172 141 266 191 193 27 94 132 293 106 142 46 134 212 208 127 209 106 141 9 201 115 94 166 308 24 179 109 263 97 135 201 253 158 232 104 185 78 189 106 254 88 239 75 171 69 231 95 214 249 179 100 249 102 199 151 147 181 188 74 272 167 241 131 213 210 191 145 45 190 275 85 173 182 256 129 218 151 126 197 53 4 228 127 61 134 174 185 288 254 175 132 273 118 291 137 219 157 152 46 173 239 129 180 350 161 226 190 270 148 197 191 181 187 125 119 141 91 184 106 152 70 163 108 387 165 163 94 52 106 108 69 170 89 210 13 172 115 199 72 288 114 64 158 215 106 106 237 272 100 315 92 43 57 122 175 275 131 230 220 117 131 110 125 227 212 214 167 92 197 156 28 272 132 179 113 169 89 147 121 197 54 212 204 101 63 98 187 234 49 267 147 320 150 164 215 180 183 166 138 144 211 195 190 69 243 219 109 183 162 113 37 133 170 108 163 180 88 186 116 379 122 192 137 281 134 101 152 156 79 116 52 172 141 194 40 153 109 165 144 200 70 242 41 222 51 139 257 188 44 287 168 175 95 36 43 190 127 309 61 206 102 250 184 148 217 149 158 259 145 121 128 235 218 81 165 130 97 80 82 201 203 94 109 105 90 161 127 228 202 412 129 190 37 50 120 193 64 347 140 249 272 120 181 136 43 265 18 116 41 181 144 343 126 82 61 151 156 150 61 351 50 217
338 133 127 66 336 67 215 80 204 101 148 122 229 43 183 114 502 116 111 71 175 117 128 277 247 108 97 98 202 16 94 160 385 132 348 59 321 59 118 162 274 97 293 138 292 98 129 9 294 27 255 228 202 102 115 31 171 0 225 74 255 69 106 179 244 46 97 83 206 295 64 139 243 118 84 126 247 107 90 72 285 151 171 156 144 141 174 16 304 46 184 176 261 135 193 114 287 69 219 124 391 123 192 117 297 113 150 155 215 62 170 162 354 176 204 144 355 63 311 27 349 104 109 168 255 99 147 77 261 39 237 301 205 38 239 75 317 65 315 147 117 72 227 162 319 100 151 92 232 134 208 126 217 202 116 151 299 98 133 136 264 133 50 102 252 119 194 152 166 138 101 27 191 60 179 182 99 86 194 122 358 73 197 94 283 125 247 147 188 157 196 56 283 39 80 177 171 72 247 105 333 147 187 29 274 99 254 179 354 82 56 105 238 71 201 19 257 136 180 120 235 20 188 205 264 46 215 33 163 114 193 70 319 122 75 235 145 100 154 73 277 52 304 151 224 158 147 123 256 70 159 94 285 124 224 165 368 119 172 58 284 153 209 44 346 119 367 24 269 103 64 137 307 118 136 102 131 120 280 163 344 211 307 66 275 99 312 224 351 60 129 49 253 35 114 65 267 158 135 22 271 218 309 107 223 124 108 78 231 120 224 91 171 99 163 146 243 119 154 170 327 90 260 83 407 122 271 200 97 203 114 53 346 117 72 175 373 58 237 62 287 56 341 106 67 121 181 142 156 102 121 32 259 14 123 92 292 100 161 83 358 88 199 94 282 209 190 96 297 254 217 98 354 47 208 237 285 148 70 90 357 134 259 132 246 170 151 236 137 85 234 83 330 65 107 29 287 222 167 183 301 148 155 109 323 20 102 67 219 136 307 172 180 29 70 180 304 89 219 84 200 56 130 34 420 62 213 195 322 77 264 180 214 34 94 141 220 64 143 143 355 86 223 159 249 111 74 64 283 74 153 131 321 42 184 158 229 62 113 241 270 111 260 179 265 151 122 255 288 24 202 171 281 106 180 191 234 82 167 68 322 35 139 157 165 134 154 25 167 211 134 104 230 48 122 148 219 191 137 205
396 358 156 288 282 292 43 305 166 326 184 204 156 267 102 250 313 309 156 232 114 337 201 315 142 319 140 290 182 241 136 376 370 353 188 221 307 184 224 387 123 168 70 359 287 322 148 228 175 249 58 130 291 202 112 195 165 225 0 299 348 227 127 385 219 262 165 301 237 520 164 128 276 334 148 347 310 321 139 156 256 294 251 184 95 290 68 233 261 209 130 145 292 330 34 336 213 281 103 347 285 314 134 296 79 179 153 359 136 271 192 378 255 401 182 82 286 180 134 231 225 324 126 304 159 193 91 229 228 246 302 401 265 204 87 295 213 238 237 309 216 293 80 386 264 198 86 286 171 326 129 343 182 426 167 361 270 302 104 90 182 310 183 276 100 336 130 269 193 344 227 204 205 250 48 371 179 281 32 347 225 287 164 215 138 340 109 288 211 285 90 281 269 257 152 298 174 290 94 224 210 296 186 209 163 320 138 293 335 283 174 326 264 281 93 243 257 355 78 339 141 211 98 377 174 268 125 206 74 338 64 287 264 108 281 350 227 303 86 293 282 277 82 327 25 206 113 348 190 273 93 318 147 167 18 282 256 177 169 276 148 111 32 258 309 332 149 244 107 293 166 271 206 328 99 275 185 300 73 284 299 436 142 238 355 296 272 356 315 185 128 185 97 192 227 184 247 300 116 235 157 424 138 286 91 151 120 154 143 122 101 306 178 288 66 330 197 332 75 227 219 308 133 219 324 253 212 420 215 140 169 210 267 341 154 134 351 205 58 180 257 266 139 179 169 114 86 297 142 314 105 207 267 213 114 266 203 305 114 302 191 146 110 219 351 380 121 298 140 454 15 282 362 195 40 331 131 290 209 173 301 118 83 336 268 329 85 82 154 250 9 222 276 274 131 253 206 443 61 340 264 372 71 233 227 206 202 164 198 307 184 338 205 229 164 318 277 301 120 245 140 279 192 196 262 191 191 406 306 278 219 201 172 217 131 354 216 209 88 358 279 263 72 298 323 242 153 220 272 299 139 227 300 203 69 239 240 283 159 119 248 118 214 315 284 351 150 476 156 227 191 214 255 306 229 414 44 302 203 224 141 204 140 373 182 261 130 248 297 435 91 208 197 242 112 295 136 329 134 366
361 61 193 38 390 11 289 21 267 27 207 176 295 37 254 147 574 105 179 114 245 68 182 312 316 54 170 96 262 58 167 91 427 75 418 110 367 121 164 89 345 153 366 80 339 37 197 70 362 56 329 287 231 157 189 105 234 74 299 0 274 115 176 118 300 57 165 52 254 223 138 201 285 54 157 53 278 71 164 146 337 166 211 216 218 156 244 66 359 107 252 242 301 91 266 42 348 63 290 61 453 110 260 120 371 175 204 120 283 46 212 110 416 103 265 217 412 133 383 79 415 56 178 183 322 144 221 122 317 72 269 312 244 98 312 21 381 86 375 152 166 41 300 88 375 157 221 68 296 118 276 79 278 134 181 110 351 82 202 209 328 130 118 116 324 54 263 181 223 104 146 99 246 89 251 156 162 89 267 53 425 58 261 145 354 61 319 165 241 179 261 28 333 43 154 197 232 49 319 151 400 137 246 91 341 29 323 203 399 58 126 56 282 65 273 56 306 82 254 72 303 88 260 189 329 31 274 95 237 54 266 49 375 193 72 247 191 61 223 21 323 23 378 144 298 211 212 50 319 76 226 21 355 177 298 190 431 181 235 31 353 225 283 62 397 58 441 61 341 77 138 141 371 84 206 116 190 121 350 187 396 139 379 88 296 67 366 229 401 121 193 121 325 109 158 124 319 172 208 72 339 154 381 114 295 192 182 152 298 187 296 59 232 100 237 133 303 58 227 217 392 53 330 132 464 134 331 139 147 270 179 112 405 43 145 233 418 118 310 132 340 46 414 157 133 194 247 154 224 48 194 94 306 85 196 112 355 82 232 48 429 161 270 142 307 193 260 61 368 211 291 105 392 108 279 258 356 166 113 146 410 206 326 102 290 171 221 309 203 115 307 130 385 66 180 50 349 148 241 181 354 82 228 150 386 94 157 140 277 137 374 167 235 82 143 191 355 67 288 99 267 21 187 107 489 118 272 146 369 78 322 235 277 86 168 76 275 109 217 95 412 106 290 174 276 129 146 115 331 1 211 176 369 108 258 200 279 40 170 312 323 185 318 191 308 121 180 182 357 73 261 223 334 91 228 117 308 22 205 116 394 104 208 106 224 164 223 55 185 140 207 157 289 85 192 163 288 175 207 197
88 285 200 236 199 263 310 256 191 281 167 159 216 249 247 142 470 172 209 184 235 230 159 76 245 328 241 178 174 258 255 350 183 242 326 198 149 298 148 303 290 331 382 243 132 253 208 263 261 241 331 430 60 173 273 252 183 255 348 274 0 187 306 384 160 226 209 223 116 373 250 352 89 324 247 310 48 214 255 252 159 108 101 165 263 119 345 269 179 216 220 204 88 364 332 304 211 212 260 254 285 168 219 154 374 186 377 190 227 303 410 229 260 313 174 298 225 225 328 228 285 232 310 91 234 345 267 179 166 221 51 53 84 287 289 292 251 319 220 123 153 233 285 322 196 177 330 333 203 165 229 224 181 288 195 205 162 193 323 304 219 146 285 160 288 324 222 104 155 194 160 241 146 198 326 160 193 186 323 269 299 216 190 171 287 330 276 110 138 98 384 250 142 278 244 79 174 225 289 158 277 399 164 280 250 299 254 76 169 323 281 233 100 209 260 262 127 234 270 227 235 269 252 126 227 274 418 282 279 249 285 225 196 307 203 34 130 333 335 292 120 263 389 138 328 144 350 286 203 200 348 288 279 359 334 90 280 183 179 288 276 239 317 223 186 330 423 240 300 344 244 392 245 203 321 159 171 154 421 92 194 320 315 321 23 336 178 60 186 301 341 236 292 247 149 305 149 102 241 234 252 412 321 160 273 208 264 244 230 324 265 218 170 174 293 151 183 329 289 122 259 225 265 178 268 377 194 264 168 216 194 209 233 295 266 390 182 207 312 225 161 297 375 347 295 256 367 120 207 322 293 282 117 264 254 166 229 194 235 228 340 244 244 169 38 126 231 331 301 214 333 170 140 292 362 19 295 109 322 327 211 240 423 189 102 109 329 291 199 171 353 177 198 210 243 247 219 373 300 103 170 265 307 150 244 253 173 244 165 138 268 118 143 226 237 84 160 208 243 338 216 276 165 242 365 306 169 222 152 196 179 147 189 288 276 343 146 316 275 220 233 173 395 100 31 366 281 195 138 274 373 138 157 224 279 116 124 234 344 261 152 264 180 83 102 181 348 400 273 279 164 134 156 185 119 345 322 295 411 189 338 231 212 227 167 122 219 245 90 306 294 167 173 208 314 111 229 441 220 107
269 159 87 83 275 104 205 107 155 135 93 61 184 79 156 45 470 82 78 4 144 119 67 208 208 164 88 63 149 76 95 206 318 137 312 11 255 112 51 187 243 148 287 142 227 117 93 78 252 63 242 266 133 43 120 66 122 69 227 115 187 0 135 232 185 58 65 86 141 308 75 178 176 168 83 166 178 100 93 81 223 88 103 102 133 79 194 84 244 30 146 134 193 196 199 156 234 64 189 137 338 87 153 70 287 64 198 131 175 126 227 155 302 201 151 151 297 51 283 43 303 109 139 104 212 159 137 8 203 44 168 235 137 100 215 126 269 134 261 91 52 85 204 195 260 44 173 156 184 99 170 123 165 210 73 135 237 77 159 150 216 85 100 50 225 168 156 84 108 117 33 54 131 29 187 145 55 55 195 143 314 71 149 30 249 175 217 83 126 91 225 87 220 100 79 110 119 79 221 37 288 216 132 92 231 144 216 112 288 146 98 111 171 63 175 80 193 136 163 120 195 81 162 158 217 100 252 95 155 127 178 76 260 144 60 170 78 161 177 125 212 95 297 104 218 96 181 153 205 51 187 135 248 177 221 97 318 70 122 115 247 129 204 53 283 171 354 60 241 168 70 206 259 104 159 49 77 74 293 96 282 229 277 135 206 162 251 162 288 115 167 55 226 62 46 120 205 95 116 51 230 268 279 60 197 88 110 78 190 153 195 89 118 61 161 104 189 171 153 104 279 93 224 18 349 191 217 199 33 162 71 24 290 153 92 217 307 25 221 51 226 119 320 162 112 113 208 83 117 157 135 94 194 76 114 39 242 80 133 89 323 84 168 27 213 162 155 158 264 227 215 54 286 105 222 169 253 85 135 143 296 114 280 109 179 115 172 213 96 24 235 16 270 57 96 70 236 256 167 127 239 160 163 40 273 66 43 72 163 85 264 120 120 41 67 118 242 80 184 153 159 106 73 57 379 120 158 180 257 55 207 121 164 101 110 191 160 129 139 135 298 36 246 95 180 179 104 9 219 115 198 63 256 38 170 90 166 78 163 208 209 111 204 115 199 124 169 289 249 93 147 108 220 79 115 224 223 132 226 4 294 44 104 150 111 66 120 66 101 223 143 42 175 30 148 86 180 260 106 152
376 236 115 172 320 171 130 185 179 203 151 148 192 148 127 174 428 211 101 140 127 223 149 302 198 192 67 191 186 121 52 249 391 238 285 125 323 57 159 265 208 48 197 244 297 203 110 107 245 132 169 130 247 134 44 80 156 106 127 176 306 135 0 258 233 149 97 188 219 398 60 45 263 208 59 222 282 211 52 56 277 221 207 157 78 213 69 110 291 108 144 147 281 203 94 211 258 171 159 229 354 217 153 204 204 122 72 256 171 144 111 267 319 278 188 51 334 86 237 120 302 210 4 235 212 74 78 141 249 136 273 358 234 79 168 169 277 112 287 227 154 178 155 261 302 130 45 159 201 229 162 232 197 307 115 254 293 197 27 39 228 220 58 185 183 209 153 207 169 239 152 92 192 148 79 277 113 180 99 227 307 176 174 139 221 213 183 215 194 219 92 161 283 133 63 236 161 177 177 151 286 176 179 85 226 195 201 235 356 156 50 211 253 173 139 121 261 241 110 226 189 89 130 293 225 145 117 81 87 220 116 174 302 20 174 296 177 176 48 167 285 155 209 239 133 171 46 226 227 167 53 194 226 63 130 221 327 126 159 151 226 104 120 146 339 205 275 128 198 167 66 154 267 220 30 184 140 208 175 221 333 315 239 111 321 169 302 293 345 58 34 81 183 80 159 57 262 228 88 121 222 297 238 194 156 108 49 63 187 17 162 195 163 190 78 237 222 206 69 192 286 195 203 136 382 135 247 306 141 165 115 112 319 217 44 84 375 111 155 86 280 139 258 64 43 64 75 218 129 187 30 82 267 92 67 174 256 200 113 188 292 62 146 142 323 297 144 170 231 355 122 186 369 69 103 288 220 217 83 50 342 88 153 232 260 250 45 164 121 159 136 138 314 165 69 135 254 317 78 262 291 254 59 161 287 89 134 65 207 220 257 256 186 119 71 250 300 192 167 119 162 155 144 85 360 64 199 299 324 174 246 183 190 91 31 227 216 82 68 248 330 169 117 227 290 123 33 127 284 176 67 168 320 100 110 192 236 167 49 183 265 51 241 247 280 250 47 349 232 103 192 185 275 203 199 288 148 177 117 132 247 97 113 263 161 192 118 131 230 315 44 140 213 137 16 220 175 215 106 288
472 103 305 154 507 129 385 131 382 104 323 293 408 153 361 264 679 213 290 232 353 156 299 429 426 71 274 209 378 165 268 37 544 148 526 226 485 201 282 99 451 219 455 149 456 131 308 172 473 170 425 336 347 273 285 208 349 179 385 118 384 232 258 0 417 174 276 163 372 190 240 266 402 64 260 74 394 171 264 247 455 279 328 332 318 269 321 165 476 221 363 355 418 56 351 81 464 179 396 133 568 216 371 231 462 289 256 206 394 119 242 175 532 99 381 307 529 242 486 193 528 152 259 295 434 197 320 239 435 189 385 416 361 184 415 107 496 146 491 261 284 155 402 75 492 273 300 98 410 220 387 164 394 151 294 191 469 192 281 296 442 239 205 231 428 64 373 297 340 195 263 206 363 207 337 244 276 203 356 117 537 173 375 262 461 57 425 279 358 294 326 145 451 141 257 310 347 164 423 269 512 118 362 182 453 89 433 317 517 103 215 151 400 181 378 161 424 158 355 160 414 185 366 282 442 135 325 184 335 136 365 165 492 277 187 355 308 83 301 108 441 137 467 248 390 328 280 100 434 193 298 99 463 230 388 306 546 296 349 122 462 331 376 179 515 61 533 175 445 92 242 140 486 182 286 232 306 231 422 302 514 129 485 147 407 89 483 334 518 200 262 228 429 213 276 201 437 284 313 186 450 40 485 227 399 303 280 255 410 263 402 166 347 213 331 235 419 61 321 335 506 160 438 249 581 149 447 173 265 382 292 227 521 89 242 285 535 232 408 241 458 125 513 213 217 295 316 265 335 77 283 183 424 185 298 229 470 191 339 158 536 265 377 259 419 285 369 88 474 267 380 219 508 192 357 370 463 279 176 213 528 312 391 198 408 277 300 412 315 233 393 248 502 183 284 164 464 84 333 285 471 132 316 268 501 197 274 244 394 247 486 270 352 196 249 300 473 177 397 142 379 127 303 213 599 194 388 205 487 194 439 352 392 172 261 42 392 176 314 173 529 223 357 286 390 154 236 231 449 118 267 294 487 220 358 318 397 157 231 420 441 283 435 301 426 212 242 107 467 165 378 340 452 199 346 75 403 100 230 233 497 214 318 174 340 280 333 168 298 142 298 274 406 202 273 275 398 126 316 294
182 340 124 267 92 289 176 291 57 319 96 124 65 264 122 162 318 234 141 186 115 291 118 102 89 348 172 226 47 256 186 391 159 308 167 191 92 256 137 366 134 275 235 312 68 299 127 252 101 247 186 330 122 144 190 223 79 244 219 300 160 185 233 417 0 244 152 265 57 473 200 273 71 353 185 351 112 271 187 197 44 176 106 88 162 180 242 260 61 199 96 87 80 378 215 341 57 244 117 313 155 235 89 212 224 132 303 278 83 306 345 314 121 379 45 201 112 185 170 225 133 286 236 172 76 298 164 179 17 229 109 206 89 258 142 311 97 301 78 199 134 268 143 378 75 145 235 335 50 241 90 291 38 376 131 289 59 245 237 211 59 216 244 201 137 354 91 143 78 272 155 218 54 212 214 266 145 225 202 323 147 251 61 155 128 360 124 171 60 158 281 273 52 281 185 155 76 260 140 150 123 385 58 255 90 329 98 146 124 326 236 287 60 243 126 260 40 304 148 290 83 247 124 249 67 284 320 255 167 305 158 258 75 224 238 178 113 343 240 310 63 280 239 224 195 89 265 335 43 231 255 321 119 296 202 146 139 125 76 298 117 133 188 238 107 356 266 243 145 347 195 368 90 268 233 200 113 215 289 150 102 401 155 302 157 342 70 197 112 259 264 200 140 216 144 262 29 176 146 233 93 454 162 209 130 130 184 186 79 247 121 265 74 221 183 234 25 356 184 88 107 271 109 168 164 350 38 358 153 80 132 192 105 337 210 305 142 187 170 186 46 299 216 293 245 169 268 188 105 341 208 255 51 244 166 198 72 247 125 270 181 180 110 158 147 251 102 340 142 343 204 213 144 257 245 149 137 172 289 274 113 146 301 263 59 206 235 145 115 189 221 170 86 239 167 254 63 438 189 210 58 334 205 152 96 230 144 194 27 208 109 218 65 222 186 180 66 255 99 318 81 291 114 214 216 266 35 324 91 231 24 65 48 265 206 376 26 284 175 297 112 202 281 173 129 337 224 186 54 300 294 127 87 202 156 108 37 263 281 110 32 183 22 176 69 267 280 470 114 265 43 79 41 241 78 406 182 317 350 184 178 209 121 310 80 153 116 250 163 392 201 143 22 215 233 179 84 428 128 231
312 104 140 28 333 46 247 50 212 77 151 119 240 23 205 92 523 72 128 57 195 75 126 259 263 108 125 55 207 38 126 147 372 91 366 55 311 104 108 133 295 142 327 97 283 63 145 49 308 20 286 273 179 101 150 69 179 46 262 57 226 58 149 174 244 0 114 39 198 260 98 184 229 110 115 108 226 62 123 105 281 118 155 160 173 108 216 52 302 56 200 189 246 142 230 97 292 24 240 86 396 79 207 78 329 120 196 109 230 77 214 118 360 147 209 181 355 85 334 31 360 62 152 136 268 143 177 65 261 17 217 268 189 83 264 70 326 99 319 110 110 32 252 139 318 101 193 107 241 90 224 83 223 164 127 106 294 53 176 175 273 92 96 67 275 110 210 128 167 92 89 58 189 32 217 136 108 44 230 90 370 27 206 88 303 117 269 116 184 129 240 29 277 53 110 148 176 29 271 94 345 173 190 74 287 86 271 152 344 97 100 64 226 26 224 41 250 93 208 77 250 65 211 162 274 48 260 78 194 77 222 26 318 163 30 202 134 108 196 69 267 39 338 109 257 154 191 96 263 28 202 77 302 170 258 139 376 126 179 62 301 176 243 5 340 114 398 22 292 118 96 169 316 72 178 67 134 80 321 136 340 178 329 101 247 111 309 188 344 106 174 77 276 70 102 111 262 125 160 28 286 210 331 69 246 140 142 108 245 164 246 46 176 58 197 102 247 114 188 161 337 47 278 76 407 157 275 159 91 217 125 59 348 95 110 221 362 65 266 84 284 71 368 152 112 151 224 108 171 101 159 77 250 60 152 60 300 55 182 40 377 118 219 85 257 166 208 106 317 208 252 59 338 93 248 210 306 117 113 135 354 159 302 86 234 132 192 262 150 60 270 74 328 20 135 23 294 200 202 143 297 111 192 94 331 60 101 98 221 97 320 132 178 33 99 146 299 43 237 117 214 51 131 66 435 107 216 150 313 34 266 179 221 77 132 133 218 107 176 99 356 54 266 126 225 147 116 59 275 57 199 119 313 60 213 144 223 22 159 261 266 144 262 145 253 105 168 233 304 64 205 166 277 61 172 168 265 75 210 60 345 58 156 114 169 110 172 23 137 175 172 101 233 28 164 115 235 215 156 164
279 217 30 141 243 155 140 163 107 189 58 50 131 128 92 87 410 146 14 69 81 183 52 206 151 205 32 128 107 112 46 255 303 200 254 62 236 105 64 246 181 130 222 205 208 176 32 105 197 109 177 222 149 40 65 72 75 97 165 165 209 65 97 276 152 114 0 148 126 372 49 143 168 214 39 218 185 165 46 48 195 133 109 66 69 127 141 112 212 58 87 79 187 231 138 207 190 126 127 198 294 151 95 131 222 25 169 196 118 159 206 220 258 261 109 94 261 34 220 86 252 172 101 145 158 149 74 65 169 97 176 262 137 106 151 170 220 150 219 145 58 145 140 251 226 36 122 187 135 162 111 187 121 274 21 200 210 142 114 97 167 145 93 112 162 215 98 113 77 183 63 70 102 92 128 206 17 120 133 203 261 133 101 51 189 221 155 127 102 127 177 140 197 136 37 143 76 139 158 61 236 233 94 104 177 193 158 141 270 179 85 174 159 126 111 116 172 200 98 184 138 96 98 213 166 142 209 103 91 189 113 136 226 98 124 202 80 197 127 169 195 143 232 163 154 76 141 209 159 115 140 186 190 155 157 127 271 30 77 155 188 64 139 109 257 215 289 104 178 198 44 217 210 169 112 111 44 135 233 128 253 291 215 151 223 195 221 201 262 108 132 50 163 66 66 111 177 139 50 93 174 315 217 122 133 27 55 37 134 114 133 152 78 125 99 165 148 216 92 95 230 155 165 55 312 199 175 264 51 106 20 54 250 207 62 181 289 49 156 35 197 153 255 147 96 52 160 134 59 199 84 104 177 94 52 102 195 145 69 151 264 35 106 55 226 217 95 193 203 290 152 119 277 105 164 191 192 129 137 127 265 49 225 174 167 166 122 149 39 86 172 58 237 119 36 115 190 313 105 178 210 223 105 71 226 81 40 43 126 142 210 174 94 83 35 160 216 144 124 167 103 151 47 64 324 115 118 245 237 120 170 92 117 114 67 237 130 132 77 200 260 100 192 138 193 186 77 59 197 165 164 72 234 57 105 94 145 136 139 147 181 56 165 156 187 188 142 346 192 115 109 90 192 144 103 281 158 177 209 62 232 63 43 215 73 101 58 110 139 286 88 46 136 87 104 133 123 276 43 204
311 74 173 19 352 43 284 33 240 58 178 144 270 45 240 105 556 53 162 84 229 36 151 266 294 105 163 46 233 71 165 131 383 53 398 86 325 141 129 102 328 178 365 58 297 33 178 85 337 56 323 311 184 128 189 109 208 83 301 52 223 86 188 163 265 39 148 0 215 224 137 222 241 101 153 90 231 24 162 144 300 116 168 186 211 106 255 85 322 93 232 220 257 142 269 82 317 22 274 51 420 58 239 69 367 151 231 75 261 92 247 79 385 115 235 220 375 122 368 70 388 24 191 133 298 175 215 91 282 55 223 260 201 119 299 72 353 125 342 101 132 13 288 112 338 130 232 118 269 67 256 44 249 126 159 69 312 30 215 214 300 79 133 69 310 100 242 136 191 58 111 98 212 58 256 108 141 42 269 58 399 15 234 114 335 107 302 116 206 131 279 36 293 75 149 148 204 10 306 116 373 188 215 110 317 76 302 154 356 108 139 26 240 23 259 73 267 54 244 38 281 102 246 139 303 65 297 114 232 41 259 14 339 203 28 196 153 113 235 72 281 50 376 92 295 177 230 70 289 35 241 65 334 205 297 143 401 156 207 75 333 212 281 43 356 106 436 60 326 128 135 188 343 37 217 70 162 70 360 140 357 143 362 127 246 119 328 177 360 142 212 116 311 110 122 147 281 122 197 67 316 194 365 65 281 173 180 147 276 202 280 8 203 51 235 81 272 106 226 179 364 8 310 102 427 179 299 120 116 248 157 94 370 75 149 257 374 100 303 122 302 89 404 186 150 189 263 103 203 99 199 113 265 97 190 68 326 30 217 5 410 156 253 110 257 142 241 113 350 172 290 57 346 129 288 208 339 117 144 171 372 195 341 54 248 119 231 297 181 77 309 100 347 29 173 55 319 172 240 129 316 75 232 113 356 99 129 137 245 86 349 115 201 72 137 140 316 15 269 141 245 61 158 106 465 142 241 112 327 34 288 202 249 110 171 121 239 139 214 60 377 64 304 124 227 172 155 90 291 52 236 139 328 98 250 160 240 22 195 294 285 182 285 140 265 73 204 205 336 96 230 187 296 39 190 141 303 74 241 89 379 96 190 75 195 119 205 58 136 138 211 127 258 61 203 113 266 226 191 145
162 289 105 219 137 243 197 243 76 271 69 84 101 220 134 110 374 180 119 141 123 239 79 83 131 305 153 173 58 216 168 344 179 255 221 149 115 230 90 314 177 255 267 259 86 249 110 215 154 204 216 332 68 105 179 190 72 206 237 254 116 141 219 372 57 198 126 215 0 417 174 263 43 308 164 303 73 219 169 173 84 119 50 63 160 124 244 222 107 161 107 91 62 337 225 293 114 195 144 261 210 180 104 157 258 101 291 222 111 266 330 258 177 327 59 198 161 154 216 184 190 234 223 115 122 275 163 134 71 185 66 166 34 227 173 267 154 268 134 143 90 219 170 327 124 107 232 297 89 185 114 237 66 320 105 233 97 192 229 206 111 161 217 148 173 308 108 87 50 216 109 183 32 166 220 209 114 174 214 272 204 202 75 112 174 315 160 115 27 101 283 227 79 240 162 98 64 211 174 104 179 352 50 222 140 283 140 90 148 287 210 236 34 194 146 220 52 250 160 237 120 213 139 192 118 242 320 223 172 253 173 210 124 214 188 127 64 302 238 266 71 236 273 167 215 50 258 285 95 181 252 274 167 279 222 89 196 96 69 256 165 133 205 193 142 311 309 201 185 308 169 338 146 214 226 147 82 160 310 93 142 347 203 269 119 303 112 143 146 232 253 169 176 184 96 236 66 119 139 191 142 407 209 156 157 112 171 163 115 235 150 214 61 168 187 178 75 311 186 37 164 220 151 125 212 321 95 302 110 101 106 153 158 289 187 298 167 148 197 154 87 260 262 272 221 159 268 131 100 298 199 223 53 209 157 147 128 195 127 219 235 159 129 114 115 194 117 299 189 286 221 161 152 228 255 101 182 116 260 252 157 139 315 208 41 149 232 175 99 140 241 126 132 191 151 211 119 387 194 154 101 281 205 104 153 196 104 168 51 152 163 161 34 181 160 123 101 204 128 286 100 247 80 181 272 239 54 268 116 181 81 38 74 232 189 330 34 255 173 242 163 151 290 116 88 308 202 144 77 254 285 78 115 165 168 55 25 215 264 146 70 170 79 120 61 211 265 418 163 229 48 36 81 188 26 355 207 273 334 141 226 173 110 255 60 99 112 208 106 337 196 102 62 171 222 122 114 396 118 174
453 162 396 233 550 228 507 215 458 196 396 362 489 253 464 314 777 239 385 305 453 190 368 441 515 221 385 251 448 279 386 170 555 172 619 310 511 343 343 134 551 373 586 167 487 198 402 292 556 271 546 504 364 349 409 325 427 295 520 223 373 308 398 190 473 260 372 224 417 0 356 422 430 202 375 181 404 209 383 364 499 299 367 403 434 293 467 288 522 316 455 441 441 234 487 190 528 246 498 174 627 238 461 262 589 373 421 196 482 259 418 159 594 121 450 438 575 345 591 291 603 200 401 307 517 359 437 312 488 277 398 382 392 320 523 231 567 300 551 275 348 228 512 142 540 351 444 259 486 232 478 186 464 99 382 184 509 234 425 431 516 256 340 275 533 200 464 330 406 201 328 317 423 281 473 216 364 256 488 173 615 239 453 334 557 198 525 303 415 317 483 239 488 266 370 325 422 233 529 333 589 304 430 314 536 206 524 334 537 257 349 198 433 246 483 278 463 173 468 189 502 310 470 247 520 254 492 317 455 184 482 236 540 416 249 340 362 241 446 233 471 244 598 251 517 390 433 173 503 257 449 206 556 393 518 330 612 378 426 249 554 436 502 265 547 207 659 276 550 259 355 322 558 208 429 276 382 259 573 326 551 84 585 301 395 251 525 313 549 343 414 337 535 328 336 346 482 300 420 286 536 174 588 265 505 397 401 368 496 409 504 220 420 256 456 239 485 207 447 386 577 216 532 324 625 326 509 115 336 469 380 318 575 182 366 450 553 324 526 345 502 263 627 373 356 411 469 286 426 223 415 316 458 307 412 281 540 231 441 221 631 378 476 330 412 247 464 246 572 172 511 264 513 331 502 367 561 302 330 366 567 419 548 210 440 275 444 521 404 294 528 321 546 253 395 267 532 107 461 275 514 149 450 327 568 314 349 358 457 265 567 263 412 293 359 303 511 228 492 305 466 243 376 325 683 340 454 153 514 254 497 414 465 308 389 191 447 327 436 177 579 279 512 303 393 328 368 313 485 222 429 350 517 320 474 365 441 238 389 516 486 403 494 306 453 206 400 95 556 296 443 397 495 235 395 121 526 224 408 311 603 318 413 163 412 320 429 272 314 86 429 346 470 285 415 295 487 316 414 267
324 196 76 124 291 130 152 142 152 164 107 94 173 104 121 115 440 153 60 79 114 173 97 254 188 169 35 133 154 80 30 223 352 189 287 65 285 56 102 225 212 82 230 195 257 158 75 69 236 85 192 191 191 78 52 33 122 64 164 138 250 75 60 240 200 98 49 137 174 356 0 104 216 181 20 189 230 158 26 8 243 160 153 115 80 153 121 75 261 49 126 122 235 191 133 178 236 117 157 183 338 158 135 144 233 73 127 199 157 121 160 215 302 239 157 83 308 26 247 67 292 160 64 175 198 101 83 80 217 82 221 301 183 60 176 138 262 104 265 166 97 129 163 226 274 74 99 145 179 170 149 180 168 261 70 200 259 141 84 78 210 160 44 125 189 182 136 148 127 183 92 40 151 90 119 218 61 122 132 184 300 123 146 80 222 188 185 155 151 160 150 117 246 101 18 178 124 126 184 93 276 186 143 59 216 162 195 177 319 138 36 162 208 118 139 83 221 191 116 175 177 55 126 233 208 110 177 58 100 174 129 123 274 70 119 238 123 158 103 136 244 115 241 179 161 124 106 187 204 111 112 158 224 109 161 163 314 78 124 120 223 92 146 94 306 181 304 80 206 156 6 168 252 166 85 124 92 148 224 162 302 273 245 105 266 154 270 233 311 59 93 21 190 29 101 62 226 168 73 70 213 279 246 134 160 71 45 16 173 78 162 143 126 132 100 178 194 181 91 142 272 144 199 76 359 150 222 257 82 147 69 52 296 181 17 143 338 50 173 26 246 114 277 99 47 57 134 157 101 163 63 59 226 55 59 113 238 144 100 138 297 25 138 83 270 237 131 153 235 298 155 127 326 57 152 231 223 157 88 79 313 72 208 176 215 190 98 173 85 99 173 78 285 111 44 89 234 286 104 202 258 208 95 102 270 44 78 7 174 160 249 195 143 65 14 190 265 138 159 120 144 120 95 32 360 66 166 245 286 117 217 141 163 70 36 203 179 84 79 195 306 109 172 167 237 137 31 66 246 138 124 113 283 41 121 138 194 119 94 180 230 47 212 187 235 193 98 319 228 74 158 138 240 146 151 255 171 145 162 72 258 41 83 210 121 133 96 85 171 271 74 83 183 80 73 159 161 228 80 227
421 261 158 204 357 198 145 214 217 227 194 193 226 179 159 219 439 250 145 183 161 256 194 345 228 206 111 231 226 152 97 263 431 269 304 168 364 82 204 288 230 49 197 275 338 233 152 138 273 166 180 89 292 179 84 118 196 139 128 201 352 178 45 266 273 184 143 222 263 422 104 0 306 224 104 242 327 246 97 100 317 265 252 200 112 257 60 139 329 150 180 186 325 210 97 232 292 207 186 259 384 257 188 246 207 167 31 293 204 163 74 301 350 301 228 76 369 130 254 158 329 242 41 280 243 69 110 184 287 174 318 403 279 105 189 191 307 124 321 270 199 211 177 281 338 175 46 170 237 269 195 265 235 335 160 290 332 235 36 63 261 262 89 227 204 226 188 252 212 276 196 131 234 188 85 317 158 219 108 254 333 212 212 184 244 229 207 260 237 264 61 192 323 158 108 281 202 211 198 196 313 169 220 113 255 216 229 280 396 169 85 243 296 209 167 151 303 274 138 259 220 120 161 335 257 170 76 109 114 250 139 208 339 49 211 341 222 188 43 189 327 183 208 281 141 215 15 250 262 206 35 217 251 39 137 266 356 171 200 173 251 141 132 182 378 220 276 163 218 175 110 143 298 256 42 226 184 249 156 266 371 339 258 122 366 179 340 338 383 81 11 123 203 120 204 77 302 272 127 157 250 305 255 235 181 151 91 108 219 28 188 229 205 231 100 278 259 221 94 236 315 229 229 180 415 126 283 337 186 200 160 155 353 240 87 39 415 154 170 130 319 159 266 54 72 104 50 261 169 202 65 110 309 125 107 216 288 238 149 222 310 107 177 187 368 339 178 183 252 392 129 227 412 94 93 333 241 261 93 56 378 127 127 269 303 293 47 185 164 202 136 182 351 202 112 167 288 333 97 306 329 283 77 205 318 125 179 109 247 262 284 298 229 157 116 294 339 228 197 124 198 180 189 125 380 83 238 334 364 212 284 226 227 115 76 241 258 95 100 282 364 211 92 271 335 116 74 170 325 202 22 214 360 141 134 237 278 200 35 210 304 93 278 291 322 288 24 364 258 129 233 229 314 242 244 307 160 198 82 175 262 138 154 296 204 237 157 164 275 341 73 185 252 177 41 264 207 201 147 331
120 313 148 248 121 274 235 271 112 299 112 123 131 252 175 138 382 200 162 175 164 260 119 40 159 337 196 197 95 251 211 372 143 276 237 184 84 271 125 337 204 297 301 279 57 275 154 252 172 238 251 375 65 143 223 230 115 243 276 285 89 176 263 402 71 229 168 241 43 430 216 306 0 338 206 331 41 241 212 215 73 133 74 106 203 140 287 259 95 198 147 132 19 370 266 322 122 223 180 284 203 199 143 177 291 143 334 235 146 301 373 274 175 349 94 241 147 194 241 219 197 258 266 123 147 316 206 167 77 218 39 135 41 267 207 299 162 306 133 156 126 247 206 352 114 146 276 332 117 201 150 257 98 336 148 248 81 215 273 249 130 177 258 172 205 338 146 106 94 233 143 222 74 197 263 216 155 200 255 297 211 229 113 149 199 345 192 130 70 115 326 257 59 275 204 105 107 239 207 138 188 390 91 261 161 313 168 96 115 322 252 259 12 222 184 256 39 270 200 258 150 251 178 192 138 275 363 262 214 277 213 238 113 258 215 111 98 336 281 298 41 268 307 179 254 92 301 311 114 210 295 303 190 322 261 102 195 138 111 290 188 175 245 225 118 342 337 235 214 344 210 378 156 234 269 172 124 179 349 106 121 364 227 307 86 338 97 133 120 273 296 209 208 224 130 277 60 131 183 227 164 435 233 178 193 155 215 205 145 278 185 239 104 192 229 191 95 342 228 74 171 245 179 160 196 361 105 315 146 138 149 190 150 316 230 342 133 186 233 195 76 295 287 314 263 203 311 146 143 330 242 262 30 247 200 174 139 217 169 246 250 202 167 150 77 193 156 333 213 286 261 185 111 268 297 80 208 131 300 295 138 182 356 226 13 155 275 210 142 170 280 161 118 219 194 245 130 409 236 157 87 301 248 136 156 234 143 209 81 168 178 167 78 216 202 127 81 228 163 325 138 280 121 220 278 280 87 277 86 208 90 81 107 271 232 360 62 295 216 260 153 179 332 128 58 348 245 180 56 285 328 112 88 204 209 86 37 245 307 177 64 214 91 124 24 225 308 440 185 266 85 78 70 210 65 378 245 304 376 176 250 211 154 271 103 122 155 242 116 354 239 140 87 204 266 136 147 434 161 172
412 59 243 90 443 65 330 68 319 44 259 229 345 89 301 200 620 153 228 167 293 101 235 365 365 20 215 147 314 103 210 42 480 99 466 162 420 150 218 74 392 175 404 102 392 72 246 112 411 107 370 303 284 209 229 148 286 118 334 54 324 168 208 64 353 110 214 101 308 202 181 224 338 0 201 25 331 112 207 188 391 217 264 268 260 207 275 106 412 157 301 292 355 48 301 23 400 115 337 82 505 157 309 170 410 226 220 155 332 63 217 132 468 84 317 254 465 181 428 130 465 94 209 234 372 158 263 175 370 124 322 359 297 130 357 44 433 100 427 201 220 92 344 60 428 209 252 57 347 163 325 111 330 131 231 141 404 131 233 244 379 179 152 168 369 2 312 234 276 141 199 145 299 142 286 193 213 140 304 67 475 110 312 198 401 7 365 217 294 231 285 81 386 80 198 248 284 101 364 204 450 113 298 126 391 25 372 254 453 56 161 94 335 117 319 99 360 109 297 106 352 127 306 229 380 72 291 129 279 82 309 101 428 227 124 296 244 40 253 45 376 73 415 190 336 264 236 51 370 129 254 36 403 193 336 243 483 233 286 61 402 271 323 115 450 8 480 111 386 59 182 126 423 125 237 168 242 170 379 239 450 122 425 102 346 50 419 276 454 150 218 167 370 153 212 152 372 223 253 122 388 101 426 165 340 241 224 196 348 216 342 106 284 151 276 177 356 7 267 271 443 99 378 185 517 127 383 145 200 320 229 163 457 36 185 250 471 169 352 180 394 69 457 173 165 237 273 204 273 22 230 128 359 126 240 165 407 130 279 96 476 206 317 195 358 233 308 44 415 232 328 156 445 139 310 309 403 217 131 168 463 252 351 142 344 218 252 354 253 169 343 183 438 119 225 100 401 110 279 227 407 91 264 204 438 137 210 185 330 186 424 213 288 133 189 240 409 115 337 104 317 64 239 152 538 145 324 166 422 131 375 288 328 118 206 23 328 129 258 124 465 159 316 225 328 127 182 167 385 53 229 229 422 157 301 254 333 93 190 359 376 226 371 241 362 159 201 142 406 108 314 276 387 139 282 83 349 37 207 169 439 152 257 129 277 217 271 105 236 130 245 210 342 138 224 213 337 142 255 240
318 215 61 141 276 149 133 160 135 184 95 89 155 123 101 118 420 164 46 88 95 189 90 245 169 189 15 145 139 100 12 243 339 206 267 75 272 72 100 244 191 91 212 211 245 176 59 89 217 104 172 187 188 75 37 53 107 84 148 157 247 83 59 260 185 115 39 153 164 375 20 104 206 201 0 209 224 173 10 13 229 164 148 102 60 157 110 95 245 61 107 104 225 211 117 198 218 133 137 201 320 170 116 153 215 64 130 212 138 141 167 230 284 258 141 69 292 33 227 84 273 177 63 178 179 113 64 87 202 99 214 299 176 79 156 158 244 123 247 173 95 146 143 246 258 71 90 165 162 182 130 196 152 279 58 214 244 155 78 66 191 169 61 133 169 202 117 148 114 197 94 58 138 103 105 228 54 135 116 202 281 139 129 81 202 208 165 159 139 161 143 136 232 121 5 178 110 143 164 93 257 203 128 79 196 182 175 177 306 158 52 178 198 134 118 103 209 207 97 191 158 75 106 240 190 129 173 78 80 191 109 140 258 62 133 238 118 178 94 156 232 134 223 187 143 114 104 206 187 125 105 178 204 116 144 162 295 68 109 140 203 72 128 110 292 201 285 99 185 175 19 185 234 180 77 133 82 157 210 163 287 291 225 123 262 174 255 235 297 74 93 37 169 48 101 77 212 171 53 88 193 299 226 143 140 55 27 6 154 76 142 159 112 143 82 188 178 201 73 134 254 161 179 80 342 166 205 273 83 128 58 63 279 200 25 143 325 59 153 33 231 134 257 109 60 37 126 163 84 183 52 78 214 75 39 123 220 158 80 155 276 5 118 84 264 244 111 173 215 309 137 137 315 75 139 229 203 160 105 89 297 52 197 189 205 195 89 153 70 107 156 83 269 126 24 108 216 305 87 207 243 226 80 103 252 64 75 17 159 167 229 202 131 82 17 192 251 153 139 138 125 139 86 50 340 82 151 259 273 131 201 129 146 89 29 223 165 101 61 210 289 119 163 170 231 153 39 75 233 158 126 109 270 56 101 133 182 136 100 160 215 29 196 189 225 205 103 339 208 94 143 129 226 159 142 275 152 165 170 80 238 57 66 226 108 134 77 104 173 289 60 81 167 94 68 163 142 245 61 233
399 35 246 84 440 63 340 60 320 32 259 227 348 90 307 194 627 139 232 165 298 83 233 356 369 44 222 136 314 110 219 41 472 78 471 162 414 165 214 50 398 193 416 80 386 58 250 121 415 109 381 323 274 209 240 157 287 126 347 53 310 166 222 74 351 108 218 90 303 181 189 242 331 25 209 0 321 97 216 197 387 205 258 267 269 196 290 115 409 160 305 295 347 72 314 11 400 108 343 61 504 142 313 158 421 227 240 135 336 79 239 109 468 61 317 266 462 186 436 132 467 78 224 221 375 178 272 172 368 124 312 343 290 144 365 53 434 119 427 188 217 84 352 39 425 209 267 80 349 147 329 92 331 106 234 121 400 118 248 257 381 165 165 159 377 24 316 225 274 123 196 152 297 139 300 173 215 131 317 45 478 102 314 196 407 27 372 206 291 221 303 79 382 90 206 237 284 92 372 201 453 138 298 138 394 28 376 244 446 77 174 77 329 110 326 107 355 87 306 87 356 137 313 210 382 80 311 141 289 63 318 94 425 241 116 281 240 63 269 55 370 76 428 174 348 262 254 28 371 122 270 32 408 213 348 233 484 234 287 72 406 278 334 113 445 33 492 114 394 83 190 151 424 109 252 159 242 158 395 229 445 99 432 121 333 73 415 260 449 165 235 174 378 161 208 168 369 211 260 125 392 104 433 154 348 245 233 204 351 232 349 93 284 140 287 161 355 32 278 266 444 87 383 184 514 151 383 120 198 323 232 165 456 16 196 270 464 171 362 185 390 83 466 193 179 246 290 192 277 44 243 141 354 136 248 157 408 117 285 85 482 213 323 193 346 213 313 67 421 208 340 147 435 154 325 297 409 206 150 186 460 259 369 125 337 203 267 362 256 163 356 181 435 112 233 103 401 96 291 211 403 67 277 199 438 146 209 192 329 173 427 197 286 135 196 227 404 104 341 125 320 70 239 159 542 161 324 142 416 123 373 286 329 131 217 34 325 147 268 103 463 152 333 213 317 150 194 167 380 53 249 225 417 161 310 248 328 88 209 365 373 236 370 228 355 140 220 130 410 120 313 273 383 126 277 66 359 46 230 168 447 156 261 107 276 209 276 108 225 106 257 208 341 136 238 202 341 166 260 222
94 300 170 241 155 267 270 263 148 289 134 136 170 249 208 135 423 184 182 176 196 245 133 37 199 332 216 185 131 252 230 361 154 259 278 188 108 282 131 321 244 312 339 261 87 263 177 255 213 238 288 401 47 153 245 238 145 247 310 278 48 178 282 394 112 226 185 231 73 404 230 327 41 331 224 321 0 226 230 231 112 116 77 131 230 125 314 262 132 204 180 164 41 367 297 313 163 216 217 269 239 182 178 163 330 160 354 213 183 301 390 252 213 332 131 267 181 206 282 221 237 244 286 102 188 329 234 169 118 217 10 94 48 275 245 295 203 311 173 137 134 239 243 338 150 157 301 332 157 182 187 240 136 313 167 227 116 203 296 274 172 159 269 163 244 331 181 98 119 213 146 229 105 194 292 188 170 190 286 283 251 221 148 155 240 337 231 115 99 100 353 252 95 275 221 85 136 230 245 143 229 394 124 268 202 306 208 77 133 321 264 246 53 214 219 257 79 252 232 242 190 258 212 160 180 274 389 270 244 263 246 230 150 280 207 73 107 334 306 294 73 264 345 157 288 112 324 298 155 203 320 295 232 339 295 88 233 156 141 288 229 204 278 222 145 336 377 236 254 343 224 384 197 218 293 162 143 164 383 91 151 344 268 313 46 336 132 97 146 285 316 220 247 233 134 289 101 112 209 228 205 425 274 166 230 178 236 222 184 299 222 228 133 180 258 170 136 336 256 91 211 234 219 165 226 368 146 291 152 174 167 196 187 305 245 364 150 193 270 207 114 295 328 329 277 227 337 130 171 325 265 270 69 253 224 167 181 204 199 236 292 220 203 155 42 161 190 332 254 253 294 175 115 278 327 41 249 115 310 309 168 208 388 207 54 130 300 247 167 166 314 165 153 213 216 244 171 392 266 129 124 284 275 138 196 241 153 224 119 150 220 141 105 219 216 102 115 217 200 330 173 277 138 228 318 291 124 251 112 200 131 109 145 277 251 352 100 304 243 240 188 172 361 109 17 356 260 184 91 278 349 119 115 211 241 92 77 238 324 216 104 236 132 99 55 203 326 421 226 271 121 100 109 196 84 363 281 299 392 179 291 218 179 250 130 116 184 241 97 332 264 149 127 203 288 119 185 437 187 140
302 73 187 44 356 64 303 49 251 68 189 154 281 69 256 109 568 43 178 97 244 20 161 263 306 121 182 46 242 95 185 136 380 38 410 103 325 165 136 96 343 202 384 42 298 40 193 109 348 80 341 335 180 140 210 131 219 107 321 71 214 100 211 171 271 62 165 24 219 209 158 246 241 112 173 97 226 0 182 166 303 111 170 196 230 101 277 109 325 112 246 232 256 157 290 91 324 41 289 43 427 46 252 64 385 164 256 51 274 114 271 57 392 109 244 241 379 142 383 92 397 19 214 126 309 200 234 103 288 76 219 247 200 143 315 91 362 149 349 91 141 37 304 111 343 142 254 138 279 50 269 23 258 110 173 45 315 26 238 236 310 68 157 71 325 112 256 135 200 34 120 120 219 73 277 85 155 47 289 56 409 35 245 125 349 118 317 112 212 127 302 59 295 99 169 142 214 34 321 126 383 208 224 134 329 89 315 149 355 129 162 20 241 40 275 97 269 35 262 20 293 126 262 119 313 89 321 138 251 36 277 37 343 225 41 184 158 131 258 92 281 73 395 77 315 185 253 72 298 49 264 78 347 229 317 140 409 169 218 97 345 229 300 65 358 119 453 83 342 148 155 210 352 14 240 71 174 63 382 136 359 131 376 150 236 138 331 163 361 166 236 137 327 132 130 171 285 115 214 90 328 199 379 63 297 189 201 167 288 226 296 16 213 50 255 65 280 119 247 184 372 19 323 115 431 202 306 100 127 260 171 112 376 81 171 282 373 117 320 141 306 111 420 210 174 208 286 97 217 115 220 137 266 121 209 74 335 24 233 26 422 176 268 121 249 123 255 131 364 148 310 58 341 153 310 200 353 112 169 195 375 213 364 32 249 106 254 314 195 86 329 112 351 47 192 80 327 169 261 115 319 63 253 120 364 122 141 158 252 77 360 100 208 93 157 130 318 21 283 164 258 84 168 128 476 167 249 88 327 45 295 209 258 135 193 130 245 163 234 37 382 71 327 117 221 195 178 105 293 70 260 145 328 118 269 164 244 47 219 308 289 203 292 131 265 51 229 200 348 121 238 193 299 31 194 137 321 91 265 103 394 118 205 52 205 120 220 82 130 124 232 138 265 79 226 107 279 245 207 128
325 222 65 150 277 157 125 168 136 191 100 96 154 130 97 127 414 174 50 97 92 198 97 250 166 194 16 154 141 106 3 249 343 214 263 85 276 72 108 252 187 88 204 220 248 184 61 95 214 111 165 178 195 83 27 59 109 90 139 164 255 93 52 264 187 123 46 162 169 383 26 97 212 207 10 216 230 182 0 19 231 173 155 106 54 167 101 101 247 71 106 104 230 214 108 205 218 142 133 209 319 179 115 163 207 70 123 222 136 146 161 239 283 266 143 59 293 42 222 92 271 185 56 187 177 111 57 96 204 107 221 307 182 82 151 164 242 125 247 182 103 155 138 252 259 79 80 169 161 191 128 205 153 287 64 223 246 164 69 57 191 178 63 143 164 208 116 156 119 206 103 66 142 112 95 238 62 144 107 210 278 148 130 90 198 213 161 168 143 170 134 144 235 127 14 186 113 152 158 102 255 204 131 83 194 189 172 185 309 162 53 187 203 143 114 109 212 216 91 200 156 80 102 249 189 136 165 81 73 199 102 149 259 53 142 246 125 182 85 162 236 142 215 197 135 120 95 213 187 135 96 185 201 111 135 171 293 74 111 146 200 69 120 119 294 206 277 107 180 179 27 184 232 189 68 142 88 167 201 171 289 299 220 126 269 178 257 244 299 75 86 46 164 55 109 77 215 180 50 96 191 304 221 153 135 58 19 16 152 69 138 168 115 152 74 197 179 206 65 140 252 169 176 89 342 166 206 282 92 127 63 72 279 207 25 135 328 69 146 43 234 140 251 105 59 31 117 172 84 188 42 82 218 81 33 132 219 167 77 163 272 11 115 94 271 253 109 177 210 319 129 147 320 77 129 236 198 169 105 87 298 49 188 198 209 205 80 147 73 117 147 92 271 135 22 116 216 312 78 216 245 234 71 112 251 70 83 25 161 177 227 211 135 90 26 201 253 162 136 139 124 146 92 58 337 82 153 268 276 140 202 133 147 93 21 229 168 102 53 219 290 129 153 179 238 153 37 84 236 165 118 117 273 65 94 140 186 145 96 157 218 21 198 198 229 215 97 345 205 99 145 134 229 169 148 281 144 171 165 89 233 65 67 235 112 143 76 111 181 297 50 89 169 103 59 173 140 245 61 243
325 204 73 132 288 138 144 150 148 172 105 95 168 112 114 119 433 159 57 85 108 180 98 253 182 176 28 140 151 88 22 230 350 197 280 71 283 59 104 233 205 82 222 202 255 166 71 77 230 93 184 186 193 79 45 41 119 72 156 146 252 81 56 247 197 105 48 144 173 364 8 100 215 188 13 197 231 166 19 0 241 165 154 113 72 157 114 83 257 55 120 117 234 197 125 186 231 125 150 191 333 165 129 150 225 72 124 206 151 128 159 223 297 247 153 76 305 30 240 75 286 168 60 179 193 102 75 85 214 90 221 304 184 66 169 145 257 109 260 171 99 137 156 234 270 75 92 152 175 177 143 188 164 269 68 207 256 148 78 71 205 166 48 130 182 189 131 151 125 191 96 48 149 97 112 224 61 129 124 192 294 131 142 84 215 195 178 159 149 163 144 125 243 108 12 181 121 134 176 96 271 190 140 66 210 170 188 180 317 145 39 169 207 126 132 90 220 199 109 183 171 62 119 238 203 117 172 64 92 181 121 131 270 63 126 241 124 165 96 144 243 123 233 185 153 123 102 194 200 119 106 166 218 108 154 166 308 77 121 128 217 85 138 101 303 188 296 88 198 162 11 172 247 173 78 130 91 154 217 166 299 281 238 110 268 160 267 237 309 62 89 29 182 37 104 65 224 172 67 78 207 286 239 140 153 67 37 11 167 73 155 151 123 138 92 184 190 188 83 142 267 152 193 80 355 153 218 264 85 141 67 58 292 189 14 139 336 56 165 30 243 121 269 99 49 49 128 162 97 170 56 65 224 62 51 119 233 151 93 146 290 19 132 86 271 242 125 160 228 304 147 133 325 62 145 234 216 161 92 79 309 65 201 183 214 195 92 166 82 105 165 82 282 118 38 97 230 293 96 207 255 216 87 105 265 52 79 9 170 165 243 201 141 73 15 194 262 145 152 124 138 127 94 40 354 70 163 252 284 124 213 139 159 76 29 210 177 88 72 202 302 116 166 171 238 140 29 72 244 146 121 114 281 48 113 139 192 127 93 174 227 39 209 191 234 200 96 327 222 81 154 138 238 153 151 263 163 153 161 77 251 48 79 218 119 136 90 93 175 279 66 85 179 87 67 164 156 232 75 233
158 374 168 303 53 326 214 327 100 355 138 163 101 302 164 195 311 264 184 223 157 323 157 88 119 387 216 257 91 296 230 427 116 339 173 230 50 299 173 399 158 319 264 343 35 333 170 293 113 286 218 372 137 183 234 265 123 285 256 337 159 223 277 455 44 281 195 300 84 499 243 317 73 391 229 387 112 303 231 241 0 200 133 130 205 206 284 301 23 239 138 131 71 418 255 377 58 279 154 346 130 264 131 241 252 174 347 303 122 346 389 341 101 412 89 244 77 227 188 264 126 318 280 193 103 342 207 216 30 267 112 197 107 301 175 349 94 343 61 224 171 303 178 412 41 185 279 376 86 268 130 321 81 403 174 315 15 277 281 255 80 243 288 232 167 391 133 170 119 299 192 260 94 249 256 287 187 258 243 357 141 286 105 194 149 398 155 197 97 182 323 310 18 321 228 175 119 295 171 187 120 427 101 297 109 366 126 166 81 367 279 320 67 278 165 300 36 334 190 321 116 288 165 265 89 323 362 297 210 338 198 294 41 268 272 184 147 383 283 348 41 318 268 248 232 128 309 369 68 265 298 357 139 340 239 169 122 167 120 337 136 176 226 276 63 394 285 282 172 388 238 411 90 298 276 232 154 243 325 173 59 430 173 344 150 383 28 206 68 302 308 243 171 259 179 305 18 199 190 272 114 491 180 240 166 174 228 230 113 291 156 299 117 253 225 260 60 394 227 121 101 304 135 206 128 393 48 384 191 121 175 232 77 373 253 348 98 227 204 228 3 339 234 337 289 213 310 213 149 380 252 297 43 285 210 231 76 279 168 304 186 224 150 196 136 266 143 380 161 359 242 245 107 300 285 152 159 197 332 318 73 190 339 292 61 226 278 178 159 224 258 208 48 275 210 293 67 471 231 229 16 365 247 188 86 272 183 237 71 235 117 239 104 261 230 199 22 288 136 361 122 329 155 256 206 310 79 348 49 265 38 105 90 308 249 413 65 327 218 325 81 235 321 196 128 380 268 225 23 338 338 162 44 243 197 140 59 299 325 141 14 227 43 195 57 293 324 502 131 306 86 115 4 272 110 439 218 355 394 223 195 250 165 338 122 183 159 289 185 420 244 182 65 253 276 204 121 471 172 246
195 184 138 128 252 155 264 149 173 175 119 91 204 141 204 47 489 68 139 84 191 129 95 152 233 220 163 70 159 151 175 246 269 144 333 99 216 200 71 205 276 236 344 146 190 148 147 158 267 134 295 350 70 93 197 154 148 151 294 166 108 88 221 279 176 118 133 116 119 299 160 265 133 217 164 205 116 111 173 165 200 0 70 123 200 10 273 164 223 118 184 167 146 256 270 198 232 104 230 153 329 67 187 47 341 116 286 103 204 195 314 141 296 217 161 227 277 135 317 123 308 129 225 18 230 246 204 81 190 114 108 151 94 186 259 184 272 214 253 24 78 125 251 222 241 97 253 225 197 68 203 125 173 203 127 115 211 87 242 228 225 44 187 52 265 217 191 33 120 100 70 141 130 91 261 91 117 77 264 167 321 108 169 83 278 223 254 6 122 18 307 141 190 171 160 32 140 117 263 72 296 291 142 178 249 192 243 39 246 215 186 130 135 101 222 156 165 137 220 127 220 166 210 84 230 166 337 180 220 147 236 117 241 226 95 85 74 224 258 184 174 155 353 48 280 104 266 182 210 92 269 181 274 264 284 31 315 117 145 180 271 185 266 116 251 222 402 133 280 236 155 286 263 103 241 51 112 48 365 27 254 232 307 216 130 228 227 74 253 202 254 142 267 150 67 207 183 7 178 129 250 309 312 52 241 144 187 159 215 238 236 112 137 66 230 59 190 222 224 92 282 119 253 85 327 272 213 184 82 191 126 111 276 190 178 304 263 111 274 135 203 189 360 250 200 185 290 14 160 214 215 180 160 161 184 59 246 89 185 121 346 163 209 80 141 87 195 223 294 172 280 61 231 192 297 92 285 4 220 230 270 177 358 93 142 35 253 259 142 67 301 82 248 102 169 139 237 277 237 45 216 169 238 62 271 152 93 156 163 35 277 46 121 122 150 30 213 102 218 233 189 168 104 145 390 207 162 148 219 88 200 124 177 184 192 237 151 214 209 127 281 65 325 8 111 262 191 96 187 166 284 69 221 126 229 71 143 126 250 241 187 188 198 28 157 93 257 307 272 174 152 105 197 80 99 247 280 187 313 91 328 132 156 138 130 33 168 138 20 221 220 87 176 102 232 4 209 333 161 72
171 242 100 174 186 200 215 198 109 226 67 59 139 178 152 64 421 130 108 101 139 190 58 105 168 263 141 125 93 178 155 298 217 206 265 112 157 205 54 266 213 235 292 209 129 202 108 180 199 165 241 330 41 76 172 161 90 171 251 211 101 103 207 328 106 155 109 168 50 367 153 252 74 264 148 258 77 170 155 154 133 70 0 67 163 74 245 187 156 128 128 110 91 297 233 248 162 150 172 213 260 131 129 108 286 85 278 172 142 228 313 208 227 279 94 198 210 129 254 146 239 186 211 67 163 252 167 94 121 144 68 154 34 198 202 225 202 235 184 93 57 174 196 280 173 80 229 259 130 136 143 188 106 271 94 183 145 144 222 203 156 111 192 100 205 264 133 37 60 167 70 152 63 123 226 160 94 127 224 225 252 156 105 78 213 271 193 65 54 52 283 184 125 202 145 53 81 165 204 67 227 319 78 192 182 239 178 46 189 249 187 188 72 148 168 183 99 201 173 188 156 181 158 147 162 202 317 193 180 205 189 164 174 206 142 99 30 263 234 224 113 194 300 117 233 46 250 238 141 136 248 229 208 262 238 41 245 82 86 216 205 140 221 151 188 268 343 162 219 270 147 308 194 165 220 99 70 110 324 45 189 297 242 237 114 264 161 107 191 208 241 142 208 155 58 212 115 70 141 154 183 362 248 107 184 107 163 145 150 224 178 167 77 120 193 128 121 268 189 26 213 173 188 88 261 291 143 252 75 130 93 119 208 243 169 290 207 116 221 129 136 222 298 252 199 155 266 81 110 256 192 193 97 177 153 100 176 146 138 173 278 145 153 78 117 149 139 260 229 239 236 113 183 201 262 83 220 66 232 231 205 139 324 159 80 101 228 202 99 96 257 89 181 146 143 171 167 338 200 107 149 232 207 63 202 164 76 147 94 103 209 113 55 144 140 78 148 156 158 254 128 206 64 151 320 214 94 218 159 135 130 58 111 201 176 286 81 227 175 192 213 105 294 68 84 279 184 108 123 211 273 42 159 134 182 15 74 171 247 179 120 163 128 74 98 161 250 370 205 195 85 40 130 139 31 307 229 230 315 103 264 141 112 205 72 50 121 168 59 288 193 71 107 130 214 73 146 362 120 130
223 260 42 185 179 205 148 209 55 237 8 42 86 179 85 91 374 165 57 103 72 216 35 146 113 262 91 152 47 169 106 307 237 233 216 106 170 171 60 288 154 194 225 238 143 218 48 165 153 161 175 270 106 59 116 135 25 156 184 216 165 102 157 332 88 160 66 186 63 403 115 200 106 268 102 267 131 196 106 113 130 123 67 0 99 123 183 172 148 112 62 45 125 291 167 257 133 164 107 236 237 168 64 144 220 44 229 213 82 219 268 245 201 301 50 137 199 97 195 138 202 208 160 127 113 215 103 96 105 144 122 218 83 171 137 225 167 214 160 143 55 187 130 297 163 59 170 248 83 176 80 217 63 305 45 221 144 170 167 144 114 153 159 128 142 268 68 92 12 204 76 131 36 130 162 212 58 149 158 244 213 171 49 72 157 275 131 117 37 109 222 188 131 194 101 117 18 179 140 70 188 298 31 168 133 244 122 111 204 239 151 210 97 163 101 173 107 231 106 216 100 159 91 206 117 197 259 168 114 227 121 177 163 152 158 166 49 256 175 223 130 195 233 166 165 22 195 254 103 151 190 236 154 217 171 102 216 38 23 211 152 74 153 154 192 270 279 157 157 259 110 282 157 195 163 128 26 148 257 105 189 326 186 215 174 255 157 174 197 174 190 113 144 129 67 177 112 127 78 146 132 369 190 139 119 49 109 102 94 172 114 187 17 148 128 174 88 270 125 43 178 192 132 84 250 264 116 290 70 69 46 105 190 255 126 236 223 100 154 98 132 212 237 211 161 97 206 130 42 255 136 168 112 156 94 123 140 173 71 190 228 97 87 76 173 209 73 252 173 294 169 140 213 171 197 147 163 118 203 192 200 77 258 195 103 158 170 137 36 110 190 87 173 158 88 168 134 358 135 167 145 258 144 76 171 143 58 108 63 147 164 169 29 135 101 141 150 177 95 231 66 205 29 127 280 181 57 262 171 153 108 27 63 178 127 291 65 198 112 226 198 125 231 124 142 251 141 101 131 216 222 55 169 114 115 56 80 180 202 119 115 107 103 137 123 203 203 391 153 177 46 31 126 169 47 326 162 231 272 100 206 121 48 241 9 91 54 164 119 320 133 60 74 131 160 125 87 341 56 192
321 275 64 201 245 210 73 220 105 244 96 110 114 183 49 155 361 215 61 137 49 247 109 243 120 248 49 196 116 160 51 303 321 264 211 128 253 121 129 304 135 125 154 269 228 236 55 149 168 164 112 172 203 107 36 113 89 144 95 218 263 133 78 318 162 173 69 211 160 434 80 112 203 260 60 269 230 230 54 72 205 200 163 99 0 195 84 155 217 118 68 75 220 267 71 258 181 190 82 260 276 220 76 201 156 84 143 265 93 199 185 286 241 318 118 39 257 89 169 143 224 235 80 210 134 151 4 134 176 157 221 316 183 134 97 218 199 176 209 213 122 205 84 306 226 103 74 222 125 231 85 253 124 337 73 268 220 209 76 50 150 215 114 181 111 262 76 176 111 250 131 119 129 157 63 276 84 188 64 262 230 197 101 120 147 267 109 194 133 192 124 196 213 180 64 205 96 201 105 128 208 251 113 136 148 242 124 202 285 215 104 237 192 190 63 163 194 265 37 248 111 134 53 281 147 190 161 134 22 250 49 198 227 64 189 261 136 235 79 216 219 195 165 232 85 119 104 266 150 181 94 238 151 140 88 189 249 84 92 200 150 29 70 169 266 260 225 159 127 231 80 229 189 235 71 180 93 205 165 191 259 351 167 176 273 230 228 264 272 123 104 97 111 109 133 124 191 206 22 148 144 358 167 191 82 57 38 66 109 88 86 216 99 194 31 235 147 260 26 141 208 219 127 124 304 210 171 330 120 88 74 118 242 261 76 143 304 113 93 89 207 193 197 141 106 23 108 202 60 242 49 135 202 135 21 171 178 212 37 213 220 56 68 124 272 285 66 230 158 359 82 187 303 128 100 245 146 195 153 126 266 24 161 242 197 234 73 94 64 155 103 127 239 183 38 168 177 366 38 245 217 285 45 138 209 124 107 77 136 212 180 243 126 141 75 225 227 209 89 188 86 200 100 111 286 131 128 313 253 186 172 122 116 146 59 282 149 150 13 266 253 169 132 204 241 198 84 126 214 218 133 134 249 114 41 149 171 195 126 107 193 35 166 221 216 257 123 399 156 153 123 131 203 212 146 335 92 225 192 130 179 116 51 282 100 167 48 164 203 348 39 113 140 151 73 200 97 291 43 272
206 175 135 118 258 145 261 139 174 165 118 88 205 130 202 40 492 59 135 75 189 120 93 161 234 210 157 60 161 141 168 236 278 135 335 90 224 191 67 197 276 227 342 138 198 138 143 148 269 124 293 343 79 88 191 145 148 141 290 156 119 79 213 269 180 108 127 106 124 293 153 257 140 207 157 196 125 101 167 157 206 10 74 123 195 0 267 154 229 109 183 166 154 246 266 188 236 93 229 144 334 58 187 38 339 112 277 97 205 184 305 135 301 209 163 222 283 127 318 114 312 119 217 28 232 236 200 73 195 104 117 161 101 176 258 174 276 204 258 20 75 115 250 213 247 92 247 215 199 62 203 117 176 197 123 109 217 78 235 222 228 37 178 41 264 207 190 37 121 93 65 132 133 81 255 89 111 67 260 158 325 97 170 77 279 213 254 10 125 26 301 131 197 160 153 42 140 107 262 67 300 281 144 168 251 182 244 48 254 204 177 120 142 91 220 146 171 129 217 118 221 157 208 86 232 156 330 171 216 138 233 106 247 219 84 95 75 214 252 173 182 144 351 44 277 104 259 173 213 81 263 171 275 256 281 39 319 114 146 169 273 182 263 105 258 212 401 123 279 226 147 275 267 94 234 41 110 39 360 35 261 224 308 205 140 218 234 83 261 193 246 134 267 141 63 198 189 17 174 119 252 299 312 42 239 140 181 152 215 230 235 103 138 56 226 54 194 212 219 95 286 109 254 77 334 262 217 178 76 191 122 103 282 180 170 296 272 103 272 127 209 179 360 241 191 180 284 8 158 203 209 170 167 151 179 49 249 79 182 111 348 156 208 73 151 90 194 212 294 172 277 51 240 183 292 103 285 10 210 221 277 173 352 85 149 39 246 258 139 57 297 75 254 92 163 129 241 269 232 50 222 161 233 57 276 143 88 148 166 28 280 48 123 112 143 39 220 92 218 223 189 157 102 136 393 197 165 144 227 78 204 126 179 174 185 227 155 204 204 119 287 55 319 18 121 252 183 88 194 156 276 68 228 117 226 73 148 116 242 241 193 182 202 38 164 87 248 299 273 164 154 107 203 71 103 239 277 177 304 82 329 123 153 131 130 32 166 128 30 214 214 82 179 92 224 8 209 323 158 77
405 305 145 240 319 239 89 254 185 271 180 189 186 217 120 227 380 273 137 198 127 291 188 326 182 258 110 254 198 189 99 315 400 306 249 185 333 125 205 333 177 103 137 311 310 272 137 175 224 200 121 88 285 181 76 146 172 174 68 244 345 194 69 321 242 216 141 255 244 467 121 60 287 275 110 290 314 277 101 114 284 273 245 183 84 267 0 179 293 169 146 156 304 266 39 279 251 237 140 298 336 279 153 264 147 162 86 320 164 212 127 334 303 347 199 47 327 143 196 186 278 277 66 286 198 127 80 197 254 202 305 398 266 147 137 237 260 176 278 283 198 246 125 329 300 176 23 224 199 291 156 299 203 376 152 320 298 262 42 45 219 279 127 244 151 276 151 253 195 304 202 158 212 211 30 338 157 243 51 296 280 243 181 190 192 280 157 267 217 268 40 230 293 201 115 283 180 245 145 201 263 228 196 153 208 263 182 280 364 221 119 279 276 238 123 190 276 309 95 293 177 157 120 350 213 213 78 150 74 289 90 241 300 52 239 341 217 241 21 236 301 224 148 298 83 202 46 294 223 232 26 262 199 99 78 267 307 163 176 219 200 112 75 212 342 272 216 196 163 230 125 203 251 286 39 243 174 268 106 268 334 383 202 175 357 233 304 342 348 125 61 142 150 146 207 123 271 279 105 188 203 361 199 254 132 138 86 116 177 59 140 262 183 252 59 298 224 272 58 224 267 262 180 190 370 186 245 374 191 163 152 172 309 286 106 71 382 169 113 143 285 207 206 112 111 90 26 272 144 253 59 151 284 161 91 233 244 265 119 256 254 111 136 193 356 354 141 236 197 419 70 247 385 137 35 327 187 269 146 109 339 106 87 297 281 305 24 132 147 218 75 193 312 231 104 203 245 384 53 317 295 322 39 211 273 156 180 123 217 278 235 312 210 184 126 300 306 258 154 180 162 224 180 150 324 130 209 365 333 238 248 206 194 159 85 294 231 147 71 314 321 229 52 278 325 176 100 185 295 245 72 212 328 162 89 230 254 235 93 162 273 85 243 297 299 314 83 416 207 171 206 214 282 267 229 356 102 245 137 190 205 161 134 330 184 241 132 199 279 384 53 187 220 201 52 273 166 261 127 343
353 126 142 67 351 61 225 76 219 93 164 138 243 41 196 128 515 124 126 86 188 118 144 292 261 94 109 107 217 14 104 148 401 131 362 75 337 57 134 155 287 93 301 136 308 94 144 7 309 32 266 227 217 118 124 43 187 16 233 66 269 84 110 165 260 52 112 85 222 288 75 139 259 106 95 115 262 109 101 83 301 164 187 172 155 154 179 0 320 62 198 191 277 119 200 104 302 75 232 120 406 130 206 128 306 128 147 159 229 47 163 162 370 169 220 151 371 78 323 41 363 104 113 181 270 91 158 93 277 50 253 314 220 34 252 63 332 50 330 158 133 73 239 153 335 116 155 76 247 142 222 127 233 198 131 154 315 104 137 143 279 143 52 114 264 107 208 167 182 142 117 42 207 72 186 188 115 95 202 117 372 78 213 110 297 112 260 161 204 171 197 53 299 25 92 190 186 75 259 121 348 132 203 26 288 88 268 193 370 67 60 105 254 78 214 12 273 135 192 121 249 22 201 214 279 35 213 30 174 112 204 72 335 127 82 248 161 85 158 61 293 45 313 161 233 174 148 116 271 79 161 85 298 120 233 179 383 135 188 45 297 166 219 52 362 105 377 31 281 87 77 123 322 121 140 114 147 130 285 177 360 205 320 52 289 83 328 236 367 58 130 63 265 48 129 62 282 171 148 35 285 204 321 118 235 139 118 90 245 122 237 93 187 108 172 154 259 106 163 186 342 92 273 99 423 108 287 198 113 217 129 69 361 108 81 173 389 74 247 77 303 40 352 101 68 132 183 155 171 88 128 29 275 20 134 105 307 106 174 84 371 100 212 109 297 218 204 81 310 257 225 108 370 45 213 252 298 162 61 86 372 147 262 136 262 182 155 248 152 98 241 98 346 72 120 30 302 211 176 193 316 145 162 124 339 32 118 79 235 147 321 183 196 44 84 193 320 93 232 69 214 46 146 48 434 57 228 197 338 85 280 196 229 25 102 128 236 55 153 144 370 98 225 172 264 98 80 79 299 66 151 146 337 58 196 173 245 63 110 255 286 121 275 192 281 156 120 245 302 12 218 187 297 113 196 181 244 70 158 83 334 51 154 158 181 148 168 29 180 205 142 120 246 61 126 161 234 175 151 215
170 396 184 325 31 348 219 349 112 377 156 184 107 323 173 217 293 286 201 245 168 345 178 105 120 408 231 280 106 316 245 449 109 362 160 250 52 316 194 421 155 334 263 365 49 355 186 313 106 307 218 380 160 204 248 283 139 304 261 359 179 244 291 476 61 302 212 322 107 522 261 329 95 412 245 409 132 325 247 257 23 223 156 148 217 229 293 320 0 259 150 145 92 438 263 399 52 301 158 368 108 287 141 264 249 192 360 326 129 366 402 364 81 434 104 255 54 245 181 284 109 341 294 215 103 358 219 237 44 288 133 214 130 319 176 370 80 362 44 247 192 325 181 434 18 205 290 396 94 291 137 344 95 426 191 338 17 299 293 267 80 266 305 255 168 412 143 193 138 322 213 279 114 270 264 310 206 280 250 379 124 308 118 214 144 419 155 219 118 205 332 331 37 341 245 198 136 317 172 208 105 445 118 315 106 388 126 189 74 386 296 342 90 300 172 320 59 357 198 344 120 307 173 287 88 343 371 316 220 360 205 315 18 281 294 205 169 403 294 369 59 339 265 270 236 148 321 391 71 287 309 379 133 354 244 192 101 186 136 358 131 189 232 297 49 415 277 303 170 407 256 429 78 321 288 254 174 266 327 196 42 453 165 363 168 403 11 228 55 319 321 261 171 277 201 322 40 222 204 292 111 512 173 262 170 190 243 246 118 304 160 321 135 275 235 282 70 415 238 142 86 327 134 227 106 410 49 407 212 130 193 252 55 395 270 359 90 247 207 246 20 359 226 352 305 227 319 236 163 401 265 316 65 304 224 253 68 301 180 326 173 240 158 217 154 289 153 400 154 381 247 267 109 318 292 173 154 220 349 334 52 204 344 314 83 249 289 181 175 245 262 228 26 296 226 313 61 493 241 251 9 388 258 209 69 291 203 254 87 258 106 261 124 281 247 221 23 310 142 379 132 350 175 275 187 327 94 370 49 287 46 124 102 326 264 435 85 344 230 348 58 257 328 219 149 398 284 246 41 359 350 183 42 262 205 162 82 320 340 143 36 241 51 218 77 316 338 525 125 325 103 136 26 295 132 462 220 376 408 243 187 269 180 360 140 205 173 309 208 443 256 202 78 274 289 226 128 489 186 268
297 160 86 84 290 97 191 105 161 131 103 77 188 70 149 75 468 104 72 34 139 129 82 233 209 150 70 84 158 57 74 198 340 146 311 19 275 82 74 189 239 118 272 151 247 119 90 54 254 51 230 238 161 56 98 36 128 46 209 107 216 30 108 221 199 56 58 93 161 316 49 150 198 157 61 160 204 112 71 55 239 118 128 112 118 109 169 62 259 0 145 135 217 179 179 149 243 72 184 142 348 110 153 96 274 69 168 151 176 107 196 169 311 203 160 130 311 30 278 28 308 117 112 134 215 129 122 38 216 39 195 265 161 71 208 114 275 108 271 120 72 88 196 194 274 55 147 137 190 122 169 135 173 219 74 152 254 93 132 126 222 112 70 77 219 158 155 113 121 136 58 25 145 41 166 170 56 74 177 146 318 78 155 50 247 165 213 113 142 121 199 82 238 82 57 140 127 83 215 61 293 192 143 64 234 135 216 141 309 127 68 119 192 73 168 61 212 147 152 130 196 54 155 185 222 86 224 66 139 132 166 80 274 118 72 200 100 144 151 113 232 85 283 131 203 112 153 152 213 64 160 128 248 146 204 126 326 75 129 100 246 120 188 51 301 159 343 47 236 148 45 180 265 119 133 77 86 100 271 125 299 234 273 109 235 144 267 192 305 85 139 27 220 32 70 90 221 125 104 35 232 258 275 86 190 85 89 55 191 125 190 98 127 83 143 130 199 159 134 124 286 101 223 40 362 164 227 212 53 163 72 8 302 149 65 188 328 12 210 29 242 100 312 132 82 96 182 113 117 143 111 66 214 49 97 66 249 97 126 95 322 64 163 50 241 189 153 141 261 249 198 78 309 76 200 198 250 115 106 112 311 103 256 128 200 144 147 205 96 53 217 40 285 65 80 57 244 255 148 156 255 167 142 67 281 37 56 47 174 113 267 149 135 25 45 148 259 92 182 127 160 94 85 27 382 90 168 197 277 69 219 135 171 73 84 180 175 100 121 149 310 61 221 125 208 152 75 22 237 107 168 86 275 8 158 113 184 78 133 205 225 91 215 146 220 145 139 288 250 68 158 126 236 98 135 223 210 121 196 28 289 14 101 164 120 95 116 53 131 231 121 59 186 33 121 116 180 235 101 181
266 304 60 227 177 243 90 250 39 276 65 97 48 216 28 148 323 220 73 149 19 265 91 186 64 292 92 205 53 198 103 342 254 283 166 146 187 178 118 332 97 189 164 288 164 262 55 191 111 196 113 234 165 106 100 156 38 184 130 252 220 146 144 363 96 200 87 232 107 455 126 180 147 301 107 305 180 246 106 120 138 184 128 62 68 183 146 198 150 145 0 18 163 316 120 294 114 210 46 283 213 224 9 201 158 82 210 270 31 245 253 299 177 347 54 106 190 121 137 173 166 256 146 189 72 214 70 143 109 183 173 272 137 186 75 258 137 230 143 203 111 230 68 338 159 104 140 271 58 233 24 268 57 356 73 276 153 222 144 117 85 212 168 183 81 302 10 154 68 259 129 156 75 175 119 271 92 199 109 289 175 217 36 121 103 308 72 178 82 171 186 227 147 222 108 179 47 224 79 124 150 309 57 185 90 280 71 173 219 263 158 257 135 210 40 202 131 281 54 266 51 180 32 268 83 229 224 184 72 273 66 222 159 132 206 226 110 283 145 256 156 230 172 226 108 83 171 296 83 198 160 274 102 207 115 164 188 77 42 241 101 40 98 195 198 302 218 191 97 281 123 290 127 248 139 183 75 205 203 167 191 375 130 230 226 279 160 235 204 180 172 135 83 150 123 182 125 188 57 180 87 402 133 194 57 60 97 110 47 155 52 235 51 201 87 232 80 302 89 102 147 239 78 131 238 271 104 344 120 21 75 141 175 294 130 210 237 135 93 122 140 238 177 206 165 81 172 191 29 285 116 185 140 179 77 176 114 225 31 235 177 102 25 126 221 271 11 278 118 355 114 193 239 182 151 204 107 180 211 189 198 57 210 250 139 219 140 75 51 161 134 134 171 203 84 202 111 400 94 229 150 307 109 132 145 166 106 121 72 206 123 230 77 170 115 203 161 226 37 245 18 238 82 150 237 188 63 319 187 201 104 73 48 196 120 324 87 207 80 279 186 176 187 186 194 258 142 143 149 253 201 116 182 144 62 118 111 222 192 61 127 95 99 199 156 260 190 433 105 199 62 88 136 222 102 368 102 265 259 144 149 150 45 294 57 152 30 198 181 370 107 110 74 173 140 186 36 351 47 254
252 292 49 216 174 232 106 239 32 266 48 81 53 206 43 132 336 205 65 136 32 252 75 172 74 284 89 190 41 190 102 333 246 270 178 135 179 176 102 321 111 190 181 274 154 250 47 183 119 186 131 245 147 92 103 149 21 176 145 242 204 134 147 355 87 189 79 220 91 441 122 186 132 292 104 295 164 232 104 117 131 167 110 45 75 166 156 191 145 135 18 0 149 310 134 284 114 197 63 270 217 208 20 185 176 69 216 254 41 238 258 284 180 335 43 114 189 113 153 163 173 243 150 172 80 214 77 130 102 172 157 256 120 182 92 249 141 226 143 187 95 218 85 328 155 90 149 265 58 218 37 255 50 342 62 262 146 207 150 124 88 196 165 168 98 293 24 136 51 244 114 149 59 162 131 255 80 185 123 277 183 205 27 107 116 300 87 161 66 154 196 217 138 214 105 162 30 212 96 109 158 307 41 180 99 271 83 155 211 257 156 245 121 197 57 194 120 268 68 252 61 174 48 250 88 220 234 179 83 261 82 209 156 137 193 208 93 276 154 247 145 220 189 209 125 66 178 285 83 185 168 264 115 210 131 147 192 63 24 233 113 46 114 184 193 294 235 182 113 276 118 288 131 234 145 167 60 189 219 149 186 362 144 226 210 273 155 218 198 178 177 128 100 144 108 181 117 171 59 170 97 393 148 179 74 52 98 106 56 160 69 222 33 187 98 216 75 294 98 85 152 227 91 118 238 270 102 329 106 28 64 130 175 284 128 218 229 124 110 114 133 231 194 208 163 83 182 174 20 277 121 180 128 172 80 161 117 211 38 223 190 98 43 111 206 254 29 271 131 338 130 179 229 179 164 187 121 163 209 190 195 59 224 235 125 202 148 93 40 147 150 120 167 191 82 193 113 389 105 211 144 294 118 116 149 159 92 116 61 190 131 213 60 160 109 185 153 213 52 241 25 229 66 143 247 186 53 304 179 188 99 56 43 191 120 315 75 205 88 265 186 162 200 169 178 257 141 131 140 243 207 99 174 135 77 101 98 211 195 76 119 96 94 181 143 245 194 422 116 193 49 71 129 207 85 357 119 256 263 131 164 141 38 280 39 135 29 188 164 356 113 95 67 161 145 169 46 349 43 237
104 328 166 265 114 290 250 287 126 315 130 142 143 269 191 155 383 214 180 192 180 275 138 23 169 354 215 212 110 269 230 388 126 290 241 203 70 289 143 351 214 316 314 292 47 290 172 270 178 256 264 392 77 162 241 248 132 261 292 301 88 193 281 418 80 246 187 257 62 441 235 325 19 355 225 347 41 256 230 234 71 146 91 125 220 154 304 277 92 217 163 149 0 388 283 338 125 240 193 299 199 213 158 192 303 162 353 247 159 319 392 286 172 363 109 259 140 213 249 237 197 273 285 135 156 335 224 185 82 235 43 127 57 285 220 316 164 325 133 169 144 264 219 367 109 164 294 350 129 214 164 271 111 348 167 260 75 230 291 267 138 190 277 188 217 355 161 122 112 246 161 240 92 214 280 225 174 215 271 312 212 245 128 167 208 362 203 144 88 129 344 274 55 293 223 117 124 255 219 157 191 408 108 280 169 330 178 108 100 340 270 274 28 238 199 274 42 283 216 273 162 270 194 199 147 293 381 281 231 292 229 254 109 276 231 114 117 354 299 315 33 285 319 191 269 111 320 326 122 226 313 320 199 341 276 116 193 157 128 307 196 192 260 242 106 359 346 253 225 361 229 396 159 248 287 187 143 193 364 120 112 377 234 326 79 355 91 137 108 292 314 228 220 242 148 296 63 143 201 245 173 451 241 193 207 174 233 224 157 297 198 255 121 207 247 204 105 359 246 93 172 261 189 178 186 379 110 327 164 152 167 208 146 332 248 360 117 205 247 214 74 313 296 333 282 221 329 160 160 347 261 281 31 265 218 190 143 232 186 262 255 221 182 168 68 200 171 351 221 292 276 200 93 287 313 82 217 144 319 313 128 200 372 239 24 166 293 223 161 187 295 179 112 236 213 263 134 423 253 166 83 315 266 154 157 253 162 228 94 182 183 178 96 234 221 137 74 244 176 343 152 297 140 238 278 299 101 288 74 224 95 99 121 289 251 376 76 314 234 273 147 195 348 141 57 367 263 198 50 301 346 131 76 222 225 104 52 261 326 189 65 232 97 134 15 237 327 453 192 285 101 97 69 224 84 393 259 321 395 194 257 229 172 283 121 138 172 259 128 366 257 158 99 221 284 150 160 452 179 180
452 107 261 128 469 101 332 110 338 90 282 255 362 119 311 233 628 195 245 196 305 148 260 400 379 37 225 187 336 122 218 64 513 147 477 188 451 148 247 118 401 163 400 150 423 118 262 127 427 133 372 280 320 234 233 160 306 135 330 91 364 196 203 56 378 142 231 142 337 234 191 210 370 48 211 72 367 157 214 197 418 256 297 291 267 246 266 119 438 179 316 310 388 0 297 72 421 153 347 131 525 200 325 210 408 247 200 202 347 72 188 180 489 125 339 253 490 197 435 154 482 140 204 273 388 141 269 204 395 153 358 402 330 133 364 72 451 92 450 242 247 131 351 99 453 233 245 45 366 207 340 159 352 176 251 189 432 173 226 242 398 221 153 205 378 49 326 270 300 188 228 161 324 174 282 240 234 179 302 115 491 149 332 225 412 46 375 255 320 269 270 115 415 97 208 287 305 140 372 233 466 70 321 132 406 68 385 292 484 53 163 140 367 155 328 118 389 157 304 153 367 136 317 276 397 95 269 133 283 129 314 140 453 223 162 337 274 35 245 73 407 103 412 234 336 290 224 99 391 165 243 79 415 174 334 280 502 254 307 81 414 282 323 146 479 41 479 136 394 37 193 88 441 171 231 206 265 211 366 277 477 162 434 93 386 37 446 319 483 147 206 182 378 166 241 147 400 262 264 146 403 95 434 204 349 258 229 206 363 208 352 148 306 190 278 222 378 41 269 300 461 142 390 212 541 94 406 192 228 336 249 186 480 84 191 230 503 191 356 196 421 79 460 157 163 245 260 244 290 43 230 133 390 138 247 201 426 172 290 138 486 216 329 223 397 279 321 39 424 280 326 195 479 139 301 349 413 256 121 157 490 263 335 188 375 261 245 360 271 202 338 211 464 155 235 126 421 132 280 271 434 139 263 234 458 151 235 196 353 228 439 257 314 157 201 281 437 157 349 86 333 90 264 167 551 140 347 214 453 168 398 314 348 121 209 46 353 121 262 172 489 195 301 264 366 99 184 193 414 91 211 259 452 177 306 285 361 130 175 371 403 232 394 281 394 205 186 160 419 117 337 303 414 181 311 114 350 69 177 196 446 170 272 178 299 252 286 129 275 172 245 236 365 167 218 253 352 94 270 285
386 325 135 256 287 259 51 273 159 293 166 181 155 235 93 225 342 281 131 203 102 305 180 305 147 285 111 261 173 208 105 342 371 322 210 192 305 151 200 354 138 135 104 327 283 290 126 195 187 217 83 118 273 178 81 162 152 193 34 266 332 199 94 351 215 230 138 269 225 487 133 97 266 301 117 314 297 290 108 125 255 270 233 167 71 266 39 200 263 179 120 134 283 297 0 303 218 250 106 315 299 286 126 268 112 155 124 329 134 238 166 347 267 368 174 49 293 150 157 199 240 293 92 281 164 161 67 201 226 215 289 385 250 171 99 261 224 205 244 283 193 262 88 352 268 173 53 253 169 298 126 312 177 393 144 331 269 272 71 57 186 283 149 248 113 302 124 247 178 314 201 172 192 220 14 343 154 252 13 315 242 256 156 189 153 307 120 264 198 263 72 248 266 224 122 276 161 259 107 199 225 264 175 176 172 287 146 272 335 249 140 294 255 251 91 210 251 324 67 307 144 178 91 351 180 235 110 173 53 306 57 256 268 74 250 331 207 269 54 259 276 244 116 301 44 188 83 316 192 243 64 285 162 136 39 260 270 155 156 242 162 93 37 226 311 299 182 212 124 260 135 239 216 297 65 247 164 272 95 262 302 404 163 204 341 262 273 335 317 151 96 153 112 160 203 150 244 276 93 203 167 391 160 259 96 128 90 123 145 89 105 275 164 259 40 302 195 299 47 210 231 277 143 192 335 221 214 389 190 135 145 180 275 308 121 110 352 176 74 150 257 232 169 147 136 86 63 272 126 280 72 174 260 180 87 238 210 275 98 271 215 116 106 193 339 355 113 264 159 426 31 253 359 161 31 314 149 266 176 140 306 94 91 306 259 304 53 94 134 222 42 195 280 243 103 220 212 410 33 316 265 340 38 209 237 173 177 133 192 280 198 313 191 198 134 296 277 270 121 211 134 246 171 164 285 157 184 376 305 248 218 188 167 183 99 321 208 176 61 327 287 235 66 275 309 210 120 191 269 266 111 205 299 172 59 219 231 251 128 126 246 88 213 292 276 322 119 442 170 194 182 199 254 276 214 380 63 269 176 195 166 173 120 343 167 238 113 216 274 403 59 183 193 212 78 271 135 298 113 342
392 37 235 74 430 52 329 51 309 23 249 217 337 79 296 184 616 132 221 155 287 79 223 348 358 39 211 128 304 98 208 50 464 76 460 152 405 155 204 58 387 183 405 78 377 51 239 109 404 98 369 314 266 198 228 145 276 114 336 42 304 156 211 81 341 97 207 82 293 190 178 232 322 23 198 11 313 91 205 186 377 198 248 257 258 188 279 104 399 149 294 284 338 72 303 0 389 99 332 59 494 136 302 150 410 216 231 131 325 69 231 109 458 69 306 255 452 175 424 121 457 72 213 214 364 169 261 162 358 113 304 337 281 133 354 42 423 110 416 181 207 74 341 50 415 198 256 73 338 141 318 88 320 112 223 118 391 111 238 246 370 158 154 150 365 23 305 217 264 119 186 140 286 129 289 170 204 123 306 44 467 93 303 186 396 28 360 198 281 213 293 69 372 79 195 229 274 83 361 191 442 135 287 127 383 17 365 236 437 68 163 72 320 100 315 95 345 85 294 83 345 126 302 207 371 69 302 130 278 59 307 84 415 230 107 275 230 57 258 44 361 64 417 168 337 251 244 28 360 112 260 21 397 203 337 225 473 223 276 61 395 267 323 103 436 31 481 103 382 77 179 145 413 103 242 151 232 150 385 221 436 108 421 112 326 67 405 254 439 154 225 163 366 150 198 157 359 203 249 114 381 114 422 146 336 234 222 192 340 221 338 86 273 132 276 156 345 31 267 257 434 79 372 173 504 144 372 124 188 312 221 154 445 13 185 260 455 160 351 174 380 73 455 183 169 235 280 185 266 37 231 130 344 124 237 148 397 110 273 77 471 202 312 183 338 210 302 61 410 209 329 138 427 143 315 289 398 198 140 176 450 248 359 120 328 197 256 351 245 154 345 171 425 103 221 92 391 108 280 206 393 69 266 190 428 134 198 181 318 166 416 191 275 124 184 220 394 96 330 117 309 59 228 148 531 150 313 143 407 114 363 276 318 120 206 40 315 137 257 101 453 143 323 205 309 142 183 156 370 42 239 215 407 150 299 239 318 78 199 354 363 225 359 220 346 136 210 141 399 109 302 263 374 119 267 77 348 35 222 157 435 145 250 106 266 200 265 97 217 113 246 198 331 126 228 194 330 165 249 217
216 391 161 317 69 337 171 341 83 369 141 173 66 311 133 215 262 289 177 235 131 345 167 144 71 393 203 279 86 300 216 439 159 362 116 238 103 290 188 418 103 303 211 366 93 350 161 295 55 293 168 336 178 191 214 262 115 287 213 348 211 234 258 464 57 292 190 317 114 528 236 292 122 400 218 400 163 324 218 231 58 232 162 133 181 236 251 302 52 243 114 114 125 421 218 389 0 295 112 366 105 290 105 267 198 175 323 333 88 349 365 369 68 432 83 217 77 225 130 270 77 338 260 228 54 328 182 228 45 276 161 253 145 295 127 357 41 339 29 256 185 319 133 429 51 191 250 377 57 297 97 345 70 430 171 344 65 298 256 229 32 272 279 254 117 401 105 200 126 327 206 260 106 262 221 322 188 278 205 375 91 302 90 204 92 407 105 227 113 214 288 321 76 325 219 212 116 311 122 200 67 421 102 293 54 377 76 203 125 369 270 340 112 294 128 304 84 358 156 344 74 286 132 305 39 329 327 293 179 357 161 309 51 245 289 232 167 387 254 356 98 327 213 280 188 140 282 386 31 282 269 369 82 320 195 202 84 168 114 343 79 154 185 287 96 402 227 289 118 388 231 402 34 322 250 254 158 270 277 207 86 455 115 340 205 385 61 252 102 292 284 240 120 256 195 295 63 233 171 278 60 501 122 264 123 165 211 220 74 268 113 318 116 275 194 291 45 402 198 142 51 323 83 216 124 384 19 413 202 93 173 237 62 387 242 319 140 231 157 225 57 342 176 320 277 194 277 244 134 387 230 293 94 284 191 251 18 301 145 321 129 213 116 207 192 307 114 383 103 399 199 267 160 293 246 202 103 229 323 303 88 171 296 318 109 262 249 131 151 240 213 219 63 290 196 300 9 489 199 267 58 387 218 204 40 271 191 230 72 264 59 275 117 267 223 237 73 307 97 355 95 337 161 255 159 300 76 380 100 283 33 115 73 304 233 423 81 319 192 351 72 254 282 230 180 371 255 233 81 348 312 179 93 245 162 164 93 312 306 94 61 209 34 233 111 323 303 522 74 305 87 132 60 295 133 457 171 364 373 232 137 251 152 365 124 208 142 296 220 446 219 192 59 264 253 235 85 463 157 287
299 96 150 25 332 52 263 48 218 76 156 122 248 40 218 86 533 50 140 61 207 57 129 250 272 117 142 35 211 61 145 149 365 74 376 64 306 128 107 124 306 166 344 80 278 54 156 73 315 43 301 297 169 106 169 91 186 69 281 63 212 64 171 179 244 24 126 22 195 246 117 207 223 115 133 108 216 41 142 125 279 104 150 164 190 93 237 75 301 72 210 197 240 153 250 99 295 0 252 73 399 56 217 59 345 128 220 85 239 94 238 98 364 138 213 200 355 101 346 51 366 46 175 121 275 166 194 68 261 35 207 251 183 107 277 80 331 121 321 91 111 24 266 133 318 107 214 123 247 67 234 63 227 148 137 83 293 29 198 195 278 72 119 53 287 115 220 119 169 69 89 80 191 35 237 113 118 26 248 80 377 7 212 92 313 122 280 103 185 116 262 38 274 73 128 134 182 16 283 95 351 191 194 98 295 90 280 140 338 113 123 48 221 3 237 64 247 75 223 58 259 89 224 139 281 65 283 102 211 63 237 14 318 185 9 186 132 121 218 80 262 52 355 88 275 156 214 91 267 14 224 80 312 194 276 128 380 134 185 78 310 190 260 25 337 120 414 46 304 134 115 189 321 49 199 53 140 61 341 125 337 165 340 123 233 125 308 170 341 130 197 96 289 92 101 134 261 110 175 50 294 212 342 52 259 151 160 127 253 186 258 26 181 38 215 80 251 120 206 159 342 30 288 80 407 178 277 140 94 225 135 73 349 94 131 244 357 78 281 101 282 89 381 175 135 168 247 92 181 110 180 101 246 84 169 50 304 31 195 26 387 135 231 88 244 143 219 120 328 185 270 42 329 117 269 196 317 103 136 159 352 173 323 62 229 112 214 275 159 56 289 78 327 7 151 45 298 194 220 123 296 97 212 92 334 83 106 117 223 78 327 111 179 53 116 130 296 21 247 138 223 65 136 87 443 131 219 128 309 16 267 181 227 100 153 137 218 131 193 78 356 45 287 111 213 169 138 67 272 63 223 118 309 77 229 140 221 23 183 271 265 162 264 129 247 81 192 227 313 87 208 166 276 37 170 162 282 84 234 66 357 77 167 93 173 102 183 46 123 160 191 104 236 39 186 100 244 232 169 143
297 344 102 268 181 281 61 289 69 315 111 142 53 254 36 194 284 265 112 192 45 308 137 216 42 326 122 249 86 234 130 379 267 326 130 188 204 203 163 373 55 206 122 331 184 303 96 225 87 234 72 223 207 151 118 189 82 219 103 290 260 189 159 396 117 240 127 274 144 498 157 186 180 337 137 343 217 289 133 150 154 230 172 107 82 229 140 232 158 184 46 63 193 347 106 332 112 252 0 325 198 269 43 246 115 126 217 315 34 278 260 343 164 387 86 111 188 157 94 212 143 298 160 234 59 233 81 186 125 223 210 311 177 215 30 293 121 258 139 249 156 271 26 378 163 148 141 302 68 278 30 312 82 399 116 321 167 265 150 124 81 257 195 228 36 338 39 199 112 303 174 192 114 217 109 317 134 243 92 329 149 259 69 165 65 344 29 224 122 216 177 266 167 257 139 224 91 266 33 169 127 333 96 216 69 317 43 217 232 295 185 300 168 252 20 238 156 325 49 309 39 212 31 313 74 265 215 214 73 315 49 263 163 142 249 268 156 315 145 292 180 267 129 271 78 128 175 336 87 240 159 311 68 218 86 209 170 121 86 276 68 65 73 235 207 337 172 229 52 311 155 311 112 292 145 227 121 250 172 212 197 417 89 258 263 310 169 279 213 205 180 170 38 184 169 206 145 234 84 218 64 436 91 239 13 101 119 141 40 166 7 278 94 246 86 278 94 337 92 146 129 281 44 175 231 292 109 388 164 43 118 181 170 333 157 210 249 175 53 158 155 271 132 222 188 103 166 236 73 320 129 214 167 212 100 220 105 268 58 277 140 132 22 170 257 316 35 310 78 400 88 238 260 209 134 244 66 225 235 208 201 85 186 294 170 265 141 31 94 205 105 178 175 245 112 240 106 438 90 274 161 349 109 177 133 199 150 153 99 252 99 276 119 209 148 248 174 269 18 270 44 274 127 184 204 212 93 364 203 244 116 115 73 226 141 359 118 232 91 323 182 220 170 231 232 280 166 184 170 290 205 161 197 182 52 163 143 262 206 25 146 116 111 244 184 306 201 472 74 231 96 132 152 266 144 407 65 301 268 186 105 187 85 338 101 197 69 235 226 412 116 154 96 214 151 231 33 373 84 299
342 31 223 59 398 61 333 45 291 42 228 194 320 81 290 152 606 85 212 134 280 24 201 306 344 96 211 88 282 109 212 97 423 17 449 137 368 177 177 53 379 212 413 20 341 26 229 123 388 98 372 346 223 178 236 153 258 124 347 61 254 137 229 133 313 86 198 51 261 174 183 259 284 82 201 61 269 43 209 191 346 153 213 236 260 144 298 120 368 142 283 270 299 131 315 59 366 73 325 0 469 87 290 107 415 201 264 73 312 107 272 51 434 66 285 266 422 171 419 117 437 28 232 168 348 204 263 141 330 103 261 284 244 154 350 78 402 147 391 133 182 54 338 69 385 180 274 123 319 89 306 31 298 78 210 59 358 69 256 259 350 110 172 113 360 82 293 178 241 62 160 143 260 108 301 112 191 88 315 16 449 66 285 164 386 87 353 155 254 170 318 68 338 102 197 185 254 59 356 166 423 190 265 147 368 65 353 192 398 116 179 26 284 73 309 108 312 26 294 27 331 141 296 149 353 90 333 150 281 10 308 62 385 246 78 223 200 111 277 80 325 76 424 116 343 226 268 34 339 86 282 56 385 237 344 183 450 207 258 91 383 262 329 91 401 90 485 103 377 130 182 198 393 51 259 114 212 106 404 179 402 92 413 149 277 120 374 201 404 178 250 163 361 155 171 182 328 158 246 113 366 158 415 106 331 224 228 195 326 242 331 48 253 93 283 103 321 90 274 226 413 44 361 153 474 193 348 78 166 298 208 144 418 47 194 292 416 150 352 171 349 107 454 217 189 237 303 140 254 92 244 150 309 137 238 115 376 67 267 48 460 204 303 160 290 152 292 113 400 153 338 101 384 165 332 241 389 155 173 205 418 245 382 65 292 145 274 347 232 126 356 150 394 80 221 95 369 125 287 153 362 25 277 162 405 142 179 184 294 119 399 138 249 119 185 171 361 59 320 159 296 81 208 152 515 177 290 87 370 83 337 251 299 144 217 95 287 169 262 42 424 112 346 160 263 189 198 140 336 60 270 187 371 146 300 206 287 65 229 344 332 230 334 172 308 79 239 157 386 130 279 235 342 74 237 94 352 75 265 139 430 144 240 48 245 163 256 99 172 89 256 177 307 111 246 150 316 223 241 161
259 495 265 421 86 442 249 445 187 473 245 277 165 416 227 317 198 390 281 339 229 447 271 209 157 498 305 381 190 404 317 544 155 464 115 343 140 391 292 521 163 401 259 468 153 453 264 399 112 398 230 414 268 296 311 366 220 391 285 453 285 338 354 568 155 396 294 420 210 627 338 384 203 505 320 504 239 427 319 333 130 329 260 237 276 334 336 406 108 348 213 217 199 525 299 494 105 399 198 469 0 390 204 367 242 279 415 432 184 453 458 468 37 535 188 309 61 329 163 375 61 441 356 322 143 427 277 332 139 381 241 315 236 398 200 462 78 442 78 352 288 422 211 532 90 296 340 481 159 396 192 446 174 531 275 443 123 400 348 322 129 371 381 356 186 505 204 297 230 426 310 364 209 366 306 417 292 380 286 478 66 406 194 308 147 512 179 325 215 311 370 425 144 429 321 305 221 415 193 304 75 523 206 397 129 481 155 296 137 473 372 443 197 398 217 409 166 459 247 446 165 390 225 395 131 434 408 396 271 460 247 413 90 339 393 312 269 491 343 460 166 432 256 377 261 243 373 490 135 385 357 473 138 416 268 298 29 272 219 447 137 252 263 391 106 507 241 394 178 492 334 503 87 423 343 355 263 370 336 302 95 556 150 443 272 489 107 335 109 394 378 344 188 360 298 396 146 328 270 383 134 606 156 365 204 268 310 323 168 363 196 421 221 377 284 388 149 507 290 243 69 426 156 321 49 484 122 512 306 192 277 341 53 491 343 407 138 336 228 329 128 447 195 418 378 293 361 341 237 491 325 396 173 388 290 353 100 403 243 424 122 315 209 312 256 397 211 487 147 489 274 369 182 395 323 280 154 326 424 402 79 271 363 418 191 356 339 205 255 343 283 323 87 393 297 405 104 593 288 359 116 490 308 307 68 375 295 332 176 363 102 369 220 372 326 329 125 410 188 458 195 441 265 359 96 402 180 477 136 386 132 218 177 407 332 528 182 421 287 452 52 357 357 326 255 472 355 338 148 453 403 282 130 349 250 264 186 416 403 174 142 307 135 325 184 421 398 625 130 409 191 234 134 397 233 561 242 468 466 337 163 356 255 465 228 308 243 400 314 547 313 296 163 368 348 332 180 564 259 376
256 118 168 75 316 101 291 90 222 113 161 127 253 96 238 77 541 6 162 83 225 63 133 219 280 163 175 26 211 116 182 182 336 77 383 94 282 180 107 139 320 218 373 80 256 85 175 128 319 98 327 346 137 118 206 139 192 123 314 110 168 87 217 216 235 79 151 58 180 238 158 257 199 157 170 142 182 46 179 165 264 67 131 168 220 58 279 130 287 110 224 208 213 200 286 136 290 56 269 87 390 0 229 24 372 144 271 46 249 148 292 78 357 150 213 238 341 137 361 99 365 64 221 81 280 221 224 86 251 84 174 202 159 161 297 130 329 177 313 46 113 70 286 156 304 122 257 176 249 12 245 59 226 140 154 54 275 28 242 235 279 23 170 40 304 157 232 94 169 36 95 126 185 69 274 60 138 37 283 101 377 56 217 104 324 163 295 69 178 84 308 91 255 128 165 97 186 63 302 100 352 245 193 152 300 133 290 105 312 166 172 65 200 53 257 120 229 71 248 60 267 142 244 83 283 120 332 155 241 82 264 64 304 228 49 139 124 171 261 130 240 106 383 34 305 153 262 118 266 52 270 122 321 247 307 97 374 148 191 131 319 213 290 79 316 163 438 100 321 186 154 244 320 36 243 41 149 21 380 93 319 166 353 179 191 177 291 119 319 182 246 137 306 137 101 187 246 70 201 101 300 244 356 30 278 171 196 164 261 233 275 52 184 27 248 24 247 163 240 148 340 58 299 97 391 233 272 123 105 235 152 107 338 127 174 294 330 110 306 136 267 144 400 229 185 200 292 53 196 157 220 154 225 136 200 49 302 28 216 62 396 171 247 99 204 87 234 171 339 140 302 33 297 170 309 155 329 68 191 212 335 200 366 28 208 61 257 295 175 65 322 94 312 59 183 101 294 211 254 71 280 103 250 92 330 133 119 156 219 32 330 57 174 100 153 85 278 44 260 194 233 118 142 132 445 184 217 95 285 46 259 177 228 155 194 175 210 186 226 62 344 51 331 73 176 225 184 95 252 110 273 113 287 117 256 127 205 75 235 284 250 198 257 86 223 37 243 241 321 142 206 159 260 19 158 181 309 132 289 91 372 120 186 75 176 82 201 102 85 157 229 114 232 80 231 63 254 284 189 87
262 311 67 234 169 250 93 257 33 284 69 101 39 223 33 153 317 225 81 156 27 272 96 181 56 300 101 211 48 207 112 350 247 289 159 153 180 187 122 340 91 198 164 294 157 269 63 199 102 204 113 241 164 112 109 164 39 192 134 260 219 153 153 371 89 207 95 239 104 461 135 188 143 309 116 313 178 252 115 129 131 187 129 64 76 187 153 206 141 153 9 20 158 325 126 302 105 217 43 290 204 229 0 206 157 89 219 275 23 253 261 304 168 354 49 114 181 129 132 181 158 262 155 192 64 223 78 149 101 190 171 271 135 195 73 266 128 239 134 207 116 237 67 346 150 110 148 280 49 238 17 275 51 362 80 282 145 227 152 125 76 216 177 189 77 310 4 156 69 264 134 165 73 182 125 275 99 205 114 296 166 224 30 127 96 316 67 181 81 173 192 235 141 230 117 181 48 231 76 129 142 318 55 194 82 288 64 174 211 272 167 264 131 216 41 211 125 288 60 272 43 188 36 270 74 237 231 193 79 280 71 229 150 140 213 226 113 291 153 264 150 238 171 230 111 85 179 303 74 204 168 281 95 215 118 166 179 83 42 250 94 49 102 202 190 310 215 199 93 290 131 299 118 254 147 188 80 210 206 169 183 382 124 239 224 288 152 236 196 189 180 143 80 159 128 191 118 191 66 188 79 410 128 199 55 68 106 119 39 164 49 242 51 207 94 237 72 311 96 103 138 246 71 137 229 280 95 350 126 12 82 148 166 302 139 218 229 142 93 130 133 247 173 215 174 89 179 194 36 294 125 193 134 187 86 181 105 231 40 242 171 110 25 131 218 274 13 286 111 358 118 199 233 191 157 203 101 183 220 198 190 66 214 255 134 222 147 74 58 167 137 140 162 210 93 210 102 407 100 231 142 313 117 137 136 174 112 129 66 210 115 233 76 178 124 205 153 233 32 253 10 246 87 158 229 197 58 324 180 207 96 72 41 205 129 332 82 216 89 285 177 182 193 189 192 267 151 150 143 260 209 119 175 152 68 120 107 229 201 56 120 104 91 201 151 265 199 440 97 208 58 89 129 227 102 375 103 273 268 150 143 158 53 300 58 155 39 206 183 376 115 115 67 180 149 189 27 360 55 256
242 137 146 83 293 110 270 102 199 127 138 105 230 98 216 54 518 23 142 66 203 83 110 199 257 174 157 24 187 114 165 198 316 99 360 79 261 172 84 160 297 210 352 102 234 100 154 124 296 96 305 334 117 97 190 129 169 117 296 120 154 70 204 231 212 78 131 69 157 262 144 246 177 170 153 158 163 64 163 150 241 47 108 144 201 38 264 128 264 96 201 185 192 210 268 150 267 59 246 107 367 24 206 0 351 122 263 69 226 152 287 102 333 172 189 221 318 121 338 92 341 81 208 64 257 216 205 67 228 78 155 192 137 155 274 139 305 177 290 32 90 79 265 175 281 100 242 182 225 32 222 80 203 164 133 78 253 40 228 220 255 16 161 20 282 170 209 71 145 60 72 115 161 59 257 75 117 34 264 120 354 62 193 82 301 176 273 48 154 63 295 97 232 130 149 79 162 71 279 77 328 250 170 146 277 145 266 86 291 171 162 83 178 57 235 118 206 93 227 81 244 135 222 89 259 124 320 149 222 100 243 71 281 213 50 127 101 180 247 138 218 111 362 35 285 129 250 135 242 50 256 134 298 239 288 76 351 126 167 137 296 192 270 76 294 176 416 96 298 193 140 246 296 57 229 21 126 4 363 72 296 189 330 178 176 184 269 111 297 175 235 123 284 126 78 179 223 53 181 95 276 262 333 11 256 150 180 148 238 221 253 65 161 21 229 34 223 176 222 124 316 71 275 77 369 234 248 147 83 212 131 92 315 143 161 284 309 94 284 121 244 148 378 222 176 182 278 34 173 168 205 149 203 130 182 31 278 41 194 74 372 154 225 78 188 93 211 178 316 158 283 20 278 163 292 139 306 48 188 204 312 180 350 52 186 54 242 273 153 46 303 74 289 59 165 100 271 232 236 66 257 124 233 69 306 124 97 141 195 19 307 55 151 91 137 71 255 55 237 195 210 124 119 121 421 178 193 118 264 45 236 153 205 151 179 190 186 182 208 85 321 35 316 55 158 225 172 79 230 120 263 89 265 104 235 103 182 81 226 261 227 181 233 71 201 60 234 262 297 139 182 135 237 33 134 201 288 142 284 74 349 108 164 98 153 59 179 100 67 180 213 92 208 70 217 44 230 291 168 88
405 429 205 356 263 363 82 375 183 397 223 250 160 337 137 301 235 367 210 291 150 402 246 326 135 395 204 350 200 313 204 451 356 419 132 283 300 261 271 459 94 247 17 425 286 391 197 301 147 318 46 194 321 254 182 266 196 297 79 371 374 287 204 462 224 329 222 367 258 589 233 207 291 410 215 421 330 385 207 225 252 341 286 220 156 339 147 306 249 274 158 176 303 408 112 410 198 345 115 415 242 372 157 351 0 229 231 417 147 347 269 441 219 473 200 155 260 244 79 298 182 390 204 347 150 273 152 286 227 312 324 424 291 280 85 369 183 316 215 358 264 361 90 459 247 251 165 364 175 383 145 408 194 493 218 422 262 364 183 166 171 364 258 332 87 411 153 311 226 404 279 273 229 312 126 425 234 342 106 417 177 352 184 269 106 416 100 334 237 328 164 350 268 331 219 337 205 357 85 275 170 375 211 284 143 394 127 331 323 359 248 392 279 346 119 315 264 420 124 404 141 284 130 424 163 341 193 281 134 405 108 354 247 185 344 383 268 380 166 367 285 348 16 379 73 241 193 420 185 336 172 391 117 246 74 322 214 226 199 350 119 159 87 324 292 408 71 313 80 371 234 350 179 390 177 331 229 355 96 325 280 506 93 315 376 373 259 393 298 262 207 252 83 262 276 261 248 345 171 303 138 502 86 343 102 201 189 221 146 201 109 372 208 347 134 384 199 408 143 260 185 374 117 275 287 333 204 485 268 158 220 273 238 414 225 210 336 268 67 245 252 341 64 258 245 178 164 346 181 390 180 282 274 286 177 323 182 367 157 369 130 211 133 273 369 428 147 374 99 508 82 340 357 271 116 359 96 336 287 252 278 173 130 396 281 376 165 84 199 307 72 278 257 339 194 323 189 517 130 386 255 440 146 284 198 277 254 232 211 359 151 386 233 296 230 360 270 365 130 323 159 352 236 265 198 268 206 466 298 341 215 229 185 292 204 430 230 287 154 421 250 321 138 343 345 322 227 280 272 371 217 271 291 269 117 276 254 351 239 114 248 186 211 357 292 409 230 550 126 302 210 246 252 366 259 487 64 376 281 283 81 271 187 437 215 308 173 318 339 504 165 259 205 306 190 342 145 408 183 411
254 223 24 147 224 164 149 170 93 197 36 27 120 138 94 72 405 140 24 67 82 183 27 181 143 219 56 123 89 125 70 266 280 201 248 66 213 128 45 251 179 154 231 206 185 181 32 121 188 119 183 245 126 26 88 91 60 113 179 175 186 64 122 289 132 120 25 151 101 373 73 167 143 226 64 227 160 164 70 72 174 116 85 44 84 112 162 128 192 69 82 69 162 247 155 216 175 128 126 201 279 144 89 122 229 0 194 190 111 175 230 217 243 265 92 115 243 53 219 96 240 174 126 126 148 173 89 61 149 103 151 238 112 127 153 183 207 170 203 131 38 149 143 259 207 22 145 204 122 154 105 186 105 274 11 196 189 140 137 118 153 135 116 103 161 227 92 92 55 178 50 86 80 93 146 196 13 117 148 208 251 135 87 40 185 233 153 110 79 108 199 148 174 150 61 122 58 143 158 46 225 254 75 123 167 203 152 119 247 195 109 176 135 128 113 130 149 199 106 184 130 115 100 198 155 155 232 124 104 192 122 140 207 121 124 179 56 213 150 181 172 153 241 151 165 51 165 216 144 116 163 196 184 179 169 106 257 7 60 168 182 70 151 115 236 228 294 115 178 215 67 238 197 166 135 103 20 126 249 107 233 293 212 171 199 211 201 181 241 131 156 69 163 85 49 135 156 122 63 104 166 327 215 114 134 28 78 62 125 139 132 153 59 120 115 155 131 228 109 70 217 157 160 49 294 221 159 262 39 97 10 63 233 215 86 205 266 57 162 54 176 168 257 171 120 72 182 119 53 212 107 124 153 112 70 95 181 143 72 154 259 60 104 44 201 202 91 209 200 279 165 112 253 127 183 167 189 111 159 151 245 61 244 169 143 150 144 152 31 80 185 52 218 122 58 126 175 320 122 161 189 225 125 55 212 98 25 66 106 130 200 160 71 93 59 141 194 144 119 187 95 162 22 82 316 138 100 239 214 119 151 70 102 134 91 249 109 154 94 197 242 95 212 120 168 208 101 61 174 175 189 50 212 70 114 70 122 142 164 144 160 78 147 137 163 181 166 353 185 133 90 66 171 140 79 288 167 189 233 62 230 77 42 213 52 83 57 121 119 288 109 30 117 92 128 116 115 297 46 188
448 263 187 213 388 203 173 220 248 229 223 218 256 188 190 241 465 265 173 202 192 264 220 374 258 201 139 246 256 160 124 257 461 276 333 187 394 92 228 288 259 53 219 281 368 238 181 147 303 177 207 83 317 204 114 134 226 150 153 204 377 198 72 256 303 196 169 231 291 421 127 31 334 220 130 240 354 256 123 124 347 286 278 229 143 277 86 147 360 168 210 216 353 200 124 231 323 220 217 264 415 271 219 263 231 194 0 305 235 162 43 309 380 300 258 106 400 153 282 172 359 250 68 301 273 62 141 205 318 187 344 428 306 113 219 191 337 121 351 289 223 220 207 279 369 199 76 164 268 283 226 274 266 338 187 300 362 248 67 94 292 279 102 244 234 222 218 275 241 288 219 147 263 204 114 331 184 234 135 258 362 223 242 207 274 224 237 281 265 286 73 199 353 162 133 304 232 221 227 220 343 150 250 122 285 215 260 304 427 164 101 251 325 221 198 159 332 281 168 267 251 131 191 352 287 174 71 118 144 256 169 219 369 79 224 365 248 182 72 190 357 188 231 297 168 243 42 252 293 220 61 217 281 28 163 289 386 198 229 175 281 171 160 194 408 215 298 174 247 166 133 125 328 267 73 244 211 266 170 289 401 339 286 119 392 173 370 359 414 90 39 143 233 137 228 85 332 293 157 170 281 293 284 252 211 180 120 133 250 57 218 240 234 246 131 294 290 216 125 264 346 238 259 202 446 110 314 342 209 231 187 175 383 240 110 30 445 174 198 152 349 160 292 48 87 134 68 281 199 198 95 119 339 136 137 234 319 250 180 231 339 134 208 209 394 356 209 177 281 404 155 243 441 103 115 358 270 282 92 61 409 157 137 282 332 312 76 214 193 221 160 204 381 215 140 176 318 327 127 325 360 287 107 228 349 139 203 132 277 280 315 317 257 172 139 315 369 239 228 117 228 184 216 142 409 89 268 343 394 226 314 255 258 122 103 235 287 96 130 291 395 228 104 293 361 102 96 189 354 205 14 239 390 160 165 263 307 209 37 240 335 122 309 313 351 301 29 358 288 136 263 257 344 255 271 303 187 198 52 195 290 155 184 304 233 259 188 174 297 343 104 209 282 192 71 284 238 179 177 349
276 103 214 94 355 114 336 99 267 112 207 173 298 119 284 123 586 50 208 127 271 54 179 250 326 166 218 68 255 145 224 169 367 57 429 137 317 213 153 115 366 251 418 57 292 85 221 158 364 128 372 382 170 164 249 176 238 155 359 120 190 131 256 206 278 109 196 75 222 196 199 293 235 155 212 135 213 51 222 206 303 103 172 213 265 97 320 159 326 151 270 254 247 202 329 131 333 85 315 73 432 46 275 69 417 190 305 0 295 164 321 39 399 124 258 281 380 179 407 136 409 64 259 112 326 250 269 131 293 120 206 214 197 192 343 140 373 199 355 79 159 88 333 136 344 168 298 188 294 37 291 43 271 101 200 15 314 58 282 277 323 61 205 86 351 154 278 134 214 17 141 164 229 110 317 38 184 77 327 89 421 82 262 150 370 159 341 107 221 121 347 110 293 150 208 130 231 84 348 146 396 257 238 183 345 134 335 139 346 178 208 64 237 84 303 147 268 48 294 49 313 174 290 76 327 140 369 187 286 73 309 87 344 268 82 157 169 179 301 141 276 124 428 56 350 198 299 107 310 88 309 124 367 279 352 134 417 194 236 147 365 259 335 111 353 162 484 131 367 196 196 260 364 38 283 87 195 65 423 130 356 131 399 201 213 186 330 133 355 215 283 178 353 176 147 220 286 105 247 136 345 228 402 76 324 217 239 206 307 271 321 67 230 71 292 44 290 162 284 191 383 70 344 142 430 252 314 81 151 281 198 149 379 120 214 330 362 153 351 179 306 162 447 260 221 244 331 90 242 161 262 186 263 169 245 95 346 55 262 77 441 214 293 145 228 79 280 180 385 99 347 78 326 202 351 180 375 106 219 244 372 245 407 24 245 83 297 341 221 111 366 139 351 91 227 129 338 184 298 86 319 77 292 138 373 168 165 198 263 69 375 72 218 137 196 111 315 66 306 215 279 134 188 171 489 216 261 49 320 82 301 221 273 184 235 169 252 214 270 32 384 96 371 107 204 246 222 139 290 120 308 158 323 158 301 170 246 97 268 330 290 241 299 113 258 10 277 210 366 170 250 203 300 53 200 156 354 139 316 135 418 159 232 37 222 126 247 131 119 119 272 160 276 119 270 100 299 293 235 90
263 333 90 257 154 273 93 279 35 306 88 121 22 246 45 172 295 246 104 178 45 293 115 182 33 323 123 231 53 229 133 373 237 311 137 176 172 208 142 362 72 217 156 316 151 292 86 222 80 227 105 251 175 134 128 187 57 215 136 283 227 175 171 394 83 230 118 261 111 482 157 204 146 332 138 336 183 274 136 151 122 204 142 82 93 205 164 229 129 176 31 41 159 347 134 325 88 239 34 312 184 249 23 226 147 111 235 295 0 276 278 325 148 376 52 129 165 151 113 203 135 284 173 207 42 243 94 171 92 213 177 277 144 217 62 288 107 261 116 225 136 260 60 368 136 132 162 302 36 258 9 296 48 383 103 302 135 249 168 141 57 235 199 209 63 333 21 172 84 284 155 187 82 204 135 294 121 227 121 318 144 246 37 148 75 339 51 198 91 190 203 257 134 253 139 195 64 253 63 150 120 340 65 216 59 311 41 188 202 294 189 286 133 238 43 233 122 309 69 294 20 211 45 287 53 260 242 215 92 302 77 251 136 157 234 236 130 313 167 287 146 260 162 248 111 101 194 326 59 226 181 304 73 233 119 181 158 105 59 272 72 68 105 225 178 333 200 222 76 312 154 320 97 275 163 208 101 229 206 184 169 403 104 261 229 310 140 249 184 210 197 166 66 181 148 212 112 208 86 210 56 432 108 220 48 91 126 141 16 181 39 264 67 228 107 256 62 333 111 117 116 268 50 159 211 301 81 370 147 14 105 171 148 324 160 232 219 165 88 152 123 269 156 234 194 109 191 212 59 316 143 215 132 210 106 202 85 252 59 264 149 132 29 153 222 290 27 309 91 376 121 220 227 212 164 211 81 200 241 218 175 87 218 276 136 239 162 64 80 188 138 162 148 232 114 233 83 430 112 247 131 335 130 157 116 197 133 152 65 229 92 251 88 200 146 220 143 254 17 275 16 269 107 181 206 218 59 344 171 229 85 84 39 227 149 355 83 238 105 306 160 203 200 205 198 288 172 172 136 283 225 138 165 175 76 135 108 252 220 37 113 124 80 216 150 285 216 463 75 230 63 102 120 248 113 398 100 295 285 172 124 180 75 321 74 173 61 228 199 398 132 136 62 202 166 206 5 381 78 272
389 101 189 73 397 50 268 66 266 68 210 183 291 54 242 166 560 142 173 127 235 114 189 333 308 49 155 129 264 51 149 105 444 121 408 117 381 87 177 126 333 114 341 126 352 83 191 55 356 63 308 245 255 163 167 89 234 62 271 46 303 126 144 119 306 77 159 92 266 259 121 163 301 63 141 79 301 114 146 128 346 195 228 219 199 184 212 47 366 107 245 238 319 72 238 69 349 94 278 107 453 148 253 152 347 175 162 164 276 0 166 156 417 138 267 191 418 125 368 83 411 101 146 212 317 100 202 134 323 84 292 345 262 67 297 29 379 42 377 185 177 79 284 118 381 162 189 31 295 158 269 125 280 177 178 155 361 120 170 181 326 165 89 143 309 64 255 204 228 148 158 89 252 106 223 199 162 119 241 97 420 92 260 154 343 69 306 193 249 205 224 57 344 26 139 224 233 85 304 163 395 97 249 64 335 53 315 228 414 21 98 102 297 96 259 46 318 129 236 118 296 66 247 230 326 28 233 66 217 100 247 84 381 164 102 279 204 38 191 28 337 42 352 181 274 219 175 90 319 103 191 55 345 135 273 215 430 182 235 17 344 213 260 80 408 61 418 66 326 43 123 97 369 127 174 143 193 154 317 213 406 177 366 43 324 37 374 263 412 87 156 110 310 95 171 89 328 202 194 75 332 158 367 144 281 186 162 136 292 153 283 100 234 132 214 172 306 62 204 229 390 95 320 142 469 88 333 184 157 265 177 114 408 78 123 191 433 119 290 124 349 7 395 115 102 177 211 184 218 43 167 65 319 67 179 136 354 121 220 89 418 146 259 152 333 234 251 34 356 257 265 134 411 76 247 286 344 194 71 107 418 193 290 145 305 206 189 293 199 134 280 141 392 93 165 57 349 172 216 217 362 127 201 165 386 79 163 125 281 171 368 204 242 85 130 222 366 105 279 53 262 30 192 95 481 82 275 192 382 108 326 242 276 55 144 84 282 68 196 141 417 130 254 203 301 82 119 122 343 47 170 189 381 105 240 215 290 73 130 301 332 165 322 222 324 164 141 205 349 47 265 232 343 129 240 144 287 35 159 125 379 98 201 152 227 185 215 60 213 181 182 165 292 98 161 192 281 139 198 236
484 266 226 227 430 213 215 229 290 234 261 254 299 202 233 271 504 286 211 230 235 276 257 412 301 197 177 268 298 177 162 249 502 286 375 215 435 115 262 289 302 79 256 291 408 248 221 165 346 195 248 97 351 238 155 161 267 170 192 212 410 227 111 242 345 214 206 247 330 418 160 74 373 217 167 239 390 271 161 159 389 314 313 268 185 305 127 163 402 196 253 258 392 188 166 231 365 238 260 272 458 292 261 287 269 230 43 321 278 166 0 320 423 300 300 149 442 185 323 195 402 262 108 331 316 72 184 234 360 209 381 460 343 132 262 196 381 125 394 315 258 234 249 276 411 234 119 159 310 304 269 286 308 343 225 315 404 267 110 137 335 302 127 270 276 218 261 307 280 304 251 173 303 228 156 351 220 256 177 264 405 240 284 240 317 219 280 310 305 317 106 212 394 173 169 335 272 237 270 252 386 128 290 141 328 216 303 336 468 163 129 263 364 240 241 175 373 292 211 280 294 151 234 375 330 184 89 138 187 265 212 235 412 121 244 396 283 177 115 194 397 200 267 321 209 281 85 255 336 240 103 221 324 51 204 321 430 235 270 181 324 213 202 214 450 211 334 193 289 159 166 103 371 283 116 269 249 290 200 321 443 339 328 123 426 167 412 388 456 112 81 174 275 165 261 107 373 322 199 192 324 277 326 276 254 219 161 169 293 98 262 255 275 269 174 316 332 211 168 301 389 252 303 233 489 93 356 350 242 273 225 204 426 242 145 59 486 204 240 185 391 165 331 65 115 175 106 308 240 196 137 138 379 157 178 259 362 269 222 245 380 171 251 241 430 379 251 172 323 419 196 267 481 124 153 391 313 311 102 84 451 199 163 299 371 338 119 257 233 248 199 234 424 234 180 193 361 319 170 351 402 293 150 260 392 163 238 166 318 305 358 341 297 196 174 344 411 256 271 115 271 192 253 170 451 109 310 356 435 247 356 294 300 138 141 228 328 108 173 303 438 254 136 322 397 90 130 218 395 212 55 273 431 188 208 298 347 224 67 284 376 162 351 342 391 319 65 347 331 151 304 295 386 275 309 298 229 201 13 224 331 183 224 316 272 290 229 191 328 345 146 243 324 216 113 313 281 148 217 374
315 74 241 96 393 108 359 91 300 93 238 204 331 121 310 155 619 80 233 151 298 45 210 289 357 147 239 94 289 149 242 139 406 35 461 159 356 219 185 80 395 256 441 31 331 73 248 163 397 135 397 389 209 192 267 188 269 162 378 110 229 155 267 175 314 118 220 79 258 159 215 301 274 132 230 109 252 57 239 223 341 141 208 245 286 135 334 162 364 169 299 284 286 180 347 109 369 98 343 51 468 78 304 102 441 217 309 39 325 156 320 0 435 86 291 298 418 199 436 149 443 59 270 151 358 250 290 157 329 133 245 251 235 197 370 129 407 195 392 118 190 90 359 102 382 195 311 174 327 73 321 36 305 62 227 26 352 78 294 293 357 98 212 117 379 131 308 171 247 42 170 177 264 129 334 72 210 100 346 65 456 92 294 177 400 135 370 144 256 159 358 110 331 148 226 169 263 90 375 176 430 241 271 188 378 116 366 178 385 166 218 57 276 97 330 150 306 28 318 42 344 181 317 111 361 136 376 192 308 56 333 93 382 282 98 196 203 162 314 130 315 121 451 95 371 231 309 81 344 106 320 107 398 282 373 172 453 222 268 140 396 284 357 122 391 140 509 139 395 181 213 248 398 51 296 117 225 99 439 168 395 92 429 197 252 171 368 171 394 220 291 194 381 189 178 225 324 143 270 146 377 194 432 106 351 243 258 224 338 282 349 72 262 98 312 82 325 139 304 226 418 72 375 168 468 243 350 45 179 312 225 169 416 96 228 335 401 174 376 198 344 156 474 262 229 265 342 128 270 143 277 191 301 176 266 123 381 75 288 79 473 233 321 173 267 113 308 164 416 102 367 106 365 207 367 219 405 144 219 248 411 269 420 50 283 122 311 368 249 137 386 165 389 104 248 134 373 145 317 126 357 44 310 169 408 179 193 215 297 106 408 112 253 150 214 150 354 77 336 209 309 128 219 184 524 220 295 36 359 101 338 255 306 187 250 142 288 214 290 20 421 122 384 146 243 238 234 161 328 109 314 191 361 175 325 205 283 100 273 360 328 260 335 153 297 49 282 171 398 173 284 238 337 77 236 119 378 126 314 158 447 175 259 5 254 161 274 137 158 80 289 189 311 136 283 138 330 273 261 127
243 459 228 385 67 406 217 409 151 437 209 242 129 380 192 282 213 356 244 304 193 412 235 186 122 462 269 346 154 368 280 508 153 429 99 306 122 355 256 486 133 365 235 433 129 418 227 362 80 362 201 383 237 260 276 329 183 354 255 416 260 302 319 532 121 360 258 385 177 594 302 350 175 468 284 468 213 392 283 297 101 296 227 201 241 301 303 370 81 311 177 180 172 489 267 458 68 364 164 434 37 357 168 333 219 243 380 399 148 417 423 435 0 500 151 274 49 292 141 339 41 406 321 291 107 391 241 296 106 345 213 294 205 362 168 425 43 406 43 320 253 387 178 497 64 260 305 445 123 362 157 412 138 497 238 410 97 365 314 287 92 338 345 322 155 469 167 264 194 393 274 328 173 330 272 385 256 345 253 443 52 371 157 273 118 476 147 292 180 278 338 389 118 393 284 273 185 379 161 269 48 486 170 360 95 445 121 265 127 436 335 408 168 362 182 372 137 425 212 411 130 354 189 365 94 397 376 360 236 425 213 377 64 304 357 285 234 455 309 424 140 395 233 344 230 208 338 454 98 350 323 437 108 380 237 266 20 236 183 411 107 216 231 355 94 471 227 357 149 456 298 467 52 389 308 321 226 336 309 270 81 522 126 406 249 453 83 308 98 357 343 307 157 323 263 359 115 296 234 346 100 569 133 330 171 232 274 286 132 328 163 386 185 342 250 355 113 471 255 209 36 391 123 285 70 448 86 479 270 156 240 305 30 455 307 373 133 300 197 293 99 410 178 382 342 257 328 308 200 455 290 360 145 352 254 318 64 368 207 389 110 278 173 276 234 367 175 450 120 459 243 334 171 358 292 254 126 293 388 366 70 234 334 385 162 325 305 174 218 308 253 287 65 358 261 368 68 557 254 328 90 455 273 272 32 338 259 296 140 329 71 337 185 336 290 298 101 375 153 421 159 405 229 322 107 365 145 445 118 351 97 183 141 371 296 491 147 384 252 418 37 322 327 293 229 435 319 302 122 417 369 247 111 313 216 230 154 381 367 141 112 271 100 294 158 388 363 590 99 373 156 199 105 362 199 526 211 432 431 301 142 319 218 431 192 274 207 364 282 513 278 260 127 332 313 299 144 528 222 346
400 44 287 120 464 109 391 98 356 76 294 260 385 135 352 218 670 149 275 199 342 89 266 369 409 103 270 154 348 160 269 66 486 73 513 200 433 222 243 14 442 252 469 71 406 84 292 173 453 155 431 384 287 244 291 207 323 176 401 103 313 201 278 99 379 147 261 115 327 121 239 301 349 84 258 61 332 109 266 247 412 217 279 301 318 209 347 169 434 203 347 335 363 125 368 69 432 138 387 66 535 150 354 172 473 265 300 124 376 138 300 86 500 0 350 320 488 231 481 176 503 94 281 230 413 238 322 206 396 164 324 337 309 200 411 110 468 179 457 195 247 116 399 26 451 245 324 141 384 150 370 92 364 53 273 109 424 135 305 311 416 173 220 179 422 82 356 243 306 119 226 200 326 173 354 159 255 154 370 58 514 130 350 229 449 82 416 219 320 234 362 122 404 145 254 248 319 123 418 232 489 194 331 194 432 86 417 255 463 137 229 92 349 138 371 158 377 80 354 90 396 191 358 197 418 134 371 197 339 75 367 125 451 296 143 281 266 123 326 112 390 125 480 176 400 292 312 53 404 151 328 85 449 273 400 247 516 271 323 128 447 323 385 152 466 91 543 160 439 142 239 209 459 115 308 180 278 170 452 243 468 39 476 181 336 134 439 257 469 222 294 221 423 210 237 225 394 220 307 171 431 109 478 172 393 287 284 252 391 289 393 114 318 159 339 162 387 90 330 292 479 109 424 218 539 210 414 74 232 363 271 206 484 61 248 330 480 212 411 231 414 142 514 253 236 295 348 203 318 104 296 196 375 188 297 181 441 133 329 112 524 262 366 226 350 200 355 128 464 169 393 167 446 210 382 302 453 219 209 245 483 305 427 125 357 204 323 408 296 192 410 215 460 144 280 150 435 61 343 210 428 48 331 228 471 196 244 241 360 182 465 195 315 179 243 232 426 125 383 186 360 123 273 208 580 219 356 110 435 149 403 317 364 188 270 79 353 206 319 93 490 178 391 223 325 210 249 204 401 102 309 253 437 206 359 272 352 125 268 407 398 286 400 233 373 132 279 91 450 175 345 301 408 140 303 33 410 103 291 203 492 202 303 87 310 229 319 155 236 47 310 242 373 174 295 213 381 216 303 213
213 309 81 234 134 254 141 258 17 286 58 91 44 228 82 136 329 211 97 153 73 264 84 132 74 311 127 199 3 217 141 356 203 282 172 155 136 212 108 337 119 230 208 286 111 268 82 212 107 210 158 287 124 108 145 181 34 204 182 265 174 151 188 381 45 209 109 235 59 450 157 228 94 317 141 317 131 244 143 153 89 161 94 50 118 163 199 220 104 160 54 43 109 339 174 306 83 213 86 285 188 213 49 189 200 92 258 258 52 267 300 291 151 350 0 157 152 143 160 187 153 257 191 161 69 254 120 145 61 193 124 225 92 216 115 274 118 259 111 183 103 236 112 346 117 108 191 296 36 221 56 265 14 352 89 267 104 218 193 167 66 197 201 175 115 318 52 128 44 249 124 178 32 179 173 252 105 197 163 293 165 220 18 122 119 324 102 155 40 145 239 238 95 242 141 148 34 229 115 119 139 342 20 213 88 294 84 140 168 287 192 259 82 212 89 222 77 278 108 264 63 205 85 241 70 246 277 213 125 276 120 227 117 179 207 185 89 304 196 273 102 244 215 207 160 60 221 303 54 200 211 286 113 251 166 135 167 85 33 260 111 89 151 204 151 319 251 206 127 307 152 325 108 243 188 174 75 193 255 138 146 375 148 260 177 303 114 198 157 215 219 159 118 175 114 218 74 163 101 195 89 418 153 185 99 86 140 142 57 202 91 236 33 195 140 216 39 320 141 70 129 241 95 134 203 307 67 336 119 43 91 154 141 304 166 260 187 148 139 144 91 260 205 248 201 124 224 171 60 304 163 213 86 203 121 170 91 221 81 239 185 136 73 125 171 244 62 300 134 333 167 187 186 214 205 159 126 157 245 230 156 101 263 241 86 194 191 117 71 159 186 136 128 207 122 217 84 407 147 201 103 307 161 124 121 189 108 151 19 190 117 206 40 184 143 173 111 226 69 276 43 254 78 173 232 223 10 306 136 201 60 37 17 224 161 340 33 241 131 273 150 173 241 161 146 294 180 151 97 265 250 100 132 162 116 90 58 230 236 88 76 138 56 169 102 248 235 440 111 224 10 56 86 216 64 375 150 281 305 149 170 169 76 287 41 133 71 213 153 367 156 109 26 181 188 163 55 385 83 225
360 277 98 207 282 210 79 223 144 244 133 142 150 186 84 181 377 233 91 156 87 256 141 281 152 239 65 213 155 160 56 296 359 272 234 144 292 106 159 306 158 98 150 278 267 241 90 147 198 167 118 134 238 135 32 113 128 144 82 217 298 151 51 307 201 181 94 220 198 438 83 76 241 254 69 266 267 241 59 76 244 227 198 137 39 222 47 151 255 130 106 114 259 253 49 255 217 200 111 266 309 238 114 221 155 115 106 281 129 191 149 298 274 320 157 0 293 101 186 150 254 243 52 239 167 125 36 154 214 166 259 351 220 124 118 214 231 161 245 238 152 212 105 304 264 130 35 209 162 250 120 263 163 344 105 282 259 223 40 13 186 236 103 201 132 255 113 207 149 265 157 123 167 171 36 296 111 203 51 266 259 206 140 145 171 260 134 221 171 221 86 199 252 176 73 237 135 210 126 155 238 228 152 128 180 239 154 234 324 204 93 245 231 201 92 161 233 274 62 258 145 129 85 306 181 187 122 126 38 256 65 207 264 33 201 294 170 225 40 212 258 195 161 254 83 155 66 267 187 194 55 236 177 108 82 220 281 116 131 195 177 68 69 177 304 252 226 163 147 217 86 205 222 248 34 201 127 225 142 222 296 355 188 161 310 218 266 295 310 107 69 104 132 111 161 106 230 234 59 153 175 347 187 211 107 91 42 75 143 55 114 226 138 211 26 256 185 253 19 178 240 228 155 146 339 186 208 340 145 125 105 132 277 260 72 104 342 128 103 102 246 186 207 113 90 43 70 228 99 234 24 126 241 132 44 190 213 226 76 221 241 68 101 148 309 310 103 219 181 378 74 206 342 115 71 280 169 223 134 102 303 60 130 258 236 260 34 113 101 175 90 149 276 194 58 171 212 362 26 272 256 291 12 165 243 124 134 84 175 234 210 268 164 148 85 254 266 221 122 170 123 197 133 115 310 114 167 327 292 199 210 161 154 137 49 275 188 133 26 278 288 187 98 232 278 174 72 143 254 217 96 165 288 123 60 183 210 202 96 135 232 40 204 251 255 274 90 395 184 147 162 168 242 228 183 333 97 221 157 148 196 124 88 293 138 195 87 167 233 354 9 140 179 163 40 227 132 265 81 298
199 450 232 378 26 401 246 402 157 430 207 236 143 376 210 271 256 341 249 298 208 399 230 149 146 460 278 334 154 367 291 502 104 416 147 303 79 364 248 475 169 379 275 419 94 409 233 364 114 359 237 411 212 256 290 333 186 355 286 412 225 297 334 529 112 355 261 375 161 575 308 369 147 465 292 462 181 379 293 305 77 277 210 199 257 283 327 371 54 311 190 189 140 490 293 452 77 355 188 422 61 341 181 318 260 243 400 380 165 418 442 418 49 488 152 293 0 295 184 336 89 395 336 269 129 403 259 290 94 340 183 254 183 368 199 423 77 411 49 301 245 379 207 488 37 256 327 447 133 345 173 398 140 480 241 392 67 353 332 306 108 320 352 309 187 465 182 247 190 376 266 329 166 323 297 363 256 334 280 433 101 362 163 267 155 472 177 273 171 259 365 384 88 392 292 251 185 371 193 261 93 494 168 365 123 441 148 242 79 438 344 396 143 354 205 372 112 411 233 398 150 357 209 339 114 396 403 365 256 414 237 369 37 321 348 254 223 455 331 421 108 392 275 324 261 201 359 445 107 341 345 432 144 397 269 246 66 236 185 410 142 230 260 350 47 468 274 355 185 458 304 476 82 375 327 308 225 320 346 250 35 507 168 412 212 454 50 278 51 366 361 311 190 327 254 369 95 276 246 344 129 565 175 317 197 237 286 294 151 345 188 375 184 329 271 336 114 468 275 196 76 381 153 280 52 458 87 461 264 169 242 304 21 448 316 396 85 298 229 296 74 411 223 396 352 270 354 290 208 453 306 365 118 355 267 307 84 356 221 380 158 287 192 270 196 340 191 451 160 433 273 322 124 366 321 222 164 274 397 379 21 247 368 368 136 302 326 204 223 299 286 281 29 350 271 366 82 547 276 304 61 442 294 263 62 341 256 302 136 312 109 314 177 334 295 274 66 364 174 428 172 403 226 325 152 374 143 424 76 341 92 177 146 376 309 488 137 392 269 402 11 311 357 273 196 445 330 298 91 412 389 237 69 313 238 216 136 374 383 168 91 284 96 271 126 370 380 579 135 376 153 189 80 349 186 516 243 429 449 296 187 320 226 415 190 259 217 362 261 497 296 255 126 327 330 280 162 537 231 319
300 188 64 113 276 124 162 133 141 158 89 71 166 97 121 89 441 131 48 55 113 158 75 231 184 171 40 112 141 78 45 222 333 175 286 42 266 76 77 217 212 107 242 181 238 148 66 71 231 77 201 216 166 53 70 38 109 63 180 133 225 51 86 242 185 85 34 122 154 345 26 130 194 181 33 186 206 142 42 30 227 135 129 97 89 127 143 78 245 30 121 113 213 197 150 175 225 101 157 171 329 137 129 121 244 53 153 179 151 125 185 199 292 231 143 101 295 0 250 55 286 146 90 150 192 123 92 55 202 68 197 275 160 74 180 137 254 117 253 141 73 117 168 221 259 49 122 153 170 149 145 164 155 249 54 181 242 122 108 99 201 136 64 101 191 182 131 122 108 164 66 36 133 70 137 196 40 102 148 174 295 108 135 55 221 188 186 129 132 134 174 109 228 102 28 152 110 113 187 67 270 200 127 70 210 160 191 151 300 144 58 148 187 102 140 82 203 176 123 160 172 62 127 208 201 108 203 70 110 162 137 110 260 93 101 212 99 163 126 135 224 110 253 155 173 103 132 179 194 93 136 154 222 134 175 137 305 60 111 121 221 92 158 80 290 182 313 72 208 164 20 185 244 148 108 100 73 125 243 137 286 263 246 117 241 160 254 207 294 79 119 16 192 32 75 83 209 142 75 61 208 281 248 111 162 61 60 27 167 103 163 128 111 110 114 155 182 182 105 120 264 130 197 50 346 167 210 242 57 140 53 30 284 176 43 169 319 27 181 1 230 118 283 123 71 66 158 132 93 165 84 70 206 60 67 90 229 126 99 125 296 34 137 57 245 212 127 159 235 277 169 105 305 74 172 206 223 131 106 103 298 74 230 156 195 164 121 177 74 75 188 52 270 95 50 83 224 281 119 177 242 196 113 76 261 46 53 21 159 135 243 171 124 52 17 164 248 121 156 134 137 117 74 30 357 86 152 226 268 99 203 123 152 81 59 203 162 101 92 178 294 86 195 141 212 155 57 42 227 133 150 88 265 25 128 114 175 107 119 179 213 62 199 161 215 173 124 315 225 81 142 118 224 126 129 250 181 144 186 47 261 29 76 194 105 107 91 78 145 260 93 58 169 62 97 134 156 244 75 202
346 437 196 361 190 374 109 383 145 408 201 233 116 347 129 285 193 357 206 286 139 402 228 270 86 416 214 342 161 326 219 470 283 420 55 282 233 288 254 467 41 284 96 425 223 397 190 316 75 327 76 262 283 244 203 280 170 311 134 383 328 283 237 486 170 334 220 368 216 591 247 254 241 428 227 436 282 383 222 240 188 317 254 195 169 318 196 323 181 278 137 153 249 435 157 424 130 346 94 419 163 361 132 338 79 219 282 407 113 368 323 436 141 481 160 186 184 250 0 305 103 392 238 320 94 311 166 280 168 317 277 375 250 303 71 385 107 344 142 338 248 365 84 471 175 241 208 390 126 370 116 405 150 493 209 414 196 359 222 199 111 348 282 321 59 429 129 285 197 396 266 284 191 311 168 407 228 337 146 423 98 353 149 259 42 435 66 312 200 302 223 359 206 348 230 307 178 359 64 261 92 414 176 305 80 409 76 299 252 384 272 394 229 346 110 330 207 418 132 402 98 302 123 399 103 357 258 303 152 409 122 357 176 219 343 343 243 404 210 383 226 360 93 361 114 214 240 429 127 334 221 404 50 290 120 293 135 214 172 368 53 158 122 329 220 428 97 323 42 399 246 391 105 385 216 320 212 342 173 297 207 511 16 344 327 399 190 358 225 290 250 262 58 275 260 290 189 321 175 311 77 526 8 331 88 195 206 233 103 240 88 372 180 339 160 369 145 428 169 228 108 375 65 268 209 372 141 481 257 127 212 275 162 426 245 266 263 269 84 251 188 362 47 299 273 191 219 325 166 410 208 303 218 302 189 313 113 362 152 371 57 223 115 263 316 402 128 399 28 489 127 331 290 296 174 316 34 313 319 288 203 177 203 387 228 352 207 75 188 299 129 271 185 339 203 333 121 531 160 360 188 443 180 269 122 291 243 244 165 342 76 364 199 302 240 332 203 363 101 355 129 366 219 276 128 297 162 456 230 338 155 195 143 315 226 450 183 317 173 416 173 314 204 318 298 360 252 278 210 383 268 251 223 275 129 248 205 356 280 77 187 204 152 328 236 397 273 565 57 321 170 214 189 359 224 500 94 393 333 280 11 280 179 432 188 286 163 328 311 506 193 247 155 308 226 319 109 451 178 384
311 133 114 58 316 70 216 78 189 104 130 101 216 42 176 87 495 93 100 45 167 106 107 251 236 124 94 74 185 32 95 170 361 122 339 35 298 81 94 162 267 119 296 128 269 93 118 35 282 23 255 247 176 81 119 40 156 27 231 79 228 43 120 193 225 31 86 70 184 291 67 158 219 130 84 132 221 92 92 75 264 123 146 138 143 114 186 41 284 28 173 163 237 154 199 121 270 51 212 117 375 99 181 92 298 96 172 136 203 83 195 149 339 176 187 150 336 55 305 0 336 93 124 141 243 124 147 52 242 16 211 274 180 63 235 87 303 92 298 120 94 63 223 166 300 80 163 113 217 111 197 113 201 195 102 134 278 77 146 145 249 107 71 75 246 131 183 125 147 119 76 28 171 33 186 159 83 62 199 119 346 57 182 71 275 137 240 120 167 130 212 54 262 57 80 149 154 60 242 80 321 173 169 55 262 107 244 152 331 103 73 95 214 53 195 37 235 124 178 108 224 44 182 180 250 59 234 58 164 107 191 57 300 134 54 208 121 119 167 85 254 57 307 126 226 137 164 124 240 48 173 101 275 148 228 138 353 103 156 73 274 147 212 27 325 132 368 19 263 125 65 164 293 100 148 75 113 95 290 136 323 208 301 93 247 119 292 197 329 83 147 46 247 40 89 88 246 131 131 8 260 231 302 81 217 113 111 78 219 136 218 76 154 74 166 122 226 132 157 147 313 77 251 59 388 149 254 190 74 191 99 33 328 121 80 195 350 39 235 54 267 76 338 131 86 120 195 115 145 117 129 57 237 38 122 65 277 80 153 71 350 87 191 70 255 184 181 116 289 235 221 72 329 71 218 210 278 121 97 113 337 129 272 112 222 144 163 232 124 57 239 58 310 45 105 30 271 227 171 156 280 142 162 83 308 33 81 67 201 110 295 146 160 3 68 153 283 72 209 111 188 67 110 36 410 86 195 179 300 54 246 160 198 61 102 153 200 91 145 129 336 59 236 131 222 139 87 39 261 80 174 106 299 30 183 133 208 53 135 233 250 113 242 151 242 131 144 260 278 51 184 150 261 84 157 195 235 93 192 43 316 27 129 144 147 107 144 25 139 206 141 82 212 21 135 121 208 216 128 179
278 461 222 386 103 405 190 409 148 437 210 243 120 378 175 289 186 363 238 305 179 417 237 214 105 457 258 352 155 363 268 506 193 434 59 305 156 343 261 489 103 349 198 439 158 420 220 356 57 359 169 354 255 260 260 322 181 349 225 415 285 303 302 528 133 360 252 388 190 603 292 329 197 465 273 467 237 397 271 286 126 308 239 202 224 312 278 363 109 308 166 173 197 482 240 457 77 366 143 437 61 365 158 341 182 240 359 409 135 411 402 443 41 503 153 254 89 286 103 336 0 410 303 305 94 375 224 297 121 344 236 323 222 352 141 422 36 396 65 332 256 388 153 498 96 259 283 437 119 372 143 418 139 504 234 419 126 371 293 267 87 347 334 328 127 466 156 275 197 401 277 322 180 331 248 399 252 350 227 446 15 373 154 274 87 472 122 303 188 291 311 388 144 387 274 289 184 381 133 272 16 474 173 351 77 443 100 280 166 429 324 411 188 365 163 367 158 431 192 417 115 346 172 382 86 393 348 350 216 428 190 379 96 285 360 308 241 448 287 420 167 393 196 356 201 213 317 455 99 352 300 436 79 362 208 279 32 234 181 406 78 202 204 355 132 467 187 354 118 448 289 453 45 395 287 327 226 344 275 283 119 528 89 396 276 445 114 328 137 345 323 300 129 316 267 347 136 309 221 343 80 566 96 337 147 225 260 276 119 309 141 389 185 348 228 366 118 467 235 218 26 394 99 286 106 434 96 488 272 146 236 302 68 455 295 349 173 297 168 287 124 404 138 365 329 243 303 319 193 450 272 351 168 344 240 323 63 374 194 391 69 268 157 277 262 384 162 444 86 476 215 340 209 348 264 277 94 305 375 351 110 222 302 393 183 339 283 147 213 312 222 288 100 360 249 365 71 559 232 344 118 460 252 276 41 331 260 287 146 340 45 351 191 333 281 314 131 379 136 410 149 402 230 315 82 353 148 456 153 354 110 188 139 362 282 488 157 372 234 425 77 326 297 306 254 422 306 301 149 415 347 253 145 308 194 239 170 381 349 119 133 257 111 310 183 398 344 592 71 365 159 206 129 369 209 527 182 429 411 301 103 314 210 439 193 283 196 361 296 520 259 261 133 332 294 311 131 515 213 364
321 56 196 38 371 51 308 35 263 50 200 166 293 63 264 124 579 61 186 107 253 14 173 280 317 103 187 61 254 91 188 118 397 29 421 110 342 161 150 81 352 197 389 35 314 22 202 105 360 77 347 330 198 151 212 131 231 104 324 56 232 109 210 152 286 62 172 24 234 200 160 242 258 94 177 78 244 19 185 168 318 129 186 208 235 119 277 104 341 117 256 243 273 140 293 72 338 46 298 28 441 64 262 81 390 174 250 64 284 101 262 59 406 94 257 243 395 146 392 93 410 0 213 144 320 192 239 113 302 78 236 265 217 138 323 76 375 138 363 110 154 32 312 94 358 153 254 123 291 69 279 24 270 102 183 54 331 42 237 237 322 87 154 86 333 94 265 151 213 49 132 121 233 81 279 101 164 61 292 39 421 39 257 136 359 100 326 130 226 145 300 51 311 90 172 160 226 34 329 138 396 193 237 130 340 72 326 167 372 114 160 2 257 46 283 91 285 32 268 17 304 123 270 136 325 78 317 133 256 19 283 37 358 225 50 203 173 115 257 77 298 63 400 96 319 198 251 54 311 58 263 61 358 223 321 157 423 180 230 84 356 236 304 66 374 101 460 82 350 132 158 196 365 31 239 87 185 81 383 154 375 119 386 140 255 122 346 182 377 162 233 140 335 133 143 166 300 133 221 90 339 181 388 79 305 197 204 171 299 224 304 21 225 66 259 83 293 101 250 199 385 17 333 125 446 189 320 97 138 271 180 118 390 63 172 277 390 124 327 146 321 99 427 203 170 213 284 115 227 98 222 133 283 118 214 88 348 40 241 22 433 180 277 133 268 139 265 116 373 157 314 73 359 149 310 219 362 130 161 190 390 219 363 48 265 125 254 321 205 98 332 123 367 53 196 75 341 153 264 133 335 51 255 134 377 121 151 160 266 95 372 119 221 95 161 149 334 31 293 153 268 72 180 129 488 161 262 93 344 56 309 223 271 128 195 112 260 156 238 41 397 84 326 136 239 183 177 113 309 55 255 159 345 122 274 179 259 42 214 317 304 206 306 150 282 66 224 184 359 114 251 207 315 49 209 121 327 75 256 112 403 120 213 54 217 136 229 79 148 114 234 149 279 85 226 125 289 229 215 145
380 239 118 175 323 173 130 188 182 205 154 151 194 151 129 178 428 215 105 144 129 226 153 305 200 193 71 195 189 124 56 251 394 241 285 129 327 59 163 267 209 47 196 247 300 206 113 110 247 136 169 126 250 138 47 83 159 109 126 178 310 139 4 259 236 152 101 191 223 401 64 41 266 209 63 224 286 214 56 60 280 225 211 160 80 217 66 113 294 112 146 150 285 204 92 213 260 175 160 232 356 221 155 208 204 126 68 259 173 146 108 270 321 281 191 52 336 90 238 124 303 213 0 239 214 73 80 145 252 140 277 362 238 81 169 171 279 113 289 231 158 181 156 263 304 133 43 161 204 233 165 235 200 310 119 258 296 201 24 39 230 224 60 188 184 211 155 211 173 243 156 95 195 152 78 281 117 184 98 230 309 179 176 143 222 215 185 219 197 223 88 164 286 135 67 240 164 181 178 155 287 176 182 87 228 197 203 239 360 157 53 214 257 176 141 124 265 245 112 229 191 91 132 297 227 147 113 84 88 223 117 178 305 19 177 300 181 177 45 169 289 158 208 243 132 175 42 228 229 171 50 196 228 60 130 225 329 130 162 153 227 106 120 149 342 207 274 131 199 168 70 153 269 224 28 188 143 212 172 225 336 317 240 112 325 170 304 297 348 60 30 84 183 84 163 58 265 232 91 124 223 298 238 197 158 111 52 67 189 13 163 198 166 194 78 241 225 207 70 196 288 198 204 140 384 134 250 309 145 167 119 116 321 219 47 80 378 115 155 90 282 141 257 62 45 67 72 222 132 189 31 84 271 95 70 177 258 204 116 191 293 66 148 146 327 301 146 172 232 358 122 190 373 71 101 292 220 221 84 50 344 91 150 236 263 254 43 165 125 163 134 142 317 169 72 138 257 319 78 266 294 257 59 165 289 92 138 69 210 224 259 260 189 123 75 254 303 195 169 120 165 157 148 89 361 65 202 302 327 177 249 187 192 93 35 229 220 83 70 251 332 173 113 231 294 122 37 130 287 179 63 172 323 104 111 196 239 170 46 185 268 54 244 251 283 254 44 351 234 105 195 189 278 207 203 290 148 179 114 136 248 101 116 266 164 196 121 134 234 318 45 144 216 141 14 224 177 214 109 292
178 198 148 145 243 173 272 165 175 191 124 100 205 158 211 61 488 83 150 101 198 143 103 139 235 237 176 87 159 169 188 261 256 157 333 115 205 216 81 219 279 252 351 159 180 164 156 176 266 152 301 364 58 105 210 170 152 168 304 183 91 104 235 295 172 136 145 133 115 307 175 280 123 234 178 221 102 126 187 179 193 18 67 127 210 28 286 181 215 134 189 172 135 273 281 214 228 121 234 168 322 81 192 64 347 126 301 112 207 212 331 151 291 230 161 239 269 150 320 141 305 144 239 0 230 263 215 97 185 132 94 133 86 203 264 201 269 232 247 35 88 142 257 236 234 109 267 243 197 80 207 139 173 214 137 126 202 103 256 241 223 58 204 69 269 233 195 36 123 112 84 158 130 109 272 95 128 95 274 182 318 125 171 97 280 240 257 21 121 19 321 159 181 189 174 18 143 134 267 85 294 309 144 195 249 209 245 27 234 232 202 145 126 119 228 174 157 150 229 141 222 184 217 80 229 184 351 197 230 162 245 134 234 240 112 67 79 242 272 201 164 172 360 56 288 107 281 198 208 109 283 198 275 281 293 27 310 127 149 197 272 193 275 133 240 239 407 151 283 254 170 303 260 117 255 69 120 64 375 23 244 243 309 233 113 246 219 58 243 219 269 158 271 166 79 224 176 11 188 147 250 324 314 69 246 153 200 173 216 253 241 128 141 83 241 69 188 239 235 92 279 135 255 99 318 290 209 192 95 194 136 127 269 206 192 319 250 127 281 150 195 207 363 266 216 197 304 30 167 231 228 197 151 178 196 77 243 104 193 137 346 176 214 94 124 83 200 240 295 172 290 79 217 209 309 75 287 20 237 247 260 187 369 105 133 34 266 265 150 84 310 98 240 120 181 157 234 291 248 40 208 182 250 75 267 169 105 171 161 49 276 47 121 139 165 15 204 118 222 250 192 185 112 161 387 224 162 155 208 106 195 125 178 202 207 253 148 231 220 138 273 83 337 10 96 279 206 113 178 183 300 77 210 142 237 72 137 144 267 245 180 200 194 12 146 102 272 320 272 192 152 106 189 96 98 261 287 205 330 107 330 148 164 149 134 44 176 156 9 231 233 99 174 120 246 21 211 351 170 65
256 371 129 294 123 312 117 318 58 345 120 155 28 285 84 203 261 278 144 214 86 328 148 178 18 363 164 265 71 269 175 413 212 346 103 213 152 250 174 399 58 258 162 351 136 329 126 262 40 266 116 282 190 169 169 228 90 255 159 322 234 212 212 434 76 268 158 298 122 517 198 243 147 372 179 375 188 309 177 193 103 230 163 113 134 232 198 270 103 215 72 80 156 388 164 364 54 275 59 348 143 280 64 257 150 148 273 326 42 317 316 358 107 413 69 167 129 192 94 243 94 320 214 230 0 284 134 207 77 251 183 282 157 258 73 328 65 302 80 252 168 297 79 407 105 168 199 343 33 289 50 330 57 418 141 334 114 283 207 180 23 265 240 242 65 373 62 197 112 317 189 228 101 240 168 321 160 261 151 355 103 282 64 184 52 379 52 225 109 214 236 296 118 294 181 216 95 290 69 183 78 381 88 257 20 350 23 208 177 335 230 322 135 275 76 274 115 344 105 329 23 252 82 310 15 300 274 256 129 339 108 288 105 197 270 249 158 354 203 327 136 300 165 276 134 128 232 364 35 262 217 343 45 273 141 204 116 142 91 313 43 109 131 263 150 373 190 261 70 354 195 361 56 309 201 241 135 260 224 208 139 439 81 302 233 351 114 265 156 252 236 206 68 222 180 254 99 232 128 250 20 473 87 252 69 131 167 183 25 221 59 300 96 261 143 285 52 373 148 139 75 304 33 195 173 342 55 403 182 52 143 210 111 363 202 268 193 204 104 193 103 310 141 275 236 151 225 240 99 357 182 257 126 250 147 236 46 286 101 301 116 174 66 188 223 313 69 350 67 402 145 253 209 254 192 221 61 226 282 259 142 129 242 308 135 264 198 78 119 223 159 198 117 269 156 272 47 468 148 271 107 371 167 189 76 237 169 193 71 258 52 276 110 240 187 241 121 290 46 316 55 308 141 221 168 260 69 374 150 265 66 106 53 268 190 395 89 279 144 339 123 238 228 230 204 329 213 209 122 322 262 168 143 215 110 159 111 289 260 40 98 165 62 238 144 316 256 501 42 271 79 125 102 282 133 436 118 335 324 209 104 221 116 354 104 201 102 268 222 433 171 171 61 240 205 232 37 422 119 294
423 201 174 156 388 143 203 160 247 168 207 194 262 131 200 204 501 215 158 162 198 206 198 354 271 140 126 196 251 106 113 196 452 217 359 147 385 47 199 226 282 27 263 222 357 179 172 93 319 123 241 145 288 176 115 93 219 99 193 144 345 159 74 197 298 143 149 175 275 359 101 69 316 158 113 178 329 200 111 102 342 246 252 215 151 236 127 91 358 129 214 214 335 141 161 169 328 166 233 204 427 221 223 216 273 173 62 250 243 100 72 250 391 238 254 125 403 123 311 124 375 192 73 263 284 0 151 166 314 138 319 394 283 61 243 130 349 59 357 245 195 163 229 217 369 172 108 102 271 233 234 216 264 277 170 244 357 195 91 112 299 231 60 199 257 160 224 241 227 233 185 105 251 157 147 279 161 185 169 197 381 169 241 175 295 162 258 242 251 249 129 141 345 103 114 268 223 166 251 187 359 103 241 70 299 153 275 270 419 103 65 193 309 169 213 103 321 223 185 209 262 80 203 304 296 115 133 67 161 196 190 163 370 93 173 328 222 121 107 128 344 130 275 250 203 224 83 190 297 169 103 156 300 35 200 255 400 179 222 113 300 175 191 142 405 154 342 121 272 106 106 80 340 212 96 199 193 219 225 254 399 277 313 57 362 111 367 320 410 44 66 109 257 98 196 40 325 253 157 120 295 235 312 205 231 168 117 113 259 72 236 184 225 197 151 244 290 154 143 242 359 182 277 167 452 61 316 282 178 235 169 136 389 178 88 92 438 138 228 122 344 98 329 16 54 134 119 239 195 136 104 67 326 86 137 189 327 197 184 174 366 118 219 176 367 308 215 115 305 348 192 196 427 54 161 326 294 243 31 25 409 157 195 228 316 268 108 238 183 179 201 168 381 162 132 121 325 266 151 280 356 226 131 194 359 93 176 107 271 234 331 271 243 125 115 276 363 185 240 56 233 123 195 102 435 39 264 286 386 175 313 241 257 66 95 174 278 36 142 233 400 183 160 253 334 49 74 151 345 144 71 210 383 121 184 237 294 153 35 257 328 119 308 274 336 247 45 297 306 80 256 239 339 203 252 241 220 136 68 156 321 115 177 246 221 224 186 120 260 281 118 180 279 146 85 244 247 140 172 304
325 278 68 204 247 213 69 224 108 247 101 115 115 186 50 160 359 219 65 142 51 251 113 246 120 250 52 201 119 163 53 305 323 268 210 132 256 122 134 308 133 125 150 273 231 239 60 152 167 167 109 169 208 112 37 116 92 147 91 221 267 137 78 320 164 177 74 215 163 437 83 110 206 263 64 272 234 234 57 75 207 204 167 103 4 200 80 158 219 122 70 77 224 269 67 261 182 194 81 263 277 224 78 205 152 89 141 269 94 202 184 290 241 322 120 36 259 92 166 147 224 239 80 215 134 151 0 138 178 161 225 320 187 136 95 221 199 178 211 218 127 209 82 309 228 108 71 223 127 236 85 256 126 341 78 272 222 213 74 47 151 219 116 185 109 264 77 180 115 255 136 122 132 161 59 280 89 192 60 266 230 200 103 124 145 270 108 198 137 196 120 199 216 183 67 210 100 205 103 133 208 251 116 139 148 245 124 206 288 217 105 240 195 194 62 166 197 268 35 252 111 137 52 286 147 192 158 136 18 254 46 202 228 63 193 265 141 238 76 219 222 198 161 236 81 123 101 269 152 185 91 241 150 139 83 194 250 88 96 203 149 32 66 173 268 263 221 162 125 233 83 230 190 239 69 184 97 209 161 195 260 355 166 178 277 233 230 269 274 124 103 100 109 112 137 125 194 210 27 151 144 360 166 196 81 62 40 69 109 87 85 220 103 198 26 239 149 263 22 145 208 222 126 128 305 211 173 334 124 90 79 121 243 264 79 141 306 117 90 93 209 196 194 141 107 27 105 206 64 244 48 137 205 137 25 175 179 217 40 217 218 60 68 128 276 290 67 233 156 363 78 192 306 130 95 249 145 200 154 127 268 28 157 246 201 239 70 92 69 159 98 131 240 187 42 172 178 369 33 250 220 289 42 143 210 127 112 80 139 216 180 247 129 144 79 229 230 213 89 190 87 203 104 114 285 132 130 317 256 190 174 126 118 148 60 285 152 152 11 270 254 173 127 209 245 198 85 130 217 221 131 138 251 117 38 153 174 199 126 106 196 37 168 226 219 261 122 402 155 155 126 135 205 216 150 338 88 228 191 134 177 120 55 286 104 171 51 167 208 352 37 117 143 155 72 205 98 291 48 276
261 164 85 89 268 111 205 113 150 141 88 55 179 86 154 38 466 81 77 8 142 122 61 200 204 171 90 64 143 84 98 212 310 140 308 19 248 120 43 192 240 155 287 145 219 122 91 86 247 71 241 271 125 38 123 74 118 77 229 122 179 8 141 239 179 65 65 91 134 312 80 184 167 175 87 172 169 103 96 85 216 81 94 96 134 73 197 93 237 38 143 130 185 204 201 162 228 68 186 141 332 86 149 67 286 61 205 131 171 134 234 157 296 206 145 154 290 55 280 52 297 113 145 97 207 166 138 0 196 51 160 227 128 108 213 134 263 142 254 86 45 91 203 201 253 39 176 165 179 97 166 125 159 213 71 136 230 79 163 153 210 82 107 47 222 175 153 76 102 118 25 62 124 34 189 143 53 57 197 148 308 75 144 24 246 182 214 76 119 83 230 94 212 108 82 102 113 84 219 30 283 225 126 100 227 151 212 104 281 155 105 115 163 68 173 89 186 138 162 123 191 90 160 153 212 108 257 103 155 132 178 81 253 148 63 162 70 169 181 132 204 102 297 101 219 89 187 158 199 55 191 142 244 183 221 89 312 66 117 123 243 128 204 60 276 178 353 68 239 176 75 215 253 105 163 47 72 71 295 88 275 232 273 144 198 170 244 155 280 122 173 61 224 69 38 127 197 88 115 59 225 275 276 58 195 86 112 81 185 158 193 93 113 61 162 102 183 178 155 96 274 97 220 12 342 199 210 201 26 158 69 30 283 159 97 223 299 30 220 55 219 127 318 169 119 115 213 77 114 165 138 102 186 85 115 37 236 82 131 94 320 87 165 20 205 157 152 166 261 225 216 54 278 113 225 161 250 78 143 150 289 114 284 109 171 109 176 212 92 21 236 9 263 62 98 78 230 262 168 122 232 164 165 32 267 74 38 76 156 81 259 116 113 49 71 111 234 83 180 161 155 114 67 64 375 127 152 180 249 58 201 114 158 109 114 198 153 137 140 137 291 35 249 88 172 188 110 16 211 122 204 55 249 45 170 82 158 85 169 205 201 114 197 109 190 123 175 295 245 102 141 101 212 80 107 230 223 139 233 10 291 52 102 152 105 58 118 74 94 227 146 36 169 37 153 80 176 268 105 147
179 357 141 284 74 307 185 308 70 337 113 142 72 282 134 178 307 250 157 203 128 308 136 103 92 366 188 242 63 273 202 408 146 325 160 208 80 273 154 383 134 291 238 329 60 316 143 270 96 265 191 342 134 161 205 240 95 261 228 317 166 203 249 435 17 261 169 282 71 488 217 287 77 370 202 368 118 288 204 214 30 190 121 105 176 195 254 277 44 216 109 102 82 395 226 358 45 261 125 330 139 251 101 228 227 149 318 293 92 323 360 329 106 396 61 214 94 202 168 242 121 302 252 185 77 314 178 196 0 246 116 210 101 275 147 328 86 318 62 214 151 285 150 395 58 162 249 353 57 257 100 307 52 391 148 304 44 261 251 225 57 232 261 217 141 371 103 158 95 287 173 236 72 229 226 280 163 242 213 340 136 268 75 173 127 378 128 186 77 172 293 290 42 298 201 168 93 277 144 167 112 402 75 272 87 346 100 160 110 344 253 304 67 260 135 278 40 320 160 307 88 264 135 261 65 301 332 272 180 322 169 275 58 239 255 187 130 361 254 327 59 297 242 238 203 107 279 352 42 248 268 338 117 312 210 160 124 143 93 315 115 147 197 256 91 373 265 261 147 364 212 385 79 284 247 216 130 230 296 164 85 417 153 319 161 360 53 207 96 275 279 218 144 234 161 279 21 190 161 250 92 471 160 226 137 146 200 203 85 262 128 282 91 238 196 249 30 373 198 104 95 288 110 185 146 367 28 373 170 91 149 209 88 354 226 318 128 204 176 203 31 317 214 309 262 185 280 203 120 359 223 272 51 261 182 215 62 264 138 286 173 196 120 176 150 263 113 357 140 356 213 230 135 274 256 157 136 187 305 290 96 161 310 279 64 219 248 151 132 206 229 187 69 256 182 271 53 455 202 223 42 351 218 169 82 247 161 211 43 224 102 232 83 239 203 193 52 272 107 335 92 308 132 231 203 283 51 339 79 248 13 82 60 283 221 393 43 301 189 313 95 218 292 188 135 354 240 204 45 318 309 144 74 219 167 124 49 280 297 114 21 198 15 189 69 282 296 487 111 282 60 95 28 258 94 423 189 334 365 202 176 226 137 326 97 169 131 267 177 408 215 161 36 233 247 193 92 445 143 243
305 121 123 45 319 61 230 67 196 94 136 104 224 35 188 82 506 78 111 44 178 90 111 249 246 120 108 59 191 37 110 163 361 107 349 38 299 96 94 150 278 134 310 113 270 80 128 45 291 21 269 263 171 85 134 57 163 39 246 72 221 44 136 189 229 17 97 55 185 277 82 174 218 124 99 124 217 76 107 90 267 114 144 144 157 104 202 50 288 39 183 172 235 153 215 113 276 35 223 103 381 84 190 78 312 103 187 120 213 84 209 133 345 164 193 166 340 68 317 16 344 78 140 132 251 138 161 51 246 0 207 265 178 77 247 83 310 100 303 109 96 49 235 155 304 85 179 115 225 96 207 97 207 180 110 118 281 62 162 160 257 94 86 64 258 125 193 120 151 103 76 44 174 23 202 144 92 47 214 107 354 41 190 73 286 131 251 111 170 122 228 45 263 59 94 142 160 45 254 81 329 179 174 68 271 101 254 145 331 105 89 80 214 36 207 42 237 109 191 93 233 58 194 166 258 58 249 71 178 93 205 42 304 150 38 199 121 118 183 81 255 51 321 112 241 140 180 113 247 32 190 93 286 162 242 131 360 110 163 72 284 159 226 12 327 127 382 19 275 127 80 172 300 84 164 64 118 81 306 129 326 195 312 102 241 120 295 186 331 98 163 62 259 56 89 103 248 121 143 17 269 225 314 68 229 123 126 92 228 152 229 60 160 60 181 107 232 127 172 148 321 62 261 61 392 158 259 174 76 200 108 42 333 112 96 211 350 48 249 68 270 78 351 145 101 134 212 105 154 113 145 71 237 52 136 55 284 64 165 56 360 101 202 71 249 170 191 116 300 219 236 59 327 85 234 203 289 112 109 127 339 142 288 96 222 132 179 245 133 51 254 59 314 29 118 27 278 217 186 144 283 128 177 82 315 49 85 82 206 97 303 133 164 18 82 143 285 56 220 119 197 63 115 52 419 100 200 163 300 39 250 164 205 72 118 147 203 103 159 113 341 49 252 122 217 148 103 43 262 72 190 106 300 43 197 132 209 39 150 244 252 128 247 142 241 115 159 250 288 61 190 152 263 68 158 185 249 88 206 44 328 42 139 128 153 101 155 25 131 192 156 85 218 14 151 111 218 221 139 166
104 292 161 232 157 259 263 254 142 281 126 126 165 240 200 126 422 176 172 166 189 237 124 44 194 323 206 177 124 243 221 353 162 251 276 178 113 273 121 313 240 303 333 254 90 255 168 246 210 228 282 392 38 144 236 229 137 237 302 269 51 168 273 385 109 217 176 223 66 398 221 318 39 322 214 312 10 219 221 221 112 108 68 122 221 117 305 253 133 195 173 157 43 358 289 304 161 207 210 261 241 174 171 155 324 151 344 206 177 292 381 245 213 324 124 259 183 197 277 211 236 236 277 94 183 319 225 160 116 207 0 100 39 265 239 286 201 302 173 129 124 230 236 330 151 147 292 323 152 175 180 233 131 307 158 220 118 194 286 265 168 152 260 154 238 322 174 88 111 206 137 219 98 185 283 183 161 182 278 275 251 212 141 145 235 329 225 107 91 92 344 243 97 266 212 77 128 222 239 134 228 384 116 259 198 297 203 69 140 312 255 238 49 205 212 248 78 244 225 235 184 248 205 156 176 264 380 260 236 255 239 221 151 271 198 72 97 325 297 285 76 255 339 150 281 103 314 290 152 194 311 287 228 329 288 79 234 147 133 279 225 196 271 213 149 327 372 226 249 334 215 374 195 210 284 154 134 156 375 83 155 337 264 303 53 327 134 94 151 275 307 210 241 223 124 280 100 104 200 219 201 416 270 158 224 169 227 212 179 289 216 219 125 172 250 163 132 327 248 81 210 226 214 155 230 358 144 285 143 167 158 186 188 297 236 355 156 183 263 197 114 285 324 319 267 218 328 122 163 317 256 260 69 244 215 158 179 196 191 227 289 211 196 145 51 157 183 322 250 249 287 166 123 269 319 41 244 107 300 299 172 199 379 200 53 124 291 241 158 157 307 155 155 204 206 235 169 385 257 123 125 277 266 128 196 232 144 214 114 143 217 136 97 209 207 95 117 209 194 321 167 268 129 219 317 282 119 246 116 191 129 101 139 268 242 343 95 294 234 233 190 163 353 101 21 347 251 174 93 270 339 109 119 201 234 83 73 229 314 211 103 227 129 93 57 196 317 414 222 261 114 91 109 188 76 355 274 290 383 169 287 208 171 243 122 107 175 232 89 325 255 139 122 194 278 112 179 428 178 136
73 315 253 275 229 302 362 292 242 315 220 212 265 290 299 190 507 207 262 232 287 261 211 109 293 365 294 216 224 302 308 381 191 270 368 246 175 347 199 329 339 381 433 270 165 287 261 309 305 285 382 483 113 224 326 301 236 301 401 312 53 235 358 416 206 268 262 260 166 382 301 403 135 359 299 343 94 247 307 304 197 151 154 218 316 161 398 314 214 265 272 256 127 402 385 337 253 251 311 284 315 202 271 192 424 238 428 214 277 345 460 251 294 337 225 351 254 275 375 274 323 265 362 133 282 394 320 227 210 265 100 0 136 335 339 331 291 365 258 160 205 271 336 350 230 229 383 374 251 197 281 253 230 305 247 229 197 229 375 356 265 181 334 202 338 359 274 153 208 222 209 289 198 242 379 179 245 226 376 300 338 254 242 221 334 365 325 154 190 144 437 289 179 321 296 125 226 263 339 208 317 442 216 327 295 335 302 124 187 364 331 266 146 249 312 307 169 261 323 257 284 316 304 141 273 316 471 329 332 281 338 263 230 359 242 66 182 372 388 331 156 303 439 169 381 197 402 317 248 241 401 324 325 409 387 139 314 236 232 329 322 292 370 266 210 365 471 284 349 385 295 436 286 235 373 202 224 191 474 140 220 338 361 366 49 377 211 83 209 350 392 286 341 296 200 354 190 144 294 280 299 441 368 200 324 261 316 296 279 375 316 254 223 213 346 182 230 365 342 175 298 260 313 227 291 423 237 280 219 267 247 257 265 328 318 442 196 256 363 276 199 339 422 396 345 309 420 161 260 359 346 329 159 311 307 210 271 230 288 264 382 296 296 219 61 139 283 371 348 213 386 210 148 340 415 71 343 153 370 376 237 293 476 219 147 141 382 341 252 216 406 226 229 251 296 290 261 396 353 132 205 291 360 200 282 301 225 295 214 174 311 146 196 272 289 122 193 245 294 384 267 316 218 291 401 355 219 237 179 237 222 200 239 334 328 377 195 364 328 246 263 216 448 143 79 412 332 243 174 312 424 190 185 273 332 168 171 274 394 311 192 316 224 123 141 206 399 420 319 325 214 187 195 221 172 370 374 333 460 237 384 279 265 250 219 170 272 289 134 324 347 219 221 253 366 153 280 483 273 124
142 273 122 207 158 233 226 230 109 258 87 89 135 212 163 98 406 160 133 135 151 220 86 72 165 297 168 156 91 212 182 331 183 236 255 146 124 236 87 296 211 265 299 239 97 234 129 213 188 199 248 353 34 107 197 194 100 205 265 244 84 137 234 361 89 189 137 201 34 392 183 279 41 297 176 290 48 200 182 184 107 94 34 83 183 101 266 220 130 161 137 120 57 330 250 281 145 183 177 244 236 159 135 137 291 112 306 197 144 262 343 235 205 309 92 220 183 160 250 180 222 217 238 86 157 283 187 128 101 178 39 136 0 230 206 259 186 269 162 117 89 207 202 311 148 111 253 293 124 162 146 217 100 297 119 209 117 175 247 226 145 138 223 132 207 298 139 66 72 194 104 185 63 157 245 180 123 159 240 256 236 188 107 111 208 304 194 91 55 76 305 217 96 236 174 68 91 198 207 100 211 352 81 224 174 272 175 60 156 283 218 219 41 181 176 217 71 230 187 218 154 214 168 161 152 236 341 226 197 236 202 197 148 232 174 93 61 296 258 258 81 228 306 141 245 64 276 270 129 169 272 262 202 291 251 63 225 108 96 250 199 157 234 185 157 302 343 196 219 304 177 341 178 194 244 131 95 139 338 67 160 325 237 270 91 298 133 109 160 239 268 174 210 188 91 243 90 92 161 188 176 395 243 138 190 129 188 174 149 251 182 198 87 151 211 153 109 302 209 43 195 205 185 122 233 324 126 277 108 133 119 153 183 275 198 316 174 149 228 161 110 255 296 282 230 179 289 107 125 290 217 226 66 210 176 133 161 177 153 205 268 172 160 111 90 163 147 294 224 255 250 144 149 233 281 68 217 91 265 262 176 160 341 186 49 120 252 208 119 129 270 122 154 179 168 205 151 369 219 123 122 261 228 97 183 197 107 177 85 129 197 132 60 177 169 93 119 188 161 287 132 240 90 184 304 246 88 241 127 167 112 64 108 234 203 319 68 259 195 220 187 138 314 90 59 312 213 141 93 244 301 74 128 167 196 47 52 204 276 180 94 188 111 89 65 187 279 399 198 229 82 52 103 169 37 338 238 264 345 137 260 174 132 232 84 81 137 202 78 315 216 103 96 164 239 97 147 396 139 142
368 158 135 101 350 94 201 110 212 125 163 143 234 75 179 145 495 154 119 103 174 152 148 302 248 115 94 136 213 48 85 172 406 165 345 89 340 23 144 186 269 59 274 170 312 128 135 34 296 64 241 192 232 124 101 37 181 38 204 98 287 100 79 184 258 83 106 119 227 320 60 105 267 130 79 144 275 143 82 66 301 186 198 171 134 176 147 34 319 71 186 182 285 133 171 133 295 107 215 154 398 161 195 155 280 127 113 192 217 67 132 197 362 200 216 124 368 74 303 63 352 138 81 203 258 61 136 108 275 77 265 335 230 0 232 91 322 44 324 184 142 107 219 182 332 121 124 87 239 172 209 161 227 231 127 188 316 136 105 114 270 170 22 139 245 131 196 183 182 175 129 46 207 97 157 220 114 124 174 150 360 110 206 120 280 136 242 182 206 190 164 87 302 55 78 210 183 109 240 132 336 127 200 9 276 116 254 211 374 81 31 139 260 109 196 47 276 170 171 155 237 19 184 243 269 67 179 6 151 146 181 106 333 97 113 269 169 101 126 89 298 79 285 189 207 177 114 148 264 108 128 115 283 87 206 197 374 134 183 72 282 151 193 82 363 128 351 61 262 97 64 111 312 154 109 138 147 158 253 196 360 237 302 44 306 96 328 259 368 24 96 58 246 43 141 28 283 193 132 60 272 224 302 145 216 131 97 76 233 89 220 127 184 137 147 184 254 129 138 192 332 125 258 110 418 94 281 232 123 207 126 79 356 139 58 139 393 82 224 73 303 61 329 68 36 112 149 178 161 110 100 6 280 25 115 128 298 138 159 118 354 84 197 120 312 247 190 96 292 291 198 135 378 11 182 269 280 183 35 52 371 131 229 169 268 207 124 228 145 119 213 111 344 103 103 64 294 239 150 220 316 178 134 138 330 34 124 66 232 173 308 210 198 64 73 215 321 126 218 60 204 77 148 47 419 24 225 231 341 115 276 197 223 12 77 151 236 29 130 178 366 123 192 193 279 82 52 92 301 98 117 156 339 64 174 183 249 97 76 239 287 99 271 214 288 189 86 271 287 25 216 191 298 144 202 210 220 98 129 98 314 57 144 192 179 165 156 61 201 238 115 127 242 85 95 184 221 170 140 243
323 367 129 292 196 304 48 313 98 338 141 171 77 276 60 222 264 293 138 219 71 334 166 243 56 345 143 276 115 255 147 399 286 351 116 213 225 217 192 397 41 216 94 357 207 327 122 245 89 257 44 214 236 178 132 209 112 239 87 312 289 215 168 415 142 264 151 299 173 523 176 189 207 357 156 365 245 315 151 169 175 259 202 137 97 258 137 252 176 208 75 92 220 364 99 354 127 277 30 350 200 297 73 274 85 153 219 343 62 297 262 370 168 411 115 118 199 180 71 235 141 323 169 264 73 243 95 213 147 247 239 339 206 232 0 314 126 273 150 278 185 296 13 400 178 175 143 319 92 307 60 338 110 425 143 349 186 292 156 131 96 286 211 256 15 358 69 229 142 331 202 213 144 243 107 346 160 270 86 354 144 284 99 193 55 364 22 253 152 246 170 289 189 277 159 254 121 290 8 197 126 345 126 233 76 338 51 247 251 313 201 325 195 277 40 259 182 351 60 335 59 231 53 343 89 285 208 231 82 340 52 288 178 150 275 298 186 333 147 312 204 289 100 301 62 158 177 359 107 266 159 333 63 225 70 239 171 149 116 296 63 88 63 259 223 357 143 252 30 328 175 322 119 319 150 255 149 278 150 242 212 442 71 273 291 328 187 309 229 219 185 191 14 204 198 220 168 263 105 241 70 455 70 267 19 127 135 161 63 173 24 303 124 273 91 307 118 357 99 176 133 307 46 202 238 303 128 415 192 73 145 205 179 355 174 208 266 200 30 181 175 290 104 231 202 120 162 266 101 339 139 232 192 231 118 248 116 295 82 302 124 152 50 197 284 346 64 328 63 430 75 265 281 225 123 273 52 255 249 219 214 106 169 322 197 295 143 5 122 233 87 205 190 271 132 262 119 461 93 304 181 374 113 206 140 220 178 173 127 281 99 306 148 232 169 277 194 295 45 285 74 295 156 205 192 227 121 392 223 270 137 144 100 243 155 379 145 247 103 350 191 248 158 261 261 291 181 210 192 313 207 191 217 205 59 193 170 286 213 33 169 132 132 274 210 334 207 494 71 250 125 162 174 293 174 429 45 321 271 212 82 209 111 365 131 227 96 258 256 438 124 182 121 239 158 261 60 383 109 329
379 71 200 56 401 29 288 42 275 39 217 186 302 47 257 161 577 125 185 126 249 88 193 328 321 38 172 115 272 59 167 85 442 93 423 120 381 113 177 97 348 142 364 98 352 56 202 69 368 64 328 274 248 167 187 105 242 75 295 21 292 126 169 107 311 70 170 72 267 231 138 191 299 44 158 53 295 91 164 145 349 184 225 225 218 174 237 63 370 114 258 249 316 72 261 42 357 80 293 78 462 130 266 139 369 183 191 140 288 29 196 129 425 110 274 214 423 137 385 87 422 76 171 201 328 130 221 134 328 83 286 331 259 91 314 0 389 71 385 171 178 60 301 92 386 166 214 47 304 139 282 99 287 148 188 130 363 102 196 204 336 150 112 133 326 45 268 197 233 124 158 102 257 102 247 177 170 107 264 68 431 77 269 156 358 51 322 183 252 196 252 43 346 38 155 215 241 68 321 163 407 117 256 85 347 25 328 220 413 38 121 77 296 83 276 56 319 101 254 92 309 85 263 210 336 29 262 88 237 73 266 68 386 188 90 266 203 41 216 2 337 31 375 164 295 222 202 60 327 93 218 26 359 164 295 207 440 189 243 19 358 228 281 74 409 45 439 68 343 56 139 121 379 105 199 133 199 140 343 204 408 148 382 73 314 47 377 248 414 113 183 124 327 110 171 115 331 190 210 79 345 144 383 132 297 197 181 153 304 179 299 79 241 119 235 153 313 45 225 230 400 74 334 143 475 115 341 154 159 276 186 120 415 49 143 220 432 126 310 136 352 32 415 144 127 195 238 172 230 31 190 88 319 83 197 128 363 102 235 68 433 162 274 153 324 214 264 40 371 230 288 123 407 101 273 276 360 183 100 135 422 209 317 123 304 191 214 311 209 130 303 142 396 82 182 57 358 149 238 201 365 98 224 164 395 94 167 141 287 157 380 187 246 90 145 210 368 87 293 81 273 20 197 109 494 109 282 165 383 96 332 246 285 78 165 67 286 96 216 115 423 122 281 192 293 110 142 125 344 21 199 189 382 114 258 214 292 58 158 316 335 184 328 210 323 142 169 182 362 67 271 234 346 111 241 119 307 7 188 127 396 108 213 125 234 179 228 61 203 151 204 168 299 96 186 181 293 154 212 217
249 427 190 352 83 371 174 375 114 403 175 209 89 345 150 253 221 327 206 270 151 382 202 182 79 425 229 317 120 331 240 473 176 399 80 272 130 314 225 455 93 324 198 403 127 385 189 325 38 326 161 341 219 226 234 291 147 317 213 381 251 269 277 496 97 326 220 353 154 567 262 307 162 433 244 434 203 362 242 257 94 272 202 167 199 276 260 332 80 275 137 141 164 451 224 423 41 331 121 402 78 329 128 305 183 207 337 373 107 379 381 407 43 468 118 231 77 254 107 303 36 375 279 269 65 349 199 263 86 310 201 291 186 322 126 389 0 366 36 295 221 354 136 464 70 225 263 406 85 336 115 382 104 469 202 383 96 335 271 244 53 311 305 292 113 433 127 239 162 365 242 290 144 297 230 363 219 314 211 411 50 338 120 239 78 440 105 267 151 254 295 355 112 355 245 252 150 346 119 237 27 446 138 321 52 410 78 244 145 398 295 376 153 330 140 335 124 396 169 381 88 315 147 346 54 361 334 320 193 393 170 344 70 262 325 273 205 417 267 388 135 360 198 320 188 177 296 421 64 318 280 403 68 338 196 243 51 200 147 374 66 175 189 321 113 434 201 322 109 417 259 426 10 360 265 291 192 308 270 247 100 492 92 367 243 414 87 293 118 317 300 269 116 285 232 319 102 273 193 310 57 534 99 302 128 193 232 247 90 285 120 354 150 312 207 330 82 435 213 181 11 359 81 251 111 407 60 452 237 116 204 269 56 421 267 330 156 264 155 255 92 372 150 340 301 216 286 283 161 418 248 321 134 313 213 288 27 338 166 357 93 238 131 243 230 348 134 413 83 440 201 304 186 319 250 242 87 268 347 325 95 194 294 357 149 303 262 131 180 276 212 254 78 325 220 332 35 525 211 308 88 425 230 241 15 300 225 257 110 304 32 315 155 300 251 277 103 344 110 381 119 369 196 284 118 325 113 420 127 319 74 153 105 332 255 456 121 344 209 390 67 291 285 270 220 394 278 267 117 382 326 217 120 276 173 203 134 347 325 98 99 230 75 274 150 362 321 558 58 334 124 170 96 333 173 493 170 396 389 267 111 282 179 404 158 247 167 328 260 484 235 227 97 298 270 275 102 487 183 328
403 142 179 105 393 88 240 105 256 110 206 184 277 81 222 178 536 171 162 136 217 152 189 341 292 83 138 154 257 63 128 140 447 161 387 123 382 56 182 167 311 75 309 166 353 123 179 56 340 81 280 204 267 163 141 79 225 65 238 86 319 134 112 146 301 99 150 125 268 300 104 124 306 100 123 119 311 149 125 109 343 214 235 214 176 204 176 50 362 108 230 226 325 92 205 110 339 121 258 147 442 177 239 177 316 170 121 199 261 42 125 195 406 179 259 161 411 117 344 92 396 138 113 232 302 59 178 142 318 100 302 365 269 44 273 71 366 0 368 208 180 112 260 158 376 161 154 48 283 188 253 162 271 219 171 192 358 149 135 150 314 191 63 164 287 102 240 217 225 182 165 85 250 123 191 232 156 143 210 139 404 121 250 158 323 105 285 211 248 221 185 89 344 49 122 241 226 116 281 169 380 84 244 46 319 94 297 244 416 45 73 139 300 123 238 59 318 168 213 156 281 55 227 260 313 60 192 47 192 140 222 114 376 131 129 299 208 65 155 69 339 76 320 208 244 218 136 131 308 127 154 97 326 93 242 229 418 176 227 56 325 194 231 100 406 97 387 81 303 55 108 73 356 162 140 164 189 179 279 228 403 218 344 2 339 57 371 286 411 55 118 101 287 85 178 55 326 221 175 85 316 186 344 167 259 174 139 120 277 117 262 133 227 157 186 201 298 97 177 232 376 130 301 147 462 58 325 225 161 251 169 116 400 119 101 150 435 120 264 116 346 40 368 73 72 155 173 205 205 79 138 46 321 59 158 155 342 151 202 123 396 128 240 157 347 264 234 60 334 295 234 157 417 49 211 302 323 212 31 68 414 174 251 178 308 231 154 269 189 149 247 147 387 118 147 77 338 210 187 242 359 168 171 173 374 72 164 110 275 195 352 231 240 94 116 243 364 136 261 19 248 67 189 88 462 48 268 231 383 133 320 239 267 36 118 118 278 29 171 179 410 149 215 222 314 48 93 128 343 87 129 194 381 103 215 222 290 103 90 282 329 141 315 242 328 198 101 241 330 41 259 232 340 158 243 183 258 77 118 133 355 95 188 191 222 198 200 77 231 222 153 167 285 112 127 211 265 128 184 263
214 417 190 343 48 364 197 367 112 395 168 200 95 339 162 239 250 312 206 262 160 369 193 149 97 421 233 303 113 328 245 466 141 386 116 265 94 319 214 444 122 332 230 390 93 375 190 323 68 321 189 362 195 218 243 291 144 315 237 375 220 261 287 491 78 319 219 342 134 551 265 321 133 427 247 427 173 349 247 260 61 253 184 160 209 258 278 330 44 271 143 143 133 450 244 416 29 321 139 391 78 313 134 290 215 203 351 355 116 377 394 392 43 457 111 245 49 253 142 298 65 363 289 247 80 357 211 254 62 303 173 258 162 324 150 385 36 368 0 276 210 345 158 455 34 218 278 406 86 319 125 369 98 453 199 366 61 322 284 257 59 294 308 278 139 428 134 221 152 349 232 288 131 288 248 342 216 303 231 401 80 328 119 231 109 435 129 248 137 235 315 348 79 353 248 230 144 337 145 226 61 450 129 322 75 404 99 222 110 397 299 365 126 320 156 332 95 382 184 368 101 315 160 323 65 357 354 322 208 382 188 335 34 273 315 244 191 415 282 383 102 354 231 301 212 165 310 412 60 307 297 396 98 349 220 222 62 196 143 371 96 183 210 314 78 430 237 317 138 417 260 432 37 346 279 278 185 292 299 227 65 479 126 369 211 413 51 266 83 322 313 269 142 285 220 324 73 253 200 306 81 528 134 287 148 194 240 250 102 297 139 343 144 299 222 312 72 430 227 165 41 348 105 243 95 413 44 435 228 122 201 265 32 413 271 347 121 259 181 254 59 371 185 349 306 224 304 265 164 415 259 322 104 313 220 276 35 325 174 346 129 242 144 234 197 324 143 411 117 417 224 291 149 322 272 213 119 250 352 332 64 200 320 341 121 282 277 155 180 266 237 245 43 316 225 328 33 515 227 285 53 412 246 229 25 299 218 259 98 286 66 294 142 295 252 255 67 332 125 384 125 365 188 283 145 329 103 401 91 308 54 141 102 333 262 450 104 348 221 375 43 279 308 250 190 400 284 261 84 375 341 204 83 273 189 186 111 339 335 119 70 238 57 251 118 345 332 547 89 334 114 156 64 319 156 483 195 391 402 259 147 280 181 388 151 231 171 323 239 470 248 218 86 290 282 256 113 492 186 304
211 164 154 115 275 142 280 133 195 158 138 108 226 131 222 58 512 49 153 87 209 109 113 173 254 206 174 56 181 145 184 227 291 122 355 102 239 200 87 184 297 237 361 125 213 130 162 154 290 127 313 357 92 106 207 155 168 147 309 152 123 91 227 261 199 110 145 101 143 275 166 270 156 201 173 188 137 91 182 171 224 24 93 143 213 20 283 158 247 120 203 187 169 242 283 181 256 91 249 133 352 46 207 32 358 131 289 79 225 185 315 118 320 195 183 238 301 141 338 120 332 110 231 35 252 245 218 86 214 109 129 160 117 184 278 171 295 208 276 0 94 111 270 202 265 110 262 214 219 46 223 104 196 180 142 92 234 70 250 238 248 23 188 45 284 201 211 56 141 77 82 142 153 87 273 69 129 66 278 147 345 94 190 94 299 207 274 28 145 42 316 129 213 162 168 52 161 103 282 85 319 282 164 175 272 176 264 60 268 204 188 111 158 89 240 149 188 115 236 106 242 164 228 68 253 156 344 178 234 127 253 103 265 234 82 95 95 212 267 171 197 143 371 24 295 125 273 164 233 82 277 166 295 266 299 55 338 133 166 169 293 201 281 108 274 207 421 127 300 225 161 278 287 82 249 45 129 31 378 51 277 209 328 210 145 217 251 78 276 202 259 147 287 152 82 207 207 25 193 125 272 290 333 41 260 159 197 167 236 244 256 95 158 53 243 36 214 207 237 114 306 102 274 92 350 266 236 160 94 212 140 115 300 172 183 309 285 116 291 141 227 180 380 250 202 197 299 13 178 200 224 178 184 159 197 56 269 71 202 105 368 172 228 90 158 72 214 211 315 151 295 51 251 191 309 109 305 27 217 231 293 191 369 71 166 24 262 278 159 68 316 90 272 91 180 132 260 256 250 36 239 147 249 75 295 152 107 162 186 15 300 30 143 120 157 39 236 86 238 226 209 156 122 146 413 206 185 125 242 77 223 146 199 181 200 220 174 211 222 104 304 61 335 28 130 256 195 100 211 152 289 88 244 129 245 93 166 114 253 262 211 198 221 40 180 69 259 285 294 170 175 127 220 62 122 226 297 174 313 95 349 133 172 115 151 52 186 131 41 198 231 101 199 99 239 21 229 323 177 61
228 207 61 133 224 155 186 157 110 185 48 14 141 131 128 37 429 110 62 52 115 161 20 161 167 216 90 97 101 126 103 257 268 179 271 59 204 148 7 234 207 179 267 183 175 165 69 126 208 115 219 280 94 20 124 105 79 117 216 166 153 52 154 284 134 110 58 132 90 348 97 199 126 220 95 217 134 141 103 99 171 78 57 55 122 75 198 133 192 72 111 95 144 247 193 207 185 111 156 182 288 113 116 90 264 38 223 159 136 177 258 190 253 247 103 152 245 73 248 94 256 154 158 88 168 195 127 45 151 96 124 205 89 142 185 178 221 180 210 94 0 134 176 244 208 24 181 207 138 122 132 162 117 249 49 167 185 115 171 155 169 101 135 74 192 220 119 55 59 149 21 96 80 78 184 161 42 94 187 190 268 118 104 23 211 227 183 72 75 70 235 139 168 151 91 85 73 126 190 16 242 264 83 136 188 195 176 82 237 197 130 155 120 110 146 131 141 176 143 161 154 126 134 161 172 152 267 137 142 173 159 124 209 156 105 143 28 213 186 177 160 147 277 115 202 45 198 201 157 97 198 187 208 206 206 69 269 39 78 167 206 107 188 105 232 223 328 112 208 219 91 252 211 140 170 73 36 94 287 70 230 272 239 182 169 213 199 143 236 151 188 86 194 99 12 155 153 84 101 102 187 320 243 84 166 66 114 91 148 171 163 133 72 93 153 121 140 223 147 53 232 138 185 35 297 235 167 235 20 122 48 64 239 203 113 237 256 60 198 73 174 170 288 195 143 109 218 82 84 209 143 137 143 121 108 68 194 118 108 136 283 92 135 25 173 164 122 210 226 244 203 85 237 144 221 134 216 73 176 175 244 99 282 140 128 113 180 185 65 56 223 36 218 105 94 122 187 305 160 123 187 204 162 21 224 109 20 91 113 95 219 122 69 91 84 103 190 123 147 199 119 158 29 95 335 157 108 208 206 98 157 70 117 145 123 242 108 171 132 171 246 70 250 82 139 223 128 55 167 166 220 15 205 78 151 42 114 129 191 171 157 114 153 99 148 150 195 337 208 141 97 56 168 114 63 273 203 184 259 51 259 85 78 186 64 45 92 118 81 265 146 15 125 82 162 78 140 308 83 150
321 74 171 7 356 31 278 24 241 52 179 145 269 32 236 110 554 65 159 84 226 45 152 274 293 95 157 55 234 60 158 124 389 60 397 84 330 130 131 102 326 167 359 66 302 32 176 73 337 46 318 299 192 128 182 100 208 72 293 41 233 85 178 155 268 32 145 13 219 228 129 211 247 92 146 84 239 37 155 137 303 125 174 187 205 115 246 73 325 88 230 218 264 131 262 74 319 24 271 54 422 70 237 79 361 149 220 88 260 79 234 90 387 116 236 212 379 117 365 63 388 32 181 142 297 163 209 91 285 49 230 271 207 107 296 60 354 112 345 111 134 0 284 110 342 129 223 106 269 79 254 54 250 132 157 81 317 42 205 206 301 90 123 76 306 92 240 142 193 71 113 90 214 57 248 121 139 49 261 58 399 18 235 115 333 99 300 125 208 139 268 23 298 62 142 157 204 9 302 118 374 175 217 99 317 67 301 163 362 95 128 33 245 26 256 61 271 63 240 48 280 91 243 152 303 52 286 102 226 45 254 10 342 193 32 206 156 101 226 60 287 37 370 104 289 179 219 67 290 38 231 56 333 193 290 151 403 155 207 62 331 208 274 37 361 97 430 50 323 116 128 175 344 50 207 77 162 80 351 148 362 146 360 114 255 107 332 188 365 131 201 109 308 101 125 135 285 131 192 59 315 188 362 73 278 171 173 140 274 192 277 21 204 59 229 94 274 97 220 183 364 19 308 103 431 166 301 128 117 247 155 90 373 69 141 246 381 96 298 116 306 76 399 174 139 183 253 113 201 89 190 102 270 87 184 74 327 42 213 11 408 150 250 111 266 155 239 100 348 185 284 65 353 118 279 218 336 125 132 159 376 191 331 67 254 130 222 293 180 80 302 100 351 29 167 44 321 171 233 141 320 79 224 116 358 90 129 130 247 97 349 127 203 65 131 150 320 27 267 128 244 48 158 98 465 131 242 123 333 39 291 204 249 98 163 113 242 127 208 71 380 69 295 133 236 159 146 88 296 41 224 142 333 92 245 165 245 11 183 291 289 176 287 150 271 87 193 204 334 84 231 190 300 51 194 139 297 63 229 88 376 90 187 85 196 125 202 48 145 143 203 127 259 58 194 122 265 214 188 158
323 355 118 280 202 291 39 301 95 325 133 162 78 264 49 213 277 283 126 208 61 322 157 242 62 332 130 266 112 243 134 386 290 340 129 202 228 204 183 385 53 203 97 345 209 315 111 232 99 245 46 205 232 168 119 196 106 227 80 300 285 204 155 402 143 252 140 288 170 512 163 177 206 344 143 352 243 304 138 156 178 251 196 130 84 250 125 239 181 196 68 85 219 351 88 341 133 266 26 338 211 286 67 265 90 143 207 333 60 284 249 359 178 399 112 105 207 168 84 223 153 312 156 257 79 229 82 203 150 235 236 336 202 219 13 301 136 260 158 270 176 284 0 388 184 165 131 306 93 297 56 327 108 414 132 338 190 281 143 118 102 277 198 246 28 345 63 221 136 320 192 201 139 231 95 337 149 259 75 342 156 273 95 183 67 351 31 245 147 239 160 277 192 264 146 247 115 279 22 188 137 331 121 220 84 325 59 241 255 299 188 313 194 266 30 246 182 340 47 323 62 218 42 335 94 273 198 218 69 328 39 276 184 137 263 293 178 320 134 299 206 277 104 292 55 151 164 347 111 255 147 321 74 212 62 232 182 139 109 283 75 76 53 247 229 344 152 240 43 315 162 309 128 308 137 245 140 269 147 235 219 430 84 260 289 315 192 303 235 206 172 178 27 191 188 207 170 256 92 228 79 442 84 257 13 116 122 149 64 160 22 292 118 263 78 297 120 344 86 170 143 295 55 191 247 290 132 404 182 69 134 194 188 343 160 196 271 188 27 168 179 277 116 218 189 107 151 257 92 326 126 219 192 218 105 238 123 284 71 290 137 139 43 187 283 338 57 315 76 421 66 255 284 212 114 269 65 247 235 206 221 94 163 312 196 287 130 10 112 222 81 194 196 259 120 250 126 448 80 296 185 363 100 196 149 207 168 160 125 272 109 297 143 220 157 270 198 284 44 271 70 283 148 193 205 213 119 382 227 259 140 139 99 230 142 366 144 233 89 339 200 237 150 253 258 278 167 199 195 300 194 182 221 193 46 186 169 274 200 39 171 119 135 266 210 324 194 482 82 237 122 156 177 283 169 417 40 309 259 201 95 197 101 355 124 218 85 245 249 426 111 172 121 227 145 253 59 370 98 322
410 38 279 112 465 97 377 89 351 62 289 256 379 124 342 217 661 154 266 194 333 93 262 374 401 79 258 155 344 146 256 40 491 81 505 193 436 204 241 24 433 232 454 80 408 79 283 158 446 143 418 362 292 238 277 193 318 162 386 88 322 195 261 75 378 139 251 112 327 142 226 281 352 60 246 39 338 111 252 234 412 222 280 297 306 213 329 153 434 194 338 328 367 99 352 50 429 133 378 69 532 156 346 175 459 259 279 136 368 118 276 102 497 26 346 304 488 221 471 166 498 94 263 236 407 217 309 201 395 155 330 350 311 182 400 92 464 158 455 202 244 110 388 0 451 239 306 117 379 157 362 99 360 78 266 121 425 136 287 295 411 179 203 180 412 58 349 246 303 129 223 187 324 167 338 173 247 154 355 55 509 127 344 225 441 57 406 223 318 238 342 112 405 128 242 253 314 118 407 228 484 168 327 177 426 66 409 261 466 115 212 93 351 135 361 144 378 89 342 96 389 175 348 212 413 118 350 180 326 75 355 120 451 279 140 291 265 99 308 93 392 111 466 184 386 289 293 43 400 147 309 68 441 251 386 251 513 265 317 110 440 313 371 144 468 66 529 148 429 118 226 184 454 120 291 181 272 174 434 248 469 63 466 160 345 109 440 268 471 204 274 209 413 197 234 207 394 226 296 160 424 92 468 174 383 278 270 240 384 271 383 113 314 160 325 171 384 65 315 291 475 107 416 213 539 186 411 98 227 356 264 198 483 45 233 308 484 203 399 220 415 122 502 232 218 283 329 208 310 81 281 179 376 173 284 181 437 134 319 108 516 250 357 221 359 214 346 104 455 192 378 167 453 192 364 310 443 223 189 225 484 294 408 133 359 213 306 397 288 189 394 210 460 139 268 138 431 61 328 220 428 59 315 225 468 182 239 229 357 187 459 205 313 169 231 240 428 124 375 163 353 107 268 195 574 200 352 130 438 147 401 314 359 170 255 53 352 186 305 104 490 177 372 229 332 186 233 197 403 88 288 251 439 195 346 272 353 117 248 399 398 273 397 241 376 144 258 94 443 158 341 299 408 142 302 29 397 84 267 197 482 191 294 102 306 230 310 143 241 73 295 237 369 167 277 218 373 190 294 226
182 413 197 341 19 364 222 365 123 393 171 199 114 339 180 234 277 304 214 261 177 363 193 122 122 423 243 297 119 331 257 465 109 379 149 266 61 329 211 438 153 346 261 383 65 372 199 327 101 322 219 386 178 219 258 297 151 319 264 375 196 260 302 492 75 318 226 338 124 540 274 338 114 428 258 425 150 343 259 270 41 241 173 163 226 247 300 335 18 274 159 155 109 453 268 415 51 318 163 385 90 304 150 281 247 207 369 344 136 381 411 382 64 451 117 264 37 259 175 300 96 358 304 234 105 369 228 253 58 304 151 230 148 332 178 386 70 376 34 265 208 342 184 451 0 220 297 411 101 309 144 361 106 444 205 356 34 316 302 275 82 284 318 272 168 428 151 210 153 340 229 293 129 286 270 328 220 297 255 396 110 325 129 230 141 435 156 237 134 223 338 347 55 356 257 216 150 334 173 224 94 459 132 329 104 404 127 207 76 401 309 359 108 317 177 335 77 374 205 361 124 321 180 305 90 359 377 329 227 377 211 332 1 290 311 223 186 418 302 385 77 355 262 288 239 164 329 408 77 304 317 395 130 365 246 210 84 200 149 373 128 198 236 313 46 431 270 318 168 422 269 442 70 338 297 271 188 284 328 214 35 471 159 376 185 418 19 246 52 332 330 275 171 291 217 335 58 240 214 308 110 528 167 280 173 203 254 259 123 314 164 338 148 292 242 300 80 431 246 159 74 344 134 243 89 423 55 425 228 138 207 267 37 411 282 367 89 262 208 260 38 374 219 363 318 238 326 254 175 416 275 329 83 319 235 270 64 319 189 343 162 252 164 233 170 307 161 415 149 399 250 285 116 331 296 191 151 238 362 345 40 214 347 332 101 267 297 182 188 262 264 244 12 313 237 329 59 510 248 270 26 405 265 226 57 305 219 267 100 275 99 279 140 297 260 239 37 327 147 392 141 366 190 289 171 339 107 389 58 304 56 140 112 340 276 451 100 357 239 366 40 274 333 237 166 410 296 261 59 375 359 200 50 277 211 179 99 337 350 145 54 252 61 236 95 334 348 542 121 340 117 152 44 312 149 479 222 392 418 259 180 284 192 378 154 223 184 325 226 461 265 218 91 290 299 244 133 502 198 286
251 203 46 127 236 146 171 150 111 178 50 22 140 120 116 52 426 118 42 46 104 162 28 182 164 204 67 101 106 111 80 248 286 179 269 47 221 126 30 231 201 156 252 184 192 161 54 109 208 103 205 256 118 5 101 84 79 100 198 157 177 44 130 273 145 101 36 130 107 351 74 175 146 209 71 209 157 142 79 75 185 97 80 59 103 92 176 116 205 55 104 90 164 233 173 198 191 107 148 180 296 122 110 100 251 22 199 168 132 162 234 195 260 245 108 130 256 49 241 80 259 153 133 109 168 172 108 39 162 85 147 229 111 121 175 166 225 161 218 110 24 129 165 239 220 0 158 192 140 132 127 165 122 252 33 173 199 118 148 132 172 113 113 81 184 210 113 78 67 155 29 76 91 72 163 174 19 95 167 187 270 115 105 18 206 216 175 92 87 92 212 130 183 136 67 108 75 122 181 25 244 245 89 116 188 186 173 106 254 182 107 154 139 107 135 116 157 178 127 162 151 106 122 178 174 139 244 116 124 171 143 120 220 132 103 167 50 199 162 165 178 136 262 130 186 57 174 196 162 95 175 178 205 182 189 92 275 27 78 153 203 92 171 96 246 212 316 99 200 203 68 232 215 144 146 80 33 104 268 93 244 272 234 162 193 198 212 166 251 128 164 63 186 78 31 133 166 104 82 88 186 310 237 92 156 50 91 67 146 147 154 132 75 98 133 134 147 212 127 71 236 136 181 27 308 215 174 240 17 118 31 47 248 196 89 213 273 42 184 50 187 155 279 172 120 88 195 99 75 197 119 116 160 102 87 73 199 121 94 133 280 68 126 22 196 182 113 195 221 258 185 90 257 123 200 158 211 93 155 152 257 81 260 147 147 131 157 174 54 58 205 30 230 101 72 109 192 300 140 142 201 204 141 35 229 89 4 68 121 109 220 140 80 77 60 124 204 123 141 179 116 146 30 74 336 135 115 217 222 98 166 80 120 126 99 232 120 149 112 175 256 73 228 103 163 202 104 42 183 157 196 39 221 59 135 64 129 122 167 165 170 91 162 121 167 159 171 333 206 122 105 71 181 118 82 268 188 173 235 42 252 66 64 191 68 65 80 105 103 266 123 11 133 73 138 98 137 289 68 169
393 282 130 217 316 216 99 230 179 248 166 172 184 193 117 207 395 251 121 177 121 267 172 315 183 236 91 232 190 166 79 293 394 283 258 164 327 102 187 310 184 82 156 288 302 249 123 152 228 177 135 100 270 162 57 123 162 151 86 221 330 173 45 300 235 193 122 232 232 444 99 46 276 252 90 267 301 254 80 92 279 253 229 170 74 247 23 155 290 147 140 149 294 245 53 256 250 214 141 274 340 257 148 242 165 145 76 298 162 189 119 311 305 324 191 35 327 122 208 163 283 254 43 267 199 108 71 176 249 179 292 383 253 124 143 214 263 154 278 262 181 223 131 306 297 158 0 202 196 269 153 276 197 353 136 297 293 239 19 27 219 258 103 222 158 253 147 235 182 281 183 135 202 188 40 317 139 221 62 272 287 220 174 170 198 258 162 248 206 249 54 207 287 178 94 265 169 221 152 182 267 211 186 130 210 240 185 263 359 199 95 256 265 216 123 167 268 286 94 270 177 134 118 330 214 190 88 127 71 265 93 218 298 29 216 324 200 219 5 212 293 200 168 277 96 188 33 271 221 209 20 239 205 83 92 249 311 147 166 196 205 103 86 189 338 249 235 173 172 208 103 186 254 263 15 222 159 246 129 250 331 360 212 153 342 211 300 324 344 102 43 120 157 123 188 100 265 260 93 165 205 339 209 232 136 123 67 95 176 37 143 239 172 230 56 276 220 250 52 210 271 239 184 170 372 168 242 351 172 159 136 151 310 262 83 70 377 148 124 122 280 184 222 94 88 74 37 252 134 231 38 127 275 137 76 212 245 242 111 233 264 91 134 174 342 334 137 214 206 396 84 225 377 114 58 312 195 249 124 88 337 94 109 274 271 285 1 139 134 196 94 172 310 208 87 179 245 362 52 297 290 299 32 192 275 133 162 101 210 257 239 292 198 162 105 281 301 235 154 159 157 200 165 127 334 107 202 342 327 215 244 195 189 136 63 271 223 125 61 291 321 208 74 259 311 157 77 164 288 221 64 195 322 140 90 214 245 212 74 165 267 67 239 278 290 292 66 394 212 148 197 201 276 245 216 333 114 222 128 169 217 138 122 307 172 223 122 175 261 361 37 168 214 179 29 253 165 245 115 323
419 110 217 101 427 75 287 89 294 81 240 213 318 84 266 197 582 170 201 158 260 135 219 364 334 38 180 158 293 81 172 94 475 139 432 148 411 103 207 130 356 122 357 143 383 103 218 83 382 94 327 246 286 193 187 116 262 92 286 68 333 156 159 98 335 107 187 118 297 259 145 170 332 57 165 80 332 138 169 152 376 225 259 248 222 215 224 76 396 137 271 265 350 45 253 73 377 123 302 123 481 176 280 182 364 204 164 188 302 31 159 174 445 141 296 209 447 153 390 113 437 123 161 243 343 102 223 165 353 115 323 374 293 87 319 47 406 48 406 214 207 106 306 117 411 192 202 0 322 185 294 146 308 185 207 177 391 147 183 198 353 194 108 174 332 59 281 235 258 172 189 118 282 137 239 224 190 149 258 111 446 121 288 184 367 61 329 223 279 236 231 85 375 57 163 255 262 113 327 194 421 70 278 86 361 60 340 259 445 11 118 124 327 125 283 76 348 148 258 139 322 91 271 257 353 59 235 88 238 119 268 112 411 179 132 309 234 18 203 47 368 71 368 209 291 249 183 99 347 133 201 68 369 137 290 246 458 211 263 45 368 237 278 110 438 52 435 97 349 12 148 74 396 152 188 174 222 183 326 243 436 179 389 49 354 9 404 292 442 102 165 137 333 122 202 103 358 232 218 106 358 138 389 174 304 213 184 161 318 165 307 126 263 161 233 199 334 52 224 260 417 121 345 172 498 71 362 196 187 291 205 144 437 85 145 194 463 149 310 152 379 37 415 118 119 199 219 214 245 36 185 87 350 93 202 167 382 148 245 115 441 170 284 183 364 260 276 13 379 276 282 164 442 94 259 317 367 224 78 115 448 217 297 170 336 235 202 315 226 165 295 171 421 123 190 88 377 164 235 246 392 140 218 196 414 106 193 150 310 200 394 233 272 116 156 252 396 132 304 47 288 58 221 123 506 96 304 210 413 138 355 272 304 76 164 71 311 77 217 162 446 161 262 233 332 70 139 153 374 68 174 220 412 134 261 246 320 101 135 325 362 186 351 252 355 189 146 195 373 72 294 262 373 157 271 139 305 49 150 156 400 127 227 171 256 216 241 91 244 186 200 195 321 129 175 222 307 109 225 263
231 343 106 267 120 286 128 291 29 318 91 125 15 259 79 172 293 247 122 186 76 299 118 151 42 340 147 235 38 246 159 387 201 316 136 187 136 233 143 371 88 246 185 321 116 301 105 240 70 241 136 286 157 141 157 207 62 232 171 296 203 184 201 410 50 241 135 269 89 486 179 237 117 347 162 349 157 279 161 175 86 197 130 83 125 199 199 247 94 190 58 58 129 366 169 338 57 247 68 319 159 249 49 225 175 122 268 294 36 295 310 327 123 384 36 162 133 170 126 217 119 291 204 197 33 271 127 179 57 225 152 251 124 239 92 304 85 283 86 219 138 269 93 379 101 140 196 322 0 257 44 300 24 387 116 303 100 253 201 174 32 233 223 211 88 348 49 164 80 285 159 205 67 212 171 288 134 232 157 327 130 254 35 155 85 355 75 192 76 181 238 270 99 270 162 183 65 262 90 153 104 364 56 238 52 325 51 175 166 314 213 293 105 246 79 250 89 313 105 299 33 231 80 277 34 276 277 237 126 310 112 260 102 189 241 217 125 332 201 302 112 275 190 244 146 96 228 336 26 234 215 317 78 264 154 171 136 115 62 289 76 97 140 236 143 349 220 236 97 333 175 346 75 278 196 210 107 229 240 174 134 409 114 284 203 330 104 232 149 236 229 185 91 201 149 238 77 199 114 225 53 448 120 221 81 109 154 164 29 213 72 270 66 230 141 253 26 349 144 106 96 275 62 167 181 327 46 372 153 37 118 184 118 336 185 266 183 178 120 170 87 288 172 264 220 138 226 207 78 333 174 237 100 229 135 205 59 256 88 273 149 156 64 159 194 279 59 328 100 369 156 222 192 236 199 189 93 193 266 246 141 114 254 277 106 231 195 95 96 193 173 169 114 241 139 247 55 440 147 237 95 342 164 159 91 216 141 173 39 226 81 243 76 215 167 208 108 261 50 299 39 284 111 199 197 244 36 342 135 236 49 73 20 248 177 370 57 262 137 309 129 208 235 197 173 314 198 182 102 296 258 136 130 191 111 126 80 262 250 60 78 152 44 204 118 284 248 473 75 250 45 92 85 251 99 408 133 311 317 182 136 197 96 323 74 169 85 243 188 402 164 142 30 213 198 200 35 407 100 260
253 120 178 84 320 110 302 98 230 118 170 137 261 106 248 86 549 18 173 94 235 65 142 219 289 170 186 38 218 128 194 185 336 77 392 106 285 192 116 139 329 230 384 79 259 90 186 139 327 109 337 358 138 128 218 151 201 134 326 118 165 99 229 220 241 90 162 67 185 232 170 269 201 163 182 147 182 50 191 177 268 68 136 176 231 62 291 142 291 122 233 218 214 207 298 141 297 67 278 89 396 12 238 32 383 154 283 37 258 158 304 73 362 150 221 250 345 149 370 111 372 69 233 80 289 233 236 97 257 96 175 197 162 172 307 139 336 188 319 46 122 79 297 157 309 132 269 185 257 0 255 59 234 135 165 48 279 38 254 247 286 25 182 51 314 162 242 98 177 32 105 138 192 81 286 48 149 49 294 104 384 66 225 114 333 168 305 72 184 87 320 101 258 139 177 98 194 72 311 109 359 254 201 163 308 139 298 106 314 175 184 69 203 64 267 131 233 70 259 62 276 153 254 73 290 130 344 167 253 84 275 74 309 240 60 135 132 179 273 139 243 115 394 28 316 161 274 121 272 64 282 128 330 258 319 100 380 158 199 141 328 224 301 90 319 169 448 111 330 195 166 254 327 38 255 52 158 28 392 96 322 163 362 189 188 185 295 113 322 194 258 149 316 149 110 199 251 71 212 113 308 247 365 40 288 182 208 176 270 245 285 59 193 39 260 15 253 169 252 154 346 65 307 108 395 244 278 117 115 244 163 119 343 131 186 307 331 122 316 148 271 154 410 241 197 212 304 55 206 165 232 166 229 148 212 60 309 37 226 70 404 182 257 110 202 77 243 179 348 128 314 44 297 182 321 153 338 71 203 223 338 211 378 25 211 57 269 305 185 76 334 105 316 70 195 112 301 210 266 65 284 102 262 101 336 145 129 168 226 33 338 50 181 112 165 82 281 53 270 205 242 128 151 144 452 196 224 86 287 58 265 184 236 167 206 180 215 197 238 58 348 63 343 74 175 235 196 107 256 118 286 121 289 130 266 133 210 85 247 294 255 210 263 84 225 27 255 239 329 154 213 166 264 29 163 181 319 140 300 102 381 132 196 70 185 89 211 113 86 152 241 124 239 92 243 65 262 293 200 79
268 327 84 251 163 267 87 274 39 300 85 118 31 240 36 169 300 242 97 173 36 288 112 187 40 316 115 227 56 222 125 366 245 306 142 170 180 200 139 356 74 209 153 311 158 286 79 215 87 220 102 243 177 129 119 179 55 208 129 276 229 170 162 387 90 224 111 256 114 478 149 195 150 325 130 329 187 269 128 143 130 203 143 80 85 203 156 222 137 169 24 37 164 340 126 318 97 234 30 306 192 245 17 222 145 105 226 291 9 269 269 321 157 370 56 120 173 145 116 197 143 279 165 207 50 234 85 166 100 207 180 281 146 209 60 282 115 253 125 223 132 254 56 362 144 127 153 294 44 255 0 291 53 379 97 299 143 244 159 132 66 233 190 205 62 326 14 171 84 281 151 180 84 198 127 292 116 222 113 313 151 241 39 144 79 332 51 197 92 189 195 251 141 246 131 195 63 248 61 146 127 331 66 208 67 304 47 188 210 287 181 281 138 233 36 226 129 305 61 289 28 203 36 286 62 253 233 207 83 297 69 245 145 148 229 238 129 306 158 280 153 254 159 246 105 100 186 320 68 221 172 298 79 225 112 181 166 100 58 265 77 60 98 219 186 326 200 215 77 305 146 311 105 271 154 205 97 226 200 184 178 399 107 253 233 303 148 250 192 202 188 159 65 174 145 204 119 207 78 204 64 425 111 216 43 84 117 133 25 172 36 259 66 224 98 253 70 326 102 117 125 263 54 154 220 292 89 366 143 13 99 165 157 318 152 223 227 159 83 145 131 262 157 226 186 101 182 210 53 309 134 208 138 202 98 198 94 248 51 259 154 124 20 148 227 289 19 301 94 375 114 216 234 204 156 214 84 199 233 210 183 79 211 272 141 238 153 61 75 184 132 157 157 227 106 226 92 424 104 246 139 330 121 154 125 189 129 144 70 227 100 249 89 194 138 219 151 250 15 267 14 262 103 174 213 210 63 341 179 224 93 85 44 219 140 348 88 229 96 302 169 199 192 204 202 279 163 166 144 277 216 135 173 168 67 135 113 246 211 39 120 115 88 215 156 282 208 457 81 223 66 102 128 244 114 392 94 289 276 167 127 174 69 317 73 171 54 222 198 393 123 132 68 196 157 205 13 372 70 271
311 62 210 61 374 75 325 58 272 68 210 176 303 86 278 130 590 58 200 120 267 11 182 277 328 123 204 66 263 114 208 129 394 19 432 125 341 184 157 80 365 221 407 21 314 43 216 128 370 99 364 354 195 162 232 152 241 126 343 79 224 123 232 164 291 83 187 44 237 186 180 265 257 111 196 92 240 23 205 188 321 125 188 217 253 117 299 127 344 135 268 255 271 159 312 88 345 63 312 31 446 59 275 80 408 186 274 43 296 125 286 36 412 92 265 263 398 164 405 113 418 24 235 139 330 216 256 125 307 97 233 253 217 161 338 99 382 162 369 104 162 54 327 99 361 165 276 146 300 59 291 0 279 87 196 31 333 47 258 258 331 81 177 90 347 111 278 152 221 31 142 141 239 96 299 81 178 69 311 47 430 57 267 147 371 116 340 127 232 142 322 75 313 114 191 156 236 54 344 147 404 215 245 153 350 91 337 164 371 137 182 23 258 62 298 115 287 13 285 7 315 145 285 118 334 102 340 157 274 30 300 57 361 246 64 193 178 136 279 100 298 87 417 86 337 205 273 65 319 72 285 81 369 247 339 156 429 192 240 108 367 251 323 86 375 119 476 103 364 154 178 220 373 23 261 91 195 78 403 152 377 110 399 164 247 144 349 170 378 185 256 159 349 153 151 189 303 129 237 111 349 189 402 82 319 211 223 189 310 246 318 37 234 70 278 72 301 119 269 203 393 36 346 137 449 213 326 77 149 282 194 135 395 77 193 300 388 140 343 164 324 123 442 227 193 231 307 111 240 119 242 156 284 141 232 95 356 44 256 44 444 198 290 143 260 121 278 137 386 133 333 78 355 172 331 211 375 127 185 213 392 235 384 34 266 115 275 336 218 108 352 134 369 70 214 98 348 152 283 122 337 44 275 142 384 143 163 180 273 90 381 107 228 115 179 141 335 43 306 177 280 96 190 149 497 185 270 69 344 68 315 230 280 152 215 126 265 180 256 17 401 93 348 131 234 207 199 128 310 79 279 165 345 140 291 183 262 65 237 330 307 225 312 142 281 48 247 182 370 138 259 213 318 50 213 122 344 97 280 126 417 139 227 31 226 139 243 101 144 102 254 160 286 102 247 122 301 250 229 130
215 323 92 248 124 268 140 272 18 300 71 104 35 242 84 150 316 224 109 166 76 278 98 134 64 324 138 213 16 230 151 370 197 295 160 168 130 223 121 350 110 240 203 300 107 281 93 225 94 224 153 291 133 122 153 193 46 217 182 278 181 165 197 394 38 223 121 249 66 464 168 235 98 330 152 331 136 258 153 164 81 173 106 63 124 176 203 233 95 173 57 50 111 352 177 320 70 227 82 298 174 226 51 203 194 105 266 271 48 280 308 305 138 364 14 163 140 155 150 201 139 270 200 173 57 264 126 159 52 207 131 230 100 227 110 287 104 271 98 196 117 250 108 360 106 122 197 308 24 234 53 279 0 365 101 280 96 232 199 173 53 210 212 189 108 331 53 141 58 263 138 190 43 193 176 264 118 210 164 307 151 234 23 135 108 337 95 168 52 157 243 251 90 255 152 159 47 242 109 132 126 354 33 225 76 307 74 151 162 299 203 272 86 226 89 235 75 292 110 277 54 218 86 253 57 259 281 225 129 289 120 240 106 187 221 193 102 317 202 286 100 257 209 220 158 74 227 317 40 213 217 299 102 260 166 147 153 98 45 273 100 95 151 217 143 333 243 219 119 319 164 336 95 256 195 188 88 206 253 150 136 388 138 272 182 315 105 208 148 226 227 171 111 187 128 229 68 175 109 208 77 431 143 198 96 97 148 153 49 210 87 250 47 209 145 229 26 333 146 82 115 255 85 147 191 318 54 350 133 42 103 167 129 318 176 267 180 162 136 156 83 273 196 257 212 133 229 183 69 317 171 225 85 215 130 184 77 234 87 253 173 146 72 139 175 255 63 313 124 345 167 201 182 225 207 167 116 169 256 239 145 109 264 254 88 207 196 112 83 172 185 150 118 221 131 230 71 421 151 213 94 321 166 137 108 202 122 162 17 203 104 219 53 198 155 184 104 240 65 287 43 267 92 185 219 234 12 319 130 215 50 50 10 236 170 353 36 252 137 287 138 186 243 173 152 305 190 164 92 279 257 114 125 175 118 103 60 243 245 80 70 146 45 180 102 261 244 453 99 236 21 69 79 229 75 389 148 294 313 163 160 182 86 301 54 146 79 226 164 381 163 123 17 194 195 176 50 396 92 236
372 77 297 138 455 137 410 122 360 109 297 263 390 159 365 216 678 141 287 207 354 91 269 351 416 150 289 153 349 187 290 118 467 74 520 212 419 254 244 57 452 288 491 68 393 104 303 201 457 177 449 421 271 250 314 231 328 202 426 134 288 210 307 151 376 164 274 126 320 99 261 335 336 131 279 106 313 110 287 269 403 203 271 305 337 197 376 198 426 219 356 342 348 176 393 112 430 148 399 78 531 140 362 164 493 274 338 101 383 177 343 62 497 53 352 344 480 249 493 195 504 102 310 214 418 277 341 213 391 180 307 305 297 231 425 148 469 219 453 180 249 132 414 78 444 252 353 185 387 135 379 87 365 0 283 88 414 135 334 337 418 160 250 177 435 130 365 233 308 104 229 222 325 182 380 129 265 157 394 81 516 141 354 235 458 131 427 207 317 222 395 146 394 178 274 232 323 136 431 234 491 244 332 224 437 126 425 240 447 180 257 101 338 148 385 186 368 74 370 90 403 219 372 165 421 165 408 228 358 88 385 139 444 324 150 255 264 169 355 149 377 153 502 157 421 292 345 88 405 159 359 122 457 311 422 235 514 279 327 164 455 338 407 168 454 139 562 181 451 189 260 257 459 109 337 177 283 161 482 231 457 33 486 220 311 179 430 229 456 255 327 241 436 233 238 259 386 205 323 191 437 158 489 167 406 298 306 273 397 320 405 122 321 157 361 145 386 138 352 288 479 119 433 225 530 256 412 26 237 370 281 220 478 101 273 367 463 226 429 248 406 179 529 291 266 315 381 190 327 150 322 227 364 215 316 182 442 132 342 124 532 282 378 231 326 166 365 173 473 119 416 165 426 242 410 279 463 206 247 280 473 321 460 112 346 183 352 423 305 195 434 222 451 155 299 174 434 96 366 186 419 54 356 228 470 221 250 262 359 169 469 172 314 197 263 212 416 130 393 228 367 155 277 230 584 253 356 69 422 155 399 316 367 220 295 131 350 243 340 79 484 180 423 208 304 255 276 215 391 134 346 252 424 224 377 267 345 143 304 417 390 308 397 214 359 111 315 116 457 207 345 299 400 136 298 79 429 142 334 213 504 222 314 66 313 223 330 178 220 18 335 247 372 187 324 200 388 268 316 183
261 231 14 154 222 171 138 177 88 204 37 37 114 144 83 84 397 150 15 76 71 192 36 187 136 223 48 134 86 129 63 272 282 210 239 73 215 126 56 259 169 150 220 215 187 189 21 124 181 125 172 236 134 37 79 92 55 116 167 181 195 73 115 294 131 127 21 159 105 382 70 160 148 231 58 234 167 173 64 68 174 127 94 45 73 123 152 131 191 74 73 62 167 251 144 223 171 137 116 210 275 154 80 133 218 11 187 200 103 178 225 227 238 273 89 105 241 54 209 102 234 183 119 137 141 170 78 71 148 110 158 247 119 127 143 188 202 171 199 142 49 157 132 266 205 33 136 207 116 165 97 196 101 283 0 206 189 150 129 109 148 146 114 114 151 232 83 103 56 188 61 89 81 102 135 207 19 127 137 216 244 144 82 51 176 238 144 121 81 119 189 155 175 154 57 133 56 151 148 57 219 254 73 124 160 209 144 129 249 198 106 184 139 137 103 134 151 209 95 193 123 116 90 210 149 159 223 124 93 200 111 148 205 113 133 189 65 216 141 186 174 159 230 162 154 56 157 223 140 125 154 202 175 174 157 116 252 11 56 173 174 59 140 122 236 233 283 120 168 218 65 238 191 176 126 113 24 137 238 118 232 302 203 171 207 214 200 191 241 129 149 70 153 86 60 133 156 133 51 109 158 332 206 125 124 17 70 58 118 132 122 162 57 130 104 166 128 233 98 77 212 166 151 59 292 220 155 272 50 90 2 69 230 222 82 197 268 63 151 55 176 172 247 167 117 62 173 130 44 217 99 124 156 114 60 105 176 153 61 162 251 54 94 55 208 213 82 212 191 291 153 123 257 126 172 176 180 123 158 147 244 50 233 179 146 162 135 141 22 90 174 62 216 130 49 131 171 327 111 172 189 234 114 67 208 100 36 64 105 142 193 171 73 99 56 152 195 153 110 188 87 168 29 84 308 137 98 250 216 128 149 71 98 135 85 254 109 153 84 207 239 105 202 131 176 207 97 69 175 181 182 61 213 74 103 79 124 149 159 134 160 69 145 148 166 192 161 360 177 135 88 70 170 150 84 295 155 195 228 71 221 81 32 223 51 94 47 127 130 297 99 41 115 100 120 128 107 297 35 199
291 88 220 88 367 105 340 89 276 99 215 181 307 113 289 131 595 57 212 131 277 42 187 264 334 154 221 72 265 140 226 155 381 43 437 140 331 209 161 100 373 247 422 42 305 74 227 154 373 124 377 379 184 170 250 175 246 151 361 110 205 135 254 191 289 106 200 69 233 184 200 290 248 141 214 121 227 45 223 207 315 115 183 221 268 109 320 154 338 152 276 262 260 189 331 118 344 83 321 59 443 54 282 78 422 196 300 15 302 155 315 26 410 109 267 282 392 181 414 134 419 54 258 126 334 244 272 136 304 118 220 229 209 188 349 130 383 192 366 92 167 81 338 121 356 173 297 177 303 48 299 31 280 88 206 0 326 59 281 278 333 72 202 93 357 141 285 146 223 18 148 163 239 111 318 53 189 80 329 75 431 78 271 156 378 146 348 119 231 134 346 103 306 143 209 144 240 79 354 153 406 246 247 179 354 122 343 152 359 168 206 54 250 82 308 142 280 34 298 38 321 171 296 91 337 132 366 183 289 60 313 82 356 268 81 172 178 167 301 131 289 116 432 70 353 207 297 93 319 88 308 112 375 274 355 147 428 200 244 138 373 263 338 108 366 149 489 128 373 185 196 250 374 34 282 94 202 75 423 143 369 117 406 194 228 175 342 148 368 211 280 178 359 175 155 215 298 117 251 133 354 213 409 83 330 222 241 207 315 269 328 61 238 75 295 57 301 149 286 202 393 63 352 147 442 243 325 69 157 289 204 151 391 106 214 326 376 155 356 181 318 154 453 255 218 247 330 102 248 150 262 182 276 166 247 101 356 56 267 70 450 215 300 151 242 94 286 168 393 104 349 83 340 198 351 194 383 118 213 240 385 249 406 27 258 97 297 347 227 116 369 144 363 89 230 124 348 168 300 101 331 62 294 145 383 166 171 199 273 81 384 87 228 136 197 125 328 63 313 207 286 126 196 170 499 211 270 45 334 83 312 231 282 179 235 155 263 208 273 18 396 101 370 120 218 237 221 142 303 110 305 167 336 159 305 180 257 91 264 338 302 243 310 127 272 24 273 196 375 165 260 213 312 56 211 141 358 129 310 138 425 159 238 23 230 136 253 127 133 106 273 167 286 119 269 112 307 281 240 105
153 386 183 316 41 340 227 340 115 368 153 178 114 316 178 207 310 275 199 237 172 335 172 88 130 401 231 270 106 310 245 441 102 351 176 244 38 315 187 411 168 334 275 354 32 346 185 308 120 300 229 386 146 198 249 280 138 299 270 351 162 237 293 469 59 294 210 312 97 509 259 332 81 404 244 400 116 315 246 256 15 211 145 144 220 217 298 315 17 254 153 146 75 432 269 391 65 293 167 358 123 275 145 253 262 189 362 314 135 361 404 352 97 424 104 259 67 242 196 278 126 331 296 202 114 357 222 230 44 281 118 197 117 316 186 363 96 358 61 234 185 317 190 425 34 199 293 391 100 279 143 333 96 414 189 326 0 289 296 270 91 254 303 245 179 405 147 181 134 310 206 274 109 262 270 296 202 271 256 369 141 299 120 208 157 412 166 207 112 193 338 324 21 335 243 185 134 308 183 200 122 442 116 312 119 380 137 176 66 381 295 332 76 291 179 315 46 346 204 333 129 303 179 273 99 337 376 312 224 350 212 307 34 283 285 189 161 397 298 362 43 332 278 258 244 142 324 382 80 279 313 371 147 355 252 180 118 182 135 351 145 191 239 290 48 408 292 296 182 402 253 426 94 310 291 244 169 255 337 184 45 442 180 359 151 397 16 212 53 317 323 258 182 273 193 321 33 209 205 286 124 504 187 252 179 189 244 245 126 306 169 311 133 265 240 270 74 408 242 134 103 317 145 220 116 408 59 394 205 135 190 246 70 386 269 363 84 241 216 243 13 354 241 352 304 229 324 224 164 394 267 312 51 300 225 244 83 291 183 317 189 239 163 210 137 274 158 394 169 366 255 258 96 315 299 157 167 208 347 333 60 205 353 303 69 236 293 190 174 237 271 222 38 288 226 307 74 483 246 237 8 377 262 201 86 287 198 252 86 246 122 248 119 276 245 207 8 301 149 376 137 344 170 271 204 325 94 357 36 278 51 119 105 322 265 427 80 342 233 337 72 248 335 207 132 395 283 239 25 351 353 175 30 257 211 152 72 312 340 153 29 242 56 204 61 304 339 515 139 321 101 129 18 284 123 452 230 369 409 237 202 265 180 349 137 195 175 303 195 432 259 196 80 267 291 214 134 486 187 253
281 98 163 47 329 73 282 63 225 88 163 128 255 68 232 83 543 23 155 73 221 47 135 239 281 136 162 19 215 90 167 159 355 64 385 81 299 156 110 122 318 195 363 68 272 61 170 102 323 72 319 324 156 115 192 118 194 98 302 82 193 77 197 192 245 53 142 30 192 234 141 235 215 131 155 118 203 26 164 148 277 87 144 170 209 78 262 104 299 93 222 207 230 173 272 111 298 29 265 69 400 28 227 40 364 140 248 58 249 120 267 78 365 135 218 223 353 122 359 77 371 42 201 103 283 195 213 79 261 62 194 229 175 136 292 102 335 149 322 70 115 42 281 136 316 118 239 147 253 38 244 47 232 135 150 59 289 0 223 219 284 48 147 44 301 131 231 109 174 42 94 105 192 52 259 84 132 22 270 81 383 28 219 100 324 137 293 88 186 103 289 63 269 100 150 119 188 35 298 100 357 217 198 127 303 106 290 125 330 137 150 44 215 27 252 93 243 61 240 46 268 117 239 111 287 92 311 130 231 61 255 36 316 210 24 165 132 143 243 102 256 77 374 62 294 158 241 96 272 30 251 95 322 222 296 115 383 145 192 103 320 206 280 54 332 137 431 74 318 158 138 216 326 27 225 45 148 40 365 112 333 157 352 151 216 149 304 146 335 158 225 120 303 117 104 163 259 92 192 78 302 222 355 37 273 165 182 149 262 213 272 25 187 24 236 52 254 136 227 157 346 32 298 91 404 205 280 123 102 235 147 92 349 103 156 272 348 97 298 122 279 116 396 204 163 188 273 74 193 130 204 130 240 112 189 47 309 3 210 35 397 157 244 96 227 115 231 142 339 158 291 32 318 145 293 179 328 88 165 188 348 191 349 35 223 89 239 290 171 60 310 88 325 33 171 74 301 194 241 99 293 89 235 94 338 110 116 140 226 56 334 85 181 78 138 110 292 16 259 166 232 90 143 113 450 160 223 104 302 24 268 183 232 129 177 150 219 160 214 58 355 46 313 95 198 197 164 83 267 82 251 119 303 100 247 137 217 47 211 283 263 184 265 110 239 53 220 226 322 116 212 167 273 9 168 163 300 104 263 80 370 101 181 73 179 94 196 75 107 150 214 112 239 61 212 84 254 256 183 116
389 263 126 199 321 198 113 212 181 229 162 164 189 175 123 196 411 236 114 163 125 250 164 312 192 217 82 216 191 148 68 274 396 265 271 149 328 83 177 291 196 65 174 271 303 230 119 134 237 159 151 109 263 152 50 106 162 133 104 202 323 159 27 281 237 176 114 215 229 425 84 36 273 233 78 248 296 238 69 78 281 242 222 167 76 235 42 137 293 132 144 150 291 226 71 238 256 198 150 256 348 242 152 228 183 137 67 282 168 170 110 294 314 305 193 40 332 108 222 146 293 237 24 256 207 91 74 163 251 162 286 375 247 105 156 196 271 135 284 250 171 205 143 287 302 148 19 183 201 254 159 258 199 334 129 281 296 223 0 27 225 244 85 209 170 234 151 226 179 265 172 118 200 173 57 302 130 205 78 254 298 203 176 159 210 239 173 236 203 239 66 189 288 160 82 256 168 204 164 171 277 194 186 111 219 221 194 254 361 180 77 238 263 199 131 148 268 268 102 253 184 116 124 316 220 171 96 108 78 247 104 201 302 16 200 315 193 200 21 194 293 182 186 263 113 183 29 253 226 193 28 220 216 69 109 240 320 140 165 177 216 105 101 173 342 230 253 155 185 190 89 170 262 247 6 208 153 232 148 240 334 341 225 134 336 193 303 313 347 83 30 105 170 106 178 81 266 249 92 148 214 321 223 218 146 118 59 83 183 19 153 222 171 215 65 262 223 231 58 205 279 222 194 158 379 151 247 333 161 164 129 136 316 244 68 69 379 134 138 108 283 165 238 77 69 70 50 240 133 212 30 109 275 119 73 198 252 226 113 215 278 80 141 162 337 320 141 195 218 381 101 211 377 95 77 304 207 238 106 70 342 92 126 258 269 273 19 151 131 183 112 160 314 191 80 162 251 343 63 285 293 281 42 181 282 115 152 87 211 243 249 279 195 145 92 270 303 218 161 141 161 182 158 111 347 89 203 326 328 200 247 192 191 117 50 252 223 106 63 274 328 193 90 248 305 140 60 150 289 203 57 186 324 125 99 207 243 194 58 175 269 60 242 267 288 276 52 375 223 129 197 197 278 229 212 314 129 203 118 155 231 122 120 289 170 212 122 158 251 342 37 158 216 163 11 241 171 229 112 311
367 269 104 200 294 203 91 216 155 236 140 145 163 178 96 182 389 230 95 154 98 250 145 289 165 229 65 210 165 152 54 286 370 266 247 141 303 95 161 298 171 85 160 272 277 233 97 139 211 161 130 127 243 136 31 106 137 136 90 209 304 150 39 296 211 175 97 214 206 431 78 63 249 244 66 257 274 236 57 71 255 228 203 144 50 222 45 143 267 126 117 124 267 242 57 246 229 195 124 259 322 235 125 220 166 118 94 277 141 181 137 293 287 311 167 13 306 99 199 145 267 237 39 241 180 112 47 153 225 160 265 356 226 114 131 204 244 150 257 238 155 206 118 295 275 132 27 198 174 247 132 258 173 337 109 278 270 219 27 0 198 235 93 200 146 245 125 209 156 262 158 117 176 168 43 294 113 200 60 258 272 201 150 145 185 250 147 223 179 224 80 192 262 167 71 239 143 204 139 157 251 215 161 119 193 230 167 237 335 193 83 239 239 197 105 153 243 269 75 252 157 121 98 306 194 178 115 116 51 250 79 201 276 20 197 298 174 214 32 202 268 187 171 253 94 162 54 259 199 189 46 228 190 95 92 223 294 120 140 186 190 78 81 171 315 242 237 156 160 205 81 192 235 244 22 199 132 224 146 224 308 347 201 149 316 207 277 298 321 96 56 100 145 105 163 95 240 235 67 147 188 336 200 210 120 97 41 72 156 42 127 221 146 209 40 254 197 242 32 184 253 222 168 146 352 173 220 334 146 137 109 129 290 251 65 94 353 125 116 99 257 176 219 100 79 48 64 228 108 224 16 117 250 123 50 189 225 222 87 215 254 66 114 149 316 310 115 208 194 375 84 203 352 105 74 285 182 224 122 89 315 68 131 254 245 261 26 126 108 173 99 148 288 189 61 164 225 353 39 272 267 284 21 166 256 117 136 80 185 234 223 268 172 143 82 256 277 216 134 158 135 189 138 109 323 102 177 323 303 195 221 169 165 127 43 264 197 121 37 273 301 185 97 234 284 161 63 141 264 209 84 168 298 119 73 188 219 195 82 149 243 41 216 253 264 271 77 386 197 137 172 175 252 224 190 323 109 212 144 146 209 119 96 288 146 197 96 160 235 346 11 142 190 158 27 228 144 252 88 299
236 374 137 299 101 318 140 322 61 350 122 156 37 291 102 202 264 277 153 217 101 330 150 159 40 371 177 265 68 277 188 419 189 347 110 218 129 263 174 402 78 274 184 352 115 333 136 271 43 273 139 304 179 173 184 238 94 264 182 328 219 216 228 442 59 273 167 300 111 516 210 261 130 379 191 381 172 310 191 205 80 225 156 114 150 228 219 279 80 222 85 88 138 398 186 370 32 278 81 350 129 279 76 255 171 153 292 323 57 326 335 357 92 416 66 186 108 201 111 249 87 322 230 223 23 299 151 210 57 257 168 265 145 270 96 336 53 314 59 248 169 301 102 411 82 172 219 353 32 286 66 331 53 418 148 333 91 284 225 198 0 262 253 241 88 380 76 192 110 315 190 237 95 244 189 316 166 263 173 358 99 286 67 187 70 386 75 220 103 208 257 301 97 302 192 208 97 294 92 185 73 394 86 268 31 357 46 200 154 345 243 324 119 278 96 282 96 344 125 330 42 262 101 302 9 307 295 268 148 341 129 291 83 214 273 237 155 364 223 334 115 306 187 272 156 126 251 368 17 265 237 349 61 290 164 197 104 147 94 321 58 124 153 268 127 381 208 268 92 364 206 375 43 309 219 240 139 258 247 201 117 441 96 314 216 361 91 254 133 265 254 216 91 232 180 267 78 227 142 257 35 480 103 251 91 140 182 194 42 238 82 302 97 261 163 282 37 381 167 133 64 307 55 198 154 356 33 402 184 64 150 216 92 368 215 288 170 210 127 202 81 319 158 291 250 165 245 235 108 365 199 268 107 260 162 236 28 287 115 304 123 186 84 190 206 305 84 359 83 396 168 253 186 266 214 208 80 221 296 275 120 143 265 307 118 257 218 101 127 224 182 201 94 272 169 279 26 472 168 263 85 373 186 190 60 247 172 204 62 255 52 270 105 246 198 234 99 292 65 329 67 316 143 231 166 273 63 371 127 267 45 102 52 279 205 402 77 292 162 339 103 239 250 224 189 343 227 214 101 328 281 166 121 222 130 155 96 294 277 63 77 180 41 230 125 313 273 505 54 281 73 121 80 282 126 440 141 343 342 214 119 229 126 353 105 198 114 275 215 433 189 174 50 244 223 228 54 436 130 285
234 141 159 94 295 121 284 111 207 135 148 115 238 112 228 64 526 26 155 81 215 86 121 196 266 184 172 37 195 129 181 205 313 100 368 95 260 188 94 162 307 226 366 102 234 107 167 139 303 111 318 350 114 109 205 145 179 133 310 130 146 85 220 239 216 92 145 79 161 256 160 262 177 179 169 165 159 68 178 166 243 44 111 153 215 37 279 143 266 112 212 196 190 221 283 158 272 72 257 110 371 23 216 16 364 135 279 61 235 165 302 98 338 173 197 236 320 136 348 107 347 87 224 58 265 231 219 82 232 94 152 181 138 170 286 150 311 191 294 23 101 90 277 179 284 113 258 194 233 25 233 81 210 160 146 72 254 48 244 235 262 0 177 35 293 178 220 73 154 56 85 131 168 75 272 61 131 48 279 124 360 74 202 96 310 185 283 47 160 62 310 109 234 144 164 75 172 82 291 89 335 263 177 162 285 154 276 82 290 184 178 88 178 69 247 133 208 93 241 83 253 151 234 73 267 137 336 165 236 104 257 83 284 229 63 117 108 191 262 150 218 123 375 19 298 137 266 141 248 64 272 143 307 255 302 75 356 138 177 149 305 205 284 91 295 185 428 111 309 205 155 260 302 59 244 36 137 13 377 71 297 188 339 193 168 196 270 98 297 190 251 139 295 142 89 195 226 48 195 111 285 267 343 27 267 163 195 163 247 237 264 73 170 34 244 21 229 185 237 130 322 79 285 91 371 249 253 141 96 222 144 108 318 149 177 300 307 110 297 136 246 161 389 238 192 197 294 30 185 178 220 164 204 145 197 47 285 49 207 83 381 169 236 91 181 77 222 190 326 145 297 35 274 179 307 132 316 46 203 220 313 193 366 49 186 41 257 285 165 62 317 88 291 73 180 114 276 234 250 52 259 125 248 80 312 140 110 157 201 9 314 40 157 107 153 62 256 64 248 209 219 136 130 137 428 193 200 109 263 58 240 160 213 166 195 198 191 197 222 83 324 51 331 50 153 239 188 94 231 130 279 98 265 120 248 109 185 93 242 272 230 196 238 63 201 51 250 263 306 154 189 142 240 40 139 203 301 152 299 89 359 124 177 94 162 64 191 114 63 177 228 105 214 86 233 41 240 303 181 73
363 178 120 116 335 113 180 128 196 145 151 135 216 92 160 144 474 164 104 103 155 168 139 295 229 137 76 144 199 64 66 193 395 182 325 89 329 13 139 207 249 49 252 187 301 146 119 50 277 78 220 178 228 116 79 34 167 50 183 118 285 100 58 205 244 96 93 133 217 340 44 89 258 152 61 165 269 157 63 48 288 187 192 159 114 178 127 52 305 70 168 165 277 153 149 154 279 119 195 172 381 170 177 161 258 116 102 205 199 89 127 212 345 220 201 103 352 64 282 71 334 154 60 204 240 60 116 107 261 86 260 334 223 22 211 112 305 63 308 188 135 123 198 203 318 113 103 108 223 182 190 177 212 250 114 202 303 147 85 93 253 177 0 144 224 153 178 181 170 188 125 46 195 103 135 230 103 133 153 169 341 123 190 115 260 158 222 183 194 190 146 105 289 75 61 209 169 123 219 127 318 142 187 27 257 137 235 210 362 102 10 155 250 121 176 64 265 186 151 171 218 32 164 250 251 87 164 23 130 163 160 120 318 76 123 269 162 123 106 110 287 97 264 196 185 166 97 168 248 118 109 136 263 78 184 195 356 122 168 93 262 131 171 94 350 150 329 74 241 117 49 124 295 168 88 143 135 165 232 194 346 257 281 63 302 117 314 261 355 16 79 49 225 38 136 20 270 195 113 69 253 245 281 151 196 115 76 59 215 70 200 141 170 145 126 192 238 150 116 183 315 140 239 107 403 106 266 250 118 189 113 77 340 159 38 125 382 78 203 63 290 83 307 63 16 92 131 182 145 131 78 24 269 36 95 133 281 150 140 133 334 67 178 116 307 254 172 117 272 304 176 142 368 14 161 267 260 184 44 43 357 112 210 181 258 212 103 207 130 121 191 108 329 114 85 79 278 260 128 224 302 197 113 135 313 37 116 51 218 179 290 216 186 70 58 217 309 139 199 76 186 97 137 43 399 23 211 245 330 125 261 185 207 34 56 172 223 40 109 193 350 127 173 195 274 93 31 91 289 118 104 150 327 62 153 177 237 112 65 219 274 79 257 215 278 200 73 293 268 45 202 181 285 154 193 231 198 119 126 97 293 56 127 208 165 164 138 75 201 258 93 121 227 91 74 186 203 184 123 249
246 142 128 78 285 105 251 100 183 127 122 88 214 89 197 39 502 37 122 46 185 91 94 198 241 170 137 25 173 101 145 200 314 108 344 59 256 155 68 166 280 193 333 112 228 102 135 109 281 83 286 315 116 78 170 110 153 102 276 116 160 50 185 231 201 67 112 69 148 275 125 227 172 168 133 159 163 71 143 130 232 52 100 128 181 41 244 114 255 77 183 168 188 205 248 150 254 53 228 113 356 40 189 20 332 103 244 86 209 143 270 117 322 179 175 201 309 101 321 75 328 86 188 69 242 199 185 47 217 64 154 202 132 139 256 133 292 164 278 45 74 76 246 180 272 81 222 174 211 51 205 90 189 177 114 93 245 44 209 200 241 35 144 0 264 168 192 67 131 75 54 97 149 42 237 95 98 28 244 125 340 58 178 63 284 175 255 50 142 63 275 90 225 119 129 82 147 67 261 59 314 240 155 130 261 143 250 87 287 163 144 88 171 51 216 105 199 104 208 90 228 119 204 108 245 115 301 133 202 105 224 67 272 194 44 136 88 173 227 133 212 103 343 54 265 115 230 138 228 41 236 132 282 221 268 75 339 107 151 128 280 173 251 64 288 173 397 83 280 185 120 235 283 68 209 1 108 24 343 72 289 200 313 165 181 177 260 122 291 157 216 104 266 108 61 162 214 58 162 80 261 263 316 11 237 131 159 128 222 202 235 67 145 20 210 54 210 173 202 113 303 73 259 57 360 222 236 162 64 195 112 72 305 144 141 265 305 75 265 101 235 138 360 205 157 162 258 41 155 163 185 132 197 114 162 11 265 47 175 74 357 134 207 59 191 112 193 171 300 178 263 13 277 146 272 143 289 50 172 186 304 160 330 67 179 69 222 255 134 26 283 54 281 51 145 88 258 239 216 81 249 133 213 52 294 107 78 121 182 36 292 72 138 74 117 80 248 56 220 182 193 116 102 102 407 161 179 136 258 37 224 140 190 136 160 189 175 166 188 98 311 16 296 60 160 212 152 59 223 116 245 75 259 85 216 93 173 76 208 244 218 161 221 79 196 78 215 270 282 125 168 123 229 41 123 207 269 137 268 54 332 89 146 112 137 50 161 87 70 192 193 74 195 54 198 49 214 282 149 105
319 378 138 302 185 315 63 324 98 349 146 178 74 288 70 229 251 301 148 228 80 343 172 239 49 358 155 285 115 267 160 411 276 361 102 223 217 231 199 408 26 230 98 366 201 338 131 258 76 268 51 228 238 187 146 221 117 252 100 324 288 225 183 428 137 275 162 310 173 533 189 204 205 369 169 377 244 325 164 182 167 265 205 142 111 264 151 264 168 219 81 98 217 378 113 365 117 287 36 360 186 304 77 282 87 161 234 351 63 309 276 379 155 422 115 132 187 191 59 246 127 333 184 269 65 257 109 222 141 258 238 338 207 245 15 326 113 287 139 284 192 306 28 412 168 184 158 332 88 314 62 347 108 435 151 357 179 301 170 146 88 293 224 264 0 371 74 233 146 339 210 225 145 252 121 352 170 279 101 364 129 294 100 201 40 376 13 259 153 251 184 300 183 289 172 257 125 301 7 205 112 359 128 247 64 350 42 250 242 326 214 335 193 287 51 271 177 360 74 344 55 244 64 348 79 298 222 245 96 350 67 298 168 165 284 299 190 346 162 324 199 301 102 307 75 162 192 370 100 276 174 345 48 239 82 243 157 157 120 309 49 99 77 270 213 369 138 263 17 341 187 337 106 327 164 263 156 286 160 246 202 452 57 287 290 341 178 311 219 233 200 203 3 216 205 234 162 268 116 252 59 468 57 275 29 136 148 174 59 187 29 313 128 281 106 314 113 370 114 179 119 317 34 210 224 318 120 424 200 75 154 216 167 367 187 223 257 210 42 192 168 303 96 245 216 133 176 272 109 352 153 245 188 244 131 256 104 304 93 312 109 164 57 206 282 351 71 341 48 436 88 274 274 238 137 274 37 260 263 233 203 118 181 330 194 300 158 20 130 241 99 213 179 281 145 274 109 472 108 308 172 384 128 213 127 232 186 185 125 287 85 311 151 243 181 281 186 305 47 298 76 307 163 217 177 241 120 400 215 280 130 147 99 256 169 392 143 260 117 359 179 256 172 266 260 305 194 220 186 324 221 196 208 216 73 197 168 297 228 28 162 146 126 278 206 341 222 506 57 263 125 164 167 302 176 441 56 334 286 222 70 220 120 374 135 233 105 269 260 448 139 190 118 249 173 266 59 398 119 333
412 58 244 90 444 65 331 68 319 44 260 229 346 90 302 200 621 152 229 168 294 101 235 365 366 21 216 147 315 104 211 41 481 98 467 163 421 152 218 73 393 177 405 101 393 72 247 113 412 108 371 304 284 210 230 149 286 119 336 54 324 168 209 64 354 110 215 100 308 200 182 226 338 2 202 24 331 112 208 189 391 217 264 268 262 207 276 107 412 158 302 293 355 49 302 23 401 115 338 82 505 157 310 170 411 227 222 154 333 64 218 131 469 82 318 255 465 182 429 131 466 94 211 233 373 160 264 175 371 125 322 359 298 131 358 45 433 102 428 201 220 92 345 58 428 210 253 59 348 162 326 111 331 130 232 141 405 131 234 245 380 178 153 168 371 0 313 234 276 141 199 146 299 143 288 192 214 141 306 66 476 110 313 198 402 7 366 217 295 231 287 81 387 81 199 248 284 101 366 205 451 114 299 127 392 25 373 254 453 57 162 93 336 117 320 100 360 108 298 105 353 128 307 229 381 73 293 130 280 81 310 101 429 228 124 295 244 41 255 46 377 74 417 189 338 265 238 50 371 129 255 36 404 194 337 243 484 233 287 62 402 272 324 115 451 9 482 112 387 60 183 127 423 125 239 169 243 170 380 240 450 121 427 103 346 51 419 275 454 151 219 168 371 154 212 153 373 223 254 123 389 100 428 165 342 242 225 197 349 217 343 105 284 151 278 177 356 9 268 271 444 99 379 186 517 128 384 144 201 321 230 164 458 35 186 251 471 170 354 181 394 70 458 175 166 238 274 204 274 23 231 129 360 127 241 165 407 130 280 96 477 207 318 196 358 232 309 46 416 231 329 156 445 141 311 309 404 217 133 170 464 253 353 142 344 218 253 355 254 169 344 184 438 119 226 101 402 108 280 227 407 90 266 204 439 138 210 186 330 186 425 212 288 134 190 240 409 115 337 105 318 64 240 153 539 146 325 165 423 131 375 289 329 119 207 22 328 131 259 123 466 160 317 224 328 128 183 168 385 54 231 230 423 158 302 254 333 94 191 360 377 227 371 240 362 158 202 140 407 109 314 276 388 139 282 81 350 38 209 169 440 152 258 129 277 217 272 105 236 128 246 210 342 138 225 213 338 143 256 239
265 314 70 237 170 253 89 260 35 287 73 105 39 226 31 156 314 229 83 159 26 275 99 184 53 302 102 214 51 209 113 353 248 293 156 156 182 188 126 342 88 198 160 297 159 272 66 201 100 206 109 239 168 116 109 166 43 194 130 263 222 156 153 373 91 210 98 242 108 464 136 188 146 312 117 316 181 256 116 131 133 191 133 68 76 190 151 208 143 155 10 24 161 326 124 305 105 220 39 293 204 232 4 209 153 92 218 278 21 255 261 308 167 356 52 113 182 131 129 183 156 265 155 195 62 224 77 153 103 193 174 274 139 196 69 268 127 240 134 211 119 240 63 349 151 113 147 281 49 242 14 278 53 365 83 285 147 231 151 125 76 220 178 192 74 313 0 160 73 267 138 167 76 185 123 279 102 209 112 299 164 227 34 130 93 319 63 185 84 177 191 237 143 233 119 185 52 234 72 133 140 319 58 196 80 290 61 178 213 274 169 267 134 219 38 213 128 291 57 275 41 190 33 274 73 239 229 195 77 283 68 231 151 140 216 229 117 293 152 266 152 240 168 233 108 89 178 306 75 207 166 284 92 215 115 170 178 86 46 252 91 49 99 205 191 313 211 202 89 292 133 300 117 257 146 191 84 213 203 173 184 385 121 240 227 290 153 240 197 190 180 145 76 160 132 192 120 195 67 190 77 412 124 203 51 71 106 121 37 163 46 245 55 210 93 240 73 313 95 107 136 249 68 141 229 281 96 353 129 12 85 151 166 305 140 217 231 145 90 132 134 249 170 215 174 90 177 198 39 296 125 195 137 189 87 185 104 234 40 245 168 112 21 135 222 277 11 288 108 362 115 202 235 192 154 206 97 187 221 199 190 67 212 259 137 226 146 70 61 170 134 143 163 213 94 213 102 410 99 235 144 317 115 140 136 176 115 131 68 214 113 237 80 180 125 208 155 236 28 255 10 248 90 160 226 198 61 328 182 211 97 76 43 206 129 334 85 217 88 288 177 186 190 193 195 268 152 152 145 263 208 123 177 155 65 124 110 232 201 52 122 104 92 204 154 269 198 443 94 210 61 93 131 231 105 378 100 275 268 153 140 160 55 303 62 159 41 208 187 379 115 119 69 183 148 193 25 361 57 260
186 207 113 144 222 170 236 166 141 194 89 66 171 151 175 38 456 94 116 81 162 154 68 131 201 235 145 90 126 156 158 266 247 170 300 95 190 194 48 231 244 228 316 173 163 169 121 160 234 141 266 334 51 73 178 148 117 152 269 181 104 84 207 297 143 128 113 136 87 330 148 252 106 234 148 225 98 135 156 151 170 33 37 92 176 37 253 167 193 113 154 136 122 270 247 217 200 119 199 178 297 94 156 71 311 92 275 134 172 204 307 171 264 243 128 207 247 122 285 125 275 151 211 36 197 241 180 76 158 120 88 153 66 183 229 197 239 217 221 56 55 142 221 246 210 78 235 235 164 98 171 152 141 233 103 146 181 109 226 209 192 73 181 67 233 234 160 0 88 129 56 137 97 97 238 124 96 94 240 190 289 124 137 68 246 241 222 28 89 17 289 155 161 178 144 30 108 134 232 55 263 298 110 176 217 209 210 29 221 224 178 153 106 117 192 161 135 164 193 153 188 165 181 114 197 176 321 178 195 171 209 133 211 210 110 90 43 236 240 197 147 167 324 80 253 72 252 205 177 105 252 199 241 256 258 14 283 92 114 190 239 158 240 124 223 239 371 139 248 246 142 289 231 129 224 66 84 73 341 15 225 260 275 218 123 239 197 89 226 197 241 133 236 144 48 202 152 35 154 132 217 330 280 72 210 119 168 144 182 224 205 133 106 86 207 91 158 239 201 59 250 139 220 74 298 274 181 215 66 159 102 105 245 210 165 290 239 103 245 123 173 198 329 243 192 164 273 44 131 228 197 178 132 160 163 69 213 111 157 140 313 146 179 66 130 117 165 234 261 205 255 79 211 188 275 86 252 29 218 223 241 153 336 122 114 67 235 229 115 69 275 73 218 116 149 147 204 303 214 75 186 196 217 47 239 149 73 143 130 65 244 78 88 123 136 50 184 122 187 236 157 179 77 139 357 202 129 181 193 103 167 91 145 184 177 255 118 213 186 155 250 75 304 33 97 263 179 91 158 181 272 42 194 120 202 38 112 141 241 210 157 168 165 46 130 124 246 334 239 176 119 72 166 104 66 272 252 202 307 85 296 127 129 168 98 18 140 144 28 250 200 67 143 106 216 36 177 341 135 100
211 265 54 191 169 212 156 215 53 243 19 47 85 187 93 92 372 167 69 109 80 220 41 133 113 270 103 155 42 178 118 314 225 237 215 113 159 183 63 293 156 206 232 242 131 224 60 174 150 169 181 282 97 66 129 146 30 166 193 223 155 108 169 340 78 167 77 191 50 406 127 212 94 276 114 274 119 200 119 125 119 120 60 12 111 121 195 182 138 121 68 51 112 300 178 264 126 169 112 241 230 169 69 145 226 55 241 214 84 228 280 247 194 306 44 149 190 108 197 147 197 213 173 123 112 227 115 102 95 151 111 208 72 182 142 233 162 225 152 141 59 193 136 303 153 67 182 258 80 177 84 221 58 308 56 223 134 174 179 156 110 154 170 131 146 276 73 88 0 205 80 141 25 136 173 210 68 153 168 249 209 177 49 78 158 283 134 114 25 105 234 196 119 203 113 112 21 185 145 75 183 309 24 178 131 252 123 105 192 248 163 214 84 168 108 182 95 234 115 219 100 170 98 203 114 206 271 179 125 232 130 183 153 164 163 158 46 265 188 232 118 202 240 165 174 17 208 260 98 156 202 244 154 230 180 97 210 49 27 220 152 85 162 161 181 278 284 165 160 269 121 293 152 198 176 130 36 149 267 100 178 330 187 226 163 264 146 167 186 185 202 124 148 140 70 189 101 123 90 155 131 376 192 141 124 61 121 114 94 185 118 192 18 151 139 174 81 278 137 34 173 197 133 91 242 275 108 292 76 71 58 114 182 261 138 248 211 109 161 109 122 221 240 223 173 109 218 129 52 263 149 179 99 166 107 126 135 176 81 195 227 110 93 82 161 206 79 262 173 292 178 143 201 182 208 138 164 116 214 204 190 89 269 197 91 155 182 143 48 115 199 93 164 164 101 176 128 363 146 163 135 263 156 79 165 153 66 120 54 147 161 166 16 144 112 136 139 182 99 242 69 213 36 137 276 193 50 263 160 157 99 15 59 189 139 298 54 209 124 229 190 129 242 121 131 263 153 109 119 223 234 56 157 124 124 51 68 187 214 121 105 120 95 132 111 204 215 396 153 187 39 21 116 172 36 331 169 239 284 107 208 131 60 243 12 90 65 172 115 323 146 66 67 138 172 122 88 352 68 188
282 93 202 77 351 98 322 83 258 98 197 163 289 102 271 113 577 39 195 113 259 40 169 250 316 152 204 54 247 128 209 159 368 48 420 123 316 196 143 109 355 234 404 49 290 70 209 141 355 111 359 365 169 152 234 159 228 138 344 104 194 117 239 195 272 92 183 58 216 201 183 276 233 141 197 123 213 34 206 191 299 100 167 204 250 93 304 142 322 136 259 244 246 188 314 119 327 69 303 62 426 36 264 60 404 178 288 17 284 148 304 42 393 119 249 265 376 164 396 119 401 49 243 112 317 233 255 118 287 103 206 222 194 175 331 124 365 182 349 77 149 71 320 129 340 155 281 172 285 32 281 31 263 104 188 18 310 42 265 262 315 56 188 75 339 141 267 129 205 0 130 147 222 94 302 52 171 63 312 78 414 65 253 138 360 146 330 103 214 118 331 93 290 133 192 129 222 67 336 135 388 241 230 166 336 120 325 138 345 162 192 49 235 67 291 130 264 40 280 36 303 157 278 88 319 123 352 170 272 60 296 69 340 252 65 163 161 163 285 125 274 107 415 57 335 189 283 96 302 72 292 109 357 261 338 131 411 182 227 131 355 246 321 94 351 149 471 114 355 181 180 244 356 21 267 76 184 57 407 127 354 131 388 184 217 171 327 140 353 198 266 162 341 159 137 202 282 103 233 119 336 220 392 65 312 204 224 191 297 255 310 49 220 58 278 43 283 148 269 184 376 53 334 129 427 236 308 87 139 271 186 134 374 108 198 313 362 138 338 164 302 145 435 243 204 230 315 87 230 147 246 169 260 152 230 83 339 39 249 60 432 199 282 133 231 91 268 164 375 116 332 65 328 185 335 183 365 102 202 227 369 231 391 9 242 85 281 329 209 98 352 126 347 74 213 112 331 180 283 91 315 71 277 128 366 152 153 182 255 65 367 77 211 120 180 113 312 49 295 198 268 118 178 154 482 199 253 62 319 66 295 213 265 167 219 157 246 196 255 27 380 83 355 105 206 229 206 124 287 104 291 149 321 142 287 163 241 80 251 320 286 226 293 114 257 17 260 208 357 153 242 195 296 38 194 151 341 124 299 121 407 143 220 38 212 119 235 114 118 121 256 149 268 103 254 97 289 278 223 99
239 185 74 112 244 135 199 136 131 164 69 34 161 111 143 24 449 91 71 32 131 140 40 176 187 196 93 77 122 108 104 236 286 158 291 42 223 138 19 212 225 172 281 162 194 144 82 110 228 96 233 280 103 24 127 93 99 101 227 146 160 33 152 263 155 89 63 111 109 328 92 196 143 199 94 196 146 120 103 96 192 70 70 76 131 65 202 117 213 58 129 114 161 228 201 186 206 89 174 160 310 95 134 72 279 50 219 141 155 158 251 170 274 226 124 157 266 66 266 76 277 132 156 84 189 185 136 25 173 76 137 209 104 129 202 158 242 165 232 82 21 113 192 223 229 29 183 189 159 105 151 142 138 229 61 148 206 94 172 158 190 85 125 54 210 199 138 56 80 130 0 83 101 57 191 146 47 73 196 169 289 96 125 13 230 206 201 65 96 67 237 118 188 132 90 85 94 105 207 6 263 248 105 122 209 175 196 85 256 179 122 134 138 88 162 113 161 155 156 140 174 112 150 150 193 133 267 124 152 151 172 103 230 156 83 146 45 194 188 157 179 127 291 101 214 66 197 180 178 76 199 166 228 200 218 70 290 53 98 147 226 120 200 84 251 202 344 93 226 201 87 238 233 120 171 54 54 76 296 70 251 251 258 167 177 195 220 142 255 141 185 77 212 88 13 146 173 77 111 84 208 299 262 65 183 78 117 89 168 169 180 112 93 73 161 105 161 202 155 72 253 117 205 18 318 222 188 215 12 141 59 50 260 182 109 235 275 47 212 67 195 152 306 187 135 115 220 71 101 189 145 124 161 107 115 47 215 97 122 115 303 92 152 10 183 154 139 191 245 230 213 65 253 133 227 141 235 66 164 167 265 109 287 121 147 103 182 201 80 34 234 18 239 84 99 103 208 283 168 115 208 183 168 9 245 95 25 87 134 81 240 112 90 73 81 98 210 102 166 184 139 139 48 83 356 147 130 190 225 77 178 91 138 131 123 222 129 158 140 151 267 49 254 76 150 210 123 37 186 146 217 31 224 65 164 57 134 107 185 190 177 117 175 96 166 132 190 316 228 125 119 77 188 93 83 251 216 164 251 33 277 72 92 166 85 41 107 99 79 244 150 20 147 62 162 70 160 292 96 141
321 156 100 84 310 91 191 102 177 125 122 99 201 64 156 99 476 120 84 58 148 134 104 257 220 136 71 100 175 43 69 187 362 150 321 43 297 58 98 186 247 95 270 155 269 118 102 35 267 45 231 220 185 79 92 13 145 27 204 99 241 54 92 206 218 58 70 98 183 317 40 131 222 145 58 152 229 120 66 48 260 141 152 131 119 132 158 42 279 25 156 149 240 161 172 140 260 80 192 143 364 126 165 115 273 86 147 164 187 89 173 177 328 200 178 123 329 36 284 28 322 121 95 158 228 105 122 62 236 44 219 289 185 46 213 102 290 85 288 142 96 90 201 187 293 76 135 118 205 138 180 141 190 222 89 163 274 105 118 117 237 131 46 97 225 146 167 137 141 147 83 0 166 57 158 186 73 89 172 144 331 85 171 74 256 152 220 137 163 145 184 78 259 66 55 164 144 87 220 86 306 169 161 40 246 125 227 166 331 109 47 122 215 81 174 46 234 152 154 136 208 30 162 205 236 73 206 41 139 134 167 84 294 105 82 224 124 127 138 100 254 76 281 150 201 134 136 147 229 76 145 120 257 124 201 151 341 93 146 85 256 126 186 55 322 146 343 41 242 129 39 156 280 129 120 97 105 119 262 150 319 233 281 86 259 125 287 215 327 61 120 22 226 12 95 66 242 149 109 31 244 245 282 105 196 97 85 53 203 108 197 104 145 100 140 147 217 146 131 147 300 105 233 64 381 140 244 217 77 176 87 33 319 142 52 169 350 36 211 35 262 83 315 109 60 95 167 135 129 129 101 41 236 26 97 87 265 108 133 99 331 62 172 74 265 209 163 123 270 263 194 97 333 51 190 223 258 138 81 89 331 107 244 140 223 166 134 210 109 75 212 65 304 73 81 50 260 248 144 178 275 168 134 91 296 13 79 41 193 133 279 170 156 27 44 171 280 100 191 103 173 82 105 8 393 66 186 208 298 82 238 155 187 49 74 168 195 76 119 157 328 81 208 149 232 128 59 46 259 99 148 110 297 18 159 137 206 79 111 214 245 87 233 169 243 158 118 281 261 46 176 148 256 112 158 216 210 109 172 52 295 11 112 172 139 120 126 45 155 232 113 82 204 46 107 140 192 213 110 202
193 286 77 213 145 235 165 237 47 265 44 70 76 210 102 109 359 184 93 132 91 239 64 114 106 294 126 173 30 202 141 337 201 256 203 137 134 207 83 313 151 230 236 260 106 245 82 199 137 193 185 301 93 90 150 171 40 191 205 246 146 131 192 363 54 189 102 212 32 423 151 234 74 299 138 297 105 219 142 149 94 130 63 36 129 133 212 207 114 145 75 59 92 324 192 286 106 191 114 260 209 185 73 161 229 80 263 229 82 252 303 264 173 326 32 167 166 133 191 171 180 233 195 130 101 251 132 124 72 174 98 198 63 207 144 257 144 250 131 153 80 214 139 324 129 91 202 282 67 192 84 239 43 325 81 239 109 192 200 176 95 168 195 149 145 299 76 97 25 222 101 166 0 158 189 221 93 172 182 270 192 197 45 101 150 306 132 125 9 114 252 218 95 227 137 116 33 206 145 96 167 333 18 203 119 275 116 108 168 273 187 234 63 189 114 207 70 252 127 238 94 194 107 210 100 230 289 203 140 252 141 204 129 185 184 154 61 289 207 255 94 226 243 177 183 35 228 281 81 177 221 266 145 253 190 103 190 74 37 244 143 101 173 184 156 302 282 189 158 293 146 318 135 216 196 148 60 164 278 107 154 349 180 250 151 289 122 167 161 210 224 149 148 165 90 213 76 132 109 178 120 399 185 158 127 84 143 138 88 207 120 212 29 169 155 187 62 302 154 39 154 218 126 114 218 300 87 308 98 71 82 138 159 283 163 269 187 133 166 134 97 246 236 247 198 130 237 141 68 287 170 204 76 191 127 145 117 195 95 216 216 133 98 104 147 212 85 286 166 302 189 161 178 207 223 130 158 126 239 228 166 108 283 213 69 163 201 145 70 135 209 115 140 185 123 200 109 384 162 170 110 282 174 99 145 178 90 145 34 160 147 175 11 168 137 141 114 202 99 267 70 237 61 162 261 217 32 277 135 178 77 11 48 214 162 322 29 234 142 246 167 148 258 130 119 288 177 132 95 246 256 74 132 149 136 60 44 209 238 118 80 142 73 137 88 219 238 417 142 212 22 26 91 190 32 352 176 263 307 130 202 156 80 260 31 103 81 196 121 341 165 89 47 161 194 133 85 377 88 193
283 130 115 55 301 78 230 79 184 107 122 89 213 55 183 60 498 63 105 27 172 91 95 227 236 140 110 43 177 60 115 179 340 109 341 30 279 114 76 159 271 152 311 114 250 89 121 67 280 44 268 277 148 71 139 70 151 60 250 89 198 29 148 207 212 32 92 58 166 281 90 188 197 142 103 139 194 73 112 97 249 91 123 130 157 81 211 72 270 41 175 162 214 174 220 129 262 35 217 108 366 69 182 59 312 93 204 110 204 106 228 129 330 173 179 171 323 70 311 33 331 81 152 109 240 157 161 34 229 23 185 242 157 97 243 102 297 123 288 87 78 57 231 167 286 72 188 137 212 81 198 96 193 182 102 111 262 52 173 168 244 75 103 42 252 143 185 97 136 94 57 57 158 0 207 129 83 32 218 115 342 42 178 58 278 149 245 88 153 100 239 61 244 81 98 119 147 50 249 62 317 201 160 88 260 118 245 122 311 127 104 83 194 35 202 65 218 108 189 92 223 77 189 148 246 79 263 91 179 99 204 48 287 159 32 176 102 140 192 101 235 71 322 93 242 123 193 124 233 24 201 109 277 180 244 109 346 99 151 93 275 156 228 28 308 146 380 42 269 149 86 195 287 78 174 42 105 62 313 106 307 200 305 124 218 142 277 164 312 116 177 68 254 68 70 121 230 99 141 38 259 242 307 48 224 116 130 96 218 164 223 61 147 43 184 90 217 146 175 129 307 65 253 46 375 181 244 173 60 190 99 40 317 125 105 226 330 45 247 70 252 101 347 164 117 136 223 83 146 133 152 90 218 72 137 32 270 55 160 61 352 104 196 54 227 152 184 137 292 208 238 39 306 104 241 180 281 89 130 145 322 140 298 86 202 111 188 241 124 28 258 43 296 29 119 50 264 228 189 123 265 132 183 62 301 65 72 88 190 77 292 113 147 32 86 121 266 53 212 141 188 83 101 63 408 119 186 156 281 29 235 148 192 94 126 165 186 124 162 109 324 26 262 99 194 170 115 33 243 89 205 87 280 49 195 112 190 51 167 236 234 132 231 119 221 103 175 261 278 83 175 134 245 57 139 196 248 107 226 31 322 51 132 125 139 79 148 47 108 195 162 70 203 12 162 89 208 244 134 146
382 311 127 242 289 245 60 259 158 279 159 173 157 221 92 215 355 269 122 191 100 292 171 302 152 271 100 249 171 194 93 328 372 308 220 180 306 136 191 340 147 121 118 314 282 276 118 181 194 203 95 116 266 168 68 149 148 179 48 251 326 187 79 337 214 217 128 256 220 473 119 85 263 286 105 300 292 277 95 112 256 261 226 162 63 255 30 186 264 166 119 131 280 282 14 289 221 237 109 301 306 274 125 257 126 146 114 317 135 223 156 334 272 354 173 36 297 137 168 186 248 279 78 272 168 147 59 189 226 202 283 379 245 157 107 247 230 191 248 273 184 248 95 338 270 163 40 239 171 286 127 299 176 380 135 318 270 259 57 43 189 272 135 237 121 288 123 238 173 302 191 158 189 207 0 332 144 239 22 301 250 243 154 179 162 292 126 255 194 254 68 234 266 210 109 268 156 246 115 189 232 250 171 162 177 272 152 264 336 235 126 281 251 238 93 196 250 310 66 294 147 164 91 341 183 221 107 159 48 292 60 243 271 60 237 324 199 255 42 245 275 230 130 290 56 182 72 302 194 230 53 270 169 123 52 252 277 146 152 228 169 88 46 213 313 284 196 198 134 246 122 226 221 285 51 236 156 261 106 253 304 390 173 190 336 248 275 327 319 137 83 140 120 147 194 136 244 267 85 189 172 376 170 247 102 120 77 111 147 76 110 262 160 247 33 291 196 285 37 204 237 264 150 181 340 208 216 376 179 135 136 168 279 294 107 101 354 164 84 138 257 218 182 133 121 76 56 262 121 266 58 159 258 166 76 226 214 263 94 257 225 103 107 182 334 345 113 250 168 414 44 241 358 147 37 308 157 256 162 126 309 86 98 294 256 294 40 101 127 210 56 184 283 230 92 206 215 395 26 306 266 326 24 199 242 159 167 120 190 269 204 302 187 184 121 287 278 257 124 197 134 231 163 150 295 143 182 363 305 235 220 183 167 169 85 306 205 162 52 314 291 223 69 265 304 197 106 179 268 252 101 196 300 160 59 212 229 237 114 132 246 76 214 283 274 310 106 428 177 180 180 193 254 264 208 366 74 254 166 183 177 160 114 330 161 228 108 202 265 389 45 173 192 199 64 261 137 285 106 332
244 141 220 127 337 149 345 135 264 149 207 175 295 151 288 124 580 66 216 141 276 92 180 225 323 204 232 86 250 174 240 207 340 96 424 153 296 240 154 151 365 278 427 95 272 123 228 186 358 156 379 406 150 170 265 199 237 182 371 156 160 145 277 244 266 136 206 108 209 216 218 317 216 193 228 173 188 85 238 224 287 91 160 212 276 89 338 188 310 170 271 255 225 240 343 170 322 113 317 112 417 60 275 75 425 196 331 38 294 199 351 72 385 159 252 296 363 196 407 159 399 101 281 95 321 279 280 143 280 144 183 179 180 220 346 177 363 232 342 69 161 121 337 173 328 174 317 224 288 48 292 81 264 129 207 53 296 84 302 294 316 61 230 95 352 192 279 124 210 52 146 186 221 129 332 0 192 97 339 128 412 111 259 157 368 198 342 96 213 108 368 143 275 182 224 112 229 115 350 150 387 293 233 211 340 172 333 121 322 214 232 101 220 111 307 177 251 86 302 87 310 201 295 39 321 173 392 214 297 111 318 118 328 288 107 126 164 216 321 177 256 157 436 46 360 194 322 145 301 112 330 161 364 306 363 120 404 199 235 182 362 266 345 137 332 200 488 158 368 233 214 295 354 72 303 96 197 71 438 116 336 161 397 234 182 223 312 101 334 242 306 197 355 197 149 246 271 90 256 161 341 265 402 85 327 224 255 222 305 293 324 99 227 86 305 41 281 200 297 183 373 104 343 152 411 287 303 104 157 280 205 166 364 158 234 354 337 169 358 195 290 196 449 288 245 257 352 81 245 199 279 213 245 195 257 106 336 82 268 110 437 229 296 152 198 41 282 216 384 84 358 91 299 229 367 152 374 95 249 271 353 255 425 54 227 61 316 345 225 122 378 149 334 117 240 158 328 217 311 59 302 114 308 141 361 193 171 215 254 65 368 48 212 160 212 89 297 96 307 248 278 169 190 192 481 243 253 63 299 105 290 215 268 213 254 207 241 243 283 70 367 109 390 93 177 279 244 153 271 156 333 156 302 177 309 162 231 129 294 330 275 256 288 92 238 35 303 242 362 200 243 196 283 76 190 192 362 176 347 149 418 180 238 72 219 121 252 159 103 147 288 165 267 140 291 89 298 330 242 55
265 212 32 135 237 152 153 158 106 185 50 34 132 125 101 71 415 134 24 58 89 174 37 193 154 206 49 116 103 112 62 253 293 192 258 54 226 116 48 241 188 143 235 197 198 170 38 107 199 107 188 238 133 24 82 78 73 99 179 162 193 55 113 276 145 108 17 141 114 364 61 158 155 213 54 215 170 155 62 61 187 117 94 58 84 111 157 115 206 56 92 80 174 234 154 204 188 118 134 191 292 138 99 117 234 13 184 184 121 162 220 210 256 255 105 111 256 40 228 83 252 164 117 128 160 161 89 53 163 92 161 245 123 114 160 170 219 156 216 129 42 139 149 247 220 19 139 190 134 149 116 178 118 265 19 189 202 132 130 113 166 131 103 98 170 214 102 96 68 171 47 73 93 83 144 192 0 110 149 197 262 125 99 36 195 220 162 111 92 111 193 136 188 137 51 126 72 132 166 45 237 240 88 110 179 191 162 124 260 181 96 166 148 118 120 117 163 191 110 175 141 101 107 197 167 142 226 110 105 182 126 130 220 114 115 185 64 199 144 168 185 141 245 148 167 63 157 205 157 106 157 184 194 169 171 110 270 20 73 155 193 75 153 103 250 215 300 102 186 202 55 225 209 158 128 97 33 122 249 111 246 283 222 157 208 198 214 185 254 118 147 56 171 71 50 122 169 123 64 91 177 314 224 109 142 33 72 51 136 130 140 144 72 113 114 151 144 215 108 81 230 148 170 42 308 207 172 254 36 108 17 50 247 203 75 197 279 44 168 41 190 155 265 159 108 69 177 118 63 199 101 110 166 98 68 89 193 135 78 144 269 51 113 40 210 201 101 195 209 276 166 106 266 114 181 175 198 112 146 139 258 62 241 162 155 150 139 159 41 73 187 45 231 112 53 113 188 308 121 162 203 215 122 54 225 85 23 54 120 128 212 159 84 80 47 143 208 135 129 174 105 150 34 69 327 126 113 233 227 110 165 83 115 120 83 236 122 141 93 190 255 88 209 122 177 195 90 51 187 163 180 56 225 57 118 79 135 130 153 153 173 72 160 140 175 175 156 342 196 119 103 78 184 133 90 276 171 177 222 52 239 64 49 205 66 84 65 109 122 278 104 29 131 81 121 117 126 284 52 188
273 115 141 51 311 78 260 72 203 100 141 107 234 65 210 64 521 31 133 51 199 67 113 225 259 143 141 12 194 81 147 172 341 85 363 60 283 143 89 141 296 181 342 89 255 75 148 92 301 63 297 308 143 93 171 102 172 86 281 89 186 55 180 203 225 44 120 42 174 256 122 219 200 140 135 131 190 47 144 129 258 77 127 149 188 67 243 95 280 74 199 185 215 179 252 123 278 26 243 88 380 37 205 34 342 117 234 77 227 119 256 100 345 154 197 203 334 102 337 62 350 61 184 95 261 185 192 57 242 47 182 226 159 124 270 107 314 143 303 66 94 49 259 154 297 95 221 149 232 49 222 69 210 157 127 80 271 22 205 200 263 48 133 28 279 141 209 94 153 63 73 89 172 32 239 97 110 0 249 99 361 31 198 78 302 147 271 77 165 91 271 64 252 97 130 108 167 40 275 78 336 216 177 115 281 115 268 114 315 138 135 62 198 24 230 85 225 82 218 67 246 105 217 119 265 91 295 118 209 80 233 40 298 192 17 160 112 147 225 106 239 78 352 66 273 138 225 112 251 16 233 105 300 210 275 102 362 123 171 103 298 184 258 43 315 146 409 64 295 160 119 213 305 49 206 28 126 36 345 99 316 178 329 145 207 151 286 144 318 145 209 101 281 100 83 150 240 84 171 64 280 236 333 26 251 143 162 129 240 196 249 41 166 13 215 60 233 146 207 138 325 46 276 68 386 201 259 145 80 213 125 72 330 116 138 257 333 76 276 102 261 114 374 192 148 167 255 65 171 136 185 118 223 99 168 27 288 25 188 46 375 136 222 74 218 123 209 146 317 175 270 16 304 133 273 170 306 77 156 175 330 169 330 54 206 88 220 268 149 39 289 65 306 26 150 67 280 213 221 99 274 110 215 73 317 95 93 120 205 52 313 88 161 62 118 104 274 30 237 162 210 91 121 95 428 147 202 125 285 11 248 162 211 119 158 161 199 150 193 80 336 24 295 85 187 192 147 62 249 89 236 98 286 81 225 119 199 49 197 261 244 163 245 103 224 71 206 245 300 107 191 147 255 25 149 181 278 110 253 58 348 83 159 96 158 78 174 67 97 171 194 90 218 43 194 74 232 257 161 120
375 327 127 256 273 261 38 273 147 294 157 174 142 236 81 220 333 277 125 200 91 305 172 294 134 289 108 258 162 210 104 346 358 321 198 189 293 155 194 356 126 143 99 327 271 290 118 197 174 217 73 131 264 172 80 163 141 194 32 267 323 195 99 356 202 230 133 269 214 488 132 108 255 304 116 317 286 289 107 124 243 264 224 158 64 260 51 202 250 177 109 123 271 302 13 306 205 248 92 315 286 283 114 264 106 148 135 327 121 241 177 346 253 370 163 51 280 148 146 199 227 292 98 274 151 169 60 197 213 214 278 376 240 174 86 264 211 210 231 278 187 261 75 355 255 167 62 258 157 294 113 311 164 394 137 329 256 270 78 60 173 279 153 244 101 306 112 240 168 312 196 172 182 218 22 339 149 249 0 316 230 255 144 184 141 310 107 258 188 256 85 249 254 227 120 269 150 258 94 193 212 272 164 179 159 289 133 265 323 254 143 294 243 249 78 212 239 323 55 307 131 180 79 346 166 237 123 176 45 306 44 255 255 79 248 323 199 274 64 262 264 245 111 296 34 179 94 317 179 241 75 287 149 145 32 253 257 148 145 245 149 84 24 226 298 303 177 212 112 266 134 248 203 296 72 243 156 268 101 255 289 405 151 210 331 267 260 328 304 156 105 153 99 161 197 155 232 270 86 203 153 396 148 255 83 121 88 122 131 97 92 274 154 256 35 298 183 303 43 201 218 276 130 187 322 230 201 388 184 123 139 178 262 310 122 122 339 173 63 148 244 236 160 155 140 82 76 266 116 284 74 177 248 182 82 234 197 273 88 270 203 113 93 188 328 350 101 269 146 422 24 250 347 165 43 305 136 260 182 147 293 87 101 304 248 298 62 81 126 218 40 190 267 242 99 221 198 413 29 310 252 340 40 203 224 174 171 132 180 276 184 307 181 197 132 289 264 268 108 218 122 248 163 164 274 163 172 374 292 246 206 177 155 187 100 325 196 181 57 326 274 231 79 268 299 218 123 188 256 268 122 198 286 171 47 211 220 251 136 113 233 86 201 285 265 319 128 446 157 197 171 189 241 274 204 383 52 271 187 192 155 172 112 341 157 231 104 217 267 404 60 177 180 210 84 264 122 307 105 336
357 17 229 62 410 56 335 42 298 30 236 202 327 80 295 162 612 99 217 141 284 39 209 319 351 82 214 100 291 107 213 81 436 32 455 142 380 173 187 44 384 207 414 35 353 27 234 120 395 99 374 340 237 186 236 152 266 122 347 53 269 143 227 117 323 90 203 58 272 173 184 254 297 67 202 45 283 56 210 192 357 167 225 244 262 158 296 117 379 146 289 277 312 115 315 44 375 80 329 16 478 101 296 120 417 208 258 89 318 97 264 65 443 58 293 266 433 174 423 119 446 39 230 182 355 197 266 148 340 107 275 300 256 150 354 68 411 139 401 147 190 58 342 55 396 187 272 111 327 104 313 47 307 81 216 75 369 81 254 258 358 124 169 125 364 66 299 190 249 78 169 144 270 115 301 128 197 99 316 0 457 73 292 172 392 71 358 168 264 183 314 67 350 96 198 198 262 65 360 175 431 177 274 143 375 51 359 206 411 104 177 37 296 81 314 106 323 42 297 43 338 138 301 165 361 84 327 147 283 20 311 67 396 244 86 239 210 98 275 70 337 72 425 132 345 235 264 18 347 93 278 44 391 230 345 196 459 214 265 83 390 266 330 94 413 75 487 104 381 117 183 185 401 66 257 125 220 119 402 192 414 89 418 141 292 107 385 217 416 174 246 165 366 155 180 177 339 172 250 114 373 143 420 118 336 229 229 196 333 239 336 58 261 105 284 118 330 74 275 237 422 52 367 160 485 181 357 86 174 305 213 149 428 31 194 286 429 154 355 174 360 99 457 210 185 239 300 153 260 78 243 146 321 135 241 126 384 79 272 54 466 206 308 168 305 168 297 100 406 166 338 112 398 161 330 256 395 168 166 199 429 248 379 81 304 161 272 351 238 135 356 158 405 86 224 95 377 114 288 168 373 29 277 171 414 142 186 185 303 133 407 154 259 122 187 186 372 69 326 149 302 74 216 152 523 171 299 100 383 92 346 260 307 139 216 79 297 162 263 58 435 122 342 174 277 178 196 146 348 53 264 197 384 149 302 217 298 67 223 350 343 231 343 187 321 95 234 147 393 126 288 245 353 87 247 83 354 64 256 146 434 146 245 63 253 175 261 99 186 88 256 185 316 116 243 163 323 208 246 177
292 472 232 397 117 415 191 420 159 448 221 255 130 388 182 301 171 375 247 316 186 429 248 228 112 466 266 364 167 373 275 516 205 446 49 316 170 350 272 501 104 355 194 451 173 431 229 365 64 369 168 355 269 271 266 330 191 358 225 425 299 314 307 537 147 370 261 399 204 615 300 333 211 475 281 478 251 409 278 294 141 321 252 213 230 325 280 372 124 318 175 183 212 491 242 467 91 377 149 449 66 377 166 354 177 251 362 421 144 420 405 456 52 514 165 259 101 295 98 346 15 421 309 318 103 381 230 308 136 354 251 338 236 360 144 431 50 404 80 345 268 399 156 509 110 270 287 446 130 384 151 430 151 516 244 431 141 383 298 272 99 360 341 340 129 476 164 289 209 414 289 331 192 342 250 412 262 361 230 457 0 384 165 285 89 482 125 316 200 304 313 399 159 397 283 302 195 392 136 283 26 481 185 360 85 453 107 294 179 438 331 423 202 376 168 377 173 443 197 428 123 354 178 396 96 403 349 358 221 440 194 390 110 291 371 322 253 457 290 430 181 403 191 369 202 225 320 466 112 364 303 446 82 366 209 292 39 244 192 416 82 210 206 365 146 476 177 364 118 456 297 460 58 407 292 339 237 357 271 296 132 539 85 404 291 454 129 342 150 352 327 309 131 325 279 354 151 322 228 353 88 576 92 350 152 234 266 285 128 314 145 400 196 360 233 379 131 477 240 230 40 405 104 297 113 441 110 501 283 155 246 313 81 466 303 352 186 307 169 296 139 413 129 371 336 250 305 332 202 460 278 359 182 353 247 335 76 385 201 403 58 276 163 289 277 398 170 453 85 490 215 352 222 355 264 291 94 318 382 357 122 229 300 405 198 353 286 149 222 323 222 299 114 371 257 375 85 570 236 358 133 471 256 288 55 340 271 295 159 353 52 365 203 343 290 327 146 390 142 417 158 412 241 324 68 360 161 469 167 366 124 201 150 370 289 498 171 379 239 438 90 337 297 320 268 428 313 312 163 425 350 265 160 318 199 252 184 392 354 124 148 264 125 324 197 411 349 603 75 374 172 218 143 381 222 538 182 438 414 312 97 324 219 452 204 296 205 371 310 532 264 272 146 342 299 324 139 521 221 378
303 89 158 21 339 48 270 42 225 70 163 129 255 40 225 92 540 50 147 69 214 50 136 255 279 113 148 38 218 63 151 142 371 67 383 71 312 131 114 117 313 169 350 73 285 47 163 76 322 46 308 301 174 113 175 96 193 73 287 58 216 71 176 173 251 27 133 15 202 239 123 212 229 110 139 102 221 35 148 131 286 108 156 171 197 97 243 78 308 78 217 205 245 149 256 93 302 7 259 66 406 56 224 62 352 135 223 82 246 92 240 92 371 130 220 206 362 108 353 57 373 39 179 125 282 169 200 75 268 41 212 254 188 110 284 77 338 121 328 94 118 18 273 127 325 115 220 121 254 66 241 57 234 141 144 78 299 28 203 201 286 74 123 58 294 110 227 124 177 65 96 85 197 42 243 111 125 31 255 73 384 0 219 99 320 117 287 107 192 121 267 36 280 72 135 139 189 10 291 102 358 189 201 101 302 85 287 144 344 110 128 41 227 8 244 66 253 68 230 52 266 92 231 139 288 64 287 105 218 56 244 9 325 190 14 189 139 118 223 77 269 50 361 89 281 163 219 84 274 21 229 75 319 197 283 133 387 141 192 76 317 197 266 30 344 115 421 49 311 131 121 188 328 45 205 58 147 63 347 130 344 158 347 123 237 122 314 172 347 133 202 102 296 97 108 138 268 114 182 55 301 206 350 55 266 158 166 133 260 191 265 20 188 42 221 80 258 115 212 165 349 22 295 87 413 177 284 134 101 233 142 80 356 87 137 248 362 85 288 107 289 88 388 178 139 174 251 95 188 106 186 104 252 87 175 56 311 29 202 19 394 142 238 95 248 143 226 117 335 181 276 46 335 120 275 200 324 107 138 162 359 180 329 59 236 114 219 282 166 63 295 85 334 14 158 47 305 187 226 125 302 90 218 99 341 88 113 123 230 80 334 112 186 58 123 133 303 16 254 139 230 63 143 93 450 134 226 123 315 21 274 188 234 103 158 131 225 133 200 72 363 51 293 115 218 169 143 75 278 58 226 125 315 84 236 147 227 20 186 278 272 168 271 133 253 79 195 220 320 89 215 173 282 37 176 155 288 80 236 73 364 83 174 87 180 107 190 49 127 153 197 112 243 46 191 104 251 230 176 143
232 308 71 232 147 251 123 256 6 283 57 91 36 224 63 140 324 214 87 151 54 265 85 151 64 305 115 201 18 211 128 352 220 283 167 152 153 201 110 336 108 217 192 287 128 266 71 205 103 206 141 269 138 106 130 173 27 197 164 261 190 149 174 375 61 206 101 234 75 453 146 212 113 312 129 314 148 245 130 142 105 169 105 49 101 170 181 213 118 155 36 27 128 332 156 303 90 212 69 285 194 217 30 193 184 87 242 262 37 260 284 294 157 350 18 140 163 135 149 182 154 257 176 171 64 241 103 144 75 190 141 242 107 206 99 269 120 250 119 190 104 235 95 344 129 105 174 288 35 225 39 267 23 354 82 271 120 219 176 150 67 202 190 178 100 313 34 137 49 253 125 171 45 178 154 259 99 198 144 292 165 219 0 121 109 320 88 163 53 154 221 235 113 236 130 158 31 227 100 120 139 332 28 204 84 290 74 151 185 279 181 259 101 212 71 215 95 280 89 265 52 197 66 251 68 241 259 203 107 275 101 225 129 163 207 199 95 298 179 267 120 240 199 214 141 66 204 302 59 199 194 282 105 236 148 145 171 80 27 254 103 72 132 201 166 314 238 201 113 299 142 314 110 245 171 177 72 197 236 148 160 376 138 250 194 296 128 212 172 204 203 150 103 166 116 206 90 172 86 190 83 413 143 188 82 75 125 131 46 186 75 236 33 197 122 222 49 314 123 80 131 241 84 132 213 295 76 340 118 26 84 149 150 301 154 244 203 143 122 136 107 253 193 234 189 109 207 178 46 298 148 204 104 195 106 172 94 222 64 238 179 124 55 124 188 254 43 293 125 341 149 189 204 203 187 175 116 165 234 216 168 86 245 244 104 203 174 100 61 159 168 135 141 206 108 212 89 405 129 211 117 308 144 126 126 181 106 140 36 195 115 215 51 180 133 183 127 226 54 266 25 249 77 165 231 211 28 311 152 201 73 47 17 215 147 335 52 230 114 276 160 174 222 169 163 282 167 147 114 261 233 104 148 156 98 99 76 227 222 74 93 123 68 179 121 252 220 438 104 216 28 65 102 218 76 373 133 276 290 147 160 162 63 290 41 139 55 208 162 369 140 108 40 178 172 171 41 374 69 235
248 188 64 113 246 134 188 137 126 165 64 31 156 109 134 37 443 100 60 31 122 145 38 183 181 193 80 84 119 103 92 236 291 163 285 36 227 128 24 216 218 161 270 167 198 146 72 103 224 92 223 268 113 15 114 83 94 94 215 145 171 30 139 262 155 88 51 114 112 334 80 184 149 198 81 196 155 125 90 84 194 83 78 72 120 77 190 110 214 50 121 107 167 225 189 186 204 92 165 164 308 104 127 82 269 40 207 150 148 154 240 177 273 229 122 145 267 55 259 71 274 136 143 97 184 175 124 24 173 73 145 221 111 120 193 156 239 158 231 94 23 115 183 225 230 18 170 184 155 114 144 147 135 235 51 156 208 100 159 145 187 96 115 63 201 198 130 68 78 138 13 74 101 58 179 157 36 78 184 172 285 99 121 0 223 205 193 77 96 80 224 117 191 128 77 97 90 107 198 13 259 241 102 114 204 174 190 97 260 174 111 138 143 91 153 108 164 161 145 145 168 103 140 162 189 130 255 115 141 155 161 105 230 144 87 158 50 190 175 155 183 125 280 112 203 66 185 182 176 79 187 165 222 188 206 82 288 45 93 144 220 110 189 83 254 201 334 89 218 196 75 230 230 127 158 63 48 86 284 82 253 255 251 159 187 190 222 154 258 131 173 66 203 78 21 135 175 90 99 79 202 298 254 74 174 68 104 77 162 157 172 116 89 80 149 116 159 201 142 76 250 120 198 13 319 213 187 223 3 135 49 42 260 183 97 223 279 38 202 55 196 147 297 176 124 103 208 83 93 187 132 115 165 99 102 55 213 103 112 118 297 80 144 4 193 166 131 187 239 240 202 72 260 123 215 152 228 79 155 156 266 98 275 129 151 116 170 192 71 40 222 14 240 86 86 99 206 286 156 127 210 187 156 21 243 87 15 75 133 92 235 124 90 68 69 111 212 106 158 177 132 136 44 73 351 137 128 199 229 81 177 91 135 123 110 221 130 149 128 158 268 55 242 89 159 201 111 32 190 145 205 37 228 56 153 64 136 108 174 183 179 105 174 108 171 141 178 318 222 118 117 79 190 101 86 254 206 162 240 29 270 63 82 173 81 53 97 95 91 249 137 13 145 60 149 83 153 285 86 154
306 406 163 330 157 345 103 352 105 379 163 197 75 317 101 247 221 321 175 252 109 368 191 229 45 391 187 307 120 299 195 443 250 386 65 249 195 268 217 435 15 269 121 391 184 365 158 290 41 298 83 267 242 209 182 254 132 283 138 354 287 249 221 461 128 303 189 335 174 557 222 244 199 401 202 407 240 349 198 215 149 278 213 157 147 279 192 297 144 247 103 116 208 412 153 396 92 313 65 386 147 324 96 301 106 185 274 370 75 343 317 400 118 449 119 171 155 221 42 275 87 359 222 280 52 295 145 246 127 286 235 334 208 280 55 358 78 323 109 299 211 333 67 441 141 206 198 367 85 333 79 371 108 458 176 378 157 324 210 185 70 310 260 284 40 402 93 246 158 360 230 256 150 278 162 368 195 302 141 392 89 320 109 223 0 408 38 272 159 263 224 329 166 321 204 266 139 327 47 225 73 397 136 281 39 381 35 259 217 360 250 360 187 313 84 302 166 384 111 368 58 277 96 359 61 329 261 279 135 376 106 324 141 204 309 301 204 380 202 356 185 331 122 323 114 175 232 399 86 301 214 375 11 279 121 253 118 179 134 341 13 130 117 297 186 402 138 293 31 376 220 375 73 350 204 284 176 305 192 257 174 478 29 323 285 376 154 317 192 269 239 234 42 249 223 271 148 281 149 282 35 501 35 295 65 163 184 206 63 227 60 338 141 303 145 331 103 402 153 188 82 342 26 234 188 356 101 446 222 89 178 243 134 396 222 263 230 238 81 222 149 336 89 284 253 168 216 287 132 384 192 280 177 276 165 277 76 327 123 338 75 197 84 228 275 362 95 375 16 450 127 295 253 274 176 274 10 274 299 271 172 150 216 351 187 312 198 60 154 263 135 237 151 306 177 304 83 502 147 320 150 410 168 232 93 264 208 218 123 304 47 324 158 272 213 291 165 329 66 335 92 338 182 249 140 277 120 419 193 304 114 155 102 291 206 424 141 297 154 381 146 278 210 278 256 343 230 246 170 354 262 212 186 246 112 208 163 325 267 42 147 181 111 287 195 360 261 535 20 296 129 174 149 324 183 470 94 365 326 247 52 251 147 396 149 248 131 299 271 472 178 212 113 275 212 280 71 436 147 343
418 62 250 97 450 72 336 75 326 50 267 236 352 96 308 207 627 159 235 174 300 106 242 372 372 23 222 153 322 110 217 36 487 103 473 170 427 156 225 74 399 180 410 106 399 78 253 119 418 114 377 307 291 216 235 155 293 125 340 61 330 175 213 57 360 117 221 107 315 198 188 229 345 7 208 27 337 118 213 195 398 223 271 275 267 213 280 112 419 165 308 300 362 46 307 28 407 122 344 87 512 163 316 176 416 233 224 159 339 69 219 135 476 82 324 260 472 188 435 137 472 100 215 240 379 162 270 182 378 131 329 365 304 136 364 51 440 105 435 207 227 99 351 57 435 216 258 61 355 168 332 116 337 131 238 146 412 137 239 250 386 185 158 175 376 7 319 241 283 146 206 152 306 149 292 198 220 147 310 71 482 117 320 205 408 0 372 223 301 238 290 88 394 87 205 255 291 107 371 211 457 113 306 132 398 32 379 261 460 60 167 99 342 124 326 106 367 113 304 110 359 133 313 234 387 79 295 135 285 87 315 108 435 233 131 302 251 42 259 52 384 80 421 196 343 271 241 54 377 136 259 42 410 197 342 249 490 240 293 67 408 278 329 122 457 9 487 118 393 61 189 127 430 131 243 175 249 177 384 246 457 121 432 106 352 52 426 282 461 155 223 174 377 160 219 157 379 229 260 130 395 94 433 171 347 248 230 203 355 221 349 112 291 157 283 183 363 8 273 278 450 106 385 192 524 128 391 146 208 327 236 170 464 40 192 254 478 176 359 187 401 75 463 178 171 244 278 210 280 27 236 134 367 133 246 172 414 136 286 103 483 212 324 202 364 238 315 47 421 234 334 163 451 145 315 315 410 223 136 173 471 259 356 148 351 224 258 360 260 176 349 191 445 126 232 107 408 104 285 233 414 94 270 211 445 144 217 191 337 193 431 219 295 140 195 246 416 122 343 107 324 71 247 159 545 150 332 169 430 137 382 295 335 124 212 16 335 134 265 128 472 166 320 231 334 129 188 174 392 60 234 236 429 164 307 261 340 100 195 366 383 233 378 247 369 164 206 136 413 114 321 283 394 145 289 79 355 44 210 176 446 159 264 133 284 224 278 112 243 129 251 217 349 145 229 220 344 139 262 245
305 372 130 296 174 310 70 318 85 344 136 168 60 282 64 220 255 292 141 220 74 336 163 226 36 354 151 276 103 263 157 407 264 354 102 216 204 230 189 401 27 231 111 359 188 331 124 253 68 263 63 236 225 178 144 217 106 247 109 319 276 217 183 425 124 269 155 302 160 525 185 207 192 365 165 372 231 317 161 178 155 254 193 131 109 254 157 260 155 213 72 87 203 375 120 360 105 280 29 353 179 295 67 273 100 153 237 341 51 306 280 370 147 416 102 134 177 186 66 240 122 326 185 257 52 258 108 214 128 251 225 325 194 242 22 322 105 285 129 274 183 300 31 406 156 175 162 329 75 305 51 340 95 427 144 348 166 293 173 147 75 283 222 255 13 366 63 222 134 330 201 220 132 245 126 342 162 271 107 358 125 287 88 193 38 372 0 248 141 240 191 294 170 285 168 246 114 294 17 196 106 359 116 244 54 345 30 239 230 323 212 328 180 280 47 266 164 352 73 337 41 240 59 337 67 293 229 242 97 343 69 291 157 166 277 286 180 343 165 320 186 296 115 297 84 151 195 364 87 268 178 340 43 242 92 231 150 148 108 305 43 94 84 263 202 365 150 258 26 339 183 337 97 319 167 254 147 276 172 235 191 445 60 285 277 338 166 299 208 232 202 198 17 212 195 233 149 257 112 247 48 464 62 266 27 129 146 170 46 189 23 306 117 273 108 304 99 366 115 167 111 310 24 202 216 318 107 415 191 63 146 209 158 361 184 228 245 204 52 187 155 299 106 247 215 130 182 261 100 348 154 242 174 240 128 247 94 296 87 305 112 160 49 197 269 340 62 338 50 425 97 265 261 236 145 261 38 249 262 233 192 113 191 321 181 289 161 27 122 233 109 205 168 273 141 269 98 467 110 297 160 377 131 204 118 228 177 181 112 277 78 300 138 237 177 270 174 297 36 297 65 303 153 213 177 239 107 391 202 272 117 135 86 254 168 388 130 259 116 351 169 248 180 255 246 305 193 213 173 319 225 186 196 211 74 185 154 291 230 14 149 144 113 266 193 332 224 500 51 259 112 153 154 293 164 435 66 329 289 214 77 215 113 366 124 222 97 264 249 440 140 181 105 242 174 256 47 398 112 322
197 185 132 127 248 155 257 148 167 175 113 85 198 139 198 41 484 70 133 80 185 131 89 151 227 219 158 70 153 148 169 246 268 146 328 94 214 195 65 207 270 231 338 149 187 148 141 155 262 131 289 345 69 87 191 149 142 147 288 165 110 83 215 279 171 116 127 116 115 303 155 260 130 217 159 206 115 112 168 159 197 6 65 117 194 10 267 161 219 113 178 161 144 255 264 198 227 103 224 155 325 69 181 48 334 110 281 107 198 193 310 144 292 219 155 221 273 129 312 120 303 130 219 21 225 242 198 76 186 111 107 154 91 182 253 183 267 211 248 28 72 125 245 223 237 92 248 223 192 72 197 127 168 207 121 119 207 88 236 223 220 47 183 50 259 217 185 28 114 103 65 137 125 88 255 96 111 77 258 168 316 107 163 77 272 223 248 0 117 15 302 140 187 168 154 32 134 116 257 66 291 289 137 174 244 192 237 38 244 213 181 131 131 100 216 153 161 139 214 129 215 163 204 90 225 165 332 176 214 148 230 116 237 221 93 88 68 223 253 182 171 153 347 52 274 98 261 183 205 90 264 181 268 260 278 28 310 111 140 178 266 179 260 113 248 222 396 131 274 235 150 283 258 104 236 50 106 49 359 24 250 234 301 212 131 227 224 79 251 198 248 137 261 145 61 203 179 12 172 126 244 310 306 52 235 138 181 154 209 233 230 113 132 66 224 63 185 222 218 86 278 119 247 79 324 269 208 187 76 185 119 106 272 190 172 299 261 106 268 130 199 187 354 245 195 179 285 17 154 213 209 176 157 157 178 57 241 89 179 121 341 157 203 74 142 93 189 221 288 178 274 61 230 188 291 94 279 2 216 226 266 171 352 96 139 42 247 253 136 63 295 77 244 101 163 137 232 279 231 52 212 171 232 56 267 148 87 151 158 38 272 52 115 118 145 35 209 102 212 230 183 166 98 140 385 203 157 153 217 87 195 118 172 181 187 237 146 210 203 129 277 63 319 12 111 258 186 92 184 165 279 63 218 122 223 65 139 125 246 235 183 182 193 32 154 97 252 309 266 171 147 100 193 81 94 249 274 186 309 86 322 127 149 141 124 27 162 135 20 224 214 81 171 99 226 8 203 331 155 78
188 280 79 208 149 230 172 231 56 260 44 66 85 205 109 102 367 176 93 127 97 232 60 110 114 290 128 166 39 198 142 331 201 249 212 132 135 207 77 307 160 230 244 253 107 239 84 196 145 189 193 305 85 86 153 169 46 188 211 241 138 126 194 358 60 184 102 206 27 415 151 237 70 294 139 291 99 212 143 149 97 122 54 37 133 125 217 204 118 142 82 66 88 320 198 281 113 185 122 254 215 178 81 154 237 79 265 221 91 249 305 256 180 320 40 171 171 132 200 167 188 226 197 121 109 251 137 119 77 170 91 190 55 206 152 252 151 248 137 145 75 208 147 318 134 87 206 279 76 184 92 232 52 317 81 231 112 186 203 179 103 160 194 142 153 295 84 89 25 214 96 163 9 153 194 213 92 165 188 264 200 192 53 96 159 301 141 117 0 105 257 213 96 223 137 107 37 200 153 90 175 332 26 201 128 270 125 99 168 269 187 228 60 183 122 203 71 245 134 231 103 192 114 201 108 226 293 202 145 245 148 199 134 188 178 146 54 286 211 251 93 221 252 169 190 30 231 275 89 171 225 261 154 254 197 95 197 72 42 240 151 106 180 179 159 297 291 185 166 290 145 317 142 209 199 141 59 157 284 98 157 342 189 248 144 285 125 158 163 209 226 147 156 163 84 213 79 124 113 175 129 394 194 151 135 86 145 139 97 209 128 206 34 162 160 179 69 297 159 30 162 211 135 109 223 299 94 301 94 79 82 135 165 278 163 272 188 130 174 132 100 242 245 248 198 133 241 132 73 283 173 202 75 189 130 138 125 188 100 210 225 134 106 99 140 203 93 282 175 293 196 154 176 206 229 122 167 118 238 228 170 112 289 206 66 155 205 153 73 129 216 111 144 179 125 195 117 378 167 161 113 275 178 93 152 175 86 144 42 152 155 167 8 164 137 132 117 195 107 265 78 232 58 160 269 217 40 269 136 172 83 11 57 212 163 317 34 233 146 239 172 142 263 121 112 286 178 128 96 241 258 67 134 146 143 52 43 203 239 127 83 144 80 128 86 211 240 410 151 209 31 19 94 182 24 346 184 258 308 125 211 153 83 252 33 96 86 192 112 334 169 85 55 156 196 124 94 375 91 184
184 200 129 141 234 168 253 163 158 189 106 82 188 152 192 46 472 85 132 87 179 146 84 136 218 233 159 85 143 160 171 261 253 161 317 102 199 203 63 222 261 238 333 164 172 163 138 165 250 143 283 348 54 87 192 157 134 157 285 179 98 91 219 294 158 129 127 131 101 317 160 264 115 231 161 221 100 127 170 163 182 18 52 109 192 26 268 171 205 121 171 154 129 269 263 213 214 116 216 170 311 84 173 63 328 108 286 121 190 205 317 159 278 234 145 221 259 134 302 130 291 145 223 19 214 249 196 83 172 122 92 144 76 190 246 196 254 221 235 42 70 139 239 238 223 92 249 236 181 87 189 142 157 222 119 134 193 103 239 224 208 62 190 63 251 231 177 17 105 118 67 145 114 100 254 108 111 91 256 183 304 121 154 80 263 238 240 15 105 0 303 154 172 180 157 19 126 130 249 68 279 301 127 183 233 206 227 24 228 225 188 146 117 114 209 164 146 155 210 144 205 172 198 97 213 177 335 185 211 163 226 130 223 223 107 79 61 236 254 196 156 166 342 66 270 89 264 198 193 104 266 195 258 266 274 13 297 108 131 191 256 175 256 125 233 236 388 142 266 247 154 294 246 120 238 63 101 64 357 9 235 250 292 223 119 239 209 74 235 205 253 143 253 152 61 210 165 19 170 136 234 325 297 66 228 135 182 157 199 236 223 128 123 80 222 78 173 236 217 75 265 134 238 84 309 279 195 202 78 177 117 113 258 205 177 303 246 112 262 134 185 199 346 252 201 179 287 31 148 227 211 185 142 166 178 69 228 104 174 136 330 159 196 77 128 100 182 234 278 188 271 75 215 196 290 81 269 16 225 233 252 169 351 111 124 50 249 246 132 73 292 82 230 114 163 149 220 295 229 58 198 187 232 58 253 156 87 154 146 53 260 62 104 128 148 33 194 117 204 240 175 179 94 147 372 210 146 166 201 101 182 108 161 190 190 252 133 219 202 145 263 75 319 16 97 268 190 99 169 179 284 58 203 128 219 55 125 139 252 227 169 183 180 29 139 111 257 325 256 181 136 89 178 96 82 264 269 200 316 93 313 135 145 156 116 27 157 147 12 239 215 81 159 110 229 22 194 343 151 83
445 321 184 262 357 258 122 273 225 288 219 226 225 238 160 261 399 302 175 230 167 313 226 366 219 267 145 282 237 210 133 324 439 328 277 216 373 141 241 349 209 110 150 333 349 292 176 196 259 223 147 49 324 216 111 171 212 196 90 261 384 225 92 326 281 240 177 279 283 483 150 61 326 285 143 303 353 302 134 144 323 307 283 222 124 301 40 197 332 199 186 196 344 270 72 293 288 262 177 318 370 308 192 295 164 199 73 347 203 224 106 358 338 362 239 86 365 174 223 212 311 300 88 321 236 129 120 230 293 228 344 437 305 164 170 252 295 185 315 316 235 268 160 342 338 212 54 231 238 320 195 322 243 395 189 346 338 289 66 80 257 310 146 275 184 287 191 289 234 331 237 184 252 239 68 368 193 271 85 314 313 267 221 224 224 290 191 302 257 303 0 250 333 218 148 320 220 268 178 236 296 223 236 171 243 276 218 317 404 230 140 301 316 264 161 210 316 332 134 316 215 177 159 383 251 230 39 168 114 309 128 265 339 81 265 378 254 249 49 250 341 242 161 329 111 241 50 311 262 259 39 277 232 95 104 304 341 201 216 233 233 152 107 237 381 281 227 219 194 235 155 197 287 312 66 274 212 299 97 304 372 399 231 183 395 240 343 378 387 140 68 171 182 172 242 137 311 314 144 212 238 364 227 284 168 176 121 148 215 76 177 286 223 282 98 328 263 282 98 263 302 286 215 224 406 182 284 396 226 203 190 203 346 300 134 47 421 200 144 174 325 220 227 113 129 128 17 306 184 263 92 168 324 182 129 264 281 292 158 279 281 145 175 228 395 387 180 243 228 446 97 277 425 153 49 365 218 303 154 117 377 145 66 324 321 339 55 165 187 249 95 226 351 257 141 224 283 394 92 351 334 342 78 246 309 180 216 154 257 310 269 345 249 211 158 335 345 283 191 185 201 240 218 177 352 143 249 390 372 265 287 246 234 175 116 302 271 156 110 338 358 260 32 313 364 174 125 216 335 262 60 249 367 191 127 268 294 258 95 198 313 121 282 332 339 342 84 425 241 188 246 253 321 295 269 368 131 258 118 222 231 188 174 353 224 277 171 221 315 402 90 222 259 229 77 307 205 251 166 377
337 79 168 16 362 17 268 25 241 49 180 148 269 13 230 119 550 85 154 87 221 65 155 286 290 80 148 73 235 41 147 118 400 77 393 83 340 110 137 108 321 146 347 83 311 42 172 55 336 32 308 280 205 130 169 86 208 56 281 28 250 87 161 145 273 29 140 36 227 239 117 192 257 81 136 79 252 59 144 125 310 141 184 188 196 131 230 53 331 82 227 217 274 115 248 69 321 38 266 68 425 91 235 97 350 148 199 110 257 57 212 110 389 122 238 199 384 109 359 54 388 51 164 159 296 141 199 94 290 45 243 289 217 87 289 43 355 89 348 129 139 23 277 112 347 130 207 85 270 101 251 75 251 146 155 103 324 63 189 192 301 109 105 90 300 81 237 155 196 93 118 78 218 61 234 143 136 64 249 67 399 36 235 117 329 88 294 140 213 154 250 0 305 40 132 172 205 28 296 123 373 154 219 79 315 57 298 177 372 75 111 52 255 41 249 41 279 82 231 68 277 73 236 173 303 30 267 83 216 59 245 27 347 178 47 224 163 83 209 42 296 14 358 124 278 183 201 70 292 50 214 48 329 172 279 165 404 155 208 40 328 201 263 34 369 85 421 37 317 96 117 153 345 72 191 91 163 98 336 162 369 156 355 91 271 87 338 207 373 111 183 99 301 88 131 115 291 148 184 48 313 181 357 90 271 167 162 130 272 175 272 44 205 77 217 115 276 85 208 190 365 41 305 105 436 143 304 145 120 244 153 86 377 67 127 226 391 92 289 108 313 53 392 153 121 173 235 130 198 73 176 82 279 69 174 86 328 64 208 33 404 139 245 114 282 177 235 81 343 207 272 80 365 98 264 234 332 141 110 139 383 183 314 89 263 150 206 286 177 88 289 103 357 40 158 28 322 173 221 161 326 93 210 123 359 75 130 119 250 115 348 148 207 57 121 168 328 48 263 105 242 27 160 86 463 110 245 144 342 53 295 208 250 78 150 104 247 105 197 92 385 80 278 149 251 136 130 87 304 28 204 148 341 84 236 173 252 16 163 287 295 164 291 167 281 109 173 206 332 63 234 195 306 72 201 141 288 47 206 89 370 80 183 105 197 137 198 32 160 155 189 130 262 57 178 138 262 194 182 179
140 367 171 298 62 322 227 322 108 350 139 161 114 299 174 188 329 255 187 220 167 315 156 70 134 384 219 250 97 294 234 422 108 331 191 227 41 302 169 391 175 323 280 334 18 327 174 292 131 283 233 382 125 182 240 265 127 283 269 333 142 220 283 451 52 277 197 293 79 488 246 323 59 386 232 382 95 295 235 243 18 190 125 131 213 197 293 299 37 238 147 138 55 415 266 372 76 274 167 338 144 255 141 232 268 174 353 293 134 344 394 331 118 404 95 252 88 228 206 262 144 311 286 181 118 345 216 212 42 263 97 179 96 302 189 346 112 344 79 213 168 298 192 405 55 183 287 375 99 258 141 313 90 394 175 306 21 269 288 262 97 234 289 225 183 387 143 161 119 290 188 259 95 244 266 275 188 252 254 350 159 280 113 191 166 394 170 187 96 172 333 305 0 318 231 163 123 289 186 183 139 428 104 297 127 362 141 155 74 365 282 313 55 272 177 298 27 325 200 313 130 288 175 251 106 320 371 298 219 330 210 288 55 274 266 168 143 381 292 345 23 315 284 237 245 126 316 363 83 260 306 353 156 345 252 159 138 168 125 334 153 184 239 272 64 390 303 280 188 386 240 413 108 290 283 224 155 234 338 163 64 421 190 345 132 381 38 191 68 304 314 243 186 259 175 308 22 188 196 270 131 486 198 232 179 177 234 233 127 297 170 292 121 245 235 249 72 390 236 116 119 298 151 203 137 395 65 373 188 131 177 230 91 367 257 356 92 225 218 228 20 338 252 341 292 219 319 203 155 377 259 298 30 285 216 225 95 271 176 298 204 227 161 193 118 253 153 377 178 345 254 238 93 301 297 136 176 187 333 322 80 196 352 282 48 214 286 193 163 218 271 204 59 269 215 290 86 464 241 216 28 357 256 183 103 272 181 239 77 225 135 226 104 259 232 186 23 281 149 361 132 326 154 256 223 312 85 336 41 259 53 105 99 308 254 409 67 329 226 316 93 229 333 186 112 382 271 222 5 333 345 157 38 242 208 133 54 294 330 156 21 232 57 183 40 283 330 495 148 305 91 112 17 264 105 432 232 351 399 219 213 249 170 328 124 175 166 286 174 411 252 180 74 249 283 193 134 471 177 232
364 104 165 56 372 41 251 58 242 70 185 157 267 33 221 140 540 122 150 101 213 103 163 307 286 70 135 107 239 25 130 122 418 114 386 91 355 77 151 132 312 110 326 119 326 76 167 32 333 38 291 244 229 137 149 68 209 39 257 43 278 100 133 141 281 53 136 75 240 266 101 158 275 80 121 90 275 99 127 108 321 171 202 194 180 160 201 25 341 82 222 214 293 97 224 79 325 73 257 102 429 128 230 130 331 150 162 150 253 26 173 148 393 145 242 176 392 102 348 57 387 90 135 189 294 103 183 108 298 59 266 321 236 55 277 38 355 49 353 162 151 62 264 128 356 136 178 57 270 139 246 114 255 178 154 143 335 100 160 167 302 144 75 119 289 81 233 178 203 133 132 66 227 81 210 182 137 97 227 96 397 72 236 128 321 87 285 168 223 180 218 40 318 0 118 200 208 67 284 137 372 121 224 48 312 63 293 204 388 47 84 91 271 75 239 20 292 120 217 107 274 47 226 211 302 12 231 52 199 94 229 65 356 151 81 255 178 63 180 36 311 27 338 161 258 193 168 93 294 80 183 61 323 135 257 190 406 157 210 20 322 191 244 55 382 80 402 40 306 68 102 116 345 112 163 120 168 132 307 188 380 182 345 51 299 62 348 241 386 78 150 88 290 73 145 81 302 178 173 49 309 179 346 121 260 162 144 116 269 144 262 84 209 110 197 152 281 81 188 203 366 81 298 116 444 105 309 180 131 241 152 89 383 84 106 190 407 94 273 101 323 20 377 115 90 157 204 160 195 63 152 51 293 46 159 112 330 102 199 73 396 125 237 126 308 215 228 59 335 246 250 111 385 65 236 261 323 169 71 103 393 172 283 129 279 184 178 274 175 109 266 115 366 71 145 32 325 186 200 196 337 125 187 139 362 57 137 104 256 149 345 183 216 60 109 199 340 87 257 66 238 22 166 73 459 75 250 183 356 86 301 216 252 43 127 103 256 67 179 131 392 106 247 179 276 97 104 96 317 44 168 163 355 80 221 190 264 54 127 279 306 146 297 198 298 149 137 219 326 30 240 206 317 109 214 157 270 45 167 100 359 73 178 144 202 160 192 34 189 184 167 139 267 72 149 168 258 163 176 215
315 211 61 137 275 146 137 156 136 180 94 85 156 119 103 113 423 159 45 83 97 185 88 243 171 186 17 140 139 96 17 240 338 201 269 71 271 72 96 240 194 93 216 207 243 172 59 86 219 100 176 191 184 71 41 50 106 80 152 154 244 79 63 257 185 110 37 149 162 370 18 108 204 198 5 206 221 169 14 12 228 160 145 101 64 153 115 92 245 57 108 105 223 208 122 195 219 128 139 197 321 165 117 149 219 61 133 208 139 139 169 226 284 254 141 73 292 28 230 80 274 172 67 174 181 114 67 82 201 94 212 296 174 78 159 155 245 122 248 168 91 142 146 242 257 67 94 163 162 177 131 191 152 274 57 209 243 150 82 71 192 164 61 129 172 199 119 144 113 192 90 55 137 98 109 224 51 130 120 198 283 135 130 77 204 205 168 154 137 157 148 132 231 118 0 174 109 139 167 89 259 202 127 77 198 179 177 173 305 156 52 174 196 129 121 99 208 203 100 187 159 72 109 236 191 126 178 76 84 187 113 136 258 67 128 234 115 176 99 153 231 131 227 183 147 112 107 202 187 121 110 174 207 118 148 159 296 66 109 137 206 74 132 106 291 198 289 95 188 173 16 184 235 176 81 128 80 153 215 159 286 287 228 122 259 172 254 231 296 74 97 33 172 45 97 77 211 167 56 84 195 296 229 139 143 55 32 2 155 80 145 154 111 138 87 183 178 198 78 132 255 156 182 76 342 166 205 268 79 129 56 58 280 197 26 146 324 55 157 29 231 132 261 110 61 41 131 158 84 180 56 76 212 72 43 118 221 153 82 151 279 8 121 80 261 239 113 171 217 305 142 133 313 74 144 225 205 156 104 91 297 54 202 184 203 191 94 156 70 103 160 78 269 122 27 104 217 302 92 203 243 222 85 99 253 61 71 13 158 163 231 198 129 77 12 188 250 148 141 137 126 136 84 47 343 82 151 254 272 126 201 128 146 88 33 220 164 100 65 206 290 115 167 166 228 153 40 70 232 154 129 106 269 51 105 130 181 132 103 163 215 34 196 185 223 201 105 335 210 92 142 126 225 155 140 271 156 162 172 75 241 53 66 221 107 130 78 100 169 285 65 77 167 90 72 159 144 245 62 229
165 215 142 159 226 186 264 180 162 206 115 95 192 170 202 65 472 100 146 107 189 160 97 121 221 251 175 102 146 179 188 277 239 174 318 121 187 222 78 236 266 257 342 177 162 179 150 184 251 162 292 364 40 103 208 176 141 177 298 197 79 110 236 310 155 148 143 148 98 325 178 281 105 248 178 237 85 142 186 181 175 32 53 117 205 42 283 190 198 140 179 162 117 287 276 229 212 134 224 185 305 97 181 79 337 122 304 130 195 224 335 169 273 248 148 237 251 152 307 149 289 160 240 18 216 268 210 102 168 142 77 125 68 210 254 215 252 241 230 52 85 157 247 253 216 108 265 255 183 98 195 156 159 232 133 144 185 119 256 239 208 75 209 82 257 248 185 30 112 129 85 164 116 119 268 112 126 108 269 198 302 139 158 97 266 255 246 32 107 19 320 172 163 200 174 0 132 148 256 85 278 320 131 202 235 223 231 9 216 244 206 161 108 132 218 184 139 167 221 158 209 191 208 94 214 196 351 204 224 178 237 148 216 240 125 60 70 255 270 214 146 185 351 74 281 96 282 214 193 122 282 213 261 285 286 16 293 122 138 210 258 186 268 144 222 254 395 161 271 266 172 313 244 134 254 81 113 80 370 15 226 261 296 242 100 258 201 59 225 224 270 162 260 171 77 229 159 27 183 156 236 341 301 83 236 148 198 174 203 254 230 144 129 97 236 87 173 254 231 79 262 150 242 102 300 299 193 210 95 183 132 132 252 222 194 320 233 131 271 152 178 219 351 271 220 194 303 45 158 245 227 204 133 186 192 88 227 120 185 152 331 176 204 95 110 97 190 253 282 188 283 92 200 215 305 62 274 31 245 251 242 182 366 123 115 51 265 254 143 92 304 101 222 133 179 168 218 308 243 55 190 200 247 76 250 176 104 172 146 66 261 64 108 148 166 25 186 134 210 260 181 198 106 166 371 230 147 173 190 119 179 112 164 209 207 269 132 239 216 156 256 94 334 25 80 288 208 118 160 197 302 72 192 147 230 61 120 157 270 232 163 198 177 21 128 120 275 338 258 201 138 93 171 112 84 278 279 218 335 112 317 154 157 167 123 45 168 166 12 249 230 97 159 129 246 35 199 362 164 77
226 277 48 202 167 221 136 226 37 254 26 60 67 195 73 109 355 183 65 121 61 234 54 147 94 277 97 170 31 183 111 323 231 252 198 122 163 180 79 305 136 200 211 256 136 236 52 179 134 177 161 268 117 76 118 148 9 171 174 232 174 119 161 347 76 176 76 204 64 422 124 202 107 284 110 284 136 214 113 121 119 140 81 18 96 140 180 186 136 127 47 30 124 305 161 274 116 182 91 254 221 186 48 162 205 58 232 231 64 233 272 263 185 319 34 135 185 110 178 154 184 226 164 143 95 223 100 113 93 160 128 226 91 183 121 241 150 226 144 161 73 204 115 314 150 75 169 262 65 194 63 236 47 323 56 240 134 188 168 143 97 172 169 147 125 284 52 108 21 222 94 144 33 147 156 229 72 167 150 262 195 189 31 90 139 291 114 134 37 126 220 205 123 208 109 132 0 197 124 89 170 309 19 180 115 261 104 126 196 253 160 228 96 181 87 188 101 249 97 234 81 172 78 223 99 213 257 180 108 245 111 195 150 153 176 178 66 271 174 239 125 211 219 184 154 37 196 271 87 168 189 253 136 223 160 118 199 52 6 226 134 69 143 171 182 286 263 173 140 273 120 293 140 214 164 146 42 166 248 121 177 345 168 227 181 269 145 188 187 183 193 125 128 142 85 186 102 143 76 162 114 385 172 157 103 54 112 111 76 175 98 205 3 166 123 192 72 286 122 55 160 210 113 102 237 274 100 309 88 51 57 121 175 272 134 237 215 115 140 111 122 226 220 218 170 98 204 148 36 270 138 180 107 169 95 141 123 191 63 207 210 105 72 94 178 226 58 267 154 312 159 158 209 181 191 157 145 136 213 199 188 76 251 213 101 175 169 122 40 128 179 104 161 176 92 184 117 375 130 183 134 277 141 95 154 156 76 118 49 165 146 186 31 151 111 156 141 196 79 243 49 221 46 140 262 191 42 281 163 171 94 27 45 190 132 307 56 208 109 245 184 143 225 141 149 261 149 118 123 232 224 74 160 129 106 72 76 197 207 101 106 110 89 152 121 222 207 408 135 190 33 41 116 187 55 343 149 247 277 117 188 135 48 259 10 109 48 179 135 338 133 77 59 148 162 142 69 352 55 208
312 81 164 12 348 39 274 33 233 60 171 138 263 35 231 101 548 57 153 76 220 46 144 265 286 103 153 47 226 61 155 133 381 63 390 78 322 131 123 109 320 168 355 68 294 39 170 75 330 45 313 300 183 121 179 98 201 72 290 49 225 79 177 164 260 29 139 10 211 233 126 211 239 101 143 92 230 34 152 134 295 117 165 179 201 107 245 75 317 83 224 212 255 140 259 83 311 16 266 59 415 63 231 71 357 143 221 84 253 85 237 90 379 123 229 210 371 113 359 60 381 34 181 134 290 166 205 84 277 45 222 263 198 109 290 68 346 116 337 103 126 9 279 118 334 122 221 113 262 72 248 54 242 136 151 79 308 35 204 204 294 82 123 67 301 101 234 134 185 67 105 87 206 50 246 115 132 40 258 65 392 10 227 107 327 107 294 116 200 130 268 28 289 67 139 148 197 0 297 111 367 182 209 100 310 76 295 154 354 103 128 35 237 17 250 63 263 65 235 49 273 92 237 145 296 58 287 104 223 49 249 3 334 192 24 198 148 109 225 68 278 43 366 96 286 171 219 75 283 30 231 65 326 195 287 142 395 149 200 68 325 203 271 33 353 106 426 49 318 123 124 182 337 46 206 68 155 72 349 139 353 151 354 118 247 114 323 180 356 132 202 106 302 99 117 136 277 123 187 57 308 197 356 65 272 165 170 137 268 192 272 18 196 51 225 87 266 106 216 175 357 18 302 95 423 172 293 130 109 240 149 85 365 78 139 247 372 91 293 112 298 82 394 176 139 179 252 104 195 97 188 103 262 87 180 65 320 35 208 12 402 146 244 104 258 149 233 108 342 182 280 56 344 119 277 209 331 117 135 161 368 186 330 62 245 122 221 288 173 72 299 93 343 21 163 45 313 178 230 133 311 84 221 108 350 89 121 127 239 88 342 120 195 62 127 142 312 20 261 133 237 55 151 95 458 132 235 122 324 30 283 196 242 100 161 122 234 130 204 70 372 60 294 125 227 164 144 82 288 49 226 134 324 88 241 156 236 13 185 285 281 172 280 142 263 82 194 211 328 86 224 182 292 44 185 146 293 71 232 81 371 86 181 85 188 117 197 48 136 147 200 120 252 52 193 113 258 222 182 150
321 374 134 298 190 310 56 320 98 345 144 175 76 283 66 227 256 298 144 224 77 340 170 242 52 353 150 282 116 263 155 406 281 357 108 219 221 225 196 403 32 224 95 363 204 334 128 253 82 264 47 222 238 184 140 216 115 247 94 319 289 221 177 423 140 271 158 306 174 529 184 198 207 364 164 372 245 321 158 176 171 263 204 140 105 262 145 259 172 215 79 96 219 372 107 361 122 283 33 356 193 302 76 279 85 158 227 348 63 304 270 375 161 418 115 126 193 187 64 242 133 329 178 267 69 251 103 219 144 254 239 339 207 240 8 321 119 281 145 282 190 302 22 407 173 181 152 327 90 311 61 344 109 431 148 354 183 298 164 139 92 291 219 261 7 366 72 232 145 336 207 220 145 249 115 350 166 275 94 360 136 291 100 198 47 371 17 257 153 249 178 296 186 284 167 256 124 297 0 202 118 353 128 241 70 345 46 250 246 320 209 331 194 283 46 266 180 357 68 341 57 238 60 346 84 293 215 239 90 346 61 294 173 159 281 299 189 340 155 320 202 296 100 305 69 161 185 366 103 272 167 340 55 233 76 242 163 154 118 304 55 94 70 266 218 364 139 259 22 336 182 330 112 324 158 260 154 283 155 245 207 448 62 281 291 336 182 311 224 227 193 198 6 212 202 228 165 267 112 248 64 462 62 272 25 133 143 169 61 181 27 309 127 278 100 311 116 365 108 178 125 313 40 207 231 312 124 420 197 74 150 212 173 362 181 216 261 206 36 187 172 298 99 239 210 128 170 270 106 347 147 240 190 239 125 253 110 301 89 308 115 159 55 203 284 350 68 335 54 434 82 271 278 233 131 274 43 259 257 227 208 113 175 327 196 298 151 13 127 238 93 210 184 277 140 269 114 468 101 307 176 380 122 211 133 227 183 180 126 285 91 309 150 239 176 280 191 301 46 293 76 303 161 213 184 235 121 397 219 276 134 146 100 251 163 387 145 255 111 356 185 253 165 265 261 299 189 216 190 320 215 194 212 212 67 196 169 293 222 30 166 140 129 277 208 339 216 501 63 258 126 164 171 299 176 436 51 329 279 218 75 216 117 371 134 231 101 265 259 444 133 187 120 245 166 265 60 391 115 332
236 191 70 117 239 140 195 141 125 170 63 29 156 116 139 27 444 96 68 37 126 145 35 172 182 201 91 82 116 113 103 241 281 163 286 46 218 140 14 218 220 173 277 168 190 149 78 113 223 101 229 280 100 21 125 96 94 105 224 151 158 37 151 269 150 94 61 116 104 333 93 196 138 204 93 201 143 126 102 96 187 72 67 70 128 67 201 121 208 61 124 109 157 233 199 191 200 95 169 166 304 100 129 77 275 46 220 146 150 163 252 176 269 232 119 155 261 67 261 80 272 138 155 85 183 187 133 30 167 81 134 208 100 132 197 163 237 169 226 85 16 118 188 228 224 25 182 194 153 109 146 147 132 234 57 153 200 100 171 157 185 89 127 59 205 205 133 55 75 135 6 86 96 62 189 150 45 78 193 175 283 102 120 13 225 211 196 66 90 68 236 123 183 137 89 85 89 111 202 0 258 252 99 125 203 180 191 84 251 184 124 140 134 94 158 118 156 160 152 145 169 115 145 153 187 138 267 127 149 157 168 109 224 155 89 145 41 199 187 162 174 132 287 105 211 61 197 185 173 81 198 171 223 201 214 70 285 49 93 152 221 116 196 89 246 208 339 97 221 205 87 241 227 125 170 59 49 81 293 70 245 256 253 170 175 199 215 142 250 143 185 78 207 90 9 148 168 79 108 88 202 304 257 70 178 74 115 89 163 169 176 117 87 78 159 110 156 208 152 67 247 123 200 22 313 225 183 221 11 136 55 53 255 187 110 235 270 50 208 67 189 156 301 189 137 113 219 73 96 194 143 127 157 110 112 53 210 103 118 120 298 92 148 12 180 157 134 195 240 234 210 70 249 135 225 139 230 68 167 169 259 106 285 126 142 106 181 196 76 40 231 22 234 89 97 107 203 289 165 117 203 188 166 10 240 98 21 87 128 85 234 114 85 78 81 99 205 107 161 188 134 144 43 86 350 149 124 195 220 83 172 86 133 134 122 227 124 161 137 156 262 54 253 77 147 213 124 41 181 151 217 26 219 68 160 53 129 113 186 185 172 116 169 96 161 136 191 321 223 129 113 72 183 99 78 257 212 169 253 37 272 75 88 171 79 41 102 104 79 249 148 16 141 67 161 72 155 296 92 144
275 447 207 371 104 390 174 395 133 422 195 229 105 363 159 275 195 350 222 290 163 403 223 208 89 442 242 339 142 348 252 491 196 421 55 291 155 327 247 475 88 333 187 425 154 405 205 341 41 344 155 340 245 245 244 306 166 333 210 400 277 288 286 512 123 345 236 373 179 589 276 313 188 450 257 453 229 383 255 271 120 296 227 188 208 300 263 348 105 293 150 158 191 466 225 442 67 351 127 423 75 352 142 328 170 225 343 396 120 395 386 430 48 489 139 238 93 270 92 321 16 396 287 294 78 359 208 283 112 329 228 317 211 336 126 407 27 380 61 319 242 374 137 484 94 244 267 421 104 359 127 404 126 491 219 406 122 357 277 251 73 335 318 314 112 451 140 263 183 388 263 306 167 317 232 387 237 336 212 431 26 358 139 259 73 457 106 291 175 279 296 373 139 372 259 278 170 367 118 258 0 458 159 336 61 428 84 269 167 414 308 397 179 351 147 352 150 417 176 403 99 330 156 371 71 378 333 335 200 414 174 364 94 269 346 299 228 433 271 405 161 378 185 344 186 199 301 441 86 338 284 421 64 346 194 267 45 219 166 391 63 186 189 340 134 452 181 339 103 432 273 437 33 382 272 314 211 331 262 271 121 514 77 380 270 430 112 319 139 329 307 285 114 300 253 331 129 297 205 328 64 551 84 324 132 209 244 261 103 293 125 375 170 334 213 354 106 452 219 205 20 380 83 271 117 418 85 475 257 131 221 287 72 440 279 334 176 282 153 271 119 388 130 349 313 227 288 307 177 435 256 335 160 329 224 310 51 360 178 377 68 252 141 263 257 374 146 428 73 465 200 326 209 332 249 268 80 293 360 335 114 206 288 380 175 328 267 131 197 297 208 274 101 345 233 350 60 545 216 333 114 446 236 263 37 316 245 271 133 327 29 340 178 318 265 303 128 365 120 394 134 387 216 300 94 337 135 444 151 340 100 175 125 346 266 473 146 356 218 412 83 312 283 295 246 406 290 286 143 400 331 239 144 293 178 226 160 366 333 103 126 241 101 299 176 386 328 578 55 350 146 193 123 355 197 513 167 413 395 286 94 299 194 426 178 270 181 346 285 506 243 247 120 317 278 299 115 499 197 353
484 172 262 170 476 145 306 159 338 148 290 268 358 152 299 260 604 239 245 218 295 204 273 424 369 95 218 226 340 142 206 133 531 207 461 206 466 132 265 187 384 130 365 210 438 172 261 139 417 158 344 225 349 248 215 163 308 147 296 137 399 216 176 118 385 173 233 188 352 304 186 169 390 113 203 138 394 208 204 190 427 291 319 298 251 281 228 132 445 192 309 307 408 70 264 135 421 191 333 190 523 245 318 250 375 254 150 257 340 97 128 241 486 194 342 228 494 200 414 173 474 193 176 309 381 103 251 225 402 179 384 442 352 127 345 117 446 84 450 282 264 175 331 168 459 245 211 70 364 254 331 215 354 244 254 246 442 217 194 215 394 263 142 240 359 114 319 298 309 241 248 169 333 201 250 293 240 216 272 177 481 189 332 241 397 113 359 289 332 301 223 154 428 121 202 320 309 182 353 252 458 0 327 130 397 125 374 324 500 80 151 193 384 194 313 137 402 215 286 208 359 139 303 326 392 126 215 130 263 187 292 181 459 195 200 376 292 79 210 116 423 140 377 278 306 302 183 162 390 201 203 135 401 130 303 310 497 260 310 114 401 272 295 176 490 106 444 159 375 61 190 26 436 222 200 240 273 252 321 308 486 231 415 83 419 71 454 361 495 129 168 185 359 169 261 127 410 298 253 166 394 150 414 242 332 257 214 201 356 175 337 195 311 229 254 268 380 106 245 316 456 190 377 230 545 42 407 258 244 330 252 200 482 147 179 178 519 204 331 199 430 102 432 117 145 231 216 281 287 98 206 130 405 143 234 233 423 217 281 184 468 208 317 241 428 330 312 77 407 343 295 232 501 128 262 382 396 290 99 126 498 252 286 239 392 303 211 340 271 229 304 230 470 191 226 152 419 199 254 315 443 203 235 256 455 156 248 192 359 269 430 302 324 175 199 319 448 202 338 66 328 127 273 172 536 121 351 277 467 205 403 323 349 120 192 115 362 102 243 230 492 226 255 300 395 54 168 211 427 138 163 278 465 187 286 305 374 170 136 357 413 217 398 319 412 258 145 224 406 124 342 316 424 226 327 183 323 117 116 215 424 179 269 238 305 279 280 154 309 241 220 251 368 192 189 289 344 44 264 332
211 290 67 215 149 236 147 239 31 267 39 71 62 210 84 116 348 191 83 133 73 244 65 131 91 293 115 179 17 199 130 337 212 262 191 136 145 199 88 317 135 219 218 266 118 248 70 195 126 192 167 285 110 89 136 165 24 187 186 246 164 132 179 362 58 190 94 215 50 430 143 220 91 298 128 298 124 224 131 140 101 142 78 31 113 144 196 203 118 143 57 41 108 321 175 287 102 194 96 265 206 193 55 170 211 75 250 238 65 249 290 271 170 331 20 152 168 127 176 169 173 237 182 144 88 241 116 126 75 174 116 216 81 200 126 256 138 244 129 164 83 217 121 327 132 89 186 278 56 201 66 245 33 332 73 247 116 198 186 161 86 177 187 155 128 299 58 110 24 230 105 161 18 160 171 233 88 177 164 274 185 201 28 102 136 306 116 137 26 127 236 219 104 224 127 131 19 209 128 99 159 327 0 197 108 275 101 123 178 269 179 239 80 193 96 204 82 258 109 244 79 189 89 223 89 228 273 197 123 256 123 207 133 171 188 172 70 287 192 254 107 225 226 188 165 40 214 284 74 180 206 267 131 241 171 117 186 68 21 242 129 84 155 185 164 301 265 188 141 290 138 311 128 223 181 155 57 173 259 121 159 355 165 244 169 286 127 184 169 201 211 143 131 159 94 205 84 145 94 177 108 399 170 165 109 73 130 129 73 193 102 217 17 175 138 197 57 301 138 52 148 222 111 114 220 292 85 316 100 53 75 136 159 285 153 254 197 130 148 128 103 243 221 236 188 116 221 152 52 286 156 197 89 186 113 151 111 201 78 219 204 123 80 106 165 226 67 283 152 314 171 167 191 199 206 148 143 138 231 218 171 94 265 221 85 176 186 127 58 139 191 117 143 188 111 199 104 388 145 184 116 287 158 104 141 173 89 136 32 170 137 188 23 166 129 155 122 206 81 261 52 236 59 157 252 209 26 287 145 182 77 19 35 208 150 321 37 226 126 253 168 153 240 142 137 280 167 132 105 246 242 80 142 145 118 72 58 210 226 102 87 128 73 151 103 228 226 420 129 207 15 38 98 196 48 356 158 262 295 130 187 152 66 267 22 113 65 194 135 347 150 90 43 162 180 145 69 370 73 208
361 152 133 92 346 87 204 102 210 118 159 138 232 67 180 138 497 145 116 95 174 143 143 296 248 112 94 127 210 39 86 168 401 157 346 81 336 31 138 180 270 68 278 162 307 120 133 25 296 55 245 201 225 118 103 32 179 29 209 91 280 92 85 182 255 74 104 110 222 314 59 113 261 126 79 138 268 134 83 66 297 178 192 168 136 168 153 26 315 64 185 180 280 132 176 127 293 98 216 147 397 152 194 146 284 123 122 183 216 64 141 188 360 194 213 128 365 70 305 55 351 130 87 195 257 70 139 100 272 68 259 327 224 9 233 85 321 46 322 175 136 99 220 177 329 116 130 86 238 163 208 153 225 224 124 179 312 127 111 119 268 162 27 130 247 127 196 176 178 166 122 40 203 88 162 211 110 115 179 143 360 101 204 114 281 132 244 174 201 183 171 79 297 48 77 202 180 100 241 125 336 130 197 0 275 111 254 204 369 79 36 131 255 100 197 38 272 161 173 147 236 11 185 234 267 60 188 4 154 138 184 97 330 103 104 261 163 99 132 83 293 71 290 180 211 172 122 141 262 100 135 109 283 96 210 189 372 130 180 67 282 151 197 73 360 125 355 53 263 96 63 117 311 146 115 130 143 149 259 188 356 230 303 47 298 95 324 251 364 32 103 54 247 38 134 37 279 185 132 51 272 221 304 136 218 129 99 75 232 96 221 118 181 128 151 175 251 125 141 187 331 117 258 104 416 100 279 224 116 206 123 72 354 133 60 147 388 76 227 69 300 57 332 77 42 114 157 170 160 106 104 3 275 17 116 120 297 129 159 110 355 84 197 114 305 238 190 94 293 282 202 126 372 19 188 262 281 175 43 61 368 131 236 160 263 199 130 230 142 111 218 104 341 94 103 55 293 234 153 211 312 171 139 131 329 27 118 65 229 164 308 201 194 56 71 207 318 117 218 64 203 70 143 42 419 33 222 222 337 106 273 193 221 11 80 147 232 37 133 170 363 114 199 185 272 88 56 85 297 91 126 150 335 58 176 177 244 88 85 239 283 101 269 206 283 180 94 267 287 18 212 186 294 135 197 205 223 93 138 91 315 51 142 184 175 158 155 52 193 231 119 122 239 76 101 175 221 174 139 234
266 390 148 314 122 331 123 337 78 364 140 174 48 304 99 223 241 298 162 234 102 348 168 190 28 382 181 285 91 288 191 432 213 366 84 233 157 266 193 419 49 273 157 371 144 348 145 281 21 285 114 289 207 189 184 246 109 274 163 341 250 231 226 453 90 287 177 317 140 536 216 255 161 391 196 394 202 329 194 210 109 249 182 133 148 251 208 288 106 234 90 99 169 406 172 383 54 295 69 368 129 300 82 277 143 167 285 345 59 335 328 378 95 432 88 180 123 210 80 262 77 340 228 249 20 299 148 227 87 271 198 295 174 276 76 347 52 319 75 272 188 317 84 426 104 188 210 361 52 308 67 350 76 437 160 354 119 303 219 193 31 285 257 261 64 392 80 217 131 336 209 246 119 260 177 340 179 281 159 375 85 302 84 204 39 398 54 244 128 233 243 315 127 312 198 235 115 310 70 203 61 397 108 275 0 369 26 227 180 353 247 342 150 294 88 292 127 363 117 348 39 270 96 329 23 318 282 274 141 358 118 307 105 210 290 266 177 373 214 346 146 319 159 296 138 148 243 383 47 282 228 362 30 287 145 223 101 161 110 331 27 126 137 282 150 392 177 280 64 371 213 377 44 328 213 261 155 280 224 226 139 459 66 319 247 369 116 283 156 268 249 225 67 240 200 270 109 252 144 269 6 491 72 272 76 150 183 200 43 234 68 319 116 281 155 305 66 392 161 158 60 324 30 215 163 358 62 423 202 71 162 229 104 382 219 278 194 223 106 211 109 328 127 289 252 166 234 259 117 375 196 274 138 269 163 256 40 306 117 321 97 191 80 207 236 331 85 368 53 421 150 273 214 271 198 237 49 245 299 274 139 145 245 328 149 283 210 81 138 243 162 217 116 289 172 291 46 487 159 289 112 391 178 209 65 256 189 211 89 278 33 295 129 259 205 260 126 310 59 333 74 327 160 240 148 276 88 394 154 285 75 126 72 286 206 414 106 296 158 359 116 257 234 249 219 345 229 229 131 341 274 187 147 234 121 179 126 309 274 46 108 181 72 256 156 335 269 520 24 289 97 144 110 302 152 455 120 354 337 229 89 239 134 374 124 221 120 287 241 452 184 191 78 259 219 252 54 438 137 312
387 50 221 65 419 40 313 43 296 23 236 205 323 65 281 175 601 128 207 143 272 81 211 340 343 32 196 122 291 83 192 63 455 81 446 139 396 138 193 73 372 167 389 85 367 50 225 93 390 84 353 298 259 186 212 130 263 99 320 29 299 144 195 89 329 86 193 76 283 206 162 216 313 25 182 28 306 89 189 170 366 192 239 244 242 182 263 88 388 135 280 271 330 68 287 17 377 90 317 65 481 133 288 145 394 203 215 134 311 53 216 116 445 86 294 239 441 160 409 107 443 72 197 209 350 153 245 151 346 101 297 335 272 116 338 25 410 94 404 176 195 67 325 66 404 186 240 60 325 139 304 91 307 126 209 122 380 106 221 230 357 154 137 143 350 25 290 209 252 120 175 125 275 118 272 172 191 115 289 51 453 85 290 174 381 32 345 192 270 206 276 57 362 63 179 223 261 76 345 180 428 125 275 111 369 0 351 229 428 54 146 72 311 92 299 80 335 90 279 85 331 110 287 208 358 53 286 114 262 62 291 76 404 213 99 271 219 46 242 27 352 50 400 166 321 240 227 39 347 104 243 11 382 187 320 218 460 210 263 44 381 252 306 91 426 30 465 89 367 66 163 134 400 103 225 143 219 146 368 214 425 124 406 96 321 56 395 252 429 138 208 147 351 134 187 140 348 198 234 100 367 125 407 140 321 220 206 177 326 204 322 81 261 126 260 154 332 30 251 246 421 75 357 161 493 131 360 136 176 298 207 141 433 25 168 244 446 146 335 159 369 56 439 167 152 219 263 179 252 28 215 113 335 108 221 140 384 106 258 72 456 187 297 171 333 211 287 49 395 217 313 131 420 126 298 284 383 192 124 159 439 232 342 120 319 194 240 335 231 144 329 159 414 94 206 78 378 124 263 204 383 79 250 179 415 118 186 166 306 162 402 189 264 110 169 216 384 91 316 102 295 43 216 133 517 134 301 151 398 106 351 264 305 104 190 47 304 121 241 105 441 134 306 200 303 129 167 143 360 29 223 205 398 136 283 229 308 68 182 339 352 209 347 216 337 137 193 157 385 92 290 252 363 115 257 94 332 18 208 145 420 130 235 113 253 192 250 82 211 128 229 186 318 114 211 189 315 159 234 217
279 374 131 298 144 314 98 321 70 347 128 162 40 287 75 213 253 287 144 219 80 335 156 200 10 362 160 273 86 269 169 413 235 352 96 217 175 243 182 403 36 249 139 357 160 333 126 261 44 267 93 264 208 175 160 225 97 254 138 323 254 216 201 433 98 271 158 302 140 524 195 229 168 372 175 376 208 315 172 188 126 243 178 122 124 244 182 268 126 216 71 83 178 385 146 365 76 280 43 353 155 290 64 266 127 152 260 335 41 315 303 366 121 417 84 154 148 191 76 244 100 326 203 245 23 275 124 212 100 254 203 302 175 254 51 328 78 297 99 264 176 301 59 409 127 173 185 340 51 298 47 337 74 425 144 343 137 290 194 167 46 276 235 250 42 373 61 210 123 325 196 227 116 245 152 333 162 268 133 359 107 287 74 190 35 379 30 237 125 227 218 298 141 293 177 231 104 295 46 191 84 374 101 254 26 351 0 224 200 333 225 327 156 280 62 273 138 350 92 335 23 249 71 324 38 300 256 253 116 344 92 292 127 185 276 268 169 352 189 327 159 301 142 288 113 140 218 367 59 268 202 345 32 262 121 218 127 146 99 312 30 103 112 266 172 373 169 262 47 350 192 353 70 316 188 249 142 270 201 222 161 445 64 297 254 349 136 282 178 245 223 205 45 220 189 247 122 246 122 251 21 472 69 260 50 131 160 179 28 209 42 305 106 269 129 296 73 373 135 153 86 309 11 200 189 334 78 412 188 55 146 212 129 365 196 252 215 206 82 192 126 308 121 265 229 143 208 252 100 356 172 253 148 248 140 243 64 293 95 306 107 170 57 194 245 327 64 347 51 415 125 261 232 249 173 241 42 239 276 250 163 123 221 317 156 277 184 56 121 230 138 203 138 274 151 273 68 471 133 285 130 377 153 198 91 236 175 190 90 269 56 289 124 241 185 256 145 296 36 311 58 309 148 220 166 253 86 384 173 271 89 120 67 264 182 395 108 273 133 347 141 245 208 243 224 321 206 213 145 324 248 178 166 215 95 173 131 293 249 20 121 157 85 252 167 326 244 504 34 269 94 139 126 290 148 439 96 335 311 214 86 221 116 362 114 213 101 269 236 439 159 178 81 243 194 245 37 414 117 308
160 222 138 165 217 192 258 186 154 212 110 92 184 175 196 66 464 107 143 109 183 168 93 114 214 257 173 108 138 182 186 284 231 182 310 123 179 223 76 244 259 257 337 185 153 186 146 187 243 166 286 362 32 102 206 177 135 179 293 203 76 112 235 317 146 152 141 154 90 334 177 280 96 254 177 244 77 149 185 180 166 39 46 111 202 48 280 193 189 141 173 155 108 292 272 236 203 140 217 192 296 105 174 86 331 119 304 139 188 228 336 178 265 255 140 234 242 151 299 152 280 167 239 27 208 270 206 104 160 145 69 124 60 211 247 220 244 244 222 60 82 163 241 261 207 106 263 259 175 106 188 164 151 240 129 152 176 125 254 237 200 82 210 87 250 254 178 29 105 138 85 166 108 122 264 121 124 114 265 206 294 144 151 97 259 261 239 38 99 24 317 177 155 204 173 9 126 154 250 84 269 324 123 204 227 229 224 0 208 249 207 168 99 138 212 187 130 175 216 165 202 193 202 102 206 200 349 206 220 186 232 154 207 238 131 61 66 260 268 219 137 190 345 83 276 90 280 221 184 127 280 219 253 285 281 15 284 118 132 214 251 182 263 149 214 260 388 165 264 271 171 316 236 141 252 86 109 87 365 16 217 269 288 245 96 263 192 63 216 225 269 162 253 172 76 230 150 35 179 159 228 347 293 89 229 144 196 173 196 253 224 150 123 104 232 96 164 260 227 72 254 157 234 103 291 301 184 219 95 176 128 133 243 228 194 319 225 132 265 152 169 223 344 272 220 191 300 52 153 250 225 206 125 188 189 92 218 127 180 159 323 174 198 95 105 105 184 258 274 196 278 98 192 217 301 58 266 38 246 252 234 178 362 131 106 60 262 248 139 95 299 102 213 138 176 172 209 316 239 64 181 208 243 76 242 177 102 172 138 74 252 72 101 150 165 34 177 140 204 263 174 203 102 167 362 231 139 182 182 124 170 104 157 212 205 275 123 241 213 164 247 98 331 32 73 290 208 119 151 203 301 69 184 149 225 55 111 162 270 225 154 196 169 30 119 129 275 345 250 203 130 86 163 119 76 286 273 224 336 114 310 155 153 175 116 46 163 170 20 258 228 96 150 132 244 42 192 366 159 85
124 428 244 363 63 388 293 386 180 414 212 232 180 366 244 253 334 313 260 288 238 374 227 97 195 451 293 311 170 363 308 487 35 389 223 297 34 375 237 451 229 397 337 392 62 389 248 363 177 352 293 452 176 252 313 337 201 354 335 399 169 288 356 517 124 344 270 356 148 537 319 396 115 453 306 446 133 355 309 317 81 246 189 204 285 254 364 370 74 309 219 211 100 484 335 437 125 338 232 398 137 312 211 291 323 247 427 346 202 414 468 385 127 463 168 324 79 300 252 331 166 372 360 234 177 419 288 281 110 331 140 187 156 374 251 413 145 416 110 268 237 362 255 466 76 254 359 445 166 314 210 371 162 447 249 359 66 330 361 335 154 290 362 287 242 453 213 221 192 345 256 331 168 311 336 322 260 315 323 411 179 344 185 260 217 460 230 244 168 228 404 372 74 388 305 216 196 354 246 251 167 500 178 369 180 428 200 208 0 435 355 374 118 336 245 368 98 383 270 372 194 360 245 292 163 389 442 370 290 391 278 353 76 347 330 201 210 450 364 412 77 382 338 289 310 197 389 425 145 324 379 418 206 419 318 215 145 241 198 403 204 257 305 339 33 457 346 348 244 456 313 485 147 348 356 287 227 293 401 219 47 476 236 417 151 450 64 227 29 378 387 316 245 331 243 381 95 243 270 339 185 550 243 293 244 251 307 306 192 370 235 354 194 307 306 303 140 457 308 185 148 360 208 272 105 468 123 424 257 201 250 301 97 431 330 428 19 296 281 301 79 407 295 414 365 293 390 260 228 444 332 370 95 357 290 289 140 332 248 361 234 301 230 262 133 293 224 447 226 383 321 300 45 374 365 171 227 244 406 395 58 269 418 338 109 264 358 255 236 284 336 273 67 334 289 358 134 523 312 262 71 415 328 250 132 343 252 312 150 281 176 275 176 328 305 235 58 343 215 434 203 394 226 328 231 385 158 385 33 323 117 178 170 380 328 475 140 401 299 372 90 294 401 240 145 455 345 292 73 399 418 225 37 313 277 199 125 359 404 218 92 306 122 232 91 336 403 553 197 377 164 183 83 324 174 493 295 419 473 288 257 320 244 382 198 237 239 355 227 465 324 250 145 317 356 249 201 543 250 272
409 104 208 90 418 65 282 80 286 74 230 204 310 74 259 187 576 160 192 147 252 126 209 353 326 37 173 148 284 71 165 95 465 131 425 138 401 99 197 126 349 120 353 136 373 94 210 74 374 84 322 247 275 183 182 108 253 82 283 58 323 146 156 103 326 97 179 108 287 257 138 169 322 56 158 77 321 129 162 145 367 215 249 239 215 204 221 67 386 127 263 257 340 53 249 68 369 113 295 116 473 166 272 171 359 195 164 178 294 21 163 166 436 137 287 204 438 144 384 103 429 114 157 232 335 103 217 155 344 105 312 364 283 81 313 38 398 45 397 204 197 95 299 115 401 182 199 11 314 175 287 137 299 180 198 168 381 137 180 193 345 184 102 163 326 57 274 224 248 162 179 109 273 127 235 214 181 138 254 104 438 110 279 174 360 60 323 213 269 225 230 75 365 47 156 244 253 103 320 184 414 80 269 79 353 54 333 249 435 0 112 115 317 115 276 66 339 139 252 130 315 84 264 247 345 48 235 81 232 111 262 102 402 175 121 298 224 20 200 37 358 61 364 199 287 239 182 93 338 123 199 60 362 137 285 235 449 202 254 35 361 230 273 100 428 51 430 87 342 22 141 82 388 142 185 163 213 173 324 233 426 176 382 46 344 16 394 282 433 98 163 129 326 113 192 99 348 221 211 96 350 143 383 164 297 205 178 154 310 162 300 116 254 151 228 189 325 52 218 250 409 111 337 162 489 77 353 190 177 283 196 135 428 79 139 194 453 140 305 143 369 27 410 118 114 193 218 203 237 34 180 81 340 85 195 157 373 138 238 105 434 163 276 173 353 250 269 15 372 268 277 154 432 89 256 306 361 213 76 113 439 210 296 160 326 225 199 309 218 155 291 161 412 113 182 77 369 164 230 235 383 133 214 186 405 98 184 143 301 190 386 222 262 106 148 242 386 122 297 48 280 48 212 114 498 92 295 202 403 127 346 262 296 69 158 73 302 75 211 153 437 150 261 223 321 74 133 143 364 59 174 210 402 124 255 236 311 91 135 318 352 180 342 241 345 179 146 196 366 64 285 253 363 146 261 139 300 41 154 146 394 118 219 163 247 206 233 80 233 182 195 185 312 119 171 212 299 119 217 253
358 186 112 122 327 121 170 135 187 153 143 129 207 98 150 142 464 166 96 102 145 174 132 289 219 147 67 146 190 71 56 203 388 188 315 87 321 20 134 215 238 50 243 194 293 153 110 57 267 83 210 174 224 111 69 34 158 56 174 126 281 98 50 215 236 100 85 139 210 349 36 85 252 161 52 174 264 162 53 39 279 186 187 151 104 177 119 60 296 68 158 156 270 163 140 163 270 123 185 179 372 172 167 162 248 109 101 208 189 98 129 218 335 229 192 93 344 58 272 73 324 160 53 202 230 65 105 105 253 89 255 331 218 31 201 121 295 73 299 188 130 128 188 212 309 107 95 118 213 184 181 182 203 257 106 206 295 150 77 83 243 178 10 144 214 162 169 178 163 192 122 47 187 104 126 232 96 135 143 177 331 128 181 111 250 167 212 181 187 188 140 111 282 84 52 206 160 128 209 124 308 151 179 36 247 146 225 207 355 112 0 161 244 125 166 71 258 192 140 176 209 38 154 252 241 95 160 33 120 170 150 125 309 67 127 267 157 133 98 119 280 105 254 197 175 160 91 176 239 121 103 144 253 78 174 192 346 114 160 102 252 122 162 98 342 160 319 79 231 127 42 133 285 172 80 144 128 166 225 192 338 265 271 73 298 127 306 260 347 23 74 45 215 36 132 26 262 193 103 73 244 255 271 152 186 106 66 50 205 64 189 146 162 146 116 194 230 160 106 177 305 146 228 104 394 114 257 256 113 179 105 75 331 168 28 122 374 75 193 57 282 93 297 65 14 82 124 181 136 141 69 33 262 42 85 133 272 153 130 139 323 57 168 112 303 256 162 128 261 308 167 143 362 24 153 263 250 183 53 45 348 102 203 185 251 212 95 197 121 121 182 106 321 118 75 85 268 269 118 224 294 204 103 131 304 40 111 43 210 179 280 216 179 73 50 216 301 143 189 86 176 106 130 42 389 30 202 250 322 127 253 177 198 44 46 182 215 49 99 198 341 128 166 193 270 101 21 90 282 126 101 146 320 60 143 172 230 118 65 209 266 69 248 214 271 204 71 302 258 54 193 174 276 157 187 240 188 128 129 95 282 55 118 213 158 161 129 81 199 265 84 116 219 92 66 184 193 193 113 249
321 54 198 39 373 52 310 35 264 50 202 168 294 64 265 126 581 62 187 108 255 13 174 282 319 103 188 63 256 92 190 117 399 27 423 112 343 162 151 79 354 198 390 33 316 22 204 106 362 79 348 332 199 153 214 133 232 105 326 56 233 111 211 151 287 64 174 26 236 198 162 243 259 94 178 77 246 20 187 169 320 130 188 210 237 120 279 105 342 119 257 245 274 140 294 72 340 48 300 26 443 65 264 83 392 176 251 64 286 102 263 57 408 92 259 245 396 148 394 95 411 2 214 145 322 193 240 115 304 80 238 266 219 139 325 77 376 139 365 111 155 33 313 93 359 154 256 124 293 69 281 23 272 101 184 54 332 44 238 239 324 88 155 88 335 93 267 153 214 49 134 122 234 83 281 101 166 62 294 37 423 41 259 138 360 99 328 131 228 146 301 52 313 91 174 161 228 35 331 140 397 193 239 131 342 72 327 168 374 115 161 0 259 48 285 93 286 30 270 16 306 124 272 136 327 79 318 135 258 18 285 38 360 226 52 204 174 115 259 77 299 64 401 97 321 200 252 53 312 60 264 61 359 224 322 159 424 181 232 85 358 238 306 68 375 101 461 83 352 132 160 197 367 31 241 88 187 82 384 155 377 118 387 141 256 122 348 183 379 163 234 141 337 134 145 167 302 135 222 92 340 179 390 81 307 199 206 172 300 225 306 22 227 67 261 84 295 100 252 200 387 18 335 127 448 190 322 95 140 273 182 120 392 62 174 278 391 125 328 147 323 100 429 205 172 214 286 116 228 98 223 134 284 120 215 89 349 42 243 24 434 181 278 134 269 140 266 116 375 156 316 75 361 150 312 220 364 131 162 191 392 221 364 49 267 125 255 323 207 100 334 124 368 54 198 77 342 151 266 134 336 49 256 135 379 123 153 162 268 96 373 119 223 97 162 150 335 32 295 154 270 72 182 130 489 162 264 92 345 57 311 225 272 130 196 111 261 157 239 40 398 86 328 137 240 184 179 115 310 56 256 161 346 123 276 180 261 44 215 319 306 208 307 151 283 66 225 183 360 116 253 209 316 50 211 120 329 76 257 114 405 122 215 53 219 138 231 80 149 113 235 151 280 87 227 126 291 229 216 146
131 313 138 246 118 271 223 269 99 297 103 117 119 249 163 136 374 200 152 170 152 260 112 51 147 334 187 196 83 246 202 370 147 276 226 180 85 263 120 337 192 289 289 279 57 273 144 246 161 234 239 364 70 137 213 223 104 238 264 282 100 171 253 400 60 226 159 240 34 433 208 296 12 335 198 329 53 241 203 207 67 135 72 97 192 142 276 254 90 192 135 121 28 367 255 320 112 221 168 284 197 200 131 178 279 135 325 237 133 297 364 276 168 349 82 231 143 187 229 214 188 257 257 126 135 309 195 163 67 214 49 146 41 260 195 296 153 300 126 158 120 245 194 351 108 139 265 327 105 203 138 258 86 338 139 250 76 215 263 239 119 178 250 171 193 336 134 106 84 235 138 215 63 194 251 220 148 198 243 296 202 227 101 143 187 342 180 131 60 117 316 255 55 271 196 108 96 237 194 134 179 384 80 255 150 311 156 99 118 317 244 259 0 220 172 251 31 270 189 259 138 245 166 198 127 271 353 256 203 276 201 236 108 248 213 120 93 332 270 295 41 264 295 181 242 84 291 310 103 207 285 301 179 313 249 103 187 130 100 286 176 164 233 221 117 339 325 231 202 339 202 371 146 235 259 171 116 180 337 108 119 366 215 301 98 333 93 141 120 266 286 202 196 217 125 270 52 133 172 222 153 434 222 178 181 146 205 197 133 269 173 238 93 191 218 194 84 339 217 68 162 244 167 155 192 354 94 318 140 125 140 184 144 314 221 332 136 180 221 188 70 290 276 306 255 193 300 148 132 327 232 256 26 241 190 172 129 217 158 244 240 193 155 145 89 199 144 329 202 292 249 184 118 261 285 90 196 132 293 286 135 172 344 227 8 159 264 198 132 167 268 156 114 217 185 241 120 409 225 162 82 302 237 132 148 228 137 201 68 170 168 172 68 211 194 131 78 227 150 319 125 277 113 213 269 273 75 281 87 206 79 71 95 265 223 357 50 288 205 261 148 177 320 130 69 342 236 175 53 282 318 108 88 197 197 82 25 242 298 165 56 204 80 128 28 227 299 440 173 261 73 70 64 210 58 378 232 301 368 171 238 205 143 273 93 121 144 238 118 355 229 134 75 200 256 138 135 428 151 179
297 97 150 27 331 54 263 50 218 78 155 122 247 43 218 84 533 47 140 61 207 57 128 248 271 119 142 33 210 63 146 150 364 74 375 64 305 130 106 125 306 168 344 79 277 55 156 75 314 45 302 298 167 105 170 93 185 71 281 65 209 63 173 181 243 26 126 23 194 246 118 209 222 117 134 110 214 40 143 126 278 101 148 163 190 91 238 78 300 73 210 197 238 155 251 100 294 3 252 73 398 53 216 57 346 128 221 84 238 96 240 97 362 138 212 201 354 102 346 53 365 46 176 119 275 169 194 68 260 36 205 249 181 109 277 83 330 123 320 89 110 26 266 135 317 107 216 125 246 64 233 62 226 148 137 82 291 27 199 197 278 69 121 51 287 117 219 117 168 67 88 81 189 35 238 111 118 24 249 81 376 8 212 91 313 124 280 100 183 114 264 41 272 75 129 132 181 17 283 94 351 194 193 100 294 92 280 138 336 115 125 48 220 0 237 66 245 74 223 58 258 91 224 137 280 68 285 104 212 64 238 16 317 186 7 184 131 123 219 82 261 54 355 86 275 155 216 92 266 13 226 82 312 196 277 126 379 134 185 80 310 190 260 27 336 122 414 48 304 136 116 191 320 48 201 51 139 58 342 122 336 165 340 125 231 128 306 167 339 132 199 97 289 93 100 136 260 108 175 52 293 214 342 49 259 151 161 127 253 188 258 26 180 36 216 77 250 122 207 157 341 30 287 80 405 180 276 140 93 225 134 73 348 95 132 246 355 78 281 102 281 92 382 177 137 168 248 89 181 113 181 103 244 86 169 48 303 29 195 27 387 136 230 87 242 141 219 122 327 183 271 40 327 119 270 194 316 101 139 161 351 174 325 60 228 110 215 275 159 55 290 77 326 8 152 48 297 195 221 121 294 97 213 91 333 85 106 118 222 75 326 108 178 54 117 127 295 19 247 141 222 67 135 88 442 133 218 127 307 13 266 179 226 102 154 139 217 133 194 77 355 43 289 109 211 171 139 67 270 65 225 117 307 78 229 139 219 25 185 271 264 163 263 127 245 80 194 228 313 89 207 165 274 35 168 163 282 86 236 66 357 78 167 92 172 100 183 49 120 160 192 104 235 40 188 98 243 234 169 140
302 328 89 252 196 264 52 273 73 299 103 132 65 237 19 183 301 253 97 178 31 293 127 222 60 308 104 236 89 217 111 361 280 311 149 173 215 183 153 357 73 187 124 316 194 287 82 207 106 217 74 208 205 138 99 171 78 201 93 273 260 175 139 378 126 224 111 259 146 483 139 167 184 319 118 326 219 275 114 132 165 222 168 101 63 220 123 214 172 168 40 57 199 328 91 315 128 237 20 309 217 257 41 235 119 113 198 303 43 259 241 330 182 371 89 92 205 140 110 195 163 283 141 228 76 213 62 173 135 207 212 312 176 196 40 276 140 238 156 240 146 256 30 361 177 135 123 283 79 267 36 298 89 385 103 308 179 252 131 105 96 247 176 216 51 320 38 192 108 291 162 174 114 202 93 307 120 230 78 314 168 244 71 153 84 326 47 216 122 209 161 249 177 239 121 218 87 250 46 158 147 313 96 197 88 299 62 212 245 276 166 285 172 237 0 220 164 310 30 294 54 193 13 305 91 247 199 195 54 300 33 248 178 123 234 266 149 296 127 274 188 250 133 262 70 122 156 319 101 226 141 294 88 199 77 203 189 109 81 258 87 48 62 219 221 319 181 213 68 292 137 292 131 278 126 216 111 239 165 206 212 402 107 239 265 292 183 275 227 185 161 152 52 166 158 187 155 226 66 201 83 418 108 227 22 87 100 123 54 146 24 263 91 233 67 267 105 319 73 142 148 267 64 161 249 273 123 374 152 47 105 165 187 316 138 192 262 160 53 141 166 253 145 203 169 84 149 227 62 301 109 196 173 193 81 208 122 255 42 262 158 114 17 157 260 309 29 291 96 391 78 225 270 190 120 243 84 217 216 189 216 67 175 282 175 257 122 39 82 193 97 164 190 230 94 223 123 422 72 267 174 334 91 167 151 182 138 134 105 242 118 268 117 192 131 241 186 255 31 251 46 257 118 167 224 193 98 352 214 230 128 113 79 207 122 341 122 213 71 310 199 208 156 224 233 260 146 170 179 273 187 153 209 165 34 157 147 246 186 44 156 97 123 237 191 294 182 455 93 213 99 128 163 253 142 390 62 283 249 172 121 170 71 325 96 189 56 218 220 397 96 143 104 198 131 223 44 353 69 292
347 115 145 54 352 49 234 64 222 83 165 137 247 29 202 123 522 113 130 82 194 105 143 288 266 90 116 96 219 5 112 141 399 118 367 72 335 69 131 144 293 106 311 124 306 82 147 15 313 22 274 239 212 117 133 50 189 19 243 56 262 80 121 161 260 41 116 73 220 278 83 151 256 99 103 107 257 97 109 90 300 156 183 173 163 146 190 12 320 61 202 194 274 118 210 95 304 64 238 108 409 120 211 118 315 130 159 147 233 46 175 150 372 158 222 161 372 82 330 37 367 91 124 174 274 103 166 89 278 42 248 307 217 47 259 56 335 59 332 149 131 61 246 144 335 116 167 76 250 131 226 115 235 186 134 142 315 93 148 153 282 133 64 105 271 100 213 161 182 130 113 46 207 65 196 177 117 85 212 106 377 66 215 108 302 106 266 153 203 164 210 41 298 20 99 184 188 63 266 118 352 137 204 38 292 80 273 187 368 66 71 93 251 66 220 0 272 123 199 108 254 33 207 203 282 27 226 42 182 100 212 60 336 138 71 241 158 83 169 54 291 34 322 150 242 173 160 106 274 69 173 76 304 132 242 173 386 136 190 39 302 172 228 42 362 100 386 23 288 88 84 130 325 109 151 105 147 121 296 171 360 194 327 60 283 82 328 227 366 70 142 68 272 54 126 75 282 163 154 29 290 199 328 109 242 143 127 97 249 134 243 81 188 98 181 143 260 100 172 184 346 79 279 96 424 117 288 186 111 221 132 69 363 99 90 185 387 74 255 81 303 39 360 113 80 139 195 146 175 83 138 41 274 30 142 97 310 95 180 72 377 107 218 107 291 207 209 79 316 245 235 99 366 57 224 245 304 154 73 98 373 153 274 124 259 172 166 255 155 92 252 95 346 61 126 19 305 203 185 184 316 133 172 120 341 39 117 86 236 137 325 173 196 40 90 185 320 82 237 77 218 37 146 53 439 70 230 184 337 75 281 196 232 37 112 122 236 67 162 132 371 90 237 164 258 107 91 76 297 56 164 144 336 59 203 170 244 50 123 260 286 129 277 184 279 144 132 236 307 24 219 186 297 101 194 172 253 63 170 80 341 53 158 146 182 143 172 18 173 194 152 119 247 55 138 153 238 180 156 205
142 340 148 271 87 295 215 295 92 323 114 135 104 272 158 161 344 229 163 193 150 289 130 63 129 357 197 223 79 267 211 395 131 305 200 201 64 277 142 365 173 300 275 308 36 300 152 266 136 256 225 365 101 156 219 240 106 257 257 306 127 193 261 424 40 250 172 267 52 463 221 303 39 360 209 355 79 269 212 220 36 165 99 107 194 171 276 273 59 212 131 120 42 389 251 345 84 247 156 312 166 229 125 206 264 149 332 268 122 318 373 306 137 377 77 233 112 203 207 235 158 285 265 157 115 321 197 186 40 237 78 169 71 276 182 319 124 318 95 188 141 271 182 378 77 157 268 348 89 233 129 287 75 368 151 280 46 243 268 243 96 208 265 199 177 360 128 135 95 264 161 234 70 218 250 251 163 225 239 323 173 253 95 164 166 367 164 161 71 146 316 279 27 292 208 139 101 263 180 156 150 402 82 272 127 335 138 130 98 339 258 286 31 245 164 272 0 299 185 287 123 263 161 229 105 294 354 273 202 304 196 261 77 254 239 150 116 354 273 318 25 288 279 212 233 100 296 336 80 233 288 326 157 323 241 133 157 143 103 308 154 165 226 245 90 363 304 253 185 360 216 388 118 264 264 198 130 208 328 138 91 395 193 319 121 355 62 171 94 280 293 218 180 234 148 284 22 163 176 243 131 459 200 206 169 154 212 209 119 276 161 265 98 219 218 224 64 363 218 89 132 271 148 176 163 370 68 348 161 117 152 204 113 340 233 336 117 199 209 203 39 311 254 318 268 198 302 178 134 350 238 273 11 259 196 198 102 245 158 271 213 204 148 166 110 230 138 351 180 323 242 211 109 277 282 119 176 162 309 298 106 176 339 256 26 190 267 185 140 191 260 178 83 242 193 263 92 437 224 193 51 331 238 156 118 246 155 215 60 199 142 202 79 233 207 162 49 254 139 336 118 300 129 231 239 288 68 312 65 233 53 80 85 282 232 382 45 304 207 290 117 203 318 161 96 357 248 196 25 306 325 130 63 216 193 106 28 267 308 150 25 211 55 159 29 257 308 468 150 280 71 86 33 238 78 406 222 325 377 193 216 223 149 302 101 148 146 260 149 385 232 153 61 223 262 168 123 446 156 210
321 55 223 70 387 80 338 63 286 67 223 189 316 94 291 143 604 70 213 132 280 18 195 289 341 122 216 79 276 122 219 121 406 10 446 138 353 192 171 70 378 229 419 9 327 45 229 136 383 109 376 362 207 175 243 163 254 136 355 82 234 136 241 158 304 93 200 54 250 173 191 274 270 109 207 87 252 35 216 199 334 137 201 231 265 129 309 135 357 147 281 268 283 157 324 85 358 75 325 26 459 71 288 93 420 199 281 48 309 129 292 28 425 80 278 274 411 176 418 124 431 32 245 150 344 223 268 138 320 109 244 261 230 170 351 101 396 168 382 115 176 63 340 89 374 178 286 148 313 70 305 13 292 74 209 34 346 61 268 269 344 93 186 104 360 108 291 164 234 40 155 152 252 108 310 86 191 82 323 42 443 68 280 161 384 113 352 139 245 155 332 82 325 120 203 167 249 65 357 160 417 215 258 161 363 90 350 175 383 139 192 30 270 74 310 123 299 0 297 16 328 154 297 124 347 108 349 165 286 29 312 68 374 257 76 202 191 136 289 102 311 93 429 96 349 219 282 59 332 85 294 81 382 254 351 168 442 205 253 112 381 264 334 97 387 116 488 113 377 155 189 222 386 36 271 104 209 91 414 164 389 97 412 170 257 145 362 179 390 193 265 170 362 164 164 198 316 140 249 121 363 181 415 95 332 224 235 201 323 255 331 48 248 83 289 82 314 116 280 216 406 47 359 150 462 216 339 66 162 296 207 147 408 73 204 308 400 152 355 176 337 128 455 234 202 242 316 123 253 118 253 164 296 150 244 108 369 58 268 53 457 210 303 156 271 127 291 138 399 129 345 91 366 180 342 222 388 139 191 221 405 248 394 45 278 125 285 349 231 121 363 147 382 81 226 107 361 141 294 131 350 32 286 155 397 153 176 191 286 102 395 116 241 126 191 152 348 56 319 181 293 101 203 160 510 193 283 64 356 81 328 243 293 160 226 121 278 187 268 16 414 106 358 143 245 211 209 141 323 82 287 179 357 152 303 196 275 74 245 343 320 236 325 153 293 55 255 170 383 146 272 226 330 63 226 112 356 99 286 139 430 151 240 24 240 152 256 111 156 89 265 173 299 114 257 134 314 249 242 137
320 310 82 235 224 245 43 255 92 280 106 129 91 218 26 178 324 244 86 167 36 280 126 239 90 285 84 226 107 196 87 339 305 297 175 159 239 157 150 339 99 158 125 302 217 270 74 186 136 199 79 182 213 131 72 149 88 180 78 254 270 163 110 355 148 208 98 244 160 468 116 138 200 297 97 306 232 262 91 109 190 220 173 106 37 217 95 192 198 152 54 68 216 304 67 294 156 223 49 294 247 248 60 227 124 106 168 294 69 236 211 318 212 354 108 62 233 123 132 178 192 268 112 229 105 185 35 162 160 191 225 323 187 171 60 254 169 213 184 236 143 240 47 342 205 127 94 258 105 259 61 285 110 370 95 298 204 240 102 75 125 241 151 208 74 298 57 193 115 280 156 154 127 189 66 302 110 218 55 297 197 230 89 145 111 304 73 214 134 210 134 231 200 217 100 221 97 235 68 152 176 286 109 173 117 279 92 216 270 252 140 270 189 223 30 199 185 297 0 281 83 171 25 304 120 226 173 171 24 284 16 232 205 94 221 273 151 272 98 253 210 231 135 257 60 128 127 301 128 213 112 274 116 170 65 205 219 104 91 237 116 36 47 203 247 297 191 194 90 267 116 264 160 266 96 207 109 231 151 208 239 386 131 213 278 267 209 279 253 159 131 132 74 145 154 160 178 226 48 183 113 394 131 219 46 78 74 102 82 117 52 249 100 223 38 261 130 297 43 149 178 252 93 152 278 245 150 362 145 69 97 150 216 297 113 163 287 145 58 123 191 230 161 174 142 60 121 224 64 279 81 172 194 171 58 199 151 243 36 247 183 92 41 149 274 307 47 267 122 385 63 216 293 165 97 253 110 216 189 160 244 49 156 272 193 255 93 57 78 183 83 155 217 216 73 204 151 402 43 266 200 319 61 161 181 160 131 113 125 236 147 265 128 175 111 243 212 241 60 224 68 236 116 146 251 167 117 342 239 217 153 124 101 183 95 319 141 186 43 298 228 198 133 224 246 232 120 157 202 254 157 152 234 148 9 161 165 230 157 73 180 72 148 239 210 285 152 435 122 190 116 136 188 242 151 371 61 262 219 160 142 151 65 313 104 187 53 199 221 382 67 136 126 183 102 221 72 325 60 292
315 58 207 55 374 68 321 51 271 62 208 174 301 80 275 129 588 59 197 117 264 4 180 279 326 117 200 65 261 107 203 124 396 18 430 122 342 178 156 78 362 214 402 22 315 36 213 121 368 94 360 347 197 160 227 147 239 120 339 72 227 120 226 160 290 77 184 38 237 189 175 259 258 106 191 87 242 20 200 183 321 127 188 216 248 118 293 121 344 130 266 252 273 153 307 83 344 58 309 27 446 60 272 81 404 184 267 49 294 118 280 42 411 90 264 258 398 160 402 108 417 17 229 141 329 209 252 123 307 93 235 257 218 155 335 92 381 156 368 106 161 48 323 96 361 162 270 139 299 62 289 7 277 90 193 38 333 46 253 252 330 83 171 90 344 105 275 153 219 36 140 136 238 92 294 87 175 67 307 43 428 52 265 145 368 110 337 129 231 144 316 68 313 107 187 158 234 49 341 145 403 208 244 147 348 85 335 165 372 130 176 16 259 58 294 108 287 16 281 0 313 139 281 124 333 96 334 150 270 24 296 52 362 241 60 196 177 129 273 93 299 80 413 89 333 204 267 60 317 68 279 74 367 240 334 157 428 189 238 101 365 248 318 81 376 113 472 98 361 147 173 213 372 24 255 90 193 80 398 153 377 111 396 157 250 137 349 174 379 179 249 154 346 148 149 183 304 131 233 105 347 185 399 81 316 208 218 185 307 240 315 32 233 69 273 76 300 113 264 203 392 31 343 135 449 206 325 82 147 280 191 131 395 72 188 294 390 136 339 159 324 117 439 221 187 226 301 113 237 112 237 150 284 135 227 93 354 43 252 38 442 193 287 141 263 127 275 131 383 139 328 77 357 166 326 214 373 128 178 207 393 232 379 38 267 118 270 333 215 106 347 132 370 65 210 92 347 151 278 126 338 44 270 140 383 137 160 175 272 92 380 111 227 110 175 144 336 40 303 170 277 89 188 144 495 178 268 76 345 65 314 229 278 146 210 121 264 173 252 24 401 91 343 133 236 200 193 125 311 72 272 164 346 135 287 183 262 59 231 327 308 220 311 145 282 53 241 181 368 132 257 212 318 49 213 120 340 91 274 123 414 135 224 37 225 139 240 95 146 104 249 157 285 98 242 123 298 243 226 135
264 353 110 277 143 293 99 300 48 327 106 140 19 266 62 190 275 264 124 197 64 313 134 185 13 343 143 250 64 250 153 393 229 331 117 196 166 228 160 382 57 236 152 335 148 312 106 242 59 247 103 262 187 153 146 207 75 235 141 303 235 195 189 414 83 250 138 281 120 502 177 220 150 352 158 356 190 293 156 171 116 220 156 100 111 221 177 249 120 196 51 61 162 367 144 345 74 259 39 331 165 267 43 244 141 130 251 313 20 296 294 344 130 396 63 145 150 172 98 224 115 304 191 222 23 262 111 191 88 233 184 284 154 237 59 309 88 281 101 242 154 280 62 389 124 151 177 322 33 276 28 315 54 403 123 321 129 268 184 157 42 253 218 228 55 353 41 188 100 303 174 208 94 223 147 310 141 246 131 338 123 266 52 168 58 359 41 215 103 205 215 277 130 274 159 209 81 273 57 169 99 359 79 236 39 331 23 202 194 315 209 306 138 258 54 254 123 328 83 313 0 231 60 302 37 280 253 235 107 322 87 271 124 174 254 247 147 334 181 307 145 281 157 265 116 117 210 346 49 246 195 324 54 251 124 196 139 124 77 293 52 87 112 245 168 354 189 242 65 333 174 339 78 294 179 227 120 247 209 199 158 423 87 281 236 331 131 261 174 230 213 186 58 201 166 232 109 223 106 231 36 453 92 238 50 111 145 161 6 198 41 283 84 247 121 273 59 354 126 131 97 288 32 179 195 320 71 389 166 33 125 191 133 345 180 246 210 185 88 173 117 290 142 252 214 128 203 229 79 337 160 236 133 230 125 221 68 271 78 284 129 152 43 172 227 305 47 329 73 393 127 239 223 232 172 221 64 216 260 237 162 107 224 294 139 255 176 63 100 207 142 181 136 252 134 253 68 450 126 262 123 355 145 175 98 217 153 172 70 247 72 266 101 221 166 234 137 274 23 295 36 289 126 201 186 238 66 362 165 249 78 98 46 247 168 375 89 257 122 325 144 222 209 221 206 307 191 192 133 303 240 155 159 195 88 150 113 272 237 27 109 143 74 230 151 303 233 483 55 250 73 116 115 267 126 418 102 316 302 192 108 201 96 340 91 190 82 249 214 417 148 156 63 222 183 222 16 400 98 286
350 148 126 85 338 82 204 97 203 115 151 128 226 60 176 127 495 135 109 84 169 136 133 286 243 114 89 117 203 32 83 169 392 150 342 71 327 39 127 177 267 77 279 156 298 115 126 18 290 46 244 209 214 108 102 24 171 20 211 88 269 81 89 185 247 65 96 102 213 310 55 120 251 127 75 137 258 126 80 62 288 166 181 159 134 157 157 22 307 54 180 174 270 136 178 126 286 89 212 141 390 142 188 135 284 115 131 174 211 66 151 181 354 191 205 129 357 62 302 44 346 123 91 184 252 80 137 90 264 58 248 316 214 19 231 85 315 55 315 164 126 91 218 175 321 106 134 91 231 153 203 145 218 219 116 171 303 117 116 121 262 151 32 119 244 128 190 165 170 157 112 30 194 77 164 201 101 105 180 138 354 92 197 103 277 133 240 163 192 172 177 73 288 47 72 191 172 92 238 115 330 139 189 11 270 110 249 193 360 84 38 124 245 91 193 33 263 154 171 139 231 0 181 224 261 57 195 14 152 132 182 89 322 106 94 250 153 103 136 83 284 67 291 170 211 163 128 138 256 89 141 107 279 105 211 178 366 121 173 66 278 147 197 64 351 126 355 43 260 102 57 127 305 137 119 119 134 139 263 177 348 226 300 56 288 100 316 240 356 41 110 46 244 30 124 45 271 174 128 40 267 224 301 125 215 122 97 70 227 101 217 110 173 117 150 165 244 126 141 177 325 109 254 93 408 110 272 218 106 200 115 62 347 130 59 156 379 65 226 61 291 59 330 87 48 111 162 159 154 108 106 13 266 6 113 109 290 120 154 102 351 80 193 103 294 228 185 98 290 273 203 116 362 28 191 251 278 164 54 70 360 127 241 151 253 188 134 227 135 100 219 93 332 84 99 47 286 233 154 200 304 165 140 120 322 17 108 59 221 154 303 190 185 45 65 196 309 109 213 74 197 68 134 33 415 43 214 214 328 96 265 184 214 20 80 149 223 48 132 162 356 103 205 174 261 98 58 74 288 88 134 140 326 48 174 167 235 80 94 235 274 99 261 194 273 170 103 266 283 20 204 177 285 125 187 203 223 92 149 80 313 40 136 176 167 147 149 44 182 227 120 112 231 65 105 164 215 183 133 223
298 315 76 239 199 251 58 260 69 286 92 120 66 224 6 171 314 240 84 165 19 280 115 217 68 295 92 223 84 204 99 348 280 298 161 160 215 172 141 344 85 177 135 303 192 274 69 195 115 205 85 207 196 126 88 158 69 188 98 260 252 162 130 366 124 211 98 246 139 470 126 161 178 306 106 313 212 262 102 119 165 210 158 91 53 208 120 201 173 155 32 48 194 317 91 302 132 224 31 296 225 244 36 222 130 100 191 290 45 247 234 317 189 358 85 85 209 127 123 182 172 270 132 217 82 203 52 160 135 194 205 304 168 184 53 263 147 227 160 228 134 243 42 348 180 122 118 271 80 254 36 285 86 372 90 296 179 239 124 98 101 234 164 204 64 307 33 181 98 278 150 162 107 189 91 295 107 217 79 301 178 231 66 140 96 313 59 204 114 198 159 236 175 226 109 208 78 237 60 145 156 303 89 185 96 287 71 202 245 264 154 272 166 224 13 207 161 297 25 281 60 181 0 294 96 234 197 183 47 287 35 234 181 115 221 256 138 284 122 261 186 238 143 249 76 112 150 307 103 213 137 281 99 191 83 192 197 96 73 246 98 35 66 206 222 307 194 200 81 281 124 282 138 265 119 203 99 226 171 195 214 389 119 227 258 280 184 265 228 175 154 139 65 153 146 176 153 215 53 188 91 405 120 215 35 74 89 111 58 139 36 250 82 220 62 255 105 307 66 133 156 253 74 149 254 263 125 361 139 44 92 152 192 303 126 187 262 147 64 128 166 241 158 194 158 72 146 216 50 289 101 184 170 181 70 195 128 242 29 249 170 101 16 145 253 297 23 279 108 379 83 213 268 179 121 235 97 206 205 179 219 54 179 269 170 245 117 52 70 180 102 152 193 217 82 210 127 409 68 255 175 321 86 154 158 169 125 122 101 229 127 256 108 180 118 230 187 242 37 240 43 244 106 154 235 182 94 339 214 217 128 104 76 195 111 329 118 202 62 297 204 195 157 213 226 250 135 157 178 261 181 141 209 153 32 147 142 233 178 55 155 86 123 227 187 281 174 442 104 201 93 119 163 240 133 377 71 270 242 159 134 157 58 312 86 177 43 206 209 384 89 130 102 185 123 211 47 343 56 281
208 179 222 157 313 182 347 168 254 186 202 175 285 179 288 126 566 90 221 153 275 128 178 196 314 239 242 107 239 200 252 246 309 134 412 167 268 261 154 190 358 299 428 133 246 158 230 210 345 181 379 423 128 174 275 218 231 205 377 189 126 158 293 282 249 162 213 139 192 247 233 335 192 229 240 210 160 119 249 238 265 84 147 206 281 86 350 214 287 185 268 250 199 276 351 207 305 139 313 149 395 83 270 89 424 198 352 76 287 230 375 111 365 197 241 306 339 208 399 180 382 136 297 80 310 304 286 153 261 166 156 141 161 243 343 210 346 260 323 68 161 152 335 212 305 178 330 257 277 73 286 118 253 165 210 91 273 111 316 306 302 73 250 108 348 229 274 114 203 88 150 205 210 148 341 39 197 119 346 165 396 139 251 162 359 234 337 90 201 97 383 173 251 211 236 94 223 145 346 153 371 326 223 234 329 208 324 102 292 247 252 136 198 137 305 203 229 124 304 124 302 224 294 0 308 203 409 237 302 148 320 147 305 301 132 93 157 250 334 210 231 188 437 54 363 186 339 183 287 135 344 197 354 328 367 106 385 200 228 213 352 268 349 162 305 236 485 183 363 266 228 327 338 105 316 109 195 86 446 103 311 198 389 262 148 257 289 66 306 263 324 212 350 216 150 268 250 79 260 183 330 304 394 100 324 227 265 235 296 310 320 131 220 106 312 60 267 236 305 172 356 136 334 160 386 316 286 140 162 274 208 180 342 195 249 373 307 182 358 208 267 227 443 311 265 265 366 80 243 234 292 237 222 218 265 119 320 110 268 142 425 240 293 158 164 4 279 250 375 94 363 108 266 251 377 121 366 88 275 293 328 259 437 88 204 48 329 343 225 134 384 158 310 142 249 184 311 256 318 40 279 153 317 143 343 213 174 229 240 73 355 39 201 180 225 69 272 125 301 278 272 200 188 210 464 266 241 97 272 129 272 204 258 238 267 244 226 269 290 109 344 124 402 82 147 308 261 166 247 189 353 153 275 193 312 152 213 158 315 324 254 266 271 73 213 71 323 280 352 225 231 186 261 102 177 230 363 210 372 161 410 197 239 110 213 117 252 185 88 183 299 169 253 160 305 83 291 364 244 20
245 376 137 301 108 319 133 324 62 352 125 159 35 292 98 206 259 281 152 219 98 333 152 168 33 372 175 269 72 278 186 420 197 350 104 220 138 261 177 404 69 271 175 355 124 335 135 271 37 273 130 297 186 175 181 237 95 264 174 329 227 217 225 442 67 274 166 303 118 520 208 257 138 380 190 382 180 313 189 203 89 230 162 117 147 232 213 279 88 222 83 88 147 397 180 371 39 281 74 353 131 283 74 259 163 155 287 327 53 326 330 361 94 418 70 181 114 201 103 250 86 325 227 229 15 296 147 212 65 258 176 273 152 269 89 336 54 313 65 253 172 303 94 413 90 174 214 353 34 290 62 334 57 421 149 337 99 287 220 194 9 267 251 245 79 381 73 197 114 319 193 236 100 246 183 321 167 265 166 361 96 288 68 189 61 387 67 225 108 213 251 303 106 302 191 214 99 296 84 187 71 392 89 267 23 358 38 206 163 345 241 327 127 280 91 282 105 347 120 333 37 261 96 308 0 308 289 267 143 344 123 293 90 210 275 244 159 364 218 335 124 307 179 277 149 130 246 370 25 267 232 350 52 287 157 203 105 148 95 321 50 122 146 269 135 381 199 269 83 363 205 373 44 312 215 244 141 262 239 206 124 443 88 313 224 361 99 261 141 263 250 216 83 231 183 265 87 232 140 257 26 481 95 254 84 140 179 193 38 234 75 304 100 264 158 286 44 382 162 138 64 309 46 200 158 354 41 406 187 62 151 217 96 370 213 283 178 211 119 202 89 319 149 288 247 163 240 240 108 365 196 267 116 260 160 239 31 290 112 306 117 184 80 192 214 311 81 359 75 401 161 256 195 265 208 215 71 226 294 272 127 140 257 311 126 263 213 93 127 227 175 203 102 274 167 280 32 474 162 269 93 375 181 193 63 247 174 203 68 259 48 275 109 247 197 239 107 294 60 327 65 316 145 230 163 271 68 376 136 269 53 107 54 278 202 403 84 290 158 343 108 242 243 229 196 341 225 216 109 329 277 170 129 223 125 159 104 296 273 56 86 177 50 236 134 317 270 507 46 281 78 125 89 285 131 442 133 343 338 215 111 229 125 357 108 202 113 275 220 436 184 176 56 246 219 232 50 434 129 291
361 92 171 46 375 29 260 45 247 58 189 160 273 26 229 139 548 114 156 101 220 92 166 306 292 64 143 101 244 30 139 114 418 102 394 93 356 89 152 120 320 123 337 107 327 64 174 41 339 37 301 256 227 140 160 77 214 46 268 31 274 100 145 135 284 48 142 65 242 254 110 170 275 72 129 80 274 89 136 117 323 166 202 197 190 156 213 35 343 86 229 220 293 95 235 69 329 65 265 90 434 120 237 124 341 155 174 140 260 28 184 136 397 134 246 187 396 108 357 59 393 78 147 184 300 115 192 108 301 58 264 316 236 67 285 29 361 60 357 156 152 52 273 118 359 139 190 59 276 130 253 102 259 165 159 132 337 92 171 178 307 137 87 115 298 73 239 176 206 123 133 73 230 79 221 173 142 91 237 84 403 64 241 130 329 79 293 165 226 177 230 30 320 12 126 196 213 58 293 138 378 126 228 60 318 53 300 200 389 48 95 79 271 68 247 27 294 108 226 96 280 57 234 203 308 0 243 63 209 82 238 56 359 162 74 250 178 61 192 27 312 16 348 153 268 196 180 81 299 75 195 50 330 147 268 187 411 161 215 14 329 199 254 52 384 74 412 41 315 70 110 124 351 102 175 115 172 126 319 185 382 170 353 62 296 63 351 235 388 90 162 95 299 81 146 93 305 173 181 51 316 173 355 116 269 169 153 124 275 156 270 74 213 104 208 144 285 74 198 205 371 70 305 117 447 114 313 168 132 248 157 92 387 73 116 202 408 98 282 107 326 24 386 127 102 166 216 155 201 58 163 63 294 56 168 108 335 93 206 63 404 134 245 128 305 207 235 58 342 235 261 106 385 77 248 258 331 165 83 115 396 180 295 119 280 178 190 282 181 107 277 116 369 65 153 30 330 176 211 189 339 113 198 139 367 66 140 113 260 143 352 176 219 62 116 194 342 78 264 76 245 10 170 80 466 87 254 171 358 80 305 219 257 55 138 95 259 79 188 119 396 102 259 174 273 106 115 98 319 32 181 164 357 85 230 190 266 45 139 287 309 156 301 193 299 139 150 210 333 42 243 208 320 101 216 146 279 36 178 101 368 79 184 132 206 158 199 34 185 172 177 141 271 72 161 163 264 167 183 208
481 333 219 280 396 272 159 288 263 299 254 259 264 254 198 291 428 326 209 257 205 331 259 403 257 272 177 306 275 227 164 328 478 344 313 242 411 157 273 359 246 121 178 349 388 307 212 213 297 242 182 13 358 248 145 193 249 215 125 274 418 252 117 325 320 260 209 297 320 492 177 76 363 291 173 311 389 321 165 172 362 337 317 259 161 330 78 213 371 224 224 234 381 269 110 302 327 283 215 333 408 332 231 320 193 232 71 369 242 233 89 376 376 371 277 122 403 203 258 234 348 317 113 351 274 133 158 257 332 249 380 471 341 179 208 262 334 192 354 344 267 286 198 350 377 244 88 235 277 344 233 340 281 408 223 366 376 311 96 115 295 336 164 301 222 293 229 321 271 352 267 206 289 263 107 392 226 295 123 327 349 287 259 255 261 295 229 332 293 335 39 267 371 231 178 351 257 287 215 267 333 215 273 188 282 286 256 349 442 235 160 318 353 285 199 226 354 349 173 334 253 195 197 409 289 243 0 184 152 325 166 284 377 112 287 411 288 253 83 260 379 257 188 355 148 277 71 322 300 281 70 288 270 98 140 336 379 235 253 245 271 189 145 258 420 286 252 238 231 237 183 190 325 332 97 301 247 324 113 336 411 410 266 190 430 243 381 409 426 155 86 197 220 195 274 151 349 344 181 233 276 362 262 310 206 211 154 178 254 100 215 305 260 306 137 353 302 287 136 299 340 304 253 253 445 177 322 411 256 241 224 229 385 310 160 41 460 228 180 203 363 230 257 118 148 162 53 335 221 269 125 185 362 200 165 290 320 314 196 297 315 175 213 258 431 414 219 248 264 468 134 302 463 169 85 399 255 333 162 128 415 182 75 345 358 367 89 203 222 276 129 255 389 278 175 242 321 398 131 379 372 356 116 276 347 200 248 181 295 337 306 373 286 233 187 366 384 303 230 188 240 253 253 200 386 156 287 409 411 288 326 283 272 189 145 306 309 166 147 357 397 286 55 343 399 171 149 243 373 274 63 281 406 216 166 302 332 276 104 236 351 154 321 363 377 364 94 428 278 203 283 289 360 318 304 374 167 268 102 249 265 213 210 371 260 308 209 239 346 413 125 254 298 252 106 336 244 237 203 405
363 155 132 96 347 90 202 106 210 122 160 139 231 71 178 140 495 149 116 98 172 147 144 298 247 114 93 130 210 43 84 170 402 160 344 84 336 27 139 183 268 65 275 166 308 124 132 29 294 59 242 197 227 119 101 33 179 33 206 95 282 95 81 184 255 78 103 114 223 317 58 109 262 129 78 141 270 138 81 64 297 180 193 168 134 171 150 30 316 66 184 179 281 133 173 130 293 102 214 150 396 155 193 149 281 124 118 187 215 66 138 192 360 197 213 126 365 70 303 58 350 133 84 197 256 67 136 103 272 71 260 329 226 6 231 88 320 47 322 178 137 102 218 180 329 116 127 88 237 167 207 157 225 228 124 183 312 130 108 116 268 165 23 133 245 130 195 178 179 170 124 41 203 91 159 214 110 118 176 147 358 105 203 115 279 135 242 176 202 185 168 83 298 52 76 204 180 104 239 127 335 130 197 4 274 114 253 206 370 81 33 135 256 104 195 42 273 165 171 150 235 14 183 237 267 63 184 0 151 142 182 101 330 100 107 264 165 101 129 86 294 75 287 183 208 173 118 145 262 103 132 112 282 92 207 192 372 130 180 70 281 149 194 77 360 127 352 56 261 98 62 116 310 149 112 133 143 152 256 190 356 233 301 47 300 96 324 254 365 29 100 55 245 39 136 33 280 188 131 54 271 223 302 139 216 128 97 74 231 93 219 122 181 131 148 178 251 127 139 188 330 121 257 106 416 98 279 228 118 205 123 74 353 136 58 144 389 77 225 70 300 60 329 74 39 112 153 173 159 109 102 1 276 19 114 123 296 133 158 113 353 83 196 115 307 241 189 96 291 286 200 130 373 15 185 264 280 177 40 57 368 130 232 164 263 202 126 228 142 113 215 106 341 97 102 59 292 237 151 214 313 174 136 133 328 29 119 64 229 168 307 204 194 59 70 210 318 121 216 64 202 74 144 42 418 29 222 226 338 109 273 193 220 12 78 150 232 34 131 173 363 117 196 188 274 86 54 87 297 95 122 152 336 59 174 179 245 92 81 238 283 99 269 208 283 183 91 270 286 21 212 187 294 138 198 208 221 96 135 93 313 52 141 187 175 160 154 56 195 235 116 123 239 79 98 178 220 173 138 237
334 295 82 222 246 230 52 241 111 264 112 130 113 203 47 176 345 237 81 159 52 268 127 254 114 266 70 218 123 180 70 321 325 285 198 150 259 136 149 325 122 134 133 291 235 257 74 168 160 184 92 163 220 128 51 132 100 163 74 237 279 155 87 335 167 194 91 232 172 455 100 114 214 279 80 289 244 251 73 92 210 220 180 114 22 216 74 174 220 139 72 83 231 283 53 278 179 211 73 281 271 241 79 222 134 104 144 286 92 217 187 308 236 339 125 38 256 110 152 164 216 256 88 230 129 161 18 155 180 178 236 332 197 151 82 237 193 192 208 234 142 226 69 326 227 124 71 238 126 253 83 274 129 358 93 289 224 231 78 51 148 236 130 202 96 280 77 195 125 272 152 139 140 179 48 297 105 209 45 283 221 218 107 141 135 285 97 214 145 211 114 216 219 199 84 224 108 223 90 149 200 263 123 154 141 262 116 220 290 232 120 258 203 212 54 182 202 286 24 270 107 152 47 302 143 209 152 151 0 271 30 220 227 70 210 278 154 253 75 235 227 215 143 253 63 135 103 286 150 202 89 258 140 146 66 208 243 103 103 219 140 40 49 190 269 278 204 179 112 247 100 240 184 257 72 202 111 226 145 210 260 372 153 192 288 247 230 283 274 137 107 118 96 128 153 138 197 226 42 169 137 375 152 213 70 76 55 86 106 93 76 238 111 216 16 256 150 278 19 157 202 240 117 145 301 221 172 351 141 89 94 139 239 281 94 140 308 134 73 110 211 211 178 150 120 44 100 223 73 260 57 152 210 153 42 192 175 234 45 234 206 77 64 145 286 306 67 247 145 380 61 209 311 144 83 261 133 216 166 137 266 43 144 264 208 255 70 78 81 176 82 148 240 204 60 189 174 385 22 265 221 306 38 159 205 143 128 97 143 233 172 264 139 161 96 244 232 231 83 202 88 219 118 131 274 145 135 334 258 207 174 135 120 163 74 301 157 165 21 288 251 190 117 224 256 209 99 148 221 238 133 153 254 135 23 166 181 216 133 97 199 53 169 241 226 278 128 418 146 171 132 145 208 234 160 354 71 244 195 151 163 137 67 303 113 187 60 184 223 369 43 134 145 172 78 220 94 301 61 292
338 37 214 50 390 53 323 36 281 39 219 185 311 72 280 143 597 79 203 125 270 20 191 299 335 94 201 81 273 100 203 101 416 21 439 127 361 169 169 61 369 204 403 26 333 18 219 114 378 89 362 338 217 169 226 143 249 114 338 54 249 127 220 136 305 77 189 41 253 184 174 250 277 82 191 63 263 36 199 181 338 147 205 227 250 138 289 112 360 132 273 261 292 129 306 59 357 63 315 10 460 82 280 100 405 192 256 73 302 100 265 56 425 75 276 256 414 162 409 107 428 19 223 162 339 196 254 132 322 93 255 281 236 146 340 73 393 140 382 127 173 45 328 75 377 171 265 119 310 84 297 30 289 88 200 60 350 61 247 250 341 104 163 105 350 81 283 171 232 60 151 134 252 99 292 111 182 80 306 20 440 56 275 155 376 87 343 148 245 163 309 59 330 94 187 178 245 49 346 157 414 187 256 138 358 62 344 186 391 111 170 18 276 64 300 100 304 29 284 24 322 132 287 148 344 82 325 142 271 0 298 52 377 236 68 219 192 108 268 74 317 68 414 112 334 217 260 36 330 76 273 52 375 229 335 176 442 198 248 84 374 252 319 81 393 89 475 94 367 126 172 193 384 46 250 106 203 99 394 172 395 102 403 142 272 116 366 198 396 170 241 154 352 145 162 173 320 152 237 103 357 163 406 99 322 214 218 185 317 233 321 39 244 85 273 99 312 89 264 218 404 34 351 144 466 187 339 87 157 289 198 135 410 48 185 284 409 140 342 161 341 100 444 209 180 227 294 133 244 90 234 141 302 128 229 107 367 59 257 38 451 194 294 151 285 151 282 109 391 157 328 93 378 156 322 236 380 148 165 196 410 235 373 62 284 141 265 338 222 117 346 141 386 70 212 86 360 133 278 149 354 35 268 153 396 133 170 174 285 113 390 134 240 110 175 166 353 50 310 153 286 73 198 142 506 168 281 92 363 74 328 242 289 135 207 97 279 161 252 43 416 103 336 154 257 183 188 131 328 54 262 178 364 136 290 198 279 55 221 335 324 220 325 167 301 77 231 165 377 121 270 226 334 67 228 102 342 70 258 130 420 134 230 52 236 156 246 90 166 98 247 167 298 101 236 143 307 221 231 159
332 323 98 249 229 258 27 269 103 293 122 145 98 232 39 194 314 259 102 182 50 294 142 252 92 296 97 241 119 209 99 351 313 312 169 174 248 166 166 353 93 163 109 317 227 284 90 198 135 212 64 175 228 147 81 162 102 193 64 266 285 178 116 365 158 222 113 259 173 482 129 139 213 309 109 318 246 277 102 121 198 236 189 121 49 233 90 204 205 166 66 82 229 314 57 307 161 237 49 308 247 264 71 243 108 122 169 309 77 247 212 333 213 367 120 65 237 137 122 191 190 283 117 245 108 190 46 178 169 205 239 338 202 181 52 266 170 222 188 253 159 254 39 355 211 143 93 268 112 275 69 300 120 385 111 313 212 255 104 79 129 257 160 224 67 310 68 209 130 296 172 167 141 204 60 318 126 233 44 311 194 244 101 161 106 315 69 230 148 226 128 245 210 229 113 237 111 249 61 168 174 292 123 184 118 291 92 232 278 262 150 285 201 238 33 212 196 312 16 296 87 182 35 320 123 238 166 182 30 298 0 246 211 98 236 288 167 283 97 265 220 244 119 273 44 143 126 315 134 228 110 287 112 173 49 221 218 120 106 248 112 52 32 217 254 308 177 207 82 277 128 270 161 282 98 223 125 247 137 223 245 400 123 222 292 277 216 295 260 168 133 146 67 157 170 168 187 242 63 197 113 405 122 235 43 94 85 115 87 120 50 264 115 239 39 277 138 308 47 164 178 266 91 167 280 251 157 377 161 79 113 165 219 310 124 160 295 160 44 137 199 241 148 178 151 72 116 240 79 290 87 182 205 183 70 214 154 259 52 261 176 105 49 165 288 323 58 278 115 401 48 232 302 174 87 268 104 232 197 166 249 64 144 287 205 272 92 48 94 199 68 170 223 231 87 217 155 414 41 282 208 333 62 177 183 173 147 126 136 252 146 281 142 189 124 259 220 256 64 233 78 248 132 159 244 175 129 358 247 232 161 138 111 193 104 331 153 195 51 313 231 213 123 240 260 239 130 172 212 267 157 168 242 162 8 177 177 244 161 72 189 83 156 255 222 301 155 448 119 201 128 151 197 258 166 384 45 274 220 175 132 165 81 328 119 203 69 213 237 397 72 152 136 198 106 237 78 331 76 308
312 83 162 12 346 39 271 34 231 62 169 136 260 33 228 100 545 59 150 74 218 49 142 264 284 103 150 47 224 58 152 134 380 66 388 75 321 128 121 111 317 165 352 71 293 41 167 72 328 42 310 297 183 119 176 95 199 70 287 49 225 76 174 165 258 26 136 14 210 236 123 208 238 101 140 94 230 37 149 131 294 117 164 177 198 106 241 72 315 80 222 209 254 140 256 84 309 14 263 62 413 64 229 71 354 140 219 87 251 84 235 93 377 125 227 207 369 110 357 57 379 37 178 134 288 163 202 81 275 42 221 263 197 106 288 68 344 114 335 103 124 10 276 120 332 120 218 112 260 74 245 57 240 139 148 82 307 36 201 201 291 83 120 67 298 101 231 133 183 69 103 84 204 48 243 118 130 40 255 67 390 9 225 105 324 108 291 116 199 130 265 27 288 65 136 148 195 3 294 109 364 181 207 97 307 76 292 154 353 102 125 38 236 16 248 60 261 68 232 52 271 89 234 147 293 56 284 101 220 52 246 0 332 189 23 198 146 109 222 67 277 41 363 98 282 169 216 77 281 28 227 66 324 192 284 142 393 146 198 67 322 200 268 30 352 106 423 46 315 122 121 180 335 49 203 67 153 72 346 138 352 154 351 116 247 113 322 181 355 129 199 103 300 96 115 134 275 123 184 54 306 198 354 65 269 162 167 134 265 189 269 21 194 51 222 88 264 106 213 173 355 21 300 93 421 170 291 133 107 238 146 82 363 79 136 244 371 88 290 109 296 80 392 173 136 176 249 104 193 97 185 100 260 84 177 64 318 37 205 15 399 143 242 102 258 151 230 108 339 185 277 56 344 116 274 209 328 116 132 158 366 183 327 65 244 123 218 285 171 70 296 91 341 19 160 42 311 181 227 134 310 87 218 106 348 86 119 124 237 89 340 121 193 59 124 142 310 22 259 131 235 54 149 92 455 129 233 125 323 30 281 194 240 98 158 122 232 127 201 73 370 59 291 125 227 162 141 79 286 49 223 132 323 85 238 155 235 11 182 283 279 169 278 142 262 84 191 213 325 84 222 180 290 45 184 149 290 71 230 78 368 83 178 88 186 116 194 45 136 150 197 118 250 49 190 113 256 221 179 152
182 413 198 341 18 364 223 365 123 394 171 200 114 339 181 234 277 304 214 261 177 363 193 122 123 423 244 297 119 331 257 465 109 379 149 266 61 329 211 439 153 346 261 383 65 372 199 328 101 322 219 386 178 219 258 298 151 319 264 375 196 260 302 492 75 318 226 339 124 540 274 339 113 428 258 425 150 343 259 270 41 241 174 163 227 247 300 335 18 274 159 156 109 453 268 415 51 318 163 385 90 304 150 281 247 207 369 344 136 381 412 382 64 451 117 264 37 260 176 300 96 358 305 234 105 370 228 253 58 304 151 230 148 333 178 386 70 376 34 265 209 342 184 451 1 220 298 411 102 309 145 361 106 444 205 356 34 316 302 276 83 284 318 272 168 429 151 211 153 340 230 294 129 287 271 328 220 298 255 396 110 325 129 230 141 435 157 237 134 223 339 347 55 356 258 216 150 334 173 224 94 459 133 330 105 404 127 207 76 402 309 360 108 317 178 336 77 374 205 362 124 322 181 305 90 359 377 330 227 377 211 332 0 290 311 223 186 419 302 385 76 355 263 289 239 164 329 408 77 304 317 395 130 365 247 210 85 200 150 373 128 199 236 313 45 431 271 319 169 422 269 442 71 338 297 271 188 284 328 214 34 471 160 377 185 418 19 246 51 332 331 275 171 291 217 335 58 240 214 308 110 528 167 280 174 203 254 259 124 314 164 338 149 293 243 301 80 431 246 160 74 344 134 243 89 424 55 425 228 139 207 267 37 411 282 368 89 262 209 260 38 375 219 363 318 238 327 254 175 417 275 330 83 319 235 271 65 319 190 343 162 253 164 233 170 307 161 415 150 399 251 285 115 331 297 191 151 238 362 345 39 214 347 332 101 267 297 183 188 262 265 245 12 313 238 329 59 511 248 270 26 405 266 226 58 305 219 268 101 276 100 279 140 297 260 239 37 327 147 393 141 366 190 289 171 340 108 389 57 304 57 140 113 340 276 451 100 358 239 366 40 274 333 237 166 411 296 261 59 375 359 200 50 277 211 179 99 337 351 146 54 252 62 236 94 334 349 542 121 340 117 152 44 312 149 479 223 392 418 259 181 284 192 378 155 223 184 325 226 461 266 218 91 290 299 244 134 502 198 286
374 254 110 188 309 188 111 202 168 220 146 148 178 165 112 180 409 222 99 148 113 238 149 297 182 211 66 202 177 137 52 268 382 254 266 135 315 77 161 282 190 66 178 259 289 220 104 124 229 148 150 124 247 136 35 94 147 122 108 193 307 144 20 277 224 163 98 203 214 416 70 49 258 227 62 241 280 225 53 63 268 226 206 152 64 219 52 127 281 118 132 137 276 223 74 230 245 185 142 246 339 228 140 213 185 121 79 268 157 164 121 282 304 296 179 33 321 93 219 134 285 225 19 240 197 93 63 148 239 150 271 359 232 97 150 188 262 131 273 234 156 193 137 279 290 132 29 179 189 240 148 246 187 324 113 268 283 210 16 20 214 229 76 194 165 228 140 210 164 252 156 105 185 159 60 288 114 192 79 244 291 190 163 144 204 233 166 221 188 223 81 178 274 151 67 240 153 192 159 155 269 195 171 103 210 213 185 238 347 175 67 226 248 186 123 138 254 257 94 241 174 106 115 301 210 162 112 100 70 236 98 189 290 0 187 299 177 195 33 186 278 172 189 248 113 168 44 244 214 180 43 212 209 76 111 224 312 124 151 169 209 92 100 160 329 225 255 143 180 186 74 172 252 234 15 193 137 217 158 225 322 332 220 131 320 189 291 297 335 77 40 91 164 93 162 76 253 233 78 135 206 317 219 203 139 103 44 67 172 24 145 209 156 201 59 247 211 225 51 189 270 210 186 142 368 154 235 322 145 152 113 122 306 235 54 84 366 119 135 93 270 158 238 81 62 55 65 225 120 206 16 100 260 109 58 183 242 213 101 203 273 64 131 147 321 305 130 190 213 367 103 196 363 88 86 288 202 222 103 69 330 78 139 245 254 257 29 146 116 168 116 145 302 179 64 151 241 336 58 269 280 270 40 165 273 104 136 72 198 228 241 264 180 132 77 255 290 205 152 139 150 173 142 98 342 84 189 313 315 186 235 177 179 110 34 247 209 102 52 262 317 179 103 232 289 142 48 135 275 194 71 170 311 111 92 191 229 183 64 167 255 44 230 252 274 262 59 368 216 121 184 181 265 215 196 307 128 195 128 140 228 109 105 277 155 196 108 147 235 332 26 142 203 149 9 226 161 233 98 295
290 102 147 34 325 61 262 56 213 84 151 117 243 49 215 78 529 42 137 57 204 59 123 241 267 126 141 26 205 68 145 157 357 77 371 62 298 133 101 129 302 171 343 82 270 61 153 79 310 49 300 301 160 101 170 94 181 75 281 72 203 60 174 187 238 30 124 28 188 249 119 211 215 124 133 116 207 41 142 126 272 95 142 158 189 84 239 82 294 72 206 193 231 162 250 107 289 9 249 78 393 49 213 50 344 124 224 82 234 102 244 98 357 143 207 201 348 101 343 54 360 50 177 112 270 173 193 63 255 38 198 242 174 113 275 90 325 129 315 82 105 32 263 140 311 103 216 132 241 60 229 64 221 150 133 81 285 24 200 197 273 63 123 44 284 124 216 110 163 65 83 82 184 32 237 107 115 17 248 86 371 14 207 87 309 131 277 93 178 107 265 47 266 81 128 125 176 24 281 89 346 200 188 104 290 99 276 131 330 121 127 52 213 7 234 71 239 76 221 60 254 94 221 132 275 74 287 107 210 68 236 23 311 187 0 177 125 130 220 89 254 61 354 80 274 149 218 97 261 8 227 89 308 199 276 119 374 130 180 87 306 188 259 30 329 129 412 51 301 143 116 197 316 47 202 45 135 52 342 116 330 169 336 130 224 134 300 161 333 135 201 97 286 94 94 139 254 101 173 54 289 220 339 43 256 148 160 127 249 190 255 29 175 30 215 72 244 129 206 152 336 34 284 75 400 186 271 141 89 221 131 71 343 101 133 249 348 76 279 100 275 98 379 181 139 167 249 82 177 119 181 107 238 89 168 41 298 26 192 32 383 135 227 83 235 136 215 129 324 181 270 33 321 122 270 187 313 94 143 164 345 172 326 58 221 104 216 273 155 49 289 73 320 10 151 52 292 200 220 115 288 101 213 85 328 87 101 118 217 69 322 103 173 55 116 121 289 21 243 146 218 74 130 89 438 136 213 126 301 7 261 174 221 107 154 145 212 137 193 77 349 37 290 102 204 177 141 64 264 72 227 111 301 78 227 133 213 32 188 267 258 162 257 120 239 77 196 233 309 94 202 159 268 31 162 168 280 93 240 63 354 78 164 93 167 93 180 53 114 164 192 99 230 39 189 91 239 241 166 135
119 255 197 210 228 237 314 228 201 252 167 152 228 224 251 125 493 143 203 166 238 200 153 106 258 301 234 151 184 236 247 320 216 210 345 181 179 282 138 271 304 317 389 211 160 224 205 243 279 219 338 423 61 163 267 236 188 235 350 247 34 170 296 355 178 202 202 196 127 340 238 341 111 296 238 281 73 184 246 241 184 85 99 166 261 95 341 248 205 200 226 208 114 337 331 275 232 186 268 223 312 139 226 127 383 179 365 157 236 279 396 196 285 281 185 294 254 212 343 208 308 203 300 67 249 328 265 162 187 199 72 66 93 269 298 266 273 299 244 95 143 206 293 291 223 167 324 309 217 135 238 193 193 255 189 172 189 165 315 298 237 117 269 136 299 295 229 90 158 163 146 224 154 176 324 126 185 160 323 239 322 189 199 158 301 302 286 88 146 79 378 224 168 255 234 60 178 198 299 145 299 376 172 261 266 271 268 61 201 298 267 204 120 184 266 241 150 202 273 196 247 250 256 93 244 250 411 264 278 219 288 198 223 299 177 0 125 307 329 266 146 238 397 107 332 145 341 256 220 175 341 260 294 345 337 75 305 178 184 263 292 239 320 200 216 302 436 218 311 320 232 370 266 173 313 136 168 126 423 75 223 287 330 300 56 311 205 26 217 285 330 222 302 231 137 289 171 77 239 214 268 382 336 135 281 204 257 234 241 314 274 190 175 148 291 120 200 302 287 124 282 196 278 163 298 357 214 230 156 225 189 192 259 266 255 380 215 191 318 212 186 274 389 332 280 251 361 95 209 295 286 263 141 245 250 144 249 166 237 200 359 235 250 155 72 93 237 306 316 182 335 144 174 275 360 32 310 87 304 312 241 237 422 158 124 78 323 299 197 151 356 161 226 185 237 224 240 341 298 71 196 234 304 136 267 235 163 232 178 110 287 86 149 206 226 56 187 181 253 317 224 251 161 226 389 289 181 188 183 171 199 153 201 268 266 314 160 298 272 188 260 150 391 77 58 346 269 178 164 247 362 129 187 208 282 112 141 208 331 272 175 257 199 57 128 149 336 367 290 259 174 137 181 157 124 313 327 269 395 172 353 214 211 195 170 105 220 223 69 273 288 157 188 187 305 87 240 417 218 73
201 227 73 156 200 179 193 180 100 208 45 30 131 156 132 49 418 123 79 77 119 178 29 133 159 241 111 113 87 153 126 280 241 195 261 86 177 175 27 253 202 205 273 199 149 186 81 153 196 141 223 301 70 46 143 132 74 145 227 191 130 78 177 308 113 134 80 153 64 362 123 222 98 244 118 240 107 158 125 124 147 74 30 49 136 75 217 161 169 100 110 93 117 274 207 230 167 132 156 200 269 124 113 101 268 56 248 169 130 204 283 203 234 266 89 170 223 99 243 121 241 173 181 79 158 222 141 70 130 121 97 182 61 169 186 203 205 208 191 95 28 156 178 265 186 50 200 234 125 132 129 178 102 264 65 178 161 132 193 174 155 108 162 88 190 244 117 43 46 161 45 124 61 102 199 164 64 112 199 210 253 139 95 50 204 251 180 68 54 61 254 163 143 178 115 70 66 148 189 41 228 292 70 163 177 219 169 66 210 224 157 174 93 131 149 158 116 191 151 177 147 153 138 157 159 178 288 165 154 192 167 146 186 177 125 125 0 239 206 202 134 172 281 119 211 30 220 222 141 118 219 210 200 232 216 55 251 54 71 193 198 116 198 129 206 248 328 138 205 246 117 280 196 155 191 87 43 104 300 57 206 288 233 209 144 240 175 129 210 178 211 113 193 127 32 183 129 78 114 129 177 343 238 97 167 79 134 115 141 194 162 152 63 108 167 127 123 248 162 27 215 158 179 62 275 263 148 248 48 117 65 92 218 226 139 260 229 88 202 100 150 197 286 222 170 127 238 82 88 234 163 165 116 149 125 85 178 134 115 157 274 115 136 51 147 161 121 236 220 246 213 100 209 172 236 111 210 70 204 202 220 113 297 152 101 109 200 186 73 76 234 63 195 127 113 148 170 325 174 118 164 221 179 40 206 136 46 117 95 101 206 121 50 118 110 93 165 142 144 227 115 184 36 123 321 185 92 217 179 118 137 52 105 173 146 266 87 198 148 185 224 89 267 76 114 251 154 82 141 191 244 15 179 106 160 15 89 152 217 167 133 134 134 89 121 159 220 357 199 168 81 35 144 129 38 293 209 209 285 78 254 113 87 199 56 44 98 144 71 280 164 42 108 107 184 76 134 335 94 143
420 94 227 97 435 70 302 82 304 69 248 220 328 85 279 200 597 166 211 162 272 125 226 367 346 20 192 156 302 88 185 75 479 128 445 154 417 119 212 113 369 140 373 131 388 93 228 92 393 98 342 265 287 200 202 127 272 100 303 61 333 161 176 83 343 108 197 113 302 241 158 188 336 40 178 63 334 131 182 165 383 224 263 256 235 214 241 85 403 144 283 276 354 35 269 57 387 121 315 111 491 171 291 180 380 213 182 179 313 38 177 162 455 123 304 225 455 163 404 119 448 115 177 242 354 121 238 169 361 118 325 372 296 101 333 41 417 65 415 212 213 101 320 99 418 199 219 18 332 179 306 136 317 169 216 167 397 143 200 214 364 191 123 173 346 41 293 236 265 163 194 127 289 140 255 216 199 147 274 98 457 118 298 190 380 42 343 223 286 236 249 83 381 63 176 255 271 109 340 199 433 79 287 99 373 46 352 260 450 20 133 115 332 123 296 83 354 136 272 129 334 103 284 250 364 61 253 101 253 108 283 109 419 195 130 307 239 0 220 41 373 70 385 205 307 256 201 84 356 133 219 56 382 155 306 247 468 219 272 47 381 250 294 112 444 34 451 101 362 20 160 88 407 145 205 173 230 181 344 244 443 162 402 66 354 10 411 289 449 118 182 148 346 132 207 119 365 231 231 111 370 122 403 173 317 224 198 173 330 182 320 120 271 159 248 194 343 34 239 265 427 114 357 178 507 87 371 181 193 302 214 151 446 69 159 212 469 157 325 162 386 45 430 136 134 213 237 212 256 20 200 101 355 104 215 168 392 143 258 109 454 183 296 188 364 254 288 5 392 264 298 163 446 109 276 317 381 224 96 133 455 230 315 162 340 231 219 329 237 168 311 177 429 122 202 91 387 146 250 242 399 125 234 200 424 117 200 163 319 198 406 228 279 122 168 250 402 128 316 65 299 57 229 133 518 112 313 198 418 136 364 279 314 90 179 53 319 94 232 151 454 162 280 232 333 87 154 158 380 61 192 225 418 142 275 251 327 98 153 338 369 200 360 250 359 181 164 177 386 84 302 269 380 152 276 121 321 40 168 161 415 135 238 159 265 218 252 95 243 169 216 201 330 133 191 221 318 114 236 258
398 284 136 220 321 219 101 233 184 250 171 177 189 196 122 212 396 255 126 181 126 271 177 321 188 237 96 236 195 169 83 294 399 286 261 168 332 104 192 312 187 82 156 291 307 251 128 155 232 180 137 95 275 167 62 127 167 154 86 223 335 177 48 301 240 196 127 235 238 446 103 43 281 253 94 269 306 258 85 96 283 258 234 175 79 252 21 158 294 151 145 154 299 245 54 258 254 218 145 277 343 261 153 247 166 150 72 301 167 191 115 314 309 326 196 40 331 126 210 167 287 257 45 272 203 107 76 181 254 183 297 388 258 126 147 216 267 155 282 267 186 226 134 308 302 162 5 203 201 273 158 279 202 355 141 301 298 243 21 32 223 262 106 227 162 255 152 240 188 285 188 138 207 192 42 321 144 225 64 275 290 223 179 175 202 259 165 253 211 254 49 209 292 180 99 270 174 225 155 187 271 210 192 132 214 242 189 268 364 200 98 259 270 219 127 169 273 289 98 273 181 136 122 334 218 192 83 129 75 268 97 222 302 33 220 329 206 220 0 214 298 203 168 281 98 193 30 273 225 213 15 241 209 81 94 254 315 152 171 198 209 108 88 193 343 251 235 176 175 209 107 185 258 267 18 226 164 251 127 255 335 362 214 154 347 212 305 328 349 104 42 124 160 126 193 102 270 265 98 168 209 340 212 236 139 128 72 100 180 38 147 242 178 235 60 280 225 251 56 215 275 243 188 175 376 167 247 354 176 164 141 155 314 264 87 65 382 152 126 126 285 186 223 93 90 79 32 257 139 232 43 130 281 140 81 216 249 246 116 236 267 95 139 179 347 338 141 215 209 400 86 230 382 115 57 317 198 254 125 88 341 99 106 278 276 290 6 142 139 201 94 177 315 212 92 182 249 363 56 302 295 302 37 196 279 136 167 105 215 261 243 296 203 165 110 286 306 238 158 160 162 203 170 131 337 109 207 346 332 219 249 200 194 138 67 272 228 126 66 295 326 212 70 264 316 156 80 168 293 224 60 200 327 144 94 220 250 215 73 169 272 72 244 283 295 295 65 395 216 150 202 206 281 249 221 335 116 223 124 173 219 142 127 310 177 228 127 178 266 363 42 173 219 182 32 258 169 244 120 328
379 73 198 56 400 29 286 42 274 40 215 185 300 46 256 161 575 125 183 125 248 89 191 327 319 39 170 115 270 58 165 87 441 95 421 119 380 111 176 99 347 140 362 99 351 57 201 67 366 62 327 273 247 165 185 103 241 73 293 21 292 125 167 108 310 69 169 72 266 233 136 189 298 45 156 55 294 92 162 144 348 184 224 223 216 173 236 61 369 113 256 247 315 73 259 44 356 80 292 80 460 130 264 138 367 181 190 141 287 28 194 130 424 112 273 212 421 135 383 85 420 77 169 201 327 128 219 132 327 81 285 331 258 89 312 2 388 69 383 171 177 60 299 93 385 165 212 47 302 139 280 100 286 149 186 131 362 102 194 202 334 150 110 133 324 46 266 197 232 125 157 100 255 101 245 177 168 106 262 70 430 77 267 155 356 52 320 182 251 196 250 42 345 36 153 214 239 68 320 162 405 116 254 83 346 27 327 219 412 37 119 77 295 82 274 54 318 102 253 93 307 83 261 210 335 27 260 86 235 74 265 67 385 186 89 266 202 41 214 0 336 30 373 164 294 221 200 62 326 92 216 28 357 162 293 207 438 188 241 17 356 226 279 73 408 47 437 67 341 56 137 120 378 105 198 133 198 140 341 204 407 150 380 71 313 47 376 248 412 111 181 122 325 108 170 113 330 190 208 78 343 146 381 132 295 196 180 151 303 177 297 79 239 118 233 153 311 47 224 229 398 74 333 142 473 114 339 156 157 275 184 119 413 51 141 219 431 124 308 134 351 30 413 142 125 193 236 172 228 32 188 86 318 82 195 128 362 102 233 68 431 161 272 152 324 214 263 40 369 231 286 122 407 99 271 276 358 183 98 133 421 207 315 123 303 190 212 309 208 129 301 141 395 82 180 56 356 151 236 201 364 99 222 163 393 92 166 140 286 156 379 187 244 88 143 209 367 87 291 80 272 19 195 107 493 107 280 166 382 95 331 245 283 76 163 68 284 94 214 116 421 122 279 191 293 109 140 123 343 21 197 188 381 112 257 213 291 57 156 314 334 182 327 209 322 142 167 184 360 65 270 233 345 111 240 121 305 9 186 126 394 106 211 126 232 179 226 60 203 153 202 166 298 95 184 180 291 154 210 217
121 354 171 287 82 312 239 310 117 338 137 156 128 289 183 177 352 240 187 211 175 301 150 47 151 375 220 237 103 287 235 411 108 317 213 220 44 300 161 377 193 324 297 320 16 314 176 286 152 275 248 390 106 176 243 261 131 277 282 323 120 212 285 441 63 267 195 281 71 471 244 327 41 376 232 370 73 281 236 243 41 174 113 130 219 182 301 293 59 232 156 145 33 407 276 361 98 262 180 325 166 240 150 218 285 172 357 276 146 337 397 315 140 390 102 258 108 224 226 254 167 298 289 164 136 344 222 204 59 255 76 156 81 298 204 337 135 339 102 197 160 287 206 392 77 178 293 368 112 243 153 298 100 377 174 289 43 256 293 268 115 218 287 212 199 377 152 147 118 274 179 254 94 235 275 256 185 239 264 337 181 269 120 183 185 384 186 171 93 156 341 296 23 311 231 146 125 278 202 174 161 423 107 293 146 352 159 137 77 358 280 299 41 261 188 291 25 311 210 299 145 284 186 231 124 312 379 294 227 317 220 277 76 278 254 146 134 373 298 336 0 305 301 220 258 121 321 351 100 249 312 342 175 347 265 143 160 166 128 326 173 190 250 262 77 380 323 272 206 379 239 409 130 275 288 212 152 220 352 147 80 406 210 340 109 374 59 170 79 303 318 240 202 255 166 306 37 172 201 262 150 475 218 219 193 178 237 232 142 300 184 279 122 232 243 233 87 380 243 108 142 285 169 195 155 392 84 356 180 142 175 224 113 356 256 361 96 220 233 225 42 330 272 341 291 223 326 188 159 368 263 294 18 280 220 213 116 258 183 286 226 227 172 185 96 232 163 370 198 325 266 225 84 299 307 115 195 172 331 322 97 200 364 267 33 196 292 208 164 208 284 196 79 258 217 282 107 450 249 197 51 342 263 173 126 267 176 238 84 209 156 208 101 252 230 168 41 268 162 357 143 317 150 252 246 310 92 318 46 248 71 103 109 303 256 399 70 326 232 301 114 218 342 169 89 379 271 215 18 323 349 148 47 237 217 123 50 283 332 172 38 235 74 165 19 266 332 480 168 300 96 107 39 250 97 419 245 342 401 212 233 244 173 312 125 162 171 278 157 395 257 173 85 241 287 178 147 467 180 212
350 82 171 31 370 16 267 31 246 49 186 156 273 16 232 130 551 100 157 95 223 76 162 297 293 69 147 87 241 35 145 113 411 87 396 89 349 101 146 111 323 136 344 93 321 50 175 48 340 34 307 270 217 136 167 83 213 52 277 23 263 95 155 137 280 39 143 50 236 244 115 183 268 73 134 76 264 73 142 123 318 155 194 195 195 144 224 45 339 85 230 220 285 103 244 64 327 52 267 76 432 106 238 111 348 153 188 124 260 42 200 121 395 125 244 195 392 110 360 57 393 63 158 172 300 130 198 102 297 51 255 303 228 79 289 31 360 76 354 143 147 37 277 111 355 136 200 71 275 115 254 87 257 153 159 116 332 77 182 187 306 123 97 103 301 74 240 167 202 107 127 76 226 71 230 157 141 78 245 72 403 50 240 125 331 80 296 153 221 166 242 14 315 27 131 185 211 43 296 132 378 140 225 71 319 50 301 190 382 61 105 64 264 54 250 34 288 93 231 80 281 67 238 188 307 16 257 75 215 68 244 41 355 172 61 238 172 70 203 30 305 0 356 139 275 191 193 72 297 63 206 44 332 161 276 177 410 160 213 26 331 202 261 43 378 76 419 39 318 82 115 139 350 86 185 104 169 112 330 174 377 160 356 78 284 74 346 221 382 102 174 98 302 86 140 106 300 161 185 50 317 174 358 103 272 170 160 129 276 167 273 58 211 90 215 129 283 76 205 199 370 54 307 112 444 129 310 154 127 248 157 91 384 66 123 216 401 96 288 109 321 39 391 141 113 172 228 143 202 62 172 74 288 64 173 98 334 78 209 47 406 139 247 122 294 192 237 68 345 219 268 94 376 89 258 247 334 154 98 129 391 184 307 103 273 164 200 287 181 99 285 111 365 52 158 28 328 171 218 175 334 100 206 132 365 72 137 118 257 129 352 162 215 60 120 181 336 63 266 91 245 13 166 84 467 101 251 156 351 67 302 215 255 68 146 96 255 93 195 104 392 92 270 163 263 122 124 94 313 23 194 157 351 86 235 183 260 30 153 289 304 162 298 181 291 123 163 205 335 54 241 203 315 86 210 140 286 37 193 96 371 81 185 117 204 148 200 32 173 160 186 137 269 65 171 152 265 180 185 193
421 437 217 365 278 371 92 383 198 405 236 263 176 345 150 313 239 378 221 301 163 412 259 341 150 400 213 360 215 320 212 457 371 429 144 293 316 266 284 466 110 250 12 434 302 399 209 308 162 326 59 189 336 266 189 273 210 304 82 378 389 297 209 467 239 338 232 376 273 598 241 208 307 415 223 428 345 395 215 233 268 353 300 233 165 351 148 313 265 283 172 189 319 412 116 417 213 355 129 424 256 383 171 362 16 241 231 428 162 352 267 451 233 480 215 161 275 253 93 307 196 400 208 360 165 275 161 297 242 321 339 439 306 285 100 375 198 320 231 371 277 370 104 466 262 262 168 368 190 394 159 417 209 502 230 432 278 374 186 171 187 375 264 343 102 417 168 324 240 415 291 281 243 322 130 436 245 352 111 425 191 361 199 280 122 421 115 347 252 342 161 358 284 338 227 351 219 366 100 287 185 377 226 290 159 400 142 345 338 364 254 401 295 355 133 322 279 429 135 413 157 291 143 437 179 348 188 287 143 414 119 363 263 189 354 397 281 385 168 373 301 356 0 391 81 255 194 427 201 346 174 398 133 247 80 335 228 238 213 356 135 171 95 333 308 414 67 322 96 375 242 352 194 400 181 342 242 366 86 338 296 514 108 320 391 378 275 407 314 267 209 260 99 270 288 266 264 358 182 311 154 506 101 354 116 213 197 229 161 205 123 381 222 358 141 396 215 414 151 274 200 383 133 286 302 334 220 495 280 173 231 282 254 421 232 208 352 278 80 254 268 347 72 260 251 187 163 358 194 395 185 288 290 293 186 334 198 377 169 378 142 220 147 284 384 440 161 379 114 520 88 351 373 276 116 373 112 349 291 255 293 183 121 406 296 389 167 98 212 318 74 289 273 348 203 331 205 524 137 399 271 449 151 296 213 284 266 240 226 371 166 399 248 305 239 374 285 374 145 327 174 359 249 273 208 273 221 477 314 351 231 244 200 298 210 436 245 291 162 431 265 332 134 356 361 324 234 291 287 378 217 284 307 278 127 290 269 359 241 130 264 194 227 370 308 420 232 557 142 308 225 260 268 377 273 494 74 382 279 294 94 280 199 447 228 320 185 326 352 512 171 271 220 316 194 354 160 409 194 424
226 148 175 109 299 135 300 124 218 146 161 130 250 128 243 79 536 39 172 100 230 92 135 194 278 197 190 54 205 147 199 213 311 104 379 113 261 207 109 166 320 245 382 106 236 118 183 157 314 128 334 369 114 126 223 164 191 151 327 144 138 104 239 248 224 109 163 92 167 251 179 281 179 190 187 174 157 77 197 185 248 48 117 166 232 44 298 161 270 131 226 209 191 234 301 168 280 88 271 116 377 34 230 35 379 151 297 56 248 181 321 95 344 176 207 254 324 155 361 126 356 96 243 56 276 250 236 101 238 112 150 169 141 189 301 164 320 208 301 24 115 104 292 184 288 130 277 209 244 28 246 86 220 157 162 70 258 62 263 253 272 19 196 54 307 189 233 80 165 57 101 150 177 93 290 46 148 66 296 132 369 89 214 112 323 196 297 52 169 66 329 124 237 161 183 74 184 96 305 105 344 278 188 180 296 166 288 83 289 199 197 97 181 86 262 150 212 96 257 89 265 170 249 54 277 153 355 183 253 112 273 98 289 248 80 107 119 205 281 164 220 139 391 0 315 148 285 149 257 82 291 155 319 274 319 79 363 154 189 165 317 221 301 109 296 196 443 129 323 220 174 277 311 66 263 55 151 31 395 74 300 187 352 210 161 210 274 86 299 209 270 158 309 161 103 214 231 48 212 129 296 275 356 46 282 179 213 182 259 256 278 85 182 52 261 14 238 196 254 139 330 91 297 109 374 266 261 137 112 235 160 126 324 159 195 319 306 129 313 155 250 177 403 257 211 214 312 37 200 191 239 183 207 164 214 65 293 62 222 96 392 187 250 108 175 58 237 204 338 129 314 54 271 197 325 126 329 51 221 239 316 210 384 51 189 29 276 300 180 80 335 106 295 90 197 132 285 237 268 37 263 128 266 95 319 159 126 176 210 20 324 23 167 126 171 56 259 77 261 226 232 152 144 156 437 212 209 101 264 76 247 170 223 184 214 208 199 215 240 83 328 70 350 51 149 257 206 113 234 144 298 111 266 139 265 117 191 109 261 285 235 214 246 58 202 46 269 265 318 172 199 152 244 53 147 208 317 166 318 108 372 143 193 93 174 75 207 132 63 175 246 120 223 105 252 45 253 318 197 55
373 357 141 284 257 291 19 302 143 325 166 189 131 265 81 237 298 300 143 222 94 331 185 292 116 322 133 281 159 240 131 378 345 348 167 213 282 188 209 386 98 177 69 354 262 319 133 228 150 246 39 153 271 190 109 193 145 224 25 298 328 218 133 390 195 257 154 295 215 517 161 141 254 336 143 348 288 315 135 153 232 280 233 165 85 277 83 233 236 203 108 125 269 336 44 337 188 275 78 343 261 305 111 285 73 165 168 350 111 274 209 371 230 400 160 83 261 173 114 226 201 319 132 288 134 203 81 219 203 241 281 381 245 207 62 295 188 244 212 295 202 289 55 386 239 186 96 291 146 316 105 337 158 421 154 353 244 294 113 94 156 298 185 265 75 338 108 253 174 335 214 201 183 242 56 360 167 273 34 345 202 281 141 203 114 343 84 274 190 270 111 278 245 258 147 281 154 286 69 211 186 306 165 211 138 321 113 276 310 287 175 321 242 275 70 242 233 349 60 333 116 211 76 363 149 268 148 208 63 334 44 282 239 113 274 332 211 307 98 294 258 275 81 315 0 187 127 347 165 266 108 318 123 179 8 265 231 163 149 277 124 95 15 253 283 335 144 241 83 299 162 282 181 320 107 264 169 289 95 267 273 434 120 243 334 301 246 339 289 189 139 180 73 190 213 189 223 285 104 231 132 429 117 276 66 136 116 149 118 131 75 301 158 279 61 319 173 335 70 208 194 303 108 208 299 264 187 415 203 117 155 202 241 341 152 153 326 198 33 174 233 268 126 189 173 107 105 283 123 317 107 209 243 213 106 255 177 298 96 297 171 140 87 207 329 367 98 302 117 443 14 272 338 198 63 311 108 275 216 181 275 105 108 327 245 315 96 57 138 239 27 211 251 268 123 250 180 444 57 325 239 368 73 220 202 204 189 159 175 295 160 324 185 224 159 302 252 294 96 252 117 279 176 192 242 196 168 398 281 271 194 181 149 219 131 357 193 215 82 351 253 254 97 283 302 253 154 211 248 298 155 211 275 198 51 221 217 279 170 94 224 114 189 299 261 342 162 477 131 229 169 195 231 297 209 414 20 303 220 215 122 199 124 367 162 247 113 246 281 432 92 195 173 235 118 281 111 341 119 352
206 251 58 178 179 200 169 202 70 230 23 36 101 175 107 76 389 151 70 97 94 205 30 131 130 260 104 140 58 168 119 302 229 222 231 102 164 179 48 278 173 205 247 226 135 210 65 166 166 158 196 289 85 56 133 140 45 158 206 211 144 96 171 328 89 154 76 177 50 390 124 215 92 264 114 262 112 185 120 123 128 104 46 22 119 104 202 174 148 112 83 66 111 290 188 251 140 156 128 226 243 153 85 129 241 51 243 198 101 219 281 231 208 292 60 155 201 103 214 137 213 198 175 107 128 224 123 89 107 140 103 197 64 177 158 222 177 218 165 125 45 179 151 289 164 57 188 249 96 161 100 205 74 292 56 207 142 158 183 162 126 137 166 115 162 265 89 72 17 189 66 134 35 123 182 194 63 138 179 235 225 163 66 66 175 271 151 98 30 89 241 183 126 193 112 96 37 171 161 61 199 302 40 172 148 240 140 90 197 239 160 200 84 155 122 173 100 219 128 204 117 163 112 186 130 196 277 173 135 217 143 169 164 168 149 145 30 256 193 221 121 191 255 148 187 0 212 246 113 142 207 231 171 230 193 81 224 46 42 210 168 95 175 149 189 267 300 155 177 260 118 288 168 183 180 114 32 133 279 84 187 315 204 219 154 255 156 153 193 182 205 119 165 134 55 186 109 107 97 144 148 364 208 125 140 65 124 113 111 187 134 178 34 135 149 157 95 267 145 22 188 183 149 79 253 271 122 276 64 88 56 105 194 248 137 252 216 100 176 104 130 212 257 222 171 114 225 112 64 253 153 173 103 159 112 111 150 161 92 181 244 110 108 69 154 189 94 252 190 276 191 127 202 178 218 126 181 99 210 202 200 96 279 181 92 138 188 158 55 100 211 81 174 150 104 165 143 350 156 147 144 248 164 64 179 146 56 117 68 130 177 150 24 134 110 120 147 167 115 236 86 202 29 131 292 189 64 246 165 143 112 25 76 182 140 287 64 205 131 213 201 114 251 104 123 258 152 98 125 211 237 40 163 116 137 35 72 174 215 138 113 124 108 116 112 188 216 382 169 180 53 15 124 156 28 318 183 228 284 95 225 123 68 227 27 73 75 161 98 307 151 54 81 126 176 105 105 346 76 171
417 272 154 213 348 208 131 224 209 238 190 191 216 188 149 220 425 256 142 186 152 264 192 341 216 219 109 236 219 160 95 276 424 278 291 171 357 91 204 299 217 61 182 284 331 242 148 146 261 174 166 84 290 179 79 124 190 147 113 212 350 181 46 280 265 191 141 230 258 433 106 15 301 236 104 254 324 253 95 102 309 266 250 195 104 259 46 148 321 153 171 178 320 224 83 244 282 214 175 268 373 262 179 250 193 165 42 299 194 175 85 309 338 312 221 66 359 132 240 164 317 251 42 281 232 83 101 187 279 180 314 402 276 114 177 202 296 136 310 273 198 219 164 293 329 174 33 183 228 274 186 273 227 345 157 297 324 241 29 54 251 266 97 230 192 238 178 252 208 283 197 136 228 193 72 322 157 225 94 264 320 219 204 185 232 241 195 261 231 264 50 201 316 168 107 282 196 219 185 197 301 183 214 122 243 227 218 280 389 182 91 252 291 216 156 160 296 282 127 267 210 128 150 339 246 180 71 118 103 260 126 216 329 44 218 341 220 201 30 200 321 193 194 285 127 212 0 261 253 212 20 228 238 53 123 266 344 168 193 184 239 132 118 189 369 233 261 170 205 188 112 158 287 263 33 230 181 254 143 266 362 350 244 135 364 193 331 339 375 91 19 126 190 125 204 87 294 274 120 164 239 318 242 239 169 147 87 108 209 29 176 237 199 236 89 283 251 233 84 233 304 237 217 182 404 141 274 346 186 191 157 158 342 251 90 41 407 157 156 132 311 171 252 68 80 99 36 264 162 215 59 119 303 132 101 219 278 244 141 230 297 106 167 187 365 343 168 196 239 399 114 232 405 103 79 331 228 263 106 68 369 120 115 276 297 296 34 172 159 205 121 184 342 209 108 175 277 346 85 308 321 292 65 206 308 131 178 111 239 266 272 302 224 163 116 295 331 235 186 138 189 190 186 130 367 94 231 342 356 218 275 221 219 125 75 254 251 107 91 290 354 215 79 273 333 131 78 172 318 212 30 213 352 145 123 235 272 208 49 198 297 88 270 293 317 294 38 377 246 139 226 225 306 248 240 319 146 209 94 178 249 142 148 304 198 238 150 172 276 352 64 184 244 182 36 266 197 216 141 334
374 11 236 69 422 57 338 47 308 23 246 213 336 83 300 175 619 115 224 151 291 56 219 334 359 67 218 114 301 107 216 64 451 50 463 150 394 170 198 39 391 202 416 52 367 37 241 120 404 102 378 335 252 195 238 154 275 123 348 50 286 153 226 100 335 96 209 70 285 173 187 250 311 51 206 28 298 72 213 194 369 182 238 254 266 173 294 116 391 152 296 285 326 99 316 28 386 91 336 34 490 118 303 135 420 216 252 107 326 90 255 81 454 53 303 267 445 179 429 124 455 54 228 198 364 190 269 158 352 113 290 317 270 148 359 60 421 131 412 164 201 67 347 43 408 196 271 99 336 121 320 65 317 88 223 93 382 96 253 259 368 141 168 138 370 50 306 205 260 96 180 147 281 124 302 145 205 112 317 18 466 84 302 182 399 54 364 183 275 198 311 70 363 93 202 214 271 75 366 185 441 162 284 141 383 39 367 221 425 93 176 53 310 92 319 106 336 59 301 60 346 138 307 183 370 81 322 145 286 36 315 77 408 244 97 256 222 84 273 62 351 72 427 149 347 246 261 0 357 104 276 34 399 224 347 211 470 222 275 78 397 271 333 101 426 58 490 107 387 104 186 172 411 83 256 139 229 135 400 207 427 89 425 133 309 94 398 234 430 171 242 169 372 158 191 174 351 187 255 118 382 127 427 133 341 236 231 200 341 237 342 71 271 119 286 135 341 58 277 249 432 65 374 170 497 170 368 97 184 313 221 155 440 15 195 281 443 161 359 179 372 92 462 204 184 243 297 169 267 65 244 144 335 135 244 138 394 94 278 66 474 209 315 178 321 186 304 87 413 181 340 126 413 158 329 272 402 183 160 195 442 253 376 98 318 178 271 356 246 146 357 167 417 96 228 97 388 104 290 185 386 41 278 183 425 143 196 189 314 149 416 171 270 127 191 202 386 82 333 140 310 71 225 155 531 168 310 116 397 104 358 271 316 136 217 62 309 156 266 75 447 134 340 190 293 168 196 155 361 50 259 208 397 154 306 230 310 74 218 357 355 234 354 203 335 112 229 137 401 123 298 257 366 102 260 72 357 55 247 155 440 150 252 79 263 189 268 102 202 91 257 194 327 124 242 179 331 192 252 195
221 363 130 288 96 308 148 312 52 340 112 145 37 282 104 189 279 264 146 207 101 318 138 143 51 363 172 253 57 269 185 410 180 335 126 209 118 259 161 391 93 272 197 340 101 322 129 264 59 263 150 309 163 162 183 231 85 256 190 319 203 205 227 434 43 263 159 289 95 503 204 262 114 370 187 371 155 298 187 200 68 210 141 103 150 213 223 271 71 213 83 83 122 391 192 360 31 267 87 339 135 266 74 242 185 144 293 310 59 319 336 344 98 404 54 187 107 194 127 240 99 311 229 208 35 297 152 199 42 247 152 248 129 264 107 327 64 308 60 233 157 290 111 400 77 162 221 347 26 272 68 319 40 405 140 319 80 272 226 199 17 248 248 228 100 371 75 177 98 302 178 229 81 233 194 301 157 251 179 347 112 274 59 176 86 377 87 205 89 193 262 292 83 294 187 193 87 283 103 173 86 390 74 262 47 347 59 184 145 338 239 312 103 266 101 274 80 332 128 317 49 256 103 287 25 299 300 262 150 330 134 281 77 214 261 220 141 356 225 326 100 297 201 257 165 113 253 357 0 254 240 340 77 290 173 182 113 138 84 312 74 123 161 258 120 372 224 259 105 357 200 371 54 296 221 228 129 245 257 186 111 428 113 309 200 354 82 238 126 261 254 209 103 225 168 264 63 212 140 248 51 471 119 238 99 134 180 189 47 238 90 290 87 248 166 267 20 372 169 119 75 295 68 188 155 353 22 389 173 62 142 207 93 358 211 290 161 201 137 195 68 312 174 289 246 163 249 221 103 357 199 262 91 253 160 224 37 274 114 293 139 181 87 179 189 289 84 352 99 380 176 240 174 262 221 191 95 206 292 272 116 140 273 294 101 242 220 111 120 213 191 190 89 261 165 270 31 461 171 248 74 361 189 177 68 240 162 199 47 241 68 254 91 237 192 218 88 280 71 324 65 307 132 224 180 269 49 357 116 255 30 89 42 273 202 393 61 288 163 326 103 227 257 209 172 340 224 204 87 319 283 153 110 214 134 140 79 284 276 74 63 178 26 214 110 299 273 494 71 275 60 107 67 269 111 429 150 334 342 203 136 221 121 340 94 184 111 266 200 421 189 163 34 234 223 213 57 432 126 269
287 110 139 39 318 65 254 62 205 90 143 109 235 49 207 72 521 46 129 49 196 68 115 237 259 130 133 28 197 65 137 163 352 85 363 53 292 128 94 137 294 166 335 90 264 68 145 76 302 47 292 295 156 93 162 88 173 70 273 76 200 51 167 193 231 28 115 35 181 257 111 206 210 129 125 122 203 49 135 119 265 92 136 151 181 81 232 79 287 64 198 185 226 165 243 112 282 14 240 86 385 52 204 50 336 116 220 88 226 103 240 106 350 151 200 194 341 93 334 48 352 58 171 109 262 169 185 55 248 32 194 241 169 108 266 93 318 127 307 82 97 38 255 147 304 95 209 133 234 64 221 72 213 159 125 88 279 30 193 189 265 64 118 41 276 129 207 105 156 72 76 76 177 24 230 112 106 16 241 93 364 21 199 79 301 136 268 90 171 104 259 50 260 80 121 122 168 30 272 81 338 201 180 100 282 104 268 127 324 123 121 60 207 13 226 69 233 85 213 68 246 89 213 135 267 75 281 103 202 76 228 28 304 180 8 175 118 133 213 92 249 63 346 82 266 142 212 104 254 0 221 94 300 194 268 115 366 122 172 88 298 179 251 27 323 133 404 48 293 144 108 197 308 55 195 41 127 52 335 112 323 177 328 129 222 136 294 160 327 130 195 90 278 87 87 135 247 99 165 49 281 226 331 41 248 140 153 119 241 183 247 37 168 30 207 75 237 133 198 145 328 42 275 67 393 185 264 149 81 213 123 63 335 108 126 243 343 68 271 93 268 98 371 177 134 159 243 81 169 123 174 102 232 84 160 36 291 33 184 39 375 127 219 75 232 139 207 131 316 187 262 31 316 118 263 184 305 91 140 159 338 163 319 65 216 104 209 264 147 42 281 65 313 10 143 50 284 208 212 115 282 109 205 78 321 81 93 110 210 69 314 104 166 49 109 119 282 29 235 145 210 76 122 83 430 132 205 134 295 6 253 167 213 103 147 150 205 134 185 85 342 31 283 100 201 175 134 56 258 76 222 104 295 70 219 126 206 35 183 259 251 155 250 118 233 83 191 240 301 91 194 152 262 36 156 176 272 97 237 54 345 71 156 101 160 88 171 50 111 172 185 91 222 31 182 89 231 242 157 136
413 287 149 225 335 222 113 237 198 253 185 190 203 201 136 223 405 264 139 191 141 276 190 335 201 236 108 244 210 173 95 294 414 291 273 177 347 106 204 315 200 79 162 296 322 256 142 159 245 185 146 82 288 179 75 133 182 159 93 226 348 187 53 298 255 202 140 241 252 449 112 35 295 254 105 270 320 264 96 106 298 269 248 190 94 263 26 161 309 160 160 168 313 243 64 260 269 224 159 282 357 270 168 256 172 163 61 309 181 191 103 320 323 328 211 55 345 136 221 173 300 263 50 283 217 103 91 191 268 190 311 401 272 128 159 218 280 154 297 277 198 231 147 309 317 175 20 201 215 282 172 285 217 359 154 308 313 251 28 46 237 272 109 236 174 255 166 252 202 292 199 145 221 201 53 330 157 233 75 278 303 229 194 187 214 259 178 264 225 266 39 214 306 183 110 282 189 231 167 198 284 203 206 135 228 243 202 280 379 199 103 264 285 226 141 173 288 294 112 279 195 141 137 344 232 195 70 132 89 273 110 227 317 43 227 341 219 219 15 216 312 206 174 291 108 207 20 276 240 221 0 243 221 74 103 267 328 165 185 199 222 123 99 199 358 250 241 181 187 207 117 178 271 274 28 236 178 260 125 267 350 365 226 153 361 211 319 340 364 105 37 133 173 133 205 103 284 276 113 174 223 337 223 246 153 142 85 110 195 39 161 248 192 243 74 290 239 251 71 229 288 248 201 185 390 161 262 359 188 179 154 164 328 266 96 51 397 162 137 136 300 187 232 87 93 93 22 268 154 232 55 133 295 145 95 225 263 254 130 241 278 107 153 190 361 348 156 213 221 408 95 239 397 118 59 330 210 266 123 86 356 113 100 285 290 300 20 154 153 211 101 188 329 218 105 187 264 363 70 312 310 306 51 208 293 142 179 115 230 271 256 307 217 172 120 298 320 245 172 157 177 205 183 138 348 109 221 352 346 227 263 214 208 140 77 272 242 125 80 301 340 221 64 275 329 151 87 178 308 227 48 212 342 152 108 233 264 220 68 183 287 85 258 295 309 303 58 395 229 153 217 220 296 257 235 336 127 225 113 183 229 150 142 316 192 239 141 184 278 366 56 185 233 190 39 269 184 236 134 338
376 45 215 55 410 31 310 33 289 14 228 196 316 58 276 165 595 117 201 134 267 70 203 330 337 43 191 111 283 78 188 70 445 72 440 131 386 137 184 72 366 168 386 76 358 39 218 90 383 77 350 300 248 178 209 125 256 94 318 21 288 135 194 99 321 77 186 65 274 206 158 217 303 36 178 32 295 78 185 166 357 181 229 236 238 171 262 85 379 128 274 264 320 79 285 21 369 80 311 56 473 122 281 134 391 196 217 124 304 55 221 107 437 85 286 236 432 154 404 101 436 61 196 198 343 156 241 142 338 93 287 324 262 115 333 26 403 97 396 166 187 56 321 68 395 178 239 68 317 128 298 81 299 122 202 112 371 95 220 228 349 143 136 132 345 36 284 199 244 109 166 120 266 109 270 161 184 105 287 44 446 75 282 165 375 42 340 181 261 195 277 48 353 61 174 213 253 65 340 171 421 135 267 109 362 11 345 219 418 60 144 61 301 82 294 76 326 81 274 74 324 107 281 197 350 50 288 112 258 52 287 66 395 212 89 260 210 56 241 28 342 44 398 155 318 231 228 34 340 94 243 0 376 190 317 207 452 202 256 44 375 246 303 82 416 41 461 82 362 74 159 142 393 92 224 133 211 135 368 204 416 122 400 99 311 64 386 241 420 138 209 142 346 129 178 141 339 187 229 94 360 133 402 129 316 213 202 172 320 204 317 70 253 115 257 143 324 41 247 237 413 64 351 153 484 138 352 129 168 292 200 134 425 24 165 246 436 139 331 153 360 58 435 170 151 215 264 168 245 38 213 112 325 105 217 130 376 95 253 61 450 182 291 162 322 200 281 57 389 208 310 121 409 126 297 273 377 181 126 161 430 227 343 109 309 183 239 330 224 134 326 151 405 84 201 71 370 128 260 192 374 73 247 170 407 114 178 161 298 151 395 178 255 104 164 205 375 80 310 106 289 39 208 128 510 134 293 143 388 95 343 256 298 103 187 57 295 122 237 95 433 124 306 189 292 135 165 135 351 21 225 196 388 129 279 220 299 59 184 333 343 205 339 205 327 127 195 161 378 91 282 243 354 104 248 97 329 20 213 137 415 125 229 104 245 182 244 76 201 125 227 178 310 105 210 178 309 169 228 206
296 406 162 330 146 345 111 352 101 379 160 194 70 318 103 244 221 319 175 251 110 367 188 220 41 393 190 305 115 300 198 444 239 384 64 249 185 271 214 435 25 274 132 389 174 365 158 291 30 298 94 276 235 207 186 256 129 285 147 355 279 248 226 463 119 302 190 334 167 556 224 251 190 403 204 408 232 347 201 218 139 274 208 154 151 275 199 298 133 248 102 115 199 415 162 397 82 312 68 385 138 321 95 298 117 184 281 367 73 345 324 398 108 449 113 177 144 222 50 275 79 358 228 275 45 300 150 244 117 286 228 325 202 283 63 359 68 326 98 295 208 333 74 441 130 205 205 369 78 330 79 369 102 457 175 375 147 322 216 190 61 307 263 282 48 404 92 241 154 357 228 257 145 277 169 364 194 300 149 391 82 319 105 222 11 410 43 268 154 258 232 329 156 323 207 261 136 326 55 223 64 401 131 283 30 382 32 253 206 362 253 359 179 312 88 304 157 382 116 367 54 279 99 354 52 330 270 282 140 375 112 324 130 209 308 294 200 382 209 357 175 332 133 319 123 171 238 399 77 300 221 376 0 285 130 248 109 178 131 342 3 132 125 297 175 403 147 294 41 379 222 379 62 348 210 281 174 302 202 252 163 477 36 326 276 378 143 310 181 273 246 236 50 250 220 274 138 276 151 282 26 502 43 292 70 163 187 209 60 232 64 337 137 301 151 327 95 404 158 183 72 341 25 232 178 360 91 443 220 87 178 243 123 397 225 270 219 238 90 223 138 338 97 290 256 171 224 283 131 386 197 282 168 278 168 275 66 325 125 338 75 199 86 226 266 357 95 377 23 446 136 293 242 277 185 266 21 269 303 276 161 152 226 348 178 308 204 68 153 261 145 235 140 305 180 304 73 502 154 315 140 409 174 230 82 266 207 220 116 301 37 319 153 273 215 286 155 328 66 339 90 340 180 250 136 281 114 416 182 303 105 150 97 294 209 425 134 301 159 379 135 277 219 274 248 348 234 245 160 355 269 209 175 246 117 203 155 324 273 44 137 185 102 282 186 357 267 535 9 299 123 169 139 321 177 470 104 366 333 246 59 252 147 394 145 244 132 300 266 471 183 210 106 275 217 276 68 441 148 338
433 235 176 186 383 176 182 192 242 202 211 203 254 161 189 220 478 240 161 181 189 237 205 361 259 174 127 221 249 134 112 230 453 249 340 166 386 67 211 261 265 29 236 254 359 211 171 121 305 151 218 111 300 186 107 111 218 124 167 177 359 177 63 230 296 170 155 205 279 393 109 39 322 193 116 213 339 229 111 108 340 264 262 217 140 256 99 120 354 146 207 210 341 174 136 203 320 194 218 237 416 247 215 239 246 179 28 279 233 135 51 282 380 273 251 108 397 134 290 148 362 223 60 281 273 35 139 183 312 162 329 409 291 87 225 164 338 93 349 266 206 193 212 251 365 182 83 137 264 258 225 247 260 311 174 274 355 222 69 95 290 255 78 221 239 194 215 256 230 261 200 124 253 180 123 306 169 210 145 230 366 197 236 188 279 197 242 260 254 266 95 172 345 135 118 285 223 195 233 201 346 130 241 96 287 187 262 285 419 137 78 224 313 196 199 132 323 254 170 240 251 105 191 328 287 147 98 92 146 229 173 192 365 76 199 345 232 155 81 162 347 161 247 274 179 230 53 224 290 194 74 190 285 0 175 270 388 184 221 147 285 167 169 169 402 188 314 148 254 140 115 105 329 241 75 221 198 242 193 270 396 311 294 92 375 146 364 338 408 64 40 123 239 115 209 60 324 272 151 145 282 268 292 228 215 169 112 117 249 53 221 213 225 222 134 269 285 189 127 250 347 211 262 182 444 88 310 315 191 227 173 153 382 212 93 57 437 154 206 134 342 132 305 20 65 127 87 259 191 171 91 93 329 110 130 211 318 225 176 204 347 120 207 190 379 332 206 150 287 377 167 219 430 77 132 340 276 261 64 35 404 151 161 256 320 290 84 220 183 199 174 184 377 189 130 150 317 301 132 302 354 259 112 209 349 115 186 115 269 257 317 293 246 148 122 294 362 213 228 90 225 156 202 120 416 63 261 316 386 201 309 244 253 95 91 208 278 68 129 264 393 205 127 272 345 78 78 168 346 177 37 222 382 138 168 247 297 183 15 243 327 113 304 292 340 275 17 331 291 109 254 244 337 230 258 276 197 170 54 174 300 133 175 277 222 240 181 148 277 315 103 192 276 168 68 263 237 162 169 326
380 357 146 285 265 291 26 303 150 325 171 193 139 265 87 241 303 303 147 225 100 333 190 299 124 321 135 284 166 240 132 377 353 349 173 215 290 187 213 386 106 174 69 355 270 320 137 228 158 247 44 146 277 193 109 193 151 224 18 298 334 221 130 388 202 258 157 297 222 518 161 137 261 336 144 348 295 317 135 154 239 284 238 171 88 281 78 233 244 204 115 131 276 334 39 337 195 276 86 344 268 307 118 288 74 169 163 352 119 273 204 373 237 400 166 82 269 175 120 228 208 321 130 293 141 200 83 221 210 242 288 387 251 206 70 295 196 242 220 299 206 290 62 386 246 189 92 290 154 319 112 339 166 422 157 355 252 296 109 92 164 302 184 268 82 337 115 258 180 338 218 201 190 244 52 363 171 275 32 345 209 283 148 206 121 342 92 278 197 274 104 279 252 257 148 286 160 287 76 214 194 303 171 210 145 320 121 281 318 285 174 322 249 277 77 242 241 351 65 334 124 211 83 367 157 268 140 207 66 335 49 284 247 111 276 337 216 306 94 293 265 276 80 319 8 193 123 347 173 268 103 317 130 175 0 270 239 167 155 276 131 100 18 254 291 334 145 242 90 297 163 278 188 322 104 267 173 292 88 272 281 434 127 241 341 299 254 344 297 188 136 181 80 190 217 187 230 290 107 232 140 428 123 279 74 140 117 150 126 128 83 302 164 282 61 322 180 334 71 214 202 304 115 211 307 260 195 416 206 124 159 204 249 341 152 147 334 200 40 175 240 267 130 186 171 108 99 287 129 316 106 208 250 213 108 258 185 300 101 299 177 141 94 211 336 371 105 300 124 446 8 275 345 197 56 317 115 280 213 179 283 108 101 330 252 319 92 65 143 242 19 214 258 269 125 251 188 444 57 330 247 369 72 224 210 204 193 160 182 298 167 328 191 225 160 307 260 296 103 249 124 278 181 193 248 194 175 400 288 273 202 187 156 218 130 356 200 213 83 353 261 256 89 288 309 249 154 214 255 298 150 216 282 199 56 226 224 280 167 101 231 115 197 303 268 344 158 477 139 228 176 201 238 300 215 414 27 302 215 217 127 201 129 369 168 251 118 246 285 433 91 199 180 237 116 285 119 337 123 356
174 213 126 153 221 180 248 175 148 201 100 79 179 162 186 52 461 98 130 94 173 159 81 123 208 244 159 97 133 168 172 273 240 174 306 108 185 208 63 235 252 242 327 177 159 176 134 173 240 152 277 348 41 88 192 162 126 165 282 190 90 97 221 306 146 139 127 143 89 330 163 266 102 243 162 233 88 140 171 166 169 31 41 102 189 39 267 179 192 126 164 147 116 280 260 225 202 128 209 183 298 97 166 76 322 106 289 134 181 215 321 172 266 247 135 220 246 137 293 138 279 157 225 27 204 255 194 89 160 131 79 139 63 197 239 207 243 229 222 55 69 151 232 251 210 92 249 246 171 100 181 156 147 235 116 147 180 115 240 223 197 75 195 75 243 243 170 14 97 131 70 151 103 109 252 120 110 102 253 196 292 133 145 82 253 249 231 28 95 13 304 165 159 190 159 16 118 142 242 70 267 310 117 189 223 218 218 15 215 235 192 159 103 126 203 173 133 168 205 157 196 178 192 106 203 187 336 192 208 176 221 142 210 224 119 75 55 247 254 207 143 177 335 79 265 81 266 211 182 115 267 207 248 270 270 0 285 105 123 201 246 170 252 135 220 248 381 151 257 257 157 302 234 133 238 74 97 77 354 4 222 263 283 231 110 250 196 75 222 211 255 147 246 157 62 215 152 30 167 145 224 337 288 79 221 132 182 158 190 238 215 140 115 93 220 91 162 248 215 65 253 146 228 88 296 287 183 215 80 168 115 119 245 218 179 305 233 117 256 137 172 209 337 257 206 178 287 45 142 238 211 191 129 173 176 79 216 117 169 148 319 160 189 80 118 109 175 245 269 199 267 87 203 202 288 72 260 29 232 237 238 166 350 124 111 60 249 239 127 81 288 87 217 125 163 158 208 308 227 67 185 200 230 61 241 163 88 157 135 66 249 73 95 136 151 39 181 129 196 248 166 190 90 152 361 216 135 179 188 112 170 98 151 197 191 264 122 226 200 158 250 85 318 28 86 276 194 104 156 190 287 56 190 134 214 46 112 150 256 218 156 182 168 35 126 124 260 338 246 189 125 79 166 109 71 277 263 211 321 99 304 140 141 169 108 31 152 156 18 252 214 82 148 118 230 35 185 353 148 91
263 476 241 401 87 421 219 425 164 453 224 257 140 395 200 300 193 373 257 319 202 429 251 206 129 476 280 364 169 382 291 523 169 446 88 321 142 366 273 503 133 374 230 450 149 434 240 376 83 376 201 385 257 275 285 342 197 368 256 431 280 318 327 546 139 376 271 401 196 612 314 356 195 483 295 484 233 409 293 308 122 315 245 216 249 319 307 383 101 326 188 192 193 502 270 473 84 380 170 450 29 374 179 351 214 257 386 417 158 430 430 453 20 516 167 281 66 305 135 353 32 423 329 310 116 400 250 312 124 360 234 314 225 374 171 440 51 418 62 338 269 403 182 513 84 275 311 458 136 380 166 429 153 514 252 428 118 383 320 294 104 356 356 339 157 484 178 283 210 411 290 341 190 346 277 404 270 362 257 459 39 387 171 288 118 490 150 310 197 297 341 404 138 406 296 293 199 395 163 285 45 497 186 372 101 460 127 284 145 449 346 424 187 379 189 386 157 442 219 428 139 366 197 385 105 411 379 372 243 442 218 393 85 312 374 305 251 468 315 438 160 410 228 363 231 224 344 470 113 366 328 452 109 388 239 285 0 250 197 425 108 226 234 371 113 485 216 372 149 468 310 477 61 406 315 338 241 354 306 289 100 539 121 418 269 465 103 328 117 368 350 320 159 336 280 370 135 315 244 361 106 584 127 348 176 244 283 298 142 335 168 402 200 359 256 374 129 485 262 226 42 407 127 300 74 458 103 497 286 167 254 320 50 471 318 378 150 314 198 306 119 423 168 391 352 267 332 327 213 469 298 372 165 365 264 335 76 385 217 405 97 289 181 292 254 387 185 464 118 479 245 351 190 370 294 274 125 311 399 375 87 245 333 402 182 344 310 176 231 324 253 303 86 374 272 383 82 574 259 348 110 472 279 289 45 351 275 308 157 348 72 356 201 350 302 317 121 392 160 432 170 420 245 335 87 376 161 463 138 367 115 200 155 383 306 506 165 395 260 436 55 338 328 312 250 445 329 317 142 432 375 264 131 327 222 247 173 396 375 146 132 281 118 314 178 407 371 606 100 385 172 216 125 380 217 542 212 446 438 316 135 333 230 449 207 292 218 378 301 531 285 276 144 347 320 318 154 539 234 366
250 229 21 153 217 171 147 176 86 204 30 27 114 144 90 75 399 144 26 73 77 189 25 177 137 226 59 128 83 132 74 272 274 206 242 72 207 134 46 257 173 159 228 211 179 187 30 127 182 126 180 247 123 30 90 98 53 119 177 181 183 70 126 296 125 126 30 156 96 378 78 171 138 233 68 234 156 169 74 77 167 117 82 38 84 114 163 135 186 75 77 63 157 254 155 223 168 134 121 207 272 148 83 126 226 7 198 194 105 182 235 222 236 271 85 116 236 60 214 103 234 180 130 127 142 179 88 66 143 110 147 236 108 134 149 189 200 176 196 133 39 155 139 265 200 27 147 211 115 158 100 192 98 279 11 200 182 145 140 120 147 138 122 107 157 233 86 92 49 182 53 93 74 99 146 199 20 123 148 214 244 141 80 45 179 240 148 111 72 108 201 155 168 157 66 122 52 149 154 49 219 260 68 130 161 210 146 118 241 202 114 181 130 134 109 136 143 205 104 189 124 121 96 200 148 161 235 130 103 198 120 146 200 124 130 178 54 219 152 188 166 160 238 154 163 46 168 222 138 122 165 202 178 184 167 105 250 0 54 175 176 68 149 121 230 235 290 121 173 222 73 245 190 171 137 107 14 130 249 107 226 299 207 177 196 218 194 180 235 137 160 75 159 91 51 141 150 123 62 110 160 334 210 118 130 27 81 67 119 142 127 159 52 125 114 159 124 235 109 66 211 163 154 54 288 227 152 267 43 91 11 69 226 222 91 208 260 64 159 61 170 175 253 176 125 73 184 121 48 219 110 130 147 118 72 99 174 148 69 160 253 64 99 49 197 204 86 215 194 282 163 117 248 133 183 165 184 113 165 156 238 60 244 174 137 152 146 148 27 85 184 57 211 128 60 132 169 326 121 163 183 231 125 58 206 105 29 72 100 133 194 162 65 100 64 141 188 150 114 194 89 169 18 89 309 144 93 243 208 125 145 63 96 140 95 256 102 160 94 202 235 100 213 121 165 214 106 68 168 181 192 50 206 77 112 68 116 148 169 138 153 80 140 138 157 185 171 359 179 139 83 60 164 145 74 294 164 196 238 68 225 84 39 218 46 84 53 128 120 293 111 34 111 98 131 118 110 303 44 189
230 281 48 205 167 224 131 229 33 257 30 64 63 198 67 114 351 188 65 124 55 238 58 151 89 279 96 175 30 185 110 326 232 256 193 125 165 180 83 309 131 199 206 260 138 239 50 180 130 179 155 264 123 79 116 149 4 172 169 235 179 122 159 349 76 179 77 207 69 426 124 200 111 286 109 287 141 218 111 121 120 145 86 23 92 146 176 188 136 129 42 24 128 307 156 276 114 185 86 258 219 191 42 167 199 60 229 236 59 235 270 268 183 323 33 131 185 111 172 156 181 230 162 149 91 222 96 117 93 163 133 232 96 183 116 243 147 227 143 166 78 207 109 317 149 78 166 263 62 199 58 240 45 327 56 244 135 192 165 140 94 177 168 151 120 287 46 114 27 227 98 146 37 151 152 235 73 171 145 265 192 192 27 93 134 293 108 140 42 131 216 208 125 210 109 138 6 200 118 93 166 310 21 180 110 263 99 132 198 254 160 232 100 185 81 190 103 253 91 238 77 173 73 228 95 215 253 180 103 248 106 198 150 151 180 184 71 272 171 241 128 213 213 189 149 42 193 275 84 172 185 256 131 221 155 123 197 54 0 228 129 64 138 174 183 288 257 175 134 274 120 293 137 218 161 151 45 171 242 127 178 349 163 227 186 271 146 194 188 183 190 126 122 142 90 186 104 149 73 164 110 387 167 162 98 54 109 110 71 173 92 209 9 171 119 197 71 288 117 61 157 214 108 105 236 274 99 313 91 46 58 123 174 275 134 234 217 117 135 112 122 228 215 217 169 95 201 153 32 272 135 180 110 170 92 145 121 195 58 211 205 104 67 97 183 231 53 268 149 317 154 162 212 181 186 163 140 141 213 198 188 73 246 218 105 180 165 116 39 132 174 108 161 179 91 186 115 378 126 189 134 281 137 99 152 157 79 118 50 170 142 192 36 153 111 162 142 199 73 243 43 223 50 141 258 190 42 285 165 174 93 32 42 191 130 309 58 208 106 249 183 147 221 147 154 261 148 120 125 235 221 79 162 130 100 77 79 200 206 96 107 108 88 158 124 227 205 411 130 191 34 47 117 191 61 346 143 250 275 120 183 137 46 264 16 114 44 182 141 342 130 81 59 151 159 147 64 352 53 214
374 88 184 56 389 33 270 50 260 55 203 174 286 39 240 153 560 126 169 115 232 97 180 320 305 51 154 113 257 43 149 103 433 105 406 107 370 94 166 115 331 125 345 110 342 67 186 51 352 52 310 257 241 154 169 87 228 58 276 31 288 115 151 122 298 62 155 75 256 249 120 173 290 61 140 72 288 97 146 128 337 180 216 211 200 169 219 45 358 100 241 233 307 81 242 61 343 78 276 91 447 131 250 137 350 168 175 147 272 17 181 140 411 128 260 195 410 121 368 73 406 84 153 197 313 113 203 123 315 72 279 329 250 72 296 19 374 56 371 169 167 62 283 110 373 153 196 45 289 141 265 108 273 164 173 138 351 103 177 186 321 149 93 128 309 62 252 190 220 131 147 85 244 93 228 182 155 103 245 83 416 76 254 144 341 67 305 178 240 191 233 40 334 20 137 210 226 68 304 152 391 114 242 67 331 44 312 214 403 35 102 85 286 80 258 39 308 112 237 101 293 66 246 213 321 14 245 70 219 84 248 67 373 169 87 263 193 47 198 17 326 26 356 165 277 210 184 78 312 88 199 44 342 147 276 201 425 175 228 0 341 211 263 66 398 61 421 55 326 57 121 114 364 110 181 129 185 138 324 198 397 166 365 58 309 49 365 247 402 94 165 107 310 92 160 97 319 187 193 65 329 160 366 129 280 181 163 135 288 161 282 83 227 116 217 155 299 61 207 219 385 78 318 132 461 105 327 169 147 260 171 106 401 67 125 203 422 112 292 120 340 16 396 127 108 177 220 169 214 44 171 69 309 65 179 122 348 104 218 72 416 145 257 142 319 217 248 44 354 240 269 119 399 82 254 272 342 179 83 117 410 191 299 128 294 190 196 293 194 121 284 130 383 78 164 45 343 167 220 201 353 113 206 154 380 77 154 124 274 155 364 188 233 76 128 207 356 88 276 69 257 13 183 92 478 90 268 176 372 92 319 233 270 60 146 83 273 79 198 125 409 116 263 188 287 99 123 112 333 31 182 178 371 98 240 204 280 56 141 299 323 166 315 206 313 147 151 200 346 48 257 223 334 112 230 138 289 26 174 115 378 92 197 136 220 172 211 48 198 169 186 155 285 86 167 177 277 154 195 219
293 404 161 328 144 344 111 351 98 377 158 192 67 317 103 242 223 317 174 249 109 365 186 217 39 391 189 303 113 299 197 443 237 383 65 247 182 270 212 433 27 274 134 387 171 363 156 290 28 297 95 277 233 205 186 255 127 284 148 353 276 247 226 462 117 301 188 333 165 554 223 251 188 402 203 406 229 345 200 217 136 271 205 152 150 273 200 297 131 246 101 113 196 414 162 395 79 310 68 383 137 319 94 296 119 182 281 365 72 344 324 396 107 447 111 177 142 221 53 274 78 356 227 272 43 300 149 243 115 284 225 322 199 282 63 358 66 325 96 293 206 331 75 440 128 203 205 368 76 328 77 367 100 455 174 373 145 320 216 190 58 305 262 280 49 402 91 239 152 355 226 256 143 275 169 362 193 298 149 390 82 317 103 220 13 408 43 266 151 256 233 328 153 322 206 258 134 325 55 221 63 401 129 282 27 381 30 251 204 361 252 358 176 310 87 302 154 381 116 365 52 278 98 352 50 329 271 281 140 374 112 322 128 209 306 292 198 381 209 356 173 331 135 317 124 168 239 397 74 298 222 375 3 285 131 246 108 176 129 341 0 131 126 296 173 402 150 292 43 378 221 379 60 346 210 279 172 300 204 249 161 475 39 325 274 377 141 308 179 272 246 234 51 249 219 274 136 274 150 281 24 501 45 290 70 161 187 208 58 232 64 335 135 299 151 325 93 402 158 180 71 340 24 231 176 360 89 442 218 85 176 242 121 395 224 271 217 236 91 222 136 337 100 289 256 170 225 280 130 385 196 281 165 277 168 273 63 323 124 336 77 198 85 224 264 355 94 376 25 444 137 291 240 276 186 264 23 267 303 276 159 151 228 347 175 305 205 68 152 260 146 233 138 304 179 303 70 501 154 312 137 407 174 228 81 265 205 219 114 298 36 317 151 271 214 284 152 326 65 338 88 338 178 249 137 280 112 414 180 301 102 148 94 293 209 424 131 300 158 377 133 275 220 271 246 347 233 243 157 354 269 207 173 245 117 201 152 323 273 43 135 184 99 280 183 355 267 534 8 297 121 167 137 320 175 469 105 365 333 244 62 250 145 392 143 242 130 299 264 469 183 208 103 273 217 274 67 440 146 336
294 280 46 204 217 216 79 225 77 250 73 94 88 189 29 143 349 209 51 132 24 247 90 215 98 260 57 191 87 169 66 313 292 264 195 126 224 140 114 309 120 150 161 269 199 239 38 160 146 169 114 200 180 96 60 124 61 153 111 225 239 129 104 331 133 176 64 212 133 436 92 141 175 271 72 278 204 229 69 85 176 185 140 74 29 182 112 166 189 120 40 46 192 282 93 267 154 190 65 262 252 213 49 192 159 70 171 259 68 213 213 284 216 323 89 68 230 92 158 147 202 236 106 193 109 175 32 128 147 159 196 292 157 151 88 228 175 194 183 201 107 208 76 313 198 92 103 237 97 224 60 251 95 338 59 263 191 206 105 78 124 205 131 173 99 272 49 158 85 246 120 126 101 156 88 266 75 184 84 266 210 197 72 110 130 278 94 179 106 175 152 201 184 191 74 186 69 203 94 116 186 272 84 151 126 252 103 182 257 230 122 238 164 190 48 172 165 264 36 248 87 147 35 268 122 199 189 149 40 252 52 200 199 92 188 239 116 250 108 226 190 202 171 221 95 95 132 271 123 179 123 246 132 167 100 170 226 68 64 211 131 0 82 171 237 272 225 165 116 247 90 252 165 232 100 172 74 196 184 173 230 354 154 194 248 246 199 245 243 143 132 104 100 118 118 144 162 190 19 153 122 370 156 184 70 42 58 76 84 115 71 216 72 188 54 225 119 272 53 117 184 219 108 116 278 233 143 328 109 61 61 118 215 268 93 172 275 112 93 93 178 206 192 167 126 41 137 189 33 254 76 150 173 146 38 164 153 209 9 215 205 67 47 114 246 271 41 245 143 350 97 181 274 146 123 222 132 180 173 150 238 20 184 237 169 220 102 85 43 148 117 120 211 183 47 175 151 373 62 230 189 287 73 126 184 134 95 87 107 201 158 229 99 144 83 208 199 208 67 208 58 209 81 119 269 150 99 308 224 184 143 95 87 161 80 294 120 170 42 264 226 163 157 188 216 220 104 123 186 225 162 116 220 117 44 128 142 199 153 88 165 55 138 204 188 250 150 407 137 166 94 105 174 208 121 342 96 235 220 126 169 122 29 279 74 151 20 170 186 350 68 100 112 151 101 185 72 313 24 256
364 342 128 269 254 276 14 288 134 310 153 175 125 250 71 223 309 285 129 208 82 316 172 283 114 308 118 267 150 226 117 365 341 333 174 198 277 175 195 371 102 165 84 339 256 304 119 213 151 231 50 152 260 176 94 178 134 209 32 283 317 204 120 376 188 243 139 281 205 502 146 132 245 323 128 334 278 300 120 138 226 266 221 153 70 263 75 219 232 188 98 114 260 323 37 323 185 260 73 329 263 290 102 270 87 151 160 335 105 260 202 357 231 385 151 69 260 158 122 212 204 304 120 275 131 191 66 204 197 226 271 370 234 193 63 281 189 231 210 281 188 274 53 371 236 171 86 278 140 301 98 323 151 407 140 338 239 280 101 81 153 284 171 251 77 324 99 240 162 321 200 186 173 228 46 345 153 258 24 330 206 266 132 189 117 329 84 260 180 256 107 263 239 244 132 268 143 271 70 196 189 295 155 197 137 306 112 263 305 273 162 306 233 260 62 228 226 334 47 318 112 197 66 349 146 254 145 194 49 319 32 268 236 100 259 320 198 294 88 279 250 261 95 301 15 175 118 333 161 251 99 303 125 169 18 252 234 149 138 263 126 82 0 238 280 321 158 226 88 286 147 271 181 306 95 250 155 275 105 254 270 419 127 230 324 287 242 326 286 176 129 165 75 175 200 176 216 272 89 216 132 416 124 261 62 123 101 134 113 120 72 286 147 264 46 304 167 321 56 196 195 288 108 194 300 253 183 400 189 109 141 188 241 326 138 146 322 183 38 159 227 254 138 178 159 92 99 270 111 303 93 195 235 198 91 241 176 283 83 283 179 125 78 193 320 353 89 288 122 429 16 258 332 184 61 300 112 262 203 169 273 91 113 313 236 301 86 58 125 225 36 197 248 253 108 236 178 430 43 312 235 354 61 206 202 189 175 145 167 281 161 311 174 209 144 289 247 279 90 239 108 264 163 178 249 183 159 383 275 256 189 170 141 205 117 344 184 202 67 336 252 239 97 270 292 241 141 197 241 284 147 198 270 183 38 209 209 264 159 92 218 99 184 286 252 327 152 463 133 215 160 183 225 283 198 400 28 289 212 200 131 185 111 352 151 233 100 231 267 417 78 181 166 221 106 267 105 331 105 338
309 109 135 32 328 51 242 55 207 82 146 114 235 27 200 88 518 72 123 52 190 79 121 255 258 112 120 55 201 38 122 153 368 95 361 49 306 103 103 138 290 141 322 101 278 68 140 49 303 20 281 271 175 96 146 66 174 44 258 62 223 53 146 179 238 5 109 43 193 265 94 182 225 115 110 113 222 65 119 101 276 116 151 154 169 105 212 52 297 51 195 184 242 146 226 103 287 25 235 91 391 79 202 76 324 115 194 111 225 80 214 122 355 152 204 177 350 80 329 27 355 66 149 133 263 142 173 60 256 12 213 266 185 82 259 74 321 100 314 108 105 37 247 144 313 96 189 110 236 90 219 86 217 168 122 108 290 54 173 171 268 91 94 64 270 115 205 124 161 94 84 55 184 28 213 137 103 43 226 94 365 30 201 83 297 122 263 113 179 125 237 34 272 55 106 144 171 33 266 89 340 176 185 73 282 91 266 149 339 100 98 68 221 27 219 42 245 97 203 81 245 64 206 162 269 52 258 77 190 81 217 30 313 160 30 200 129 112 193 73 262 43 333 109 253 149 189 101 258 27 199 82 297 169 254 135 371 121 174 66 296 171 238 0 336 118 394 21 287 122 92 171 311 74 174 64 129 79 317 133 335 183 324 102 244 114 304 186 339 105 172 73 271 67 97 109 257 123 155 25 280 215 326 67 241 135 137 104 240 161 241 49 171 56 193 102 242 118 184 156 332 51 273 71 402 158 270 163 86 212 120 54 343 101 107 219 358 60 261 80 279 74 363 151 110 146 221 105 166 105 156 76 245 58 148 57 295 56 177 45 372 113 214 80 253 166 203 110 312 210 248 57 334 92 245 206 301 114 113 134 349 154 299 88 230 130 189 257 144 56 266 69 323 20 130 24 288 205 197 142 292 116 189 89 325 58 96 94 216 95 315 131 173 29 94 144 294 46 232 119 209 55 126 63 430 106 211 153 308 33 260 174 216 76 129 138 213 107 171 102 351 51 262 124 221 149 113 54 270 62 197 115 308 55 209 140 218 27 157 256 261 139 257 143 248 107 166 238 299 64 200 161 272 61 167 173 261 80 210 55 340 54 151 117 163 106 167 24 133 180 168 95 228 23 161 113 229 218 151 163
152 430 230 361 30 386 267 385 161 413 200 225 156 362 222 252 303 317 247 283 217 377 219 110 167 447 278 313 153 357 292 486 64 393 189 291 37 362 233 454 198 382 306 396 60 390 233 355 146 347 264 429 182 245 296 327 185 346 309 397 186 283 339 515 107 340 257 356 142 547 306 378 118 450 292 445 145 358 294 303 63 251 188 192 266 258 342 362 49 301 198 193 106 479 311 436 96 337 207 401 106 316 190 294 292 236 408 353 178 408 450 391 94 466 151 304 47 290 220 325 132 374 342 240 150 405 268 276 91 327 149 210 157 363 223 409 113 406 78 274 232 361 229 468 46 246 338 438 143 319 186 375 143 454 236 366 48 332 342 315 127 295 350 288 213 451 191 223 181 351 251 322 156 308 313 332 250 315 298 413 146 344 166 254 186 457 202 248 159 233 381 369 64 382 291 222 182 353 218 246 134 490 164 360 150 426 172 214 33 428 342 375 117 336 221 362 90 387 247 376 168 351 222 305 135 384 420 360 269 393 254 352 45 329 329 216 206 444 343 408 77 378 308 296 283 189 369 426 120 323 358 416 175 402 291 220 113 230 183 398 173 237 280 336 0 454 313 343 214 449 301 474 115 352 337 287 217 296 373 224 13 482 204 407 170 444 38 241 6 365 369 305 216 321 239 368 80 248 252 333 155 549 211 295 218 236 291 293 167 352 208 355 180 308 284 309 119 454 287 180 115 361 179 267 82 456 97 433 251 179 238 293 64 431 316 408 44 289 253 290 60 401 262 399 352 275 368 264 211 440 313 360 92 348 272 288 110 334 229 361 201 286 206 256 154 306 202 441 194 397 295 301 77 363 340 185 196 248 394 381 27 252 392 343 109 272 338 228 222 282 309 268 35 333 273 353 104 526 290 272 49 419 307 246 99 334 245 300 133 286 143 284 166 322 292 243 42 344 190 423 181 390 217 318 199 373 141 394 34 323 94 167 150 370 312 473 128 390 279 377 57 293 377 246 159 443 330 286 65 397 399 221 30 305 254 197 118 358 387 190 77 289 100 241 94 342 386 557 166 368 149 176 66 327 169 495 268 415 456 283 224 312 228 388 185 238 221 350 233 471 305 243 126 313 338 254 176 533 234 285
418 67 244 95 446 69 329 74 321 51 262 231 347 92 301 204 620 159 230 171 293 109 238 370 366 14 215 152 317 104 209 44 485 107 467 165 424 148 221 82 392 172 402 109 396 79 247 112 413 109 369 298 289 212 228 148 288 119 332 58 330 171 205 61 356 114 215 106 311 207 181 220 342 8 201 33 336 119 206 188 394 222 268 270 260 212 272 105 415 159 302 294 359 41 299 31 402 120 337 90 507 163 310 176 408 228 215 162 333 61 211 140 471 91 319 252 468 182 428 132 467 101 207 239 373 154 263 178 373 127 327 365 302 128 357 45 434 97 430 207 223 97 344 66 431 212 249 52 349 169 326 119 333 139 233 149 408 137 230 242 381 185 150 173 369 9 313 239 278 149 202 146 302 146 284 200 215 146 303 75 476 115 314 201 402 9 365 222 297 236 281 85 390 80 198 254 286 106 364 208 452 106 301 125 392 30 373 260 457 51 160 101 339 122 319 100 363 116 297 113 354 126 307 236 381 74 286 127 278 89 308 106 431 225 129 302 248 34 251 47 380 76 414 196 335 267 233 58 372 133 250 41 403 188 334 248 485 235 288 61 402 272 321 118 454 0 479 113 386 52 182 119 424 132 235 173 244 176 376 245 453 129 426 98 352 44 422 282 458 147 214 168 370 153 215 149 376 228 253 124 389 99 426 170 340 242 223 196 349 213 342 112 286 156 275 184 358 1 266 274 445 105 378 188 520 120 386 153 203 321 231 165 460 44 184 245 475 171 351 181 397 67 456 169 163 237 269 210 275 18 228 126 363 126 239 169 409 136 279 102 477 206 318 198 363 240 309 39 415 240 326 161 449 137 307 315 403 222 127 165 467 252 347 149 348 224 249 353 254 173 341 186 441 123 225 102 403 113 278 234 410 99 262 208 440 138 212 185 332 192 425 219 291 135 189 246 412 121 337 99 318 65 242 153 539 142 327 174 426 136 377 291 330 116 205 22 331 126 257 132 468 164 312 230 333 121 181 170 389 58 225 233 426 159 300 258 336 98 186 360 380 225 373 246 366 166 197 145 407 107 316 279 391 145 285 88 348 39 201 172 439 153 258 137 279 221 272 107 242 137 243 213 344 141 221 219 338 134 256 247
443 499 270 426 283 434 152 445 235 468 283 313 208 408 200 365 179 434 277 358 213 471 308 367 179 466 274 417 252 383 274 522 376 488 128 351 329 332 334 529 133 317 79 494 320 461 262 371 172 388 113 251 375 320 252 336 254 367 149 441 423 354 275 533 266 398 289 436 309 659 304 276 337 480 285 492 377 453 277 296 285 402 343 279 225 401 216 377 277 343 218 235 346 479 182 481 227 414 172 485 241 438 215 416 71 294 298 484 200 418 334 509 227 543 251 226 274 313 97 368 187 460 274 407 190 342 221 353 265 382 372 471 343 351 143 439 201 387 237 421 328 430 152 529 270 316 235 435 220 448 200 476 243 562 283 489 292 431 253 237 208 428 329 397 138 482 211 371 284 471 344 343 282 380 196 488 300 409 177 487 177 421 238 334 138 487 150 396 291 388 227 421 303 402 289 395 263 426 139 339 181 444 265 355 177 465 169 388 346 430 319 461 325 414 181 386 304 488 191 472 189 355 194 485 199 412 252 352 204 475 177 423 271 255 412 436 328 451 235 437 323 419 67 443 144 300 261 490 224 404 241 461 147 314 145 381 216 290 257 421 150 225 158 394 313 479 0 383 124 442 304 419 200 458 247 397 292 420 142 384 300 576 113 386 423 444 286 449 319 333 276 322 135 333 340 332 286 406 239 373 173 572 105 408 161 267 259 291 194 271 166 440 266 413 204 449 241 479 214 317 199 443 158 342 290 402 238 553 333 213 285 341 253 484 296 275 356 336 133 314 285 412 51 328 316 248 230 408 243 460 251 353 315 356 246 389 210 434 222 438 120 281 193 339 413 489 207 445 125 572 153 406 385 342 183 409 129 397 358 322 294 241 181 462 324 437 234 143 263 373 141 345 279 407 263 393 218 588 201 446 284 510 217 348 215 347 319 302 259 423 171 448 288 365 300 419 299 433 185 394 214 422 299 335 172 339 255 533 326 409 252 284 235 363 275 501 277 358 224 489 263 388 199 404 393 391 298 348 307 442 284 333 319 338 185 335 300 420 308 164 285 257 249 415 333 475 299 621 154 373 261 302 286 433 314 558 133 447 346 351 90 341 252 505 273 369 237 388 398 573 236 324 250 375 260 403 197 476 248 471
325 116 133 44 334 52 231 62 208 86 149 119 234 24 194 101 513 93 118 61 185 95 125 267 255 105 110 75 204 18 110 151 378 110 358 52 315 82 111 146 284 120 310 116 287 78 136 28 301 5 271 252 190 99 133 50 175 24 244 61 240 60 128 175 243 22 104 60 201 276 80 163 235 111 99 114 236 83 107 88 282 133 162 157 159 123 196 31 303 47 191 182 253 136 212 103 289 46 229 103 394 100 199 96 313 115 174 131 222 66 193 139 357 160 206 163 355 72 323 19 354 82 131 151 261 121 162 68 261 19 226 284 196 61 252 68 322 81 317 127 112 50 240 148 318 99 173 97 236 111 215 103 219 181 120 128 296 74 155 156 268 111 74 83 263 112 202 139 165 114 93 41 189 42 198 158 102 64 212 104 364 49 201 89 293 118 258 131 185 142 219 37 280 40 95 161 173 49 259 97 339 159 188 53 280 89 262 165 348 87 79 83 231 48 213 23 253 113 194 98 242 43 200 183 269 41 238 56 179 94 207 46 319 143 51 218 138 101 176 67 272 39 322 129 241 155 170 107 259 48 181 82 294 148 242 151 372 121 175 55 292 165 226 21 343 113 383 0 280 108 79 152 312 94 157 83 131 99 301 149 342 193 318 83 260 102 310 205 347 84 153 62 265 52 106 89 264 141 147 11 278 212 320 87 234 131 125 93 238 143 235 67 173 77 180 123 245 113 171 164 332 67 269 77 407 139 273 178 92 210 118 52 347 103 91 199 367 58 252 71 285 59 355 130 90 136 203 124 163 98 141 55 254 38 137 74 296 77 171 60 368 102 209 87 269 187 199 98 307 230 235 77 345 71 229 223 295 131 92 113 355 146 281 108 239 150 172 249 142 70 253 75 329 41 121 11 290 209 185 162 298 128 174 99 327 40 99 82 219 115 313 151 178 22 84 162 301 65 228 100 207 48 129 49 428 85 214 172 317 54 264 179 217 55 114 134 218 86 160 120 355 68 245 141 236 129 95 57 278 61 177 123 316 47 199 150 225 39 137 251 268 127 260 161 258 127 146 242 296 43 203 168 279 82 175 177 250 75 189 60 334 43 147 134 166 120 162 7 151 191 153 100 231 32 144 131 227 202 146 184
326 395 154 319 185 332 74 341 111 366 162 194 84 305 87 245 234 317 165 245 97 360 188 248 56 375 172 301 128 284 177 428 277 378 87 240 220 247 215 425 16 246 93 383 206 355 148 274 71 285 52 236 251 203 162 238 132 269 107 341 300 241 198 445 145 292 178 326 185 550 206 218 214 386 185 394 254 342 180 198 172 280 219 157 127 279 163 281 170 236 97 113 225 394 124 382 118 304 52 377 178 321 93 298 80 178 247 367 76 326 289 395 149 439 127 147 185 208 42 263 118 350 199 283 70 272 125 239 147 275 249 349 219 262 30 343 109 303 138 300 208 323 43 429 168 200 172 349 97 330 77 364 119 451 168 373 182 318 185 160 92 309 241 280 17 387 89 248 160 355 226 242 158 269 134 368 186 295 112 381 118 311 113 218 31 393 26 274 166 266 194 317 188 306 188 271 140 318 22 221 103 375 141 263 64 367 47 264 244 342 231 352 202 304 68 288 185 377 90 361 65 260 81 363 83 315 231 261 112 367 82 315 169 180 301 311 205 362 175 341 206 318 96 323 83 177 205 387 105 293 187 362 41 254 90 257 149 173 134 326 43 116 88 287 214 386 124 280 0 358 204 352 103 344 179 280 172 302 161 261 202 469 41 303 300 358 180 325 220 249 214 220 16 233 221 250 169 283 133 269 59 484 40 291 46 153 165 191 70 202 46 330 143 298 121 329 120 387 129 193 113 334 37 227 219 333 124 440 217 89 170 233 164 384 203 234 258 227 50 209 172 320 80 260 232 150 187 287 125 368 169 262 196 261 147 273 104 321 110 329 94 181 74 222 292 366 87 357 34 451 97 290 278 255 146 285 24 275 279 249 201 135 185 347 203 315 171 34 147 258 104 230 179 297 161 291 110 489 122 323 175 401 142 229 123 249 203 202 135 303 78 326 164 260 198 296 190 322 61 314 91 324 179 234 163 257 131 416 218 296 135 160 111 273 185 409 154 276 133 375 176 273 179 281 270 321 211 237 192 341 234 212 211 233 89 211 177 314 243 39 168 162 132 292 214 358 236 523 51 280 137 178 172 318 189 458 64 351 299 238 53 237 137 391 150 248 121 286 275 464 154 207 127 266 187 281 72 413 136 348
431 114 227 111 438 85 295 98 305 88 251 225 328 96 276 209 591 181 211 169 270 143 230 375 344 39 190 169 304 93 182 91 486 146 441 160 423 111 219 133 365 127 364 150 394 111 228 94 392 106 335 248 297 204 196 126 273 103 293 77 344 168 167 92 347 118 198 128 308 259 156 175 344 59 175 83 343 148 179 162 388 236 270 259 231 226 230 87 407 148 281 276 361 37 260 77 388 134 311 130 492 186 290 193 371 215 166 196 312 43 159 181 456 142 307 217 458 164 399 125 448 132 168 254 354 106 233 176 364 127 334 385 304 97 328 56 417 55 417 225 219 116 315 118 422 203 208 12 333 195 305 154 319 189 218 185 402 158 190 205 364 205 117 185 341 60 292 246 269 181 201 129 293 149 246 233 202 160 266 117 456 131 299 196 376 61 339 235 290 247 235 96 386 68 173 266 273 123 336 205 432 61 290 96 371 66 350 271 456 22 127 132 339 136 292 88 360 155 267 147 333 102 281 266 363 70 237 98 247 126 277 122 422 186 143 320 246 20 209 56 379 82 375 220 299 260 188 104 357 144 207 74 379 140 297 257 468 222 274 57 378 247 286 122 449 52 442 108 358 0 159 68 407 161 195 185 234 194 331 255 447 181 398 56 366 10 415 303 454 110 170 148 342 132 214 110 369 243 228 117 368 131 398 185 313 224 193 171 329 171 316 136 274 172 241 209 345 53 232 271 427 130 355 184 509 68 373 201 199 302 216 156 448 89 155 196 475 161 319 163 390 49 423 122 127 209 224 225 256 40 193 97 361 104 211 178 392 158 255 125 450 180 293 194 375 270 286 17 388 283 289 175 454 103 265 328 377 235 84 121 459 227 301 179 347 246 209 324 237 177 302 183 433 134 199 99 388 161 243 256 403 145 226 208 424 117 205 161 322 211 404 243 283 128 167 263 407 142 314 50 299 69 233 134 515 103 315 217 424 149 366 283 315 86 173 69 323 84 226 170 457 172 266 244 343 69 147 164 385 77 177 231 423 145 270 258 332 112 140 335 373 196 362 263 366 198 151 191 383 83 305 274 384 167 282 139 313 57 149 168 409 138 238 178 267 228 251 102 255 188 208 206 332 141 182 233 317 98 235 273
318 195 71 122 286 130 152 141 148 164 102 88 170 103 119 109 438 149 55 75 112 171 92 248 186 171 33 129 150 81 30 224 347 187 285 61 280 61 96 225 210 88 231 193 252 157 71 70 233 84 192 196 185 72 54 34 118 64 166 138 244 70 66 242 195 96 44 135 169 355 6 110 210 182 19 190 224 155 27 11 238 155 147 110 80 147 125 77 256 45 123 118 229 193 135 179 231 115 155 182 334 154 131 140 234 67 133 196 154 123 166 213 298 239 152 86 304 20 246 65 289 158 70 170 195 106 83 75 212 80 215 295 177 64 175 139 259 108 260 161 91 128 162 226 269 68 103 148 175 166 146 178 164 260 65 196 253 138 89 81 206 155 49 120 187 183 133 142 121 180 87 39 146 86 122 214 55 119 134 183 297 121 142 75 220 189 183 150 145 154 155 117 240 102 16 172 120 124 182 87 273 190 138 63 213 163 192 171 313 141 42 160 202 116 137 84 216 189 116 173 174 57 124 228 205 110 183 62 100 172 128 121 269 74 116 232 117 160 107 137 239 115 242 174 162 118 112 186 200 108 117 159 222 115 163 157 310 73 120 121 221 90 147 92 301 182 304 79 204 159 0 173 249 163 89 119 87 144 227 157 297 272 243 109 260 157 265 228 306 64 99 19 188 29 95 68 221 162 71 69 210 281 244 129 158 67 46 14 170 83 160 141 121 128 101 173 190 182 92 136 269 142 197 70 355 155 217 254 77 143 64 48 292 181 23 149 332 45 172 20 241 116 276 105 53 56 138 152 98 165 66 62 220 57 58 109 234 141 97 136 295 23 136 77 264 232 128 156 233 294 156 123 320 62 155 226 221 151 93 85 308 70 212 172 210 184 102 172 81 94 174 73 280 108 43 89 230 286 106 197 253 207 97 96 266 45 72 2 169 155 246 190 137 63 9 184 260 135 156 124 140 120 89 31 358 72 162 242 281 114 213 136 159 73 40 205 174 89 80 192 302 105 176 161 231 142 37 61 240 138 130 107 278 38 120 132 189 117 100 178 225 48 208 181 230 189 104 320 225 77 153 133 235 143 145 255 171 146 168 67 257 38 80 208 116 127 92 84 165 270 77 77 178 77 78 154 158 233 76 222
475 183 244 170 459 146 282 162 320 156 274 254 338 149 278 251 580 238 228 209 275 208 259 413 349 107 199 224 323 134 187 152 518 213 438 196 452 113 254 200 362 106 340 218 423 177 243 129 397 152 320 199 339 235 193 148 291 137 271 141 392 206 154 140 368 169 217 188 338 322 168 143 378 126 185 151 384 210 184 172 411 286 308 282 229 275 203 123 429 180 290 288 396 88 239 145 402 189 311 198 503 244 299 246 350 238 125 260 320 97 103 248 467 209 325 205 476 185 391 164 453 196 153 303 361 80 230 215 385 172 374 436 341 111 322 121 426 73 432 278 252 175 309 184 442 232 186 74 346 254 311 220 336 257 238 250 426 216 170 192 375 260 124 235 337 127 300 289 293 244 238 156 318 195 226 295 225 213 248 185 460 188 314 230 375 127 337 283 317 294 197 153 413 116 184 313 293 182 330 241 437 26 311 117 377 134 353 316 485 82 133 197 371 191 292 130 388 222 264 213 339 127 282 327 373 124 190 116 240 193 270 180 442 172 197 370 280 88 185 120 409 139 352 277 282 288 158 172 371 197 178 142 379 105 278 302 477 245 293 114 379 252 271 171 474 119 419 152 352 68 173 0 416 224 175 235 258 249 295 300 470 247 393 71 412 78 438 357 479 110 143 170 336 154 250 108 394 293 233 158 373 174 391 238 310 239 194 183 336 151 315 196 294 226 231 268 362 119 223 303 436 192 356 219 526 19 389 269 233 311 236 188 464 157 160 153 504 192 307 184 414 100 408 93 125 210 191 276 268 108 183 116 391 131 214 227 403 217 260 185 446 190 297 230 419 331 292 85 385 350 270 228 489 111 236 374 373 284 80 103 481 233 261 241 379 301 186 318 254 221 279 219 453 187 206 147 401 220 230 312 426 213 211 246 435 143 235 175 342 265 409 300 309 166 182 314 432 201 318 54 308 127 259 158 514 102 335 284 453 202 385 308 331 107 171 132 347 84 221 235 474 220 229 294 386 32 148 200 413 141 138 266 451 174 264 294 360 169 112 336 397 196 381 313 399 261 120 246 385 113 326 303 408 225 313 201 299 123 91 205 400 167 250 245 289 271 261 148 303 256 198 238 351 184 165 283 324 61 246 331
247 417 180 342 85 361 166 366 104 393 165 199 79 335 140 244 228 318 196 260 141 372 192 177 70 415 219 307 111 321 230 463 178 390 83 262 129 304 216 445 87 314 194 394 124 376 179 315 32 316 155 333 212 216 224 281 137 307 206 371 245 259 267 486 90 316 210 343 146 558 252 298 156 423 234 424 197 352 232 247 90 263 194 157 189 267 251 322 78 265 127 131 159 441 216 413 34 321 112 393 87 320 118 296 179 197 328 364 97 369 371 398 52 459 108 222 82 244 105 293 45 365 269 260 56 340 190 253 79 300 195 286 178 312 119 379 10 356 37 287 211 344 128 454 70 215 254 396 75 327 105 373 95 459 191 374 94 326 262 235 43 302 295 283 106 423 117 231 152 356 233 280 135 287 221 354 209 305 203 401 58 328 110 230 73 430 97 258 142 246 287 345 108 345 235 244 140 337 112 227 33 436 128 311 44 400 70 236 147 388 285 367 146 320 131 325 118 386 160 372 78 305 138 338 44 351 325 310 184 384 161 335 71 252 316 266 196 407 258 378 130 350 194 311 181 168 287 411 54 308 271 393 62 329 188 234 61 190 137 364 60 165 181 311 115 424 200 312 103 407 249 416 0 351 256 282 182 299 264 238 102 483 89 357 238 404 86 286 120 307 291 259 109 275 222 309 96 264 183 300 49 524 97 292 120 183 223 237 81 276 111 344 140 303 198 321 73 425 203 173 21 349 73 241 119 397 52 443 227 106 194 259 61 412 257 322 158 254 148 245 89 362 149 331 291 206 277 275 151 408 238 311 128 303 203 278 18 329 156 347 96 228 122 233 225 340 124 403 80 432 193 295 185 309 242 236 82 260 338 315 99 184 287 348 143 295 253 124 170 267 205 244 80 315 210 323 27 515 202 300 86 415 221 232 21 290 216 247 101 295 29 307 145 290 241 269 101 334 101 371 109 359 186 274 127 315 103 411 126 310 67 143 95 322 245 446 113 334 200 380 73 281 277 262 214 385 268 257 113 372 317 208 119 266 164 194 126 337 315 90 94 220 67 266 145 353 312 548 53 324 114 161 92 324 164 483 163 386 379 257 110 272 169 394 148 238 157 318 252 475 226 217 88 288 261 266 93 478 173 320
291 82 190 56 351 77 308 63 250 81 188 154 281 81 259 107 569 35 181 100 247 27 160 255 307 134 188 44 240 107 192 147 372 41 411 107 318 176 135 103 344 214 389 45 291 53 196 120 348 91 345 345 173 141 217 141 219 118 328 84 203 104 220 182 268 72 169 37 214 208 166 256 234 125 180 109 218 14 189 173 298 103 165 195 235 94 286 121 321 119 248 234 248 171 297 103 322 49 292 51 423 36 254 57 390 166 267 38 275 127 283 51 389 115 243 248 375 148 385 100 395 31 224 117 309 212 239 105 284 84 210 235 194 154 319 105 360 162 346 82 140 50 308 120 338 144 263 152 278 38 271 23 256 109 176 34 310 27 247 244 309 59 168 68 327 125 257 129 198 21 120 129 216 78 285 72 158 49 296 66 407 45 245 127 350 131 319 104 209 120 312 72 290 112 176 134 214 46 324 125 382 222 223 146 328 103 316 141 348 142 172 31 235 48 278 109 264 36 266 24 294 137 265 105 312 102 332 149 257 46 282 49 338 234 47 173 155 145 267 105 275 86 400 66 320 183 263 83 296 55 274 92 348 241 322 133 406 171 218 110 346 232 306 74 352 132 458 94 344 161 163 224 351 0 248 68 174 55 390 129 354 133 378 164 226 152 326 152 355 178 246 144 329 141 129 182 280 107 219 99 328 209 381 59 300 192 208 174 288 235 298 29 212 48 262 53 278 132 253 180 371 32 324 117 426 215 303 96 128 261 174 118 372 93 180 293 366 123 325 148 301 125 423 222 184 214 296 89 219 129 228 149 260 132 215 73 333 23 236 39 423 182 270 122 239 109 257 145 365 136 317 56 333 165 318 190 355 104 181 207 369 217 373 18 243 95 263 317 198 87 336 114 346 55 197 91 325 175 267 103 314 67 260 119 362 132 142 165 250 68 359 88 205 102 164 120 312 29 285 178 259 97 168 136 475 178 247 79 321 50 292 207 258 146 201 142 242 176 240 31 378 72 336 109 212 208 187 110 287 84 271 143 322 125 273 160 239 59 231 309 284 209 289 121 258 37 240 205 348 133 236 190 295 27 190 145 326 105 278 107 396 125 207 47 204 116 223 93 122 124 239 138 263 86 235 99 280 259 210 115
386 266 122 201 316 201 107 215 176 233 159 162 184 178 117 195 405 237 112 163 120 252 162 309 186 221 80 217 186 151 67 279 391 267 265 150 324 87 176 295 190 70 169 273 298 233 116 137 232 162 145 110 260 151 47 108 157 136 99 206 321 159 30 286 233 178 112 217 226 429 85 42 269 237 77 252 293 240 68 78 276 241 220 163 71 234 39 140 288 133 139 145 287 231 65 242 250 199 145 259 343 243 147 229 177 135 73 283 163 174 116 296 308 308 188 34 327 108 216 148 287 239 28 255 201 96 69 163 247 164 284 373 244 109 150 199 265 140 279 249 170 207 137 291 297 146 15 188 196 255 154 261 195 337 126 282 291 225 6 22 219 244 88 209 164 239 146 224 176 267 171 120 196 174 51 303 128 206 72 257 292 205 171 158 204 243 167 236 199 238 66 191 283 163 81 254 164 206 158 170 272 200 181 115 213 225 188 252 356 185 80 241 259 201 126 151 264 271 96 255 179 119 119 316 215 175 97 112 72 250 98 203 297 15 202 313 191 205 18 198 288 185 181 263 107 180 33 256 221 195 28 224 210 75 104 238 315 137 161 181 210 100 95 174 337 235 247 157 179 195 89 175 256 248 0 208 150 233 144 239 329 345 219 139 333 198 298 312 342 88 36 106 164 108 177 86 262 248 88 150 209 326 217 218 140 115 57 82 177 24 147 224 167 216 59 262 218 235 53 202 274 224 188 157 373 157 242 336 160 158 126 137 311 247 69 73 374 134 132 108 278 169 233 83 73 66 49 240 129 217 28 112 271 122 69 198 246 228 108 217 272 79 135 162 334 320 136 199 212 382 95 211 373 99 73 302 201 237 111 75 336 88 124 259 265 272 15 145 127 183 107 160 309 193 77 164 246 347 57 284 288 284 36 180 277 118 151 87 206 244 243 279 192 147 92 269 298 220 155 146 156 185 156 112 341 93 198 327 324 201 242 189 186 121 49 257 218 111 58 276 322 194 88 247 302 146 62 150 285 206 62 184 320 126 93 205 239 197 64 169 264 57 237 266 284 277 58 379 217 133 193 194 274 230 208 318 124 207 123 155 225 124 116 291 166 211 117 160 249 345 32 157 211 164 14 241 166 235 109 310
246 142 127 79 284 105 250 101 182 128 121 87 213 89 196 38 501 38 121 45 184 91 93 197 240 170 136 26 172 101 145 200 313 108 344 59 255 155 67 167 279 192 332 112 228 103 134 109 280 83 286 314 115 77 169 110 152 102 275 116 159 49 184 232 200 67 111 70 147 276 124 226 172 168 133 159 162 71 142 130 232 51 99 128 180 41 243 114 254 77 183 167 187 206 247 151 254 53 227 114 355 41 188 21 331 103 244 87 208 143 269 117 321 180 174 201 308 100 320 75 327 87 188 69 241 199 184 47 216 64 154 202 131 138 255 133 291 164 278 45 73 77 245 181 271 80 222 174 210 52 205 91 188 177 113 94 244 45 208 199 240 36 143 1 263 169 191 66 130 76 54 97 148 42 236 96 97 28 243 125 339 58 177 63 284 175 254 50 141 63 274 91 224 120 128 81 146 68 260 59 314 240 155 130 261 143 249 86 287 163 144 88 171 51 216 105 198 104 207 90 227 119 203 109 244 115 301 133 202 106 223 67 271 193 45 136 87 173 226 133 212 104 342 55 264 114 230 139 228 41 236 133 281 221 267 74 338 107 151 129 279 172 250 64 287 173 397 83 280 185 119 235 282 68 208 0 108 25 342 71 289 201 312 165 181 177 260 122 291 157 215 104 265 107 61 162 214 58 161 80 260 264 315 12 237 130 159 127 221 201 234 68 144 21 209 55 209 173 201 112 302 74 258 56 360 222 235 163 63 195 111 72 304 144 141 265 305 74 265 100 235 138 359 205 157 161 258 41 155 164 184 132 196 113 161 11 264 47 175 74 356 133 206 58 191 113 193 172 299 179 263 13 276 146 271 143 289 50 172 186 304 159 330 67 179 69 221 254 134 26 283 53 280 51 144 88 257 239 215 81 248 134 212 51 293 107 78 121 182 36 291 72 137 74 117 80 247 57 219 182 192 117 101 102 407 161 179 137 258 38 223 139 189 136 159 190 174 166 187 99 310 16 295 59 160 212 152 58 222 116 245 74 258 85 215 92 173 76 208 244 218 160 221 79 196 78 215 271 281 125 168 122 228 42 123 208 268 137 267 53 331 89 145 113 136 50 160 87 70 193 192 73 195 54 197 48 213 282 148 105
237 236 29 160 205 180 152 184 78 212 17 21 108 153 92 73 395 145 39 79 79 193 17 163 133 236 73 131 72 143 88 281 260 211 237 80 194 148 43 264 171 173 233 216 165 194 38 139 175 135 183 259 111 34 103 111 46 131 185 190 171 77 140 306 113 134 44 162 82 382 92 184 124 242 82 242 143 174 88 91 154 112 70 26 93 110 174 147 174 86 75 60 143 265 164 232 158 140 121 212 263 149 80 126 229 20 211 195 101 193 249 225 226 278 75 127 225 73 212 113 226 185 143 120 135 193 97 72 130 118 134 224 95 147 149 199 192 189 185 129 36 162 140 272 188 33 159 222 107 158 97 195 88 283 24 202 169 148 153 132 139 137 135 108 156 243 84 84 36 184 54 105 60 105 156 197 33 126 156 220 237 147 72 48 176 249 147 106 59 101 212 163 155 168 80 113 42 155 154 49 211 273 57 143 155 219 142 109 227 213 128 187 116 139 111 147 130 209 109 193 120 134 99 195 141 172 247 143 111 203 125 153 188 137 135 168 43 230 164 198 152 169 242 151 169 32 181 229 129 127 178 211 174 198 173 97 241 14 45 185 172 74 155 129 217 244 292 131 172 234 87 258 182 174 150 108 0 130 257 99 214 304 204 190 183 229 182 172 222 151 173 89 159 104 48 154 137 117 71 120 154 343 208 119 131 36 94 81 114 156 127 164 42 127 124 157 114 245 119 52 202 169 150 60 276 240 141 270 46 87 25 79 216 230 105 221 246 74 162 74 157 186 252 190 139 85 196 117 48 229 123 143 134 131 83 102 165 151 73 166 249 78 99 52 184 199 86 227 191 280 170 119 234 147 193 153 181 107 179 170 226 70 254 175 123 147 158 149 31 88 191 62 199 134 73 142 159 333 131 157 170 236 136 57 196 117 34 86 88 131 187 157 51 110 78 134 175 155 112 207 84 179 7 102 303 158 82 244 195 129 133 50 87 153 109 265 89 174 105 205 224 103 224 115 152 228 120 76 154 190 206 43 193 89 118 56 102 155 183 136 140 93 129 130 143 185 185 366 174 152 72 46 151 148 60 301 168 206 252 75 223 96 44 220 34 79 57 138 112 297 122 36 100 106 145 113 105 317 51 183
242 136 150 84 296 111 274 102 202 127 142 108 233 100 220 57 521 21 146 70 207 81 114 200 260 175 161 25 190 117 169 198 317 97 363 83 263 176 88 158 301 214 356 100 236 100 158 126 299 98 309 338 118 101 194 132 173 120 300 121 154 74 208 231 215 80 135 70 160 259 148 249 179 170 157 158 164 63 167 154 243 48 110 148 205 39 268 130 266 100 205 189 193 211 272 150 270 61 250 106 370 21 210 4 355 126 266 65 229 154 290 99 336 170 193 225 320 125 342 95 344 81 212 64 260 219 209 71 230 81 156 191 139 158 278 140 308 179 292 31 94 80 269 174 284 104 246 183 229 28 226 78 206 161 137 75 255 40 232 224 258 13 165 24 286 170 213 73 149 57 76 119 164 62 261 71 122 36 268 119 357 63 197 86 305 177 276 49 157 64 299 98 234 132 153 80 166 72 283 81 331 252 173 149 280 146 270 87 293 173 166 82 180 58 239 121 208 91 231 80 247 139 226 86 262 126 324 152 226 99 247 72 284 217 52 126 104 181 251 140 220 112 366 31 289 133 254 135 245 52 260 135 302 242 292 77 354 130 171 138 300 196 275 79 296 176 420 99 302 194 144 249 299 55 233 25 130 0 367 74 298 187 333 181 176 186 271 109 299 178 238 127 288 130 81 183 226 53 185 98 280 261 337 14 259 154 184 152 242 225 257 65 164 22 234 30 226 176 226 127 319 71 279 81 371 237 251 144 87 216 135 96 318 142 165 288 310 98 288 125 246 150 382 226 179 186 282 34 177 169 209 152 205 133 186 35 281 41 198 74 376 158 229 82 188 90 215 180 320 154 287 23 279 166 296 139 310 49 191 207 314 184 354 49 187 52 246 277 157 51 307 78 291 61 169 103 274 230 240 63 259 123 237 73 309 127 101 145 198 17 310 52 154 94 141 70 257 55 241 197 213 126 123 125 425 181 196 115 265 47 238 156 208 154 183 190 189 185 212 82 323 39 320 55 159 227 175 83 232 121 267 93 267 108 239 106 185 83 230 265 230 185 236 70 203 56 237 261 301 142 185 138 240 32 137 200 292 143 287 78 353 112 168 96 156 62 183 102 67 178 217 96 211 74 221 44 234 292 172 85
468 411 228 345 345 345 114 360 238 377 257 275 225 322 175 320 321 374 226 297 187 396 273 387 207 362 206 355 254 295 198 419 436 411 227 286 375 230 294 439 177 204 79 417 356 378 219 281 232 305 109 110 364 272 174 251 239 280 73 350 421 293 175 422 289 321 233 360 310 573 224 156 349 379 210 395 383 382 201 217 325 365 324 257 165 360 106 285 327 271 203 219 364 366 95 385 277 341 172 404 336 380 206 363 96 249 170 423 206 317 200 439 309 452 255 142 346 243 173 290 275 383 172 375 224 225 161 295 296 306 375 474 338 253 150 343 270 279 299 378 287 351 147 434 328 268 129 326 240 392 200 403 253 482 238 423 337 365 148 146 247 377 232 343 160 380 203 341 267 407 296 262 278 313 106 438 249 345 101 402 271 347 236 284 192 384 172 359 284 357 97 336 338 307 215 370 248 349 155 293 262 321 259 259 224 368 201 365 401 324 225 384 337 342 165 296 328 414 151 398 209 263 171 446 239 319 113 256 145 394 137 346 328 158 342 423 300 344 127 341 352 330 86 395 95 279 143 400 257 335 125 368 202 193 88 354 306 249 242 324 204 184 105 317 373 376 142 301 161 331 227 295 264 390 144 342 257 367 0 355 362 489 186 278 428 335 337 428 379 230 161 245 157 250 298 228 317 371 187 293 218 461 180 353 159 222 183 216 211 164 168 366 251 353 135 397 266 376 141 300 274 367 194 287 379 280 278 479 284 212 239 273 325 391 210 143 416 270 120 244 325 312 158 210 217 181 107 367 215 357 161 256 338 266 181 332 264 368 187 361 226 209 182 288 424 450 193 338 189 520 89 347 431 242 72 404 183 360 248 211 362 188 39 399 340 399 129 146 227 316 69 289 339 335 198 308 269 488 128 410 331 428 130 303 285 261 272 225 270 375 239 407 279 289 227 390 345 362 190 281 212 329 264 254 294 235 263 469 373 341 287 275 244 265 188 397 288 250 156 419 337 329 66 369 396 271 206 285 341 351 157 298 367 265 142 311 312 340 191 184 318 182 282 386 355 416 180 520 212 277 264 288 324 370 302 461 107 350 212 289 177 264 212 434 255 332 203 304 368 490 151 278 268 304 158 365 205 347 206 437
176 209 128 150 225 177 250 171 152 198 102 80 182 159 189 50 465 94 131 93 176 155 83 127 212 241 160 94 137 166 172 270 244 170 310 107 189 207 63 232 256 242 330 173 163 172 136 171 243 150 279 349 45 88 193 161 129 163 284 187 92 96 221 302 150 136 128 140 93 326 162 266 106 239 163 229 91 136 171 166 173 27 45 105 191 35 268 177 196 125 167 149 120 277 262 221 207 125 212 179 302 93 169 72 325 107 289 130 184 213 321 168 270 243 138 222 250 137 297 136 283 154 225 23 208 254 195 88 164 129 83 140 67 196 242 204 247 228 227 51 70 148 235 248 214 93 250 243 174 96 184 152 150 231 118 143 184 112 240 224 201 71 194 72 246 240 173 15 100 127 70 150 107 106 253 116 111 99 255 192 296 130 148 82 257 246 235 24 98 9 304 162 163 188 159 15 121 139 245 70 271 308 121 188 226 214 222 16 219 233 192 155 108 122 206 171 138 164 208 153 199 177 195 103 206 185 336 190 210 172 223 138 214 225 116 75 57 244 255 204 147 174 338 74 267 84 266 207 186 112 267 204 252 270 272 4 289 107 127 198 249 173 254 133 224 245 384 149 261 255 157 300 238 129 239 71 99 74 355 0 226 259 286 229 112 247 200 74 226 210 255 147 249 157 62 215 156 26 169 143 227 334 291 75 224 134 183 159 193 239 218 136 118 89 221 86 166 245 216 69 257 143 232 87 300 285 187 211 80 171 117 118 249 214 179 305 237 116 259 137 176 207 341 257 205 179 288 41 145 235 212 190 133 172 178 76 220 113 171 144 323 161 192 80 120 106 178 242 272 195 269 83 206 201 290 74 264 25 231 237 242 167 351 120 115 56 250 242 129 79 290 86 221 122 164 156 212 304 229 63 189 196 232 61 245 162 88 157 139 62 253 69 98 134 151 36 185 126 199 247 170 187 92 152 365 215 139 175 192 109 174 102 155 196 192 260 126 225 201 154 254 83 319 23 89 274 193 103 160 187 287 57 194 133 216 49 116 147 255 222 160 183 172 32 130 120 260 334 249 187 129 83 170 105 75 273 266 208 321 98 307 139 143 165 111 30 155 154 14 248 215 82 152 116 231 31 189 350 150 87
164 431 226 361 17 385 257 385 154 413 197 223 147 361 214 252 291 319 242 282 210 379 217 118 157 446 273 314 148 355 287 486 76 395 176 289 46 358 232 455 187 376 295 398 65 391 228 353 133 345 253 420 186 243 289 324 180 344 299 396 194 282 333 514 102 340 253 357 142 551 302 371 121 450 287 445 151 359 289 299 59 254 189 189 259 261 334 360 42 299 191 186 112 477 302 436 86 337 197 402 95 319 183 296 280 233 401 356 169 406 443 395 81 468 146 296 35 286 207 323 119 375 336 244 139 399 260 275 85 326 155 220 160 360 212 408 100 403 65 277 230 362 219 469 35 244 331 436 134 322 178 377 136 457 232 369 45 333 334 308 117 297 346 289 202 450 184 225 178 354 251 319 154 307 304 336 246 316 289 414 132 344 160 253 174 457 191 250 157 235 372 369 64 380 286 226 177 353 207 245 121 486 159 356 139 425 161 217 47 426 338 377 119 336 212 360 91 389 239 377 158 348 214 311 124 382 411 356 260 395 245 352 34 322 330 223 206 443 335 407 80 377 296 300 273 187 362 427 111 323 350 416 163 396 281 222 100 226 178 397 161 230 270 335 13 453 300 342 202 447 297 470 102 354 329 289 214 298 362 226 0 485 191 403 179 442 32 248 18 360 362 302 205 318 238 364 78 252 245 331 144 549 199 296 208 231 285 288 158 345 198 356 176 309 276 312 111 453 279 179 102 362 168 265 75 452 89 436 250 171 234 291 51 431 311 400 56 286 243 287 57 399 249 393 347 269 360 267 205 439 307 356 93 345 266 289 98 335 221 361 188 281 198 255 163 312 194 439 182 404 285 302 90 359 331 192 184 251 390 375 17 245 381 346 111 276 330 217 217 282 299 267 23 333 267 352 93 528 281 277 44 421 299 246 86 331 243 296 128 289 131 288 164 321 288 248 41 345 181 420 173 389 214 315 186 368 136 399 42 323 87 164 144 367 306 472 124 386 271 380 45 293 367 249 166 439 325 284 67 396 392 220 37 302 245 197 117 357 381 180 74 283 92 245 99 346 380 559 154 365 144 174 63 328 168 496 257 414 450 282 211 309 222 392 181 239 215 348 237 474 298 241 120 312 331 257 167 530 228 291
404 78 315 150 483 144 424 131 381 112 319 285 411 169 382 239 698 167 304 226 372 111 291 381 436 142 303 176 372 195 303 100 498 93 540 229 448 259 267 51 471 290 503 89 422 115 321 208 479 188 463 422 301 270 325 241 350 211 436 139 320 229 315 129 401 178 291 143 347 84 273 339 364 122 291 99 344 131 299 281 430 232 297 326 351 224 383 205 453 234 375 362 377 162 404 108 455 165 417 92 556 166 382 189 506 293 339 131 403 177 339 92 522 39 375 355 507 263 511 208 528 119 317 243 439 277 355 232 417 195 337 338 325 237 442 148 492 218 479 209 272 146 430 63 471 272 360 179 409 163 399 110 388 33 302 117 442 157 341 347 441 188 257 200 452 121 385 260 330 131 251 233 349 200 390 161 283 178 405 89 539 158 376 255 478 121 445 234 342 250 399 156 421 182 287 261 345 151 448 256 514 231 355 230 459 124 445 269 476 176 265 118 366 165 402 194 395 97 386 111 423 226 389 198 443 170 410 233 372 102 400 154 471 332 169 287 288 162 362 150 406 160 514 187 434 315 350 89 428 177 365 122 477 311 434 263 539 299 349 166 475 354 419 183 482 129 576 193 469 181 272 247 483 133 345 201 304 187 489 259 485 0 505 220 342 172 458 261 485 260 331 254 454 244 260 263 413 234 338 203 458 129 507 191 424 316 318 285 418 326 423 140 344 180 373 174 410 128 364 313 503 136 453 245 558 249 436 60 257 390 300 236 504 99 283 368 493 242 444 262 433 180 546 291 272 328 386 218 346 143 332 233 392 224 330 204 465 154 359 140 552 295 396 251 358 199 384 166 493 151 428 188 457 247 418 310 482 234 247 283 501 337 465 139 374 214 360 439 324 216 445 242 478 172 313 184 458 64 377 217 446 68 366 251 494 231 270 275 383 196 491 203 338 211 276 242 444 149 412 224 387 160 299 241 606 256 379 102 450 174 424 340 389 225 305 116 375 244 352 105 510 202 429 237 335 249 284 233 418 139 347 275 452 238 391 292 372 156 306 436 417 320 422 244 388 141 317 82 478 212 368 323 427 159 323 54 443 141 329 231 522 235 332 94 336 248 348 188 249 16 345 268 396 203 331 228 408 251 333 215
330 432 189 356 174 370 113 378 134 404 192 225 104 343 125 276 195 350 201 279 134 395 219 255 74 414 211 335 150 323 217 467 267 413 47 276 217 288 246 462 34 286 110 418 208 392 184 314 60 323 84 271 271 236 202 277 161 307 142 379 315 277 239 485 155 329 215 362 203 585 245 258 227 425 225 432 268 376 220 238 173 307 242 186 167 308 202 320 165 273 130 144 234 434 163 421 115 340 89 413 150 353 124 330 93 212 286 399 104 366 328 429 126 476 148 188 168 246 16 301 89 386 240 309 81 313 166 273 153 312 264 361 237 302 71 382 92 344 126 328 239 360 84 466 159 234 212 389 114 362 107 399 138 486 203 406 180 352 225 201 96 339 281 313 57 427 121 275 187 388 258 281 180 305 173 397 222 329 151 418 85 347 138 251 29 432 60 301 189 292 231 355 190 345 228 296 168 354 62 253 77 415 165 303 66 406 64 288 236 382 271 387 215 340 107 327 193 412 131 396 87 300 119 389 88 353 266 301 153 403 123 351 160 220 336 330 233 402 214 380 210 356 108 352 120 204 244 425 113 328 226 400 36 294 127 283 121 207 163 365 39 154 127 324 204 426 113 318 41 398 243 393 89 378 219 312 204 333 186 286 191 505 0 344 312 398 174 346 209 290 254 258 57 272 252 290 174 310 172 307 62 524 8 323 85 189 205 230 93 242 83 365 170 331 162 360 131 426 170 217 92 369 55 261 194 374 126 474 250 118 205 269 146 422 244 273 247 264 89 247 172 359 62 301 273 190 225 316 159 408 210 302 204 300 187 306 97 355 147 365 53 220 110 256 302 392 121 397 14 479 134 323 274 295 182 302 23 303 319 289 187 173 215 379 214 342 211 75 181 291 138 264 169 333 201 329 105 527 163 349 172 437 183 261 106 288 236 241 152 333 60 353 188 298 237 321 187 356 93 355 120 363 210 273 123 297 150 448 214 331 140 184 131 313 226 448 170 317 173 409 158 306 213 308 284 362 251 272 194 379 274 241 207 271 129 237 191 351 283 69 172 202 137 317 222 389 277 561 42 319 158 203 173 352 212 496 101 389 338 274 23 276 173 424 178 277 157 324 300 500 195 240 142 302 228 309 99 453 172 373
404 144 180 107 394 90 239 107 257 111 207 185 278 83 223 180 536 173 163 137 217 154 190 342 292 84 138 156 258 65 128 141 448 163 387 125 383 56 183 169 311 74 308 168 355 124 179 58 340 82 279 202 268 165 141 80 226 66 238 88 321 135 111 147 302 101 151 127 269 301 105 122 307 102 123 121 313 150 126 110 344 216 237 215 176 205 175 52 363 109 230 226 326 93 204 112 340 123 258 149 443 179 239 178 315 171 119 201 261 43 123 197 406 181 260 161 412 117 344 93 396 140 112 233 302 57 178 144 319 102 303 366 270 44 273 73 367 2 369 210 182 114 260 160 376 162 153 49 284 189 253 164 272 220 171 194 359 151 134 149 314 193 63 165 287 103 240 218 226 184 167 86 250 124 190 234 157 145 210 141 404 123 250 159 323 106 285 212 248 223 183 91 345 51 122 242 227 118 281 170 380 83 244 47 319 96 297 245 417 46 73 141 301 125 239 60 319 170 213 157 281 56 227 262 313 62 190 47 192 142 222 116 377 131 130 300 209 66 154 71 340 78 320 210 243 219 135 133 309 129 153 99 326 92 241 231 418 177 227 58 325 194 230 102 407 98 386 83 303 56 109 71 357 164 139 165 190 181 278 229 403 220 344 0 341 58 371 287 412 54 117 102 287 86 179 55 327 223 175 87 316 186 343 169 259 175 139 120 277 116 262 135 228 158 186 203 298 98 176 233 377 132 301 148 463 56 326 227 162 251 170 118 401 121 101 149 436 121 263 117 347 42 367 72 71 155 171 206 206 80 137 47 322 60 158 157 343 153 203 125 396 129 241 159 348 266 234 61 334 297 233 159 419 49 210 303 323 214 30 67 415 175 250 180 309 232 153 269 189 150 246 148 388 120 147 78 339 211 187 244 360 170 170 175 375 73 165 110 276 197 352 233 241 95 117 245 365 138 261 18 248 69 190 89 462 47 269 233 384 135 320 240 267 37 118 119 279 29 171 181 410 150 214 224 315 47 92 129 344 89 128 196 382 104 215 223 291 105 88 282 330 141 316 243 329 200 99 242 331 42 260 233 341 160 244 185 258 79 116 134 354 96 188 193 223 200 200 79 232 224 152 168 286 113 126 213 265 127 184 265
66 308 212 258 186 285 316 278 194 303 177 173 216 270 253 161 461 194 222 203 242 253 172 63 244 350 255 200 177 278 269 373 162 265 320 217 133 315 164 326 290 348 385 266 120 275 219 283 257 262 335 443 75 189 286 270 190 275 355 296 23 206 321 407 157 247 223 246 119 395 266 366 86 346 262 333 46 236 269 268 150 130 114 174 273 140 357 289 168 235 226 210 79 386 341 326 205 233 263 277 272 191 224 176 376 199 392 213 229 324 426 252 249 336 177 310 212 241 327 247 276 255 325 113 233 362 277 198 161 241 53 49 91 306 291 314 243 339 211 145 169 255 289 345 185 193 342 354 203 188 233 247 182 311 207 228 151 216 336 316 216 168 302 181 290 346 227 123 163 217 177 259 151 218 336 182 208 207 331 292 291 237 194 187 285 352 277 131 144 119 395 271 132 299 259 100 181 247 291 175 270 419 169 298 247 321 254 96 151 344 298 256 98 231 265 283 121 257 278 250 236 288 258 148 224 296 430 300 288 272 292 247 185 320 224 56 144 354 347 313 109 284 391 161 334 154 364 309 200 222 361 311 276 375 341 110 269 196 186 309 274 248 324 244 170 352 423 260 300 366 260 412 238 226 333 181 183 176 428 112 179 342 312 341 0 358 166 82 170 318 355 253 293 265 166 323 142 124 251 254 250 435 319 182 276 219 277 259 231 338 268 241 178 196 302 174 181 352 299 132 251 247 265 195 252 397 189 286 185 220 207 227 221 318 282 404 163 225 316 242 152 318 373 364 311 268 379 142 216 344 306 300 110 282 266 187 223 216 244 250 334 259 249 186 17 148 236 352 299 234 340 191 119 310 371 38 294 131 341 343 196 251 432 212 98 132 342 294 209 191 360 195 185 232 256 267 213 396 310 126 159 288 318 168 235 272 189 260 165 160 263 141 150 246 253 106 148 231 246 358 220 297 178 260 355 324 171 244 137 218 174 154 191 307 290 366 147 335 286 243 220 193 405 122 32 385 297 213 128 296 387 153 143 242 287 129 123 256 360 262 144 276 176 106 94 204 364 423 271 299 167 143 148 207 128 368 327 317 427 208 335 249 222 250 175 141 228 265 111 329 306 183 173 228 327 133 232 462 230 129
423 104 224 102 434 76 296 88 302 78 247 220 326 88 275 202 591 172 209 163 268 133 225 369 342 30 189 160 300 87 181 85 480 136 441 154 417 112 213 124 365 131 366 140 389 101 226 90 390 99 336 255 290 199 196 124 270 99 296 67 336 162 169 89 342 111 195 119 303 251 154 179 338 50 174 73 336 138 178 160 383 228 264 255 230 218 233 83 403 144 279 273 355 37 262 67 385 125 310 120 489 177 288 184 373 211 173 186 310 37 167 171 453 134 303 218 454 160 399 119 445 122 170 246 351 111 233 170 360 120 327 377 298 96 328 47 414 57 413 217 213 107 315 109 418 198 211 9 330 185 303 144 315 179 214 175 397 149 193 207 361 196 117 177 341 51 290 239 264 171 195 125 289 142 248 223 198 151 267 107 454 122 296 190 376 52 338 227 285 239 240 87 381 62 172 258 269 114 336 199 430 71 286 95 369 56 349 263 450 16 127 122 333 128 292 82 355 145 267 137 331 100 280 257 361 63 243 96 247 116 277 113 418 189 134 311 240 10 212 47 374 74 378 210 301 255 193 94 354 136 211 64 378 146 299 250 465 218 271 49 377 246 287 114 444 44 444 102 358 10 157 78 404 152 198 177 229 186 335 247 442 172 398 58 358 0 411 294 449 111 174 145 342 130 208 112 365 235 227 111 366 129 398 177 312 221 193 170 326 175 315 126 270 164 242 200 342 44 233 266 425 121 353 178 505 77 369 191 193 299 212 151 444 79 154 202 469 156 320 160 386 43 424 127 128 208 229 217 253 30 194 96 356 101 211 171 389 149 254 115 450 179 292 189 368 260 284 7 388 273 291 167 447 103 268 320 376 227 88 125 455 226 306 169 341 237 212 324 234 170 304 177 428 126 198 93 385 155 244 247 399 135 228 201 421 114 200 159 318 202 402 234 278 122 164 255 402 133 313 56 296 60 228 131 514 105 311 207 419 140 362 278 312 85 173 62 318 87 226 159 453 165 271 236 336 77 148 159 380 68 183 225 418 141 270 252 327 103 145 334 368 195 358 254 361 188 156 185 382 80 301 269 379 158 277 131 315 47 157 162 410 134 235 168 263 221 249 96 247 179 209 201 329 134 184 225 315 108 233 264
163 402 194 331 25 355 229 355 123 383 165 191 118 330 184 223 296 291 210 252 179 351 185 103 131 415 241 285 116 323 255 456 99 367 167 258 43 326 201 427 165 344 273 370 46 361 196 321 115 314 229 391 162 211 258 292 148 312 272 366 178 251 302 483 70 309 221 328 112 525 270 340 97 419 255 415 132 331 257 267 28 227 161 157 228 234 304 328 11 267 160 155 91 446 273 405 61 308 169 374 107 291 152 269 259 201 370 330 140 374 412 368 83 439 114 266 50 254 190 292 114 346 304 219 114 367 230 244 53 295 134 211 133 328 187 377 87 371 51 251 199 332 192 440 19 212 300 404 104 295 148 349 105 430 200 342 16 304 303 277 91 270 314 260 178 419 153 197 146 327 220 287 122 277 275 312 214 286 260 385 129 314 128 222 154 426 166 224 125 209 343 338 38 348 254 201 145 323 182 215 112 454 127 324 116 395 136 192 64 394 306 348 93 306 183 328 62 362 209 349 131 316 184 289 99 351 381 324 230 366 216 322 19 291 300 205 175 411 305 376 59 346 275 274 246 156 331 398 82 294 319 386 143 364 254 196 103 194 146 365 141 199 242 304 38 422 286 310 180 415 265 438 86 326 298 260 182 271 337 200 32 458 174 371 166 411 0 228 44 328 331 270 181 286 207 331 47 226 214 300 121 519 182 268 181 199 253 256 129 314 171 327 144 281 246 286 80 422 248 149 92 333 144 234 100 420 60 411 219 141 202 260 55 401 279 370 79 255 217 255 25 367 235 362 315 237 330 240 173 408 275 324 67 313 234 259 77 307 190 332 179 249 168 224 151 290 163 407 164 383 257 273 100 327 303 173 164 224 358 343 45 214 355 319 86 252 299 191 185 252 273 236 21 303 235 321 70 499 251 254 12 393 268 216 75 299 211 263 96 262 115 264 132 289 256 224 18 316 153 388 143 358 183 283 190 336 104 374 40 293 56 132 112 335 274 442 93 354 240 353 56 263 339 223 148 407 293 253 41 366 361 190 33 270 216 168 87 327 350 154 43 251 61 221 77 320 348 530 134 334 112 143 32 300 138 467 231 383 418 251 196 278 190 365 149 210 183 317 211 448 267 210 88 281 300 230 138 497 196 269
143 232 201 192 252 219 322 209 214 232 173 154 243 209 259 119 514 124 205 158 246 178 156 131 272 282 233 134 197 223 245 298 242 188 364 173 204 274 137 248 318 310 399 188 184 204 209 231 297 205 348 422 75 161 267 228 197 224 356 229 60 162 293 334 197 188 201 177 143 313 233 338 133 276 235 260 97 163 244 237 206 74 107 174 264 83 342 236 228 192 235 218 137 319 335 254 252 170 279 201 335 119 236 111 393 181 359 133 249 263 388 171 308 257 198 295 278 207 358 197 328 182 297 58 265 320 269 155 207 186 94 83 109 259 309 248 293 286 266 78 143 188 303 268 246 166 324 292 232 113 250 170 208 229 191 148 212 146 313 298 254 98 261 122 311 275 240 89 167 140 142 215 167 164 327 101 185 144 328 217 342 172 212 154 317 282 299 79 158 74 378 207 191 241 231 59 188 180 311 142 319 361 184 251 283 252 282 63 227 282 260 183 141 167 275 227 171 179 279 174 261 240 265 66 261 235 409 254 283 198 295 181 246 297 161 26 129 289 328 248 170 221 407 86 339 153 339 234 238 160 340 241 310 338 344 75 328 180 194 247 308 245 326 186 241 282 449 205 325 303 228 357 286 152 312 122 172 109 428 74 248 261 346 287 82 294 228 0 242 276 326 216 314 224 135 281 193 67 242 202 285 359 351 119 291 207 256 231 255 310 285 171 185 131 295 99 218 282 290 133 302 177 293 157 323 344 234 205 152 237 190 185 282 245 250 377 241 185 328 208 209 258 403 324 274 252 361 81 216 276 285 253 163 235 251 131 268 147 243 181 377 234 260 151 98 66 246 288 332 156 341 129 200 266 363 56 325 77 294 304 265 241 425 136 146 58 323 310 202 141 362 155 249 170 237 210 259 317 302 49 219 210 305 133 288 226 162 228 194 92 305 63 161 195 222 44 211 162 265 304 235 234 165 219 410 281 196 162 208 155 219 165 215 257 264 294 177 288 275 164 284 138 393 67 83 334 264 170 187 229 358 131 212 200 288 118 159 192 324 285 196 257 219 46 151 125 330 343 306 247 188 147 203 138 135 289 336 251 387 165 368 206 216 170 179 101 226 209 63 248 289 155 205 175 303 76 252 401 222 47
150 433 236 365 36 389 273 389 166 417 205 229 162 366 228 255 306 320 252 287 223 380 223 111 173 451 284 316 159 361 298 489 58 396 194 295 38 367 237 457 204 387 312 399 63 393 238 360 152 351 270 435 185 249 301 332 191 351 315 401 186 288 345 518 112 344 262 360 146 549 311 383 120 454 297 449 146 361 299 309 68 253 191 197 272 261 348 367 55 305 204 198 108 483 317 439 102 341 213 404 109 319 196 297 298 241 414 355 184 412 456 394 98 469 157 310 51 294 225 329 137 377 348 243 156 410 274 280 96 331 151 209 160 368 229 414 118 411 83 276 236 365 235 471 52 251 344 442 149 322 192 378 148 456 241 368 53 335 347 321 133 297 355 291 219 454 197 226 186 353 255 327 161 312 319 334 254 318 304 416 150 347 172 258 192 461 208 251 163 235 387 373 68 386 296 225 187 356 224 250 139 495 169 364 156 429 178 216 29 433 347 379 120 339 227 366 94 390 253 379 174 356 228 306 141 388 426 365 274 396 260 355 51 335 333 217 210 449 349 412 79 382 314 299 289 193 375 430 126 327 364 420 181 408 297 222 117 235 188 402 179 243 286 339 6 458 319 347 220 454 306 479 120 355 342 291 222 299 379 226 18 485 209 412 170 449 44 242 0 370 375 310 222 326 243 373 85 251 257 337 161 553 217 298 224 242 296 298 173 358 214 358 185 311 290 312 124 458 293 184 120 364 185 271 82 461 103 435 256 185 243 298 69 434 321 414 38 293 260 295 66 405 268 404 357 281 374 267 216 444 319 365 95 352 278 292 116 337 234 364 206 292 212 260 153 307 208 445 200 398 301 304 73 368 346 186 202 251 399 386 30 257 398 346 112 274 343 234 227 286 315 272 41 336 278 358 110 529 296 274 54 422 313 250 104 339 249 305 139 289 149 286 171 327 297 245 47 347 196 428 187 394 222 323 202 378 147 396 35 326 100 172 156 375 317 476 132 395 284 380 61 296 383 248 160 448 336 290 69 401 405 225 32 309 260 200 122 361 393 196 82 294 105 243 97 345 392 560 172 373 154 180 71 330 173 498 274 419 462 287 230 317 233 391 190 241 227 354 236 474 311 247 132 317 343 257 182 538 239 286
379 181 135 124 350 118 185 133 210 148 166 150 228 99 170 160 482 176 118 118 166 176 154 310 240 134 89 157 213 71 77 191 411 189 334 104 344 3 154 209 258 36 255 194 316 152 133 58 288 87 225 169 244 132 87 49 181 60 185 121 301 115 58 200 259 106 108 142 232 343 59 81 273 150 74 165 285 166 75 62 302 202 208 174 123 193 125 58 319 85 180 178 292 147 151 154 292 130 205 178 394 182 189 175 262 131 90 215 210 87 112 220 357 222 215 107 366 79 290 83 345 162 60 219 252 44 124 122 275 98 275 350 239 24 219 113 317 55 322 202 151 131 206 204 332 128 102 102 236 194 202 185 226 255 129 211 317 158 83 96 265 190 16 157 233 151 190 197 185 198 141 61 210 116 137 242 118 145 156 174 352 133 204 131 269 155 232 198 209 205 140 111 304 78 74 224 183 132 227 143 329 129 201 32 268 138 245 225 378 98 23 163 266 132 185 70 280 193 159 179 230 41 175 263 263 90 155 29 137 170 168 129 332 77 135 285 178 118 104 111 303 102 267 209 189 182 91 171 261 130 105 138 273 64 188 211 368 137 183 94 272 143 176 105 365 147 333 84 249 110 64 110 307 178 88 157 151 178 230 210 360 260 290 54 318 111 328 276 370 0 72 65 233 53 152 5 285 210 124 81 265 240 289 164 205 129 86 73 227 67 209 150 185 157 131 205 252 148 122 199 327 149 249 123 416 92 279 256 133 201 128 92 354 161 50 115 397 94 209 79 305 82 313 48 17 102 126 196 158 129 83 29 284 46 105 147 294 161 151 142 342 80 189 132 323 268 183 113 281 314 180 155 384 13 160 282 269 199 31 29 371 123 205 192 273 226 102 215 144 136 194 124 343 125 97 87 290 259 133 238 317 202 116 150 326 51 132 65 232 193 301 229 201 83 73 232 323 149 210 66 198 100 153 58 409 8 225 254 345 136 275 200 220 35 64 169 238 28 117 202 364 141 169 210 290 79 39 107 304 121 94 166 342 77 161 193 253 120 53 229 288 88 270 230 294 211 62 292 278 48 216 196 299 166 209 231 204 120 111 112 300 71 140 216 180 180 151 84 216 261 98 136 241 104 74 200 215 171 135 262
410 253 148 195 349 190 142 205 208 219 184 182 218 170 152 208 438 240 135 172 153 246 183 335 221 200 101 220 217 142 86 258 422 260 301 157 355 73 193 281 225 43 198 266 328 224 142 128 267 156 178 100 281 168 74 107 187 129 128 193 341 167 34 262 264 174 132 212 253 414 93 11 296 218 93 235 316 236 86 89 308 254 241 190 104 246 61 130 321 139 172 177 314 206 96 225 284 197 180 250 378 246 180 235 207 156 39 283 197 156 81 291 343 294 219 69 361 119 250 147 323 233 30 269 236 66 103 173 279 163 307 392 268 96 185 183 300 118 313 259 188 201 172 274 330 164 43 165 229 258 188 256 227 327 149 280 323 225 30 56 254 251 79 216 200 219 180 241 202 266 185 120 224 177 83 306 147 209 105 246 327 202 203 173 239 223 202 248 226 253 68 183 314 150 97 270 193 202 193 185 307 168 211 103 249 208 223 269 387 163 74 234 286 199 161 142 293 265 131 249 213 110 154 324 250 162 86 100 107 241 133 199 331 40 201 330 211 182 42 181 318 174 209 270 139 205 19 242 254 195 37 209 246 40 136 255 350 160 190 165 246 132 129 172 369 214 276 153 214 170 99 143 291 246 36 215 173 238 161 255 362 331 254 117 355 174 331 326 375 72 0 112 199 109 193 69 293 261 118 147 244 301 252 224 176 141 81 97 212 18 182 220 195 220 95 267 251 215 88 226 309 219 224 169 408 125 275 328 175 192 149 144 345 232 76 50 406 143 166 119 310 152 265 51 62 95 55 250 159 196 56 101 300 115 98 205 281 227 141 212 307 97 170 175 357 328 170 177 248 382 127 216 402 85 95 322 236 250 87 50 370 118 134 259 293 282 44 180 154 191 136 171 342 192 102 157 280 327 92 294 321 274 72 194 312 114 168 98 237 251 279 287 219 147 104 283 330 218 190 120 190 172 178 114 377 75 229 324 355 202 275 216 219 107 65 236 248 89 92 272 356 200 98 260 324 115 63 158 315 193 32 203 351 130 129 226 268 191 32 204 295 83 270 280 312 278 23 359 252 120 223 219 305 231 233 300 157 190 88 164 260 127 144 287 194 226 148 154 264 333 65 174 243 166 31 253 200 202 137 320
313 178 79 104 292 113 170 123 157 147 105 86 180 86 134 97 454 131 63 60 126 152 90 245 198 157 49 111 156 65 49 209 348 169 299 45 282 62 89 207 225 95 249 174 254 139 80 56 245 67 209 211 179 67 73 22 125 49 185 121 236 55 81 228 200 77 50 116 169 337 21 123 209 167 37 174 220 137 46 29 243 142 142 113 97 134 142 63 261 27 135 128 228 182 153 163 240 96 170 163 344 137 143 123 252 69 143 178 166 110 174 194 307 221 159 104 311 16 262 46 300 140 84 158 206 109 100 61 218 62 210 286 174 58 191 124 269 101 269 147 86 109 178 209 275 63 120 137 185 149 159 159 171 241 70 178 258 120 105 100 216 139 49 104 203 168 145 133 124 162 77 22 149 68 140 197 56 101 153 165 309 102 150 66 234 174 198 137 147 143 171 99 243 88 33 162 125 106 198 78 285 185 143 54 225 147 205 162 316 129 45 141 202 97 152 68 218 170 132 154 186 46 139 212 216 95 197 55 118 154 146 103 275 91 97 222 113 148 124 122 240 98 260 158 180 119 126 169 209 90 133 142 236 123 181 147 320 75 126 107 234 104 165 73 305 168 322 62 220 148 19 170 259 144 106 104 89 127 245 147 302 254 258 102 253 145 270 216 310 65 112 0 204 16 87 70 225 150 87 51 222 267 260 113 174 76 64 31 182 98 175 122 127 110 120 157 197 168 110 135 279 124 211 59 362 152 225 236 68 154 68 32 300 164 37 162 335 31 190 15 245 104 293 110 58 74 155 138 108 151 84 55 221 44 76 93 244 123 111 118 309 41 150 67 258 216 141 144 247 276 175 106 320 59 173 218 236 139 91 90 313 85 229 154 210 170 120 188 89 79 193 61 286 90 59 72 240 270 124 182 258 189 116 86 276 31 67 21 175 139 258 175 140 44 22 172 263 117 169 118 151 105 89 15 371 72 168 223 283 96 219 139 167 65 57 190 178 86 98 174 309 89 194 149 225 140 49 46 243 121 142 101 281 20 137 127 190 99 109 192 229 66 215 170 230 172 114 303 239 65 158 133 240 125 144 238 189 131 174 52 273 20 90 189 121 117 105 67 154 252 95 71 185 59 94 141 170 228 88 208
322 380 140 304 188 316 61 325 101 351 149 180 77 289 71 231 250 303 149 230 82 345 175 243 52 358 156 287 118 268 161 412 279 363 102 225 220 231 201 409 27 230 94 368 204 339 133 258 78 269 48 226 241 189 146 222 119 253 97 325 292 226 183 429 140 276 163 311 176 535 190 203 208 370 169 378 247 327 164 182 171 267 208 144 111 267 150 265 171 220 83 100 220 378 112 366 120 289 38 361 188 306 80 284 83 163 233 353 66 310 275 381 157 423 118 132 190 192 58 247 129 335 183 271 68 257 109 224 144 259 241 341 210 246 14 327 116 287 142 287 194 308 27 413 171 186 157 333 91 316 65 349 111 436 153 359 182 303 170 145 91 295 225 266 3 371 76 236 148 341 212 226 148 254 120 355 171 281 99 366 131 296 103 203 42 377 17 261 156 253 182 301 186 290 172 260 128 302 6 207 114 359 131 247 67 351 45 253 245 326 215 337 196 289 52 272 180 362 74 346 58 244 65 350 83 299 220 245 96 352 67 300 171 164 286 302 193 346 160 325 202 302 99 309 73 165 190 372 103 278 173 346 50 239 80 246 159 159 122 310 51 100 75 271 216 370 135 265 16 342 188 336 109 329 164 265 159 288 157 249 205 454 57 287 293 342 181 314 222 233 199 204 0 217 207 234 166 271 117 253 61 468 56 277 30 138 149 175 63 187 31 315 131 283 105 316 116 370 114 182 121 318 37 212 227 318 123 425 202 78 155 217 170 368 187 221 260 212 40 193 171 304 94 245 216 134 175 274 111 352 153 246 191 244 131 258 107 306 94 314 109 165 59 208 285 354 73 341 49 438 86 276 277 239 135 277 38 263 263 233 206 119 178 332 197 302 157 19 132 243 96 215 182 282 145 275 112 473 107 311 175 386 127 215 130 233 188 186 128 290 87 313 153 245 182 284 190 306 50 299 79 308 165 218 178 241 123 402 218 281 133 150 102 257 169 393 147 261 117 361 182 258 169 269 263 305 195 222 190 325 220 199 212 218 73 199 171 299 227 31 166 146 129 280 209 343 221 507 59 264 128 167 170 304 179 442 54 335 285 223 69 222 122 376 138 235 106 270 263 449 139 192 121 250 172 269 62 397 120 336
326 167 95 96 308 101 180 113 173 135 121 100 196 75 148 107 467 131 79 66 140 146 105 259 213 142 62 111 172 51 59 195 363 161 314 51 297 51 102 196 239 86 259 167 269 130 96 41 261 57 220 208 191 81 81 6 141 35 192 109 247 62 80 213 216 70 66 110 184 328 29 120 224 153 48 161 233 132 55 37 259 150 155 129 109 141 146 48 277 32 150 144 242 166 160 150 256 92 184 155 360 137 159 126 262 85 137 176 181 95 165 189 323 210 175 111 327 32 275 40 316 133 84 166 222 98 112 69 234 56 223 296 188 43 204 110 285 85 285 152 99 101 191 197 291 78 123 122 201 149 174 153 187 233 86 175 273 117 106 105 232 142 38 108 216 154 160 144 140 159 88 12 165 68 147 197 71 100 161 155 325 97 166 78 249 160 212 145 163 152 172 88 259 73 45 171 142 99 212 90 300 169 159 38 240 134 220 172 331 113 36 134 217 93 166 54 234 164 145 148 201 30 153 216 231 81 195 39 128 145 157 96 291 93 94 231 127 132 126 108 255 86 270 161 190 134 125 158 225 87 133 129 250 115 190 157 336 91 142 92 249 118 175 67 321 153 333 52 233 132 29 154 275 141 108 107 104 130 250 157 318 244 272 86 265 130 286 224 326 53 109 16 217 0 99 58 241 157 100 42 237 252 273 116 187 92 74 43 197 96 189 116 143 111 129 158 213 154 119 149 295 117 225 70 378 137 241 229 81 170 84 39 316 152 40 158 350 40 201 31 261 88 305 100 50 85 155 144 124 136 89 39 237 29 87 97 260 120 126 111 323 53 164 79 270 220 156 128 262 275 183 107 335 45 178 229 250 147 77 81 329 99 232 152 225 175 122 201 105 84 201 71 302 85 72 61 256 257 133 188 274 180 122 97 292 16 81 32 191 143 273 180 155 39 36 180 279 112 184 102 167 91 105 5 386 59 184 220 299 94 235 154 183 49 62 176 194 72 108 169 325 92 196 157 237 125 47 54 259 109 137 114 297 24 149 141 206 91 101 207 244 76 231 178 245 170 108 290 254 49 174 148 255 123 159 226 200 117 164 59 286 18 106 184 137 126 120 56 163 243 102 85 201 57 95 148 186 212 104 213
227 196 72 124 232 147 198 148 122 176 60 27 153 124 140 25 441 98 72 45 127 150 32 163 179 209 98 85 112 121 110 248 273 167 283 55 210 149 7 223 219 182 279 172 181 155 80 122 219 109 231 287 92 26 131 105 91 114 227 158 149 46 159 276 144 102 66 122 96 336 101 204 130 212 101 208 134 130 109 104 179 67 58 67 133 63 207 129 201 70 123 108 148 241 203 198 195 101 169 171 298 101 128 78 276 49 228 147 148 171 261 178 263 237 114 161 254 75 260 89 267 143 163 79 180 196 137 38 161 89 124 200 91 141 198 171 232 178 220 82 12 125 188 234 217 31 188 202 149 110 145 151 128 238 60 155 193 104 178 163 180 89 136 61 205 212 132 48 70 137 13 95 90 70 194 149 50 83 197 180 279 108 116 21 223 219 195 61 84 61 242 131 175 145 97 77 85 117 202 9 253 261 94 134 200 187 189 76 243 192 132 145 125 100 158 126 148 164 154 149 166 124 146 150 183 146 274 136 153 162 170 115 217 162 94 137 32 207 193 170 166 140 288 103 213 55 204 191 168 87 205 178 220 209 217 62 280 51 90 160 219 118 200 97 239 215 340 106 221 214 95 250 222 129 177 61 48 81 298 62 238 260 252 179 166 208 207 135 243 152 193 87 207 99 0 157 161 73 111 97 199 311 256 72 179 77 121 96 161 176 175 123 84 81 163 109 151 215 157 59 243 128 198 31 306 234 177 223 19 134 58 62 248 194 118 243 262 59 209 76 182 165 301 198 145 118 226 70 96 202 150 136 148 119 117 56 205 106 119 126 295 98 148 21 171 153 134 204 239 232 213 73 240 144 230 131 228 63 176 177 252 110 291 128 134 102 188 197 77 45 234 31 227 96 102 116 198 294 170 113 196 193 171 9 235 107 26 95 123 83 231 111 79 86 89 93 197 112 160 197 132 151 42 95 346 158 119 196 212 88 166 80 129 143 129 234 118 170 142 159 255 59 258 72 138 222 132 50 173 158 225 18 211 77 163 44 121 120 195 184 165 122 163 90 153 137 199 327 220 138 108 65 176 102 70 263 214 177 261 46 271 84 90 174 76 35 104 112 73 253 154 20 136 75 168 68 153 305 95 139
383 185 138 129 353 121 185 137 212 151 170 155 231 103 172 165 482 181 122 123 168 180 158 314 242 135 91 162 216 76 79 193 414 193 335 108 347 7 159 212 258 32 254 198 320 156 136 62 290 92 225 164 248 136 88 53 184 65 184 124 305 120 57 201 262 111 111 147 236 346 62 77 277 152 77 168 289 171 77 65 305 207 212 177 124 198 123 62 322 90 182 181 296 147 150 157 295 134 206 182 396 187 191 179 261 135 85 220 212 89 107 225 359 225 218 106 369 83 290 88 347 166 58 224 254 40 125 127 279 103 280 354 243 28 220 115 319 55 324 207 155 135 207 207 335 133 100 103 238 199 204 189 229 259 133 215 321 163 81 95 267 195 20 162 234 153 192 202 189 202 146 66 213 121 136 246 122 150 155 177 354 138 206 135 271 157 233 203 213 210 137 115 308 81 77 229 186 136 228 148 331 127 205 37 270 140 247 230 381 99 26 167 270 136 187 75 284 198 160 183 232 45 176 268 265 93 151 33 138 173 168 134 335 76 139 289 183 119 102 113 306 106 266 214 189 186 87 174 264 135 103 141 274 60 187 215 370 141 186 97 274 144 176 109 368 149 332 89 250 110 68 108 309 182 86 162 154 183 228 215 364 263 290 55 323 112 331 281 373 5 69 70 234 58 157 0 288 215 126 86 266 241 290 169 206 132 87 76 228 64 210 155 188 162 131 210 255 149 122 203 328 153 250 128 419 89 282 260 138 203 131 97 356 164 53 111 400 98 209 83 308 84 313 43 18 104 123 201 161 131 83 34 288 51 107 152 296 165 153 146 343 82 190 136 328 272 185 114 282 319 179 160 388 18 158 287 270 204 29 25 374 125 202 196 277 231 100 216 147 141 192 129 346 130 99 91 293 261 133 243 320 206 115 155 328 56 136 69 235 197 302 234 205 88 76 237 327 154 211 65 201 103 157 63 410 7 228 259 348 141 278 204 223 38 65 171 241 27 117 206 366 146 166 215 294 76 41 111 308 125 89 171 346 82 161 197 256 125 48 230 292 90 273 235 297 216 58 294 279 52 219 200 302 170 213 233 203 122 106 117 301 75 143 220 184 184 153 89 221 265 98 141 244 109 72 205 216 169 138 267
158 355 151 285 71 308 205 309 86 337 120 145 92 284 151 176 322 246 167 205 144 305 139 82 114 369 199 239 76 277 213 409 130 321 179 211 62 282 155 381 156 303 260 325 40 315 154 275 116 268 212 359 122 165 219 247 106 267 247 319 149 205 262 437 29 262 177 281 66 482 226 302 60 372 212 369 101 285 215 224 18 183 115 112 191 189 271 282 40 221 125 117 63 400 244 359 63 261 145 328 146 246 118 223 248 156 332 286 112 328 373 324 115 394 74 230 95 209 189 246 136 300 265 176 99 325 194 197 21 248 100 190 90 283 168 331 102 326 73 207 153 285 170 394 58 166 265 358 77 251 119 303 68 386 156 298 33 259 266 240 78 226 270 214 162 373 120 152 101 282 173 242 76 230 244 271 169 240 232 339 151 268 90 175 148 379 149 179 79 165 311 291 22 302 211 159 102 277 165 168 129 410 84 279 109 348 122 150 95 348 262 302 52 260 155 282 22 316 178 304 109 271 153 250 87 305 349 280 197 320 187 275 58 253 254 171 129 365 270 330 37 300 264 231 223 109 294 351 63 247 284 339 138 324 230 152 135 150 104 319 136 162 216 257 80 376 286 264 169 369 221 394 96 280 262 214 137 226 317 156 78 413 174 327 142 365 47 193 85 285 293 225 166 241 161 288 0 182 175 254 113 472 181 222 158 157 213 213 106 275 148 281 100 235 212 243 50 376 214 102 110 286 131 188 146 376 48 367 172 109 158 214 93 355 237 334 113 209 197 210 21 321 235 320 272 198 297 196 133 362 237 280 32 267 195 213 81 261 154 286 192 207 139 177 130 251 131 361 161 344 232 227 115 283 274 140 158 180 314 301 91 175 330 274 47 210 264 172 142 205 250 189 66 256 194 274 71 453 219 213 35 347 234 169 96 254 165 220 55 217 121 222 86 243 212 183 38 270 127 343 110 311 137 238 218 293 63 331 62 247 34 87 77 290 233 395 47 310 204 308 98 217 310 180 118 363 251 207 25 319 323 143 58 225 185 121 41 281 309 135 4 211 37 179 49 276 309 484 131 288 70 96 15 254 91 421 210 337 378 204 197 232 149 320 105 165 144 271 168 403 230 164 52 235 261 186 112 453 156 231
189 188 144 134 251 162 269 155 176 180 123 96 207 148 209 53 491 73 145 91 196 133 100 148 236 226 170 76 161 159 182 251 266 147 335 106 214 207 77 209 279 243 349 150 188 153 152 166 269 141 300 357 67 99 204 161 152 158 300 172 102 95 228 284 176 125 139 122 119 300 168 272 131 223 171 211 112 115 180 172 199 7 70 127 206 17 279 171 222 125 188 171 143 262 276 203 233 110 234 158 328 70 191 53 345 122 293 105 208 202 322 143 296 220 163 234 276 142 321 131 309 133 232 11 232 253 210 88 190 121 104 144 92 193 263 190 273 221 253 25 84 131 256 226 240 104 260 232 199 71 207 129 175 205 133 117 209 92 249 235 227 48 195 58 268 223 195 35 123 103 77 149 132 99 267 90 123 84 270 172 322 114 172 90 281 229 257 12 124 19 314 148 188 178 167 27 143 123 267 79 297 298 145 185 252 198 246 35 243 221 193 135 133 108 226 163 163 140 226 131 223 174 215 79 232 173 344 188 226 152 242 123 240 233 101 77 78 231 265 190 172 161 358 48 285 107 274 187 212 99 276 187 276 272 290 30 315 123 149 187 274 190 272 123 248 228 406 141 283 243 162 293 264 107 248 58 117 53 371 26 252 234 310 223 124 235 226 67 251 210 261 150 271 157 73 215 182 0 184 136 252 314 315 58 245 149 194 166 217 245 240 118 141 72 236 61 192 228 230 94 283 124 256 92 325 279 214 185 89 194 131 119 275 195 185 311 260 119 279 142 202 196 364 257 207 191 297 19 164 220 222 187 159 168 191 66 247 94 190 127 348 170 213 87 135 83 199 229 296 170 286 68 227 199 303 86 288 11 228 238 268 183 364 96 140 31 260 263 147 74 307 90 247 109 175 147 238 281 243 40 215 173 244 69 272 160 100 163 165 39 279 43 123 129 157 23 211 108 222 240 192 174 109 152 391 214 164 149 216 95 200 126 180 192 199 243 152 222 215 129 280 73 331 3 106 269 198 104 185 172 292 74 218 133 234 73 142 133 258 245 186 194 198 21 154 94 264 311 274 182 154 107 196 85 101 251 285 194 321 98 331 139 161 140 133 39 173 145 15 223 227 93 177 110 239 10 212 340 166 66
301 263 41 188 232 199 89 208 91 233 75 88 105 172 48 134 367 197 40 119 42 232 86 222 117 242 39 179 99 151 47 295 304 249 214 112 237 122 108 292 139 132 171 254 211 223 33 141 165 152 127 192 181 86 44 105 70 135 116 208 241 116 88 313 146 160 50 197 139 420 73 127 183 253 53 260 209 214 50 67 190 178 141 78 22 174 105 148 204 104 57 59 201 264 93 249 171 175 84 246 270 201 66 181 171 63 157 247 86 194 199 270 234 307 101 59 246 75 175 131 221 221 91 188 128 157 27 115 161 143 200 294 161 132 105 210 193 175 200 193 101 192 92 296 214 82 93 218 114 212 78 237 109 323 51 251 205 192 92 67 142 195 113 162 116 254 67 154 90 233 111 109 109 141 85 256 64 171 86 250 228 182 86 99 149 260 112 172 113 170 144 184 196 173 56 183 76 187 112 108 205 253 94 132 144 234 122 179 270 211 103 222 172 175 66 154 176 249 48 233 106 128 53 260 140 181 181 131 42 237 63 184 214 78 173 239 114 231 98 208 201 185 182 212 104 97 120 255 140 165 113 229 151 151 107 167 244 62 73 193 150 19 89 155 252 253 239 147 133 228 71 233 183 219 88 161 71 185 187 169 245 338 172 175 251 227 214 242 257 124 118 87 117 100 111 126 175 184 0 136 141 352 173 172 87 35 40 58 103 101 89 201 79 176 53 215 134 254 48 119 203 204 126 105 295 214 160 314 99 78 53 102 232 251 74 160 288 97 106 76 192 188 208 149 108 24 129 181 42 236 62 131 183 128 21 152 170 196 27 199 223 48 65 104 250 264 59 226 162 339 103 169 285 127 122 223 150 174 155 133 254 2 183 224 178 213 92 102 42 136 123 108 226 168 29 158 168 356 60 224 203 271 67 117 202 116 86 69 120 191 177 222 105 128 65 203 212 194 86 189 75 191 78 101 287 132 111 295 237 170 158 102 102 142 63 276 131 151 34 250 243 151 154 182 220 201 85 109 198 208 149 112 233 101 55 127 152 182 136 107 178 38 153 199 197 238 135 390 155 148 106 109 188 195 124 325 108 217 204 112 186 104 29 266 79 145 31 153 181 335 56 92 126 136 86 179 91 294 22 250
318 127 121 53 324 63 221 72 196 97 138 109 223 36 182 94 502 95 107 52 173 103 115 259 243 116 99 76 192 25 99 163 369 119 346 43 306 79 102 156 273 117 300 124 277 88 125 29 290 16 260 246 183 89 123 41 163 22 235 72 234 51 121 186 233 28 93 67 191 286 70 157 227 122 88 125 228 90 96 78 272 129 154 146 148 119 188 35 292 35 180 170 245 146 203 114 278 50 218 113 383 101 188 95 303 104 170 136 210 75 192 146 346 171 195 153 344 61 311 8 343 90 124 147 250 120 151 59 250 17 219 280 188 60 241 79 310 85 306 125 102 59 228 160 308 88 165 106 225 113 204 111 208 191 109 133 286 78 148 147 257 111 69 80 252 123 190 132 155 119 84 31 178 38 189 161 91 64 203 114 353 55 190 79 282 130 247 126 175 136 212 48 270 49 84 156 162 57 248 88 328 166 177 51 269 100 251 159 339 96 73 92 222 52 201 29 243 121 183 105 231 40 188 183 257 51 233 54 169 103 197 54 308 135 54 214 129 111 168 78 262 50 311 129 231 144 164 118 248 49 174 94 282 145 232 145 361 110 164 65 281 153 216 25 333 124 373 11 269 117 69 158 300 99 150 80 120 98 293 143 331 203 307 87 254 111 300 202 337 81 147 51 253 42 97 86 254 136 136 0 267 223 309 85 223 120 115 82 226 136 224 74 162 77 170 124 234 124 161 154 321 75 257 67 396 143 262 187 82 198 107 41 336 115 82 194 358 47 241 60 275 68 344 128 85 125 196 121 152 109 132 53 244 35 126 70 284 81 160 68 357 92 198 77 262 187 187 108 295 235 225 76 337 68 220 217 284 127 92 110 344 135 274 112 230 148 164 238 131 64 243 66 318 45 110 22 279 220 175 161 288 138 165 91 316 33 89 71 208 114 302 150 168 11 73 159 291 71 216 104 195 59 118 39 417 83 203 178 308 56 253 168 206 56 104 145 208 86 149 127 344 64 237 137 229 132 88 47 268 73 173 114 307 36 188 141 215 48 133 239 258 117 249 157 249 131 142 254 285 45 192 157 269 85 165 189 240 86 189 51 322 32 135 142 155 114 151 18 146 201 144 90 220 27 136 127 215 209 135 183
271 389 146 312 127 329 117 335 78 362 139 174 47 302 95 223 241 297 160 232 99 347 167 194 24 379 178 284 91 286 188 429 219 365 84 231 162 262 193 417 44 269 152 370 149 347 142 278 24 283 109 284 209 188 180 243 108 271 157 339 252 230 222 450 93 286 174 316 142 536 213 250 164 388 193 392 205 328 191 207 114 250 183 132 144 252 203 285 111 232 87 97 173 403 167 381 60 294 64 366 134 300 79 276 138 166 281 345 56 332 324 377 100 431 89 175 129 208 77 260 80 339 223 250 20 295 144 225 92 269 201 299 176 272 70 345 57 316 81 272 187 315 79 424 110 186 205 358 53 308 64 349 77 437 158 354 124 302 214 188 35 285 253 261 59 389 77 217 131 336 208 244 120 259 172 341 177 280 153 373 88 301 83 202 35 395 48 244 129 234 238 313 131 309 195 236 114 308 64 202 64 394 108 272 6 367 21 228 185 350 244 340 153 293 83 290 131 363 113 347 36 267 91 330 26 316 276 271 137 357 113 306 110 206 289 268 177 370 209 343 150 317 154 296 132 148 239 382 51 281 223 360 26 282 140 224 106 160 110 329 24 122 132 280 155 389 173 278 59 368 210 373 49 328 209 260 154 280 218 227 144 458 62 316 250 366 121 285 161 265 244 222 61 237 199 266 113 252 141 267 0 489 69 271 71 147 179 197 41 229 62 318 116 280 150 305 69 390 156 159 65 323 24 213 168 354 66 423 200 69 161 227 109 380 215 273 199 221 100 209 114 325 123 285 248 163 228 259 115 373 192 271 142 266 160 255 46 305 113 319 96 188 76 206 240 332 82 365 49 422 145 272 219 267 193 240 45 246 295 270 144 142 239 327 152 284 205 75 136 242 157 216 121 287 169 289 51 485 154 290 117 390 173 209 71 253 187 207 91 278 36 296 129 257 202 261 131 309 55 330 72 325 159 237 150 272 89 394 159 283 79 126 73 282 202 411 108 292 154 359 121 256 228 250 222 341 226 227 135 339 269 187 153 231 116 179 129 307 269 41 112 177 76 257 160 335 265 519 22 286 98 145 115 301 153 453 114 352 332 228 85 237 132 373 124 221 117 285 242 451 179 190 80 258 214 252 52 434 134 313
500 127 344 188 543 164 425 164 420 136 360 329 446 190 400 298 719 241 329 268 392 182 336 460 465 110 313 240 416 203 307 64 577 172 566 263 519 241 318 114 491 258 494 171 491 162 347 211 512 208 465 372 378 310 324 247 387 218 424 154 412 268 297 40 454 210 315 194 407 174 279 305 435 101 299 104 425 199 304 286 491 309 362 369 358 299 361 204 512 258 402 393 451 95 391 114 501 212 436 158 606 244 410 262 502 327 293 228 432 158 277 194 569 109 418 347 565 281 526 231 566 181 298 324 473 235 360 275 471 225 416 441 395 224 455 144 534 186 528 290 320 188 442 92 528 310 339 138 448 247 425 189 431 158 332 213 504 222 321 336 480 267 245 263 468 100 412 330 376 220 299 245 399 242 376 265 314 236 396 143 576 206 413 298 501 94 464 310 394 325 364 181 486 179 296 341 385 197 462 304 551 150 399 221 491 125 472 347 550 143 255 179 434 214 418 199 459 181 394 185 453 224 405 304 481 173 362 223 375 163 405 198 528 317 220 382 343 122 340 146 475 174 506 275 429 364 318 127 471 226 337 133 502 268 428 337 584 334 387 160 501 370 416 215 549 99 572 212 484 131 281 174 524 209 326 264 343 261 461 334 549 129 524 186 435 129 519 359 553 240 301 267 468 252 311 241 472 314 352 223 489 0 525 258 439 342 320 294 448 302 441 197 385 244 371 261 457 99 361 370 544 191 478 286 617 185 484 182 301 421 330 264 558 119 281 322 569 270 448 280 493 165 552 251 256 335 354 295 374 116 323 223 458 224 337 262 508 220 378 190 575 304 417 295 448 306 408 128 514 277 420 251 539 232 396 399 502 310 215 252 563 351 429 223 442 304 339 451 354 267 433 284 538 217 323 201 502 70 373 311 507 151 356 303 539 236 311 283 431 276 524 296 388 234 288 329 508 208 436 181 418 164 340 252 638 233 425 219 521 227 475 389 429 212 301 78 428 215 354 196 566 257 395 316 420 191 276 268 484 153 305 329 521 258 397 353 432 192 270 459 476 323 472 330 459 235 280 82 506 205 415 376 487 229 381 78 443 138 265 269 537 252 357 193 378 313 372 206 328 144 338 311 443 238 313 305 437 149 355 318
338 435 192 358 182 372 111 380 139 406 196 229 109 344 126 280 194 353 203 282 136 398 223 262 79 415 212 338 155 324 217 468 275 416 50 278 224 288 249 464 37 285 103 421 215 394 186 315 67 325 80 266 277 240 202 278 165 309 138 381 321 279 238 485 162 331 217 365 209 588 246 255 233 426 226 433 274 379 221 239 180 312 248 190 167 312 199 321 173 275 133 148 241 434 160 422 122 342 91 415 156 356 128 333 86 215 284 402 108 367 326 432 133 478 153 187 175 248 8 302 96 388 238 314 87 312 166 276 160 314 270 368 243 302 70 383 99 344 134 333 243 362 84 468 167 237 209 389 120 365 111 402 143 489 206 409 187 355 223 200 103 343 281 316 57 428 124 280 192 392 262 282 185 307 170 402 224 333 148 420 92 350 143 254 35 433 62 306 194 297 227 357 198 346 229 301 172 356 62 257 84 414 170 304 72 407 69 293 243 383 271 390 222 342 108 328 200 415 131 399 92 301 120 394 95 355 262 302 152 406 122 354 167 219 339 336 238 403 212 381 218 358 101 356 117 208 242 427 119 331 223 402 43 292 123 288 127 210 167 366 45 156 124 326 211 426 105 320 40 398 244 391 97 381 217 315 208 337 180 291 199 507 8 343 319 398 182 351 217 289 252 260 56 273 256 290 181 315 173 309 69 525 0 327 86 191 205 231 98 241 85 368 175 334 160 364 138 427 169 222 100 372 59 264 201 373 133 477 253 122 208 272 154 423 244 269 255 266 86 249 179 360 54 299 272 190 222 320 162 409 209 302 211 301 188 309 105 358 149 368 55 221 112 259 309 396 124 398 20 484 130 326 281 295 178 308 27 308 319 288 195 175 209 383 221 346 209 74 184 294 133 267 177 336 202 331 113 529 161 354 180 439 181 264 114 289 239 242 158 337 68 358 193 300 238 326 195 359 96 355 124 364 214 274 125 297 155 452 222 334 147 189 137 313 226 449 176 317 173 412 165 310 209 312 291 360 251 275 202 381 271 246 215 273 129 242 198 353 281 72 180 203 145 322 229 393 275 562 49 320 164 208 181 355 218 497 97 391 336 276 17 277 175 428 182 281 160 326 305 503 194 243 148 304 226 314 103 452 174 378
248 135 139 76 293 103 262 97 193 123 132 98 224 90 208 49 513 26 133 56 196 83 104 202 251 168 147 19 183 104 155 195 318 99 355 69 262 162 78 159 290 200 344 103 235 97 146 114 291 86 297 323 120 89 180 118 163 107 286 114 160 60 194 227 209 69 122 65 156 265 134 235 178 165 143 154 166 63 153 140 240 52 107 139 191 42 254 118 262 86 194 179 193 204 259 146 264 52 239 106 365 30 199 11 343 114 252 76 220 144 276 106 330 172 185 211 317 111 331 81 337 79 197 69 252 205 196 58 226 68 158 200 138 145 267 132 302 167 287 41 84 73 257 174 280 92 232 174 221 40 216 82 198 167 125 83 252 37 218 210 251 27 151 11 275 165 203 72 141 65 65 105 158 48 247 85 109 26 255 118 350 55 188 74 295 171 266 52 151 66 284 90 232 121 139 83 157 65 272 70 324 242 165 136 272 140 260 89 293 164 152 81 178 49 227 109 206 95 219 81 238 125 215 100 254 116 310 139 213 99 235 65 280 203 43 135 97 173 236 132 219 103 354 46 276 125 239 133 238 41 246 129 292 228 279 79 348 118 162 129 290 184 261 67 295 170 408 87 291 185 129 238 292 59 218 12 119 14 353 75 296 191 323 169 182 177 268 119 298 164 224 113 277 116 72 169 222 58 172 85 271 258 327 0 248 142 170 138 232 210 246 61 155 14 220 44 220 170 212 122 312 68 269 68 368 225 245 152 75 206 123 82 313 139 150 274 311 84 276 111 243 139 371 212 165 172 268 40 166 162 195 138 203 119 173 21 275 39 186 69 367 144 218 70 193 104 204 171 310 167 274 10 281 153 282 145 300 52 177 193 312 171 340 56 186 64 232 266 145 37 294 65 288 51 155 91 267 231 226 76 256 125 223 63 303 114 89 131 192 29 302 65 147 81 127 78 255 51 231 186 203 116 113 110 417 167 189 125 265 36 233 149 200 141 169 185 183 172 198 88 319 24 306 60 163 215 161 68 230 114 253 85 266 94 227 101 181 74 216 255 226 171 230 78 202 67 223 263 292 129 178 132 236 32 132 200 280 135 274 64 343 97 157 102 147 57 172 90 71 183 203 85 205 60 207 49 224 283 160 98
310 350 110 274 192 286 49 295 82 320 122 152 66 259 41 203 280 274 119 200 53 315 147 230 51 329 126 258 100 238 132 382 279 333 129 195 216 203 173 379 52 204 109 338 197 309 103 229 92 239 58 214 219 159 118 192 94 223 91 295 273 197 156 399 130 246 133 281 157 505 160 181 193 340 140 348 230 297 135 153 166 241 184 119 82 239 132 235 170 190 57 74 207 349 96 336 123 259 13 331 204 278 55 256 102 134 211 324 48 281 254 351 171 393 99 107 197 162 88 217 147 305 158 246 69 231 81 195 137 229 224 324 190 216 19 297 128 259 148 260 166 278 13 383 173 156 136 304 81 288 43 319 96 406 124 330 179 273 146 120 91 267 196 237 29 342 51 210 124 312 183 196 127 224 102 327 142 251 83 336 152 266 82 174 65 347 27 235 135 228 168 271 179 260 143 236 103 272 25 178 132 332 109 218 76 321 50 229 244 297 186 307 181 259 22 242 169 332 46 316 50 215 35 324 84 269 206 216 70 322 43 269 174 139 256 281 167 317 139 295 193 272 116 282 66 140 169 341 99 248 153 316 70 215 74 221 176 130 98 280 70 70 62 241 218 340 161 234 46 313 158 310 120 300 140 237 131 259 159 224 208 424 85 259 276 312 181 291 224 205 176 174 30 187 179 206 158 245 87 223 71 439 86 248 0 108 120 145 52 162 9 285 106 254 81 288 107 341 88 158 135 288 48 183 239 291 121 396 173 56 126 187 179 338 158 203 260 182 40 163 167 274 123 220 188 104 158 247 82 323 127 216 180 215 102 229 114 276 64 284 138 135 32 179 270 328 46 312 76 411 77 247 272 210 124 257 64 236 235 207 211 89 174 303 183 276 135 19 103 214 92 186 185 252 115 245 116 443 84 285 173 356 104 187 141 203 159 156 113 262 103 287 131 214 152 259 187 277 31 271 57 278 138 188 204 213 106 373 215 252 128 127 86 228 141 363 131 233 89 331 191 229 159 243 245 279 166 192 182 295 199 172 209 187 47 175 156 268 203 30 158 117 123 255 197 315 197 477 77 234 109 144 165 274 157 412 52 305 263 194 99 191 92 347 113 208 77 240 238 419 113 163 109 220 147 242 46 371 90 311
271 244 7 167 220 182 121 189 82 216 44 53 105 155 67 101 383 167 13 92 56 207 51 195 124 232 42 150 84 138 57 282 285 225 227 87 217 126 73 273 155 146 203 230 190 202 5 131 170 136 156 224 147 54 68 98 52 124 151 192 208 88 108 303 130 140 27 173 112 397 71 151 155 241 55 245 178 189 58 67 174 144 107 49 57 140 138 139 190 85 60 52 174 258 128 234 165 151 101 224 268 171 68 150 201 28 180 217 91 186 219 243 232 287 86 91 237 61 195 113 225 197 111 153 131 168 62 86 146 123 169 261 129 131 127 197 193 174 194 159 66 171 116 278 203 50 123 213 109 182 84 211 97 298 17 222 189 165 118 97 140 163 115 131 136 242 71 119 61 204 78 97 84 116 120 224 33 143 121 229 234 158 75 68 163 248 129 138 86 135 176 167 177 162 55 148 54 165 133 74 209 257 73 129 150 220 131 144 251 205 106 199 146 151 87 143 154 224 78 208 111 122 74 227 140 169 211 128 76 214 94 162 203 103 148 204 79 224 128 196 178 170 213 179 136 65 147 236 134 140 142 213 163 169 140 132 244 27 54 181 161 42 123 135 236 242 267 131 153 224 67 239 183 192 115 130 36 154 222 134 231 316 189 175 219 221 199 207 242 129 141 76 138 92 77 132 157 149 35 120 147 342 191 142 108 0 60 56 107 123 107 177 57 147 88 183 123 242 83 87 204 181 138 75 288 221 151 288 67 79 19 81 226 234 80 187 270 75 135 62 176 179 231 163 115 49 160 147 32 226 88 128 160 120 47 122 168 168 45 176 238 50 80 72 219 230 68 219 177 307 137 139 262 128 157 189 166 139 159 145 242 34 218 196 152 179 122 125 15 106 157 78 214 144 39 142 164 339 95 189 188 248 100 84 200 107 53 65 103 159 183 188 78 110 58 168 195 168 97 191 76 178 43 91 297 137 96 266 218 143 146 75 92 139 78 264 110 155 68 223 235 121 188 148 187 208 94 84 178 192 173 77 215 84 86 92 128 162 154 121 160 59 141 164 172 208 154 373 165 141 87 78 171 166 93 307 138 204 223 85 206 90 16 239 53 111 32 137 146 311 86 58 112 113 111 144 96 299 18 216
330 241 67 168 272 175 107 186 131 209 103 105 145 149 84 141 399 191 55 114 81 216 105 254 155 211 24 172 137 124 15 266 342 233 249 102 274 84 120 270 172 92 185 238 248 203 61 113 203 130 147 167 204 95 10 77 106 108 120 182 264 110 49 280 184 142 55 180 171 401 45 91 215 224 27 233 236 201 19 37 228 187 163 109 38 181 86 118 243 89 97 98 233 229 90 222 211 160 119 228 310 196 106 180 189 78 120 239 126 162 161 258 274 284 140 42 286 60 206 111 260 204 52 200 167 117 40 112 200 126 227 316 188 97 135 181 232 139 240 197 114 173 122 270 254 91 67 184 154 208 117 223 148 306 70 241 244 182 59 41 182 195 76 159 148 225 106 168 121 224 117 85 143 130 77 255 72 162 88 229 266 166 125 104 184 230 146 181 145 182 121 162 234 144 32 198 112 170 143 115 244 214 130 99 183 206 160 196 307 178 66 206 205 161 100 127 212 235 74 218 145 97 89 265 179 153 154 97 55 218 85 167 254 44 160 257 134 198 72 180 237 160 197 213 116 124 87 231 180 153 85 202 187 112 117 182 283 81 109 163 187 58 101 137 291 223 259 125 165 193 46 194 223 208 57 159 94 184 183 183 285 318 205 139 277 193 253 256 296 86 81 64 149 74 121 87 213 194 40 115 179 320 205 170 120 60 0 34 142 64 123 186 114 170 55 214 174 223 46 146 242 188 163 105 335 175 199 300 105 118 70 90 272 225 39 128 326 86 129 60 231 156 233 109 69 17 105 187 80 205 29 97 218 98 20 149 210 185 67 182 257 26 103 108 278 269 99 193 195 336 110 164 321 90 112 245 184 183 116 93 293 40 171 216 211 219 66 131 73 133 129 107 266 154 21 134 208 330 60 231 242 253 53 125 242 88 95 44 158 193 215 227 137 109 44 214 250 180 124 151 115 164 99 76 323 94 150 286 275 158 198 135 141 108 23 245 167 113 35 238 283 146 138 193 246 162 47 102 235 183 113 127 271 83 77 148 187 163 97 143 216 3 193 211 231 232 96 363 192 116 143 138 226 186 153 299 126 189 166 106 217 84 64 253 112 156 70 130 194 316 34 101 165 122 51 187 130 255 57 257
316 209 62 135 277 143 139 154 137 178 95 86 158 117 106 113 425 158 46 82 99 183 88 243 173 184 19 139 140 94 18 238 339 200 271 69 272 70 96 238 196 92 218 205 245 170 60 84 221 98 178 191 184 71 43 48 108 78 154 152 244 78 63 255 186 108 37 147 163 368 16 108 205 196 6 204 222 167 16 11 230 159 145 102 66 152 116 90 246 55 110 106 224 206 123 192 220 127 141 195 323 164 119 148 221 62 133 206 141 136 169 224 286 252 142 75 294 27 233 78 276 171 67 173 183 113 69 81 203 92 212 296 174 76 161 153 247 120 250 167 91 140 149 240 259 67 95 161 164 176 133 189 153 273 58 207 245 149 83 72 194 163 59 128 174 197 121 144 114 191 89 53 138 96 111 222 51 129 122 196 285 133 131 77 206 203 170 154 139 157 148 130 233 116 2 174 111 137 169 89 261 201 129 75 200 177 179 173 306 154 50 172 197 127 123 97 209 201 102 185 161 70 111 235 193 124 178 74 86 185 115 134 259 67 127 234 115 173 100 151 232 129 229 182 149 113 108 200 189 119 110 172 209 117 150 158 298 67 110 135 208 76 134 104 293 196 291 93 191 171 14 183 237 174 82 127 81 152 216 159 288 285 230 120 259 170 256 231 298 73 97 31 175 43 96 76 213 166 58 82 197 294 231 138 145 56 34 0 157 80 147 153 112 137 88 182 180 196 80 132 257 155 184 75 344 164 207 267 79 131 57 57 281 195 24 146 325 54 159 27 232 130 263 109 59 43 132 157 86 178 57 74 214 70 45 117 223 152 84 149 281 10 123 80 262 239 115 169 219 303 144 131 314 72 145 225 208 155 103 90 298 57 203 183 204 190 95 158 71 101 162 77 271 120 29 102 219 300 93 202 244 220 86 98 255 58 71 11 160 162 233 197 131 75 11 188 251 147 143 135 128 134 84 45 345 80 152 253 273 125 203 129 148 86 33 218 166 99 67 204 291 113 168 165 229 151 39 69 233 152 129 106 270 49 107 130 182 130 102 165 216 35 198 185 224 199 105 333 212 90 144 127 227 153 141 269 158 160 171 74 243 51 68 220 108 130 80 98 168 283 66 77 169 88 72 159 146 243 64 228
260 348 105 272 142 288 101 295 42 322 100 134 14 261 60 184 281 259 119 192 61 307 128 180 19 339 139 245 58 245 149 389 227 325 123 191 164 224 154 377 63 233 156 330 145 306 102 238 64 242 107 262 181 148 144 203 69 231 143 298 230 190 187 410 79 245 134 276 115 496 173 219 145 348 154 351 184 288 152 167 113 215 150 94 109 215 177 245 118 191 47 56 157 363 145 340 74 253 40 326 168 261 39 238 146 125 250 307 16 292 293 338 132 391 57 143 151 167 103 219 119 299 189 216 25 259 109 185 85 228 179 279 149 233 63 304 90 277 102 236 148 274 64 384 123 146 176 318 29 270 25 310 49 397 118 315 126 262 183 156 42 247 215 222 59 349 37 182 94 297 168 203 88 218 147 305 136 240 131 333 128 260 46 162 63 355 46 209 97 199 215 272 127 269 155 203 76 268 61 163 103 356 73 232 43 326 28 196 192 310 205 300 133 253 54 249 119 323 82 307 6 227 58 296 38 275 254 231 106 317 87 265 124 172 249 241 141 330 180 303 142 276 161 259 118 111 209 341 47 241 195 320 60 249 126 190 142 119 71 288 58 84 113 240 167 349 194 238 70 329 170 336 81 288 177 221 114 242 211 193 158 418 93 277 231 326 129 255 173 227 212 182 63 197 161 228 106 217 103 226 41 448 98 232 52 107 142 157 0 196 43 278 78 241 120 267 55 349 125 125 100 282 38 173 196 317 69 384 161 28 120 186 134 340 177 245 209 180 91 168 114 285 148 250 211 125 203 223 74 332 158 232 129 226 122 216 69 265 75 279 135 149 42 166 223 299 43 325 79 387 129 233 220 229 174 215 70 210 257 234 162 103 226 289 135 249 175 66 95 202 145 176 136 247 130 248 69 445 125 257 121 350 144 170 100 213 147 168 65 241 76 261 96 216 162 228 134 269 23 291 31 284 120 197 191 234 61 356 162 243 76 92 41 243 165 371 84 254 120 319 145 217 210 215 200 304 188 187 130 299 239 149 157 191 88 144 108 267 235 32 106 140 71 224 147 297 232 478 60 246 67 111 113 262 120 413 104 311 300 187 114 196 91 334 86 184 77 244 208 412 146 150 59 217 181 217 12 397 94 280
393 248 130 186 332 183 131 198 192 214 166 165 202 162 136 192 429 227 117 157 137 237 166 318 206 199 83 207 200 134 68 257 405 252 289 143 337 67 176 276 213 46 193 257 311 216 125 120 253 146 169 113 264 151 57 95 170 120 122 187 324 153 17 263 247 164 114 202 235 409 78 28 278 216 76 232 299 226 69 73 291 238 224 172 88 230 59 122 304 125 155 160 297 208 89 221 268 186 166 242 363 233 164 221 201 139 57 271 181 153 98 282 328 289 202 55 345 103 240 136 309 224 13 253 221 72 87 158 262 152 289 375 251 89 173 179 285 117 297 244 171 192 160 271 314 147 37 165 213 245 172 246 210 320 132 269 306 213 19 42 238 237 70 202 187 217 163 224 185 255 169 108 207 164 76 293 130 196 97 239 314 191 186 157 227 221 189 233 209 236 76 175 297 144 80 254 175 192 181 169 293 175 193 96 234 204 209 253 370 162 64 225 269 188 146 134 276 255 117 240 198 101 139 310 234 156 100 93 93 233 120 189 314 24 190 314 194 182 38 177 300 167 205 256 131 187 29 237 238 183 39 204 232 53 128 238 335 142 173 161 232 115 120 161 352 213 271 143 202 171 83 151 276 235 24 201 156 225 164 239 345 326 242 116 338 175 314 310 358 67 18 98 187 96 176 64 275 245 101 136 229 302 241 210 162 123 64 80 196 0 169 210 178 207 81 254 234 213 74 208 294 210 210 154 392 133 259 320 158 176 131 129 329 228 61 67 389 128 156 103 293 148 257 59 54 77 61 235 142 195 39 93 282 106 80 190 266 216 124 203 295 79 155 159 340 314 154 177 235 371 120 203 384 79 94 305 224 234 87 51 353 101 140 248 275 267 37 168 136 176 131 156 326 180 84 148 264 325 80 280 304 267 60 178 296 103 151 82 220 237 264 273 201 135 88 267 313 207 175 122 173 166 161 101 365 71 212 314 337 190 258 198 202 101 48 235 231 88 76 262 341 186 103 245 307 121 49 144 298 187 50 186 334 117 115 209 250 181 41 190 278 65 253 264 295 266 35 357 239 114 206 201 288 219 216 297 148 186 104 149 249 113 127 277 176 209 131 145 248 327 50 157 226 153 15 237 184 211 120 305
301 350 108 274 182 287 58 295 74 321 118 149 56 260 42 200 278 271 119 199 51 314 143 221 42 331 128 256 92 240 135 384 270 332 125 194 207 207 170 379 50 210 117 337 188 309 102 230 85 240 66 223 213 157 122 194 89 224 101 296 265 195 162 402 121 246 133 280 150 504 162 188 185 342 142 349 222 296 138 155 156 236 178 114 86 235 140 237 160 190 52 69 198 352 105 338 113 258 7 331 196 275 49 253 109 132 218 321 39 283 262 349 163 393 91 114 188 163 88 218 141 304 163 241 59 236 85 193 128 229 216 316 182 220 24 299 120 262 139 256 163 277 22 383 164 154 143 307 72 285 36 318 87 405 122 328 169 272 153 127 82 264 200 235 29 343 46 205 118 310 180 197 120 223 110 324 140 249 92 336 145 265 75 172 60 349 23 230 128 223 177 272 170 262 145 230 98 272 27 176 125 337 102 221 68 322 42 224 235 300 189 306 173 258 24 243 161 331 52 315 41 217 36 320 75 270 215 219 76 321 50 269 164 145 255 274 162 320 147 297 184 273 123 278 75 134 176 342 90 247 161 317 64 221 83 215 168 127 92 282 64 71 72 241 208 342 166 235 46 316 160 315 111 298 147 234 127 257 168 218 198 423 83 262 268 315 171 285 214 209 182 175 31 189 175 210 148 240 89 224 62 441 85 246 9 107 123 147 43 169 0 284 101 252 88 284 98 343 95 152 128 288 41 181 230 296 112 394 171 49 124 187 170 339 162 211 251 181 49 164 157 276 125 225 192 108 166 243 79 325 132 219 171 217 105 227 105 275 64 283 134 137 28 176 262 323 42 315 73 407 86 244 263 214 133 250 61 232 239 212 201 90 184 301 175 272 142 25 101 212 102 184 176 251 118 246 107 444 91 280 164 355 111 184 132 205 157 158 104 258 96 283 125 215 154 254 177 275 22 275 50 280 134 190 200 217 98 371 205 250 119 121 78 231 145 365 123 237 94 329 182 227 169 238 237 284 170 191 173 296 207 168 199 188 54 169 147 268 209 22 149 121 114 250 189 312 204 478 70 236 102 138 155 272 150 413 62 306 270 192 99 192 91 345 107 204 75 241 233 418 119 161 100 220 153 238 38 376 90 306
306 75 176 28 352 51 289 39 242 62 180 146 272 53 244 104 558 47 166 86 233 31 152 263 296 112 168 43 234 79 171 134 380 48 401 90 323 149 129 101 332 186 370 53 295 36 182 93 339 63 328 318 181 130 195 115 210 91 306 59 218 89 195 166 265 46 152 8 214 220 143 229 239 106 159 93 228 16 168 151 299 112 167 187 216 103 262 93 321 98 235 222 255 148 275 86 318 26 278 48 421 52 242 65 372 153 240 67 264 100 255 72 386 114 236 226 375 128 372 76 389 21 198 128 300 184 220 93 282 60 219 254 198 127 303 79 354 133 343 95 133 21 292 113 338 132 239 126 270 59 259 37 250 122 162 61 311 25 222 221 302 73 141 67 313 105 245 133 192 49 112 104 212 61 262 99 144 41 274 58 400 20 236 116 338 112 306 113 206 128 286 44 292 84 154 144 205 18 309 117 375 195 217 118 319 81 305 150 354 116 146 22 238 26 263 81 265 48 249 32 283 110 250 131 304 74 305 122 238 39 264 21 338 209 29 190 152 120 242 79 279 58 381 85 301 178 237 71 290 37 248 70 337 213 302 140 402 159 209 83 335 216 286 49 355 112 440 67 330 136 141 196 344 29 224 68 164 65 366 136 356 140 365 135 241 126 327 171 358 150 220 122 315 116 123 155 281 118 201 74 318 197 368 61 285 177 186 153 278 210 284 0 204 47 241 74 273 112 232 179 365 6 313 105 427 187 300 114 118 250 160 99 370 78 156 265 372 104 307 127 302 97 408 194 157 194 270 99 206 106 205 121 263 105 195 68 327 24 221 11 412 161 256 112 253 135 244 120 353 164 296 54 342 137 294 204 342 113 153 179 371 200 348 45 246 113 238 301 184 78 315 102 347 33 178 63 320 172 246 123 315 72 238 113 357 106 131 143 246 81 351 109 201 78 142 135 315 11 273 149 248 69 159 112 467 150 242 105 325 35 289 203 250 118 178 125 239 147 219 53 377 64 312 120 223 180 162 93 290 59 244 139 326 103 255 159 240 30 203 297 285 188 286 135 263 65 212 204 338 104 231 187 295 33 189 141 308 80 250 92 383 102 193 68 197 117 209 66 132 134 217 128 258 66 210 109 269 234 195 138
222 277 50 202 166 221 140 225 38 253 25 59 69 195 76 107 357 182 66 120 64 233 52 143 96 277 99 169 31 184 113 323 228 250 199 122 161 182 77 305 139 203 215 255 134 235 54 179 136 177 164 271 114 76 121 149 13 171 178 232 170 118 163 347 74 176 78 203 61 420 126 205 104 284 112 284 133 213 115 123 117 137 77 17 99 138 183 187 135 127 51 33 121 306 164 273 116 181 94 253 221 184 51 161 208 59 234 230 67 234 275 262 185 318 33 138 184 111 180 154 185 225 166 141 96 225 103 113 91 160 125 223 87 184 124 241 150 227 144 158 72 204 118 314 148 75 172 263 66 193 66 234 47 321 57 238 133 187 171 146 97 170 170 145 128 284 55 106 18 220 93 145 29 147 160 227 72 166 154 261 196 188 33 89 141 291 117 132 34 123 223 205 121 209 111 129 3 196 127 87 170 311 17 181 116 261 106 123 194 254 162 227 93 180 91 188 98 248 100 233 84 173 82 220 100 213 260 181 111 244 115 194 149 156 175 175 63 271 178 239 122 211 222 182 158 34 199 271 87 168 192 253 137 225 164 115 200 52 9 227 135 72 147 171 180 286 266 173 143 274 121 294 140 212 167 144 42 164 251 118 176 344 170 228 178 270 144 185 185 185 195 127 131 143 84 188 100 141 79 162 116 385 175 155 106 57 114 112 78 178 101 204 0 165 126 190 72 286 125 52 161 209 116 101 236 276 100 307 87 54 58 121 174 271 136 240 213 115 144 112 120 227 223 220 172 101 208 146 39 271 141 181 104 170 98 140 124 190 66 207 212 107 76 93 174 223 62 267 157 309 163 157 207 183 195 154 147 133 214 201 187 79 255 212 98 172 172 125 42 127 183 103 160 175 95 184 117 375 133 181 132 276 144 93 155 157 75 120 48 163 147 184 28 151 112 153 139 194 81 244 52 221 45 140 263 192 41 279 161 170 93 24 46 191 134 307 54 210 112 243 183 142 229 138 146 263 151 117 121 232 227 72 158 129 109 69 73 197 210 104 104 113 88 150 118 220 210 407 137 191 32 38 114 186 52 343 152 247 279 116 191 136 51 258 8 107 52 179 132 337 136 76 59 148 164 139 71 354 58 205
261 122 144 62 305 90 265 83 203 109 141 107 233 78 214 59 521 21 137 57 202 70 113 216 260 154 148 5 193 94 155 181 332 87 363 68 276 155 88 146 298 193 347 91 248 83 151 105 300 76 302 319 134 95 180 113 172 99 288 100 174 61 190 213 221 58 125 51 168 256 132 231 192 151 143 140 180 50 152 138 253 66 120 148 194 56 252 108 275 83 201 187 207 190 259 132 275 38 246 93 377 27 207 21 347 120 246 71 228 132 269 98 342 159 195 211 329 110 339 74 348 66 194 83 261 197 198 61 238 60 172 213 151 137 273 119 312 157 299 53 93 59 263 160 292 98 230 161 230 39 224 70 209 157 130 75 265 24 215 209 261 34 145 20 281 151 210 86 151 58 73 100 169 43 247 86 113 13 256 105 360 42 197 80 303 157 273 66 162 80 282 77 245 110 138 97 166 51 278 78 334 229 175 128 281 126 269 104 307 151 146 67 191 36 233 98 219 83 223 69 247 117 220 106 264 104 306 131 216 85 239 51 293 201 30 148 108 159 235 118 232 90 358 52 279 135 236 119 248 30 243 115 301 222 282 93 359 125 171 116 299 188 264 56 308 156 413 77 298 172 128 226 303 48 216 21 127 22 353 89 309 180 331 158 196 164 281 131 311 157 220 110 283 111 81 162 235 72 176 77 280 244 334 14 254 147 170 137 241 207 252 47 165 0 222 48 230 156 214 134 323 54 277 72 381 214 256 143 81 214 128 80 325 125 148 269 325 84 281 110 256 127 377 205 160 174 265 53 173 148 194 130 217 112 174 25 285 26 191 55 376 144 224 76 207 110 211 158 318 166 276 8 295 145 282 158 308 66 169 187 325 174 339 49 199 74 230 272 151 40 296 69 301 39 157 80 278 218 228 86 269 113 223 72 314 107 95 129 203 39 312 74 158 74 127 91 268 37 238 175 211 104 121 106 427 160 199 119 278 24 245 160 210 132 167 171 195 163 200 78 332 25 304 74 177 205 157 69 243 100 248 95 279 91 230 113 194 61 209 262 239 171 242 91 216 63 217 250 301 120 188 143 249 21 144 187 283 122 266 64 350 93 162 93 157 70 177 80 85 172 203 92 216 54 204 63 232 270 165 107
349 296 94 224 261 230 54 242 126 264 126 141 129 204 62 185 351 243 91 165 68 271 139 269 128 262 74 224 139 179 71 318 341 288 207 155 275 130 160 325 132 125 130 294 251 258 86 167 173 185 94 147 233 138 48 132 115 163 66 237 293 161 78 331 183 197 99 235 187 456 100 100 229 276 82 287 258 255 74 92 225 230 193 128 31 226 59 172 235 143 87 98 247 278 40 276 194 215 86 283 284 248 94 229 134 115 131 292 107 214 174 312 250 339 140 26 271 114 160 166 228 259 78 241 143 151 26 162 196 181 250 346 211 147 91 235 207 186 222 243 153 229 78 325 242 133 56 233 141 260 98 278 145 361 104 295 240 236 65 40 163 244 126 210 106 278 93 207 139 278 161 140 155 184 33 305 114 215 35 284 233 221 122 149 145 283 108 224 160 222 98 217 235 197 87 236 123 225 100 159 213 254 138 151 155 260 129 232 306 228 116 261 218 216 67 181 218 289 38 273 121 150 62 312 158 208 137 148 16 273 39 222 243 59 215 291 167 248 60 233 243 215 141 261 61 149 89 286 166 207 74 257 151 134 61 220 256 114 119 217 151 54 46 193 284 275 204 180 121 241 101 231 198 262 59 209 124 234 135 221 276 373 162 186 302 242 246 295 290 131 95 120 105 129 163 131 212 236 53 170 150 371 160 220 81 88 55 88 120 81 88 241 126 222 0 264 166 275 10 171 215 243 129 153 316 212 187 355 150 105 105 144 254 280 92 125 323 139 78 114 227 208 182 140 115 48 85 232 87 257 49 149 226 152 48 199 189 239 61 237 215 80 79 153 300 315 82 243 154 388 55 215 326 139 69 275 143 226 159 128 282 54 131 269 223 264 55 87 94 183 74 156 255 208 65 189 189 384 7 275 236 308 24 169 219 143 137 99 158 241 184 273 153 164 99 255 247 235 98 196 103 218 130 132 283 139 150 340 274 212 190 150 136 159 70 298 173 158 22 292 265 197 103 235 270 200 95 153 237 237 119 164 269 138 34 179 196 218 122 110 215 53 185 252 241 285 116 417 158 168 147 159 223 239 175 354 73 242 182 157 170 139 80 308 128 197 75 185 234 371 34 143 161 176 67 230 109 292 73 302
239 134 180 99 311 124 304 112 227 133 168 136 258 120 249 84 545 30 175 100 236 79 141 207 286 185 191 48 214 140 199 200 325 90 388 113 274 203 115 152 327 241 386 92 249 105 187 151 323 122 339 367 127 130 224 160 199 146 330 133 151 104 237 235 234 102 165 81 178 239 178 278 191 177 188 161 170 65 197 184 260 59 128 174 235 54 298 154 282 130 232 216 204 222 302 156 291 80 278 103 388 24 237 34 384 155 294 44 256 172 316 82 355 162 216 256 336 155 369 122 366 83 241 69 285 244 239 102 249 107 163 182 153 184 307 153 330 201 312 36 121 94 297 171 300 134 276 199 253 15 253 72 229 145 166 57 270 52 262 254 282 21 192 54 314 177 240 91 174 43 105 147 187 90 291 41 151 60 298 118 379 80 222 116 331 183 304 63 179 78 328 115 249 152 183 87 192 87 311 110 354 268 197 175 305 154 296 96 303 189 194 84 194 77 267 143 224 82 261 76 273 165 255 60 286 144 353 178 256 99 277 88 301 247 72 120 127 194 280 153 233 129 396 14 319 157 283 135 267 75 290 143 327 269 322 91 374 159 197 155 325 225 304 102 309 184 449 123 329 209 173 268 321 53 262 55 157 30 397 86 312 174 360 203 174 200 286 99 312 205 267 157 316 158 109 210 243 61 215 124 305 261 364 44 288 183 214 182 267 254 284 74 190 48 264 0 248 184 256 149 340 80 305 111 386 257 272 124 116 242 165 126 335 146 194 316 319 128 318 155 262 168 410 252 207 216 312 47 206 180 239 177 219 159 216 65 303 51 227 85 401 188 257 112 188 64 243 194 346 124 317 51 284 192 326 139 337 62 215 234 329 214 385 38 201 42 276 306 185 81 337 108 307 83 199 125 295 223 270 50 275 115 267 101 330 155 130 175 220 27 334 35 177 122 171 69 272 67 268 218 240 142 151 153 447 207 219 90 277 69 258 179 232 178 213 195 209 209 242 70 340 69 350 64 162 249 204 113 246 133 295 118 279 137 269 127 202 99 257 292 247 215 256 71 215 33 265 251 326 166 208 161 256 43 157 194 322 155 312 108 380 141 198 80 182 84 212 125 76 162 247 125 233 101 251 56 260 308 202 64
206 347 119 272 98 293 155 296 43 324 96 128 42 267 104 171 300 245 135 191 99 300 122 127 65 349 164 235 41 256 177 395 176 317 146 193 110 250 144 374 109 266 210 322 90 305 119 251 80 249 162 312 142 147 178 220 72 243 197 303 183 189 222 419 25 247 148 272 75 485 194 259 95 356 178 355 136 280 179 190 60 190 121 88 147 194 224 259 70 199 80 75 105 378 195 345 45 251 94 321 149 247 72 223 199 131 290 290 62 306 332 325 113 387 39 185 114 182 145 226 118 293 225 188 52 290 149 183 30 232 132 230 109 254 118 313 82 298 72 214 140 274 120 384 80 147 220 334 26 253 70 301 26 386 128 301 74 254 223 197 37 229 238 210 113 356 73 158 81 283 161 217 62 217 196 281 144 233 183 330 131 258 49 159 103 363 99 185 69 173 263 276 72 281 178 173 72 266 116 156 106 380 57 251 66 332 73 164 140 325 230 295 84 250 105 260 64 314 130 300 59 244 105 267 44 285 302 251 150 312 138 264 80 211 244 200 123 343 225 311 87 283 215 238 173 95 251 341 20 237 239 324 95 285 180 162 129 124 71 299 93 119 167 242 119 358 241 245 120 345 190 362 73 278 218 209 114 226 266 166 111 410 131 298 181 342 80 218 124 252 251 197 116 213 151 255 50 192 134 234 69 457 138 220 107 123 174 180 55 234 98 273 72 230 166 248 0 358 168 99 93 278 84 172 165 344 28 370 157 61 129 193 103 342 202 290 158 187 146 183 61 299 192 283 238 158 250 201 95 343 195 251 75 241 155 206 55 256 110 276 160 173 90 163 172 269 84 339 118 360 182 222 165 252 225 171 113 187 282 265 120 134 280 275 83 222 219 121 109 195 199 174 92 245 157 256 48 445 172 228 70 343 188 160 84 228 146 188 28 221 88 234 73 223 181 198 82 263 77 314 63 293 116 212 199 260 32 338 109 238 24 71 32 262 196 379 41 278 160 308 112 209 261 189 153 331 216 189 75 304 280 135 104 201 137 121 60 268 270 85 51 172 19 194 93 280 269 477 90 263 43 88 59 251 91 413 159 319 338 188 154 208 112 321 79 165 104 251 179 402 187 147 15 219 220 193 61 423 118 249
417 67 245 95 446 69 329 74 321 51 262 232 347 92 301 204 621 159 230 171 294 108 238 370 366 15 215 152 317 104 210 43 485 106 467 165 424 148 221 81 392 172 402 109 396 79 247 112 413 109 369 299 289 212 228 148 288 119 332 58 329 171 206 61 356 114 216 106 311 207 181 221 342 7 201 32 336 119 206 188 394 222 268 270 260 212 272 106 415 159 302 294 359 41 299 31 402 120 337 90 507 163 311 176 408 228 216 162 333 62 211 139 471 90 320 253 468 182 428 132 467 101 207 239 373 154 263 178 373 127 327 365 302 129 357 45 435 97 430 207 223 97 344 65 431 212 250 52 349 169 326 119 333 138 233 149 408 136 231 242 381 185 150 173 370 9 313 239 278 148 202 146 302 146 285 200 215 146 303 74 477 115 314 201 402 8 366 222 297 236 282 85 390 81 198 254 286 106 365 208 452 106 301 125 392 30 373 260 457 52 160 100 339 122 319 100 363 116 297 113 354 126 307 236 382 74 287 127 278 89 308 106 431 225 129 302 248 34 251 47 380 76 414 196 335 267 233 58 372 133 251 41 404 189 334 248 485 235 288 61 402 272 321 118 454 1 479 113 387 53 182 119 425 132 235 173 245 176 376 245 453 128 426 98 352 44 422 282 458 148 215 168 370 154 215 149 376 228 254 124 390 99 427 170 341 242 223 196 349 213 343 112 286 156 275 184 358 0 266 274 445 105 379 188 520 121 386 152 203 321 231 166 460 43 185 246 475 171 352 181 397 67 456 169 163 237 270 209 275 19 229 127 363 126 239 169 409 136 279 102 477 206 318 198 363 240 309 39 415 239 327 161 449 138 307 315 404 222 128 165 467 252 348 149 348 224 250 354 254 173 341 187 441 123 225 102 403 113 278 233 410 99 263 208 440 138 212 185 333 192 425 219 291 135 189 246 412 121 337 99 318 66 242 153 539 142 327 174 426 136 377 291 330 116 205 22 331 126 258 131 468 164 312 230 333 121 181 170 389 58 225 233 426 159 301 258 336 98 186 360 380 226 374 246 366 166 197 144 407 107 316 279 391 145 285 87 348 39 202 172 439 153 258 137 279 221 272 107 242 136 244 213 344 141 222 219 338 134 256 246
347 286 90 214 265 220 63 232 128 254 123 136 132 195 65 179 360 235 85 157 70 262 134 268 133 253 65 216 140 170 62 309 343 279 216 147 276 121 154 316 139 116 139 285 252 249 81 157 179 176 104 147 230 131 39 123 114 154 75 227 289 153 69 321 184 188 92 226 186 447 91 94 228 267 73 278 256 247 65 83 227 224 189 125 26 219 58 163 238 134 89 98 246 269 47 267 198 206 92 274 290 240 96 222 143 109 125 284 111 204 168 304 255 330 141 19 275 105 169 157 235 250 70 235 148 143 22 155 198 172 248 342 209 138 99 225 213 177 227 237 147 220 86 315 246 127 52 224 144 252 102 269 146 352 98 286 242 227 58 32 167 237 116 202 114 268 95 201 137 269 155 131 154 175 37 297 108 207 43 275 240 212 123 142 153 273 115 218 159 217 98 208 236 188 78 231 122 216 108 152 219 245 138 141 161 251 135 227 308 218 106 252 217 207 73 172 218 280 43 264 126 141 66 305 162 198 136 139 19 264 47 213 246 51 206 287 162 239 56 224 243 205 151 254 70 145 84 277 169 198 71 247 158 127 71 215 262 109 117 207 158 53 56 184 287 266 214 171 129 232 92 223 203 253 53 201 119 226 141 216 279 364 170 176 299 233 248 290 293 122 88 110 114 119 157 122 214 230 48 161 156 361 169 212 88 83 46 80 125 74 95 232 125 214 10 256 168 266 0 168 221 234 136 146 321 204 191 346 143 108 99 135 259 271 82 121 326 131 87 106 229 199 191 132 105 40 84 225 86 247 40 139 226 142 40 192 194 231 60 228 223 71 83 146 298 309 85 234 162 380 64 208 327 130 74 271 151 220 150 119 285 49 135 261 223 258 51 95 91 176 83 148 258 199 57 180 194 374 14 269 239 299 20 162 224 134 131 90 159 234 191 266 152 155 90 250 249 226 103 187 106 208 126 122 291 129 151 331 276 204 192 148 137 150 61 288 173 149 15 283 270 189 105 229 267 192 85 145 238 228 114 159 271 129 41 175 196 209 114 116 216 44 187 246 241 277 109 407 165 159 147 157 225 231 172 344 82 233 176 149 179 130 77 299 126 191 73 176 228 362 25 137 163 167 59 224 113 284 70 296
185 253 80 182 173 206 190 206 83 235 45 49 113 183 127 74 398 147 91 104 114 204 45 111 143 268 125 138 68 179 140 307 215 221 241 112 151 196 53 279 187 224 266 225 123 213 87 178 175 167 215 311 63 69 155 155 64 170 227 217 122 104 192 335 88 161 95 179 37 386 142 236 74 271 134 266 91 184 140 142 121 92 26 43 141 95 224 186 142 124 102 85 93 300 210 257 142 159 146 226 243 148 103 124 260 70 264 191 117 229 301 226 209 292 70 178 196 120 228 147 218 199 196 92 139 242 145 96 104 148 81 175 43 192 176 230 181 232 165 114 53 183 170 291 159 71 210 260 106 154 117 203 82 288 77 202 134 157 205 184 133 130 183 113 179 271 107 59 34 184 72 147 39 129 204 183 81 138 201 237 230 165 80 76 188 278 167 86 30 75 263 190 116 203 132 79 55 175 178 67 205 316 52 187 158 246 153 72 185 250 177 200 68 157 142 184 89 216 149 203 131 177 133 172 138 205 299 188 157 218 164 173 160 189 152 124 27 265 215 229 108 199 274 139 208 22 233 249 119 145 229 237 183 250 214 65 226 66 61 219 180 117 196 156 180 274 317 164 193 271 136 303 173 180 202 112 52 127 300 69 179 313 217 233 132 266 149 133 184 199 226 135 182 149 59 203 102 94 119 154 159 370 222 122 158 87 146 132 125 208 152 179 52 134 171 149 99 274 168 0 192 184 163 88 248 286 124 271 73 104 77 116 192 252 156 273 204 112 195 121 123 223 272 241 189 136 247 102 86 261 175 188 90 173 134 111 155 160 114 183 254 130 127 77 132 174 113 262 203 263 212 126 186 194 240 104 195 88 226 221 193 118 301 176 76 125 210 177 77 103 233 89 168 154 125 174 147 351 178 132 137 247 186 67 182 160 69 136 72 122 186 137 29 144 128 104 138 168 132 251 102 210 48 145 299 206 71 239 153 145 111 33 86 197 161 293 62 221 154 209 198 115 273 91 100 274 172 107 114 217 258 41 152 129 158 21 62 178 234 154 106 145 109 100 96 181 237 383 180 193 60 14 117 154 11 319 204 236 303 104 239 137 90 223 46 66 97 171 83 304 174 66 85 134 197 94 120 360 98 156
255 438 201 362 85 382 181 386 125 414 186 219 99 355 159 264 212 338 216 281 161 392 213 189 88 435 239 327 131 341 249 483 177 410 75 282 135 324 236 465 97 333 200 414 134 396 199 335 44 336 166 347 229 236 243 301 158 327 219 392 259 279 286 506 107 337 230 364 164 577 272 315 171 443 254 444 211 372 252 267 101 282 213 178 208 286 267 342 86 286 147 152 172 461 231 434 51 342 129 413 69 340 138 316 185 217 346 383 116 390 389 418 36 479 129 240 76 264 108 313 26 385 288 279 75 359 208 274 95 321 210 298 195 332 133 400 11 376 41 306 232 364 143 475 74 236 271 417 96 346 125 393 115 479 212 393 103 346 279 253 64 322 315 303 119 444 136 250 173 376 253 300 154 307 237 373 230 325 218 422 40 349 131 250 82 450 111 278 162 265 302 365 119 366 255 262 160 357 125 247 20 456 148 331 60 421 86 254 148 409 305 387 162 341 148 346 132 406 178 392 97 325 156 356 64 371 340 330 202 404 178 355 74 270 336 282 215 427 275 398 142 370 200 330 194 188 304 432 75 328 288 413 72 347 202 253 42 211 157 385 71 184 195 332 115 445 199 332 113 427 269 436 21 371 274 302 202 319 274 257 102 503 92 377 251 425 92 302 120 327 309 279 121 295 243 328 110 283 203 321 65 544 100 312 135 204 242 257 100 294 128 365 161 323 215 340 93 445 221 192 0 370 88 262 106 417 70 463 248 126 214 280 54 432 277 338 158 274 161 265 100 383 148 349 311 225 293 294 172 429 256 331 142 324 222 299 38 349 175 367 87 248 140 253 238 358 143 423 86 450 207 315 189 328 256 251 91 279 357 334 95 203 298 368 158 313 270 138 191 287 217 264 81 336 230 343 45 535 219 318 94 435 239 252 17 311 236 267 121 314 35 325 165 310 261 287 108 355 119 391 129 380 206 294 108 334 123 430 132 330 84 163 115 342 265 466 131 354 218 400 66 301 291 280 228 404 288 278 124 392 334 228 124 286 181 213 143 358 334 106 108 240 85 284 158 373 330 568 63 345 135 181 104 344 183 503 175 406 397 277 111 293 189 414 169 258 177 339 270 495 244 237 108 308 279 285 112 497 193 338
313 69 180 25 357 46 292 33 247 56 185 151 276 51 247 110 563 53 169 90 236 28 157 269 301 106 170 49 239 78 173 127 386 45 405 94 329 148 134 96 335 185 372 51 301 29 185 92 344 63 330 318 187 135 197 116 215 90 308 53 225 93 195 160 271 47 155 8 220 216 144 229 245 99 161 87 234 19 169 152 304 119 173 192 219 109 262 92 327 101 239 227 261 142 277 79 323 30 281 44 426 58 246 71 374 157 238 70 268 95 252 72 391 109 241 228 381 130 375 77 394 17 198 135 304 182 222 97 288 62 226 260 205 125 307 74 359 130 348 102 138 19 295 107 344 136 239 121 275 65 263 36 255 119 166 63 317 32 222 222 307 79 140 73 317 99 249 139 197 53 117 105 218 65 264 104 148 46 276 52 405 22 241 120 342 106 310 119 211 134 286 41 298 81 156 150 210 18 313 123 380 190 222 117 324 75 309 157 360 111 146 18 244 30 267 79 271 47 252 31 288 109 253 136 309 70 304 121 240 34 266 21 344 210 34 196 158 114 243 74 285 54 383 91 303 183 237 65 295 42 248 64 341 211 304 146 407 163 214 78 340 219 288 51 361 105 443 67 334 130 142 192 349 32 224 74 169 71 367 143 362 136 369 132 247 121 333 177 364 149 219 124 318 117 128 153 286 124 204 75 323 191 372 68 288 181 188 155 282 210 288 6 209 54 243 80 278 105 234 184 370 0 317 109 432 183 305 112 123 255 164 102 376 71 157 264 378 107 310 129 307 93 411 192 157 196 270 105 210 100 206 120 269 104 197 73 332 31 224 7 416 163 260 117 259 140 248 114 357 166 298 60 349 136 295 210 346 119 150 178 377 203 348 50 252 119 239 305 188 83 317 106 352 36 180 62 325 167 248 128 321 68 239 119 362 107 135 144 251 87 356 114 206 79 144 141 320 17 277 146 252 65 164 113 472 149 247 105 331 40 294 208 255 117 179 119 245 145 222 53 382 69 312 126 230 176 162 97 296 53 243 144 332 105 258 165 245 29 202 301 290 190 291 141 269 69 211 199 342 103 236 192 301 40 195 135 311 75 247 96 387 104 197 67 201 123 212 65 138 131 218 133 264 68 211 115 273 228 198 143
289 381 138 305 151 320 94 328 80 354 137 171 50 293 79 222 246 296 151 227 85 343 165 211 21 368 165 281 96 275 173 419 242 360 89 224 184 247 191 410 25 251 129 365 169 340 133 267 44 274 85 260 218 183 162 231 106 260 133 330 265 224 203 438 109 278 165 310 151 532 199 229 179 378 179 383 219 323 176 193 135 253 188 132 127 254 180 273 134 223 78 91 189 390 143 372 83 288 44 361 156 299 71 275 117 160 259 344 50 320 303 375 123 424 95 155 153 197 65 251 99 333 204 255 33 277 126 220 110 261 214 313 185 258 46 334 81 301 105 274 185 308 55 416 134 181 184 345 62 307 54 346 85 433 151 352 145 298 194 168 55 285 239 259 34 379 68 220 133 334 205 233 126 253 150 343 170 276 130 367 104 295 84 198 26 385 24 247 135 238 215 305 151 298 182 242 113 302 40 200 83 377 111 258 30 357 11 234 208 337 228 335 167 287 64 279 148 359 93 343 32 254 74 334 46 305 253 257 117 351 91 300 134 186 284 278 179 357 188 333 169 307 133 297 108 149 217 374 68 275 201 351 25 262 115 228 127 154 108 318 24 108 108 273 179 378 158 269 37 355 197 356 73 324 188 258 150 279 194 232 168 453 55 301 265 353 144 293 185 249 224 211 37 225 198 250 131 256 126 257 24 478 59 269 48 138 163 184 38 210 41 313 116 277 129 305 84 379 136 163 88 317 0 208 192 337 87 420 196 63 153 219 134 372 200 251 223 213 76 198 135 313 111 267 232 147 205 261 107 361 173 257 159 254 144 252 70 301 100 313 100 174 61 202 255 337 70 352 41 425 120 269 241 253 169 251 32 249 279 253 169 127 215 325 167 287 183 51 129 238 132 211 145 281 155 280 75 477 132 295 139 385 152 207 94 241 183 195 101 279 55 299 134 248 190 267 153 304 41 314 66 315 157 226 161 257 97 394 182 279 98 130 78 269 185 401 119 276 135 356 146 253 204 253 235 324 210 221 155 330 248 187 175 222 95 183 142 300 250 20 131 161 95 263 177 335 245 511 29 274 105 149 135 298 159 446 90 341 311 221 76 227 122 371 123 222 107 275 246 447 160 186 92 251 195 255 45 417 123 319
257 176 73 101 258 121 194 124 138 152 76 44 167 96 142 38 454 92 66 19 130 134 50 194 192 181 81 75 131 91 91 223 302 152 296 24 239 120 35 204 228 154 276 157 210 134 80 92 235 80 230 266 121 26 115 75 106 83 219 132 178 18 136 249 168 76 55 102 125 324 76 180 160 185 80 184 165 115 89 80 206 85 88 84 124 77 190 99 227 40 131 118 178 212 192 173 216 80 175 153 321 97 137 77 275 49 202 142 159 142 233 168 285 218 134 146 280 50 268 59 286 125 140 99 195 167 128 12 185 61 155 227 122 110 202 143 251 147 243 92 35 103 191 213 243 27 170 172 167 108 154 137 147 225 59 147 220 91 158 146 198 91 107 57 210 186 141 74 91 129 18 64 114 46 181 152 42 68 187 160 297 87 132 13 234 192 202 79 109 84 224 105 203 116 76 102 102 95 207 22 271 230 114 104 215 161 200 103 272 162 104 127 155 80 161 96 176 150 152 135 179 93 149 160 200 117 253 106 145 144 167 93 243 142 75 163 62 178 175 142 195 112 286 109 208 79 182 170 188 67 185 153 232 182 211 88 300 54 105 132 231 116 194 71 267 188 342 77 227 184 70 219 241 117 157 56 60 81 287 87 265 245 261 148 195 178 234 157 271 123 169 59 212 70 31 128 188 92 105 67 213 286 264 68 183 75 105 75 173 154 181 105 101 72 153 111 172 188 146 88 262 109 208 0 331 203 199 213 15 146 57 31 272 170 93 219 291 29 209 50 209 135 306 169 118 106 207 82 102 174 132 105 178 88 105 47 225 94 120 106 308 79 153 10 201 164 140 175 249 235 206 64 271 115 217 159 238 81 145 149 279 103 276 121 163 115 169 200 81 31 227 3 253 74 89 87 218 274 159 127 222 176 157 27 255 77 26 71 145 89 247 122 103 56 66 114 225 95 168 166 143 123 56 65 363 129 140 191 241 70 190 103 147 113 108 208 142 140 131 148 280 46 242 91 168 191 107 20 202 132 200 48 240 46 159 75 149 96 168 193 192 106 186 111 183 134 173 306 233 107 129 91 203 92 98 242 212 149 233 17 279 53 90 164 93 57 106 83 95 239 138 25 158 47 147 84 164 274 93 153
228 501 283 430 75 453 286 454 207 482 259 288 190 428 256 322 238 391 300 350 255 451 282 192 189 512 327 385 206 419 340 554 115 467 162 355 119 414 300 527 203 427 304 471 139 461 284 415 149 411 271 452 261 308 338 384 237 407 324 464 268 349 382 581 164 407 312 427 212 625 359 415 196 517 342 514 226 431 342 355 128 327 261 250 304 334 370 423 106 362 238 238 186 541 335 504 124 407 231 474 49 391 229 369 287 294 446 430 211 469 489 468 70 539 203 339 52 346 209 388 106 446 384 318 173 452 305 342 146 392 230 291 233 418 238 475 111 462 95 350 297 431 247 539 89 308 372 498 181 395 220 449 191 530 292 442 116 404 379 352 154 371 403 360 224 517 229 298 242 427 318 381 218 375 340 411 308 386 322 485 113 413 213 319 188 524 216 324 223 309 406 436 137 444 342 300 237 423 231 313 117 545 220 416 163 493 189 291 105 489 394 448 192 405 249 424 163 462 278 449 195 408 254 386 158 447 445 416 301 466 280 421 89 368 400 298 275 507 376 473 155 444 302 374 299 253 404 497 155 393 390 484 178 444 307 296 74 288 236 461 176 278 300 402 82 520 290 407 219 509 355 526 119 426 373 360 276 371 379 300 75 558 194 463 252 505 100 323 82 416 408 362 227 378 306 419 146 325 295 396 168 617 201 368 239 288 335 344 196 392 230 427 236 381 316 386 165 520 321 248 106 432 192 331 0 508 137 510 316 217 294 355 63 500 366 440 101 350 267 347 125 462 242 444 401 319 396 340 258 505 353 416 167 406 316 359 127 407 269 431 170 337 238 322 235 387 238 503 190 479 312 373 148 416 361 267 196 324 447 428 58 295 404 419 185 351 371 243 274 351 323 333 80 402 320 418 128 599 320 352 112 493 339 315 98 392 307 353 188 362 140 363 229 385 346 322 115 416 218 478 220 454 278 376 141 424 194 473 115 393 143 228 196 427 358 539 189 443 316 453 53 363 396 323 240 495 379 350 140 464 435 289 111 365 282 267 187 426 430 209 142 333 147 319 173 420 427 630 169 427 204 241 132 400 237 567 281 481 496 348 209 372 276 465 242 310 266 413 311 548 342 307 177 379 377 330 208 587 281 366
460 181 226 160 441 138 264 154 301 152 256 237 319 138 259 236 562 227 210 193 256 202 242 396 330 107 180 212 304 121 168 157 500 208 419 180 434 94 238 201 343 88 323 213 406 171 224 114 378 139 302 187 324 218 174 131 272 122 253 134 377 191 135 149 350 157 199 179 321 326 150 126 361 127 166 151 368 202 166 153 393 272 291 264 210 262 186 108 410 164 271 270 379 94 221 144 384 178 292 193 484 233 280 234 333 221 110 252 301 88 93 243 448 210 307 186 458 167 372 149 434 189 134 290 342 61 211 199 367 158 358 423 324 94 303 115 407 58 413 266 235 166 290 186 423 215 168 71 327 244 292 213 318 256 220 243 408 205 151 173 356 249 106 222 318 128 281 274 275 236 222 140 300 181 208 287 207 201 230 181 441 177 295 213 356 128 318 269 299 279 182 143 395 105 166 299 274 172 312 225 418 42 292 100 358 131 334 301 468 77 114 190 354 180 273 117 370 216 245 206 320 110 263 316 354 114 177 98 221 187 251 170 424 154 186 357 263 87 167 114 392 129 334 266 264 271 141 170 353 185 161 138 360 88 260 287 458 227 274 105 360 233 253 158 456 120 402 139 333 68 155 19 397 215 157 222 240 237 280 285 452 249 374 56 397 77 420 344 461 92 125 152 318 137 234 89 376 279 214 143 354 185 373 225 291 221 175 164 317 133 296 187 276 214 212 257 344 121 204 286 417 183 337 203 508 0 371 267 216 292 218 172 445 156 142 139 487 175 289 167 396 90 390 75 107 192 175 263 250 107 164 99 373 115 195 213 385 207 242 176 427 171 278 213 404 320 273 83 366 344 252 215 472 93 220 360 354 270 62 85 462 214 246 233 362 288 168 299 235 207 261 203 435 176 188 134 382 226 212 300 408 210 193 230 416 127 218 156 324 253 390 288 291 151 164 301 414 192 299 39 289 118 241 141 495 84 316 279 435 190 367 290 312 91 152 136 329 66 202 229 455 207 214 280 371 13 129 184 395 134 122 250 433 158 245 277 342 159 94 317 379 177 362 300 382 252 103 254 366 98 307 285 390 214 296 206 281 118 82 189 382 150 232 240 271 256 242 135 289 256 179 221 333 170 147 269 305 80 227 320
205 373 146 299 74 320 170 323 70 352 124 156 59 295 125 197 280 270 163 218 122 326 149 130 72 377 191 261 69 284 204 422 158 343 132 221 97 277 170 400 110 292 217 347 83 332 147 279 68 277 171 331 160 174 203 247 100 271 212 331 194 217 247 447 38 275 175 299 95 509 222 283 105 383 205 383 146 306 206 218 48 213 143 116 171 217 245 287 49 227 104 102 110 406 214 372 19 277 109 348 122 272 95 248 204 159 314 314 81 333 356 350 86 414 67 208 87 210 141 254 96 320 250 209 55 316 173 210 28 259 144 237 126 281 128 341 60 325 44 236 167 301 132 411 55 174 242 362 46 278 89 326 54 412 155 325 59 280 247 220 33 253 266 236 120 384 96 181 108 308 188 244 87 244 216 303 172 259 201 357 110 284 76 187 101 391 107 208 94 195 284 304 65 309 205 193 100 293 124 183 85 407 85 279 62 360 78 184 123 353 257 322 94 276 123 288 68 339 150 325 71 272 125 286 41 313 322 279 172 339 157 291 55 235 271 214 148 371 247 339 84 310 220 261 187 122 274 368 22 264 262 352 91 310 195 183 103 152 99 327 89 143 183 270 97 386 238 273 124 373 217 389 52 303 242 235 141 251 278 187 89 436 126 326 189 369 60 234 103 279 275 225 123 241 177 282 48 214 160 262 66 484 133 245 121 151 199 207 69 259 112 300 100 256 187 272 28 386 191 124 70 305 87 199 137 371 0 394 184 83 157 220 75 370 229 312 139 215 158 210 48 327 188 309 265 183 271 225 121 370 220 279 79 269 180 232 35 282 134 303 146 200 109 190 177 289 106 367 114 380 198 248 154 279 243 184 111 210 310 291 95 160 295 300 92 243 242 132 137 222 213 201 67 272 184 283 25 471 193 248 53 369 210 186 58 256 174 216 54 245 74 256 99 251 209 218 66 289 93 341 86 320 144 239 178 287 59 361 95 265 15 97 59 290 222 406 62 306 184 333 84 236 279 211 163 358 242 216 69 331 304 161 88 229 156 145 74 295 296 95 46 197 15 214 96 304 294 504 84 290 70 113 48 277 114 439 172 347 363 215 149 236 139 346 107 189 130 279 201 428 210 174 42 246 244 216 79 450 144 268
347 87 286 134 435 139 403 123 345 116 283 249 376 158 355 200 664 125 277 196 343 84 255 328 402 163 282 139 334 186 285 138 444 68 506 203 397 255 230 75 440 291 484 63 372 104 292 200 442 174 441 424 250 237 309 228 315 200 420 139 264 199 306 173 358 159 264 120 302 115 257 337 315 145 273 120 291 100 282 264 384 184 252 290 330 178 374 198 407 212 344 329 327 192 389 124 413 140 388 78 512 123 350 147 485 262 342 81 370 184 350 45 479 74 336 340 461 242 481 190 488 97 309 192 403 282 334 201 373 174 285 280 277 232 415 154 452 225 435 160 235 128 404 98 425 240 351 196 372 117 366 77 350 26 272 69 394 123 333 334 402 141 250 162 424 144 353 215 292 87 215 217 308 173 376 104 254 145 388 86 501 134 340 223 446 146 415 187 301 202 396 145 373 180 268 210 309 130 420 221 475 258 316 224 423 136 412 219 424 190 256 95 318 140 374 186 348 66 362 82 389 218 361 140 406 168 411 228 351 87 377 133 425 322 141 230 248 181 354 156 356 154 495 137 415 276 346 97 389 149 359 129 443 315 416 215 497 267 313 169 442 328 400 163 433 153 553 178 440 201 254 269 443 96 336 163 270 144 479 211 436 60 474 227 286 191 411 205 435 256 328 236 425 229 223 260 367 185 314 187 423 182 477 152 396 288 300 267 384 320 394 114 307 143 355 124 370 152 346 271 463 112 420 213 510 267 394 0 224 357 270 212 460 112 269 370 440 217 420 241 387 184 519 295 266 308 381 171 315 161 318 227 344 214 309 168 425 119 332 119 518 275 366 218 302 141 354 184 461 95 410 151 402 243 407 256 450 187 251 283 453 313 459 95 325 161 351 413 294 183 429 210 432 147 292 172 417 122 360 162 399 57 351 214 453 218 238 257 342 150 453 150 298 192 256 190 396 121 381 236 354 159 264 225 568 255 340 43 400 145 382 300 352 222 291 148 332 247 333 65 464 167 423 188 281 264 274 205 370 138 349 236 403 217 368 250 326 139 307 405 371 302 379 192 338 91 317 142 443 208 329 282 380 122 280 104 421 150 342 203 492 216 304 49 299 205 319 175 200 44 331 234 355 179 322 180 375 285 306 158
246 190 64 115 243 136 188 139 124 167 62 29 154 112 133 36 441 101 59 33 121 147 35 180 179 196 81 85 117 106 93 238 288 164 283 39 224 131 21 218 216 163 270 169 196 148 71 106 222 95 223 269 110 14 115 86 92 97 215 147 168 33 141 265 153 91 51 116 110 336 82 186 146 200 83 198 152 127 92 85 191 82 75 70 120 76 191 113 212 53 120 106 164 228 190 188 202 94 164 166 306 105 126 83 268 39 209 151 147 157 242 179 270 232 119 145 264 57 257 74 272 138 145 95 182 178 124 26 170 76 143 219 108 123 192 159 237 161 228 94 20 117 182 227 228 17 172 187 153 115 143 149 133 237 50 157 205 102 161 146 184 96 118 64 200 201 129 66 76 139 12 77 98 60 179 157 36 80 184 174 283 101 118 3 222 208 191 76 94 78 226 120 188 131 79 95 88 109 197 11 257 244 100 116 202 176 188 95 257 177 113 140 140 93 152 111 161 162 145 147 166 106 139 162 187 132 256 118 141 157 161 107 228 145 89 156 48 193 176 157 180 127 280 112 203 64 186 184 173 81 188 168 220 191 206 80 286 43 91 147 218 109 189 86 251 203 333 92 217 199 77 233 227 128 160 63 46 87 284 80 250 257 250 162 185 193 219 152 256 133 175 68 202 81 19 138 172 89 99 82 200 301 253 75 173 67 105 79 161 158 171 118 87 81 150 116 157 203 143 73 248 123 196 15 316 216 184 224 0 133 48 44 257 185 99 225 276 41 201 57 194 150 296 179 127 104 209 82 92 189 133 118 163 102 103 56 210 105 111 120 295 81 143 6 190 166 130 190 237 241 202 74 257 126 216 150 226 78 157 159 263 98 276 130 149 115 171 191 70 41 222 17 238 88 87 102 204 288 156 126 207 189 156 20 241 89 14 77 130 92 233 123 87 71 70 110 209 108 157 179 131 139 42 76 349 139 126 200 226 83 175 88 133 126 112 223 127 152 128 159 265 57 243 88 157 204 113 35 187 147 206 34 225 59 153 61 134 111 176 181 176 106 171 107 168 142 180 321 221 121 115 76 187 102 84 256 205 165 243 32 268 66 82 175 79 51 97 98 90 251 138 11 143 63 151 82 152 288 85 153
256 320 77 244 157 260 98 267 26 294 74 108 27 233 43 158 308 232 92 164 39 280 102 175 46 311 113 218 43 217 124 361 236 298 150 163 170 199 128 349 85 210 166 302 148 279 74 210 91 214 115 251 164 120 121 176 43 203 140 270 216 162 165 382 80 217 106 248 101 469 147 200 138 320 128 323 174 260 127 141 121 191 130 69 88 191 163 217 130 163 21 28 152 336 135 312 93 225 43 298 192 235 12 212 158 97 231 281 14 265 273 312 156 363 43 125 169 140 127 191 146 271 167 194 52 235 90 158 91 200 167 267 133 207 73 276 116 251 122 212 122 247 69 356 138 118 159 291 37 244 13 282 42 370 90 289 135 235 164 137 64 222 189 195 75 321 12 159 71 271 141 176 71 190 135 280 108 213 123 305 155 233 26 135 89 327 63 185 79 177 203 244 131 241 129 183 51 240 74 136 131 330 53 206 71 298 55 176 201 283 179 273 125 225 47 221 117 296 69 280 33 200 44 274 62 248 241 205 89 289 79 238 139 152 221 225 117 302 164 275 142 248 173 235 117 88 191 313 62 213 179 292 87 227 124 168 167 91 46 260 85 61 109 212 179 321 213 210 89 302 143 311 106 261 158 195 87 216 212 171 171 390 118 251 220 299 141 237 185 201 192 154 78 170 134 203 109 194 78 198 69 421 122 206 56 79 118 131 28 176 49 250 54 214 105 242 61 321 108 104 126 255 63 146 217 292 83 357 133 0 92 158 154 312 151 229 219 152 96 141 122 258 169 227 186 102 190 199 47 305 137 205 127 198 99 189 92 238 52 251 162 122 30 139 214 277 23 298 104 363 125 206 224 203 165 201 94 187 232 211 178 79 222 262 128 226 159 74 68 175 143 148 151 219 105 221 90 417 111 234 131 322 128 143 124 185 120 141 58 216 104 237 76 188 135 207 143 241 28 265 3 256 93 169 219 209 51 330 170 216 85 72 32 216 141 343 76 228 100 292 165 190 201 192 189 279 163 159 133 271 221 124 165 163 76 122 101 239 213 50 111 116 80 203 144 271 211 450 88 219 53 90 119 235 101 385 107 283 280 159 138 169 64 307 61 160 51 216 186 384 127 123 57 189 161 193 18 372 67 259
261 228 16 152 224 169 140 175 90 202 38 36 116 142 85 82 399 148 15 74 73 190 36 187 138 221 48 132 88 127 63 270 283 208 242 71 216 125 55 257 171 149 222 213 188 187 23 122 183 123 174 236 134 35 79 91 57 114 169 179 194 71 115 292 132 125 20 157 106 380 69 160 149 229 58 232 167 171 63 67 175 126 93 46 74 122 152 129 193 72 75 64 167 249 145 221 173 135 118 208 277 152 82 131 220 10 187 198 105 177 225 225 240 271 91 105 242 53 212 99 236 180 119 136 143 169 79 69 149 108 158 247 119 126 145 186 204 169 201 140 48 155 134 264 207 31 136 205 118 163 99 194 103 281 2 204 190 147 129 109 150 144 113 112 154 230 85 102 58 186 59 87 82 99 136 205 17 125 139 213 246 142 84 49 178 236 146 119 82 117 190 153 177 152 56 132 57 149 150 55 221 252 75 123 162 207 146 128 250 196 105 182 140 134 105 132 152 207 97 191 125 115 92 208 151 157 224 123 94 198 113 146 207 113 131 189 65 214 141 184 175 157 231 160 155 56 157 221 142 123 154 200 178 173 159 115 254 11 58 171 176 61 141 120 238 231 285 118 170 216 64 236 194 174 126 111 25 135 239 117 234 300 205 170 207 212 202 190 243 128 149 68 155 84 58 131 158 131 53 107 161 330 208 123 126 19 70 57 120 131 124 160 58 128 105 165 129 231 99 77 214 164 153 57 294 218 157 270 48 92 0 66 232 220 81 197 269 61 153 53 178 170 249 166 116 63 173 128 46 215 99 123 157 112 61 103 178 151 63 160 253 53 96 53 208 212 84 210 193 289 155 121 258 125 173 176 182 121 157 147 245 51 234 177 147 160 135 143 25 88 176 60 218 128 49 129 173 325 112 171 190 232 115 65 210 99 34 63 106 140 195 169 74 97 55 150 196 151 112 186 89 166 29 82 310 135 99 248 217 126 151 72 100 133 84 252 110 152 85 205 241 103 203 130 176 206 96 67 177 179 181 60 214 72 105 79 125 147 158 137 161 69 146 147 167 190 160 358 179 133 90 71 172 148 85 293 157 193 228 68 223 79 34 221 53 93 49 125 129 295 100 40 117 97 120 126 110 296 37 197
289 163 81 87 283 102 190 109 155 136 97 69 182 75 146 67 464 101 68 28 136 130 75 224 204 157 70 82 151 64 75 203 332 147 307 13 267 90 66 192 236 125 272 152 239 122 86 62 249 57 229 243 153 49 100 44 122 53 210 112 209 24 112 227 192 59 54 94 153 318 52 155 190 163 63 165 196 112 72 58 232 111 119 105 118 103 172 69 252 8 141 130 208 186 180 154 237 73 181 144 341 107 148 92 273 63 175 149 171 114 204 169 305 206 154 132 304 30 275 33 302 118 116 127 210 136 121 30 209 42 186 257 153 79 205 120 269 116 265 115 64 90 194 198 267 47 151 144 184 119 165 135 167 220 69 151 246 92 136 129 216 108 77 72 216 164 151 105 114 134 50 33 138 40 168 166 50 72 178 149 313 80 149 42 243 170 209 106 135 113 203 86 230 89 58 132 121 85 212 53 287 200 136 72 229 141 212 133 301 135 75 120 184 73 165 69 204 147 150 131 191 62 152 180 217 92 229 74 139 135 165 82 267 122 71 192 92 151 155 119 224 91 282 126 202 105 158 155 207 63 164 134 243 153 204 119 320 69 123 106 242 118 188 54 293 165 341 52 233 156 48 188 259 118 137 72 79 96 273 118 291 236 269 118 227 151 260 185 298 92 144 32 217 39 62 97 214 119 102 41 227 264 272 82 187 81 90 57 186 129 187 99 121 80 144 126 193 166 135 116 280 102 219 31 355 172 220 212 44 158 66 0 295 154 69 194 320 6 208 30 235 108 309 139 89 96 186 107 112 150 114 74 206 57 97 61 243 95 123 97 318 64 160 41 233 184 149 148 258 247 199 75 301 83 202 190 246 108 114 120 304 101 259 126 192 138 150 203 91 47 218 32 278 66 79 63 238 259 149 151 248 169 143 59 275 45 49 49 168 107 262 143 128 30 46 141 251 92 177 135 155 100 77 34 377 98 162 196 269 69 213 127 165 81 88 186 167 108 122 149 303 57 224 118 199 160 81 15 229 113 174 78 268 15 156 105 176 81 139 201 218 92 208 139 212 142 145 292 245 76 151 118 229 96 127 227 209 127 203 21 286 22 97 164 114 87 112 59 124 233 123 51 179 33 125 110 176 244 97 176
213 445 221 372 37 394 227 396 144 424 198 229 128 368 194 266 242 338 238 291 192 396 222 158 128 452 265 330 144 358 277 495 124 412 126 295 92 351 242 471 148 364 254 416 101 403 221 354 93 351 216 392 214 248 275 322 175 346 267 405 233 290 319 521 105 348 250 370 158 575 296 353 150 457 279 456 187 376 279 292 77 276 208 190 242 282 309 361 55 302 175 175 146 480 275 445 62 349 170 418 53 338 166 315 238 233 383 379 148 408 426 416 30 484 141 277 21 284 162 328 68 390 321 269 111 389 243 283 88 333 188 265 183 356 179 415 56 400 32 300 239 373 188 483 37 248 310 437 118 343 157 395 129 478 230 391 70 349 316 290 92 318 340 305 167 458 166 245 182 374 260 319 159 317 279 364 247 330 262 428 81 356 150 260 134 464 158 272 165 258 346 377 91 383 280 252 175 365 173 255 72 482 159 354 104 433 129 243 97 428 331 392 144 348 187 363 113 408 216 395 133 347 192 342 96 387 385 353 239 410 219 363 37 306 343 259 218 446 314 413 113 384 254 324 241 194 342 440 93 335 328 425 123 382 249 245 50 226 174 401 121 215 241 343 64 460 253 347 164 448 292 464 61 372 311 304 216 318 325 249 51 504 146 401 221 444 55 282 69 354 345 300 170 316 248 356 93 275 232 336 109 558 154 313 179 226 272 281 134 329 170 370 174 325 254 335 103 460 259 192 54 376 134 272 63 445 75 460 257 154 232 295 0 442 303 379 105 289 209 285 74 401 202 382 339 256 336 289 196 445 291 354 120 344 253 303 65 352 206 374 138 274 176 263 205 343 175 442 139 436 254 318 141 354 302 228 143 273 384 365 42 233 348 366 138 303 309 184 211 293 266 274 36 344 258 358 65 543 259 306 63 438 278 257 41 331 248 290 127 310 87 315 170 325 284 275 73 360 156 416 157 395 218 314 137 361 133 424 88 336 83 169 133 365 295 480 131 380 253 400 12 306 337 273 203 432 316 290 95 405 373 232 81 304 221 212 133 368 368 149 89 270 86 272 131 369 365 575 114 365 144 183 80 345 182 511 224 421 434 289 165 310 213 413 181 256 203 353 261 495 280 248 116 320 314 279 145 524 218 322
383 25 235 70 426 52 332 46 308 18 246 214 336 79 297 179 617 123 221 152 288 68 220 341 357 52 213 121 302 101 211 56 457 64 461 150 399 161 200 49 388 191 409 66 372 42 239 113 403 99 373 323 259 196 232 148 275 117 341 43 295 153 217 89 337 95 207 75 289 182 181 240 316 36 200 16 305 81 207 189 373 190 243 255 261 180 286 108 395 149 294 284 332 84 308 13 387 94 333 47 491 127 302 143 414 215 240 120 324 78 242 96 455 61 304 260 448 176 426 121 455 63 219 206 363 178 264 159 354 112 297 328 275 139 355 49 421 119 413 172 203 69 343 45 411 196 262 85 336 131 318 77 318 101 222 106 386 103 244 251 368 149 159 144 367 35 305 210 261 108 182 142 283 125 294 158 203 116 310 31 466 87 301 183 396 40 361 190 278 205 300 67 367 84 197 222 272 78 362 187 440 147 285 133 382 25 365 228 431 79 168 62 314 95 316 99 340 73 297 72 345 130 303 195 370 73 310 136 281 48 310 79 411 235 101 266 226 69 264 51 356 66 421 159 341 248 251 15 358 108 266 24 397 212 341 218 471 222 275 67 395 268 326 101 431 44 484 103 384 89 181 157 412 93 247 144 230 142 391 214 431 99 422 121 318 79 401 245 434 161 232 164 368 152 194 164 355 195 251 115 380 119 423 139 338 234 225 195 340 228 339 78 271 125 280 146 342 43 271 252 432 71 372 170 500 156 370 112 185 312 220 154 442 0 188 269 449 159 354 175 376 81 457 192 175 237 287 177 266 50 236 135 339 128 239 143 395 102 274 70 471 205 312 180 330 199 302 73 410 196 334 131 420 149 321 281 399 191 148 184 445 249 366 109 323 187 262 352 244 149 350 168 421 98 223 93 389 106 284 196 389 56 271 185 426 137 196 184 315 158 415 181 272 124 186 211 390 88 331 127 309 62 226 150 530 157 311 131 402 108 360 273 317 126 210 49 311 145 260 89 449 138 330 197 301 154 188 154 365 43 248 211 402 151 301 234 314 75 207 354 359 228 356 212 340 125 218 139 399 114 300 259 369 110 263 74 352 42 233 155 437 146 250 94 264 194 265 98 210 103 250 195 328 124 233 186 329 177 250 207
340 205 86 135 300 139 145 152 160 172 119 109 178 114 121 132 437 168 70 96 117 185 112 268 191 172 39 148 163 88 27 227 364 201 287 82 297 48 118 234 211 68 221 207 269 169 83 75 239 96 185 174 207 94 44 41 131 72 154 145 266 92 44 242 210 110 62 149 187 366 17 87 230 185 25 196 245 171 25 14 253 178 169 126 76 170 106 81 270 65 130 128 248 191 121 185 242 131 157 194 343 174 139 161 225 86 110 214 160 123 145 228 307 248 166 72 316 43 245 80 295 172 47 192 202 88 79 97 226 96 236 318 198 58 174 143 267 101 271 183 113 141 160 233 282 89 83 145 185 186 152 193 176 273 82 214 269 156 68 65 215 177 38 141 187 186 140 165 138 198 109 52 163 105 107 234 75 138 122 194 303 137 154 97 222 192 184 172 163 177 134 127 257 106 26 194 134 139 181 110 279 179 153 60 219 168 196 194 330 139 28 174 221 132 138 90 233 204 113 188 180 59 126 249 213 116 160 58 94 185 124 136 282 54 133 255 139 159 87 141 256 123 232 195 152 137 90 195 211 126 96 165 225 93 152 179 318 91 134 125 224 93 138 107 316 184 296 91 203 155 23 160 257 180 69 141 105 165 210 179 311 283 244 101 282 154 279 250 321 50 76 37 187 40 118 53 237 185 74 82 215 281 244 150 158 80 39 24 177 61 162 156 136 148 92 194 202 185 82 156 277 157 200 93 366 142 229 269 99 151 81 69 303 188 0 126 349 67 167 43 256 117 272 85 36 54 118 174 108 166 49 58 238 60 57 130 243 159 102 150 296 30 139 99 285 253 133 154 234 313 145 143 339 52 138 248 222 174 81 65 321 74 193 191 228 207 83 170 95 116 162 95 294 125 46 99 240 292 95 219 268 219 83 118 275 52 93 22 183 176 251 212 155 78 29 207 275 152 160 115 148 126 109 44 361 58 175 259 297 132 226 153 170 70 22 207 190 77 73 208 314 126 157 184 252 129 15 83 257 146 107 129 294 57 116 153 206 130 78 181 240 41 221 204 248 208 82 325 229 77 167 152 251 161 165 262 164 151 147 89 256 55 90 224 132 150 101 95 188 282 62 99 192 95 57 176 165 221 85 244
458 292 194 239 386 231 160 247 248 258 231 231 254 214 187 258 445 288 183 222 191 291 232 381 252 231 149 269 259 187 135 287 464 303 319 207 396 117 243 317 248 80 197 309 371 266 188 173 295 202 191 54 330 218 119 156 230 175 134 233 390 217 84 285 305 221 181 257 298 450 143 39 342 250 143 270 364 282 135 139 348 304 290 236 143 296 71 173 359 188 210 218 360 230 110 260 319 244 210 292 407 294 218 284 210 205 30 330 232 191 59 335 373 330 260 104 396 169 266 195 349 277 80 319 268 92 141 223 318 211 355 442 316 139 208 220 330 150 347 309 237 246 196 308 367 213 70 194 266 307 223 300 267 367 197 326 363 272 69 94 288 300 125 265 223 251 217 290 248 313 235 169 269 226 101 354 197 257 122 286 352 248 244 223 263 254 228 299 272 303 47 226 356 190 146 320 237 247 216 235 334 178 254 147 278 244 252 319 428 194 122 278 332 246 192 185 336 308 163 294 246 156 187 373 283 202 41 144 140 284 160 244 368 84 249 380 260 212 65 219 361 216 208 319 153 252 41 281 290 243 51 246 270 57 147 305 378 208 234 203 271 172 146 219 408 245 275 199 234 196 149 153 322 293 73 265 221 288 143 305 400 368 273 149 404 202 370 377 414 115 50 162 221 158 243 111 334 311 160 194 273 322 269 274 203 187 128 146 245 67 211 265 240 269 125 316 290 246 121 273 338 264 251 219 440 139 312 370 225 229 197 194 379 269 126 0 446 193 184 169 350 189 273 77 109 139 48 300 202 228 99 144 344 161 142 254 314 275 180 257 324 146 204 226 405 377 206 207 269 429 139 265 446 128 94 371 258 300 121 87 406 161 108 306 338 332 70 203 200 241 140 221 380 239 148 202 314 357 120 344 360 315 102 244 343 162 218 148 279 301 306 337 264 195 154 333 370 264 223 147 227 212 226 163 395 116 271 369 396 250 314 261 258 149 114 265 291 124 130 317 390 249 78 310 373 131 113 208 357 233 22 252 392 180 158 275 312 236 63 233 336 129 309 330 357 325 53 388 278 163 266 266 346 279 280 333 172 227 71 214 274 176 189 331 239 276 190 199 314 372 104 223 283 215 77 303 234 204 181 370
129 446 263 381 74 407 309 405 198 432 231 251 197 385 262 271 335 331 279 307 256 392 246 112 210 470 312 329 189 382 326 505 20 407 231 315 53 394 256 468 242 416 350 409 81 407 267 382 190 370 308 469 193 271 332 356 220 373 351 418 182 307 375 535 142 362 289 374 167 553 338 415 133 471 325 464 150 373 328 336 98 263 207 223 304 272 382 389 90 328 237 229 117 503 352 455 140 357 249 416 138 330 229 309 336 266 445 362 219 433 486 401 133 480 187 342 85 319 263 350 173 390 378 250 193 438 306 299 128 350 156 196 174 393 266 432 156 435 121 285 256 381 271 484 89 273 377 463 183 331 227 388 180 463 268 376 84 348 379 353 170 307 382 305 257 471 231 239 211 362 275 350 187 330 354 337 279 333 339 429 186 362 203 279 230 478 245 261 188 246 421 391 92 407 324 233 215 372 261 270 176 519 197 388 194 446 215 225 19 453 374 391 136 355 262 387 117 400 287 390 210 379 262 307 178 408 460 389 308 409 295 371 89 366 348 215 229 469 382 431 96 401 352 306 326 216 407 443 161 343 397 436 219 437 334 233 150 260 217 422 217 275 322 358 44 475 356 367 258 475 332 504 158 366 374 305 246 310 416 237 56 493 247 436 163 469 79 241 38 397 406 335 260 350 262 400 113 260 288 358 199 569 255 311 260 270 326 325 209 389 251 372 213 325 323 319 158 475 326 204 158 378 223 291 101 487 139 440 276 219 269 320 105 449 349 446 0 315 296 320 97 426 306 433 384 311 408 277 247 463 350 389 114 376 308 307 154 350 266 379 242 320 247 281 146 307 241 465 238 396 337 318 49 393 382 186 240 261 425 414 64 288 434 355 128 280 376 271 255 303 352 292 79 353 307 377 148 541 329 278 88 432 346 269 142 362 271 331 168 298 187 291 195 347 324 251 76 361 232 453 220 413 245 347 234 404 177 400 52 341 134 197 188 399 347 493 159 420 317 389 96 312 418 257 160 474 364 311 92 418 436 244 55 332 294 218 144 378 422 233 110 324 139 249 109 352 422 570 210 396 183 202 101 342 193 510 310 437 492 307 268 340 262 399 217 255 258 374 244 481 343 269 163 336 375 267 217 562 269 287
286 169 75 92 278 108 185 115 150 141 91 64 177 81 140 67 458 105 63 29 130 135 70 221 198 162 65 85 146 69 71 209 327 152 301 16 263 91 62 198 230 126 267 157 234 128 80 67 244 62 223 241 150 44 96 46 117 58 205 118 207 25 111 232 187 65 49 100 148 324 50 154 186 169 59 171 193 117 69 56 227 111 116 100 113 103 169 74 247 12 135 124 205 191 176 160 231 78 175 150 336 110 142 94 268 57 174 153 165 119 204 174 300 212 148 128 298 27 269 39 297 124 115 127 204 138 117 30 204 48 183 256 149 82 200 126 264 120 259 116 60 96 188 203 262 42 148 149 178 122 159 140 162 226 63 155 241 97 134 125 210 110 78 75 210 170 145 103 109 138 47 36 133 45 164 169 44 76 173 154 307 85 143 38 238 176 204 106 130 112 200 92 225 94 55 131 115 91 206 50 282 204 130 76 223 146 206 132 296 140 75 125 180 78 160 74 199 152 145 136 185 65 147 182 211 98 228 77 134 140 160 88 262 119 76 191 88 157 152 124 220 96 278 129 198 100 157 161 201 68 162 139 238 154 200 117 314 64 117 112 236 112 183 60 289 171 336 58 227 161 45 192 254 123 134 74 74 98 270 116 286 242 264 121 225 156 255 185 293 94 143 31 212 40 59 98 209 119 97 47 221 270 266 84 182 75 86 54 180 128 181 104 115 84 139 128 187 171 131 112 274 107 213 29 350 175 215 217 41 152 61 6 289 159 67 193 315 0 203 26 230 113 304 140 89 91 184 107 106 155 111 77 201 61 92 64 238 100 117 102 312 60 154 38 230 186 143 153 252 250 194 78 297 86 198 188 241 108 117 120 299 95 256 130 188 139 147 197 85 49 213 30 272 71 75 69 232 265 145 152 243 175 140 56 269 48 44 47 162 109 256 145 123 36 43 141 246 97 172 139 149 106 72 36 371 99 156 201 264 73 207 122 159 85 85 192 162 111 117 153 298 60 221 118 197 163 80 16 225 118 173 75 263 18 151 102 171 87 140 196 213 88 203 138 208 146 145 298 240 81 146 113 224 100 123 233 204 132 204 21 280 25 91 169 108 86 107 64 123 238 119 47 174 39 123 110 170 248 91 177
350 368 138 293 226 302 25 313 122 337 156 183 105 276 70 234 274 301 144 225 83 338 179 270 86 339 141 284 139 253 143 394 316 355 136 218 254 208 204 397 65 201 71 361 236 328 130 241 118 256 21 186 257 188 124 205 131 237 58 310 312 221 155 408 170 266 156 303 197 526 173 170 233 352 153 362 270 320 146 165 204 274 221 154 93 272 113 247 207 210 93 110 247 356 74 351 157 281 53 352 228 306 93 284 67 162 198 351 88 290 240 376 197 411 139 103 229 181 84 235 168 327 155 281 104 228 90 220 176 249 263 363 228 224 30 310 155 264 181 291 198 298 27 399 208 184 124 310 120 316 83 343 136 429 151 356 216 298 138 116 127 297 203 265 42 354 90 245 161 338 212 211 166 247 84 358 168 276 63 355 169 288 122 202 81 359 52 268 174 262 144 289 218 273 157 271 140 293 36 208 153 331 148 227 106 335 82 265 281 305 193 328 221 281 53 255 209 355 58 339 88 226 64 358 119 282 180 225 73 342 44 290 209 135 279 318 202 325 126 308 233 288 80 313 33 176 156 359 137 271 137 331 90 206 40 256 198 159 135 292 91 93 38 261 253 351 133 252 50 319 172 307 148 325 132 265 162 288 120 259 243 444 89 263 316 320 217 328 260 209 166 190 40 201 209 209 197 279 106 241 100 448 86 276 40 135 129 159 91 156 49 307 144 281 78 318 146 352 87 195 161 310 76 209 267 289 158 420 201 96 153 208 209 354 167 184 296 203 0 181 205 284 105 215 192 116 137 279 114 333 126 225 220 227 114 256 146 301 90 305 141 149 68 206 310 361 82 320 85 442 47 274 311 216 96 296 75 269 237 205 244 108 139 330 223 309 123 26 133 241 57 212 220 274 131 261 150 458 77 319 211 377 96 217 170 217 187 170 153 292 127 320 169 233 168 294 224 300 71 273 97 292 170 203 211 216 146 400 253 276 166 165 126 236 147 374 171 236 94 356 221 255 130 277 285 277 172 215 221 311 185 205 246 206 52 210 196 288 196 63 198 126 162 290 237 343 189 492 98 244 149 181 203 300 195 428 14 318 250 218 93 209 120 371 149 241 106 257 272 441 111 192 149 242 142 275 86 367 116 345
301 187 65 112 277 123 162 132 142 157 90 72 167 96 122 89 442 131 49 55 113 158 76 232 185 170 41 111 142 77 45 221 333 175 287 42 267 76 77 216 213 106 243 180 239 147 67 70 232 76 201 216 167 53 70 37 110 62 180 132 225 51 86 241 186 84 35 122 154 345 26 130 195 180 33 185 207 141 43 30 228 135 129 98 89 127 143 77 246 29 122 114 214 196 150 174 225 101 158 171 329 136 130 121 245 54 152 179 152 124 185 198 293 231 144 102 296 1 251 54 287 146 90 150 193 122 93 55 203 68 197 276 161 73 181 136 255 116 254 141 73 116 168 220 260 50 122 152 170 148 145 164 156 248 55 181 243 122 108 99 202 136 63 101 192 181 132 123 109 164 67 35 134 70 138 195 41 102 148 174 296 107 136 55 222 187 187 130 132 134 174 108 228 101 29 152 111 112 187 67 271 199 128 69 211 159 192 152 301 143 57 147 188 102 141 81 203 176 123 159 173 61 128 208 202 107 203 70 110 161 137 109 260 93 100 212 100 162 126 134 225 109 254 155 174 104 132 179 195 93 136 153 223 134 175 137 306 61 112 120 222 93 159 80 290 181 314 71 209 163 20 184 245 148 108 100 74 125 244 137 287 262 247 117 242 160 255 208 295 79 119 15 193 31 76 83 210 142 76 60 209 280 249 111 163 62 60 27 168 103 164 127 112 110 114 155 183 181 106 121 265 129 198 50 347 167 210 241 57 141 53 30 285 175 43 169 320 26 181 0 230 117 284 122 70 67 158 132 94 164 84 70 207 59 68 90 230 125 100 124 297 35 138 57 246 212 128 158 236 276 169 104 306 74 172 207 224 131 106 102 298 75 230 156 195 164 121 178 75 75 188 52 271 94 51 82 225 280 119 177 243 196 113 76 262 45 54 21 160 135 244 171 125 52 17 164 248 121 157 133 138 117 75 29 358 85 153 226 268 98 204 124 153 80 59 203 163 101 92 178 295 86 195 141 212 154 57 42 228 132 150 88 266 25 129 114 176 107 119 180 214 62 200 161 215 172 123 314 226 80 143 118 225 126 130 249 181 143 186 47 262 29 77 193 106 107 92 77 145 259 93 58 170 62 97 134 157 243 75 202
159 376 170 306 50 329 215 330 102 358 140 166 102 305 165 197 309 267 186 226 159 326 160 89 119 390 218 260 93 298 232 430 114 342 171 233 49 302 176 402 158 321 265 346 36 336 173 296 113 289 218 373 140 186 236 267 125 287 257 340 161 226 280 458 46 284 197 302 87 502 246 319 76 394 231 390 114 306 234 243 3 203 136 132 207 209 285 303 20 242 140 133 74 421 257 380 57 282 155 349 128 267 133 244 252 176 349 306 123 349 391 344 99 414 91 246 74 230 188 267 124 321 282 195 103 344 209 219 31 270 114 199 110 303 175 352 92 346 59 227 174 306 179 415 38 187 280 379 87 271 131 324 83 406 176 318 13 279 283 257 81 246 290 235 168 394 134 173 122 302 195 262 97 252 257 290 190 261 244 360 139 289 107 196 149 401 155 199 100 185 325 313 20 323 231 178 122 298 172 189 119 430 103 300 109 369 126 169 79 369 282 323 70 281 166 303 39 337 191 324 117 291 166 267 89 326 363 300 211 341 199 296 38 270 275 186 150 386 285 351 42 321 268 250 233 130 311 372 68 268 300 360 138 342 240 172 119 170 122 340 136 178 227 279 60 397 285 285 172 390 241 414 89 301 278 235 157 246 325 176 57 433 172 347 152 386 25 209 66 305 310 245 171 261 182 308 21 202 192 275 114 493 179 243 167 176 231 232 114 293 157 302 120 256 227 262 61 397 229 123 100 307 135 209 125 396 48 387 194 122 178 235 74 376 256 350 97 230 205 230 0 342 234 339 291 215 312 216 151 383 254 300 46 288 212 234 76 282 170 307 185 226 151 199 138 269 145 382 160 362 243 248 106 302 286 155 159 200 334 320 70 192 341 294 64 229 280 179 161 226 259 210 45 277 213 296 67 474 233 231 13 368 249 190 84 274 186 239 73 238 116 241 107 264 232 201 20 291 137 363 124 332 158 259 204 312 81 350 48 268 39 107 92 310 252 416 68 329 220 328 78 238 323 199 130 383 270 228 24 340 340 165 43 245 198 142 62 302 327 142 17 229 44 198 59 296 326 505 130 309 89 118 6 275 113 442 218 358 396 225 195 253 167 341 125 185 161 292 188 423 246 185 67 256 278 206 122 473 174 248
383 103 182 70 391 49 262 65 259 70 203 176 284 49 235 160 554 138 167 120 228 112 182 326 301 55 149 124 257 44 143 111 437 121 401 111 374 82 170 129 326 111 335 126 345 83 184 48 349 57 302 243 249 156 161 83 227 56 266 46 297 119 139 125 299 71 153 89 260 263 114 159 295 69 134 83 295 111 140 121 339 189 222 212 193 179 207 40 359 100 238 231 313 79 232 73 342 89 271 107 447 144 247 148 341 168 160 162 269 7 165 156 410 142 260 186 411 118 362 76 404 99 141 207 310 98 196 127 317 78 285 339 255 61 290 32 372 40 371 180 170 76 277 122 374 155 184 37 288 154 262 123 273 179 172 154 354 116 165 176 319 161 83 138 303 70 249 198 221 145 152 83 246 101 218 196 155 114 236 99 413 88 253 147 336 75 299 187 242 199 220 53 338 20 132 219 226 82 298 156 388 102 243 57 328 56 308 223 407 27 93 100 290 92 253 39 311 128 230 117 290 59 241 227 319 24 230 60 211 100 241 80 375 158 98 274 197 45 186 30 330 39 347 177 268 212 171 92 312 98 187 58 338 132 267 209 423 175 228 16 337 206 254 74 401 67 412 59 320 49 116 100 362 125 169 138 186 150 312 207 399 180 359 42 318 43 367 258 405 82 152 104 304 88 165 84 321 196 188 68 325 165 360 139 274 179 156 130 285 148 276 97 227 127 208 168 299 67 199 223 383 93 313 135 462 90 327 184 150 258 170 108 401 81 117 189 426 113 284 117 342 0 389 112 97 170 207 179 211 49 161 59 313 60 173 131 347 117 214 86 411 139 252 146 327 231 244 40 349 256 259 129 405 71 242 280 337 188 68 103 412 186 286 142 298 201 184 287 192 128 274 134 385 89 159 51 342 178 211 213 355 128 196 159 379 73 156 119 274 167 361 200 235 79 124 217 359 102 272 53 255 28 185 89 474 78 268 191 376 103 319 235 269 49 138 90 275 64 190 140 410 125 250 198 295 84 113 115 337 47 167 182 375 98 233 209 283 69 126 294 325 158 315 217 318 162 137 210 342 40 258 225 336 125 234 149 281 38 158 119 372 91 194 152 220 179 208 53 208 183 176 158 286 92 156 187 274 144 192 232
392 471 233 395 232 406 128 416 190 440 242 274 161 379 164 325 173 397 242 323 176 438 269 317 131 444 244 381 206 357 247 499 325 456 80 317 278 312 295 500 86 303 80 461 269 431 227 346 121 360 88 259 329 282 228 310 212 341 139 414 375 320 258 513 216 368 255 404 262 627 277 266 287 457 257 466 328 420 251 269 234 360 298 237 197 360 206 352 226 312 177 194 296 460 169 455 176 381 132 454 195 400 173 378 64 257 292 447 156 395 331 474 178 514 205 207 223 283 47 338 138 427 257 363 141 329 194 318 214 351 324 422 296 329 104 415 150 368 185 380 288 399 116 502 219 279 222 415 172 410 157 442 196 529 247 453 241 396 238 219 158 389 307 360 96 458 170 329 240 435 306 315 236 347 182 449 265 374 160 457 129 388 193 297 89 463 106 354 245 346 227 392 252 377 261 351 220 394 99 301 130 432 221 332 127 439 121 344 295 410 297 429 276 382 145 360 254 455 161 439 142 330 158 443 149 386 257 329 178 444 148 392 219 238 379 389 286 430 223 413 272 391 72 403 126 257 252 462 174 371 232 435 97 305 130 337 168 253 215 396 100 192 138 363 262 456 51 355 80 423 276 408 149 423 233 359 252 382 158 341 249 546 62 367 373 424 235 403 268 313 265 293 94 305 301 313 235 364 208 344 123 552 54 371 123 231 233 263 148 257 125 408 223 377 182 410 192 456 191 272 148 411 111 306 242 390 188 519 296 169 249 309 202 457 272 273 306 304 105 284 234 389 0 315 296 220 225 368 205 438 230 330 265 331 218 352 158 400 187 406 74 253 153 302 363 446 167 425 74 532 138 370 334 321 178 362 80 356 341 307 244 209 193 426 275 395 222 106 226 337 132 309 228 375 234 365 167 562 180 403 233 478 198 309 164 321 282 274 211 384 120 406 243 335 271 376 248 399 142 377 171 396 259 307 137 320 208 496 275 375 202 240 188 341 252 479 229 339 199 454 213 352 202 361 345 378 276 314 256 414 278 292 267 308 156 291 251 390 296 119 234 231 199 372 283 437 288 596 104 349 215 258 235 397 269 532 110 422 342 317 39 312 215 470 230 328 200 360 355 542 215 286 202 343 244 362 152 467 213 428
423 215 170 167 381 156 190 172 240 182 204 193 254 141 191 207 488 223 154 166 190 217 196 352 261 155 121 204 246 115 107 211 448 229 347 151 381 50 199 241 271 17 249 234 353 191 166 102 309 132 228 131 289 176 106 96 214 106 179 157 347 162 64 213 293 152 147 186 272 373 99 54 314 173 109 193 329 210 105 99 337 250 252 211 141 241 112 101 352 132 206 208 333 157 147 183 320 175 222 217 418 229 215 222 258 171 48 260 234 115 65 262 382 253 248 113 396 123 299 131 365 203 62 266 275 16 141 169 309 145 319 396 282 68 231 144 340 73 349 250 195 174 218 232 363 172 94 118 264 241 226 227 257 291 167 255 352 204 77 100 291 238 63 205 245 175 215 243 223 243 187 109 247 164 133 288 159 192 155 210 371 178 234 176 284 178 247 245 248 252 113 153 341 115 110 271 218 176 239 189 349 117 236 77 289 167 265 272 414 118 65 205 306 177 203 113 318 234 174 221 252 87 194 311 288 127 118 74 150 209 178 173 363 81 181 332 222 136 93 142 341 141 260 257 189 222 68 204 289 177 87 170 290 20 186 257 391 176 217 127 289 167 178 151 399 169 328 130 260 122 105 93 331 222 83 205 190 226 210 257 393 291 301 72 364 127 362 324 404 48 51 110 245 100 198 43 320 257 149 128 285 251 299 212 220 163 109 109 250 59 225 194 220 205 140 252 283 169 132 241 349 192 267 169 444 75 309 295 179 227 166 139 382 192 85 77 433 140 215 122 339 112 315 0 52 126 103 244 188 152 93 75 323 93 129 195 319 206 176 185 354 114 209 178 368 315 207 131 294 358 178 203 424 59 146 328 282 247 44 20 403 149 179 237 313 274 94 226 178 184 187 171 375 171 126 131 317 282 138 286 351 239 119 196 350 98 176 105 266 240 321 277 240 131 113 280 358 194 230 71 225 136 193 105 423 45 258 297 381 183 307 238 251 76 87 189 274 48 131 244 392 189 145 257 335 64 70 154 341 157 56 211 378 124 173 236 291 164 19 247 323 112 302 278 333 257 30 312 296 90 250 237 334 212 250 256 206 150 64 160 308 118 172 258 217 226 179 129 263 295 107 181 273 152 73 248 238 153 165 310
371 194 121 133 336 129 168 144 195 160 154 141 213 108 154 156 465 179 105 116 150 184 144 301 224 150 74 159 199 80 61 207 399 198 317 101 332 15 147 222 241 37 239 204 304 163 119 66 272 94 208 162 237 124 70 47 167 67 169 133 295 112 43 217 245 112 96 150 221 356 47 72 263 165 60 179 277 174 59 49 289 200 199 161 106 191 111 68 305 82 165 163 282 163 136 169 277 135 188 189 378 185 174 176 245 120 87 221 194 102 115 229 342 236 201 90 352 71 273 86 329 170 45 216 236 54 107 119 262 101 267 345 230 36 202 127 301 72 306 202 143 139 189 218 318 120 88 119 220 197 186 193 212 266 117 218 304 163 69 79 250 192 16 157 216 166 174 192 173 204 135 60 198 117 121 245 108 148 140 185 336 139 189 124 253 171 215 195 198 201 129 121 292 90 61 220 170 139 210 137 313 145 188 42 252 152 229 220 365 114 14 172 255 137 169 80 268 202 142 187 214 48 158 265 247 102 148 39 120 180 151 136 318 62 139 280 170 134 90 125 291 113 251 211 173 171 80 184 246 134 93 151 256 65 171 206 352 125 169 108 256 126 159 110 352 163 316 90 232 127 53 125 291 184 73 157 139 179 217 205 347 272 273 71 311 128 315 274 357 17 62 58 216 50 145 18 272 207 108 85 248 256 272 165 188 115 69 59 211 54 192 157 172 160 115 207 238 163 105 189 311 157 232 118 401 107 265 266 127 186 116 89 339 175 36 109 384 89 192 70 291 97 296 52 0 86 114 195 143 145 66 40 273 52 89 147 278 166 135 150 326 65 172 126 316 269 167 129 264 320 164 157 373 26 146 276 252 196 47 32 357 107 193 197 262 226 88 198 130 134 178 119 329 130 81 95 275 274 116 238 303 213 100 145 310 53 124 54 219 193 284 230 190 86 61 230 310 155 193 82 183 113 142 55 392 24 211 262 332 140 261 188 206 48 47 185 225 44 100 210 349 141 157 207 283 94 23 103 292 134 88 158 330 74 144 184 241 128 51 213 275 72 256 227 283 216 58 307 262 60 203 186 286 170 198 246 187 134 116 109 283 68 126 224 168 175 136 92 212 274 81 128 227 106 59 198 199 187 120 262
320 252 56 178 256 186 96 197 115 221 92 99 129 160 68 139 384 195 48 117 65 224 98 243 138 225 26 176 122 137 27 279 327 241 233 107 260 100 116 281 157 109 176 247 234 213 49 126 186 140 135 175 196 92 20 90 92 121 114 194 256 113 64 295 169 151 52 189 159 411 57 104 203 237 37 246 227 208 31 49 213 185 155 97 23 180 90 132 227 96 81 83 221 245 86 235 194 168 103 237 293 200 89 182 178 72 134 244 109 177 175 265 257 295 124 43 270 66 191 120 243 213 67 197 151 134 27 115 185 134 218 309 179 112 120 195 216 155 224 197 109 183 107 283 238 88 74 199 138 212 101 231 133 315 62 247 229 188 70 48 165 197 92 162 133 238 90 164 109 230 115 95 130 136 76 257 69 167 82 239 250 174 109 103 168 244 130 179 133 179 128 173 219 157 41 194 98 179 128 113 227 231 116 114 166 219 143 191 293 193 82 214 193 168 84 139 198 242 60 226 128 111 72 265 163 166 162 112 44 227 72 176 238 55 167 251 127 213 79 193 223 172 187 214 107 114 99 243 163 159 93 215 171 127 108 178 267 73 95 177 170 41 92 146 275 237 248 136 150 209 56 210 206 214 66 161 85 186 181 179 269 328 190 155 268 208 237 252 281 102 95 74 134 85 118 104 198 191 24 125 163 335 190 172 104 49 17 43 125 77 108 194 101 174 48 216 158 237 40 136 225 196 147 106 319 192 183 308 104 102 63 96 256 237 54 139 311 91 116 67 215 170 220 126 86 0 111 186 65 219 40 112 205 111 3 152 194 191 50 191 242 33 86 107 268 269 82 208 180 340 103 168 307 106 112 238 168 181 133 109 277 24 173 222 199 219 73 117 61 136 122 108 250 161 17 145 191 342 54 230 227 262 53 123 225 101 92 54 143 194 199 227 125 118 52 211 236 188 107 168 99 176 91 87 307 110 135 292 260 164 182 122 126 123 39 259 153 130 26 245 267 149 141 190 237 179 63 106 220 195 126 122 256 91 64 141 174 173 113 127 201 14 177 208 218 237 111 376 176 130 129 127 211 192 142 312 115 202 181 110 202 93 50 260 100 153 54 141 190 326 38 98 149 129 64 185 113 272 43 256
429 308 167 247 345 243 114 259 211 274 203 209 212 222 147 244 399 286 158 213 153 298 209 351 208 255 128 266 223 195 116 312 426 312 272 199 359 127 224 335 201 98 152 318 335 277 160 180 250 207 143 64 307 199 95 155 197 181 86 247 367 208 75 316 268 224 160 263 268 469 134 50 311 273 126 290 337 286 117 128 310 290 266 206 108 284 26 183 319 182 172 182 329 260 63 280 277 247 166 303 361 292 179 278 164 182 68 331 191 211 106 342 328 348 224 70 354 158 219 195 303 284 72 304 225 119 105 213 280 212 328 420 289 149 162 238 286 173 304 299 218 253 151 329 326 195 37 219 226 304 182 307 229 381 173 330 324 273 50 64 245 294 131 258 176 274 177 273 218 315 220 167 237 223 56 352 177 255 76 300 305 251 207 208 216 278 182 285 241 287 17 235 319 204 131 303 204 252 170 219 288 216 221 157 234 263 208 300 390 218 124 286 300 248 149 195 302 316 121 301 203 162 146 366 240 216 53 153 100 294 116 249 327 65 249 361 238 237 32 236 326 228 163 312 105 225 36 297 249 243 22 264 224 87 99 287 332 184 201 220 225 137 99 221 368 269 230 203 187 224 138 191 277 296 49 258 196 282 107 288 360 386 225 171 379 229 330 361 374 126 55 155 175 155 226 123 297 297 129 196 228 354 222 268 158 160 105 132 203 61 166 270 208 265 85 312 250 270 84 247 293 270 205 207 396 175 271 381 209 190 173 186 336 287 118 48 408 184 137 158 312 207 225 103 114 111 0 289 169 251 76 154 309 166 113 247 270 276 144 263 276 128 162 211 379 370 167 232 221 430 91 260 411 139 47 349 211 286 142 105 365 129 79 307 306 322 38 157 171 232 93 209 339 241 124 209 271 382 79 334 321 327 63 229 299 164 199 137 243 293 260 328 234 194 141 318 332 267 180 174 188 226 202 160 347 129 235 374 359 249 274 230 220 161 99 290 257 144 95 323 347 243 43 296 347 165 109 200 321 247 54 232 354 174 115 252 279 242 84 188 299 104 269 315 324 325 74 414 232 174 231 237 308 279 253 355 125 245 117 205 227 172 158 338 208 260 156 205 298 387 74 205 246 212 61 290 193 246 150 360
208 170 142 116 265 143 268 136 182 161 126 96 213 130 209 47 500 54 141 79 196 115 100 166 242 208 163 57 169 142 174 232 283 130 343 94 230 194 75 191 284 230 349 132 204 134 150 150 277 124 300 348 84 95 197 148 156 142 297 154 120 83 218 265 188 108 134 103 131 286 157 261 146 204 163 192 130 97 172 162 213 14 81 130 202 8 272 155 236 113 191 174 160 244 272 185 244 92 236 140 341 53 194 34 346 119 281 90 212 184 308 128 308 203 171 228 290 132 325 115 319 115 222 30 240 239 206 77 203 105 122 161 107 178 266 172 283 205 265 13 82 113 257 208 254 99 252 214 207 55 210 111 183 190 130 102 224 74 240 228 235 30 182 41 272 204 198 44 129 87 71 135 141 83 262 81 118 65 266 153 332 95 178 83 287 210 261 17 132 31 306 130 203 160 158 45 148 104 270 73 307 281 152 170 259 179 252 52 260 203 181 116 148 89 227 146 178 123 224 113 229 159 216 80 240 155 335 173 223 133 240 104 254 225 82 95 82 212 257 172 188 143 358 37 283 112 264 169 221 81 268 168 283 259 287 45 327 121 153 169 280 189 270 105 264 210 408 124 287 225 152 276 275 89 240 41 117 34 367 41 267 218 316 206 142 217 240 81 267 196 250 138 274 144 70 201 196 19 181 121 259 295 320 40 247 147 187 157 223 235 243 99 146 53 232 47 201 209 225 102 294 105 261 82 340 263 225 171 82 199 128 107 289 177 174 300 277 107 279 132 216 179 368 244 195 186 289 0 165 201 214 172 174 153 185 50 257 75 189 108 356 162 216 79 154 83 202 211 302 164 283 50 245 185 298 105 293 16 212 225 283 179 358 79 156 33 252 265 147 60 304 80 261 91 170 129 248 264 239 45 229 155 239 64 283 146 95 153 174 22 288 41 131 114 148 39 226 89 226 223 197 156 110 139 401 200 173 137 233 76 211 134 187 176 190 224 162 206 211 113 294 56 324 21 124 253 187 92 200 153 281 75 234 121 233 81 155 114 245 249 200 187 210 38 170 80 252 293 281 166 162 115 210 66 110 233 284 175 307 86 336 126 160 125 138 39 173 128 33 208 220 89 187 94 229 10 217 322 165 71
262 275 31 198 193 214 106 221 52 248 43 70 73 187 44 121 352 192 45 120 31 236 65 182 92 265 69 176 58 171 82 314 263 254 195 117 195 156 91 303 125 171 185 259 169 233 27 164 138 168 135 232 149 78 85 129 28 156 142 224 207 117 129 335 105 171 59 203 100 426 101 169 143 273 84 277 171 217 84 97 149 160 110 42 60 158 144 171 163 117 29 20 160 290 126 266 134 181 73 254 237 196 36 173 181 53 199 242 59 218 240 270 200 318 60 99 208 93 166 145 193 227 132 167 99 195 64 114 120 154 163 260 125 161 101 230 161 205 164 178 84 201 92 310 175 75 134 245 78 206 53 240 69 327 44 248 164 193 133 108 108 185 145 155 109 274 39 131 52 230 101 129 68 146 121 245 63 171 116 260 202 188 46 93 132 280 100 154 73 148 184 198 155 195 84 158 36 195 106 96 177 287 52 160 117 252 100 153 228 237 136 228 132 181 62 175 134 253 64 237 79 154 50 243 108 201 221 159 73 244 79 193 175 120 177 209 88 256 139 228 159 202 194 200 123 64 162 267 103 169 154 245 131 191 129 142 213 48 32 214 130 33 111 166 211 275 243 163 125 256 98 268 151 219 129 155 48 177 215 145 205 346 159 206 216 253 173 216 216 158 159 108 111 124 96 161 133 164 42 152 115 374 162 166 82 32 80 86 74 142 79 206 39 173 87 206 95 275 86 86 172 210 107 102 258 250 121 315 92 47 46 112 196 266 108 202 247 106 114 94 151 211 205 188 143 65 169 165 0 258 104 160 142 152 62 148 137 196 28 206 206 78 51 97 213 247 38 251 147 329 127 165 244 158 156 190 136 155 189 171 214 41 217 222 137 195 133 100 22 133 147 105 187 174 63 174 133 371 94 205 162 278 106 105 169 139 77 96 78 180 150 206 66 142 89 180 171 197 66 221 44 210 56 123 265 166 70 291 195 172 118 63 63 171 101 296 89 185 74 251 206 148 190 162 183 237 121 114 156 224 190 91 192 116 73 98 111 193 177 90 136 78 113 177 156 233 176 404 133 173 64 73 146 193 88 339 121 237 245 115 177 122 18 266 41 127 13 169 159 341 98 82 85 144 128 161 64 329 23 231
409 75 228 86 432 58 311 67 305 51 247 217 330 78 284 192 603 153 213 157 276 108 223 359 349 7 197 144 301 87 192 62 473 109 449 150 412 129 208 94 374 154 384 112 383 77 230 95 396 94 351 281 279 197 210 131 272 102 314 48 322 157 187 77 341 101 199 99 298 223 163 202 330 22 183 44 325 115 188 170 380 214 256 255 242 203 253 88 401 143 285 277 347 43 280 37 387 110 320 92 491 157 294 168 390 212 198 161 316 43 196 143 455 104 304 234 453 165 410 117 450 98 189 231 357 136 244 165 359 113 317 359 290 110 339 31 418 79 415 200 209 89 326 81 416 197 231 36 333 165 309 119 317 150 217 150 394 130 212 224 365 178 131 163 352 23 296 228 263 147 189 129 287 133 266 199 199 136 284 78 460 106 298 187 384 27 348 213 283 227 263 73 377 63 180 245 270 97 347 194 435 98 286 106 375 28 356 250 444 34 141 98 327 113 301 83 350 118 279 112 337 108 289 234 365 58 269 109 260 90 290 97 417 206 119 295 234 20 232 32 368 62 395 191 317 253 215 65 357 123 232 38 386 171 316 238 469 219 272 44 385 254 303 105 440 18 460 98 368 40 165 108 408 129 217 164 229 169 357 235 439 143 408 80 344 30 408 276 444 129 196 151 352 136 202 131 362 220 236 109 373 116 409 162 323 226 205 178 332 195 325 106 271 148 257 180 343 19 247 261 429 100 361 174 505 107 370 161 189 305 215 150 445 50 166 228 463 155 333 164 383 49 438 152 145 219 251 201 258 0 210 108 350 108 221 159 393 130 262 95 459 188 300 184 354 238 291 24 397 245 308 152 438 119 289 306 386 213 110 147 453 235 330 147 335 218 231 336 238 161 322 173 427 113 207 87 387 131 259 228 396 106 244 195 424 120 198 167 317 185 408 214 276 120 171 239 399 114 320 82 302 51 227 136 522 124 312 179 414 126 362 277 314 98 187 41 316 108 239 133 453 153 294 222 324 106 162 155 375 48 208 220 413 142 282 245 323 88 168 342 366 207 358 239 354 164 179 163 389 89 301 265 377 139 272 105 329 26 186 158 421 136 241 140 264 210 255 91 233 150 225 198 329 127 203 210 321 131 239 243
359 253 95 185 293 187 102 201 153 221 131 134 163 163 98 169 400 215 84 139 98 235 135 282 168 215 52 195 161 136 40 272 367 250 255 126 299 82 149 282 179 77 174 256 273 218 89 123 215 145 142 138 233 124 20 91 132 121 105 194 293 135 30 283 208 159 84 199 199 415 63 65 242 230 52 243 265 220 42 56 252 215 192 136 49 209 59 128 265 111 116 121 261 230 72 231 230 180 129 244 325 220 125 205 180 107 95 262 143 167 137 277 290 296 163 24 306 84 208 129 272 222 31 228 182 104 48 138 223 145 256 346 217 100 139 190 248 138 259 224 143 190 126 281 275 119 38 185 174 232 134 242 171 322 99 262 267 204 30 16 199 220 78 185 153 231 125 197 149 246 145 101 170 152 58 279 101 185 74 243 278 186 148 132 192 236 154 209 173 211 92 176 259 152 56 227 138 188 147 143 256 206 156 104 196 215 172 225 332 180 69 223 232 181 109 138 238 253 81 237 160 106 101 292 196 163 125 102 57 234 87 185 275 16 181 286 163 200 43 188 263 172 185 239 107 153 59 244 199 174 55 213 197 91 106 211 298 110 135 171 196 76 93 156 313 228 251 141 169 193 66 183 238 228 28 184 123 209 161 212 307 332 210 137 306 194 275 285 319 83 56 84 153 89 150 83 237 222 62 132 192 323 209 195 127 88 29 57 158 39 132 205 141 194 49 239 195 229 40 175 256 206 173 132 353 164 220 318 133 137 99 114 291 236 49 99 350 111 126 84 254 161 230 93 66 40 76 214 104 210 0 102 245 108 42 174 227 207 85 200 262 52 117 135 307 296 115 195 202 360 98 188 347 91 89 275 190 211 111 80 314 62 146 238 239 247 38 135 100 159 114 134 287 173 50 148 226 338 50 259 265 269 35 153 258 101 124 64 182 219 227 254 165 127 67 243 274 200 137 147 134 174 128 93 331 90 174 307 299 180 219 162 163 112 27 251 193 109 38 257 302 170 111 221 275 152 48 126 260 194 86 157 295 104 80 177 213 180 77 154 240 30 214 240 258 255 74 371 203 123 168 166 250 209 181 309 121 197 143 131 218 103 90 273 139 184 93 144 223 331 15 130 187 143 24 215 146 244 82 285
362 154 133 95 347 89 202 105 210 121 160 139 232 70 179 140 496 148 116 97 173 146 144 297 247 114 93 130 210 42 85 170 402 160 345 83 336 28 139 183 269 65 276 165 308 123 133 28 295 58 243 198 227 119 102 33 179 32 207 94 282 94 82 183 255 77 104 113 223 316 59 110 262 128 78 141 270 137 82 65 297 180 193 168 135 170 151 29 316 66 185 180 281 133 174 130 293 101 214 150 396 154 193 149 282 124 119 186 215 65 138 191 360 196 213 126 365 70 303 57 351 133 84 197 257 67 137 102 272 71 260 329 226 6 232 88 321 46 322 178 137 102 219 179 329 116 127 87 237 166 208 156 225 227 124 182 312 130 109 117 268 164 24 132 245 129 195 178 179 169 124 41 204 90 159 213 110 118 177 146 359 104 204 115 280 134 242 176 202 185 168 82 298 51 76 204 180 103 240 127 335 130 197 3 274 113 253 206 370 81 33 134 256 103 196 41 273 164 172 150 236 13 184 237 267 63 185 1 152 141 182 100 330 100 107 263 165 101 130 86 294 74 288 183 209 173 119 144 262 102 133 112 282 93 208 191 372 130 180 69 281 150 195 76 360 126 353 55 262 97 62 116 311 149 112 132 143 152 256 190 356 233 302 47 300 96 324 253 365 29 101 55 246 39 136 34 280 187 131 53 271 223 302 138 216 128 97 74 232 93 219 121 181 130 149 177 251 127 139 188 331 120 257 105 416 99 279 227 118 205 123 74 354 135 58 144 389 77 225 70 300 59 330 75 40 112 154 172 160 108 102 0 276 19 115 122 296 132 158 112 354 83 196 115 307 241 189 96 292 285 200 129 373 16 185 263 280 177 41 58 368 130 233 163 263 201 127 228 142 113 216 106 341 96 102 58 292 236 151 213 313 174 137 132 328 29 119 64 229 167 307 204 194 58 70 210 318 120 217 64 202 73 144 42 418 30 222 225 338 109 273 193 220 11 78 149 232 35 131 172 363 116 197 187 273 86 54 87 298 94 123 151 336 59 175 179 245 91 82 238 283 100 269 208 283 183 91 269 286 21 213 187 294 138 198 207 221 95 135 92 314 52 142 187 175 160 154 55 195 234 117 123 239 79 98 178 220 173 138 237
131 338 153 270 92 295 225 294 102 322 119 137 115 272 167 160 353 226 168 194 158 286 132 52 140 357 202 221 87 269 217 395 127 302 210 202 61 281 143 362 184 305 285 305 33 298 158 268 147 257 236 373 95 158 225 243 113 259 267 306 117 194 267 424 51 250 177 265 53 458 226 309 30 359 214 354 69 266 218 224 43 160 97 112 202 167 284 275 65 214 140 128 31 390 260 344 94 246 167 309 173 225 134 203 274 153 339 263 132 319 379 301 145 375 86 241 118 206 218 237 168 283 271 151 126 326 205 186 51 237 69 159 66 280 192 319 134 321 104 184 143 270 192 376 83 160 275 350 100 229 138 284 85 364 156 276 51 240 275 250 107 204 269 197 188 360 137 132 99 260 161 236 76 218 258 245 166 223 248 321 182 252 104 165 177 367 174 157 75 142 324 279 30 293 212 133 107 262 190 157 160 405 89 275 138 335 148 125 95 340 262 284 26 244 173 274 11 296 194 284 133 266 170 222 116 294 362 276 210 302 205 260 83 260 238 141 116 355 281 318 18 288 290 207 243 103 303 335 91 232 295 325 168 329 250 129 165 147 110 309 165 173 235 245 92 363 315 254 196 361 220 391 128 260 271 196 134 205 338 133 93 392 204 322 110 356 67 163 95 284 300 221 191 237 148 288 32 159 183 244 142 458 211 203 180 160 218 214 129 282 171 263 104 217 226 219 75 363 226 90 142 269 159 178 167 373 79 344 163 127 157 206 120 339 238 344 114 201 220 207 46 313 265 323 273 205 309 174 142 350 245 276 0 262 202 197 112 242 166 269 224 209 157 167 99 223 147 352 191 316 252 209 102 280 291 109 187 158 312 303 109 183 348 253 18 185 275 195 146 191 270 179 89 242 199 264 103 435 233 186 57 328 246 156 127 249 157 219 69 195 152 197 83 234 211 156 52 253 149 339 127 300 132 233 249 291 76 306 63 231 64 85 95 285 238 382 53 307 215 287 123 201 326 156 86 361 253 197 27 306 331 131 63 218 202 106 32 267 313 160 34 217 66 153 18 253 314 466 161 282 79 89 40 235 79 403 232 325 383 194 227 226 155 298 106 146 154 260 144 381 239 155 71 223 269 164 133 449 162 203
345 145 124 80 335 79 205 93 201 112 148 124 225 56 176 122 495 130 108 79 168 132 130 282 242 114 89 111 200 29 84 168 388 146 341 66 323 44 123 174 266 83 281 152 294 111 125 15 289 42 245 213 209 104 104 23 169 14 213 85 264 76 92 185 244 60 94 97 209 307 55 125 247 126 75 136 253 121 81 62 285 161 177 156 135 151 161 20 304 49 179 172 265 138 180 124 284 84 212 137 388 136 187 130 286 112 136 169 210 67 157 176 352 188 203 132 355 60 302 38 344 118 95 178 250 86 137 85 261 52 244 311 210 25 231 83 313 59 313 159 121 87 218 173 319 102 137 93 229 148 202 141 215 215 114 166 300 112 119 123 260 145 36 114 244 127 189 160 166 152 107 26 191 72 166 195 98 99 182 135 353 87 195 99 276 133 240 157 189 166 182 69 285 46 72 186 169 87 239 110 329 143 186 17 269 108 248 188 357 85 42 120 241 86 193 30 259 150 171 135 230 6 181 218 260 56 200 19 153 128 183 84 319 109 89 245 149 104 140 82 280 64 293 164 213 159 132 135 253 84 145 105 278 110 213 173 365 118 170 65 277 146 198 58 348 126 356 38 261 104 57 131 303 132 122 113 131 133 266 172 345 224 300 60 282 101 313 235 352 46 115 44 244 29 119 51 267 168 128 35 266 224 301 119 215 120 98 70 226 106 217 105 170 112 152 159 241 126 142 173 324 104 254 88 406 115 269 214 102 198 112 57 344 128 60 161 376 61 227 59 288 60 331 93 52 111 166 153 152 108 108 19 262 0 114 103 288 115 154 97 351 80 192 99 289 222 184 99 289 268 205 110 358 34 195 246 278 158 59 76 357 127 245 146 249 182 137 228 133 94 222 89 330 79 99 43 284 232 155 195 301 162 143 115 320 14 104 59 218 148 302 185 181 39 64 191 306 103 212 78 195 66 131 30 414 48 212 209 324 90 263 181 211 24 82 148 220 53 133 157 353 98 208 169 256 103 61 70 284 86 139 135 323 44 175 163 231 76 99 235 271 100 258 189 269 165 108 265 282 21 202 173 282 120 183 202 224 91 154 75 313 36 135 172 164 142 148 39 176 224 122 108 229 60 108 159 214 187 132 218
317 253 54 179 253 188 94 199 112 222 90 98 126 161 65 139 381 195 46 118 61 226 97 240 135 227 27 177 119 139 30 282 324 243 230 108 257 103 115 283 154 112 175 248 231 214 47 128 183 142 134 177 194 91 23 92 89 123 114 196 254 114 67 298 166 152 52 190 157 412 59 107 200 240 39 248 224 209 33 51 210 184 153 94 21 179 91 134 224 97 77 80 218 247 87 237 191 169 100 238 290 200 86 182 177 70 137 245 106 179 178 266 254 297 121 44 267 67 189 122 240 214 70 196 147 137 25 115 182 136 215 307 176 115 118 197 213 158 220 197 108 184 105 284 235 87 76 202 135 212 98 232 130 316 60 247 225 189 73 50 162 197 95 162 131 241 87 163 107 230 115 97 127 137 76 257 68 168 82 241 247 175 106 102 165 246 128 178 130 178 129 174 216 159 43 192 95 180 125 112 224 234 113 116 163 221 140 189 290 195 85 215 190 169 81 142 196 244 58 227 125 113 70 265 160 168 165 114 42 229 70 177 235 58 168 250 125 215 81 195 220 173 186 214 106 112 101 244 160 160 95 217 168 130 108 176 264 72 92 179 168 38 91 148 272 239 246 137 147 211 58 214 203 215 69 161 83 186 181 178 266 330 187 158 266 211 234 251 278 105 98 76 131 87 117 107 195 191 21 126 160 337 188 173 102 47 20 45 122 80 105 195 98 174 48 216 155 239 40 134 222 197 144 105 316 195 180 309 103 99 61 97 253 239 57 142 308 92 114 68 212 173 218 129 89 3 113 185 62 221 42 115 202 114 0 152 191 192 47 192 239 35 83 106 266 269 79 210 177 340 102 168 304 109 113 236 165 180 136 112 274 21 174 222 196 218 76 114 58 136 122 108 247 162 18 147 188 344 54 229 224 263 54 122 222 103 91 56 140 194 196 226 123 119 54 210 233 188 104 171 96 178 89 89 304 113 132 293 257 165 179 120 122 126 42 262 150 133 26 245 263 149 142 189 234 182 66 106 218 196 129 121 253 92 62 139 171 174 116 124 198 17 174 207 216 237 114 378 173 132 126 125 208 192 140 313 113 204 184 110 200 95 47 261 97 152 51 142 189 327 40 97 146 130 67 184 110 275 40 256
252 142 119 75 284 101 241 98 178 126 116 81 208 83 189 37 496 45 113 35 177 94 87 201 234 166 126 29 168 92 134 198 316 111 338 48 257 144 63 168 272 182 323 116 229 102 126 99 275 75 277 304 120 70 159 100 147 92 266 112 166 39 174 229 198 60 102 68 147 281 113 216 174 165 123 157 167 74 132 119 231 59 100 123 171 49 233 105 253 66 176 161 190 201 238 148 251 50 220 115 353 49 181 31 323 95 234 95 202 136 259 123 318 181 170 190 307 90 313 65 323 88 177 77 236 189 175 37 215 55 158 210 133 128 248 128 288 155 276 56 68 74 238 181 270 73 212 167 205 60 198 95 184 182 105 101 244 47 198 189 236 47 133 11 256 165 185 69 126 83 47 87 145 32 226 106 89 27 234 126 335 56 172 55 277 172 247 57 138 69 264 86 225 112 118 88 141 65 253 53 310 233 151 120 256 140 243 92 289 157 133 89 172 48 208 97 198 108 199 93 221 109 195 119 239 108 290 123 192 107 214 64 271 183 41 144 85 168 216 128 213 98 334 65 255 111 219 138 224 36 225 130 275 211 258 79 335 99 145 122 273 164 241 57 288 169 389 74 273 178 109 227 278 73 198 11 102 35 332 76 289 204 306 157 187 171 259 131 292 147 205 93 258 97 56 152 213 66 152 70 255 262 309 21 229 122 149 117 216 190 227 68 140 25 199 65 206 169 192 111 299 73 252 47 359 213 232 168 56 189 103 61 303 143 130 254 307 64 256 90 234 131 352 195 147 152 247 50 148 159 174 122 197 103 152 0 261 50 167 73 350 123 199 50 197 123 186 166 293 188 253 18 280 136 261 150 282 57 162 176 304 150 320 74 180 79 211 247 126 16 273 44 279 46 135 80 254 240 205 92 247 137 202 47 290 96 70 110 179 47 287 83 134 64 106 88 247 57 213 174 186 111 96 91 402 151 175 144 259 35 221 136 185 126 149 186 172 156 177 104 309 6 285 67 165 203 141 48 223 112 234 71 259 74 206 92 172 72 197 237 217 150 218 87 198 87 204 272 275 116 164 120 228 46 122 208 259 132 257 43 324 78 137 119 132 52 152 79 77 197 182 66 192 44 186 57 207 275 140 116
235 400 165 325 81 345 162 349 88 377 149 182 65 318 129 226 246 300 181 244 129 355 175 163 62 399 205 290 94 305 217 446 174 372 98 245 120 291 198 428 88 302 196 377 112 359 164 299 38 300 155 327 194 199 213 266 121 292 203 355 229 242 256 470 72 300 195 326 128 540 238 288 139 407 220 408 181 335 219 233 76 246 176 140 178 249 244 307 68 249 114 117 143 426 210 397 18 304 105 376 100 302 105 278 182 181 319 346 85 354 362 381 64 441 91 213 84 229 113 277 63 348 258 243 46 327 179 236 62 284 179 271 161 298 116 363 27 342 35 269 194 327 123 437 64 199 245 382 59 309 94 356 77 442 176 356 83 309 252 225 28 285 281 265 104 407 104 213 135 339 215 265 117 270 214 336 193 288 197 384 76 311 94 213 76 414 94 241 125 228 281 328 95 330 221 227 123 320 110 210 51 423 111 297 40 384 64 218 140 373 272 349 129 303 122 310 102 369 151 354 68 290 128 320 31 335 320 296 175 367 154 318 65 242 298 249 178 392 249 362 116 334 198 293 177 150 278 394 37 291 263 376 66 318 185 216 76 174 121 348 63 153 176 295 110 409 210 296 104 392 234 403 18 333 246 264 165 281 264 220 98 465 97 343 223 389 77 268 116 294 281 244 107 260 205 296 81 247 170 284 46 508 105 275 114 168 210 223 69 266 105 327 124 285 189 303 55 409 194 155 38 332 70 225 127 385 35 425 210 92 178 243 65 395 243 314 154 238 146 230 76 347 158 319 278 194 270 257 137 393 227 296 112 288 191 261 0 311 144 330 111 214 111 216 211 323 112 387 86 414 189 277 177 295 237 219 86 242 324 303 98 171 285 330 126 277 244 120 155 250 202 227 75 298 197 306 10 498 194 282 75 398 213 214 32 275 199 232 83 277 40 289 128 274 226 252 90 317 91 357 95 343 169 259 144 302 86 393 117 292 50 126 78 307 233 430 95 321 189 363 77 264 273 244 198 372 255 241 99 355 308 190 110 250 156 176 109 320 304 84 79 208 50 248 129 336 301 531 57 309 97 143 78 306 146 466 160 370 370 240 119 257 155 377 131 220 143 302 234 457 216 200 70 271 250 248 81 465 159 302
282 96 167 47 332 73 285 63 228 87 166 131 258 69 236 86 546 23 158 77 224 44 138 240 284 136 165 22 218 92 170 157 357 61 388 84 301 159 113 120 321 197 367 65 274 59 173 104 325 74 322 327 158 118 195 121 197 100 305 82 194 80 200 191 247 55 145 30 195 231 144 238 217 130 158 117 204 24 167 151 279 89 146 173 212 79 265 106 301 97 225 211 232 172 275 110 301 31 268 67 403 28 231 41 367 143 250 55 252 121 269 75 368 133 221 226 356 126 362 80 374 40 204 104 286 197 217 82 264 64 196 230 177 138 295 102 338 151 325 71 118 42 284 134 319 121 242 148 256 37 248 44 234 132 153 56 291 3 226 222 287 49 150 47 304 130 234 111 176 39 97 108 195 55 263 82 135 25 273 79 385 29 222 103 327 136 296 89 188 104 292 64 271 102 153 120 191 35 301 103 360 217 201 129 306 106 293 127 332 138 153 42 217 29 255 95 245 58 243 43 271 120 242 110 290 93 314 133 234 59 259 37 319 213 26 166 134 143 246 102 258 78 377 62 298 161 244 94 274 33 254 95 325 225 300 117 385 148 195 104 323 209 283 56 334 136 434 77 321 158 141 217 329 23 228 47 151 41 368 113 335 154 355 153 216 149 307 147 337 161 227 123 306 120 106 165 261 94 196 81 305 220 358 39 276 168 185 152 265 216 275 24 190 26 239 51 256 136 231 160 349 31 301 94 407 207 282 119 105 238 151 95 352 102 159 275 350 100 301 125 282 117 400 206 166 191 276 75 196 130 207 132 242 115 192 50 311 0 213 35 400 160 247 99 229 114 234 143 342 155 294 34 319 148 296 180 331 89 167 190 351 194 352 32 225 89 242 294 174 64 313 91 327 36 174 76 304 192 245 99 295 87 238 97 340 113 119 143 229 56 337 85 184 81 141 110 294 16 262 168 236 91 146 115 453 162 225 101 304 27 271 186 235 131 180 149 221 162 217 55 358 49 316 96 200 199 167 87 269 82 253 121 305 103 250 140 220 48 214 286 265 187 268 111 241 51 222 223 325 118 214 169 275 9 170 161 303 104 265 84 373 104 184 70 182 97 200 78 108 147 217 115 242 64 215 85 257 257 186 115
288 286 48 210 208 223 79 231 68 257 70 94 79 195 23 144 342 212 55 136 15 251 90 209 89 268 65 195 79 176 74 320 283 269 188 131 216 149 115 315 113 159 160 274 192 245 40 167 137 176 111 207 177 98 69 131 54 161 114 232 235 133 113 339 125 182 69 217 127 441 100 149 169 279 80 285 199 233 77 93 168 185 138 71 37 182 119 174 180 126 31 38 186 290 98 273 145 195 58 267 243 216 40 194 157 72 180 262 59 220 222 288 207 329 81 76 221 99 152 153 194 241 116 193 101 184 40 131 138 165 191 288 153 159 82 235 166 202 174 202 108 213 71 319 189 94 111 245 88 226 51 256 87 342 61 267 183 210 113 87 115 207 140 175 93 280 40 157 81 249 122 133 95 160 94 268 78 188 88 272 201 202 64 112 123 286 87 179 100 174 158 208 176 199 82 185 63 208 89 118 178 281 78 159 117 258 95 180 248 238 130 243 158 195 42 180 158 268 36 252 78 154 29 268 112 206 196 158 45 257 52 205 190 101 192 237 115 258 116 233 183 209 169 222 96 92 141 278 114 184 130 253 125 176 101 169 217 69 58 218 124 9 83 177 229 279 222 171 110 255 97 260 156 236 108 175 73 198 187 171 221 359 147 203 244 254 190 243 234 151 141 111 94 126 119 153 154 190 27 160 113 378 149 186 64 45 67 84 75 124 64 221 66 191 61 227 110 279 60 114 175 224 100 120 269 242 134 332 111 52 63 123 206 274 102 180 266 117 90 100 170 214 187 176 135 50 144 189 28 262 85 158 166 154 47 167 144 213 0 220 198 75 39 116 241 272 32 253 136 351 99 184 267 154 128 218 125 180 182 159 229 28 189 240 163 220 110 81 43 151 119 123 202 188 56 182 141 380 67 230 180 292 81 127 175 142 97 95 99 202 150 230 94 151 90 207 190 213 59 216 49 216 80 126 261 159 91 311 216 188 134 90 78 169 89 301 113 179 50 268 217 166 163 188 211 229 113 128 178 232 170 116 212 124 45 125 136 204 162 81 156 65 129 203 181 253 159 413 128 174 87 101 166 211 116 348 95 242 229 130 163 128 30 283 69 152 17 177 185 355 76 102 103 156 110 186 63 322 27 256
316 70 176 18 357 40 286 28 244 54 182 148 273 43 243 109 559 57 165 87 232 35 155 271 297 101 165 51 236 70 167 126 387 51 401 89 329 140 133 98 331 178 367 56 302 29 181 84 341 56 325 310 189 132 190 109 212 83 302 48 228 89 188 158 270 40 151 5 219 221 138 222 246 96 155 85 236 26 163 146 304 121 173 190 213 111 256 84 326 95 235 223 262 138 271 77 321 26 277 48 424 62 242 74 369 154 231 77 264 89 245 79 389 112 239 221 380 125 371 71 391 22 191 137 301 174 217 94 286 56 227 264 205 118 302 68 357 123 346 105 136 11 290 108 343 133 233 115 273 70 259 44 253 124 162 70 317 35 215 215 304 83 133 74 312 96 245 140 195 60 115 99 216 61 257 110 144 46 270 54 403 19 238 118 338 103 305 121 210 136 279 33 298 73 151 152 207 12 308 120 377 184 219 110 321 72 306 159 361 105 139 24 244 27 262 72 271 53 247 38 284 102 249 142 306 63 297 113 234 38 261 15 343 203 32 200 157 109 236 68 286 47 378 96 297 181 230 66 293 39 241 61 338 204 299 148 405 160 211 72 336 215 283 45 361 102 438 60 329 125 136 185 347 39 217 74 166 74 361 144 361 140 365 125 250 115 332 181 364 142 212 118 314 111 126 146 286 127 199 68 319 190 368 69 284 176 182 149 279 203 283 11 207 55 237 85 276 102 228 183 367 7 313 106 431 176 303 119 120 251 160 97 374 70 150 257 379 102 305 124 307 86 406 185 150 191 263 108 206 95 200 112 269 97 192 73 330 35 220 0 413 158 256 114 262 146 244 109 353 174 292 61 350 129 289 213 342 121 143 170 376 198 341 56 253 123 232 300 185 81 310 103 352 32 175 55 323 168 242 133 320 72 233 117 360 100 132 138 249 90 353 119 205 73 139 144 320 19 273 139 248 58 161 107 469 142 245 113 332 38 292 206 252 109 173 116 243 138 216 60 381 68 305 128 232 169 155 93 296 48 235 143 332 100 253 164 245 21 194 297 290 184 289 144 270 76 204 201 339 95 234 191 300 44 194 137 305 70 240 92 382 98 193 75 199 124 208 58 140 136 212 130 262 64 204 117 269 223 194 149
342 481 237 405 172 420 165 427 174 454 235 269 143 392 176 319 146 393 250 326 184 442 263 273 116 466 262 380 187 374 269 518 262 460 14 324 222 341 289 510 85 339 147 464 220 440 233 365 80 373 133 319 302 282 255 329 204 358 191 429 340 323 292 536 181 377 264 410 235 631 297 310 250 476 276 482 292 422 272 290 186 346 278 228 220 348 254 371 173 322 177 190 255 486 215 471 129 387 140 460 122 396 171 372 130 259 339 441 149 418 380 473 110 524 185 241 158 296 57 350 69 433 293 346 116 366 218 320 173 360 289 382 268 354 124 433 93 396 129 368 283 408 137 516 162 280 264 441 149 404 154 444 173 532 251 450 189 397 278 254 123 381 334 357 109 477 168 313 227 432 303 331 216 352 225 437 269 375 203 466 58 394 179 297 75 483 112 341 225 330 281 404 204 396 279 331 210 402 115 298 68 468 204 355 97 456 107 323 234 434 323 434 240 387 158 377 213 457 183 442 129 351 170 425 117 404 315 353 206 451 176 399 162 273 383 359 274 454 267 431 226 406 142 392 171 244 297 474 139 375 278 450 75 347 177 319 97 253 205 416 77 205 179 372 201 477 120 368 94 450 295 446 96 423 272 356 249 376 226 323 188 552 53 396 334 450 179 377 206 342 307 309 109 323 295 343 192 348 223 357 96 575 55 367 138 238 257 281 135 295 134 412 212 376 215 401 160 477 223 254 87 416 100 308 170 427 146 518 295 162 253 318 138 471 296 324 242 312 141 297 185 411 74 354 326 242 276 356 206 459 262 354 224 351 239 350 111 400 198 413 0 272 159 301 322 428 169 449 62 518 185 368 277 348 232 329 74 342 372 342 179 225 258 423 237 379 264 128 228 337 186 310 168 381 252 379 121 577 216 386 181 484 235 304 104 339 282 292 185 374 72 391 225 347 288 356 195 403 141 408 165 414 255 324 71 350 184 490 219 378 161 222 169 365 279 499 200 370 226 454 147 352 261 346 309 415 304 320 209 429 326 283 212 321 182 275 218 399 336 117 190 255 160 352 241 432 329 610 75 371 194 241 188 396 248 545 152 440 391 321 51 326 221 469 220 317 206 374 337 546 248 285 173 350 281 348 144 506 222 408
314 218 56 145 270 153 129 164 130 188 91 85 149 127 96 116 415 165 41 88 89 192 87 241 164 194 10 146 133 104 12 248 334 209 262 76 267 77 98 248 187 96 209 214 240 180 54 94 212 107 169 188 184 73 36 57 101 88 146 161 244 84 62 265 180 118 35 156 159 378 25 107 202 206 5 213 220 176 11 19 224 163 145 97 56 156 111 100 240 64 102 98 221 216 116 202 213 135 132 204 315 171 110 154 211 60 134 214 132 146 171 233 278 262 136 68 287 34 223 87 268 180 66 176 174 118 60 87 196 101 211 296 172 84 152 162 238 128 242 172 92 150 139 250 252 68 91 170 156 182 124 198 146 282 54 215 239 157 80 66 186 169 67 134 164 207 112 146 110 199 92 62 133 104 103 229 51 136 113 206 276 142 124 80 197 212 160 157 134 159 145 139 227 125 8 176 105 146 159 92 252 208 123 84 191 187 170 174 301 163 57 181 193 136 114 107 204 210 92 193 152 80 101 240 184 134 175 83 77 194 105 143 253 64 135 235 115 183 95 161 227 139 220 187 140 110 106 209 181 127 107 182 199 120 141 160 289 64 104 145 198 67 125 113 286 206 281 102 181 180 23 190 228 182 79 133 78 158 209 161 281 295 220 129 259 179 249 234 292 80 97 41 165 53 98 82 207 170 48 92 188 304 221 144 135 50 26 10 149 79 137 161 107 144 80 188 173 206 71 130 248 163 174 79 337 171 200 275 81 122 53 64 274 205 30 146 320 60 149 35 226 139 253 114 65 33 128 162 78 188 52 83 209 80 35 123 214 160 75 158 272 0 113 83 261 244 106 178 210 310 135 138 310 80 138 226 198 159 110 94 292 47 197 191 200 194 90 148 65 107 154 82 264 128 19 112 211 310 85 206 238 229 79 101 246 68 72 21 153 167 224 202 126 85 19 191 245 155 134 143 119 144 82 54 335 88 146 261 268 133 196 124 141 95 32 228 160 106 58 212 284 120 163 169 228 158 44 76 228 162 129 107 265 58 97 129 177 139 105 155 210 27 191 188 220 207 107 343 203 99 137 124 221 161 138 279 148 170 174 80 234 60 60 228 103 132 72 107 171 292 59 78 162 96 70 162 137 251 56 233
286 323 81 247 183 261 68 269 56 295 90 121 50 233 19 172 304 243 91 171 24 287 116 205 52 307 104 228 73 214 112 359 265 304 149 167 200 186 142 352 76 193 139 309 178 282 75 206 100 214 88 222 189 129 103 170 63 199 110 270 244 168 146 377 110 219 106 253 129 476 138 177 167 317 118 323 203 268 115 132 150 209 153 87 68 208 136 212 158 163 25 43 182 329 106 312 116 231 22 303 209 247 25 225 133 104 208 293 29 259 251 321 173 366 73 101 192 137 115 191 157 277 148 214 66 219 68 165 120 202 196 296 160 197 50 274 131 240 144 228 135 250 43 357 164 126 134 284 64 257 20 290 72 378 94 300 163 244 141 114 84 236 178 207 57 318 21 179 93 282 152 172 98 196 107 296 113 222 93 308 163 238 55 144 84 324 49 203 106 196 175 245 161 237 121 204 72 244 55 148 141 317 80 197 80 297 57 198 230 276 168 278 155 230 17 218 148 303 41 287 43 193 16 293 80 245 213 196 64 294 49 242 164 131 227 250 136 296 139 272 172 247 147 250 87 108 167 315 87 219 153 291 86 207 94 189 181 99 67 257 85 47 78 214 206 318 193 209 74 293 136 297 122 270 135 206 99 229 182 192 198 396 110 241 249 292 168 260 212 189 170 150 59 164 148 190 139 213 65 198 76 417 112 218 32 80 103 123 42 155 28 256 76 224 79 257 90 318 83 127 140 260 61 153 238 278 109 366 143 30 96 160 176 312 139 204 247 154 68 138 151 252 153 209 172 86 162 216 51 300 117 196 157 192 83 199 111 247 39 256 159 113 0 148 243 296 14 291 98 379 95 216 254 192 136 228 87 205 219 194 203 66 192 273 158 244 133 50 73 184 113 156 176 224 94 220 111 418 84 254 159 328 102 156 142 180 129 134 89 231 112 255 101 188 129 228 171 248 21 254 30 254 106 165 222 196 81 343 199 223 113 97 63 208 125 340 106 216 78 302 187 199 172 211 217 265 150 163 163 270 197 140 193 162 47 143 131 241 194 42 140 100 108 224 174 284 190 451 90 213 82 113 148 244 126 386 78 281 258 165 126 166 63 317 82 177 48 215 206 391 105 133 88 192 139 211 31 358 63 279
248 184 69 109 248 131 192 133 130 162 68 34 160 106 138 33 447 95 64 28 126 141 41 183 185 191 84 79 123 102 95 233 292 159 289 35 229 129 25 212 222 162 274 163 200 142 76 102 227 90 227 271 112 19 118 84 98 94 219 142 169 27 142 259 158 85 55 110 114 330 83 187 150 195 84 193 155 121 94 86 196 80 78 76 124 73 193 109 217 50 126 111 168 223 193 183 207 88 170 160 312 99 131 78 273 44 209 145 153 152 241 173 276 226 125 148 270 57 263 70 277 133 146 94 188 176 128 20 176 71 145 219 111 120 197 153 243 157 234 90 25 111 187 221 233 22 174 183 159 110 148 143 139 231 55 151 210 96 162 149 190 91 116 59 206 196 135 66 82 133 10 74 104 54 182 152 40 74 188 168 289 95 124 4 228 202 197 74 99 77 228 114 193 126 80 95 94 104 203 12 263 241 106 114 207 171 194 95 262 173 112 134 145 87 157 107 166 156 149 141 172 103 145 158 192 128 258 115 145 151 165 102 233 147 83 155 51 188 179 152 185 122 284 108 207 69 187 178 179 75 190 162 226 190 211 80 292 49 97 142 224 114 193 80 256 198 339 87 222 194 77 230 233 122 162 58 52 82 288 80 255 251 256 159 186 189 224 151 260 132 175 67 208 79 21 136 177 87 104 77 206 295 259 70 179 72 108 80 166 159 176 112 93 76 153 112 163 198 146 77 253 117 202 10 322 213 190 218 6 139 53 41 263 180 99 226 281 38 206 57 199 146 302 178 126 107 211 79 97 184 135 115 167 99 106 50 216 99 116 114 301 83 148 0 192 162 135 185 243 236 206 68 260 124 219 151 232 76 155 158 269 102 279 125 153 112 173 196 76 36 226 12 243 82 90 97 210 282 160 124 212 183 159 19 246 87 20 77 136 88 239 120 93 67 71 108 214 102 163 176 136 134 47 74 355 138 131 195 230 77 180 94 138 123 113 218 133 149 132 154 270 51 245 86 159 201 113 30 191 142 207 37 229 56 157 64 138 105 175 187 181 108 177 105 172 136 180 315 226 117 120 81 192 96 88 250 210 159 242 27 274 63 87 169 85 50 102 93 89 245 141 16 148 57 152 79 157 284 90 150
56 322 212 269 170 296 311 290 188 315 176 176 208 280 249 168 446 207 223 211 238 266 174 49 236 361 257 211 171 286 271 385 145 278 308 224 117 320 169 340 281 352 378 280 105 288 219 290 245 270 328 443 80 192 287 276 187 282 351 307 38 213 323 419 147 257 226 257 115 412 270 368 77 358 264 346 42 249 271 271 136 141 117 173 272 151 356 297 154 241 221 206 68 397 339 338 192 244 257 290 256 204 218 188 369 201 394 228 222 333 430 267 234 350 171 309 196 245 316 255 262 268 327 124 223 367 276 205 150 249 51 61 90 312 284 324 230 347 197 158 173 266 283 359 170 196 342 364 194 202 227 260 175 326 208 242 137 227 337 316 206 181 307 191 282 358 222 130 161 231 183 265 147 227 334 198 210 218 328 305 277 248 188 193 275 364 269 142 140 128 395 282 118 308 261 110 178 258 284 180 257 428 165 305 236 333 245 105 133 353 303 269 89 242 260 291 110 271 274 263 227 294 253 164 214 305 431 307 286 285 288 258 170 321 235 72 147 364 347 324 96 294 384 175 329 154 365 321 189 232 361 322 266 379 336 118 254 197 183 319 264 246 320 253 154 363 413 269 292 375 264 419 225 239 334 191 184 188 424 120 163 358 302 348 17 368 151 98 153 323 357 258 285 270 171 328 130 135 250 262 240 448 309 193 270 219 278 262 223 340 262 253 174 207 300 188 172 363 298 132 238 259 255 201 235 404 177 302 190 214 208 233 205 330 285 405 146 230 310 246 138 327 363 368 316 268 379 154 213 354 307 307 99 289 266 197 211 229 241 262 322 261 243 192 0 164 231 362 289 251 336 202 102 316 369 49 284 141 347 348 180 250 429 226 89 146 342 287 208 199 355 201 170 242 257 276 201 411 307 141 145 303 317 174 222 278 192 264 158 173 251 155 147 253 256 119 133 243 239 366 214 307 179 266 341 329 164 260 121 229 162 151 184 313 292 378 139 341 285 257 204 203 403 133 33 392 300 220 114 307 389 157 126 248 283 132 115 267 363 254 132 277 165 118 81 218 367 438 260 306 161 141 134 220 126 382 321 328 432 215 325 255 221 265 172 148 226 274 122 345 305 187 164 236 329 144 224 471 229 145
207 182 225 161 314 185 351 172 257 189 206 178 288 183 291 130 568 94 224 157 278 131 182 197 317 243 246 111 242 204 255 249 309 136 414 171 269 265 157 192 361 303 431 136 247 161 233 214 348 185 382 427 130 178 279 222 234 209 380 193 126 162 297 285 251 166 217 142 194 247 237 339 193 233 244 213 161 123 253 242 266 87 149 209 285 90 354 218 289 189 271 254 200 279 355 210 307 143 316 152 397 87 274 93 428 202 356 79 290 234 379 113 367 200 244 310 340 212 402 184 384 139 301 83 313 308 290 157 263 170 157 139 163 247 346 214 348 264 324 72 164 155 338 214 307 182 334 260 279 77 289 121 255 166 213 94 274 115 320 310 305 77 254 112 351 232 277 117 206 91 154 209 212 152 345 41 201 123 350 168 398 143 254 166 362 238 340 93 203 100 387 177 253 215 239 97 226 149 350 157 374 330 226 238 331 211 327 105 293 250 256 140 199 141 309 207 230 127 307 127 305 228 297 4 311 207 414 241 306 151 323 151 307 305 136 93 161 254 338 214 232 192 440 58 367 189 343 186 289 139 348 200 357 332 371 109 387 204 231 217 355 271 353 166 306 240 489 187 366 270 232 331 340 109 320 113 199 90 450 106 312 199 392 266 148 260 290 66 307 268 328 216 354 220 153 272 251 83 264 187 332 306 396 104 328 230 269 239 299 314 323 135 223 110 315 64 269 240 309 174 358 140 337 164 387 320 289 141 166 277 212 184 343 199 253 377 307 186 361 212 269 231 446 315 269 269 370 83 247 238 296 241 223 222 269 123 323 114 272 146 428 244 296 162 164 0 282 254 378 93 367 113 266 256 381 122 369 92 279 297 329 263 440 91 205 52 333 346 229 138 387 162 311 146 252 188 314 257 322 42 280 155 321 147 345 217 178 233 243 77 357 42 204 184 229 71 274 129 304 282 275 204 192 214 466 270 244 98 272 133 274 207 260 242 271 248 228 273 294 111 346 128 406 85 148 312 265 170 249 193 357 156 276 197 316 155 215 162 319 327 255 270 273 75 214 74 327 281 354 229 234 188 263 106 180 232 367 214 376 165 413 201 242 113 216 120 255 189 91 185 302 172 255 164 309 86 294 368 248 21
275 312 68 235 180 250 80 258 46 284 76 107 48 223 20 159 315 230 80 158 17 274 102 194 58 298 96 215 61 205 106 349 259 292 159 155 193 181 128 341 87 190 153 297 170 271 63 197 106 203 102 228 176 116 100 161 49 190 121 260 231 155 144 369 102 208 95 241 117 464 131 178 156 308 111 313 190 255 109 125 143 195 139 73 66 194 141 204 153 153 11 29 171 321 113 302 114 219 35 292 211 234 13 211 147 91 209 280 27 251 251 308 175 355 62 103 191 127 128 181 162 265 146 200 69 215 67 152 113 191 183 283 147 190 64 264 134 234 143 214 122 239 57 346 161 113 137 276 59 243 19 278 63 365 82 286 158 231 141 115 84 222 172 193 71 309 11 165 79 268 139 163 85 184 113 282 101 209 101 297 170 226 43 131 95 315 62 189 93 182 180 235 153 228 113 190 58 233 68 134 146 312 67 190 85 287 64 184 224 269 162 266 144 219 29 209 138 291 47 275 47 185 23 279 81 235 219 189 67 282 58 230 161 130 215 237 121 288 141 263 163 237 161 237 98 94 168 304 84 207 156 281 95 206 105 175 185 86 53 248 94 41 89 203 202 309 207 199 87 286 128 292 124 257 136 193 86 215 193 178 194 384 121 234 236 284 163 246 208 183 170 141 73 156 134 185 131 199 59 187 82 408 124 204 46 68 99 115 43 154 42 244 62 211 82 243 84 309 85 113 143 248 70 140 238 273 106 354 130 23 84 149 175 302 133 206 241 143 82 128 145 244 167 207 167 82 167 202 38 291 115 189 147 184 79 186 112 234 32 244 169 106 14 135 231 282 0 283 109 366 105 203 246 186 144 214 98 191 214 191 200 60 201 260 147 230 136 64 60 171 124 143 173 212 87 210 111 407 88 240 154 316 105 142 144 171 116 126 79 217 118 241 88 178 120 214 165 235 29 248 21 245 93 156 230 191 71 329 192 210 108 84 54 201 121 331 95 211 78 289 186 186 180 197 204 261 144 151 155 260 198 126 187 151 55 129 120 230 192 53 133 96 102 210 164 271 189 441 98 205 71 99 141 232 113 376 91 271 258 153 139 157 52 304 68 163 37 205 192 379 105 120 79 181 139 197 31 354 53 265
418 98 222 96 431 69 297 82 300 71 244 216 324 83 274 197 591 165 207 159 267 126 222 364 341 25 188 154 298 84 180 81 476 129 440 150 414 114 209 117 364 134 368 133 385 95 224 88 389 95 337 259 285 196 197 122 267 96 298 61 331 158 170 88 340 106 193 113 299 246 153 183 333 44 173 67 332 131 177 160 380 223 260 252 230 212 236 81 400 141 278 271 351 39 264 61 383 120 310 113 487 171 286 178 374 209 177 180 309 34 172 164 450 128 300 219 451 159 399 116 444 116 172 240 350 115 233 166 357 116 322 371 294 96 328 40 413 60 411 211 210 100 315 104 415 195 214 13 328 179 301 137 313 173 212 168 394 142 195 208 359 190 117 171 341 46 288 234 262 164 191 123 286 137 250 216 195 146 269 100 453 117 293 187 375 47 338 221 282 234 243 81 377 59 171 253 267 108 335 195 428 77 283 94 368 49 347 258 447 15 128 116 329 122 291 79 351 138 267 131 329 98 279 250 359 58 248 96 247 109 278 108 415 190 129 306 236 5 215 40 370 68 379 204 302 252 196 87 352 131 213 57 377 150 300 245 464 215 268 44 376 245 288 110 441 39 445 98 357 17 156 85 403 145 199 172 227 180 338 242 439 166 397 61 352 7 407 288 445 113 177 144 341 128 204 114 361 229 226 108 365 128 398 171 312 219 193 169 325 177 315 120 267 158 243 194 339 39 234 262 423 114 352 175 503 83 367 184 190 298 210 148 442 73 154 207 465 153 320 158 382 40 425 131 129 208 232 211 251 24 195 96 352 99 210 166 387 143 253 109 449 178 291 185 362 254 283 0 387 266 292 162 443 104 271 315 376 222 90 127 452 225 310 163 337 231 214 324 232 165 306 173 425 121 197 88 383 151 245 241 396 128 229 197 419 112 196 158 315 197 401 228 275 118 163 249 399 127 312 60 295 55 225 129 513 107 309 200 415 135 360 275 310 84 173 59 315 89 226 153 451 160 274 231 331 83 148 155 376 61 187 222 414 138 270 248 323 97 148 333 365 195 356 249 357 181 159 182 381 79 298 265 376 152 273 126 316 40 163 158 410 131 234 161 261 216 248 92 242 173 210 198 326 130 186 220 314 114 231 258
318 421 177 344 165 358 108 366 121 393 178 212 90 331 114 263 206 336 189 267 122 383 206 243 61 404 200 322 136 312 207 456 258 401 53 264 206 279 232 450 23 279 115 406 196 379 172 303 49 312 83 270 257 224 193 267 147 297 140 368 301 264 231 474 142 317 203 350 189 572 235 252 213 415 215 421 254 364 210 228 161 294 229 173 158 294 197 310 154 261 118 131 221 424 159 410 103 328 78 400 147 339 111 316 99 200 281 385 91 356 323 416 120 464 134 181 160 235 28 289 86 373 232 295 67 305 156 261 140 300 250 348 224 292 63 371 83 334 117 315 226 348 76 455 149 221 206 379 100 348 94 386 124 473 191 393 169 339 218 194 83 326 272 300 48 416 108 261 173 375 245 270 166 292 168 384 209 317 146 406 85 335 125 239 16 421 50 288 175 278 228 343 178 335 217 282 154 342 54 240 73 407 152 293 53 395 51 274 226 372 261 375 202 327 96 316 180 399 122 383 73 290 108 375 75 342 264 291 145 391 115 339 150 213 324 316 220 392 209 369 198 345 114 338 117 190 239 413 99 316 221 389 23 287 124 269 118 194 149 354 25 143 122 312 194 415 125 307 34 388 233 385 80 365 212 299 191 320 189 272 182 493 14 334 299 388 164 332 200 281 248 247 49 262 239 282 161 296 162 295 49 514 20 310 76 177 195 219 79 235 73 353 157 318 154 346 118 415 162 203 86 357 41 249 190 366 114 461 237 104 193 258 139 410 234 269 238 252 85 236 160 349 74 294 264 180 221 302 147 397 202 292 191 289 177 293 86 342 136 353 62 210 98 243 289 378 109 387 0 466 131 310 263 286 180 289 12 289 310 281 179 163 216 366 201 328 205 68 168 278 137 252 159 321 190 318 94 516 156 335 161 425 176 248 98 277 223 230 138 320 52 340 174 286 226 307 176 344 80 346 107 352 197 262 129 288 136 435 203 319 127 171 118 303 217 437 156 308 165 396 151 294 212 294 271 354 242 260 182 368 268 228 196 260 121 223 178 339 276 56 160 193 125 303 209 376 270 549 30 309 144 189 161 339 198 484 97 378 333 261 36 264 161 411 164 263 145 313 287 487 187 227 128 290 221 296 86 446 161 359
286 173 304 191 407 207 428 191 345 195 290 259 376 217 372 208 660 145 300 223 359 143 264 288 405 248 314 165 331 243 322 231 396 137 505 234 360 312 238 168 448 350 510 132 340 174 311 257 438 227 463 481 222 254 346 275 320 254 454 211 214 227 355 267 343 208 290 172 286 172 298 392 286 232 309 208 253 148 319 304 359 172 239 294 359 172 419 257 381 249 355 338 292 280 426 209 399 185 400 153 489 140 358 158 508 279 404 99 376 257 419 102 459 169 333 378 433 277 489 235 476 157 358 172 402 348 363 225 356 219 249 213 255 291 430 230 440 295 417 151 244 185 421 192 399 258 396 276 369 128 375 133 345 119 291 104 366 158 381 375 396 145 304 178 436 231 362 205 292 116 230 263 302 208 414 84 276 175 422 166 490 181 341 240 450 234 425 178 293 188 446 207 345 246 305 188 312 182 434 234 465 343 314 282 421 217 415 196 383 268 308 156 292 183 391 245 323 129 385 139 393 273 379 94 401 235 468 286 380 157 401 185 399 367 181 182 246 264 400 231 325 219 520 129 443 276 399 181 380 187 408 208 446 377 446 199 479 282 317 240 444 350 429 210 397 240 572 230 451 283 294 350 432 136 382 179 280 154 520 195 404 151 479 297 234 273 383 156 398 314 382 276 438 275 232 319 344 170 339 235 422 277 484 167 411 307 336 303 387 371 407 164 309 166 388 124 360 239 380 263 450 166 425 235 479 344 380 95 241 363 289 247 436 196 313 429 396 250 442 276 362 256 532 358 320 340 430 164 329 245 360 285 316 268 340 188 414 155 351 174 518 310 379 236 251 93 366 266 466 0 441 172 353 301 448 212 457 176 317 343 421 338 505 123 298 138 396 429 309 204 461 232 404 190 323 227 405 214 394 132 373 140 390 224 438 268 254 296 334 149 448 126 293 236 293 163 366 165 390 309 361 228 273 270 558 315 333 66 364 181 366 296 349 283 333 239 320 311 366 116 438 191 470 172 239 339 321 235 341 210 407 239 368 256 393 243 307 195 367 413 348 338 365 166 306 105 376 230 444 269 324 277 356 152 270 198 446 227 413 230 500 258 321 105 302 203 336 230 181 135 369 249 346 218 369 170 381 374 326 113
380 350 142 278 269 284 28 296 150 318 169 190 141 258 87 237 311 297 142 220 98 326 187 299 128 313 129 279 166 233 126 370 356 343 181 210 292 179 210 379 112 166 76 349 272 313 134 220 164 240 52 140 275 189 102 186 150 217 15 291 333 215 122 380 204 252 152 290 221 511 155 129 261 328 137 340 294 310 129 147 242 280 236 169 82 277 70 225 247 198 114 130 276 326 31 329 199 270 88 338 274 302 118 283 82 165 155 347 121 265 196 367 243 393 167 74 273 169 127 221 215 314 122 290 145 192 78 216 213 236 287 386 250 198 75 288 201 234 224 295 203 284 66 378 250 185 84 282 156 314 114 333 167 416 153 349 255 291 101 84 168 297 176 263 88 329 115 255 178 332 213 194 189 238 44 358 166 270 24 338 215 276 149 202 127 334 97 274 196 271 97 272 254 250 142 283 159 280 82 210 200 295 171 202 150 313 125 278 321 277 167 316 249 271 78 235 242 345 63 328 127 203 83 363 161 261 134 200 61 328 48 277 251 103 270 335 213 298 86 286 266 268 88 314 14 191 114 340 176 262 95 310 136 167 8 267 245 163 154 269 137 97 16 248 295 326 153 235 97 289 156 270 193 317 95 263 170 287 89 269 285 428 134 233 340 291 257 341 301 180 127 175 86 183 213 179 232 286 103 225 145 420 130 274 77 137 110 144 129 120 86 296 163 276 55 317 182 327 64 212 207 298 120 206 312 252 198 410 202 125 155 199 254 334 145 139 337 194 47 169 243 259 138 178 164 103 91 283 127 308 98 200 252 205 102 253 189 294 99 292 185 135 95 206 336 367 105 292 131 441 0 270 347 189 49 316 121 276 205 170 287 104 98 324 253 315 84 70 140 237 21 209 262 263 119 244 192 436 50 326 250 363 64 220 215 197 189 154 183 294 173 324 190 219 154 304 263 290 106 241 124 271 178 186 256 186 176 395 291 267 204 186 157 210 123 349 200 205 77 347 266 251 84 284 308 241 146 208 257 291 142 213 285 193 54 224 225 273 158 105 234 108 199 300 269 339 150 469 145 220 176 199 241 294 214 407 34 295 207 212 135 194 126 363 166 247 115 239 282 426 83 194 182 231 108 281 121 329 120 352
257 129 137 67 298 94 258 88 195 115 133 98 225 80 206 52 513 28 130 50 194 78 105 210 252 159 142 12 185 95 149 187 326 95 355 62 269 153 79 154 290 191 340 99 241 90 144 104 292 76 295 316 128 87 174 110 164 98 282 105 170 54 186 219 213 59 119 57 161 264 127 227 185 156 137 147 175 58 147 133 245 61 113 140 187 51 247 108 267 78 193 179 200 195 253 138 267 42 238 101 369 33 199 20 340 112 243 78 220 134 267 106 334 167 187 206 322 105 331 72 340 73 190 79 253 196 192 54 230 59 166 210 144 135 265 123 304 157 291 51 85 65 255 167 285 90 225 164 222 44 216 78 201 165 123 83 258 32 211 203 253 35 142 13 274 156 202 79 143 65 65 97 161 39 241 91 106 16 250 112 352 46 189 72 295 163 265 61 154 75 277 80 238 111 133 92 158 56 271 70 326 232 167 126 273 131 261 98 300 154 143 75 184 40 225 99 211 91 216 77 239 116 213 108 256 106 302 130 209 93 232 56 285 196 33 144 100 163 230 122 225 94 351 54 272 127 232 126 240 31 239 121 293 219 275 87 351 117 162 119 291 181 258 57 301 161 406 77 290 175 123 228 295 56 211 13 119 23 347 83 302 188 323 159 191 167 273 129 304 155 216 106 276 107 73 160 227 68 169 76 272 251 326 10 247 139 164 131 233 203 244 54 157 8 215 51 222 161 208 126 315 60 269 64 373 215 248 151 74 206 121 75 318 131 143 265 318 78 274 104 248 129 370 203 157 168 260 50 165 152 188 129 209 110 168 18 277 34 184 61 368 138 216 68 202 113 203 162 310 172 270 0 289 143 276 154 300 61 168 184 317 167 334 57 192 73 225 264 144 33 290 61 293 41 151 81 270 226 221 85 261 121 217 64 306 105 88 124 195 38 304 75 150 72 121 88 261 43 230 176 203 107 113 102 419 158 191 127 271 27 237 152 202 131 162 177 187 162 193 87 324 19 299 69 172 205 153 63 236 105 245 87 272 86 223 106 186 65 207 255 231 165 234 87 209 69 215 257 293 120 180 135 241 29 136 194 276 126 264 58 342 89 155 101 149 63 170 80 81 180 197 84 208 51 200 58 224 273 158 108
81 415 255 355 105 381 320 377 200 404 220 234 207 361 266 246 379 299 270 285 258 360 230 79 225 445 304 300 188 361 319 476 43 374 264 295 57 381 236 435 263 407 370 376 76 378 260 363 214 348 324 473 161 254 328 341 215 354 362 392 140 286 369 508 144 338 277 346 152 513 326 412 111 445 315 435 115 341 320 325 107 231 183 213 303 240 385 370 109 309 239 229 93 479 359 427 160 329 260 384 182 297 233 278 357 253 441 326 227 411 481 365 171 446 186 342 124 305 290 329 209 359 373 217 209 427 306 278 135 327 123 148 149 378 281 407 186 417 149 251 237 353 284 453 116 257 377 442 192 297 234 355 182 426 257 340 96 318 377 352 186 274 368 277 274 445 235 211 201 328 253 333 178 306 358 299 266 304 347 398 222 335 204 260 253 451 261 230 176 215 425 365 93 385 313 200 209 344 278 249 209 501 191 372 214 420 232 192 45 432 362 361 118 327 270 366 109 366 293 357 223 362 268 266 195 385 463 373 311 378 302 344 115 363 321 174 209 446 382 407 84 376 373 271 338 202 405 413 174 316 397 409 242 430 345 203 190 248 212 399 240 274 332 334 77 449 385 345 278 454 320 489 185 333 373 276 234 279 431 206 90 457 274 419 119 447 100 200 73 384 402 320 277 335 240 388 115 227 285 337 219 539 281 281 272 262 321 314 220 384 263 342 207 295 326 284 165 449 327 186 189 349 241 271 148 472 154 402 257 224 258 301 141 420 339 446 49 297 311 306 106 405 334 424 373 307 411 245 244 438 347 373 102 358 304 280 177 319 267 350 277 310 254 260 102 266 246 443 263 353 347 289 0 379 389 147 263 230 411 404 103 285 445 321 111 243 376 285 248 278 364 271 108 326 301 355 169 507 333 240 102 399 347 246 173 345 254 319 168 265 214 254 184 327 312 215 88 332 242 436 225 389 231 331 276 391 176 361 60 314 144 187 192 382 340 466 154 406 317 354 135 285 425 224 122 459 354 290 90 392 433 223 67 315 300 196 134 352 415 248 114 319 149 213 91 316 416 536 234 377 180 188 107 311 176 477 324 412 485 286 295 322 257 363 208 228 255 352 212 444 341 251 166 313 371 234 227 545 265 246
371 169 133 111 348 105 193 120 210 135 163 145 230 86 174 151 488 163 117 109 169 162 149 305 243 124 90 144 212 58 80 181 407 176 339 94 341 12 147 197 263 49 265 181 312 139 132 44 291 74 233 182 236 126 93 40 180 47 195 108 292 105 69 192 257 93 105 129 228 331 57 94 268 139 75 154 278 153 77 62 300 192 201 171 128 183 137 45 318 76 182 179 287 139 161 143 293 117 209 165 395 170 191 163 271 127 103 202 212 76 124 207 358 210 214 115 366 74 296 71 348 149 71 209 254 54 130 113 274 85 269 340 233 11 225 101 319 49 322 191 144 118 212 192 331 123 114 94 236 182 204 172 225 242 126 198 315 145 95 105 266 179 14 146 238 141 192 188 182 185 133 51 207 104 147 229 114 133 165 161 355 120 203 123 274 145 236 188 206 196 153 98 301 65 74 215 181 119 233 135 332 128 199 19 271 126 249 217 374 89 24 150 261 119 190 57 277 180 165 166 232 28 179 251 265 77 169 15 144 156 174 116 331 88 122 275 172 109 115 99 299 89 276 197 198 178 103 158 262 118 118 126 277 77 197 202 370 133 181 82 276 146 184 92 363 137 342 71 255 103 62 111 309 165 99 146 147 166 242 201 359 247 295 49 310 103 327 266 368 13 85 59 239 45 144 18 283 199 127 68 267 232 295 153 210 128 90 72 229 79 214 137 183 145 139 192 252 138 130 194 328 136 253 115 416 93 279 243 126 203 125 83 354 149 52 128 393 86 216 74 302 71 321 59 26 106 139 185 158 119 91 16 280 34 109 136 295 148 154 129 348 80 192 124 316 256 186 104 286 301 189 143 379 0 172 274 274 189 32 42 370 126 218 179 269 215 113 221 143 125 204 115 342 112 98 74 291 248 141 227 315 189 125 142 327 40 126 63 231 181 304 218 198 72 71 222 321 136 213 63 200 88 148 50 413 15 223 241 342 124 274 197 220 23 70 160 235 27 123 189 363 130 181 200 282 81 44 97 301 109 107 159 339 68 167 186 249 107 66 233 286 93 270 220 289 198 75 281 282 35 214 192 297 153 204 220 212 108 122 103 306 61 140 203 178 171 152 71 206 249 106 130 240 92 85 190 217 171 136 251
416 339 163 273 315 274 76 288 190 306 195 209 185 251 124 251 351 303 159 227 133 323 208 336 175 293 135 284 204 223 127 351 400 339 228 214 335 160 227 368 161 138 105 345 314 306 155 210 212 233 98 91 303 204 102 179 183 208 40 279 362 222 103 357 245 248 164 288 255 502 152 93 297 310 139 325 327 310 129 145 285 297 262 197 100 292 35 213 292 200 151 164 313 301 31 315 246 269 134 332 323 309 157 292 116 183 115 351 164 247 153 367 292 382 205 71 321 172 174 218 264 310 101 309 192 161 95 225 256 234 319 415 281 182 123 273 250 211 272 309 221 279 114 364 296 200 58 259 199 321 156 331 207 410 172 351 299 293 77 74 214 307 161 272 137 311 154 275 208 335 227 190 223 241 37 367 181 273 43 330 264 275 187 215 176 315 145 291 229 290 49 264 297 236 144 305 191 277 131 225 249 262 206 188 198 298 173 301 365 256 153 312 285 270 120 224 282 342 97 326 172 191 121 377 208 248 85 185 83 322 87 274 297 86 270 360 236 276 57 271 307 258 116 325 63 218 79 329 221 263 59 297 185 132 56 288 294 183 186 254 186 123 61 245 340 307 183 229 146 265 155 236 242 318 73 271 193 296 72 290 331 418 182 210 371 268 303 363 346 160 95 173 135 178 230 158 274 303 122 220 193 396 178 282 124 157 112 145 174 94 133 294 195 282 69 326 225 307 74 240 256 295 169 217 361 220 243 407 216 165 173 202 302 321 138 94 382 198 96 172 286 242 178 146 146 112 47 298 156 289 89 185 291 195 113 261 237 296 128 289 232 138 136 219 369 381 144 271 180 448 49 276 389 172 0 344 170 293 181 144 334 123 61 327 290 330 58 118 164 246 46 219 309 263 128 236 239 420 62 342 294 356 59 235 263 189 204 153 222 305 222 338 222 216 155 323 307 290 150 215 164 258 200 182 303 165 214 397 334 269 248 218 198 194 116 329 238 182 89 347 314 258 36 302 339 210 134 214 299 279 101 233 329 193 89 249 262 268 127 153 276 111 243 320 307 344 117 452 194 206 213 229 284 298 244 391 82 280 164 219 181 192 150 362 197 265 144 232 302 418 79 210 223 232 87 297 165 293 143 368
103 273 182 221 196 248 293 241 176 266 149 141 202 232 230 124 463 158 191 166 218 217 140 75 231 313 223 163 159 240 237 336 188 230 316 180 148 279 130 291 277 313 366 231 128 239 190 245 250 224 315 412 42 154 255 234 166 237 331 258 19 169 288 370 149 210 191 208 101 367 231 333 80 309 229 297 41 200 236 234 152 92 83 147 245 103 327 252 173 198 204 187 82 349 314 289 202 196 244 241 280 155 203 139 359 167 358 180 211 286 391 219 254 302 159 280 222 206 316 210 277 219 292 75 221 326 249 161 157 203 41 71 68 269 273 276 242 302 213 109 134 218 269 310 191 158 312 317 189 153 214 211 167 279 176 194 157 179 304 285 208 132 267 143 274 309 206 86 138 183 141 223 130 180 308 152 175 170 305 256 291 200 175 152 274 315 261 94 122 81 365 234 136 261 225 62 157 209 274 139 268 382 148 262 237 284 241 58 171 306 263 220 90 194 243 245 119 222 253 214 221 251 235 121 215 258 399 264 261 236 268 209 191 288 187 32 111 317 317 276 115 247 373 126 311 126 331 272 191 184 330 273 266 340 317 72 274 165 163 272 264 222 300 206 185 315 409 223 285 328 226 374 236 190 302 143 153 139 404 74 192 310 302 303 38 320 173 56 186 282 322 218 277 229 131 287 140 86 223 217 240 399 308 145 257 189 245 225 215 305 250 204 154 158 275 139 171 315 271 104 251 210 251 159 267 360 184 256 150 201 176 190 228 281 248 371 186 188 296 207 155 280 362 328 276 238 349 105 190 306 275 263 109 246 236 150 219 180 218 213 329 226 228 151 49 122 214 315 289 212 316 154 147 274 344 0 282 93 304 308 209 222 405 177 93 97 311 275 181 153 336 158 194 194 225 230 209 362 282 94 165 254 289 132 236 235 154 226 151 124 257 107 127 208 219 70 156 194 228 321 200 260 147 224 358 288 155 215 152 180 169 131 175 270 257 329 133 298 257 209 229 156 377 85 26 348 262 177 132 258 354 119 156 206 262 97 112 219 325 247 144 245 170 69 96 170 329 390 261 261 149 117 149 171 102 333 305 280 392 171 325 212 194 217 149 104 202 228 73 298 275 149 160 191 295 96 214 424 202 101
315 409 166 333 166 347 98 355 112 381 168 202 82 320 102 253 218 326 178 256 111 372 196 239 52 392 189 311 128 301 195 445 260 390 65 253 205 267 222 438 11 267 111 395 194 368 161 291 51 300 76 261 250 213 182 255 138 285 131 356 295 253 220 463 137 306 192 339 182 561 223 241 208 403 203 409 249 353 198 216 159 285 220 163 146 285 187 298 154 250 107 121 217 413 149 398 103 317 66 389 154 329 101 306 96 189 270 375 81 344 313 405 126 453 126 169 164 223 34 278 94 362 220 287 61 294 145 250 136 289 244 343 217 280 52 360 87 323 119 305 216 336 65 443 151 211 195 367 93 338 84 375 116 463 180 383 167 328 207 182 80 316 260 289 37 404 97 252 164 365 235 258 158 281 157 374 198 306 136 395 94 324 116 228 10 410 38 279 167 269 218 332 176 323 205 274 145 331 43 230 80 396 143 281 49 383 42 266 227 361 250 364 196 316 84 304 176 388 110 373 64 278 97 366 71 331 255 280 133 380 104 328 151 202 313 310 210 381 198 358 195 334 112 329 108 181 228 402 95 305 210 377 21 276 115 260 125 184 140 342 23 132 112 301 196 403 129 295 24 377 221 373 82 355 201 289 181 310 183 264 184 482 23 323 294 376 164 325 202 269 236 236 38 250 228 270 158 288 150 284 45 502 27 300 64 166 184 208 70 224 61 342 147 308 143 337 113 404 151 195 91 346 32 238 196 354 111 450 226 94 182 246 143 399 222 258 240 241 75 224 159 337 80 282 252 168 211 293 136 386 190 280 187 278 165 282 86 331 125 342 74 198 87 232 284 369 98 376 12 457 121 300 263 274 170 282 0 280 299 270 182 151 209 356 196 319 194 56 158 268 128 241 161 310 178 306 93 504 145 327 160 414 165 237 102 266 213 219 132 310 56 331 166 275 215 298 175 333 70 335 97 340 187 251 141 277 129 425 203 308 124 162 110 291 205 426 150 296 153 386 155 283 203 285 265 342 230 249 180 357 258 218 196 248 110 215 172 328 265 45 157 181 121 294 205 366 259 538 30 297 136 181 159 328 190 473 88 367 322 250 44 253 150 401 155 254 134 301 278 476 176 216 122 279 209 286 76 434 149 351
196 185 134 128 249 155 259 149 169 175 114 87 200 140 199 43 485 70 135 81 186 130 90 151 229 220 159 70 155 149 171 246 268 145 329 96 214 197 66 207 272 233 340 148 188 148 142 156 263 132 291 346 69 89 193 151 144 148 290 166 109 85 217 279 172 117 129 117 116 302 157 261 131 217 160 206 115 112 169 161 197 4 66 118 195 10 269 162 220 115 180 163 144 256 266 198 229 103 225 155 326 68 183 48 336 111 282 106 200 194 311 144 293 219 157 223 274 131 313 121 305 130 221 20 226 243 200 78 187 112 107 153 91 183 255 183 268 212 250 27 73 125 247 223 238 93 249 224 193 71 199 127 169 206 123 118 208 88 238 224 221 46 184 50 260 217 187 29 116 102 66 138 126 89 256 95 112 77 260 168 318 107 165 79 274 223 249 2 118 16 303 141 187 169 156 31 136 117 259 68 293 290 138 175 245 192 239 38 244 213 183 131 132 101 217 154 162 139 216 128 216 164 206 88 226 165 333 177 216 148 232 116 238 222 94 87 70 224 254 183 172 154 349 51 275 99 263 183 206 91 266 181 269 261 280 29 311 113 141 179 267 180 262 114 248 222 397 131 275 235 151 284 260 104 237 50 107 49 360 25 251 234 303 214 131 227 224 77 251 199 250 139 263 147 63 204 180 11 174 127 246 310 308 52 236 139 183 155 210 234 232 113 133 66 226 62 187 222 220 88 279 119 249 81 324 270 210 187 78 187 121 108 273 191 174 300 261 108 269 131 200 188 356 247 196 181 286 16 155 213 211 177 158 158 180 57 242 89 180 121 342 159 205 76 141 92 191 222 289 176 276 61 230 189 293 93 280 0 218 227 267 173 353 95 140 40 249 255 138 64 297 79 245 101 165 138 233 279 233 50 213 171 234 58 268 150 89 152 159 38 273 51 117 120 146 33 210 102 214 231 185 167 100 141 386 204 158 152 217 87 196 120 173 182 189 237 147 212 205 129 278 64 321 10 111 259 187 93 185 166 281 65 219 123 224 67 140 126 247 237 184 183 194 31 155 96 253 309 268 172 148 101 194 81 96 249 275 187 310 87 324 129 151 141 126 29 164 136 20 223 216 83 172 100 228 6 204 332 157 76
403 171 165 125 380 112 213 129 240 138 195 177 259 100 201 180 511 185 148 138 197 175 181 336 271 113 119 167 243 75 108 171 439 185 364 124 373 33 179 197 287 44 280 191 344 147 163 64 319 93 252 175 267 158 117 71 211 70 209 113 322 135 83 176 289 113 137 144 260 330 88 93 300 131 105 150 310 169 105 92 332 220 232 203 153 210 146 61 349 106 211 209 319 121 176 140 323 136 235 173 424 191 220 188 287 159 92 219 241 71 102 219 388 209 245 134 397 106 319 97 375 161 84 237 282 31 154 143 305 109 300 370 265 35 249 100 347 31 352 217 176 132 235 189 362 155 124 78 266 203 233 185 256 247 158 213 347 165 106 122 296 203 44 172 263 133 221 218 214 202 164 81 239 130 162 249 146 156 182 166 382 138 234 155 299 136 262 216 238 225 154 110 333 71 104 245 213 135 257 167 360 99 231 43 299 124 276 246 406 76 53 162 293 139 216 73 309 191 189 178 260 54 205 275 294 83 162 40 166 165 197 132 362 103 143 304 204 96 125 98 331 98 291 221 216 210 106 160 292 140 123 126 303 64 213 232 399 165 213 83 303 173 203 113 394 127 358 92 279 84 93 80 338 181 111 172 179 191 248 231 390 247 319 30 341 88 358 294 399 31 87 91 263 77 176 29 314 228 155 92 295 215 319 177 235 159 116 103 257 87 239 153 214 169 159 215 282 128 150 226 357 150 279 145 447 62 310 251 157 232 157 114 384 148 81 121 425 117 237 106 334 68 341 44 47 133 142 212 189 110 111 41 312 59 136 162 324 167 182 143 372 110 219 155 347 279 214 90 310 317 205 168 411 32 181 304 299 218 0 37 401 154 220 197 301 241 124 244 174 154 218 146 373 133 127 91 321 240 160 253 347 195 142 173 356 69 158 95 262 206 331 243 230 98 102 250 353 154 240 36 229 92 180 81 439 23 255 254 374 146 305 229 251 37 94 149 267 6 146 202 394 156 185 228 314 49 69 128 333 113 100 191 371 99 190 218 281 122 59 259 318 119 301 248 321 217 70 272 308 49 246 224 329 174 236 214 231 106 97 133 329 92 171 215 210 201 181 90 235 251 126 162 271 118 98 218 245 140 166 275
403 205 151 153 363 144 180 160 222 172 185 173 238 127 175 187 478 205 135 146 173 203 176 332 246 151 102 186 227 100 88 208 429 216 335 131 362 32 179 232 258 8 244 221 334 179 148 86 294 116 219 141 269 156 91 77 195 90 173 146 327 143 50 213 274 135 127 171 252 366 79 56 295 168 89 186 309 195 87 79 318 230 231 192 126 221 109 86 334 112 189 190 313 157 140 176 303 159 208 205 402 212 198 204 252 151 61 244 218 107 84 248 366 245 230 102 379 103 288 113 351 190 50 247 259 25 127 150 290 127 299 376 262 52 219 135 325 68 332 231 175 159 206 225 345 152 88 115 246 223 210 213 239 280 147 240 333 188 70 89 275 220 43 186 233 170 199 223 204 227 167 89 228 145 126 271 139 175 147 199 357 162 216 156 271 173 233 226 228 233 117 139 322 103 91 251 199 161 227 169 335 126 218 61 274 159 250 252 395 113 45 191 286 161 189 98 298 221 160 207 237 70 179 293 272 115 128 57 137 196 166 158 345 69 164 312 202 133 88 133 322 129 255 239 181 202 68 195 272 159 86 161 276 35 179 237 375 156 198 117 276 150 169 134 381 165 322 113 249 121 85 103 315 207 75 186 170 207 211 237 375 283 289 67 343 125 343 304 386 29 50 90 233 81 177 25 301 238 133 110 270 252 288 193 207 145 93 90 234 51 212 179 201 187 128 234 265 165 119 221 334 178 253 149 428 85 291 283 159 211 147 120 365 184 65 87 414 120 205 102 320 103 307 20 32 109 105 225 171 147 80 58 303 76 112 176 303 190 159 170 342 94 194 158 348 297 191 127 281 343 170 184 404 42 144 308 270 227 37 0 385 132 183 221 294 255 88 214 159 164 182 151 357 154 108 116 300 278 128 267 332 228 109 176 334 80 156 85 247 222 306 258 220 113 93 260 340 178 215 71 208 125 173 86 411 29 239 283 362 166 289 218 233 61 70 186 255 39 118 230 375 170 147 238 315 72 50 134 322 146 66 190 359 104 160 216 271 149 24 233 305 95 284 258 314 240 35 309 282 75 232 217 315 195 230 251 197 142 84 140 298 99 153 244 197 206 162 113 244 286 94 160 255 133 63 229 222 165 148 291
179 446 236 376 21 399 259 400 163 428 209 236 153 375 220 267 277 335 253 296 217 394 230 135 159 460 283 329 158 368 296 500 83 411 168 302 63 368 246 471 186 385 293 414 81 405 238 365 131 359 253 424 203 256 298 336 190 357 301 410 211 296 342 528 113 354 265 372 157 567 313 378 138 463 297 460 168 375 298 309 73 270 205 200 266 277 339 372 52 311 198 195 128 490 306 450 88 352 201 418 79 335 190 312 278 245 409 372 175 418 451 411 70 483 156 303 21 298 203 337 110 390 344 260 142 409 268 289 96 339 172 237 176 371 214 422 95 414 64 293 244 376 221 484 40 257 337 448 141 338 183 392 145 473 244 385 60 348 342 315 120 313 357 304 203 464 190 241 190 369 265 331 166 322 309 353 258 330 293 429 122 359 168 266 172 471 192 266 170 252 377 383 80 393 297 242 188 368 208 259 114 498 171 368 139 439 163 234 58 439 348 392 135 351 216 373 106 405 244 393 162 360 219 328 127 396 415 368 266 410 249 366 39 330 345 241 220 455 341 421 97 391 293 316 275 200 369 442 116 338 356 430 161 404 283 238 87 238 188 410 159 238 273 349 27 467 294 355 201 459 308 481 99 369 336 304 226 314 362 242 17 501 187 415 196 455 45 265 30 371 370 313 206 329 252 374 91 268 254 344 144 563 195 312 211 242 293 298 162 353 201 371 187 325 282 329 120 467 285 193 95 377 169 279 58 462 95 453 263 178 245 304 42 445 321 406 64 299 244 298 70 412 244 403 357 277 365 283 214 453 314 368 109 357 274 304 98 351 229 376 179 292 203 269 180 329 200 452 179 421 287 317 103 370 334 209 182 267 401 385 0 254 383 362 127 293 336 219 227 296 301 280 28 347 277 365 95 543 287 294 57 436 305 260 81 343 256 306 139 305 127 305 177 334 299 265 57 360 185 431 180 402 227 327 173 379 146 415 59 338 96 177 152 378 315 486 137 396 278 396 33 308 370 265 183 449 335 298 82 410 399 235 54 314 250 212 132 372 390 182 87 291 101 261 115 362 388 574 152 377 155 188 76 344 182 512 258 428 458 295 206 322 232 408 193 254 223 361 253 490 305 254 130 326 339 273 172 541 237 308
300 262 40 186 233 198 91 207 91 232 74 87 106 171 49 133 368 195 38 118 43 230 85 222 117 241 38 177 99 150 46 294 304 248 215 110 237 121 106 291 140 132 173 253 211 222 32 140 165 151 128 193 180 85 44 104 69 134 118 206 240 114 88 312 146 159 49 195 139 419 72 127 182 252 52 259 208 213 49 65 190 177 139 77 24 173 106 147 204 103 57 59 200 263 94 248 171 173 85 245 271 200 66 180 173 61 157 245 87 193 199 269 234 305 101 60 247 74 177 129 222 219 91 187 129 157 28 114 161 142 199 293 160 131 106 209 194 174 200 191 99 191 94 294 214 81 94 217 114 211 79 235 109 321 50 249 205 191 92 68 143 193 112 160 118 253 67 153 89 231 109 107 108 140 86 255 62 169 87 248 229 180 86 98 150 259 113 171 112 169 145 183 196 172 54 182 76 186 113 106 206 252 94 131 145 232 123 178 269 210 102 221 172 174 67 153 176 248 49 232 107 127 54 259 140 180 182 130 43 235 64 183 214 78 172 237 113 230 99 207 200 184 183 210 105 96 120 253 140 163 113 227 152 151 108 166 245 60 73 191 151 20 91 154 252 252 241 146 135 227 70 233 184 217 88 159 70 184 188 167 245 337 173 175 251 226 214 241 257 123 118 85 119 99 110 125 175 183 2 135 142 351 175 171 89 34 40 57 103 101 90 200 79 174 54 214 134 252 49 118 203 203 127 103 295 214 160 313 98 79 51 101 233 249 74 161 288 95 108 75 192 186 209 149 107 24 129 179 41 235 62 130 183 127 21 150 171 194 28 198 225 47 66 102 250 263 60 225 163 338 104 167 285 126 123 222 151 173 154 132 254 0 184 223 177 211 93 103 41 135 125 106 226 167 28 156 168 355 61 222 203 270 68 116 203 115 85 68 120 190 178 220 104 126 64 201 212 192 87 188 76 190 76 100 288 131 111 294 237 168 158 101 102 141 62 274 131 151 35 248 243 149 155 181 219 201 85 108 197 207 149 110 233 99 56 126 151 181 136 108 178 38 153 198 196 237 135 388 156 146 106 108 187 193 123 323 109 216 204 111 188 103 29 264 79 144 31 152 180 333 57 90 126 134 87 177 91 294 21 249
476 387 225 325 365 322 126 338 247 353 257 271 239 301 182 312 359 360 220 285 192 376 269 395 224 333 195 341 262 273 185 390 453 391 258 272 390 206 288 414 201 176 113 396 369 356 216 259 256 285 133 71 364 265 161 232 243 259 83 326 423 280 153 391 301 302 225 341 315 548 208 127 356 351 197 369 388 364 188 201 339 358 324 258 161 352 87 262 344 256 210 224 372 335 91 359 296 323 186 382 363 366 214 350 130 244 137 407 218 290 163 420 334 427 263 130 368 230 203 272 302 363 150 369 242 195 157 284 310 288 379 476 341 229 169 317 294 251 320 369 282 331 163 408 347 260 109 297 254 378 211 384 264 460 233 406 353 349 126 131 265 366 210 330 181 353 212 336 269 391 287 244 283 298 98 425 241 330 101 379 300 329 245 275 216 356 191 352 289 351 66 314 352 283 202 366 251 330 175 285 288 286 265 236 245 342 221 362 418 296 203 364 344 325 175 274 339 394 156 379 224 241 179 437 257 295 75 232 144 373 144 327 347 139 326 422 297 315 106 315 364 307 121 384 108 279 115 376 273 319 100 343 226 161 101 350 333 244 246 299 228 184 113 299 392 347 181 281 185 301 212 261 287 373 124 330 254 354 39 351 381 465 215 250 432 306 355 425 398 205 134 229 178 232 291 202 330 364 183 274 239 429 209 340 174 218 171 203 226 140 184 348 255 339 131 385 280 348 135 301 298 348 215 276 404 246 295 459 276 222 234 259 348 366 193 108 434 256 139 230 341 286 193 179 193 173 79 358 217 330 146 233 348 245 174 320 285 352 189 341 258 197 192 279 429 440 201 310 216 505 98 334 445 218 61 405 209 353 220 183 383 184 0 383 348 391 110 165 225 304 83 279 359 317 189 287 288 460 123 402 347 406 120 295 308 242 265 210 280 364 264 398 282 271 213 384 361 344 203 251 221 305 261 236 327 209 272 452 389 325 302 279 254 240 172 368 296 222 150 400 360 316 36 363 400 238 186 272 355 327 125 294 383 249 147 310 321 320 161 202 331 171 297 381 365 401 151 491 236 253 272 289 338 354 305 434 125 324 176 277 208 248 211 416 257 326 204 284 363 467 138 271 279 288 137 358 219 311 204 429
277 97 193 73 344 95 314 81 250 98 188 154 281 97 263 105 569 30 186 105 251 42 160 244 307 152 196 46 239 122 201 162 361 53 411 115 309 190 134 114 346 228 396 54 283 70 200 135 347 105 351 359 163 144 226 153 219 132 336 102 189 109 232 198 263 86 174 54 208 210 176 269 226 142 189 125 207 32 198 183 292 93 159 195 242 85 297 136 314 128 250 235 239 188 306 120 318 62 294 65 418 28 255 52 396 169 282 24 276 145 299 50 385 125 241 258 368 156 387 112 393 48 236 105 308 228 246 109 279 96 200 219 186 169 322 123 357 178 341 71 140 67 312 133 332 147 274 170 277 25 272 34 254 112 179 27 303 35 258 254 307 49 181 67 330 142 259 122 197 9 121 140 213 86 294 54 162 54 304 81 405 59 244 129 351 148 321 96 206 111 324 89 282 129 184 123 213 62 327 126 380 239 221 160 328 120 317 131 338 160 185 49 227 60 282 124 256 45 272 38 294 151 269 88 311 119 345 164 264 62 287 65 332 245 58 158 152 162 278 123 267 103 406 51 327 181 276 98 294 65 285 109 348 256 330 124 402 174 218 128 347 237 313 88 343 149 462 108 347 179 172 241 348 18 259 67 175 49 399 120 346 139 379 180 212 169 319 136 346 192 259 154 332 152 128 196 274 96 224 112 327 223 383 56 303 196 216 183 289 248 301 45 212 49 269 38 275 149 261 176 368 50 325 121 419 233 300 95 130 262 177 126 366 109 191 306 355 130 330 156 294 142 426 237 197 222 307 79 222 147 238 163 253 146 222 74 330 32 240 56 423 191 273 125 226 91 260 163 366 123 324 57 321 179 327 177 356 95 197 221 362 223 383 0 235 80 274 321 200 89 344 118 340 67 205 106 322 186 275 87 307 77 269 119 358 145 144 174 247 58 358 73 202 113 172 107 305 43 287 195 259 115 169 147 473 193 244 71 312 59 287 205 256 162 212 159 238 191 247 34 372 74 348 98 200 225 199 116 280 102 285 141 314 135 279 155 233 75 245 311 278 218 285 109 250 20 254 215 348 148 234 187 288 30 186 156 332 123 294 112 398 136 211 47 204 110 226 108 111 129 249 140 260 96 247 89 280 277 214 97
128 321 145 254 110 279 227 277 102 305 109 125 120 257 167 144 369 208 159 179 157 268 120 47 147 342 194 204 86 254 209 378 139 284 224 188 77 271 128 345 192 296 291 287 49 281 150 254 159 242 241 369 77 145 219 231 109 246 268 290 102 179 260 408 59 234 167 248 41 440 215 303 13 344 205 337 54 249 209 214 61 142 80 103 197 149 281 262 83 200 139 125 24 375 259 328 109 229 170 292 191 208 134 186 281 143 332 245 136 305 371 283 162 357 86 236 136 195 228 222 183 265 263 133 135 316 201 171 64 222 53 147 49 268 197 304 149 308 121 166 128 254 196 359 101 147 271 336 106 211 141 266 88 346 146 258 69 223 269 245 118 186 258 179 194 344 137 114 91 242 147 223 69 202 256 227 155 206 248 304 198 236 104 151 187 351 181 139 66 124 321 263 48 279 203 115 101 245 196 142 175 392 85 263 149 319 156 106 109 326 251 267 8 228 175 259 26 278 193 267 139 253 170 204 126 280 358 263 208 284 205 244 101 254 221 124 101 340 276 303 33 273 296 189 245 92 297 318 101 216 290 309 178 320 252 111 182 137 105 294 175 169 236 230 109 348 324 239 203 347 210 379 143 243 265 179 123 187 340 115 111 374 214 309 98 341 86 146 112 273 293 210 197 225 134 277 47 140 178 230 152 442 221 186 183 152 211 204 135 275 175 246 98 199 223 201 83 348 223 76 158 252 167 163 185 362 92 325 149 128 147 192 138 323 228 338 128 188 223 195 64 298 275 313 262 199 306 156 137 335 239 263 18 249 196 180 126 225 163 253 237 200 158 153 89 205 147 337 201 298 253 192 111 269 290 93 196 140 301 294 127 177 348 235 0 166 270 199 139 175 271 164 107 225 191 249 117 417 230 168 75 310 242 140 143 236 144 209 71 177 165 178 74 220 201 138 70 236 152 326 128 285 121 221 265 281 77 288 79 215 76 77 97 273 230 366 53 296 211 269 141 185 325 138 71 349 243 183 45 290 325 116 80 205 201 90 28 250 305 166 51 210 78 135 20 235 306 448 172 269 77 77 58 218 66 386 235 309 374 179 237 213 149 280 99 129 149 246 126 363 234 142 76 208 262 146 137 436 157 185
197 177 173 135 277 161 299 151 207 174 154 126 238 152 239 79 522 66 173 111 226 121 130 167 267 224 196 77 193 168 206 242 284 133 366 125 236 224 106 194 311 261 380 134 212 146 182 177 300 150 330 380 90 127 230 179 183 170 329 171 109 115 250 277 206 132 166 119 149 275 190 293 155 218 195 203 130 106 205 195 226 35 101 158 234 39 305 182 249 144 219 202 166 261 304 197 262 112 265 145 356 61 222 54 376 150 312 83 239 206 338 122 325 204 194 260 302 164 352 144 339 125 254 34 264 268 239 109 219 132 124 141 120 207 295 191 303 231 282 24 113 130 287 213 267 131 285 235 231 57 238 115 207 183 162 97 236 89 273 261 257 41 212 69 300 218 226 67 155 85 103 166 163 111 294 61 150 88 298 161 353 114 203 116 312 224 289 42 155 50 339 150 214 184 191 51 175 122 298 106 328 303 176 199 283 194 277 60 264 225 212 125 159 110 257 172 190 125 255 118 255 188 245 48 263 178 367 202 255 141 272 123 267 257 104 78 109 231 290 190 196 164 389 29 315 138 296 178 242 104 300 183 308 290 319 60 344 152 180 190 305 220 301 130 272 224 437 150 315 246 184 301 295 95 272 69 147 52 399 56 276 214 342 232 132 237 252 58 274 226 282 170 302 175 102 231 210 31 213 148 284 304 346 64 276 179 219 190 249 267 272 113 172 74 264 42 222 224 258 125 313 119 287 115 351 288 243 161 115 226 160 138 303 187 207 332 280 139 309 164 229 201 395 274 226 219 322 33 195 218 247 201 185 182 218 79 277 89 220 123 379 194 244 112 146 52 230 231 328 138 315 73 243 215 330 97 319 40 241 255 293 211 391 80 166 0 284 295 177 91 336 113 273 113 202 154 268 265 271 12 241 157 271 96 301 175 127 186 195 35 310 12 154 143 180 29 236 104 253 249 224 177 140 170 421 230 195 122 239 98 229 158 211 204 223 236 182 235 243 112 307 85 357 34 121 279 219 124 211 171 312 105 242 152 264 105 171 134 276 276 214 220 228 32 178 73 283 293 305 193 185 139 223 80 132 236 315 193 336 118 363 157 191 120 165 68 204 154 43 201 253 121 208 123 262 34 243 344 196 38
393 281 130 216 316 216 98 230 178 248 165 171 183 193 116 206 394 251 120 176 121 267 171 315 183 236 90 231 189 166 78 293 393 282 258 163 326 102 186 310 183 83 156 288 302 248 123 152 227 177 134 101 269 162 56 123 162 151 85 221 329 172 45 300 235 192 122 231 232 444 98 47 275 252 89 267 300 254 80 92 278 253 228 170 73 246 24 155 289 147 140 148 293 245 53 256 249 214 141 274 339 257 147 242 165 144 76 297 162 189 119 311 305 323 191 34 326 121 207 163 283 254 43 266 198 108 70 176 248 179 291 382 252 124 143 214 262 154 277 262 180 222 130 306 297 157 1 202 195 269 153 275 196 352 135 297 293 239 19 26 218 257 103 222 158 253 146 235 182 281 182 134 201 188 40 316 139 220 62 272 286 219 174 170 198 258 161 247 205 249 55 206 286 178 94 265 169 221 151 181 267 211 186 130 210 240 184 262 358 199 95 255 264 215 122 166 267 285 93 270 176 134 117 329 213 190 89 126 70 265 92 218 297 29 216 323 200 219 6 212 292 200 167 276 96 188 34 271 220 209 20 239 204 84 92 249 310 146 165 196 205 102 86 189 338 249 234 172 171 209 102 186 253 263 15 221 158 246 129 250 330 360 211 153 342 212 299 323 343 102 44 120 157 122 188 100 264 260 92 164 205 339 209 232 135 122 66 95 175 37 142 238 172 230 55 276 219 250 51 210 270 239 183 169 371 168 242 351 171 159 135 150 309 262 83 70 376 147 123 121 280 184 222 94 88 73 38 252 133 231 38 127 275 137 76 211 244 242 110 232 264 90 133 173 342 333 136 214 205 396 84 225 376 113 58 311 194 249 124 88 336 93 110 274 270 284 0 138 133 196 94 172 309 208 86 179 244 362 51 296 290 299 32 191 274 132 161 101 209 256 238 291 197 161 105 281 300 234 153 159 157 200 164 127 334 107 201 342 326 215 243 194 188 136 63 271 222 125 60 291 321 207 74 259 310 157 77 163 288 221 64 194 322 139 89 214 244 212 75 164 266 66 238 278 289 291 67 394 212 148 197 200 276 244 215 333 114 222 128 168 216 138 121 306 172 222 121 175 260 360 36 167 213 178 29 252 164 245 114 323
326 365 127 289 200 301 43 310 99 335 140 170 80 274 58 222 267 291 136 217 70 332 165 246 60 342 139 275 117 252 144 396 290 349 121 211 228 213 191 394 45 211 92 355 211 325 121 242 94 254 41 209 238 177 128 206 113 236 82 309 291 213 164 412 145 262 149 297 175 521 173 185 210 354 153 362 247 314 147 166 178 259 202 137 94 258 132 248 181 205 75 93 223 360 94 351 131 275 31 347 205 295 74 273 84 152 214 341 64 293 257 368 174 408 117 113 204 177 75 232 147 321 165 265 78 238 92 212 151 245 241 341 208 228 5 311 131 269 155 278 185 293 10 397 182 174 139 315 95 305 61 336 112 423 141 347 190 290 151 126 101 285 207 255 20 355 70 229 143 329 201 210 145 241 101 345 159 268 81 351 149 282 100 192 60 360 27 253 153 246 165 286 193 274 156 254 122 288 13 196 131 340 127 230 81 335 56 248 255 309 197 323 198 275 39 255 185 349 57 333 63 227 52 343 93 282 203 228 78 338 48 285 183 146 273 299 186 329 142 309 208 287 98 300 57 158 172 356 111 264 154 330 68 220 65 239 176 148 116 293 68 85 58 257 228 353 143 249 34 324 172 318 124 317 145 254 149 277 146 242 217 439 75 269 294 324 191 310 234 215 180 188 19 201 197 216 172 263 102 238 75 451 74 266 19 125 131 158 66 168 25 301 125 272 87 306 121 354 95 177 138 305 51 200 243 299 132 413 191 74 143 203 184 352 170 203 271 197 26 178 179 287 106 226 198 117 157 265 100 336 135 228 195 228 114 247 120 294 81 300 128 148 50 196 287 346 64 324 68 429 70 264 285 221 118 275 56 255 244 214 219 103 165 321 199 295 138 0 121 231 82 203 194 268 129 260 124 458 88 304 185 372 108 205 145 217 177 169 129 280 104 305 149 230 166 278 198 293 47 280 75 292 156 202 197 223 123 391 227 268 141 146 103 240 152 376 148 242 98 348 196 246 153 261 262 287 177 208 196 310 202 190 221 202 55 193 172 284 209 38 172 129 136 274 213 332 202 491 76 247 127 162 178 292 175 427 40 318 266 210 86 206 110 364 131 227 94 255 256 435 120 181 124 236 153 261 62 379 107 329
259 253 10 176 206 193 122 199 68 226 32 51 92 166 63 101 374 171 26 98 51 214 47 182 113 245 57 155 69 151 71 293 270 232 217 96 203 141 72 282 147 161 202 237 176 212 12 144 159 147 154 234 139 57 80 111 37 137 154 203 199 96 121 315 115 150 39 181 99 404 85 164 142 253 70 256 167 195 73 82 159 142 99 36 64 139 147 152 175 96 51 40 161 271 134 245 151 159 94 232 255 175 58 153 199 31 193 221 80 199 233 249 218 296 71 101 223 74 188 124 213 205 125 150 119 183 69 92 132 133 158 252 119 145 122 209 180 189 180 159 65 180 112 288 188 54 134 226 96 185 75 218 83 305 22 227 174 171 131 108 127 165 130 134 130 254 61 115 48 209 80 109 70 124 127 225 41 149 126 238 222 166 61 71 154 260 122 136 73 132 187 177 163 175 70 143 40 173 127 76 197 271 58 142 138 231 121 139 236 218 121 207 132 159 82 155 140 231 78 215 100 135 70 225 127 181 222 142 81 222 94 171 188 116 155 197 73 237 139 208 164 181 212 180 138 55 159 246 120 147 153 224 153 183 143 127 231 27 39 194 152 43 125 144 222 254 263 142 147 237 81 254 170 198 127 134 31 157 227 129 217 324 181 189 209 234 185 202 227 144 154 89 132 105 77 147 142 147 42 131 136 354 184 145 103 15 73 71 95 136 101 184 42 151 94 185 109 254 91 77 191 188 129 81 274 235 137 294 70 68 25 91 211 244 95 200 255 85 133 75 161 192 226 178 130 61 171 147 22 238 100 142 146 133 58 126 155 174 43 185 228 65 73 76 208 229 60 232 168 309 140 144 248 143 164 181 158 138 174 159 227 41 225 200 139 177 133 121 0 111 161 83 200 153 53 153 151 349 102 187 173 256 109 85 187 120 56 79 89 160 171 187 65 121 72 164 181 176 88 205 65 189 38 104 286 151 81 270 203 150 132 62 78 153 92 276 96 169 77 229 221 126 196 145 177 222 109 92 163 203 186 73 200 96 87 85 114 171 168 112 146 72 127 161 158 212 168 383 155 154 73 67 156 172 82 317 138 216 237 93 199 102 14 244 40 109 27 149 143 319 97 61 98 122 124 143 85 314 21 214
255 151 104 80 276 104 225 103 165 132 103 68 195 83 173 32 483 61 97 20 161 106 75 199 221 168 111 44 156 87 119 204 312 123 325 34 252 133 52 178 258 170 308 128 224 110 111 92 262 71 262 289 120 55 143 88 133 85 250 115 171 24 159 233 189 60 86 77 140 294 99 202 170 169 107 163 166 86 117 105 224 67 96 110 155 57 218 98 245 53 161 147 187 202 222 154 240 56 205 126 343 65 167 46 307 80 221 111 188 134 248 137 308 192 159 175 299 75 299 57 312 98 163 84 223 179 159 21 206 51 157 216 129 119 233 130 276 149 266 68 56 80 222 189 262 58 196 165 193 76 184 108 172 195 90 116 237 60 183 173 224 62 121 26 241 169 170 69 115 98 34 75 135 28 210 122 73 39 218 135 323 63 159 40 263 176 233 63 129 73 249 88 218 109 103 92 128 72 238 40 297 229 139 111 243 144 230 95 284 155 121 100 167 55 193 92 191 121 183 106 207 100 180 134 227 107 276 113 176 117 199 70 262 168 49 151 76 168 201 129 208 99 318 80 239 100 205 146 213 42 211 134 261 199 242 81 324 85 132 121 260 148 225 56 282 173 373 70 258 177 94 221 267 87 183 26 88 51 316 79 282 216 291 150 191 170 252 141 286 136 191 79 243 84 45 141 205 74 136 64 242 267 294 37 214 106 133 101 202 176 212 78 127 40 183 81 195 173 176 103 287 83 238 31 351 207 222 183 41 175 88 47 293 149 116 241 303 49 241 75 226 128 337 184 134 136 232 60 133 161 159 113 191 94 136 16 250 64 151 81 337 107 184 36 199 138 171 165 278 204 237 33 278 125 246 153 268 64 154 164 296 135 304 89 175 91 196 231 111 0 257 28 271 51 119 78 243 249 189 104 240 148 186 36 279 86 55 95 168 61 274 96 124 56 91 97 241 67 198 168 172 111 82 79 390 140 164 160 254 43 211 125 173 118 134 191 163 148 161 118 300 15 270 74 167 196 128 33 216 115 221 62 254 61 190 85 165 76 185 223 209 134 208 95 193 102 192 282 262 109 153 110 220 61 114 218 243 135 247 27 310 66 122 133 119 51 137 75 82 210 167 52 181 37 172 65 193 272 125 129
399 367 163 296 282 301 45 314 169 334 190 210 158 276 107 257 305 317 163 239 119 345 208 318 142 327 148 298 185 250 144 384 371 361 184 229 309 193 230 396 120 176 62 367 289 331 154 237 174 257 54 133 296 210 120 203 170 234 9 307 353 235 136 393 221 270 172 309 241 528 173 136 280 343 156 356 314 329 147 165 258 301 257 190 103 297 75 241 262 217 134 150 295 338 42 345 213 289 105 356 283 322 137 303 72 185 160 366 138 280 199 386 253 410 186 90 286 188 129 239 222 332 134 310 159 201 98 236 229 254 307 406 270 213 87 303 212 247 237 316 223 302 81 394 264 205 94 295 173 334 132 352 185 434 174 369 271 310 112 99 182 317 191 283 99 344 134 275 199 352 234 212 209 258 56 378 187 289 40 356 222 295 168 222 135 349 109 295 216 292 95 289 271 266 160 304 179 299 93 231 208 304 191 218 162 329 138 299 336 291 182 334 268 290 97 252 260 363 83 347 142 219 102 384 175 277 129 215 82 346 68 296 265 116 289 356 234 311 94 301 284 285 74 335 27 211 121 357 191 281 101 326 145 174 19 288 253 184 174 284 146 117 36 266 309 341 141 253 104 302 174 279 205 336 107 283 191 307 69 290 299 445 138 246 360 304 273 362 315 194 136 193 96 201 234 192 250 307 123 243 157 433 133 294 92 157 129 162 145 131 102 315 183 296 74 337 199 341 83 233 217 317 132 227 323 261 213 429 222 143 176 218 266 350 162 140 352 213 57 188 259 274 132 187 178 122 93 304 147 322 114 216 270 222 122 273 202 313 119 310 186 154 113 226 355 387 124 306 137 461 21 290 364 204 46 336 128 297 218 182 301 125 83 344 271 336 94 82 161 257 0 230 276 282 139 261 206 452 69 347 266 381 79 240 226 214 209 172 202 314 182 345 210 237 172 325 279 309 122 253 143 287 198 204 257 200 194 414 307 286 220 206 175 225 140 363 219 218 96 366 278 271 75 305 328 251 162 228 274 307 146 233 301 211 74 245 244 291 168 119 251 127 216 321 287 359 158 484 154 236 195 220 257 314 234 422 42 311 210 232 136 212 147 382 187 268 136 257 303 444 100 215 200 250 120 302 138 337 140 373
257 173 76 98 260 119 197 122 141 150 79 46 170 95 145 37 457 89 69 17 133 131 52 194 194 179 84 72 133 90 94 221 303 149 299 24 240 121 36 201 231 156 279 154 212 132 83 91 238 79 233 268 121 28 118 76 108 83 222 130 177 16 138 248 170 74 58 100 126 321 78 182 161 183 83 181 165 112 92 82 208 82 89 87 127 75 193 98 228 40 134 120 179 211 195 171 219 78 178 150 323 94 140 74 278 52 204 139 162 141 234 165 287 215 136 149 281 52 271 58 288 123 142 98 198 168 131 9 187 59 155 226 122 111 205 142 254 147 245 90 36 100 194 210 244 30 172 171 169 105 157 134 150 222 62 144 222 88 160 148 201 88 108 54 213 184 143 73 93 126 18 65 115 43 184 149 45 65 190 158 299 85 135 14 237 191 205 77 111 82 226 103 204 115 78 101 104 93 210 22 274 230 117 104 217 159 203 102 273 161 106 124 156 77 164 95 178 147 155 132 181 93 152 158 203 116 255 106 148 141 170 91 245 145 73 161 63 177 177 141 196 111 289 106 211 81 184 167 190 65 188 151 235 184 214 87 303 57 108 130 233 120 197 69 268 186 345 75 230 183 73 219 244 114 160 53 62 78 289 86 267 242 264 148 195 177 236 155 272 124 171 61 215 71 31 129 189 90 108 66 216 284 267 65 186 78 107 77 176 156 184 102 103 69 156 108 174 187 148 89 264 106 211 3 333 203 201 210 17 148 60 32 274 168 95 221 292 30 212 52 210 134 309 171 119 108 209 80 105 173 134 106 179 89 108 44 227 91 123 103 310 82 156 12 201 162 143 173 252 232 209 61 271 115 219 158 241 79 146 151 280 106 279 118 164 113 172 203 83 28 230 0 254 72 92 85 221 271 162 125 224 174 160 27 258 77 29 73 147 86 249 119 104 56 68 112 226 93 171 166 146 122 58 66 365 129 142 188 242 67 192 105 149 113 110 206 144 140 134 145 282 43 245 89 168 192 108 19 203 130 202 48 241 47 162 75 150 94 169 195 193 108 188 109 183 131 175 304 236 107 131 93 204 89 100 239 215 148 234 15 282 54 94 161 96 56 109 82 93 236 141 27 160 46 149 81 167 274 96 151
178 422 209 351 6 374 234 374 135 403 182 210 126 349 193 243 278 312 225 270 189 371 203 123 135 433 255 305 131 341 269 475 99 387 156 276 57 341 220 447 164 358 272 391 66 381 211 338 111 332 230 398 183 229 270 308 163 330 276 385 198 270 314 502 86 328 237 347 132 546 285 351 118 438 269 435 153 351 271 282 48 248 181 173 239 254 312 346 26 285 171 167 112 464 280 425 63 327 175 394 87 312 162 289 257 218 381 351 148 392 424 389 65 460 128 276 29 270 185 310 100 367 317 240 117 381 240 263 69 314 155 229 154 344 190 396 78 387 43 272 218 351 196 460 12 230 310 421 114 316 157 369 118 451 216 363 38 325 314 288 94 291 329 281 179 438 163 218 164 347 239 304 140 296 283 334 231 306 267 405 114 334 141 240 151 445 168 244 144 230 351 357 59 366 269 222 161 343 184 234 101 470 143 341 116 414 138 213 67 412 321 368 114 326 190 346 83 382 217 370 136 332 193 310 102 369 389 341 240 386 223 341 12 302 320 226 195 429 315 395 79 365 273 295 251 174 342 417 89 313 329 405 140 377 258 217 86 211 161 383 138 211 248 323 35 441 279 329 179 433 280 453 80 346 309 280 199 291 339 221 23 478 169 388 185 428 21 249 41 343 342 286 182 302 227 346 66 247 226 318 121 538 177 288 185 214 266 271 136 326 176 347 160 301 255 307 92 441 258 168 81 352 145 253 80 435 67 432 238 151 218 278 36 421 294 380 79 272 220 271 45 385 228 375 329 250 339 261 187 427 287 341 89 330 247 279 75 327 202 352 168 264 176 243 170 311 173 425 159 404 262 293 108 342 309 194 161 245 373 357 28 226 359 340 107 273 309 194 200 271 276 254 0 322 249 339 71 519 260 275 32 413 278 235 65 316 229 279 112 283 109 285 150 307 272 245 38 336 159 404 153 376 200 300 173 351 119 395 53 313 68 150 124 351 288 461 110 369 251 373 35 283 345 244 168 422 308 271 63 385 371 209 46 288 223 188 107 346 362 157 62 264 73 242 98 341 361 551 131 351 128 162 52 320 158 487 234 402 430 269 190 295 204 386 165 231 196 335 232 468 278 228 102 300 311 251 146 513 210 290
297 102 144 29 327 55 256 52 212 81 150 117 241 39 211 81 527 53 133 55 200 64 123 247 265 119 135 36 205 57 138 153 362 81 369 57 302 123 102 130 299 161 337 86 274 60 149 69 309 39 295 291 166 100 162 85 180 65 274 66 210 57 165 183 239 20 119 29 191 253 111 202 219 119 126 112 213 47 135 118 275 102 146 158 183 92 231 72 296 65 203 191 236 155 243 103 290 7 245 80 393 59 210 59 339 122 215 91 232 93 234 104 358 144 207 194 350 95 339 45 360 53 169 120 269 162 187 62 256 29 204 251 179 103 271 82 325 118 316 91 105 29 259 139 313 101 208 123 241 70 227 70 221 155 130 89 288 33 191 189 272 73 114 51 281 119 213 116 164 74 84 73 185 29 230 117 112 26 242 86 371 14 206 86 306 126 273 101 179 114 257 40 269 71 122 133 176 21 277 89 345 191 188 94 289 94 274 138 334 113 118 54 217 8 230 61 242 81 216 65 252 84 217 142 274 65 278 97 204 70 231 19 313 179 10 185 127 122 212 82 258 52 348 90 268 150 209 96 261 10 218 84 305 189 269 125 374 128 179 78 304 183 253 20 333 123 407 41 297 134 108 187 315 55 193 51 134 61 335 122 333 172 333 120 232 126 303 170 336 125 192 90 282 85 96 130 256 109 168 45 287 217 336 51 252 144 154 120 247 180 251 33 175 39 208 83 245 123 199 154 336 36 281 74 402 176 272 147 88 219 128 66 344 98 125 239 353 71 274 94 277 89 375 171 130 161 241 91 174 113 173 96 242 79 162 46 298 36 188 32 381 128 224 82 242 146 212 121 321 190 263 41 326 112 263 194 310 101 133 154 347 167 317 67 225 113 208 268 153 51 282 72 322 0 145 42 292 200 213 125 291 104 206 87 329 77 100 110 218 78 321 113 174 46 110 129 292 27 241 136 216 66 129 81 437 126 213 134 304 15 262 175 221 96 146 140 213 127 186 84 351 41 281 110 211 167 132 61 267 66 218 113 305 71 222 136 216 25 178 265 260 155 258 129 243 86 187 233 307 83 202 161 271 41 165 168 275 86 230 60 350 70 161 100 167 98 176 43 121 167 185 98 230 32 180 99 237 232 162 145
309 237 46 162 255 172 112 182 114 206 83 85 132 145 77 123 395 178 34 100 70 208 85 234 145 213 10 159 120 123 20 267 323 225 243 90 255 94 100 266 167 109 192 231 229 198 41 113 193 126 151 187 183 76 30 77 88 107 131 180 243 96 69 284 167 135 36 173 151 395 44 112 194 225 24 233 216 192 22 38 210 169 143 88 38 163 104 120 226 80 84 82 213 235 103 221 196 151 112 221 297 183 93 165 194 58 140 227 114 165 180 248 261 280 122 58 271 50 203 105 249 196 72 181 156 132 42 98 182 118 206 296 168 103 132 182 220 147 225 180 94 167 120 268 237 72 87 190 139 195 106 214 131 299 49 230 226 171 80 61 169 180 85 145 145 226 94 149 101 213 99 81 123 119 92 240 53 150 99 224 257 158 108 86 177 232 141 163 125 163 141 158 215 145 27 179 92 163 140 97 233 226 111 103 172 206 151 176 289 182 75 198 185 152 94 126 193 226 73 210 134 99 82 249 167 153 175 102 60 212 87 160 238 64 151 237 113 202 92 180 217 158 203 197 123 104 108 228 165 143 105 201 180 130 125 163 272 60 91 164 179 47 108 130 273 225 263 121 161 199 43 206 210 197 77 144 73 169 198 164 267 313 201 147 256 198 235 237 278 97 102 59 145 72 102 99 194 175 29 110 169 323 202 155 115 39 21 29 130 84 118 178 95 157 65 199 157 225 57 125 230 180 155 89 320 188 184 292 87 105 49 79 258 223 46 148 307 75 131 51 213 159 234 126 81 17 124 170 63 207 50 102 199 99 18 135 197 174 56 175 252 19 94 90 257 252 87 197 190 323 119 151 301 98 128 225 178 165 127 108 277 28 189 205 191 202 86 129 53 119 139 92 249 145 0 131 194 329 71 214 224 246 69 107 229 88 76 40 140 177 205 210 117 102 37 196 232 171 115 161 102 163 78 73 316 104 132 275 256 148 181 115 125 114 39 247 148 124 43 228 268 132 156 174 225 175 59 89 216 181 134 108 252 75 78 128 167 157 115 136 197 20 176 193 211 220 115 362 184 119 125 117 208 175 132 298 130 189 184 93 214 78 45 244 92 137 54 126 175 310 52 82 147 112 72 169 118 268 40 240
332 106 143 38 345 41 241 52 219 76 159 130 245 15 204 109 524 95 129 70 195 89 136 276 266 94 120 78 214 16 119 140 388 103 368 63 325 86 121 136 295 123 319 109 297 70 147 29 312 7 281 255 198 110 142 58 186 29 253 50 247 70 135 164 254 23 115 55 211 267 89 167 245 100 108 103 244 80 116 97 293 139 171 168 168 129 203 30 313 57 202 193 263 126 220 92 300 45 240 95 405 101 210 100 323 126 176 129 233 57 193 134 368 150 217 171 366 83 333 30 365 75 138 157 272 121 172 78 271 27 235 290 205 64 262 57 332 77 328 132 122 44 250 138 329 109 179 88 247 112 226 98 230 174 131 124 307 74 162 164 279 114 79 88 274 101 213 147 176 112 103 50 200 50 206 158 113 67 221 95 375 47 212 99 304 107 269 137 195 149 224 28 290 32 104 168 184 45 269 107 350 152 199 55 291 78 273 172 358 77 85 77 241 48 223 19 263 107 204 92 253 47 210 184 280 30 242 59 189 86 217 42 329 151 52 224 148 91 182 56 282 28 331 132 250 165 175 97 270 50 187 71 304 150 251 158 383 132 186 45 303 175 236 24 353 102 393 11 291 99 89 147 323 91 164 88 142 103 308 156 352 184 329 78 267 93 321 210 358 87 157 72 275 61 116 91 274 147 158 22 289 201 331 91 245 142 134 102 248 148 246 63 184 80 189 125 256 102 180 174 343 62 280 87 418 134 283 172 102 221 129 63 358 93 99 202 377 69 261 82 296 51 365 131 95 145 209 129 174 87 148 58 264 43 147 80 306 76 182 55 379 112 220 97 276 188 210 88 318 227 244 81 355 74 236 230 306 138 91 116 365 156 287 106 249 154 179 260 153 78 261 85 339 42 131 0 301 198 193 166 309 120 182 109 338 47 110 91 230 119 324 154 189 33 94 168 311 63 238 95 218 37 140 58 439 87 225 167 327 56 275 189 228 56 122 123 229 85 169 115 366 74 251 148 244 125 102 68 289 50 181 133 326 58 209 159 236 33 140 262 278 136 271 167 268 126 149 232 307 42 214 178 289 83 185 167 260 64 189 70 344 53 158 129 177 128 173 5 157 183 162 111 242 41 151 137 238 194 157 187
226 394 160 319 77 339 165 343 83 371 142 175 63 313 129 219 255 293 176 237 128 348 169 153 65 394 202 282 87 300 214 441 168 365 107 239 112 288 191 421 95 300 203 369 103 352 160 295 46 294 160 329 185 193 211 262 116 287 206 349 219 236 254 464 63 294 190 319 119 532 234 288 130 401 216 401 171 327 216 230 67 237 167 134 177 241 245 302 61 244 111 113 134 421 212 391 9 298 106 369 104 294 102 271 189 175 318 338 83 349 361 373 68 435 84 212 82 224 121 271 71 341 257 234 47 325 178 230 53 278 169 261 151 294 119 358 35 338 33 260 187 321 126 431 59 192 245 377 55 301 92 348 71 434 171 348 74 301 251 225 26 276 278 258 109 402 102 204 128 331 208 260 109 264 215 328 188 280 198 377 85 305 89 206 83 408 98 232 117 220 283 322 86 325 217 218 117 313 114 203 60 419 104 293 46 378 68 209 134 369 268 342 120 297 123 305 92 361 151 347 68 286 127 311 32 330 321 292 174 360 155 311 59 241 292 240 170 387 249 356 107 328 205 285 180 143 277 388 31 284 264 370 73 317 188 208 82 169 115 343 70 151 178 288 104 403 218 290 110 388 230 401 27 325 246 257 159 274 269 212 93 458 105 339 213 385 70 259 110 290 280 240 112 256 198 293 71 238 168 279 51 502 113 267 116 164 208 219 69 264 107 320 117 278 189 295 48 403 194 147 45 325 75 218 128 382 25 417 204 90 173 238 65 389 240 314 148 232 150 225 67 342 167 317 275 191 271 248 133 387 226 292 103 284 188 254 10 304 141 323 121 211 111 210 201 314 111 383 94 405 192 270 169 291 239 209 93 233 321 300 95 168 288 322 117 268 244 124 151 243 206 221 71 292 194 301 0 492 194 273 67 390 213 207 37 271 193 229 75 269 50 280 120 268 222 243 82 310 92 354 93 338 163 254 153 298 79 385 109 286 40 118 73 303 231 424 86 317 188 355 76 257 275 235 188 369 253 235 90 350 308 183 102 245 156 168 100 314 303 87 69 206 40 239 120 327 300 524 64 305 90 135 69 299 138 460 164 364 369 234 128 252 151 369 125 212 140 297 225 450 215 193 62 265 249 240 80 461 155 293
460 98 340 173 524 157 437 150 412 123 350 316 440 185 403 277 722 210 327 255 393 149 323 429 463 127 318 214 405 206 315 70 547 134 566 254 493 260 301 72 493 285 512 131 466 140 344 217 508 204 477 410 348 299 336 253 379 222 443 148 373 256 317 84 438 200 313 172 387 107 286 333 409 110 305 96 392 169 312 293 471 277 338 358 366 269 384 211 493 255 400 389 423 132 410 108 489 194 438 125 593 211 407 232 517 320 327 184 430 172 319 145 557 61 407 362 547 281 531 227 559 153 319 291 468 266 369 262 455 217 385 396 369 239 461 149 525 210 515 256 305 171 448 61 510 300 362 164 440 210 424 152 421 96 327 168 483 194 343 353 472 234 260 239 472 108 410 303 363 180 283 248 384 228 395 217 308 213 413 114 570 187 405 286 502 104 467 279 378 295 394 173 464 186 302 308 375 178 468 289 545 199 388 234 487 124 471 316 523 164 269 151 409 195 422 203 437 141 402 151 450 233 409 256 474 176 398 237 385 133 414 181 511 336 200 341 325 146 363 151 450 171 524 237 444 350 346 104 461 208 363 128 502 301 444 308 574 326 378 167 501 373 430 205 526 113 588 209 489 161 286 220 515 175 347 239 333 230 488 304 528 64 527 211 396 155 499 317 529 259 327 270 473 257 294 261 453 281 356 220 485 70 529 231 443 339 330 300 445 325 444 172 375 218 384 223 445 113 374 351 535 167 477 274 599 226 471 122 288 417 325 259 543 106 292 357 541 265 458 280 474 178 562 282 274 342 382 264 371 131 338 236 435 232 344 240 498 192 380 168 577 310 418 282 411 257 407 151 516 214 436 226 507 248 420 362 504 279 240 278 543 355 460 186 417 265 362 458 349 249 452 271 519 200 329 198 492 0 387 270 487 109 373 286 528 242 300 289 417 242 520 255 373 230 292 292 486 183 436 211 414 166 329 255 635 254 413 163 496 207 461 374 420 226 314 93 412 239 365 153 549 236 425 284 385 229 290 258 461 148 338 311 497 256 406 331 412 178 299 460 457 332 458 294 433 192 310 33 504 216 402 359 467 200 362 32 456 141 309 258 542 252 355 146 367 289 371 203 296 80 353 298 430 228 333 274 434 209 355 272
356 300 101 228 267 234 53 246 133 267 133 148 134 208 68 192 351 249 98 171 75 276 146 276 132 265 79 230 146 183 75 321 347 293 209 161 281 132 167 329 133 124 126 298 257 263 93 170 176 189 92 141 241 144 52 136 122 167 61 241 300 167 78 333 189 202 105 240 194 461 104 97 236 279 87 291 266 261 78 96 231 237 200 135 38 232 53 176 241 148 94 105 253 280 33 280 199 220 90 287 288 254 100 236 130 122 127 298 112 216 170 317 254 343 147 26 276 119 160 171 232 264 78 248 148 151 33 168 202 186 257 353 219 150 93 238 211 187 227 250 160 233 80 328 248 140 52 235 147 266 104 283 151 366 111 300 246 241 63 39 168 250 128 216 108 280 99 214 146 283 168 144 162 189 26 311 121 221 29 288 236 226 129 156 147 285 110 231 167 229 92 221 241 200 92 243 130 230 101 165 216 254 145 153 159 263 133 239 312 230 118 266 225 221 72 185 224 294 43 278 126 154 68 318 162 211 131 151 22 278 41 227 248 58 220 298 174 250 56 236 249 218 137 268 57 156 85 290 171 212 70 260 154 132 57 227 259 121 126 220 154 62 43 197 290 278 201 185 122 243 106 230 202 267 57 215 131 240 128 229 281 377 163 187 310 244 251 302 296 133 92 124 107 133 170 133 219 243 60 175 154 373 161 226 84 95 60 93 125 80 91 246 133 228 7 270 172 278 14 178 219 248 132 159 320 212 193 360 156 111 112 149 259 284 95 120 329 145 77 119 233 211 180 138 116 54 79 239 94 259 50 151 233 155 54 205 194 245 67 242 216 85 84 160 307 322 88 245 156 394 50 221 333 141 62 282 145 233 160 128 287 61 123 275 230 271 51 88 102 189 69 162 260 213 71 193 194 387 0 282 242 313 20 175 223 147 144 103 165 248 187 280 161 169 104 262 253 240 102 196 109 221 138 136 285 140 157 345 280 218 196 157 142 162 73 300 180 159 28 297 270 203 95 242 277 200 97 159 243 241 115 171 275 143 38 186 203 223 120 113 221 58 190 259 248 291 114 420 161 171 154 167 229 245 182 357 71 246 179 163 170 144 88 313 135 204 82 189 241 376 35 150 167 181 65 237 114 291 81 309
190 184 184 145 278 172 309 161 215 183 163 137 245 163 249 91 527 76 184 123 236 129 140 166 275 234 208 88 200 180 218 250 282 139 373 138 236 236 116 200 319 273 390 140 213 155 192 189 306 162 340 392 92 138 241 191 192 183 340 181 103 127 262 285 210 143 178 129 154 275 202 306 157 227 207 211 129 115 216 207 229 45 107 167 245 50 317 193 251 156 229 211 166 271 316 206 267 123 274 153 359 71 231 66 386 161 325 86 247 217 351 126 328 210 201 272 304 177 360 156 344 133 266 40 271 280 250 122 223 144 123 132 123 220 304 201 308 242 285 36 123 141 296 220 270 142 297 246 237 65 246 122 213 186 172 101 237 99 285 272 263 52 224 81 308 227 235 75 163 91 115 178 170 123 306 59 162 99 310 168 358 125 211 127 320 233 297 52 161 58 351 161 216 196 203 55 183 133 307 117 333 315 184 211 289 204 285 64 262 235 224 134 162 121 267 184 193 131 266 126 262 200 255 40 269 189 379 214 265 149 282 134 270 269 115 71 118 242 302 201 197 175 399 37 325 147 308 185 248 115 312 192 315 302 330 67 348 163 189 201 312 230 312 142 272 234 446 162 323 256 197 312 300 103 284 81 157 63 410 63 277 217 349 244 126 247 254 49 274 238 294 182 311 188 113 243 213 40 224 161 290 311 354 76 285 189 231 202 257 280 280 123 181 86 275 50 228 233 269 132 318 128 295 127 352 300 248 162 126 234 171 151 306 196 219 344 278 152 319 177 231 213 403 286 238 230 334 45 205 228 259 213 186 195 229 92 282 99 230 133 386 206 254 124 141 42 240 241 335 132 326 85 240 227 342 94 327 50 253 267 294 222 402 87 168 12 296 304 187 104 347 125 275 125 214 166 273 270 282 0 243 162 283 107 305 188 138 198 201 47 316 15 161 155 193 30 238 114 262 261 232 188 150 182 426 242 202 122 239 110 234 165 218 216 235 245 187 247 254 117 309 97 369 43 118 291 231 136 213 181 325 114 242 165 274 112 175 145 289 284 217 232 233 34 179 77 296 297 312 205 192 146 225 90 138 242 325 203 349 130 371 169 201 124 173 79 214 166 49 204 265 132 214 135 274 45 251 355 207 27
161 390 182 319 37 343 222 343 112 371 153 179 110 318 174 211 302 280 199 240 169 339 173 96 124 403 230 274 105 312 244 444 106 355 168 246 45 314 189 415 161 333 268 359 40 349 185 309 113 302 223 382 152 199 247 280 137 301 264 354 170 239 291 471 58 297 210 316 101 514 258 329 87 407 243 403 124 319 245 255 16 216 149 145 217 222 295 316 9 255 150 144 83 434 265 393 58 296 161 362 116 280 142 257 255 189 360 319 131 362 402 357 90 428 103 256 61 242 188 280 118 335 294 208 107 356 220 232 42 283 125 205 122 316 181 365 88 359 53 239 187 320 185 428 26 201 290 392 95 284 139 337 94 419 189 331 8 293 293 267 85 259 302 249 172 407 144 186 135 315 208 275 110 265 266 302 203 274 252 373 133 302 117 210 150 414 160 212 113 198 334 326 28 337 243 190 134 311 176 203 114 443 116 312 112 383 130 181 71 383 294 336 82 294 174 316 51 350 200 338 123 304 175 279 93 339 372 313 221 354 208 310 26 280 288 196 164 399 295 364 51 334 271 263 239 144 321 386 74 282 310 374 140 354 247 185 110 183 134 353 137 189 235 292 49 410 284 298 175 403 253 426 86 314 288 248 170 259 331 189 44 446 172 360 159 399 12 219 54 317 321 258 175 274 196 320 35 215 203 288 117 507 180 256 173 188 242 244 121 304 164 315 132 269 236 275 70 410 239 137 94 321 139 222 112 408 53 399 207 131 190 248 63 389 268 360 88 243 211 243 13 355 233 351 303 227 321 229 162 396 265 313 57 301 224 247 75 295 180 320 181 238 159 212 145 280 154 396 161 373 250 261 102 315 294 165 160 213 347 332 57 203 347 307 75 241 290 185 173 240 266 224 32 291 224 309 67 487 242 243 0 381 259 204 78 287 199 252 85 251 114 254 120 277 245 213 15 304 145 376 133 346 171 271 196 325 93 363 43 282 47 120 102 323 263 430 81 342 230 341 66 252 331 212 140 395 282 241 32 354 351 178 36 258 207 156 75 315 339 147 31 240 52 210 68 309 338 519 131 322 101 131 20 288 126 456 224 371 407 239 194 266 179 354 137 199 173 305 200 436 257 198 78 269 289 219 130 486 185 260
353 32 247 84 418 84 358 69 313 59 251 217 343 106 315 172 630 102 237 158 304 43 223 321 368 108 236 108 304 133 237 95 438 26 472 161 385 201 199 38 403 235 438 23 359 51 253 147 411 123 397 369 239 202 261 178 281 148 372 82 265 160 254 132 334 111 223 75 281 149 208 283 301 91 226 67 284 63 234 216 365 169 232 258 285 161 322 145 388 167 307 294 315 139 340 69 387 97 349 25 490 103 313 124 440 225 287 77 335 127 293 44 455 48 307 291 442 196 443 142 460 51 257 182 371 226 289 164 351 128 277 291 261 178 374 98 425 168 412 147 204 79 363 59 405 204 299 140 342 102 330 44 321 54 234 62 377 89 281 284 373 125 197 133 384 90 317 196 263 71 183 168 282 132 326 114 215 110 340 29 471 90 308 187 410 94 377 171 275 187 342 93 357 125 222 200 277 84 380 188 446 203 287 171 391 79 377 208 415 133 204 49 302 97 334 133 331 32 319 44 355 165 321 153 375 113 356 174 306 35 333 87 405 270 101 234 221 125 302 99 342 100 449 128 368 248 292 41 361 109 306 73 409 259 369 200 472 231 281 113 407 287 354 116 419 99 510 128 401 145 207 213 415 67 284 134 236 123 428 196 421 68 437 170 288 135 393 210 422 202 274 189 386 180 193 206 347 173 271 138 390 151 439 125 356 248 253 220 350 267 355 72 276 113 308 115 343 99 299 247 435 68 385 176 493 210 369 57 189 322 232 169 438 56 219 315 432 175 377 196 368 128 478 239 213 262 327 155 278 106 269 174 328 162 263 137 398 87 292 72 484 229 328 183 303 155 316 128 425 140 363 121 399 189 356 254 414 171 195 228 436 270 406 77 310 157 299 372 256 148 381 174 413 104 246 120 390 109 313 162 381 0 302 183 427 167 202 209 315 134 422 148 271 144 210 184 380 81 344 179 319 103 231 177 538 200 312 75 388 106 358 272 321 167 242 99 308 191 287 46 444 134 370 175 277 207 222 165 354 82 293 208 389 171 325 226 306 90 252 368 351 255 355 186 325 85 262 138 410 154 301 256 362 93 257 80 377 93 285 163 454 169 264 43 268 183 280 124 188 64 281 200 328 136 270 166 340 233 266 167
367 288 107 218 284 222 71 235 148 255 141 152 152 197 85 192 369 244 100 167 90 268 151 288 151 249 76 225 160 171 68 306 363 284 229 155 296 115 169 317 154 105 139 289 272 252 99 158 196 179 110 127 247 145 43 125 134 155 71 228 307 163 59 316 205 192 105 232 205 450 95 77 248 264 80 277 275 253 71 87 247 238 207 144 45 233 39 162 258 142 109 118 266 263 38 266 218 212 109 277 308 250 117 233 146 125 107 292 130 201 150 310 273 331 161 12 294 113 180 162 252 255 59 250 167 131 42 165 218 177 266 360 228 134 113 224 230 171 246 249 162 224 100 315 265 141 32 218 164 262 121 275 166 356 114 294 262 235 42 21 186 248 113 213 128 266 115 217 156 277 168 134 174 183 24 308 122 215 40 277 256 218 144 156 168 270 131 232 178 232 78 210 256 187 85 247 141 221 122 166 236 235 158 139 178 250 153 243 328 214 103 256 237 213 91 172 238 286 61 270 145 140 86 317 181 198 116 136 38 268 62 218 266 40 213 304 179 234 37 222 263 206 151 266 73 164 65 278 189 205 51 247 174 112 72 230 279 125 137 206 174 73 61 189 307 262 217 174 142 226 97 211 221 260 36 212 136 237 130 232 299 366 183 170 318 228 268 305 313 116 72 116 127 122 171 115 234 244 67 165 173 356 181 223 104 100 53 86 144 60 111 238 144 223 24 267 188 263 20 186 239 239 152 157 339 193 210 351 156 128 115 143 278 271 83 102 346 140 96 113 249 196 198 119 100 53 63 239 106 244 35 137 246 143 54 202 213 238 81 233 235 79 102 159 317 321 105 229 176 390 64 217 347 125 59 289 165 234 142 109 305 68 120 269 242 271 32 108 109 186 79 160 278 206 69 182 213 373 20 283 259 302 0 176 242 135 145 95 180 246 207 279 171 160 97 265 270 232 121 179 126 208 143 126 305 123 171 339 296 211 212 168 158 147 61 285 193 142 32 290 289 199 88 243 286 181 83 155 258 228 96 175 291 135 58 192 216 213 101 133 236 52 207 261 261 286 94 406 181 157 168 176 245 239 191 343 89 232 159 159 189 135 96 305 145 206 93 178 243 365 21 151 183 174 46 238 133 271 88 309
230 188 79 116 240 139 205 139 131 168 69 36 162 116 148 17 450 89 78 39 135 141 41 168 188 202 101 76 121 115 113 240 279 158 292 50 217 147 16 214 228 181 286 162 189 146 87 117 229 102 238 289 94 31 135 102 101 109 233 150 150 40 161 268 152 94 71 113 104 327 102 205 136 204 103 199 138 120 112 105 188 62 63 76 138 57 211 124 209 67 132 116 154 234 209 190 204 92 177 162 307 92 137 69 284 55 228 138 157 165 260 169 272 228 124 165 263 76 269 83 276 134 165 75 189 194 143 32 169 82 128 200 97 138 206 164 241 173 229 75 21 116 196 225 226 35 192 196 159 101 154 142 137 228 67 145 201 94 181 166 190 80 135 52 213 204 140 47 79 128 9 91 99 62 199 141 54 73 203 171 288 99 126 21 232 211 204 56 93 58 246 123 183 139 99 76 95 108 211 10 263 256 104 131 209 179 198 76 250 186 131 135 132 91 167 120 156 155 161 140 175 120 154 143 193 139 276 133 159 153 177 106 226 165 85 136 40 200 196 163 173 132 296 95 220 64 206 183 177 78 208 170 230 209 224 61 289 58 99 154 228 126 206 89 246 208 348 99 229 208 96 246 232 119 180 51 57 73 303 61 246 251 261 175 168 201 216 133 250 150 194 86 215 97 9 155 169 69 117 91 209 303 264 63 187 84 125 98 170 178 184 113 93 72 169 101 160 208 162 67 252 119 207 27 315 230 186 214 20 143 65 59 257 185 118 244 269 56 217 76 190 159 309 196 145 123 229 64 105 195 153 132 156 115 122 47 214 97 127 117 304 101 156 19 174 147 142 197 248 224 220 64 246 142 235 132 237 58 173 176 260 116 295 119 140 96 191 205 85 36 240 27 235 87 107 109 207 286 175 107 204 183 176 0 244 104 31 96 132 75 240 105 88 81 90 90 205 103 168 192 141 144 50 92 356 156 128 187 219 79 175 89 138 140 131 226 126 167 147 150 264 50 263 68 141 218 132 46 181 150 226 26 219 74 170 51 129 111 194 193 173 125 172 87 159 128 199 318 229 133 117 74 184 93 78 254 222 169 260 41 280 81 97 165 85 31 111 106 70 244 158 25 145 68 171 62 162 300 102 134
239 430 197 356 69 376 188 380 120 408 179 212 97 350 160 255 226 329 213 274 161 384 206 173 91 431 237 319 124 337 249 478 162 401 92 276 118 323 228 458 107 334 213 405 118 389 196 331 52 331 176 354 216 230 244 298 152 323 227 386 244 273 287 501 96 331 226 356 153 568 270 318 156 438 252 438 196 364 251 265 86 271 202 171 209 276 273 339 69 281 145 149 157 458 237 428 40 334 133 405 68 330 136 306 198 212 349 373 116 386 392 408 32 471 121 243 62 261 122 308 41 377 289 267 76 359 210 267 82 315 196 282 183 330 140 395 15 374 25 295 224 358 149 468 57 229 275 414 91 336 125 384 108 470 208 383 86 338 282 256 60 312 313 294 127 439 136 239 165 366 245 296 145 301 242 361 225 317 224 414 55 341 126 243 93 445 118 267 152 253 309 359 103 362 253 250 154 350 133 240 37 455 141 329 65 415 91 242 132 405 304 379 148 333 151 341 118 397 181 383 98 322 158 343 63 367 347 328 205 396 183 348 58 273 328 267 206 424 279 393 126 365 213 319 202 179 308 425 68 321 293 407 82 349 210 241 45 206 152 380 81 184 202 325 99 440 215 327 123 424 266 435 21 362 277 293 196 309 285 245 86 494 106 375 235 421 75 288 104 326 312 276 130 292 235 328 96 272 202 316 71 539 114 303 141 200 242 255 100 296 132 357 155 314 219 330 84 440 224 182 17 362 94 255 98 416 58 453 241 124 210 275 41 426 275 343 142 269 170 262 84 379 164 350 310 225 299 283 169 424 258 328 127 320 222 290 32 340 175 360 104 246 142 246 222 345 144 419 98 438 215 306 173 327 263 236 102 268 356 334 81 203 308 358 143 301 274 145 187 279 226 258 65 329 229 338 37 528 223 305 78 427 242 244 0 307 230 264 112 304 47 314 156 305 258 275 92 347 121 389 127 375 200 291 122 333 115 420 115 322 72 155 110 340 265 461 121 353 220 391 53 293 298 269 213 404 287 272 108 387 338 219 107 282 185 203 131 351 336 111 93 240 73 271 142 363 332 561 73 341 126 171 88 335 173 496 184 401 400 271 126 288 187 405 162 248 175 334 259 486 247 230 99 302 281 274 112 496 191 325
334 153 110 84 322 87 195 99 188 121 134 111 212 62 164 111 483 126 94 69 156 135 116 269 229 126 77 107 187 36 74 179 375 150 329 55 310 48 111 182 254 86 273 155 281 117 112 25 276 44 235 214 198 91 95 11 156 20 206 94 253 66 89 197 230 60 81 99 196 314 44 125 234 137 64 146 241 122 70 52 272 152 164 143 124 143 156 32 291 37 166 159 253 151 173 134 271 83 199 142 375 133 174 124 277 98 139 168 197 79 163 179 338 196 189 124 341 46 291 33 331 121 92 169 237 93 127 74 247 49 232 301 197 34 220 94 300 72 299 152 109 90 207 182 305 89 133 106 216 145 189 143 202 221 100 166 287 110 115 117 247 140 37 107 232 138 176 149 153 152 95 13 178 65 159 193 85 95 174 142 340 88 181 87 264 144 228 148 175 156 180 75 272 57 61 176 156 89 227 98 316 156 173 27 256 118 236 177 343 98 40 123 228 85 182 39 246 153 160 137 217 17 169 213 247 66 200 29 143 133 173 86 305 104 87 235 136 117 136 92 267 72 284 159 204 146 131 143 240 81 142 114 266 115 204 163 351 105 157 77 265 134 189 58 334 138 347 40 249 117 45 143 290 132 118 107 117 127 261 162 331 231 288 73 272 114 299 226 339 51 114 31 233 16 107 56 254 160 116 33 253 236 289 114 203 107 88 58 213 103 205 106 157 107 143 155 228 138 134 160 311 107 241 77 392 127 256 218 89 185 99 45 331 137 52 162 362 48 217 45 274 73 321 98 53 101 164 146 139 120 101 29 249 14 103 96 275 113 142 100 339 68 180 87 278 217 171 112 277 268 197 105 345 40 189 235 266 150 69 80 343 115 242 145 236 175 132 217 120 86 214 77 316 77 88 47 271 242 147 188 287 167 135 104 307 0 91 47 205 142 289 179 168 33 51 182 292 103 200 91 182 76 117 16 402 54 198 211 311 88 249 167 198 37 75 160 207 63 123 159 340 91 205 160 245 115 56 58 271 94 141 123 309 31 164 150 218 79 102 222 258 91 245 180 256 164 110 275 269 35 188 160 269 117 170 211 214 102 161 64 302 23 121 174 151 131 135 43 167 230 114 95 215 54 104 150 201 200 119 212
247 202 49 126 235 146 174 150 112 178 50 20 141 121 119 48 428 115 46 45 107 160 26 179 166 204 71 99 106 112 84 248 284 178 270 47 219 129 25 230 203 159 256 183 190 160 57 111 209 103 209 261 114 1 105 87 79 102 202 157 173 43 134 274 144 101 40 129 104 349 78 179 143 210 75 209 153 141 83 79 183 93 76 58 107 88 180 118 203 56 106 92 162 235 177 198 191 106 150 179 295 119 112 97 254 25 203 165 133 163 238 193 259 244 108 134 256 53 243 81 260 151 138 105 169 176 112 38 161 85 144 225 107 124 178 167 225 164 218 107 20 129 168 239 219 4 162 193 141 129 129 163 122 250 36 171 198 116 152 136 172 110 116 78 186 210 115 73 66 153 25 79 90 72 167 171 23 93 171 186 271 113 106 15 208 217 177 87 86 87 216 130 181 137 71 104 76 121 183 21 245 248 89 118 189 186 175 102 252 184 111 153 137 106 138 117 155 176 131 160 153 108 125 174 174 140 248 119 128 170 147 119 219 136 101 163 46 200 167 166 176 137 266 126 189 56 178 196 162 93 179 178 207 186 193 88 275 29 79 154 205 95 175 96 245 212 319 99 203 205 72 235 216 142 151 78 34 101 272 88 243 270 236 165 189 200 211 162 249 132 168 67 188 81 26 136 165 100 86 89 187 311 239 89 159 53 95 71 147 151 157 131 75 95 137 130 146 212 131 69 236 135 183 26 307 218 174 238 14 120 34 49 248 196 93 218 271 44 187 54 186 156 282 176 124 92 199 95 77 198 124 119 157 104 91 70 199 119 97 132 282 72 129 20 192 178 116 196 223 254 189 88 254 126 204 154 213 89 158 156 256 85 265 144 144 127 161 177 56 55 209 29 229 100 76 110 193 300 144 138 199 202 145 31 230 91 0 72 120 106 221 136 79 78 64 120 203 121 143 182 117 147 30 77 337 138 115 214 220 96 165 79 121 128 104 233 119 152 116 173 256 70 232 98 159 205 108 43 181 157 200 35 219 61 139 61 127 122 171 167 169 95 161 117 164 156 175 332 207 124 104 69 180 116 79 268 191 173 239 41 255 68 67 188 68 61 82 106 99 264 128 6 132 73 142 93 138 291 71 165
318 198 70 125 285 132 150 143 146 167 101 88 168 106 117 110 436 150 53 76 110 173 91 247 183 173 30 131 148 83 28 226 345 189 283 62 279 63 96 227 207 88 229 195 251 160 69 73 231 87 189 195 185 72 52 36 116 67 164 140 244 72 65 244 194 98 43 137 168 358 7 109 209 185 17 192 224 158 25 9 237 156 147 108 77 148 123 79 254 47 121 116 228 196 133 181 230 117 153 184 332 156 129 141 232 66 132 198 152 125 166 215 296 241 151 84 302 21 244 67 287 160 69 171 193 107 80 76 211 82 214 295 177 66 173 141 257 110 259 162 91 130 160 229 267 68 101 150 173 168 144 180 162 262 64 199 252 140 87 80 204 157 51 121 185 186 131 143 120 182 87 41 145 88 120 215 54 120 132 185 295 123 140 75 218 191 181 151 144 154 154 119 239 104 13 172 118 127 180 87 271 192 136 65 211 166 190 172 312 143 43 162 201 118 134 86 215 191 113 175 172 59 122 229 203 113 181 64 97 174 126 124 268 72 118 232 117 163 105 140 238 118 240 176 159 117 111 189 199 110 115 161 220 115 160 157 308 72 118 124 219 87 145 94 300 185 302 82 202 161 2 175 247 165 87 121 86 145 225 157 296 275 241 110 260 159 263 228 305 65 98 21 186 32 95 69 220 163 69 71 207 283 242 131 156 65 44 11 168 82 158 143 120 129 99 175 188 185 90 136 267 144 195 71 353 156 216 257 77 141 63 49 290 184 22 148 331 47 170 21 239 119 274 105 54 54 137 153 96 167 64 64 219 59 56 110 232 143 95 138 292 21 134 77 264 233 126 158 230 296 154 124 319 63 153 226 219 152 95 85 306 68 210 174 209 186 101 169 79 95 172 73 279 110 40 91 229 289 103 198 252 209 95 96 264 47 72 0 167 156 244 192 136 65 8 185 258 137 154 126 138 123 88 33 356 73 160 244 279 116 211 135 157 75 38 207 173 90 78 194 300 107 175 162 230 143 37 63 239 141 130 107 277 40 118 132 188 120 100 176 223 46 206 182 229 191 104 322 223 79 151 132 234 145 145 258 169 149 168 68 255 40 78 210 115 128 90 87 166 273 74 77 177 79 76 155 156 234 74 224
198 319 98 245 118 267 157 269 33 297 71 102 51 241 99 143 326 217 114 164 90 272 95 117 80 324 145 207 20 231 159 368 185 290 171 167 117 230 116 346 126 248 221 294 92 278 100 227 105 223 170 305 119 121 163 197 52 219 198 277 165 163 207 394 27 221 126 245 51 457 174 247 81 330 159 329 119 252 161 170 71 163 94 63 136 166 217 235 87 174 72 61 94 353 192 318 72 223 99 294 176 219 66 195 211 106 277 263 65 281 318 297 140 360 19 175 136 159 165 201 146 266 210 161 71 271 139 156 43 206 114 214 85 232 127 287 110 275 98 186 113 247 125 357 100 121 210 310 39 226 70 273 17 359 105 273 86 226 211 185 62 201 218 182 125 330 68 130 54 255 134 193 34 190 190 254 120 205 180 303 159 230 36 133 123 337 112 158 42 146 257 250 77 256 158 146 49 239 126 128 133 359 32 229 89 306 90 138 150 301 210 268 68 222 105 236 60 286 125 272 70 221 101 240 68 260 295 229 143 285 136 237 101 198 217 178 95 319 215 286 84 257 226 210 175 68 239 314 47 210 230 298 116 269 182 135 157 100 50 274 114 107 167 216 133 332 259 219 135 322 169 342 101 250 206 182 88 198 270 139 128 383 152 276 165 318 96 194 139 232 237 175 128 191 123 235 55 165 120 208 91 431 158 192 113 103 158 160 65 220 104 246 48 203 158 220 28 333 159 72 121 251 101 145 188 324 54 342 130 58 106 168 127 315 183 279 168 162 153 160 73 274 211 266 219 143 243 174 78 317 182 229 69 218 140 179 83 229 99 249 185 153 89 136 158 243 79 315 138 334 183 195 168 231 222 151 132 159 262 247 139 120 280 247 71 195 209 129 89 168 202 147 112 218 140 230 75 417 165 201 85 315 180 132 112 205 120 167 0 194 115 207 45 198 160 172 93 235 82 292 59 267 90 188 227 240 8 310 117 211 45 43 26 240 179 353 19 258 149 280 136 182 258 162 135 311 197 163 78 277 268 107 113 177 133 93 43 241 254 97 58 156 41 168 86 252 254 450 113 239 16 60 68 223 64 385 165 294 323 161 175 184 94 294 54 137 89 226 153 375 175 120 13 193 206 166 67 402 101 223
226 150 155 101 287 128 280 119 200 143 142 110 231 117 223 59 519 34 152 80 210 95 115 187 260 191 170 42 187 133 179 213 304 109 361 94 252 190 89 170 301 228 361 111 225 115 162 142 296 115 314 350 105 105 203 146 172 136 307 137 138 85 220 247 208 97 142 86 152 265 160 262 168 186 167 173 150 77 177 165 235 35 103 147 212 28 278 147 258 113 206 190 182 228 280 166 264 78 252 119 363 32 210 19 359 130 280 69 229 171 305 106 329 182 190 234 312 135 342 110 340 95 224 49 258 234 216 81 224 97 143 174 129 173 281 157 304 195 286 15 95 97 272 187 275 109 257 200 226 33 227 90 203 169 142 81 246 56 243 234 255 9 179 36 287 186 214 65 147 65 81 133 160 77 269 65 128 52 276 133 353 80 195 92 304 193 277 38 152 53 310 115 225 149 163 66 165 88 285 85 327 269 170 164 278 162 269 74 281 190 179 96 170 75 242 137 199 102 236 92 247 154 229 73 259 143 337 168 233 113 252 89 276 228 69 110 101 198 261 156 209 129 371 20 295 130 266 149 241 69 271 151 301 257 298 66 348 133 170 155 298 201 281 95 286 192 423 115 303 211 155 265 295 68 244 36 131 17 375 62 289 196 333 197 160 202 262 92 289 193 251 139 290 143 83 197 217 39 191 114 278 276 337 29 262 159 193 162 241 237 258 81 163 39 241 27 221 192 234 122 314 87 279 89 362 253 245 150 92 216 140 107 310 158 176 301 298 109 292 135 238 167 384 240 193 194 293 22 180 185 219 167 195 148 194 47 277 56 202 90 374 167 231 88 173 77 217 197 320 149 294 38 265 181 305 124 310 38 206 222 305 190 364 58 177 35 256 280 160 61 314 86 283 78 177 119 269 242 248 47 251 134 246 75 304 142 106 156 194 0 307 37 150 109 152 54 248 71 242 214 213 142 124 138 421 196 192 117 254 63 232 153 206 170 194 206 183 200 219 91 315 52 330 41 144 244 188 93 222 137 280 92 256 121 244 101 177 100 244 266 221 194 230 54 192 59 251 272 299 158 182 134 231 47 131 212 297 159 302 88 353 125 172 103 155 57 187 119 54 186 226 100 207 89 233 32 234 309 177 70
274 422 181 346 114 364 147 370 109 397 171 206 80 337 131 253 212 328 195 266 135 380 199 203 60 415 214 316 120 321 224 465 207 397 58 265 158 299 224 451 62 304 166 402 152 381 178 314 12 318 131 313 231 221 216 279 141 307 184 374 268 264 257 486 109 320 210 349 163 567 249 284 178 424 229 427 220 360 227 243 117 277 209 164 180 280 235 321 106 267 123 131 183 439 198 416 59 327 99 399 102 330 115 307 151 200 315 375 92 368 358 408 71 465 117 210 109 243 76 295 45 372 259 276 52 331 180 259 102 303 217 311 197 308 99 380 32 352 66 300 219 349 109 459 99 220 239 394 81 338 100 381 104 469 193 384 122 334 249 223 52 314 290 292 85 425 113 244 161 367 240 279 147 292 204 368 212 313 184 407 52 334 115 235 47 431 78 272 155 260 269 348 135 345 231 261 146 342 91 234 29 430 137 308 33 402 56 252 176 386 280 373 168 326 118 325 142 395 147 380 72 303 127 355 48 352 306 307 172 390 146 340 100 241 322 287 206 406 243 379 156 352 166 324 160 177 272 416 68 314 256 395 37 317 167 249 72 194 142 364 36 158 161 315 143 425 171 313 78 404 246 409 29 359 243 291 187 310 239 253 131 491 60 352 263 402 115 305 149 301 279 258 87 273 231 302 121 279 177 302 36 524 68 302 103 183 215 233 76 264 96 351 147 312 184 334 88 425 191 186 35 356 55 247 140 390 74 453 233 104 195 262 87 415 251 306 187 256 127 244 116 361 120 321 284 199 260 288 150 408 227 307 152 302 196 287 40 337 150 353 72 224 112 239 251 357 118 401 52 448 173 304 214 304 222 257 56 273 331 306 127 178 264 358 165 310 238 104 171 274 182 249 109 321 205 324 50 520 187 316 114 422 207 240 47 289 221 244 115 307 0 322 157 292 238 286 129 341 91 366 107 360 192 273 116 309 115 423 155 316 89 154 102 319 238 447 129 328 189 390 99 289 256 276 237 377 262 261 139 374 303 217 148 267 150 207 146 341 305 74 119 213 88 282 169 365 300 553 28 322 125 173 118 333 178 488 141 387 366 261 81 272 167 404 155 250 153 320 267 484 214 223 102 292 249 280 87 470 170 337
205 169 183 132 289 158 309 147 219 169 165 136 250 151 250 88 534 62 182 116 237 114 140 179 279 220 203 76 205 169 213 235 295 125 378 130 248 227 115 186 322 265 390 126 224 141 191 178 312 150 341 386 102 135 237 183 194 172 338 167 118 120 256 270 218 132 174 115 161 263 195 298 167 213 202 197 141 100 211 201 239 46 113 169 243 48 312 183 261 149 230 213 178 257 313 191 275 111 276 138 369 57 233 55 386 160 317 72 251 204 341 112 337 195 206 268 314 171 364 146 351 119 260 47 276 271 247 116 232 133 136 146 132 210 306 187 315 231 294 30 122 127 297 205 279 140 292 233 243 50 249 107 219 172 171 87 248 85 279 268 270 40 216 72 311 212 237 78 166 77 112 170 175 113 302 48 159 88 307 154 365 112 215 124 324 219 300 52 167 62 345 148 226 183 198 64 186 120 309 114 340 302 188 201 295 189 289 72 275 222 216 119 172 108 268 173 202 116 265 111 266 190 256 39 275 176 373 204 264 134 281 121 279 264 103 86 121 228 296 187 208 162 399 23 324 150 302 171 254 104 307 178 319 293 328 73 356 162 192 188 317 229 311 131 284 219 448 151 326 243 190 300 307 88 279 72 157 52 407 69 288 203 353 233 141 234 264 63 286 229 287 175 313 180 111 234 222 43 222 150 296 296 358 65 287 188 227 197 261 273 283 109 184 74 273 35 234 219 266 137 325 114 299 122 363 288 256 150 123 237 169 143 315 181 212 337 291 145 320 171 241 200 406 277 230 227 328 41 206 214 254 204 197 185 226 83 289 85 230 119 391 202 255 120 155 42 241 228 340 126 324 75 254 218 338 107 331 51 243 258 305 220 398 73 178 12 291 305 187 96 345 119 285 113 210 154 280 255 280 15 254 148 279 105 314 179 136 192 207 37 322 0 166 146 187 41 249 101 265 249 235 175 150 174 433 233 207 110 251 98 242 169 223 206 229 230 194 237 251 102 319 88 364 46 132 279 224 129 223 167 317 115 254 157 274 116 183 132 280 288 226 228 240 44 190 63 287 283 317 194 197 151 235 76 144 227 325 189 339 124 374 161 200 110 176 79 214 154 55 190 260 130 220 125 268 45 255 341 206 33
196 275 71 202 156 224 167 226 54 254 36 59 84 199 104 98 369 173 85 121 92 228 53 117 114 283 119 162 38 191 134 326 209 245 212 126 143 199 72 302 158 222 240 249 115 234 76 189 146 182 189 297 88 79 145 161 40 180 205 235 143 120 186 352 65 178 94 201 34 412 143 229 78 288 131 286 105 208 135 141 104 121 55 29 126 123 210 196 124 135 77 60 96 314 191 275 117 179 119 249 220 174 76 151 233 71 257 218 88 242 297 253 185 315 40 164 177 124 199 160 191 221 189 121 110 243 129 113 83 164 97 196 60 198 148 246 155 240 142 143 69 203 143 313 140 80 198 272 76 181 89 228 53 314 73 228 119 181 195 172 105 157 186 138 151 288 80 88 16 211 90 156 11 147 187 212 84 161 181 259 203 186 51 90 158 295 138 115 8 104 249 207 104 216 129 108 31 195 150 85 178 324 23 194 129 264 124 101 176 262 179 223 68 178 117 196 79 241 128 227 101 185 108 201 109 219 286 194 139 240 142 193 140 180 173 149 50 279 203 244 101 215 248 167 185 24 224 270 91 166 217 255 153 246 191 95 201 65 36 233 151 99 174 173 166 291 288 178 164 283 137 309 145 205 192 137 51 154 279 98 164 338 188 241 150 278 132 161 171 201 219 140 153 155 79 205 86 123 105 168 129 388 193 147 131 78 137 131 96 201 125 201 28 158 153 177 73 291 152 29 165 206 134 103 229 291 99 298 87 76 74 128 170 272 155 264 195 123 169 125 107 235 243 240 190 125 234 131 66 276 165 194 83 181 123 134 128 184 94 205 225 126 101 93 147 204 88 275 174 293 190 150 184 198 222 127 166 117 230 220 177 104 282 202 74 154 197 149 65 124 210 104 150 174 117 189 120 373 161 161 120 271 171 88 156 168 79 136 45 150 157 166 0 157 129 133 124 191 104 258 74 226 51 152 271 209 42 266 144 167 88 4 57 204 155 311 40 225 139 235 178 137 256 120 118 279 170 121 103 235 251 63 142 139 136 50 51 197 231 125 90 136 85 129 94 208 232 405 151 202 32 16 101 179 26 341 179 252 300 119 210 146 76 249 26 93 79 185 112 330 161 78 58 150 188 123 92 367 83 185
309 135 111 60 313 73 213 81 186 106 127 98 213 45 173 85 493 93 97 43 164 108 104 249 233 126 92 74 182 35 93 173 359 124 336 32 295 81 91 165 264 119 294 130 267 95 115 37 279 26 253 246 173 78 117 40 153 29 229 82 226 41 119 196 222 33 83 72 181 293 65 157 216 133 82 135 219 93 90 73 261 122 144 135 141 112 184 44 281 25 170 160 234 157 198 124 267 53 209 119 372 100 178 91 296 93 172 137 200 85 196 150 336 179 184 148 334 52 302 3 333 95 123 139 240 125 144 49 239 18 209 272 177 64 232 90 300 94 295 120 91 65 220 169 297 77 162 116 215 112 194 115 198 197 99 136 276 78 145 143 246 107 70 74 243 134 180 123 144 120 73 27 168 32 184 160 80 62 197 122 343 58 180 68 272 140 237 118 164 128 211 57 259 60 77 148 151 62 239 78 318 175 166 56 259 110 241 150 328 106 73 97 211 54 192 40 233 126 175 110 221 45 180 180 247 62 233 59 161 110 189 59 297 132 55 206 118 122 165 88 252 60 305 126 224 134 163 127 237 49 172 104 273 148 225 136 350 100 153 76 271 144 209 29 322 135 365 22 260 128 63 166 290 102 147 74 110 94 289 134 321 211 298 95 246 122 289 195 327 83 147 44 245 39 86 88 243 129 128 11 257 234 300 81 214 110 109 75 216 135 215 78 151 74 164 122 223 135 155 144 310 79 248 56 385 151 251 192 71 188 97 30 325 124 78 195 347 36 233 52 264 79 335 131 86 118 194 114 142 120 127 58 234 39 119 64 274 81 151 73 347 85 188 67 253 184 178 118 286 236 219 72 327 72 216 208 275 120 98 113 334 126 271 113 220 143 161 230 121 56 237 56 307 46 102 33 268 230 169 155 277 144 160 81 305 33 78 65 198 109 292 146 157 0 66 152 280 73 206 113 185 70 107 34 407 87 192 181 297 55 243 157 195 62 100 156 197 92 143 130 333 58 235 130 220 140 86 37 258 83 174 104 296 27 181 131 205 55 135 230 247 111 239 150 239 131 143 263 275 53 181 147 258 85 155 198 232 96 193 40 313 25 126 146 144 105 141 28 138 208 139 79 209 21 134 120 205 219 125 179
311 200 63 126 278 135 148 145 140 169 93 80 162 108 112 104 432 148 46 72 105 173 83 239 178 178 27 128 141 86 29 230 338 190 278 59 271 70 89 229 203 96 228 195 243 161 62 77 226 88 188 200 178 64 53 41 109 70 164 143 237 67 71 249 186 99 35 137 160 359 14 116 202 189 17 196 216 157 26 15 230 150 140 101 75 143 126 84 247 45 115 109 221 201 134 184 223 116 148 185 326 153 124 137 230 59 139 196 146 130 174 214 290 243 143 85 295 17 240 68 281 161 75 165 187 115 79 71 203 82 207 289 169 73 169 145 251 116 252 157 84 131 157 231 260 60 105 156 167 165 138 179 155 263 56 197 245 138 92 82 198 153 58 117 181 190 125 136 112 180 81 44 137 86 121 212 47 118 132 187 290 123 133 69 213 195 177 145 137 148 158 121 232 109 12 166 111 127 176 81 265 199 129 71 205 169 185 165 305 148 50 162 194 117 131 90 207 191 111 175 166 65 118 225 197 116 187 70 96 175 124 124 260 77 116 226 110 168 110 143 230 120 239 171 159 110 116 191 192 109 120 164 215 122 160 151 302 64 111 128 214 83 144 94 292 189 300 84 198 167 9 182 241 164 92 117 78 141 227 151 288 276 237 117 253 164 256 222 297 73 104 22 182 36 89 76 212 157 65 73 202 288 238 127 152 58 44 11 162 88 154 142 112 127 99 171 181 189 90 128 261 144 190 66 346 164 209 256 70 135 55 46 284 186 29 154 324 43 168 17 232 124 271 113 61 52 141 148 89 171 67 70 211 64 54 106 226 141 90 139 288 19 129 71 256 229 120 163 226 293 154 121 312 71 155 219 215 146 102 93 299 64 213 172 201 180 105 166 72 91 172 68 272 110 37 94 222 292 104 193 245 210 97 90 258 51 64 8 160 152 238 187 129 66 0 179 251 136 149 133 132 126 81 36 351 80 153 242 272 114 204 127 150 81 43 211 165 97 77 194 293 103 178 156 223 151 44 59 232 143 136 99 269 39 115 124 180 120 107 171 216 46 199 176 221 189 111 325 218 84 144 124 227 143 137 260 167 153 176 64 251 41 71 209 107 121 85 89 160 273 76 70 170 78 81 149 150 242 68 219
172 202 162 154 248 181 286 172 187 197 138 115 217 168 224 75 497 88 165 114 211 147 117 139 246 245 191 95 171 180 203 266 255 159 343 129 208 230 96 221 291 266 365 161 183 169 170 188 276 163 315 379 62 120 225 184 165 180 318 191 84 118 250 300 180 146 160 140 123 303 190 294 127 240 192 227 102 130 201 194 199 30 78 141 225 39 300 193 221 148 203 185 137 281 296 220 237 130 248 171 329 85 205 71 360 141 315 111 220 222 344 150 298 232 173 254 274 164 332 153 314 149 254 15 241 276 229 111 193 143 95 122 93 215 277 210 277 243 255 39 103 150 270 240 239 124 281 252 208 82 219 141 184 212 152 125 207 110 270 256 234 62 217 80 281 240 208 50 136 113 98 171 141 121 287 89 143 104 289 186 327 133 183 111 291 246 270 35 132 33 335 168 186 199 188 25 156 142 280 99 303 319 155 207 260 216 256 34 235 242 216 150 131 127 241 185 162 152 243 144 234 196 230 69 239 194 366 210 244 166 259 142 239 255 121 56 93 250 286 209 168 181 374 56 302 120 295 202 218 119 298 205 286 294 307 39 317 141 162 207 284 208 289 144 243 246 419 162 296 263 184 314 269 120 269 80 134 70 390 36 248 242 321 245 106 255 224 44 245 232 283 172 284 180 93 237 183 23 203 159 261 329 326 78 259 168 214 188 228 267 254 135 153 91 255 69 198 246 250 104 287 141 267 114 322 301 218 190 110 207 150 141 275 211 207 333 251 141 294 164 201 217 376 280 230 211 318 39 180 239 243 210 156 191 210 88 252 110 207 144 356 191 228 108 119 71 214 249 307 163 304 88 215 222 323 70 298 33 250 260 265 201 384 107 138 29 281 278 164 97 325 112 245 129 196 168 243 292 262 30 213 184 265 90 275 182 120 185 172 54 286 41 133 152 179 0 208 125 235 262 205 195 126 174 396 237 172 151 211 115 204 136 189 214 221 259 157 244 235 139 279 94 352 23 93 291 220 126 183 191 314 91 213 156 251 85 144 152 280 257 187 215 202 4 149 101 286 321 283 204 163 118 195 101 109 263 301 213 343 120 342 162 178 148 147 59 190 167 22 230 247 114 184 132 260 32 224 361 184 52
147 389 189 320 40 344 235 344 122 372 158 183 122 320 186 211 314 278 205 242 180 338 177 85 138 405 237 273 113 315 252 445 94 354 182 249 30 321 191 414 175 341 283 357 28 349 192 313 128 305 237 393 147 203 256 285 144 304 277 355 160 242 300 473 66 299 216 316 101 511 265 339 81 409 251 404 115 318 253 262 22 213 148 150 227 220 306 320 23 259 161 153 74 437 277 394 73 296 174 361 125 278 153 255 270 194 369 315 143 366 411 354 101 426 111 266 66 248 203 283 131 334 303 204 121 363 230 234 52 285 117 193 119 321 194 368 103 364 67 236 190 320 198 428 37 204 301 396 108 281 151 335 104 416 195 328 8 292 303 277 99 256 309 248 186 409 155 184 139 312 210 280 114 266 278 297 208 274 264 372 146 303 127 212 165 416 174 209 117 194 345 328 23 340 250 186 141 312 191 205 128 448 122 318 126 384 145 177 58 386 301 335 78 295 186 320 49 348 212 336 137 309 187 272 107 342 384 318 232 353 220 310 37 290 289 187 165 402 306 367 41 336 285 259 252 147 331 386 88 282 320 375 155 362 260 181 121 188 142 356 152 199 247 294 42 412 299 301 190 407 260 432 101 312 298 247 175 257 345 185 41 444 187 365 148 402 18 211 47 323 330 263 190 279 197 327 38 211 212 291 131 508 195 255 187 195 250 251 134 313 177 315 139 268 247 272 82 412 249 138 108 320 153 225 115 414 66 396 209 143 196 251 73 390 275 370 76 246 224 248 20 359 248 358 310 236 332 226 171 399 274 318 52 306 233 247 90 294 190 320 195 245 171 214 133 274 165 399 176 366 263 261 88 321 307 156 175 210 353 340 57 212 361 305 70 236 300 198 181 241 279 226 38 292 232 311 82 486 253 238 15 380 270 205 92 292 203 258 93 248 129 249 124 280 251 208 0 304 157 381 144 348 175 276 208 331 101 358 28 282 59 125 112 328 271 431 86 348 241 339 73 252 343 208 130 402 289 244 26 355 360 179 22 263 219 156 76 316 347 161 35 249 64 205 60 305 346 517 146 326 108 134 25 287 127 455 238 373 416 241 209 270 187 351 143 198 182 308 196 433 267 201 87 271 299 216 142 491 194 253
297 86 167 32 341 58 282 47 232 73 170 136 262 55 235 94 549 38 157 77 224 39 142 253 287 120 161 32 224 79 165 144 369 57 391 82 312 148 119 111 323 185 363 62 284 46 173 92 330 62 320 317 170 121 189 112 200 89 301 67 208 80 192 177 255 43 144 15 204 228 138 228 228 115 153 104 217 21 162 145 288 102 156 177 209 92 258 93 310 92 226 213 244 157 270 96 307 21 269 59 410 44 233 55 365 144 239 66 254 105 256 77 375 125 226 221 364 121 363 72 379 31 195 118 290 185 213 83 272 56 209 245 188 126 295 87 344 136 332 86 123 27 284 124 327 123 235 132 261 53 250 43 240 130 153 63 301 16 218 216 292 64 139 56 305 115 236 122 182 49 102 100 202 53 257 96 135 30 268 69 390 16 226 106 329 122 297 102 195 117 283 48 281 87 148 134 196 20 301 107 365 202 206 117 310 91 296 140 343 122 143 32 227 19 255 82 254 56 241 40 274 109 242 125 294 78 303 121 231 50 256 22 327 205 21 181 142 128 238 87 268 63 374 77 294 167 235 82 280 29 245 80 328 213 296 129 392 150 199 88 326 208 279 46 344 121 433 65 322 142 135 201 334 29 220 57 155 55 362 126 345 149 356 138 231 133 316 162 347 149 218 117 306 112 112 154 270 108 194 71 309 208 359 51 277 168 180 147 269 207 275 11 194 37 235 67 263 121 226 168 355 17 304 95 416 192 289 121 108 241 151 92 360 88 152 264 361 97 300 121 291 102 399 194 155 188 267 89 197 114 200 120 253 103 188 57 317 16 213 19 403 155 248 102 243 129 235 127 344 165 290 43 332 136 290 194 333 102 154 178 360 192 344 43 236 104 234 293 176 67 309 93 336 27 171 63 310 183 240 114 304 81 232 103 347 103 121 137 235 71 341 101 191 73 136 125 304 0 264 153 238 75 149 108 457 150 231 107 314 25 278 192 240 119 173 135 229 148 213 57 366 53 308 109 213 184 158 85 279 67 243 128 315 97 248 148 229 33 202 288 274 182 275 125 252 63 211 215 329 105 220 176 284 25 178 151 301 89 251 83 374 97 184 73 187 107 200 65 121 143 212 119 248 59 207 98 259 241 186 131
279 340 97 264 166 279 78 286 52 313 100 133 35 252 40 184 287 257 109 186 44 302 127 199 31 326 124 242 70 234 133 378 250 320 130 183 187 207 154 369 60 214 139 325 167 299 92 225 79 232 88 239 192 144 125 190 70 219 120 288 243 184 167 397 99 237 124 269 128 492 159 197 163 337 139 341 200 283 136 152 136 218 158 95 89 218 154 232 142 182 37 52 176 349 121 330 97 247 18 320 188 260 32 237 130 119 228 306 17 279 271 336 153 383 69 122 174 156 101 209 136 293 169 222 46 240 89 180 107 220 194 294 161 218 45 293 110 261 125 238 147 267 44 375 147 141 154 304 50 270 15 306 65 393 110 313 149 259 161 134 65 248 199 220 47 337 28 187 99 295 166 191 99 212 124 307 129 237 108 326 142 254 54 158 66 343 36 212 107 204 191 263 149 257 141 210 79 261 46 161 120 338 81 218 59 316 36 204 215 297 189 295 150 247 31 237 139 319 60 303 23 213 37 301 60 264 230 216 83 310 64 259 147 152 243 253 144 316 158 291 162 266 145 261 96 115 186 333 71 235 172 310 66 228 103 196 160 114 73 276 65 67 90 232 190 337 185 228 61 314 156 318 101 285 155 219 112 241 190 199 181 412 93 261 246 313 153 265 196 210 190 169 50 184 160 211 127 222 86 216 55 436 96 231 31 97 124 143 23 175 22 273 81 238 98 268 77 337 103 132 119 277 41 168 218 299 93 381 157 28 112 177 156 331 160 223 232 172 71 157 137 272 142 230 193 107 180 226 66 320 137 217 149 212 104 213 91 262 59 273 141 134 21 163 239 304 29 312 80 390 106 230 242 213 150 228 70 214 240 215 185 87 203 287 152 253 153 47 88 198 122 171 159 241 115 238 92 436 102 262 145 344 121 168 121 200 143 154 82 242 91 265 104 206 149 235 157 264 0 275 30 273 118 184 202 217 76 356 185 238 99 100 56 228 147 359 100 237 99 316 168 213 186 220 215 286 171 180 152 289 217 151 180 180 65 150 125 259 215 24 128 122 94 231 166 297 211 469 70 233 80 118 135 259 129 404 83 300 279 181 112 185 81 331 88 187 65 234 214 407 125 147 78 210 160 220 16 379 81 287
422 151 195 122 410 102 249 118 272 120 223 202 292 99 236 197 547 188 179 155 231 166 207 359 306 84 152 173 273 82 142 140 465 174 400 142 400 68 201 174 323 77 315 179 371 136 195 75 354 99 289 200 286 182 153 96 242 84 245 99 338 153 119 142 318 117 167 141 286 305 120 124 325 104 138 125 330 164 139 124 361 233 254 231 188 223 180 69 379 127 245 241 343 86 211 117 355 138 270 159 458 194 253 195 323 187 117 215 275 53 115 209 421 186 276 170 428 134 355 111 410 153 120 250 316 56 190 161 335 119 321 384 287 60 285 81 381 19 384 226 199 128 271 163 392 179 159 47 299 205 267 177 287 228 188 207 376 166 141 158 329 209 76 182 298 105 255 236 242 198 184 103 267 141 197 248 174 162 218 149 417 139 266 177 335 107 297 230 265 240 185 105 361 66 137 260 243 133 293 188 394 66 261 64 333 102 311 263 434 48 86 154 319 141 251 77 336 181 224 170 295 74 240 278 327 76 188 64 202 153 233 131 393 139 146 317 227 65 160 80 357 91 327 226 252 236 138 140 324 145 157 106 339 90 249 248 432 194 243 69 338 208 239 119 423 99 394 100 314 50 124 54 371 178 146 182 207 197 281 247 420 224 355 18 358 56 388 304 428 66 120 118 299 102 197 65 343 240 189 104 330 181 355 186 271 191 151 135 291 122 275 149 244 175 196 218 314 99 187 251 391 146 314 166 478 39 341 236 179 265 186 135 416 127 115 147 453 139 273 133 363 53 377 71 82 168 174 223 221 82 147 64 339 78 171 174 357 168 216 139 408 143 254 176 366 282 248 60 346 309 241 176 436 63 215 321 335 231 36 71 431 188 251 195 326 249 159 280 205 168 253 166 404 136 161 95 354 211 196 261 376 179 179 192 389 91 182 126 292 214 366 249 258 113 133 262 381 153 275 0 262 81 207 106 475 58 285 245 401 151 336 257 283 54 129 118 296 38 182 193 426 167 216 241 333 31 105 147 361 99 127 213 399 121 226 240 308 120 90 295 347 154 332 261 346 214 100 241 344 60 276 250 358 175 261 186 267 86 107 151 365 114 203 205 239 217 215 95 250 230 162 185 302 131 134 230 279 110 199 281
256 317 74 241 159 257 98 264 26 291 72 105 30 230 41 156 311 230 89 161 36 277 99 175 49 308 110 215 43 214 121 358 238 295 153 160 172 196 126 346 88 208 167 300 149 276 71 207 94 211 116 249 163 118 118 173 41 200 140 267 216 159 162 379 81 214 103 245 100 466 144 198 138 317 125 320 173 258 124 138 122 189 128 66 86 189 162 214 132 160 18 25 152 333 134 309 95 223 44 296 195 233 10 210 159 95 228 279 16 262 271 309 159 360 43 123 172 137 129 188 149 268 165 192 55 233 87 155 92 197 167 267 132 204 74 273 119 248 125 209 119 244 70 353 141 116 157 288 39 242 14 280 43 367 87 286 137 232 161 135 67 219 186 193 76 318 10 157 69 268 139 173 70 188 134 278 105 210 122 302 158 230 25 132 92 324 65 183 78 175 201 242 132 238 126 181 49 237 76 134 134 328 52 203 74 295 58 174 203 280 176 270 125 222 46 218 118 293 68 277 36 197 43 272 65 245 240 202 88 286 78 235 141 150 218 224 115 299 162 272 143 245 174 232 117 86 189 310 65 210 177 289 90 225 124 166 170 89 43 257 88 58 108 209 181 318 214 207 91 299 140 308 109 259 156 192 84 213 212 170 173 387 120 248 220 296 143 235 187 198 190 151 79 167 132 201 110 192 75 195 72 418 124 203 57 76 115 128 31 173 50 248 52 211 103 240 63 318 106 102 129 252 66 143 220 289 86 354 131 3 89 155 157 309 148 227 220 149 97 138 124 255 171 225 183 99 188 197 44 302 134 202 127 195 96 186 95 236 49 248 165 119 30 136 214 275 21 295 107 361 124 203 225 200 164 200 97 185 229 208 180 76 221 259 128 224 157 75 65 172 143 146 153 216 102 218 93 414 109 232 133 319 126 141 127 182 117 138 59 213 107 235 74 185 132 205 144 238 30 262 0 253 91 166 222 206 51 328 171 213 87 71 33 213 138 340 76 225 98 290 168 187 200 190 188 276 160 156 135 268 218 122 166 160 75 120 101 236 211 53 112 113 82 201 144 269 208 447 91 216 53 88 120 232 100 382 107 280 278 156 140 166 61 305 59 157 48 213 184 381 125 120 59 186 158 191 21 369 64 257
363 81 180 43 381 21 271 38 255 48 196 166 282 28 238 143 558 113 165 106 230 85 173 310 301 57 153 100 251 40 149 105 423 94 403 100 361 100 157 110 329 132 347 99 333 56 183 51 348 44 311 266 230 147 170 87 222 56 279 21 276 106 155 127 291 51 151 61 247 243 120 180 280 64 139 70 277 84 146 127 329 168 206 205 200 157 224 46 350 94 238 229 297 90 246 59 337 65 274 81 441 118 246 124 352 162 184 134 269 30 192 128 405 123 254 197 403 117 366 67 402 72 157 185 308 123 203 114 308 63 268 316 240 77 295 20 369 67 365 156 158 48 283 107 366 146 200 58 284 128 262 96 267 155 168 126 344 90 182 189 316 136 97 116 307 64 248 179 213 118 139 82 237 83 231 169 150 91 248 74 412 63 249 136 338 71 303 166 232 179 240 27 326 22 136 198 221 55 303 144 387 127 236 70 327 43 309 203 394 48 106 72 277 67 257 37 300 101 236 89 289 68 244 200 316 10 253 74 219 73 248 54 366 173 74 251 184 57 203 19 317 13 359 152 279 202 190 71 307 76 205 39 340 156 278 190 420 169 223 13 338 209 264 55 390 65 422 48 324 69 120 127 359 97 185 117 179 126 329 187 389 160 363 69 297 60 358 234 394 100 172 105 308 91 151 103 311 174 191 59 325 164 364 116 278 178 164 134 284 166 280 69 221 104 218 142 293 66 208 210 380 65 315 123 454 118 320 159 139 256 166 100 395 62 126 212 413 106 292 117 332 28 396 136 113 176 226 156 210 51 174 73 300 66 178 111 343 91 216 58 414 144 254 134 307 204 245 55 352 228 271 107 389 88 258 260 340 167 92 125 402 190 305 115 285 177 200 292 189 111 287 122 376 66 163 37 338 166 221 188 346 103 208 144 375 76 147 123 267 142 360 175 226 70 126 195 348 75 273 81 253 0 177 90 475 97 261 164 363 80 312 226 265 65 148 87 266 88 199 112 403 105 269 176 276 112 126 105 325 21 190 169 363 94 240 195 272 43 149 296 315 166 308 194 304 134 159 199 342 52 251 215 326 99 221 136 290 27 185 107 377 88 193 124 214 161 208 41 187 161 188 148 279 77 171 165 273 167 192 206
232 231 36 156 206 176 159 180 83 208 21 15 113 151 100 66 401 139 44 75 87 188 10 159 139 234 77 125 76 141 92 278 259 206 243 77 193 150 36 259 178 176 240 210 164 190 45 138 180 133 191 265 105 30 108 111 51 130 192 187 165 73 144 303 114 131 47 158 80 376 95 189 121 239 86 239 138 168 92 94 155 104 64 29 100 102 180 146 175 85 82 66 140 264 171 228 161 136 127 208 265 142 87 119 236 22 216 188 107 192 253 219 229 273 78 133 226 74 219 110 230 180 148 112 141 195 104 67 132 115 129 218 90 148 156 197 196 189 188 122 29 158 148 268 190 30 165 221 111 151 103 190 92 277 29 196 170 143 158 138 143 130 137 102 163 240 90 77 36 178 48 105 61 101 163 190 34 121 163 216 241 143 77 44 182 247 153 98 58 94 218 160 154 166 84 106 46 151 161 43 216 273 59 143 160 216 148 102 226 212 130 182 113 135 118 146 129 203 116 188 126 134 106 188 145 170 253 144 118 198 132 149 190 142 130 161 36 229 170 195 150 166 249 144 176 29 186 225 132 122 183 208 180 202 181 90 245 18 50 183 178 81 163 126 217 242 299 129 179 233 89 259 186 168 156 101 7 123 264 92 214 299 210 190 178 228 183 165 222 153 178 89 165 105 42 157 137 109 78 118 159 340 214 113 138 43 99 84 120 161 134 159 45 121 130 151 116 242 126 48 206 164 157 56 278 241 144 264 42 93 29 77 218 226 109 226 245 72 170 75 158 185 259 193 142 91 202 110 56 227 128 144 132 131 89 96 169 146 80 161 255 82 106 47 179 192 93 225 197 273 178 113 231 148 200 147 187 100 180 173 227 76 261 169 121 140 164 156 38 82 198 58 200 129 78 140 163 329 138 150 171 231 143 50 200 117 30 88 90 124 192 150 51 107 81 126 175 149 118 207 91 177 0 102 308 160 85 237 194 124 135 50 91 153 113 262 90 175 111 199 226 97 231 107 147 229 124 72 154 187 210 35 192 88 125 50 101 151 186 142 141 98 131 123 141 179 189 362 180 151 74 44 152 142 57 297 175 203 256 71 230 95 52 214 38 71 64 136 105 292 128 31 102 102 150 106 111 317 58 176
322 164 94 92 306 99 183 110 171 133 118 97 195 73 148 101 468 126 78 61 140 142 101 255 213 142 63 106 171 50 61 194 360 158 314 46 294 56 98 194 239 91 262 163 266 127 95 41 260 53 223 214 186 77 84 10 139 34 196 107 242 57 85 213 214 66 64 106 181 325 32 125 220 152 50 159 228 128 58 40 256 145 151 127 111 136 150 48 275 27 150 143 238 167 164 148 255 87 184 152 359 132 158 121 265 82 142 171 181 95 170 184 322 208 173 115 325 30 276 36 315 129 89 161 221 102 114 64 231 52 219 291 184 47 205 109 284 88 283 146 95 98 193 195 289 74 127 123 199 144 174 149 185 230 84 170 271 113 111 109 231 137 43 102 217 153 160 139 137 154 83 8 162 63 150 192 69 95 164 152 324 93 165 73 249 159 213 140 160 147 177 86 256 73 47 166 140 95 213 86 300 172 157 42 240 133 220 167 328 114 42 130 213 88 167 53 231 160 146 144 201 33 154 210 230 80 200 42 131 142 159 92 289 98 89 226 123 133 131 107 252 84 273 156 192 131 130 155 224 83 138 128 250 120 193 152 335 89 141 92 249 119 178 63 318 153 335 49 234 134 31 158 274 136 112 102 102 125 254 152 315 241 273 89 260 131 283 219 323 58 114 15 218 5 95 63 238 152 101 39 237 252 274 110 188 91 76 45 197 101 190 112 140 106 132 153 212 153 122 145 294 113 226 65 376 141 239 225 76 169 82 34 314 150 44 163 347 36 203 29 259 89 307 105 55 87 160 139 123 136 93 42 233 30 89 91 259 115 126 107 324 54 165 74 266 214 156 129 262 270 186 102 331 50 182 224 251 141 81 86 327 100 236 147 221 170 127 202 104 79 204 66 300 81 73 58 254 255 136 182 271 177 126 92 291 16 77 33 188 138 273 174 152 34 36 174 276 108 184 106 166 90 102 0 386 64 182 215 296 89 233 151 182 52 66 175 191 76 111 164 323 86 201 152 233 129 52 48 256 107 143 110 294 19 151 137 203 87 106 207 242 79 229 172 241 165 113 289 254 51 172 145 253 118 156 224 202 116 169 54 287 13 105 180 135 121 120 53 158 240 105 81 199 52 100 143 185 215 103 207
350 538 296 462 174 479 236 485 225 512 287 322 195 452 240 369 106 443 310 382 246 496 315 292 173 528 326 431 235 435 334 579 251 513 76 381 229 407 340 567 152 408 215 518 236 497 292 427 128 433 204 389 337 337 322 392 257 420 262 489 365 379 360 599 216 435 324 465 272 683 360 380 278 538 340 542 318 476 337 354 206 390 320 280 286 393 324 434 187 382 237 247 278 551 285 531 159 443 204 515 96 445 229 421 198 316 409 489 206 481 451 524 107 580 232 310 152 357 128 410 82 488 361 387 168 435 285 375 203 419 317 401 304 419 192 494 118 462 145 413 335 465 205 574 171 336 334 506 197 452 213 497 219 584 308 499 204 450 347 323 166 428 399 407 177 539 226 357 276 482 356 393 261 408 295 481 327 428 274 523 68 450 231 351 140 545 177 385 269 372 352 463 223 459 343 371 262 458 184 350 94 536 252 419 148 517 166 362 231 498 389 489 269 442 224 439 239 510 251 495 186 415 235 464 163 466 386 418 274 506 244 455 171 342 438 389 321 518 337 493 246 467 208 437 242 292 367 531 180 430 348 510 136 416 248 361 87 309 258 478 137 269 249 430 199 539 172 428 163 515 358 514 127 475 341 407 303 425 294 365 186 606 123 462 355 514 190 410 202 409 377 371 178 386 346 410 218 391 287 417 150 638 125 417 204 297 323 345 191 365 200 467 263 427 283 447 199 539 291 299 108 472 161 363 141 495 178 568 349 219 310 377 137 530 361 395 234 371 211 358 204 474 137 423 392 307 347 401 265 522 331 418 249 414 304 402 144 453 261 469 71 335 222 355 341 466 230 513 129 558 256 419 276 413 303 358 141 386 439 411 173 288 327 473 265 421 334 197 286 390 257 365 173 437 316 439 153 635 285 426 196 538 305 356 122 402 337 356 227 421 116 433 271 407 351 396 208 457 202 475 222 475 308 386 0 417 229 537 225 432 192 269 217 430 345 561 239 437 293 505 142 404 332 388 334 483 370 377 228 489 396 332 218 381 250 320 252 457 405 180 214 321 193 392 263 479 399 668 132 435 240 287 209 448 291 603 222 501 461 377 121 387 281 520 271 364 267 434 378 599 316 339 214 407 350 393 201 575 283 446
385 178 142 124 357 116 192 132 218 145 173 157 236 99 178 165 489 178 126 123 174 175 161 317 248 128 97 159 220 71 85 186 418 188 342 108 351 10 161 206 265 36 261 193 323 150 141 58 296 88 232 170 250 138 95 54 188 62 191 118 306 120 64 194 266 107 115 142 239 340 66 83 280 145 82 161 291 167 82 70 310 207 214 181 131 197 130 57 327 90 188 186 299 140 157 150 300 131 212 177 402 184 197 178 268 138 89 216 218 82 109 220 365 219 223 114 374 86 297 86 353 161 65 224 260 39 132 127 283 100 282 355 246 24 227 109 325 48 329 206 157 131 213 200 339 135 107 96 244 196 210 185 234 253 137 211 325 160 89 102 273 193 23 161 241 146 198 202 193 199 147 66 217 119 143 243 126 147 163 171 360 134 211 137 277 150 239 203 217 210 143 110 312 75 82 230 191 132 235 149 337 121 209 33 276 134 253 231 385 92 30 162 273 133 193 70 288 193 167 178 238 43 182 266 271 87 156 29 145 168 175 129 340 84 136 289 185 112 109 107 310 101 273 212 196 189 94 168 269 132 109 134 281 63 194 216 376 144 190 90 280 150 183 106 373 142 339 85 257 103 72 102 315 178 93 161 158 181 235 215 368 256 297 47 324 105 336 281 378 8 75 72 241 59 158 7 293 214 132 83 272 233 297 167 213 137 94 80 234 71 217 150 192 160 139 207 260 142 129 206 334 149 257 129 424 84 287 255 139 209 135 98 361 157 58 116 404 99 216 85 312 78 320 45 24 110 129 200 166 124 90 30 291 48 113 151 302 162 159 142 350 88 196 138 329 270 191 107 288 315 186 158 391 15 165 288 277 204 23 29 379 131 209 193 281 230 107 223 151 140 200 129 351 126 104 87 298 254 140 242 325 200 123 156 333 54 138 73 240 196 309 233 209 87 80 237 331 150 217 58 206 97 160 64 417 0 232 254 352 138 283 207 228 33 72 164 245 20 124 201 371 145 172 214 296 71 47 112 312 119 94 172 350 82 168 199 260 120 53 237 296 96 278 235 301 212 63 286 286 47 224 204 307 167 216 226 210 116 107 117 308 76 148 215 188 185 159 85 221 259 105 143 249 107 80 205 222 163 143 266
205 315 90 241 125 261 149 265 25 293 65 97 47 236 91 140 327 215 107 159 82 269 90 124 76 318 137 204 12 225 151 363 193 286 171 162 126 222 113 342 122 240 215 291 101 273 92 221 105 218 164 297 121 115 155 190 44 213 191 272 169 158 199 388 35 216 118 241 54 454 166 238 87 324 151 324 124 249 153 163 79 162 94 57 128 165 209 228 94 168 63 53 101 347 184 313 76 219 93 290 180 217 58 193 206 100 268 261 59 275 310 295 145 356 10 167 143 152 162 195 148 262 202 162 69 264 130 152 51 200 119 219 88 225 121 282 113 268 103 185 108 242 119 352 107 115 202 304 36 224 63 270 12 356 98 270 94 223 203 177 63 200 211 179 120 325 61 129 50 253 130 186 32 186 182 253 113 202 172 299 161 226 28 128 120 332 107 157 40 146 249 245 85 250 151 147 42 235 121 124 135 351 26 222 88 301 86 139 158 295 202 264 75 218 98 230 68 283 117 268 66 214 94 241 68 254 287 222 135 281 129 233 108 189 213 181 92 313 207 280 92 251 221 209 168 64 231 310 49 205 221 293 114 261 175 135 161 93 42 268 112 99 159 211 141 327 255 214 131 315 162 335 103 247 198 179 82 196 263 139 136 379 150 269 171 311 104 196 147 225 229 168 123 184 119 228 63 164 111 203 89 425 155 189 106 96 150 152 61 212 98 242 41 199 150 219 32 327 151 71 123 247 97 140 194 316 59 340 126 51 99 162 133 311 175 271 177 156 146 153 81 268 208 258 211 135 235 173 70 312 174 222 76 212 132 175 86 225 91 245 184 146 81 131 164 244 71 309 136 333 176 191 176 223 214 155 129 158 255 239 146 111 272 244 77 195 201 123 81 164 194 142 119 213 132 225 79 413 157 202 93 312 171 128 115 198 115 160 8 192 115 207 42 192 153 172 101 231 76 285 51 261 85 182 229 232 0 309 126 207 51 40 20 233 171 347 25 250 141 277 142 178 250 161 140 303 189 158 87 272 260 104 122 171 125 92 50 236 246 92 66 148 47 168 93 251 246 446 111 233 11 58 76 220 64 381 158 288 315 156 172 177 86 291 48 135 81 220 153 372 167 115 17 187 198 165 61 394 93 224
304 108 263 130 398 143 385 126 316 129 256 223 347 156 333 172 635 99 257 176 321 80 228 288 375 182 266 117 304 183 271 169 403 71 478 185 358 253 202 106 415 290 467 67 334 109 270 197 413 168 421 423 212 214 296 219 287 195 406 146 222 180 299 205 324 150 245 112 268 153 245 334 277 166 259 142 251 88 268 252 348 148 218 262 313 144 365 197 370 197 319 304 288 214 376 143 380 128 364 87 477 95 324 118 466 239 343 49 344 192 356 36 445 110 306 327 424 226 456 179 456 93 302 155 374 286 317 180 339 163 246 237 241 231 392 165 420 231 401 125 208 123 382 130 389 217 342 210 342 86 341 69 319 69 250 45 357 104 326 323 371 109 245 136 400 165 328 181 263 62 190 208 277 156 363 63 233 125 374 100 469 123 311 199 419 169 391 153 269 166 390 144 336 183 254 173 281 122 397 195 444 277 287 222 394 151 384 182 385 202 250 92 281 127 352 184 312 64 342 76 362 214 339 97 376 171 409 226 334 92 358 125 389 313 126 188 217 198 346 166 318 156 477 101 398 246 342 116 357 134 352 143 416 316 400 179 463 243 285 176 414 308 383 153 394 174 533 172 416 217 242 284 411 79 327 137 244 115 469 175 399 102 448 233 244 207 374 162 396 254 324 223 402 220 196 259 331 149 295 178 394 219 452 125 373 266 286 253 356 314 371 105 279 119 340 90 338 174 331 239 430 105 394 191 473 279 361 43 200 330 248 196 424 131 259 369 400 201 400 226 350 191 496 297 262 292 374 137 291 179 307 225 306 209 293 144 393 101 311 113 490 261 343 195 260 98 329 200 435 66 395 127 361 241 397 215 425 152 254 283 415 294 452 71 288 122 342 391 270 160 414 188 395 134 275 167 385 163 345 122 363 75 339 187 420 211 214 244 310 117 423 110 266 181 242 151 358 107 356 245 328 164 237 215 537 254 309 0 361 128 348 269 322 221 280 174 299 249 318 53 428 145 415 151 240 274 266 187 333 145 348 207 364 204 350 217 291 134 307 380 335 288 346 154 300 59 316 185 415 207 298 251 344 101 247 142 403 162 349 183 467 204 281 40 271 174 296 170 163 87 318 210 323 165 314 145 349 308 284 116
125 400 211 333 52 358 263 356 148 385 179 200 150 335 213 223 331 286 227 257 206 347 195 77 167 420 260 283 138 332 275 457 67 362 207 265 4 342 206 423 204 364 311 365 30 360 215 331 155 320 266 421 150 220 281 305 168 322 306 369 152 257 324 487 91 313 237 327 116 514 286 364 86 422 273 416 112 327 276 284 49 219 159 171 253 227 333 338 49 277 187 179 74 453 305 407 100 309 203 370 136 285 180 264 298 214 394 320 171 382 435 359 118 435 136 292 76 268 230 300 153 344 327 208 150 386 256 249 79 300 116 179 127 341 223 383 127 383 91 242 206 333 227 438 58 222 327 413 135 287 179 344 130 422 216 334 36 302 328 303 127 263 330 258 215 423 182 193 160 319 225 298 135 281 305 299 227 285 292 383 167 315 152 229 193 430 202 217 136 201 372 342 41 356 272 190 163 324 219 220 151 467 145 337 154 398 173 182 33 403 322 345 87 307 214 337 65 356 239 345 165 328 214 272 136 358 411 338 258 363 247 323 57 315 301 183 179 418 332 382 46 351 314 264 281 165 356 397 116 295 346 388 182 386 288 188 138 208 165 372 180 224 275 308 34 426 326 317 218 424 281 453 126 321 324 258 195 265 373 192 42 450 214 384 137 419 40 208 35 345 355 283 218 299 212 348 62 216 237 308 159 521 222 265 215 218 275 273 162 337 205 325 161 278 274 277 109 426 276 153 132 331 182 241 115 435 95 400 226 170 217 269 88 402 297 396 52 264 253 268 48 376 275 381 332 260 359 233 195 414 299 338 63 324 257 259 117 304 216 332 219 268 199 230 121 272 192 415 203 364 291 271 60 342 334 152 203 217 374 362 59 237 389 312 79 239 326 227 203 254 307 242 53 304 256 327 109 496 280 239 43 388 296 219 115 311 220 279 117 254 155 251 144 297 272 211 28 314 185 401 171 363 194 296 225 352 126 361 0 294 87 145 139 347 295 445 108 369 266 346 85 264 371 214 125 422 312 260 40 369 385 194 7 281 246 169 93 329 371 190 60 273 92 208 62 310 371 526 174 345 132 151 51 296 142 465 266 388 440 257 236 288 211 357 165 208 207 324 201 439 292 218 113 286 323 223 170 511 218 252
284 109 142 41 318 68 258 63 207 91 145 111 237 54 211 71 524 39 133 52 199 64 117 235 262 132 138 22 199 71 143 163 350 82 366 58 291 134 95 135 298 173 340 87 264 68 148 82 305 53 296 301 153 96 168 94 175 77 278 78 196 55 174 194 231 34 120 34 181 254 117 212 208 131 131 123 200 45 140 124 265 88 135 153 186 78 238 85 287 69 201 188 224 168 248 114 283 16 244 83 386 46 207 45 341 119 226 82 229 108 247 101 351 149 201 199 341 99 338 54 354 56 177 106 265 175 190 58 248 39 191 237 167 115 270 96 319 133 308 77 98 39 259 147 304 98 215 138 236 58 224 68 215 155 128 83 278 24 200 195 267 58 125 37 280 131 211 103 157 66 77 82 178 29 235 105 110 11 246 92 366 21 201 81 304 137 272 87 172 101 265 53 259 86 126 119 171 30 276 83 340 205 182 106 285 106 271 124 323 127 127 57 206 13 230 75 233 81 217 65 249 96 217 129 269 80 288 109 207 74 232 30 304 186 7 171 118 136 219 95 248 67 351 76 271 143 218 104 255 6 227 95 303 201 273 112 367 125 174 92 301 184 256 33 323 136 409 54 296 149 114 202 310 50 201 38 129 47 341 109 323 174 331 135 218 140 293 155 326 136 202 96 281 94 88 141 247 95 170 56 283 227 334 36 252 143 158 125 243 190 250 35 170 24 212 69 238 136 204 145 330 40 279 70 393 190 265 145 83 216 126 69 336 108 132 250 341 73 276 98 268 103 375 183 140 164 249 76 172 126 180 109 231 90 165 35 292 27 188 38 378 133 223 77 229 133 210 135 319 181 267 27 314 124 269 180 308 87 146 166 338 168 325 59 215 98 215 268 150 43 286 67 313 15 148 56 286 207 218 110 282 106 211 79 322 88 96 116 211 63 316 98 167 55 114 115 282 25 238 151 213 80 124 89 432 138 207 128 294 0 254 168 215 109 153 152 205 140 190 80 343 30 289 96 198 181 140 60 257 78 228 104 294 76 224 126 206 38 189 263 251 160 251 114 232 77 198 239 303 97 196 153 262 30 156 175 277 99 243 58 349 77 159 96 162 86 175 56 107 169 190 93 224 37 188 85 234 246 161 130
191 363 141 290 75 311 176 314 67 342 116 146 63 286 128 185 295 258 158 208 123 315 140 115 81 369 187 249 63 276 201 413 152 332 147 212 88 273 160 389 122 289 227 336 71 322 142 272 83 268 180 335 145 165 202 241 95 264 219 322 179 207 246 439 24 266 170 288 81 497 217 284 90 375 201 373 131 295 202 213 38 200 130 108 172 204 248 280 46 219 104 99 95 398 218 363 33 267 116 337 132 259 96 236 215 151 314 301 85 326 356 338 97 403 60 210 92 203 155 246 110 309 249 195 66 313 174 201 13 250 129 222 112 276 137 332 74 320 54 223 157 291 140 401 56 166 244 355 49 265 93 315 50 399 149 312 51 268 247 221 45 240 261 224 130 375 97 167 99 295 178 238 77 235 220 290 165 248 206 346 124 274 73 177 114 382 117 195 83 182 287 295 53 301 201 179 94 283 134 172 100 403 77 273 75 351 89 170 117 346 253 311 79 266 128 281 53 328 153 314 78 265 128 272 53 305 326 273 174 328 161 281 57 235 261 199 137 364 249 331 71 302 231 247 194 112 275 358 30 253 263 343 105 309 202 170 115 145 93 319 102 143 189 260 94 377 252 264 135 366 213 385 67 292 242 223 133 238 287 174 87 424 140 320 174 362 56 219 100 275 275 219 133 235 166 278 34 200 158 253 79 475 147 233 128 146 198 203 76 258 119 289 93 245 190 258 24 377 192 111 84 294 98 190 143 367 15 382 175 85 151 213 83 360 226 314 134 207 166 204 39 319 202 307 261 182 274 211 118 362 219 273 64 263 179 221 50 271 134 292 161 196 113 180 162 274 108 360 127 366 204 237 144 274 248 169 124 196 305 289 96 158 302 287 76 229 243 141 132 211 220 192 68 262 181 275 40 461 196 234 47 358 212 175 72 249 165 211 45 232 89 242 88 243 204 204 59 278 99 336 87 312 135 233 192 283 51 348 87 254 0 87 56 284 219 398 50 301 184 321 91 225 284 197 148 354 239 208 56 322 305 150 81 222 160 132 60 285 294 104 33 196 5 200 82 291 293 493 98 284 61 102 37 265 102 429 180 338 362 206 163 229 136 334 99 177 128 271 187 416 211 165 34 237 244 203 84 445 141 254
199 276 68 203 156 225 163 227 50 255 34 60 81 199 100 100 366 175 83 121 88 229 53 121 110 283 117 164 35 191 132 326 211 247 209 126 144 197 73 303 154 220 236 251 116 235 74 188 144 182 185 294 92 79 142 160 36 180 201 235 147 121 183 352 65 179 92 202 38 414 141 226 81 288 129 286 109 209 133 139 105 124 58 27 122 126 206 196 124 135 73 56 99 314 188 276 115 181 115 251 218 177 72 153 229 70 255 221 84 242 294 255 183 317 37 161 177 123 195 160 188 223 187 125 106 241 126 114 82 164 101 200 64 197 144 246 153 239 141 146 70 204 139 314 140 80 195 272 73 184 85 230 50 316 71 231 119 183 192 169 102 160 185 140 147 289 76 91 15 213 91 155 11 148 183 215 83 162 177 260 201 188 47 91 155 295 135 118 11 108 246 208 105 216 128 112 27 196 146 86 175 323 19 193 126 264 120 104 178 262 177 225 71 179 113 196 80 243 124 229 98 184 104 204 107 219 283 193 135 242 138 194 140 177 174 153 52 279 200 245 103 215 244 170 181 25 221 271 89 167 214 256 150 244 187 98 200 63 32 233 148 95 170 174 167 291 284 179 160 283 136 308 143 207 189 139 50 156 275 102 164 340 184 240 154 278 132 165 172 200 216 139 150 154 80 204 87 126 102 168 126 389 189 149 127 75 135 129 92 198 121 203 24 160 150 179 71 291 148 33 163 208 130 103 228 290 97 300 88 72 72 127 169 273 153 261 197 122 165 124 107 235 240 238 188 122 230 134 63 277 162 193 85 181 120 136 126 186 90 206 222 124 97 94 151 207 84 275 171 296 186 152 187 197 218 131 162 120 229 218 177 101 279 205 77 158 194 146 62 125 206 105 150 175 115 189 118 374 157 165 120 272 168 89 155 167 79 135 43 153 154 169 4 157 127 136 125 192 100 257 71 226 50 151 269 207 40 269 145 168 87 0 54 203 153 311 40 224 135 237 177 139 252 124 122 277 168 121 105 236 248 64 143 138 133 53 53 198 229 121 90 133 83 132 96 211 229 407 148 201 29 19 101 180 30 343 175 252 298 120 206 145 73 251 23 96 75 185 116 332 158 79 56 151 186 126 88 367 80 188
224 322 88 247 131 266 130 271 11 299 70 104 28 240 74 151 313 226 104 166 68 278 98 144 57 321 132 214 19 227 145 368 206 296 156 167 139 218 122 350 103 233 194 300 116 281 88 222 91 221 144 282 140 121 146 189 43 214 172 277 189 164 190 392 48 221 117 249 74 465 163 227 107 328 146 329 145 258 147 159 90 177 111 63 116 179 194 229 102 171 48 43 121 348 167 318 73 227 73 299 177 228 41 205 185 102 258 273 39 276 300 306 141 364 17 154 146 152 143 198 139 271 192 178 53 257 118 158 60 205 139 239 108 223 100 285 105 267 102 199 117 249 99 359 112 120 189 304 20 236 44 280 10 367 98 282 105 232 191 165 52 213 207 190 99 329 43 145 59 265 138 187 48 192 167 268 115 211 155 307 150 234 17 135 102 335 86 172 57 161 234 250 99 252 146 164 45 242 100 133 125 349 35 221 72 305 67 157 170 296 198 272 95 226 79 232 85 293 101 278 46 214 76 258 54 257 272 220 120 289 111 240 113 179 221 201 105 314 194 283 109 255 200 223 149 76 219 316 42 213 208 298 97 253 156 151 155 96 42 270 94 87 141 216 150 330 235 217 111 315 159 331 95 258 186 189 87 208 244 155 144 389 131 267 191 312 112 215 156 220 219 167 102 183 129 223 77 180 102 206 73 429 137 200 86 92 141 148 41 202 78 250 46 210 136 232 32 330 137 86 115 255 78 147 196 312 59 352 133 32 100 165 133 317 170 258 188 159 126 153 92 269 188 251 206 126 220 187 63 314 163 220 95 211 122 185 78 235 78 252 169 141 63 138 184 260 54 310 118 349 157 202 192 220 198 175 110 173 251 233 152 102 254 256 97 211 188 103 78 173 175 149 124 221 125 228 73 420 142 218 102 321 158 138 110 198 121 157 26 206 102 223 57 195 150 189 112 240 56 283 33 265 91 182 217 228 20 322 139 215 56 54 0 231 163 351 45 247 129 288 143 187 234 177 160 299 184 163 101 277 249 115 134 172 108 107 70 242 238 72 79 139 51 185 112 263 236 453 94 232 27 72 88 231 81 388 138 292 306 162 153 179 80 302 54 149 72 224 169 382 155 122 25 193 187 180 41 391 85 241
369 147 143 92 357 83 213 99 221 113 170 148 243 66 190 146 507 149 127 103 184 142 153 306 258 103 104 131 221 40 96 159 412 155 356 90 346 34 147 174 280 69 286 160 318 118 144 27 306 57 254 202 233 128 113 43 190 34 217 86 288 101 91 172 265 77 114 110 232 308 70 115 271 118 89 131 277 135 93 76 308 184 201 178 146 174 159 25 326 73 196 191 289 121 183 120 304 100 226 144 407 155 205 151 292 134 122 184 227 55 138 187 371 188 224 137 376 81 315 61 362 128 93 202 268 66 148 109 283 72 268 334 234 12 243 78 332 36 333 181 145 98 230 170 340 126 136 76 248 167 219 152 236 220 135 179 322 129 117 127 279 166 34 136 256 119 206 184 189 167 131 49 214 94 169 213 120 119 187 139 370 103 215 123 291 124 254 181 212 190 175 78 308 43 88 209 190 100 251 134 346 120 208 11 286 104 264 212 380 69 44 130 265 102 207 37 282 160 183 146 247 20 195 238 278 55 189 12 163 135 193 98 340 110 107 268 173 90 138 76 303 68 298 184 219 182 125 136 273 103 140 103 294 95 218 197 383 140 191 60 293 161 205 76 370 116 363 55 273 86 73 107 322 146 121 136 153 154 265 196 367 225 313 37 307 85 335 257 375 35 107 65 257 49 143 38 290 192 142 56 282 212 313 141 228 139 108 86 243 101 231 118 191 132 159 178 262 116 150 197 342 117 269 113 427 91 290 222 126 216 133 81 365 126 70 149 399 85 236 80 310 49 341 76 48 123 161 176 171 98 112 11 285 24 126 126 307 131 169 109 365 95 208 123 313 242 201 84 303 283 210 131 382 23 194 270 291 182 37 61 378 141 240 162 273 204 136 240 153 118 225 113 351 96 114 56 303 226 162 216 323 167 147 140 340 37 128 75 240 170 319 206 204 62 81 214 328 119 228 54 213 65 153 52 430 33 233 221 347 109 284 203 231 0 89 138 243 31 142 169 374 120 204 192 280 79 65 94 307 87 127 160 345 67 186 187 254 88 86 250 293 111 279 212 292 181 96 259 298 14 223 197 304 137 207 197 232 86 134 99 325 60 153 183 186 166 166 54 200 227 127 131 250 82 107 182 231 164 149 239
346 227 85 158 294 161 124 174 153 195 120 117 168 136 107 146 419 188 71 114 104 207 118 271 178 192 36 169 158 110 21 248 362 223 270 101 295 62 129 256 194 70 199 229 268 191 80 97 225 118 164 158 216 104 24 64 127 94 131 168 276 110 31 261 206 132 67 171 189 389 36 76 232 206 29 217 251 193 21 29 249 192 176 127 59 185 85 102 264 84 120 120 251 209 99 206 233 153 141 217 332 194 129 179 204 91 103 235 149 144 141 250 296 270 161 49 309 59 226 102 282 195 35 207 190 95 60 114 221 118 242 328 203 77 155 165 255 118 262 200 123 163 142 255 276 99 63 164 177 206 140 215 170 295 85 235 265 177 50 43 205 195 56 160 169 207 129 177 139 219 123 74 162 126 85 254 83 158 100 216 289 158 147 110 206 212 168 187 163 190 116 150 254 127 33 207 132 161 163 122 266 192 150 80 206 190 182 205 328 158 46 196 223 154 122 112 232 226 95 210 168 80 111 267 202 138 145 78 74 207 104 158 276 34 154 266 146 179 67 163 256 146 210 214 131 140 75 217 202 147 77 187 209 91 130 191 306 95 130 146 209 80 117 129 312 205 275 114 185 173 40 171 245 201 49 159 109 183 188 192 306 305 226 118 290 173 274 264 317 64 65 57 169 62 129 65 233 199 63 104 202 301 226 169 141 78 23 33 165 48 145 178 134 167 70 213 196 205 61 161 265 179 185 108 358 152 222 291 112 141 84 88 295 210 22 114 347 85 147 59 252 138 252 87 47 39 99 190 101 187 27 78 238 82 42 149 233 180 89 173 279 32 125 113 292 271 121 173 217 333 123 162 340 70 116 257 205 189 94 70 315 62 172 212 230 223 63 152 92 134 140 110 288 146 39 122 231 314 73 235 263 242 61 131 265 75 104 38 179 194 238 229 155 100 43 221 271 173 147 129 138 148 113 66 345 72 171 280 295 153 219 153 163 89 0 227 187 91 53 230 305 145 137 199 260 139 25 101 255 168 97 138 292 77 97 161 206 153 76 166 236 25 214 218 250 229 76 347 215 98 164 155 247 182 169 284 143 172 145 106 237 76 84 246 131 163 92 117 201 304 40 110 186 116 39 192 153 233 78 261
431 67 266 112 466 87 351 89 342 63 282 251 368 112 323 222 643 172 251 190 315 117 258 387 388 36 237 167 337 126 232 22 502 112 489 185 443 170 240 74 414 193 424 113 414 90 269 134 434 130 392 317 305 232 250 171 309 141 354 76 343 191 227 42 376 133 237 121 330 191 203 241 360 23 223 34 352 130 229 210 413 237 286 291 282 227 294 128 435 180 324 315 376 46 321 40 423 137 359 95 528 175 332 190 430 249 235 169 355 84 228 142 491 79 340 275 488 203 450 153 488 112 229 253 395 174 285 198 393 147 343 377 319 151 379 67 456 118 450 220 242 113 366 53 451 232 271 71 370 180 348 126 353 131 254 155 427 150 252 264 402 198 172 189 392 22 334 255 298 157 222 168 322 165 306 207 236 161 325 79 498 131 335 221 424 16 388 237 317 252 302 104 409 103 220 269 307 122 387 227 473 115 321 147 414 47 395 275 475 73 182 111 357 139 341 122 382 121 319 121 375 149 329 244 403 95 306 150 301 97 331 122 451 247 145 314 266 53 272 68 399 96 436 208 357 287 254 62 393 150 272 57 425 208 356 264 506 256 309 83 424 294 344 138 473 22 501 134 409 69 205 132 446 142 257 190 265 190 397 260 472 116 448 119 366 62 442 294 476 169 236 190 393 176 234 171 395 243 276 145 411 78 449 185 363 264 245 218 371 235 365 125 307 171 298 195 379 22 288 293 466 119 401 208 539 136 406 148 223 343 252 186 480 49 207 265 493 192 374 203 416 90 479 189 185 259 290 224 296 41 251 149 382 148 262 186 430 149 301 116 499 228 340 218 378 248 331 59 437 239 349 177 466 160 329 329 426 237 149 186 486 274 368 159 366 236 271 376 276 191 363 206 461 140 247 123 424 93 300 245 430 99 285 226 461 160 233 207 353 206 447 230 311 156 211 259 431 135 359 118 340 87 262 175 561 164 347 174 445 152 398 311 351 138 227 0 350 147 280 137 488 181 333 245 348 138 203 190 407 76 245 252 445 180 323 276 355 115 207 382 399 248 394 260 384 174 218 123 429 130 337 299 410 158 304 70 370 60 218 192 461 174 279 140 300 238 294 128 257 126 266 233 365 161 243 234 360 137 278 256
180 314 104 241 116 264 174 265 50 294 73 99 70 239 115 136 340 208 120 160 105 265 93 99 99 323 153 200 34 231 167 365 175 282 187 166 107 235 111 340 144 256 239 286 80 273 107 228 120 222 189 320 102 119 174 200 61 220 216 275 146 160 216 392 26 218 130 239 34 447 179 258 62 328 165 325 100 245 168 177 65 151 81 65 149 155 231 236 85 175 87 75 76 353 208 315 81 218 118 287 182 210 82 186 230 109 287 252 83 282 328 288 147 353 33 188 137 162 183 200 157 260 220 148 89 278 152 153 43 203 95 195 68 236 145 286 121 278 104 174 108 242 144 352 100 120 223 311 57 215 88 265 36 350 109 263 80 219 223 197 77 191 223 175 143 328 85 118 54 246 129 195 29 186 205 241 122 199 196 297 171 225 52 130 141 335 130 146 34 133 271 247 67 256 164 132 56 234 145 124 146 362 37 232 106 304 108 123 140 302 215 261 50 217 122 236 45 278 141 264 89 223 118 226 84 259 309 232 157 279 153 232 100 209 212 160 87 319 228 284 70 255 245 199 193 64 251 309 61 205 242 295 134 278 200 122 165 102 58 273 131 120 184 213 128 331 277 218 154 323 174 347 113 242 218 174 89 189 288 126 124 375 170 279 147 318 93 177 132 238 248 178 147 194 118 241 47 152 131 208 108 428 176 183 131 110 167 166 84 231 123 239 54 195 173 209 41 331 173 62 131 245 119 142 189 329 62 332 127 76 110 167 131 311 190 291 159 162 171 163 68 275 229 274 225 153 257 162 89 316 193 232 53 220 150 172 95 221 113 243 200 160 106 133 139 228 95 315 156 320 200 187 154 235 238 133 150 147 267 255 137 131 296 238 53 182 222 148 96 163 219 144 110 213 148 229 86 412 180 187 81 308 193 126 121 207 119 173 19 183 129 194 40 197 165 157 86 229 100 296 76 266 90 191 239 245 25 299 108 205 50 40 45 243 187 350 0 262 162 271 138 175 274 149 116 316 204 161 67 275 279 101 105 178 149 83 25 237 263 116 51 166 47 153 69 242 263 444 129 241 26 52 62 215 52 380 183 292 333 159 193 185 104 284 58 127 101 225 139 366 187 118 28 190 217 154 85 406 111 208
397 167 160 120 375 108 212 124 236 134 190 172 256 95 198 174 509 179 144 132 194 170 176 331 268 112 116 161 238 70 104 169 434 181 361 118 368 30 173 194 285 46 279 186 339 143 159 58 316 88 251 178 261 152 115 66 206 64 209 109 316 129 82 176 284 107 132 139 255 327 84 95 295 129 101 147 304 163 102 88 327 214 227 198 150 204 147 55 344 100 207 205 314 121 176 137 319 131 232 169 421 186 216 182 287 154 96 214 238 68 108 214 384 206 241 133 392 101 317 91 372 156 83 231 279 36 152 137 301 103 294 364 259 29 247 96 344 29 348 211 171 127 233 186 357 149 125 77 262 197 229 180 252 243 153 208 342 160 106 121 292 197 40 166 260 131 217 213 209 196 158 76 234 124 162 243 141 150 181 162 379 133 230 149 297 134 259 210 233 219 156 105 329 67 100 239 208 130 255 161 356 102 226 37 296 121 273 241 401 75 49 157 288 133 213 67 304 187 186 173 257 48 202 269 290 79 166 34 165 161 195 127 358 102 137 298 198 94 126 94 326 93 291 215 215 205 107 156 288 134 125 122 301 68 213 226 395 160 208 79 300 170 202 107 390 126 358 86 276 84 89 84 334 176 111 166 174 185 250 225 386 244 317 29 335 87 354 288 395 28 89 86 261 72 170 27 310 222 151 86 292 215 317 172 233 155 113 99 254 88 237 147 210 163 158 209 278 126 149 221 354 145 276 140 443 66 306 247 152 228 152 108 380 145 77 124 420 111 236 101 329 64 339 48 44 130 144 206 185 108 109 35 307 53 133 156 321 162 179 138 370 106 216 149 341 273 211 89 308 311 205 162 406 27 182 298 296 212 6 39 396 151 222 191 296 235 125 242 169 148 218 140 369 127 124 85 317 239 159 247 342 191 142 167 353 63 152 90 258 200 328 237 225 92 97 244 348 148 237 38 225 88 175 76 437 20 250 249 369 140 301 224 247 31 91 147 262 0 144 197 390 150 187 222 308 54 67 122 328 109 103 185 366 93 188 212 276 117 62 257 313 116 296 242 316 211 73 270 306 44 241 219 324 168 230 212 230 103 103 127 327 86 167 210 205 195 178 84 229 248 124 156 267 112 98 212 242 144 162 269
335 275 75 202 258 210 72 221 119 244 109 121 126 184 60 164 366 221 70 143 62 250 120 256 130 245 52 202 129 159 50 300 334 267 218 133 267 115 139 305 141 115 151 272 242 237 67 148 177 164 112 159 215 116 30 112 102 143 88 217 275 139 68 314 175 176 77 214 173 436 79 100 216 258 61 268 243 234 53 72 218 209 175 112 13 204 71 153 230 121 80 88 234 262 61 257 192 193 91 262 287 226 89 208 154 94 130 270 105 196 173 290 252 319 131 26 269 92 173 145 234 238 70 220 144 142 11 140 189 159 234 328 195 130 103 216 209 171 221 222 132 208 89 305 239 112 61 217 137 238 96 256 137 340 84 273 233 214 63 37 162 222 109 188 117 259 88 186 124 255 140 119 142 162 52 283 93 193 57 263 239 200 114 128 154 265 116 203 146 202 110 197 226 179 65 216 109 204 111 137 218 243 126 133 158 241 133 213 299 211 99 239 205 194 71 162 207 268 43 252 122 132 62 290 158 188 147 131 21 252 51 201 239 52 193 272 148 232 66 214 232 195 162 240 82 131 91 266 163 185 80 237 159 129 83 200 260 94 106 198 158 42 67 171 279 257 224 160 133 226 80 221 200 240 58 187 105 212 156 201 271 352 173 171 286 226 240 275 284 117 92 98 117 108 142 117 204 215 34 149 154 354 173 198 89 68 35 67 120 76 94 219 112 200 22 242 160 258 15 154 218 222 135 131 316 202 184 333 128 100 85 122 253 260 73 130 317 117 94 92 220 190 199 131 100 26 95 211 74 239 38 131 215 133 26 177 189 217 50 216 226 58 78 132 285 294 78 226 165 366 77 193 317 123 89 257 153 205 146 118 278 35 150 247 211 243 60 98 77 161 96 134 251 186 43 169 188 365 28 254 230 287 32 147 220 123 116 78 149 219 189 251 139 143 77 235 241 213 99 182 98 199 111 111 293 124 141 318 266 190 184 135 129 142 53 280 162 144 0 270 265 175 119 214 254 189 78 131 228 217 120 144 262 116 44 161 184 197 116 115 207 33 179 231 229 263 112 398 164 150 137 143 216 217 159 334 91 224 180 135 184 118 64 286 113 177 61 164 213 350 27 122 153 154 61 209 108 282 56 281
307 71 221 77 378 92 339 75 281 82 219 185 312 103 290 137 600 62 213 131 279 28 191 277 338 137 218 75 271 130 222 137 394 25 442 138 343 200 166 83 376 237 420 24 317 59 228 144 379 116 376 370 196 173 247 168 250 143 358 95 220 135 248 173 297 99 200 60 242 177 195 282 260 124 210 103 240 37 219 202 325 127 192 226 266 119 314 144 348 149 279 265 273 172 327 101 351 78 323 42 452 62 285 85 421 197 291 32 306 141 303 20 418 93 273 278 402 178 416 129 425 41 251 138 339 233 270 137 313 113 233 246 220 178 350 115 390 179 375 104 171 71 339 104 366 175 291 162 309 58 302 17 287 79 207 18 337 58 274 273 339 83 193 98 359 123 288 155 229 27 151 157 246 109 314 70 190 80 326 58 438 72 276 158 381 128 351 129 239 145 338 92 316 131 206 156 245 70 356 156 412 230 253 170 359 105 347 164 372 153 198 40 261 77 310 132 290 16 298 24 325 162 297 109 343 119 357 173 288 43 313 73 366 262 77 188 185 151 295 116 301 104 431 83 351 213 290 75 326 85 301 95 379 264 353 158 436 202 249 125 377 264 336 102 377 132 489 120 375 170 192 235 380 31 276 99 205 82 419 154 380 105 409 181 243 159 353 164 380 202 272 174 361 169 159 206 308 129 250 127 359 196 412 88 331 223 238 204 319 262 329 53 243 78 292 70 308 131 283 209 400 53 356 148 453 229 333 65 159 292 205 149 400 89 208 317 389 153 356 178 328 140 454 244 210 245 323 113 251 133 257 172 287 157 245 104 363 55 268 60 454 212 302 154 257 111 289 153 396 116 347 87 354 189 347 209 386 129 202 230 396 248 400 34 269 112 291 348 229 118 366 145 373 84 228 115 355 153 297 117 341 46 290 150 391 159 173 194 280 91 390 102 235 130 194 139 339 57 316 193 290 112 199 164 505 201 277 53 346 80 321 237 288 169 230 137 271 197 270 0 405 103 364 132 232 224 214 141 313 95 295 173 347 155 304 188 267 81 254 341 312 239 318 141 283 40 264 182 379 155 266 220 322 58 219 125 357 113 297 138 428 154 239 16 235 144 254 118 145 95 269 170 293 116 263 123 311 264 241 122
209 451 231 379 34 401 238 403 154 432 207 237 139 376 205 273 246 343 247 298 203 402 230 157 140 460 275 336 153 367 288 503 115 419 136 303 89 361 249 477 160 375 265 422 101 410 231 363 105 359 228 404 217 256 286 332 184 355 279 412 233 298 330 529 112 356 260 377 163 579 306 364 153 465 289 463 188 382 290 302 81 281 213 198 253 287 321 370 58 310 186 186 147 489 287 453 72 356 182 424 52 344 177 321 250 242 395 384 160 417 438 421 37 490 150 288 11 294 173 336 77 397 332 273 123 400 254 291 95 341 190 263 187 366 191 423 67 410 43 304 246 380 200 490 40 256 321 446 129 348 169 401 138 484 239 396 72 355 328 301 103 324 350 311 179 466 177 250 190 380 267 328 167 324 291 367 255 336 274 435 90 363 160 268 146 472 169 277 172 263 358 385 93 392 290 256 184 372 185 262 83 492 168 363 116 441 141 247 90 437 341 398 148 355 199 371 117 414 228 401 144 356 204 344 108 396 397 363 251 416 231 370 40 317 349 260 224 454 326 421 114 392 265 328 253 201 354 447 103 342 340 433 135 393 261 250 55 235 183 409 133 226 252 351 57 468 263 355 176 457 302 474 73 378 322 310 224 323 337 254 45 510 158 410 220 453 56 284 61 364 356 309 182 325 255 366 98 280 243 344 121 566 165 319 191 235 283 291 145 341 182 377 183 332 265 340 112 468 270 198 66 382 146 280 53 455 84 464 265 165 241 303 12 449 314 390 96 298 221 295 78 410 213 392 349 267 347 294 206 453 302 363 123 353 263 309 77 358 217 381 147 284 187 270 204 346 186 451 151 438 266 324 135 363 314 229 155 278 394 375 33 243 360 372 141 307 321 196 221 300 278 282 35 351 268 366 76 549 270 309 66 444 289 264 53 340 256 300 136 315 99 319 178 333 293 279 73 366 168 426 168 403 226 323 142 371 142 428 85 343 91 177 143 374 305 488 138 390 265 405 0 313 349 277 203 442 327 298 97 412 384 239 78 312 232 218 139 375 378 161 94 281 95 276 133 373 376 581 126 374 152 190 84 351 188 518 236 429 445 296 176 319 223 418 190 262 214 362 265 501 291 255 125 327 325 284 157 534 228 325
259 138 119 69 288 95 240 93 180 121 117 83 210 77 188 41 498 46 112 32 176 91 89 206 236 160 124 29 170 86 131 193 321 109 340 44 262 139 65 165 273 176 322 113 234 98 126 93 277 69 276 299 126 70 156 94 148 86 263 106 173 36 169 223 202 54 100 64 151 279 109 211 179 159 119 152 172 71 129 116 235 65 105 125 169 55 229 98 257 61 176 162 195 195 235 143 254 45 220 112 357 51 182 35 321 95 228 96 203 130 254 122 322 178 173 187 311 86 314 59 326 84 173 83 238 183 173 35 218 49 163 216 138 123 248 122 291 149 279 61 70 69 237 177 274 73 208 161 208 63 199 93 186 180 105 101 248 46 193 185 239 51 127 16 256 160 186 75 129 83 49 81 148 26 223 109 88 24 231 122 337 51 174 55 278 166 248 63 142 75 260 80 229 106 115 94 143 60 253 54 312 226 153 114 257 134 245 98 294 150 128 86 177 43 208 90 203 106 198 91 222 103 195 124 242 102 286 117 190 103 213 59 274 179 37 150 89 162 212 122 218 92 332 70 254 114 215 134 227 31 221 124 277 205 256 85 338 100 147 116 275 163 239 51 293 164 388 68 273 172 105 220 281 72 194 16 103 39 329 83 293 202 306 150 193 165 263 138 296 141 200 89 258 92 59 146 217 73 151 64 256 257 310 24 229 121 146 113 217 186 227 64 142 25 197 69 209 164 189 115 301 69 253 46 363 207 236 167 57 190 103 57 306 138 126 249 312 60 255 86 238 125 352 189 141 149 243 56 148 153 170 116 201 98 149 6 264 49 166 68 352 120 199 51 203 128 186 160 294 191 251 19 285 130 258 156 283 64 156 170 308 149 316 74 185 85 207 246 126 15 271 43 283 41 132 74 257 236 203 97 252 134 199 50 293 91 70 107 182 52 289 88 137 58 103 94 252 53 213 167 187 105 97 86 404 145 178 145 264 30 225 139 187 120 145 181 175 150 175 103 313 0 281 74 171 196 137 44 227 106 229 75 264 69 205 96 176 66 192 238 221 147 222 93 203 88 199 268 277 109 167 123 232 45 126 205 258 127 251 40 325 73 137 118 134 57 152 73 83 195 179 67 195 38 182 63 208 269 140 121
451 350 195 289 351 286 111 301 225 317 228 239 221 265 159 278 373 325 188 250 168 340 238 371 211 298 161 305 240 237 151 355 437 355 259 237 372 169 256 378 195 140 124 360 349 319 187 223 247 249 129 58 335 232 128 196 217 223 72 290 395 246 117 357 281 266 192 304 290 512 172 92 332 316 163 333 361 327 153 166 321 325 294 231 132 319 52 225 328 221 187 200 348 301 66 323 282 287 170 346 357 331 193 316 138 212 104 371 200 254 136 384 327 391 241 98 357 195 204 236 297 326 113 337 228 160 127 249 292 252 353 448 314 192 158 281 285 215 308 335 250 295 150 372 333 228 74 262 235 343 192 348 243 423 202 370 335 313 90 97 250 331 173 296 172 317 190 304 242 355 254 208 258 262 69 390 209 295 79 342 297 293 222 242 210 320 180 319 263 319 32 278 333 247 167 334 225 294 165 253 283 255 240 199 234 306 208 331 401 261 166 328 320 289 156 237 318 358 133 343 209 205 157 402 243 259 55 196 117 336 123 291 333 103 290 391 267 280 70 279 342 270 134 350 97 251 79 340 257 283 64 306 219 127 89 318 328 213 221 263 220 157 97 262 377 312 199 245 179 266 176 229 277 336 88 295 224 320 66 319 367 429 213 214 405 271 339 393 383 169 98 194 169 196 258 166 310 331 154 237 228 395 209 306 159 188 138 168 210 103 169 312 229 304 103 350 261 312 105 273 291 312 204 242 396 214 279 423 243 201 203 224 337 330 157 78 418 221 130 195 323 250 202 145 157 141 43 324 190 294 111 197 326 208 142 285 273 316 163 305 261 163 172 245 403 406 180 274 212 470 84 299 425 181 36 377 203 321 185 147 370 155 36 348 325 357 74 153 196 270 75 245 345 281 156 251 275 425 95 369 331 370 88 263 298 205 232 175 258 330 256 364 256 235 178 352 343 308 186 216 200 269 231 201 332 172 250 415 371 289 284 252 234 204 137 333 274 187 119 364 349 281 0 330 373 205 150 237 335 290 92 263 365 213 125 280 297 284 126 189 312 137 279 348 342 365 116 456 228 217 248 262 320 318 277 398 116 288 148 242 210 212 182 379 231 293 177 247 331 430 104 238 259 252 101 324 201 282 175 395
188 191 142 136 248 163 267 156 173 182 121 95 204 149 207 53 488 75 144 91 193 136 98 146 233 228 169 78 159 159 181 253 263 150 332 106 211 207 75 212 277 243 347 152 185 155 151 166 266 142 298 357 64 98 203 161 149 159 298 174 100 95 227 286 173 126 138 124 116 303 167 271 128 225 170 213 109 117 179 171 196 8 68 124 204 18 278 172 219 125 186 169 141 264 275 205 230 111 231 160 326 73 189 55 343 120 293 107 205 203 322 146 293 223 161 232 273 141 318 131 306 136 231 10 230 253 209 88 188 122 101 143 90 193 261 192 270 222 250 28 82 133 253 229 237 103 259 233 197 74 204 131 173 208 131 120 207 95 248 234 224 50 195 60 266 224 193 33 121 105 76 149 130 99 265 93 122 85 268 174 320 115 169 89 278 231 255 12 121 16 313 149 186 179 166 25 141 125 265 77 295 300 142 185 249 200 243 32 240 223 193 137 130 109 224 164 161 143 224 133 221 174 213 82 229 174 343 188 224 154 240 125 237 232 102 77 76 232 264 191 169 163 356 51 283 104 273 190 209 100 275 189 274 272 288 28 312 121 147 188 271 188 270 124 246 230 404 141 281 244 161 294 262 109 247 59 115 55 369 23 249 237 308 224 122 236 223 67 248 210 260 149 269 157 72 215 180 3 182 137 250 316 312 60 243 148 193 165 215 245 238 120 138 74 235 64 189 230 229 91 280 126 253 91 323 280 211 188 88 192 130 118 273 197 184 310 257 118 277 141 199 198 361 257 207 190 296 21 162 222 221 187 156 169 189 67 244 96 188 128 346 169 211 86 133 85 197 231 294 172 284 69 224 200 302 85 285 10 228 238 265 181 363 98 138 34 259 261 145 74 305 89 244 110 174 148 235 284 242 43 212 175 243 68 269 160 98 162 162 41 276 46 120 130 156 23 208 109 220 241 190 176 107 152 388 214 161 151 214 96 197 124 177 192 199 245 149 222 214 132 277 74 330 0 104 270 197 104 183 174 291 72 216 133 232 71 140 134 258 242 184 193 196 20 151 97 264 313 271 182 151 105 193 87 98 254 283 195 321 98 329 139 159 143 131 37 171 146 13 226 226 92 175 110 238 11 209 341 165 68
89 294 180 238 170 265 284 259 163 286 145 143 186 248 221 136 439 178 191 178 209 239 141 49 215 330 224 181 146 254 239 357 163 252 295 191 122 287 136 314 261 319 354 254 103 259 188 257 230 238 303 411 47 159 255 243 158 249 323 276 31 180 290 390 129 225 193 227 88 393 237 335 58 328 231 317 17 221 238 238 128 111 84 142 241 121 325 264 149 208 194 178 57 366 309 309 180 213 232 263 255 176 192 158 345 168 361 204 198 301 397 243 229 325 146 278 196 212 298 222 254 239 294 96 204 334 245 172 135 217 21 79 59 279 261 293 220 314 190 130 139 236 258 332 166 163 311 332 173 175 202 234 152 304 176 218 132 198 305 284 189 153 274 160 260 328 195 97 131 206 150 232 119 194 304 177 177 187 299 277 268 218 163 159 256 334 246 111 112 97 364 251 112 276 228 80 149 227 261 147 246 395 137 272 219 303 224 73 145 321 270 240 69 211 233 258 96 245 246 236 206 261 226 147 196 273 399 274 256 257 260 227 166 289 204 58 114 333 316 293 89 263 361 149 302 123 333 293 172 201 329 292 248 345 309 86 250 165 154 287 246 216 292 221 159 333 393 236 270 343 231 386 214 212 302 160 152 159 396 89 166 335 284 315 32 336 148 83 160 290 324 225 263 237 138 294 118 106 220 229 222 420 291 163 245 187 246 229 200 307 237 223 146 177 270 162 153 333 267 100 228 230 235 168 240 371 163 281 157 189 176 199 203 301 252 373 160 197 285 212 130 295 345 335 283 237 347 124 183 324 275 273 86 256 234 165 198 200 211 232 309 228 217 159 33 148 204 331 271 239 308 172 122 282 339 26 265 111 314 315 183 219 400 200 71 121 310 262 177 167 328 168 168 211 225 244 188 385 277 118 140 277 286 141 213 245 159 230 135 144 237 132 118 220 223 93 130 213 215 333 188 276 147 233 334 296 140 240 125 198 148 122 160 280 260 348 116 308 254 232 203 171 373 104 0 359 267 186 107 276 357 124 130 214 254 99 93 236 330 232 121 245 149 91 72 194 334 414 243 273 136 111 125 191 96 356 295 297 398 181 307 222 190 241 143 116 196 242 92 322 274 154 143 204 296 115 201 438 198 127
448 178 213 152 428 132 252 149 288 148 243 225 307 129 246 225 550 219 197 182 243 196 229 384 317 107 167 203 291 111 155 159 488 203 407 169 421 81 226 200 331 76 312 208 393 166 212 103 365 129 291 182 312 205 162 119 259 111 242 129 366 179 123 154 337 147 186 172 308 328 137 116 348 127 153 150 356 195 153 140 380 262 279 251 198 252 176 98 398 152 258 257 367 99 210 142 371 169 280 189 472 225 267 225 322 208 102 246 288 82 90 238 435 210 294 174 445 155 360 139 422 183 122 279 329 49 198 188 354 148 347 412 312 82 291 110 394 48 400 256 223 159 278 186 410 202 157 70 314 235 279 207 305 255 207 237 395 197 140 161 343 239 93 212 305 128 268 263 263 229 210 128 288 170 197 279 195 192 218 178 428 169 282 201 343 129 305 258 286 268 174 136 382 97 153 288 261 164 299 213 406 54 280 88 345 129 321 290 455 74 101 184 342 171 260 107 357 211 232 200 307 98 250 308 341 106 171 86 209 183 239 162 411 142 177 346 251 87 156 109 379 122 324 257 253 258 131 168 340 175 151 135 348 78 249 276 445 214 261 99 347 220 241 149 443 121 391 129 321 69 142 32 385 208 146 212 228 227 271 274 439 249 362 47 385 77 407 334 448 79 115 140 305 125 222 76 363 269 201 132 341 191 360 215 279 208 162 151 304 121 284 180 263 205 200 249 331 121 192 274 404 176 324 191 495 13 358 264 204 279 206 160 432 154 129 131 474 163 277 154 383 84 378 64 94 179 165 253 237 106 152 86 361 103 182 203 372 199 229 169 415 158 265 201 392 312 261 83 354 339 241 205 459 81 210 348 342 259 49 72 449 201 238 225 349 279 157 287 222 196 251 192 422 167 175 125 369 229 200 291 395 207 181 218 404 115 205 143 311 244 377 279 279 140 151 291 402 184 286 31 276 112 229 129 483 71 303 274 422 181 354 277 299 79 139 138 316 54 189 224 442 196 205 270 359 0 116 173 382 129 114 238 420 146 232 265 330 151 83 304 367 164 349 290 369 245 93 258 353 87 295 273 377 206 284 207 269 114 81 178 370 138 219 235 258 245 229 125 278 255 167 209 320 159 135 259 292 93 214 311
355 206 100 139 314 140 149 154 173 173 134 124 190 117 131 145 444 178 85 108 127 190 127 283 201 168 52 158 177 89 39 224 378 206 295 94 311 37 133 235 219 53 222 211 284 172 97 76 249 100 189 162 222 108 49 46 145 74 153 146 281 104 33 236 224 116 77 155 202 368 31 74 245 182 39 194 260 178 37 29 268 191 184 141 84 183 100 80 284 75 142 141 263 184 120 183 255 138 166 198 355 184 151 172 227 101 96 222 172 119 130 234 319 249 180 72 330 57 252 87 306 177 37 206 213 74 85 110 240 103 251 332 213 52 181 142 278 93 284 195 128 146 167 233 296 104 77 139 198 196 163 199 190 276 97 221 283 164 60 63 227 188 31 152 194 183 152 179 153 206 123 59 177 115 106 244 90 147 123 196 313 143 167 111 230 188 193 186 178 190 125 130 271 104 40 208 149 144 189 124 290 168 167 56 229 167 206 208 345 133 21 179 236 139 146 91 248 209 120 193 191 58 135 261 225 115 149 54 99 188 130 141 296 48 141 269 154 154 80 140 271 124 234 206 154 152 78 196 224 134 87 165 234 78 154 194 329 106 148 123 233 104 141 113 330 181 298 95 211 147 37 148 268 187 62 152 120 175 206 193 325 284 251 92 297 148 293 264 336 39 63 49 195 47 132 41 251 198 85 88 226 276 251 161 166 94 47 39 188 49 170 162 151 157 95 204 216 181 85 172 288 162 210 107 379 129 242 274 113 163 96 81 316 188 15 113 364 80 172 57 270 113 276 70 23 63 109 187 121 162 48 54 253 61 66 141 255 167 113 155 304 44 150 113 300 265 144 148 242 321 146 153 354 44 134 262 230 187 69 50 335 85 186 199 243 219 77 177 109 128 162 108 308 132 59 102 253 290 97 231 282 222 83 132 287 56 108 37 197 188 262 224 170 86 44 220 289 158 171 105 160 126 124 52 370 47 189 266 312 140 239 168 184 65 25 203 204 67 78 214 327 137 150 197 267 116 0 95 272 146 94 144 309 67 122 168 221 135 63 190 254 49 234 218 263 217 67 323 239 74 181 167 265 170 180 261 167 149 132 101 262 64 104 230 147 164 113 98 202 284 63 114 205 104 49 189 176 209 98 256
276 161 83 85 277 104 198 108 154 136 93 62 182 78 150 53 466 90 72 13 139 124 68 213 205 162 80 71 148 72 87 206 322 141 309 5 259 104 55 190 239 140 280 146 230 120 88 72 249 61 236 257 140 42 111 58 121 64 220 115 195 9 127 231 186 59 59 90 144 313 66 170 180 167 75 167 184 105 84 72 225 96 108 101 126 88 185 79 246 22 143 131 198 193 191 156 233 67 184 140 338 95 150 79 280 61 189 139 172 122 218 161 302 204 151 143 298 42 278 39 301 113 130 113 209 151 130 16 204 43 174 243 141 92 210 125 267 128 261 100 55 88 199 197 261 42 164 153 182 107 166 128 164 215 69 142 239 83 150 141 214 94 91 59 220 168 152 91 109 124 37 46 132 33 179 153 51 62 188 146 312 75 147 32 246 174 213 92 128 99 216 87 222 96 70 118 118 82 216 41 286 211 132 85 229 143 213 119 292 143 90 115 175 67 170 76 196 141 157 125 192 74 157 166 216 98 243 87 148 131 172 79 261 135 64 178 82 158 168 123 215 94 291 113 211 98 172 155 204 56 178 135 245 168 214 104 317 68 120 112 243 123 197 54 286 170 348 57 237 164 61 200 257 110 150 58 76 83 285 103 284 233 272 129 213 159 253 170 290 107 158 46 222 54 50 111 207 104 109 47 227 268 275 68 192 84 102 69 187 144 191 93 117 69 153 113 189 170 145 107 278 97 221 20 350 184 216 205 35 159 67 15 290 154 83 208 311 16 215 42 228 115 314 154 103 106 200 92 114 155 126 87 197 70 106 48 241 87 128 93 320 76 163 30 220 170 151 155 260 235 208 63 290 97 214 177 249 93 128 134 298 108 272 116 183 124 163 208 92 33 228 19 271 61 89 68 235 258 159 136 241 165 155 46 272 58 43 63 163 93 261 129 121 37 59 126 244 85 180 147 156 105 72 48 377 112 158 187 260 60 208 121 163 94 101 190 161 122 131 141 298 44 237 104 186 173 95 0 221 115 189 67 259 30 164 94 168 80 154 204 211 103 204 124 202 131 160 291 246 87 147 110 222 86 118 226 217 131 218 6 290 36 100 156 110 73 115 64 109 228 135 43 175 30 139 95 177 254 101 161
136 364 171 296 66 320 230 320 110 348 139 160 117 297 176 186 333 253 187 218 168 312 155 65 138 382 220 248 99 293 235 420 107 328 195 226 40 302 168 389 179 324 284 332 15 325 175 291 136 282 236 384 121 181 241 265 128 283 272 331 138 219 284 449 54 275 197 291 77 485 246 325 56 385 233 380 91 293 236 244 23 187 123 131 214 194 295 299 41 237 149 140 50 414 269 370 81 272 170 336 148 252 143 230 272 174 354 290 136 343 395 328 122 401 97 254 91 227 210 261 149 309 287 178 122 345 217 211 45 262 93 174 93 301 192 344 117 343 84 211 167 296 195 403 59 183 288 374 102 256 144 310 92 391 175 303 25 267 289 264 101 231 289 223 186 385 145 158 119 287 186 259 95 243 268 271 187 249 256 348 163 278 114 190 170 392 173 184 96 169 335 304 5 317 232 160 123 288 190 181 143 427 105 297 131 360 145 151 73 364 282 310 53 270 179 297 25 323 202 311 133 288 178 247 109 319 373 297 221 328 212 286 59 275 264 164 141 380 293 343 18 313 287 234 248 125 318 361 87 258 308 351 160 346 255 156 142 168 125 333 157 186 241 270 65 389 307 278 192 385 240 413 113 287 285 222 154 232 341 160 67 418 194 344 128 380 41 187 69 304 315 243 190 259 173 308 25 185 198 268 135 484 202 230 182 178 235 233 130 298 173 290 121 243 237 246 75 389 238 114 124 296 155 202 140 395 69 370 187 133 177 229 95 365 257 357 92 225 221 228 24 337 256 341 292 220 321 200 156 375 260 298 27 284 218 223 99 269 178 296 209 228 163 191 114 249 155 376 182 341 257 236 90 301 299 132 180 185 333 322 82 197 355 280 45 211 288 196 163 216 274 203 63 267 216 289 90 461 243 213 32 354 258 181 108 271 181 239 78 222 139 223 103 258 232 183 26 279 152 361 135 325 154 256 228 312 87 333 40 257 56 105 101 307 255 407 67 328 228 313 97 227 335 183 107 382 272 221 0 331 346 156 38 241 210 131 53 292 331 160 24 233 60 180 36 280 331 492 153 305 92 111 21 262 103 430 235 350 400 218 217 249 171 325 125 173 167 285 171 408 253 179 76 248 284 191 136 471 178 228
361 60 194 38 390 11 290 21 268 27 207 176 295 37 255 147 574 105 180 114 246 68 182 313 316 54 170 96 263 58 168 91 427 74 419 110 367 121 164 89 345 154 367 79 339 37 197 71 362 56 330 287 231 157 189 105 235 74 299 1 274 115 176 118 300 57 165 52 254 222 138 202 285 53 158 53 278 70 165 146 338 166 211 216 218 156 245 66 359 107 253 243 301 91 266 42 348 63 290 60 453 110 260 120 371 175 205 120 283 47 212 109 417 102 265 217 412 133 383 80 415 55 179 183 322 144 221 122 318 72 270 312 244 98 313 21 382 87 375 152 166 41 300 88 375 157 221 68 296 118 277 79 279 134 181 110 351 82 203 209 328 130 118 116 324 54 263 181 223 104 146 99 246 89 252 156 163 89 268 53 425 58 261 145 354 60 319 165 241 179 262 28 333 44 154 197 232 49 320 151 400 138 246 91 341 29 324 203 399 59 126 56 282 65 273 56 306 82 254 72 303 88 261 189 329 32 274 95 238 54 267 49 375 194 72 247 191 61 224 21 323 23 378 144 298 211 212 50 319 76 227 21 355 177 298 190 432 181 235 31 354 225 284 62 397 58 442 61 341 77 138 141 372 84 206 116 190 121 351 187 396 139 379 89 296 68 366 229 401 121 193 121 325 109 158 125 319 172 208 73 339 153 381 114 295 192 183 152 299 187 296 59 232 100 237 133 304 58 228 217 392 53 330 132 464 134 331 138 147 271 179 113 405 43 146 233 418 118 311 132 340 47 414 157 134 195 247 153 224 48 194 94 306 86 196 112 355 82 232 48 429 162 270 142 307 193 260 61 368 210 291 105 392 109 279 258 357 166 113 146 410 207 327 102 290 171 221 310 203 115 307 130 385 66 181 50 350 148 241 181 354 82 228 150 387 94 157 141 277 137 374 167 235 83 143 191 355 67 289 99 268 21 187 107 489 119 272 145 369 78 322 236 277 87 168 76 275 109 217 95 412 106 290 174 276 129 146 115 331 0 212 176 369 109 258 200 279 40 170 312 323 185 318 191 308 121 181 182 357 74 261 223 334 91 228 117 309 22 205 116 394 104 208 106 225 164 223 55 185 140 208 157 290 85 192 163 288 175 207 197
443 270 180 218 378 209 160 226 238 237 216 214 246 192 179 239 452 267 167 202 182 269 216 367 247 211 133 248 248 165 118 267 453 282 320 187 385 95 225 296 247 58 206 287 360 244 174 151 291 180 194 76 313 200 106 135 218 153 139 211 373 198 67 267 294 199 164 236 285 429 124 22 328 229 126 249 349 260 118 121 338 284 273 222 133 276 72 151 350 168 201 207 346 211 111 239 312 223 205 270 403 273 209 263 217 189 14 308 225 170 55 314 369 309 250 96 389 150 268 174 347 255 63 300 262 71 131 204 309 190 339 424 301 117 207 199 326 129 341 289 220 224 194 288 359 196 64 174 258 286 216 279 257 346 182 305 353 251 57 84 281 279 104 245 221 231 208 272 234 291 217 148 256 205 101 333 180 236 122 264 350 226 233 205 262 234 225 279 258 284 60 204 345 168 129 302 224 226 215 217 331 163 242 126 274 223 248 301 418 174 101 256 318 225 187 164 325 287 157 272 240 134 181 353 277 181 63 122 133 262 157 223 359 71 227 362 244 192 60 197 349 194 217 298 155 237 30 259 283 222 48 225 269 37 150 287 375 192 221 182 269 162 147 197 399 225 284 177 234 177 130 138 317 271 62 245 206 267 157 287 392 347 274 128 387 183 361 358 405 94 32 142 220 137 225 89 323 292 149 173 269 305 271 253 199 173 113 129 239 50 207 244 227 248 119 295 280 225 114 258 334 243 248 200 435 122 304 349 206 221 181 174 373 248 107 22 436 173 185 150 340 167 278 56 88 126 54 281 190 208 86 123 331 139 129 234 308 253 170 235 326 129 197 207 389 357 198 187 268 407 142 245 433 107 101 354 258 281 100 66 399 149 125 285 325 312 64 202 186 221 146 202 371 218 134 181 308 338 115 325 351 293 96 226 338 141 200 130 268 280 303 317 251 174 136 314 360 243 217 127 218 190 210 143 396 94 260 348 385 228 305 248 249 127 97 245 279 103 120 295 384 229 92 291 357 114 94 189 346 212 0 235 381 160 153 258 300 214 41 229 326 114 300 311 344 304 31 368 276 141 254 251 336 258 265 312 174 206 65 194 277 156 176 309 225 257 179 178 295 350 94 206 273 194 62 283 228 192 169 350
213 213 71 141 214 165 195 165 109 193 50 23 140 141 135 36 428 111 74 63 122 165 26 146 168 227 104 100 98 139 118 266 255 182 271 72 192 163 13 239 209 195 275 187 164 172 79 139 206 127 226 294 79 35 137 120 81 131 227 176 138 63 168 294 127 119 72 139 78 350 113 214 112 229 109 225 119 145 117 114 162 69 42 55 134 68 212 146 183 86 116 99 131 259 205 215 179 118 161 187 282 113 119 89 271 50 239 158 138 189 273 191 247 253 100 165 237 88 251 106 253 159 172 77 168 210 138 55 144 106 109 190 74 156 191 189 217 194 204 88 15 142 182 251 200 39 195 220 136 121 135 165 114 252 61 167 175 119 186 168 166 98 150 75 196 230 123 42 56 149 31 110 74 87 196 156 56 98 198 197 265 125 104 37 212 236 186 63 67 58 249 148 157 163 106 72 74 134 194 26 239 278 80 150 187 205 178 69 225 210 146 161 108 117 153 144 130 179 152 164 155 140 141 153 170 164 281 152 153 178 168 132 200 170 111 129 15 225 200 188 148 157 284 111 211 40 213 208 153 104 212 196 209 222 216 56 264 50 79 178 207 116 198 115 221 233 333 123 212 231 107 266 208 143 184 74 43 93 298 57 220 275 241 196 153 225 190 131 225 166 203 101 199 114 18 171 143 74 112 114 187 329 246 85 172 77 127 106 149 186 168 139 72 95 164 118 135 233 159 41 228 144 187 48 289 250 161 236 34 124 60 78 232 211 129 252 244 75 205 88 165 182 292 211 158 122 232 75 91 220 157 151 131 135 121 71 190 121 116 143 283 107 140 37 157 156 126 222 228 239 213 87 223 159 233 119 218 65 191 190 235 110 294 141 116 105 194 190 73 62 233 48 209 113 108 133 183 311 171 114 178 208 175 26 219 123 35 107 107 92 217 115 63 104 99 91 179 128 151 213 122 169 35 110 332 172 104 207 194 104 150 64 115 160 138 252 101 185 144 173 239 75 263 72 124 238 144 67 156 176 235 0 193 92 160 27 103 137 207 174 147 128 147 88 135 148 210 343 208 154 93 48 158 116 52 279 211 194 274 64 262 100 87 187 64 36 99 130 70 267 159 30 120 92 176 70 142 321 93 140
132 401 208 333 45 358 257 357 143 385 176 199 144 335 208 223 324 287 224 256 201 348 193 81 160 420 257 284 134 331 271 457 72 363 199 264 11 339 205 424 197 361 304 366 31 361 212 329 147 320 259 416 152 219 277 303 165 321 300 369 157 256 320 487 87 313 234 328 115 517 283 360 88 422 270 417 115 328 273 281 44 221 159 169 249 228 328 337 42 275 182 174 76 452 299 407 93 309 197 371 130 287 175 265 291 212 390 323 165 381 431 361 111 437 132 288 69 265 223 299 145 345 323 210 143 383 251 249 74 300 119 185 128 339 217 382 120 381 83 244 205 333 221 439 50 221 322 412 130 289 173 345 125 424 213 336 30 303 324 298 121 265 327 259 208 423 177 194 157 321 224 297 132 280 300 302 225 286 286 384 160 315 148 228 186 429 196 218 134 203 367 341 38 355 269 192 160 324 212 219 144 465 142 335 147 398 166 184 37 402 320 346 88 307 209 336 63 357 234 346 159 326 209 275 129 357 406 336 254 364 242 323 50 311 301 187 179 418 327 381 47 351 307 266 275 163 352 397 110 295 342 388 175 382 282 190 131 206 162 371 173 220 270 308 30 426 319 316 211 423 278 451 119 322 320 258 193 267 367 194 37 452 207 382 143 418 33 212 32 342 351 281 212 297 211 346 58 218 233 307 153 521 215 266 209 215 271 270 157 334 199 326 158 279 269 279 104 426 271 152 124 332 175 240 111 433 88 403 225 165 214 268 81 402 294 392 55 263 246 266 43 375 267 378 330 256 354 234 192 413 295 336 63 323 253 259 110 305 212 332 212 265 193 229 126 276 187 414 196 368 285 272 67 339 329 156 196 219 371 359 54 233 383 314 80 242 322 221 200 254 301 241 46 305 252 326 102 497 275 242 36 389 291 219 107 309 219 277 113 256 148 254 142 296 269 213 22 315 180 399 166 363 192 294 218 350 122 364 7 294 81 143 134 345 292 445 105 366 262 347 78 264 365 216 130 420 309 259 38 369 381 193 0 279 241 169 91 329 367 183 55 269 86 210 64 312 367 527 167 343 128 150 46 297 141 466 260 388 437 256 229 287 207 359 162 209 203 323 203 441 288 217 108 286 319 224 165 509 214 255
303 162 86 87 293 99 187 108 162 133 106 81 188 72 147 83 466 112 71 42 137 134 86 238 208 149 65 92 160 55 67 198 345 150 310 27 280 74 80 192 237 110 267 156 251 123 89 50 254 52 226 230 168 61 92 28 130 42 203 108 224 38 100 220 202 60 57 98 165 320 41 141 204 157 56 161 211 118 65 48 243 126 134 114 114 117 162 58 262 8 144 135 222 177 172 150 245 77 182 146 349 117 152 104 269 70 160 158 175 105 188 175 313 206 162 123 313 25 275 30 308 122 104 142 215 121 117 45 219 43 201 273 167 64 205 114 276 103 273 129 78 92 193 195 277 59 140 134 191 130 168 140 175 224 74 159 257 100 125 119 222 120 62 85 216 158 155 120 124 142 65 18 149 49 160 177 57 81 171 149 318 84 156 56 246 164 211 122 146 128 191 84 242 80 51 147 129 88 212 68 293 187 145 58 234 136 215 149 313 124 60 123 197 78 165 59 216 152 148 135 195 48 153 193 223 85 216 59 135 136 162 85 277 111 78 208 106 142 144 112 237 86 278 139 198 116 145 154 214 70 152 129 246 138 199 134 327 77 130 98 245 117 183 55 305 159 338 47 233 145 38 174 266 125 126 85 89 108 265 133 302 238 271 104 242 141 270 200 309 77 130 20 218 24 77 82 225 133 101 36 231 258 273 94 187 84 83 49 191 117 188 103 129 91 138 137 201 159 129 129 286 105 222 46 365 158 229 217 59 163 72 15 304 151 57 180 332 18 206 25 245 98 308 124 74 91 174 121 116 142 104 59 218 44 92 74 250 103 124 100 321 58 162 56 248 197 151 138 260 256 193 86 315 68 193 206 248 123 99 104 314 99 249 135 205 152 139 202 96 61 211 47 288 71 75 58 245 256 143 165 258 171 135 74 282 31 61 40 177 121 267 157 139 27 39 156 263 97 180 121 160 94 88 19 381 82 171 204 281 76 222 138 172 67 77 180 178 93 116 155 312 69 213 133 214 146 67 30 241 109 160 92 279 0 153 119 188 82 124 204 228 85 218 154 225 152 131 290 249 64 160 130 239 105 140 225 206 121 188 36 286 7 100 170 123 103 115 53 139 235 114 64 188 39 113 124 180 230 99 190
328 315 90 241 230 250 35 261 100 284 115 138 98 223 35 187 322 251 94 174 45 286 134 248 94 288 89 233 115 201 91 343 312 303 175 166 247 159 158 345 98 157 117 308 224 276 82 190 138 204 72 175 222 139 73 153 97 184 69 258 279 170 110 358 156 213 105 250 168 474 121 134 209 301 101 310 241 269 94 113 197 229 182 115 41 226 89 196 205 158 62 77 225 306 59 299 162 229 52 300 250 256 68 235 117 114 165 301 76 240 208 325 216 359 116 60 238 128 129 183 194 274 111 237 110 184 38 170 167 197 234 332 196 174 59 258 173 215 189 245 151 245 46 346 211 135 90 261 111 266 67 291 118 377 103 305 211 247 99 73 130 248 153 216 73 302 65 202 124 287 164 159 136 195 59 309 118 225 47 302 199 236 98 153 112 307 74 223 143 219 127 236 208 221 105 230 106 241 67 160 178 286 118 176 121 283 95 225 277 255 143 276 197 229 34 203 193 303 9 287 88 174 32 312 125 230 166 174 23 290 8 238 211 92 227 282 160 275 94 257 217 235 127 265 51 137 123 306 134 219 108 279 117 168 56 214 222 112 100 240 117 44 38 209 254 300 185 199 89 270 120 264 164 273 93 215 118 239 142 216 245 391 129 215 287 270 216 288 260 161 129 137 73 149 163 161 185 234 55 188 116 397 129 227 47 86 77 107 88 115 54 255 109 230 34 269 137 301 41 158 181 258 95 159 282 245 156 368 153 76 105 156 221 301 116 158 294 151 52 129 198 233 156 173 144 64 115 233 73 282 80 175 202 175 62 206 156 250 45 253 182 97 47 157 283 316 55 270 121 393 54 223 300 167 89 262 110 224 190 160 250 56 147 279 201 264 89 55 87 190 74 162 223 222 78 209 156 406 38 274 207 325 58 170 185 164 139 118 133 244 150 274 136 181 115 251 219 248 65 226 75 240 125 151 250 168 125 350 246 224 160 133 108 186 97 323 149 188 44 304 232 205 125 232 254 232 122 164 210 258 153 160 241 153 0 170 174 235 156 76 187 75 155 248 218 293 150 440 124 193 124 145 195 249 160 375 53 266 216 167 140 156 73 320 113 196 62 204 230 388 66 144 134 190 100 230 78 325 68 301
187 234 86 165 192 189 204 188 103 217 55 44 134 167 141 55 419 126 93 89 128 184 43 119 163 252 126 118 88 165 140 289 229 200 262 99 167 190 40 259 206 220 282 204 138 194 94 166 196 153 231 315 55 61 158 147 80 158 239 200 116 90 192 318 108 144 94 160 55 365 138 237 86 254 133 248 92 164 140 139 140 71 15 56 149 73 230 173 162 113 118 101 104 285 219 239 164 140 163 206 264 127 120 103 276 70 263 170 135 215 298 205 230 272 90 183 216 114 248 133 239 179 196 72 159 237 153 82 124 132 83 168 47 183 193 214 203 222 186 93 42 165 186 272 179 64 214 246 126 133 135 183 103 267 79 180 152 137 207 188 155 109 177 93 197 254 124 38 51 163 57 137 60 112 212 162 79 119 211 217 252 147 99 64 208 261 185 65 52 55 268 173 133 190 130 61 72 156 196 53 226 305 72 177 179 229 173 55 199 236 172 180 82 139 157 170 106 196 161 183 150 167 147 152 159 190 302 179 166 198 177 155 179 191 133 112 15 251 220 213 123 183 290 117 221 35 235 230 140 126 233 220 203 247 226 46 247 68 77 204 201 128 209 140 197 258 335 150 211 258 132 294 194 160 205 92 56 106 311 49 197 292 237 223 129 252 168 118 200 193 226 127 199 141 44 197 121 73 127 141 179 353 242 101 175 92 148 130 144 209 169 159 69 113 179 127 121 258 175 21 213 165 183 75 267 277 145 250 61 122 79 105 212 234 153 275 218 102 210 114 142 209 291 236 184 141 252 81 98 245 177 179 106 163 139 92 176 140 125 164 275 129 143 64 132 155 129 248 223 243 224 106 196 186 249 97 215 67 218 216 212 126 310 155 90 105 214 193 85 85 245 75 188 136 128 159 168 331 186 112 156 226 192 51 203 150 61 132 93 101 207 116 50 131 124 85 156 148 150 240 120 195 50 137 320 199 92 217 169 126 132 53 107 187 161 276 83 212 161 188 218 96 280 71 99 265 168 94 131 200 258 27 169 119 170 0 80 161 232 172 125 148 130 81 109 160 235 363 201 181 81 34 136 133 31 300 218 219 300 90 258 127 99 202 62 44 109 156 64 283 178 56 106 118 198 73 139 349 106 137
155 314 121 244 112 268 199 268 75 296 87 107 94 244 139 135 355 205 136 166 129 264 102 75 122 329 170 198 58 239 185 369 158 280 205 173 92 250 115 340 167 273 264 284 63 274 126 238 139 229 214 342 85 128 194 212 82 229 240 279 124 166 236 397 37 223 145 240 25 441 194 278 37 333 182 328 77 244 186 192 59 143 74 80 171 148 254 245 82 184 111 98 52 361 231 318 93 221 143 287 186 205 107 182 254 122 307 246 108 290 347 283 154 352 58 210 136 175 205 208 170 259 239 137 111 294 174 158 49 209 73 171 52 249 170 292 134 290 111 166 114 245 169 353 99 129 245 320 80 210 113 262 60 345 124 257 72 217 243 219 96 185 237 173 168 333 110 112 68 241 134 206 44 190 229 231 135 199 220 298 184 227 76 136 163 340 154 139 43 125 294 252 54 264 181 120 76 236 169 129 160 374 58 244 126 308 131 111 125 311 230 261 25 219 147 244 28 275 165 262 113 235 142 213 104 266 332 245 181 279 177 235 99 229 213 141 89 327 250 291 50 260 269 191 217 72 272 310 79 206 264 299 155 297 224 112 173 116 79 280 152 142 209 218 118 336 300 225 177 332 189 360 126 239 239 173 102 185 312 116 117 372 191 291 123 327 87 159 122 253 268 190 171 206 121 256 41 142 152 215 129 432 198 181 156 128 187 182 108 250 147 240 73 194 196 202 60 336 196 62 143 245 142 149 187 342 74 326 134 101 125 176 133 314 206 312 144 171 196 176 62 283 251 291 241 174 279 155 111 323 213 245 32 231 171 172 109 220 136 245 218 177 131 138 115 215 120 323 178 307 225 186 134 249 262 112 172 140 281 271 132 151 321 233 28 171 244 172 114 165 244 150 107 216 167 236 100 412 203 175 75 306 216 129 131 218 127 188 43 177 146 183 51 205 180 144 76 229 125 308 101 272 101 203 252 260 50 291 93 206 60 53 70 254 206 355 25 276 184 267 139 176 297 140 93 330 221 168 53 279 300 103 91 188 174 80 0 240 282 140 45 185 59 141 45 235 282 443 150 252 49 58 56 213 51 380 207 297 351 165 214 195 124 279 75 124 123 232 129 362 208 125 50 195 237 146 110 418 131 194
322 82 162 5 352 29 268 28 233 57 172 139 262 22 227 107 545 70 150 77 217 56 146 272 285 94 147 57 227 49 148 128 387 71 388 76 327 119 126 111 317 156 348 76 299 41 167 63 329 35 308 289 191 121 171 89 201 62 283 40 234 78 167 157 263 22 136 22 215 238 119 200 245 93 136 88 238 47 145 127 299 126 171 180 195 116 235 63 320 78 222 211 261 130 251 78 312 23 262 65 416 75 229 81 351 142 209 97 252 73 224 100 381 125 230 202 374 107 356 53 381 42 170 144 289 153 199 85 280 39 229 274 204 97 286 58 347 103 339 114 129 11 274 117 337 122 212 101 262 85 246 65 243 143 149 91 312 47 194 195 294 93 112 76 297 94 232 141 187 80 107 79 209 51 237 129 130 49 251 67 392 20 227 108 325 100 291 125 203 139 258 16 294 54 132 157 197 13 293 113 366 170 210 88 309 68 293 162 359 91 118 44 242 25 246 50 267 74 230 59 272 80 233 158 296 45 276 92 216 55 244 11 337 183 32 208 152 98 215 57 283 30 359 109 279 174 208 74 284 35 220 59 324 183 280 150 396 148 200 56 323 199 264 27 358 98 420 39 314 112 117 169 337 59 197 76 155 83 340 147 357 156 351 105 256 103 327 192 361 120 191 99 299 91 120 125 281 133 182 48 307 192 353 74 268 162 163 130 267 181 268 30 197 61 218 99 268 98 209 178 358 29 300 96 426 159 295 139 111 239 147 81 368 75 130 236 378 87 288 107 302 69 390 164 128 173 242 114 193 88 180 91 267 76 174 72 320 48 204 21 399 139 241 105 267 162 230 97 339 195 273 65 352 107 268 219 328 126 122 149 372 181 320 75 250 134 212 284 171 76 291 94 346 25 157 33 314 178 223 145 315 90 213 111 351 79 122 120 241 100 341 132 197 55 120 152 316 33 259 120 236 43 151 87 457 120 236 134 329 38 285 198 242 88 153 115 237 117 197 81 375 66 284 134 236 151 135 80 292 40 214 137 329 82 235 161 240 0 173 283 285 165 282 152 268 95 183 211 326 74 225 185 295 56 189 146 287 61 219 80 367 79 178 96 189 123 194 37 145 153 192 121 253 50 183 123 256 210 179 163
418 229 160 177 369 168 171 184 227 195 195 188 240 151 175 206 469 228 146 167 175 228 190 345 246 172 111 209 234 124 97 229 438 240 329 152 371 55 196 256 254 17 229 246 344 203 156 110 293 140 209 117 285 171 93 98 203 113 159 170 344 163 49 231 281 159 139 195 264 389 94 35 307 190 100 209 324 219 96 93 325 250 247 202 126 242 93 110 340 133 192 195 326 175 128 199 306 183 206 229 403 235 201 226 239 164 37 268 220 130 67 273 367 268 236 96 383 119 280 135 349 214 46 267 260 35 126 169 297 150 314 394 276 76 213 158 325 90 335 253 191 183 200 248 350 167 74 135 250 247 211 237 245 304 159 264 340 211 58 82 277 242 65 208 228 191 201 241 214 251 185 111 238 167 114 294 153 197 136 223 354 186 222 174 267 195 230 246 239 252 95 163 330 127 103 270 207 185 222 186 333 136 226 85 274 182 249 270 404 135 65 215 298 185 186 123 308 245 157 231 237 94 178 315 273 139 104 81 133 221 161 182 351 64 188 331 217 153 73 156 332 153 241 261 170 215 49 218 276 183 68 184 273 15 167 256 375 169 206 141 273 153 159 157 387 186 308 137 243 140 100 112 315 231 64 208 183 230 191 255 381 306 283 88 360 145 350 324 393 53 32 109 227 101 195 48 309 258 136 133 269 270 281 216 203 154 97 102 235 41 209 203 210 209 122 257 270 186 114 234 334 202 250 168 430 94 296 307 176 213 158 139 368 207 78 63 422 140 196 119 327 126 296 19 51 113 84 245 177 168 77 82 313 99 116 197 304 214 162 194 336 105 194 175 363 319 192 148 276 367 158 207 415 66 127 325 265 247 59 24 390 136 161 245 305 276 75 209 168 185 168 169 362 178 115 140 303 299 120 289 339 252 101 194 336 102 171 100 254 244 305 280 231 135 107 280 347 202 215 90 211 149 186 106 405 53 246 307 371 189 294 229 238 86 76 207 263 62 116 254 378 192 126 258 330 83 63 154 331 170 41 207 367 124 156 232 282 173 0 230 312 99 289 278 325 264 11 330 279 100 239 229 323 219 243 273 188 165 70 160 290 119 160 268 207 225 167 137 263 309 90 177 261 156 56 249 223 171 154 313
291 364 121 288 163 302 78 310 72 336 124 157 46 275 59 208 263 281 133 211 67 327 151 212 23 349 146 266 89 257 154 401 252 344 107 207 191 227 178 393 35 231 125 349 174 323 116 248 63 256 77 244 212 168 143 212 94 241 119 312 261 208 183 420 110 261 147 294 146 516 180 210 177 359 160 365 216 308 157 174 141 241 179 119 107 241 162 255 143 205 61 76 189 371 126 354 94 271 25 344 174 284 56 261 114 144 240 330 37 301 284 360 141 407 88 135 168 179 77 233 119 317 185 245 40 257 106 205 114 244 211 311 180 239 33 316 98 282 119 262 171 291 39 399 145 165 165 325 60 294 39 330 80 417 134 338 153 283 175 149 63 272 219 244 28 360 52 210 121 320 190 214 118 236 132 330 153 261 113 350 124 278 74 183 42 366 14 235 127 227 198 287 156 279 163 232 101 285 30 185 103 357 102 239 46 339 20 225 218 318 209 319 165 271 44 260 150 343 73 327 27 235 55 324 56 287 236 238 97 335 72 283 146 167 267 272 167 338 169 314 172 289 130 285 94 138 198 357 74 259 183 333 44 243 101 218 146 138 96 299 43 88 92 256 190 360 164 251 39 335 178 336 90 309 169 244 136 265 184 222 180 436 69 282 262 334 154 285 196 229 204 192 31 207 184 230 135 245 107 239 41 459 72 255 30 121 143 165 32 190 22 297 104 262 110 292 85 360 116 154 106 301 20 193 209 317 95 405 181 50 137 201 149 354 181 233 233 196 63 180 142 294 119 247 213 127 188 249 90 342 154 238 160 235 124 237 84 286 81 297 117 155 42 187 254 327 53 333 56 413 105 255 248 233 153 247 45 237 259 233 182 108 202 311 166 276 164 38 112 223 119 195 157 265 136 262 87 460 113 284 147 368 133 193 111 222 167 176 97 266 74 288 125 230 171 257 161 288 24 295 53 296 142 207 180 237 92 380 190 263 104 121 72 250 166 382 116 257 115 341 161 238 189 242 232 304 190 204 160 312 229 174 183 204 76 172 140 283 230 0 136 141 99 253 178 321 226 493 49 255 98 139 141 283 150 428 77 323 292 205 88 208 105 356 111 210 89 257 236 431 140 171 90 234 175 243 33 397 105 309
159 359 154 289 67 312 206 313 88 341 124 149 93 288 153 180 319 250 170 209 146 309 143 84 114 373 202 243 78 281 217 413 127 325 176 215 60 286 159 385 155 306 260 329 39 319 157 279 114 272 212 361 126 169 221 251 109 270 248 323 152 209 265 441 32 266 181 285 70 486 230 304 64 376 215 373 104 289 218 227 14 187 120 115 193 193 273 286 36 225 127 119 65 403 246 363 61 265 146 332 142 250 120 227 248 160 335 290 113 332 376 328 112 398 76 232 91 213 187 250 133 304 268 180 98 328 196 201 21 252 103 192 94 287 169 335 99 329 70 211 157 289 171 398 54 170 267 362 78 255 120 307 70 390 160 302 29 263 269 243 77 230 274 218 162 377 122 157 105 286 177 245 80 234 246 275 173 244 233 343 148 272 93 179 147 383 149 183 83 169 313 295 21 306 215 163 106 281 166 172 126 413 87 283 108 352 121 154 92 352 266 306 56 264 156 286 25 320 180 308 109 274 155 254 86 309 351 283 199 324 189 279 54 255 258 175 133 369 272 334 38 304 264 235 224 113 297 355 63 251 287 343 137 327 231 156 132 153 107 323 135 165 218 261 77 380 285 268 168 373 225 397 94 284 264 218 140 230 318 160 74 417 172 330 144 368 43 196 82 288 295 229 166 244 165 292 4 186 178 258 112 476 180 226 158 160 216 216 106 278 149 285 104 239 215 247 51 380 216 106 108 290 131 192 142 379 46 371 176 111 161 218 89 359 240 336 110 213 198 214 17 325 234 323 275 201 299 200 136 366 240 283 34 271 198 217 79 265 156 290 190 210 140 181 132 255 133 365 160 348 234 231 114 286 276 144 157 184 318 305 87 178 331 278 51 214 266 172 146 209 251 193 62 260 197 278 69 457 221 217 31 351 236 173 93 258 169 223 58 221 119 226 90 247 216 187 35 274 128 347 112 315 141 242 214 296 66 335 60 251 33 90 79 293 236 399 51 313 207 312 94 221 312 184 121 367 254 211 24 323 326 147 55 228 187 125 45 285 312 136 0 214 37 183 51 280 312 488 130 292 73 100 11 258 96 425 211 341 381 208 195 236 152 324 108 169 147 274 172 407 232 168 54 239 264 190 113 456 159 234
329 243 66 170 270 177 105 189 129 211 102 105 143 151 82 141 396 192 55 115 79 218 105 253 153 213 24 173 136 127 17 268 340 235 246 104 273 86 120 272 170 94 183 240 246 205 60 115 201 132 145 167 203 95 10 79 105 111 118 185 264 111 51 283 183 144 56 182 170 403 47 93 214 226 29 236 236 203 21 39 227 188 163 107 35 182 85 121 241 91 95 96 232 232 88 225 209 162 116 230 307 198 104 181 186 78 122 241 124 165 162 260 271 286 138 40 284 62 204 113 257 206 54 200 165 119 37 114 198 128 227 316 188 99 132 184 230 141 238 198 114 176 119 273 252 91 67 186 152 210 115 225 146 308 69 243 242 184 60 41 180 196 79 161 146 227 104 168 120 226 117 87 142 132 76 256 72 163 86 231 264 168 123 105 181 233 144 182 144 183 121 164 232 146 34 198 110 172 140 116 241 217 128 101 181 209 157 196 306 180 69 208 204 163 97 129 211 236 72 220 143 99 86 266 177 156 154 99 53 220 83 169 252 44 162 257 134 200 72 182 235 162 194 214 114 124 88 234 178 155 85 205 185 113 115 182 281 80 108 166 184 55 99 139 289 225 257 127 162 196 48 196 220 209 57 160 93 185 182 183 283 320 202 141 276 195 251 257 294 88 83 66 146 76 122 90 211 194 38 117 177 323 203 171 117 59 3 35 140 65 121 188 113 171 53 215 172 226 44 145 240 190 161 106 333 177 197 302 106 116 69 92 270 228 41 129 324 88 126 62 229 158 231 112 72 14 104 187 78 207 30 100 217 100 17 150 208 187 65 184 255 27 100 108 277 270 96 195 193 338 108 165 319 93 111 245 181 183 119 95 291 38 171 218 210 220 66 129 72 134 127 108 264 155 20 136 206 332 58 232 240 255 52 125 240 91 95 46 156 194 213 228 136 111 46 215 249 182 122 154 113 166 98 79 321 96 148 288 273 160 196 133 139 111 25 248 166 116 33 239 281 147 137 193 245 164 49 103 233 185 114 128 269 85 75 148 185 165 99 141 214 0 191 212 230 234 98 365 190 118 141 137 224 188 152 302 124 191 167 107 214 86 62 255 111 156 68 132 194 318 33 101 163 124 52 187 128 258 55 258
195 360 136 286 80 307 172 310 62 338 112 143 58 282 123 182 296 256 153 205 118 312 136 118 77 365 182 246 58 272 196 409 157 329 146 208 93 268 157 386 119 284 223 333 75 318 138 268 81 264 176 330 145 162 197 237 90 260 214 318 180 204 241 435 22 262 165 285 79 494 212 278 91 371 196 370 132 292 198 209 43 198 128 103 166 202 243 275 51 215 99 94 97 394 213 359 34 264 111 334 135 257 91 233 211 147 309 299 80 322 351 335 100 400 56 204 96 199 152 242 111 306 244 194 62 308 168 197 15 247 129 224 111 271 132 328 75 315 57 221 153 287 135 397 61 162 239 351 44 263 88 312 45 397 145 310 56 265 242 216 41 238 257 221 126 371 92 165 95 293 175 233 73 231 214 288 160 245 201 343 125 271 68 174 111 378 113 193 80 180 282 291 57 297 196 177 89 280 129 169 101 398 73 269 72 347 85 169 122 342 248 307 80 263 123 277 55 325 148 311 74 261 123 271 50 301 321 269 169 325 156 278 62 230 257 199 134 360 244 327 74 298 227 246 189 108 270 354 26 250 258 339 102 304 197 168 118 140 88 315 99 138 184 257 100 373 249 260 132 362 208 381 67 289 237 221 129 236 282 172 92 422 137 316 176 358 61 219 105 270 270 215 129 231 163 273 37 198 153 249 76 472 145 230 123 141 193 198 71 253 114 286 88 242 185 256 19 374 187 109 85 291 95 186 147 362 15 379 171 80 146 208 86 356 221 309 139 203 162 200 44 315 199 302 256 177 269 210 113 358 214 269 66 258 174 218 50 268 129 289 160 191 108 177 165 273 102 356 125 365 199 234 149 270 243 170 121 194 301 284 101 153 297 285 78 228 238 136 127 208 216 188 73 258 176 271 40 458 190 233 52 355 207 172 73 245 161 206 41 230 88 240 85 239 199 202 64 275 94 332 82 308 131 229 193 278 47 346 92 251 5 83 51 279 214 394 47 296 179 318 95 222 279 196 149 349 234 204 60 318 300 147 86 218 155 130 59 282 289 99 37 191 0 199 84 289 288 490 95 279 57 99 42 262 99 426 175 335 357 202 161 224 131 331 95 174 123 267 185 413 206 161 30 233 239 201 79 441 136 253
171 203 158 153 245 181 282 173 183 197 134 111 213 167 221 72 493 89 161 112 207 148 114 136 242 245 188 95 167 179 200 267 253 161 339 127 205 228 92 223 287 264 361 163 180 170 167 186 273 162 311 376 58 116 221 182 161 179 315 191 83 115 247 301 176 145 156 140 120 306 187 291 124 241 189 228 99 131 198 191 195 28 74 137 221 38 297 192 218 146 199 181 134 281 292 220 233 129 244 172 325 86 201 71 357 137 313 113 216 222 342 153 294 233 169 251 271 161 328 151 310 150 251 12 238 274 226 109 189 142 93 123 89 214 274 210 274 242 251 40 99 150 266 241 236 121 278 252 204 84 215 142 180 214 148 127 204 110 267 253 230 63 215 79 278 240 204 46 132 114 96 169 137 119 283 92 140 103 285 187 324 133 179 108 287 247 266 32 128 29 332 167 183 198 185 21 152 142 277 96 299 319 151 206 256 216 252 30 232 241 214 151 128 127 237 184 159 153 239 145 230 194 227 73 236 193 363 208 241 167 255 142 236 252 120 57 89 250 283 209 165 181 370 58 299 116 293 203 214 118 295 205 282 292 303 35 314 138 158 206 280 204 286 143 241 246 415 161 292 263 181 313 266 121 266 79 130 70 386 32 245 244 317 243 106 254 221 46 243 230 280 170 280 178 90 235 179 21 199 157 257 330 322 78 255 164 211 185 224 264 250 135 150 91 252 71 194 246 246 100 284 141 263 111 319 300 214 192 107 203 147 139 272 212 204 330 249 138 290 161 198 217 372 278 227 208 315 38 177 239 240 208 153 189 207 87 248 111 203 144 352 188 224 105 118 75 210 249 303 166 300 87 213 220 320 69 294 31 248 258 261 198 381 109 135 32 278 274 161 95 321 109 242 129 193 167 239 294 259 34 210 186 261 87 271 180 117 182 168 54 282 44 129 150 176 4 205 125 231 261 201 194 123 172 392 235 168 154 208 114 200 132 185 212 218 260 153 242 231 141 276 93 348 20 91 290 218 124 180 191 311 88 210 154 248 81 141 152 278 253 183 212 199 0 146 103 284 323 279 202 159 114 192 102 105 265 297 212 341 118 338 160 175 150 143 55 186 166 18 232 244 110 180 130 257 30 220 360 181 56
113 337 165 272 100 297 242 295 118 323 129 145 133 275 184 162 368 224 179 198 174 284 140 34 158 361 214 221 103 274 229 396 120 300 227 207 60 291 148 361 202 316 303 303 34 299 170 274 164 261 254 388 88 165 238 251 127 265 284 308 102 199 280 426 69 253 187 265 61 453 235 322 24 362 225 355 55 265 229 234 57 157 98 123 216 164 299 281 77 220 156 143 15 394 276 346 111 247 184 308 184 223 151 201 292 163 351 258 150 324 391 297 158 373 102 255 126 215 236 242 183 282 283 146 144 336 219 190 69 241 57 141 65 288 210 323 150 328 118 180 148 271 210 376 95 167 290 355 118 225 156 281 102 359 166 272 61 239 288 264 125 201 278 196 206 362 154 130 111 257 166 243 88 221 274 238 175 224 265 321 197 253 121 171 195 369 193 154 86 139 339 281 40 298 223 128 121 263 208 161 176 412 103 283 156 337 167 119 91 345 271 283 28 245 191 279 29 293 210 282 151 273 187 213 134 299 377 283 226 301 222 262 94 274 239 128 121 359 295 322 19 291 308 202 261 112 317 335 110 233 309 327 186 340 268 126 178 157 124 313 183 188 252 248 94 366 333 258 214 366 230 399 145 258 284 196 143 203 355 130 99 388 222 329 94 361 77 151 97 294 312 230 209 245 153 297 49 154 197 249 160 459 229 202 197 172 231 224 147 295 189 263 118 216 241 215 93 366 241 96 158 269 177 183 173 382 96 338 168 144 167 212 131 340 248 357 109 208 237 215 59 318 283 333 283 218 324 170 156 354 258 283 18 269 216 198 129 241 181 270 241 220 174 172 81 214 164 357 209 306 269 209 91 289 307 96 205 155 321 314 115 196 365 250 20 178 289 213 158 193 287 183 98 243 211 268 120 433 248 179 68 325 261 159 142 256 164 229 86 192 169 190 94 239 221 149 60 252 166 346 144 304 141 241 263 301 93 300 62 232 82 96 112 292 250 384 69 316 229 283 133 203 342 151 72 369 263 202 36 308 344 135 64 225 218 109 45 268 325 178 51 230 84 146 0 248 326 464 179 288 94 97 54 234 85 402 250 328 394 199 245 233 168 294 119 146 168 265 139 377 253 161 89 227 282 160 151 456 176 193
268 109 205 93 345 114 328 100 258 115 197 164 289 117 275 113 577 42 199 120 262 57 170 240 316 169 211 61 245 142 217 176 357 64 419 130 307 209 143 123 356 248 410 64 282 88 213 155 354 125 364 377 160 155 242 171 228 151 351 121 181 124 250 212 267 105 188 73 211 206 193 288 225 159 205 140 203 51 215 200 293 93 161 203 257 87 314 156 316 145 260 245 237 205 322 136 323 81 306 79 421 37 265 60 409 181 301 10 285 164 319 49 388 132 248 274 370 173 397 131 398 66 254 102 316 247 261 123 282 115 196 206 187 189 334 142 362 198 345 69 150 87 324 144 334 159 292 189 284 27 282 48 261 111 192 24 304 53 276 271 313 51 200 78 341 158 269 124 204 17 132 158 219 103 310 35 175 71 319 95 411 79 252 141 360 164 332 97 211 111 342 109 283 149 201 120 222 82 339 136 386 258 228 180 335 137 326 129 336 179 204 66 227 80 294 144 257 55 285 53 303 170 281 71 317 139 364 183 278 77 301 84 334 262 77 149 159 181 295 142 266 123 420 46 342 188 294 112 299 83 303 127 357 275 344 124 407 185 227 147 355 250 327 107 342 166 475 127 358 198 189 261 353 37 277 78 185 56 416 120 346 141 389 200 204 188 320 125 345 211 278 172 343 170 137 216 276 94 238 131 335 235 393 67 315 208 232 199 297 266 312 65 220 63 285 33 280 166 277 181 373 69 335 134 420 252 304 91 142 271 190 142 369 125 208 325 352 146 343 172 296 162 437 257 216 237 325 80 233 164 255 183 253 165 237 87 336 51 253 76 432 207 284 136 218 74 271 181 376 105 339 69 316 198 344 170 366 96 217 240 362 237 401 20 235 73 291 332 212 102 359 131 341 86 220 126 327 192 291 77 309 85 286 128 363 164 156 191 252 59 365 63 208 131 189 101 305 63 297 214 269 134 179 165 479 212 251 59 310 77 291 211 263 181 229 174 242 211 263 40 373 88 365 97 194 245 217 131 280 121 304 148 312 152 293 160 235 95 264 321 280 234 289 103 248 0 273 220 357 168 240 193 289 47 190 165 346 141 314 127 409 153 223 47 212 115 238 128 109 129 265 151 266 113 265 89 290 295 227 83
421 240 161 186 367 178 164 194 226 206 197 191 237 161 172 212 461 237 147 173 172 238 193 347 242 183 112 217 233 134 97 240 438 250 323 158 370 64 200 266 248 27 220 256 344 213 156 120 288 149 201 107 289 175 91 105 202 122 150 180 348 169 47 242 280 168 142 204 265 400 98 24 308 201 103 220 326 229 97 96 324 257 250 203 123 248 83 120 338 139 190 194 327 186 119 210 303 192 201 239 398 243 199 234 230 166 29 277 216 141 65 282 363 279 235 90 380 124 273 144 344 224 44 272 256 45 122 175 296 159 317 399 279 86 207 169 321 101 332 259 195 193 194 258 348 171 66 146 248 255 208 247 244 315 161 273 339 220 52 77 273 250 73 215 222 202 198 246 215 260 190 118 238 175 106 303 156 206 128 234 349 195 220 178 261 206 224 252 240 257 84 173 330 137 105 275 207 194 216 191 328 145 226 94 269 193 244 275 403 146 71 225 299 194 182 132 308 255 152 241 233 103 174 323 270 150 94 91 128 231 155 191 349 59 196 336 220 164 65 167 332 163 232 269 162 216 38 229 273 191 58 195 267 17 158 260 371 171 205 151 267 150 152 166 386 197 299 146 236 151 104 120 312 240 58 215 185 237 180 260 380 317 277 99 364 156 348 330 392 62 23 114 221 108 199 58 309 264 135 142 265 280 275 223 197 154 96 105 232 35 204 212 210 217 116 265 269 197 109 237 330 211 245 173 427 103 294 317 180 211 160 145 365 218 82 53 422 145 189 123 326 137 288 30 58 111 74 252 176 179 74 91 314 108 114 204 301 222 159 204 329 107 190 180 367 327 189 159 270 376 150 215 416 75 117 329 259 253 70 35 388 135 151 254 306 283 67 202 168 192 158 175 361 187 115 149 300 310 114 296 338 262 94 199 332 110 175 104 254 251 300 287 232 143 111 286 346 211 211 100 208 159 189 113 399 63 246 316 371 198 293 229 236 96 76 218 263 73 112 264 376 199 116 264 334 93 67 160 331 181 31 210 367 131 150 235 282 183 11 226 312 98 288 284 326 273 0 341 274 110 239 231 322 227 245 284 180 176 70 166 282 126 160 278 208 230 165 147 268 320 85 181 260 164 51 255 220 179 153 320
486 131 373 206 555 191 470 183 445 157 383 349 473 218 436 308 756 240 360 288 427 180 356 459 496 159 352 245 437 239 349 101 576 164 599 287 523 292 333 104 527 316 545 161 497 172 378 250 541 238 510 439 377 332 369 286 412 255 476 182 400 289 349 107 470 233 346 205 418 95 319 364 440 142 339 130 421 200 345 327 502 307 370 391 399 299 416 245 525 288 433 422 453 160 442 141 522 227 472 157 625 241 440 262 550 353 358 210 463 205 347 171 590 91 440 395 579 315 565 260 592 184 351 320 501 297 402 295 487 250 414 420 399 271 494 182 558 241 547 285 337 204 482 94 542 333 394 195 473 239 457 182 453 116 360 196 515 226 375 386 505 263 293 270 506 140 443 334 396 208 316 281 417 261 428 242 342 245 446 147 603 220 438 318 535 136 500 309 410 325 425 206 495 219 335 338 408 211 501 321 578 224 420 267 520 157 504 345 553 196 302 183 440 228 455 236 468 170 435 181 483 266 442 280 507 210 428 270 418 165 448 213 542 368 233 367 357 177 395 184 480 205 557 265 477 382 377 137 494 240 395 161 535 331 477 338 606 359 411 200 534 407 463 238 557 145 621 242 523 191 320 246 548 205 379 271 366 261 520 334 559 82 561 242 423 185 530 343 560 292 359 303 507 290 327 294 484 311 390 254 519 82 562 263 477 373 363 333 478 357 478 204 407 250 417 251 477 144 407 383 568 199 511 306 630 254 504 142 321 450 358 292 575 139 325 388 570 298 492 314 505 210 596 312 307 376 414 293 404 163 371 269 466 265 378 272 531 223 413 201 610 343 451 315 438 281 441 182 549 230 469 257 536 281 452 390 538 309 272 309 574 388 491 215 448 293 394 491 383 282 484 304 551 233 362 232 524 33 420 297 519 138 406 318 561 275 332 322 450 272 553 283 405 263 325 321 517 215 469 241 447 199 362 289 668 286 446 185 526 239 493 407 453 259 347 123 444 270 398 182 581 268 456 313 414 258 323 291 492 182 368 343 527 290 440 363 443 211 330 493 488 365 490 323 464 220 341 0 537 249 435 391 499 230 393 65 489 174 336 291 576 285 389 173 400 320 404 237 326 98 386 331 463 261 366 304 468 229 388 297
289 408 164 331 137 347 119 354 99 381 160 194 68 320 108 244 221 318 178 252 114 367 188 213 42 396 193 305 113 303 202 447 230 385 63 250 176 276 214 436 34 280 141 390 166 366 160 295 21 301 103 285 231 208 192 259 129 288 156 357 273 249 232 467 114 304 192 336 163 556 228 258 185 406 208 410 226 348 205 222 131 272 205 153 156 273 207 302 125 250 105 116 192 419 170 399 74 313 74 386 130 321 97 297 126 185 288 366 75 349 331 398 99 450 111 184 135 225 57 278 71 359 234 272 42 306 155 245 111 288 222 319 198 287 71 362 58 330 89 294 208 334 82 443 121 206 212 373 75 329 81 370 99 457 177 375 139 322 223 197 54 306 268 282 57 407 94 239 153 357 228 261 142 278 177 362 196 300 157 393 75 320 104 222 20 413 51 266 151 256 241 332 148 326 210 258 135 328 63 223 55 406 129 287 24 385 34 250 197 366 258 360 173 313 93 307 150 383 122 368 55 283 104 352 46 333 278 286 146 377 119 325 121 216 309 290 199 386 216 360 168 335 142 318 131 169 246 401 71 301 229 378 9 291 139 246 100 179 130 346 8 137 133 299 166 407 154 296 51 383 225 385 53 348 217 281 174 301 212 249 154 478 42 331 271 382 134 306 172 278 252 239 59 254 220 279 131 274 155 285 22 506 49 292 77 165 192 212 60 239 70 338 137 301 158 326 90 407 165 180 63 342 29 233 169 366 84 443 221 88 179 245 114 399 229 278 210 240 98 226 130 342 104 296 262 176 232 281 133 389 203 286 161 282 173 275 57 325 128 339 75 203 90 226 260 354 98 381 30 444 145 293 234 282 194 261 30 268 308 282 152 156 236 348 172 305 212 76 155 262 154 236 131 307 184 307 64 504 161 312 131 410 181 229 73 269 207 223 113 299 28 317 151 275 218 283 146 329 70 344 91 342 180 254 132 286 111 415 174 303 98 148 94 298 215 429 129 306 164 379 126 277 228 271 243 353 239 246 153 357 276 208 167 249 124 201 150 326 279 49 130 190 95 279 179 357 274 537 0 302 120 167 132 322 175 472 113 369 340 247 65 254 149 394 145 242 134 302 263 472 189 210 101 277 224 274 70 446 151 335
362 134 145 78 356 69 222 85 222 100 169 145 246 52 195 138 514 136 129 96 189 128 150 300 262 95 109 118 221 26 103 150 408 141 361 83 343 48 142 162 286 83 296 146 315 104 146 16 310 44 262 216 226 124 121 44 190 24 227 73 279 93 103 165 265 64 115 96 229 296 74 129 266 108 94 120 271 121 99 81 306 174 195 177 153 164 171 12 325 68 199 193 285 117 194 109 305 87 231 130 409 142 208 139 302 133 136 170 230 47 151 173 373 175 224 147 376 81 321 51 365 114 105 192 271 80 155 102 282 61 261 325 229 25 250 67 334 41 334 170 141 84 237 158 340 122 148 72 250 154 223 138 236 207 135 165 321 116 129 137 281 154 45 125 263 109 210 176 187 153 125 46 212 83 180 200 119 107 197 126 374 89 216 118 296 114 259 171 209 181 188 63 305 30 92 201 190 86 258 129 350 124 207 18 289 92 269 203 377 64 54 116 261 89 213 24 280 146 190 132 250 20 201 225 281 42 203 21 171 121 201 84 340 121 94 259 168 84 150 65 300 54 308 172 229 180 139 123 275 91 153 91 299 109 228 189 385 139 191 48 297 166 215 64 368 107 373 43 280 83 77 113 324 133 133 125 152 142 277 187 365 212 319 42 299 80 334 247 373 48 120 65 264 49 138 52 288 182 148 45 286 205 320 129 234 141 116 90 246 114 236 104 191 120 168 166 263 107 159 193 345 103 274 107 427 98 290 208 121 219 133 76 365 114 77 163 396 81 244 80 309 40 349 90 60 130 174 166 173 89 123 21 282 21 132 116 309 118 174 95 371 99 213 117 306 229 205 79 309 269 220 120 377 35 206 261 297 172 49 75 377 146 253 148 269 193 148 247 154 109 236 107 351 83 119 42 305 216 171 205 322 154 157 133 341 35 124 79 239 158 322 194 202 53 84 204 326 105 233 60 216 52 151 51 435 47 233 207 345 97 284 201 232 14 98 130 241 44 150 155 374 109 217 182 273 87 74 87 305 74 141 154 343 64 193 181 252 74 100 255 292 118 279 202 288 168 110 249 302 0 223 194 303 124 203 186 241 75 147 92 332 56 155 169 185 158 169 41 191 213 137 127 250 72 119 172 235 167 153 227
204 304 81 230 134 251 150 254 27 282 55 86 54 225 90 129 337 204 98 148 80 258 79 124 84 308 129 193 10 215 144 352 199 275 181 151 131 213 101 331 130 233 219 280 105 262 84 211 115 207 168 294 114 104 149 180 37 202 191 261 164 147 192 378 43 205 109 230 48 443 158 233 85 314 143 313 121 238 145 154 86 152 85 46 123 154 206 218 103 158 62 49 101 337 182 302 87 208 96 279 191 206 58 182 210 90 263 250 63 265 304 284 156 345 10 162 153 142 170 184 159 251 195 152 79 256 126 141 60 190 114 214 82 216 125 271 124 259 114 175 97 231 122 341 117 105 197 294 45 213 66 259 21 345 88 260 101 212 197 172 73 189 202 168 125 314 61 119 39 242 119 176 22 175 180 243 103 191 171 288 172 215 28 117 129 321 112 147 31 136 246 234 91 240 142 138 33 224 126 113 146 342 15 212 97 290 94 130 164 285 193 253 73 207 99 219 71 272 116 257 73 204 93 231 78 243 283 212 132 270 128 222 117 184 202 174 81 302 202 270 96 241 225 199 169 53 226 298 60 194 217 282 123 254 176 125 172 83 34 257 121 94 160 200 149 316 261 203 137 305 153 326 114 236 193 168 72 185 264 129 144 368 158 260 167 301 112 188 154 216 223 158 128 174 108 219 70 154 106 192 98 415 164 178 109 87 143 144 67 206 102 231 32 188 147 208 43 316 147 60 135 236 105 129 204 307 70 329 115 53 90 151 144 300 167 266 183 146 149 143 89 258 215 250 203 129 231 162 64 301 168 213 79 202 126 164 97 214 87 234 194 137 82 120 161 234 71 298 144 324 176 180 180 214 213 149 136 148 246 232 155 106 272 234 77 185 197 127 73 153 195 131 128 202 125 214 90 402 154 192 101 301 168 117 126 188 104 151 16 182 125 197 32 181 144 163 108 220 80 276 53 251 74 172 240 224 11 298 132 196 61 29 27 223 164 337 26 241 137 266 152 167 248 151 136 295 181 147 92 261 254 93 128 160 124 81 49 225 239 98 73 141 57 159 94 240 239 435 120 223 0 47 83 209 54 370 160 277 309 145 180 167 79 280 38 124 76 210 143 361 162 104 28 177 192 155 66 385 86 215
192 261 71 189 167 212 177 213 69 241 35 49 99 187 114 84 385 158 84 109 101 213 44 117 129 272 118 148 54 181 133 313 215 230 228 115 150 194 59 288 173 220 252 234 121 220 78 180 162 171 201 301 77 69 146 154 50 171 214 223 134 108 185 340 79 166 90 187 36 397 138 229 78 276 129 273 100 193 134 138 115 105 40 31 131 107 214 187 136 126 88 71 97 303 199 263 132 166 132 235 234 159 89 135 246 66 257 203 102 232 295 238 199 301 56 168 189 118 214 150 206 207 189 106 125 239 135 101 95 152 91 187 52 191 162 234 170 232 156 127 56 190 156 299 152 71 201 262 92 166 102 213 69 299 70 213 129 167 197 175 121 142 181 123 164 276 93 72 21 195 77 148 26 134 193 196 78 147 189 245 218 173 65 79 174 283 153 100 19 89 253 195 112 206 126 93 41 182 164 72 193 316 38 186 144 252 139 86 183 253 174 209 70 165 128 186 86 226 136 212 116 177 119 186 125 208 289 187 145 226 151 180 152 181 159 137 35 269 206 233 107 203 260 152 195 15 225 257 107 152 220 243 169 244 201 79 216 60 47 223 167 105 183 161 176 279 302 168 178 274 133 303 161 190 194 122 46 138 288 83 174 323 203 233 143 269 143 147 180 196 219 133 167 148 65 200 96 107 109 157 145 376 208 132 144 78 138 127 111 201 138 187 38 143 159 161 88 279 157 14 181 192 149 91 241 285 113 282 76 90 71 118 183 259 152 266 202 113 181 118 118 225 258 237 186 127 237 115 73 265 166 187 89 173 125 120 143 169 101 191 241 124 113 81 141 188 99 265 189 277 199 135 188 192 229 117 181 101 224 217 188 108 289 187 77 139 200 162 67 110 220 93 162 161 117 178 135 359 167 146 131 256 176 74 171 160 69 132 60 134 173 151 16 147 124 118 134 176 118 250 88 215 44 145 287 204 58 251 151 153 102 19 72 197 155 299 52 219 143 220 190 123 262 105 111 273 167 110 111 223 251 48 150 130 145 34 58 185 229 139 100 137 99 114 97 193 231 391 167 194 47 0 111 164 15 328 190 240 298 108 225 137 80 234 33 77 85 174 97 315 164 67 73 138 189 107 106 360 87 170
157 370 165 300 56 323 213 323 98 352 134 160 100 299 162 191 314 260 181 220 155 319 154 86 118 383 213 254 88 292 227 424 118 336 174 226 52 296 170 395 158 316 264 339 35 329 167 290 115 283 217 370 134 180 231 262 120 281 255 334 156 220 275 452 41 277 192 296 81 495 240 314 70 387 226 383 109 299 229 238 4 197 130 126 203 203 282 297 26 236 136 129 69 414 254 374 60 276 152 342 134 260 129 237 252 171 344 300 120 343 386 337 105 408 86 242 80 224 189 261 129 315 278 189 102 339 205 212 28 263 109 195 103 298 174 346 96 340 64 220 168 300 177 408 44 181 276 373 85 264 128 318 79 400 170 312 18 273 278 252 80 240 285 229 167 388 131 166 116 296 188 256 91 245 254 283 184 255 241 353 143 282 102 190 149 394 154 193 94 178 321 306 17 317 225 171 116 292 171 183 123 424 98 294 110 363 126 163 83 363 276 316 64 274 163 297 33 330 188 318 115 285 163 261 89 320 360 294 208 334 197 290 44 265 268 181 144 380 281 345 39 315 268 244 231 124 306 366 67 262 296 354 139 337 238 166 125 164 117 334 137 174 225 272 66 391 286 279 172 384 235 408 92 295 274 228 151 240 324 170 63 427 173 341 148 379 32 203 71 299 305 240 170 255 176 302 15 196 188 269 115 487 181 236 165 171 226 227 113 288 155 295 114 249 223 256 59 391 225 117 104 301 135 203 132 390 48 380 187 119 172 229 80 369 251 346 101 224 203 225 6 336 235 334 286 211 308 210 146 377 250 294 40 282 208 228 78 275 166 300 188 221 148 192 134 263 141 376 161 356 241 241 107 297 284 149 159 194 329 315 76 187 338 288 58 223 276 178 156 220 257 204 52 271 208 289 69 467 229 225 20 362 245 184 88 269 180 234 68 231 118 235 101 258 227 195 25 284 135 358 120 326 152 253 209 307 76 344 51 262 37 101 88 304 247 410 62 324 216 322 84 232 320 193 125 377 265 222 21 334 336 158 46 239 195 136 56 295 323 141 11 224 42 192 54 289 322 499 132 303 83 111 0 269 106 436 217 352 391 219 196 247 162 334 119 179 157 285 181 417 242 179 63 250 274 200 120 467 169 242
273 104 164 56 325 82 284 72 224 96 162 127 254 77 234 80 542 14 157 75 222 51 134 232 280 145 166 17 213 98 171 166 349 67 384 85 294 164 108 127 318 202 366 71 267 68 171 110 321 80 321 331 150 115 196 124 193 106 306 91 185 79 203 199 241 61 144 39 188 235 146 242 210 139 159 126 196 31 169 153 272 80 139 169 212 71 267 113 295 98 222 207 224 181 276 119 295 37 266 74 397 19 227 33 366 140 255 53 248 129 275 77 362 140 216 228 349 126 359 84 369 49 207 96 282 203 216 80 258 68 188 221 169 144 293 111 333 158 319 62 114 51 283 142 312 118 245 157 251 29 244 50 229 136 150 56 284 9 229 224 282 40 154 41 302 139 231 104 172 38 93 112 190 57 264 76 133 25 274 87 381 37 218 101 324 145 293 81 182 96 295 72 264 109 155 112 187 44 299 99 355 226 196 135 302 115 290 119 324 146 157 50 210 35 253 101 238 63 242 49 267 125 240 102 285 101 318 138 234 67 258 45 312 215 31 157 129 152 249 111 250 86 377 53 297 156 248 102 269 36 257 104 321 230 300 109 380 145 191 112 320 208 283 61 327 145 433 82 318 167 143 225 324 27 230 42 148 32 370 105 328 159 352 160 207 158 300 138 330 166 231 125 304 123 102 170 254 85 195 85 301 229 355 32 274 166 186 153 262 219 272 33 186 21 239 43 251 145 231 154 344 40 298 92 400 214 277 122 102 235 148 96 345 110 161 279 342 100 300 126 275 125 397 212 170 192 279 66 193 139 209 138 235 120 192 46 306 9 211 44 396 161 244 96 220 106 232 152 339 152 294 29 311 153 298 171 328 81 174 195 344 193 354 30 218 80 244 292 172 61 314 89 320 41 175 83 299 200 245 90 288 93 239 93 335 117 116 145 223 47 333 76 179 85 143 101 287 25 259 175 232 99 142 118 448 167 220 101 296 30 265 180 231 137 182 158 215 168 217 58 351 45 318 87 191 206 170 86 262 91 258 116 297 105 249 133 213 56 219 283 258 188 262 102 234 47 227 230 322 124 209 164 269 0 164 169 302 113 271 83 370 107 182 73 178 90 198 84 99 151 219 112 236 66 218 76 253 265 185 107
178 264 86 193 163 217 191 217 79 245 50 59 108 194 128 85 390 157 98 115 116 214 55 103 138 279 133 148 63 190 148 318 205 231 235 123 141 206 64 290 183 233 266 235 112 223 93 189 168 178 215 316 63 79 161 165 64 180 229 228 119 115 199 346 78 172 103 190 26 395 151 244 65 282 142 277 84 194 148 151 110 99 31 47 146 103 229 196 132 135 102 85 84 311 214 267 133 170 144 237 233 158 102 134 259 79 271 200 113 240 309 236 199 303 64 183 186 129 224 157 209 209 203 98 133 252 150 107 94 158 76 172 37 202 174 241 173 243 156 122 63 194 169 302 149 82 216 271 99 163 114 213 75 298 84 211 123 168 212 190 126 139 193 123 176 282 105 66 36 194 83 158 32 139 208 190 90 149 204 247 222 176 76 86 183 289 164 94 24 82 269 201 105 214 140 84 55 185 176 78 197 327 48 197 152 257 148 76 174 261 187 211 58 168 142 194 78 226 151 213 126 187 133 177 131 216 304 198 160 228 166 184 149 196 162 124 38 276 221 240 97 210 273 147 209 28 240 260 111 156 235 248 177 258 215 71 217 74 61 230 175 121 198 167 169 285 314 175 189 282 145 313 164 190 208 123 60 137 302 75 168 323 212 244 128 277 138 135 173 209 233 144 179 159 70 213 91 101 124 165 153 381 218 132 157 93 153 141 120 216 150 189 52 144 175 157 91 285 172 11 183 195 159 98 237 296 114 280 84 101 85 127 182 263 165 280 193 123 195 130 113 234 269 250 198 142 253 110 88 272 181 198 79 183 140 122 146 170 116 194 248 138 126 88 126 180 113 273 198 270 214 136 176 204 244 102 190 96 236 230 182 123 305 186 66 132 215 175 82 114 234 100 158 165 132 185 138 362 182 138 126 257 191 78 173 170 79 145 64 131 178 144 26 155 137 109 127 178 129 261 100 221 57 156 291 216 64 247 142 156 102 30 81 207 169 304 52 230 159 219 188 126 277 98 96 284 180 118 103 228 265 52 141 140 160 31 51 189 243 150 96 152 99 105 85 190 245 393 175 203 54 15 106 164 0 330 204 247 312 115 234 147 95 232 47 75 100 181 89 314 179 76 77 145 204 102 117 370 102 161
432 66 308 141 492 126 406 118 380 92 318 284 408 153 371 245 691 179 295 223 362 118 291 399 431 102 287 182 373 175 285 50 517 104 534 222 462 231 269 42 462 258 483 102 435 108 312 187 476 173 446 386 317 267 306 222 347 191 414 117 345 224 288 75 406 168 281 141 355 121 255 307 378 83 275 66 363 137 281 263 439 247 307 326 335 239 356 181 462 223 368 357 393 114 380 77 457 162 407 94 561 181 375 201 487 288 303 156 398 144 298 119 526 33 375 333 516 250 500 195 527 121 290 261 436 241 338 230 423 185 355 370 338 210 429 119 493 183 483 226 273 139 417 29 479 268 333 139 408 181 392 122 389 79 295 141 452 163 314 323 440 203 231 207 441 81 378 272 331 151 251 216 352 196 366 192 276 181 383 83 538 155 373 254 470 79 435 249 346 264 368 141 432 157 271 278 343 146 436 257 513 183 356 205 455 94 439 286 493 139 240 120 378 163 390 172 406 112 371 120 418 203 377 230 442 146 374 208 354 102 384 149 479 307 168 313 293 121 335 121 419 140 494 208 414 318 319 72 429 176 336 97 470 276 414 277 542 294 346 138 469 342 400 173 495 88 558 177 458 139 255 201 483 145 318 208 301 200 461 273 496 54 496 185 368 131 467 289 498 231 300 238 442 226 263 233 421 251 325 189 453 78 497 200 412 307 299 269 413 297 413 141 343 187 354 194 413 87 344 319 503 135 446 242 567 206 439 104 256 385 293 227 511 74 262 333 510 233 428 249 442 149 532 256 246 312 355 233 339 105 309 207 403 202 313 208 466 161 348 137 545 279 386 250 382 232 376 126 484 198 407 194 477 220 391 333 473 249 214 251 512 323 434 156 386 236 333 427 317 218 422 239 487 168 298 167 460 32 357 242 456 80 343 254 496 211 268 258 385 212 488 227 341 198 260 263 455 151 404 186 382 136 297 224 603 226 381 142 465 175 429 343 388 197 284 70 380 212 334 125 518 205 398 254 356 207 261 226 430 117 312 279 466 225 375 300 380 146 273 428 425 302 426 265 402 165 284 65 472 186 370 328 436 169 330 0 425 112 287 226 511 220 324 120 335 257 339 172 266 68 323 266 398 196 305 244 403 199 323 246
362 366 142 293 240 301 19 312 133 335 163 189 118 274 77 239 281 304 147 227 90 339 185 282 100 335 141 286 150 251 141 391 330 356 147 219 268 202 210 396 79 193 65 361 249 328 134 239 132 255 22 173 266 192 120 203 140 234 44 308 322 223 148 403 182 265 158 303 207 526 171 160 245 349 152 359 281 321 144 163 218 280 229 162 92 277 102 244 220 210 102 119 259 350 63 348 171 282 65 352 242 309 103 288 64 167 187 354 100 287 229 378 211 410 150 97 243 181 94 235 182 327 148 287 118 220 88 223 189 249 274 374 238 220 45 307 170 258 195 297 203 297 40 397 222 188 114 305 133 319 94 344 148 429 155 358 230 300 129 109 141 301 198 269 56 350 100 252 169 341 216 210 176 248 74 362 171 278 52 354 182 288 133 206 94 355 66 274 184 269 131 288 232 270 156 279 149 293 51 212 167 323 158 223 120 332 96 273 295 300 188 329 232 282 62 253 222 356 61 340 102 223 71 363 133 279 167 221 71 342 45 290 223 128 280 327 209 321 116 305 245 286 74 317 20 183 146 357 150 272 127 329 104 197 27 263 212 164 143 289 105 96 28 261 268 348 133 250 64 313 171 299 163 326 124 268 168 292 107 266 257 443 101 258 327 315 231 336 274 204 157 189 54 200 214 203 210 285 108 240 114 443 97 280 52 138 126 158 104 148 62 308 152 283 73 322 159 348 82 204 175 311 90 212 281 281 172 421 205 107 157 209 224 352 164 172 310 204 14 181 218 281 110 206 187 115 125 284 121 329 121 221 232 224 113 259 160 303 95 305 152 148 78 210 321 367 91 316 97 446 34 276 324 212 82 305 88 275 231 197 258 109 125 332 235 315 114 40 138 243 42 215 234 275 130 260 164 456 71 325 224 377 89 222 184 214 191 169 165 297 141 325 179 232 167 301 238 301 83 267 107 290 175 202 222 210 158 403 266 277 180 175 138 232 143 370 183 230 91 357 236 258 116 283 295 269 167 217 235 309 174 211 260 206 53 218 207 287 188 77 211 124 175 297 250 346 180 489 113 241 160 190 217 302 204 425 0 315 239 220 103 208 125 373 158 247 111 255 279 440 105 197 161 242 134 281 99 359 120 351
383 66 206 59 407 32 296 42 282 34 223 193 308 53 265 166 584 127 192 132 256 86 199 333 328 33 179 118 278 66 175 78 447 91 430 126 386 120 182 91 356 149 371 95 358 55 209 76 375 70 336 281 252 173 195 113 249 82 302 22 295 132 177 100 317 75 177 74 273 224 145 198 304 37 165 46 299 91 171 153 355 187 230 231 225 177 245 70 376 121 265 256 321 69 269 35 364 84 301 75 468 132 273 142 376 189 198 139 295 35 201 126 432 103 281 221 429 144 393 93 429 75 179 205 335 136 228 139 334 88 290 333 264 98 321 7 396 77 391 174 184 63 309 84 392 173 222 49 311 140 289 97 294 142 195 129 369 104 203 212 343 152 119 137 334 38 275 202 239 124 164 109 263 107 254 176 177 110 271 64 438 80 276 162 365 44 329 186 258 200 258 47 351 45 162 218 247 71 329 169 413 117 262 93 354 18 335 224 419 41 128 76 301 86 283 63 325 99 262 91 316 92 270 210 343 36 268 96 244 70 274 71 392 195 93 269 209 40 223 9 342 37 382 166 303 228 209 55 334 97 225 20 366 170 302 211 446 196 250 26 365 235 289 80 415 39 447 75 351 57 146 123 386 105 207 137 206 143 350 208 414 141 389 79 317 47 383 251 419 120 190 131 335 117 177 122 337 194 217 86 352 138 391 135 305 204 189 160 311 186 306 80 247 122 242 155 319 39 233 236 406 75 341 149 481 118 347 150 165 283 193 127 421 42 151 227 437 132 318 143 358 38 422 150 134 202 245 175 237 26 197 95 325 91 204 132 370 104 242 70 440 170 281 159 328 214 271 40 378 227 295 126 412 108 280 280 367 187 106 142 428 216 324 123 309 193 222 318 216 135 311 148 402 86 189 64 364 141 246 203 371 93 232 169 401 102 173 149 294 159 387 189 252 96 153 213 373 89 300 86 280 27 203 116 501 116 288 162 388 99 338 252 292 86 172 60 292 103 224 113 429 127 288 195 297 114 149 131 350 22 206 194 388 121 266 219 297 61 165 323 341 191 335 212 328 141 176 174 369 75 277 240 352 113 247 112 315 0 193 133 403 115 220 122 240 184 235 68 207 145 212 174 305 102 193 184 300 154 219 218
486 258 230 222 437 206 225 223 296 226 265 256 306 197 240 271 516 282 215 230 242 270 259 415 309 188 181 264 303 173 166 239 507 279 385 215 440 114 263 280 312 80 268 284 413 241 225 161 355 191 259 110 353 239 160 160 272 167 203 205 411 226 117 230 350 210 209 241 334 408 162 82 376 207 170 230 392 265 165 161 394 313 315 272 192 304 137 158 408 196 259 263 395 177 176 222 373 234 268 265 466 289 268 284 281 233 52 316 285 159 13 314 431 291 305 157 449 186 333 192 411 256 114 330 324 68 191 233 365 206 383 460 345 129 271 188 389 118 402 313 259 229 259 267 418 235 128 150 317 300 276 280 313 334 228 310 409 263 118 144 342 299 126 268 286 209 268 307 284 299 251 172 307 226 166 347 222 253 187 256 414 236 290 240 326 210 289 309 308 316 118 206 399 167 172 335 277 232 279 253 395 116 295 138 337 208 311 336 473 154 129 257 368 236 249 170 377 286 219 274 302 149 242 372 338 178 102 135 195 258 220 230 418 128 240 395 285 168 124 186 401 193 279 318 220 284 94 247 342 237 113 213 333 54 215 321 438 238 275 174 333 220 212 210 456 201 346 189 299 149 168 91 379 278 123 267 252 287 212 321 450 329 338 116 427 157 418 387 462 111 88 174 285 164 261 106 378 321 204 189 332 265 336 274 263 223 166 171 300 104 270 250 279 266 182 312 338 202 176 303 397 247 311 233 496 82 363 342 243 280 228 203 434 233 147 71 492 204 250 186 396 158 342 64 116 181 117 307 245 186 143 135 383 154 184 257 370 265 229 240 391 174 258 242 432 376 258 163 333 413 207 264 485 122 164 392 322 310 97 84 458 204 176 294 374 336 128 266 237 247 210 234 430 230 184 189 369 309 179 349 407 285 159 260 400 161 239 168 323 302 366 339 300 193 176 343 416 251 279 107 278 185 256 169 461 107 315 349 440 243 362 298 306 134 145 218 333 103 180 297 445 251 148 321 398 81 132 218 400 205 65 274 437 188 216 300 351 219 70 292 381 167 357 341 394 314 70 336 340 147 309 298 391 271 312 287 239 193 0 223 342 182 229 310 277 290 235 187 327 336 154 244 330 214 119 311 289 135 223 372
271 161 84 85 275 105 201 109 153 137 92 60 182 80 152 48 467 86 75 8 141 122 66 209 205 164 84 67 147 75 92 207 319 140 309 9 255 110 51 190 240 145 283 145 227 119 90 77 249 64 239 262 135 41 116 64 120 68 224 116 189 4 132 233 184 60 62 89 141 311 72 175 176 169 80 168 179 103 89 77 223 91 103 100 130 82 190 83 243 28 144 131 194 196 195 157 232 66 186 139 337 91 150 74 283 62 195 135 172 125 224 158 301 203 149 148 296 47 280 43 301 112 136 107 209 156 134 10 202 44 169 237 137 98 212 127 267 133 259 95 51 88 201 197 259 42 169 156 182 102 167 126 163 213 71 138 237 80 155 146 214 89 97 54 222 169 153 85 107 121 33 52 130 31 183 149 52 58 192 146 312 73 147 29 247 176 214 86 125 93 222 89 219 100 75 112 117 81 218 37 286 215 130 91 229 145 214 114 288 146 95 114 171 66 172 80 193 139 160 123 192 80 159 161 215 101 249 93 151 130 175 78 259 140 63 172 78 161 173 126 212 96 294 108 215 95 178 155 203 54 183 137 246 174 217 99 316 68 120 115 244 126 200 55 283 172 351 60 238 168 67 205 257 107 155 53 75 78 289 98 282 231 274 134 208 162 251 165 287 112 164 52 223 59 46 117 204 98 112 51 228 269 276 64 194 85 106 74 187 149 192 92 116 64 157 108 188 172 149 104 277 96 221 17 348 189 215 203 32 159 68 21 289 155 89 214 307 21 218 47 225 119 317 160 109 110 205 86 115 158 131 92 194 75 110 43 240 84 130 92 321 80 165 27 215 165 153 158 261 230 212 58 286 103 219 171 250 87 133 140 295 111 277 112 179 118 168 210 93 27 232 15 269 60 93 70 234 258 163 130 239 163 159 41 271 64 41 68 161 88 261 124 119 40 64 120 241 83 181 151 156 107 71 54 377 117 156 183 257 58 206 120 162 99 106 192 159 127 135 138 296 40 242 98 181 178 101 6 218 116 194 64 256 36 167 90 165 80 160 205 208 107 202 118 199 127 166 291 247 92 145 108 219 83 115 226 220 133 223 0 291 42 101 154 109 68 117 67 104 226 139 41 174 31 144 89 177 259 103 156
353 449 207 372 194 385 118 394 156 420 212 245 126 358 140 296 182 369 218 297 150 413 239 278 96 427 225 353 172 337 230 481 288 431 51 293 239 299 265 478 52 294 98 436 230 408 201 327 82 338 84 268 293 255 213 291 181 322 141 394 338 294 247 497 178 345 232 379 226 603 258 262 250 439 238 447 291 394 233 251 195 328 264 206 179 329 205 334 187 289 149 164 257 446 166 435 137 357 105 430 163 372 143 349 81 230 290 418 124 379 331 447 142 492 170 196 187 261 11 316 103 403 248 330 104 321 177 291 176 328 287 384 260 314 82 396 111 355 147 349 259 376 95 482 180 252 217 400 136 381 127 417 160 504 221 425 202 370 231 209 119 359 293 332 70 440 140 296 208 407 277 295 202 322 177 418 239 348 155 434 97 364 160 270 52 446 77 322 211 313 231 370 213 359 241 317 188 371 75 272 94 424 187 315 89 420 86 310 257 394 282 405 238 357 121 341 216 430 142 414 108 313 134 410 111 368 265 313 163 420 132 368 181 228 354 353 254 415 219 394 233 371 94 372 122 225 249 440 136 345 229 415 59 300 127 304 135 225 183 378 62 169 131 340 224 439 90 334 53 409 257 400 110 396 225 331 223 353 177 307 211 522 23 354 335 410 196 368 230 300 260 273 69 286 271 301 197 331 186 322 85 537 17 343 99 206 217 243 114 249 99 383 191 350 170 380 154 439 179 239 111 387 76 279 209 382 149 492 268 138 223 286 165 437 256 274 268 280 93 262 195 372 39 308 283 202 227 336 177 421 218 314 227 313 200 324 119 373 163 382 51 234 126 274 325 413 139 410 36 500 135 342 295 306 181 325 44 324 329 298 206 188 208 398 237 363 216 86 199 310 136 282 190 350 214 344 128 542 170 371 194 454 189 280 126 302 255 255 175 353 81 374 210 313 251 342 209 374 112 365 140 377 230 287 121 308 172 467 236 349 163 206 153 325 237 461 193 327 184 428 176 325 210 329 307 370 262 290 217 394 277 262 229 286 140 258 214 367 290 88 195 214 161 338 245 409 282 576 65 332 180 225 196 370 234 511 103 403 342 291 0 291 190 443 198 297 174 339 322 517 204 258 165 319 235 330 120 461 189 394
311 159 92 85 301 95 189 104 169 129 113 88 194 68 151 89 471 114 77 48 142 132 94 246 213 143 68 94 167 49 68 193 352 149 315 33 287 68 87 188 242 104 269 155 258 120 95 43 260 48 228 226 175 68 92 22 136 35 204 104 231 44 97 214 209 58 63 96 173 318 41 138 211 152 57 156 218 118 65 48 250 132 141 121 116 123 161 51 269 14 150 141 229 170 173 145 251 77 187 144 356 120 158 108 271 77 155 159 180 98 183 175 319 202 169 124 320 29 280 27 314 120 101 148 221 115 120 52 226 42 208 279 174 57 209 108 282 95 280 133 85 90 197 191 284 66 138 127 197 132 174 139 182 222 81 159 265 101 122 119 229 124 56 89 220 152 160 127 131 143 72 11 156 51 160 180 64 83 172 146 324 83 162 63 251 159 215 127 153 135 188 80 249 73 53 154 135 86 216 75 299 179 152 51 239 130 221 155 320 118 55 122 205 78 170 53 223 151 151 135 201 40 157 197 229 79 213 52 137 134 165 83 284 109 78 214 113 135 142 106 244 81 280 143 199 123 142 150 221 71 150 125 252 133 201 140 333 84 137 92 250 122 185 54 312 153 341 43 237 138 38 167 272 125 124 89 96 112 264 139 309 235 276 96 249 134 278 206 317 71 127 20 222 18 84 75 232 139 104 32 237 252 277 97 191 90 84 51 196 113 192 102 136 93 139 141 208 153 130 137 293 104 227 53 372 150 236 216 66 169 79 22 310 146 55 176 340 25 209 29 253 91 312 118 68 93 172 126 122 136 103 52 226 36 95 78 257 104 128 98 326 60 166 63 255 201 157 131 264 258 194 89 322 61 192 212 253 129 92 99 322 103 248 136 213 157 138 206 102 66 212 54 295 70 78 53 252 252 144 169 266 169 135 81 288 23 68 40 184 125 272 161 146 25 41 162 270 97 185 114 166 88 95 13 387 76 177 204 288 77 229 145 179 60 76 174 185 86 118 154 319 73 212 139 222 138 64 36 249 104 156 100 287 7 156 127 195 79 119 208 236 86 224 160 233 153 126 285 254 56 167 137 247 107 147 220 208 115 182 42 291 0 105 170 130 109 120 49 145 233 114 71 195 40 111 130 185 223 104 194
271 260 18 183 210 198 108 206 70 232 46 64 90 171 52 114 367 182 28 108 40 223 61 193 108 247 51 165 74 154 65 298 278 241 211 103 211 138 85 289 139 154 189 246 184 219 11 146 155 152 141 222 153 68 70 112 43 139 140 208 212 104 113 318 121 156 43 190 110 413 83 154 154 257 66 261 179 205 67 79 165 156 112 48 51 153 134 154 180 101 45 38 172 272 120 250 152 167 85 240 255 186 53 164 187 42 184 232 75 201 224 259 218 303 76 88 226 76 179 129 210 213 116 164 116 177 55 102 137 139 171 265 132 144 111 213 179 188 181 172 78 187 101 294 192 64 122 227 96 196 69 227 86 314 32 238 180 181 120 96 126 177 127 146 120 258 55 129 60 220 92 112 80 132 114 238 49 159 112 245 219 174 63 82 147 264 113 149 83 145 174 183 170 178 66 157 48 181 117 88 194 269 66 142 134 235 116 153 244 219 118 215 143 167 71 158 149 240 65 224 96 136 58 239 125 184 210 141 67 230 81 178 192 105 164 211 87 238 127 211 173 185 199 193 124 68 148 252 121 156 142 229 147 175 129 141 230 39 46 197 145 29 111 151 228 258 252 147 137 238 80 250 169 207 116 145 44 168 212 143 222 332 173 188 222 235 190 216 233 140 144 90 122 106 90 143 149 161 29 135 132 357 175 157 92 16 64 68 91 127 91 193 51 162 80 198 112 258 77 90 189 197 122 90 276 232 139 304 82 64 34 97 213 250 90 189 262 91 120 77 167 194 215 172 126 50 158 160 18 241 90 142 155 135 47 137 155 184 30 193 221 60 63 87 221 242 52 234 161 321 126 155 257 140 150 194 150 151 171 153 232 29 211 211 149 191 121 110 14 122 147 94 204 161 45 158 151 355 88 201 179 264 96 97 187 121 67 78 94 172 167 200 76 126 71 178 187 184 81 203 61 193 52 105 281 148 86 281 211 159 136 73 80 153 84 279 104 167 64 239 223 137 182 159 190 219 104 100 171 208 176 87 207 100 73 99 124 178 160 105 152 62 131 175 168 223 160 389 149 155 79 80 162 182 95 324 125 220 229 101 190 105 0 254 50 122 16 153 157 327 85 72 102 129 114 156 80 311 8 227
313 73 237 92 390 103 354 87 296 90 234 200 326 117 306 151 615 76 228 147 294 41 206 287 353 144 234 90 285 145 238 138 404 32 457 154 354 215 180 80 391 251 436 28 328 69 243 159 393 131 392 385 207 188 262 183 265 157 373 106 227 150 263 174 310 114 215 75 255 163 210 296 271 129 226 107 250 52 235 218 338 138 205 241 282 131 330 158 360 164 294 280 283 178 343 106 365 93 338 48 465 75 300 98 437 213 304 37 321 152 316 5 431 87 287 293 415 194 432 144 439 54 266 149 354 246 286 152 326 128 243 250 232 192 365 125 404 191 388 115 186 85 355 102 378 191 307 171 323 70 317 31 301 66 223 23 349 73 289 288 353 94 208 112 374 129 303 168 243 38 166 172 260 125 330 72 205 96 341 63 452 87 290 173 396 133 366 141 252 156 353 105 328 144 221 167 259 85 371 171 426 238 267 184 374 113 362 175 382 163 213 53 273 92 325 146 302 24 313 37 340 176 312 110 357 132 371 187 303 52 328 88 378 277 93 195 199 159 310 126 312 117 447 93 367 227 304 79 340 101 316 104 394 277 369 169 449 218 264 136 392 279 352 117 388 137 505 134 391 178 208 245 394 47 291 113 220 96 434 165 392 94 424 193 250 168 365 170 391 216 287 189 376 184 174 220 320 140 266 142 373 193 428 102 347 239 253 220 334 277 345 68 258 93 308 80 321 137 299 223 414 67 371 164 465 240 346 49 175 307 221 164 413 94 224 331 399 169 371 193 341 152 470 258 224 260 338 125 266 140 273 187 298 172 261 119 377 70 283 75 469 228 317 169 265 113 304 161 411 105 363 101 363 203 362 217 401 141 215 244 408 264 416 47 280 120 306 364 244 133 382 161 386 100 244 129 369 146 313 124 354 43 305 165 405 174 188 210 294 103 404 110 249 146 209 148 351 73 331 205 305 124 214 180 520 215 291 40 357 96 334 251 302 183 246 140 284 210 286 16 418 118 379 143 241 235 230 156 325 106 309 187 359 170 320 202 279 96 268 356 324 255 331 150 294 47 278 173 394 169 280 234 334 73 232 120 373 122 310 154 443 170 254 0 250 157 270 133 155 83 284 185 307 132 278 135 326 271 257 126
221 269 47 194 171 214 144 218 46 246 17 51 77 188 81 99 365 174 62 112 68 225 44 143 104 270 96 161 38 177 110 316 231 242 207 114 164 178 69 297 146 199 220 247 137 227 51 173 144 170 170 272 109 68 120 143 18 165 182 224 167 111 161 340 80 169 73 195 60 412 121 204 103 277 108 276 130 205 112 119 122 130 72 9 100 130 184 181 140 120 57 39 121 299 167 266 124 173 101 245 228 176 58 153 215 52 233 222 74 227 272 254 192 310 41 138 190 105 188 147 193 217 164 134 104 221 104 105 97 153 122 219 84 179 131 234 158 222 151 151 64 196 124 306 154 68 172 256 74 185 73 226 54 313 51 230 137 179 170 146 105 162 165 137 135 277 62 98 12 212 85 139 31 139 161 219 66 158 157 253 204 180 41 81 149 284 124 124 33 116 224 197 124 202 107 123 10 188 134 79 178 305 22 175 124 253 114 116 198 247 158 219 93 172 96 182 101 240 104 225 91 167 86 213 108 206 260 175 113 236 119 186 155 155 167 170 56 265 177 232 125 204 228 174 162 27 198 263 94 160 192 245 145 222 168 108 207 46 16 220 143 74 151 163 185 279 273 166 150 267 116 289 148 204 166 136 34 156 255 111 181 336 178 223 175 263 149 179 190 180 194 121 138 137 76 184 105 133 79 155 124 378 182 147 113 53 112 108 86 176 107 197 8 157 128 182 79 279 126 46 169 201 123 93 242 271 107 299 79 61 53 114 181 264 132 239 217 108 149 106 125 220 230 217 168 100 208 138 41 264 139 175 106 164 97 132 131 182 69 199 220 103 82 85 172 216 68 261 164 302 166 149 208 178 197 149 155 126 210 197 193 79 257 204 99 165 172 131 40 119 187 96 165 167 92 177 125 367 135 173 137 268 145 85 162 151 68 115 54 155 155 176 26 144 107 147 143 187 88 239 59 214 38 135 271 188 48 271 165 162 99 23 54 186 131 300 58 205 113 235 190 134 231 131 143 258 147 110 125 225 225 64 162 123 113 62 75 189 207 111 108 111 95 143 119 212 208 400 145 185 38 33 119 178 47 335 158 240 277 109 198 130 50 250 0 99 53 172 125 328 136 69 65 140 163 132 79 348 58 198
204 192 105 127 235 153 230 149 143 177 86 58 174 133 171 20 462 82 106 63 158 140 62 149 203 217 132 75 130 138 144 250 264 157 304 77 206 177 38 216 245 211 311 160 178 153 114 142 239 122 262 321 69 61 166 131 116 134 261 164 122 66 192 280 153 110 101 119 99 320 133 237 122 217 134 209 116 120 143 136 183 33 50 91 167 32 241 148 205 95 152 135 138 252 238 200 208 102 197 163 308 82 155 59 308 83 259 126 173 185 290 161 274 229 133 195 259 107 286 107 283 136 196 44 201 224 171 58 169 101 107 170 81 165 227 179 247 198 231 52 45 125 218 230 223 65 223 216 169 89 171 139 146 223 94 136 195 94 212 197 198 64 164 50 233 217 159 18 90 119 41 120 103 79 228 121 84 78 231 175 296 107 139 53 248 224 222 27 96 27 277 137 175 160 130 45 109 117 231 41 270 279 113 158 221 192 213 46 237 206 161 138 121 100 189 143 148 152 187 139 190 147 177 117 202 158 308 160 187 156 203 116 223 196 93 105 44 218 228 179 162 148 320 75 247 73 238 189 184 88 239 182 244 240 251 31 292 84 114 172 242 151 233 106 238 221 369 120 248 228 127 271 238 116 211 50 79 62 332 30 239 248 277 200 141 221 210 101 241 180 226 117 235 126 35 184 165 39 145 114 221 313 281 57 208 111 156 130 184 209 204 117 107 70 197 84 165 221 191 66 258 123 222 57 310 256 189 205 51 160 93 87 256 194 150 276 255 86 241 107 185 179 328 226 175 153 260 39 127 210 184 160 146 142 152 52 220 97 152 124 317 132 177 50 148 120 163 216 263 203 247 63 228 171 265 104 254 29 201 206 254 144 326 110 129 68 222 227 109 51 268 56 231 98 137 128 212 289 204 79 199 183 206 31 248 131 61 128 137 57 250 79 93 105 121 59 198 107 187 217 157 161 71 121 364 185 135 174 208 86 177 96 149 166 163 238 127 195 177 144 262 57 293 37 116 245 164 73 173 164 257 36 209 103 196 44 124 123 225 210 169 156 174 55 146 115 230 320 242 158 124 77 179 90 75 257 247 184 290 68 297 109 122 157 99 0 135 126 38 239 189 55 150 88 202 34 178 322 128 105
274 275 33 199 202 214 96 221 61 247 54 78 78 186 36 128 352 197 44 123 24 239 74 195 94 262 62 181 69 169 74 313 274 257 195 119 207 148 99 304 123 162 176 262 181 234 27 161 141 167 127 220 161 83 74 125 41 154 130 223 219 120 118 333 116 172 58 205 112 429 96 157 155 271 77 276 184 220 76 90 159 168 121 54 48 166 132 168 173 116 30 29 172 286 113 265 142 183 69 256 243 201 39 179 173 57 188 247 61 215 229 274 207 319 71 87 217 91 163 144 196 229 121 176 102 186 51 118 131 155 175 272 137 156 96 228 167 200 171 186 92 202 85 310 184 80 122 241 85 211 54 243 79 330 47 253 175 196 122 96 114 191 138 161 105 272 41 140 65 235 107 126 81 148 108 252 65 174 104 261 205 190 55 97 131 278 97 162 86 157 171 198 166 192 78 168 48 197 101 102 181 280 65 155 120 250 101 163 239 233 129 231 144 183 56 172 146 256 53 240 82 149 43 252 113 199 209 154 60 246 69 194 184 108 180 220 98 252 127 226 171 200 185 207 113 75 150 268 111 171 141 244 132 181 118 152 218 53 44 211 130 20 100 167 221 272 237 162 121 251 92 261 157 223 117 160 57 183 203 155 215 348 157 200 228 249 183 226 227 151 148 105 106 120 104 153 144 173 31 151 117 372 160 172 77 32 70 80 77 131 75 209 52 177 75 212 104 272 73 97 177 212 107 106 266 242 130 319 97 51 49 112 203 265 101 190 258 107 106 92 161 208 200 179 136 54 156 173 13 255 93 154 154 148 51 152 143 200 17 208 206 72 48 102 226 255 37 248 145 336 115 170 255 152 144 202 134 164 181 162 223 31 204 226 149 204 121 94 27 137 136 109 196 176 54 173 140 371 82 214 173 280 93 111 175 135 82 90 89 187 153 214 79 141 85 190 182 200 65 215 48 208 64 120 267 159 81 296 207 175 128 75 72 166 92 294 101 178 61 254 214 152 177 171 196 229 113 115 167 223 179 99 203 115 62 109 123 194 167 89 147 68 123 186 168 238 165 404 134 169 76 85 157 198 100 339 111 235 235 117 174 120 16 270 53 135 0 168 168 343 86 87 95 145 117 169 66 322 16 240
330 111 139 41 341 46 236 57 214 80 155 126 241 19 200 107 519 95 125 67 191 93 132 273 261 98 116 78 210 15 115 145 385 107 364 59 322 83 118 140 290 120 315 113 293 74 142 27 307 4 276 253 195 106 137 53 181 25 248 55 245 66 131 168 250 23 110 58 208 272 85 164 242 105 104 108 241 82 111 93 289 138 168 164 164 128 199 29 309 53 198 188 259 129 216 97 296 46 235 99 400 102 206 100 318 121 174 131 228 60 191 137 364 155 213 167 362 78 328 25 361 79 134 156 268 120 167 74 267 25 232 289 202 61 258 61 328 77 323 131 118 48 245 143 325 105 175 91 243 113 222 101 226 178 127 127 303 75 158 160 275 114 75 87 269 105 208 144 172 114 99 45 196 47 202 159 109 67 217 99 371 49 208 95 299 112 264 135 192 147 221 32 286 34 100 166 179 48 265 104 346 154 194 52 287 82 269 170 355 80 81 80 238 49 218 18 260 111 199 95 249 44 206 185 275 34 239 56 184 90 213 45 325 147 53 223 144 95 178 60 278 32 326 132 246 161 172 102 266 50 184 76 300 148 246 156 378 128 182 48 299 170 231 24 350 107 388 7 286 102 84 148 318 93 160 87 138 102 304 154 348 188 324 79 265 96 317 209 354 84 154 67 270 56 112 89 271 145 153 18 285 206 326 90 240 137 130 98 244 145 241 66 179 80 185 125 251 107 176 171 339 65 275 83 413 135 279 175 98 216 125 59 353 98 95 199 374 64 257 77 292 53 360 129 92 141 205 128 169 91 144 55 260 39 142 79 302 78 177 58 374 107 215 93 274 189 205 92 313 230 239 80 352 71 232 228 301 136 90 113 361 152 284 108 246 154 175 255 149 75 257 82 335 43 126 5 297 203 189 166 305 124 178 106 334 43 106 87 226 119 320 154 185 28 89 167 308 65 234 95 213 41 136 53 434 85 220 170 324 56 271 185 224 54 117 128 225 84 164 118 362 73 247 146 242 125 98 64 285 55 178 130 323 53 204 156 232 37 137 257 274 132 267 166 265 128 147 237 302 41 210 174 285 84 181 172 255 68 187 67 339 49 153 133 172 126 168 0 156 187 157 107 238 38 147 135 233 197 152 187
176 203 140 147 236 175 264 168 166 194 116 93 196 159 203 57 479 87 143 98 190 148 95 133 226 239 170 90 151 168 183 265 250 162 324 112 198 213 75 224 270 249 343 165 173 167 149 175 257 152 293 359 51 99 204 167 144 167 297 185 90 101 230 298 163 137 139 136 106 314 171 275 116 236 173 225 97 130 181 175 185 20 59 119 203 30 279 180 208 131 181 164 128 275 274 217 220 123 226 172 314 85 183 67 339 119 297 119 199 213 328 158 282 236 153 233 261 145 311 139 296 148 234 9 222 260 208 94 177 131 89 134 78 201 256 203 260 231 239 41 81 145 249 241 226 103 261 244 188 86 198 144 164 220 130 133 195 107 251 235 215 63 201 70 260 236 187 28 115 118 79 155 121 108 265 103 122 97 267 186 310 127 162 91 271 243 249 20 112 12 315 160 174 189 169 12 135 136 259 79 285 309 135 193 241 211 236 20 227 233 199 149 118 120 220 173 149 156 221 146 214 182 209 88 220 185 346 195 223 166 237 136 226 235 114 69 71 243 266 203 157 173 352 63 281 98 276 202 200 111 278 201 266 277 285 18 301 120 141 198 264 186 267 133 233 242 398 151 275 255 165 303 252 122 249 70 112 67 368 14 237 249 300 232 111 247 211 63 236 216 264 154 263 163 73 221 168 15 181 146 242 328 305 71 238 146 194 168 208 248 233 132 132 85 234 76 179 242 228 83 270 138 246 95 311 289 201 200 90 186 129 124 261 210 188 314 244 123 272 145 188 208 355 263 212 190 298 33 159 233 223 195 144 176 189 77 234 108 185 140 337 171 206 89 122 91 192 242 287 181 282 81 212 206 302 73 278 20 235 244 253 180 363 111 126 43 260 256 143 82 303 93 232 121 175 157 225 296 241 49 200 188 243 70 259 167 99 166 153 54 267 55 112 138 160 22 196 121 214 250 184 187 105 158 378 221 153 163 201 107 187 116 169 200 201 257 139 229 213 145 265 83 331 13 92 278 202 109 171 185 295 70 203 139 230 64 129 145 263 236 172 194 185 18 139 109 268 326 263 191 143 97 181 99 89 266 279 207 327 104 322 145 157 155 125 38 168 156 0 238 227 93 165 119 240 23 203 352 163 73
391 80 310 148 473 145 421 131 375 114 312 278 405 168 378 231 692 158 300 220 367 104 284 369 430 149 300 168 365 195 301 111 485 87 534 225 436 261 260 56 466 293 501 82 411 113 316 209 472 186 461 426 289 264 324 240 343 211 435 140 306 223 315 142 392 175 286 138 337 86 271 341 354 130 289 106 332 124 297 279 420 221 288 320 348 214 384 205 443 231 370 356 366 172 403 113 446 160 412 89 547 157 376 180 504 288 343 119 398 181 345 80 513 47 367 354 497 260 506 206 520 114 318 231 433 281 352 227 408 192 325 324 315 238 438 151 484 222 470 198 265 143 426 73 461 266 361 186 402 152 393 102 381 18 297 106 432 150 342 346 433 177 258 192 448 128 379 250 323 121 244 232 341 195 389 147 278 171 404 88 532 153 369 249 472 129 440 224 334 239 402 155 411 184 285 249 338 147 444 249 506 241 347 231 452 128 439 258 465 182 265 113 355 160 397 194 385 89 382 104 417 227 384 183 436 172 413 235 369 98 397 150 461 332 164 273 280 169 363 153 395 160 512 175 432 307 352 91 421 172 366 125 471 315 433 252 531 293 342 169 469 350 417 180 471 137 573 191 464 188 270 256 475 124 345 193 297 178 490 248 474 16 500 224 329 179 448 248 474 261 333 252 449 243 253 265 403 223 335 201 451 144 503 183 419 311 316 283 412 327 418 134 337 172 371 162 402 136 362 304 495 131 447 239 548 256 428 44 251 384 295 233 495 103 282 372 481 238 441 259 423 183 542 295 274 326 387 208 341 150 331 234 381 224 327 197 457 147 355 136 546 292 391 245 345 185 379 173 487 135 426 180 444 249 418 298 476 223 251 286 490 333 467 129 363 201 360 435 319 210 444 236 468 167 310 183 450 80 376 204 436 64 365 244 486 230 264 273 375 186 484 190 330 208 273 230 433 143 407 230 381 161 292 240 599 259 372 87 439 169 416 332 382 227 304 126 366 248 350 95 501 195 430 226 322 255 284 228 408 140 350 267 441 235 388 283 362 153 309 431 407 318 413 232 377 129 320 98 472 213 361 315 417 151 314 68 440 145 336 226 517 233 327 83 328 239 343 187 238 0 344 262 388 199 332 217 402 262 329 201
356 267 94 197 284 201 87 214 145 235 129 136 153 176 86 174 385 224 85 147 88 247 136 279 156 230 57 205 155 150 48 287 360 263 241 135 292 97 152 296 164 92 159 268 267 231 86 137 203 158 127 137 233 128 23 104 126 134 91 207 294 143 44 298 201 172 88 211 196 429 74 73 239 245 60 257 264 232 50 66 244 220 193 133 39 214 53 142 256 121 107 113 257 245 59 246 219 191 116 256 313 229 115 213 165 109 104 272 132 182 146 289 278 310 156 9 296 93 193 141 259 234 45 233 171 118 37 146 215 156 255 347 216 115 124 204 235 153 248 231 146 203 111 295 265 123 37 200 164 241 123 254 163 335 99 273 259 214 37 11 189 228 93 193 139 246 115 200 146 256 150 113 165 162 45 288 104 194 60 256 264 197 140 137 178 251 140 214 169 215 90 189 252 167 65 230 133 200 133 148 243 220 150 119 184 229 159 228 324 195 84 235 229 192 96 152 232 265 67 249 148 120 89 299 184 177 125 116 43 247 72 197 266 26 192 288 164 216 42 202 257 186 171 246 92 151 64 257 189 185 56 227 183 103 91 214 285 111 130 186 183 68 78 168 305 243 236 153 154 208 77 198 226 239 32 192 122 217 151 215 298 345 195 152 306 209 267 289 311 98 65 95 139 102 154 98 230 227 56 144 179 338 194 203 113 86 34 66 146 50 119 217 136 203 34 247 187 244 25 174 244 218 160 138 342 179 210 331 138 127 100 123 280 250 62 104 343 119 111 93 246 176 215 107 81 38 74 220 98 225 15 117 239 122 40 182 216 217 76 212 248 59 105 141 305 302 105 210 187 369 83 197 341 106 79 275 176 216 126 94 305 57 138 249 234 253 36 120 97 167 100 141 278 185 52 162 215 353 35 265 257 281 21 158 247 114 128 74 175 226 214 260 161 139 76 247 267 212 125 162 125 188 128 105 316 105 167 318 292 190 211 158 155 127 40 266 187 124 27 269 291 179 104 226 274 167 63 135 253 208 94 159 288 114 66 178 208 192 90 140 232 33 206 244 253 265 85 386 189 137 162 164 242 219 179 323 105 212 154 139 204 114 85 284 136 189 86 157 227 344 0 134 180 153 35 220 135 259 78 291
242 200 54 125 234 146 180 149 114 177 52 19 144 121 124 42 431 111 52 44 111 157 25 175 169 205 77 95 106 114 90 248 281 175 273 48 216 134 19 228 206 165 261 180 188 159 62 113 211 104 214 267 108 6 111 90 82 104 208 157 167 42 140 274 143 101 46 127 102 346 83 185 140 210 81 208 149 138 89 85 182 87 71 60 113 82 187 120 202 59 110 95 158 236 183 198 192 104 154 177 296 114 115 92 259 30 209 160 136 165 243 189 260 242 109 140 255 58 247 82 261 149 144 99 171 180 117 36 161 85 139 219 103 127 182 168 227 167 218 101 15 127 172 237 218 11 168 195 142 124 132 160 123 247 41 167 196 112 158 142 174 105 121 74 190 210 119 67 66 149 20 82 89 70 173 165 29 90 177 185 272 112 108 13 212 217 181 81 85 81 222 130 180 139 77 97 77 120 187 16 247 251 90 122 191 186 178 96 250 185 116 151 134 104 143 119 153 173 136 157 156 112 130 169 176 141 254 123 134 167 152 118 218 142 99 157 42 201 173 166 173 137 271 120 195 54 184 194 163 91 185 178 210 192 199 82 276 34 81 155 208 100 181 95 243 213 324 100 207 206 77 238 217 138 157 73 36 96 278 82 241 268 240 168 183 201 210 155 247 136 174 71 192 85 20 141 164 93 92 90 190 311 243 85 163 58 101 77 150 157 161 128 76 92 143 125 147 213 137 66 237 133 186 25 307 221 174 234 11 123 40 51 248 195 99 223 269 47 192 58 185 158 286 181 128 98 205 89 82 198 130 123 155 108 97 66 200 115 102 130 285 78 133 16 187 172 120 198 227 249 194 84 251 130 210 149 216 83 162 160 254 90 271 140 142 121 167 181 61 52 215 27 228 98 82 111 193 298 150 132 198 200 151 25 230 95 6 77 120 100 223 130 78 79 70 114 201 119 147 185 120 148 31 81 339 143 115 210 218 93 165 79 122 131 110 233 118 156 122 170 255 67 238 92 154 209 114 43 179 157 206 30 217 64 144 56 125 121 177 171 168 101 161 110 161 151 181 331 210 127 104 67 179 112 76 266 197 174 244 41 258 71 72 185 69 55 87 107 93 262 134 0 133 72 148 87 141 294 77 159
202 332 107 258 108 279 155 282 35 310 83 114 44 253 100 156 314 230 123 176 93 285 108 122 72 336 153 220 29 242 167 381 180 303 159 180 114 239 129 359 117 256 215 307 91 290 108 238 93 235 165 308 130 133 170 207 61 230 197 289 173 175 213 406 22 233 136 258 62 470 183 252 87 342 167 341 127 265 169 179 65 176 107 74 140 179 220 246 78 186 74 67 99 365 193 331 59 236 96 307 163 232 67 208 205 117 282 276 62 292 324 311 127 373 26 179 126 169 155 212 133 279 216 174 61 279 143 169 36 218 122 221 96 242 121 299 97 285 86 199 125 259 121 369 91 133 214 321 30 239 68 286 17 372 115 286 80 239 216 190 50 214 227 195 118 342 69 143 67 268 147 204 47 203 192 267 131 218 180 316 146 243 40 145 113 349 105 171 55 159 259 262 74 267 167 159 59 252 120 141 120 368 43 239 78 318 81 150 145 312 219 280 75 235 104 247 61 299 126 285 63 231 102 253 56 271 298 239 145 298 136 250 91 203 230 188 108 330 219 298 85 269 220 223 173 81 244 327 34 222 233 310 106 276 180 148 144 111 59 285 103 112 166 228 126 344 250 231 127 332 178 351 88 263 211 195 100 211 268 152 120 396 142 286 173 329 88 205 132 241 243 185 121 201 136 244 52 177 126 220 80 443 148 205 109 112 165 169 59 226 100 258 59 216 161 233 15 344 163 85 108 264 92 158 177 333 42 355 143 57 117 179 116 328 192 283 163 174 149 170 67 286 202 273 227 149 246 187 85 329 187 239 71 229 146 192 70 242 103 262 173 162 88 148 164 255 79 326 128 346 182 208 166 240 223 160 122 172 271 255 130 126 279 260 76 208 213 124 98 181 200 160 102 230 147 242 62 430 167 214 78 328 183 145 99 215 132 177 13 207 102 220 58 209 170 184 87 248 78 302 59 279 102 199 214 249 17 323 113 224 34 56 25 250 186 365 28 267 153 293 125 195 259 175 143 320 205 175 76 290 273 120 108 188 134 106 50 253 261 90 54 163 30 180 89 266 260 463 101 250 28 73 63 236 77 398 161 305 330 174 165 195 102 307 65 150 95 238 165 388 180 133 0 205 212 179 62 411 108 236
292 131 113 55 305 74 224 78 184 106 123 91 212 49 179 68 496 74 101 30 168 96 97 235 235 134 103 54 178 50 106 176 347 113 339 26 285 102 80 160 268 140 305 119 256 90 118 56 280 35 262 266 157 72 131 59 151 48 242 85 208 30 137 202 215 28 87 61 171 285 80 177 204 138 94 136 203 79 103 87 253 102 130 131 151 92 201 61 274 33 173 161 221 167 212 126 264 39 214 111 368 80 180 70 306 92 192 119 202 98 216 136 332 174 181 163 327 62 308 21 332 85 141 120 240 146 155 37 233 14 194 253 164 85 239 96 298 112 290 99 82 58 227 167 290 73 179 129 213 92 196 102 194 187 100 119 267 61 163 158 244 86 91 54 249 138 183 106 138 103 62 46 161 12 199 140 81 43 210 116 342 46 178 60 275 145 242 99 156 110 229 57 249 72 90 129 148 52 245 67 317 192 162 76 259 114 243 132 317 119 92 87 200 40 198 55 223 114 183 98 222 65 185 160 246 72 252 79 172 101 198 49 290 149 39 187 107 133 182 95 241 65 316 105 235 126 182 124 234 31 190 105 275 168 237 118 347 98 151 86 273 151 221 23 313 141 375 32 266 141 77 184 288 86 164 54 106 74 304 116 312 203 302 113 228 134 281 175 317 104 166 59 250 57 75 109 235 110 136 27 258 238 304 60 220 113 122 88 217 153 220 66 148 54 176 101 219 141 167 134 308 68 251 47 379 170 246 179 63 189 97 33 320 124 95 215 336 39 242 62 256 92 343 152 106 129 212 94 144 127 143 79 223 60 130 44 271 64 156 64 350 96 192 57 236 164 181 130 290 218 231 51 313 92 232 191 279 100 118 133 326 134 288 96 208 123 178 236 122 37 250 46 300 32 112 41 265 228 181 135 269 136 174 68 302 54 73 79 193 89 292 125 150 21 78 132 271 59 210 131 186 77 102 52 407 107 187 165 286 37 237 151 193 82 116 161 190 112 154 116 327 38 252 110 204 159 104 30 248 85 194 92 286 39 190 118 195 50 156 234 239 124 233 130 227 113 164 261 277 72 177 138 250 66 145 196 242 102 214 31 319 40 129 132 140 88 145 38 119 199 153 72 205 0 152 100 207 234 130 158
381 253 118 188 318 187 117 201 177 219 154 155 187 165 121 185 415 225 106 152 122 239 156 305 191 208 73 205 186 137 58 265 391 254 274 138 323 74 168 281 198 59 182 260 297 220 112 123 237 148 156 119 254 143 43 95 156 122 112 192 314 148 16 273 233 164 104 203 222 415 73 41 266 224 68 238 288 226 59 67 276 232 214 160 73 224 52 126 289 121 140 145 284 218 78 228 253 186 151 246 348 231 149 217 190 128 71 270 166 161 113 283 313 295 188 40 330 97 226 135 294 226 14 246 205 85 72 153 247 151 278 366 239 95 158 186 270 127 282 239 162 194 145 277 299 138 29 175 198 243 157 247 195 324 120 269 291 212 11 27 223 233 74 198 173 225 148 216 172 254 162 107 194 162 64 291 121 194 84 243 299 191 172 149 212 229 174 226 196 229 77 178 283 149 72 246 162 193 166 161 278 189 180 101 219 211 194 244 356 171 66 227 256 188 131 138 262 257 102 242 183 105 123 305 219 161 106 98 78 236 106 190 299 9 189 305 184 191 32 184 287 171 194 252 118 176 36 242 223 182 39 210 217 68 116 230 320 131 159 167 217 101 106 161 338 221 260 144 187 182 78 165 261 235 14 197 145 221 158 231 331 331 228 126 327 184 300 303 343 74 31 94 172 95 168 72 261 239 86 136 214 313 226 207 147 111 51 72 181 15 153 210 164 204 67 251 220 222 59 197 279 211 195 147 377 147 244 322 151 161 120 125 314 233 57 77 375 123 142 97 278 156 244 73 59 64 61 229 128 203 24 98 269 108 67 186 250 215 110 204 281 70 139 152 329 309 139 186 221 369 108 200 371 85 87 295 209 228 98 63 339 87 137 247 262 262 29 153 124 172 120 149 311 180 72 151 249 333 65 274 289 270 46 171 281 104 142 76 206 233 249 268 188 134 81 260 299 207 160 134 158 171 150 100 350 80 198 314 323 188 244 186 187 107 39 243 217 98 61 263 325 182 101 238 296 135 49 139 284 192 62 176 319 113 100 198 237 183 56 175 264 52 239 257 282 265 51 366 224 119 192 189 274 218 204 305 134 193 119 144 235 111 114 278 163 202 117 147 240 332 35 148 212 152 0 231 169 226 106 300
199 180 139 125 255 152 264 145 175 171 120 92 206 138 205 46 492 65 139 82 192 126 96 156 235 217 163 67 161 149 174 242 273 140 335 97 220 198 71 202 278 234 345 143 194 144 148 156 269 131 296 349 74 93 197 152 150 148 295 163 111 86 220 275 179 115 133 113 122 295 159 264 136 213 163 202 119 107 173 164 204 4 73 125 200 8 273 161 226 116 186 169 150 253 271 194 235 100 231 150 332 63 189 44 342 116 284 100 206 192 313 138 299 213 163 227 280 134 319 121 311 125 224 21 232 244 205 80 193 111 112 153 97 184 261 181 275 211 256 21 78 122 253 218 244 98 253 222 200 65 205 122 176 200 128 112 214 84 241 228 228 41 186 49 266 213 193 36 122 97 70 140 133 89 261 89 117 74 264 163 324 104 171 83 280 220 256 8 124 22 307 138 193 168 159 35 142 113 265 72 299 289 145 175 252 189 245 42 249 212 184 126 138 98 223 153 168 134 221 123 222 164 211 83 232 163 336 178 220 143 237 113 244 226 91 87 76 221 258 180 178 152 354 45 281 105 266 179 213 89 269 178 276 263 285 35 318 118 147 177 274 185 267 113 254 219 403 131 281 233 154 283 266 99 241 48 113 44 365 31 257 228 309 213 133 225 230 76 257 200 253 141 269 148 68 205 186 10 179 127 252 305 314 49 242 144 187 159 217 237 238 109 139 63 230 56 193 219 224 94 285 115 255 84 330 269 216 180 82 193 126 110 279 186 176 303 267 110 275 134 206 187 362 248 198 185 290 10 161 210 215 178 164 159 184 57 248 85 186 117 348 162 211 79 144 86 197 220 296 170 281 58 234 190 297 96 286 6 218 229 273 177 358 89 146 34 252 261 143 65 302 81 251 99 169 137 240 274 237 45 219 166 238 62 274 150 93 155 166 32 280 45 123 120 149 32 216 98 220 230 191 165 106 143 393 205 165 145 223 85 203 126 180 182 192 234 154 212 209 123 284 63 324 11 115 259 189 95 191 163 283 70 224 124 230 73 146 123 249 243 190 187 201 30 160 89 255 304 274 172 155 107 200 76 102 244 281 184 311 89 330 130 156 135 132 34 169 135 23 217 220 87 179 100 231 0 211 330 162 72
264 338 94 262 152 278 93 284 39 311 92 126 20 251 48 177 290 251 108 182 49 298 120 183 28 327 127 236 56 234 138 378 236 316 132 181 171 212 146 367 67 221 154 321 151 296 91 226 75 231 104 252 179 139 132 191 61 219 136 288 229 180 175 398 84 235 123 266 114 487 161 207 147 337 142 341 185 279 140 156 121 209 146 87 97 209 166 234 128 180 36 46 160 352 135 330 85 244 33 316 180 254 27 230 145 115 238 299 5 281 281 330 144 381 55 132 162 156 109 208 131 289 177 211 37 247 98 176 92 218 179 280 147 221 60 293 102 265 113 229 140 265 59 373 133 137 165 307 35 262 13 301 50 388 107 307 134 254 171 144 54 240 203 214 59 338 25 177 88 289 160 192 85 208 137 298 126 232 122 323 139 251 41 153 71 344 47 203 94 194 205 262 134 258 144 199 69 258 60 155 115 344 69 221 54 315 37 192 201 299 193 291 135 243 44 238 123 314 72 298 16 215 47 291 50 264 244 220 94 307 78 256 134 161 239 240 134 318 169 291 147 265 160 253 111 105 197 331 57 231 184 309 68 237 119 185 154 110 64 277 67 72 105 229 176 338 197 227 72 317 158 324 93 280 166 213 105 234 205 189 167 408 99 265 232 315 138 252 182 215 200 170 62 186 153 216 112 212 91 215 52 437 103 224 46 96 130 146 12 184 38 269 71 232 109 260 61 338 113 120 112 273 45 164 208 305 79 375 152 18 110 176 145 329 165 234 217 170 86 157 122 274 152 238 199 113 193 217 64 321 146 220 133 214 110 207 81 257 63 269 144 137 31 157 224 294 31 314 86 381 121 224 227 217 165 214 76 204 245 222 172 91 219 280 137 243 164 62 85 193 138 167 146 237 118 238 80 434 114 251 130 340 133 162 112 201 138 156 67 234 87 255 92 205 150 224 142 259 16 279 21 273 111 185 201 222 61 349 170 234 84 88 41 231 153 360 85 242 108 311 157 208 201 209 201 292 176 177 136 288 228 142 165 180 78 139 110 256 223 33 113 128 79 220 151 290 220 468 70 235 66 106 120 253 117 403 99 300 289 177 120 185 80 326 79 178 66 233 203 402 135 141 62 207 169 211 0 385 82 276
527 201 304 209 519 183 342 196 380 182 333 311 399 193 339 303 640 279 288 261 336 239 316 467 410 127 260 267 383 185 248 151 575 240 499 250 510 173 309 211 423 167 397 243 481 207 303 182 458 200 380 245 392 291 255 206 351 191 329 175 441 260 215 126 428 215 276 226 396 316 228 201 434 142 245 166 437 245 245 232 471 333 362 341 291 323 261 175 489 235 351 349 452 94 298 165 463 232 373 223 564 284 360 291 408 297 179 293 381 139 148 273 528 216 385 265 537 244 451 216 515 229 214 351 422 140 291 268 445 221 428 483 396 170 383 154 487 128 492 323 308 214 370 190 502 289 245 109 407 293 372 250 396 268 297 281 486 256 229 252 436 303 184 282 398 143 361 341 352 278 292 213 377 244 285 330 284 257 307 208 521 230 374 285 436 139 398 331 375 343 251 194 471 163 245 362 352 222 391 296 499 44 370 174 438 159 414 366 543 119 193 229 428 234 353 180 446 249 325 243 400 183 343 364 434 167 237 173 301 221 331 221 502 233 241 417 335 114 244 154 467 180 409 318 341 346 216 192 432 242 236 169 441 162 337 353 539 303 352 154 440 313 331 218 533 134 476 202 413 98 233 61 478 259 235 282 317 292 347 350 530 251 453 127 462 108 497 401 538 171 202 228 397 212 305 169 453 340 294 209 434 149 452 283 371 299 255 243 397 211 376 234 354 270 292 308 423 134 284 360 497 228 417 274 587 80 450 285 288 372 296 244 524 177 221 204 562 248 367 243 473 144 467 153 187 272 246 322 329 131 244 173 449 187 275 275 465 257 322 223 506 251 358 284 471 368 354 114 446 374 329 273 545 171 293 424 434 332 140 165 541 294 311 277 436 344 245 379 314 272 337 274 513 232 268 194 461 209 291 355 486 233 271 300 496 200 291 234 402 309 470 341 367 219 242 361 491 241 379 110 369 167 317 215 575 163 394 308 511 246 445 367 391 164 233 137 406 144 282 264 534 269 282 341 438 93 209 254 471 175 192 321 509 230 325 349 418 210 171 397 456 258 441 360 456 295 179 229 446 167 385 360 467 265 370 199 359 154 135 259 461 223 311 271 348 322 322 197 352 262 259 294 411 234 226 330 385 0 306 372
279 260 23 184 216 198 103 206 75 232 53 70 94 171 49 119 367 185 29 110 39 225 67 201 110 245 47 168 80 152 59 297 285 243 211 104 217 133 90 289 138 148 185 248 191 219 14 144 157 151 137 214 160 72 63 109 50 137 134 207 220 106 106 316 128 156 43 191 118 414 80 147 161 255 61 260 187 207 61 75 172 161 120 56 43 158 127 151 186 101 47 43 179 270 113 249 157 169 84 241 259 189 55 168 183 46 177 235 78 198 217 261 222 303 83 81 231 75 178 128 213 215 109 170 119 172 48 105 143 139 178 273 139 140 109 212 183 184 186 177 83 188 98 294 198 68 115 225 100 200 70 229 92 316 35 240 187 183 112 88 130 181 123 149 119 256 57 135 68 223 96 110 88 134 106 242 52 161 105 246 221 176 69 86 147 262 112 155 91 151 166 182 177 176 62 164 55 182 115 92 197 264 73 139 137 234 117 159 250 217 113 216 151 169 69 156 156 242 60 226 98 133 56 244 129 183 203 138 61 231 76 179 198 98 166 218 94 236 120 210 180 185 194 197 119 76 141 252 126 157 134 228 148 169 123 148 234 44 53 195 146 24 105 151 234 256 248 146 136 235 76 246 173 210 109 148 51 172 206 150 228 333 172 184 230 233 196 222 239 135 137 88 120 104 95 138 156 166 22 135 134 355 174 160 90 18 57 64 94 120 90 195 58 165 73 202 118 256 70 98 193 198 123 93 281 227 144 306 85 67 37 97 218 250 85 181 269 91 116 75 174 192 213 165 120 43 150 165 23 239 82 138 162 132 40 140 159 186 27 194 222 56 63 90 229 248 53 231 161 326 120 158 265 136 143 202 149 157 166 148 237 21 204 214 157 196 114 107 21 125 140 96 210 162 40 157 155 355 81 207 185 266 88 102 191 119 71 74 101 177 170 206 83 125 68 184 194 186 81 199 64 192 58 103 283 143 93 284 218 161 141 80 85 149 78 278 111 162 56 241 228 140 175 165 198 214 98 101 178 207 169 93 214 99 68 106 131 179 154 105 159 55 136 181 176 227 153 388 151 153 86 87 169 185 102 323 120 219 223 103 189 104 8 257 58 128 16 152 163 329 78 77 108 130 106 162 82 306 0 233
189 192 210 163 293 188 335 176 239 195 189 163 269 183 275 117 548 93 211 148 262 139 166 176 298 248 234 109 223 201 245 258 289 146 395 163 248 260 143 205 343 298 416 146 227 167 219 211 328 183 366 418 109 164 268 216 217 205 366 197 107 152 288 294 231 164 204 145 174 267 227 331 172 240 233 222 140 128 243 233 246 72 130 192 272 77 343 215 268 181 254 237 180 285 342 217 287 143 299 161 376 87 256 88 411 188 349 90 272 236 374 127 346 213 225 298 319 202 384 179 364 145 292 65 294 304 276 147 243 166 136 124 142 243 329 217 328 263 304 61 150 158 322 226 286 169 323 263 260 79 271 130 236 183 199 105 253 116 311 299 285 73 249 105 333 239 260 100 188 99 141 202 193 146 332 55 188 120 336 177 378 143 235 154 343 245 322 78 184 83 377 179 232 215 229 77 208 150 332 144 353 332 208 234 312 217 308 85 272 253 249 146 179 140 292 205 210 137 292 135 286 223 281 20 291 208 405 237 292 159 308 152 286 295 135 73 143 258 328 217 212 193 424 55 352 171 334 195 269 136 338 206 338 326 356 91 366 189 214 219 336 256 338 163 285 247 471 184 348 273 222 331 320 115 310 105 183 85 437 87 291 215 373 265 129 264 269 47 286 262 320 208 336 213 139 267 231 66 250 183 313 318 378 98 311 216 257 228 280 305 306 138 205 107 302 64 249 246 296 156 338 143 319 153 366 320 268 158 153 259 197 176 322 207 244 370 287 177 345 202 248 232 428 310 262 256 360 71 231 243 285 237 203 218 256 116 302 115 256 149 408 233 279 150 145 21 265 258 359 113 352 108 246 251 368 101 351 76 275 291 308 249 429 97 185 38 323 329 214 129 373 151 290 145 240 187 293 272 309 27 260 167 309 134 325 212 165 224 223 70 337 33 185 179 219 52 253 131 287 281 257 206 176 207 446 266 224 116 252 130 254 188 241 239 261 256 208 269 281 122 325 121 395 68 127 311 256 161 228 197 350 140 255 190 301 137 194 163 313 309 234 258 253 56 193 83 320 297 335 227 215 170 242 107 161 246 351 218 372 156 394 194 227 126 198 105 240 187 73 201 291 159 236 158 300 72 276 372 233 0
