# TTSP Euclidean complete-graph matrix instance
# seed: 500103
# depot: 1
# L_max is not stored in this file; pass it with --budget when running algorithms.
# coordinate rows: node x y
# scenario: corridor
# coordinate_max: 1000
# geometry: corridor
# depot_position: corridor_start
# reward_pattern: uniform
# corridor_width_ratio: 0.08
# coord 1 50.000000 500.000000
# coord 2 938.153785 493.658883
# coord 3 729.042611 408.566741
# coord 4 148.467510 480.420675
# coord 5 339.418738 372.128893
# coord 6 32.490562 465.435321
# coord 7 302.164124 452.932489
# coord 8 195.852078 646.551622
# coord 9 877.627652 462.400414
# coord 10 686.667612 422.520674
# coord 11 523.044355 431.041886
# coord 12 839.530153 519.811888
# coord 13 100.665192 400.677052
# coord 14 71.864273 399.008046
# coord 15 943.104774 489.645565
# coord 16 722.484410 564.953111
# coord 17 372.447997 644.946294
# coord 18 8.618574 548.661623
# coord 19 897.304457 522.583592
# coord 20 810.130761 539.040889
# coord 21 953.290567 435.122042
# coord 22 550.833953 394.164042
# coord 23 617.021902 609.532574
# coord 24 667.718886 555.594495
# coord 25 628.444323 482.130448
# coord 26 506.091264 378.795018
# coord 27 770.412939 425.762964
# coord 28 76.624075 450.651966
# coord 29 233.004243 443.119228
# coord 30 373.925080 322.127515
# coord 31 821.130945 470.659981
# coord 32 819.328713 471.930284
# coord 33 989.004592 464.735273
# coord 34 431.121030 616.092969
# coord 35 205.966331 556.692629
# coord 36 342.454329 387.274751
# coord 37 367.357437 424.095077
# coord 38 664.835480 387.460121
# coord 39 494.163358 499.951444
# coord 40 38.584329 425.620154
# coord 41 964.160171 382.443657
# coord 42 900.208641 512.652992
# coord 43 270.684610 411.751005
# coord 44 646.135101 411.113662
# coord 45 961.536622 619.579143
# coord 46 321.938189 495.517588
# coord 47 673.222391 397.539024
# coord 48 304.233206 652.238301
# coord 49 239.672710 430.433681
# coord 50 468.822512 472.753546
# coord 51 815.050253 533.565888
# coord 52 342.817028 556.418894
# coord 53 164.893543 447.220909
# coord 54 752.742838 413.233499
# coord 55 934.038063 476.994405
# coord 56 153.879620 419.449742
# coord 57 430.041293 546.590870
# coord 58 739.444218 554.996849
# coord 59 444.792765 555.942375
# coord 60 99.717931 529.997646
# coord 61 972.593267 568.759691
# coord 62 35.889396 420.142716
# coord 63 485.143793 635.475262
# coord 64 526.347924 379.146121
# coord 65 36.465299 594.791354
# coord 66 94.541930 481.898536
# coord 67 714.427194 415.112112
# coord 68 606.367595 480.755844
# coord 69 273.665147 367.133312
# coord 70 169.100114 438.386179
# coord 71 768.411822 474.379160
# coord 72 933.455332 558.733436
# coord 73 297.351849 651.106156
# coord 74 504.232242 487.118117
# coord 75 773.399122 461.191535
# coord 76 408.019827 440.040138
# coord 77 251.926718 485.068300
# coord 78 834.498489 469.389114
# coord 79 59.592556 620.589365
# coord 80 51.499227 360.505653
# coord 81 593.372403 542.146914
# coord 82 342.721952 488.717475
# coord 83 394.654542 520.811590
# coord 84 797.961122 394.085116
# coord 85 254.067923 439.859521
# coord 86 781.319274 549.080110
# coord 87 985.738945 414.648845
# coord 88 712.969568 643.552360
# coord 89 295.523272 471.944622
# coord 90 175.221052 596.042287
# coord 91 834.794503 566.233448
# coord 92 889.329687 526.174671
# coord 93 632.133761 514.920879
# coord 94 112.713936 542.232751
# coord 95 524.386705 353.696971
# coord 96 956.997122 540.577008
# coord 97 438.216054 503.580188
# coord 98 711.744530 520.490027
# coord 99 757.227818 556.048875
# coord 100 360.471064 575.402289
# coord 101 99.859408 493.356436
# coord 102 618.777430 375.909717
# coord 103 114.825726 396.819755
# coord 104 427.546664 380.781883
# coord 105 939.753291 534.403362
# coord 106 984.137103 423.522244
# coord 107 447.500276 599.225782
# coord 108 67.823011 447.334435
# coord 109 559.656579 589.346685
# coord 110 455.288054 464.982487
# coord 111 87.089980 373.030859
# coord 112 34.461873 466.370356
# coord 113 811.022338 504.733078
# coord 114 456.569739 593.333725
# coord 115 565.874365 693.922320
# coord 116 418.253172 431.629093
# coord 117 658.196862 483.579118
# coord 118 15.890375 460.523144
# coord 119 198.596848 493.315267
# coord 120 48.150547 374.110607
# coord 121 881.414101 549.522974
# coord 122 40.409510 556.833627
# coord 123 996.794735 665.806793
# coord 124 302.611476 472.558135
# coord 125 806.098998 472.907686
# coord 126 109.611408 542.950871
# coord 127 672.821792 531.868079
# coord 128 485.646865 541.910095
# coord 129 654.477279 461.940472
# coord 130 147.958948 630.178056
# coord 131 433.613520 478.018402
# coord 132 893.739322 596.747814
# coord 133 397.388062 518.891717
# coord 134 391.623489 415.221020
# coord 135 704.986173 551.041885
# coord 136 33.240594 584.917438
# coord 137 854.521608 513.260984
# coord 138 874.183651 478.068669
# coord 139 299.870070 350.860016
# coord 140 482.283210 407.307411
# coord 141 77.354959 244.945760
# coord 142 28.272735 466.979447
# coord 143 407.084197 480.803998
# coord 144 212.150399 590.042110
# coord 145 645.065536 582.216622
# coord 146 372.363494 538.054954
# coord 147 677.258456 508.454710
# coord 148 996.523442 463.510455
# coord 149 746.724675 595.376473
# coord 150 56.086751 474.216768
# coord 151 180.931298 450.873784
# coord 152 259.334535 470.317403
# coord 153 84.731668 482.847802
# coord 154 774.885941 598.169564
# coord 155 97.839259 489.438208
# coord 156 214.403792 570.599846
# coord 157 898.932367 533.152832
# coord 158 677.688789 535.862789
# coord 159 496.097884 560.211243
# coord 160 214.983185 557.654735
# coord 161 657.933793 405.830454
# coord 162 131.757003 607.773965
# coord 163 991.951043 406.953467
# coord 164 904.368696 518.718976
# coord 165 676.499878 469.009780
# coord 166 850.624401 574.191554
# coord 167 55.129064 540.537523
# coord 168 968.391748 457.752179
# coord 169 807.316591 398.793472
# coord 170 154.920093 343.206255
# coord 171 810.942550 685.631682
# coord 172 94.674907 540.046889
# coord 173 667.730526 622.994729
# coord 174 614.644944 414.244713
# coord 175 668.804004 491.546446
# coord 176 231.830918 567.541948
# coord 177 502.333019 577.374223
# coord 178 96.284636 301.896219
# coord 179 939.101527 537.565737
# coord 180 925.957024 361.784280
# coord 181 279.734346 547.121266
# coord 182 150.590182 398.372831
# coord 183 852.496022 263.948762
# coord 184 613.869309 474.991049
# coord 185 950.953644 311.173966
# coord 186 14.053934 606.350280
# coord 187 37.622983 484.204653
# coord 188 69.233248 520.428518
# coord 189 548.690240 452.061690
# coord 190 835.339432 641.562582
# coord 191 42.703371 484.292569
# coord 192 362.253857 528.308135
# coord 193 50.067783 500.905077
# coord 194 993.935312 493.535874
# coord 195 946.944412 542.045764
# coord 196 381.313936 565.351692
# coord 197 124.840187 487.906820
# coord 198 599.550843 599.475108
# coord 199 455.572620 418.932311
# coord 200 110.550119 511.079228
# coord 201 996.461292 543.489563
# coord 202 151.143474 511.715662
# coord 203 908.887120 511.721968
# coord 204 829.109352 410.751416
# coord 205 37.806588 437.558430
# coord 206 55.843586 464.318620
# coord 207 687.537352 448.231016
# coord 208 277.548061 421.961200
# coord 209 931.843381 468.340080
# coord 210 28.482538 444.011243
# coord 211 492.994641 568.265865
# coord 212 712.377469 408.448404
# coord 213 883.859371 470.829931
# coord 214 181.271545 526.154992
# coord 215 802.041015 560.200306
# coord 216 483.609199 539.623506
# coord 217 574.213046 566.829440
# coord 218 862.643107 580.125134
# coord 219 964.803494 433.173431
# coord 220 894.278451 459.958556
# coord 221 112.286186 441.034130
# coord 222 966.994598 577.607356
# coord 223 454.526351 314.836965
# coord 224 438.095658 478.508755
# coord 225 893.446262 567.161142
# coord 226 221.264748 485.293981
# coord 227 434.321714 496.139816
# coord 228 823.174395 511.767194
# coord 229 542.228711 502.344688
# coord 230 375.066922 462.221250
# coord 231 444.191756 558.608336
# coord 232 806.683302 397.944093
# coord 233 66.140690 405.343529
# coord 234 17.228788 429.689155
# coord 235 900.532263 637.719026
# coord 236 119.414960 505.048325
# coord 237 224.712087 545.740555
# coord 238 421.211352 528.022547
# coord 239 884.184531 483.615227
# coord 240 873.752250 276.087042
# coord 241 814.639430 521.806711
# coord 242 441.758295 547.633522
# coord 243 285.897126 585.120078
# coord 244 209.348145 364.452717
# coord 245 201.955395 572.453159
# coord 246 877.065556 529.452553
# coord 247 936.800293 667.306168
# coord 248 785.453607 413.494210
# coord 249 493.122912 427.776868
# coord 250 85.789833 564.429906
# coord 251 162.873724 506.915475
# coord 252 43.141527 514.742934
# coord 253 622.066598 486.426191
# coord 254 955.264738 440.658325
# coord 255 953.400069 402.259612
# coord 256 407.719970 402.700583
# coord 257 692.110087 567.689164
# coord 258 695.175477 436.873328
# coord 259 639.015813 484.160964
# coord 260 729.454599 553.571380
# coord 261 830.203849 419.981207
# coord 262 360.845167 600.648418
# coord 263 280.238877 417.697112
# coord 264 626.735904 401.865833
# coord 265 766.021940 524.462659
# coord 266 299.313151 367.449695
# coord 267 764.099801 545.517486
# coord 268 59.735805 498.515391
# coord 269 816.287547 581.069395
# coord 270 368.104270 469.023110
# coord 271 846.075299 284.737714
# coord 272 856.233263 504.486990
# coord 273 416.181271 342.070471
# coord 274 827.684164 380.072976
# coord 275 306.386237 468.341872
# coord 276 505.725179 599.498097
# coord 277 836.834139 282.913874
# coord 278 727.114228 588.847412
# coord 279 379.363051 520.840007
# coord 280 23.309066 529.221057
# coord 281 627.878499 565.958411
# coord 282 794.071333 509.835875
# coord 283 498.772466 604.034614
# coord 284 203.291714 528.422619
# coord 285 956.676811 585.941781
# coord 286 836.359377 535.928705
# coord 287 437.563225 446.603800
# coord 288 754.053846 481.329501
# coord 289 323.635450 499.989925
# coord 290 544.964561 672.151327
# coord 291 124.213115 651.823063
# coord 292 429.946236 550.395315
# coord 293 513.618096 534.086007
# coord 294 613.651515 409.622641
# coord 295 350.239575 547.643870
# coord 296 877.423367 482.089861
# coord 297 796.332169 534.890095
# coord 298 722.761379 496.533141
# coord 299 243.281890 568.498196
# coord 300 110.483251 480.620132
# coord 301 687.081469 539.409404
# coord 302 910.523563 564.239333
# coord 303 269.078503 472.684461
# coord 304 321.648685 588.676432
# coord 305 1.043839 463.501916
# coord 306 228.756900 526.355983
# coord 307 499.224949 462.518057
# coord 308 328.000988 576.192285
# coord 309 458.170181 565.996024
# coord 310 79.557060 535.186774
# coord 311 304.564348 613.095951
# coord 312 345.909194 523.172537
# coord 313 760.842851 469.967413
# coord 314 320.867322 485.612800
# coord 315 72.378582 515.088044
# coord 316 61.532627 453.128592
# coord 317 90.514077 507.767053
# coord 318 671.016957 419.308005
# coord 319 220.128472 499.665280
# coord 320 827.518503 486.836185
# coord 321 879.728259 434.759582
# coord 322 658.138486 416.092337
# coord 323 869.045679 538.302824
# coord 324 709.124410 409.079745
# coord 325 96.211254 470.054845
# coord 326 870.458522 468.483551
# coord 327 767.277117 520.537989
# coord 328 591.531888 403.930708
# coord 329 863.403996 506.457424
# coord 330 654.475433 525.047361
# coord 331 898.564969 454.155127
# coord 332 409.152959 488.943694
# coord 333 53.974904 480.496460
# coord 334 124.640024 438.688959
# coord 335 392.505570 463.857688
# coord 336 942.301598 550.585861
# coord 337 751.562232 573.084313
# coord 338 598.028212 456.104924
# coord 339 999.153908 597.053038
# coord 340 529.647689 483.139617
# coord 341 101.185775 518.095875
# coord 342 371.229821 525.013062
# coord 343 3.952047 516.298028
# coord 344 924.797672 519.079373
# coord 345 479.274840 594.355450
# coord 346 256.072902 533.155350
# coord 347 777.355096 396.712514
# coord 348 540.221136 479.979475
# coord 349 312.138827 409.463558
# coord 350 690.741098 608.853082
# coord 351 275.900833 526.953449
# coord 352 323.159236 577.606724
# coord 353 471.542473 438.217642
# coord 354 116.212933 530.990069
# coord 355 522.140072 497.447442
# coord 356 525.515020 428.476628
# coord 357 780.231509 500.296536
# coord 358 968.795459 508.482455
# coord 359 892.144900 447.109835
# coord 360 797.763955 488.945912
# coord 361 194.194423 393.577312
# coord 362 429.686280 390.704871
# coord 363 603.677250 424.190459
# coord 364 994.420176 496.028794
# coord 365 945.646237 540.460281
# coord 366 467.485204 604.550573
# coord 367 523.423541 538.662563
# coord 368 584.967982 425.954020
# coord 369 314.030189 692.452499
# coord 370 769.145830 486.778673
# coord 371 425.464335 499.444556
# coord 372 388.261214 739.917037
# coord 373 233.653147 546.712511
# coord 374 354.139828 627.060873
# coord 375 831.829688 510.114476
# coord 376 224.901439 572.797072
# coord 377 942.374479 436.756749
# coord 378 935.620667 600.871817
# coord 379 206.205714 610.593475
# coord 380 774.174858 358.802684
# coord 381 681.132639 482.137131
# coord 382 949.181843 534.168376
# coord 383 932.210363 509.712242
# coord 384 67.888972 528.619060
# coord 385 86.154570 533.373711
# coord 386 569.150538 514.084115
# coord 387 748.226086 429.934168
# coord 388 769.471647 314.618022
# coord 389 814.790321 395.536014
# coord 390 763.235265 381.159647
# coord 391 958.742253 503.009604
# coord 392 446.395321 471.307702
# coord 393 207.861069 420.395469
# coord 394 916.994309 492.186220
# coord 395 994.344542 564.938147
# coord 396 892.436224 538.122557
# coord 397 93.281804 413.001934
# coord 398 343.678087 338.866045
# coord 399 75.428733 461.549078
# coord 400 65.174693 468.389700
# coord 401 205.911228 605.385560
# coord 402 817.919249 496.199222
# coord 403 815.567292 488.382108
# coord 404 199.709488 527.225774
# coord 405 717.528288 518.664091
# coord 406 595.026337 578.559332
# coord 407 307.701972 522.417666
# coord 408 96.064517 426.711584
# coord 409 631.397141 484.794085
# coord 410 657.020682 585.605296
# coord 411 690.773252 578.302670
# coord 412 55.204938 465.020900
# coord 413 137.969205 426.203496
# coord 414 812.979856 592.529840
# coord 415 56.763920 583.815423
# coord 416 593.915169 497.529754
# coord 417 452.168910 562.457160
# coord 418 404.588266 545.059253
# coord 419 328.529110 363.164185
# coord 420 166.480734 520.519594
# coord 421 858.326989 483.630133
# coord 422 872.084875 436.064642
# coord 423 325.019921 456.774894
# coord 424 220.647507 517.735754
# coord 425 461.631023 503.320294
# coord 426 891.221273 469.619232
# coord 427 791.257150 479.511258
# coord 428 336.238453 523.613173
# coord 429 279.073703 476.003273
# coord 430 437.897181 435.263030
# coord 431 364.762402 600.493262
# coord 432 88.654328 453.505928
# coord 433 904.598480 533.005824
# coord 434 110.562893 590.464990
# coord 435 812.694438 512.593561
# coord 436 824.022338 462.483413
# coord 437 991.965210 394.526387
# coord 438 337.550216 524.921427
# coord 439 369.826558 497.731176
# coord 440 924.035191 464.591957
# coord 441 550.361801 426.469627
# coord 442 167.852539 510.583563
# coord 443 206.947982 485.202131
# coord 444 567.639316 520.143452
# coord 445 790.729767 397.575713
# coord 446 742.800296 474.639795
# coord 447 391.928251 447.750158
# coord 448 10.998998 544.670819
# coord 449 497.780213 480.241097
# coord 450 796.193931 658.086404
# coord 451 449.648589 368.730195
# coord 452 700.148213 595.386940
# coord 453 430.895543 608.579033
# coord 454 417.638279 524.837541
# coord 455 93.431883 518.754655
# coord 456 979.439992 497.052648
# coord 457 242.553295 504.496342
# coord 458 605.537438 391.509380
# coord 459 580.464346 406.526917
# coord 460 583.290417 389.804527
# coord 461 467.214836 574.211189
# coord 462 249.542575 599.000036
# coord 463 409.735531 501.162687
# coord 464 402.718006 552.343412
# coord 465 36.840928 443.487867
# coord 466 351.954714 522.067801
# coord 467 472.495128 546.631057
# coord 468 350.149643 439.518907
# coord 469 403.702520 509.882055
# coord 470 544.956506 548.072628
# coord 471 721.483422 526.589098
# coord 472 327.508316 565.189437
# coord 473 7.183625 450.442671
# coord 474 201.219695 447.545242
# coord 475 859.053745 354.812095
# coord 476 677.535376 572.902766
# coord 477 184.555297 595.372979
# coord 478 467.178462 455.460110
# coord 479 344.245216 503.618806
# coord 480 62.579191 583.311252
# coord 481 904.160230 337.883344
# coord 482 283.947053 407.990229
# coord 483 992.641488 556.970498
# coord 484 804.969967 534.178982
# coord 485 826.742603 470.532102
# coord 486 114.380106 495.922511
# coord 487 262.317586 492.116546
# coord 488 484.850370 444.565051
# coord 489 436.976368 459.132201
# coord 490 606.752115 495.145164
# coord 491 853.429889 507.754254
# coord 492 578.772698 425.033534
# coord 493 361.799553 469.550305
# coord 494 715.110029 449.628584
# coord 495 300.496280 488.226842
# coord 496 824.944929 412.998429
# coord 497 74.270727 313.819492
# coord 498 99.115384 653.695163
# coord 499 696.138141 526.387573
# coord 500 693.930984 447.658394
# reference_nearest_neighbor_tour_cost: 12649
TTSP_MATRIX
500
0 73 88 64 96 92 75 72 35 90 35 80 19 43 66 79 13 62 19 61 46 16 75 23 72 31 47 34 73 83 68 69 30 9 62 82 96 15 47 94 47 58 62 7 76 8 48 60 67 85 12 35 37 57 33 87 4 50 60 42 20 8 67 82 83 92 96 19 30 35 14 51 41 22 33 70 2 30 79 45 13 18 23 38 18 9 2 63 93 74 68 95 80 80 96 42 96 68 1 62 8 78 99 95 50 98 16 99 57 26 1 17 46 5 10 70 10 82 2 67 38 58 5 93 3 66 77 50 38 51 85 98 57 56 36 40 10 88 20 91 82 92 47 23 81 13 75 28 45 84 78 9 27 7 85 21 6 53 19 37 88 47 44 81 26 95 48 68 90 14 93 77 69 77 53 56 7 23 27 38 54 83 36 43 44 60 6 23 59 45 27 2 20 78 88 45 28 98 18 65 19 22 52 25 49 16 54 90 89 43 76 84 52 26 19 80 64 2 48 43 44 78 90 96 78 4 81 3 21 64 20 87 6 57 75 54 94 81 100 80 16 29 29 91 73 10 11 6 18 28 85 98 59 18 43 55 48 4 43 70 20 86 82 49 20 37 79 4 50 92 81 44 8 83 83 17 36 7 47 11 78 69 50 11 47 99 51 78 78 41 96 73 82 39 68 86 29 62 17 29 62 47 9 47 59 73 46 71 55 17 84 55 49 23 76 76 94 50 12 13 7 40 64 23 58 7 72 100 86 52 57 5 45 36 96 67 33 23 66 31 14 23 83 63 91 18 17 35 13 91 8 83 1 20 89 68 63 1 70 92 7 39 4 95 45 58 82 21 47 99 86 74 37 53 64 51 74 58 63 63 72 10 29 32 78 62 56 56 67 79 65 19 97 72 29 37 6 3 64 51 38 28 78 74 55 94 29 49 21 61 7 96 63 73 23 23 73 75 26 47 4 90 55 12 78 82 47 36 14 81 83 86 39 25 17 35 42 31 93 86 17 70 78 16 45 8 83 92 59 34 70 17 13 79 22 48 42 59 79 40 21 93 70 88 57 85 42 33 42 44 67 92 77 47 31 9 9 13 67 7 37 9 31 31 73 79 6 47 9 77 2 23 22 58 98 52 8 84 50 21
0 888 685 100 316 39 257 207 828 641 478 790 111 103 893 676 354 64 848 761 906 512 578 620 579 472 724 56 192 370 772 770 940 398 166 313 326 625 444 75 922 850 238 603 919 272 632 296 202 420 766 298 126 708 884 131 383 692 399 58 925 81 456 491 96 48 670 557 260 134 719 885 290 454 724 363 202 785 121 140 545 293 345 755 213 733 940 678 247 158 788 840 582 76 496 908 388 662 709 319 50 582 122 396 890 937 410 56 517 407 132 37 761 417 551 375 608 52 149 126 833 58 961 254 757 73 624 438 606 163 384 849 348 352 657 87 805 824 291 442 257 40 358 185 601 325 627 947 703 26 140 211 39 732 49 179 850 629 450 175 615 135 947 855 627 804 41 919 764 189 783 60 630 571 619 194 459 203 890 887 235 143 836 564 921 112 20 28 501 798 17 314 1 944 898 338 76 558 414 62 947 102 859 784 64 36 640 241 882 60 448 669 834 134 754 435 528 817 917 845 86 920 445 389 846 172 384 773 492 327 399 764 96 78 862 70 181 372 834 854 765 395 251 209 168 828 902 741 449 74 113 16 572 907 909 371 646 648 589 682 784 327 245 585 716 282 716 10 771 320 825 806 399 787 258 466 816 683 330 40 582 744 461 156 911 787 391 704 274 524 169 383 465 571 304 828 747 673 205 64 638 863 221 286 61 181 451 288 413 46 279 297 711 271 27 48 41 626 170 778 832 614 820 665 55 821 718 550 813 605 850 359 20 97 344 894 705 550 954 480 54 322 49 875 440 209 735 491 277 650 228 284 426 73 472 481 730 919 844 748 179 395 559 944 897 430 475 540 327 719 375 415 190 330 782 189 895 891 191 738 631 900 882 34 49 519 702 743 772 723 909 397 177 867 947 843 97 335 46 35 188 768 766 152 668 551 259 87 582 613 646 35 115 769 84 544 407 357 310 118 808 825 278 172 412 842 742 287 230 393 330 60 855 109 763 775 948 289 320 875 506 118 158 518 748 693 346 59 448 763 421 657 396 368 47 929 193 566 539 545 424 223 360 357 58 303 425 306 354 497 672 285 65 160 822 632 165 420 294 84 869 251 944 756 777 65 212 438 389 557 803 534 313 667 251 780 188 161 647 646
888 0 226 790 611 906 637 758 68 261 420 102 843 871 6 227 586 931 50 136 60 400 341 277 310 447 181 863 707 590 119 121 59 522 735 605 575 293 444 902 114 42 672 303 128 616 282 653 701 470 129 599 775 202 17 788 511 208 497 839 83 905 475 427 907 844 237 332 676 771 171 65 660 434 168 533 686 106 888 897 348 595 544 172 686 166 92 271 643 770 126 59 307 827 437 51 500 228 191 583 838 340 829 523 41 84 502 872 390 484 860 904 128 492 423 524 280 923 740 898 80 900 182 636 134 830 268 455 285 802 505 112 541 552 240 910 86 66 654 464 896 910 531 732 306 568 261 66 217 882 758 679 853 194 840 728 56 264 447 726 294 814 102 42 263 119 884 47 162 798 230 845 300 333 269 710 444 863 44 132 661 793 245 325 183 931 901 869 392 180 895 577 888 56 49 561 813 355 488 828 77 787 34 137 902 883 255 664 26 911 451 241 59 758 152 457 371 115 66 55 828 89 516 500 86 717 504 116 396 564 498 163 876 923 149 819 715 518 55 227 127 499 659 740 740 71 174 172 450 855 775 895 316 56 93 538 257 250 299 217 131 587 662 325 175 651 182 878 150 571 228 83 544 158 632 445 234 232 559 916 319 145 453 736 94 110 503 185 615 432 829 511 426 335 590 62 148 215 699 828 255 76 669 624 938 710 440 616 485 860 645 593 179 617 866 878 848 277 718 111 83 291 82 244 842 72 173 358 76 285 56 529 884 815 546 57 203 342 120 409 837 568 934 29 470 683 188 398 632 273 663 621 470 823 416 418 158 34 65 140 751 519 342 56 47 484 417 360 655 169 513 603 706 599 108 718 57 107 741 212 257 42 17 871 853 370 200 246 158 208 23 492 734 21 91 64 849 614 863 873 741 120 123 739 222 353 631 845 307 296 261 883 803 160 886 344 491 536 623 772 80 88 614 718 477 53 148 603 659 504 583 850 52 833 127 118 113 601 568 32 394 770 731 371 176 196 548 929 441 217 504 259 520 521 845 41 696 348 368 370 478 697 528 539 903 587 469 590 535 397 219 615 932 738 160 272 760 473 594 880 159 660 84 139 114 824 676 456 502 331 86 366 577 227 638 139 882 854 244 249
685 226 0 585 391 699 429 584 158 45 207 157 628 657 229 157 428 734 203 154 226 179 230 159 125 225 45 654 497 365 111 110 266 363 544 387 362 68 252 691 237 200 458 83 314 416 57 490 490 268 152 414 565 24 216 575 329 147 320 641 292 693 333 205 717 639 16 142 457 561 77 254 495 238 69 323 483 122 702 679 190 395 353 70 476 150 257 236 438 585 190 199 144 631 212 263 306 113 150 405 635 115 614 303 245 256 340 662 248 280 643 697 126 329 329 312 103 715 537 682 208 704 371 431 100 634 136 278 92 622 303 250 350 337 144 718 163 161 433 247 672 703 330 548 193 379 113 273 188 676 550 474 649 195 636 540 211 137 278 535 71 630 263 207 80 205 687 244 79 578 289 648 223 115 103 522 283 642 247 202 470 579 190 133 242 742 696 669 186 256 691 386 685 278 256 381 609 231 274 627 300 587 207 100 692 676 57 452 211 701 285 17 167 560 168 278 221 217 237 173 618 292 290 299 228 514 307 140 209 358 322 78 663 712 286 617 523 330 172 196 142 319 477 522 552 191 332 57 237 662 575 694 132 228 224 321 163 44 118 145 102 415 449 103 122 432 141 675 193 366 170 159 320 103 427 294 166 180 367 716 187 120 302 539 289 167 294 77 416 321 652 331 249 115 404 166 143 88 511 623 137 239 464 445 730 514 236 435 313 662 471 400 69 415 665 669 646 59 517 126 153 71 191 20 636 154 118 138 166 138 176 330 679 605 341 256 166 139 329 213 637 376 733 225 311 489 50 202 417 204 468 440 259 625 225 204 105 260 168 106 535 300 126 279 254 327 243 145 503 88 317 475 514 434 144 530 215 282 561 67 88 253 227 672 655 192 29 102 87 44 248 290 521 206 308 209 636 392 656 667 559 125 118 542 111 216 436 633 124 191 174 676 591 202 695 162 317 352 403 574 149 146 407 520 284 173 94 409 455 292 412 642 215 645 133 109 263 408 370 203 180 570 528 196 63 67 339 731 242 258 282 189 359 332 645 266 496 125 149 147 310 516 332 357 693 394 291 380 341 231 118 431 723 529 141 172 576 266 396 689 189 445 303 147 116 621 474 247 296 150 159 151 372 43 436 96 662 676 122 53
100 790 585 0 220 117 156 173 729 541 378 692 93 112 795 580 278 156 750 664 806 412 486 525 480 372 624 78 92 275 673 671 841 314 96 215 226 525 346 123 822 752 140 502 825 174 531 232 104 320 669 209 37 608 786 61 289 596 306 70 829 128 371 391 160 54 570 458 169 47 620 789 226 356 625 263 104 686 166 154 449 194 249 655 113 637 840 588 147 119 692 742 485 71 397 811 291 565 613 232 50 482 90 296 793 838 322 87 425 307 124 115 663 328 469 274 510 134 52 146 736 132 868 154 658 74 527 343 506 150 285 754 252 252 561 156 707 726 199 342 246 121 259 127 507 231 530 848 609 93 44 111 64 637 51 112 752 532 357 102 515 128 847 757 528 708 111 820 664 137 694 80 538 471 520 121 367 186 793 786 147 82 737 465 820 184 111 89 401 706 106 219 101 846 801 248 25 467 313 49 850 31 761 684 119 94 540 142 783 125 356 568 735 56 658 340 434 721 818 746 53 824 348 290 750 73 286 675 394 227 306 663 111 141 768 38 100 277 736 754 667 301 173 131 106 730 810 640 349 105 30 111 474 808 809 271 551 548 491 586 684 244 146 485 619 188 619 91 675 220 725 708 301 687 158 377 716 589 234 134 487 646 371 73 815 690 291 606 176 440 173 290 369 471 213 729 650 575 129 38 542 767 121 204 148 93 351 203 321 88 205 202 612 172 84 91 64 526 74 679 733 514 723 565 53 722 620 450 715 508 751 261 94 48 245 797 610 450 859 381 60 227 149 777 350 120 634 392 178 557 136 200 326 60 374 381 632 821 744 649 98 295 459 846 799 342 379 440 269 621 278 353 108 253 684 120 795 796 142 637 533 803 784 94 82 422 602 643 672 623 811 298 84 769 850 746 87 241 75 84 138 670 667 69 570 457 165 75 483 519 551 95 55 674 138 446 315 264 215 44 710 725 178 81 314 743 643 193 131 293 247 66 758 116 665 676 848 194 222 776 405 36 59 421 648 594 246 152 349 672 321 564 310 273 67 831 97 466 438 444 332 156 262 264 118 208 331 206 257 402 575 198 144 62 722 537 120 320 197 134 769 154 848 659 678 37 114 338 289 459 705 434 214 567 152 680 182 180 550 546
316 611 391 220 0 321 89 310 546 351 193 521 240 269 615 429 275 375 578 499 617 213 365 376 309 167 434 274 128 61 492 490 656 261 228 15 59 326 201 306 625 578 79 309 670 125 335 282 116 164 502 184 190 415 604 191 197 440 212 287 663 307 301 187 376 268 377 288 66 183 441 623 282 201 443 97 143 505 374 288 306 117 159 459 109 476 648 462 109 278 532 571 326 283 186 640 164 401 456 204 268 279 226 89 622 647 252 282 309 148 252 319 490 250 393 99 338 335 186 291 570 351 720 107 477 286 370 224 328 321 142 598 158 68 407 373 534 545 45 147 291 325 128 252 371 169 364 663 464 301 177 127 278 491 269 235 582 376 245 223 320 314 653 584 351 550 330 635 469 187 566 297 413 278 350 223 262 253 622 587 185 191 524 293 615 401 322 308 224 564 317 158 317 666 631 198 244 345 125 268 679 234 586 491 309 298 356 79 600 319 249 375 553 221 499 221 305 563 628 562 237 660 129 145 587 164 156 504 241 97 214 468 275 327 621 257 208 176 556 543 498 203 220 130 243 560 666 448 163 318 222 329 305 620 615 75 403 362 320 430 493 230 75 289 453 40 459 307 521 101 514 533 82 488 102 282 505 444 154 353 348 475 281 207 653 523 123 429 129 364 353 200 238 277 176 549 485 403 219 253 386 603 123 217 350 190 184 204 227 307 243 151 433 115 303 289 283 335 175 501 544 322 555 372 262 540 453 254 541 350 565 136 305 225 106 629 459 272 697 220 279 156 365 604 263 181 439 228 46 424 167 206 148 274 222 194 459 644 558 473 147 92 269 667 629 265 248 251 321 445 154 371 204 255 511 231 606 639 273 435 359 631 609 313 300 270 413 434 476 424 633 146 140 590 683 577 250 34 279 291 269 494 490 209 406 329 154 249 313 383 407 299 209 522 353 284 221 185 14 228 531 536 86 188 179 560 464 152 120 117 230 264 588 316 494 493 653 153 129 592 218 220 174 272 452 416 92 371 192 539 110 424 254 172 286 652 164 267 243 245 239 244 147 191 311 150 219 68 152 271 412 193 341 157 520 393 272 153 132 348 566 66 679 493 497 257 143 162 131 294 532 245 100 384 122 487 271 370 389 362
39 906 699 117 321 0 270 244 845 656 492 809 94 77 911 697 384 87 867 781 921 523 602 642 596 481 739 47 202 370 789 787 957 426 196 320 337 637 463 40 935 869 244 616 942 291 644 330 210 436 786 323 134 722 902 130 406 713 422 93 946 45 484 501 129 64 684 574 260 139 736 906 323 472 741 376 220 802 158 107 566 311 366 769 223 753 955 703 263 193 809 859 602 111 504 928 408 681 730 346 73 593 107 404 910 953 436 40 542 423 107 2 780 443 580 387 626 17 168 93 853 92 985 270 774 109 644 460 622 201 401 871 369 363 678 119 823 842 291 454 225 4 375 219 624 348 646 964 726 25 149 227 55 754 70 210 869 649 473 204 628 174 961 874 644 825 78 936 778 173 809 97 654 584 637 224 483 176 909 899 260 136 844 581 931 142 19 66 516 822 21 336 40 962 918 363 95 583 426 90 967 127 878 798 28 23 655 249 899 22 472 682 851 161 775 457 551 838 933 862 83 941 448 406 867 190 403 792 511 343 422 777 69 39 885 96 208 394 852 862 784 417 280 204 200 847 927 755 462 112 137 50 590 923 923 380 667 663 607 703 799 355 252 598 736 284 736 43 792 336 833 825 403 800 274 492 825 706 351 64 604 763 486 182 932 807 406 722 293 553 208 406 486 584 328 845 767 691 235 79 659 884 237 314 32 206 467 316 437 84 310 319 728 289 64 32 72 640 191 795 848 628 840 679 64 838 737 562 832 625 866 377 26 96 360 914 727 566 976 497 87 344 58 894 465 234 748 508 285 674 251 312 440 106 491 494 749 937 860 766 177 404 573 962 916 457 496 554 362 737 394 449 217 360 801 220 910 913 226 749 649 919 901 72 87 539 717 752 785 736 927 414 181 885 967 863 80 336 43 33 223 786 783 178 687 574 281 74 599 636 668 23 113 791 121 562 431 381 313 145 826 840 293 195 431 859 759 309 247 407 359 57 875 147 782 792 962 311 339 892 519 143 176 538 761 710 360 82 466 788 428 680 423 390 81 947 214 578 551 556 448 255 379 380 22 324 447 319 374 519 692 311 29 170 834 654 200 435 314 122 881 258 965 776 794 87 231 453 405 575 822 548 329 683 269 794 157 200 666 662
257 637 429 156 89 270 0 221 576 386 222 542 208 237 642 435 204 309 599 515 651 256 352 380 328 217 469 226 70 149 519 518 687 208 141 77 71 369 198 265 666 601 52 347 680 47 375 199 66 168 519 111 137 452 632 152 159 449 176 217 680 268 258 236 301 210 414 305 90 134 467 640 198 205 471 107 60 533 295 267 305 54 115 499 50 489 685 453 20 191 545 592 336 209 243 661 145 415 467 136 206 326 196 145 643 683 206 234 291 154 229 268 511 209 357 118 357 286 111 266 587 282 727 20 504 213 379 204 352 235 134 609 116 97 415 300 556 573 102 186 306 274 109 164 366 110 379 694 467 247 121 46 219 495 208 147 602 385 222 136 359 230 691 606 375 562 262 666 508 184 559 225 403 315 369 134 236 255 643 630 97 161 582 312 664 326 266 243 247 566 261 96 257 693 651 137 181 332 157 200 700 162 610 529 265 247 385 40 630 274 223 413 582 141 511 201 295 575 663 592 190 676 206 138 602 87 139 524 245 73 177 508 241 286 626 190 121 141 583 598 517 169 133 128 156 580 670 485 193 243 149 266 322 653 653 117 406 393 338 439 529 159 41 329 469 86 471 247 530 68 569 556 159 531 16 251 561 446 103 289 345 495 248 124 668 541 136 453 52 327 267 161 226 314 106 576 501 423 130 194 395 618 39 137 301 104 197 126 193 237 160 83 459 38 238 241 219 370 94 526 578 358 573 409 207 569 470 293 564 360 596 113 250 178 91 648 465 296 712 229 211 100 305 626 227 93 479 240 45 419 79 126 170 202 224 225 480 669 590 497 123 142 303 694 649 224 237 284 240 468 132 300 116 182 533 143 640 651 185 481 380 652 633 246 231 274 447 487 516 467 658 145 100 616 701 596 213 121 227 237 180 518 515 127 421 319 70 208 331 379 408 247 166 530 278 295 186 138 94 152 557 570 23 104 167 589 490 78 33 137 160 214 608 236 514 522 692 80 81 622 250 146 101 274 492 441 90 305 198 535 170 423 202 136 219 679 79 310 282 288 205 155 118 141 265 85 194 50 116 261 426 115 295 101 565 394 185 165 66 273 613 48 698 509 525 193 56 183 135 307 554 278 62 413 35 524 267 286 401 392
207 758 584 173 310 244 221 0 706 540 392 656 264 277 764 533 177 211 712 624 786 436 423 481 463 410 616 229 207 370 650 647 814 237 90 298 281 536 332 271 812 717 246 508 766 197 538 109 221 324 629 172 202 604 757 231 255 551 265 151 781 277 290 425 168 193 568 443 290 210 598 743 102 347 607 296 171 663 139 320 411 216 235 653 215 594 823 517 201 55 644 704 456 133 440 768 281 531 569 179 181 502 263 353 752 819 256 237 368 317 294 242 631 266 373 309 490 259 153 310 692 179 801 204 634 135 491 308 494 51 291 700 239 303 518 174 672 699 313 373 419 246 268 59 454 207 501 821 553 222 196 187 198 581 185 78 712 494 312 91 521 75 831 720 512 659 176 795 660 306 616 147 472 479 498 87 314 359 751 784 130 252 760 452 826 186 227 179 403 640 223 204 206 813 758 202 174 406 345 160 807 142 726 676 262 230 530 239 757 263 307 569 710 121 612 307 387 670 798 723 222 774 421 295 702 163 282 642 375 257 263 659 274 281 705 161 105 255 707 773 631 265 109 282 74 691 741 634 369 137 143 202 455 787 796 323 502 542 472 542 674 171 244 496 583 298 577 201 624 247 744 675 376 686 210 313 737 534 222 209 439 614 306 118 763 650 314 582 194 350 72 253 337 480 183 701 611 548 91 187 503 719 189 138 267 125 355 150 274 161 114 194 592 204 180 235 174 527 149 652 716 517 682 566 203 698 585 464 682 474 729 265 218 220 268 753 561 445 805 372 160 213 232 740 288 128 633 383 264 496 144 145 346 140 359 395 602 785 724 622 253 347 465 813 757 275 345 447 127 595 273 214 107 159 650 79 775 741 37 646 512 762 749 174 158 396 593 663 668 626 776 306 226 737 803 705 255 341 221 221 42 640 640 119 537 405 167 241 465 465 500 230 228 619 153 425 270 232 313 129 682 708 230 131 302 718 618 187 190 321 175 221 718 102 631 655 835 187 229 751 417 139 162 393 645 573 279 211 345 600 376 507 238 253 164 798 150 483 453 465 281 72 259 227 258 200 294 258 249 363 539 155 272 199 725 487 52 332 206 148 773 254 802 619 655 171 168 353 305 438 672 442 243 555 190 671 354 97 515 536
828 68 158 729 546 845 576 706 0 195 356 69 779 808 71 186 537 873 63 102 80 334 299 230 250 381 113 801 645 523 57 59 111 472 678 540 512 226 385 840 118 55 609 237 178 557 214 604 639 409 95 543 713 134 58 725 455 166 443 781 143 843 429 361 852 783 170 272 611 709 110 111 610 374 104 470 626 44 833 832 295 536 486 105 624 130 118 245 582 715 112 65 251 769 370 111 441 176 153 529 778 273 766 457 95 113 451 810 342 422 796 843 79 441 388 460 220 862 680 834 87 843 236 575 72 772 216 400 223 749 444 135 484 488 194 853 56 16 588 399 829 849 471 678 262 511 206 119 187 822 697 618 793 170 780 672 74 213 394 669 227 760 127 62 201 115 826 91 95 732 233 787 264 267 211 654 393 798 97 112 604 730 200 264 168 875 840 810 329 184 835 520 828 120 106 507 753 310 424 769 144 728 58 71 840 822 191 601 55 849 399 174 10 699 124 402 321 119 92 17 766 146 448 440 106 657 445 73 338 503 444 96 813 861 177 759 658 461 22 186 87 444 604 675 685 67 213 104 386 798 716 836 257 81 97 474 213 184 240 174 64 535 599 258 128 586 141 819 134 510 180 47 477 96 571 396 184 197 502 857 270 96 404 678 147 84 440 125 555 393 777 456 371 269 534 20 109 159 643 767 206 107 609 570 877 652 378 561 432 801 593 535 117 557 807 816 788 211 659 56 28 224 76 177 781 9 125 292 46 232 23 469 824 753 485 109 168 280 181 349 778 510 875 74 420 626 120 338 568 237 605 566 407 764 357 354 105 102 21 84 687 454 277 122 104 434 362 295 609 111 454 563 649 549 66 662 70 150 688 146 197 101 72 812 795 313 133 183 92 140 91 431 671 49 155 77 786 548 802 812 687 69 67 681 170 306 573 782 247 253 220 822 741 145 830 286 437 480 558 714 29 27 553 659 418 15 88 545 599 441 531 789 76 778 82 54 133 544 509 46 329 711 671 315 108 135 486 871 380 212 438 222 470 464 786 108 636 281 302 303 425 643 469 483 841 529 414 528 476 344 169 560 871 677 109 229 706 411 535 824 127 596 149 102 52 764 616 393 441 273 51 301 516 163 578 72 817 802 192 184
641 261 45 541 351 656 386 540 195 0 164 181 586 615 265 147 385 690 233 170 267 139 200 134 83 186 84 611 454 328 143 142 305 321 499 346 319 41 207 648 280 232 416 42 338 372 28 446 447 224 170 369 522 67 253 533 285 143 276 597 321 651 293 166 673 595 29 99 417 518 97 282 451 194 95 279 439 155 658 638 152 350 308 115 433 158 299 223 394 540 206 228 107 586 176 295 261 101 151 360 591 82 572 262 277 297 297 619 210 235 602 654 149 287 297 269 67 672 493 640 232 660 394 387 130 589 110 234 51 577 259 271 305 295 130 673 191 196 393 205 635 660 286 503 165 335 86 313 183 633 507 430 605 197 593 495 239 114 235 491 33 585 306 238 48 223 642 284 123 538 291 604 201 72 71 477 241 603 277 247 426 537 229 90 287 697 652 625 141 265 647 341 641 315 286 337 566 197 231 583 333 543 239 143 649 632 26 409 249 659 242 29 203 516 180 234 183 236 278 211 575 320 256 255 252 470 263 163 165 314 278 123 621 669 303 573 478 286 207 238 162 275 432 481 507 218 350 99 194 617 531 650 91 269 268 280 145 17 78 138 144 371 406 63 129 391 145 632 205 322 211 188 282 147 383 253 205 171 323 672 155 138 261 495 316 188 250 89 371 287 607 287 206 74 359 200 157 82 467 579 117 265 421 401 687 470 192 390 270 617 427 355 88 371 621 626 602 16 473 155 193 29 216 26 592 189 127 97 196 107 214 285 635 562 297 286 164 95 358 168 593 332 689 257 269 445 94 157 375 186 424 395 216 581 181 161 122 295 207 129 493 259 83 316 285 285 200 102 460 105 272 436 470 390 170 486 256 306 516 108 60 285 261 628 611 149 62 136 131 87 284 245 479 241 339 236 593 353 612 623 514 151 145 498 101 181 392 591 83 166 156 633 549 212 650 119 273 308 363 529 182 186 363 476 239 210 119 365 411 249 368 599 244 600 155 143 307 364 326 241 136 526 484 154 107 77 296 687 198 260 243 173 316 288 601 302 452 87 107 108 267 471 288 312 650 349 248 337 296 189 110 386 680 486 185 151 531 222 352 644 233 403 334 163 148 577 430 203 252 108 187 108 328 39 392 139 622 631 104 26
478 420 207 378 193 492 222 392 356 164 0 329 423 452 424 240 262 528 385 307 430 46 202 191 117 55 247 447 290 185 301 299 467 207 341 186 156 148 75 484 444 386 253 125 477 211 154 311 283 68 309 220 359 230 414 369 148 249 147 435 470 487 208 52 513 432 192 97 257 354 249 430 315 59 252 115 276 314 501 477 131 189 157 277 269 284 463 285 231 385 340 378 138 425 77 448 112 209 265 217 428 110 410 108 429 461 184 456 162 76 440 490 297 175 266 105 145 508 330 478 377 499 529 224 286 428 181 117 135 425 101 406 153 132 218 513 342 354 237 47 483 496 126 349 194 185 173 475 278 469 343 267 441 302 429 339 390 187 132 333 137 429 470 391 158 357 481 446 286 378 384 442 240 93 158 322 148 446 429 409 270 374 369 101 444 538 488 463 33 377 483 188 478 475 438 195 402 185 69 420 487 381 394 307 485 468 165 246 410 495 140 191 363 355 307 116 145 371 442 372 411 468 135 97 395 307 110 311 74 151 150 286 458 506 430 410 320 141 365 383 305 142 283 321 351 367 476 263 30 457 368 487 113 432 431 119 217 172 128 240 307 235 243 108 260 233 267 468 329 160 355 341 139 309 220 169 347 258 169 509 171 282 175 334 460 330 87 236 211 242 456 151 103 93 208 358 292 210 312 416 197 410 257 256 523 309 39 243 150 456 284 200 241 209 458 462 439 148 311 310 357 136 362 187 429 349 260 74 349 162 376 128 472 398 135 436 269 79 504 53 431 179 526 411 169 286 257 52 212 244 265 248 52 419 66 4 266 452 369 281 331 102 81 476 437 182 108 62 335 252 119 337 312 259 319 330 419 446 364 261 166 438 417 465 449 95 225 273 294 245 442 87 315 399 490 385 430 202 449 459 362 302 298 337 213 164 234 427 121 205 223 469 385 332 491 97 149 164 206 368 339 349 200 315 95 370 273 208 248 85 232 435 395 442 301 303 470 208 167 402 28 364 321 100 270 224 132 525 55 355 96 242 200 141 438 461 290 91 62 73 154 321 133 171 486 194 126 173 143 119 220 237 516 322 345 210 376 61 193 485 392 240 486 300 306 414 268 41 91 105 339 56 166 193 230 302 464 479 198 172
790 102 157 692 521 809 542 656 69 181 329 0 748 777 108 125 484 831 58 35 142 315 240 175 214 362 117 766 611 506 52 52 159 420 635 514 482 219 346 806 185 61 579 222 158 518 206 551 606 374 28 498 679 137 104 693 410 106 396 740 142 810 373 343 807 746 163 236 586 675 84 102 558 337 88 439 589 51 786 804 247 498 445 132 591 65 180 177 546 669 47 50 207 727 356 119 402 128 90 482 740 264 735 435 101 174 400 775 288 388 767 807 32 390 324 430 185 826 641 805 51 800 215 539 58 730 167 355 194 700 408 94 442 460 138 809 16 54 565 375 810 813 434 631 204 468 163 167 120 785 662 582 756 102 742 627 61 163 346 626 214 713 190 65 171 55 785 143 125 707 168 745 200 248 173 610 342 775 101 180 560 700 256 230 237 830 803 770 299 122 798 477 790 157 110 460 715 253 397 729 159 688 70 110 806 786 168 570 106 815 350 169 66 658 55 356 269 65 152 81 731 140 436 404 72 619 406 18 298 468 397 126 782 827 133 720 615 418 57 246 25 399 557 649 640 39 177 119 358 755 677 796 220 140 164 447 155 166 204 115 100 485 569 243 74 561 80 780 66 474 235 23 459 140 536 343 237 132 460 816 217 47 351 636 135 16 409 94 516 332 727 411 326 251 490 53 46 119 598 730 154 84 572 522 840 611 345 515 384 760 543 494 93 520 767 781 749 196 620 35 94 209 35 171 745 60 72 274 27 185 88 431 787 719 451 107 103 250 177 312 738 468 836 85 368 584 138 302 539 173 564 520 377 723 318 327 62 130 90 52 658 430 254 157 108 382 317 271 553 78 415 502 606 497 12 617 132 126 640 174 163 111 93 772 753 270 128 217 127 158 120 396 639 82 161 56 754 528 766 776 639 32 40 640 122 251 532 749 211 194 160 786 708 77 785 247 390 436 534 673 41 90 518 619 378 72 63 503 562 410 482 754 66 732 28 59 197 502 470 101 304 672 634 272 132 107 453 829 344 145 418 159 418 422 746 142 597 267 283 287 376 595 430 438 806 488 368 496 436 296 118 514 835 642 166 170 659 378 496 780 193 567 158 37 51 726 578 363 407 234 18 277 480 143 540 108 792 752 144 162
111 843 628 93 240 94 208 264 779 586 423 748 0 29 847 643 365 174 806 723 853 450 557 588 534 406 670 55 139 284 724 722 891 394 188 242 268 564 406 67 864 807 170 546 888 241 573 324 142 375 727 288 79 652 837 56 360 657 378 129 888 68 451 426 204 81 614 512 176 78 672 848 318 413 675 310 173 737 224 63 513 258 318 697 158 697 885 659 207 209 753 799 544 142 426 868 353 623 675 313 93 519 15 327 850 884 400 57 496 360 31 93 718 405 550 319 564 104 135 59 795 167 935 214 709 143 587 410 557 234 342 817 319 291 623 196 762 777 205 382 157 98 317 220 574 304 587 898 675 86 95 173 84 703 89 204 809 593 426 194 557 209 891 812 580 770 147 870 707 79 765 139 609 514 575 212 439 99 850 826 231 50 764 519 855 223 105 124 451 773 102 291 112 898 858 325 91 537 355 111 907 122 816 729 73 78 589 178 834 84 427 612 786 149 719 407 502 783 865 796 42 884 364 346 810 147 347 731 453 281 378 706 35 88 834 106 191 345 788 783 724 371 261 115 199 787 878 685 393 164 123 128 528 856 853 307 615 596 545 647 730 328 180 526 677 201 679 106 738 276 754 763 321 727 217 451 746 654 303 150 553 702 447 164 876 748 340 658 244 521 252 362 434 513 290 781 708 629 220 81 603 826 183 290 118 179 403 287 394 136 294 274 664 236 118 65 108 571 155 732 780 558 781 609 70 773 677 491 770 568 800 321 92 45 299 855 673 500 920 437 117 298 151 833 425 204 677 447 212 626 216 284 373 131 432 426 687 875 793 703 94 329 504 899 856 420 445 485 361 674 339 445 198 340 739 212 842 859 235 675 586 859 839 132 133 482 648 674 714 663 864 353 109 821 909 804 14 251 66 76 230 724 720 161 628 525 240 26 537 586 616 79 45 738 188 503 387 336 231 137 762 772 231 168 375 794 695 266 194 339 331 54 815 190 721 726 891 267 286 826 450 129 136 482 690 646 295 170 405 742 350 630 390 340 118 884 176 505 480 483 406 248 325 338 77 279 399 252 322 468 633 280 106 111 760 602 212 371 264 187 806 183 906 717 729 96 186 387 341 515 760 479 270 616 218 724 91 253 609 595
103 871 657 112 269 77 237 277 808 615 452 777 29 0 876 671 388 162 835 751 882 479 584 616 563 435 699 52 167 312 753 751 919 420 207 271 297 593 434 43 892 836 199 574 917 268 601 344 171 404 755 313 105 681 866 85 387 686 405 134 917 42 476 455 199 86 643 541 204 105 701 876 338 441 704 339 200 766 222 44 541 285 345 726 187 725 914 686 235 222 781 827 572 149 455 896 381 651 703 338 98 547 43 356 878 913 426 48 524 389 30 77 747 431 575 348 592 83 158 34 823 161 963 242 738 149 615 438 586 243 370 845 347 320 651 190 791 806 233 411 154 81 345 237 602 331 615 927 703 77 121 201 85 731 94 223 838 621 454 214 586 217 920 841 609 798 143 898 735 100 793 143 637 543 604 232 466 100 878 855 255 79 792 547 883 215 92 121 480 801 90 318 104 927 887 351 103 564 384 119 936 138 845 757 51 67 618 207 863 63 454 641 815 168 748 435 530 811 894 825 58 913 392 375 839 173 375 760 482 310 405 735 9 63 862 116 212 372 817 811 753 399 284 142 217 816 906 714 422 166 141 119 557 884 882 336 643 624 574 676 759 352 209 555 705 230 708 100 766 304 783 791 349 756 245 478 774 682 331 139 581 731 474 184 904 777 369 687 271 546 258 389 462 542 316 810 737 658 241 90 631 855 211 314 96 202 432 311 421 136 316 301 693 264 116 55 110 599 179 761 809 587 809 637 75 802 706 520 799 596 829 349 83 66 327 884 702 529 948 465 123 325 136 861 452 228 705 475 241 653 241 308 402 139 461 455 716 904 822 731 122 358 532 928 885 446 473 514 380 703 368 465 219 363 768 232 871 887 251 703 615 888 867 130 135 510 677 703 743 692 893 381 138 850 937 832 26 278 63 70 246 752 749 181 657 553 266 37 566 614 644 68 71 766 185 531 414 363 259 154 791 801 260 190 403 822 724 292 221 368 356 57 843 195 749 755 920 294 314 855 479 147 160 510 719 675 324 158 434 769 379 658 416 368 122 913 201 534 509 512 432 268 353 365 57 306 427 281 350 496 662 305 83 138 788 630 226 399 292 185 835 212 934 745 758 106 212 415 370 543 789 508 298 645 245 753 85 256 637 624
893 6 229 795 615 911 642 764 71 265 424 108 847 876 0 233 591 936 56 142 55 404 347 283 315 451 184 867 712 593 123 125 52 527 740 609 579 296 449 907 109 49 677 307 131 621 285 659 706 475 135 604 779 205 16 792 516 214 503 844 84 910 481 431 913 849 241 337 681 776 175 70 666 439 172 537 691 110 893 901 354 600 549 174 691 172 86 277 648 775 133 65 312 832 440 53 505 233 197 589 843 344 833 527 45 78 508 876 396 488 864 909 133 497 429 528 285 928 745 902 86 905 184 641 138 835 274 460 290 807 510 118 546 556 246 915 92 70 658 468 900 915 536 738 312 573 267 59 223 887 763 684 858 200 845 733 62 269 453 731 297 820 96 48 267 125 889 41 163 802 236 850 306 337 274 716 449 867 48 129 666 798 243 330 179 936 905 874 396 186 900 582 893 51 53 567 818 361 493 833 76 792 41 139 907 888 259 669 24 916 457 245 62 763 158 462 377 121 60 57 832 91 519 505 92 722 509 122 401 569 504 164 881 928 154 824 721 523 59 225 132 505 664 744 746 77 178 175 454 861 780 900 321 50 88 542 263 253 304 223 133 593 667 328 180 655 188 883 156 575 227 88 547 159 637 451 232 238 565 921 324 150 459 741 97 116 507 189 620 438 835 517 432 339 596 66 154 220 704 833 261 81 674 629 942 715 445 621 491 865 650 598 183 622 871 882 853 281 723 116 84 294 89 247 847 76 179 362 81 291 57 534 889 820 551 61 209 347 121 414 842 573 940 35 476 688 190 403 636 279 668 626 474 828 421 422 163 32 66 145 755 523 346 52 51 489 423 364 661 174 518 609 712 605 113 723 53 111 747 214 262 45 23 876 858 375 204 247 159 210 21 497 738 26 91 70 853 618 868 878 746 125 128 744 227 359 636 849 312 302 267 888 808 166 891 349 496 541 627 777 85 89 619 723 482 56 152 608 664 508 589 855 58 839 132 122 107 607 573 31 398 776 736 377 178 201 553 934 445 224 508 265 526 527 850 37 701 352 372 373 483 702 533 544 907 592 474 595 540 402 225 620 937 743 159 278 766 477 599 885 157 664 84 145 118 829 681 460 507 336 91 370 582 231 643 141 886 860 250 253
676 227 157 580 429 697 435 533 186 147 240 125 643 671 233 0 359 714 180 91 265 242 114 56 125 285 147 656 504 425 136 134 285 296 517 420 382 187 237 698 303 185 477 172 245 407 175 427 501 270 98 380 570 155 229 587 293 20 278 624 250 702 248 270 687 633 150 143 490 568 102 211 434 232 116 338 477 147 665 701 131 387 331 187 485 61 303 79 437 548 112 171 103 610 290 236 291 46 36 362 627 216 630 348 219 297 277 665 165 285 664 695 107 267 203 332 104 714 529 701 160 682 292 430 124 613 60 238 123 578 302 174 328 363 22 690 142 175 474 287 720 701 326 511 79 351 72 292 39 673 553 473 643 62 629 508 179 53 226 508 172 592 312 188 106 128 668 268 187 609 150 628 80 185 91 491 221 679 218 288 443 596 328 141 341 710 690 655 207 136 685 362 675 281 226 341 603 128 304 614 275 574 194 187 696 674 122 467 231 704 230 157 187 543 80 240 148 141 276 201 623 245 367 297 171 508 296 114 191 362 278 187 675 718 192 606 498 304 181 326 102 281 437 551 521 159 238 164 267 637 563 681 127 264 282 354 30 131 116 13 181 363 466 189 59 467 46 666 95 367 306 147 379 213 427 219 304 24 346 700 95 90 227 520 235 118 309 89 404 207 605 293 211 190 373 176 80 68 479 618 44 188 463 402 729 495 246 395 264 644 421 379 102 409 652 670 635 154 507 131 204 162 149 156 633 177 63 208 153 79 208 322 674 611 345 220 30 165 279 209 623 354 720 207 245 467 177 201 439 54 448 400 281 607 211 240 87 253 207 107 555 341 184 281 225 258 201 196 428 91 304 377 489 374 122 498 255 216 518 213 93 229 217 656 637 162 137 255 193 188 244 292 535 208 272 172 647 441 655 664 518 118 121 524 47 128 417 641 121 69 34 675 601 95 666 145 270 319 443 558 158 197 412 504 268 194 110 388 452 313 359 644 185 612 104 144 319 387 359 225 221 557 522 161 181 93 351 712 240 119 336 38 295 307 631 266 484 209 213 224 255 474 319 320 696 373 251 393 324 178 38 395 724 534 251 46 539 278 383 660 291 466 270 88 141 612 466 266 304 135 143 201 373 116 429 183 695 630 47 121
354 586 428 278 275 384 204 177 537 385 262 484 365 388 591 359 0 376 539 450 618 308 247 308 303 298 454 354 245 323 481 479 642 65 188 259 221 390 189 399 647 544 254 360 590 158 389 69 252 197 456 93 287 445 586 314 114 378 115 296 605 405 113 307 340 322 412 286 295 290 431 568 75 206 441 208 200 494 314 429 244 159 126 494 237 420 655 341 189 203 469 530 290 279 328 594 156 361 395 71 312 365 358 270 578 651 88 363 195 198 394 382 460 99 200 218 328 401 231 423 518 344 625 186 467 282 321 153 336 225 178 524 128 231 346 344 500 529 303 262 497 387 168 169 280 107 334 650 378 359 273 208 330 405 316 175 538 324 150 180 372 244 664 547 351 483 334 625 500 372 440 297 296 334 334 161 146 440 577 622 135 332 613 295 668 360 371 328 261 463 367 117 353 640 584 80 293 232 241 294 632 258 553 513 394 365 371 242 587 398 143 414 540 225 438 153 216 494 629 554 331 598 340 179 527 220 161 470 222 183 112 500 389 415 528 289 178 127 537 622 459 119 105 324 185 518 565 473 248 298 251 354 296 618 630 245 329 384 311 369 510 46 245 352 412 287 404 345 448 176 595 504 306 527 189 141 589 359 124 368 267 443 133 205 587 477 209 415 153 175 248 111 179 337 100 531 438 380 150 309 332 544 201 76 413 186 222 82 117 313 75 125 426 167 327 365 314 374 210 482 549 366 508 411 327 528 414 326 510 306 560 160 358 322 182 578 386 294 629 226 299 120 390 567 118 161 475 235 243 320 152 83 229 280 210 265 433 612 556 453 308 261 320 640 583 103 185 305 75 427 155 96 170 26 479 164 607 565 170 493 349 587 576 326 307 236 433 516 508 471 603 189 278 566 627 531 363 307 349 354 171 470 470 209 367 232 139 352 304 291 325 365 321 444 322 266 115 105 285 241 512 542 194 198 167 548 450 127 193 220 45 342 544 267 460 487 668 125 147 580 282 245 230 232 486 408 198 375 207 424 287 331 69 128 306 625 191 344 316 331 118 131 149 97 391 125 140 207 139 198 369 92 414 261 567 313 194 212 144 316 614 253 626 446 487 298 188 230 197 278 500 302 176 394 172 508 446 273 345 377
64 931 734 156 375 87 309 211 873 690 528 831 174 162 936 714 376 0 889 802 951 564 611 659 623 526 772 119 248 430 816 814 984 428 198 371 380 676 488 127 970 892 296 652 956 318 682 313 260 466 807 334 186 756 928 194 421 731 436 93 964 131 484 545 54 109 718 602 321 195 763 925 306 499 770 414 251 830 88 193 585 339 387 804 268 773 986 711 297 173 826 881 624 104 551 948 432 704 749 353 107 634 185 451 931 984 442 117 553 454 192 86 804 450 576 426 653 88 198 179 873 33 995 304 801 101 664 477 652 161 431 886 390 406 696 44 847 868 352 494 311 84 404 208 637 364 670 992 740 88 198 263 101 768 107 207 890 669 488 207 665 137 993 896 673 842 47 964 813 252 814 86 663 621 663 224 495 262 931 936 271 207 891 610 972 58 71 67 549 832 73 354 63 987 938 373 131 593 465 109 988 147 901 832 115 97 686 297 927 107 485 718 879 174 794 475 566 855 963 890 149 959 503 435 885 222 429 815 536 377 436 812 154 119 896 119 216 413 878 907 806 433 280 272 195 869 936 789 499 79 160 48 617 953 956 425 684 696 634 721 832 356 302 635 758 343 755 72 808 368 878 849 457 836 308 500 870 720 372 24 620 786 493 196 949 828 441 748 319 550 155 421 505 621 342 871 788 716 236 122 679 902 271 316 85 221 498 321 450 72 303 338 756 319 72 109 92 675 217 821 879 663 860 714 118 866 759 601 856 646 895 405 82 160 393 934 743 597 992 525 97 363 33 917 473 248 784 536 334 685 268 316 476 109 516 531 773 961 889 791 242 450 608 987 937 462 515 589 338 763 420 425 225 354 824 218 940 928 207 789 676 941 924 63 79 562 749 796 821 773 951 445 237 910 986 884 160 395 110 98 205 811 809 192 710 587 300 150 626 649 683 96 178 806 60 588 444 396 370 160 852 871 329 214 455 886 786 329 280 444 360 124 896 110 805 820 995 330 365 919 555 164 208 560 797 738 396 5 494 795 476 693 427 410 90 972 238 617 589 596 459 246 404 394 109 344 464 359 397 536 713 319 98 218 872 669 182 468 339 64 920 309 984 796 822 118 260 487 438 601 846 583 362 713 298 828 244 139 688 693
848 50 203 750 578 867 599 712 63 233 385 58 806 835 56 180 539 889 0 89 104 370 293 232 272 417 160 824 669 560 92 93 108 475 692 571 539 269 404 864 155 10 636 275 116 576 257 607 664 431 83 556 736 181 59 751 468 161 454 798 88 867 427 398 864 804 212 294 643 733 138 51 614 395 138 496 646 82 843 861 305 556 503 162 649 119 140 220 604 726 76 9 265 785 409 62 459 186 144 539 798 315 793 491 44 132 456 833 344 446 824 865 88 446 373 488 242 884 699 862 31 858 174 597 104 788 225 412 250 757 466 74 500 517 194 866 44 50 622 431 866 871 492 688 259 525 220 115 167 843 720 640 814 144 800 685 11 220 403 683 266 770 149 8 227 70 842 96 153 764 185 803 251 303 231 667 399 831 44 163 618 757 262 287 218 887 861 828 356 134 855 535 848 101 53 518 773 308 454 787 101 746 16 131 864 843 223 628 64 872 407 217 53 716 102 414 326 67 112 63 789 89 489 461 45 677 464 75 356 526 455 154 839 885 115 778 673 476 41 248 83 456 615 706 697 21 150 156 415 813 735 854 278 100 133 504 210 220 261 171 123 542 626 296 131 618 135 838 100 532 243 45 514 159 593 399 247 183 518 874 273 104 407 694 87 62 466 149 574 383 784 468 384 305 548 45 102 176 656 788 211 44 630 579 898 669 403 572 441 818 600 551 146 578 825 839 807 249 678 78 90 262 32 220 803 60 130 328 38 243 68 489 844 777 508 53 154 307 126 370 796 526 893 28 424 641 174 360 596 224 621 577 434 781 376 384 119 73 76 105 715 486 310 101 52 438 374 327 608 133 472 553 664 553 67 674 97 87 697 205 220 53 37 829 811 328 176 244 151 195 64 454 697 36 106 16 811 583 824 834 696 84 89 698 180 307 590 807 269 248 214 844 765 110 843 304 447 493 591 731 55 90 576 677 436 53 114 561 620 468 538 812 13 790 85 95 159 560 528 64 360 730 691 330 164 162 511 887 402 169 473 210 474 480 804 86 655 320 337 341 433 652 488 495 864 545 425 553 494 353 176 571 893 700 172 225 716 435 553 837 185 624 101 93 88 783 636 420 465 292 46 333 538 196 598 131 849 809 201 217
761 136 154 664 499 781 515 624 102 170 307 35 723 751 142 91 450 802 89 0 177 297 206 143 190 344 120 739 585 487 69 68 194 387 604 492 457 210 318 780 220 94 554 208 171 490 197 518 581 348 7 468 652 138 139 667 380 72 366 710 165 783 339 326 776 718 157 212 563 649 77 125 525 310 86 414 561 74 755 779 217 470 416 145 565 31 215 143 519 637 37 80 180 697 341 147 374 100 56 451 712 251 710 414 130 209 368 748 255 362 742 779 34 358 289 406 162 798 613 780 72 770 226 512 66 701 137 324 174 668 381 102 413 436 106 778 51 88 544 353 790 785 407 600 171 438 136 201 85 757 635 555 728 69 714 597 89 132 315 595 202 682 225 96 151 54 755 178 140 684 147 715 165 232 149 579 310 752 129 212 530 674 278 206 268 799 774 741 276 106 769 448 761 189 137 430 687 219 374 700 186 660 102 130 779 758 153 545 141 787 318 163 100 629 23 327 238 67 187 115 705 162 420 377 88 591 378 30 270 442 366 141 756 800 134 692 585 389 92 271 18 368 526 626 609 68 180 128 336 725 648 767 195 175 198 425 121 154 180 82 121 453 544 229 46 539 46 751 42 448 257 58 440 160 509 310 258 97 431 787 184 33 318 607 154 26 384 80 488 297 695 380 297 235 460 88 14 97 568 702 123 104 545 491 813 582 320 484 353 731 511 464 85 492 738 754 720 184 591 55 125 195 59 165 717 93 47 257 62 156 123 404 758 693 424 133 68 228 198 286 709 439 806 116 335 554 146 276 515 138 534 488 353 694 291 305 49 162 123 52 633 408 236 189 136 349 287 252 519 66 387 467 577 464 36 586 167 140 608 184 141 139 126 742 724 242 125 228 144 165 153 370 614 117 186 82 728 508 739 748 608 44 51 611 95 219 503 723 187 160 126 759 682 54 755 220 359 406 513 644 73 120 492 590 350 107 62 474 535 386 450 727 95 701 27 78 232 473 442 136 283 643 606 243 143 93 428 799 318 120 399 124 386 393 717 174 569 252 265 272 345 564 402 408 779 458 338 471 407 265 90 483 808 616 191 137 628 353 467 749 222 542 183 7 70 697 550 339 382 208 53 258 454 130 512 127 770 720 115 148
906 60 226 806 617 921 651 786 80 267 430 142 853 882 55 265 618 951 104 177 0 405 379 310 328 451 183 877 720 590 137 139 46 553 757 613 586 292 464 915 54 94 683 308 185 634 283 684 714 486 170 622 788 202 46 800 535 245 523 859 135 918 509 431 931 860 240 350 683 784 189 125 691 452 182 545 703 124 913 905 375 613 565 161 699 206 38 318 659 795 177 111 331 847 437 106 520 256 230 609 855 340 839 529 100 33 532 886 423 499 868 919 158 521 466 535 299 938 757 907 135 921 235 652 152 851 297 480 300 829 521 172 562 562 274 932 126 90 659 472 896 926 548 757 342 590 286 52 261 898 773 695 870 242 857 751 112 293 474 748 297 839 48 97 279 173 904 27 150 804 288 865 342 339 290 734 473 867 103 78 683 804 199 342 124 955 917 888 405 238 912 598 906 71 107 587 830 390 498 846 117 806 89 127 915 898 266 676 40 925 479 242 78 777 196 481 401 171 12 64 841 143 513 517 145 734 523 151 417 579 524 151 888 936 209 837 737 540 84 178 164 524 684 747 764 121 233 169 460 877 794 914 335 6 33 547 293 258 318 253 124 615 673 328 207 657 219 896 200 586 185 119 545 137 648 477 192 273 580 935 351 176 485 756 151 154 516 205 633 472 857 536 451 341 613 89 186 239 722 844 286 136 685 650 953 730 455 641 512 879 673 614 196 634 885 892 866 283 736 136 74 296 133 246 858 89 205 363 115 312 58 547 900 829 562 116 244 356 168 426 856 589 953 89 500 704 180 415 642 315 684 646 482 843 436 428 185 75 62 165 760 525 350 73 106 515 442 368 689 191 532 642 728 629 143 741 11 167 767 195 276 99 78 890 873 392 205 220 144 198 68 508 746 68 136 120 860 617 878 889 767 149 148 759 250 386 651 857 326 332 299 899 815 211 909 365 517 560 629 791 107 81 629 737 496 71 168 623 675 515 611 865 109 857 161 132 56 622 587 42 403 789 748 395 167 214 562 949 458 273 508 300 550 543 864 67 714 350 374 373 506 723 548 563 916 608 494 603 555 424 249 639 946 752 124 308 785 487 613 903 109 670 128 178 131 841 693 469 517 352 123 375 592 239 655 130 887 882 273 260
512 400 179 412 213 523 256 436 334 139 46 315 450 479 404 242 308 564 370 297 405 0 225 199 117 47 222 478 322 191 281 280 444 252 381 208 186 114 120 513 413 369 281 97 468 250 122 357 313 114 299 264 390 203 392 398 194 248 193 471 456 516 250 29 552 465 165 103 278 384 232 417 361 104 232 150 312 293 541 500 154 229 201 247 300 278 435 297 267 426 332 363 146 462 48 432 157 205 262 263 462 70 436 124 413 434 230 486 195 119 464 521 283 220 300 138 140 539 366 503 365 536 522 260 267 466 184 161 124 467 144 398 198 161 220 552 326 334 255 70 496 528 168 391 210 229 170 451 281 501 374 301 474 303 463 380 375 190 175 374 108 470 441 375 146 350 517 422 257 399 391 479 257 67 153 363 190 464 414 377 311 400 329 103 409 577 521 498 58 377 516 231 512 454 423 241 436 211 98 456 470 417 377 279 515 500 147 275 388 525 183 162 342 392 301 160 174 363 416 350 441 455 125 141 384 342 155 297 109 188 196 256 485 535 426 445 360 186 345 344 293 188 327 343 392 353 473 235 67 495 404 522 117 407 403 143 224 151 126 239 281 281 272 76 252 253 262 502 325 197 315 325 144 277 255 210 307 263 213 545 188 269 216 373 449 319 125 221 251 278 498 198 145 65 253 338 283 200 354 449 199 398 292 301 554 348 86 288 195 492 330 242 223 247 493 493 474 123 347 292 331 110 349 159 461 328 251 42 332 167 353 170 504 429 173 422 269 78 492 91 466 222 560 394 213 326 227 86 239 256 305 292 91 456 107 43 253 433 345 264 357 121 61 455 421 226 147 47 381 237 164 382 352 305 304 372 394 437 407 226 157 422 398 501 485 121 201 233 264 213 422 130 344 379 475 371 458 214 480 491 404 286 281 375 208 190 275 456 121 219 231 501 414 329 529 112 195 210 224 405 320 324 234 353 141 349 255 251 284 120 278 466 380 482 287 282 441 250 209 380 32 400 356 127 240 208 168 560 101 360 104 251 246 187 474 441 327 55 32 33 199 364 177 217 516 236 171 206 187 154 216 281 547 354 311 219 418 104 234 524 358 267 471 290 286 448 305 83 131 115 323 42 204 173 267 275 483 521 196 153
578 341 230 486 365 602 352 423 299 200 202 240 557 584 347 114 247 611 293 206 379 225 0 74 128 256 239 563 419 376 247 245 399 186 414 353 311 227 165 607 415 299 399 201 345 316 219 316 418 202 212 279 480 239 344 501 197 134 180 523 358 611 134 248 581 538 217 129 420 480 203 320 322 166 216 269 386 259 558 618 71 300 239 281 401 175 417 102 350 442 222 285 96 509 272 347 208 130 150 259 530 234 545 297 331 412 170 573 61 217 580 600 220 161 99 267 133 619 434 616 271 579 384 343 233 512 96 148 152 470 226 277 238 298 106 584 256 289 409 243 651 606 246 405 39 255 118 407 130 577 464 384 547 158 533 404 292 95 131 405 208 485 426 301 153 236 566 383 284 533 208 527 52 195 129 387 119 605 330 396 343 512 418 135 448 603 593 555 172 221 588 267 577 394 337 240 507 20 250 516 385 476 308 291 604 580 176 388 345 611 131 223 301 444 191 151 60 247 390 315 532 351 337 222 280 415 215 228 131 283 180 284 588 626 285 508 397 212 295 421 216 186 332 476 417 272 325 258 220 533 466 582 123 378 395 294 86 190 127 126 285 256 388 208 172 399 160 568 201 286 397 261 334 311 341 112 394 112 254 599 45 203 118 422 340 231 242 188 313 95 495 196 128 200 274 290 194 155 376 523 99 297 374 296 633 397 188 291 165 543 312 285 200 321 553 577 536 198 412 244 316 198 262 221 539 290 175 207 267 92 322 240 578 521 268 331 139 155 382 154 524 260 620 321 139 369 266 151 365 74 351 296 225 507 147 203 196 366 319 217 475 288 186 394 336 150 117 186 314 195 221 263 388 263 237 394 368 319 411 296 143 341 331 555 536 107 222 332 291 271 358 220 451 322 380 285 559 385 561 570 411 231 233 425 135 38 321 552 126 47 80 580 513 197 561 114 171 222 379 459 272 308 330 407 188 308 217 294 363 250 252 551 298 507 218 254 432 292 271 340 195 460 429 102 274 184 277 609 176 186 293 84 186 217 531 379 389 218 206 222 154 368 234 222 603 279 158 316 235 95 133 293 630 446 351 71 433 215 293 555 395 389 379 202 252 515 374 211 235 115 257 188 291 188 339 286 618 520 115 179
620 277 159 525 376 642 380 481 230 134 191 175 588 616 283 56 308 659 232 143 310 199 74 0 83 240 166 600 449 375 175 173 334 244 462 366 328 168 182 642 343 236 422 146 301 351 158 376 446 215 149 325 514 166 278 532 238 72 223 569 305 646 199 226 632 578 148 97 437 512 129 266 382 177 142 284 422 188 612 646 76 332 275 207 430 114 348 99 381 494 167 224 54 555 248 290 235 56 90 308 571 186 575 297 273 343 224 610 113 231 609 640 152 214 172 279 73 659 473 646 214 627 347 374 161 558 24 183 95 525 247 230 273 310 38 635 192 221 421 237 667 646 271 457 35 296 48 341 88 617 498 417 588 115 574 454 232 22 172 453 150 538 357 240 87 184 613 316 210 555 193 573 67 151 64 436 167 625 272 323 388 541 345 97 374 656 634 600 158 188 629 307 620 332 280 287 547 81 252 559 329 518 245 217 641 619 109 412 278 649 175 154 232 487 134 185 94 196 321 246 567 300 322 242 226 452 241 162 136 307 224 210 620 663 247 551 443 248 228 347 151 226 383 497 466 211 291 185 216 582 507 626 83 310 324 302 27 122 77 62 212 310 411 159 103 414 97 611 151 312 324 195 330 237 372 168 321 68 290 645 41 134 176 465 291 170 255 114 349 169 552 238 156 156 318 222 130 81 425 562 25 243 407 348 673 440 192 340 210 589 368 323 127 354 597 615 579 136 451 174 244 140 202 152 578 221 106 170 202 33 252 267 618 556 290 275 86 121 334 156 568 298 665 260 192 412 193 148 384 58 393 345 229 552 157 191 125 305 249 146 500 290 146 332 278 206 145 154 379 123 249 335 434 322 170 443 299 272 465 224 75 282 268 600 582 107 149 262 217 199 296 237 479 257 327 225 592 390 600 609 464 162 162 469 62 76 362 586 80 32 32 619 545 150 612 94 216 263 390 502 204 237 357 449 213 239 145 333 397 259 306 588 238 558 151 182 362 332 303 272 174 502 466 106 200 110 296 657 186 164 287 51 243 252 575 317 428 175 173 186 201 420 264 265 641 318 195 338 268 123 61 340 669 479 277 20 485 224 328 606 321 411 325 139 180 557 410 214 250 86 192 158 318 116 373 212 641 577 41 111
579 310 125 480 309 596 328 463 250 83 117 214 534 563 315 125 303 623 272 190 328 117 128 83 0 160 153 553 397 301 193 191 361 239 429 301 267 101 135 593 350 273 365 73 360 307 96 366 392 160 194 295 465 142 306 479 209 133 198 531 355 596 210 145 603 534 109 22 373 461 140 314 372 124 146 224 377 206 585 590 70 286 237 191 377 167 364 182 333 467 223 265 33 519 165 334 191 92 148 284 529 107 521 225 316 360 216 562 127 174 552 594 184 205 221 216 30 613 430 590 262 593 412 326 178 522 67 155 33 503 195 289 234 246 103 604 228 246 354 164 600 600 221 430 101 262 55 369 164 572 449 369 544 187 531 423 275 73 154 420 82 512 371 278 50 240 576 341 197 493 273 537 146 69 41 406 158 562 316 321 355 485 313 16 365 627 591 561 85 261 586 270 579 366 324 261 504 121 184 519 373 478 282 213 592 573 68 356 304 601 161 112 256 449 190 156 101 254 340 267 518 352 241 190 278 407 195 197 89 254 199 197 568 613 313 510 409 212 256 320 190 198 358 435 436 253 360 171 146 549 466 586 8 329 335 235 107 81 11 124 211 293 354 80 144 349 150 569 212 261 294 229 254 224 322 170 288 145 252 607 84 168 178 428 344 215 194 126 305 208 532 210 126 74 286 249 176 95 395 518 82 294 359 325 628 402 131 315 190 551 349 286 133 308 557 568 539 76 409 199 256 72 247 109 532 242 144 86 236 50 272 219 574 506 237 321 153 40 388 99 528 261 625 299 187 376 172 88 325 141 355 320 163 515 107 116 153 341 266 169 443 219 63 366 323 202 119 71 378 141 204 352 400 310 205 414 317 329 441 191 53 325 305 562 545 67 131 219 205 168 331 182 425 289 375 270 540 319 553 563 440 190 187 431 96 102 323 535 4 107 115 573 494 215 581 38 194 233 323 464 230 248 304 409 168 263 163 295 349 196 289 541 281 529 187 197 374 294 259 296 96 461 422 72 183 115 239 621 131 243 212 134 235 215 536 351 387 93 90 103 186 397 220 236 593 279 169 282 226 106 103 312 622 429 263 103 458 163 285 575 311 352 372 184 199 514 366 148 193 25 226 76 267 93 328 208 579 556 81 74
472 447 225 372 167 481 217 410 381 186 55 362 406 435 451 285 298 526 417 344 451 47 256 240 160 0 268 435 281 144 328 327 491 249 349 164 146 159 122 470 458 416 238 144 515 218 168 340 271 101 346 241 348 249 439 355 184 292 187 434 504 472 258 20 517 424 211 143 233 342 279 464 343 108 280 116 275 341 508 455 185 197 181 292 259 324 481 336 230 396 378 411 186 426 31 479 142 250 307 245 422 113 392 79 461 480 228 444 217 100 419 480 330 220 321 103 185 497 328 458 412 499 568 224 314 429 226 164 170 438 123 445 177 120 263 516 373 381 208 37 449 486 142 362 246 208 215 498 324 460 333 263 434 347 423 349 422 233 182 342 154 439 487 422 193 396 479 469 302 353 433 442 293 114 198 333 199 417 461 420 282 356 365 144 450 542 480 459 85 421 475 207 472 501 470 224 397 240 65 417 517 379 424 325 472 458 194 233 435 482 190 208 389 357 347 162 200 409 462 397 399 502 82 121 431 304 138 344 129 155 190 301 441 492 472 407 327 172 392 382 340 181 302 297 361 400 518 282 51 459 366 482 158 453 448 101 265 198 170 284 327 265 229 123 298 207 307 462 370 165 353 372 97 322 219 221 344 305 190 506 223 316 225 338 496 366 96 268 219 296 469 188 155 112 230 385 330 247 324 409 242 445 255 279 512 314 84 266 193 454 309 216 271 214 455 451 435 170 310 339 378 157 396 205 420 375 297 89 379 208 400 147 463 386 142 469 313 120 539 107 428 199 521 442 217 294 272 107 196 295 274 270 69 419 120 53 300 481 392 312 312 77 108 502 468 229 161 92 368 284 145 380 320 291 351 342 440 484 379 269 203 470 446 463 447 149 247 271 309 257 469 110 301 426 523 418 414 167 439 450 376 333 328 340 254 219 245 413 164 256 272 459 371 374 494 148 191 195 178 368 368 370 197 317 132 396 302 223 247 89 263 424 427 449 335 329 486 223 181 427 65 363 318 154 285 255 133 522 102 403 57 291 242 171 436 488 292 100 79 78 199 338 156 202 474 210 171 167 166 174 261 258 504 313 354 259 388 86 204 488 400 224 518 337 334 409 269 69 106 154 371 86 170 221 233 321 437 491 241 200
724 181 45 624 434 739 469 616 113 84 247 117 670 699 184 147 454 772 160 120 183 222 239 166 153 268 0 694 538 410 68 67 222 389 579 430 403 112 286 732 199 156 500 125 272 454 101 518 531 305 117 447 606 22 171 617 361 133 351 679 248 735 354 248 753 678 57 173 500 601 49 210 524 273 36 363 522 78 737 722 212 432 388 42 517 124 216 225 477 619 155 156 165 668 256 219 341 111 131 436 674 160 656 346 201 214 367 703 267 318 685 737 89 356 337 352 126 755 576 724 166 742 330 470 59 671 144 308 121 655 341 211 384 379 141 754 121 116 476 289 716 743 367 582 200 414 125 229 171 716 590 513 688 172 676 575 167 144 305 571 114 664 222 163 103 169 724 201 46 621 263 685 222 156 121 557 308 685 202 168 505 620 181 164 214 778 735 708 223 225 730 421 724 234 211 413 649 244 315 665 255 625 163 61 733 716 86 493 167 742 312 61 122 598 138 309 242 180 195 128 658 248 335 336 187 552 343 101 241 397 352 46 705 753 249 656 559 364 128 182 106 351 510 564 587 149 293 19 277 699 613 733 160 185 184 363 162 76 144 134 60 445 490 146 99 475 120 714 162 405 160 116 364 73 466 317 158 169 402 754 200 87 325 576 246 128 334 58 453 334 685 363 279 158 437 121 112 85 546 662 141 197 504 477 770 551 274 467 342 699 502 436 45 454 704 709 685 100 555 84 110 113 150 64 676 109 95 180 123 153 131 367 719 646 380 212 149 175 286 248 676 411 772 180 336 525 30 236 459 200 505 472 299 663 258 245 75 215 124 69 577 343 167 235 209 352 272 185 529 61 353 495 550 462 104 565 172 241 594 67 106 209 182 710 693 220 23 111 54 45 204 327 563 161 264 166 677 435 696 707 592 85 77 580 107 233 473 674 151 196 172 716 632 172 731 191 346 385 446 611 105 102 446 557 318 129 58 445 494 333 442 682 172 680 97 65 224 444 407 158 220 609 567 224 35 56 379 769 278 234 326 184 386 366 683 221 534 168 191 191 338 549 368 389 734 429 322 420 376 256 112 464 764 570 114 174 610 305 433 725 160 487 258 114 72 660 512 286 335 178 117 192 411 60 474 56 705 709 125 80
56 863 654 78 274 47 226 229 801 611 447 766 55 52 867 656 354 119 824 739 877 478 563 600 553 435 694 0 157 324 745 743 912 391 167 273 292 592 420 46 890 826 198 571 901 249 599 304 164 393 743 286 88 677 858 83 366 671 383 83 904 51 448 455 150 36 639 531 214 93 692 864 298 429 697 332 179 758 171 94 525 269 326 724 178 712 910 665 220 176 767 816 559 98 458 885 365 639 689 310 49 547 66 358 867 908 400 9 503 379 78 45 736 406 546 342 583 62 129 82 811 112 945 227 730 98 602 419 578 193 358 830 328 317 636 141 780 798 245 408 206 51 332 194 583 308 603 920 686 31 104 184 33 714 44 183 826 607 434 175 583 167 916 831 600 784 92 892 733 133 771 91 616 539 594 194 444 150 867 854 225 91 798 538 885 168 51 70 472 782 48 296 57 918 875 326 61 544 380 69 925 96 835 754 41 25 611 203 855 49 433 637 807 129 734 417 511 797 888 818 37 899 402 363 825 149 361 749 468 299 383 732 47 63 845 69 176 353 808 816 741 378 249 158 175 804 887 710 417 114 103 72 547 879 878 335 627 619 563 661 754 321 206 552 693 238 694 51 751 292 787 781 356 754 230 454 778 665 311 95 563 720 449 149 890 765 361 678 252 518 207 367 445 539 290 801 725 648 204 45 617 842 194 281 77 170 423 281 399 85 280 279 684 247 65 15 59 595 152 752 803 583 797 634 28 794 694 517 789 583 822 335 37 49 316 871 686 521 934 454 72 304 98 851 428 198 703 465 239 634 213 277 395 90 448 449 705 894 816 722 131 358 528 919 874 420 455 509 339 693 352 425 184 329 758 192 866 872 206 704 605 877 858 78 83 497 672 706 740 690 884 370 135 841 925 820 41 290 11 21 202 743 740 145 645 534 242 31 556 596 627 26 66 750 135 519 392 341 267 114 782 796 248 159 389 815 715 270 204 362 325 12 832 144 739 747 917 271 297 848 474 109 135 496 716 667 315 115 422 749 382 640 388 349 70 904 174 532 506 510 410 228 337 342 40 284 407 274 332 478 649 276 69 125 788 613 181 391 273 133 835 212 922 733 750 59 190 408 360 532 779 503 286 638 227 749 137 204 624 617
192 707 497 92 128 202 70 207 645 454 290 611 139 167 712 504 245 248 669 585 720 322 419 449 397 281 538 157 0 186 589 587 756 263 117 123 136 435 267 195 734 671 49 414 750 103 443 221 14 238 589 158 68 521 702 83 223 519 240 159 750 198 317 300 248 144 482 375 86 64 536 710 218 275 541 175 46 602 248 199 374 119 179 567 21 558 753 520 69 163 614 662 406 156 305 731 214 485 536 184 142 392 127 204 713 751 265 165 358 223 162 200 581 269 417 186 427 218 61 197 657 224 796 76 574 159 449 271 422 205 204 678 181 161 484 245 625 642 114 252 252 206 178 148 435 169 449 764 536 180 53 38 154 564 143 129 672 454 288 116 427 193 760 676 444 631 203 736 576 127 627 169 470 383 438 124 301 197 712 698 114 94 645 382 730 273 200 181 316 634 195 155 192 763 721 192 117 399 224 140 770 107 679 597 195 178 455 49 699 205 289 481 651 98 581 269 363 644 732 661 121 746 256 208 672 44 208 594 315 143 241 575 171 216 695 129 103 206 652 662 587 233 152 82 133 650 739 553 261 191 95 203 391 722 722 179 476 462 408 509 598 203 54 396 539 101 541 182 599 138 633 626 209 598 78 314 625 515 166 227 414 565 311 90 738 610 205 522 107 387 235 224 295 382 157 646 571 493 126 128 464 688 47 170 233 83 267 164 257 179 184 138 529 98 176 172 156 439 58 596 647 426 643 477 139 638 540 361 634 429 666 182 183 108 161 717 535 365 781 299 152 161 240 696 289 93 546 309 86 487 94 162 239 146 294 293 550 739 659 567 63 204 371 763 719 285 306 352 262 538 201 335 104 220 603 130 709 720 170 548 450 722 702 186 172 344 515 552 584 534 728 215 34 686 771 666 143 152 159 170 165 587 584 90 490 387 109 138 401 447 477 179 97 599 226 365 250 200 125 102 627 639 93 76 236 659 559 131 57 205 205 145 678 192 584 591 761 133 147 691 318 94 49 343 560 511 159 244 267 603 229 491 258 202 159 748 62 376 349 354 268 157 186 202 196 143 261 117 183 329 496 154 226 32 632 463 160 234 127 221 679 62 768 579 594 130 57 252 205 377 624 346 131 482 81 593 205 250 471 461
370 590 365 275 61 370 149 370 523 328 185 506 284 312 593 425 323 430 560 487 590 191 376 375 301 144 410 324 186 0 471 470 631 299 288 72 102 298 215 351 593 560 137 286 659 181 309 337 172 178 489 236 244 390 581 241 231 433 244 344 647 352 333 163 434 322 353 281 110 236 423 608 338 210 423 123 204 484 433 325 311 169 200 430 168 466 619 467 169 338 522 554 322 342 154 623 193 392 449 254 323 251 270 79 604 619 287 331 325 164 291 369 474 284 418 118 327 384 245 330 556 408 711 166 458 344 365 247 313 382 167 588 198 95 402 430 517 524 79 138 306 375 162 313 376 216 356 638 462 352 232 187 331 487 323 295 566 371 268 284 296 374 624 566 336 539 386 610 440 220 568 354 421 258 340 284 286 278 605 553 244 236 482 285 577 459 373 364 218 561 369 207 370 643 614 243 299 358 127 324 661 293 568 464 355 348 338 139 577 366 273 349 531 281 490 244 316 553 601 538 287 646 81 169 574 223 184 488 247 140 247 439 319 373 614 313 269 211 535 502 484 235 277 170 304 544 660 422 159 376 281 383 298 593 585 87 402 341 311 424 467 279 134 265 441 87 450 360 513 147 474 516 47 457 161 307 465 443 199 407 352 460 308 268 640 509 140 412 185 390 414 235 254 255 227 528 473 390 279 307 381 589 183 272 399 251 188 258 258 363 299 203 414 172 358 339 339 313 235 483 518 299 540 346 315 518 441 232 523 346 541 170 357 275 143 613 453 261 683 224 336 203 418 585 292 242 410 229 107 427 227 260 152 332 230 185 444 623 533 455 193 88 251 644 612 298 263 235 375 428 185 418 265 306 495 292 580 627 334 402 346 613 589 369 357 274 390 396 447 394 612 166 193 569 666 562 295 35 329 342 329 477 472 269 396 339 211 297 305 387 407 349 258 516 411 281 253 225 61 287 511 511 143 249 201 538 446 205 181 130 279 314 571 376 478 471 622 206 176 568 205 279 233 277 424 399 127 426 201 540 89 426 292 207 343 630 225 242 223 220 269 304 183 232 358 201 245 120 190 283 403 247 389 213 486 394 332 163 184 406 530 124 662 480 477 312 203 165 151 290 514 229 148 364 182 460 300 431 382 344
772 119 111 673 492 789 519 650 57 143 301 52 724 753 123 136 481 816 92 69 137 281 247 175 193 328 68 745 589 471 0 2 168 416 621 486 456 177 328 784 168 90 554 185 205 500 165 548 583 352 63 486 657 89 113 669 398 117 386 724 180 787 374 309 794 727 120 215 557 653 53 143 554 317 49 414 569 13 776 777 239 479 429 80 568 88 174 204 526 658 97 88 194 712 319 153 384 120 107 472 722 223 710 404 135 170 395 754 287 366 741 787 36 385 339 405 163 805 623 779 99 785 263 519 15 715 160 343 167 692 388 145 426 433 141 796 54 54 535 345 777 793 414 621 208 454 149 176 145 765 641 562 737 136 724 615 100 158 337 612 176 703 182 96 145 108 769 148 73 678 215 730 216 214 154 597 336 744 136 151 547 674 209 207 206 818 784 754 273 171 779 462 772 174 145 450 697 256 369 712 190 671 97 60 784 765 135 546 111 793 342 125 63 642 92 344 265 117 148 74 709 181 398 383 121 600 388 41 281 446 387 74 758 805 185 703 601 404 64 202 52 387 547 621 627 81 228 67 331 741 659 779 200 137 149 419 161 130 183 124 51 478 543 206 77 532 94 762 111 453 188 49 425 91 515 341 188 151 445 800 215 48 349 621 178 67 384 68 498 342 720 399 314 216 477 57 69 102 586 711 151 129 552 513 820 595 322 504 375 744 536 478 60 500 750 760 732 159 602 17 69 172 83 128 725 49 73 239 55 175 79 412 767 697 429 145 124 224 218 292 722 453 818 114 364 569 86 281 513 190 548 509 351 707 300 299 51 152 75 30 632 400 222 175 143 378 305 240 553 54 397 510 592 492 41 605 126 173 631 121 140 143 118 755 738 256 84 164 75 107 141 375 615 98 197 98 730 495 746 756 630 26 19 624 114 251 516 726 190 200 169 766 685 122 773 229 380 423 504 657 39 62 496 602 361 70 31 488 542 385 474 733 104 721 43 9 187 487 452 103 274 654 614 258 79 78 430 814 323 189 385 174 414 407 729 160 580 230 249 251 369 586 413 426 785 472 357 472 419 287 114 503 814 620 122 176 649 354 478 767 157 541 192 66 6 707 559 337 384 216 49 247 459 108 521 58 763 745 137 129
770 121 110 671 490 787 518 647 59 142 299 52 722 751 125 134 479 814 93 68 139 280 245 173 191 327 67 743 587 470 2 0 170 414 619 484 454 176 326 782 170 91 552 184 205 498 164 546 581 351 62 484 655 89 115 668 396 115 384 722 181 785 372 307 792 725 119 213 556 651 51 143 552 315 47 413 568 15 774 776 237 477 427 81 566 86 176 202 524 656 96 89 192 710 318 154 382 118 105 470 720 222 708 402 136 172 393 752 285 364 739 785 34 383 337 403 162 804 621 777 99 784 263 517 13 713 158 341 165 690 386 145 425 431 139 794 54 55 533 343 776 791 412 619 206 452 147 177 143 763 639 560 735 134 722 613 100 155 335 610 174 701 184 97 143 107 767 150 74 677 214 728 214 213 152 595 334 743 137 153 545 673 211 205 208 816 782 752 271 170 777 461 770 176 146 448 695 254 368 710 191 669 98 62 782 764 134 544 113 791 340 124 65 640 90 342 263 117 151 76 708 182 397 381 121 598 386 40 279 444 385 75 756 803 185 701 599 402 66 203 50 385 545 619 626 82 228 68 329 739 657 777 198 139 151 417 159 129 181 121 53 476 542 205 75 530 92 760 109 451 189 49 424 92 513 339 190 149 443 798 213 46 347 619 179 66 383 66 496 340 718 397 312 215 475 59 67 100 584 709 148 130 550 511 818 593 320 502 373 742 534 476 59 499 748 758 730 157 600 17 71 171 83 127 723 51 71 238 56 173 81 411 765 695 427 146 122 222 219 290 720 451 817 116 361 567 86 279 511 188 546 507 349 706 298 297 48 154 77 27 630 398 221 177 144 376 303 239 551 52 395 508 590 490 40 603 128 174 629 122 139 144 119 754 736 254 83 165 77 107 143 373 614 100 198 99 728 494 744 754 628 24 17 622 112 248 514 725 188 198 167 764 683 121 771 227 378 421 503 655 41 64 495 600 359 72 29 486 540 383 472 731 105 719 41 11 189 485 450 105 273 653 613 256 80 77 428 812 322 188 384 172 412 405 727 162 578 228 248 250 367 584 411 424 783 470 355 470 417 285 112 501 812 619 124 174 647 353 476 765 159 539 193 64 8 705 557 336 383 214 49 245 458 107 519 59 762 743 135 128
940 59 266 841 656 957 687 814 111 305 467 159 891 919 52 285 642 984 108 194 46 444 399 334 361 491 222 912 756 631 168 170 0 578 788 651 623 333 496 951 86 101 720 347 157 668 323 710 750 520 187 653 824 242 56 836 565 265 552 892 105 954 532 471 961 895 279 383 722 820 221 109 716 485 216 582 737 155 942 943 403 647 597 204 735 224 50 329 694 824 185 117 360 880 478 82 552 283 249 638 890 381 877 568 85 41 558 921 447 534 907 955 182 548 481 572 331 973 791 945 137 953 201 686 183 883 323 509 335 857 556 163 594 599 297 963 143 116 698 510 938 961 582 787 363 621 315 8 275 933 808 730 904 252 892 782 113 319 502 780 336 869 58 100 313 176 937 22 193 843 284 897 358 378 321 764 500 907 88 121 714 841 243 375 158 985 952 921 440 234 947 630 940 29 88 616 864 412 535 880 79 839 93 169 952 933 302 713 57 961 507 282 105 810 210 511 427 171 40 95 877 115 555 551 140 768 556 172 448 614 553 194 925 972 194 871 769 571 107 221 183 553 713 786 794 129 209 210 497 909 827 947 368 41 72 585 314 295 351 274 165 643 710 368 231 697 239 930 208 621 230 139 586 182 683 502 237 290 612 968 375 200 510 788 125 168 552 236 666 490 885 566 480 379 644 113 205 268 753 879 311 127 720 679 988 763 490 670 540 912 700 646 228 668 918 928 900 321 770 163 113 334 141 285 893 119 229 402 132 340 91 580 935 865 596 98 261 391 133 460 889 621 986 84 526 736 222 449 679 331 716 675 518 875 468 465 212 48 98 193 798 564 387 32 87 540 471 406 712 221 565 661 760 655 164 772 54 146 796 240 308 80 72 923 905 423 243 266 187 241 49 543 782 77 100 121 897 657 914 924 796 174 175 792 277 410 684 894 358 353 319 934 852 218 940 396 546 590 668 824 132 120 664 770 529 98 198 655 710 552 639 900 109 887 183 165 70 654 620 65 440 822 782 425 209 246 597 981 491 273 548 317 576 575 897 34 748 390 413 413 533 752 580 593 952 640 523 639 587 452 275 669 982 788 170 330 815 522 646 934 153 707 92 197 162 875 727 505 552 383 142 412 627 274 689 172 927 910 299 296
398 522 363 314 261 426 208 237 472 321 207 420 394 420 527 296 65 428 475 387 553 252 186 244 239 249 389 391 263 299 416 414 578 0 233 245 202 327 132 436 582 480 260 297 530 163 326 132 267 148 393 107 315 380 522 340 70 314 62 342 544 441 57 255 395 362 347 221 295 317 366 506 138 148 376 178 222 429 372 458 178 155 102 429 250 357 590 283 198 257 407 467 225 327 278 531 113 296 332 82 353 305 385 235 515 586 24 401 131 153 421 424 396 34 156 185 263 443 263 453 455 395 568 193 401 330 256 92 271 284 138 463 103 205 281 399 436 464 296 215 513 430 137 221 217 98 269 586 316 401 300 225 371 344 357 221 475 259 86 224 309 299 599 483 286 422 384 560 434 388 386 345 237 273 268 205 81 459 514 556 166 355 549 231 603 417 415 374 202 405 410 112 398 576 521 71 332 169 199 337 570 299 489 448 432 405 306 248 522 438 78 350 475 266 375 93 151 433 564 489 364 537 302 138 465 247 120 406 159 164 59 434 421 454 470 331 218 89 472 558 395 69 148 335 233 454 508 408 198 349 290 401 231 553 564 215 265 319 246 305 445 72 249 290 347 281 340 390 387 160 531 440 274 461 193 76 525 297 108 417 203 378 69 244 526 413 170 350 158 127 309 66 116 276 106 466 374 315 194 348 267 482 216 113 456 221 168 111 57 361 127 126 361 171 373 404 357 310 241 417 484 303 445 347 365 463 349 266 446 241 495 129 401 354 157 515 323 231 568 165 344 109 439 503 53 194 410 174 238 260 179 115 182 326 150 210 368 548 491 388 325 225 258 576 520 38 120 245 140 362 117 131 209 78 414 211 542 505 225 429 284 524 512 374 355 172 368 453 443 407 540 146 297 501 566 468 394 291 388 395 225 405 405 248 303 168 155 385 239 228 262 405 349 383 376 201 58 76 273 281 447 476 191 232 117 483 385 132 207 181 68 379 481 322 395 422 603 131 133 516 224 284 260 167 421 342 173 426 151 367 248 270 8 92 351 561 219 284 257 273 55 182 117 70 430 123 81 194 110 133 304 115 455 285 501 250 247 165 142 370 549 255 565 383 422 339 209 180 157 213 436 241 162 329 183 443 468 334 280 312
166 735 544 96 228 196 141 90 678 499 341 635 188 207 740 517 188 198 692 604 757 381 414 462 429 349 579 167 117 288 621 619 788 233 0 218 209 489 294 213 778 696 159 464 758 131 494 137 131 276 610 137 117 565 732 147 224 533 239 110 767 218 290 366 174 134 528 408 201 124 568 727 131 306 575 233 85 635 160 250 388 153 192 614 126 575 793 514 123 50 629 684 428 94 378 751 238 507 551 156 124 451 184 283 734 789 245 176 355 266 219 194 607 253 385 246 458 213 64 241 675 166 798 128 606 97 468 280 458 94 241 689 195 233 499 175 650 673 226 314 337 199 215 34 440 167 474 796 542 171 109 102 142 570 127 16 693 472 290 9 476 90 800 699 479 645 152 769 622 220 619 113 466 433 467 28 297 277 733 746 74 168 710 416 784 198 183 141 358 635 179 159 166 790 741 176 106 396 285 106 791 71 704 640 206 176 494 153 731 210 287 528 683 39 596 278 368 657 769 695 149 761 347 245 688 73 236 619 341 194 238 621 206 227 699 101 22 217 682 724 610 236 85 192 16 672 739 597 315 120 66 168 422 758 763 254 486 504 439 523 639 161 158 448 561 211 558 157 611 184 695 652 300 646 134 303 688 522 177 185 422 590 297 28 751 631 256 553 131 358 125 224 308 433 145 676 591 520 39 122 481 705 105 120 225 38 308 124 252 128 114 144 562 135 140 178 125 485 59 625 685 474 663 524 140 670 562 415 659 450 700 214 170 143 208 736 546 405 794 332 112 168 206 720 276 55 593 343 182 488 76 119 291 93 322 344 577 764 695 596 164 279 419 791 740 266 318 401 174 568 227 258 29 164 628 25 746 731 54 602 481 744 728 141 122 366 557 613 630 584 755 255 136 714 788 687 183 258 162 166 49 615 613 30 513 390 107 170 431 452 485 176 147 608 152 392 246 199 229 54 656 677 155 42 261 691 590 134 109 262 165 156 699 101 608 625 803 135 174 724 368 60 71 364 606 543 216 195 302 599 308 496 231 214 119 776 64 432 403 413 262 61 211 197 204 150 267 186 203 339 516 122 225 109 684 472 44 280 148 146 732 168 787 599 627 110 86 301 251 405 649 395 179 520 117 635 276 144 491 500
313 605 387 215 15 320 77 298 540 346 186 514 242 271 609 420 259 371 571 492 613 208 353 366 301 164 430 273 123 72 486 484 651 245 218 0 44 322 189 306 622 572 76 305 661 110 331 268 111 153 495 169 187 411 598 191 182 431 197 282 656 308 286 184 370 265 373 280 72 181 435 615 268 190 437 84 133 499 367 292 295 101 143 456 103 468 644 451 97 267 524 564 317 277 185 633 151 393 448 189 265 277 228 85 615 643 237 281 297 137 256 318 483 236 379 88 330 335 179 295 563 346 711 94 471 280 361 211 321 311 129 590 143 57 398 367 527 539 56 141 301 324 114 241 360 154 356 658 455 299 174 117 275 481 265 224 575 367 231 213 316 305 650 577 344 541 326 630 465 193 555 291 402 274 343 212 248 261 615 584 172 192 525 285 613 395 320 304 216 555 315 142 314 660 624 182 240 333 117 263 672 228 580 487 309 297 350 74 595 319 235 371 548 213 491 208 293 555 624 557 236 653 133 132 580 156 142 497 231 82 199 464 277 328 612 252 197 161 550 543 491 189 206 135 232 553 657 444 156 312 216 325 297 615 611 67 393 356 312 421 489 214 69 285 445 47 450 304 512 86 514 527 86 485 89 268 505 434 139 349 337 468 267 198 646 516 112 422 114 350 343 185 226 272 161 543 477 396 207 250 377 595 113 202 350 180 174 189 213 302 229 136 426 101 299 289 279 330 166 495 539 317 548 367 260 534 445 250 534 341 560 122 303 224 91 622 449 265 689 210 274 141 362 597 248 170 435 218 38 413 155 191 139 268 211 188 452 638 553 467 148 87 264 661 622 251 236 246 306 438 140 356 193 240 505 220 602 630 262 433 352 624 602 309 295 260 408 433 472 421 627 134 139 584 676 570 250 48 277 289 257 488 484 200 397 317 140 250 305 372 397 298 208 513 347 275 207 170 28 221 525 532 72 178 166 555 458 136 109 107 214 262 581 308 487 487 650 138 114 587 212 214 167 261 448 410 78 367 181 528 109 414 238 157 282 646 154 263 239 241 225 231 132 176 311 135 206 53 137 259 404 179 341 154 518 383 261 142 116 342 564 62 672 485 491 253 132 153 119 285 525 239 85 378 109 483 278 361 380 357
326 575 362 226 59 337 71 281 512 319 156 482 268 297 579 382 221 380 539 457 586 186 311 328 267 146 403 292 136 102 456 454 623 202 209 44 0 300 148 329 598 540 97 279 626 85 307 237 128 113 461 135 204 386 569 214 138 394 153 288 622 331 242 165 372 279 347 246 110 199 404 582 238 151 408 44 131 469 365 322 255 69 100 432 114 432 618 409 86 258 489 532 280 281 172 601 106 358 412 151 276 256 254 74 583 617 193 300 254 97 285 336 451 191 335 51 297 353 182 323 529 353 674 81 441 284 324 167 290 301 85 554 99 26 361 371 495 510 100 116 341 342 69 227 320 114 321 630 416 315 188 117 289 443 277 212 543 330 187 203 291 299 625 545 312 506 333 602 441 227 515 296 360 247 309 197 204 297 583 562 151 218 511 252 594 398 335 313 183 516 330 104 326 630 591 142 251 291 88 271 640 233 549 462 330 314 321 90 566 339 191 345 519 212 455 164 251 519 598 528 256 619 140 89 545 158 98 464 192 39 155 440 302 350 574 261 187 117 520 528 458 144 180 169 222 520 619 418 126 315 221 337 262 588 586 46 355 328 278 385 463 177 87 260 411 89 415 316 476 45 499 495 95 462 75 223 490 396 97 360 297 435 223 194 611 482 74 391 88 305 333 141 183 247 125 513 443 363 190 263 340 561 110 171 368 172 137 157 168 308 199 101 396 77 309 307 289 304 165 464 512 291 515 342 275 505 411 225 503 304 532 77 318 243 47 589 412 233 655 173 282 101 375 565 204 156 411 182 57 372 138 160 105 273 171 158 420 607 525 435 176 71 236 631 590 206 194 218 274 407 95 317 181 203 472 206 575 595 246 412 319 592 571 317 302 221 381 417 448 398 597 92 160 554 643 537 274 88 294 305 243 456 453 197 363 275 115 271 271 332 358 315 229 476 349 238 162 127 72 223 495 505 53 174 123 526 428 104 102 71 176 280 548 306 454 458 625 105 74 558 183 217 172 222 424 379 34 376 142 489 99 374 195 113 290 616 148 240 214 219 180 211 88 133 331 99 161 23 93 217 369 147 361 168 497 344 251 105 83 344 544 85 639 451 462 263 125 119 78 250 493 211 46 349 93 458 313 353 344 327
625 293 68 525 326 637 369 536 226 41 148 219 564 593 296 187 390 676 269 210 292 114 227 168 101 159 112 592 435 298 177 176 333 327 489 322 300 0 204 627 299 267 395 30 377 360 13 447 427 214 210 364 504 92 284 512 284 183 277 583 357 630 306 139 662 578 57 110 392 498 135 319 452 189 131 262 424 188 649 614 170 338 301 133 414 199 322 261 379 532 247 264 132 573 144 330 255 141 192 358 575 47 550 237 312 321 303 600 228 223 578 635 187 293 322 251 96 653 478 617 271 647 433 372 165 577 145 237 75 571 248 310 298 275 168 662 228 228 367 184 605 642 274 496 196 329 122 340 223 615 488 414 588 238 576 486 276 149 241 481 20 577 328 273 82 263 629 312 143 512 332 590 236 57 104 469 250 575 313 262 417 514 225 101 296 687 635 610 133 306 630 334 625 346 322 335 549 222 212 568 366 529 274 166 629 614 65 389 279 639 249 52 234 503 221 237 201 276 303 241 555 357 222 244 291 454 255 201 168 299 279 142 599 649 344 558 468 281 239 237 201 275 427 456 498 255 390 123 176 605 516 635 108 295 289 258 182 58 100 178 169 371 386 41 170 366 187 615 246 308 208 224 253 163 367 265 201 211 315 657 182 178 273 483 353 227 235 130 359 309 602 286 211 56 353 233 198 124 459 562 154 303 405 398 668 458 182 386 273 604 425 347 127 358 606 607 587 32 459 191 220 29 254 49 575 221 168 75 231 138 243 275 618 543 283 322 205 96 395 166 579 324 673 291 278 434 113 155 353 223 413 391 200 567 180 145 161 327 235 167 471 235 71 347 320 293 207 89 465 144 264 448 460 392 207 477 282 345 510 113 96 320 294 613 597 159 94 127 150 99 316 234 458 273 374 273 572 325 594 605 508 188 181 486 141 203 382 570 103 198 193 615 528 253 639 131 275 304 337 516 216 213 347 463 234 241 156 356 396 232 368 580 280 590 194 176 327 355 315 270 121 512 468 164 126 117 279 672 191 301 216 211 322 283 586 333 438 59 86 82 272 466 279 310 630 341 250 319 288 200 150 381 661 467 197 186 523 209 341 633 244 381 369 203 182 561 416 189 239 122 224 94 314 80 378 162 595 625 142 67
444 444 252 346 201 463 198 332 385 207 75 346 406 434 449 237 189 488 404 318 464 120 165 182 135 122 286 420 267 215 328 326 496 132 294 189 148 204 0 462 484 406 240 176 482 172 206 243 264 37 323 162 333 273 440 350 79 251 75 396 483 465 136 125 467 400 236 114 257 331 275 443 248 16 282 105 243 342 451 464 108 152 102 322 248 291 499 262 201 333 347 396 139 384 149 465 56 219 269 154 394 176 393 137 447 496 110 430 111 52 426 461 317 101 207 102 165 480 296 463 390 457 529 194 313 387 181 43 165 370 64 411 99 133 217 469 361 381 245 93 489 467 89 296 172 128 183 504 270 439 317 237 410 297 396 289 406 187 60 285 189 378 506 411 185 364 441 476 329 374 367 401 213 148 175 271 78 444 447 453 220 358 429 122 494 492 457 425 73 369 452 135 444 500 455 130 370 145 90 384 504 343 415 347 461 440 200 230 439 469 68 237 391 314 314 41 104 377 475 402 386 479 189 60 405 273 60 329 48 125 77 329 438 482 429 375 273 78 390 441 321 71 225 315 301 384 473 304 72 413 331 451 129 465 470 130 209 211 146 241 345 167 229 165 273 236 274 434 332 130 413 362 176 354 190 100 406 249 117 472 149 300 104 292 470 344 78 261 171 180 400 82 39 150 152 384 304 229 260 384 197 421 227 194 494 267 38 183 75 416 221 150 268 174 422 435 404 194 274 334 391 184 377 233 399 378 274 137 369 162 407 86 441 375 108 451 268 113 514 39 393 125 490 431 96 240 301 50 203 225 220 188 66 379 28 78 286 475 401 304 318 127 133 500 453 108 49 117 264 275 69 262 265 189 338 279 453 453 308 314 188 456 438 427 409 76 264 332 337 294 465 56 297 423 504 400 410 220 420 430 307 324 322 296 224 128 188 405 138 184 212 440 364 332 445 100 75 100 215 328 365 383 175 274 33 398 298 160 216 86 164 408 412 394 319 332 509 159 124 431 93 326 288 76 314 250 115 485 20 341 139 227 126 80 401 485 252 155 127 142 79 264 84 105 461 144 51 156 91 70 229 179 489 298 393 197 324 52 150 440 441 229 502 313 334 380 232 56 70 113 359 113 136 227 194 342 459 424 204 206
75 902 691 123 306 40 265 271 840 648 484 806 67 43 907 698 399 127 864 780 915 513 607 642 593 470 732 46 195 351 784 782 951 436 213 306 329 627 462 0 927 866 233 608 943 292 635 349 201 433 784 331 128 714 897 115 410 713 427 121 945 6 493 490 169 79 676 570 242 131 731 905 343 470 736 370 221 797 196 66 567 311 369 760 216 753 947 709 261 218 809 857 600 138 491 926 407 680 730 355 91 582 81 392 908 946 444 36 546 419 72 41 776 450 592 380 622 42 174 52 852 131 988 268 769 137 643 462 617 232 398 872 371 353 678 159 821 837 272 444 185 43 373 239 626 352 644 959 728 52 145 225 74 756 87 228 867 649 477 220 620 205 954 871 639 826 116 930 769 143 815 127 659 576 634 240 488 137 907 890 270 115 830 577 920 182 59 100 511 825 59 340 76 958 916 370 106 587 417 112 965 142 875 791 12 42 649 239 894 21 476 674 846 175 775 459 554 838 926 856 75 941 430 403 867 192 402 789 509 338 427 769 34 22 888 113 222 396 848 848 782 421 294 181 220 845 930 747 455 147 149 89 587 917 915 370 669 657 603 703 792 367 242 589 734 267 735 76 793 332 820 821 387 790 271 498 811 708 354 105 606 760 494 194 932 805 400 718 295 563 242 411 487 575 335 841 766 688 250 91 658 883 235 327 53 215 462 326 442 117 325 322 724 289 96 36 97 632 196 791 841 620 838 671 73 833 735 553 829 624 860 376 57 87 356 912 728 560 976 494 112 347 97 891 472 243 739 505 274 677 258 323 433 131 489 487 745 934 854 762 159 393 565 958 914 465 498 546 383 733 394 470 230 374 798 237 904 914 250 739 645 917 898 107 118 538 710 739 777 726 923 410 169 881 966 861 56 317 51 50 246 783 780 190 685 577 286 57 596 639 670 43 99 792 159 560 436 385 297 159 822 834 288 204 430 854 755 313 246 399 370 57 873 180 779 786 954 315 339 886 512 155 179 537 753 706 354 122 462 792 415 683 433 392 108 944 219 568 542 546 454 273 379 386 18 328 450 312 375 521 690 321 40 164 824 656 224 430 315 160 870 246 963 774 789 103 233 447 400 572 819 540 326 677 269 786 117 236 665 656
922 114 237 822 625 935 666 812 118 280 444 185 864 892 109 303 647 970 155 220 54 413 415 343 350 458 199 890 734 593 168 170 86 582 778 622 598 299 484 927 0 145 694 319 237 652 291 713 726 504 212 645 802 214 99 811 559 283 548 877 187 929 542 438 952 875 252 371 691 797 216 179 719 472 206 559 720 156 935 913 404 630 586 167 712 247 39 362 675 817 225 162 357 866 441 158 540 288 270 634 871 345 849 537 154 46 560 899 454 516 877 933 196 550 506 548 322 951 774 916 186 940 285 668 182 869 327 504 320 853 539 226 583 573 309 953 171 131 665 483 897 940 566 780 376 612 313 87 304 913 786 710 885 287 873 773 164 325 501 769 307 862 37 149 300 223 923 75 158 810 340 884 382 351 315 755 501 872 157 43 704 814 163 362 72 976 932 906 421 289 927 619 922 115 161 611 846 424 510 863 164 823 141 138 928 912 284 688 92 938 506 253 119 796 241 506 431 222 51 104 854 195 514 535 198 750 542 191 439 594 549 158 898 948 263 854 757 562 129 140 204 548 708 755 786 171 286 181 473 897 811 930 358 59 23 557 329 274 341 290 139 642 685 338 244 665 258 912 248 602 153 163 549 136 663 507 162 314 601 952 383 213 515 775 204 200 530 232 651 510 882 560 475 352 636 132 227 267 745 859 318 190 701 675 967 749 472 665 538 898 699 634 221 652 902 905 883 295 753 172 99 308 183 256 872 127 240 373 160 341 97 565 915 841 577 170 286 373 217 446 874 610 969 142 529 724 187 435 653 355 703 670 496 861 457 441 218 126 97 198 770 535 363 118 159 544 468 382 720 221 551 678 749 657 184 763 59 220 792 191 300 152 131 908 891 416 221 206 150 201 121 525 757 119 185 171 871 622 892 903 790 185 182 778 282 418 671 869 348 368 336 913 827 259 929 388 543 583 636 810 146 107 643 756 517 114 198 644 691 529 638 878 162 879 200 161 30 643 605 91 416 807 764 420 174 240 576 967 477 323 515 339 579 565 881 116 732 359 384 381 533 747 567 587 929 628 518 617 575 451 282 662 959 766 109 344 808 502 632 924 75 681 177 220 163 857 710 483 533 375 167 388 609 258 672 143 893 907 304 278
850 42 200 752 578 869 601 717 55 232 386 61 807 836 49 185 544 892 10 94 94 369 299 236 273 416 156 826 671 560 90 91 101 480 696 572 540 267 406 866 145 0 638 274 123 579 255 612 666 433 88 559 738 178 49 752 471 166 457 801 92 869 433 397 868 806 210 296 643 735 137 57 619 397 137 498 649 79 848 862 308 558 506 157 650 124 130 228 606 730 85 17 268 788 408 63 462 189 149 543 801 313 794 491 45 122 461 835 349 447 825 867 90 451 380 489 244 886 702 863 41 861 181 599 102 791 228 416 251 761 468 84 503 518 199 870 46 43 622 431 865 873 494 692 264 528 223 108 174 845 722 642 816 152 803 688 21 224 407 687 265 774 140 7 228 79 846 88 147 764 195 806 257 302 232 671 403 831 46 153 621 758 253 289 208 891 863 831 357 144 858 538 850 96 55 522 776 313 454 790 101 749 9 124 866 846 222 629 54 874 411 215 45 719 109 417 330 77 102 53 791 93 488 463 55 679 466 77 358 528 458 148 841 887 125 781 676 479 33 238 86 460 619 707 701 29 159 152 416 816 737 857 279 91 123 505 215 219 263 176 116 546 627 295 135 618 140 841 108 534 234 45 513 151 595 404 238 189 521 877 277 106 412 697 93 68 467 149 577 389 788 472 387 305 551 38 106 178 659 790 215 53 632 584 901 672 404 576 445 821 604 554 146 580 828 841 810 247 680 77 81 261 40 217 805 53 133 327 37 246 59 492 847 779 510 57 160 307 130 372 799 529 896 25 429 644 169 361 597 231 624 581 435 784 378 384 121 69 66 105 716 486 309 96 53 442 378 327 613 134 475 560 667 558 68 678 87 95 701 199 221 53 32 832 814 331 173 237 145 190 59 456 698 26 108 27 813 583 826 836 700 84 88 701 183 312 593 809 270 254 219 846 767 118 846 307 451 497 591 734 51 82 578 680 439 44 114 564 622 469 543 814 21 793 88 91 150 563 531 54 360 732 694 333 159 162 512 890 404 179 473 216 479 483 807 81 658 319 337 340 437 656 491 499 866 548 429 555 497 357 179 575 895 702 163 231 720 437 556 841 175 625 103 98 85 786 638 421 466 294 47 333 540 196 600 125 850 813 205 216
238 672 458 140 79 244 52 246 609 416 253 579 170 199 677 477 254 296 636 554 683 281 399 422 365 238 500 198 49 137 554 552 720 260 159 76 97 395 240 233 694 638 0 375 721 98 403 243 36 207 558 162 112 482 667 117 209 490 226 208 719 235 310 258 297 190 444 343 45 105 502 679 241 245 505 140 76 567 297 225 348 105 165 528 33 529 715 499 65 208 585 629 376 205 260 698 191 454 507 187 189 350 157 160 680 714 258 206 339 192 188 242 548 260 408 149 394 259 109 226 626 272 769 69 539 208 420 251 387 251 176 650 166 121 456 294 593 607 68 212 255 249 153 188 411 162 418 728 510 224 98 60 199 538 190 169 640 426 270 156 387 240 721 643 410 602 251 699 537 135 606 218 450 344 406 161 285 206 680 657 136 121 600 349 688 322 244 229 281 610 239 148 238 728 689 189 165 379 185 188 738 156 646 558 234 221 418 12 664 244 272 442 616 145 552 248 341 615 694 625 161 716 208 180 642 89 184 561 286 116 227 536 205 254 669 178 142 190 618 618 555 218 174 77 175 618 713 515 223 240 144 250 359 685 683 137 449 425 375 480 560 209 11 356 508 53 511 228 571 113 589 593 161 558 67 301 581 490 154 274 389 532 298 135 708 579 170 488 103 378 281 211 272 343 157 611 540 460 159 174 436 658 61 184 275 122 234 174 243 228 204 134 494 89 224 213 204 400 101 562 609 387 612 438 184 602 508 321 600 400 629 159 227 149 132 686 507 330 752 269 200 151 286 663 277 122 507 278 42 464 115 174 203 195 266 255 517 705 622 533 79 160 333 729 687 276 283 315 284 504 178 349 140 231 570 167 672 691 209 506 416 689 669 234 221 316 478 508 544 493 694 186 63 651 740 634 177 103 202 213 204 554 550 136 459 365 117 175 368 424 452 222 134 572 275 334 236 189 76 151 592 602 71 117 212 623 525 130 65 169 211 187 645 240 551 556 721 131 131 655 280 143 97 316 520 476 126 292 237 580 184 467 254 185 207 714 97 335 310 313 255 188 165 193 236 137 243 84 165 306 465 164 266 78 591 438 203 201 118 270 638 14 736 548 559 178 81 217 173 346 591 308 108 446 82 554 219 297 441 425
603 303 83 502 309 616 347 508 237 42 125 222 546 574 307 172 360 652 275 208 308 97 201 146 73 144 125 571 414 286 185 184 347 297 464 305 279 30 176 608 319 274 375 0 378 335 30 418 407 188 209 336 483 107 295 492 255 171 248 559 363 610 276 124 637 556 68 80 375 478 138 323 423 161 137 240 401 197 623 597 141 313 274 153 393 193 340 242 356 506 244 269 105 549 135 337 228 128 183 330 552 45 532 221 318 338 274 579 198 198 560 614 190 263 294 229 73 632 455 599 273 623 433 349 171 552 124 207 52 544 223 309 271 255 152 637 232 238 351 164 593 620 249 469 171 302 102 354 210 593 467 391 566 227 554 460 281 129 212 455 13 551 346 280 65 262 605 326 162 496 320 566 213 32 84 443 220 561 319 284 391 496 253 72 321 662 613 587 106 298 608 307 603 357 328 306 527 194 191 545 375 505 281 183 609 593 56 369 291 619 219 66 245 479 216 207 172 275 319 253 535 361 214 219 292 431 228 204 138 276 250 161 580 629 341 535 442 253 249 265 202 246 400 439 473 259 387 139 154 581 493 612 79 311 307 239 163 55 73 165 184 343 366 21 165 350 179 593 240 284 237 230 240 184 345 235 230 195 288 634 156 178 243 458 356 228 212 129 335 280 575 257 181 33 326 242 195 115 433 540 135 306 382 370 647 433 156 358 244 580 397 320 129 334 583 586 564 26 435 197 235 13 257 63 553 232 163 55 237 114 256 249 596 522 259 327 193 66 399 137 555 298 651 299 248 409 132 126 334 203 388 363 177 543 151 122 161 337 249 170 452 217 44 358 326 263 177 63 435 144 238 418 434 363 210 451 297 346 483 138 79 327 303 590 573 129 104 157 169 121 326 209 438 283 381 277 553 311 573 584 481 192 186 461 129 175 356 550 75 175 173 593 508 246 614 101 246 276 321 492 224 227 324 439 206 252 160 330 373 210 339 559 286 565 195 185 346 329 290 283 97 489 445 134 145 116 257 649 164 289 201 192 292 255 563 344 414 45 66 66 242 439 253 281 610 314 220 297 262 170 138 354 640 446 220 165 497 184 316 608 268 362 376 201 190 538 392 165 215 93 229 69 290 79 354 179 580 598 126 60
919 128 314 825 670 942 680 766 178 338 477 158 888 917 131 245 590 956 116 171 185 468 345 301 360 515 272 901 750 659 205 205 157 530 758 661 626 377 482 943 237 123 721 378 0 652 364 658 746 514 170 622 815 294 145 832 536 231 521 866 52 947 477 497 925 878 321 381 733 813 242 67 665 476 246 582 722 197 902 946 376 633 575 279 730 194 206 250 682 787 138 118 346 852 512 79 536 269 214 603 871 421 876 585 88 197 514 910 403 529 909 940 189 506 403 575 332 959 773 946 106 923 58 675 214 855 302 482 345 814 547 72 573 605 266 929 151 166 714 524 960 946 572 750 319 595 305 160 216 917 799 718 887 188 873 749 107 296 469 749 371 830 215 116 322 120 910 162 269 853 164 871 294 403 320 732 461 922 85 260 686 841 372 377 309 948 934 898 446 128 929 606 919 130 79 583 847 363 544 858 84 818 120 247 941 919 323 712 154 949 471 327 168 786 170 485 391 106 186 173 868 42 592 542 86 752 541 175 435 607 521 270 921 963 64 850 741 548 156 355 176 525 677 794 761 124 54 271 506 877 807 924 365 179 217 595 274 323 350 241 239 601 711 399 217 709 211 910 150 612 354 156 612 274 672 456 359 236 590 943 338 200 463 764 34 151 552 249 649 420 838 536 456 406 616 161 186 269 720 862 286 75 708 641 973 739 488 635 506 886 657 623 250 655 895 915 878 353 751 189 202 365 123 329 878 176 218 428 150 321 177 568 918 856 590 72 215 399 44 453 866 598 963 107 483 711 289 444 683 271 692 640 522 850 456 476 217 111 186 209 800 579 408 128 81 494 446 423 652 234 549 586 732 607 170 738 184 32 755 321 312 86 114 898 880 406 285 360 268 310 117 536 780 135 64 107 892 679 900 909 756 189 196 767 264 369 661 887 357 306 274 919 846 151 905 387 513 562 683 801 171 204 657 748 513 166 220 633 697 555 597 889 104 851 183 209 227 631 604 159 454 801 766 406 280 262 595 953 484 170 570 263 531 552 874 124 728 423 437 443 496 712 564 563 941 617 494 637 569 423 257 636 969 780 284 288 777 521 628 900 287 710 70 178 201 856 711 508 549 376 156 429 618 299 674 248 938 863 281 318
272 616 416 174 125 291 47 197 557 372 211 518 241 268 621 407 158 318 576 490 634 250 316 351 307 218 454 249 103 181 500 498 668 163 131 110 85 360 172 292 652 579 98 335 652 0 365 158 105 149 495 64 164 439 612 184 120 422 137 225 655 296 215 235 302 228 401 285 137 163 447 615 158 182 453 102 71 513 291 302 275 22 77 487 88 462 669 418 35 178 518 568 311 214 247 637 117 391 439 89 222 320 229 156 619 666 163 259 256 137 265 289 489 166 314 116 336 308 123 299 562 288 696 30 485 218 353 170 334 220 113 581 79 106 387 302 533 553 146 183 350 295 86 145 335 66 356 675 436 267 148 67 238 464 224 131 578 358 186 124 348 221 676 583 356 535 271 648 495 226 525 232 369 304 347 115 198 297 619 619 67 197 579 293 655 327 285 254 231 534 279 52 272 672 627 92 197 296 154 212 676 172 587 514 290 268 369 86 611 298 186 400 562 144 484 168 262 547 646 573 217 650 224 117 576 101 112 501 220 63 138 494 271 312 596 203 109 104 562 594 493 131 97 173 143 556 638 471 184 246 159 279 300 636 638 126 377 378 317 412 514 112 88 319 445 130 445 262 502 53 565 534 180 519 31 211 557 416 63 301 314 472 207 123 641 516 126 432 5 284 252 121 196 304 59 556 476 401 107 212 368 593 58 93 322 98 180 81 153 246 119 37 440 10 250 264 232 357 102 506 561 345 549 397 227 549 446 285 542 334 578 87 268 205 77 623 437 279 685 208 222 57 319 603 186 76 466 219 87 386 56 82 160 209 200 214 458 647 572 476 163 150 291 672 625 182 206 272 197 447 104 253 102 135 510 124 623 623 163 472 359 628 610 256 239 248 431 483 503 456 637 127 137 595 676 572 243 158 249 258 160 496 494 126 396 285 30 236 310 347 378 268 197 501 279 272 146 96 133 157 537 553 39 104 140 570 470 32 47 131 113 237 584 232 491 503 678 33 48 603 239 155 115 247 479 421 85 315 177 501 180 391 157 100 230 658 80 302 273 282 165 126 88 99 290 40 159 63 83 229 401 70 318 130 555 364 170 151 24 274 603 95 674 485 505 208 60 171 121 285 532 266 48 396 23 510 307 273 375 375
632 282 57 531 335 644 375 538 214 28 154 206 573 601 285 175 389 682 257 197 283 122 219 158 96 168 101 599 443 309 165 164 323 326 494 331 307 13 206 635 291 255 403 30 364 365 0 448 435 218 197 367 511 81 273 520 285 171 278 589 345 638 303 148 667 585 45 107 401 506 122 306 453 191 119 269 430 177 653 623 165 343 305 125 421 186 313 249 385 536 234 251 124 579 155 318 258 129 179 360 581 59 558 246 300 312 303 607 223 228 587 642 175 292 315 257 87 660 484 626 258 653 420 378 153 582 134 237 67 574 253 297 301 282 157 667 215 216 376 191 615 649 279 500 187 332 111 330 211 622 495 420 595 225 583 490 263 138 240 485 17 581 319 261 72 250 634 301 134 521 319 596 226 61 94 473 248 585 300 255 421 523 224 98 291 691 641 616 136 293 636 337 632 335 310 337 556 215 219 574 355 534 262 156 637 621 53 396 268 646 248 41 223 508 207 237 196 263 294 230 563 345 234 249 278 460 258 189 168 305 280 133 607 657 331 564 472 284 228 234 188 276 430 465 503 243 377 113 183 611 522 641 103 285 280 266 171 45 93 166 159 373 394 47 157 375 174 622 233 313 206 212 263 155 374 262 200 199 319 663 174 165 270 488 340 214 241 116 364 303 605 287 210 61 356 221 184 111 463 569 143 290 411 400 675 463 186 389 273 609 427 351 114 363 612 614 593 22 464 178 210 24 241 38 582 210 155 82 219 129 232 279 625 550 288 310 192 95 382 167 585 328 680 279 276 439 104 156 361 212 418 394 206 573 181 151 148 316 224 154 479 244 74 336 308 292 206 93 465 131 268 445 464 393 194 481 272 332 513 108 85 308 282 619 603 156 82 127 142 91 304 239 466 262 362 260 580 335 601 612 511 175 169 491 129 197 386 578 97 189 182 622 536 240 644 128 276 306 346 521 204 203 353 468 237 230 144 360 402 238 369 587 268 595 181 164 319 359 320 260 126 518 474 162 118 104 286 678 194 288 225 200 321 286 592 322 444 68 93 90 271 469 283 312 638 345 250 326 292 198 138 384 668 475 191 175 527 214 346 638 239 389 357 190 170 567 422 194 244 118 211 98 320 67 384 153 605 629 131 54
296 653 490 232 282 330 199 109 604 446 311 551 324 344 659 427 69 313 607 518 684 357 316 376 366 340 518 304 221 337 548 546 710 132 137 268 237 447 243 349 713 612 243 418 658 158 448 0 231 244 524 103 248 508 654 277 164 446 170 238 674 355 182 352 274 270 474 347 287 253 497 636 7 259 507 236 175 561 247 386 309 168 160 557 218 488 722 409 181 141 537 599 355 221 371 662 200 428 463 95 259 419 318 298 646 717 153 313 263 241 354 328 528 163 265 248 392 346 191 378 586 281 693 180 533 223 388 212 399 158 217 592 163 253 413 279 568 596 301 303 466 332 200 111 348 133 400 718 446 305 236 187 277 474 263 121 607 391 213 130 431 178 730 615 415 552 273 692 563 343 508 238 365 391 398 111 212 407 645 686 108 297 672 357 731 294 315 269 316 531 311 137 296 708 652 116 243 300 278 240 701 208 621 578 342 311 434 232 654 346 207 475 607 176 506 212 283 563 696 621 285 667 369 219 595 186 203 538 281 203 168 563 343 363 596 236 133 171 604 683 527 173 70 303 130 586 633 537 293 235 203 295 358 685 696 270 397 446 375 437 575 77 236 408 479 285 472 289 517 194 655 571 330 590 184 208 648 428 151 307 335 510 200 160 656 545 245 481 153 242 180 162 240 393 114 598 506 447 104 259 399 613 183 66 357 147 272 80 176 253 39 136 492 167 269 314 258 434 174 549 615 425 576 472 277 595 481 380 578 373 626 194 304 279 208 646 454 353 697 282 243 144 330 635 184 128 538 292 243 389 128 77 272 224 267 315 500 680 623 520 281 290 376 708 651 170 247 361 41 493 195 121 127 56 546 112 674 633 107 554 414 656 644 267 248 299 497 575 571 533 671 230 251 633 696 599 319 316 298 302 109 537 537 163 434 300 130 307 368 359 394 312 281 512 257 328 173 147 290 191 579 608 197 158 217 615 517 133 178 255 80 293 612 203 527 553 734 132 168 648 334 197 193 295 549 473 222 312 259 492 319 400 134 171 250 693 160 398 370 383 181 76 184 140 339 139 199 218 174 262 436 90 359 229 630 382 133 255 154 251 677 245 695 514 553 246 166 275 234 341 568 356 192 458 164 573 409 205 412 440
202 701 490 104 116 210 66 221 639 447 283 606 142 171 706 501 252 260 664 581 714 313 418 446 392 271 531 164 14 172 583 581 750 267 131 111 128 427 264 201 726 666 36 407 746 105 435 231 0 233 585 163 77 513 696 86 223 515 240 172 746 204 320 291 261 154 475 370 72 71 531 706 228 271 535 169 56 596 262 201 371 118 179 559 17 554 746 519 70 178 610 657 401 169 295 726 212 481 533 189 153 383 129 194 708 744 268 173 357 218 163 208 576 271 419 179 422 226 75 200 653 236 793 76 568 172 445 270 416 220 200 675 181 153 481 258 620 636 100 244 246 215 175 162 433 171 444 758 533 189 62 44 164 561 154 142 667 451 287 130 419 208 753 671 439 628 215 729 569 122 626 182 469 375 433 137 301 193 708 690 123 95 635 377 721 286 209 193 310 632 204 157 202 757 716 196 128 398 216 152 765 120 674 590 202 187 448 39 693 212 288 473 645 112 577 267 361 641 725 655 128 742 244 204 668 58 205 589 311 139 241 568 175 222 693 142 116 206 647 653 582 234 161 73 147 645 736 546 253 204 108 214 386 716 714 170 473 456 403 505 591 209 43 388 535 87 537 192 596 134 624 621 197 590 77 315 615 513 166 238 411 560 312 105 734 606 199 517 109 389 250 225 293 375 161 640 566 488 138 139 460 684 51 178 241 97 262 170 257 191 194 141 523 98 187 180 168 431 72 591 640 419 639 470 149 632 535 353 628 425 659 179 192 115 156 713 531 359 778 295 164 162 251 691 290 104 539 305 75 485 103 169 232 159 290 286 545 733 653 561 59 194 364 758 714 287 304 345 272 532 198 343 116 228 597 143 703 717 183 539 444 717 697 198 185 340 509 542 576 526 723 211 33 680 767 662 147 139 167 179 178 582 579 105 486 385 114 144 395 445 475 188 102 596 239 361 250 201 111 116 621 632 89 89 234 653 554 134 60 198 211 153 673 206 579 585 753 136 147 685 311 108 64 340 552 505 153 256 263 601 219 489 261 201 171 743 74 368 342 346 269 169 184 204 203 145 260 111 182 327 491 161 233 42 624 460 174 229 128 234 671 50 764 575 588 141 66 246 199 373 619 339 128 476 84 586 202 264 466 455
420 470 268 320 164 436 168 324 409 224 68 374 375 404 475 270 197 466 431 348 486 114 202 215 160 101 305 393 238 178 352 351 520 148 276 153 113 214 37 433 504 433 207 188 514 149 218 244 233 0 352 151 305 290 465 319 83 283 87 374 513 436 164 110 449 374 252 138 222 302 300 473 247 38 305 69 217 366 435 432 143 127 88 338 217 322 520 298 173 318 378 424 169 363 131 493 43 248 300 149 370 179 362 101 475 518 128 402 148 16 395 434 344 121 242 65 190 453 271 432 420 437 562 166 337 366 212 71 186 357 36 443 85 96 249 450 388 405 208 67 453 441 62 282 207 116 211 528 304 413 289 210 384 331 371 273 434 218 92 268 201 363 527 438 208 395 419 500 346 340 403 380 249 157 201 255 110 410 475 470 203 327 437 145 508 474 431 402 83 404 426 120 420 526 483 127 344 182 55 360 532 320 442 366 432 413 220 198 463 441 99 252 415 292 345 68 141 408 498 426 358 509 159 31 435 248 42 356 79 94 89 346 408 454 462 351 255 73 416 450 349 80 215 281 285 412 507 322 51 394 308 428 154 487 490 93 243 229 171 273 365 167 196 173 302 200 304 410 364 101 422 389 141 371 162 132 414 283 102 449 184 327 135 271 501 373 41 285 148 213 388 87 76 158 140 409 333 255 245 358 228 451 200 187 468 246 32 175 94 394 216 133 292 149 399 408 380 209 250 359 413 198 406 249 373 402 302 141 396 193 430 62 415 346 77 480 300 130 545 62 370 111 467 458 122 221 318 72 169 260 200 179 35 357 59 72 313 501 424 329 286 91 143 526 482 132 86 125 269 301 51 279 247 192 365 264 475 484 297 326 213 484 465 405 387 109 283 340 354 308 491 22 266 449 534 429 380 183 394 404 294 350 347 275 253 165 169 376 163 219 246 414 334 364 427 128 91 97 178 306 390 405 145 252 31 422 323 142 190 49 165 381 440 377 346 355 529 141 102 455 94 303 262 110 331 274 81 463 30 376 106 262 141 73 378 511 228 159 130 141 101 253 66 103 433 127 74 123 75 107 258 169 462 269 408 231 310 17 128 421 456 196 531 342 358 355 207 32 35 140 386 120 107 247 169 361 425 412 234 227
766 129 152 669 502 786 519 629 95 170 309 28 727 755 135 98 456 807 83 7 170 299 212 149 194 346 117 743 589 489 63 62 187 393 610 495 461 210 323 784 212 88 558 209 170 495 197 524 585 352 0 473 656 136 132 671 385 79 371 715 161 787 345 327 781 722 155 215 566 653 75 121 531 314 84 418 565 67 760 783 222 474 421 141 569 37 208 150 523 643 38 75 184 702 342 142 378 104 62 457 716 252 713 417 125 202 373 752 261 366 745 783 29 363 296 410 165 802 618 783 68 775 225 516 61 706 142 330 176 674 385 101 418 440 111 783 44 81 547 356 792 790 411 606 177 443 140 195 92 761 639 559 732 76 719 602 84 137 320 601 202 687 218 91 153 54 760 171 135 687 152 720 172 233 152 584 316 755 124 204 535 678 272 210 261 804 779 746 279 110 774 453 766 183 132 435 692 225 377 705 182 664 96 124 783 762 153 549 134 792 324 162 93 634 30 331 243 67 180 108 709 158 422 381 85 596 383 23 275 446 372 136 760 805 135 696 590 394 85 264 12 374 532 629 614 62 181 124 339 730 653 772 199 168 191 428 128 154 183 88 115 459 547 230 50 542 52 756 48 452 251 50 442 154 513 316 252 104 436 792 190 32 324 612 151 21 387 80 493 304 701 385 301 236 465 81 19 99 573 707 128 100 549 496 817 586 324 489 358 735 517 469 84 497 743 758 725 184 596 48 118 196 54 163 722 85 50 258 55 161 115 408 763 697 428 128 75 230 195 290 714 444 811 111 341 559 142 280 518 145 539 494 356 699 295 308 48 156 116 48 636 411 238 183 131 355 292 254 526 66 391 474 582 470 29 591 160 138 614 179 143 134 120 747 729 247 123 224 138 161 147 374 618 110 182 78 732 510 743 753 613 37 45 615 99 225 507 727 190 166 132 763 686 59 760 224 364 411 515 649 66 113 496 595 355 99 59 479 539 390 455 731 90 707 21 72 225 478 447 129 286 648 610 248 138 93 432 804 322 126 401 130 391 398 722 168 573 253 267 273 350 569 407 413 783 463 343 474 412 270 94 489 812 620 184 143 634 357 472 754 215 546 179 10 64 702 554 342 385 212 46 260 458 131 517 121 773 726 119 148
298 599 414 209 184 323 111 172 543 369 220 498 288 313 604 380 93 334 556 468 622 264 279 325 295 241 447 286 158 236 486 484 653 107 137 169 135 364 162 331 645 559 162 336 622 64 367 103 163 151 473 0 209 434 597 233 88 397 102 245 630 336 163 255 309 259 398 274 202 210 433 591 105 176 441 133 116 499 290 351 251 68 63 483 147 439 658 380 97 172 492 547 292 231 272 614 109 371 414 26 251 330 278 195 597 655 113 296 219 145 315 321 471 120 262 146 324 341 157 347 539 302 663 93 471 234 331 144 326 208 120 552 66 149 362 311 514 537 210 204 409 327 99 135 303 35 338 660 406 298 193 120 268 434 254 129 557 336 153 128 349 217 666 563 345 508 288 633 491 284 486 249 332 307 332 112 161 354 597 615 64 249 588 283 656 333 314 276 231 500 309 34 298 654 604 40 228 260 178 237 654 197 568 508 327 301 361 149 596 334 151 398 548 164 459 142 232 520 634 560 258 625 266 123 551 141 110 482 207 100 101 490 315 349 564 229 119 83 546 600 473 99 64 234 142 535 604 465 198 257 187 303 288 623 630 167 349 372 305 387 506 48 152 323 424 194 421 289 474 91 572 516 227 516 95 169 565 386 51 321 285 454 163 142 615 494 145 418 60 233 239 87 172 308 11 540 454 385 100 244 345 568 112 39 354 118 182 25 116 264 68 33 427 74 274 300 257 356 135 490 551 345 527 395 261 535 426 292 523 313 565 95 299 248 105 600 409 274 658 201 245 42 341 583 142 90 463 212 150 352 73 29 175 228 189 223 441 628 560 460 220 187 292 654 603 134 181 275 139 432 100 189 110 72 491 119 611 594 147 474 346 607 591 276 258 230 425 490 499 455 618 134 192 578 652 550 288 218 284 291 145 479 478 146 377 253 49 279 297 316 349 302 243 472 287 258 110 63 194 180 521 543 101 128 130 555 455 33 103 154 49 274 562 235 472 490 669 32 65 588 245 181 153 228 475 408 119 332 173 465 216 359 102 81 252 639 113 310 281 293 126 103 87 60 326 36 130 117 77 202 380 18 352 179 554 335 163 160 53 282 602 160 650 463 491 236 103 181 135 271 513 270 89 387 80 503 362 262 355 368
126 775 565 37 190 134 137 202 713 522 359 679 79 105 779 570 287 186 736 652 788 390 480 514 465 348 606 88 68 244 657 655 824 315 117 187 204 504 333 128 802 738 112 483 815 164 511 248 77 305 656 209 0 589 770 30 283 585 300 105 817 132 371 368 196 78 550 443 135 10 604 777 243 342 609 243 95 670 203 143 439 183 241 635 89 625 821 582 133 149 680 729 472 108 371 798 279 552 602 234 80 459 71 271 780 820 321 97 420 291 108 132 649 326 471 254 495 150 57 138 724 166 860 140 642 111 515 334 490 184 270 744 243 229 550 191 693 710 166 320 220 138 245 150 499 226 516 832 600 112 16 97 88 628 79 133 739 520 350 121 495 164 828 743 512 697 144 804 644 104 689 116 533 451 506 138 362 161 779 766 152 51 712 450 798 219 133 120 384 698 128 213 127 830 788 247 57 461 292 84 837 66 747 665 127 110 523 115 767 136 350 549 719 81 647 332 426 710 800 729 53 813 318 275 738 68 274 661 381 211 301 644 107 149 760 74 115 269 720 729 654 295 183 94 131 717 803 621 329 141 60 139 459 790 790 247 541 530 476 574 666 249 119 464 606 156 607 117 665 204 700 694 272 666 143 373 692 580 227 164 478 632 369 90 804 677 273 590 167 442 209 284 359 450 211 713 637 560 144 64 530 755 107 211 165 102 335 208 316 123 217 196 596 161 115 104 96 507 76 664 715 494 710 546 72 706 607 429 701 496 734 248 116 41 228 784 600 433 848 367 95 221 175 763 347 125 615 377 152 550 137 205 307 97 361 361 618 806 727 634 61 271 439 831 786 341 370 421 287 606 266 368 121 261 670 139 778 786 169 616 517 789 770 127 117 410 584 619 652 602 796 283 51 753 838 733 79 209 91 102 163 655 652 87 557 450 161 72 468 511 542 111 34 664 174 432 310 259 184 73 694 707 160 90 302 727 627 188 118 273 252 76 745 153 651 659 829 189 211 759 386 63 57 409 628 579 227 182 335 666 295 555 311 264 101 816 96 444 418 422 328 174 251 260 128 201 323 185 247 393 562 201 158 36 700 528 149 302 188 170 747 125 835 646 662 70 107 320 272 444 691 414 198 550 142 661 161 217 537 529
708 202 24 608 415 722 452 604 134 67 230 137 652 681 205 155 445 756 181 138 202 203 239 166 142 249 22 677 521 390 89 89 242 380 565 411 386 92 273 714 214 178 482 107 294 439 81 508 513 290 136 434 589 0 192 599 349 142 339 663 269 717 348 229 739 662 38 161 481 584 63 232 514 259 52 346 506 99 724 703 205 417 374 49 499 139 233 234 461 606 174 177 158 653 236 241 327 115 143 424 658 139 638 327 223 232 357 686 261 302 667 720 108 347 337 335 118 738 560 706 187 727 351 454 80 656 143 296 110 643 326 231 371 361 146 740 143 138 457 271 696 726 352 569 200 400 122 249 182 699 573 497 672 186 659 561 189 144 296 557 95 651 239 185 94 188 709 220 56 602 279 670 226 138 115 543 299 666 224 181 492 602 180 152 223 764 719 692 208 243 714 407 708 254 233 401 632 241 297 650 276 610 185 76 715 699 74 475 187 725 302 41 143 583 155 297 236 200 213 149 641 270 314 321 209 536 329 121 229 381 341 56 687 736 269 640 544 351 149 183 125 339 497 546 573 170 314 33 260 684 597 717 150 204 201 345 166 62 134 142 78 434 473 127 112 456 133 698 179 389 159 138 344 82 450 309 155 177 389 739 197 105 318 561 267 148 317 68 438 332 672 351 268 139 424 142 129 89 533 646 142 218 487 465 753 536 258 455 332 684 491 421 57 438 688 692 669 82 540 105 129 95 171 44 659 130 108 161 145 149 151 352 702 629 364 234 160 161 307 234 660 398 756 202 328 511 30 223 441 205 490 460 282 647 245 228 91 236 143 88 559 324 149 255 231 343 261 168 520 75 338 489 536 452 125 551 191 262 581 58 99 231 204 695 677 209 17 100 65 34 225 312 545 182 285 187 659 416 679 690 580 106 98 565 111 228 458 657 141 197 176 699 615 189 717 180 336 372 427 596 127 122 430 542 305 150 77 431 478 316 431 665 193 666 116 87 240 430 392 179 203 593 551 214 41 62 362 753 264 249 306 190 376 353 668 242 518 149 172 171 328 536 354 377 717 415 310 403 362 248 118 452 746 553 121 176 597 289 418 711 169 469 280 132 94 644 497 270 319 167 138 174 395 52 458 72 686 696 127 68
884 17 216 786 604 902 632 757 58 253 414 104 837 866 16 229 586 928 59 139 46 392 344 278 306 439 171 858 702 581 113 115 56 522 732 598 569 284 440 897 99 49 667 295 145 612 273 654 696 465 132 597 770 192 0 782 509 210 496 836 100 900 476 419 905 840 228 328 669 766 166 82 660 430 161 527 682 100 886 890 347 591 541 159 681 169 81 277 639 768 133 66 304 824 428 68 497 227 194 582 834 331 823 516 58 73 502 867 391 479 853 900 126 491 427 518 276 918 736 892 90 897 199 631 128 827 267 453 280 801 500 126 538 546 241 907 87 60 647 457 888 906 527 731 308 565 259 64 222 878 754 675 849 200 836 726 66 263 446 724 285 813 91 51 258 128 881 39 149 791 242 842 304 325 266 708 443 856 61 115 658 787 228 320 167 929 896 866 386 192 891 574 884 62 66 560 809 356 482 824 91 784 43 124 897 878 248 659 9 906 450 232 51 754 156 455 371 125 54 43 823 106 506 496 99 713 500 116 393 559 497 150 871 918 164 815 713 515 50 210 128 497 657 733 738 77 190 162 444 853 772 892 312 42 77 532 258 242 295 218 118 586 656 316 175 644 183 875 157 566 211 83 535 144 628 445 217 235 556 912 319 144 453 733 111 114 497 180 611 435 828 509 424 327 588 57 149 212 697 824 255 90 665 622 933 707 435 614 484 856 644 590 173 613 863 873 844 269 714 107 69 283 89 235 838 64 172 350 77 284 42 525 880 810 542 74 206 337 137 404 834 565 931 43 470 680 176 394 626 277 660 619 464 820 412 411 156 47 51 137 745 512 335 63 65 484 415 353 656 165 509 606 704 599 107 716 41 124 740 199 253 59 33 868 850 367 192 231 144 196 36 488 728 23 107 74 843 606 859 869 739 118 119 736 220 354 628 839 303 298 264 879 798 167 884 341 489 534 616 769 76 74 609 715 473 43 143 600 655 498 583 846 63 831 126 111 101 598 565 16 387 767 727 369 164 191 543 926 436 228 496 262 520 519 842 50 692 339 361 361 477 695 525 537 898 584 467 585 531 396 218 613 927 733 143 274 759 467 590 878 142 654 99 141 107 820 672 450 497 328 86 359 572 221 634 126 875 853 243 242
131 788 575 61 191 130 152 231 725 533 369 693 56 85 792 587 314 194 751 667 800 398 501 532 479 355 617 83 83 241 669 668 836 340 147 191 214 512 350 115 811 752 117 492 832 184 520 277 86 319 671 233 30 599 782 0 304 601 321 123 832 118 395 375 211 86 561 457 131 24 617 792 272 357 621 255 118 682 222 118 456 201 261 645 102 641 832 602 151 178 697 743 488 130 376 812 297 567 619 259 92 467 45 276 794 830 344 90 440 305 81 128 663 349 495 265 508 144 86 115 739 178 878 158 654 131 531 354 502 211 286 761 263 238 567 205 707 723 161 329 191 134 261 180 517 249 531 844 618 112 41 117 94 646 90 163 754 537 370 151 504 190 838 757 525 714 156 815 654 76 709 134 553 461 520 167 383 131 794 774 179 21 716 463 804 233 133 132 396 717 129 235 132 843 802 270 74 481 302 101 852 92 761 675 117 108 534 124 779 128 370 559 732 110 663 351 445 727 811 742 47 828 318 290 754 94 291 676 397 225 322 653 89 137 778 92 145 289 733 734 669 315 212 78 160 732 821 632 339 160 88 146 473 802 800 254 558 542 489 591 676 275 126 473 621 154 623 123 682 220 705 707 273 675 160 395 696 598 247 171 496 647 391 120 820 692 285 603 188 466 234 306 378 460 235 726 653 574 174 75 547 770 127 238 159 131 348 234 338 138 245 218 609 180 126 98 109 517 104 677 726 504 725 555 77 718 622 438 715 512 745 265 117 35 243 799 617 446 864 381 112 242 178 777 369 153 624 391 159 569 163 232 318 118 376 372 632 820 739 648 48 277 450 844 801 364 388 431 317 619 283 397 150 288 684 169 789 803 198 623 531 804 784 139 133 426 594 624 661 611 809 297 54 767 853 748 61 206 89 101 193 668 665 117 572 469 185 58 482 530 560 109 17 681 191 447 331 280 183 102 707 718 175 119 319 739 640 210 137 284 278 74 759 176 665 672 838 212 230 771 397 92 84 426 637 592 240 190 349 685 300 574 335 284 116 829 123 453 427 430 349 203 269 282 119 223 343 197 266 412 578 227 150 55 708 546 179 315 208 188 755 131 850 661 675 86 131 332 286 459 705 425 214 562 162 671 132 241 553 541
383 511 329 289 197 406 159 255 455 285 148 410 360 387 516 293 114 421 468 380 535 194 197 238 209 184 361 366 223 231 398 396 565 70 224 182 138 284 79 410 559 471 209 255 536 120 285 164 223 83 385 88 283 349 509 304 0 310 17 331 543 414 105 193 397 342 313 188 238 282 346 504 169 95 354 109 188 412 378 422 163 105 44 398 206 351 571 299 154 260 405 460 205 317 215 527 44 283 327 75 334 254 349 166 510 568 55 376 136 85 384 404 383 54 200 116 237 423 237 419 451 390 579 147 383 320 243 56 240 294 69 466 43 137 275 399 426 449 235 149 464 410 70 222 218 58 250 573 320 381 267 187 351 349 337 217 469 248 67 215 268 304 579 475 258 421 375 546 405 342 405 335 250 227 245 199 79 414 509 529 150 316 508 197 572 420 397 362 152 416 392 70 383 566 517 52 311 178 130 321 566 281 480 422 407 383 276 197 508 414 67 314 460 250 372 54 146 434 547 472 335 538 233 69 464 218 51 395 121 101 19 405 390 429 479 313 205 21 458 520 385 12 149 286 230 447 521 380 135 345 270 388 201 536 543 146 263 287 218 299 420 88 198 244 337 222 334 373 388 99 492 428 205 431 146 92 485 300 57 407 199 366 90 227 528 406 100 331 116 170 323 4 85 229 80 452 366 297 188 326 257 481 177 116 437 202 109 106 34 351 142 87 340 125 359 380 342 273 215 402 463 263 439 311 342 447 338 215 435 225 478 61 382 324 91 512 323 191 571 118 330 63 427 496 69 174 378 129 181 268 155 111 116 314 104 152 353 540 473 372 281 156 212 567 516 69 94 196 186 344 47 198 196 111 403 207 524 508 233 392 259 519 504 363 344 143 339 411 413 372 530 77 256 490 565 462 362 225 365 373 232 391 390 231 289 168 125 355 211 230 263 384 316 386 375 171 27 25 210 265 433 456 138 211 54 468 367 97 167 112 85 354 475 322 384 403 582 95 78 501 170 265 231 140 390 321 106 419 95 383 179 274 62 25 338 552 192 234 206 219 46 188 50 28 406 82 42 134 45 115 292 104 434 249 470 249 250 98 96 369 518 201 563 375 404 320 176 116 88 184 425 192 103 301 142 417 425 348 267 282
692 208 147 596 440 713 449 551 166 143 249 106 657 686 214 20 378 731 161 72 245 248 134 72 133 292 133 671 519 433 117 115 265 314 533 431 394 183 251 713 283 166 490 171 231 422 171 446 515 283 79 397 585 142 210 601 310 0 295 640 234 716 267 276 704 649 142 152 502 582 86 194 452 245 100 351 493 128 683 715 147 402 346 171 499 42 283 92 452 566 96 153 115 627 295 218 306 44 18 380 643 216 644 357 201 278 295 680 183 298 677 711 87 285 222 344 108 730 544 715 142 699 280 445 106 630 71 254 126 596 315 160 344 375 35 707 122 155 485 297 731 717 341 528 98 367 78 273 41 688 568 488 659 56 645 525 161 65 243 524 170 610 293 169 107 113 684 249 170 622 149 645 99 188 95 508 238 691 200 269 460 609 312 149 323 727 705 671 217 129 700 378 691 262 208 358 618 147 315 630 257 590 175 170 711 690 119 481 211 720 247 149 167 559 63 256 166 126 256 182 637 229 373 311 154 523 311 94 204 376 295 171 690 733 181 622 515 319 161 310 82 298 455 563 538 140 227 149 277 654 579 697 136 244 263 365 49 126 123 10 163 381 479 190 40 478 26 682 81 381 291 127 387 196 442 238 289 36 362 717 112 71 246 537 219 99 321 75 419 227 623 310 227 192 389 156 60 61 496 633 55 171 478 419 744 511 257 412 281 660 439 395 88 424 668 686 651 152 522 111 185 161 131 149 649 157 44 211 133 90 188 337 690 626 359 203 22 173 263 222 639 369 737 189 263 484 163 213 451 73 464 417 292 624 225 249 68 234 187 88 569 351 189 262 207 276 217 201 447 74 319 397 506 392 103 515 235 201 536 199 93 211 198 672 654 175 125 242 176 175 225 305 548 188 255 154 662 451 671 680 536 98 101 540 42 146 433 656 129 88 54 690 615 83 683 156 287 335 453 574 139 178 426 520 283 174 92 404 467 324 377 659 167 630 85 125 299 403 374 206 229 573 537 175 166 80 364 729 253 118 344 56 313 323 647 247 499 211 218 227 273 492 334 337 711 389 267 406 339 195 34 412 740 549 233 64 556 290 399 677 273 479 253 69 121 628 481 278 317 146 123 207 387 108 444 166 708 648 52 117
399 497 320 306 212 422 176 265 443 276 147 396 378 405 503 278 115 436 454 366 523 193 180 223 198 187 351 383 240 244 386 384 552 62 239 197 153 277 75 427 548 457 226 248 521 137 278 170 240 87 371 102 300 339 496 321 17 295 0 346 528 431 89 195 410 358 304 178 255 300 334 489 175 91 342 122 205 399 391 439 149 122 61 388 223 337 559 282 171 273 390 446 192 332 217 512 53 269 312 87 351 250 366 176 495 555 43 392 120 92 402 420 370 39 184 127 225 439 254 436 437 404 563 165 371 335 229 43 230 306 79 451 60 150 260 413 412 436 251 153 481 426 84 235 202 75 237 559 304 397 284 204 367 333 353 231 455 234 51 230 261 317 567 461 247 406 390 533 395 360 388 350 233 221 233 213 61 431 495 519 165 334 501 187 562 434 413 377 147 400 408 87 399 553 502 64 327 161 137 337 552 297 466 411 424 400 266 214 495 431 50 306 447 265 357 42 130 419 534 460 352 523 241 78 449 234 61 381 111 117 3 395 408 446 463 329 220 37 445 512 371 9 162 303 243 433 504 369 137 359 286 404 190 523 531 158 248 277 207 285 409 95 215 238 323 238 319 389 372 116 484 415 216 421 164 75 478 284 74 422 183 352 72 243 513 392 110 318 133 153 335 16 72 223 95 439 352 284 202 343 243 466 194 127 453 218 108 119 17 366 151 104 328 142 375 397 358 264 232 389 452 255 425 302 359 435 324 211 422 212 465 76 398 341 106 498 307 183 556 112 346 80 443 481 52 190 369 122 198 252 171 124 121 330 97 151 340 526 460 359 299 166 206 553 501 54 81 191 189 332 60 192 211 115 390 221 512 493 245 384 248 505 490 378 359 131 329 405 403 363 517 85 273 476 550 448 379 239 381 390 244 378 377 247 275 152 141 372 200 214 247 400 333 370 389 160 10 42 225 281 420 444 155 227 55 455 355 113 184 121 92 371 460 336 370 391 570 112 95 488 167 281 248 128 380 309 120 434 92 366 187 258 54 41 353 538 209 230 202 216 29 200 65 42 423 99 29 150 62 100 278 118 450 267 461 233 263 103 113 383 508 219 548 361 391 336 193 118 97 173 411 187 120 290 159 406 443 359 253 272
58 839 641 70 287 93 217 151 781 597 435 740 129 134 844 624 296 93 798 710 859 471 523 569 531 434 679 83 159 344 724 722 892 342 110 282 288 583 396 121 877 801 208 559 866 225 589 238 172 374 715 245 105 663 836 123 331 640 346 0 874 127 400 453 91 48 625 509 238 115 671 834 232 407 677 321 159 737 99 176 494 246 295 711 179 682 893 624 204 100 736 790 533 18 460 857 340 612 658 265 37 541 134 360 840 891 355 89 464 361 157 91 712 362 494 333 560 109 105 164 782 65 907 211 709 16 573 386 559 111 338 797 298 314 606 86 755 776 269 402 286 95 311 127 548 273 578 899 650 71 113 170 49 679 41 122 799 578 398 119 572 84 901 805 580 752 46 872 720 195 728 11 576 528 570 137 405 228 839 843 181 141 798 517 879 115 77 32 456 744 73 263 58 895 847 284 49 505 373 22 897 55 809 739 111 79 593 208 834 112 395 625 786 82 703 384 476 765 870 798 90 869 415 342 795 130 336 724 443 284 346 719 129 130 808 32 126 321 786 815 715 342 194 199 111 777 848 696 406 37 67 59 524 860 863 333 594 603 541 630 739 271 213 542 666 257 665 51 718 275 786 757 368 743 216 412 777 630 280 76 529 695 406 104 859 737 348 656 226 467 124 331 414 528 251 779 697 624 149 51 587 812 179 230 119 129 405 233 360 21 221 246 664 226 31 86 24 582 124 729 786 570 769 621 60 773 668 508 764 555 802 312 67 95 300 843 653 504 902 432 12 272 97 825 385 156 691 443 244 596 176 228 383 17 424 438 681 869 797 699 166 358 515 895 846 375 424 496 269 671 327 357 135 272 732 132 848 839 134 696 583 849 833 32 14 470 656 704 728 680 859 352 154 818 895 793 117 310 73 71 130 719 717 100 618 498 208 103 534 560 593 79 111 716 69 495 354 305 283 67 760 778 237 122 363 794 693 237 187 351 274 77 805 61 713 727 902 238 272 827 462 71 116 468 704 645 304 90 401 708 385 604 340 318 13 880 145 524 496 503 370 165 311 304 107 252 373 266 305 446 622 230 122 131 779 579 107 375 246 65 827 221 893 705 729 37 167 394 345 508 754 490 269 621 205 735 218 124 596 600
925 83 292 829 663 946 680 781 143 321 470 142 888 917 84 250 605 964 88 165 135 456 358 305 355 504 248 904 750 647 180 181 105 544 767 656 622 357 483 945 187 92 719 363 52 655 345 674 746 513 161 630 817 269 100 832 543 234 528 874 0 948 492 485 936 882 300 377 727 814 225 40 680 475 226 579 726 170 914 944 380 635 580 247 730 192 155 270 684 798 138 94 345 860 497 32 538 265 216 612 876 403 875 577 48 146 526 913 413 528 907 944 174 517 426 571 326 963 778 945 93 932 100 677 192 863 302 488 336 827 547 84 577 601 268 939 130 134 707 516 952 950 572 761 328 601 301 108 227 921 800 720 892 200 878 758 82 297 477 758 354 842 163 85 312 122 918 111 237 848 199 878 310 390 313 741 470 916 46 212 693 839 328 371 258 959 939 905 440 155 934 612 925 78 37 591 852 374 538 864 35 823 86 213 944 923 309 710 108 952 480 306 132 792 171 490 398 111 136 134 870 10 577 542 79 756 543 160 435 607 528 238 921 965 100 856 748 553 123 309 165 531 687 790 771 103 105 243 500 887 812 931 360 129 168 589 280 307 344 244 206 613 709 384 211 703 210 916 157 613 311 133 601 238 674 468 316 246 595 950 345 188 475 770 23 140 549 235 653 440 852 543 460 393 623 129 179 260 729 867 287 62 710 651 977 745 485 645 514 894 669 628 234 657 902 918 884 337 756 167 163 350 108 308 882 143 211 415 126 321 136 569 923 858 589 35 221 391 39 451 873 603 970 69 494 717 260 441 679 285 698 649 518 857 456 469 204 60 146 192 798 571 396 76 39 506 450 413 670 219 552 609 739 621 152 748 135 49 768 289 304 42 72 906 887 407 264 325 234 281 67 535 779 95 22 86 893 670 904 913 768 171 176 774 260 378 667 888 351 316 282 923 847 161 916 385 520 568 676 808 142 166 657 754 515 128 202 638 700 551 609 891 77 862 169 183 175 637 607 115 446 807 770 408 250 248 593 962 483 198 560 274 543 557 881 72 733 408 424 428 505 724 567 570 944 622 501 636 572 428 255 645 973 781 242 295 788 518 632 910 241 707 23 171 176 861 714 503 547 373 134 419 619 284 677 215 934 878 280 304
81 905 693 128 307 45 268 277 843 651 487 810 68 42 910 702 405 131 867 783 918 516 611 646 596 472 735 51 198 352 787 785 954 441 218 308 331 630 465 6 929 869 235 610 947 296 638 355 204 436 787 336 132 717 900 118 414 716 431 127 948 0 498 492 175 85 679 574 244 134 735 908 349 473 739 373 226 800 202 62 571 314 373 763 219 756 950 713 265 224 812 860 604 144 493 929 411 683 734 360 97 585 82 394 911 948 449 42 550 422 70 46 780 455 597 383 626 45 178 48 855 137 992 272 772 143 647 466 620 238 402 876 375 356 682 165 824 840 273 447 180 47 376 245 630 357 647 962 732 58 148 229 79 760 93 233 870 652 481 226 622 211 956 874 642 829 122 933 772 142 819 134 664 579 637 245 492 133 911 892 275 117 831 581 922 187 64 106 514 830 65 344 82 961 919 375 112 592 420 118 968 147 878 793 18 48 652 242 897 25 481 677 849 180 779 463 558 842 929 859 79 944 432 406 870 196 406 793 513 342 431 771 34 21 892 119 227 400 851 850 785 425 300 182 225 848 934 750 457 153 154 95 590 920 918 372 673 659 607 706 794 372 244 591 738 269 739 82 797 336 821 825 388 793 275 503 813 712 358 110 610 763 498 199 936 809 403 721 299 568 248 415 491 578 339 844 769 691 255 96 662 886 239 332 56 220 465 331 447 123 331 327 727 292 102 42 103 635 201 794 844 622 841 673 78 836 738 556 832 627 863 380 63 91 359 916 732 563 979 498 118 351 101 894 476 247 742 508 276 682 263 328 436 137 492 490 749 937 857 765 161 395 568 962 918 469 502 549 389 736 398 476 235 380 801 243 907 918 255 741 648 920 901 113 124 541 712 741 779 728 927 414 172 884 969 865 58 318 57 56 251 786 783 196 689 581 290 61 599 643 674 49 102 796 165 563 440 389 298 165 825 836 291 209 434 857 758 318 250 402 375 62 876 186 782 789 956 319 343 889 515 160 183 541 755 709 357 127 466 797 417 687 438 396 114 947 223 570 545 548 458 279 383 390 23 332 455 315 379 525 694 326 42 168 826 660 230 433 319 165 872 248 966 777 792 109 238 450 403 576 822 543 330 680 273 789 113 242 669 659
456 475 333 371 301 484 258 290 429 293 208 373 451 476 481 248 113 484 427 339 509 250 134 199 210 258 354 448 317 333 374 372 532 57 290 286 242 306 136 493 542 433 310 276 477 215 303 182 320 164 345 163 371 348 476 395 105 267 89 400 492 498 0 260 451 420 318 197 342 372 326 455 188 150 337 210 278 387 426 513 143 205 146 395 303 309 547 228 250 312 356 419 190 384 284 481 140 254 283 138 411 292 441 261 466 542 52 458 88 173 477 481 351 51 100 215 230 501 320 509 405 452 513 245 360 387 214 94 242 337 166 410 146 239 235 455 389 420 340 228 565 487 173 277 169 149 230 540 265 458 356 280 429 292 414 278 426 217 76 281 287 354 556 435 254 371 440 515 400 441 330 402 183 256 233 262 61 512 464 519 224 410 522 206 568 472 472 432 194 350 468 163 455 528 471 125 389 120 219 395 520 356 441 411 489 462 276 298 477 495 68 321 431 323 326 96 112 382 521 445 421 485 322 164 414 304 148 360 145 205 87 400 478 511 415 388 275 125 427 529 349 98 206 387 290 406 453 373 208 406 347 458 202 509 523 245 218 289 216 258 407 129 299 273 302 326 293 447 336 203 503 394 301 427 245 41 498 246 156 474 159 333 34 301 474 365 195 310 211 70 361 101 105 260 161 421 327 275 251 405 224 431 271 170 514 279 174 168 75 418 182 179 322 222 430 461 415 285 298 373 443 279 396 318 423 420 305 255 400 202 451 165 458 411 195 465 274 212 515 159 401 159 496 455 42 251 377 165 285 207 236 172 198 383 143 211 325 500 448 345 378 251 242 528 470 36 104 232 180 321 149 142 267 131 369 268 499 452 280 400 249 475 464 431 412 148 334 429 408 377 492 169 351 455 514 419 451 329 445 452 281 361 362 305 260 124 210 442 210 179 213 462 405 331 431 176 80 121 314 339 403 435 240 290 134 439 344 186 261 206 125 436 432 377 350 380 561 184 180 471 219 341 316 142 387 304 210 483 156 312 269 219 61 130 409 513 276 272 248 265 64 238 154 117 488 175 90 238 150 106 260 173 513 340 468 202 303 181 193 426 514 304 514 335 379 396 265 191 183 186 390 230 207 296 236 406 522 386 238 281
491 427 205 391 187 501 236 425 361 166 52 343 426 455 431 270 307 545 398 326 431 29 248 226 145 20 248 455 300 163 309 307 471 255 366 184 165 139 125 490 438 397 258 124 497 235 148 352 291 110 327 255 368 229 419 375 193 276 195 453 485 492 260 0 535 444 191 129 253 362 260 445 356 110 260 133 294 321 526 475 176 214 193 272 279 306 461 324 249 413 361 392 172 445 26 460 152 233 291 257 442 92 412 99 442 460 234 464 213 111 439 500 311 225 317 120 168 517 347 478 394 517 551 242 295 448 212 168 153 454 136 427 190 139 248 534 355 362 228 52 469 506 157 378 235 221 199 478 309 480 353 282 454 331 442 366 403 218 184 359 134 456 466 403 175 378 498 449 282 373 418 461 282 95 181 350 200 437 442 400 298 376 346 130 430 560 500 478 76 405 495 222 492 481 451 236 416 232 81 436 498 398 405 304 492 478 175 252 415 502 192 188 369 375 330 166 194 392 442 377 419 483 96 133 412 323 149 325 124 173 197 281 461 512 455 426 345 182 373 362 322 189 317 317 378 382 502 261 59 478 385 502 144 433 428 121 251 178 154 268 307 277 249 103 280 227 290 482 353 182 333 353 116 301 237 221 325 290 204 525 213 298 227 356 477 347 112 250 236 294 486 197 155 92 244 366 312 229 341 428 227 426 274 293 532 332 88 280 199 473 322 231 251 231 474 471 454 150 329 320 358 137 378 185 440 356 279 70 360 194 380 161 483 406 158 450 297 105 521 104 447 213 540 422 220 311 252 102 216 282 291 284 81 437 118 49 281 461 372 293 332 97 89 482 449 233 160 75 378 266 157 386 337 302 332 358 420 465 395 249 186 450 426 482 466 142 228 252 289 237 450 122 321 407 504 399 434 187 458 470 392 314 309 359 237 211 261 433 149 244 258 479 391 357 512 136 198 206 198 387 348 350 216 336 140 376 283 239 266 105 274 444 408 466 316 309 466 239 196 407 53 382 337 147 265 237 151 541 105 388 77 277 248 182 455 468 310 80 61 58 204 353 169 213 494 225 176 186 179 170 245 272 524 332 334 246 404 97 221 507 380 244 499 319 314 428 287 77 120 141 351 70 188 201 251 301 457 508 225 181
96 907 717 160 376 129 301 168 852 673 513 807 204 199 913 687 340 54 864 776 931 552 581 632 603 517 753 150 248 434 794 792 961 395 174 370 372 662 467 169 952 868 297 637 925 302 667 274 261 449 781 309 196 739 905 211 397 704 410 91 936 175 451 535 0 127 701 581 329 205 742 898 267 480 749 402 242 808 35 235 559 324 366 788 267 746 966 678 287 139 799 856 601 93 544 922 412 679 722 325 120 622 213 446 905 963 411 151 523 438 227 128 780 420 539 415 632 136 191 221 846 38 963 293 779 90 639 452 632 117 414 857 369 398 670 10 822 846 359 484 352 128 388 176 609 341 647 969 710 122 204 255 122 738 122 180 865 644 461 182 650 96 974 871 652 814 57 942 795 278 780 80 632 606 641 197 466 299 904 920 248 227 881 590 957 25 111 81 532 800 111 333 95 963 912 346 139 563 455 112 961 142 876 814 157 132 667 297 904 151 457 701 856 160 766 451 538 826 942 868 171 931 503 418 857 215 410 791 514 364 409 795 192 166 865 122 195 390 855 896 782 408 250 288 167 843 903 771 486 58 154 80 596 932 937 418 656 677 613 694 813 324 301 621 733 348 729 99 780 355 867 825 456 820 298 469 859 691 351 67 592 762 462 180 920 802 428 727 302 514 105 396 481 606 317 848 762 693 208 136 653 875 263 285 136 204 481 292 423 74 269 318 735 305 87 144 102 658 207 798 858 647 834 698 138 844 735 587 832 622 873 387 116 179 379 907 715 578 963 506 100 342 85 892 443 228 767 517 332 654 249 287 462 102 495 517 750 936 868 769 256 443 592 963 911 431 490 574 294 741 401 381 203 319 800 190 920 899 170 775 654 915 900 73 79 539 731 785 803 758 927 428 245 886 958 858 190 400 139 130 170 788 786 177 685 559 281 178 605 621 655 131 197 777 23 566 417 371 373 150 829 851 320 200 435 864 764 308 270 432 328 151 870 74 781 799 976 309 347 897 541 156 203 536 780 716 385 56 475 762 471 664 395 388 95 948 225 604 576 584 431 213 385 369 151 324 439 350 377 511 688 293 147 221 857 641 148 453 321 29 905 310 957 771 800 126 248 473 423 579 822 568 349 694 285 809 284 86 663 674
48 844 639 54 268 64 210 193 783 595 432 746 81 86 849 633 322 109 804 718 860 465 538 578 534 424 678 36 144 322 727 725 895 362 134 265 279 578 400 79 875 806 190 556 878 228 585 270 154 374 722 259 78 662 840 86 342 649 358 48 882 85 420 444 127 0 623 512 213 86 674 842 264 410 679 316 157 740 143 129 502 248 303 709 165 690 894 639 201 140 745 796 539 63 449 864 344 618 667 282 13 535 87 348 847 892 372 44 477 361 109 62 717 379 517 328 564 82 105 117 790 92 921 208 712 63 580 396 560 158 339 807 305 304 614 120 761 780 244 395 238 68 313 160 560 283 583 902 662 39 92 165 10 690 8 149 806 586 409 142 569 131 901 811 582 762 71 874 718 151 745 58 590 524 574 162 419 180 846 840 196 101 789 519 873 148 57 46 455 758 52 272 48 899 855 299 31 519 366 33 904 64 815 738 72 43 594 193 837 76 408 622 789 97 712 393 487 774 872 800 45 878 397 344 803 127 340 729 448 281 358 717 82 93 821 34 145 330 790 806 721 353 217 164 140 784 862 694 402 83 73 61 528 862 863 323 604 602 544 639 738 292 196 538 673 235 673 39 729 274 777 762 351 740 212 428 769 642 287 86 540 700 422 118 868 744 345 660 230 489 172 342 422 524 264 783 704 628 172 16 595 820 175 251 95 141 405 252 373 55 248 255 666 226 40 44 26 580 127 733 787 567 777 619 12 776 674 503 769 562 805 315 41 53 299 851 663 504 912 435 37 280 97 831 401 169 688 446 229 610 187 248 380 54 428 434 686 875 798 703 133 347 512 900 853 393 433 494 304 675 331 391 153 297 738 159 849 849 170 691 587 856 838 54 52 476 656 695 725 676 864 352 129 823 904 800 69 287 28 32 166 724 721 115 624 510 217 55 537 572 604 43 71 727 109 500 367 316 262 82 764 779 232 131 368 797 697 245 185 347 295 29 812 110 719 730 902 247 276 830 459 79 112 475 701 648 299 104 403 723 373 616 359 326 37 885 150 519 492 497 384 194 316 316 69 261 383 259 310 455 629 247 93 112 775 590 145 374 251 106 822 203 901 712 732 24 168 392 343 512 759 488 268 621 206 734 169 172 603 600
670 237 16 570 377 684 414 568 170 29 192 163 614 643 241 150 412 718 212 157 240 165 217 148 109 211 57 639 482 353 120 119 279 347 528 373 347 57 236 676 252 210 444 68 321 401 45 474 475 252 155 398 550 38 228 561 313 142 304 625 300 679 318 191 701 623 0 126 443 546 80 262 479 222 75 307 468 132 686 665 175 379 337 86 461 150 271 228 423 569 193 207 129 615 200 273 290 105 147 389 620 103 600 289 255 270 324 647 233 264 629 682 132 313 316 297 89 700 522 668 214 689 378 416 108 618 124 262 76 606 288 255 334 323 136 702 171 172 420 232 659 688 314 532 181 363 100 286 183 661 535 458 633 193 621 524 219 126 262 519 57 614 278 216 66 209 671 258 94 564 287 632 213 100 89 506 267 628 256 218 454 564 205 117 258 726 680 654 170 257 675 370 670 290 265 365 594 217 259 611 310 572 217 115 677 660 43 437 224 687 269 7 178 545 169 262 207 222 251 185 603 300 279 284 235 498 292 145 193 343 306 94 648 697 290 602 507 314 183 211 146 303 461 508 536 199 336 71 222 646 559 679 117 242 239 307 154 29 102 139 116 399 434 89 121 418 140 660 195 350 185 168 307 119 411 278 180 174 351 700 174 124 287 524 296 172 279 77 400 308 636 315 233 101 388 176 145 82 495 607 127 246 449 429 715 498 220 419 297 646 455 384 72 400 650 654 631 44 501 134 166 56 198 8 621 165 118 123 175 125 188 314 664 590 326 265 162 123 338 197 622 360 718 235 296 473 66 186 402 195 453 424 244 609 209 189 108 271 181 111 521 286 111 291 263 311 227 130 487 90 301 460 498 418 151 514 229 289 545 82 75 263 237 656 639 176 37 115 102 59 260 274 507 217 317 216 621 379 641 651 543 131 125 527 104 202 421 618 108 180 165 661 577 203 679 146 301 336 389 558 159 159 392 504 268 185 100 393 440 277 396 627 224 629 138 119 278 393 354 215 164 555 512 180 78 66 324 715 226 256 269 181 343 316 630 277 480 111 134 134 294 500 317 341 678 378 275 365 325 215 112 415 708 514 157 162 560 251 381 673 205 431 312 150 125 605 459 231 281 134 167 136 357 35 420 111 648 660 113 38
557 332 142 458 288 574 305 443 272 99 97 236 512 541 337 143 286 602 294 212 350 103 129 97 22 143 173 531 375 281 215 213 383 221 408 280 246 110 114 570 371 296 343 80 381 285 107 347 370 138 215 274 443 161 328 457 188 152 178 509 377 574 197 129 581 512 126 0 352 439 162 336 353 102 168 202 354 228 564 568 63 264 215 210 355 188 385 195 311 446 244 287 43 497 151 356 170 113 169 263 507 106 499 205 338 382 198 540 118 152 530 572 206 187 217 194 52 591 408 568 284 571 432 304 200 501 84 135 52 482 173 310 212 225 121 583 250 268 333 144 579 578 199 409 109 241 76 391 181 550 426 347 522 205 509 402 297 90 136 399 91 491 393 300 71 262 554 363 217 472 290 515 155 67 63 384 142 541 338 341 333 463 328 9 384 605 569 539 64 280 564 249 557 388 346 240 482 119 163 497 395 456 304 233 570 551 87 334 326 579 143 128 278 428 211 136 92 275 362 289 496 373 225 168 300 385 173 219 68 232 180 217 545 591 333 488 387 191 278 337 212 178 337 414 415 275 379 191 125 527 444 564 17 351 356 213 122 99 33 143 232 273 332 81 166 327 171 547 233 239 310 251 235 243 300 156 304 162 231 585 88 190 164 406 366 237 172 148 283 201 512 190 107 72 265 271 198 117 374 496 100 315 337 304 606 380 109 294 171 530 330 264 155 286 535 546 517 89 387 221 277 83 269 125 510 264 166 78 258 65 293 197 552 484 215 343 172 26 410 77 507 239 603 321 170 354 191 66 303 153 334 299 141 493 86 96 175 363 288 192 421 198 57 388 344 186 101 59 361 163 182 339 379 292 227 392 339 350 421 207 75 347 327 541 523 50 151 233 225 186 353 160 403 311 397 292 518 299 531 541 419 212 209 409 117 98 302 513 25 116 129 551 472 235 559 21 175 212 302 442 252 269 282 387 146 285 185 274 327 175 270 518 303 508 209 218 395 272 237 318 78 440 399 55 202 137 217 599 109 260 193 148 217 194 514 373 365 89 79 94 168 376 198 216 571 258 149 260 205 91 124 291 600 407 282 116 437 141 263 553 330 331 394 206 221 492 344 127 171 14 249 62 245 113 306 229 558 536 101 94
260 676 457 169 66 260 90 290 611 417 257 586 176 204 681 490 295 321 643 563 683 278 420 437 373 233 500 214 86 110 557 556 722 295 201 72 110 392 257 242 691 643 45 375 733 137 401 287 72 222 566 202 135 481 669 131 238 502 255 238 727 244 342 253 329 213 443 352 0 127 506 687 285 260 509 153 120 570 332 222 364 140 196 525 75 539 714 519 107 249 595 636 388 238 251 705 214 464 519 226 215 345 162 154 687 713 290 221 362 206 187 259 555 291 438 158 402 274 147 226 635 301 782 109 543 240 432 275 392 292 195 661 196 127 469 324 599 611 31 212 231 265 175 231 429 197 428 729 525 243 125 104 222 552 214 212 647 438 295 199 386 279 719 649 416 613 279 701 535 121 625 249 470 344 414 205 311 189 687 652 180 127 588 357 680 353 263 256 288 625 259 184 261 731 696 226 192 400 189 218 744 190 651 557 246 239 422 55 666 257 298 441 619 184 563 272 361 626 694 628 177 725 188 199 651 129 206 568 301 139 256 534 211 264 683 207 185 218 622 607 563 247 218 64 217 625 728 514 228 272 178 274 368 686 681 139 464 427 384 492 559 249 51 355 517 26 522 251 583 139 578 599 145 554 106 328 569 505 187 298 406 540 327 176 717 587 182 494 142 408 322 241 292 343 196 615 549 467 204 199 448 667 106 227 289 165 245 216 271 257 248 172 498 128 250 229 231 401 143 567 610 388 619 437 205 605 517 320 606 412 631 182 247 165 153 693 520 336 761 281 229 186 308 669 306 167 505 289 57 482 160 216 210 227 281 259 524 709 624 538 84 158 335 732 694 306 303 317 328 510 201 390 184 272 576 211 672 702 253 501 423 696 674 262 251 330 479 499 542 490 698 202 85 655 747 642 186 76 220 232 248 559 555 176 469 385 159 187 377 441 468 239 148 585 307 346 265 221 55 187 596 602 103 160 232 626 530 169 109 178 251 204 652 277 558 559 719 170 162 658 283 178 136 331 518 481 143 317 251 598 176 484 288 214 236 718 141 333 309 310 283 233 191 226 249 174 268 105 193 326 475 205 279 108 586 453 245 213 154 302 631 42 744 557 563 205 125 225 187 357 597 311 135 449 124 553 206 336 451 428
134 771 561 47 183 139 134 210 709 518 354 675 78 105 776 568 290 195 733 649 784 384 480 512 461 342 601 93 64 236 653 651 820 317 124 181 199 498 331 131 797 735 105 478 813 163 506 253 71 302 653 210 10 584 766 24 282 582 300 115 814 134 372 362 205 86 546 439 127 0 600 774 248 339 605 239 95 666 213 141 437 181 240 630 85 622 817 581 131 158 678 726 469 118 365 794 277 549 600 235 88 454 68 265 777 815 322 102 419 287 105 138 645 327 472 249 491 155 62 137 721 175 858 138 638 120 512 333 486 193 267 742 242 224 548 200 689 706 157 315 214 144 242 158 497 226 513 828 599 119 17 96 95 627 88 140 736 518 349 128 490 173 823 740 508 695 153 800 639 96 688 126 532 446 503 144 361 155 776 761 155 44 705 446 792 229 139 129 380 697 134 213 134 827 785 247 66 460 287 93 834 75 743 661 131 116 519 110 763 141 349 544 715 89 645 330 425 708 796 725 57 810 311 272 736 70 271 658 379 207 300 639 108 152 758 83 121 268 717 723 651 294 188 84 138 714 801 617 324 151 69 147 456 786 785 241 539 526 472 572 661 251 113 459 603 148 605 125 663 201 694 690 265 661 141 373 686 578 226 172 476 629 369 96 801 674 269 587 166 443 218 284 358 445 212 710 635 557 150 72 528 752 106 214 170 106 331 210 316 132 221 196 593 159 123 109 105 502 80 660 711 490 707 541 79 702 604 424 698 493 730 245 123 44 225 781 598 429 845 363 105 220 183 760 347 129 610 373 146 549 139 208 302 107 358 357 614 803 723 631 51 265 435 827 783 342 368 416 292 602 264 373 126 264 667 146 773 784 176 610 514 786 766 136 126 407 579 613 647 597 792 279 43 750 835 730 80 201 96 108 171 651 648 94 554 448 162 74 465 510 540 117 33 662 184 429 309 259 176 82 691 703 157 95 300 723 624 188 116 269 254 82 742 163 648 655 824 189 209 755 381 72 60 407 623 575 223 191 331 664 289 554 312 263 110 812 99 439 413 417 328 180 249 260 132 201 322 181 245 392 559 203 162 33 695 526 158 299 187 180 742 119 832 643 658 79 108 316 269 441 688 410 195 546 141 656 157 226 534 525
719 171 77 620 441 736 467 598 110 97 249 84 672 701 175 102 431 763 138 77 189 232 203 129 140 279 49 692 536 423 53 51 221 366 568 435 404 135 275 731 216 137 502 138 242 447 122 497 531 300 75 433 604 63 166 617 346 86 334 671 225 735 326 260 742 674 80 162 506 600 0 185 503 264 14 362 517 66 724 726 188 426 377 86 516 76 225 178 473 606 113 132 142 659 272 200 331 73 82 420 669 179 658 353 182 222 344 701 238 313 689 734 52 334 299 353 111 753 570 727 136 733 298 466 38 662 112 291 115 640 335 175 374 381 99 743 94 106 485 294 728 740 361 568 164 401 97 228 123 712 588 509 684 124 671 562 143 110 286 560 130 650 233 143 92 129 716 201 85 627 215 677 180 165 101 545 285 694 182 194 494 622 227 155 245 766 731 701 221 180 726 410 719 226 191 398 644 210 318 659 238 618 145 88 732 713 85 494 164 741 291 87 116 589 92 292 215 142 201 127 657 224 352 330 156 547 335 66 228 394 335 85 706 753 210 650 548 351 116 225 66 335 495 570 575 122 256 63 279 689 606 726 147 190 199 368 121 82 130 88 82 427 491 159 50 481 71 709 117 400 205 93 376 111 462 291 203 122 392 747 168 44 299 568 219 92 332 16 446 298 668 347 262 168 425 109 67 51 533 658 104 168 499 461 767 542 269 452 323 692 484 425 9 448 697 707 679 112 549 60 118 125 119 88 672 102 46 190 100 125 132 360 714 645 376 190 100 171 261 239 669 400 766 163 313 516 78 228 461 155 495 457 299 655 247 247 28 203 127 33 580 349 172 227 189 328 253 190 504 12 344 464 540 442 73 552 178 210 578 116 88 190 168 703 685 203 49 160 91 93 192 322 563 150 243 139 678 446 693 703 578 54 49 571 67 202 463 674 137 157 130 713 632 126 720 176 328 371 454 604 90 111 444 549 308 123 23 435 489 333 423 680 148 668 58 57 237 434 399 156 223 602 562 206 80 26 377 761 271 186 336 139 363 354 676 212 527 183 200 204 317 534 360 374 732 419 305 420 366 235 70 450 762 568 150 134 596 302 425 714 193 489 239 70 58 654 506 285 332 163 91 196 407 59 468 83 712 693 89 79
885 65 254 789 623 906 640 743 111 282 430 102 848 876 70 211 568 925 51 125 125 417 320 266 314 464 210 864 710 608 143 143 109 506 727 615 582 319 443 905 179 57 679 323 67 615 306 636 706 473 121 591 777 232 82 792 504 194 489 834 40 908 455 445 898 842 262 336 687 774 185 0 643 435 187 539 685 133 876 904 340 595 540 213 690 152 153 236 644 759 99 55 304 821 458 30 498 225 176 573 836 364 834 536 25 144 488 873 375 487 866 904 134 478 392 531 285 923 738 904 53 893 124 637 154 824 262 448 295 789 506 55 538 561 229 901 91 100 667 476 912 910 532 722 289 561 261 114 190 881 760 680 852 163 838 719 43 257 437 718 315 803 163 49 272 84 879 107 204 808 176 839 273 350 273 702 432 876 22 197 654 799 306 330 248 921 899 865 399 128 894 572 885 89 21 552 812 336 498 824 65 784 53 181 904 883 270 670 90 912 441 267 101 753 131 450 359 74 129 106 830 38 537 502 41 716 503 120 395 567 489 205 881 925 86 816 709 513 90 289 124 492 648 750 732 64 109 207 459 848 772 891 320 120 158 548 242 268 304 204 173 574 668 345 171 662 170 876 119 572 288 94 561 208 634 430 292 209 555 911 306 148 437 731 36 100 508 195 613 405 815 504 421 353 583 95 139 220 690 827 247 24 670 613 937 705 445 606 475 854 631 589 194 617 862 878 844 297 716 128 135 310 68 270 842 110 171 375 87 281 110 529 883 818 549 12 182 351 76 411 833 563 930 41 456 678 225 401 639 248 658 611 477 818 416 428 164 61 119 153 757 531 356 87 22 468 411 373 634 179 511 575 700 583 113 709 122 42 729 256 264 29 49 866 848 367 226 294 202 246 61 495 739 69 61 46 853 629 864 873 729 131 137 734 220 339 627 848 311 278 243 883 806 125 877 345 481 529 636 768 106 137 617 714 475 99 163 598 660 511 570 851 39 824 129 146 174 597 567 95 405 767 730 368 215 208 553 923 443 169 520 236 505 517 841 77 693 368 384 389 466 685 527 531 904 583 461 595 532 389 214 606 933 741 217 256 750 478 592 871 223 667 59 131 138 821 674 463 506 333 95 379 579 244 637 182 893 840 240 264
290 660 495 226 282 323 198 102 610 451 315 558 318 338 666 434 75 306 614 525 691 361 322 382 372 343 524 298 218 338 554 552 716 138 131 268 238 452 248 343 719 619 241 423 665 158 453 7 228 247 531 105 243 514 660 272 169 452 175 232 680 349 188 356 267 264 479 353 285 248 503 643 0 264 513 238 172 567 240 381 315 169 163 563 216 495 728 416 179 134 544 605 361 214 374 669 204 434 470 99 253 423 313 300 653 724 159 307 269 244 349 321 534 169 272 251 398 340 186 373 593 274 700 179 539 217 394 218 404 151 220 599 166 254 420 272 574 602 300 306 462 326 203 105 354 136 406 724 453 299 232 185 271 480 257 116 613 397 219 125 436 171 736 621 421 559 266 698 569 339 515 231 371 396 404 106 218 403 652 692 105 292 677 362 737 287 309 263 321 538 304 139 289 714 659 120 237 307 281 233 707 202 627 584 336 305 440 230 660 339 212 481 614 171 513 217 289 570 702 627 280 674 371 223 602 182 207 544 287 204 174 569 337 357 603 230 128 175 610 688 533 178 67 300 124 592 640 543 297 229 197 288 364 691 702 272 403 452 380 443 581 81 234 413 485 284 479 282 524 195 660 578 331 596 183 215 653 434 154 300 341 516 207 155 663 551 248 487 153 249 173 167 246 398 116 604 512 453 99 253 405 619 181 67 351 142 276 81 182 247 39 137 498 167 263 308 252 440 170 555 621 431 583 478 271 602 488 384 584 379 633 197 297 274 210 653 461 358 704 287 237 146 323 641 191 125 543 297 242 396 126 78 275 217 272 319 506 686 629 526 277 292 381 714 658 176 252 365 45 500 199 127 122 62 553 107 680 640 100 559 419 662 650 260 242 304 502 580 577 538 678 234 247 640 702 606 314 316 292 295 102 543 543 158 441 306 129 301 373 366 400 305 276 519 250 334 178 151 290 185 585 614 196 154 221 621 523 133 176 258 84 287 619 196 534 559 740 132 170 654 338 191 189 300 555 479 224 305 263 499 321 407 140 174 243 699 157 403 374 387 186 71 187 144 333 140 204 218 177 268 442 91 353 225 635 388 126 259 155 244 683 243 702 521 559 240 163 279 237 346 574 361 193 464 163 579 404 198 418 446
454 434 238 356 201 472 205 347 374 194 59 337 413 441 439 232 206 499 395 310 452 104 166 177 124 108 273 429 275 210 317 315 485 148 306 190 151 189 16 470 472 397 245 161 476 182 191 259 271 38 314 176 342 259 430 357 95 245 91 407 475 473 150 110 480 410 222 102 260 339 264 435 264 0 270 107 252 331 464 470 105 162 115 308 255 284 487 261 209 347 340 387 131 395 135 456 68 210 262 169 404 160 400 131 438 484 126 438 116 54 432 470 307 116 216 102 154 489 306 470 382 469 524 202 302 399 174 58 152 384 71 405 111 134 211 481 351 370 246 83 491 476 97 310 170 141 174 493 266 448 325 245 420 293 406 302 397 180 74 298 174 392 494 401 173 357 452 465 316 378 365 413 213 132 165 284 90 448 438 440 232 365 414 110 480 504 467 436 57 365 462 148 454 490 446 146 379 147 84 394 495 354 405 334 469 449 187 236 428 478 82 223 380 325 307 56 106 370 464 391 395 472 179 67 397 283 70 320 41 132 93 315 446 490 424 385 286 93 380 426 312 87 239 319 314 375 469 291 60 426 342 462 118 453 457 128 204 197 135 235 333 183 235 149 264 237 266 445 326 137 397 352 170 341 199 112 390 245 129 483 147 291 117 304 463 336 78 250 181 189 414 98 48 134 165 373 296 219 273 394 190 414 236 209 504 278 25 197 91 427 236 162 257 183 433 444 414 180 284 323 379 170 368 219 408 367 265 121 360 155 396 95 450 383 114 443 262 99 507 26 404 138 501 422 110 252 288 37 207 223 232 202 59 390 21 62 276 465 390 294 324 122 118 490 445 123 55 101 280 265 80 278 277 205 328 292 441 446 323 299 177 447 429 438 421 70 251 316 324 280 455 60 304 413 496 392 418 219 430 439 321 314 311 307 216 129 200 413 127 182 208 450 371 326 458 90 92 115 215 339 354 371 182 285 46 387 287 172 225 84 180 417 403 407 310 321 496 171 135 420 76 337 297 71 300 239 119 497 9 338 130 224 142 94 412 475 262 139 111 125 95 278 96 121 469 156 67 161 103 73 221 193 498 306 379 193 338 49 161 452 427 234 493 304 323 390 242 47 73 103 350 97 144 214 204 329 464 438 196 194
724 168 69 625 443 741 471 607 104 95 252 88 675 704 172 116 441 770 138 86 182 232 216 142 146 280 36 697 541 423 49 47 216 376 575 437 408 131 282 736 206 137 505 137 246 453 119 507 535 305 84 441 609 52 161 621 354 100 342 677 226 739 337 260 749 679 75 168 509 605 14 187 513 270 0 366 522 62 731 729 197 432 383 71 520 88 217 192 478 613 122 133 151 666 271 200 338 86 96 428 674 177 662 355 182 214 354 706 249 318 692 739 58 343 312 356 117 758 576 730 140 739 303 471 35 669 123 299 119 648 340 181 380 385 113 750 96 102 486 296 729 745 367 576 176 408 107 223 137 717 593 514 689 137 676 570 145 121 294 567 128 658 225 143 97 137 723 195 71 630 228 683 193 166 109 552 295 696 182 182 501 626 213 160 232 773 736 707 225 191 731 417 724 223 191 406 649 222 321 665 238 624 145 75 736 718 87 497 159 745 300 81 111 596 103 300 225 149 193 121 661 226 351 336 160 553 341 71 235 398 343 71 709 757 218 655 555 358 113 211 73 343 503 572 582 124 263 49 282 695 612 732 153 183 189 370 134 82 136 102 70 435 495 158 64 483 85 715 127 405 191 93 377 98 467 301 189 136 399 753 179 53 310 574 222 98 336 28 451 311 677 355 270 168 432 106 77 62 541 663 116 172 504 469 772 549 274 460 332 698 493 432 15 453 703 712 684 111 555 60 110 124 123 83 677 97 60 191 101 135 125 365 720 649 381 191 114 175 263 245 675 407 771 162 323 522 65 234 464 169 502 465 303 661 254 250 40 201 120 37 583 351 174 224 190 338 262 192 514 26 350 475 546 451 76 560 171 214 587 102 95 190 166 709 691 211 40 147 78 81 190 327 567 147 244 142 682 447 698 708 586 57 50 577 80 214 470 678 144 170 143 718 636 137 727 183 337 378 456 610 88 102 448 556 315 118 26 442 495 337 432 685 150 675 65 51 229 440 405 151 226 608 567 214 66 33 382 767 276 198 337 153 373 361 682 209 533 182 201 203 326 542 366 382 737 426 313 424 373 244 83 458 766 572 137 147 604 306 431 721 180 492 239 80 54 660 512 289 336 170 93 198 412 59 474 71 714 701 101 81
363 533 323 263 97 376 107 296 470 279 115 439 310 339 537 338 208 414 496 414 545 150 269 284 224 116 363 332 175 123 414 413 582 178 233 84 44 262 105 370 559 498 140 240 582 102 269 236 169 69 418 133 243 346 527 255 109 351 122 321 579 373 210 133 402 316 307 202 153 239 362 539 238 107 366 0 162 427 392 365 212 81 82 393 154 389 578 367 117 280 445 489 236 312 145 558 70 314 368 143 313 220 296 62 540 576 164 340 213 53 328 374 408 161 299 13 254 393 216 366 486 386 631 110 399 316 280 128 247 322 46 510 80 30 317 402 452 468 140 81 384 381 41 247 276 104 278 589 373 354 227 152 326 399 314 234 500 286 149 226 252 323 585 503 270 462 367 561 401 271 472 329 318 208 266 217 167 341 540 524 167 261 478 209 558 428 373 348 141 472 368 99 363 588 548 128 287 249 52 306 597 267 506 422 370 353 280 132 525 380 154 306 477 243 412 125 209 476 557 487 296 576 134 49 502 192 62 421 148 40 124 401 344 391 531 296 212 89 478 494 415 113 190 213 245 477 576 378 86 345 254 372 219 547 547 37 311 287 235 341 423 167 130 222 368 131 371 353 432 49 465 453 98 424 106 187 457 352 86 395 253 392 187 223 568 439 30 348 104 269 354 113 141 208 122 471 400 320 209 300 296 518 143 172 408 199 94 158 136 342 202 104 354 98 344 347 325 264 197 422 472 251 471 303 313 463 368 187 460 261 491 49 356 283 28 546 368 191 612 129 317 93 411 523 170 178 372 138 101 329 158 162 64 306 128 118 377 565 484 393 219 54 196 589 547 175 152 178 269 364 62 301 204 195 430 226 534 552 264 375 276 549 529 351 335 177 340 383 409 360 554 50 201 512 599 494 316 120 333 344 261 414 410 226 319 233 130 312 228 288 315 354 270 433 380 195 130 105 111 255 452 464 85 203 83 484 385 110 134 30 166 320 505 333 411 417 586 110 69 517 143 250 206 179 385 337 18 411 98 445 83 331 170 85 324 574 178 203 176 182 147 224 61 112 371 99 125 58 70 174 325 149 401 207 459 300 272 61 90 374 507 128 596 408 420 299 155 77 35 206 451 171 55 307 118 418 357 376 301 286
202 686 483 104 143 220 60 171 626 439 276 589 173 200 691 477 200 251 646 561 703 312 386 422 377 275 522 179 46 204 569 568 737 222 85 133 131 424 243 221 720 649 76 401 722 71 430 175 56 217 565 116 95 506 682 118 188 493 205 159 726 226 278 294 242 157 468 354 120 95 517 685 172 252 522 162 0 583 235 236 346 91 147 554 45 533 737 488 46 135 588 639 381 150 302 707 187 461 510 141 152 383 163 204 690 735 226 188 325 204 199 218 559 232 377 175 406 237 54 232 633 223 766 52 554 154 423 241 403 179 182 651 149 156 458 240 603 622 143 243 297 224 155 112 405 132 426 745 507 196 79 17 167 535 154 93 649 429 255 81 414 172 744 653 425 605 204 717 562 172 594 167 438 370 417 85 267 240 689 685 68 133 640 362 720 267 214 186 299 604 209 118 202 742 697 152 127 366 214 144 747 104 658 582 219 197 437 68 680 227 255 467 632 82 555 238 332 618 715 643 146 721 265 186 647 31 183 572 291 125 206 562 202 241 666 134 66 175 632 656 564 200 106 128 101 627 709 538 248 184 92 211 370 705 706 176 448 446 387 482 582 159 73 384 516 127 516 193 572 117 627 605 218 585 57 278 619 486 132 233 385 543 274 65 712 587 190 502 73 348 210 190 266 370 117 626 547 471 84 142 439 663 21 125 252 47 248 119 222 180 138 101 509 69 182 193 163 424 35 576 630 412 619 463 156 619 517 349 612 405 647 157 198 135 142 693 507 347 756 278 154 126 250 674 252 48 533 288 97 456 48 117 225 143 270 279 529 717 641 546 108 201 357 743 696 246 277 338 216 517 174 289 64 175 580 92 692 693 134 537 429 699 681 189 173 319 499 545 570 522 707 195 78 665 747 643 174 173 178 187 129 566 564 67 467 356 67 166 379 417 449 198 128 571 219 342 215 164 144 93 606 622 78 45 210 639 539 93 29 193 161 166 654 176 561 573 746 94 119 672 304 88 45 318 546 491 145 248 246 571 229 462 217 170 162 728 22 366 338 345 233 114 159 165 219 107 229 108 154 300 471 110 247 63 621 435 129 217 94 213 669 83 744 555 575 138 13 236 187 355 602 332 111 465 49 578 247 228 446 444
785 106 122 686 505 802 533 663 44 155 314 51 737 766 110 147 494 830 82 74 124 293 259 188 206 341 78 758 602 484 13 15 155 429 635 499 469 188 342 797 156 79 567 197 197 513 177 561 596 366 67 499 670 99 100 682 412 128 399 737 170 800 387 321 808 740 132 228 570 666 66 133 567 331 62 427 583 0 790 791 252 492 443 84 581 96 161 212 539 671 97 79 207 725 331 142 398 133 116 486 735 235 723 416 124 157 408 767 300 379 754 800 42 398 350 418 177 819 636 792 93 799 255 532 29 729 173 356 180 705 401 140 440 446 153 810 48 41 548 358 790 806 428 634 220 467 162 162 154 778 654 575 750 142 737 628 91 170 350 626 188 716 169 86 158 106 783 134 76 691 218 743 227 227 167 611 349 757 125 141 560 688 206 221 196 832 797 767 286 172 792 476 785 161 134 463 710 269 382 725 178 685 86 59 797 779 148 559 97 806 356 136 49 656 96 358 278 114 135 61 723 171 410 397 114 613 401 44 294 459 400 77 771 818 181 716 615 417 52 197 56 400 561 634 641 74 223 74 344 755 673 793 213 124 137 432 173 143 196 135 50 492 557 218 88 545 104 775 113 466 185 41 437 90 528 354 186 161 458 813 228 57 362 634 169 67 398 81 512 353 733 413 327 229 491 45 76 115 599 724 163 122 565 527 833 608 335 518 389 758 549 492 74 514 763 773 745 171 615 19 57 184 77 139 738 36 84 252 47 188 66 426 781 711 442 135 133 237 208 305 735 467 832 103 377 582 92 294 526 200 562 523 364 721 314 312 62 140 62 42 645 412 235 162 132 391 319 253 566 68 410 522 606 506 41 618 113 166 644 126 154 132 106 769 751 269 95 168 76 113 129 388 629 86 186 90 743 508 759 769 643 32 27 637 127 263 529 740 204 212 180 779 698 125 786 242 393 437 517 670 28 50 510 616 374 57 44 501 555 398 488 746 95 734 48 13 174 500 466 90 287 668 628 272 84 92 443 827 337 193 398 184 427 421 743 148 593 242 262 264 382 599 426 440 798 485 370 485 433 300 127 516 828 634 117 188 662 368 491 780 149 554 181 71 8 721 573 351 398 229 43 260 473 121 534 57 776 758 150 142
121 888 702 166 374 158 295 139 833 658 501 786 224 222 893 665 314 88 843 755 913 541 558 612 585 508 737 171 248 433 776 774 942 372 160 367 365 649 451 196 935 848 297 623 902 291 653 247 262 435 760 290 203 724 886 222 378 683 391 99 914 202 426 526 35 143 686 564 332 213 724 876 240 464 731 392 235 790 0 260 540 312 350 772 265 725 949 654 279 118 777 835 582 95 536 901 396 660 701 304 133 610 230 439 884 945 388 173 501 425 249 156 760 398 512 405 614 166 188 247 825 67 938 285 761 92 620 433 616 89 400 834 353 390 649 44 802 827 361 473 376 157 375 156 587 323 628 950 688 146 209 250 140 716 137 163 844 624 441 168 636 73 957 851 635 792 80 923 780 293 754 88 608 592 623 180 445 321 883 904 232 240 869 573 944 48 138 101 517 776 137 316 120 943 891 326 148 540 444 121 940 142 856 798 184 156 651 295 885 179 437 686 838 154 745 432 517 804 924 850 187 908 499 404 836 211 395 771 497 353 390 780 215 196 841 130 181 373 836 884 761 389 229 297 150 823 878 755 474 62 154 107 578 914 920 411 635 662 595 673 796 302 300 608 713 349 708 122 758 344 855 805 452 805 290 447 847 668 335 98 571 743 439 171 898 781 416 708 290 488 72 377 462 593 300 829 742 675 191 149 633 853 256 264 168 194 467 272 402 88 245 302 717 294 106 167 117 644 201 779 841 633 814 683 155 825 715 574 812 603 855 374 140 193 368 885 694 563 940 490 111 326 118 871 421 215 752 501 329 631 236 267 451 106 479 504 731 916 850 750 264 436 578 943 890 408 471 560 264 722 385 350 189 295 780 172 902 876 147 761 637 894 880 92 91 521 715 773 788 743 907 415 249 867 936 837 210 400 160 152 147 768 767 168 666 537 267 197 588 598 633 156 210 754 37 548 397 353 372 146 810 833 312 191 419 845 745 293 263 421 306 170 850 59 761 781 959 294 334 878 528 154 200 518 764 699 375 90 460 738 464 641 371 371 107 928 217 592 563 572 410 191 370 350 179 309 419 342 361 491 669 274 178 224 842 620 127 440 308 37 891 309 935 750 782 136 240 460 410 561 802 555 338 677 275 793 307 52 643 657
140 897 679 154 288 107 267 320 832 638 477 804 63 44 901 701 429 193 861 779 905 500 618 646 590 455 722 94 199 325 777 776 943 458 250 292 322 614 464 66 913 862 225 597 946 302 623 386 201 432 783 351 143 703 890 118 422 715 439 176 944 62 513 475 235 129 665 568 222 141 726 904 381 470 729 365 236 791 260 0 572 318 379 747 218 754 936 719 268 266 810 854 601 192 473 923 412 679 732 376 141 567 73 377 905 935 462 88 557 417 38 107 773 467 613 374 619 106 198 14 851 197 993 275 763 191 645 471 611 286 400 875 380 344 681 225 817 831 249 433 118 109 375 280 634 367 643 951 734 114 158 235 127 761 137 266 865 650 487 256 608 260 942 867 634 827 180 922 757 105 826 185 670 566 631 275 500 74 905 874 295 106 807 574 901 249 124 161 506 833 124 353 140 952 914 388 147 598 408 162 963 181 871 779 78 104 642 234 887 87 488 663 840 210 777 468 562 840 916 849 101 941 406 404 867 211 406 786 511 339 440 756 47 77 893 160 254 406 842 827 780 433 325 158 260 843 937 736 447 207 184 154 584 907 903 359 673 648 600 705 781 392 236 577 733 248 736 138 796 335 798 818 365 776 277 513 789 713 365 171 612 757 509 226 933 804 396 713 306 584 300 423 494 564 353 835 765 685 283 134 660 883 245 354 115 243 459 351 456 177 358 336 718 297 156 93 152 622 219 786 832 609 837 659 118 826 733 542 825 625 852 380 120 107 356 911 732 555 977 494 165 360 163 888 488 268 727 503 265 686 279 348 427 182 490 479 742 929 845 757 146 379 556 953 912 482 504 537 423 729 399 507 260 403 795 274 894 916 294 723 641 914 893 169 176 540 700 719 764 712 918 410 167 875 965 859 67 293 104 109 289 778 775 223 685 586 303 80 593 646 675 105 109 796 223 559 449 398 277 197 816 824 290 231 434 847 749 328 255 394 395 100 870 237 776 779 941 330 347 879 503 190 199 540 740 701 351 189 462 802 398 690 453 401 164 938 239 555 531 533 467 310 385 400 84 341 460 309 383 528 690 344 100 173 808 661 270 426 326 223 853 237 961 773 783 149 249 441 398 571 815 531 329 670 280 775 52 297 666 648
545 348 190 449 306 566 305 411 295 152 131 247 513 541 354 131 244 585 305 217 375 154 71 76 70 185 212 525 374 311 239 237 403 178 388 295 255 170 108 567 404 308 348 141 376 275 165 309 371 143 222 251 439 205 347 456 163 147 149 494 380 571 143 176 559 502 175 63 364 437 188 340 315 105 197 212 346 252 540 572 0 256 200 253 354 188 413 157 306 422 243 296 47 481 201 364 160 120 164 235 496 168 500 231 346 408 157 534 58 158 534 564 221 146 154 207 87 583 398 571 288 553 422 299 224 484 80 108 101 454 172 305 197 238 112 562 263 288 350 175 595 570 196 384 65 221 90 411 162 542 422 342 512 190 498 380 306 85 99 379 151 466 421 312 111 259 538 384 258 481 261 499 110 130 91 362 98 552 346 378 314 466 380 70 426 583 559 525 101 262 554 232 545 404 354 213 472 58 185 484 403 443 317 270 565 543 133 338 346 573 104 179 299 412 209 110 31 272 387 312 492 375 266 168 301 376 166 232 65 232 150 257 545 587 322 475 369 173 297 387 222 152 310 423 393 284 366 231 152 508 432 551 63 376 386 232 102 146 74 137 266 240 337 144 174 342 171 535 226 237 361 266 267 285 296 105 356 142 215 570 42 203 113 390 366 243 183 172 273 139 482 164 80 134 243 290 203 137 351 487 94 318 332 276 598 365 123 268 137 514 297 248 182 278 522 539 504 145 376 241 306 142 276 176 502 287 175 138 272 63 318 192 543 480 216 349 161 86 409 87 493 223 590 332 125 337 235 82 311 118 318 273 160 477 84 132 191 377 314 211 426 223 118 404 352 141 70 116 317 184 173 285 360 254 241 370 365 347 393 257 106 356 340 526 507 37 191 288 266 234 367 163 404 327 402 299 516 322 524 533 393 229 229 394 126 36 286 511 69 77 104 544 470 225 538 45 143 189 320 427 271 298 282 374 137 307 208 258 321 189 236 512 311 485 221 244 425 256 228 340 123 427 391 34 245 164 222 582 114 234 225 119 176 177 500 389 353 151 136 153 130 348 188 191 565 242 121 264 192 49 129 267 593 403 325 90 412 153 252 532 372 337 400 212 244 481 335 146 177 49 262 118 243 153 298 265 567 507 104 138
293 595 395 194 117 311 54 216 536 350 189 498 258 285 600 387 159 339 556 470 613 229 300 332 286 197 432 269 119 169 479 477 647 155 153 101 69 338 152 311 630 558 105 313 633 22 343 168 118 127 474 68 183 417 591 201 105 402 122 246 635 314 205 214 324 248 379 264 140 181 426 595 169 162 432 81 91 492 312 318 256 0 61 465 101 443 647 401 50 199 498 548 291 236 226 616 97 370 420 88 243 298 246 137 599 645 152 278 239 115 281 309 469 155 303 95 316 328 144 316 542 310 678 43 464 239 333 153 313 241 92 562 62 88 368 324 512 532 144 162 360 315 65 165 316 58 335 654 418 287 166 85 258 446 245 152 558 338 169 145 326 242 654 562 334 515 292 626 473 238 508 253 352 282 326 136 183 309 598 597 86 212 557 271 634 349 305 275 209 516 300 44 293 651 607 86 218 280 133 233 656 193 567 493 309 288 347 93 589 317 170 378 541 166 465 150 244 528 625 552 235 631 207 96 556 122 92 481 200 42 123 473 289 331 577 224 131 88 541 572 473 115 112 182 164 536 620 449 162 268 181 301 279 614 617 108 358 356 296 392 492 113 95 297 425 129 425 283 482 32 543 514 164 497 42 197 535 397 49 322 295 452 194 145 622 496 104 411 22 273 273 107 177 282 59 535 456 380 127 232 348 573 75 102 343 120 159 89 139 267 130 35 419 22 272 283 253 336 123 485 540 324 529 375 247 528 426 263 521 314 557 66 289 224 56 603 417 257 665 187 243 46 340 583 173 97 444 198 85 368 77 91 138 230 180 192 438 626 551 455 176 131 269 652 605 170 187 250 206 426 83 255 124 139 490 145 602 603 183 451 338 608 590 278 260 228 410 461 481 434 616 105 151 574 656 552 261 150 269 278 180 475 473 148 376 268 49 254 289 329 359 288 214 482 301 251 132 84 126 179 516 532 37 125 120 549 449 35 65 109 114 256 564 253 471 482 656 37 29 582 217 176 136 227 457 400 64 336 155 484 161 373 149 83 251 637 101 280 252 260 151 144 68 87 309 35 142 50 65 211 381 78 338 147 533 345 191 129 15 296 581 100 653 464 484 228 80 149 99 264 511 244 27 374 42 488 320 294 355 354
345 544 353 249 159 366 115 235 486 308 157 445 318 345 549 331 126 387 503 416 565 201 239 275 237 181 388 326 179 200 429 427 597 102 192 143 100 301 102 369 586 506 165 274 575 77 305 160 179 88 421 63 241 374 541 261 44 346 61 295 580 373 146 193 366 303 337 215 196 240 377 540 163 115 383 82 147 443 350 379 200 61 0 423 162 388 601 341 111 232 442 495 238 283 212 563 47 317 364 64 296 267 306 144 545 597 95 335 179 82 341 364 417 95 243 92 266 384 198 376 488 356 619 104 414 286 278 93 266 270 58 505 3 106 312 367 460 481 195 143 420 370 42 195 258 28 283 605 360 342 225 144 312 388 298 187 504 283 109 183 287 277 608 510 287 459 340 577 430 298 448 301 292 244 276 169 122 370 545 555 118 273 525 224 594 390 359 325 169 457 354 33 345 600 553 46 272 219 119 284 602 244 514 448 366 343 302 153 540 374 109 337 492 213 409 91 185 472 577 503 293 575 214 61 501 177 47 429 149 62 62 430 348 388 519 276 172 28 491 538 420 54 126 242 199 482 562 405 135 312 232 352 230 566 571 119 301 312 247 336 447 87 154 261 371 181 370 336 426 58 509 462 180 455 103 136 502 339 15 371 238 400 133 192 566 442 86 362 74 213 301 46 120 246 52 484 402 329 159 287 293 518 134 100 398 166 120 87 78 315 129 49 370 82 322 340 304 294 176 434 493 284 475 334 303 479 373 229 469 260 508 35 343 282 57 548 361 213 609 140 293 24 391 530 112 139 402 151 139 309 119 91 113 279 130 160 386 574 503 404 237 135 230 600 551 111 130 213 190 376 37 219 163 114 437 178 554 547 209 413 289 555 538 327 309 175 365 428 438 394 564 72 212 523 601 498 320 189 325 334 207 424 422 195 323 209 87 313 239 270 302 344 274 424 344 201 71 26 171 228 465 485 95 174 69 499 399 58 124 96 85 313 510 293 418 433 611 57 34 532 182 227 191 173 415 351 73 384 111 424 162 314 95 23 301 585 153 247 218 230 90 165 25 33 366 43 82 93 14 153 327 80 394 207 493 288 223 98 53 338 541 158 599 411 435 281 135 118 75 214 459 208 61 328 100 444 381 324 302 308
755 172 70 655 459 769 499 653 105 115 277 132 697 726 174 187 494 804 162 145 161 247 281 207 191 292 42 724 567 430 80 81 204 429 614 456 432 133 322 760 167 157 528 153 279 487 125 557 559 338 141 483 635 49 159 645 398 171 388 711 247 763 395 272 788 709 86 210 525 630 86 213 563 308 71 393 554 84 772 747 253 465 423 0 546 156 189 264 508 655 176 161 205 701 277 216 376 153 167 474 705 180 683 371 199 188 406 732 308 350 711 767 111 395 379 382 166 785 608 750 176 775 337 502 79 704 186 346 159 692 374 224 420 407 182 788 132 113 500 316 736 773 400 618 242 449 166 210 208 746 620 544 719 205 707 610 172 186 345 605 141 700 194 164 143 188 757 182 10 645 292 718 263 184 162 592 348 708 201 132 540 647 141 201 174 812 766 740 256 250 761 456 755 220 210 450 680 286 343 697 248 657 162 35 761 745 123 521 153 771 351 87 115 631 166 346 283 197 171 117 687 250 352 370 198 584 378 120 278 428 390 10 732 782 264 688 593 400 124 140 129 388 547 589 622 157 306 23 307 732 645 764 199 164 156 390 203 111 183 174 41 483 518 171 134 499 155 746 188 436 119 125 385 33 497 357 118 207 437 786 242 116 366 610 249 147 364 98 486 376 721 400 317 185 473 119 141 127 581 693 183 204 535 515 800 584 306 504 381 732 540 470 84 486 736 739 717 129 587 97 91 142 161 90 706 104 130 207 130 194 117 400 749 675 411 213 185 209 286 283 708 446 803 178 376 559 21 272 486 240 539 509 329 695 295 275 108 206 108 95 604 368 197 221 208 392 310 215 569 97 387 536 585 501 121 600 151 248 630 43 146 206 177 742 725 258 61 84 17 37 194 360 591 154 260 172 705 458 726 737 629 104 96 613 148 274 507 703 190 238 213 746 661 199 765 229 385 421 470 644 108 85 477 590 354 120 86 480 525 362 480 712 175 715 119 73 194 479 441 144 250 641 598 263 8 98 410 801 312 264 349 224 425 402 715 209 566 192 218 215 377 585 403 426 763 464 359 450 411 296 153 501 793 599 73 216 646 336 467 759 120 514 254 140 82 691 545 317 367 216 126 221 443 100 506 33 728 746 167 117
213 686 476 113 109 223 50 215 624 433 269 591 158 187 691 485 237 268 649 565 699 300 401 430 377 259 517 178 21 168 568 566 735 250 126 103 114 414 248 216 712 650 33 393 730 88 421 218 17 217 569 147 89 499 681 102 206 499 223 179 730 219 303 279 267 165 461 355 75 85 516 690 216 255 520 154 45 581 265 218 354 101 162 546 0 538 732 502 52 175 594 641 385 175 284 710 195 465 516 172 163 370 146 183 692 730 251 186 340 203 180 221 561 254 402 164 406 239 77 216 637 244 776 59 553 177 429 253 401 218 184 659 164 140 464 264 605 621 100 231 263 227 158 156 416 154 429 743 517 201 74 31 175 544 164 137 652 434 270 124 405 208 739 655 423 611 223 715 555 138 609 188 452 361 418 130 284 210 692 676 110 111 624 362 709 292 221 202 295 615 216 140 213 742 700 179 138 381 203 160 750 126 659 576 216 200 434 30 678 226 271 459 631 113 561 250 344 625 711 641 142 726 236 188 652 56 189 574 295 123 224 554 191 237 676 150 110 189 632 641 567 216 149 88 142 629 720 532 239 209 113 224 371 701 700 158 456 441 387 489 576 193 34 375 519 85 521 203 580 118 612 606 189 577 60 298 604 496 149 247 395 545 295 102 718 590 184 502 92 372 249 208 276 361 144 625 551 472 129 149 444 668 36 163 254 90 246 155 240 199 180 124 508 81 197 193 177 417 69 575 626 405 623 456 161 617 520 339 613 409 645 163 204 129 141 697 515 344 761 279 172 145 262 675 273 93 525 289 66 468 90 154 217 165 274 272 530 718 638 546 76 182 350 742 699 270 287 331 260 517 181 329 109 212 582 136 688 700 177 526 429 701 682 206 192 324 494 530 562 513 707 195 50 665 751 646 163 135 180 191 172 567 564 103 470 368 98 159 380 429 458 200 117 579 244 345 233 184 107 119 606 618 73 85 217 638 539 117 44 184 195 166 657 208 563 570 739 119 129 670 297 112 65 324 538 490 138 265 247 584 208 472 244 184 179 728 66 355 328 333 252 159 167 186 217 128 243 96 165 310 475 145 247 53 611 444 170 214 110 239 658 44 748 559 573 151 53 231 184 357 603 325 112 461 67 572 220 264 450 440
733 166 150 637 476 753 489 594 130 158 284 65 697 725 172 61 420 773 119 31 206 278 175 114 167 324 124 712 558 466 88 86 224 357 575 468 432 199 291 753 247 124 529 193 194 462 186 488 554 322 37 439 625 139 169 641 351 42 337 682 192 756 309 306 746 690 150 188 539 622 76 152 495 284 88 389 533 96 725 754 188 443 388 156 538 0 245 117 492 608 56 110 153 669 323 176 346 75 25 422 684 238 684 392 159 239 338 721 225 337 716 751 53 328 260 382 139 771 585 754 100 741 245 485 80 672 110 296 154 639 355 122 385 412 76 749 81 117 521 331 767 758 380 571 140 409 112 232 58 729 608 528 700 50 686 567 119 104 285 566 189 652 254 127 132 74 726 208 153 659 140 687 136 214 126 550 280 728 158 237 502 648 294 183 292 769 747 713 252 107 741 420 733 220 166 400 659 189 351 672 215 631 133 146 752 730 138 520 171 760 289 157 129 600 24 298 208 87 217 144 678 188 402 350 114 564 351 56 244 415 337 153 729 773 149 663 557 361 122 288 43 340 497 601 580 98 195 136 313 696 620 739 171 205 226 401 91 141 156 52 138 424 518 213 29 515 18 723 47 421 272 87 420 175 482 280 272 67 403 758 154 41 288 578 179 57 359 73 460 266 665 351 268 218 431 117 21 79 538 674 95 130 518 461 785 553 295 454 324 702 481 436 82 465 710 726 692 170 563 78 151 181 88 158 690 120 32 239 92 129 151 377 731 666 398 161 38 206 223 260 681 411 778 147 305 525 152 251 490 109 506 459 329 665 264 283 49 192 151 62 607 386 217 220 165 319 258 232 489 63 359 437 548 434 64 557 196 163 578 190 120 169 156 714 695 215 124 235 157 169 183 344 588 147 214 112 701 486 711 721 578 64 70 582 71 189 474 696 163 130 95 731 655 54 725 194 329 377 489 616 101 145 466 562 323 136 70 446 508 362 420 699 124 672 48 97 261 444 415 166 261 615 578 216 152 84 402 770 292 110 378 93 355 364 689 205 541 236 246 254 315 534 375 379 752 430 309 445 380 236 64 454 780 589 209 106 599 328 439 720 244 517 211 28 91 669 522 314 356 183 83 238 427 119 485 143 745 690 88 134
940 92 257 840 648 955 685 823 118 299 463 180 885 914 86 303 655 986 140 215 38 435 417 348 364 481 216 910 753 619 174 176 50 590 793 644 618 322 499 947 39 130 715 340 206 669 313 722 746 520 208 658 821 233 81 832 571 283 559 893 155 950 547 461 966 894 271 385 714 817 225 153 728 487 217 578 737 161 949 936 413 647 601 189 732 245 0 356 693 831 214 147 368 882 465 129 555 294 269 646 889 369 871 559 128 9 569 918 461 533 900 953 197 559 504 568 335 971 791 938 171 956 251 686 189 885 334 516 335 865 556 204 598 594 312 968 164 128 689 504 924 959 582 793 380 626 322 50 300 932 806 729 904 280 891 787 147 331 511 784 328 876 10 132 314 209 939 46 179 834 322 900 380 371 326 769 510 897 131 80 718 835 201 377 109 990 951 923 439 272 946 634 940 79 133 623 864 428 530 880 129 840 124 157 948 931 300 708 76 958 516 273 116 812 234 517 439 206 28 102 874 164 541 551 178 768 557 189 452 613 560 180 920 969 239 871 772 576 123 178 202 560 720 778 800 158 257 200 493 912 828 948 371 40 35 578 331 291 354 292 156 652 706 359 246 688 257 930 238 620 191 158 574 162 681 514 199 312 616 969 389 214 522 791 174 192 549 241 668 510 894 572 487 372 649 128 224 275 758 878 324 167 719 687 986 765 489 677 549 914 709 649 232 669 919 925 900 315 770 174 108 328 170 277 891 127 243 394 153 349 96 581 934 861 595 143 283 390 183 461 891 624 987 121 537 739 209 450 674 353 719 682 515 877 471 460 223 95 99 202 792 557 382 82 132 552 479 401 727 228 567 680 764 666 181 777 49 193 804 219 312 125 109 925 907 428 238 238 172 225 92 542 778 104 151 155 892 647 912 922 803 187 185 794 288 424 687 890 361 371 337 932 848 248 944 400 554 596 659 826 145 116 662 772 532 109 205 659 709 548 648 898 143 893 199 169 21 658 621 79 436 823 782 431 196 250 595 983 492 309 538 338 588 579 898 83 749 381 405 403 543 759 582 599 949 643 530 636 590 461 287 675 979 785 140 346 821 520 648 938 112 702 142 217 169 875 728 502 551 387 162 407 626 273 689 161 917 918 310 294
678 271 236 588 462 703 453 517 245 223 285 177 659 686 277 79 341 711 220 143 318 297 102 99 182 336 225 665 520 467 204 202 329 283 514 451 409 261 262 709 362 228 499 242 250 418 249 409 519 298 150 380 582 234 277 602 299 92 282 624 270 713 228 324 678 639 228 195 519 581 178 236 416 261 192 367 488 212 654 719 157 401 341 264 502 117 356 0 451 540 144 212 152 609 346 265 308 123 98 359 631 284 647 388 252 349 269 674 163 314 682 701 170 261 155 363 169 721 536 717 193 678 285 445 194 612 119 249 191 565 325 187 339 394 93 682 192 231 506 330 750 707 346 504 92 357 140 336 59 678 566 486 648 77 634 504 216 113 232 505 244 582 366 229 178 154 666 316 262 634 107 627 50 249 158 487 221 705 250 353 444 614 404 196 409 700 694 655 252 122 689 369 678 319 255 341 608 122 342 617 301 577 236 260 706 681 197 489 280 713 233 235 243 545 122 252 159 163 328 258 634 262 418 321 196 517 315 172 222 383 282 263 689 728 188 610 498 314 234 401 159 288 431 576 516 200 225 241 308 632 567 682 182 316 341 389 79 207 176 91 252 355 488 257 130 497 111 669 121 387 383 200 423 287 443 212 381 57 355 699 115 156 218 523 250 164 339 167 415 170 589 298 227 254 375 230 137 147 476 624 107 213 476 395 734 498 280 391 266 643 410 386 180 423 653 679 637 228 513 194 267 234 188 235 641 235 134 269 204 132 265 341 679 623 367 247 80 220 290 244 625 362 720 246 239 470 255 238 464 41 452 395 317 607 240 285 158 289 266 176 576 380 245 318 254 249 217 252 402 167 322 339 489 359 179 493 309 227 508 291 165 260 257 655 636 194 217 334 268 267 283 317 552 254 292 208 661 479 663 671 508 181 186 526 125 135 423 654 178 81 69 682 615 112 659 188 273 324 476 560 216 261 431 508 288 249 182 395 465 345 351 653 221 605 165 212 374 394 373 277 271 561 530 191 258 172 376 709 270 84 381 50 284 318 632 304 491 274 272 285 255 466 335 323 705 381 259 416 337 193 117 393 732 548 324 79 531 310 394 653 361 489 293 143 207 617 475 303 332 183 195 256 392 194 441 256 719 614 118 197
247 643 438 147 109 263 20 201 582 394 231 546 207 235 648 437 189 297 604 519 659 267 350 381 333 230 477 220 69 169 526 524 694 198 123 97 86 379 201 261 675 606 65 356 682 35 385 181 70 173 523 97 133 461 639 151 154 452 171 204 684 265 250 249 287 201 423 311 107 131 473 644 179 209 478 117 46 539 279 268 306 50 111 508 52 492 693 451 0 173 547 596 339 196 258 665 146 419 469 122 197 337 196 160 647 690 198 229 289 160 231 261 517 202 350 129 363 280 99 266 591 269 728 7 511 199 382 203 359 216 138 611 112 112 417 286 561 579 121 198 315 267 112 145 367 101 383 701 468 239 117 36 211 496 198 128 607 387 219 118 368 213 699 611 381 564 250 673 517 191 558 212 402 324 374 115 232 262 647 640 77 163 595 318 675 312 258 231 254 566 253 87 247 699 655 127 171 330 169 189 705 150 615 537 260 240 393 53 636 268 220 422 588 126 514 200 294 577 670 599 186 680 224 143 605 75 141 529 249 80 172 516 239 281 627 179 102 138 589 610 522 165 114 138 137 584 670 493 202 229 137 256 327 660 662 132 408 401 344 442 537 144 56 339 473 105 474 237 532 73 582 562 177 540 11 246 573 447 97 278 345 500 242 108 671 545 144 459 40 320 248 156 227 324 93 582 505 428 110 185 397 622 26 120 295 86 204 109 188 225 141 72 465 29 227 235 208 379 80 532 585 367 577 418 199 575 474 304 569 363 603 115 242 174 97 652 467 303 715 234 200 92 295 631 221 73 488 245 65 418 58 109 179 189 228 234 486 674 597 503 128 157 312 699 654 217 237 293 221 474 133 284 97 166 538 123 648 653 165 492 386 657 638 235 218 277 455 499 525 476 664 151 102 622 705 601 211 142 220 230 161 523 520 111 425 318 52 205 336 379 409 240 164 531 264 299 181 131 114 138 563 578 33 88 169 596 496 66 17 147 146 208 612 220 519 529 701 68 79 629 259 133 90 276 501 447 99 294 202 534 185 423 192 133 207 684 62 320 292 299 200 135 118 134 260 75 192 64 115 261 429 99 289 97 576 395 166 172 58 258 623 65 702 513 531 183 39 191 142 312 559 287 66 420 17 533 272 268 404 399
158 770 585 119 278 193 191 55 715 540 385 669 209 222 775 548 203 173 726 637 795 426 442 494 467 396 619 176 163 338 658 656 824 257 50 267 258 532 333 218 817 730 208 506 787 178 536 141 178 318 643 172 149 606 768 178 260 566 273 100 798 224 312 413 139 140 569 446 249 158 606 759 134 347 613 280 135 671 118 266 422 199 232 655 175 608 831 540 173 0 660 718 464 82 425 784 279 542 583 186 127 495 208 332 767 827 272 183 384 309 240 191 642 281 403 293 496 209 105 256 708 140 825 177 643 84 502 315 498 44 284 719 235 282 532 142 684 709 275 360 364 196 259 37 470 205 510 832 572 170 145 151 145 600 132 47 726 506 323 55 519 45 838 733 517 676 132 805 662 254 642 98 493 476 505 63 328 305 766 786 115 199 754 455 826 161 177 130 400 662 173 199 157 825 774 208 119 424 332 107 823 88 738 680 210 178 533 202 767 211 319 569 720 70 628 314 400 688 806 732 167 792 396 288 719 120 278 653 379 241 272 662 220 229 727 107 71 255 718 768 644 271 111 234 36 705 765 637 360 95 90 155 460 795 802 302 518 544 477 556 678 186 207 491 595 260 591 151 641 231 740 687 350 687 183 331 732 552 218 166 454 625 324 73 782 664 302 590 177 377 76 259 344 476 182 711 624 557 73 132 515 736 155 147 219 88 350 154 285 113 130 186 599 183 131 183 122 526 106 661 723 515 696 566 149 707 597 458 694 484 737 257 167 165 254 768 577 445 824 372 108 208 189 754 304 102 634 383 231 516 122 149 336 88 361 388 613 798 732 632 203 327 462 825 772 292 353 444 169 604 268 257 76 182 662 55 784 760 34 644 519 776 762 127 109 402 597 658 670 626 789 298 179 749 820 720 201 307 167 169 32 650 649 73 548 420 152 187 470 482 516 178 174 638 119 430 279 235 279 76 692 715 205 91 301 727 627 177 159 308 190 167 732 65 643 662 841 177 218 760 412 86 115 400 647 580 263 172 343 624 356 525 256 253 113 810 114 476 447 457 293 74 253 232 206 192 301 235 244 373 551 155 222 151 725 503 9 324 193 113 773 217 818 633 664 117 136 345 295 443 684 438 225 559 165 675 300 95 526 540
788 126 190 692 532 809 545 644 112 206 340 47 753 781 133 112 469 826 76 37 177 332 222 167 223 378 155 767 614 522 97 96 185 407 629 524 489 247 347 809 225 85 585 244 138 518 234 537 610 378 38 492 680 174 133 697 405 96 390 736 138 812 356 361 799 745 193 244 595 678 113 99 544 340 122 445 588 97 777 810 243 498 442 176 594 56 214 144 547 660 0 68 209 722 376 125 401 131 78 474 739 288 740 447 110 207 389 776 276 393 772 807 66 379 298 438 195 826 640 810 50 794 190 540 98 726 166 350 208 690 411 66 440 468 131 802 57 97 577 387 823 813 436 623 190 463 168 192 93 784 664 583 755 68 741 620 72 160 339 620 239 704 224 84 186 18 780 172 170 716 122 741 176 268 182 603 333 784 108 224 555 704 303 239 280 822 801 767 308 75 796 474 787 175 115 453 714 238 407 726 163 686 92 156 807 786 189 576 138 816 342 200 107 655 33 352 261 31 186 122 733 133 456 406 59 619 407 56 299 471 391 171 785 829 97 718 610 415 96 293 49 393 549 657 633 56 144 161 369 749 675 793 227 174 202 457 143 190 212 106 146 475 574 265 80 571 74 778 24 477 282 65 475 186 537 331 283 110 458 812 207 70 338 633 123 30 415 117 515 309 716 405 323 271 485 94 50 132 592 729 150 76 573 514 840 607 351 507 377 756 532 491 121 520 764 781 747 220 618 80 139 232 44 201 745 104 82 292 66 185 129 433 786 722 454 109 84 261 167 316 735 465 832 102 357 580 179 307 546 150 560 512 385 719 320 339 86 146 132 86 663 442 271 174 114 369 313 287 536 103 415 479 601 484 56 610 168 107 630 216 175 119 113 768 749 271 161 260 172 198 139 400 644 111 160 64 757 541 767 776 630 72 80 636 127 240 529 752 219 179 145 786 711 34 778 250 383 431 545 670 86 135 521 616 378 112 97 500 563 418 471 755 77 725 58 104 233 499 470 135 317 669 633 271 174 130 458 824 348 100 433 138 406 419 743 160 595 288 300 307 368 586 430 432 807 485 363 501 435 290 120 507 836 645 213 157 651 384 495 772 239 573 158 44 96 724 577 370 412 239 61 292 483 167 540 154 801 741 144 184
840 59 199 742 571 859 592 704 65 228 378 50 799 827 65 171 530 881 9 80 111 363 285 224 265 411 156 816 662 554 88 89 117 467 684 564 532 264 396 857 162 17 629 269 118 568 251 599 657 424 75 547 729 177 66 743 460 153 446 790 94 860 419 392 856 796 207 287 636 726 132 55 605 387 133 489 639 79 835 854 296 548 495 161 641 110 147 212 596 718 68 0 257 777 404 69 452 178 135 531 790 309 785 484 51 140 448 825 336 438 817 857 81 438 364 480 235 876 692 855 25 849 176 589 99 780 217 404 243 749 458 71 492 510 186 858 37 50 615 424 859 863 484 680 251 517 213 124 159 835 712 632 806 135 792 676 12 212 395 675 261 762 157 17 220 62 834 105 151 757 178 795 242 297 223 659 390 824 51 168 610 750 265 280 224 879 853 820 349 127 848 527 840 110 60 510 765 299 447 779 109 738 24 130 856 836 216 621 72 865 399 213 56 708 94 406 318 60 120 66 782 93 483 454 41 669 456 68 348 518 446 153 832 877 112 770 665 468 43 251 75 448 606 699 689 13 149 153 408 804 727 846 270 108 139 497 202 214 254 162 122 534 619 291 123 611 127 830 91 524 245 40 508 159 586 391 249 174 510 866 264 97 398 686 90 54 459 143 566 374 775 460 376 299 540 46 93 169 647 780 203 44 623 571 890 661 395 564 433 810 591 543 140 570 817 831 799 243 670 73 92 256 24 215 795 61 122 322 33 235 73 482 837 770 501 58 146 300 131 362 788 518 885 36 416 633 171 352 589 215 613 569 427 773 368 377 112 81 79 99 708 479 303 109 58 429 366 320 599 126 465 545 656 545 60 666 104 88 688 203 213 60 46 821 803 320 171 243 150 192 73 446 690 44 112 12 804 577 816 826 688 77 83 690 172 299 582 799 261 240 205 836 758 101 835 297 439 485 584 723 53 92 569 669 428 57 109 553 612 460 530 804 17 781 78 91 167 552 520 71 353 722 684 322 162 155 504 879 394 161 467 201 466 472 796 95 647 314 331 335 425 644 480 487 856 537 417 546 486 345 168 563 885 693 174 217 708 428 546 829 189 617 108 85 84 776 628 413 457 284 40 327 531 190 590 130 842 800 193 211
582 307 144 485 326 602 336 456 251 107 138 207 544 572 312 103 290 624 265 180 331 146 96 54 33 186 165 559 406 322 194 192 360 225 428 317 280 132 139 600 357 268 376 105 346 311 124 355 401 169 184 292 472 158 304 488 205 115 192 533 345 604 190 172 601 539 129 43 388 469 142 304 361 131 151 236 381 207 582 601 47 291 238 205 385 153 368 152 339 464 209 257 0 520 194 326 194 80 132 278 533 140 531 245 308 364 203 568 104 184 563 600 179 192 191 230 41 619 434 601 252 593 395 332 179 523 44 149 57 498 202 274 235 260 81 603 222 245 371 184 617 606 228 427 69 261 46 368 140 577 456 375 548 165 535 421 267 50 143 419 112 509 376 272 64 226 578 341 210 507 247 538 114 102 43 404 144 577 308 331 354 495 334 44 378 625 595 563 104 239 590 270 582 362 316 256 508 91 201 522 365 481 277 223 599 579 87 367 303 608 149 133 256 451 176 151 78 240 343 268 525 341 268 197 266 412 199 191 91 262 193 210 577 621 295 513 409 211 254 340 183 193 353 449 434 245 341 184 164 549 469 589 30 332 340 251 80 100 32 105 220 285 365 113 134 364 135 573 196 268 314 224 277 238 329 152 309 120 253 609 51 162 160 429 332 205 206 126 309 180 526 205 120 107 284 247 165 92 393 523 60 283 366 319 633 404 143 310 181 553 342 286 136 313 560 574 542 103 412 197 260 102 238 131 538 243 135 118 231 25 273 224 579 513 245 312 133 68 376 107 531 261 628 293 172 377 187 98 337 111 356 315 178 516 111 137 149 337 269 168 454 238 95 363 315 187 111 101 364 140 207 332 400 300 200 411 320 315 437 211 59 318 300 564 546 63 144 243 218 187 327 191 435 286 366 261 548 338 559 569 436 187 185 433 85 74 325 543 30 75 86 579 502 197 579 42 186 230 339 466 228 253 313 411 171 263 163 296 355 210 281 547 273 527 181 199 379 295 263 296 120 464 426 65 197 118 249 622 139 218 234 105 222 215 539 348 390 126 120 134 175 392 223 232 600 280 163 292 228 93 90 309 628 436 278 74 455 175 288 574 325 364 363 174 200 518 371 163 203 32 221 105 274 106 333 218 593 551 65 91
76 827 631 71 283 111 209 133 769 586 425 727 142 149 832 610 279 104 785 697 847 462 509 555 519 426 668 98 156 342 712 710 880 327 94 277 281 573 384 138 866 788 205 549 852 214 579 221 169 363 702 231 108 653 824 130 317 627 332 18 860 144 384 445 93 63 615 497 238 118 659 821 214 395 666 312 150 725 95 192 481 236 283 701 175 669 882 609 196 82 722 777 520 0 453 844 328 599 645 250 51 533 145 354 827 879 340 105 449 351 171 109 699 348 478 325 549 127 99 180 769 74 893 202 697 3 560 373 548 95 327 783 286 306 592 90 742 764 268 393 299 113 301 110 534 260 566 887 636 89 114 163 66 665 55 106 786 565 384 103 562 68 890 792 569 739 58 860 709 203 713 18 561 518 558 122 391 241 826 833 167 149 790 506 870 118 95 49 445 729 91 250 75 883 834 270 56 490 364 31 884 49 797 728 129 96 582 204 822 129 381 614 774 70 690 371 462 751 859 786 101 855 411 332 781 123 325 711 431 274 332 709 145 148 794 38 112 309 774 806 702 329 178 202 94 764 834 685 397 35 61 75 512 849 852 326 580 592 529 617 728 255 209 533 654 256 651 69 705 266 777 744 364 733 207 397 769 616 268 90 516 682 391 92 845 724 339 644 215 451 110 317 401 518 238 767 684 612 133 62 574 798 171 214 137 117 395 218 346 34 205 234 652 216 49 103 41 572 116 717 775 560 756 611 74 761 655 498 752 542 791 301 85 104 291 830 640 493 888 421 27 259 112 812 370 144 680 432 240 582 164 213 374 12 412 428 669 857 785 687 170 351 505 883 833 360 411 486 251 659 316 339 121 256 720 116 836 825 116 686 572 837 820 47 28 457 645 695 717 670 847 341 155 806 882 780 131 308 89 88 113 707 705 88 605 484 196 117 522 546 579 96 119 702 70 483 340 292 280 58 748 767 229 111 351 782 681 224 179 342 259 92 792 48 701 716 892 226 261 815 453 64 110 455 693 634 295 102 390 693 379 590 325 305 30 868 135 515 487 495 356 148 300 290 125 240 360 259 293 432 609 216 140 130 770 566 89 365 235 65 817 218 880 692 718 46 158 385 335 496 742 481 259 609 195 724 232 112 584 589
496 437 212 397 186 504 243 440 370 176 77 356 426 455 440 290 328 551 409 341 437 48 272 248 165 31 256 458 305 154 319 318 478 278 378 185 172 144 149 491 441 408 260 135 512 247 155 371 295 131 342 272 371 236 428 376 215 295 217 460 497 493 284 26 544 449 200 151 251 365 272 458 374 135 271 145 302 331 536 473 201 226 212 277 284 323 465 346 258 425 376 404 194 453 0 471 173 251 308 276 447 97 412 101 453 465 257 466 238 131 438 503 324 249 343 132 186 520 354 477 407 525 566 252 306 456 232 192 169 467 154 442 208 146 268 543 367 371 225 68 460 509 173 392 258 239 218 485 328 484 357 290 458 350 448 378 415 238 208 371 143 468 471 414 191 394 505 456 287 370 439 468 305 109 200 362 225 431 454 402 312 376 340 151 429 569 504 485 101 424 499 238 497 490 463 255 421 257 95 443 509 405 416 310 494 481 189 256 423 504 217 196 378 384 346 190 219 407 448 385 421 496 80 152 426 330 169 338 150 185 220 286 461 513 471 432 356 203 383 358 335 211 332 315 390 394 518 268 80 487 393 507 165 440 432 127 272 190 174 286 313 296 252 113 296 225 307 487 370 194 329 364 109 304 246 247 320 310 221 531 236 312 252 366 491 361 127 263 248 319 499 218 181 105 261 376 327 244 354 433 247 440 282 310 535 342 112 297 222 480 340 246 263 243 480 473 460 161 337 331 364 148 391 193 444 365 295 84 372 215 387 178 487 409 172 462 316 126 534 130 454 230 545 433 245 323 257 127 219 305 303 301 100 445 144 75 295 471 379 305 333 102 106 491 461 257 185 94 399 279 176 410 349 322 345 371 426 480 409 250 203 462 437 489 474 167 236 248 293 240 459 141 323 416 515 412 435 181 462 473 406 326 321 368 254 236 275 435 169 267 280 482 393 375 521 160 221 226 196 395 358 357 224 345 162 385 295 254 274 119 294 447 420 477 329 319 469 253 211 415 77 390 344 172 270 250 162 548 129 408 76 299 271 202 461 477 320 90 77 69 228 368 187 233 496 241 200 194 197 195 262 289 526 337 335 267 417 117 234 516 380 246 510 334 324 434 296 99 137 164 363 90 200 213 261 306 452 520 244 194
908 51 263 811 640 928 661 768 111 295 448 119 868 896 53 236 594 948 62 147 106 432 347 290 334 479 219 885 731 623 153 154 82 531 751 633 601 330 465 926 158 63 698 337 79 637 318 662 726 493 142 614 798 241 68 812 527 218 512 857 32 929 481 460 922 864 273 356 705 794 200 30 669 456 200 558 707 142 901 923 364 616 563 216 710 176 129 265 665 784 125 69 326 844 471 0 520 246 200 598 858 376 854 553 18 120 513 894 400 507 886 926 150 503 420 550 304 945 760 924 76 917 131 658 165 847 284 471 313 814 527 85 560 579 252 925 106 104 684 493 928 932 553 746 315 585 282 87 217 903 781 701 874 191 861 743 59 279 461 742 328 828 138 57 289 112 902 84 206 826 206 862 301 365 292 726 456 893 18 181 677 819 296 349 229 945 921 888 418 158 916 595 908 60 10 576 834 362 516 847 40 806 56 182 925 904 285 690 76 934 465 278 101 776 156 473 384 102 108 102 851 38 551 523 69 738 525 137 417 587 513 207 901 946 112 838 732 536 92 277 144 515 673 768 756 81 128 213 477 872 795 914 339 100 138 566 266 282 323 228 175 599 688 358 192 680 193 898 146 593 279 107 576 206 655 455 284 235 578 934 330 166 463 754 45 121 528 211 635 433 840 527 443 367 607 99 161 238 714 849 270 52 691 637 959 728 464 630 499 877 656 611 208 638 885 900 867 311 738 140 131 324 88 281 864 113 191 390 100 303 104 550 905 839 570 18 208 369 70 431 856 586 953 39 481 701 230 421 658 275 681 635 496 841 437 446 181 34 114 167 777 548 372 58 11 494 434 389 661 195 533 603 723 609 129 733 105 64 754 258 282 10 40 889 871 389 236 294 203 251 38 515 759 63 45 65 873 646 885 895 754 146 151 757 240 364 650 868 330 303 269 905 827 153 901 366 505 552 653 791 114 135 638 737 497 97 177 621 681 530 595 873 53 848 147 154 150 620 589 83 422 790 752 390 219 224 573 946 463 199 536 263 530 540 864 49 715 382 400 403 491 710 549 554 925 605 485 615 554 412 236 630 954 761 210 281 774 497 614 895 209 686 39 152 148 844 696 482 526 353 109 395 599 258 659 184 911 865 261 279
388 500 306 291 164 408 145 281 441 261 112 402 353 381 505 291 156 432 459 374 520 157 208 235 191 142 341 365 214 193 384 382 552 113 238 151 106 255 56 407 540 462 191 228 536 117 258 200 212 43 378 109 279 327 497 297 44 306 53 340 538 411 140 152 412 344 290 170 214 277 331 498 204 68 338 70 187 398 396 412 160 97 47 376 195 346 555 308 146 279 401 452 194 328 173 520 0 274 323 106 339 221 341 123 502 552 96 375 149 42 375 405 373 92 229 75 221 425 240 411 446 401 582 139 369 331 236 61 220 317 26 465 44 100 271 413 416 437 206 106 444 412 39 242 221 74 239 560 322 383 263 182 354 350 341 234 462 242 81 230 240 324 562 466 241 418 385 532 384 326 415 345 259 198 231 216 98 397 502 508 164 306 479 178 548 436 401 369 122 420 396 80 388 556 510 84 314 188 86 328 560 287 471 402 406 384 255 180 495 414 85 290 447 258 368 58 150 431 531 458 332 534 189 25 460 218 8 385 104 75 55 383 385 427 481 319 218 30 446 491 377 44 173 268 246 440 525 359 94 358 275 395 185 521 525 105 262 265 202 295 401 124 180 214 328 194 329 379 386 78 463 418 163 409 136 117 456 301 61 416 200 356 117 236 525 399 57 317 115 200 347 48 81 199 98 440 359 285 205 329 251 476 172 144 439 211 74 132 66 360 173 94 324 119 366 380 348 248 218 390 447 237 432 287 344 434 329 183 425 217 463 33 385 320 61 506 321 167 569 94 337 70 434 487 100 185 356 105 157 274 164 137 73 323 84 115 342 531 457 360 268 113 184 556 509 105 92 166 226 331 13 242 209 149 394 224 509 507 256 366 244 512 494 371 353 131 319 381 392 347 521 33 245 479 560 456 357 190 365 375 254 380 378 240 280 174 132 351 194 234 263 385 310 385 390 156 61 53 178 272 421 439 122 218 23 454 354 104 162 68 122 353 467 339 375 388 564 103 69 487 136 270 232 130 368 306 73 429 64 390 135 278 105 30 345 541 196 201 172 184 76 211 29 60 406 88 55 109 35 116 284 127 434 244 446 249 270 56 94 384 495 181 557 368 390 324 176 75 44 169 415 161 84 282 139 397 410 371 259 262
662 228 113 565 401 681 415 531 176 101 209 128 623 651 233 46 361 704 186 100 256 205 130 56 92 250 111 639 485 392 120 118 283 296 507 393 358 141 219 680 288 189 454 128 269 391 129 428 481 248 104 371 552 115 227 567 283 44 269 612 265 683 254 233 679 618 105 113 464 549 73 225 434 210 86 314 461 133 660 679 120 370 317 153 465 75 294 123 419 542 131 178 80 599 251 246 274 0 58 356 612 172 610 317 228 289 276 648 167 262 642 679 101 265 227 307 65 698 514 680 172 672 320 412 106 603 41 227 82 574 281 197 314 337 31 682 143 168 445 256 692 686 307 504 91 340 37 290 83 657 535 455 628 100 615 500 188 37 219 498 127 587 302 193 62 149 657 264 155 584 193 617 112 144 52 482 217 653 228 267 433 574 293 108 318 703 675 643 177 173 670 350 662 283 236 333 588 137 276 601 286 561 197 161 679 658 76 445 226 688 224 112 179 531 99 229 145 162 268 192 605 262 329 277 188 492 278 112 170 342 270 155 656 700 222 593 488 291 176 293 103 271 431 526 512 166 269 130 237 627 549 669 96 256 269 326 51 85 81 38 155 360 444 146 54 440 58 652 121 347 271 145 345 182 409 221 268 70 332 688 95 83 229 509 254 126 284 58 389 225 602 283 199 148 363 170 86 26 471 603 31 204 445 396 713 483 220 388 258 632 418 366 70 392 639 654 621 109 492 121 189 117 158 111 618 167 56 167 152 57 198 304 659 593 324 233 66 131 297 186 611 341 708 213 244 456 140 176 415 91 436 393 254 596 191 208 71 257 195 92 533 310 145 284 235 258 189 158 433 67 287 391 479 373 121 490 245 238 514 173 49 238 221 644 626 143 98 214 162 149 248 270 514 207 286 182 628 410 639 649 513 109 109 512 6 130 404 623 88 85 61 659 581 124 658 120 263 308 414 545 151 181 392 491 251 187 89 376 435 287 356 627 193 605 101 126 307 374 343 220 187 544 506 144 146 55 328 701 218 161 303 76 294 294 618 269 469 167 174 183 250 469 303 311 679 360 241 371 308 169 11 387 708 516 222 63 532 253 368 652 265 442 283 94 125 598 450 239 282 108 142 164 354 71 413 156 670 627 17 75
709 191 150 613 456 730 467 569 153 151 265 90 675 703 197 36 395 749 144 56 230 262 150 90 148 307 131 689 536 449 107 105 249 332 551 448 412 192 269 730 270 149 507 183 214 439 179 463 533 300 62 414 602 143 194 619 327 18 312 658 216 734 283 291 722 667 147 169 519 600 82 176 470 262 96 368 510 116 701 732 164 420 364 167 516 25 269 98 469 583 78 135 132 645 308 200 323 58 0 397 660 227 662 373 184 263 313 698 200 315 695 728 74 303 236 361 123 747 562 732 124 717 264 462 96 648 88 272 139 614 333 142 362 392 52 725 106 141 501 313 748 734 358 546 115 385 93 257 41 706 586 505 676 46 663 543 144 82 261 542 180 628 278 152 119 95 702 233 165 639 140 663 112 201 109 526 256 708 183 257 478 627 307 165 312 745 723 689 233 116 718 396 709 245 190 376 636 164 331 648 240 608 158 162 729 707 128 498 195 737 265 154 153 577 45 274 183 108 241 167 655 211 387 328 137 541 328 79 222 394 313 166 707 751 165 640 533 337 146 303 67 316 472 580 556 123 211 145 294 671 596 715 152 229 249 382 66 134 138 28 154 399 497 202 33 495 13 700 64 399 285 112 403 190 459 255 284 45 380 734 130 59 263 555 202 82 338 75 437 242 640 327 245 205 407 141 44 69 514 651 72 154 495 437 762 529 274 430 299 678 456 413 86 442 686 703 668 162 540 99 172 171 113 155 667 143 37 225 117 107 174 354 707 643 376 185 18 188 245 239 657 387 754 172 281 502 161 230 469 85 482 435 309 642 242 265 60 217 173 78 586 367 202 245 189 294 234 216 464 70 337 412 524 409 88 533 220 184 554 198 106 193 181 690 671 193 126 242 171 175 208 322 566 172 237 136 679 467 688 698 554 85 89 558 55 164 451 674 145 104 70 708 633 67 701 173 305 353 470 592 124 166 443 538 300 159 84 422 485 341 395 676 149 648 70 115 285 421 392 190 244 591 555 193 162 83 381 746 270 109 360 69 331 341 665 230 517 224 232 241 291 509 352 355 729 407 285 423 357 212 46 430 757 566 226 81 574 307 416 695 263 496 235 53 110 646 499 294 335 162 108 221 405 114 462 158 725 665 68 126
319 583 405 232 204 346 136 179 529 360 217 482 313 338 589 362 71 353 539 451 609 263 259 308 284 245 436 310 184 254 472 470 638 82 156 189 151 358 154 355 634 543 187 330 603 89 360 95 189 149 457 26 234 424 582 259 75 380 87 265 612 360 138 257 325 282 389 263 226 235 420 573 99 169 428 143 141 486 304 376 235 88 64 474 172 422 646 359 122 186 474 531 278 250 276 598 106 356 397 0 273 326 304 206 581 642 90 319 200 146 340 344 456 98 237 155 312 363 181 372 522 321 643 118 457 253 315 130 315 219 122 534 68 163 345 327 498 523 233 208 435 349 105 149 285 39 324 646 387 321 218 146 291 415 276 146 540 320 136 147 342 231 654 547 333 490 307 619 480 310 464 268 311 301 320 129 142 380 580 604 86 275 582 273 647 348 335 296 225 479 331 47 319 639 587 23 251 240 183 258 637 219 552 497 351 324 351 174 581 357 133 390 534 186 442 128 214 502 621 546 282 607 277 124 533 166 108 467 196 114 85 480 340 373 544 251 139 77 532 594 457 86 75 259 159 519 584 455 198 275 209 323 276 610 618 179 332 362 293 370 495 25 177 318 409 217 405 310 456 107 566 501 240 506 120 147 559 367 58 340 268 439 141 164 596 478 150 405 84 208 248 74 159 303 30 525 438 371 117 267 329 550 137 41 376 141 179 32 98 284 67 54 414 98 294 323 278 348 159 475 538 338 510 386 284 521 410 288 508 298 552 99 321 273 116 582 391 266 639 193 266 52 361 567 120 113 454 204 173 332 97 37 177 248 179 221 426 612 547 446 246 197 286 639 586 111 167 270 126 418 100 167 130 52 476 136 598 576 158 467 334 590 576 296 278 218 414 485 489 447 603 135 218 563 634 533 313 237 307 314 157 464 463 168 362 235 75 303 286 297 330 325 268 453 304 246 93 54 215 202 506 530 124 151 124 541 441 57 128 160 25 298 546 250 457 477 657 55 78 574 241 203 178 214 466 395 131 351 167 443 225 340 78 76 273 624 138 306 277 290 107 113 89 48 349 54 116 136 78 186 364 35 375 204 545 317 177 161 74 298 593 184 632 446 478 259 129 181 139 259 498 265 106 376 106 492 388 273 339 357
50 838 635 50 268 73 206 181 778 591 428 740 93 98 843 627 312 107 798 712 855 462 530 571 529 422 674 49 142 323 722 720 890 353 124 265 276 575 394 91 871 801 189 552 871 222 581 259 153 370 716 251 80 658 834 92 334 643 351 37 876 97 411 442 120 13 620 507 215 88 669 836 253 404 674 313 152 735 133 141 496 243 296 705 163 684 889 631 197 127 739 790 533 51 447 858 339 612 660 273 0 532 98 346 841 887 363 56 470 357 121 71 711 370 507 324 558 90 99 130 784 87 913 204 707 51 574 389 556 145 334 801 299 302 608 113 755 774 246 392 249 76 307 148 552 276 578 897 655 48 92 161 18 683 4 138 800 579 402 132 565 119 896 805 577 755 65 869 714 160 737 47 582 521 569 151 411 191 840 837 188 108 787 514 870 142 63 41 451 750 58 265 50 894 848 291 26 511 363 21 898 54 809 734 83 53 589 191 832 87 400 618 784 88 705 387 480 768 867 795 54 871 397 339 797 122 334 724 442 277 350 713 94 104 814 23 135 323 784 804 715 346 207 169 129 778 855 690 399 72 64 61 522 857 858 321 597 598 539 632 734 282 196 535 667 236 666 40 722 269 775 756 351 737 208 420 766 634 281 85 533 694 414 109 862 738 341 654 224 480 160 335 416 521 256 778 698 623 162 17 589 814 170 241 103 133 401 243 366 46 237 248 661 221 35 56 17 576 120 728 782 564 770 615 24 771 668 500 764 556 800 309 48 60 294 844 657 500 905 430 25 273 99 825 393 161 684 441 228 602 179 239 376 41 422 431 680 869 794 698 137 345 509 895 847 384 426 490 292 669 326 379 144 287 732 148 844 843 158 688 581 850 833 48 42 470 651 693 722 673 859 347 130 817 897 794 81 289 40 43 154 718 716 105 618 502 210 67 532 565 597 53 77 720 100 494 359 309 263 72 759 774 228 123 362 792 692 238 180 343 286 41 806 98 713 725 898 240 270 825 455 70 107 469 697 643 296 103 398 716 371 609 351 319 26 880 143 516 488 494 376 183 310 309 80 254 376 256 304 448 623 239 102 111 772 583 133 369 245 97 819 203 895 706 727 15 162 388 339 507 754 484 263 617 201 730 181 160 597 596
582 340 115 482 279 593 326 502 273 82 110 264 519 547 344 216 365 634 315 251 340 70 234 186 107 113 160 547 392 251 223 222 381 305 451 277 256 47 176 582 345 313 350 45 421 320 59 419 383 179 252 330 459 139 331 467 254 216 250 541 403 585 292 92 622 535 103 106 345 454 179 364 423 160 177 220 383 235 610 567 168 298 267 180 370 238 369 284 337 495 288 309 140 533 97 376 221 172 227 326 532 0 504 191 358 368 281 556 221 186 532 591 231 271 322 208 115 609 436 571 315 606 476 331 211 536 165 213 93 535 211 353 264 231 195 622 273 275 320 140 557 597 236 460 208 295 145 388 254 571 444 372 545 272 533 449 321 170 221 443 49 539 374 319 110 305 587 359 190 465 364 549 252 39 126 432 233 528 359 308 380 469 259 99 338 647 591 568 103 343 586 298 582 393 368 304 506 224 169 526 413 487 320 213 584 570 100 344 326 594 230 99 282 463 260 212 196 318 351 288 511 402 175 208 335 412 220 245 148 259 253 189 553 604 385 516 429 249 286 274 244 247 393 410 461 300 431 171 136 565 474 592 111 343 336 213 205 98 110 209 216 342 341 27 209 320 223 572 285 267 245 270 205 209 326 251 237 239 280 615 190 221 258 443 398 270 195 172 320 305 566 257 190 34 319 280 238 159 422 519 177 347 363 365 624 418 148 353 249 562 394 310 170 317 564 563 544 68 417 236 268 56 298 96 531 268 207 39 277 153 291 238 574 498 243 368 238 83 440 139 537 289 631 338 259 395 160 130 308 244 375 358 160 526 155 107 204 374 282 212 425 190 51 394 366 274 189 60 439 187 229 431 421 365 252 440 329 389 475 156 123 366 341 572 555 147 140 163 197 145 363 197 413 320 420 318 527 278 550 561 472 233 227 446 174 204 344 525 110 213 215 571 483 291 599 124 250 273 291 475 263 260 305 423 202 288 201 319 354 190 339 536 326 552 237 223 374 318 277 318 85 471 426 153 173 159 238 631 160 333 169 234 299 250 544 380 398 20 49 38 250 431 244 279 586 304 225 276 253 187 182 347 616 424 241 206 487 171 303 594 288 336 415 244 228 518 375 150 200 120 269 63 274 121 338 209 548 589 169 104
122 829 614 90 226 107 196 263 766 572 410 735 15 43 833 630 358 185 793 710 839 436 545 575 521 392 656 66 127 270 710 708 877 385 184 228 254 550 393 81 849 794 157 532 876 229 558 318 129 362 713 278 71 638 823 45 349 644 366 134 875 82 441 412 213 87 600 499 162 68 658 834 313 400 662 296 163 723 230 73 500 246 306 683 146 684 871 647 196 208 740 785 531 145 412 854 341 610 662 304 98 504 0 313 836 870 389 69 485 347 37 106 705 394 540 305 550 118 128 70 782 176 922 202 695 146 574 398 544 236 329 804 308 277 610 205 749 764 191 368 156 111 304 216 562 294 573 884 662 97 85 162 91 690 94 200 796 580 415 189 543 212 877 799 566 757 156 856 692 67 754 145 597 500 562 207 428 97 836 812 223 36 750 505 841 233 117 132 437 761 113 280 123 884 845 315 92 525 341 114 894 120 802 714 87 90 575 165 820 98 415 598 773 145 706 395 490 770 851 782 44 871 349 333 797 138 335 718 440 268 367 692 49 103 822 108 185 333 774 768 711 360 254 100 196 774 865 671 380 170 120 138 515 842 839 293 602 582 531 634 716 319 167 512 664 187 666 116 725 263 740 749 306 713 204 440 731 642 292 161 540 689 436 159 863 735 327 645 233 511 255 351 422 499 280 767 695 616 214 84 590 813 172 282 132 173 390 279 383 143 288 263 650 224 126 78 114 557 147 718 766 544 767 594 76 759 664 477 757 555 786 308 103 43 286 842 661 487 907 424 122 287 163 819 415 196 663 433 198 614 207 276 359 134 420 412 673 861 779 689 79 315 490 885 843 409 433 471 356 660 327 439 191 332 726 208 829 846 232 660 573 846 825 140 140 469 634 660 700 649 851 340 96 808 895 790 27 236 76 87 228 710 707 156 615 513 230 35 524 574 604 91 37 725 196 490 376 325 216 134 749 758 219 161 363 780 681 255 182 325 322 62 801 194 707 712 877 257 274 812 437 126 128 469 676 633 282 181 392 730 336 618 380 329 124 870 167 491 466 469 395 243 313 327 91 268 388 239 310 456 620 271 120 100 745 590 210 357 253 194 792 169 892 704 716 99 176 373 328 502 747 465 257 603 207 710 92 257 596 581
396 523 303 296 89 404 145 353 457 262 108 435 327 356 527 348 270 451 491 414 529 124 297 297 225 79 346 358 204 79 404 402 568 235 283 85 74 237 137 392 537 491 160 221 585 156 246 298 194 101 417 195 271 327 516 276 166 357 176 360 577 394 261 99 446 348 289 205 154 265 353 536 300 131 355 62 204 416 439 377 231 137 144 371 183 392 559 388 160 332 447 484 245 354 101 553 123 317 373 206 346 191 313 0 535 558 219 366 247 89 341 402 403 215 342 52 253 419 255 379 484 425 637 155 390 357 288 171 241 375 97 514 141 50 326 444 447 457 131 61 376 408 102 300 296 167 280 575 385 383 256 191 358 410 347 285 495 294 192 277 232 373 565 496 264 465 405 546 380 275 490 369 341 190 265 271 210 341 535 499 223 278 441 209 528 471 403 385 141 484 399 161 396 578 544 190 321 278 47 343 592 306 499 403 394 381 269 156 512 404 199 286 465 286 415 168 237 479 540 473 321 574 71 98 502 231 116 417 167 97 179 380 362 413 538 332 261 147 468 458 412 167 249 219 296 473 584 359 81 388 293 407 221 531 526 30 324 273 235 348 405 230 152 200 368 129 375 386 437 106 429 446 40 400 149 232 421 365 148 431 273 389 234 268 568 437 67 342 158 314 407 170 176 188 184 461 400 317 263 332 304 517 183 233 434 246 109 219 188 381 263 164 345 150 380 373 360 246 239 414 455 233 469 283 343 452 367 166 454 269 477 110 387 308 90 542 377 186 611 145 354 155 445 516 220 229 350 150 119 348 211 223 72 346 150 109 372 556 469 386 234 10 181 578 542 227 185 164 332 358 119 361 255 257 424 279 518 554 319 347 273 544 521 389 374 194 324 348 388 336 545 92 223 502 596 491 336 94 361 373 316 407 403 271 321 259 186 335 229 308 329 382 293 440 423 203 183 166 101 296 443 448 128 248 127 472 377 170 176 55 229 347 501 380 407 405 565 170 130 504 131 290 244 198 364 329 76 448 122 461 25 347 228 144 361 564 223 178 155 156 197 282 122 173 396 160 172 97 131 204 328 210 426 236 432 315 324 85 148 417 479 146 592 407 409 334 199 86 79 213 444 158 110 296 166 399 360 427 306 275
890 41 245 793 622 910 643 752 95 277 429 101 850 878 45 219 578 931 44 130 100 413 331 273 316 461 201 867 713 604 135 136 85 515 734 615 583 312 447 908 154 45 680 318 88 619 300 646 708 475 125 597 780 223 58 794 510 201 495 840 48 911 466 442 905 847 255 338 687 777 182 25 653 438 182 540 690 124 884 905 346 599 545 199 692 159 128 252 647 767 110 51 308 827 453 18 502 228 184 581 841 358 836 535 0 119 497 876 384 489 868 908 132 487 406 532 286 927 742 906 60 900 143 640 147 830 267 454 294 798 509 77 543 561 235 908 88 86 666 475 910 914 535 730 299 567 264 91 202 886 763 683 857 177 843 726 41 262 444 725 310 811 138 39 271 98 885 82 190 808 199 845 286 347 274 709 440 875 3 173 660 801 284 331 224 928 904 871 400 150 898 578 890 68 10 559 816 346 498 830 57 789 38 166 907 887 267 672 67 916 448 260 85 759 140 456 367 90 104 87 833 51 533 505 57 720 507 119 399 569 496 191 883 928 111 821 715 519 75 267 126 498 656 750 739 63 133 196 459 854 777 897 321 95 133 548 250 263 305 211 158 583 670 340 174 662 176 881 132 575 267 89 558 191 637 439 272 219 561 916 313 148 446 736 54 103 510 193 617 418 824 510 426 349 590 81 143 220 697 831 253 42 674 620 941 711 446 613 483 860 640 594 190 621 868 882 850 292 720 122 116 305 71 262 846 96 173 372 81 285 90 533 887 821 552 16 192 351 86 413 839 569 936 21 464 684 213 403 640 260 664 618 478 824 419 428 163 39 99 149 759 530 354 67 8 477 416 371 645 177 515 589 706 593 111 716 98 67 737 241 264 9 26 872 854 371 218 278 187 234 37 497 741 48 63 47 855 627 867 877 737 128 132 740 223 348 632 851 312 287 253 887 809 139 884 348 488 535 635 773 96 119 620 719 479 81 158 604 663 512 579 855 35 831 129 136 149 602 571 72 404 772 734 372 202 206 555 929 445 189 517 247 514 522 846 54 698 363 381 385 474 693 531 537 907 588 467 597 537 395 218 613 936 744 197 265 758 479 596 879 200 668 58 135 130 826 679 464 508 335 90 377 582 240 641 167 893 849 244 261
937 84 256 838 647 953 683 819 113 297 461 174 884 913 78 297 651 984 132 209 33 434 412 343 360 480 214 908 751 619 170 172 41 586 789 643 617 321 496 946 46 122 714 338 197 666 312 717 744 518 202 655 820 232 73 830 568 278 555 891 146 948 542 460 963 892 270 382 713 815 222 144 724 484 214 576 735 157 945 935 408 645 597 188 730 239 9 349 690 827 207 140 364 879 465 120 552 289 263 642 887 368 870 558 119 0 565 917 456 530 898 951 191 554 498 566 331 969 789 937 163 953 243 683 185 883 330 512 332 861 553 195 594 593 307 964 158 123 688 502 924 957 580 790 374 622 318 42 293 929 804 726 901 273 889 784 139 326 507 781 327 872 18 124 311 201 936 38 179 833 314 897 374 370 323 766 506 896 123 85 715 834 207 374 117 987 948 920 436 264 943 631 937 71 124 619 862 423 529 878 121 838 116 156 946 929 298 707 69 956 512 272 111 809 228 514 434 198 22 97 872 155 541 549 170 765 555 184 449 610 557 179 918 967 230 869 769 573 117 184 196 556 717 777 796 151 248 199 491 909 825 945 367 34 37 577 326 289 350 286 154 648 704 358 240 687 252 927 230 618 196 151 574 162 679 510 204 306 613 967 384 209 518 788 165 186 547 237 665 505 890 569 483 371 646 122 218 271 755 876 319 159 717 683 984 762 486 674 545 911 706 646 228 666 916 923 898 313 768 169 105 326 163 275 889 122 238 393 146 345 91 579 932 860 593 134 277 387 174 458 888 621 985 112 533 736 209 447 672 347 716 679 513 875 468 459 218 86 95 198 791 555 380 73 123 547 475 399 722 224 564 675 761 662 175 774 44 184 800 220 309 116 101 922 905 425 236 241 172 225 83 540 776 96 142 147 891 646 910 920 799 181 181 791 283 419 684 888 358 365 332 930 846 241 941 397 550 592 658 823 139 113 660 769 529 104 201 656 707 546 644 896 135 889 193 165 30 654 619 73 434 821 780 428 195 247 593 981 490 301 537 332 583 575 896 74 746 380 404 402 538 755 580 596 948 640 526 634 587 457 282 672 977 783 143 341 818 518 645 935 117 700 134 211 164 873 725 500 548 384 155 405 624 270 687 160 916 914 306 291
410 502 340 322 252 436 206 256 451 297 184 400 400 426 508 277 88 442 456 368 532 230 170 224 216 228 367 400 265 287 395 393 558 24 245 237 193 303 110 444 560 461 258 274 514 163 303 153 268 128 373 113 321 357 502 344 55 295 43 355 526 449 52 234 411 372 324 198 290 322 344 488 159 126 354 164 226 408 388 462 157 152 95 406 251 338 569 269 198 272 389 448 203 340 257 513 96 276 313 90 363 281 389 219 497 565 0 409 113 134 426 434 376 11 152 170 240 453 270 458 437 409 553 192 380 343 235 69 248 301 122 446 95 192 262 415 416 444 289 195 512 440 125 236 198 97 247 566 299 411 305 228 381 327 366 235 456 239 62 236 286 316 577 464 263 404 397 540 412 389 374 358 222 249 246 218 59 460 495 534 176 358 526 208 580 434 426 386 179 390 421 111 409 557 503 74 341 152 180 348 552 309 470 426 440 414 284 246 502 447 55 326 455 276 357 70 131 416 543 468 371 520 284 121 447 253 104 386 135 155 41 412 428 462 455 341 229 76 452 535 375 52 162 334 247 435 494 386 177 363 299 413 208 532 543 201 247 296 223 286 423 87 247 267 327 275 321 401 369 153 508 420 259 439 192 58 502 280 104 430 183 358 51 254 509 394 153 328 159 122 328 52 93 252 110 446 355 294 207 357 247 464 219 126 467 231 146 122 35 373 144 127 339 170 384 413 369 287 248 396 462 279 426 323 374 443 329 243 426 220 474 117 411 361 146 497 305 208 552 142 356 106 451 484 32 203 387 151 233 243 186 126 163 338 126 188 347 529 470 367 326 209 235 557 502 21 97 221 163 341 102 153 220 97 395 224 521 488 242 406 261 506 493 386 367 148 345 430 420 384 520 128 299 482 548 449 400 280 397 404 242 384 384 258 282 149 160 391 217 210 244 415 355 366 391 178 37 69 264 292 427 455 188 241 97 462 364 135 209 164 83 387 462 337 375 401 582 133 128 495 201 293 266 144 398 321 161 440 129 354 231 253 19 80 363 542 226 261 234 250 32 198 105 65 439 123 58 187 100 110 283 125 465 289 479 232 263 145 141 385 526 252 547 363 400 349 214 159 140 190 416 218 155 307 184 421 470 353 259 289
56 872 662 87 282 40 234 237 810 619 456 775 57 48 876 665 363 117 833 748 886 486 573 610 562 444 703 9 165 331 754 752 921 401 176 281 300 600 430 36 899 835 206 579 910 259 607 313 173 402 752 296 97 686 867 90 376 680 392 89 913 42 458 464 151 44 647 540 221 102 701 873 307 438 706 340 188 767 173 88 534 278 335 732 186 721 918 674 229 183 776 825 568 105 466 894 375 648 698 319 56 556 69 366 876 917 409 0 512 388 77 38 745 415 556 351 591 54 139 76 820 113 954 236 739 104 611 428 587 200 367 839 337 325 646 142 789 807 251 416 203 44 341 203 593 318 612 929 695 29 113 193 39 723 52 192 836 616 443 184 592 173 925 840 609 793 94 901 741 136 780 97 625 548 603 203 454 148 876 862 234 96 806 547 894 168 48 73 481 792 45 305 56 927 884 335 70 553 389 77 934 105 844 762 32 21 620 211 864 39 442 646 816 138 743 426 520 806 897 827 45 909 409 372 834 158 370 758 478 308 392 741 42 54 854 77 185 362 817 824 751 387 258 164 183 813 896 718 426 118 112 72 556 887 887 343 636 627 572 670 763 331 214 561 702 245 703 52 760 301 795 790 364 763 239 464 786 674 320 93 572 729 459 158 900 774 370 687 261 527 212 377 454 547 300 810 734 657 213 54 626 851 203 291 69 179 432 290 408 89 289 288 693 256 68 9 65 604 161 761 812 591 806 642 36 803 703 526 798 592 831 344 36 57 325 881 695 530 943 463 78 313 94 860 437 207 711 474 247 644 223 287 404 97 457 458 714 903 824 731 137 366 536 928 883 429 465 518 347 702 361 434 193 338 767 201 875 881 214 712 614 886 867 81 88 506 681 714 749 699 893 379 143 850 934 830 43 296 16 21 210 752 749 154 654 543 251 35 565 605 637 22 73 759 137 528 401 351 274 123 791 804 257 168 398 824 724 279 213 370 334 22 841 149 748 756 926 281 306 856 483 118 144 505 725 676 324 113 431 758 390 649 397 358 76 913 184 541 514 519 419 237 346 351 31 294 417 282 342 488 658 285 61 133 797 623 189 399 282 136 843 220 931 742 759 67 200 417 369 541 788 511 295 647 236 758 134 209 633 626
517 390 248 425 309 542 291 368 342 210 162 288 496 524 396 165 195 553 344 255 423 195 61 113 127 217 267 503 358 325 287 285 447 131 355 297 254 228 111 546 454 349 339 198 403 256 223 263 357 148 261 219 420 261 391 440 136 183 120 464 413 550 88 213 523 477 233 118 362 419 238 375 269 116 249 213 325 300 501 557 58 239 179 308 340 225 461 163 289 384 276 336 104 449 238 400 149 167 200 200 470 221 485 247 384 456 113 512 0 162 520 539 265 103 105 212 145 559 374 555 324 520 444 282 273 452 127 88 159 414 168 334 177 242 150 526 305 334 353 198 593 545 187 348 86 194 143 455 187 517 403 323 487 215 473 346 344 130 70 346 208 428 469 352 168 291 507 429 312 474 269 468 113 184 147 329 59 545 383 431 283 451 438 127 480 546 533 495 138 281 528 207 517 445 390 180 446 41 200 456 439 416 358 323 543 519 190 328 391 551 70 237 345 384 244 91 27 303 434 359 471 408 294 165 335 354 156 275 89 224 119 313 527 565 344 448 338 151 341 444 264 125 274 416 358 323 385 286 175 475 405 522 120 423 436 241 134 204 132 174 319 199 328 199 216 342 209 508 257 226 418 308 286 340 281 55 413 167 193 540 72 248 63 362 397 282 188 222 252 84 440 135 72 188 214 335 243 188 317 462 137 352 313 238 573 337 140 232 104 483 256 224 234 260 493 516 476 203 351 287 355 199 314 234 479 333 219 188 315 115 365 181 517 460 209 385 193 139 440 110 464 199 560 372 81 309 291 111 306 133 291 237 175 447 99 164 238 417 362 258 415 237 171 445 389 93 62 165 266 233 162 228 329 209 283 335 412 376 354 315 162 393 381 496 477 76 247 346 320 291 408 164 390 370 435 337 499 331 501 509 354 275 275 365 173 37 261 491 127 97 132 520 452 253 503 98 111 161 323 399 317 348 269 346 130 353 256 233 303 196 195 490 350 449 264 293 474 231 211 385 163 400 368 70 300 216 220 550 125 246 247 141 130 156 472 430 328 203 184 201 94 310 174 161 543 218 97 258 175 44 174 233 570 385 380 119 375 163 232 497 427 330 434 251 292 455 313 163 179 105 305 165 231 209 278 319 558 465 150 195
407 484 280 307 148 423 154 317 422 235 76 388 360 389 488 285 198 454 446 362 499 119 217 231 174 100 318 379 223 164 366 364 534 153 266 137 97 223 52 419 516 447 192 198 529 137 228 241 218 16 366 145 291 302 479 305 85 298 92 361 528 422 173 111 438 361 264 152 206 287 313 487 244 54 318 53 204 379 425 417 158 115 82 350 203 337 533 314 160 309 393 438 184 351 131 507 42 262 315 146 357 186 347 89 489 530 134 388 162 0 380 421 358 128 254 50 204 439 258 417 434 425 578 153 351 354 228 83 199 349 25 458 79 81 264 439 402 419 193 64 437 427 51 273 223 111 226 541 319 399 275 196 371 346 358 263 449 233 104 258 211 354 540 452 221 410 407 513 358 324 419 368 265 167 215 246 122 394 489 482 194 312 445 159 519 463 418 390 94 419 413 113 407 539 498 125 331 197 46 348 547 308 456 378 418 399 233 183 477 427 110 263 429 281 360 80 157 423 511 439 344 524 150 22 450 235 38 371 95 80 94 358 394 439 478 338 244 72 429 459 364 84 208 266 275 427 522 334 53 383 295 415 168 501 502 78 258 242 185 288 378 165 181 183 316 184 319 397 379 87 430 403 129 382 149 144 423 299 94 437 200 342 146 260 516 388 26 299 136 226 380 89 90 168 134 422 348 269 236 345 243 466 186 182 454 235 44 169 101 382 211 124 306 136 386 394 367 221 238 373 426 209 420 260 359 415 317 149 410 208 443 52 402 332 63 494 315 143 560 77 358 103 454 473 132 211 329 86 154 276 190 174 31 345 74 79 327 515 437 343 271 79 154 540 496 140 100 135 268 315 46 283 236 191 379 254 488 499 289 336 226 499 479 393 375 124 295 348 366 319 505 11 251 463 548 443 366 168 380 390 286 364 361 263 268 180 158 361 177 235 261 400 320 380 416 142 98 95 163 294 403 418 131 240 39 436 336 133 177 34 163 367 454 367 361 369 541 132 92 469 103 291 249 125 342 288 66 451 45 392 96 277 146 71 366 525 216 167 138 148 110 246 58 102 419 118 83 108 68 122 273 162 448 255 419 247 300 15 118 410 467 181 545 356 371 342 195 36 19 154 400 130 94 260 157 373 410 403 249 239
132 860 643 124 252 107 229 294 796 602 440 767 31 30 864 664 394 192 824 742 868 464 580 609 552 419 685 78 162 291 741 739 907 421 219 256 285 578 426 72 877 825 188 560 909 265 587 354 163 395 745 315 108 667 853 81 384 677 402 157 907 70 477 439 227 109 629 530 187 105 689 866 349 432 692 328 199 754 249 38 534 281 341 711 180 716 900 682 231 240 772 817 563 171 438 886 375 642 695 340 121 532 37 341 868 898 426 77 520 380 0 107 736 430 576 336 582 113 164 39 814 190 956 237 726 171 607 433 574 264 362 837 343 307 643 219 780 794 214 397 128 111 338 250 596 330 606 914 696 106 122 198 110 724 117 235 827 613 450 225 572 239 905 830 597 790 171 885 721 74 788 167 632 529 594 242 463 72 868 839 260 68 773 537 866 244 122 148 468 795 120 316 133 915 876 352 121 560 371 140 925 153 833 743 81 96 605 197 850 92 450 626 803 180 739 430 524 803 880 812 73 903 372 367 829 175 368 749 473 301 402 720 39 90 855 136 221 368 805 793 743 395 291 123 230 805 899 700 410 191 154 148 547 871 867 322 636 611 563 667 745 356 198 540 696 212 699 128 758 297 764 780 331 741 239 476 755 675 328 169 574 720 472 194 895 767 358 676 268 547 281 386 456 528 316 798 727 648 250 110 623 845 207 319 125 209 422 315 418 162 324 299 681 259 143 84 135 586 184 749 795 573 799 623 97 789 696 505 788 587 816 342 112 76 319 873 694 518 939 456 146 322 166 850 450 233 691 466 228 648 244 312 390 161 452 442 705 892 808 720 109 343 519 916 875 445 467 501 392 691 361 475 227 369 757 243 858 879 266 687 604 877 856 157 160 502 664 685 728 676 881 373 130 838 927 822 40 259 89 98 261 741 738 191 647 548 266 54 556 608 638 97 74 758 213 522 411 361 242 167 779 788 252 197 397 810 712 291 218 356 359 80 833 219 739 742 905 293 309 842 466 160 164 503 704 664 314 188 424 764 363 652 417 364 146 901 204 519 495 496 430 278 347 363 87 304 423 271 345 490 653 308 111 136 772 623 243 389 288 212 818 200 924 736 746 126 212 404 360 534 778 494 291 633 243 739 61 281 628 611
37 904 697 115 319 2 268 242 843 654 490 807 93 77 909 695 382 86 865 779 919 521 600 640 594 480 737 45 200 369 787 785 955 424 194 318 336 635 461 41 933 867 242 614 940 289 642 328 208 434 783 321 132 720 900 128 404 711 420 91 944 46 481 500 128 62 682 572 259 138 734 904 321 470 739 374 218 800 156 107 564 309 364 767 221 751 953 701 261 191 807 857 600 109 503 926 405 679 728 344 71 591 106 402 908 951 434 38 539 421 107 0 778 441 578 385 624 19 166 93 851 91 983 268 772 107 642 457 620 199 399 869 367 361 676 119 821 840 289 452 226 6 373 216 621 345 644 962 724 23 147 225 53 752 67 208 867 647 471 202 626 172 959 871 642 823 77 934 776 172 807 95 652 583 635 222 481 176 907 898 258 135 843 579 930 141 18 64 514 820 20 334 38 960 916 361 93 581 424 88 965 125 876 797 29 21 653 247 897 23 470 680 849 159 773 455 549 836 931 860 82 939 447 404 865 188 401 790 509 341 420 775 69 41 883 93 206 392 850 861 782 415 278 202 198 845 924 753 460 111 135 49 588 921 921 379 665 661 605 700 797 353 251 596 734 283 734 41 790 334 832 823 401 798 272 490 823 703 349 64 602 761 484 180 930 805 404 720 291 550 206 404 484 582 326 843 765 689 232 77 657 882 235 312 34 203 465 313 435 82 307 317 726 287 62 30 70 638 189 793 846 626 838 677 62 836 735 561 830 623 864 375 24 94 358 912 725 564 974 495 84 342 59 892 463 231 746 506 283 672 249 309 438 104 489 493 747 935 858 764 176 402 571 960 914 455 494 552 360 735 392 447 215 358 799 218 908 911 224 747 647 917 899 71 85 537 715 751 784 734 925 412 179 883 965 861 79 334 41 31 221 784 781 176 685 572 279 73 597 634 666 21 111 789 120 560 429 378 312 143 824 838 291 193 429 857 757 307 245 405 356 56 873 146 780 790 960 309 337 890 517 141 174 536 759 708 358 82 464 785 427 678 421 388 79 945 212 576 549 554 446 253 377 378 23 322 445 317 372 517 690 309 32 168 832 652 198 433 312 120 879 256 962 773 792 85 229 451 403 573 820 546 327 681 267 792 158 198 664 660
761 128 126 663 490 780 511 631 79 149 297 32 718 747 133 107 460 804 88 34 158 283 220 152 184 330 89 736 581 474 36 34 182 396 607 483 451 187 317 776 196 90 548 190 189 489 175 528 576 344 29 471 649 108 126 663 383 87 370 712 174 780 351 311 780 717 132 206 555 645 52 134 534 307 58 408 559 42 760 773 221 469 417 111 561 53 197 170 517 642 66 81 179 699 324 150 373 101 74 456 711 231 705 403 132 191 376 745 265 358 736 778 0 365 310 400 154 796 613 774 83 772 246 509 32 702 141 327 162 675 378 124 414 429 116 782 44 69 534 343 778 784 405 605 183 440 134 190 111 756 632 553 727 100 713 600 92 137 320 598 182 687 206 94 139 80 757 164 106 676 181 717 186 216 143 583 317 743 132 183 533 669 244 199 239 803 774 742 268 139 769 449 761 183 141 434 686 232 366 701 189 660 98 96 776 756 136 540 126 785 324 138 80 630 56 329 245 91 170 95 702 172 404 374 103 590 377 14 269 438 371 107 751 797 160 692 588 391 76 237 17 372 531 618 613 71 206 95 327 728 648 768 190 158 175 416 135 134 173 95 87 460 538 211 49 530 62 751 77 444 223 45 427 126 506 320 223 119 432 788 193 18 328 608 167 40 378 62 487 314 702 384 299 219 463 70 34 89 571 701 129 116 543 497 811 583 315 488 358 732 518 465 61 491 739 751 721 164 591 24 98 177 67 140 716 70 47 242 52 158 101 402 757 690 421 139 91 218 210 282 710 440 807 115 344 556 113 272 508 159 536 493 346 695 289 296 31 158 100 21 627 398 222 184 139 358 290 239 531 46 386 484 579 473 21 590 148 157 614 151 132 141 121 744 725 242 98 195 109 132 148 366 609 107 193 88 724 496 737 747 613 11 17 612 95 228 504 719 181 174 141 757 678 88 758 217 363 408 503 645 52 92 488 591 349 88 32 475 533 380 456 724 98 706 8 44 212 474 441 120 272 643 604 244 109 75 423 801 314 154 386 143 394 394 718 169 568 235 251 255 351 569 401 411 777 459 341 465 407 270 92 487 806 612 157 150 633 347 467 753 191 536 189 30 38 697 549 332 377 204 43 246 451 111 511 93 761 727 117 130
417 492 329 328 250 443 209 266 441 287 175 390 405 431 497 267 99 450 446 358 521 220 161 214 205 220 356 406 269 284 385 383 548 34 253 236 191 293 101 450 550 451 260 263 506 166 292 163 271 121 363 120 326 347 491 349 54 285 39 362 517 455 51 225 420 379 313 187 291 327 334 478 169 116 343 161 232 398 398 467 146 155 95 395 254 328 559 261 202 281 379 438 192 348 249 503 92 265 303 98 370 271 394 215 487 554 11 415 103 128 430 441 365 0 149 166 230 460 277 464 427 418 545 196 370 351 225 59 238 311 118 437 95 190 252 423 406 433 289 188 515 447 123 244 189 101 236 555 290 418 310 232 388 318 373 243 446 228 52 244 275 325 567 454 253 395 405 529 401 392 366 366 213 239 235 226 48 463 486 523 183 363 515 197 569 443 433 394 169 382 428 115 417 547 493 80 348 143 174 356 542 316 460 415 447 421 273 248 491 453 44 316 445 283 347 60 121 406 533 458 376 511 279 116 438 259 100 376 125 154 37 401 433 469 446 349 237 74 441 524 365 48 171 337 255 425 486 375 170 372 306 421 197 522 532 197 237 285 213 276 412 96 249 256 317 275 311 408 360 153 497 409 254 428 195 50 491 271 106 438 173 348 44 261 500 384 148 318 162 118 337 51 82 242 116 435 345 283 215 364 237 455 223 135 474 237 138 130 27 381 153 131 328 173 392 419 376 276 254 386 452 268 416 313 381 432 319 233 416 209 463 115 418 366 144 488 296 197 543 132 363 109 459 474 23 209 376 141 234 235 192 134 156 346 116 179 337 519 459 357 330 204 224 547 492 16 86 211 174 330 99 162 228 108 384 233 510 479 251 395 251 496 483 394 375 138 334 419 409 373 510 122 303 471 539 439 406 278 403 411 251 374 374 265 271 139 165 397 206 201 235 421 360 356 400 167 31 71 263 299 416 444 190 248 90 452 354 139 213 159 92 394 452 346 365 390 571 137 129 485 191 300 272 133 387 310 159 448 120 346 225 244 30 79 371 532 232 251 224 240 22 207 103 68 446 127 49 187 99 99 273 132 472 294 468 222 272 138 144 394 515 253 537 353 390 356 219 151 136 179 406 208 156 296 188 410 474 363 249 278
551 423 329 469 393 580 357 373 388 297 266 324 550 575 429 203 200 576 373 289 466 300 99 172 221 321 337 546 417 418 339 337 481 156 385 379 335 322 207 592 506 380 408 294 403 314 315 265 419 242 296 262 471 337 427 495 200 222 184 494 426 597 100 317 539 517 316 217 438 472 299 392 272 216 312 299 377 350 512 613 154 303 243 379 402 260 504 155 350 403 298 364 191 478 343 420 229 227 236 237 507 322 540 342 406 498 152 556 105 254 576 578 310 149 0 301 230 597 418 609 347 543 432 344 326 481 194 172 248 423 253 342 243 329 199 544 341 376 434 299 663 584 266 369 137 248 216 488 206 555 455 379 525 230 511 372 370 194 151 376 302 443 514 381 251 309 533 467 381 540 245 496 124 284 227 357 133 612 405 490 322 510 517 224 543 559 568 526 242 275 564 262 551 473 410 225 487 100 296 491 456 453 388 387 587 559 274 396 430 593 145 321 388 420 271 175 127 318 477 403 519 418 395 250 351 403 238 315 193 300 182 382 577 609 339 485 372 220 382 519 303 192 300 485 384 352 372 356 276 497 444 553 215 465 485 331 179 288 222 216 381 225 397 298 262 421 248 543 275 299 496 347 382 409 344 112 492 192 254 567 142 293 112 399 405 313 279 284 310 30 444 198 168 288 261 377 280 252 346 503 196 368 370 266 610 376 241 265 167 512 274 278 297 322 525 559 511 294 397 334 407 293 341 319 520 379 266 291 352 191 410 258 555 510 288 403 222 240 444 214 497 258 589 399 132 349 365 215 381 151 335 269 273 478 201 268 289 444 409 309 478 332 272 472 410 133 161 269 252 290 240 183 363 222 323 362 456 381 369 395 241 415 410 525 506 180 321 430 389 370 437 253 451 405 447 362 550 419 543 549 371 320 323 402 232 119 310 540 219 142 170 560 505 267 521 198 174 219 407 435 360 400 338 388 217 395 311 286 360 289 222 534 375 467 306 347 521 284 277 425 268 438 415 174 372 282 301 575 224 233 345 167 160 225 504 458 375 305 288 305 155 330 248 216 585 274 174 334 245 147 229 271 609 440 448 165 394 258 292 515 491 402 448 288 343 493 365 262 268 203 343 269 303 286 336 382 621 468 212 278
375 524 312 274 99 387 118 309 460 269 105 430 319 348 528 332 218 426 488 406 535 138 267 279 216 103 352 342 186 118 405 403 572 185 246 88 51 251 102 380 548 489 149 229 575 116 257 248 179 65 410 146 254 335 518 265 116 344 127 333 571 383 215 120 415 328 297 194 158 249 353 531 251 102 356 13 175 418 405 374 207 95 92 382 164 382 568 363 129 293 438 480 230 325 132 550 75 307 361 155 324 208 305 52 532 566 170 351 212 50 336 385 400 166 301 0 246 403 228 375 478 398 624 123 390 328 274 129 238 335 49 503 90 31 311 414 444 458 143 68 389 392 50 260 272 116 270 579 367 365 238 164 337 394 326 247 491 280 150 239 241 336 574 494 261 455 379 551 390 278 468 341 314 197 258 231 168 347 532 512 180 270 465 200 546 440 384 360 132 467 379 112 375 579 540 139 299 247 39 318 589 279 497 411 380 364 270 141 515 390 156 295 467 255 405 126 206 469 547 477 306 568 122 51 494 204 66 413 143 53 130 390 353 401 524 308 225 96 469 481 407 118 203 219 258 469 570 368 75 358 266 384 211 537 536 31 306 277 227 334 412 179 139 211 360 135 364 365 425 63 452 444 90 413 118 189 444 347 97 407 249 384 190 236 560 431 24 339 117 272 367 119 140 197 134 462 392 311 222 312 290 510 155 184 418 212 87 170 140 354 214 117 345 111 356 357 336 253 209 413 461 240 463 292 324 454 360 175 451 254 481 58 368 294 41 537 362 181 604 123 329 105 423 514 174 191 361 131 108 325 171 174 54 318 123 107 368 556 474 384 227 42 186 580 539 180 150 167 281 355 68 310 218 206 421 239 524 544 277 363 268 541 520 364 347 172 330 370 398 349 545 49 211 502 591 486 326 119 344 355 274 405 401 239 312 230 143 322 220 284 309 365 280 426 392 188 135 114 113 267 443 454 97 216 84 474 376 123 146 20 177 330 497 346 403 407 575 123 82 507 132 263 218 174 374 327 31 423 93 441 70 326 177 93 336 565 190 192 164 170 151 238 70 122 382 112 127 69 80 172 318 161 411 218 447 295 285 54 103 387 495 136 588 400 410 311 167 68 33 199 442 161 68 297 131 407 364 389 294 276
608 280 103 510 338 626 357 490 220 67 145 185 564 592 285 104 328 653 242 162 299 140 133 73 30 185 126 583 427 327 163 162 331 263 458 330 297 96 165 622 322 244 394 73 332 336 87 392 422 190 165 324 495 118 276 508 237 108 225 560 326 626 230 168 632 564 89 52 402 491 111 285 398 154 117 254 406 177 614 619 87 316 266 166 406 139 335 169 363 496 195 235 41 549 186 304 221 65 123 312 558 115 550 253 286 331 240 591 145 204 582 624 154 230 230 246 0 643 460 620 233 622 385 356 148 552 50 182 22 531 225 261 263 275 82 633 199 216 382 192 628 630 251 459 100 291 31 339 143 602 478 399 573 164 560 452 246 56 179 449 78 541 342 249 23 213 606 311 172 522 253 566 140 82 13 435 182 591 286 294 384 515 293 45 340 656 621 590 114 237 615 299 608 336 295 289 533 130 213 548 344 508 252 186 622 603 46 386 274 631 186 93 226 479 163 183 118 226 311 237 548 323 264 220 250 437 224 167 117 284 227 171 597 643 287 539 438 241 226 299 161 226 386 464 465 224 334 145 174 578 496 616 36 300 306 263 91 60 19 100 183 320 384 88 115 377 123 599 186 290 274 199 280 199 352 192 269 126 281 637 88 138 200 457 316 186 224 96 335 220 560 238 153 86 315 219 147 66 424 548 63 265 389 353 657 432 160 343 216 581 377 315 104 337 587 597 568 66 438 169 227 67 218 90 562 213 115 104 206 42 242 249 604 535 266 292 129 66 359 129 558 290 655 269 210 405 147 118 354 129 385 348 192 544 137 144 123 312 237 140 473 247 81 336 293 226 146 93 403 111 233 372 429 336 176 442 288 301 469 170 23 295 275 592 574 94 105 202 180 147 301 212 455 259 346 241 569 346 583 593 468 160 157 461 69 114 353 565 27 102 100 603 523 189 610 66 221 261 351 493 200 219 334 439 198 233 133 324 379 226 316 570 251 558 157 167 345 323 289 267 122 491 451 98 158 85 269 650 160 222 238 119 259 244 566 322 416 106 109 120 211 425 249 265 623 309 196 311 256 130 77 341 652 458 239 91 487 193 315 604 286 382 342 155 169 544 396 178 223 53 197 99 297 66 358 181 608 584 57 51
52 923 715 134 335 17 286 259 862 672 508 826 104 83 928 714 401 88 884 798 938 539 619 659 613 497 755 62 218 384 805 804 973 443 213 335 353 653 480 42 951 886 259 632 959 308 660 346 226 453 802 341 150 738 918 144 423 730 439 109 963 45 501 517 136 82 700 591 274 155 753 923 340 489 758 393 237 819 166 106 583 328 384 785 239 771 971 721 280 209 826 876 619 127 520 945 425 698 747 363 90 609 118 419 927 969 453 54 559 439 113 19 796 460 597 403 643 0 186 92 870 99 1002 287 790 125 661 477 639 215 418 888 386 378 695 126 840 858 304 469 224 14 392 235 641 365 663 981 743 42 165 244 72 771 87 227 886 666 490 222 644 187 978 890 661 842 89 953 794 182 826 112 672 601 654 241 500 178 926 915 278 148 859 598 947 146 32 80 533 839 36 353 53 979 935 380 112 600 442 107 984 145 894 815 32 40 672 264 916 21 489 698 868 178 792 474 568 855 949 878 98 958 462 423 884 207 420 809 528 359 439 793 75 31 902 113 226 411 869 877 801 435 297 216 217 864 944 771 478 125 154 61 607 940 939 396 685 680 624 720 815 372 268 614 753 298 753 58 809 352 849 841 417 816 291 509 840 723 368 69 621 780 504 199 949 824 422 738 310 570 220 424 503 600 346 862 784 708 252 97 676 901 253 332 15 223 483 333 455 98 327 336 745 306 79 46 88 656 208 812 864 644 857 695 81 855 754 578 849 642 883 394 43 111 377 931 744 582 993 514 103 361 57 911 482 251 764 525 301 691 268 329 456 123 508 511 765 954 876 782 190 420 589 979 933 474 514 570 378 754 411 466 234 377 817 237 927 930 242 765 666 936 918 86 101 556 733 768 802 752 944 431 196 902 984 880 91 350 60 50 239 803 800 196 704 591 298 87 616 653 685 40 127 808 130 579 448 398 327 162 843 857 309 213 448 875 776 327 264 423 376 73 892 161 799 808 978 328 356 908 536 160 193 555 777 727 376 84 482 805 443 697 441 407 97 964 231 594 567 572 465 272 396 398 27 342 465 335 391 536 709 329 13 186 850 671 216 451 331 131 897 273 982 793 811 105 248 469 421 592 839 564 346 699 286 810 158 210 683 678
149 740 537 52 186 168 111 153 680 493 330 641 135 158 745 529 231 198 699 613 757 366 434 473 430 328 576 129 61 245 623 621 791 263 64 179 182 478 296 174 774 702 109 455 773 123 484 191 75 271 618 157 57 560 736 86 237 544 254 105 778 178 320 347 191 105 522 408 147 62 570 738 186 306 576 216 54 636 188 198 398 144 198 608 77 585 791 536 99 105 640 692 434 99 354 760 240 514 562 181 99 436 128 255 742 789 270 139 374 258 164 166 613 277 418 228 460 186 0 192 685 170 817 106 608 102 476 291 457 146 236 703 200 208 510 189 656 676 175 296 276 172 209 98 455 179 479 798 558 144 46 65 114 586 101 79 701 481 305 66 468 133 798 706 479 657 151 771 616 156 642 114 487 423 470 81 315 217 742 739 97 106 693 416 774 216 161 132 353 654 156 167 149 795 750 196 74 415 268 90 799 51 711 636 170 146 491 106 734 177 304 521 686 37 607 289 383 670 769 696 101 773 312 240 699 24 236 625 344 179 254 616 159 192 717 80 59 225 686 709 617 249 127 129 79 679 758 592 302 133 38 157 424 758 760 228 499 500 441 534 636 195 111 438 568 161 568 139 624 171 680 658 265 639 111 325 672 537 183 179 435 596 320 35 764 639 243 556 125 390 175 238 318 423 161 679 599 524 87 89 491 715 73 156 200 45 302 154 270 126 160 150 563 123 128 143 109 478 22 629 684 466 672 517 105 672 569 403 665 457 701 211 145 92 196 746 559 401 807 331 101 176 196 727 298 70 587 342 141 506 84 150 278 91 324 333 582 770 695 599 100 253 411 796 749 291 328 392 230 571 227 311 64 205 633 84 746 745 118 591 483 752 734 135 119 371 553 598 624 576 760 249 74 718 799 695 132 212 127 136 112 619 617 34 520 405 113 122 433 468 499 146 90 622 168 395 263 212 184 42 660 676 132 33 263 693 593 141 82 246 198 117 707 131 614 626 799 143 171 726 358 35 12 370 600 545 199 195 299 620 280 512 259 221 108 781 45 419 392 398 281 117 211 212 169 156 279 161 206 351 524 148 196 46 675 486 103 271 146 163 722 121 797 608 629 84 64 290 241 408 655 386 165 518 102 631 218 189 499 497
126 898 682 146 291 93 266 310 834 640 478 805 59 34 902 701 423 179 862 780 907 503 616 646 590 458 724 82 197 330 779 777 945 453 241 295 323 617 463 52 916 863 226 599 946 299 626 378 200 432 783 347 138 706 892 115 419 715 436 164 945 48 509 478 221 117 668 568 226 137 727 904 373 470 730 366 232 792 247 14 571 316 376 750 216 754 938 717 266 256 810 855 601 180 477 924 411 680 732 372 130 571 70 379 906 937 458 76 555 417 39 93 774 464 609 375 620 92 192 0 852 183 992 273 764 180 644 469 613 275 399 874 378 346 680 211 818 833 253 435 132 95 374 271 632 363 643 953 733 100 153 232 115 760 126 257 866 650 485 248 611 248 944 868 635 827 167 924 760 111 824 172 668 568 632 267 498 87 906 878 289 105 812 575 905 235 111 148 507 831 110 350 127 953 914 384 137 596 410 151 963 172 872 782 64 91 644 234 889 73 485 665 841 202 777 466 560 840 919 850 93 941 411 404 867 206 405 787 510 339 437 759 36 64 892 149 246 404 843 831 781 430 318 161 251 843 936 738 448 194 175 141 585 910 906 361 672 650 601 705 783 386 236 579 733 251 736 125 796 334 803 819 369 780 275 510 794 712 362 157 611 758 506 219 933 805 396 714 303 579 288 421 492 567 348 836 765 686 275 123 660 883 242 348 101 236 460 345 453 164 351 333 719 295 143 80 140 625 213 787 834 611 837 662 107 828 734 544 826 625 854 379 107 100 356 911 731 556 977 494 153 357 149 889 484 262 730 503 266 684 274 342 428 171 490 480 743 930 847 758 147 382 558 954 913 478 503 539 415 730 398 499 253 397 795 266 896 916 284 726 642 915 894 156 164 539 702 724 767 715 920 410 166 877 965 860 60 298 92 96 280 779 776 215 685 584 299 71 594 645 674 91 104 795 210 560 446 395 281 188 818 826 289 224 433 848 751 325 252 395 389 89 871 225 777 781 944 326 345 881 505 182 194 540 743 702 352 175 462 800 402 689 449 399 152 939 234 558 533 535 464 302 383 397 70 338 458 309 381 526 690 338 87 170 811 660 260 427 323 210 857 238 962 774 785 139 245 442 398 572 816 533 328 671 277 778 66 284 666 650
833 80 208 736 570 853 587 692 87 232 377 51 795 823 86 160 518 873 31 72 135 365 271 214 262 412 166 811 657 556 99 99 137 455 675 563 529 271 390 852 186 41 626 273 106 562 258 586 653 420 68 539 724 187 90 739 451 142 437 782 93 855 405 394 846 790 214 284 635 721 136 53 593 382 140 486 633 93 825 851 288 542 488 176 637 100 171 193 591 708 50 25 252 769 407 76 446 172 124 522 784 315 782 484 60 163 437 820 324 434 814 851 83 427 347 478 233 870 685 852 0 841 164 584 107 772 209 396 243 738 453 49 485 508 176 849 45 72 615 424 860 857 479 670 239 509 208 144 142 829 707 627 799 117 786 667 24 204 385 666 266 752 180 38 220 39 826 126 168 755 153 787 226 299 220 650 380 823 59 193 602 746 287 278 248 869 846 813 347 103 841 520 833 126 66 500 759 286 445 772 115 731 47 148 851 830 219 617 96 859 389 220 79 701 80 398 308 36 143 90 777 90 487 449 21 663 450 69 342 514 437 169 828 872 90 763 657 461 66 274 72 440 597 697 680 21 130 166 407 796 720 839 267 132 164 496 190 218 251 152 139 523 615 294 118 610 117 823 72 520 267 52 509 178 581 379 270 159 503 858 254 96 387 678 84 47 456 144 560 358 764 451 368 302 531 68 86 167 638 774 195 33 617 561 885 653 392 554 424 802 580 536 144 564 810 826 792 247 663 83 115 260 17 222 789 82 118 324 47 228 97 476 830 765 496 61 132 298 127 358 781 511 878 53 405 626 185 348 586 200 606 559 425 765 363 376 113 97 103 103 705 479 305 125 65 418 358 321 585 129 459 529 648 533 63 657 128 75 678 219 211 69 65 814 795 314 179 260 168 206 90 442 686 67 114 16 800 578 811 820 678 83 90 682 167 288 574 795 258 227 193 831 754 81 825 292 429 477 583 716 70 114 564 662 422 81 114 546 607 458 519 799 28 772 78 104 190 544 514 95 353 715 678 315 177 158 500 870 390 138 468 187 454 464 789 111 640 318 333 338 415 634 474 479 851 530 409 543 479 336 162 554 880 688 196 205 698 425 539 820 213 614 111 78 96 769 622 410 454 280 50 327 526 194 584 148 841 789 187 213
58 900 704 132 351 92 282 179 843 660 499 800 167 161 905 682 344 33 858 770 921 536 579 627 593 499 742 112 224 408 785 784 953 395 166 346 353 647 457 131 940 861 272 623 923 288 653 281 236 437 775 302 166 727 897 178 390 699 404 65 932 137 452 517 38 92 689 571 301 175 733 893 274 469 739 386 223 799 67 197 553 310 356 775 244 741 956 678 269 140 794 849 593 74 525 917 401 672 717 321 87 606 176 425 900 953 409 113 520 425 190 91 772 418 543 398 622 99 170 183 841 0 963 275 770 71 633 445 621 130 401 854 359 379 665 29 815 837 331 466 314 91 374 175 605 332 639 961 707 84 176 235 86 736 89 175 859 638 456 175 636 105 963 865 642 810 22 933 783 242 781 57 631 592 632 192 462 261 899 907 240 193 863 579 943 56 73 46 519 799 73 323 57 956 907 341 109 561 437 84 956 120 870 802 119 94 656 273 896 113 453 688 848 144 762 444 534 823 933 859 136 927 480 405 853 194 399 784 505 348 404 783 154 129 864 94 185 382 847 879 775 401 247 256 162 837 903 759 471 46 132 42 586 922 926 398 652 666 603 689 802 323 277 606 726 321 724 61 776 339 850 818 433 807 280 467 842 687 341 32 588 755 461 165 917 796 412 718 289 518 127 390 474 592 310 840 756 685 203 104 647 870 244 283 101 191 468 288 418 45 270 307 726 289 53 106 70 645 189 790 848 634 829 685 103 835 728 572 825 615 864 375 78 145 364 902 711 567 960 495 72 332 55 885 440 217 754 506 309 652 237 284 447 80 485 502 742 930 859 760 224 423 579 956 905 430 483 560 305 732 389 393 194 321 793 185 910 896 174 760 645 909 893 39 51 530 719 768 791 744 920 415 216 879 954 852 153 373 102 92 172 780 778 162 678 555 269 142 595 617 651 93 163 773 32 557 412 364 347 131 821 840 302 184 425 855 755 298 252 416 327 114 865 78 774 789 965 299 335 888 526 136 181 529 767 707 368 32 464 763 450 661 394 379 65 941 209 589 561 568 427 213 373 362 113 313 432 331 366 505 682 287 111 194 843 637 149 439 308 35 891 285 952 765 791 96 231 458 408 570 815 554 333 683 269 798 245 113 656 663
961 182 371 868 720 985 727 801 236 394 529 215 935 963 184 292 625 995 174 226 235 522 384 347 412 568 330 945 796 711 263 263 201 568 798 711 674 433 529 988 285 181 769 433 58 696 420 693 793 562 225 663 860 351 199 878 579 280 563 907 100 992 513 551 963 921 378 432 782 858 298 124 700 524 303 631 766 255 938 993 422 678 619 337 776 245 251 285 728 825 190 176 395 893 566 131 582 320 264 643 913 476 922 637 143 243 553 954 444 578 956 983 246 545 432 624 385 1002 817 992 164 963 0 721 271 896 351 526 398 850 594 124 617 655 314 967 209 224 765 576 1011 989 618 788 362 637 356 202 260 960 844 763 930 232 916 788 165 345 512 789 427 867 259 174 376 173 950 210 327 902 187 911 332 458 371 771 502 971 141 312 727 887 427 428 358 985 976 939 496 163 971 649 961 172 133 624 890 403 595 900 122 860 177 305 986 962 378 759 208 993 513 384 225 827 222 528 434 159 235 230 913 93 646 589 143 796 588 232 483 654 563 328 966 1008 100 892 781 592 214 409 232 567 715 843 800 181 60 329 557 917 849 966 415 229 267 645 320 379 401 290 297 639 758 455 271 759 262 952 199 659 410 214 665 332 718 496 415 280 634 983 382 256 502 805 89 206 601 305 693 452 873 578 501 461 657 219 239 322 760 905 335 133 753 680 1016 781 537 675 548 926 694 666 307 700 937 959 920 409 794 246 259 421 180 386 922 234 272 483 208 370 233 614 961 901 637 127 262 451 69 502 908 641 1004 163 522 753 347 493 731 311 734 679 572 891 504 528 273 160 242 266 848 630 461 170 135 533 490 477 683 290 595 613 772 644 227 777 235 89 793 379 365 140 169 939 920 454 343 418 326 368 167 584 826 191 101 165 938 730 944 952 793 247 254 809 316 411 704 932 408 349 318 963 892 198 944 437 554 604 734 843 229 261 704 790 559 223 277 676 742 605 635 933 162 889 240 267 271 674 649 214 507 843 810 453 338 318 643 993 532 201 623 305 569 596 915 170 771 478 490 497 537 750 610 605 985 661 538 685 613 467 309 677 1013 825 340 333 815 570 672 938 341 758 109 233 259 899 755 558 597 426 213 482 665 355 719 306 987 898 331 373
254 636 431 154 107 270 20 204 575 387 224 539 214 242 641 430 186 304 597 512 652 260 343 374 326 224 470 227 76 166 519 517 686 193 128 94 81 372 194 268 668 599 69 349 675 30 378 180 76 166 516 93 140 454 631 158 147 445 165 211 677 272 245 242 293 208 416 304 109 138 466 637 179 202 471 110 52 532 285 275 299 43 104 502 59 485 686 445 7 177 540 589 332 202 252 658 139 412 462 118 204 331 202 155 640 683 192 236 282 153 237 268 509 196 344 123 356 287 106 273 584 275 721 0 503 205 375 196 352 221 131 604 105 106 410 292 553 572 122 191 320 274 105 148 360 96 376 694 461 247 124 43 218 489 205 132 599 380 212 122 362 218 692 604 374 557 257 666 510 196 551 219 395 317 367 118 226 268 640 633 78 169 588 311 668 318 265 238 247 559 260 82 254 692 648 122 178 323 162 196 697 156 608 530 267 247 386 56 629 276 213 415 581 133 507 193 287 570 663 592 193 673 219 136 598 82 134 522 241 73 166 510 246 289 620 186 107 131 582 604 514 158 114 143 142 577 663 486 196 235 144 263 320 653 655 126 401 394 337 434 530 141 59 332 466 105 467 244 525 66 575 555 173 533 6 240 567 440 91 285 338 493 236 114 664 537 137 452 35 314 253 149 220 317 89 575 498 421 113 192 390 615 34 118 302 91 197 107 181 232 141 67 458 22 234 242 215 372 87 525 578 360 570 411 206 568 467 297 562 356 596 108 249 181 90 644 460 296 708 227 207 86 302 624 215 76 481 238 64 411 61 107 172 195 221 227 478 667 590 495 134 151 305 692 647 211 230 286 220 467 126 281 101 163 531 127 641 646 168 485 379 649 631 241 225 270 448 493 518 470 657 144 108 615 698 593 218 140 227 237 164 516 513 117 417 311 50 212 329 372 402 248 171 524 270 292 174 125 112 144 556 571 27 94 162 589 489 61 24 140 142 215 605 225 512 522 694 63 72 621 252 140 96 269 494 440 93 300 195 527 180 416 187 126 214 677 68 314 286 293 193 137 111 128 267 70 185 58 108 254 422 96 296 104 569 388 170 165 52 264 616 67 695 506 524 190 45 184 135 305 552 280 59 413 16 526 278 272 397 392
757 134 100 658 477 774 504 634 72 130 286 58 709 738 138 124 467 801 104 66 152 267 233 161 178 314 59 730 574 458 15 13 183 401 606 471 441 165 313 769 182 102 539 171 214 485 153 533 568 337 61 471 642 80 128 654 383 106 371 709 192 772 360 295 779 712 108 200 543 638 38 154 539 302 35 399 554 29 761 763 224 464 414 79 553 80 189 194 511 643 98 99 179 697 306 165 369 106 96 457 707 211 695 390 147 185 380 739 273 351 726 772 32 370 326 390 148 790 608 764 107 770 271 503 0 700 146 328 152 677 373 152 411 418 128 781 63 68 521 330 764 778 399 605 195 439 134 191 136 750 626 547 721 129 708 600 111 143 322 597 163 688 197 108 130 111 754 163 74 664 213 715 204 200 139 582 321 730 148 163 532 660 214 192 217 803 769 738 258 171 763 447 757 189 157 435 681 242 355 697 203 656 110 66 769 750 121 531 126 778 327 114 78 627 87 329 250 121 164 89 695 192 385 368 129 585 373 42 266 431 372 75 743 790 190 687 586 389 79 208 50 372 532 607 612 91 234 63 316 726 644 764 185 153 163 405 148 117 167 111 58 463 529 193 65 518 84 747 109 438 192 59 411 95 500 326 192 140 429 785 201 39 334 605 188 70 369 53 483 328 705 384 299 203 462 72 63 87 571 696 136 139 537 498 805 580 307 489 360 729 521 463 45 485 735 745 716 145 587 26 83 158 91 116 710 65 61 225 66 160 94 397 752 682 414 157 114 209 230 277 706 438 803 127 349 553 81 266 498 178 533 494 336 692 285 284 38 167 90 18 617 385 208 190 155 363 290 226 539 39 382 496 577 478 45 590 141 182 615 118 125 156 131 740 722 240 72 162 78 101 156 360 601 113 210 108 715 481 731 741 615 26 18 609 100 236 501 712 175 187 156 751 670 120 757 214 365 408 490 641 53 76 481 587 346 85 16 473 527 370 459 718 115 705 40 21 202 471 437 118 260 639 599 243 77 63 415 798 308 185 371 162 399 392 714 175 564 216 235 238 354 571 397 411 770 457 342 457 404 272 100 487 799 605 129 163 633 339 463 752 167 526 205 61 21 692 544 322 369 201 59 232 444 94 506 63 749 730 122 115
73 830 634 74 286 109 213 135 772 589 428 730 143 149 835 613 282 101 788 701 851 466 512 558 522 429 671 98 159 344 715 713 883 330 97 280 284 577 387 137 869 791 208 552 855 218 582 223 172 366 706 234 111 656 827 131 320 630 335 16 863 143 387 448 90 63 618 501 240 120 662 824 217 399 669 316 154 729 92 191 484 239 286 704 177 672 885 612 199 84 726 780 523 3 456 847 331 603 648 253 51 536 146 357 830 883 343 104 452 354 171 107 702 351 481 328 552 125 102 180 772 71 896 205 700 0 563 376 551 95 330 786 289 310 595 87 746 767 270 397 300 111 304 113 537 263 569 890 639 87 116 166 65 668 55 108 789 568 387 106 565 69 893 795 572 742 55 863 712 205 716 15 564 521 562 125 394 241 830 836 170 150 794 509 873 115 93 46 448 732 89 253 73 886 837 273 57 493 368 32 887 52 800 732 128 95 586 207 826 128 384 618 778 74 693 374 465 754 862 789 102 858 414 335 784 126 328 714 435 277 335 712 144 146 797 39 115 312 777 809 705 332 181 204 97 768 836 688 400 32 64 72 516 852 855 329 583 595 533 620 731 258 212 536 657 258 654 67 708 269 780 748 367 736 210 400 772 619 271 87 519 685 394 95 848 727 342 647 218 454 110 320 404 521 241 770 687 615 136 62 577 801 174 217 135 120 398 221 349 31 207 237 655 219 47 102 40 575 119 720 778 563 759 614 74 764 658 502 755 545 794 304 84 105 294 833 643 496 891 424 26 262 109 816 373 147 684 435 243 585 167 216 377 14 415 431 672 860 788 690 172 354 508 886 836 363 414 490 253 662 319 341 124 259 723 119 840 828 118 690 575 840 823 44 25 460 649 698 720 673 850 344 157 809 885 783 131 311 88 87 115 710 708 91 608 487 199 117 525 549 582 95 120 705 67 486 343 295 283 61 751 770 232 114 354 785 685 227 182 345 262 92 795 48 704 719 895 229 264 818 456 67 113 459 696 637 298 99 393 696 382 593 328 309 29 871 138 519 490 498 359 151 303 293 123 243 363 262 296 435 612 219 138 132 773 569 91 368 238 62 821 220 883 695 721 47 161 388 338 499 745 484 263 613 199 727 232 111 587 592
624 268 136 527 370 644 379 491 216 110 181 167 587 615 274 60 321 664 225 137 297 184 96 24 67 226 144 602 449 365 160 158 323 256 468 361 324 145 181 643 327 228 420 124 302 353 134 388 445 212 142 331 515 143 267 531 243 71 229 573 302 647 214 212 639 580 124 84 432 512 112 262 394 174 123 280 423 173 620 645 80 333 278 186 429 110 334 119 382 502 166 217 44 560 232 284 236 41 88 315 574 165 574 288 267 330 235 611 127 228 607 642 141 225 194 274 50 661 476 644 209 633 351 375 146 563 0 187 72 534 245 230 276 304 37 642 183 208 415 228 661 648 271 464 57 301 24 331 97 619 499 418 590 122 577 460 226 6 179 459 127 546 343 232 63 183 618 305 189 551 207 578 91 131 41 442 176 621 266 305 393 539 323 82 355 663 637 604 148 196 632 311 624 323 274 293 550 100 245 563 324 522 237 198 642 621 85 410 267 650 183 130 220 492 132 189 105 196 308 233 568 298 308 241 223 454 241 152 134 306 230 189 620 664 251 554 448 252 217 325 142 232 391 493 473 204 297 163 208 588 511 630 68 297 309 295 41 98 58 61 193 319 409 138 93 408 92 614 152 311 302 185 319 217 372 180 298 79 294 650 56 123 188 470 289 164 250 96 351 190 562 244 159 136 323 211 124 61 431 565 16 240 408 356 675 444 187 348 217 593 377 327 108 355 601 616 583 113 454 161 229 117 196 128 580 208 95 152 192 20 239 267 621 556 288 270 89 106 333 151 572 302 669 252 203 417 171 142 381 79 397 353 222 557 155 180 112 297 235 132 498 281 128 324 273 218 150 138 393 106 249 353 439 333 160 450 286 272 473 201 50 276 260 605 587 105 127 238 197 176 287 234 478 247 323 220 592 382 602 611 473 149 149 473 47 91 365 586 63 56 50 621 545 153 618 86 223 269 383 506 192 221 356 452 213 227 129 337 398 254 316 589 232 565 141 166 347 335 305 260 162 505 468 106 179 90 293 662 182 176 276 69 254 255 580 309 431 156 156 168 210 429 265 271 642 321 201 336 270 129 49 347 671 479 257 41 492 219 330 612 302 408 321 132 166 560 412 207 247 76 182 142 317 92 375 193 637 586 24 87
438 455 278 343 224 460 204 308 400 234 117 355 410 438 460 238 153 477 412 324 480 161 148 183 155 164 308 419 271 247 343 341 509 92 280 211 167 237 43 462 504 416 251 207 482 170 237 212 270 71 330 144 334 296 453 354 56 254 43 386 488 466 94 168 452 396 262 135 275 333 291 448 218 58 299 128 241 356 433 471 108 153 93 346 253 296 516 249 203 315 350 404 149 373 192 471 61 227 272 130 389 213 398 171 454 512 69 428 88 83 433 457 327 59 172 129 182 477 291 469 396 445 526 196 328 376 187 0 187 349 82 412 91 158 220 454 370 394 266 135 505 463 100 278 164 113 195 517 266 435 318 237 405 295 391 273 413 192 21 271 220 360 524 419 204 366 431 490 352 386 356 391 199 181 190 255 39 457 453 476 206 365 460 145 519 476 452 417 110 364 447 124 438 511 461 107 365 128 127 376 511 336 424 368 460 437 223 240 452 468 27 263 405 305 317 3 92 379 491 417 387 483 229 79 409 270 69 339 69 136 45 352 441 482 426 368 261 66 403 470 330 44 204 328 285 392 468 326 114 400 325 443 147 480 488 160 208 234 164 244 365 138 240 199 281 255 278 428 333 138 443 372 212 378 194 61 436 246 108 463 144 310 63 283 473 351 107 275 167 143 378 56 29 184 136 396 311 241 244 380 201 425 227 171 491 257 81 161 37 406 195 141 284 174 414 433 397 222 269 346 408 214 383 260 396 392 282 174 379 170 422 93 436 375 122 457 268 141 516 73 385 116 482 440 53 230 326 83 218 216 210 166 105 370 58 120 298 484 417 317 327 161 167 511 460 65 38 153 228 289 74 221 252 157 348 263 469 454 288 342 204 464 448 418 400 88 285 364 360 321 475 81 303 434 509 407 413 248 418 427 287 335 334 286 233 115 179 406 157 177 208 437 366 331 431 117 39 81 238 320 377 401 182 266 45 412 312 151 217 117 134 407 419 378 328 348 527 149 124 445 132 319 284 85 338 266 133 475 63 332 177 221 86 70 393 496 246 192 165 181 37 243 86 84 459 135 14 170 88 60 236 160 487 300 418 194 306 88 146 425 466 242 507 319 348 374 229 97 96 130 369 149 143 247 193 363 470 402 211 229
606 285 92 506 328 622 352 494 223 51 135 194 557 586 290 123 336 652 250 174 300 124 152 95 33 170 121 578 422 313 167 165 335 271 458 321 290 75 165 617 320 251 387 52 345 334 67 399 416 186 176 326 490 110 280 502 240 126 230 559 336 620 242 153 632 560 76 52 392 486 115 295 404 152 119 247 403 180 616 611 101 313 266 159 401 154 335 191 359 498 208 243 57 548 169 313 220 82 139 315 556 93 544 241 294 332 248 587 159 199 574 620 162 238 248 238 22 639 457 613 243 621 398 352 152 551 72 187 0 534 221 275 263 267 102 633 207 220 372 181 617 626 248 461 121 292 52 342 162 599 474 395 570 182 557 453 255 77 186 450 56 543 342 256 23 226 604 314 165 513 273 565 162 62 33 436 191 581 294 289 384 508 280 43 333 657 617 588 106 255 612 300 606 341 303 292 530 148 204 546 352 506 259 182 617 599 36 379 277 626 193 79 230 478 177 188 132 239 312 240 543 333 248 217 261 434 223 176 119 279 231 165 591 638 302 537 438 242 231 287 171 229 389 456 466 233 349 140 165 578 494 614 41 302 305 254 112 48 27 118 181 325 377 66 128 368 138 596 201 286 261 206 267 192 348 203 256 146 281 635 107 148 211 456 327 196 217 101 333 237 563 241 158 66 316 224 160 77 425 544 84 276 386 356 653 431 155 346 222 580 381 315 107 334 585 593 566 46 436 175 227 46 228 76 558 216 127 86 214 63 244 247 601 530 262 301 148 57 370 127 556 290 653 276 220 405 139 116 346 151 384 351 184 543 137 133 131 318 238 146 465 236 63 342 302 235 152 78 411 117 232 385 429 343 184 444 289 314 472 158 33 303 282 590 573 100 99 187 174 135 307 208 449 264 355 250 563 334 579 589 471 167 163 459 85 131 352 560 32 124 122 599 518 205 610 70 226 263 341 491 205 219 329 437 197 237 138 324 376 218 321 566 260 559 166 170 344 323 287 270 110 489 448 105 151 89 263 649 158 242 225 141 267 245 564 327 414 86 92 101 218 428 248 267 618 308 201 305 255 139 93 343 647 453 231 113 488 187 313 604 279 374 351 167 172 541 393 171 218 58 204 84 293 62 355 177 599 588 77 42
163 802 622 150 321 201 235 51 749 577 425 700 234 243 807 578 225 161 757 668 829 467 470 525 503 438 655 193 205 382 692 690 857 284 94 311 301 571 370 232 853 761 251 544 814 220 574 158 220 357 674 208 184 643 801 211 294 596 306 111 827 238 337 454 117 158 606 482 292 193 640 789 151 384 648 322 179 705 89 286 454 241 270 692 218 639 865 565 216 44 690 749 498 95 467 814 317 574 614 219 145 535 236 375 798 861 301 200 414 349 264 199 675 311 423 335 531 215 146 275 738 130 850 221 677 95 534 349 534 0 324 747 273 325 563 123 716 742 318 402 392 202 299 76 499 243 543 865 600 181 182 195 160 628 149 89 757 538 355 99 557 28 873 765 553 705 129 838 699 287 665 105 520 514 539 105 358 332 797 823 156 232 794 491 864 136 183 135 439 687 180 237 162 857 804 242 144 453 373 125 853 119 770 716 222 190 569 245 800 221 351 606 753 109 658 348 431 716 840 765 192 821 440 327 748 162 316 686 414 282 305 698 239 239 753 128 114 292 751 808 675 305 145 273 79 736 790 673 400 90 124 156 495 829 837 345 548 580 512 587 714 215 250 530 627 303 622 158 670 273 779 719 394 724 226 359 771 581 256 160 484 657 352 116 810 695 343 624 219 399 32 293 378 515 218 744 655 590 114 154 547 765 199 179 222 132 389 188 317 117 158 225 633 225 138 197 135 564 149 695 757 553 727 603 168 740 629 498 726 517 771 297 177 193 296 798 606 483 852 409 121 247 184 785 333 145 671 420 275 543 164 183 376 104 397 428 645 830 766 665 241 370 500 857 803 321 386 482 177 638 307 264 120 206 694 96 818 788 61 682 553 807 793 129 115 437 633 697 707 664 821 338 218 781 849 750 224 351 184 182 63 683 683 115 580 450 193 210 505 511 545 189 204 666 102 465 312 270 322 111 725 750 248 134 338 760 661 216 202 349 219 186 763 55 675 697 876 217 258 794 451 121 157 434 684 615 305 161 381 649 399 553 284 290 124 842 157 516 487 497 324 106 292 266 217 231 335 278 283 405 583 191 228 190 763 533 51 364 234 97 811 260 848 664 697 138 179 385 336 478 716 477 267 595 208 711 325 54 558 576
384 505 303 285 142 401 134 291 444 259 101 408 342 370 510 302 178 431 466 381 521 144 226 247 195 123 341 358 204 167 388 386 556 138 241 129 85 248 64 398 539 468 176 223 547 113 253 217 200 36 385 120 270 326 500 286 69 315 79 338 547 402 166 136 414 339 288 173 195 267 335 506 220 71 340 46 182 401 400 400 172 92 58 374 184 355 556 325 138 284 411 458 202 327 154 527 26 281 333 122 334 211 329 97 509 553 122 367 168 25 362 399 378 118 253 49 225 418 236 399 453 401 594 131 373 330 245 82 221 324 0 475 55 76 281 414 422 441 185 86 426 405 27 248 236 86 246 563 334 378 254 174 349 362 336 238 469 251 103 233 236 329 563 473 243 428 384 535 382 310 431 345 275 192 236 221 121 381 509 506 169 294 470 180 544 439 396 367 118 434 391 87 384 561 517 102 309 206 63 325 567 284 476 401 398 378 256 166 498 407 108 287 450 257 377 79 166 441 533 461 323 543 165 5 468 212 18 391 111 61 81 382 375 419 493 315 220 52 451 484 384 70 182 251 250 446 538 358 78 358 272 392 189 523 525 80 274 265 205 305 401 143 165 208 336 174 337 374 396 66 456 423 137 406 128 141 448 314 69 413 213 362 142 236 534 407 32 320 112 224 355 72 98 193 109 444 367 290 211 323 261 485 165 157 433 210 67 144 91 359 187 99 327 113 363 373 344 245 215 394 448 233 440 284 337 437 336 174 431 226 466 27 380 311 43 514 332 166 578 96 335 78 431 493 125 186 353 107 139 289 165 149 55 322 91 104 347 536 460 364 254 87 178 561 516 131 108 160 246 336 23 266 211 169 400 229 510 517 263 361 248 519 500 369 352 140 318 373 390 344 526 14 233 484 567 463 346 166 359 369 261 385 382 239 287 190 134 341 198 248 276 379 300 396 391 161 86 73 156 270 425 440 111 217 38 458 358 108 155 43 141 346 474 342 381 391 565 107 67 491 128 268 227 140 366 309 52 428 64 405 110 291 131 49 343 546 193 192 163 174 102 220 33 80 398 93 79 92 44 132 292 137 427 234 443 262 275 40 93 386 491 165 565 376 393 320 172 61 19 174 421 155 72 283 134 397 395 378 267 262
849 112 250 754 598 871 609 700 135 271 406 94 817 845 118 174 524 886 74 102 172 398 277 230 289 445 211 830 678 588 145 145 163 463 689 590 554 310 411 872 226 84 650 309 72 581 297 592 675 443 101 552 744 231 126 761 466 160 451 797 84 876 410 427 857 807 255 310 661 742 175 55 599 405 181 510 651 140 834 875 305 562 505 224 659 122 204 187 611 719 66 71 274 783 442 85 465 197 142 534 801 353 804 514 77 195 446 839 334 458 837 869 124 437 342 503 261 888 703 874 49 854 124 604 152 786 230 412 275 747 475 0 502 534 194 861 92 120 643 453 889 875 500 682 249 525 234 168 147 847 728 647 817 119 803 680 64 224 399 680 303 762 214 79 252 49 840 158 216 781 121 801 228 333 248 663 392 850 75 237 616 769 335 305 291 880 863 828 374 74 858 536 849 144 76 513 777 294 473 788 116 747 86 197 871 848 254 641 134 879 402 261 126 716 99 414 321 35 178 137 797 76 522 471 30 682 470 110 364 536 451 217 849 892 42 780 671 477 114 321 109 455 608 723 692 69 83 213 435 809 736 855 293 168 203 523 204 255 278 170 188 533 639 331 147 637 139 840 79 541 316 100 541 227 601 388 319 167 520 873 268 132 395 694 64 84 480 181 578 357 771 466 385 337 546 116 115 198 651 792 214 37 637 572 903 669 417 566 437 817 589 553 184 584 825 845 808 285 681 128 163 297 63 263 808 130 148 358 95 250 143 496 848 785 519 67 144 327 105 381 796 527 893 84 414 641 231 372 611 203 622 571 451 780 385 405 149 116 150 144 728 508 338 142 77 426 375 353 588 166 478 525 662 540 106 669 167 42 688 266 242 84 95 829 810 335 221 308 216 252 114 465 708 107 106 59 821 608 829 838 688 126 134 698 193 299 591 816 285 237 204 849 775 81 837 316 443 492 612 731 119 162 586 678 442 127 156 562 626 484 529 818 65 783 117 151 225 561 533 136 383 731 696 335 224 194 523 884 413 115 499 194 463 482 804 131 658 354 367 373 427 644 493 493 870 547 424 566 498 352 186 567 899 708 244 218 709 449 557 831 259 638 107 109 143 786 640 436 477 304 98 359 547 231 603 196 867 797 210 249
348 541 350 252 158 369 116 239 484 305 153 442 319 347 546 328 128 390 500 413 562 198 238 273 234 177 384 328 181 198 426 425 594 103 195 143 99 298 99 371 583 503 166 271 573 79 301 163 181 85 418 66 243 371 538 263 43 344 60 298 577 375 146 190 369 305 334 212 196 242 374 538 166 111 380 80 149 440 353 380 197 62 3 420 164 385 598 339 112 235 440 492 235 286 208 560 44 314 362 68 299 264 308 141 543 594 95 337 177 79 343 367 414 95 243 90 263 386 200 378 485 359 617 105 411 289 276 91 263 273 55 502 0 104 309 370 457 479 194 140 421 373 39 198 256 32 280 602 358 344 227 146 315 386 301 190 502 281 107 186 284 280 605 507 284 457 343 574 427 299 446 303 290 241 273 173 120 371 542 551 121 275 522 221 591 393 361 328 165 455 356 36 348 597 550 49 274 218 116 287 600 246 512 445 369 346 299 154 537 376 108 334 489 216 407 89 183 469 574 500 296 573 212 57 498 179 43 426 146 61 61 427 350 390 517 278 175 26 488 535 417 53 130 243 203 480 559 402 132 315 235 354 227 563 568 117 299 309 244 334 444 90 155 257 369 180 368 338 423 58 506 459 178 452 104 135 499 337 18 374 235 397 132 194 563 439 83 359 76 213 304 45 117 242 55 481 399 326 162 289 290 515 136 103 400 169 116 90 77 318 132 52 367 83 325 342 307 291 178 431 490 280 472 331 305 476 370 226 466 257 505 32 346 284 55 546 358 210 607 137 296 27 393 527 111 142 399 148 139 307 122 95 110 281 127 157 383 572 500 401 239 132 227 597 549 111 128 209 193 373 34 221 166 116 435 181 551 544 212 409 286 552 535 330 312 172 362 424 435 391 562 68 214 520 599 495 322 188 327 336 210 421 419 198 320 206 90 315 236 268 299 346 275 422 347 198 70 27 170 231 462 482 95 177 66 496 396 61 126 93 88 316 507 296 415 430 607 60 35 529 179 230 193 170 412 348 71 387 108 422 159 312 96 21 304 582 156 244 215 226 89 168 22 34 368 46 80 92 11 150 324 84 396 209 490 285 226 94 55 341 538 159 596 408 432 284 138 115 72 211 456 204 61 325 102 440 383 327 299 305
352 552 337 252 68 363 97 303 488 295 132 460 291 320 556 363 231 406 517 436 562 161 298 310 246 120 379 317 161 95 433 431 599 205 233 57 26 275 133 353 573 518 121 255 605 106 282 253 153 96 440 149 229 361 546 238 137 375 150 314 601 356 239 139 398 304 323 225 127 224 381 561 254 134 385 30 156 446 390 344 238 88 106 407 140 412 594 394 112 282 468 510 260 306 146 579 100 337 392 163 302 231 277 50 561 593 192 325 242 81 307 361 429 190 329 31 275 378 208 346 508 379 655 106 418 310 304 158 267 325 76 534 104 0 342 397 473 487 112 91 357 367 67 251 304 124 300 607 398 341 214 143 314 425 303 236 521 310 179 227 266 323 600 523 290 486 359 578 416 247 499 322 346 223 287 221 196 316 561 537 173 242 485 230 569 423 361 339 161 498 356 117 352 607 570 150 277 278 64 297 618 259 526 438 355 339 298 114 543 364 184 321 495 238 435 155 237 499 573 505 281 598 118 79 524 184 91 442 174 50 153 415 326 375 555 287 212 117 497 502 436 142 200 189 246 499 601 394 102 340 246 362 241 564 562 20 337 304 257 365 439 188 111 235 390 104 395 342 456 59 473 473 77 437 100 217 464 378 106 386 280 413 217 220 590 461 56 368 109 299 357 141 170 222 139 490 422 341 213 289 320 540 135 187 394 197 118 173 165 334 216 117 373 100 335 332 315 279 191 442 488 267 493 318 300 482 390 200 481 285 508 76 344 268 49 567 393 210 634 154 308 112 401 543 199 180 386 162 80 356 161 176 83 299 154 135 398 585 502 413 199 45 212 608 568 204 181 194 288 384 91 325 206 215 450 229 551 575 269 387 297 570 549 343 328 203 357 391 424 373 574 78 184 531 621 516 298 90 320 331 266 434 430 222 342 261 136 296 250 315 341 340 254 457 375 218 159 130 82 249 472 481 79 199 113 503 405 122 128 50 187 305 526 331 432 435 601 122 85 535 159 243 197 205 399 356 33 402 124 472 74 357 197 113 316 593 174 215 189 193 176 232 88 138 356 114 154 48 95 203 348 163 386 193 471 327 274 86 100 369 518 108 618 430 439 289 150 98 63 229 471 187 62 325 117 433 333 377 324 304
657 240 144 561 407 678 415 518 194 130 218 138 623 651 246 22 346 696 194 106 274 220 106 38 103 263 141 636 484 402 141 139 297 281 499 398 361 168 217 678 309 199 456 152 266 387 157 413 481 249 111 362 550 146 241 567 275 35 260 606 268 682 235 248 670 614 136 121 469 548 99 229 420 211 113 317 458 153 649 681 112 368 312 182 464 76 312 93 417 532 131 186 81 592 268 252 271 31 52 345 608 195 610 326 235 307 262 646 150 264 643 676 116 252 199 311 82 695 510 680 176 665 314 410 128 595 37 220 102 563 281 194 309 342 0 673 154 184 452 265 698 682 306 494 68 333 51 304 61 653 534 453 624 84 610 491 195 31 209 490 153 576 321 202 87 147 650 279 183 588 171 610 81 164 70 473 204 658 235 291 425 575 323 119 344 693 671 636 185 159 666 343 657 295 242 324 584 116 282 596 292 555 208 187 677 655 104 447 241 685 213 143 196 524 97 222 132 160 285 210 603 263 344 277 189 488 276 125 170 342 261 184 655 698 214 587 480 285 191 323 113 263 420 530 503 173 259 159 245 619 544 663 105 274 290 332 21 115 94 25 181 348 445 168 67 445 59 647 115 347 301 158 356 210 407 205 299 44 327 682 79 98 213 502 254 132 287 85 385 201 589 275 192 168 355 186 93 57 462 599 21 206 443 385 709 477 224 378 247 626 405 360 98 390 634 651 616 136 488 138 210 143 165 142 614 185 69 186 165 57 216 302 655 591 324 237 52 143 298 188 605 335 702 222 230 449 170 179 418 60 430 383 259 589 191 217 91 267 214 112 535 319 162 295 241 243 182 173 416 91 284 369 471 359 133 481 263 236 502 204 73 245 231 637 619 141 129 245 190 180 258 271 514 220 290 188 627 419 636 645 502 126 127 506 35 113 398 621 99 59 31 655 581 116 649 123 253 300 421 539 168 203 391 485 248 203 112 370 432 291 344 624 200 596 114 148 327 368 339 235 199 539 502 141 176 85 330 694 219 141 314 45 280 289 612 280 465 188 191 202 239 458 299 302 677 354 233 372 304 160 29 378 705 514 249 35 522 256 364 643 292 445 288 101 146 593 447 245 283 113 155 178 353 102 409 183 674 615 26 104
87 910 718 156 373 119 300 174 853 673 513 809 196 190 915 690 344 44 866 778 932 552 584 635 604 516 754 141 245 430 796 794 963 399 175 367 371 662 469 159 953 870 294 637 929 302 667 279 258 450 783 311 191 740 907 205 399 707 413 86 939 165 455 534 10 120 702 583 324 200 743 901 272 481 750 402 240 810 44 225 562 324 367 788 264 749 968 682 286 142 802 858 603 90 543 925 413 682 725 327 113 622 205 444 908 964 415 142 526 439 219 119 782 423 544 414 633 126 189 211 849 29 967 292 781 87 642 454 633 123 414 861 370 397 673 0 824 848 355 483 343 118 388 179 612 342 649 971 714 113 199 253 114 742 115 182 867 646 464 184 650 101 975 874 654 817 49 944 796 271 784 76 636 606 642 199 469 290 907 920 249 220 880 591 958 29 101 74 532 804 101 334 86 965 915 349 133 566 454 107 964 139 879 815 147 123 668 294 906 141 460 702 858 159 769 453 541 829 944 870 164 934 500 419 860 213 411 793 516 363 412 796 183 156 869 117 195 392 857 895 784 410 253 282 169 846 907 771 486 56 151 71 597 933 938 416 659 678 614 697 814 328 298 621 735 344 732 90 783 354 866 827 453 820 297 473 858 694 352 57 595 765 466 179 923 805 427 728 303 519 113 398 483 606 319 850 765 695 211 130 655 878 261 288 126 204 482 295 425 68 273 319 737 304 80 135 96 659 205 800 860 647 837 698 131 845 737 587 834 624 875 388 106 172 379 910 718 579 966 507 95 343 75 894 446 229 768 518 329 658 249 290 462 99 497 517 752 939 870 771 250 441 593 965 913 435 492 574 301 742 401 387 204 324 802 192 921 903 175 775 656 917 902 66 74 541 732 784 804 758 929 428 240 889 961 860 182 396 130 121 174 790 788 176 687 562 281 170 606 624 658 122 190 780 24 567 420 373 369 148 831 852 319 199 436 866 765 309 269 431 332 143 873 78 783 800 977 310 348 899 541 154 200 538 780 718 384 46 476 766 469 667 398 389 89 950 224 604 576 584 434 217 386 371 141 325 441 349 378 513 691 295 137 217 857 644 152 453 321 29 905 307 960 773 802 120 247 473 423 580 824 568 348 695 284 810 274 95 665 675
805 86 163 707 534 823 556 672 56 191 342 16 762 791 92 142 500 847 44 51 126 326 256 192 228 373 121 780 625 517 54 54 143 436 650 527 495 228 361 821 171 46 593 232 151 533 215 568 620 388 44 514 693 143 87 707 426 122 412 755 130 824 389 355 822 761 171 250 599 689 94 91 574 351 96 452 603 48 802 817 263 512 460 132 605 81 164 192 561 684 57 37 222 742 367 106 416 143 106 498 755 273 749 447 88 158 416 789 305 402 780 821 44 406 341 444 199 840 656 818 45 815 209 553 63 746 183 370 207 716 422 92 457 473 154 824 0 40 578 387 822 828 449 647 221 483 177 150 136 799 676 597 770 116 757 643 49 178 361 641 224 729 174 50 183 61 800 127 124 720 178 760 217 260 187 625 358 787 88 167 576 713 249 244 224 846 817 785 312 130 812 492 805 141 97 476 730 269 410 744 145 703 54 106 820 800 179 584 89 829 366 177 52 673 70 372 285 67 136 66 746 130 447 418 66 634 421 31 312 482 413 125 796 841 133 735 631 434 42 238 41 414 573 662 655 28 175 121 371 770 692 811 234 124 149 460 171 177 217 131 96 501 582 254 89 574 96 795 78 488 229 9 471 136 550 359 231 148 475 831 233 61 367 651 125 29 422 105 531 348 743 426 342 262 505 39 62 133 614 745 169 76 587 538 855 626 359 530 400 775 559 509 103 534 782 795 764 206 635 38 82 219 29 179 760 48 88 285 11 200 74 446 801 734 465 95 119 263 167 326 753 483 851 71 384 599 140 316 552 190 579 535 390 739 333 340 75 114 76 62 671 442 266 141 95 398 332 283 569 89 429 518 622 513 23 632 116 119 656 174 176 97 78 787 769 285 135 216 124 161 105 410 653 66 149 45 768 540 781 791 655 40 46 655 137 268 547 763 225 210 176 801 722 89 801 261 405 451 547 688 30 79 533 634 393 57 72 518 577 424 497 768 54 748 42 59 182 517 485 85 316 687 648 287 132 118 467 844 358 156 430 175 434 437 761 126 612 277 294 298 392 611 445 453 821 503 383 510 451 312 134 530 850 657 159 187 675 392 510 795 182 580 145 54 51 740 593 376 421 248 6 290 495 153 555 105 805 768 159 173
824 66 161 726 545 842 573 699 16 196 354 54 777 806 70 175 529 868 50 88 90 334 289 221 246 381 116 798 642 524 54 55 116 464 673 539 510 228 381 837 131 43 607 238 166 553 216 596 636 405 81 537 710 138 60 723 449 155 436 776 134 840 420 362 846 780 172 268 611 706 106 100 602 370 102 468 622 41 827 831 288 532 481 113 621 117 128 231 579 709 97 50 245 764 371 104 437 168 141 523 774 275 764 457 86 123 444 807 334 419 794 840 69 433 376 458 216 858 676 833 72 837 224 572 68 767 208 394 220 742 441 120 479 487 184 848 40 0 588 398 830 846 467 671 252 505 199 123 173 818 694 615 789 156 776 666 60 205 387 664 228 754 138 51 198 99 821 96 104 732 217 782 252 267 206 649 385 798 88 127 598 728 215 260 184 870 837 806 327 168 832 514 824 121 97 501 749 300 423 764 139 724 48 81 837 818 189 599 58 846 392 176 12 695 109 395 313 103 101 27 763 136 450 436 91 653 440 61 333 499 437 105 811 858 162 755 653 456 11 202 74 438 598 674 679 51 199 110 384 793 712 832 252 89 110 473 203 184 235 163 73 528 597 259 118 585 129 815 118 506 195 32 478 108 568 388 199 184 497 852 262 86 396 673 136 69 438 120 551 382 770 450 365 269 529 5 96 153 637 764 197 94 605 563 873 647 375 555 425 797 585 530 114 553 803 813 784 211 654 47 44 225 60 179 778 10 115 292 30 225 34 465 820 751 482 99 155 277 173 345 774 505 871 65 412 621 126 334 566 225 600 560 405 760 353 352 97 99 36 77 685 453 276 122 95 426 356 294 600 105 449 552 644 541 53 656 80 137 681 156 193 94 66 808 790 307 135 194 102 147 88 428 669 45 148 63 784 548 799 809 680 59 60 676 162 297 568 780 243 242 209 819 738 130 824 281 430 474 558 709 17 42 550 655 413 19 83 540 595 438 524 786 63 772 71 53 144 539 505 52 328 707 667 309 116 131 483 866 376 196 438 210 462 459 782 107 632 282 302 304 418 636 465 477 838 524 407 525 472 337 160 554 867 674 124 218 700 408 531 818 143 594 142 89 48 760 612 391 438 268 36 300 512 162 574 82 817 795 184 183
291 654 433 199 45 291 102 313 588 393 237 565 205 233 658 474 303 352 622 544 659 255 409 421 354 208 476 245 114 79 535 533 698 296 226 56 100 367 245 272 665 622 68 351 714 146 376 301 100 208 547 210 166 457 647 161 235 485 251 269 707 273 340 228 359 244 420 333 31 157 485 667 300 246 486 140 143 548 361 249 350 144 195 500 100 521 689 506 121 275 577 615 371 268 225 684 206 445 501 233 246 320 191 131 666 688 289 251 353 193 214 289 534 289 434 143 382 304 175 253 615 331 765 122 521 270 415 266 372 318 185 643 194 112 452 355 578 588 0 191 246 295 168 255 416 201 409 706 509 273 155 126 252 536 245 236 626 421 287 224 362 307 694 627 395 594 310 677 510 145 611 279 458 321 395 227 304 209 666 626 197 157 559 338 652 383 294 286 269 609 290 188 291 709 675 229 222 389 170 248 723 219 630 533 276 269 400 75 643 287 291 417 596 212 544 263 349 608 670 604 208 705 159 188 632 156 198 547 286 134 253 509 240 293 666 237 209 215 599 579 542 243 235 92 242 604 711 490 208 302 208 305 350 662 656 120 448 405 364 475 535 257 70 331 497 17 503 282 565 136 550 577 117 529 118 323 541 489 188 329 392 519 322 202 698 568 168 473 151 404 348 238 282 319 203 592 529 447 225 230 431 647 126 239 319 189 228 227 267 287 262 178 476 136 281 259 262 377 169 545 586 364 599 413 236 583 497 296 585 395 608 176 278 196 146 673 503 316 741 265 260 188 339 647 302 187 480 273 60 468 178 228 193 257 266 239 503 687 600 517 114 136 313 710 673 304 292 295 342 489 195 399 207 281 555 234 648 683 276 474 403 675 652 292 281 315 455 471 517 464 676 190 115 633 727 621 216 45 250 262 271 538 534 203 450 373 172 217 358 427 452 270 179 567 337 329 261 221 31 216 574 579 109 185 222 603 508 177 127 162 258 235 632 305 538 536 693 178 163 634 262 207 163 317 493 460 134 348 236 584 151 469 289 210 266 695 164 308 286 286 279 253 186 226 279 179 261 102 190 315 457 216 309 138 559 438 270 197 159 332 604 59 723 537 540 235 146 207 175 339 575 289 134 427 137 529 229 363 433 406
442 464 247 342 147 454 186 373 399 205 47 375 382 411 468 287 262 494 431 353 472 70 243 237 164 37 289 408 252 138 345 343 510 215 314 141 116 184 93 444 483 431 212 164 524 183 191 303 244 67 356 204 320 271 457 329 149 297 153 402 516 447 228 52 484 395 232 144 212 315 294 476 306 83 296 81 243 358 473 433 175 162 143 316 231 331 504 330 198 360 387 424 184 393 68 493 106 256 313 208 392 140 368 61 475 502 195 416 198 64 397 452 343 188 299 68 192 469 296 435 424 466 576 191 330 397 228 135 181 402 86 453 140 91 265 483 387 398 191 0 436 458 105 326 239 171 220 517 324 431 304 232 405 349 393 314 435 234 154 307 176 404 510 437 204 404 447 489 325 334 431 410 284 133 205 297 171 400 475 446 246 332 397 148 478 509 451 428 80 424 446 170 442 519 484 188 366 225 29 386 532 347 439 347 446 430 209 205 454 455 161 230 407 324 354 132 184 418 483 415 372 514 97 84 441 272 101 357 112 120 156 325 416 466 478 376 292 135 409 413 352 146 265 276 325 413 524 303 23 426 335 452 161 474 471 75 264 215 175 287 348 228 202 145 307 187 314 432 376 130 384 386 93 346 186 194 376 305 153 475 215 328 197 304 507 377 60 282 184 272 434 152 131 131 193 402 339 256 288 379 244 456 223 242 485 280 58 229 161 423 272 179 286 179 424 423 404 189 278 354 398 176 408 227 391 393 307 109 394 209 419 110 435 359 106 482 316 126 551 89 397 162 491 456 187 259 295 93 170 290 239 233 33 386 99 48 312 497 412 326 288 55 123 520 482 198 138 104 331 298 108 346 285 254 364 306 461 493 343 296 212 484 461 432 416 138 267 302 333 282 486 73 275 443 536 431 389 155 410 422 340 347 343 307 260 205 209 387 168 250 270 431 345 379 461 144 158 158 160 335 384 391 165 284 98 414 317 187 215 52 226 396 441 414 347 346 510 186 144 445 71 331 286 141 309 269 99 491 75 402 51 288 208 134 405 505 259 124 98 103 168 302 119 165 447 174 140 136 129 154 267 221 477 284 380 256 352 50 168 455 428 198 532 347 350 378 236 37 69 152 384 98 136 237 199 343 419 456 245 215
257 896 672 246 291 225 306 419 829 635 483 810 157 154 900 720 497 311 866 790 896 496 651 667 600 449 716 206 252 306 777 776 938 513 337 301 341 605 489 185 897 865 255 593 960 350 615 466 246 453 792 409 220 696 888 191 464 731 481 286 952 180 565 469 352 238 659 579 231 214 728 912 462 491 729 384 297 790 376 118 595 360 420 736 263 767 924 750 315 364 823 859 617 299 460 928 444 692 748 435 249 557 156 376 910 924 512 203 593 437 128 226 778 515 663 389 628 224 276 132 860 314 1011 320 764 300 661 505 617 392 426 889 421 357 698 343 822 830 246 436 0 227 405 370 660 416 655 945 756 230 231 290 238 782 245 353 871 667 524 342 602 367 929 871 640 840 296 916 746 125 856 296 701 563 641 358 540 60 910 857 364 170 775 584 876 367 243 276 515 855 242 402 257 950 919 442 248 631 416 268 966 277 873 770 197 220 643 267 883 205 527 656 838 300 790 502 592 854 907 845 199 950 384 430 877 280 436 792 531 369 483 745 161 194 912 263 335 445 841 797 788 474 399 178 350 849 958 728 454 320 276 272 596 899 890 366 694 647 610 721 773 455 266 571 743 254 750 254 812 367 770 821 352 762 320 556 760 735 409 289 637 764 554 310 943 813 413 717 355 633 410 466 523 561 408 834 775 693 364 238 677 892 298 422 231 320 475 415 498 290 433 387 720 342 270 209 263 619 292 788 825 605 844 653 226 824 743 538 828 642 847 412 237 199 384 917 750 562 987 511 274 406 281 891 533 339 716 519 287 713 345 414 439 289 511 484 748 930 839 761 189 381 556 951 917 531 534 539 506 733 431 585 340 472 800 360 886 929 388 706 649 919 895 284 289 561 696 696 753 699 918 433 219 875 971 866 169 282 217 224 383 782 777 308 696 616 361 183 604 672 698 221 191 814 339 575 491 444 278 290 817 817 326 308 463 844 751 380 307 408 457 209 876 347 783 778 927 382 387 875 507 281 273 562 730 704 374 307 482 829 392 715 507 441 274 937 308 548 528 526 510 394 420 448 203 390 497 335 420 557 703 406 217 237 789 684 366 443 372 339 832 263 967 783 783 254 309 454 419 586 819 533 362 670 330 766 69 409 680 649
40 910 703 121 325 4 274 246 849 660 496 813 98 81 915 701 387 84 871 785 926 528 606 646 600 486 743 51 206 375 793 791 961 430 199 324 342 642 467 43 940 873 249 620 946 295 649 332 215 441 790 327 138 726 906 134 410 717 426 95 950 47 487 506 128 68 688 578 265 144 740 910 326 476 745 381 224 806 157 109 570 315 370 773 227 758 959 707 267 196 813 863 606 113 509 932 412 686 734 349 76 597 111 408 914 957 440 44 545 427 111 6 784 447 584 392 630 14 172 95 857 91 989 274 778 111 648 463 626 202 405 875 373 367 682 118 828 846 295 458 227 0 379 221 627 351 650 968 730 29 154 231 59 758 73 213 873 653 477 208 633 175 966 878 648 829 78 940 782 177 813 99 658 589 641 227 487 179 914 904 264 140 849 586 936 140 20 67 521 826 23 340 40 966 922 366 99 586 430 93 971 131 882 803 31 28 660 253 904 23 476 687 856 164 779 461 555 842 937 866 88 945 453 410 871 194 407 796 515 347 426 781 72 39 889 99 212 398 856 867 788 421 283 208 203 851 930 759 467 113 140 50 594 927 927 385 671 668 611 707 803 358 257 602 740 289 740 45 796 340 838 829 408 804 278 496 829 709 355 62 608 767 490 185 936 811 410 726 297 556 208 410 490 588 332 849 771 695 238 83 663 888 241 318 27 209 471 319 441 85 313 323 733 293 65 36 74 645 195 799 852 632 844 683 68 842 741 567 836 629 870 382 29 100 364 918 731 570 980 502 89 348 55 898 469 237 752 512 290 677 255 315 444 109 495 499 753 941 864 770 181 409 577 967 920 460 500 558 364 741 399 452 220 363 805 223 915 917 229 754 653 923 905 73 88 543 721 757 790 740 931 418 186 889 971 867 84 340 47 37 225 790 788 182 691 578 285 79 603 640 672 27 117 795 120 566 435 384 318 148 830 844 297 199 435 863 763 313 251 411 362 62 879 148 786 796 966 315 343 896 524 146 180 542 766 715 364 80 470 791 433 684 427 394 83 952 218 582 555 560 452 258 383 384 25 328 451 323 378 523 696 315 27 174 838 658 202 439 318 121 885 262 969 780 798 91 235 457 409 579 826 552 334 687 273 798 160 200 671 666
358 531 330 259 128 375 109 268 471 286 126 434 317 345 536 326 168 404 492 407 548 168 246 271 221 142 367 332 178 162 414 412 582 137 215 114 69 274 89 373 566 494 153 249 572 86 279 200 175 62 411 99 245 352 527 261 70 341 84 311 572 376 173 157 388 313 314 199 175 242 361 532 203 97 367 41 155 428 375 375 196 65 42 400 158 380 582 346 112 259 436 484 228 301 173 553 39 307 358 105 307 236 304 102 535 580 125 341 187 51 338 373 405 123 266 50 251 392 209 374 479 374 618 105 399 304 271 100 248 299 27 500 39 67 306 388 449 467 168 105 405 379 0 223 259 67 272 590 358 351 228 148 322 386 309 213 495 276 119 207 262 303 590 499 270 453 357 562 409 287 453 318 297 218 262 196 136 359 535 532 144 269 495 207 570 413 369 340 144 457 364 65 358 587 543 88 282 226 79 298 593 258 503 428 372 352 282 142 525 380 123 314 477 230 403 97 188 466 560 488 297 568 173 31 494 186 31 417 137 37 86 408 349 393 518 289 194 49 477 510 410 75 160 229 225 472 562 384 101 332 246 366 215 550 552 78 298 291 232 330 427 128 142 233 362 156 363 348 421 41 481 450 139 432 101 154 473 338 49 387 237 388 154 209 560 433 46 347 86 236 331 73 119 218 88 470 393 316 186 297 286 510 138 138 406 184 94 124 99 332 167 74 354 86 336 347 318 271 188 420 475 259 466 310 311 464 362 200 457 251 492 8 353 286 22 540 357 193 603 123 308 57 405 519 135 160 380 133 119 311 139 128 77 295 116 129 374 562 486 391 230 93 205 588 542 138 130 186 231 362 26 260 186 156 426 204 537 542 239 387 274 545 526 343 325 165 345 399 417 370 552 40 208 510 593 489 321 155 332 342 237 411 409 213 313 212 108 316 224 271 300 352 275 421 365 188 93 64 141 244 451 467 86 190 59 484 384 83 128 55 127 320 500 316 407 417 591 82 41 517 153 241 200 165 393 336 36 401 91 428 120 315 130 45 316 573 166 218 189 198 111 197 21 72 372 69 93 70 29 153 318 116 401 209 469 286 250 65 67 359 517 143 590 401 420 293 145 86 37 200 447 181 47 310 107 423 372 353 293 289
185 732 548 127 252 219 164 59 678 503 349 631 220 237 738 511 169 208 688 600 757 391 405 457 430 362 582 194 148 313 621 619 787 221 34 241 227 496 296 239 780 692 188 469 750 145 500 111 162 282 606 135 150 569 731 180 222 528 235 127 761 245 277 378 176 160 532 409 231 158 568 722 105 310 576 247 112 634 156 280 384 165 195 618 156 571 793 504 145 37 623 680 427 110 392 746 242 504 546 149 148 460 216 300 730 790 236 203 348 273 250 216 605 244 369 260 459 235 98 271 670 175 788 148 605 113 464 278 461 76 248 682 198 251 494 179 647 671 255 326 370 221 223 0 433 168 472 795 535 194 143 129 167 563 152 20 689 469 286 33 482 82 801 696 480 639 165 768 625 253 606 128 457 439 467 30 290 311 729 749 80 201 719 418 790 199 204 159 364 625 200 162 185 788 736 171 134 388 298 129 786 99 701 642 232 201 496 180 730 235 282 532 682 71 591 276 363 651 769 694 179 755 367 252 682 105 241 616 342 207 234 625 235 252 690 126 46 218 680 732 606 233 74 226 20 668 729 600 324 129 97 185 423 758 765 271 480 507 440 519 641 149 185 455 558 239 554 178 604 197 704 650 321 650 154 294 696 515 181 198 416 587 287 62 745 627 267 553 143 343 107 221 307 440 144 674 587 519 38 149 478 699 130 110 246 66 314 117 247 143 95 150 562 151 159 204 147 490 91 624 685 479 659 529 167 669 559 423 657 447 700 221 192 175 220 731 540 408 787 335 132 172 221 716 267 72 597 346 206 479 90 112 301 113 324 353 575 761 695 594 197 295 425 788 735 256 315 407 144 566 232 231 48 147 625 21 746 724 21 608 481 739 725 157 138 365 559 622 633 589 752 263 170 712 783 682 213 284 188 191 17 613 612 64 510 383 117 200 432 445 479 201 180 601 156 393 242 198 255 83 655 678 175 73 264 690 590 141 132 274 153 184 695 102 606 625 804 141 183 723 376 91 105 362 610 543 229 206 306 588 325 488 220 216 138 773 91 441 412 422 256 38 217 194 228 155 264 204 208 335 513 118 248 143 688 466 28 288 158 150 737 196 781 595 626 136 110 309 260 406 647 402 192 522 135 638 309 130 488 502
601 306 193 507 371 624 366 454 262 165 194 204 574 602 312 79 280 637 259 171 342 210 39 35 101 246 200 583 435 376 208 206 363 217 440 360 320 196 172 626 376 264 411 171 319 335 187 348 433 207 177 303 499 200 308 517 218 98 202 548 328 630 169 235 609 560 181 109 429 497 164 289 354 170 176 276 405 220 587 634 65 316 258 242 416 140 380 92 367 470 190 251 69 534 258 315 221 91 115 285 552 208 562 296 299 374 198 593 86 223 596 621 183 189 137 272 100 641 455 632 239 605 362 360 195 537 57 164 121 499 236 249 256 304 68 612 221 252 416 239 660 627 259 433 0 276 80 371 103 599 482 402 569 131 555 431 259 57 151 431 177 514 389 267 117 206 591 346 245 545 195 552 47 171 94 413 143 616 297 357 367 528 380 112 409 631 615 579 162 199 610 288 601 360 305 264 529 49 250 539 354 499 273 252 624 601 141 401 309 632 153 186 263 467 159 167 73 218 353 278 551 322 328 231 249 435 228 192 130 295 202 245 605 646 261 531 422 230 259 382 180 206 359 487 443 238 304 219 217 560 488 606 99 341 357 298 49 154 98 89 246 285 400 181 134 407 125 591 171 299 359 225 332 272 357 140 355 82 273 624 24 166 148 445 312 197 248 149 332 135 525 217 140 175 297 253 158 116 402 544 60 266 392 323 655 420 189 317 188 567 342 305 161 338 577 598 560 165 433 206 277 167 228 185 560 252 137 186 231 58 284 254 600 540 279 299 107 135 354 152 548 280 644 287 166 392 228 146 375 53 373 322 225 531 149 195 158 332 282 179 489 288 163 360 303 179 129 167 349 157 235 301 413 294 200 420 331 291 440 258 106 308 296 580 561 102 184 295 252 233 324 228 466 286 350 251 577 387 582 591 440 193 195 449 96 50 343 571 98 12 46 601 531 168 588 99 194 243 385 483 235 270 344 429 200 271 179 314 381 254 281 571 264 535 182 215 394 313 288 303 182 483 449 99 235 145 287 635 179 169 289 57 216 235 555 345 410 195 187 202 178 396 249 244 624 299 176 328 252 106 95 318 651 464 312 34 461 218 311 582 356 401 348 167 213 538 393 211 242 95 221 171 305 150 357 247 631 551 76 143
325 568 379 231 169 348 110 207 511 335 185 468 304 331 573 351 107 364 525 438 590 229 255 296 262 208 414 308 169 216 454 452 621 98 167 154 114 329 128 352 612 528 162 302 595 66 332 133 171 116 443 35 226 400 565 249 58 367 75 273 601 357 149 221 341 283 363 241 197 226 401 561 136 141 408 104 132 467 323 367 221 58 28 449 154 409 626 357 101 205 463 517 261 260 239 585 74 340 385 39 276 295 294 167 567 622 97 318 194 111 330 345 440 101 248 116 291 365 179 363 509 332 637 96 439 263 301 113 292 243 86 525 32 124 333 342 483 505 201 171 416 351 67 168 276 0 306 629 379 323 210 132 293 407 279 161 527 305 126 159 315 251 633 532 312 480 317 601 457 292 463 278 307 272 300 144 136 363 567 581 93 262 553 250 621 365 339 304 196 474 334 14 324 623 575 29 253 235 145 263 624 223 537 474 349 325 328 150 564 357 124 364 516 191 430 111 204 492 602 528 278 596 238 89 522 160 75 452 174 76 75 456 334 371 537 255 148 50 515 566 443 70 98 238 174 505 579 431 164 288 212 330 255 591 597 140 321 338 272 357 473 64 152 289 394 186 392 315 446 69 537 485 201 482 96 147 530 358 19 349 257 423 143 169 586 464 112 386 62 219 273 59 141 273 24 508 424 353 133 268 315 539 122 72 379 144 148 59 90 293 101 30 394 73 301 322 283 321 157 458 518 311 497 361 284 503 395 257 492 282 533 61 324 267 77 570 381 240 630 167 272 13 369 553 121 116 429 178 142 326 97 63 141 256 155 188 410 597 528 428 229 158 258 623 573 116 151 240 165 400 66 202 139 91 460 151 579 567 181 440 314 577 561 305 286 198 391 456 465 421 587 100 202 547 623 520 306 201 307 315 180 448 446 173 346 226 67 298 264 289 321 325 260 444 319 225 83 33 180 207 489 510 94 153 96 523 423 39 112 122 63 296 532 267 441 458 636 37 40 557 210 206 174 196 441 376 92 361 138 440 186 333 92 47 280 608 134 275 246 258 102 137 53 34 349 26 100 101 42 173 349 52 376 194 520 307 196 126 44 313 568 157 621 433 459 261 119 146 102 238 482 235 69 354 87 470 373 297 324 334
627 261 113 530 364 646 379 501 206 86 173 163 587 615 267 72 334 670 220 136 286 170 118 48 55 215 125 603 449 356 149 147 315 269 474 356 321 122 183 644 313 223 418 102 305 356 111 400 444 211 140 338 516 122 259 531 250 78 237 578 301 647 230 199 647 583 100 76 428 513 97 261 406 174 107 278 426 162 628 643 90 335 283 166 429 112 322 140 383 510 168 213 46 566 218 282 239 37 93 324 578 145 573 280 264 318 247 612 143 226 606 644 134 236 216 270 31 663 479 643 208 639 356 376 134 569 24 195 52 543 246 234 280 300 51 649 177 199 409 220 655 650 272 472 80 306 0 322 111 622 500 420 593 133 580 467 223 27 188 465 104 554 331 227 39 185 623 296 170 548 222 583 115 113 19 449 188 617 263 289 399 538 301 72 337 670 640 608 140 207 635 316 627 317 272 301 553 120 239 567 321 526 232 181 643 623 61 409 258 652 194 106 210 496 135 196 118 199 297 222 569 298 295 241 224 457 243 146 135 306 238 170 620 665 258 558 454 257 208 304 138 239 399 490 480 201 304 144 201 594 514 634 59 286 296 290 61 74 45 69 177 330 407 118 90 403 94 618 157 312 280 179 310 198 373 194 276 95 298 654 76 117 202 474 290 161 248 81 354 210 571 251 166 118 329 202 122 47 438 567 32 240 410 365 678 449 184 356 227 598 387 332 92 357 605 618 587 89 457 152 215 94 194 104 582 197 91 135 186 28 228 269 624 557 288 268 98 95 334 150 576 306 673 248 216 422 150 140 378 101 402 361 217 561 156 172 103 292 223 122 497 274 112 317 270 231 157 124 407 94 252 370 445 344 155 457 275 274 482 178 27 273 255 610 592 108 106 215 178 154 282 234 478 240 322 217 592 374 604 613 481 141 140 478 42 108 370 587 52 80 71 624 546 160 625 84 231 275 378 511 183 208 356 457 216 217 118 341 400 250 326 591 229 573 135 154 335 340 308 251 151 509 471 110 159 74 292 667 182 191 267 90 266 260 584 302 435 137 141 151 220 437 268 278 644 326 208 334 274 138 48 354 673 480 238 64 500 217 333 619 284 406 319 130 154 563 415 203 245 72 176 129 318 70 377 176 634 596 26 63
947 66 273 848 663 964 694 821 119 313 475 167 898 927 59 292 650 992 115 201 52 451 407 341 369 498 229 920 764 638 176 177 8 586 796 658 630 340 504 959 87 108 728 354 160 675 330 718 758 528 195 660 832 249 64 844 573 273 559 899 108 962 540 478 969 902 286 391 729 828 228 114 724 493 223 589 745 162 950 951 411 654 605 210 743 232 50 336 701 832 192 124 368 887 485 87 560 290 257 646 897 388 884 575 91 42 566 929 455 541 914 962 190 555 488 579 339 981 798 953 144 961 202 694 191 890 331 517 342 865 563 168 602 607 304 971 150 123 706 517 945 968 590 795 371 629 322 0 282 940 816 737 912 259 899 789 120 327 510 787 343 877 57 107 320 183 945 29 200 850 289 905 365 385 329 772 507 915 94 124 722 848 246 383 159 993 959 929 448 240 954 638 947 30 93 624 872 420 543 887 80 847 100 176 959 941 309 720 65 968 514 289 113 818 217 519 435 178 44 102 885 118 562 559 146 776 563 180 456 621 560 201 932 980 199 878 776 579 114 224 191 561 721 793 802 136 212 217 505 916 835 955 375 47 75 592 322 303 358 282 172 650 718 375 238 704 246 937 215 628 234 146 593 188 690 509 241 297 620 975 383 208 517 796 129 176 559 243 674 497 892 573 488 387 652 121 213 276 761 886 319 132 728 686 995 770 497 678 548 920 708 653 236 676 926 935 907 328 777 171 120 342 148 293 900 126 236 409 140 348 98 588 943 872 604 103 268 399 134 467 897 628 994 91 534 744 229 457 687 339 723 683 526 883 476 472 219 53 106 200 805 571 395 33 92 548 479 413 720 229 572 668 767 663 171 779 60 150 804 246 316 85 79 931 913 430 251 272 194 247 55 550 790 85 101 128 905 665 921 931 803 182 183 799 284 418 691 901 366 361 327 941 859 224 947 404 553 598 675 832 140 127 672 778 536 105 206 663 718 559 646 908 115 895 190 173 69 662 628 72 448 830 790 433 216 254 605 989 499 279 555 324 584 582 905 38 755 398 420 420 541 759 588 600 960 647 531 647 595 459 282 677 989 795 175 337 823 529 654 942 156 715 94 204 170 883 735 512 560 391 150 420 635 282 696 179 934 917 307 303
703 217 188 609 464 726 467 553 187 183 278 120 675 703 223 39 378 740 167 85 261 281 130 88 164 324 171 686 536 462 145 143 275 316 542 455 416 223 270 728 304 174 510 210 216 436 211 446 533 304 92 406 600 182 222 618 320 41 304 650 227 732 265 309 710 662 183 181 525 599 123 190 453 266 137 373 507 154 688 734 162 418 360 208 517 58 300 59 468 572 93 159 140 636 328 217 322 83 41 387 655 254 662 385 202 293 299 695 187 319 696 724 111 290 206 367 143 743 558 733 142 707 260 461 136 639 97 266 162 600 334 147 358 398 61 714 136 173 509 324 756 730 358 535 103 379 111 282 0 701 584 503 671 28 657 533 164 91 253 533 209 615 309 175 145 106 694 261 206 643 111 654 84 224 130 516 245 714 201 294 469 628 348 179 350 733 718 682 244 100 713 390 703 267 207 367 631 147 340 642 255 601 182 202 726 703 159 500 225 734 255 190 185 570 66 269 175 117 272 200 653 221 405 330 149 537 328 113 225 395 305 206 707 748 160 634 524 332 177 344 100 309 461 585 545 146 203 186 304 662 591 708 166 260 283 390 61 167 155 45 194 386 499 228 73 502 53 694 71 399 326 142 416 230 458 241 325 21 375 726 122 98 248 548 210 108 343 114 434 216 625 320 241 229 399 173 78 102 504 647 82 167 493 425 757 523 281 419 290 670 443 407 126 440 679 700 662 192 535 135 209 200 135 190 662 177 78 246 147 116 207 354 702 642 378 201 23 204 252 244 650 382 747 194 267 495 201 237 473 58 476 424 317 634 245 277 101 238 208 118 588 377 223 267 206 279 230 234 443 111 335 387 515 394 120 522 252 189 541 238 131 212 204 682 663 195 165 282 211 215 231 325 567 199 249 157 678 478 685 693 541 122 127 551 82 153 445 672 160 90 58 704 632 66 690 181 296 346 478 585 158 203 444 532 300 192 124 417 483 348 382 673 170 636 106 154 317 415 389 220 259 585 551 194 203 121 384 737 274 80 374 47 316 337 658 253 512 248 252 263 280 497 350 347 726 402 279 426 354 207 73 420 754 565 265 73 562 313 413 684 302 499 249 84 148 640 495 302 338 172 138 239 405 149 459 198 729 650 86 157
26 882 676 93 301 25 247 222 822 633 469 785 86 77 887 673 359 88 843 757 898 501 577 617 572 460 716 31 180 352 765 763 933 401 171 299 315 615 439 52 913 845 224 593 917 267 622 305 189 413 761 298 112 699 878 112 381 688 397 71 921 58 458 480 122 39 661 550 243 119 712 881 299 448 717 354 196 778 146 114 542 287 342 746 201 729 932 678 239 170 784 835 577 89 484 903 383 657 706 321 48 571 97 383 886 929 411 29 517 399 106 23 756 418 555 365 602 42 144 100 829 84 960 247 750 87 619 435 599 181 378 847 344 341 653 113 799 818 273 431 230 29 351 194 599 323 622 940 701 0 127 203 30 729 44 185 845 625 448 179 606 154 938 849 620 801 66 912 755 164 784 76 629 562 613 199 458 177 885 877 235 121 824 558 910 139 21 48 493 797 17 311 27 938 893 338 70 558 403 66 943 102 854 776 41 10 632 228 876 41 447 660 828 136 751 432 526 813 910 838 65 917 429 382 843 166 379 768 487 319 397 754 70 59 860 70 183 369 828 841 760 393 255 189 176 823 902 732 439 95 112 43 566 900 900 359 643 640 583 678 776 330 231 575 712 266 712 25 768 312 812 801 384 777 250 467 804 681 327 64 579 739 461 157 907 783 382 698 269 527 190 382 461 561 303 821 743 667 210 55 634 859 213 289 56 180 443 290 412 65 285 294 705 265 44 22 48 617 166 772 825 605 815 656 40 814 713 540 808 601 843 353 7 77 337 889 702 542 951 474 63 319 67 870 440 208 725 484 264 649 226 286 417 83 467 472 725 913 836 742 160 383 550 939 892 432 472 531 338 713 370 425 192 335 777 195 887 889 203 727 625 895 877 56 66 515 694 731 763 713 903 390 161 861 943 839 72 318 23 11 199 762 760 153 663 549 256 62 575 611 643 9 95 766 110 538 406 356 294 120 802 817 269 170 407 835 735 284 223 384 334 39 851 128 758 768 939 286 315 868 497 118 151 514 739 687 337 84 442 763 407 655 398 365 58 924 189 556 529 534 423 230 355 355 36 300 423 296 349 494 667 286 54 148 812 629 177 412 290 109 859 237 940 751 771 62 207 430 381 551 798 525 306 659 245 771 161 185 642 638
140 758 550 44 177 149 121 196 697 507 343 662 95 121 763 553 273 198 720 635 773 374 464 498 449 333 590 104 53 232 641 639 808 300 109 174 188 488 317 145 786 722 98 467 799 148 495 236 62 289 639 193 16 573 754 41 267 568 284 113 800 148 356 353 204 92 535 426 125 17 588 760 232 325 593 227 79 654 209 158 422 166 225 620 74 608 806 566 117 145 664 712 456 114 357 781 263 535 586 218 92 444 85 256 763 804 305 113 403 275 122 147 632 310 455 238 478 165 46 153 707 176 844 124 626 116 499 318 474 182 254 728 227 214 534 199 676 694 155 304 231 154 228 143 482 210 500 816 584 127 0 81 101 612 92 124 723 504 334 112 479 164 812 727 496 681 154 787 629 111 672 124 516 435 490 127 345 171 763 750 138 61 697 434 783 228 147 132 368 682 142 197 140 814 771 231 67 444 276 93 821 68 730 649 144 126 507 101 751 153 333 533 703 75 631 315 410 694 784 713 69 796 306 259 722 53 257 645 365 194 284 628 123 165 743 82 104 252 704 715 638 278 170 91 123 701 786 606 313 148 59 152 443 774 774 232 524 514 459 558 650 234 105 448 590 145 591 130 649 188 686 677 259 651 127 357 677 563 210 176 462 616 353 81 787 661 257 574 151 426 209 268 343 435 195 697 621 544 133 76 514 738 91 197 180 89 319 193 300 132 204 180 580 144 126 119 107 491 63 648 699 478 694 530 87 690 590 413 685 479 718 231 130 58 212 768 584 417 831 350 104 204 189 747 331 111 599 360 138 534 122 190 291 103 344 345 601 790 711 618 59 256 424 815 770 325 354 405 276 589 249 356 109 247 654 130 762 769 162 600 501 773 754 137 126 393 568 604 636 586 780 266 41 737 821 717 95 198 106 117 157 639 636 79 541 433 146 88 452 495 526 127 50 648 182 416 293 243 172 71 678 691 144 78 286 711 611 171 101 257 237 92 728 156 635 643 813 173 195 743 370 61 43 393 612 562 211 194 318 649 281 539 296 248 111 800 82 429 402 407 312 163 234 244 144 185 307 170 230 377 546 186 174 21 685 511 145 286 172 178 732 112 819 630 646 80 91 304 256 428 675 399 182 534 125 645 174 219 521 513
211 679 474 111 127 227 46 187 618 430 267 582 173 201 684 473 208 263 640 555 695 301 384 417 369 263 513 184 38 187 562 560 730 225 102 117 117 414 237 225 710 642 60 391 718 67 420 187 44 210 559 120 97 497 675 117 187 488 204 170 720 229 280 282 255 165 458 347 104 96 509 680 185 245 514 152 17 575 250 235 342 85 144 544 31 528 729 486 36 151 583 632 375 163 290 701 182 455 505 146 161 372 162 191 683 726 228 193 323 196 198 225 553 232 379 164 399 244 65 232 627 235 763 43 547 166 418 237 395 195 174 647 146 143 453 253 597 615 126 232 290 231 148 129 402 132 420 737 503 203 81 0 175 531 163 110 643 423 253 98 404 188 735 647 417 600 216 709 553 164 592 179 436 360 410 101 266 234 683 675 79 130 628 355 710 280 222 197 290 601 217 118 211 735 691 155 136 364 203 154 741 116 651 573 224 204 429 52 673 232 253 457 625 96 550 235 329 613 706 635 150 716 250 179 641 41 177 565 285 116 205 552 204 245 663 144 83 172 625 644 558 198 118 117 117 621 706 529 238 197 103 221 363 697 697 163 444 437 380 477 573 165 57 374 510 110 510 202 568 109 615 598 203 575 47 278 607 483 130 243 381 536 274 81 707 581 180 495 71 350 226 188 262 359 119 618 541 464 99 149 433 658 10 134 258 64 240 126 221 191 150 101 502 63 192 199 173 415 49 568 621 402 613 454 163 611 510 339 605 399 639 151 206 138 133 688 503 339 751 271 165 125 259 667 253 63 523 281 81 453 59 125 215 155 264 269 522 710 633 539 101 188 347 736 690 248 273 329 229 510 169 299 81 183 574 108 684 689 150 527 422 693 674 200 184 313 491 533 560 512 700 187 72 658 741 637 176 156 184 194 145 559 557 82 461 353 71 169 372 414 445 204 129 567 232 336 214 163 128 106 599 614 67 61 205 632 532 94 21 182 168 172 648 191 555 565 737 95 114 665 294 100 54 312 536 483 135 259 239 569 216 458 220 167 173 721 38 355 327 334 232 129 154 165 224 106 226 96 150 296 466 117 253 62 611 431 146 208 91 227 658 67 738 549 567 147 22 227 178 348 595 323 102 456 45 569 242 244 440 435
39 853 649 64 278 55 219 198 793 605 441 756 84 85 858 643 330 101 814 728 870 474 547 588 544 434 688 33 154 331 737 735 904 371 142 275 289 588 410 74 885 816 199 566 887 238 595 277 164 384 732 268 88 672 849 94 351 659 367 49 892 79 429 454 122 10 633 522 222 95 684 852 271 420 689 326 167 750 140 127 512 258 312 719 175 700 904 648 211 145 755 806 548 66 458 874 354 628 676 291 18 545 91 358 857 901 381 39 487 371 110 53 727 388 525 337 573 72 114 115 799 86 930 218 721 65 590 405 570 160 349 817 315 314 624 114 770 789 252 405 238 59 322 167 569 293 593 912 671 30 101 175 0 700 15 157 816 595 419 150 578 133 910 820 592 771 65 884 727 156 754 58 600 534 584 170 428 181 856 850 205 107 798 529 883 142 47 41 465 767 42 281 39 909 864 308 40 528 376 38 914 72 825 748 65 34 604 202 847 68 417 632 799 106 721 403 497 784 881 810 50 887 406 353 813 137 350 739 458 291 367 727 80 86 830 41 153 339 799 816 731 363 226 172 148 794 872 704 412 82 82 52 537 872 872 333 613 612 554 649 748 300 206 548 683 244 682 30 738 284 787 772 360 750 222 437 778 651 297 77 549 710 431 127 878 753 355 669 240 498 174 352 432 534 273 793 714 638 180 26 605 830 185 259 86 150 415 261 383 53 256 264 676 236 35 38 26 590 136 743 796 577 786 629 17 786 684 513 779 571 814 324 31 60 308 860 673 514 922 445 39 290 87 841 410 179 698 455 239 619 196 257 389 58 438 444 696 884 808 713 141 357 522 910 863 402 442 503 311 684 341 398 162 306 748 167 859 859 176 701 596 866 848 49 51 485 666 705 735 686 874 362 138 832 913 810 70 296 23 24 172 733 731 123 634 519 226 57 547 581 614 34 78 736 105 509 376 326 272 90 774 789 242 140 377 807 707 255 194 356 304 30 821 111 729 740 912 256 285 840 469 88 122 484 711 658 309 96 413 733 382 626 368 336 37 895 159 529 502 507 393 202 326 325 62 270 393 269 320 465 638 256 84 122 785 600 150 383 260 103 832 213 911 722 742 32 178 402 353 522 769 497 277 631 216 744 169 171 613 610
732 194 195 637 491 754 495 581 170 197 302 102 703 731 200 62 405 768 144 69 242 303 158 115 187 347 172 714 564 487 136 134 252 344 570 481 443 238 297 756 287 152 538 227 188 464 225 474 561 331 76 434 628 186 200 646 349 56 333 679 200 760 292 331 738 690 193 205 552 627 124 163 480 293 137 399 535 142 716 761 190 446 388 205 544 50 280 77 496 600 68 135 165 665 350 191 350 100 46 415 683 272 690 410 177 273 327 723 215 346 724 752 100 318 230 394 164 771 586 760 117 736 232 489 129 668 122 295 182 628 362 119 386 425 84 742 116 156 536 349 782 758 386 563 131 407 133 259 28 729 612 531 700 0 686 561 140 115 281 561 225 643 289 152 162 79 722 239 202 670 95 683 110 244 150 544 273 740 175 281 498 655 343 203 337 761 746 710 269 74 741 419 731 243 181 395 659 175 366 670 228 630 159 195 754 731 174 528 204 762 283 200 168 598 47 297 203 90 252 183 681 193 428 357 123 565 356 99 252 422 333 203 735 776 132 662 553 361 158 337 86 337 489 612 574 123 176 185 329 690 619 736 189 239 265 416 88 180 177 64 187 414 527 246 74 529 54 722 45 427 321 124 441 224 486 269 321 49 403 755 150 90 276 576 182 87 370 119 462 242 653 348 269 248 428 155 67 114 532 675 106 140 521 453 785 551 307 447 318 698 471 435 129 468 707 728 690 207 563 123 194 216 112 200 691 161 78 267 127 141 190 382 730 670 405 174 34 227 224 271 678 410 775 169 296 523 201 263 500 85 504 452 343 662 272 302 98 214 191 112 616 403 244 242 180 307 258 256 470 112 363 412 544 422 105 551 233 161 569 239 149 186 180 710 692 222 170 284 207 217 207 352 594 177 222 132 706 503 713 721 569 111 117 580 98 181 473 700 183 119 86 732 660 39 718 207 325 374 504 613 142 189 472 560 327 173 120 445 511 374 410 701 145 664 94 144 298 443 417 200 283 613 579 221 201 128 411 766 301 64 398 75 344 365 686 228 541 267 273 283 309 525 378 375 754 430 307 453 382 235 89 449 782 593 258 101 590 339 441 712 291 526 222 71 138 668 523 328 365 197 120 262 433 160 487 192 756 678 107 171
49 840 636 51 269 70 208 185 780 593 429 742 89 94 845 629 316 107 800 714 857 463 533 574 531 423 676 44 143 323 724 722 892 357 127 265 277 576 396 87 873 803 190 554 873 224 583 263 154 371 719 254 79 659 836 90 337 645 353 41 878 93 414 442 122 8 621 509 214 88 671 838 257 406 676 314 154 737 137 137 498 245 298 707 164 686 891 634 198 132 741 792 535 55 448 861 341 615 663 276 4 533 94 347 843 889 366 52 473 358 117 67 713 373 511 326 560 87 101 126 786 89 916 205 708 55 577 391 557 149 336 803 301 303 610 115 757 776 245 393 245 73 309 152 555 279 580 899 657 44 92 163 15 686 0 142 802 582 404 136 566 123 898 807 579 758 67 871 715 157 740 51 585 522 571 155 414 188 843 838 191 105 788 516 872 144 60 42 452 753 55 267 49 896 851 293 27 514 365 25 900 58 811 735 79 49 591 192 834 83 403 620 786 91 708 389 483 770 869 797 51 874 397 340 799 123 337 726 445 279 353 715 90 100 816 27 139 326 786 805 718 349 211 167 133 780 858 692 400 76 67 60 524 859 860 322 599 600 541 635 736 286 196 536 669 236 669 39 724 271 776 759 351 738 210 422 767 637 283 84 536 697 417 112 864 740 342 656 226 483 165 338 418 522 259 780 700 625 166 15 591 816 172 245 100 136 402 246 368 49 241 250 663 223 36 51 20 577 123 730 784 565 773 617 19 773 670 501 766 558 802 311 45 57 296 847 659 501 908 432 29 276 98 827 396 164 686 442 229 605 182 242 377 45 424 432 682 871 795 700 136 346 510 897 849 387 428 491 297 671 328 384 147 291 734 152 846 845 163 689 583 853 835 49 45 472 653 694 723 674 861 349 130 819 900 796 77 288 36 39 159 720 718 109 620 505 212 63 534 567 600 49 75 723 103 496 362 312 263 75 761 776 230 126 364 794 693 241 182 344 289 37 808 102 715 727 899 242 272 827 457 73 109 471 699 645 297 103 400 718 372 612 354 322 30 882 145 517 490 496 379 187 312 311 76 256 379 257 307 451 625 242 99 112 773 586 137 371 247 100 820 203 897 709 729 18 165 390 340 509 756 485 265 619 203 731 177 164 599 598
179 728 540 112 235 210 147 78 672 495 339 627 204 223 733 508 175 207 685 597 751 380 404 454 423 349 575 183 129 295 615 613 782 221 16 224 212 486 289 228 773 688 169 460 749 131 490 121 142 273 602 129 133 561 726 163 217 525 231 122 758 233 278 366 180 149 524 402 212 140 562 719 116 302 570 234 93 628 163 266 380 152 187 610 137 567 787 504 128 47 620 676 421 106 378 743 234 500 543 146 138 449 200 285 726 784 235 192 346 263 235 208 600 243 372 247 452 227 79 257 667 175 788 132 600 108 460 273 453 89 238 680 190 236 491 182 643 666 236 314 353 213 213 20 431 161 467 789 533 185 124 110 157 561 142 0 686 465 282 13 473 91 795 692 473 636 162 762 617 235 608 124 456 430 461 18 288 294 725 742 69 184 708 411 781 204 197 154 355 625 192 154 179 783 733 167 122 386 285 120 783 86 697 635 221 191 489 161 725 225 279 524 677 55 588 271 360 648 763 689 165 753 351 242 679 86 232 612 335 194 230 617 222 242 689 115 27 211 675 722 602 229 73 206 13 664 729 592 313 129 82 180 416 752 758 256 478 499 433 515 634 149 166 446 554 220 550 171 602 184 693 645 305 642 138 293 686 513 172 196 414 583 286 44 742 623 255 547 130 346 121 216 301 430 138 669 583 514 29 137 474 696 112 109 239 47 305 114 244 139 100 140 556 136 152 193 139 481 71 619 679 470 655 520 155 664 555 412 652 442 694 211 184 160 208 728 537 400 785 327 125 163 217 712 266 56 589 338 188 478 75 109 289 106 316 342 570 757 689 589 178 281 416 784 732 255 311 398 157 561 223 243 31 151 620 11 740 722 41 598 475 736 720 152 134 359 552 611 625 581 747 252 150 707 780 679 199 265 177 181 36 608 607 46 506 381 105 186 426 443 476 191 163 599 158 386 238 192 237 69 650 671 159 53 256 684 584 131 115 261 153 172 691 106 601 619 797 131 172 718 366 76 86 357 602 537 216 205 297 588 310 486 220 208 132 769 72 430 401 411 253 45 207 189 218 146 259 189 199 331 509 113 240 124 680 463 39 278 146 152 728 177 778 592 620 125 92 298 249 400 642 392 179 515 119 631 293 142 484 495
850 56 211 752 582 869 602 712 74 239 390 61 809 838 62 179 538 890 11 89 112 375 292 232 275 422 167 826 672 566 100 100 113 475 693 575 543 276 406 867 164 21 640 281 107 578 263 607 667 434 84 557 739 189 66 754 469 161 455 799 82 870 426 403 865 806 219 297 647 736 143 43 613 397 145 500 649 91 844 865 306 558 504 172 652 119 147 216 607 726 72 12 267 786 415 59 462 188 144 540 800 321 796 495 41 139 456 836 344 449 827 867 92 446 370 491 246 886 701 866 24 859 165 599 111 789 226 413 255 757 469 64 502 521 195 867 49 60 626 435 871 873 495 689 259 527 223 120 164 845 723 643 816 140 802 686 0 221 404 684 273 771 157 15 231 63 844 103 163 768 176 804 248 308 234 668 399 835 40 173 619 760 273 291 228 888 863 830 360 126 858 537 849 103 49 519 775 307 458 789 98 748 24 141 866 846 228 631 73 875 407 224 64 718 101 415 326 59 120 73 792 81 495 464 34 679 466 79 358 529 455 164 843 888 105 780 674 478 52 258 85 457 615 710 698 22 139 165 419 814 737 856 281 108 142 508 210 225 264 171 132 542 629 302 133 622 135 840 96 535 254 51 519 169 596 399 258 181 520 876 273 107 406 696 78 63 469 154 576 380 784 469 385 311 549 55 103 180 657 790 212 33 633 580 901 670 406 573 442 819 600 553 152 580 827 841 809 255 680 85 100 268 30 227 805 71 132 333 44 245 79 492 847 780 511 47 153 311 119 373 798 528 895 29 424 643 183 363 600 222 623 577 438 783 378 388 123 74 86 110 718 490 315 102 47 437 376 332 606 138 475 551 665 553 71 675 106 77 697 214 224 50 41 831 813 330 183 254 161 204 67 457 700 45 101 8 815 588 827 836 697 89 95 699 182 307 591 810 272 248 213 846 768 104 844 307 448 494 595 733 64 101 579 678 438 64 120 563 622 471 538 814 6 790 89 103 167 561 530 73 365 731 694 332 173 167 514 888 405 162 478 208 474 481 806 88 657 326 343 347 434 653 490 497 867 547 427 557 496 354 178 572 896 703 183 225 717 439 555 838 195 628 97 94 96 785 638 423 468 295 52 338 541 202 600 141 853 809 203 222
629 264 137 532 376 649 385 494 213 114 187 163 593 621 269 53 324 669 220 132 293 190 95 22 73 233 144 607 454 371 158 155 319 259 472 367 330 149 187 649 325 224 426 129 296 358 138 391 451 218 137 336 520 144 263 537 248 65 234 578 297 652 217 218 644 586 126 90 438 518 110 257 397 180 121 286 429 170 624 650 85 338 283 186 434 104 331 113 387 506 160 212 50 565 238 279 242 37 82 320 579 170 580 294 262 326 239 616 130 233 613 647 137 228 194 280 56 666 481 650 204 638 345 380 143 568 6 192 77 538 251 224 281 310 31 646 178 205 421 234 667 653 276 469 57 305 27 327 91 625 504 423 595 115 582 465 221 0 183 463 132 551 340 227 67 177 623 301 189 557 200 583 88 137 45 447 180 627 261 303 398 545 323 88 354 667 642 609 154 190 637 316 629 319 269 298 555 101 251 568 319 527 232 196 647 626 88 416 263 656 188 132 216 497 127 194 108 190 305 230 573 292 314 246 218 459 247 147 140 311 235 189 625 669 245 559 453 257 213 325 138 236 395 499 477 199 291 163 214 593 516 635 74 293 306 301 35 101 65 55 192 323 415 143 89 414 87 619 146 317 302 181 325 216 377 183 299 72 299 654 58 119 191 474 283 159 256 94 356 190 565 248 164 142 328 207 119 60 436 570 10 235 413 360 681 449 193 352 222 598 381 332 106 360 606 622 588 117 459 158 226 121 191 131 585 204 91 158 188 26 236 273 626 562 294 265 83 113 327 157 577 307 674 248 207 422 171 148 387 74 402 357 228 561 160 186 109 292 232 129 504 287 134 319 268 221 154 144 396 104 255 354 444 336 156 454 283 266 477 202 54 271 256 610 592 111 127 240 196 177 283 240 484 243 318 215 597 388 607 616 477 146 146 478 43 93 370 592 69 54 44 627 551 147 623 92 227 273 390 511 188 219 361 457 218 224 127 342 403 260 320 595 227 570 137 164 345 340 310 256 168 510 473 111 179 89 299 667 188 170 283 64 257 260 585 304 436 161 162 174 214 433 270 275 647 326 205 341 275 133 45 351 676 485 256 37 497 225 335 617 301 414 316 127 163 565 418 213 253 82 178 149 323 94 380 192 643 590 21 90
450 447 278 357 245 473 222 312 394 235 132 346 426 454 453 226 150 488 403 315 474 175 131 172 154 182 305 434 288 268 337 335 502 86 290 231 187 241 60 477 501 407 270 212 469 186 240 213 287 92 320 153 350 296 446 370 67 243 51 398 477 481 76 184 461 409 262 136 295 349 286 437 219 74 294 149 255 350 441 487 99 169 109 345 270 285 511 232 219 323 339 395 143 384 208 461 81 219 261 136 402 221 415 192 444 507 62 443 70 104 450 471 320 52 151 150 179 490 305 485 385 456 512 212 322 387 179 21 186 355 103 399 107 179 209 464 361 387 287 154 524 477 119 286 151 126 188 510 253 448 334 253 419 281 404 282 404 183 0 281 224 367 519 410 202 355 441 483 351 404 339 402 183 188 186 264 18 476 444 473 217 382 463 145 519 484 465 429 120 349 460 138 450 502 451 115 378 111 147 389 501 348 416 365 474 451 222 259 445 482 9 264 398 317 306 24 78 367 486 411 402 471 249 100 397 285 89 331 74 156 52 350 457 496 412 381 272 82 396 473 321 56 212 347 294 382 454 324 132 410 337 455 146 474 484 181 196 234 162 233 362 141 259 205 272 275 268 441 321 157 445 364 232 377 211 40 439 233 123 474 132 302 44 295 461 341 128 270 183 122 383 67 31 191 146 389 301 235 253 394 192 414 243 177 504 269 98 169 38 417 199 155 280 190 426 448 409 225 283 339 404 217 374 261 410 385 274 183 371 162 416 112 449 391 141 446 256 146 504 84 397 130 494 431 38 242 325 92 238 201 223 174 124 381 68 135 290 476 412 310 345 182 173 502 450 53 35 161 225 283 93 210 263 157 339 271 463 441 294 343 201 454 439 429 411 86 284 367 359 322 466 102 320 426 498 397 429 269 432 441 294 328 327 298 225 101 192 422 155 163 196 451 382 319 440 116 44 93 259 332 370 396 200 279 67 405 306 164 233 138 137 421 409 387 320 342 523 162 141 438 144 332 299 82 337 261 153 485 80 316 197 207 81 86 405 487 260 201 175 191 32 250 105 94 474 149 27 189 105 50 228 169 501 316 417 182 314 109 162 434 465 261 497 310 343 387 243 116 117 128 361 158 162 245 208 360 489 408 203 228
175 726 535 102 223 204 136 91 669 491 333 626 194 214 731 508 180 207 683 595 748 374 405 453 420 342 571 175 116 284 612 610 780 224 9 213 203 481 285 220 769 687 156 455 749 124 485 130 130 268 601 128 121 557 724 151 215 524 230 119 758 226 281 359 182 142 519 399 199 128 560 718 125 298 567 226 81 626 168 256 379 145 183 605 124 566 784 505 118 55 620 675 419 103 371 742 230 498 542 147 132 443 189 277 725 781 236 184 346 258 225 202 598 244 376 239 449 222 66 248 666 175 789 122 597 106 459 271 450 99 233 680 186 227 490 184 641 664 224 307 342 208 207 33 431 159 465 787 533 179 112 98 150 561 136 13 684 463 281 0 468 97 791 690 470 636 161 760 613 223 610 122 457 425 459 20 288 282 724 737 66 172 702 407 776 207 192 150 350 626 187 150 174 782 732 167 114 387 278 114 782 79 695 631 214 184 485 149 722 218 278 519 674 46 587 269 359 648 760 686 155 752 341 237 679 73 228 610 332 186 229 613 213 236 690 109 15 208 673 716 601 227 76 193 20 663 730 588 307 129 73 177 413 749 755 247 477 495 430 514 630 152 154 440 552 208 549 166 602 177 688 643 295 638 128 294 680 513 168 194 413 581 288 31 742 622 249 544 123 349 131 215 300 425 136 667 582 511 30 130 472 696 101 111 234 34 300 115 243 137 105 135 553 128 149 186 134 477 58 617 676 465 654 516 148 662 554 407 650 441 691 206 179 149 201 727 537 396 785 323 120 160 215 711 267 48 585 334 177 479 68 110 283 102 313 336 568 755 686 587 165 272 411 782 731 257 309 393 167 559 218 251 22 156 619 18 737 722 54 593 472 735 719 150 131 357 548 605 621 576 746 247 137 705 779 678 189 254 169 174 49 606 605 34 504 381 99 177 423 443 476 185 152 599 160 384 237 190 225 61 648 668 149 40 253 682 582 126 104 254 156 164 690 109 599 616 794 127 166 715 360 67 73 355 598 534 208 204 293 590 301 487 222 205 128 767 60 424 395 405 253 54 203 188 212 142 258 180 195 330 507 113 234 111 675 463 48 272 140 155 723 165 778 590 618 118 81 293 243 397 640 387 171 512 110 627 282 150 482 491
615 294 71 515 320 628 359 521 227 33 137 214 557 586 297 172 372 665 266 202 297 108 208 150 82 154 114 583 427 296 176 174 336 309 476 316 291 20 189 620 307 265 387 13 371 348 17 431 419 201 202 349 495 95 285 504 268 170 261 572 354 622 287 134 650 569 57 91 386 490 130 315 436 174 128 252 414 188 636 608 151 326 287 141 405 189 328 244 368 519 239 261 112 562 143 328 240 127 180 342 565 49 543 232 310 327 286 592 208 211 572 626 182 275 302 241 78 644 468 611 266 636 427 362 163 565 127 220 56 557 236 303 284 266 153 650 224 228 362 176 602 633 262 482 177 315 104 343 209 606 479 404 578 225 566 473 273 132 224 468 0 564 334 271 66 256 618 315 150 507 319 579 217 44 86 456 232 571 310 272 404 507 241 82 308 674 625 600 119 295 620 320 615 347 320 319 539 202 203 557 365 518 272 171 621 605 52 381 281 631 231 55 235 492 211 220 181 269 308 242 547 354 223 232 285 444 241 196 151 288 263 149 592 641 336 548 455 266 239 252 195 259 413 450 485 252 382 128 166 594 505 624 88 299 295 250 165 48 81 164 173 355 378 31 160 361 175 605 236 297 224 221 250 172 357 246 217 196 301 647 163 171 254 471 349 221 224 122 347 289 588 270 193 44 339 232 189 111 445 553 137 298 395 383 659 446 169 371 256 593 410 333 121 346 596 598 577 19 448 188 224 10 249 51 565 222 158 66 229 119 245 262 609 534 272 319 192 78 391 150 568 310 663 290 260 422 120 139 346 206 401 376 189 556 164 134 155 327 238 163 464 229 57 348 318 275 189 76 448 138 251 429 447 376 203 464 286 339 496 125 80 318 293 603 586 140 93 144 157 108 316 221 450 273 372 269 565 321 585 596 494 184 178 474 128 184 369 562 83 180 176 606 520 243 627 112 259 289 332 505 215 216 337 451 219 242 152 343 385 222 352 571 278 578 188 175 334 342 302 273 110 501 458 146 133 109 269 662 177 288 212 194 304 268 576 334 427 54 77 76 254 452 266 294 622 327 233 310 275 182 136 367 652 459 207 168 510 197 329 621 255 374 367 195 181 551 405 177 227 103 220 81 303 72 367 167 591 611 126 55
135 814 630 128 314 174 230 75 760 585 429 713 209 217 820 592 244 137 770 682 839 470 485 538 512 439 664 167 193 374 703 701 869 299 90 305 299 577 378 205 862 774 240 551 830 221 581 178 208 363 687 217 164 651 813 190 304 610 317 84 842 211 354 456 96 131 614 491 279 173 650 803 171 392 658 323 172 716 73 260 466 242 277 700 208 652 876 582 213 45 704 762 509 68 468 828 324 587 628 231 119 539 212 373 811 872 316 173 428 354 239 172 687 325 443 336 541 187 133 248 752 105 867 218 688 69 546 360 543 28 329 762 280 323 576 101 729 754 307 404 367 175 303 82 514 251 554 877 615 154 164 188 133 643 123 91 771 551 367 97 564 0 883 778 562 720 102 850 707 266 684 77 536 520 549 108 372 308 810 831 160 210 799 500 871 118 155 107 445 704 152 244 135 870 818 253 120 468 375 99 867 98 783 725 194 162 578 236 812 194 363 614 764 95 672 358 444 731 851 777 168 836 436 332 763 152 323 698 424 284 316 707 213 212 769 103 112 300 763 813 688 316 156 255 79 749 807 682 404 63 106 128 505 840 847 344 562 589 522 600 723 229 241 536 640 293 635 131 685 274 784 732 389 732 223 374 776 596 262 134 498 670 367 107 825 708 346 635 220 418 45 304 389 521 227 756 669 601 118 129 560 780 193 191 195 127 395 199 329 89 173 230 644 225 110 170 108 571 140 706 768 560 741 611 142 752 641 503 739 529 782 302 149 169 298 813 621 490 867 417 95 253 157 798 348 145 679 428 268 559 165 194 380 78 406 433 657 843 777 677 223 369 506 870 817 336 398 488 201 649 313 289 119 223 707 99 828 804 75 689 564 821 806 102 87 447 642 702 715 671 834 343 202 794 864 764 199 342 157 154 74 695 694 105 593 464 196 185 515 526 560 162 182 681 79 475 324 280 314 94 737 760 245 127 346 772 672 221 198 351 233 160 776 27 688 707 886 222 262 805 456 104 144 445 692 625 305 136 388 666 398 569 299 298 97 855 151 521 492 501 337 118 298 277 190 236 346 276 289 417 595 200 201 175 770 547 54 368 237 73 818 251 862 677 708 113 174 389 339 488 729 483 268 604 207 720 300 56 570 585
947 102 263 847 653 961 691 831 127 306 470 190 891 920 96 312 664 993 149 225 48 441 426 357 371 487 222 916 760 624 182 184 58 599 800 650 625 328 506 954 37 140 721 346 215 676 319 730 753 527 218 666 828 239 91 838 579 293 567 901 163 956 556 466 974 901 278 393 719 823 233 163 736 494 225 585 744 169 957 942 421 654 608 194 739 254 10 366 699 838 224 157 376 890 471 138 562 302 278 654 896 374 877 565 138 18 577 925 469 540 905 959 206 567 514 574 342 978 798 944 180 963 259 692 197 893 343 524 342 873 563 214 605 600 321 975 174 138 694 510 929 966 590 801 389 633 331 57 309 938 812 735 910 289 898 795 157 340 519 791 334 883 0 142 321 219 946 56 185 839 332 907 390 377 334 777 518 902 141 80 726 841 200 384 104 998 957 930 446 282 952 641 947 87 142 631 871 437 537 888 137 847 134 163 955 938 307 715 86 964 524 280 126 819 244 525 447 216 38 111 880 172 545 558 188 775 565 199 460 619 568 185 926 975 248 878 780 583 132 176 211 568 728 784 807 168 266 207 499 920 835 955 378 50 39 584 340 298 361 301 162 660 712 365 255 694 267 937 247 627 190 167 579 166 688 523 199 321 623 976 397 223 531 798 182 202 556 249 675 520 902 580 495 378 657 137 234 284 766 885 332 177 726 694 993 772 496 685 557 921 718 656 240 676 926 932 907 321 777 183 116 334 180 283 898 136 252 400 163 358 105 589 941 868 602 152 292 397 190 469 898 632 994 131 546 747 215 458 680 363 726 690 521 884 478 467 231 104 108 211 798 562 389 89 141 560 487 407 736 237 574 689 771 675 190 785 58 202 812 223 320 134 119 932 915 436 245 241 178 230 102 549 784 114 158 165 899 652 918 929 811 196 194 801 296 432 694 896 369 380 347 939 854 258 952 408 562 603 665 833 154 123 669 779 539 119 213 666 716 555 656 904 153 900 208 177 12 665 629 89 442 831 789 439 201 258 601 991 500 318 544 347 596 586 905 91 756 387 411 409 551 767 590 607 956 650 538 643 597 469 296 683 986 792 143 356 829 527 655 946 112 708 150 226 177 882 735 508 557 395 171 414 633 280 696 167 922 926 319 301
855 42 207 757 584 874 606 720 62 238 391 65 812 841 48 188 547 896 8 96 97 375 301 240 278 422 163 831 676 566 96 97 100 483 699 577 545 273 411 871 149 7 643 280 116 583 261 615 671 438 91 563 743 185 51 757 475 169 461 805 85 874 435 403 871 811 216 300 649 740 143 49 621 401 143 503 653 86 851 867 312 562 510 164 655 127 132 229 611 733 84 17 272 792 414 57 466 193 152 547 805 319 799 496 39 124 464 840 352 452 830 871 94 454 381 494 249 890 706 868 38 865 174 604 108 795 232 419 256 765 473 79 507 523 202 874 50 51 627 437 871 878 499 696 267 532 227 107 175 849 727 647 820 152 807 692 15 227 410 690 271 778 142 0 233 77 850 88 154 770 191 810 259 308 237 674 406 837 40 158 625 763 260 294 213 895 867 835 362 141 862 542 854 93 49 525 780 315 460 794 95 753 8 132 870 850 228 634 57 879 414 221 52 723 110 421 334 74 105 60 796 86 494 468 50 684 471 81 363 532 462 155 846 892 119 785 680 483 40 245 90 464 622 712 704 29 152 159 421 820 742 861 284 93 126 510 218 225 268 178 123 550 632 301 138 624 143 845 108 539 241 50 519 158 600 407 245 191 525 881 280 111 414 701 85 70 472 155 581 391 791 475 391 311 555 45 109 183 663 795 218 46 637 587 905 676 409 579 449 825 607 558 152 584 832 845 814 254 685 83 88 267 40 224 810 61 137 333 43 250 65 496 851 784 515 50 162 313 123 376 803 533 900 20 432 648 176 366 602 232 629 584 440 788 383 389 125 65 73 111 721 492 315 93 47 445 381 333 615 139 479 562 671 561 73 682 90 88 704 206 226 47 29 837 818 335 180 245 152 197 57 460 703 29 101 23 818 589 831 841 704 89 94 705 187 315 597 814 275 256 222 851 772 117 850 311 454 500 596 738 58 89 583 684 443 51 120 568 627 474 546 818 14 797 92 98 152 567 535 58 366 737 698 337 166 167 517 894 408 176 479 218 482 487 811 78 662 325 343 346 441 660 495 503 871 552 433 560 501 361 183 579 900 707 170 233 724 442 560 844 181 630 96 101 91 790 643 426 471 299 52 339 545 201 605 132 855 816 208 222
627 263 80 528 351 644 375 512 201 48 158 171 580 609 267 106 351 673 227 151 279 146 153 87 50 193 103 600 444 336 145 143 313 286 479 344 312 82 185 639 300 228 410 65 322 356 72 415 439 208 153 345 512 94 258 525 258 107 247 580 312 642 254 175 652 582 66 71 416 508 92 272 421 173 97 270 425 158 635 634 111 334 287 143 423 132 314 178 381 517 186 220 64 569 191 289 241 62 119 333 577 110 566 264 271 311 263 609 168 221 597 642 139 253 251 261 23 661 479 635 220 642 376 374 130 572 63 204 23 553 243 252 284 290 87 654 183 198 395 204 640 648 270 480 117 312 39 320 145 620 496 417 592 162 579 473 231 67 202 470 66 562 321 233 0 203 625 292 148 537 255 586 154 83 24 455 205 604 271 272 404 531 270 63 317 677 639 609 129 235 634 320 627 318 280 311 552 151 227 568 329 527 236 163 639 621 24 402 255 648 209 70 207 499 155 205 142 217 291 218 565 310 270 239 238 456 244 153 138 302 249 148 614 660 280 558 458 262 208 276 148 248 407 479 486 209 327 122 188 598 515 635 57 280 285 277 100 37 40 100 161 342 400 84 105 391 116 617 179 308 250 183 290 175 370 215 246 130 302 656 108 124 223 477 304 173 240 79 354 242 582 260 175 86 336 201 137 54 444 566 71 253 407 374 675 451 177 365 239 601 399 335 84 356 606 615 587 50 457 152 206 56 205 68 580 194 104 107 191 60 223 268 623 553 284 278 128 80 347 148 577 310 674 253 234 425 124 137 369 141 405 370 207 564 157 156 108 295 217 123 488 259 86 319 278 249 168 101 426 94 253 396 450 359 161 463 268 291 491 147 14 280 259 612 594 116 82 180 157 123 284 230 471 242 332 227 586 357 601 611 490 144 140 480 64 137 373 582 48 118 110 621 540 184 630 87 243 282 364 513 182 198 352 458 218 215 115 345 397 241 338 588 237 579 143 148 324 344 308 248 133 510 470 120 135 67 285 670 179 224 248 129 282 265 585 304 435 105 115 122 234 446 269 286 640 329 218 328 276 153 73 362 670 476 215 104 508 210 334 624 263 397 328 144 150 563 415 193 240 74 181 107 315 43 376 159 622 606 61 28
804 119 205 708 550 825 562 659 115 223 357 55 770 798 125 128 483 842 70 54 173 350 236 184 240 396 169 784 631 539 108 107 176 422 645 541 506 263 364 826 223 79 602 262 120 535 250 552 628 395 54 508 697 188 128 714 421 113 406 752 122 829 371 378 814 762 209 262 613 695 129 84 559 357 137 462 605 106 792 827 259 515 459 188 611 74 209 154 564 676 18 62 226 739 394 112 418 149 95 490 755 305 757 465 98 201 404 793 291 410 790 823 80 395 309 455 213 842 657 827 39 810 173 557 111 742 183 366 226 705 428 49 457 486 147 817 61 99 594 404 840 829 453 639 206 480 185 183 106 801 681 600 771 79 758 636 63 177 355 636 256 720 219 77 203 0 796 166 181 733 118 757 189 285 200 619 348 802 96 225 572 722 310 257 282 837 818 783 326 69 813 491 804 164 102 469 731 252 424 743 149 702 85 165 824 802 206 593 133 832 358 216 109 671 51 369 277 13 181 122 750 116 473 423 43 636 424 68 317 489 407 182 802 846 81 734 627 432 97 299 64 410 565 675 649 52 127 173 386 765 691 810 245 170 200 475 159 207 230 123 156 490 591 283 98 589 91 795 35 494 289 70 493 195 554 346 292 124 474 829 223 86 353 649 107 41 432 134 532 321 731 421 339 289 501 96 67 150 607 746 167 61 590 529 857 624 369 523 393 772 547 507 138 537 780 798 763 237 635 90 142 249 40 217 762 108 99 310 69 202 129 450 802 739 471 95 99 279 150 334 752 482 849 92 372 596 192 324 563 164 577 527 403 736 337 356 102 135 134 100 681 459 289 164 101 384 329 304 549 119 432 491 618 499 67 626 165 89 645 229 193 106 104 784 766 288 177 272 182 212 129 417 661 105 144 55 774 559 783 793 645 85 93 653 144 256 545 769 237 194 160 803 728 42 794 268 399 447 563 686 91 140 539 633 395 112 112 517 580 435 487 771 68 740 72 115 229 515 487 132 335 686 650 288 186 147 476 840 365 100 451 152 421 436 759 150 612 306 318 325 383 602 447 448 824 501 379 518 452 307 138 523 852 662 220 173 666 401 511 788 242 591 143 61 106 740 594 388 429 256 66 310 500 184 557 163 819 756 162 201
41 884 687 111 330 78 262 176 826 642 481 785 147 143 889 668 334 47 842 755 904 517 566 613 576 479 724 92 203 386 769 767 937 384 152 326 333 629 441 116 923 846 251 605 910 271 634 273 215 419 760 288 144 709 881 156 375 684 390 46 918 122 440 498 57 71 671 554 279 153 716 879 266 452 723 367 204 783 80 180 538 292 340 757 223 726 939 666 250 132 780 834 578 58 505 902 385 657 702 307 65 587 156 405 885 936 397 94 507 407 171 77 757 405 533 379 606 89 151 167 826 22 950 257 754 55 618 431 604 129 384 840 343 359 650 49 800 821 310 447 296 78 357 165 591 317 623 945 694 66 154 216 65 722 67 162 844 623 441 161 618 102 946 850 625 796 0 917 765 221 770 40 618 574 616 179 449 242 884 889 225 171 844 563 925 78 59 25 501 787 58 307 40 940 892 327 87 548 419 63 941 100 854 785 104 76 639 252 880 100 439 670 832 127 747 428 520 808 916 843 115 913 459 388 839 175 382 769 489 329 389 765 136 117 851 73 170 366 831 860 760 387 235 234 150 822 891 741 452 39 113 28 570 906 909 379 638 648 587 674 784 312 256 588 711 299 709 42 762 321 831 802 412 789 261 454 823 674 325 34 573 740 448 149 903 781 394 701 272 507 131 375 459 574 295 824 741 669 190 82 632 856 224 271 94 174 451 275 404 25 260 291 709 271 31 88 48 628 170 774 831 616 814 667 82 819 712 554 809 600 848 358 60 123 346 887 697 549 946 478 51 316 57 870 428 201 736 489 289 639 221 271 429 62 469 484 726 914 842 744 202 403 561 940 891 417 468 542 300 716 373 388 179 311 777 173 893 883 167 742 629 894 878 17 32 515 702 749 773 726 904 397 194 863 940 837 133 352 82 73 164 764 762 145 663 541 253 121 579 604 637 76 141 760 43 540 398 349 326 113 805 824 283 167 408 839 739 282 233 397 315 93 850 75 758 773 948 283 318 872 508 117 162 513 749 691 349 44 447 750 430 647 382 363 44 925 191 570 542 549 413 203 357 348 99 297 417 312 350 490 667 273 102 173 825 623 141 421 291 43 873 264 938 750 775 74 213 440 390 553 799 536 315 666 251 780 228 121 641 646
919 47 244 820 635 936 666 795 91 284 446 143 870 898 41 268 625 964 96 178 27 422 383 316 341 469 201 892 736 610 148 150 22 560 769 630 602 312 476 930 75 88 699 326 162 648 301 692 729 500 171 633 804 220 39 815 546 249 533 872 111 933 515 449 942 874 258 363 701 800 201 107 698 465 195 561 717 134 923 922 384 626 577 182 715 208 46 316 673 805 172 105 341 860 456 84 532 264 233 619 869 359 856 546 82 38 540 901 429 513 885 934 164 529 467 551 311 953 771 924 126 933 210 666 163 863 305 490 314 838 535 158 574 578 279 944 127 96 677 489 916 940 562 768 346 601 296 29 261 912 787 709 884 239 871 762 103 301 483 760 315 850 56 88 292 166 917 0 172 821 277 878 343 356 301 745 481 886 85 105 694 820 226 355 148 966 931 901 420 227 926 610 919 44 87 597 844 395 514 859 90 819 80 147 931 913 281 692 38 940 488 261 86 790 195 492 409 162 25 74 856 120 533 531 133 748 535 155 428 593 534 172 904 952 192 850 749 552 88 205 167 534 694 765 775 116 212 188 476 889 807 927 348 22 57 563 297 274 330 257 143 624 689 346 213 675 222 910 196 600 212 122 564 161 662 484 219 275 592 948 357 182 492 768 129 153 531 216 646 475 866 546 461 358 625 94 189 249 734 858 293 121 699 660 967 743 469 651 522 892 682 626 208 648 898 907 879 300 749 144 92 313 128 264 872 99 211 381 116 321 70 560 915 844 576 96 246 370 143 439 869 601 966 75 508 716 201 429 658 316 696 656 497 855 448 444 193 51 77 173 777 543 366 46 86 522 452 385 695 201 545 645 740 637 146 752 33 147 777 218 288 79 63 903 885 403 222 245 166 219 46 522 761 62 110 111 876 636 893 903 777 155 156 772 258 392 664 873 338 337 303 913 831 206 920 377 527 571 647 804 113 99 643 750 509 78 178 636 690 531 620 880 99 868 165 144 67 634 600 45 419 802 762 406 188 226 577 961 471 264 526 301 558 555 877 41 727 369 391 391 515 733 560 574 932 620 504 619 567 433 256 650 961 767 150 313 796 501 626 914 136 686 102 180 142 855 707 484 531 364 125 391 607 253 669 150 906 891 281 275
764 162 79 664 469 778 508 660 95 123 286 125 707 735 163 187 500 813 153 140 150 257 284 210 197 302 46 733 576 440 73 74 193 434 622 465 441 143 329 769 158 147 537 162 269 495 134 563 569 346 135 491 644 56 149 654 405 170 395 720 237 772 400 282 795 718 94 217 535 639 85 204 569 316 71 401 562 76 780 757 258 473 430 10 555 153 179 262 517 662 170 151 210 709 287 206 384 155 165 480 714 190 692 380 190 179 412 741 312 358 721 776 106 401 381 390 172 794 616 760 168 783 327 510 74 712 189 352 165 699 382 216 427 416 183 796 124 104 510 325 746 782 409 625 245 457 170 200 206 755 629 553 727 202 715 617 163 189 351 613 150 707 185 154 148 181 765 172 0 655 287 727 264 193 167 600 353 718 191 124 548 657 142 208 168 820 774 748 264 244 769 464 764 209 200 457 688 289 352 706 238 666 152 25 770 754 130 530 143 780 357 95 105 639 161 353 287 190 161 106 696 240 363 378 189 592 385 114 285 437 397 1 741 791 256 696 601 407 114 140 123 395 554 599 630 148 298 26 316 740 653 773 205 154 146 400 204 118 189 173 31 490 527 181 132 509 153 754 182 445 120 116 395 28 506 362 120 206 445 795 245 112 371 618 239 140 373 98 494 379 728 407 323 194 481 109 137 129 589 702 185 195 543 521 809 592 315 511 387 740 547 478 85 494 744 748 725 138 596 90 81 150 153 99 715 94 128 216 121 198 107 408 758 684 420 203 183 217 276 290 716 454 812 168 382 567 30 279 495 240 547 516 338 704 302 283 105 195 98 91 613 378 205 211 198 397 316 224 574 96 395 540 592 507 114 608 140 239 637 52 151 196 167 751 734 265 67 92 8 47 184 368 600 144 250 163 714 467 735 745 636 98 90 621 150 278 515 712 196 240 214 755 670 194 773 235 391 428 480 652 99 75 486 599 361 110 82 487 534 371 486 721 166 723 114 66 185 486 449 134 258 649 607 269 17 100 418 810 320 260 359 224 431 410 724 198 575 202 227 224 383 593 411 433 772 472 366 459 419 302 154 508 802 608 68 217 653 345 475 767 114 523 244 135 74 700 553 326 375 223 118 230 451 105 515 23 738 753 169 123
189 798 578 137 187 173 184 306 732 538 378 707 79 100 802 609 372 252 764 684 804 399 533 555 493 353 621 133 127 220 678 677 843 388 220 193 227 512 374 143 810 764 135 496 853 226 521 343 122 340 687 284 104 602 791 76 342 622 360 195 848 142 441 373 278 151 564 472 121 96 627 808 339 378 630 271 172 691 293 105 481 238 298 645 138 659 834 634 191 254 716 757 507 203 370 826 326 584 639 310 160 465 67 275 808 833 389 136 474 324 74 172 676 392 540 278 522 182 156 111 755 242 902 196 664 205 551 386 513 287 310 781 299 247 588 271 720 732 145 334 125 177 287 253 545 292 548 850 643 164 111 164 156 670 157 235 768 557 404 223 507 266 839 770 537 733 221 821 655 0 740 206 584 465 535 237 419 72 808 771 239 55 702 477 797 298 183 197 409 743 180 278 189 852 817 317 148 513 310 174 865 169 773 678 150 156 543 146 787 162 406 561 740 185 683 383 475 746 815 749 107 845 301 314 772 157 319 689 419 250 361 654 108 163 802 166 214 324 743 722 683 352 275 58 234 746 846 634 349 232 164 205 489 806 801 260 582 548 504 612 680 330 146 475 637 146 642 182 703 248 694 720 261 674 196 434 685 623 286 228 523 661 432 191 838 708 301 615 230 510 310 344 406 464 283 736 669 588 242 144 567 787 173 297 195 197 364 290 376 206 309 262 619 219 191 144 177 522 170 688 731 508 740 558 140 726 638 441 727 532 752 293 170 100 266 814 639 457 882 400 183 283 230 790 410 215 625 409 171 598 220 289 331 192 398 380 645 830 745 659 64 279 456 853 815 407 417 438 384 631 312 460 218 347 697 240 793 822 272 619 544 817 795 205 202 448 600 615 662 609 820 318 94 776 868 763 93 189 143 154 267 680 676 189 589 499 235 102 497 558 585 157 85 704 260 465 369 321 175 178 717 723 205 186 346 747 651 256 182 298 332 129 773 251 679 680 839 258 265 779 404 168 151 449 638 602 259 248 369 714 296 601 383 319 186 839 184 453 430 431 388 273 300 324 155 266 377 218 299 441 596 281 183 114 704 571 254 332 248 257 749 144 865 678 684 158 184 345 305 477 718 432 242 570 205 674 86 315 571 549
783 230 289 694 566 809 559 616 233 291 384 168 765 793 236 150 440 814 185 147 288 391 208 193 273 433 263 771 627 568 215 214 284 386 619 555 515 332 367 815 340 195 606 320 164 525 319 508 626 403 152 486 689 279 242 709 405 149 388 728 199 819 330 418 780 745 287 290 625 688 215 176 515 365 228 472 594 218 754 826 261 508 448 292 609 140 322 107 558 642 122 178 247 713 439 206 415 193 140 464 737 364 754 490 199 314 374 780 269 419 788 807 181 366 245 468 253 826 642 824 153 781 187 551 213 716 207 356 273 665 431 121 446 499 171 784 178 217 611 431 856 813 453 606 195 463 222 289 111 784 672 592 754 95 740 608 176 200 339 610 319 684 332 191 255 118 770 277 287 740 0 731 156 335 241 591 327 811 196 344 549 720 424 288 400 801 799 760 351 50 794 475 783 265 198 446 714 228 444 722 234 682 200 275 812 787 268 595 249 819 339 294 227 650 126 358 265 117 296 241 740 190 514 427 144 623 422 174 325 490 388 288 796 834 102 715 603 420 215 414 164 394 535 682 619 170 127 273 409 735 672 787 275 284 317 493 167 274 265 155 266 458 595 338 167 602 148 774 105 493 402 187 523 306 549 317 404 128 462 803 219 177 323 628 177 152 443 212 521 266 688 404 334 339 481 214 151 209 580 730 192 157 582 499 840 604 383 495 373 747 512 493 221 529 758 785 742 301 619 199 260 310 158 295 747 225 171 357 187 224 248 447 784 729 474 188 127 313 208 347 729 468 825 202 344 575 291 340 570 143 558 500 420 712 345 384 188 237 252 197 682 482 334 264 198 353 323 344 497 203 428 426 594 461 177 597 281 151 609 329 241 205 214 759 741 296 263 373 290 308 235 423 659 221 220 169 768 582 769 777 610 190 197 631 191 241 529 760 269 184 161 787 721 93 761 287 379 430 580 665 207 257 537 614 394 230 207 502 572 449 454 759 179 707 173 224 343 500 479 248 368 666 636 294 289 222 482 812 375 31 481 143 388 425 737 253 597 359 362 373 361 568 442 429 811 487 366 522 444 299 182 498 837 655 334 175 633 414 501 755 360 596 223 152 216 722 582 406 437 279 183 349 498 255 547 273 825 713 196 265
60 845 648 80 297 97 225 147 787 604 442 745 139 143 850 628 297 86 803 715 865 479 527 573 537 442 685 91 169 354 730 728 897 345 113 291 296 590 401 127 884 806 218 566 871 232 596 238 182 380 720 249 116 670 842 134 335 645 350 11 878 134 402 461 80 58 632 515 249 126 677 839 231 413 683 329 167 743 88 185 499 253 301 718 188 687 900 627 212 98 741 795 538 18 468 862 345 617 663 268 47 549 145 369 845 897 358 97 468 368 167 95 717 366 496 341 566 112 114 172 787 57 911 219 715 15 578 391 565 105 345 801 303 322 610 76 760 782 279 410 296 99 318 128 552 278 583 905 654 76 124 179 58 683 51 124 804 583 402 122 579 77 907 810 586 757 40 878 727 206 731 0 579 535 576 140 409 238 844 850 185 152 807 523 886 104 80 32 462 748 76 268 59 900 852 288 60 508 381 33 902 63 815 746 117 85 600 218 840 117 399 632 792 88 708 389 480 769 877 804 101 873 425 349 799 138 342 729 449 291 350 726 138 135 812 43 130 327 792 823 720 347 196 210 112 782 852 702 414 26 76 57 530 866 870 342 598 609 547 635 745 273 222 550 672 268 669 54 723 283 794 762 378 750 224 415 785 634 285 72 534 700 409 109 863 742 355 662 232 469 116 335 419 535 256 785 702 630 151 61 592 816 187 232 121 135 412 236 364 16 222 252 670 233 33 93 33 589 132 735 792 577 774 628 70 779 673 515 769 560 808 319 72 106 307 848 658 510 906 439 23 277 94 830 388 162 698 450 254 600 182 232 390 23 430 445 687 875 803 705 177 367 522 901 851 378 429 503 267 677 333 355 139 274 738 134 854 843 132 703 589 855 838 29 11 475 663 711 734 687 865 358 165 824 900 798 127 320 81 77 129 725 723 106 623 502 214 113 540 564 597 85 122 720 58 501 358 310 293 74 766 784 245 128 369 800 699 242 195 359 277 87 810 53 719 733 909 243 278 833 470 79 125 473 710 651 311 84 408 711 394 608 343 323 21 886 152 532 504 511 374 166 317 308 113 258 378 275 310 450 627 234 125 141 787 584 106 382 252 54 834 231 898 710 735 48 174 402 352 514 759 498 276 627 212 741 227 114 602 606
630 300 223 538 413 654 403 472 264 201 240 200 609 637 306 80 296 663 251 165 342 257 52 67 146 293 222 616 470 421 216 214 358 237 466 402 360 236 213 659 382 257 450 213 294 369 226 365 469 249 172 332 533 226 304 553 250 99 233 576 310 664 183 282 632 590 213 155 470 532 180 273 371 213 193 318 438 227 608 670 110 352 292 263 452 136 380 50 402 493 176 242 114 561 305 301 259 112 112 311 582 252 597 341 286 374 222 625 113 265 632 652 186 213 124 314 140 672 487 668 226 631 332 395 204 564 91 199 162 520 275 228 290 346 81 636 217 252 458 284 701 658 297 457 47 307 115 365 84 629 516 436 600 110 585 456 248 88 183 457 217 536 390 259 154 189 618 343 264 584 156 579 0 215 131 439 172 655 285 367 395 564 404 157 421 654 645 607 208 169 640 320 630 351 291 292 559 72 294 568 338 528 266 267 657 632 176 439 306 664 183 219 264 496 148 202 109 200 353 279 584 303 375 271 233 467 266 191 174 334 233 264 640 679 233 561 450 264 257 403 178 238 384 526 469 229 273 240 262 585 518 634 144 340 361 341 60 188 142 93 260 308 439 225 139 448 124 621 154 337 382 223 377 291 393 164 380 69 306 651 70 170 170 474 291 190 290 166 365 132 544 249 178 220 326 253 156 138 428 575 86 250 426 348 685 449 233 343 217 595 363 337 179 373 605 630 589 204 464 210 284 207 218 218 592 255 143 232 228 99 286 291 630 574 318 284 98 181 332 197 576 312 672 277 191 421 251 192 415 27 403 348 270 559 192 241 166 322 285 187 526 333 209 350 290 201 167 214 360 170 272 303 441 314 199 446 332 269 462 285 141 295 288 607 588 147 209 325 271 260 315 268 503 282 332 240 612 431 614 622 462 197 200 478 116 85 374 604 143 39 50 633 565 148 612 146 224 274 427 512 236 277 381 459 238 271 189 346 416 297 304 603 253 558 182 224 397 344 323 301 229 512 481 144 257 166 327 661 222 133 335 43 237 269 584 336 441 240 233 248 206 419 285 274 656 332 210 367 287 144 110 345 683 498 329 51 484 261 345 606 370 440 332 163 220 568 426 256 283 142 219 217 342 180 391 262 669 569 101 177
571 333 115 471 278 584 315 479 267 72 93 248 514 543 337 185 334 621 303 232 339 67 195 151 69 114 156 539 383 258 214 213 378 273 433 274 247 57 148 576 351 302 344 32 403 304 61 391 375 157 233 307 451 138 325 461 227 188 221 528 390 579 256 95 606 524 100 67 344 446 165 350 396 132 166 208 370 227 592 566 130 282 244 184 361 214 371 249 324 476 268 297 102 518 109 365 198 144 201 301 521 39 500 190 347 370 249 548 184 167 529 583 216 239 284 197 82 601 423 568 299 592 458 317 200 521 131 181 62 514 192 333 241 223 164 606 260 267 321 133 563 589 218 439 171 272 113 385 224 562 435 360 534 244 522 430 308 137 188 425 44 520 377 308 83 285 574 356 193 465 335 535 215 0 94 412 198 530 347 316 360 464 281 61 352 631 581 556 76 317 576 277 571 387 356 278 495 186 159 513 403 474 310 214 577 561 80 337 322 587 196 98 275 448 238 181 158 298 351 283 503 388 188 188 318 400 198 230 114 244 223 193 549 598 363 503 412 224 278 294 227 218 371 408 442 287 410 171 122 550 461 580 73 342 339 207 172 84 74 181 216 315 334 17 187 319 199 561 262 253 265 258 211 216 313 215 258 208 258 602 152 203 222 427 383 253 180 155 303 267 545 229 157 5 296 271 218 136 402 509 145 332 350 341 616 402 125 329 218 549 368 290 156 302 552 554 532 57 404 225 266 44 283 95 521 262 186 25 265 118 287 219 565 491 228 355 210 45 426 109 524 267 619 327 225 378 164 99 303 209 357 334 145 512 124 90 187 366 279 198 421 186 15 388 354 241 154 32 410 171 207 397 403 336 237 421 329 371 453 169 95 355 332 559 542 110 134 184 201 152 355 178 407 312 409 304 521 281 541 552 451 219 214 430 147 165 325 519 73 177 181 562 477 267 583 86 220 247 291 461 253 258 293 407 177 282 188 299 341 178 312 527 313 534 221 215 378 298 259 313 65 457 414 116 177 142 225 618 134 304 171 200 267 226 532 374 383 24 35 40 218 409 223 253 579 284 194 266 232 151 155 324 609 415 252 171 467 153 285 577 299 331 404 225 219 507 361 133 183 81 256 37 259 107 323 210 550 568 139 86
619 269 103 520 350 637 369 498 211 71 158 173 575 604 274 91 334 663 231 149 290 153 129 64 41 198 121 594 438 340 154 152 321 268 467 343 309 104 175 634 315 232 406 84 320 347 94 398 433 201 152 332 506 115 266 520 245 95 233 570 313 637 233 181 641 574 89 63 414 503 101 273 404 165 109 266 417 167 623 631 91 326 276 162 418 126 326 158 374 505 182 223 43 558 200 292 231 52 109 320 569 126 562 265 274 323 246 603 147 215 594 635 143 235 227 258 13 654 470 632 220 632 371 367 139 562 41 190 33 539 236 248 273 287 70 642 187 206 395 205 641 641 262 467 94 300 19 329 130 613 490 410 584 150 571 461 234 45 186 459 86 549 334 237 24 200 616 301 167 535 241 576 131 94 0 444 187 603 274 288 393 527 292 57 335 665 631 600 126 224 626 309 619 325 283 297 544 128 225 559 332 518 241 180 633 614 47 397 264 642 192 94 216 489 150 191 121 213 302 228 559 310 278 231 237 448 235 156 127 295 234 167 609 655 274 550 447 250 216 297 149 234 394 477 474 212 320 140 187 588 506 626 47 291 298 276 80 61 31 87 177 327 396 99 103 390 110 609 173 302 272 188 294 194 363 196 268 113 291 647 85 127 204 467 303 173 236 86 345 219 568 246 161 99 323 209 135 54 432 558 51 252 400 360 668 441 172 351 223 591 384 324 95 348 597 608 579 72 449 159 218 76 206 92 573 203 103 117 195 36 233 260 615 547 278 280 116 79 347 139 568 299 665 257 216 415 144 129 366 119 394 356 204 554 147 157 112 300 228 129 485 260 94 326 281 231 153 106 408 100 243 375 439 343 164 451 279 288 478 169 16 284 264 602 584 102 101 204 175 145 290 223 466 248 334 228 581 359 594 604 477 149 147 470 56 114 362 576 38 95 89 614 535 176 619 75 228 270 364 503 190 211 346 449 208 223 123 334 390 238 323 581 239 567 145 158 337 333 299 257 135 501 462 105 154 76 280 660 171 210 251 108 265 253 576 311 426 118 123 133 218 433 259 273 634 318 204 323 266 136 63 349 663 470 234 82 495 205 325 613 281 394 330 143 159 554 406 190 234 62 185 112 308 62 368 175 621 592 44 51
194 710 522 121 223 224 134 87 654 477 322 610 212 232 716 491 161 224 667 579 734 363 387 436 406 333 557 194 124 284 597 595 764 205 28 212 197 469 271 240 755 671 161 443 732 115 473 111 137 255 584 112 138 543 708 167 199 508 213 137 741 245 262 350 197 162 506 384 205 144 545 702 106 284 552 217 85 611 180 275 362 136 169 592 130 550 769 487 115 63 603 659 404 122 362 726 216 482 526 129 151 432 207 271 709 766 218 203 329 246 242 222 583 226 357 231 435 241 81 267 650 192 771 118 582 125 442 255 436 105 221 663 173 221 473 199 625 649 227 297 358 227 196 30 413 144 449 772 516 199 127 101 170 544 155 18 668 447 264 20 456 108 777 674 455 619 179 745 600 237 591 140 439 412 444 0 271 298 708 724 52 188 691 393 763 221 211 169 337 608 207 136 194 766 716 149 133 369 269 134 765 98 679 618 234 204 471 153 707 238 261 506 659 65 570 253 342 631 745 671 174 735 337 225 662 83 215 594 317 178 213 599 232 255 672 129 23 193 658 705 585 211 57 204 30 646 712 575 296 146 92 196 399 734 740 241 460 481 416 498 616 133 157 428 536 211 533 185 585 168 676 628 291 625 124 276 669 496 155 212 396 565 269 48 725 605 239 529 114 330 137 199 284 413 120 651 565 496 11 149 456 679 102 92 253 41 287 97 226 156 86 122 538 121 168 205 153 464 69 601 661 452 638 503 167 646 538 395 635 425 676 194 198 168 191 711 520 383 768 310 140 146 234 695 249 42 572 321 177 461 60 92 272 121 299 325 553 739 671 571 178 265 399 766 714 239 293 380 150 543 205 233 21 136 603 9 722 705 50 581 457 718 703 168 150 342 534 594 608 563 730 235 149 689 763 661 208 255 189 194 46 590 589 52 488 363 88 196 408 426 459 204 170 582 176 369 220 174 226 81 632 654 145 51 239 667 566 113 103 245 137 183 674 123 583 601 780 114 155 700 348 86 86 339 584 519 200 222 280 572 295 469 203 191 147 751 64 413 384 394 235 36 190 172 231 128 242 174 181 314 491 96 253 124 662 446 55 261 129 170 710 168 761 574 603 138 81 281 232 382 624 375 163 497 105 613 299 158 466 477
459 444 283 367 262 483 236 314 393 241 148 342 439 466 449 221 146 495 399 310 473 190 119 167 158 199 308 444 301 286 336 334 500 81 297 248 204 250 78 488 501 403 285 220 461 198 248 212 301 110 316 161 362 299 443 383 79 238 61 405 470 492 61 200 466 419 267 142 311 361 285 432 218 90 295 167 267 349 445 500 98 183 122 348 284 280 510 221 232 328 333 390 144 391 225 456 98 217 256 142 411 233 428 210 440 506 59 454 59 122 463 481 317 48 133 168 182 500 315 498 380 462 502 226 321 394 176 39 191 358 121 392 120 196 204 469 358 385 304 171 540 487 136 290 143 136 188 507 245 458 345 266 428 273 414 288 399 180 18 288 232 372 518 406 205 348 449 481 353 419 327 409 172 198 187 271 0 491 439 475 225 395 470 151 522 489 474 437 134 339 469 148 459 499 446 122 388 100 165 397 495 357 412 367 485 461 226 273 443 492 13 270 396 325 300 42 73 360 484 409 413 465 267 118 391 296 106 327 85 172 61 353 469 507 403 390 279 95 393 478 317 67 217 362 300 378 444 327 150 417 347 463 150 473 484 199 190 239 165 228 364 143 274 215 269 292 264 450 314 173 451 361 251 381 224 22 446 225 135 481 126 299 27 303 454 337 146 269 195 104 385 77 45 201 155 387 297 235 259 404 189 408 256 181 514 278 115 174 46 425 201 166 280 203 434 458 418 231 293 338 403 224 369 267 420 384 271 195 368 161 415 128 459 402 158 441 249 154 497 98 406 141 502 426 29 250 329 105 254 191 232 179 143 389 82 151 288 472 411 308 359 200 184 499 445 44 44 173 221 282 109 199 270 156 336 277 462 434 298 349 203 449 435 437 418 92 287 375 362 326 462 120 334 423 492 392 441 286 442 451 298 326 326 307 223 93 202 433 159 155 188 461 394 311 446 122 52 103 276 341 368 396 214 288 85 404 305 175 245 156 139 432 405 392 317 342 523 173 155 437 158 341 309 87 340 261 170 492 97 305 215 199 78 100 413 484 270 213 188 204 35 254 120 103 484 160 43 205 120 52 225 175 511 328 420 175 318 127 174 440 468 276 491 306 342 396 255 134 135 133 358 170 177 248 221 362 503 410 200 231
203 863 642 186 253 176 255 359 798 603 446 775 99 100 867 679 440 262 831 752 867 464 605 625 562 417 685 150 197 278 744 743 907 459 277 261 297 575 444 137 872 831 206 561 922 297 585 407 193 410 755 354 161 666 856 131 414 691 431 228 916 133 512 437 299 180 628 541 189 155 694 876 403 448 696 341 240 757 321 74 552 309 370 708 210 728 897 705 262 305 784 824 577 241 431 893 397 653 708 380 191 528 97 341 875 896 460 148 545 394 72 176 743 463 612 347 591 178 217 87 823 261 971 268 730 241 621 457 581 332 381 850 371 316 658 290 787 798 209 400 60 179 359 311 616 363 617 915 714 177 171 234 181 740 188 294 835 627 476 282 571 308 902 837 604 802 242 886 718 72 811 238 655 530 603 298 491 0 875 832 306 111 757 546 855 315 192 220 477 813 190 349 204 918 884 388 188 585 378 210 932 217 839 741 148 167 609 217 852 157 478 625 805 240 752 454 546 815 878 813 140 913 358 385 840 222 390 757 489 322 432 717 108 150 872 204 276 396 809 778 751 424 341 129 290 813 917 698 416 263 216 219 557 870 863 327 652 614 573 681 743 399 217 540 706 213 711 200 772 319 750 786 322 736 268 506 741 693 358 239 594 728 503 251 906 776 371 682 302 582 351 416 478 528 353 802 738 656 304 179 637 855 243 365 188 261 434 359 448 234 374 334 685 290 215 155 206 587 233 754 795 573 808 622 168 792 706 506 794 601 817 365 184 140 338 882 709 525 950 470 216 354 233 857 482 281 688 478 241 669 288 357 399 230 469 448 712 897 809 726 134 345 522 919 882 479 488 504 447 698 384 526 281 415 764 300 857 891 328 680 612 884 861 228 232 518 664 673 725 672 886 389 163 842 936 830 111 250 161 169 323 747 743 248 658 570 305 125 566 628 656 168 131 773 285 535 441 393 240 230 783 787 276 249 417 812 717 327 252 367 402 152 841 289 747 745 900 329 336 844 471 221 214 519 701 669 330 257 439 785 360 671 454 391 217 904 250 517 495 495 460 334 371 396 154 337 449 289 371 512 664 350 173 180 765 641 306 401 320 283 809 216 932 746 750 195 252 414 375 546 785 498 314 636 276 737 25 352 640 615
890 44 247 793 622 909 643 751 97 277 429 101 850 878 48 218 577 931 44 129 103 414 330 272 316 461 202 867 712 605 136 137 88 514 733 615 583 313 447 907 157 46 680 319 85 619 300 645 708 475 124 597 779 224 61 794 509 200 495 839 46 911 464 442 904 846 256 338 687 776 182 22 652 438 182 540 689 125 883 905 346 598 545 201 692 158 131 250 647 766 108 51 308 826 454 18 502 228 183 580 840 359 836 535 3 123 495 876 383 489 868 907 132 486 405 532 286 926 742 906 59 899 141 640 148 830 266 453 294 797 509 75 542 561 235 907 88 88 666 475 910 914 535 729 297 567 263 94 201 885 763 683 856 175 843 725 40 261 444 724 310 810 141 40 271 96 884 85 191 808 196 844 285 347 274 708 439 875 0 176 659 801 287 331 227 928 903 870 400 147 898 577 890 70 9 558 816 345 498 829 58 788 40 168 907 886 267 672 70 915 447 261 87 758 139 455 366 88 108 90 832 49 533 504 54 720 506 119 398 569 495 192 883 928 107 820 714 518 77 270 125 497 655 750 738 63 130 197 459 854 777 896 321 98 136 548 249 264 305 210 160 582 670 341 174 662 175 880 130 575 269 89 558 193 636 438 274 218 560 916 313 148 445 736 51 103 510 193 617 416 823 509 425 350 589 83 143 220 697 831 252 39 673 620 941 710 446 612 482 860 639 593 191 620 867 882 849 293 720 123 119 306 70 263 846 97 173 372 82 285 93 532 887 820 552 13 191 351 85 413 838 568 935 23 463 683 214 403 640 258 663 617 478 823 419 428 163 42 102 149 759 530 354 69 7 476 416 371 644 177 515 587 706 592 111 715 101 63 737 243 264 11 29 871 853 371 219 280 189 235 40 497 741 50 62 47 855 628 867 877 736 128 133 739 222 347 632 850 312 286 252 887 809 138 884 348 488 535 635 773 97 122 619 719 479 83 159 603 663 512 578 855 35 830 129 137 152 602 571 75 404 772 734 372 204 206 554 928 445 187 518 246 513 522 846 57 697 364 382 385 473 692 531 537 907 587 467 597 536 394 218 612 936 743 200 264 757 479 596 878 203 668 57 134 131 826 678 464 508 335 91 377 581 241 641 169 893 848 243 261
887 132 202 786 587 899 630 784 112 247 409 180 826 855 129 288 622 936 163 212 78 377 396 323 321 420 168 854 698 553 151 153 121 556 746 584 562 262 453 890 43 153 657 284 260 619 255 686 690 470 204 615 766 181 115 774 529 269 519 843 212 892 519 400 920 840 218 341 652 761 194 197 692 440 182 524 685 141 904 874 378 597 555 132 676 237 80 353 640 786 224 168 331 833 402 181 508 267 257 604 837 308 812 499 173 85 534 862 431 482 839 898 183 523 490 512 294 915 739 878 193 907 312 633 163 836 305 476 289 823 506 237 551 537 291 920 167 127 626 446 857 904 532 749 357 581 289 124 294 877 750 675 850 281 838 742 173 303 473 737 272 831 80 158 272 225 889 105 124 771 344 850 367 316 288 724 475 832 176 0 672 776 122 332 56 944 897 871 388 294 892 588 887 148 181 581 811 404 474 829 195 789 151 109 891 876 254 651 107 901 480 219 117 763 234 477 407 227 81 103 818 220 474 502 208 715 510 182 409 560 520 125 861 911 277 819 725 531 129 100 195 519 678 717 754 175 306 150 438 864 777 896 328 84 49 520 312 243 312 275 112 614 648 302 228 627 245 877 245 568 111 159 510 100 629 483 119 302 569 918 361 198 491 742 226 196 496 209 618 491 853 531 447 316 605 130 216 244 713 824 298 203 666 645 930 716 438 635 510 864 670 602 197 618 867 869 848 261 719 159 86 273 185 222 837 120 224 337 158 317 96 532 880 805 543 190 274 341 246 414 839 578 935 157 504 691 153 403 616 341 671 640 461 827 426 406 201 153 92 181 732 497 328 151 180 519 440 347 696 201 519 657 717 630 176 732 77 239 762 152 273 174 148 874 857 388 190 163 116 164 145 492 720 131 214 179 834 583 856 867 760 172 168 745 261 396 639 832 319 350 320 877 791 257 897 359 515 553 597 776 139 92 608 722 485 113 179 612 657 494 610 842 173 847 189 143 74 611 573 103 381 773 730 392 140 215 541 933 444 323 476 325 553 534 847 145 698 322 348 344 506 717 535 557 893 596 490 581 543 424 263 632 923 730 67 326 777 468 599 891 32 644 206 211 147 823 676 449 499 346 163 353 574 228 638 113 853 877 283 247
235 661 470 147 185 260 97 130 604 426 270 560 231 255 666 443 135 271 618 530 683 311 343 388 355 282 505 225 114 244 547 545 714 166 74 172 151 417 220 270 704 621 136 391 686 67 421 108 123 203 535 64 152 492 658 179 150 460 165 181 693 275 224 298 248 196 454 333 180 155 494 654 105 232 501 167 68 560 232 295 314 86 118 540 110 502 718 444 77 115 555 610 354 167 312 677 164 433 478 86 188 380 223 223 660 715 176 234 283 194 260 258 533 183 322 180 384 278 97 289 602 240 727 78 532 170 393 206 384 156 169 616 121 173 425 249 576 598 197 246 364 264 144 80 367 93 399 722 469 235 138 79 205 498 191 69 619 398 217 66 404 160 726 625 404 572 225 694 548 239 549 185 395 360 393 52 225 306 659 672 0 197 639 342 711 272 250 212 285 564 245 85 234 716 667 103 166 324 218 173 717 133 630 566 266 239 420 125 657 272 214 454 609 101 522 204 295 584 694 621 198 688 291 173 614 85 163 545 266 128 165 548 256 288 627 166 55 143 608 653 536 162 38 196 82 598 668 523 244 195 124 239 348 684 689 193 413 430 365 450 565 97 129 376 487 181 484 225 538 118 624 578 246 573 83 232 617 449 103 257 349 516 226 79 678 557 187 479 64 293 187 150 234 361 71 601 517 446 42 182 407 631 75 59 291 55 235 56 179 201 70 70 487 74 210 238 193 412 76 551 610 400 589 451 199 596 488 343 585 375 626 142 235 189 140 663 473 331 721 258 181 94 277 646 205 27 520 269 141 416 21 53 221 164 247 273 503 690 621 521 176 217 346 717 666 196 244 328 149 493 153 221 46 109 553 61 672 658 97 529 407 670 654 213 194 291 483 542 556 511 680 183 146 640 715 613 230 218 222 229 94 541 539 82 439 317 37 220 357 379 412 239 186 535 226 318 173 125 190 116 582 603 101 66 187 616 516 61 71 194 100 213 625 175 534 551 728 62 103 650 296 118 96 289 532 469 150 269 228 528 246 423 163 140 188 701 57 361 332 342 189 60 138 123 264 76 193 129 129 265 442 51 289 127 610 399 107 209 78 220 659 139 713 525 552 173 58 229 180 331 575 323 113 446 62 561 311 210 417 426
143 793 579 82 191 136 161 252 730 537 374 700 50 79 798 596 332 207 757 674 804 400 512 541 485 356 620 91 94 236 674 673 841 355 168 192 218 514 358 115 814 758 121 496 841 197 523 297 95 327 678 249 51 602 787 21 316 609 334 141 839 117 410 376 227 101 564 463 127 44 622 799 292 365 626 261 133 688 240 106 466 212 273 647 111 648 835 614 163 199 704 750 495 149 376 819 306 574 627 275 108 469 36 278 801 834 358 96 451 312 68 135 669 363 510 270 515 148 106 105 746 193 887 169 660 150 539 365 508 232 294 769 275 242 575 220 713 728 157 332 170 140 269 201 528 262 538 848 628 121 61 130 107 655 105 184 760 545 382 172 507 210 841 763 531 722 171 820 657 55 720 152 564 464 527 188 395 111 801 776 197 0 715 470 805 249 142 147 402 727 138 248 144 849 809 285 93 492 306 120 858 113 767 679 119 115 539 129 784 130 382 562 737 131 671 362 456 735 815 746 57 836 315 298 762 112 300 682 405 233 334 656 85 137 787 111 165 300 739 733 675 327 231 68 182 738 831 635 344 178 109 158 480 806 803 257 567 546 496 599 680 292 131 476 628 152 631 135 690 229 705 714 271 677 171 408 696 607 259 183 506 653 404 140 828 699 291 609 201 480 255 318 388 463 249 732 660 581 194 92 555 778 140 256 163 150 354 251 350 154 264 232 614 191 140 105 125 521 123 683 730 508 732 559 90 723 629 441 721 520 750 274 127 48 251 806 626 451 872 388 130 254 188 784 383 171 627 398 162 580 180 249 323 137 385 376 638 826 743 653 44 279 454 849 808 378 398 435 336 625 293 416 170 306 690 190 793 811 219 625 537 810 790 154 150 434 598 625 664 613 815 305 61 772 860 755 59 202 98 110 214 674 671 138 580 480 200 61 489 540 569 116 31 690 208 454 343 293 181 123 713 722 184 138 328 744 646 224 150 290 294 83 766 196 672 676 841 226 241 776 401 114 104 434 640 597 246 202 357 696 301 584 350 295 133 835 140 455 430 433 362 224 279 295 122 236 354 204 277 422 585 243 153 71 710 555 200 322 220 205 756 134 857 668 680 104 146 337 293 466 711 429 223 567 175 675 114 260 560 546
836 245 190 737 524 844 582 760 200 229 369 256 764 792 243 328 613 891 262 278 199 329 418 345 313 365 181 798 645 482 209 211 243 549 710 525 511 225 429 830 163 253 600 253 372 579 224 672 635 437 272 588 712 180 228 716 508 312 501 798 328 831 522 346 881 789 205 328 588 705 227 306 677 414 213 478 640 206 869 807 380 557 525 141 624 294 201 404 595 754 303 265 334 790 340 296 479 293 307 582 787 259 750 441 284 207 526 806 438 445 773 843 244 515 517 465 293 859 693 812 287 863 427 588 214 794 323 460 280 794 470 335 522 485 323 880 249 215 559 397 775 849 495 719 380 553 301 246 348 824 697 628 798 343 788 708 273 323 463 702 241 799 200 260 270 310 844 226 142 702 424 807 404 281 292 691 470 757 287 122 639 715 0 319 109 906 844 824 357 378 839 557 837 270 294 559 761 420 426 782 314 744 254 149 833 821 247 596 219 843 471 201 209 721 301 461 411 316 203 200 761 334 401 467 306 669 478 250 391 517 504 142 799 852 377 772 688 506 222 24 261 499 651 651 720 267 412 164 395 823 731 847 320 204 171 466 343 234 307 315 158 596 593 265 274 563 295 827 319 526 22 241 443 119 583 483 25 348 538 871 376 253 491 701 338 272 453 239 579 511 825 510 433 280 577 220 277 266 681 773 321 306 620 622 875 677 405 610 497 819 650 569 225 576 820 813 800 239 675 224 173 247 275 204 784 205 270 296 243 328 196 497 827 749 502 300 325 319 364 390 793 548 885 265 498 654 153 380 560 381 634 615 419 783 405 366 247 271 187 232 671 441 296 272 292 514 429 313 688 238 488 665 680 617 247 699 195 347 733 123 277 287 258 828 812 378 196 97 137 147 262 456 663 237 333 277 774 514 802 813 731 235 227 704 288 407 603 774 313 376 354 822 733 331 858 348 499 529 533 732 220 173 562 681 458 209 224 578 611 449 593 787 274 811 252 201 191 577 536 213 343 728 682 383 147 238 496 887 415 398 416 365 545 507 801 265 656 278 307 297 495 690 502 534 835 563 474 532 512 419 294 605 866 677 91 355 746 430 562 852 90 587 325 274 208 774 633 410 459 337 244 318 532 231 596 152 780 848 305 243
564 325 133 465 293 581 312 452 264 90 101 230 519 547 330 141 295 610 287 206 342 103 135 97 16 144 164 538 382 285 207 205 375 231 416 285 252 101 122 577 362 289 349 72 377 293 98 357 377 145 210 283 450 152 320 463 197 149 187 517 371 581 206 130 590 519 117 9 357 446 155 330 362 110 160 209 362 221 573 574 70 271 224 201 362 183 377 196 318 455 239 280 44 506 151 349 178 108 165 273 514 99 505 209 331 374 208 547 127 159 537 579 199 197 224 200 45 598 416 575 278 579 428 311 192 509 82 145 43 491 180 305 221 230 119 591 244 260 338 148 584 586 207 418 112 250 72 383 179 558 434 355 529 203 516 411 291 88 145 407 82 500 384 294 63 257 563 355 208 477 288 523 157 61 57 393 151 546 331 332 342 470 319 0 375 614 576 547 69 277 571 257 564 381 340 249 489 125 168 505 389 464 297 225 577 558 78 340 318 586 153 119 270 436 207 145 100 270 353 281 503 368 226 176 294 393 181 213 77 239 189 208 552 598 330 495 396 200 270 327 206 187 346 419 423 269 376 182 130 536 452 572 14 343 347 218 121 90 27 140 223 283 339 74 160 332 166 555 229 246 300 244 238 234 308 165 294 161 239 593 92 184 173 414 360 231 179 140 291 209 521 199 116 65 273 264 192 111 382 503 98 310 345 314 613 389 115 303 180 538 339 272 147 293 543 553 524 80 395 214 269 74 263 116 518 257 160 74 252 64 285 205 560 491 222 337 169 25 404 85 514 248 611 314 180 362 181 74 309 154 342 308 147 501 94 100 168 357 280 184 427 203 52 381 338 195 111 57 370 156 190 348 387 301 221 401 331 345 430 198 68 340 320 549 531 59 142 223 216 176 346 168 410 304 391 286 524 303 539 549 428 205 202 417 112 105 310 520 20 119 129 559 478 231 568 30 184 221 306 450 245 261 289 396 155 277 177 282 335 180 279 526 296 516 202 211 387 281 245 310 80 447 407 65 193 129 224 607 116 258 196 148 227 202 522 366 372 84 76 91 177 385 206 225 578 266 158 266 213 100 119 300 607 414 273 117 446 148 271 562 321 337 388 200 213 500 352 133 178 21 242 61 252 104 314 220 563 545 97 85
921 183 242 820 615 931 664 826 168 287 444 237 855 883 179 341 668 972 218 268 124 409 448 374 365 450 214 885 730 577 206 208 158 603 784 613 594 296 494 920 72 208 688 321 309 655 291 731 721 508 261 656 798 223 167 804 572 323 562 879 258 922 568 430 957 873 258 384 680 792 245 248 737 480 232 558 720 196 944 901 426 634 594 174 709 292 109 409 675 826 280 224 378 870 429 229 548 318 312 647 870 338 841 528 224 117 580 894 480 519 866 930 239 569 543 546 340 947 774 905 248 943 358 668 217 873 355 519 333 864 544 291 591 569 344 958 224 184 652 478 876 936 570 790 409 621 337 159 350 910 783 710 883 337 872 781 228 354 519 776 308 871 104 213 317 282 925 148 168 797 400 886 421 352 335 763 522 855 227 56 711 805 109 375 0 982 930 906 426 350 925 627 921 187 231 624 845 455 507 864 237 825 205 157 922 908 297 682 158 932 525 258 173 799 290 520 455 283 123 159 849 267 496 539 262 750 549 238 451 595 564 168 890 941 330 854 763 572 185 85 251 561 719 744 793 230 356 195 472 901 812 930 373 130 91 551 364 285 357 328 163 657 679 337 282 654 300 911 302 604 108 215 536 141 663 530 118 357 609 953 411 253 539 779 275 252 531 260 655 543 894 573 491 351 646 186 272 294 753 857 349 256 701 688 962 754 476 677 555 900 713 641 248 654 902 901 883 300 755 215 143 311 241 261 869 177 279 371 214 366 152 570 913 836 579 240 329 382 290 455 875 618 969 210 550 729 194 444 646 395 709 682 496 863 468 441 255 198 148 235 761 527 365 190 229 566 484 384 742 253 558 707 755 675 232 772 126 290 803 183 319 223 199 909 893 432 235 182 160 200 192 529 751 184 257 234 864 608 888 900 801 228 223 782 312 445 677 863 364 402 373 909 821 313 935 403 559 594 625 812 196 148 643 759 526 169 232 650 692 528 654 874 227 886 244 197 93 650 610 156 417 808 764 437 182 265 575 969 484 380 505 379 599 575 882 188 734 355 383 376 551 758 574 599 924 635 533 614 582 470 315 673 954 762 102 378 817 505 636 929 54 674 249 267 202 857 712 485 535 390 219 389 610 273 674 162 877 918 334 291
112 931 742 184 401 142 326 186 875 697 538 830 223 215 936 710 360 58 887 799 955 577 603 656 627 542 778 168 273 459 818 816 985 417 198 395 398 687 492 182 976 891 322 662 948 327 691 294 286 474 804 333 219 764 929 233 420 727 434 115 959 187 472 560 25 148 726 605 353 229 766 921 287 504 773 428 267 832 48 249 583 349 390 812 292 769 990 700 312 161 822 879 625 118 569 945 436 703 745 348 142 647 233 471 928 987 434 168 546 463 244 141 803 443 559 440 656 146 216 235 869 56 985 318 803 115 663 476 657 136 439 880 393 423 693 29 846 870 383 509 367 140 413 199 631 365 670 993 733 139 228 280 142 761 144 204 888 667 484 207 674 118 998 895 677 837 78 966 820 298 801 104 654 631 665 221 489 315 928 944 272 249 906 614 982 0 124 102 556 822 125 357 111 986 935 370 162 586 480 136 984 167 900 838 170 148 692 322 928 163 480 726 880 185 789 474 562 849 966 892 192 953 528 443 880 240 434 815 538 389 433 820 208 177 887 146 219 415 879 921 805 432 273 311 191 866 925 795 511 83 179 96 620 956 961 443 679 702 637 717 837 347 326 646 756 372 753 117 803 380 892 848 481 845 323 492 884 713 375 78 615 786 485 205 943 825 453 750 327 535 119 420 505 631 341 872 786 717 232 158 676 897 288 308 143 229 506 315 446 97 291 342 759 330 108 160 125 683 232 822 883 672 858 723 159 867 758 612 855 646 898 412 132 201 404 930 738 603 985 530 124 366 91 915 465 253 792 541 357 677 274 310 487 127 520 542 773 960 892 792 279 468 617 987 934 453 514 599 312 765 425 397 228 341 823 214 944 922 192 799 679 938 923 95 103 563 755 810 828 782 950 453 269 910 981 881 209 424 157 147 192 811 810 202 709 582 305 197 629 643 677 147 219 799 48 590 440 395 398 175 853 875 345 225 459 888 787 333 295 457 351 170 894 98 804 823 1001 334 372 921 566 181 228 560 804 741 410 62 500 784 496 686 417 412 118 972 250 629 601 609 454 236 409 392 164 348 462 375 401 534 712 316 156 245 882 664 171 478 346 54 930 335 980 794 824 149 273 498 448 603 845 593 374 718 310 834 299 97 687 698
20 901 696 111 322 19 266 227 840 652 488 803 105 92 905 690 371 71 861 774 917 521 593 634 591 480 735 51 200 373 784 782 952 415 183 320 335 635 457 59 932 863 244 613 934 285 641 315 209 431 779 314 133 719 896 133 397 705 413 77 939 64 472 500 111 57 680 569 263 139 731 899 309 467 736 373 214 797 138 124 559 305 359 766 221 747 951 694 258 177 801 853 595 95 504 921 401 675 723 335 63 591 117 403 904 948 426 48 533 418 122 18 774 433 568 384 621 32 161 111 846 73 976 265 769 93 637 452 617 183 396 863 361 361 671 101 817 837 294 451 243 20 369 204 615 339 640 959 718 21 147 222 47 746 60 197 863 642 465 192 625 155 957 867 639 818 59 931 774 183 799 80 645 581 631 211 474 192 903 897 250 142 844 576 930 124 0 48 512 813 5 328 21 956 911 353 87 574 423 78 961 117 872 795 47 27 651 248 894 41 463 679 846 150 768 449 543 831 929 857 86 934 450 401 860 184 397 786 505 338 413 774 84 58 876 84 197 386 847 862 778 409 268 209 187 841 918 751 459 94 127 31 584 919 919 379 660 659 601 695 795 344 252 595 730 287 729 26 785 331 833 819 404 797 269 482 824 697 344 47 596 757 476 171 925 800 402 716 286 541 189 398 479 581 319 840 760 685 222 73 652 877 232 303 42 196 462 305 428 66 296 311 723 283 46 39 58 637 183 790 844 624 833 676 60 833 731 560 826 618 861 372 17 98 355 907 719 561 968 492 72 336 47 888 455 224 745 503 285 665 242 300 436 91 485 491 743 931 855 760 181 403 569 957 910 446 489 550 346 732 388 434 206 347 795 207 906 906 211 747 644 913 895 54 69 532 713 751 782 733 921 409 182 879 960 857 90 339 44 32 207 780 778 168 681 565 273 82 594 628 660 26 116 783 101 556 422 372 315 134 821 836 289 186 424 854 754 301 242 403 347 60 868 129 776 787 959 303 332 887 516 133 169 531 758 705 356 66 460 778 428 672 412 382 66 942 206 575 548 554 439 241 372 371 41 317 439 316 367 511 685 301 45 168 832 646 184 431 307 102 879 258 958 769 789 78 225 449 400 569 816 544 325 678 263 791 174 180 660 657
28 869 669 89 308 66 243 179 810 625 463 770 124 121 874 655 328 67 828 741 888 498 555 600 561 459 708 70 181 364 754 752 921 374 141 304 313 610 425 100 906 831 229 587 898 254 616 269 193 402 746 276 120 692 866 132 362 671 377 32 905 106 432 478 81 46 654 539 256 129 701 865 263 436 707 348 186 767 101 161 525 275 325 740 202 713 923 655 231 130 767 820 563 49 485 888 369 643 689 296 41 568 132 385 871 920 386 73 495 390 148 64 742 394 526 360 590 80 132 148 813 46 939 238 738 46 604 417 588 135 367 828 328 339 636 74 785 806 286 428 276 67 340 159 579 304 608 929 682 48 132 197 41 710 42 154 830 609 429 150 600 107 930 835 609 783 25 901 748 197 760 32 607 556 600 169 437 220 870 871 212 147 824 547 906 102 48 0 484 776 45 293 27 925 878 315 64 536 399 42 928 82 840 768 89 58 623 230 864 87 426 653 816 112 734 415 507 796 900 827 90 900 437 371 826 156 366 754 473 311 377 748 115 105 840 52 158 352 816 841 745 374 226 210 143 808 880 724 434 47 95 27 554 890 892 358 625 631 571 661 768 302 235 570 697 276 695 24 750 303 812 787 390 771 243 444 804 661 310 47 560 725 438 134 890 767 376 686 255 499 142 362 445 556 282 809 727 654 181 57 618 842 205 261 89 160 434 265 392 18 253 277 693 254 6 68 25 610 152 759 815 598 800 650 57 803 698 535 794 585 832 341 43 99 328 874 684 533 933 462 32 302 65 856 417 187 719 473 267 628 207 260 411 48 453 465 711 900 826 729 178 383 543 926 877 407 455 524 299 701 357 387 167 304 763 164 877 870 164 723 613 880 863 8 21 500 685 730 756 708 890 380 171 848 926 823 110 329 59 52 161 749 747 131 648 529 238 97 563 591 624 57 117 747 65 525 385 336 303 97 790 807 264 151 393 824 723 267 214 378 306 70 835 81 744 757 931 268 301 857 490 99 142 498 732 675 331 63 430 740 410 635 372 348 24 911 174 552 524 530 402 197 341 335 83 283 404 292 335 477 652 262 94 151 807 611 138 403 276 63 855 242 924 736 759 51 195 422 373 538 784 518 297 650 233 763 207 137 627 629
501 392 186 401 224 516 247 403 329 141 33 299 451 480 396 207 261 549 356 276 405 58 172 158 85 85 223 472 316 218 273 271 440 202 358 216 183 133 73 511 421 357 281 106 446 231 136 316 310 83 279 231 384 208 386 396 152 217 147 456 440 514 194 76 532 455 170 64 288 380 221 399 321 57 225 141 299 286 517 506 101 209 169 256 295 252 439 252 254 400 308 349 104 445 101 418 122 177 233 225 451 103 437 141 400 436 179 481 138 94 468 514 268 169 242 132 114 533 353 507 347 519 496 247 258 448 148 110 106 439 118 374 165 161 185 532 312 327 269 80 515 521 144 364 162 196 140 448 244 493 368 290 465 269 452 355 360 154 120 350 119 445 446 362 129 326 501 420 264 409 351 462 208 76 126 337 134 477 400 388 285 402 357 69 426 556 512 484 0 344 507 201 501 447 408 202 425 156 99 442 457 402 365 283 511 493 139 273 383 520 129 169 336 375 275 109 118 339 417 346 437 437 166 114 363 329 123 281 51 174 149 264 485 532 398 433 337 148 337 370 275 143 295 350 367 337 444 240 61 476 390 509 81 407 408 149 184 147 96 207 283 240 271 93 229 263 235 491 297 181 341 312 172 288 243 154 334 225 183 531 139 252 160 354 429 300 111 207 230 220 469 154 89 78 220 330 261 180 327 439 164 379 280 265 548 328 51 253 146 476 292 215 213 230 480 487 462 127 332 281 331 115 332 166 453 322 229 64 319 129 350 144 496 424 157 406 236 50 473 36 452 192 549 382 158 304 235 29 240 212 283 258 78 440 53 33 237 424 343 252 359 134 62 448 407 173 90 45 336 223 132 330 329 262 289 346 394 415 377 244 136 409 388 487 470 65 201 260 272 226 413 104 342 370 460 354 457 234 473 484 376 273 269 357 181 135 251 453 89 172 190 494 412 299 509 64 147 172 237 388 311 324 224 335 101 343 244 224 271 112 236 460 365 459 271 276 447 223 185 376 26 385 343 71 248 195 157 546 58 322 129 209 196 150 460 433 311 83 56 71 147 333 147 177 512 209 121 199 156 96 188 248 542 347 325 177 391 82 211 504 373 268 456 269 279 437 289 64 112 72 310 40 188 166 251 279 494 493 165 145
798 180 256 706 564 822 566 640 184 265 377 122 773 801 186 136 463 832 134 106 238 377 221 188 261 421 225 782 634 561 171 170 234 405 635 555 516 306 369 825 289 144 610 298 128 534 293 531 632 404 110 500 698 243 192 717 416 129 400 744 155 830 350 405 800 758 257 280 625 697 180 128 538 365 191 472 604 172 776 833 262 516 457 250 615 107 272 122 566 662 75 127 239 729 424 158 420 173 116 479 750 343 761 484 150 264 390 792 281 419 795 820 139 382 275 467 237 839 654 831 103 799 163 559 171 732 196 364 255 687 434 74 455 498 159 804 130 168 609 424 855 826 457 625 199 474 207 240 100 797 682 601 767 74 753 625 126 190 349 626 295 704 282 141 235 69 787 227 244 743 50 748 169 317 224 608 339 813 147 294 564 727 378 277 350 822 813 776 344 0 808 486 798 217 150 460 727 240 440 736 189 696 149 231 823 799 243 599 198 831 350 264 177 664 88 366 272 67 245 191 750 146 502 429 94 634 427 130 324 494 400 245 805 845 65 729 618 429 165 367 122 405 552 685 637 120 105 233 404 754 686 802 264 234 267 490 161 248 252 138 222 476 599 318 136 602 120 789 63 498 357 139 515 262 557 332 359 120 472 820 221 138 339 642 133 106 443 180 531 292 711 416 339 321 494 165 114 184 597 743 180 108 591 516 853 617 381 512 385 763 532 504 187 538 773 796 757 276 631 155 212 287 109 265 759 177 139 340 138 215 198 453 798 739 477 140 108 301 170 344 744 479 841 152 359 589 252 336 572 148 571 516 417 728 345 376 152 188 203 157 687 477 318 216 150 370 328 330 524 168 434 458 609 481 131 614 231 108 630 289 222 157 164 776 757 295 229 334 247 270 186 425 665 170 177 118 776 577 781 789 630 146 154 646 170 248 541 770 257 187 158 800 730 54 781 281 391 441 578 680 160 209 543 627 398 181 168 513 580 448 472 770 129 727 131 179 293 511 487 198 357 680 648 294 248 191 484 830 374 42 472 143 406 434 752 204 608 340 347 356 374 587 448 442 823 498 375 526 451 305 162 514 850 663 288 172 652 413 510 775 311 599 179 112 171 736 592 402 438 271 135 336 504 226 556 229 829 736 181 240
17 895 691 106 317 21 261 223 835 647 483 798 102 90 900 685 367 73 855 769 912 516 588 629 586 475 730 48 195 369 779 777 947 410 179 315 330 630 452 59 927 858 239 608 929 279 636 311 204 426 774 309 128 714 891 129 392 700 408 73 934 65 468 495 111 52 675 564 259 134 726 894 304 462 731 368 209 792 137 124 554 300 354 761 216 741 946 689 253 173 796 848 590 91 499 916 396 670 718 331 58 586 113 399 898 943 421 45 528 413 120 20 769 428 564 379 615 36 156 110 841 73 971 260 763 89 632 447 612 180 391 858 356 356 666 101 812 832 290 446 242 23 364 200 610 334 635 954 713 17 142 217 42 741 55 192 858 637 460 187 620 152 952 862 634 813 58 926 769 180 794 76 640 576 626 207 469 190 898 892 245 138 839 571 925 125 5 45 507 808 0 323 18 951 906 348 82 569 418 73 956 112 867 790 47 24 646 243 889 43 458 674 841 145 763 444 538 826 924 852 82 929 445 395 855 179 392 781 500 333 408 769 82 60 871 79 192 381 841 857 773 404 263 205 182 836 913 746 454 91 122 30 579 914 914 374 655 654 596 690 790 339 247 590 724 282 724 22 780 326 828 814 400 792 264 477 819 692 339 49 591 752 472 167 920 795 397 711 281 536 186 393 474 576 314 835 755 680 218 68 647 871 227 298 47 191 457 300 423 63 292 306 718 278 43 36 53 632 178 785 838 619 828 671 55 828 725 555 821 613 856 366 12 94 350 902 714 556 963 487 68 331 50 883 450 219 740 498 280 660 237 296 431 87 480 486 738 926 850 755 177 398 564 952 905 441 484 545 342 726 383 430 201 343 790 203 901 900 207 742 638 908 890 51 66 527 708 746 777 728 916 404 177 874 955 851 87 334 40 28 203 775 773 163 676 560 268 79 589 623 655 23 112 778 101 551 417 367 310 129 816 831 284 181 419 849 749 296 237 398 342 55 863 126 771 782 953 298 327 882 511 128 164 526 753 700 351 68 455 773 423 667 408 377 61 937 201 570 543 549 434 237 367 366 41 312 434 311 362 506 680 296 49 163 827 641 180 425 302 101 874 253 953 764 784 73 220 444 395 564 811 539 319 673 258 785 173 179 655 652
314 577 386 219 158 336 96 204 520 341 188 477 291 318 582 362 117 354 535 448 598 231 267 307 270 207 421 296 155 207 462 461 630 112 159 142 104 334 135 340 619 538 148 307 606 52 337 137 157 120 453 34 213 407 574 235 70 378 87 263 612 344 163 222 333 272 370 249 184 213 410 572 139 148 417 99 118 476 316 353 232 44 33 456 140 420 634 369 87 199 474 527 270 250 238 595 80 350 396 47 265 298 280 161 578 631 111 305 207 113 316 334 449 115 262 112 299 353 167 350 520 323 649 82 447 253 311 124 300 237 87 536 36 117 343 334 492 514 188 170 402 340 65 162 288 14 316 638 390 311 197 118 281 419 267 154 537 316 138 150 320 244 641 542 320 491 307 610 464 278 475 268 320 277 309 136 148 349 577 588 85 248 557 257 627 357 328 293 201 486 323 0 313 633 585 42 241 248 144 252 634 212 547 481 337 313 335 136 573 344 137 370 525 181 441 122 215 503 610 536 265 607 233 91 533 147 79 461 182 67 87 463 321 359 549 244 139 59 524 570 452 82 95 224 166 515 591 438 165 279 201 319 263 599 604 134 332 345 280 368 480 72 138 293 404 173 402 304 457 60 542 495 194 488 82 160 534 370 19 339 268 432 156 159 597 474 111 395 48 233 268 71 151 278 23 517 434 362 126 256 325 549 109 73 367 134 152 59 103 283 103 17 403 59 290 310 273 327 145 467 526 316 507 367 272 512 405 261 502 292 541 61 312 254 71 580 392 247 641 173 261 10 359 563 134 106 435 184 129 338 86 63 142 246 163 191 419 607 536 437 215 153 263 633 584 130 162 245 171 409 69 213 130 99 470 144 587 578 176 445 322 587 570 294 276 207 398 460 472 427 597 102 188 556 633 530 293 190 294 303 174 457 455 163 355 238 55 285 273 300 332 314 246 455 310 234 96 46 169 196 498 518 81 142 102 532 432 26 98 120 72 284 542 259 451 466 644 25 32 565 214 195 161 206 448 384 86 352 144 453 182 344 106 55 269 618 122 279 250 261 115 133 55 47 336 12 112 90 45 184 359 51 364 180 526 318 190 128 31 305 574 144 631 443 468 250 106 148 102 247 492 240 59 362 74 477 359 291 334 341
1 888 685 101 317 40 257 206 828 641 478 790 112 104 893 675 353 63 848 761 906 512 577 620 579 472 724 57 192 370 772 770 940 398 166 314 326 625 444 76 922 850 238 603 919 272 632 296 202 420 766 298 127 708 884 132 383 691 399 58 925 82 455 492 95 48 670 557 261 134 719 885 289 454 724 363 202 785 120 140 545 293 345 755 213 733 940 678 247 157 787 840 582 75 497 908 388 662 709 319 50 582 123 396 890 937 409 56 517 407 133 38 761 417 551 375 608 53 149 127 833 57 961 254 757 73 624 438 606 162 384 849 348 352 657 86 805 824 291 442 257 40 358 185 601 324 627 947 703 27 140 211 39 731 49 179 849 629 450 174 615 135 947 854 627 804 40 919 764 189 783 59 630 571 619 194 459 204 890 887 234 144 837 564 921 111 21 27 501 798 18 313 0 944 898 337 76 558 414 61 947 102 859 784 65 37 640 241 882 61 448 669 834 134 754 435 528 816 917 845 86 920 445 389 846 172 384 773 492 327 398 764 97 78 861 69 180 372 834 854 765 394 250 210 168 827 902 741 449 73 113 15 572 907 909 371 646 648 589 681 784 326 245 585 716 283 715 10 770 320 825 806 399 787 258 466 816 683 330 39 581 744 460 156 911 787 391 704 274 524 168 383 465 571 304 828 747 673 205 64 638 863 221 285 62 180 451 288 413 45 278 297 711 271 26 49 41 626 170 778 832 614 820 665 56 821 717 550 813 605 850 359 21 97 344 894 705 550 954 480 54 322 49 875 439 209 735 491 278 650 227 284 426 73 472 481 730 919 844 748 180 395 559 944 896 430 475 540 326 719 375 414 189 329 782 189 895 891 191 738 631 900 882 33 49 519 702 743 772 723 909 397 177 867 946 843 98 335 47 36 188 768 766 152 668 550 259 87 582 613 645 36 115 768 83 544 407 357 311 118 808 825 278 171 412 842 741 287 230 393 330 61 855 108 763 775 948 288 320 875 506 118 158 518 748 693 346 59 448 763 421 657 396 368 47 929 193 566 539 545 424 222 360 356 59 303 425 306 354 497 672 285 66 160 822 632 164 420 294 83 870 252 944 756 777 65 212 438 389 557 803 534 313 667 251 780 189 160 647 646
944 56 278 846 666 962 693 813 120 315 475 157 898 927 51 281 640 987 101 189 71 454 394 332 366 501 234 918 763 643 174 176 29 576 790 660 630 346 500 958 115 96 728 357 130 672 335 708 757 526 183 654 830 254 62 843 566 262 553 895 78 961 528 481 963 899 290 388 731 827 226 89 714 490 223 588 742 161 943 952 404 651 600 220 742 220 79 319 699 825 175 110 362 883 490 60 556 283 245 639 894 393 884 578 68 71 557 927 445 539 915 960 183 547 473 579 336 979 795 953 126 956 172 692 189 886 323 511 341 857 561 144 597 607 295 965 141 121 709 519 950 966 587 788 360 623 317 30 267 938 814 735 909 243 896 783 103 319 502 782 347 870 87 93 318 164 940 44 209 852 265 900 351 387 325 766 499 918 70 148 716 849 270 381 187 986 956 925 447 217 951 633 944 0 68 617 869 408 544 884 50 843 87 184 958 939 310 720 67 967 506 294 112 813 203 512 426 157 67 105 883 88 568 556 125 773 560 172 452 620 554 210 932 979 172 875 771 574 110 248 182 555 714 795 796 122 183 223 505 911 831 951 372 66 100 593 311 304 355 271 179 642 718 378 230 706 236 934 198 626 256 138 597 201 688 500 263 283 615 971 373 201 507 791 100 163 558 240 670 483 884 567 482 389 646 117 202 271 754 884 310 109 725 679 993 766 496 671 541 915 700 649 234 673 922 933 904 331 774 167 128 345 133 297 898 126 228 412 131 341 103 585 940 871 602 77 255 398 104 464 893 624 990 74 524 739 237 454 687 324 719 676 525 879 472 473 214 29 112 196 806 574 396 3 67 538 473 415 708 225 569 654 762 654 163 773 77 122 796 258 313 60 64 927 909 425 254 287 204 257 36 548 789 77 71 111 904 668 919 929 796 176 178 795 278 408 687 900 363 349 315 939 859 206 942 400 546 592 678 828 136 135 670 774 532 105 203 658 715 559 638 906 98 889 182 173 99 657 624 76 449 826 787 427 225 252 604 984 496 257 558 311 575 577 901 15 751 402 423 424 533 752 584 594 958 643 524 646 590 452 274 670 988 794 193 326 816 528 650 936 180 715 63 193 169 880 732 511 558 387 141 421 633 282 693 187 937 909 300 303
898 49 256 801 631 918 651 758 106 286 438 110 858 887 53 226 584 938 53 137 107 423 337 280 324 470 211 875 721 614 145 146 88 521 741 624 591 322 455 916 161 55 689 328 79 627 310 652 716 483 132 604 788 233 66 802 517 208 502 847 37 919 471 451 912 855 265 346 696 785 191 21 659 446 191 548 697 134 891 914 354 607 553 210 700 166 133 255 655 774 115 60 316 834 463 10 510 236 190 587 848 368 845 544 10 124 503 884 390 498 876 916 141 493 410 540 295 935 750 914 66 907 133 648 157 837 274 461 303 804 517 76 550 570 242 915 97 97 675 484 919 922 543 736 305 575 272 93 207 893 771 691 864 181 851 733 49 269 451 732 320 818 142 49 280 102 892 87 200 817 198 852 291 356 283 716 446 884 9 181 667 809 294 340 231 935 911 878 408 150 906 585 898 68 0 566 824 352 507 837 50 796 49 176 915 894 276 680 75 924 455 270 95 766 146 463 374 93 110 98 841 41 542 513 59 728 515 127 407 577 503 201 891 936 106 828 722 526 86 276 134 505 662 759 746 71 126 206 468 861 785 904 330 102 140 557 256 273 313 218 169 589 678 350 182 671 183 888 136 583 276 98 567 201 645 445 282 225 568 924 320 156 452 744 45 111 518 202 625 423 830 517 433 359 597 92 151 229 704 839 260 43 681 627 949 718 455 620 489 867 646 601 200 629 875 890 857 302 728 132 127 315 78 272 854 106 181 381 91 293 100 540 895 829 560 10 198 359 76 421 846 576 943 32 471 691 223 411 649 265 671 625 487 831 427 436 172 40 110 158 767 539 363 66 2 484 424 380 651 186 523 593 713 599 119 723 105 60 744 252 272 8 36 879 861 379 228 288 197 244 41 506 749 58 53 55 863 637 875 885 744 137 142 747 231 354 640 859 321 293 259 895 817 143 891 356 495 542 644 781 106 130 628 727 487 91 168 611 671 520 585 863 43 838 137 146 154 610 579 81 413 780 742 380 213 215 563 936 453 190 527 252 520 530 854 56 705 373 391 394 481 700 539 544 915 595 474 606 544 402 226 620 944 752 207 271 764 488 604 885 209 676 48 142 140 834 686 472 517 343 100 386 590 250 649 178 902 855 251 270
338 561 381 248 198 363 137 202 507 337 195 460 325 351 567 341 80 373 518 430 587 241 240 287 261 224 413 326 192 243 450 448 616 71 176 182 142 335 130 370 611 522 189 306 583 92 337 116 196 127 435 40 247 401 560 270 52 358 64 284 591 375 125 236 346 299 365 240 226 247 398 552 120 146 406 128 152 463 326 388 213 86 46 450 179 400 623 341 127 208 453 510 256 270 255 576 84 333 376 23 291 304 315 190 559 619 74 335 180 125 352 361 434 80 225 139 289 380 196 384 500 341 624 122 435 273 293 107 292 242 102 513 49 150 324 349 476 501 229 188 442 366 88 171 264 29 301 624 367 338 231 155 308 395 293 167 519 298 115 167 319 253 631 525 311 469 327 597 457 317 446 288 292 278 297 149 122 388 558 581 103 285 559 249 624 370 353 315 202 460 348 42 337 617 566 0 268 221 164 276 616 236 530 474 367 341 328 177 559 373 112 366 511 204 421 105 193 482 598 524 296 586 261 104 512 179 87 445 173 103 63 457 353 389 524 269 158 55 509 571 436 63 97 264 179 497 565 432 177 296 226 342 253 587 595 165 311 339 270 348 472 41 179 295 387 214 383 328 435 97 543 479 226 483 123 129 536 347 45 360 247 416 124 182 576 456 131 382 87 195 271 51 136 280 36 503 416 348 138 284 307 529 146 64 394 157 156 54 77 303 90 55 391 100 313 339 296 324 174 453 515 314 488 363 301 499 389 265 486 276 529 81 338 286 102 561 370 243 619 170 284 42 381 545 102 129 430 180 171 312 112 59 156 267 156 199 404 590 524 423 254 181 263 617 565 95 145 247 144 396 79 175 149 67 454 157 576 555 181 444 311 569 554 316 297 195 391 462 466 424 581 114 226 541 613 512 326 230 323 331 180 442 441 186 339 214 85 317 263 276 310 341 280 433 325 223 71 31 209 219 484 508 122 168 101 519 419 61 136 142 39 313 524 272 435 455 634 60 69 552 219 220 192 192 442 373 118 371 144 425 208 320 66 54 292 602 152 284 255 268 86 136 70 25 365 52 93 130 60 165 342 54 391 215 522 296 199 139 72 319 570 185 611 425 455 276 140 159 120 236 476 242 98 353 112 469 397 296 317 334
76 813 609 25 244 95 181 174 753 566 402 715 91 103 818 603 293 131 773 687 830 436 507 547 504 397 649 61 117 299 697 695 864 332 106 240 251 549 370 106 846 776 165 527 847 197 556 243 128 344 692 228 57 632 809 74 311 618 327 49 852 112 389 416 139 31 594 482 192 66 644 812 237 379 649 287 127 710 148 147 472 218 272 680 138 659 864 608 171 119 714 765 508 56 421 834 314 588 636 251 26 506 92 321 816 862 341 70 446 331 121 93 686 348 487 299 533 112 74 137 759 109 890 178 681 57 550 365 530 144 309 777 274 277 584 133 730 749 222 366 248 99 282 134 529 253 553 872 631 70 67 136 40 659 27 122 775 555 378 114 539 120 871 780 552 731 87 844 688 148 714 60 559 495 544 133 388 188 816 811 166 93 761 489 845 162 87 64 425 727 82 241 76 869 824 268 0 488 338 27 873 35 784 708 101 73 564 166 807 106 377 593 759 68 681 362 456 744 842 770 49 847 372 313 773 96 310 699 418 252 327 688 101 122 790 18 115 299 759 778 691 322 188 150 114 753 832 665 373 86 43 86 497 832 833 295 573 573 514 608 709 262 171 509 642 212 642 66 698 244 749 732 326 711 183 397 741 611 257 110 509 670 392 88 838 713 315 629 199 459 164 311 392 495 233 753 673 598 143 16 565 789 145 221 126 111 375 222 342 65 219 224 636 196 59 72 40 550 96 703 757 538 746 590 34 746 643 474 739 531 774 284 71 49 269 820 632 474 881 405 38 249 124 801 370 139 659 415 203 579 156 218 350 44 397 405 656 844 768 673 117 320 483 870 822 362 402 464 279 644 301 365 124 268 707 131 819 819 147 662 556 826 808 70 60 445 626 668 696 647 834 322 107 792 873 769 81 265 56 63 143 693 691 85 593 479 186 68 507 541 573 73 63 696 118 469 336 286 239 53 733 749 203 100 337 767 666 214 155 317 265 50 781 104 688 700 872 216 245 800 430 49 82 444 672 618 270 127 373 693 346 585 329 295 44 855 119 490 463 469 353 167 285 285 99 230 353 230 280 424 598 217 123 86 746 559 123 344 220 114 794 178 871 682 702 13 138 363 313 482 729 458 238 592 176 704 181 168 573 571
558 355 231 467 345 583 332 406 310 197 185 253 537 564 361 128 232 593 308 219 390 211 20 81 121 240 244 544 399 358 256 254 412 169 396 333 291 222 145 587 424 313 379 194 363 296 215 300 398 182 225 260 461 241 356 481 178 147 161 505 374 592 120 232 563 519 217 119 400 460 210 336 307 147 222 249 366 269 540 598 58 280 219 286 381 189 428 122 330 424 238 299 91 490 257 362 188 137 164 240 511 224 525 278 346 423 152 553 41 197 560 581 232 143 100 247 130 600 415 596 286 561 403 323 242 493 100 128 148 453 206 294 218 278 116 566 269 300 389 225 631 586 226 388 49 235 120 420 147 558 444 364 528 175 514 386 307 101 111 387 202 468 437 315 151 252 548 395 289 513 228 508 72 186 128 369 100 585 345 404 324 492 420 125 455 586 574 536 156 240 569 248 558 408 352 221 488 0 231 497 401 457 322 297 585 560 175 368 357 592 111 222 312 425 206 130 41 264 401 326 512 368 319 202 296 395 195 240 113 263 161 289 568 607 303 489 379 192 307 424 229 166 314 456 399 286 344 263 202 515 446 563 115 390 405 275 98 189 122 138 292 239 367 199 183 379 173 549 218 266 400 274 316 317 321 94 396 128 234 581 44 214 101 403 357 245 223 194 293 91 478 177 108 190 255 302 207 161 358 503 106 313 354 278 614 378 170 273 145 524 295 265 207 301 534 558 517 194 392 254 325 193 276 220 520 301 185 196 280 92 332 220 558 501 248 346 154 143 400 136 505 240 601 335 120 350 270 133 345 92 332 277 206 488 128 186 206 380 330 227 455 269 175 408 351 132 97 174 300 204 201 254 370 247 249 376 379 336 394 297 143 356 345 536 518 91 225 332 297 273 372 200 431 335 396 299 540 365 542 550 394 242 243 406 143 21 302 532 119 59 94 561 493 214 543 102 152 202 360 440 284 318 309 388 168 319 226 274 343 230 235 531 312 489 230 263 443 272 251 351 180 441 409 86 278 190 257 591 157 205 275 101 169 197 513 393 369 208 194 210 135 350 214 202 584 259 138 296 215 75 142 274 611 426 357 82 415 196 273 537 402 369 395 216 261 496 354 193 215 105 270 176 271 189 319 293 598 503 121 179
414 488 274 313 125 426 157 345 424 231 69 397 355 384 493 304 241 465 454 374 498 98 250 252 184 65 315 380 224 127 369 368 535 199 285 117 88 212 90 417 510 454 185 191 544 154 219 278 216 55 377 178 292 297 482 302 130 315 137 373 538 420 219 81 455 366 259 163 189 287 318 498 281 84 321 52 214 382 444 408 185 133 119 343 203 351 530 342 169 332 407 447 201 364 95 516 86 276 331 183 363 169 341 47 498 529 180 389 200 46 371 424 366 174 296 39 213 442 268 410 445 437 595 162 355 368 245 127 204 373 63 473 116 64 282 454 410 423 170 29 416 430 79 298 250 145 239 543 340 403 276 203 376 366 365 285 458 251 147 278 203 375 537 460 227 424 419 514 352 310 444 381 294 159 225 269 165 378 498 474 218 306 426 168 507 480 423 399 99 440 418 144 414 544 507 164 338 231 0 357 555 318 463 374 418 402 234 178 479 428 154 257 431 295 374 124 190 438 509 441 344 535 104 62 462 244 80 379 120 91 140 352 390 438 496 347 263 114 433 442 374 129 238 252 296 436 542 330 39 397 306 423 180 500 498 51 279 240 195 305 375 205 175 172 328 165 333 404 395 101 413 410 86 374 157 187 405 320 127 446 227 350 190 275 528 398 33 305 155 269 405 134 129 158 166 427 360 278 260 351 261 478 194 216 457 251 62 202 147 394 246 151 310 150 395 396 376 215 249 378 424 203 430 254 363 418 328 137 417 225 444 84 406 332 77 504 334 147 572 98 368 136 462 480 177 230 323 104 144 302 210 207 25 357 103 71 335 521 437 349 263 38 148 544 505 186 138 130 308 321 86 328 256 232 387 277 487 513 315 324 234 507 485 403 387 148 293 331 360 310 510 53 248 467 558 453 362 138 383 394 312 370 367 278 280 212 180 360 188 261 284 403 318 397 432 159 144 136 139 306 408 417 136 255 85 439 341 159 185 24 203 369 463 385 369 371 537 159 116 471 95 302 257 151 336 293 70 462 74 416 51 302 191 112 376 530 230 152 126 131 156 274 94 143 419 146 129 107 105 157 287 194 449 256 409 270 323 38 140 426 456 172 555 368 375 350 207 39 44 169 408 123 107 261 170 369 396 427 263 240
62 828 627 49 268 90 200 160 769 583 420 729 111 119 833 614 294 109 787 700 846 456 516 559 519 417 665 69 140 324 712 710 880 337 106 263 271 568 384 112 863 790 188 545 858 212 574 240 152 360 705 237 84 650 824 101 321 630 337 22 864 118 395 436 112 33 611 497 218 93 659 824 233 394 665 306 144 725 121 162 484 233 284 697 160 672 880 617 189 107 726 779 522 31 443 847 328 601 648 258 21 526 114 343 830 878 348 77 456 348 140 88 701 356 491 318 548 107 90 151 772 84 900 196 697 32 563 376 546 125 325 788 287 297 596 107 744 764 248 386 268 93 298 129 539 263 567 887 642 66 93 154 38 670 25 120 789 568 389 114 557 99 888 794 568 743 63 859 706 174 722 33 568 513 559 134 397 210 829 829 173 120 782 505 864 136 78 42 442 736 73 252 61 884 837 276 27 497 357 0 887 41 798 726 103 72 580 189 822 106 387 611 774 72 693 374 467 755 858 785 70 859 396 329 785 114 324 713 432 269 337 705 115 124 800 11 119 311 774 799 704 333 190 177 110 767 841 682 392 59 52 68 512 848 850 316 584 589 529 620 725 266 194 528 656 237 654 52 709 261 770 746 349 729 200 405 761 621 269 89 520 684 399 94 849 726 333 644 213 463 141 322 404 513 242 767 686 612 145 30 577 802 163 225 119 119 392 227 352 39 219 236 652 212 38 76 20 568 110 717 773 556 759 607 43 761 657 493 753 544 790 299 64 74 286 833 644 491 893 420 12 261 107 814 378 147 677 431 226 588 166 223 368 21 412 423 670 858 784 688 144 341 501 884 836 369 414 482 273 659 315 360 128 270 721 130 835 830 138 681 571 839 822 46 33 459 643 688 714 665 848 338 133 807 885 782 100 290 61 62 134 708 705 91 607 489 197 86 522 552 584 72 89 707 90 484 345 296 263 57 748 765 221 110 351 782 681 226 172 336 269 62 794 79 702 715 889 227 260 815 448 57 100 457 690 633 288 105 388 701 368 596 335 307 19 869 132 509 481 488 362 164 299 295 100 242 364 250 293 436 611 224 120 111 765 570 112 361 234 87 812 202 883 695 717 16 153 380 331 496 743 476 255 608 191 721 201 143 586 587
947 77 300 850 679 967 700 807 144 333 487 159 907 936 76 275 632 988 101 186 117 470 385 329 373 517 255 925 770 661 190 191 79 570 791 672 640 366 504 965 164 101 738 375 84 676 355 701 765 532 182 654 837 276 91 852 566 257 552 897 35 968 520 498 961 904 310 395 744 834 238 65 707 495 238 597 747 178 940 963 403 656 602 248 750 215 129 301 705 823 163 109 365 884 509 40 560 286 240 637 898 413 894 592 57 121 552 934 439 547 925 965 189 542 456 589 344 984 799 963 115 956 122 697 203 887 324 511 352 853 567 116 600 618 292 964 145 139 723 532 966 971 593 786 354 624 321 80 255 943 821 741 914 228 900 783 98 319 501 782 365 867 137 95 329 149 941 90 238 865 234 902 338 403 332 765 495 932 58 195 717 858 314 389 237 984 961 928 457 189 956 634 947 50 50 616 873 401 555 887 0 846 93 214 964 944 323 729 99 973 504 315 134 815 195 513 423 139 115 132 890 45 588 562 106 777 564 176 456 627 552 239 941 986 134 878 772 575 127 294 183 555 712 807 795 120 137 248 516 911 834 954 379 111 148 605 305 320 362 267 207 638 727 396 231 719 232 938 184 633 299 146 614 235 694 494 306 273 618 973 369 205 501 793 58 160 567 250 674 469 879 567 483 406 646 134 200 278 754 888 309 88 731 676 999 768 504 669 539 917 695 651 247 678 925 939 907 348 778 178 160 362 128 317 903 147 230 428 138 342 133 590 945 878 609 55 247 408 54 471 896 626 993 76 520 740 264 461 697 313 721 674 535 880 477 485 221 45 142 206 816 587 411 48 51 532 473 428 698 234 573 639 763 648 168 772 120 84 793 289 321 48 73 929 910 428 273 322 234 284 55 555 798 95 22 104 913 684 925 934 793 185 189 797 280 403 689 908 370 342 308 945 866 190 941 405 545 592 692 830 151 164 677 776 536 129 215 661 721 569 634 912 92 887 186 191 149 659 628 107 461 829 792 429 252 263 612 985 503 231 574 301 569 579 903 49 755 419 438 441 530 749 588 594 965 645 524 655 594 452 275 669 994 801 233 320 814 537 653 935 225 725 14 192 185 883 736 521 566 393 147 434 639 297 698 216 950 904 301 317
102 787 587 31 234 127 162 142 728 543 381 688 122 138 792 574 258 147 746 660 806 417 476 518 478 379 625 96 107 293 671 669 839 299 71 228 233 529 343 142 823 749 156 505 818 172 534 208 120 320 664 197 66 610 784 92 281 590 297 55 823 147 356 398 142 64 572 456 190 75 618 784 202 354 624 267 104 685 142 181 443 193 244 657 126 631 840 577 150 88 686 738 481 49 405 806 287 561 608 219 54 487 120 306 789 838 309 105 416 308 153 125 660 316 453 279 508 145 51 172 731 120 860 156 656 52 522 336 506 119 284 747 246 259 555 139 703 724 219 347 277 131 258 99 499 223 526 847 601 102 68 116 72 630 58 86 748 527 348 79 518 98 847 753 527 702 100 819 666 169 682 63 528 474 518 98 357 217 788 789 133 113 744 464 825 167 117 82 402 696 112 212 102 843 796 236 35 457 318 41 846 0 758 685 135 106 540 155 782 140 346 571 734 33 653 334 427 715 817 745 81 819 362 289 744 75 284 672 391 229 297 665 136 157 760 32 81 271 734 760 664 293 153 158 79 726 801 642 352 84 13 108 472 807 810 279 544 549 489 580 685 228 160 488 615 207 614 92 669 221 731 705 315 689 161 365 723 581 228 129 480 643 360 55 809 686 294 604 173 425 143 281 363 474 202 727 646 572 108 51 537 761 124 187 158 79 352 188 312 75 184 195 611 172 79 107 61 528 70 677 733 516 718 567 69 721 616 453 712 504 750 259 102 78 246 792 604 450 852 380 50 220 147 774 338 107 637 390 191 548 126 184 329 40 371 384 629 818 744 647 126 304 461 843 795 330 373 442 243 619 275 329 90 233 681 96 795 790 113 642 531 798 781 85 69 418 603 649 674 626 808 298 108 766 845 742 114 259 91 96 109 667 665 51 566 449 157 101 481 511 544 107 87 667 119 443 305 256 231 18 708 725 182 70 311 741 641 185 133 297 231 85 754 89 662 675 849 187 219 774 408 17 62 417 650 593 249 144 348 661 331 555 296 267 58 828 92 470 442 449 322 132 259 255 133 201 323 212 253 395 571 184 156 81 725 530 90 321 193 114 773 169 843 654 677 40 113 340 291 456 702 436 215 567 151 681 212 151 545 547
859 34 207 761 586 878 610 726 58 239 394 70 816 845 41 194 553 901 16 102 89 377 308 245 282 424 163 835 679 568 97 98 93 489 704 580 549 274 415 875 141 9 646 281 120 587 262 621 674 442 96 568 747 185 43 761 480 175 466 809 86 878 441 405 876 815 217 304 651 743 145 53 627 405 145 506 658 86 856 871 317 567 514 162 659 133 124 236 615 738 92 24 277 797 416 56 471 197 158 552 809 320 802 499 38 116 470 844 358 456 833 876 98 460 388 497 252 894 711 872 47 870 177 608 110 800 237 424 259 770 476 86 512 526 208 879 54 48 630 439 873 882 503 701 273 537 232 100 182 854 730 651 825 159 811 697 24 232 416 695 272 783 134 8 236 85 854 80 152 773 200 815 266 310 241 679 412 839 40 151 630 767 254 297 205 900 872 840 365 149 867 547 859 87 49 530 784 322 463 798 93 758 0 129 874 854 230 638 49 883 420 222 48 728 117 426 339 83 96 54 800 88 495 472 58 688 475 86 367 536 467 153 849 895 126 790 685 488 37 238 95 469 627 715 710 36 158 158 424 825 746 866 288 85 118 513 224 226 271 184 121 555 636 303 143 626 149 849 116 542 236 53 521 155 604 413 240 197 530 886 286 115 420 706 88 76 476 158 585 398 797 480 396 312 560 43 115 187 668 799 224 53 641 592 909 680 413 584 454 830 613 563 154 589 837 849 818 255 689 85 82 268 48 225 814 58 142 335 46 255 58 500 855 788 519 51 169 316 124 380 808 538 905 18 437 653 175 370 605 239 633 589 443 793 387 392 129 60 67 113 724 494 318 87 47 451 386 335 622 142 484 568 676 567 77 687 82 93 710 204 230 46 23 841 823 340 180 241 150 196 51 464 707 21 101 31 822 591 835 845 709 92 96 709 191 321 601 817 279 262 228 855 776 125 855 315 460 505 599 742 58 84 586 688 447 46 122 573 631 477 551 822 22 802 96 98 144 571 539 50 369 741 702 341 164 170 521 898 412 185 481 225 488 491 815 72 666 326 345 348 446 665 499 508 875 557 438 563 505 366 188 584 904 711 165 239 729 445 565 849 174 633 95 106 92 795 647 429 475 303 56 341 549 203 609 130 858 822 213 224
784 137 100 684 491 798 529 676 71 143 307 110 729 757 139 187 513 832 131 130 127 279 291 217 213 325 61 754 597 464 60 62 169 448 640 487 462 166 347 791 138 124 558 183 247 514 156 578 590 366 124 508 665 76 124 675 422 170 411 739 213 793 411 304 814 738 115 233 557 661 88 181 584 334 75 422 582 59 798 779 270 493 448 35 576 146 157 260 537 680 156 130 223 728 310 182 402 161 162 497 734 213 714 403 166 156 426 762 323 378 743 797 96 415 387 411 186 815 636 782 148 802 305 530 66 732 198 368 182 716 401 197 445 438 187 815 106 81 533 347 770 803 428 642 252 474 181 176 202 776 649 573 748 195 735 635 141 196 365 631 171 725 163 132 163 165 785 147 25 678 275 746 267 214 180 618 367 741 168 109 566 679 149 225 157 838 795 768 283 231 790 481 784 184 176 474 708 297 374 726 214 685 129 0 792 775 146 552 118 801 371 117 81 658 152 369 299 173 138 82 717 216 387 397 169 612 404 101 301 457 412 26 763 812 238 716 619 424 91 142 112 411 571 621 648 128 278 44 336 759 673 793 220 130 125 421 208 136 204 174 9 505 549 203 130 532 150 774 171 465 127 98 419 31 526 374 128 205 463 814 254 105 383 637 217 125 393 103 513 386 745 423 339 215 498 86 128 137 607 722 192 174 563 538 830 611 334 528 402 760 562 496 90 514 764 769 745 158 615 76 56 171 134 120 735 71 126 238 102 209 82 427 778 705 440 180 180 235 252 308 736 472 832 145 395 586 54 297 517 242 565 533 359 723 319 304 102 170 73 84 635 400 226 186 174 410 331 245 587 97 413 550 611 522 99 626 116 218 654 76 164 172 143 770 753 280 83 113 21 72 159 387 621 120 226 142 736 491 755 766 653 86 79 640 155 288 533 733 211 245 217 776 691 182 791 251 406 445 503 672 79 50 506 618 379 86 78 506 554 392 502 742 144 741 103 52 164 505 467 109 279 669 627 283 41 107 439 829 339 250 382 225 445 427 744 173 594 224 249 247 397 609 429 449 793 490 382 480 437 316 158 525 823 629 63 222 670 365 494 786 105 545 219 126 60 720 573 346 395 238 100 251 471 120 534 5 761 769 176 140
64 902 692 119 309 28 265 262 840 649 485 806 73 51 907 696 394 115 864 779 915 515 604 641 592 472 733 41 195 355 784 782 952 432 206 309 330 629 461 12 928 866 234 609 941 290 637 342 202 432 783 327 127 715 897 117 407 711 424 111 944 18 489 492 157 72 677 570 246 131 732 904 336 469 736 370 219 797 184 78 565 309 366 761 216 752 948 706 260 210 807 856 599 129 494 925 406 679 729 351 83 584 87 394 907 946 440 32 543 418 81 29 776 447 587 380 622 32 170 64 851 119 986 267 769 128 642 460 617 222 398 871 369 355 677 147 820 837 276 446 197 31 372 232 624 349 643 959 726 41 144 224 65 754 79 221 866 647 474 214 621 194 955 870 639 824 104 931 770 150 812 117 657 577 633 234 485 148 907 891 266 119 833 577 922 170 47 89 511 823 47 337 65 958 915 367 101 585 418 103 964 135 874 792 0 32 650 240 895 11 474 675 847 169 774 457 552 837 927 857 75 940 434 402 865 190 401 789 509 338 424 770 43 22 886 106 216 394 848 851 781 419 289 186 212 844 928 748 455 136 143 77 586 917 916 372 667 657 603 701 793 362 243 590 733 271 734 65 792 332 823 821 390 792 270 495 814 706 352 93 604 760 490 189 931 805 400 718 293 559 231 408 486 577 331 841 765 687 244 84 657 882 234 322 45 211 462 322 440 106 319 320 724 287 85 28 88 633 193 791 842 621 837 672 67 833 734 555 828 623 861 375 46 87 356 912 727 561 974 494 102 345 86 891 468 238 741 504 276 675 254 318 434 122 488 488 745 934 854 762 162 395 566 958 914 461 496 547 376 733 393 463 224 369 797 231 905 913 241 741 645 916 897 96 107 537 710 742 778 728 923 410 171 881 965 861 61 321 45 41 238 782 779 185 685 575 283 59 595 637 668 33 101 791 147 559 433 382 300 153 822 834 288 200 429 854 755 311 244 400 365 53 872 169 779 787 955 312 337 887 513 149 176 536 754 706 354 110 462 790 418 681 429 390 98 944 215 570 544 548 451 266 377 383 6 325 448 312 373 519 689 317 33 164 825 654 216 430 313 148 872 248 962 773 790 96 231 447 400 572 819 541 326 677 268 788 129 225 664 656
36 883 676 94 298 23 247 230 822 632 468 786 78 67 888 674 365 97 843 758 898 500 580 619 573 458 716 25 178 348 765 764 933 405 176 297 314 614 440 42 912 846 221 593 919 268 621 311 187 413 762 301 110 699 878 108 383 690 400 79 923 48 462 478 132 43 660 551 239 116 713 883 305 449 718 353 197 779 156 104 543 288 343 745 200 730 931 681 240 178 786 836 579 96 481 904 384 658 707 324 53 570 90 381 887 929 414 21 519 399 96 21 756 421 559 364 603 40 146 91 830 94 962 247 750 95 621 437 599 190 378 848 346 339 655 123 800 818 269 430 220 28 352 201 601 325 623 941 703 10 126 204 34 731 49 191 846 626 451 184 605 162 938 850 621 802 76 913 754 156 787 85 632 561 614 204 461 167 886 876 239 115 821 558 908 148 27 58 493 799 24 313 37 939 894 341 73 560 402 72 944 106 854 775 32 0 632 226 876 34 449 659 828 140 752 434 528 815 909 838 61 918 426 383 844 167 380 769 488 319 400 754 60 52 862 75 187 371 829 839 761 395 260 183 182 824 904 731 439 104 115 52 567 900 900 357 645 640 584 679 776 334 229 574 713 262 713 34 769 312 810 801 381 776 251 470 802 683 328 73 581 740 464 161 909 784 382 698 270 531 200 384 463 560 306 822 744 668 214 57 636 861 213 293 55 184 443 294 415 75 290 296 705 266 53 13 56 617 168 772 824 604 817 656 41 815 714 539 809 602 843 354 16 73 337 891 704 542 953 474 70 321 73 871 443 212 725 485 262 651 229 290 417 90 467 471 725 914 836 742 155 381 549 939 893 435 473 531 345 714 371 432 196 340 777 201 887 890 210 726 626 896 878 65 75 516 693 729 762 712 904 391 158 862 944 840 64 314 20 10 206 763 760 157 664 551 258 55 576 613 645 1 91 768 120 539 408 358 291 124 803 817 269 173 408 835 736 287 224 383 338 35 852 138 758 768 939 288 316 868 496 121 153 515 738 687 336 92 442 765 405 658 402 367 66 924 191 554 528 533 426 236 356 358 28 302 425 295 351 496 669 290 51 146 811 631 184 411 291 119 858 235 941 752 771 67 208 429 381 552 799 524 306 659 246 771 152 194 643 638
640 255 57 540 356 655 385 530 191 26 165 168 589 618 259 122 371 686 223 153 266 147 176 109 68 194 86 611 455 338 135 134 302 306 494 350 321 65 200 649 284 222 418 56 323 369 53 434 448 220 153 361 523 74 248 534 276 119 266 593 309 652 276 175 667 594 43 87 422 519 85 270 440 187 87 280 437 148 651 642 133 347 302 123 434 138 300 197 393 533 189 216 87 582 189 285 255 76 128 351 589 100 575 269 267 298 284 620 190 233 605 653 136 273 274 270 46 672 491 644 219 656 378 386 121 586 85 223 36 569 256 254 299 298 104 668 179 189 400 209 643 660 282 496 141 328 61 309 159 632 507 429 604 174 591 489 228 88 222 485 52 578 307 228 24 206 639 281 130 543 268 600 176 80 47 471 226 609 267 254 420 539 247 78 297 692 651 623 139 243 646 335 640 310 276 328 564 175 234 580 323 540 230 146 650 632 0 411 245 659 229 47 198 512 160 223 164 219 278 207 575 308 268 251 238 468 258 150 155 313 267 129 623 671 285 571 473 278 200 254 147 265 424 485 501 206 332 104 195 613 528 648 76 268 270 283 120 14 60 113 145 360 408 76 109 397 124 630 185 320 228 178 291 156 382 237 223 146 317 669 132 123 245 491 302 173 250 74 368 265 599 277 194 83 352 193 139 60 460 578 91 251 419 392 687 465 189 382 258 614 417 350 76 369 619 626 600 33 470 145 193 44 203 45 592 184 108 106 185 84 211 281 634 563 295 275 140 90 345 162 590 325 687 248 254 440 104 151 377 161 419 387 216 577 173 163 106 288 205 118 496 264 87 311 274 270 187 105 446 90 267 418 464 378 157 479 255 291 508 125 35 275 252 625 607 135 63 157 138 101 277 242 480 234 328 224 595 361 612 623 507 139 134 494 77 160 387 592 67 141 130 633 550 191 645 106 262 299 369 526 174 185 363 472 233 205 108 359 409 250 357 599 233 594 141 137 309 358 322 237 139 523 482 140 115 61 296 683 192 236 251 148 303 281 598 296 449 100 115 120 254 463 283 303 651 344 236 338 290 174 85 379 680 486 195 125 524 220 348 639 243 406 324 146 141 575 427 203 251 93 176 111 326 28 389 142 628 623 79 6
241 664 452 142 79 249 40 239 601 409 246 570 178 207 669 467 242 297 628 545 676 275 388 412 356 233 493 203 49 139 546 544 713 248 153 74 90 389 230 239 688 629 12 369 712 86 396 232 39 198 549 149 115 475 659 124 197 481 214 208 710 242 298 252 297 193 437 334 55 110 494 670 230 236 497 132 68 559 295 234 338 93 153 521 30 520 708 489 53 202 576 621 367 204 256 690 180 445 498 174 191 344 165 156 672 707 246 211 328 183 197 247 540 248 396 141 386 264 106 234 617 273 759 56 531 207 410 240 379 245 166 641 154 114 447 294 584 599 75 205 267 253 142 180 401 150 409 720 500 228 101 52 202 528 192 161 631 416 259 149 381 236 715 634 402 593 252 692 530 146 595 218 439 337 397 153 273 217 672 651 125 129 596 340 682 322 248 230 273 599 243 136 241 720 680 177 166 368 178 189 729 155 638 552 240 226 411 0 656 250 260 435 608 142 542 237 330 606 687 618 166 707 207 170 633 85 173 553 277 106 216 530 212 260 659 179 135 179 610 614 546 207 163 89 168 609 703 508 216 239 143 252 350 678 676 132 439 418 367 471 553 197 5 350 499 59 502 231 562 102 585 585 160 552 55 289 576 480 142 276 379 524 287 130 699 570 162 480 91 366 276 199 261 336 145 603 531 451 150 177 426 649 51 172 280 115 225 162 231 228 193 122 486 77 225 218 206 393 97 554 602 381 603 432 188 595 500 315 592 391 622 148 231 154 122 677 498 322 743 259 201 139 289 654 265 113 500 269 37 453 105 162 195 195 256 248 509 697 615 525 88 155 326 721 679 263 272 307 273 496 167 337 132 219 561 160 665 682 202 501 408 681 661 235 221 306 471 503 538 487 686 176 70 643 731 626 184 106 206 217 197 545 542 131 450 354 105 182 359 413 442 226 140 562 274 325 224 177 78 148 584 595 59 111 201 616 517 117 54 161 199 192 637 237 543 548 715 119 119 648 273 141 95 306 514 468 117 293 228 570 180 457 242 174 208 706 90 329 303 307 243 179 154 181 242 125 231 75 154 296 456 152 272 81 585 428 197 193 105 269 632 15 728 539 551 179 72 209 164 337 582 301 97 438 70 547 230 292 431 417
882 26 211 783 600 899 630 757 55 249 410 106 834 863 24 231 587 927 64 141 40 388 345 278 304 435 167 855 699 577 111 113 57 522 731 595 566 279 439 894 92 54 664 291 154 611 268 654 693 463 134 596 767 187 9 779 508 211 495 834 108 897 477 415 904 837 224 326 666 763 164 90 660 428 159 525 680 97 885 887 346 589 540 153 678 171 76 280 636 767 138 72 303 822 423 76 495 226 195 581 832 326 820 512 67 69 502 864 391 477 850 897 126 491 430 515 274 916 734 889 96 896 208 629 126 826 267 452 277 800 498 134 537 543 241 906 89 58 643 454 883 904 525 730 309 564 258 65 225 876 751 673 847 204 834 725 73 263 445 722 281 812 86 57 255 133 880 38 143 787 249 840 306 322 264 707 443 852 70 107 657 784 219 318 158 928 894 864 383 198 889 573 882 67 75 559 807 357 479 822 99 782 49 118 895 876 245 656 0 904 450 227 48 753 159 454 371 131 48 38 820 115 501 494 106 711 498 117 391 557 496 144 868 915 172 813 711 514 50 201 129 496 656 730 737 82 199 156 441 851 770 890 310 36 70 528 260 239 293 220 113 586 654 312 175 641 185 873 161 564 203 84 531 137 625 446 208 238 555 911 319 144 454 731 120 117 495 178 609 437 828 509 423 324 587 56 151 211 696 821 255 98 663 622 931 705 433 613 484 855 644 588 171 611 861 870 842 265 712 106 62 279 94 230 836 61 173 346 78 283 36 523 878 808 539 83 209 334 145 402 832 563 929 51 470 679 170 392 622 279 659 618 461 818 411 408 155 55 45 136 741 508 331 68 73 484 414 349 657 164 507 608 703 599 108 715 33 133 739 192 251 68 41 866 848 366 188 224 138 190 44 485 726 28 115 80 840 602 856 867 739 117 118 734 220 354 626 837 301 299 265 877 795 172 883 339 489 533 612 767 75 68 607 713 472 41 141 598 653 495 582 843 70 830 127 108 95 597 563 9 384 765 725 368 158 189 540 924 434 233 492 264 520 517 840 56 690 335 357 357 477 695 523 536 895 582 466 582 530 395 218 612 925 731 135 275 758 465 589 877 133 651 107 143 105 818 670 448 495 326 88 356 570 218 632 120 871 853 243 239
60 911 701 125 319 22 274 263 849 659 495 815 84 63 916 704 398 107 872 787 925 525 611 649 601 482 742 49 205 366 793 791 961 438 210 319 339 639 469 21 938 874 244 619 949 298 646 346 212 441 792 334 136 725 906 128 414 720 431 112 952 25 495 502 151 76 687 579 257 141 741 912 339 478 745 380 227 806 179 87 573 317 374 771 226 760 958 713 268 211 816 865 608 129 504 934 414 688 737 357 87 594 98 404 916 956 447 39 551 427 92 23 785 453 593 390 631 21 177 73 859 113 993 276 778 128 650 468 626 221 407 879 376 364 685 141 829 846 287 455 205 23 380 235 632 357 652 968 734 41 153 232 68 762 83 225 875 656 482 218 631 194 964 879 648 832 100 940 780 162 819 117 664 587 642 238 492 157 915 901 272 130 843 586 932 163 41 87 520 831 43 344 61 967 924 373 106 592 428 106 973 140 883 801 11 34 659 250 904 0 481 685 856 173 782 465 559 845 936 866 84 948 445 411 874 197 409 798 517 347 431 780 54 18 893 110 221 402 857 862 790 426 294 198 216 853 935 758 465 133 148 72 595 927 926 381 675 667 612 709 802 367 253 600 742 281 743 63 800 341 833 830 401 802 279 502 824 713 359 85 612 768 497 194 939 813 409 727 300 565 229 415 493 586 338 850 773 696 248 90 665 890 242 327 34 217 471 327 447 105 324 327 733 295 84 34 89 643 200 800 851 630 846 682 73 842 743 564 837 631 870 383 45 96 365 920 735 570 983 503 104 352 76 899 475 244 750 513 286 682 261 324 443 124 497 497 754 943 864 771 173 405 576 967 922 467 504 557 378 742 401 466 229 374 806 235 914 921 244 751 654 925 906 93 106 545 720 752 788 737 932 419 181 890 973 869 72 332 50 44 240 791 788 190 693 582 290 70 604 644 676 34 111 798 143 568 440 389 311 158 831 844 297 206 437 863 764 318 253 410 371 61 881 168 787 796 965 319 346 896 522 154 183 545 764 715 363 102 471 797 428 689 435 397 99 952 222 579 553 557 458 270 386 390 8 333 456 322 381 527 698 323 22 173 835 662 217 439 321 143 882 258 971 782 799 100 239 456 409 581 827 551 334 687 276 797 138 221 673 665
448 451 285 356 249 472 223 307 399 242 140 350 427 454 457 230 143 485 407 318 479 183 131 175 161 190 312 433 289 273 342 340 507 78 287 235 191 249 68 476 506 411 272 219 471 186 248 207 288 99 324 151 350 302 450 370 67 247 50 395 480 481 68 192 457 408 269 143 298 349 291 441 212 82 300 154 255 356 437 488 104 170 109 351 271 289 516 233 220 319 342 399 149 381 217 465 85 224 265 133 400 230 415 199 448 512 55 442 70 110 450 470 324 44 145 156 186 489 304 485 389 453 513 213 327 384 183 27 193 351 108 402 108 184 213 460 366 392 291 161 527 476 123 282 153 124 194 514 255 447 333 253 417 283 403 279 407 188 9 278 231 363 524 414 209 358 439 488 357 406 339 399 183 196 192 261 13 478 447 480 214 382 471 153 525 480 463 426 129 350 458 137 448 506 455 112 377 111 154 387 504 346 420 371 474 449 229 260 450 481 0 271 403 315 309 30 81 370 491 416 401 474 256 105 400 284 93 335 82 159 50 357 457 496 413 379 269 82 400 480 325 55 208 349 291 386 455 331 140 407 336 453 153 480 489 186 199 241 169 237 368 136 261 213 277 279 272 439 324 160 453 369 239 384 212 34 447 235 123 471 135 307 36 292 464 345 134 275 183 116 378 66 40 199 144 394 305 241 250 392 196 418 243 173 503 268 106 165 35 415 194 154 285 191 424 447 407 232 281 344 409 225 377 268 409 390 278 192 376 167 421 115 448 390 145 450 259 154 507 93 395 129 492 435 29 240 332 100 241 202 221 170 132 379 77 144 295 480 417 315 346 189 182 507 454 44 42 169 218 288 96 201 260 151 344 268 468 444 290 351 207 457 443 427 408 93 290 375 365 329 470 108 321 431 501 401 429 274 431 439 289 333 332 296 230 103 191 421 162 165 198 450 382 321 437 123 41 91 263 330 375 401 202 277 72 410 311 163 233 144 132 420 413 383 325 348 528 161 142 443 153 330 298 89 343 267 157 483 88 316 204 209 74 87 403 492 258 210 184 200 26 245 107 92 473 148 30 192 107 56 232 166 500 316 424 185 310 116 162 431 471 263 500 314 348 385 243 124 123 135 365 167 164 252 208 366 490 403 207 234
669 241 17 568 375 682 413 569 174 29 191 169 612 641 245 157 414 718 217 163 242 162 223 154 112 208 61 637 481 349 125 124 282 350 528 371 345 52 237 674 253 215 442 66 327 400 41 475 473 252 162 398 549 41 232 559 314 149 306 625 306 677 321 188 701 622 7 128 441 544 87 267 481 223 81 306 467 136 686 663 179 378 337 87 459 157 273 235 422 569 200 213 133 614 196 278 290 112 154 390 618 99 598 286 260 272 326 646 237 263 626 680 138 316 321 295 93 698 521 665 220 688 384 415 114 618 130 263 79 606 287 261 334 321 143 702 177 176 417 230 656 687 314 532 186 364 106 289 190 660 533 457 632 200 620 524 224 132 264 519 55 614 280 221 70 216 670 261 95 561 294 632 219 98 94 506 270 625 261 219 454 562 201 119 258 726 679 653 169 264 674 370 669 294 270 366 593 222 257 611 315 571 222 117 675 659 47 435 227 685 271 0 182 544 176 264 210 228 254 189 601 306 274 283 241 497 292 151 194 342 307 95 646 695 297 601 507 315 188 209 153 304 462 505 536 204 343 73 220 646 558 678 119 245 241 305 161 33 105 146 118 401 432 86 128 415 147 659 201 350 182 173 304 119 410 281 177 181 351 700 179 130 290 523 302 178 277 84 399 312 637 316 235 99 388 181 152 89 496 606 133 252 448 430 713 498 220 419 299 645 456 384 78 399 649 652 630 43 501 139 169 55 203 3 619 169 125 121 180 130 192 314 662 589 325 270 169 124 343 197 621 361 717 240 298 473 66 186 400 202 452 424 243 609 210 188 114 275 184 117 518 283 110 295 268 314 229 129 489 97 301 464 498 420 157 514 232 295 545 79 80 268 242 656 639 178 42 110 103 58 264 273 505 221 322 222 619 375 639 650 543 137 131 526 110 207 420 617 111 186 171 660 575 210 679 148 302 337 387 557 164 162 390 504 268 189 106 393 439 276 397 625 229 629 145 124 280 393 354 219 163 554 511 183 79 73 323 714 226 263 266 187 345 317 629 281 480 108 132 130 296 501 317 341 676 378 277 364 325 218 118 416 706 513 156 168 560 250 380 673 204 428 317 156 130 604 458 230 280 137 173 135 356 41 420 113 645 660 119 43
834 59 167 735 553 851 582 710 10 203 363 66 786 815 62 187 540 879 53 100 78 342 301 232 256 389 122 807 651 531 63 65 105 475 683 548 519 234 391 846 119 45 616 245 168 562 223 607 645 415 93 548 719 143 51 732 460 167 447 786 132 849 431 369 856 789 178 278 619 715 116 101 614 380 111 477 632 49 838 840 299 541 492 115 631 129 116 243 588 720 107 56 256 774 378 101 447 179 153 534 784 282 773 465 85 111 455 816 345 429 803 849 80 445 388 467 226 868 686 841 79 848 225 581 78 778 220 405 230 753 450 126 489 495 196 858 52 12 596 407 838 856 477 682 263 516 210 113 185 828 703 625 799 168 786 677 64 216 398 674 235 764 126 52 207 109 832 86 105 740 227 792 264 275 216 659 396 805 87 117 609 737 209 270 173 880 846 816 336 177 841 525 834 112 95 511 759 312 431 774 134 734 48 81 847 828 198 608 48 856 403 182 0 705 121 406 324 111 89 15 772 135 457 446 97 663 450 73 343 509 448 106 820 868 168 765 663 466 13 195 86 449 609 683 689 59 203 114 393 804 722 842 262 78 98 481 215 192 245 175 74 539 606 266 129 594 141 825 129 516 190 44 485 107 577 399 194 196 507 863 273 98 407 683 136 81 447 130 561 394 781 461 376 277 539 13 108 163 648 773 208 97 615 574 883 657 385 566 436 807 597 540 123 563 813 823 794 219 664 59 36 232 69 185 788 14 127 300 41 236 22 475 830 760 491 99 167 286 171 354 784 515 881 63 423 631 130 344 575 237 611 571 414 770 363 361 108 93 25 88 694 461 284 113 93 437 367 302 611 116 459 564 655 552 65 667 68 140 692 157 203 91 62 818 800 318 142 194 102 150 82 437 678 39 145 68 793 556 808 819 691 71 71 686 173 308 578 789 253 254 221 829 747 141 835 291 441 485 566 719 29 37 559 665 423 7 93 550 605 447 535 795 66 782 83 60 132 549 515 41 336 717 677 320 118 141 492 876 386 207 446 222 473 469 792 99 642 289 310 311 429 647 475 488 847 534 418 535 482 348 172 564 877 683 119 230 710 417 541 829 134 603 139 101 57 770 622 400 447 278 48 309 522 170 584 83 825 806 196 191
134 758 560 56 221 161 141 121 699 516 355 658 149 168 763 543 225 174 716 629 777 392 444 487 449 357 598 129 98 281 642 640 810 266 39 213 212 503 314 175 796 719 145 479 786 144 508 176 112 292 634 164 81 583 754 110 250 559 265 82 792 180 323 375 160 97 545 428 184 89 589 753 171 325 596 243 82 656 154 210 412 166 213 631 113 600 812 545 126 70 655 708 451 70 384 776 258 531 577 186 88 463 145 286 759 809 276 138 384 281 180 159 630 283 420 255 479 178 37 202 701 144 827 133 627 74 492 305 478 109 257 716 216 238 524 159 673 695 212 324 300 164 230 71 467 191 496 818 570 136 75 96 106 598 91 55 718 497 317 46 492 95 819 723 499 671 127 790 639 185 650 88 496 448 489 65 325 240 758 763 101 131 721 436 799 185 150 112 375 664 145 181 134 813 766 204 68 425 295 72 815 33 728 658 169 140 512 142 753 173 315 544 705 0 622 303 395 684 789 716 110 787 345 261 713 57 255 642 362 204 265 638 167 190 728 65 48 240 704 736 633 261 120 164 51 696 769 615 327 103 27 139 443 779 782 258 513 522 460 549 658 194 147 462 585 198 583 125 637 195 707 675 298 663 138 333 699 549 198 158 448 613 327 22 778 655 268 575 145 392 138 250 332 448 170 698 615 542 75 84 506 730 103 154 191 47 324 155 280 102 151 165 582 145 109 140 93 501 47 647 704 489 688 541 102 692 586 428 682 473 721 231 135 104 220 761 572 423 821 351 80 190 178 744 306 75 610 362 175 516 95 151 303 65 342 358 600 788 715 618 133 283 435 814 765 297 342 416 213 589 246 298 56 200 651 64 766 758 88 616 502 768 751 113 95 388 575 625 647 600 778 271 109 737 814 711 143 248 124 130 83 637 635 18 536 417 126 131 452 479 512 140 109 635 137 414 273 224 220 16 678 697 160 40 281 712 612 155 110 272 198 118 723 96 632 646 821 156 191 745 382 21 48 386 623 564 225 171 320 629 311 523 263 236 88 799 65 445 417 425 290 100 230 223 166 171 292 190 223 364 540 151 190 81 699 498 69 295 165 132 747 157 812 624 648 73 88 314 264 427 672 410 189 539 125 654 238 152 515 519
754 152 168 658 499 775 511 612 124 180 307 55 719 748 158 80 438 794 102 23 196 301 191 134 190 347 138 734 581 490 92 90 210 375 596 491 455 221 314 775 241 109 552 216 170 484 207 506 577 345 30 459 647 155 156 663 372 63 357 703 171 779 326 330 766 712 169 211 563 645 92 131 513 307 103 412 555 96 745 777 209 465 409 166 561 24 234 122 514 628 33 94 176 690 346 156 368 99 45 442 705 260 706 415 140 228 357 743 244 360 739 773 56 347 271 405 163 792 607 777 80 762 222 507 87 693 132 317 177 658 377 99 407 435 97 769 70 109 544 354 790 779 403 591 159 430 135 217 66 751 631 550 721 47 708 588 101 127 306 587 211 672 244 110 155 51 747 195 161 683 126 708 148 238 150 570 300 752 139 234 522 671 301 207 290 789 768 734 275 88 763 441 754 203 146 421 681 206 374 693 195 653 117 152 774 752 160 542 159 782 309 176 121 622 0 319 228 64 206 136 700 166 425 373 92 586 373 53 266 438 358 162 752 796 125 685 578 382 112 293 40 361 517 624 600 81 172 148 336 716 641 760 195 194 219 425 110 163 180 73 143 443 541 236 51 538 41 745 25 443 279 78 443 182 504 299 279 80 425 779 174 51 306 600 157 42 382 92 482 280 684 372 290 241 452 109 26 102 559 696 117 109 540 481 807 574 318 474 344 723 500 458 99 487 731 748 713 192 585 78 148 204 70 177 712 114 53 262 82 152 143 399 752 688 421 141 52 229 201 283 702 432 799 129 325 547 165 274 513 121 527 479 352 686 287 306 64 175 145 71 630 409 241 203 145 337 279 255 506 80 381 451 569 453 58 577 187 140 598 203 144 149 140 735 716 237 141 248 165 183 167 367 610 134 192 93 724 509 733 743 598 66 73 603 94 208 496 718 187 147 113 753 677 34 746 217 350 398 513 637 95 143 488 583 345 127 81 467 530 385 439 721 106 692 49 100 252 466 437 155 285 636 600 238 163 104 425 791 315 98 401 108 374 386 710 188 562 259 270 277 335 554 397 399 774 452 330 468 402 257 87 475 802 611 213 125 618 351 461 740 245 540 191 26 93 691 544 338 379 206 73 261 449 141 507 149 768 709 111 156
435 457 278 340 221 457 201 307 402 234 116 356 407 435 462 240 153 475 414 327 481 160 151 185 156 162 309 417 269 244 344 342 511 93 278 208 164 237 41 459 506 417 248 207 485 168 237 212 267 68 331 142 332 297 455 351 54 256 42 384 490 463 96 166 451 393 262 136 272 330 292 450 217 56 300 125 238 358 432 468 110 150 91 346 250 298 517 252 200 314 352 406 151 371 190 473 58 229 274 128 387 212 395 168 456 514 70 426 91 80 430 455 329 60 175 126 183 474 289 466 398 444 528 193 329 374 189 3 188 348 79 414 89 155 222 453 372 395 263 132 502 461 97 276 167 111 196 519 269 432 315 235 403 297 389 271 415 194 24 269 220 358 525 421 205 369 428 492 353 383 358 389 202 181 191 253 42 454 455 477 204 362 461 145 520 474 449 415 109 366 444 122 435 512 463 105 362 130 124 374 513 334 426 369 457 434 223 237 454 465 30 264 406 303 319 0 95 381 493 418 384 485 227 76 411 268 66 341 69 133 44 353 439 479 428 366 259 63 404 471 332 43 203 325 284 394 471 327 112 399 322 441 148 482 489 157 210 235 165 246 367 137 237 199 283 252 281 426 335 135 443 374 209 379 191 64 437 248 106 460 147 312 66 281 475 353 104 277 165 146 377 55 31 184 134 398 313 243 242 378 203 428 225 169 489 255 79 160 37 404 194 139 286 171 412 431 394 223 266 348 410 214 385 261 394 393 284 173 381 171 424 90 434 373 118 459 270 142 519 73 383 113 480 442 55 228 327 82 215 218 208 165 102 367 57 119 299 486 419 318 324 158 167 513 462 67 40 152 228 290 71 222 250 156 349 261 470 456 286 342 206 466 450 416 398 89 286 364 361 321 477 78 300 436 511 409 410 245 416 424 285 337 336 284 235 118 177 404 158 179 211 435 364 334 429 118 39 79 235 318 379 402 179 264 42 414 313 148 214 114 134 404 421 376 330 349 529 147 121 447 131 317 282 86 338 267 130 473 61 334 174 224 87 68 391 498 244 192 165 180 38 241 83 82 457 133 13 167 85 62 238 158 485 297 418 197 304 86 144 423 466 239 509 321 350 372 226 95 93 131 371 149 141 248 190 364 467 401 213 230
528 371 221 434 305 551 295 387 321 183 145 269 502 530 377 148 216 566 326 238 401 174 60 94 101 200 242 511 363 316 265 263 427 151 368 293 251 201 104 554 431 330 341 172 391 262 196 283 361 141 243 232 426 236 371 445 146 166 130 476 398 558 112 194 538 487 207 92 361 425 215 359 289 106 225 209 332 278 517 562 31 244 185 283 344 208 439 159 294 400 261 318 78 462 219 384 150 145 183 214 480 196 490 237 367 434 131 520 27 157 524 549 245 121 127 206 118 568 383 560 308 534 434 287 250 465 105 92 132 431 166 321 183 237 132 541 285 313 349 184 592 555 188 363 73 204 118 435 175 526 410 329 497 203 483 360 326 108 78 359 181 444 447 334 142 277 520 409 287 475 265 480 109 158 121 342 73 546 366 407 295 456 411 100 455 562 543 507 118 272 538 215 528 426 374 193 456 41 190 467 423 427 339 299 552 528 164 330 371 559 81 210 324 395 228 95 0 289 413 337 479 393 279 162 319 362 157 255 72 225 130 287 533 574 334 459 350 158 321 417 245 134 289 417 372 305 376 261 161 488 416 534 94 401 413 234 118 178 105 156 295 216 330 173 196 340 191 519 242 228 392 289 275 315 285 76 387 154 200 552 54 227 84 373 383 264 182 199 259 109 458 145 69 162 225 315 224 164 331 472 116 336 319 254 582 348 128 246 116 496 274 232 210 266 504 525 487 176 360 266 333 173 296 208 488 312 199 164 295 90 343 183 527 467 209 368 177 113 426 95 476 207 572 354 99 320 265 93 306 124 301 251 165 459 87 147 216 399 340 237 418 228 146 426 372 113 58 141 289 211 163 254 341 228 264 349 390 363 371 289 136 376 363 508 489 53 221 319 295 265 390 160 395 351 420 320 505 324 510 518 370 254 254 377 151 24 270 498 100 85 117 529 458 240 518 72 122 171 319 410 296 325 272 357 129 332 234 242 309 189 212 499 332 464 245 271 452 240 216 364 142 410 376 47 275 192 218 564 115 240 234 129 149 162 483 411 337 178 160 177 107 326 177 172 551 227 104 258 180 35 153 247 579 392 355 104 391 154 238 512 402 331 419 233 270 465 321 151 174 79 285 142 234 183 285 294 560 483 128 169
817 115 217 721 563 838 575 670 119 236 371 65 783 811 121 141 494 855 67 67 171 363 247 196 254 409 180 797 644 553 117 117 171 433 657 555 519 276 377 838 222 77 615 275 106 547 263 563 641 408 67 520 710 200 125 727 434 126 419 765 111 842 382 392 826 774 222 275 626 708 142 74 570 370 149 476 618 114 804 840 272 528 472 197 625 87 206 163 577 688 31 60 240 751 407 102 431 162 108 502 768 318 770 479 90 198 416 806 303 423 803 836 91 406 318 469 226 855 670 840 36 823 159 570 121 754 196 379 239 716 441 35 469 499 160 829 67 103 608 418 854 842 466 651 218 492 199 178 117 813 694 613 784 90 770 648 59 190 367 648 269 731 216 74 217 13 808 162 190 746 117 769 200 298 213 631 360 815 88 227 584 735 316 270 283 849 831 796 339 67 826 503 816 157 93 482 744 264 438 755 139 715 83 173 837 815 219 606 131 845 370 228 111 684 64 381 289 0 179 124 763 104 487 437 33 648 436 79 330 502 419 191 815 859 69 747 639 444 99 304 76 422 577 688 661 53 114 184 400 777 704 822 258 167 200 488 171 220 243 136 163 502 605 296 112 602 104 807 46 507 296 76 506 203 567 357 298 136 487 841 235 98 365 661 94 51 446 147 545 331 742 434 352 302 513 99 80 163 619 759 180 50 603 541 869 636 382 535 405 784 559 520 150 550 793 811 776 250 648 100 146 262 42 230 774 112 112 323 74 215 131 463 815 751 484 85 111 292 138 347 764 494 861 87 384 608 202 338 576 174 589 539 416 748 350 370 115 128 136 112 694 473 302 156 92 396 342 318 560 132 445 501 630 511 76 638 164 76 657 238 206 98 99 796 778 301 189 281 191 222 123 430 674 103 133 51 787 572 796 805 657 95 103 665 158 268 558 782 250 206 172 816 741 51 806 281 411 459 576 699 97 144 552 645 408 114 123 529 593 449 498 784 63 752 84 124 226 528 500 131 348 698 663 301 196 160 489 852 378 102 464 163 433 448 772 143 625 319 331 338 395 613 460 461 837 514 392 531 464 319 151 535 865 675 225 185 678 415 524 800 246 604 132 74 115 753 607 401 443 270 73 323 513 197 570 171 832 767 175 215
917 66 237 818 628 933 663 798 92 278 442 152 865 894 60 276 629 963 112 187 12 416 390 321 340 462 195 888 732 601 148 151 40 564 769 624 598 303 475 926 51 102 694 319 186 646 294 696 725 498 180 634 800 213 54 811 547 256 534 870 136 929 521 442 942 872 251 362 694 796 201 129 702 464 193 557 715 135 924 916 387 625 577 171 711 217 28 328 670 806 186 120 343 859 448 108 531 268 241 621 867 351 851 540 104 22 543 897 434 511 880 931 170 533 477 547 311 949 769 919 143 933 235 663 164 862 308 491 312 840 533 178 574 573 285 944 136 101 670 483 907 937 560 769 353 602 297 44 272 910 784 706 881 252 869 763 120 305 486 760 308 851 38 105 291 181 916 25 161 815 296 877 353 351 302 745 484 878 108 81 694 815 203 353 123 966 929 900 417 245 924 610 917 67 110 598 842 401 509 858 115 817 96 138 927 909 278 687 48 936 491 254 89 789 206 493 413 179 0 75 853 144 524 529 152 745 534 162 428 590 536 162 899 948 214 848 749 552 95 182 174 535 696 759 775 130 236 180 472 889 805 925 347 12 33 558 304 270 330 264 135 627 685 340 219 669 230 907 210 598 190 130 556 147 659 488 197 284 592 946 362 187 496 767 153 164 527 216 645 483 869 548 462 352 625 100 197 250 734 856 297 142 697 662 964 742 467 653 524 891 684 625 207 646 896 903 877 294 748 147 85 307 142 257 869 101 216 374 125 324 69 558 912 840 573 120 255 367 167 438 868 601 964 95 512 716 191 427 653 326 695 658 493 854 447 439 196 75 74 176 772 537 361 69 109 526 454 380 701 203 543 653 740 641 154 753 23 170 779 205 288 102 83 902 884 404 217 228 155 208 70 520 757 76 135 127 872 628 890 900 778 160 159 771 262 397 663 869 337 343 310 910 827 220 920 376 529 571 640 803 118 93 640 749 508 82 180 635 687 527 623 876 117 869 172 144 47 634 598 51 414 801 760 407 178 226 573 960 469 281 519 310 562 555 876 66 726 362 385 384 517 734 559 575 928 619 505 615 566 435 261 651 958 764 132 319 797 498 625 915 113 681 127 189 143 853 705 480 528 363 134 386 604 250 667 141 898 893 284 271
845 55 173 746 562 862 592 723 17 211 372 81 796 825 57 201 554 890 63 115 64 350 315 246 267 397 128 818 661 538 74 76 95 489 695 557 528 241 402 856 104 53 625 253 173 573 230 621 655 426 108 560 729 149 43 742 472 182 460 798 134 859 445 377 868 800 185 289 628 725 127 106 627 391 121 487 643 61 850 849 312 552 503 117 641 144 102 258 599 732 122 66 268 786 385 102 458 192 167 546 795 288 782 473 87 97 468 827 359 439 812 860 95 458 403 477 237 878 696 850 90 859 230 592 89 789 233 417 240 765 461 137 500 505 210 870 66 27 604 415 845 866 488 694 278 528 222 102 200 838 713 635 810 183 797 689 73 230 411 686 242 777 111 60 218 122 843 74 106 749 241 804 279 283 228 671 409 813 90 103 621 746 200 281 159 892 857 827 346 191 852 536 845 105 98 524 770 326 441 785 132 745 54 82 857 838 207 618 38 866 416 189 15 716 136 418 337 124 75 0 782 138 463 457 107 673 461 88 355 519 461 107 830 878 178 776 675 478 26 185 101 461 621 692 701 72 212 118 402 815 733 853 273 64 83 490 229 200 256 190 76 552 615 274 144 602 156 835 144 526 182 59 492 104 588 413 186 211 519 874 287 112 421 694 141 96 457 142 572 409 794 473 388 285 551 28 123 175 660 784 222 106 625 587 893 669 395 578 449 818 609 552 134 574 824 833 805 227 675 72 29 240 82 192 798 25 141 308 56 248 7 486 841 770 502 103 182 296 173 365 795 527 892 67 436 642 133 355 584 252 622 583 423 781 374 370 121 89 13 101 703 470 293 106 95 451 379 311 625 128 470 578 666 565 80 679 53 147 704 157 214 92 63 829 811 330 149 192 102 153 78 448 688 39 145 78 802 564 819 829 704 85 84 698 186 322 590 799 264 268 235 839 757 156 847 303 454 497 574 730 43 33 569 676 435 10 105 562 615 457 548 806 74 795 97 70 118 561 526 30 346 728 688 332 121 152 502 887 397 221 454 237 487 481 803 93 653 297 318 319 442 660 486 500 858 546 431 545 493 360 185 576 887 693 111 244 723 427 552 841 122 613 138 116 68 781 633 410 457 290 63 317 533 179 594 84 833 818 209 201
86 828 618 53 237 83 190 222 766 575 411 731 42 58 832 623 331 149 789 705 841 441 532 567 518 399 658 37 121 287 709 708 877 364 149 236 256 555 386 75 854 791 161 535 868 217 563 285 128 358 709 258 53 641 823 47 335 637 352 90 870 79 421 419 171 45 603 496 177 57 657 830 280 395 661 296 146 723 187 101 492 235 293 687 142 678 874 634 186 167 733 782 525 101 421 851 332 605 655 282 54 511 44 321 833 872 371 45 471 344 73 82 702 376 519 306 548 98 101 93 777 136 913 193 695 102 568 387 543 192 323 797 296 281 603 164 746 763 208 372 199 88 297 179 551 278 569 885 653 65 69 150 50 681 51 165 792 573 402 155 547 168 880 796 565 750 115 856 696 107 740 101 584 503 559 174 413 140 832 818 198 57 761 503 849 192 86 90 437 750 82 265 86 883 841 296 49 512 344 70 890 81 800 717 75 61 575 166 820 84 401 601 772 110 700 384 479 763 853 782 0 866 365 328 791 118 327 714 434 264 352 696 58 96 812 64 154 321 773 779 707 346 226 124 159 770 855 674 381 126 83 101 512 843 842 298 593 583 528 627 718 295 170 516 659 201 660 78 718 257 750 747 320 718 196 424 742 632 279 125 531 685 419 126 857 730 325 643 219 491 211 336 412 502 261 766 690 613 183 40 583 808 160 256 113 144 388 255 368 100 258 248 649 213 84 52 70 559 123 717 767 546 763 598 33 759 660 481 754 549 786 301 70 13 281 837 653 486 900 419 78 272 132 816 398 171 667 430 202 602 185 251 359 90 414 413 671 859 780 687 95 321 492 884 839 391 423 473 322 658 319 407 161 305 723 173 830 839 194 667 570 842 823 98 96 463 636 669 704 654 849 335 98 806 891 786 34 253 42 54 189 708 705 123 610 502 212 22 521 564 595 62 30 717 153 485 361 310 230 96 747 760 213 133 355 779 680 239 170 326 299 27 798 149 704 712 881 240 264 812 438 89 104 462 680 631 280 145 387 718 345 608 360 317 80 869 145 496 469 474 379 209 303 311 75 253 375 238 299 446 615 248 106 89 752 580 170 355 240 151 799 175 888 699 715 55 158 373 325 497 744 467 251 603 194 713 133 213 590 582
920 89 292 824 660 941 676 774 146 320 468 140 884 913 91 245 598 959 89 162 143 455 351 300 352 502 248 899 746 646 181 182 115 537 761 653 619 357 479 941 195 93 716 361 42 650 345 667 742 509 158 625 813 270 106 828 538 229 523 869 10 944 485 483 931 878 300 373 725 810 224 38 674 472 226 576 721 171 908 941 375 631 575 250 726 188 164 262 680 792 133 93 341 855 496 38 534 262 211 607 871 402 871 574 51 155 520 909 408 524 903 939 172 511 418 568 323 958 773 941 90 927 93 673 192 858 298 483 333 821 543 76 573 598 263 934 130 136 705 514 950 945 568 755 322 596 298 118 221 917 796 716 887 193 874 753 81 292 471 752 354 836 172 86 310 116 913 120 240 845 190 873 303 388 310 735 465 913 49 220 688 836 334 368 267 953 934 900 437 146 929 607 920 88 41 586 847 368 535 859 45 819 88 216 940 918 308 707 115 948 474 306 135 787 166 485 393 104 144 138 866 0 576 538 74 751 539 158 431 603 523 241 917 961 90 851 743 548 125 316 162 526 681 787 765 102 95 245 497 881 807 926 357 137 176 586 275 306 341 239 209 607 705 383 208 700 205 911 151 609 317 133 599 242 670 462 322 240 590 945 339 186 469 765 13 137 545 234 648 432 846 538 455 391 617 131 176 257 724 862 283 58 706 645 973 740 482 639 509 888 663 623 233 653 897 914 879 336 751 166 167 349 106 308 877 146 208 414 126 317 141 565 918 854 586 37 215 388 38 447 868 598 965 72 488 712 262 438 676 278 693 644 515 852 452 466 202 69 150 191 794 569 394 86 43 500 445 411 663 218 547 601 734 615 151 742 143 39 762 292 301 47 76 900 882 403 264 329 237 283 75 531 775 99 30 84 889 667 899 908 762 170 176 769 256 372 662 884 348 310 276 919 843 155 910 382 515 563 674 803 144 170 653 749 511 132 201 633 695 548 603 887 77 857 167 184 185 632 602 121 443 802 766 403 252 247 590 957 479 189 558 267 537 552 876 82 728 407 423 427 500 718 562 565 940 618 495 632 567 423 251 640 968 777 248 289 783 515 627 904 248 704 33 168 176 857 710 500 543 370 133 417 615 283 672 217 931 871 276 302
445 516 290 348 129 448 206 421 448 256 135 436 364 392 519 367 340 503 489 420 513 125 337 322 241 82 335 402 256 81 398 397 555 302 347 133 140 222 189 430 514 488 208 214 592 224 234 369 244 159 422 266 318 314 506 318 233 373 241 415 577 432 322 96 503 397 279 225 188 311 352 537 371 179 351 134 265 410 499 406 266 207 214 352 236 402 541 418 224 396 456 483 268 411 80 551 189 329 387 277 397 175 349 71 533 541 284 409 294 150 372 447 404 279 395 122 264 462 312 411 487 480 646 219 385 414 308 229 248 440 165 522 212 118 344 500 447 450 159 97 384 453 173 367 328 238 295 562 405 429 306 250 406 428 397 351 495 314 249 341 223 436 545 494 270 473 459 533 363 301 514 425 375 188 278 337 267 358 533 474 291 315 401 226 496 528 450 437 166 502 445 233 445 568 542 261 372 319 104 396 588 362 495 387 434 426 268 207 501 445 256 274 457 345 425 227 279 487 524 463 365 576 0 164 506 289 182 418 207 167 244 362 399 452 551 385 326 216 462 421 415 233 319 250 361 474 597 345 119 445 349 457 240 516 506 100 347 270 250 364 390 301 202 193 375 164 386 435 449 177 393 444 47 379 213 289 384 387 219 482 305 392 293 330 571 441 133 343 227 369 472 237 227 185 255 455 407 324 330 382 323 520 244 304 477 309 154 290 251 435 334 235 343 217 431 417 412 240 299 411 442 227 471 271 390 443 374 163 452 290 465 180 433 352 161 542 394 201 613 184 408 226 494 513 281 295 333 186 171 377 277 294 125 401 195 134 375 550 457 385 272 80 185 569 540 290 234 171 403 359 187 430 320 328 425 345 503 560 386 323 282 541 516 442 428 230 315 315 369 316 538 157 268 495 595 492 374 113 406 419 382 406 401 332 333 299 254 376 245 338 354 427 336 453 480 230 248 236 135 354 438 435 192 310 189 463 375 240 238 122 299 391 500 441 409 398 543 240 202 493 147 347 301 234 346 330 147 500 171 484 54 373 295 213 415 556 284 169 156 149 260 350 192 243 437 231 232 163 202 250 341 281 467 286 406 341 389 141 219 475 450 194 590 413 403 385 261 133 145 236 443 166 180 293 232 383 380 491 321 274
389 500 299 290 145 406 138 295 440 255 97 404 346 375 505 297 179 435 461 377 517 141 222 242 190 121 336 363 208 169 383 381 551 138 245 132 89 244 60 403 535 463 180 219 542 117 249 219 204 31 381 123 275 321 496 290 69 311 78 342 542 406 164 133 418 344 284 168 199 272 330 502 223 67 336 49 186 397 404 404 168 96 61 370 188 350 551 321 143 288 406 454 197 332 152 523 25 277 328 124 339 208 333 98 505 549 121 372 165 22 367 404 374 116 250 51 220 423 240 404 449 405 589 136 368 335 241 79 217 327 5 471 57 79 277 419 418 436 188 84 430 410 31 252 231 89 241 559 330 382 259 179 353 357 340 242 464 246 100 237 232 332 558 468 239 423 388 531 378 314 427 349 271 188 231 225 118 385 504 502 173 298 467 176 539 443 401 371 114 429 395 91 389 556 513 104 313 202 62 329 562 289 472 397 402 383 251 170 494 411 105 283 446 261 373 76 162 437 529 457 328 538 164 0 464 217 18 387 107 65 80 377 379 424 489 320 224 52 446 480 379 69 186 256 254 442 533 353 75 363 277 397 184 519 521 82 269 260 201 301 396 145 169 204 331 178 333 379 392 71 452 419 138 402 132 139 444 309 72 418 209 357 139 240 530 402 32 316 116 221 359 72 94 189 112 439 363 285 215 328 256 480 169 160 437 215 63 147 90 363 190 102 323 117 368 377 349 240 219 390 444 229 435 280 342 432 332 171 426 221 461 31 384 316 48 509 327 161 573 92 339 81 436 488 123 190 349 102 144 284 169 152 52 326 86 101 343 532 455 360 258 88 174 557 511 129 104 156 247 331 24 266 216 171 395 233 506 512 267 357 243 514 495 374 356 136 314 370 386 339 521 11 237 479 563 458 351 169 363 373 265 380 378 243 282 186 138 346 193 244 272 383 305 392 396 157 85 75 159 275 420 436 115 221 34 453 353 111 159 43 142 350 470 346 376 386 560 111 71 486 124 272 231 136 362 305 55 432 60 401 110 287 130 51 347 542 197 189 160 170 100 224 36 82 403 97 76 96 47 128 287 141 432 239 439 257 279 37 97 390 487 170 560 371 389 324 176 58 19 169 416 150 77 279 138 392 399 382 262 258
846 86 228 750 587 867 602 702 106 252 395 72 810 839 92 171 527 885 45 88 145 384 280 226 278 431 187 825 672 574 121 121 140 465 688 580 545 291 405 867 198 55 642 292 86 576 278 595 668 435 85 551 738 209 99 754 464 154 449 795 79 870 414 412 857 803 235 300 651 736 156 41 602 397 160 502 647 114 836 867 301 556 501 198 652 114 178 196 605 719 59 41 266 781 426 69 460 188 137 533 797 335 797 502 57 170 447 834 335 450 829 865 103 438 351 494 250 884 699 867 21 853 143 598 129 784 223 409 261 748 468 30 498 524 189 860 66 91 632 441 877 871 494 682 249 522 224 146 149 843 722 641 813 123 799 679 34 218 397 679 285 763 188 50 238 43 839 133 189 772 144 799 233 318 237 662 391 840 54 208 614 762 306 294 262 880 860 826 363 94 855 533 846 125 59 512 773 296 462 785 106 744 58 169 865 844 238 633 106 874 400 241 97 713 92 411 319 33 152 107 791 74 506 464 0 677 465 89 357 529 449 190 843 887 71 777 669 474 84 292 91 452 608 713 692 41 109 188 424 808 733 852 283 141 175 513 201 237 268 165 160 534 631 314 134 627 131 837 78 534 286 73 528 198 595 389 290 168 516 871 266 115 396 691 66 65 472 164 574 364 774 464 381 321 544 87 102 185 650 788 208 17 631 572 898 666 408 566 435 815 591 549 164 578 823 840 805 267 677 104 133 280 38 243 803 101 135 343 68 243 113 491 844 779 511 52 142 316 110 373 794 524 891 57 415 638 206 364 602 207 619 570 441 778 378 393 131 96 120 124 720 496 323 124 59 428 371 339 593 148 473 534 660 543 84 669 139 54 689 240 229 65 69 826 808 329 200 281 189 227 92 457 701 79 101 29 815 595 825 834 689 104 111 695 182 299 587 810 275 237 203 844 769 84 837 308 441 489 601 728 91 133 579 675 437 98 135 559 621 474 530 813 36 783 97 126 199 557 528 107 371 728 691 329 198 177 516 883 405 133 486 195 464 478 801 111 654 337 352 357 426 645 488 491 865 543 421 558 493 349 177 566 894 702 215 216 709 441 553 831 230 630 100 94 117 782 636 427 469 296 72 345 541 214 598 169 857 799 201 233
172 717 514 73 164 190 87 163 657 470 307 619 147 173 722 508 220 222 677 591 734 342 415 452 407 304 552 149 44 223 600 598 768 247 73 156 158 454 273 192 750 679 89 431 752 101 460 186 58 248 596 141 68 536 713 94 218 523 234 130 756 196 304 323 215 127 498 385 129 70 547 716 182 283 553 192 31 613 211 211 376 122 177 584 56 564 768 517 75 120 619 669 412 123 330 738 218 492 541 166 122 412 138 231 720 765 253 158 354 235 175 188 590 259 403 204 437 207 24 206 663 194 796 82 585 126 454 270 434 162 212 682 179 184 488 213 634 653 156 272 280 194 186 105 435 160 457 776 537 166 53 41 137 565 123 86 679 459 285 73 444 152 775 684 456 636 175 748 592 157 623 138 467 400 448 83 296 222 720 715 85 112 669 393 750 240 184 156 329 634 179 147 172 773 728 179 96 395 244 114 777 75 688 612 190 167 468 85 711 197 284 497 663 57 586 268 362 648 745 673 118 751 289 217 677 0 213 602 321 156 235 592 175 211 696 104 61 204 663 685 594 229 119 121 89 657 738 569 278 157 62 181 401 735 737 204 478 476 418 513 612 181 90 414 546 141 546 162 603 148 656 635 242 615 87 307 648 516 162 203 415 573 302 47 742 617 220 533 103 374 193 219 296 400 143 656 577 502 86 111 469 694 49 144 221 42 279 140 250 150 153 130 540 100 152 163 133 455 14 606 660 442 650 494 126 649 547 379 642 435 678 188 167 107 173 724 538 378 786 308 124 155 220 704 280 59 563 319 118 485 69 137 255 115 301 310 559 748 672 577 96 229 387 773 726 274 307 369 227 548 205 305 63 194 611 88 723 724 126 567 460 730 711 159 143 349 530 574 600 552 738 226 66 696 777 673 147 191 148 157 121 597 594 47 497 385 94 138 410 447 479 167 102 601 192 373 243 193 163 65 637 653 108 32 241 670 570 121 59 222 184 136 685 153 592 603 776 123 149 703 334 59 14 348 576 522 175 218 277 600 256 491 243 200 132 758 29 396 368 374 262 117 189 193 189 136 259 137 184 330 502 133 217 43 651 465 116 248 124 187 699 100 775 586 606 107 42 267 217 386 633 363 141 495 79 608 226 208 477 474
384 504 307 286 156 403 139 282 445 263 110 406 347 375 509 296 161 429 464 378 523 155 215 241 195 138 343 361 208 184 388 386 556 120 236 142 98 255 60 402 542 466 184 228 541 112 258 203 205 42 383 110 274 329 500 291 51 311 61 336 543 406 148 149 410 340 292 173 206 271 335 503 207 70 341 62 183 401 395 406 166 92 47 378 189 351 557 315 141 278 407 456 199 325 169 525 8 278 328 108 334 220 335 116 507 555 104 370 156 38 368 401 377 100 238 66 224 420 236 405 450 399 588 134 373 328 241 69 223 316 18 470 43 91 276 411 421 440 198 101 436 407 31 241 228 75 243 563 328 379 257 177 350 356 337 232 466 247 89 228 241 323 565 471 244 424 382 535 385 319 422 342 266 198 235 215 106 390 506 510 163 300 478 181 549 434 397 366 123 427 392 79 384 560 515 87 310 195 80 324 564 284 475 404 401 380 258 173 498 409 93 292 450 255 373 66 157 436 534 461 327 539 182 18 465 213 0 389 108 68 63 385 379 422 487 315 215 34 450 491 381 52 173 261 245 444 531 361 90 355 272 392 188 524 527 97 268 268 205 301 403 128 173 214 333 187 333 375 391 72 463 422 155 410 131 126 456 307 60 412 206 360 126 233 530 404 50 320 111 208 347 54 88 199 99 443 364 288 204 324 256 481 167 146 435 208 73 133 74 357 175 92 328 114 362 375 344 249 214 393 450 238 437 288 339 437 334 182 429 222 466 26 381 315 53 511 326 169 574 96 334 69 431 491 108 182 357 107 150 280 161 138 69 320 88 114 346 535 460 364 261 106 184 560 513 113 99 166 230 335 9 248 207 154 398 223 512 512 255 367 247 516 498 368 350 136 321 381 394 348 524 28 239 483 564 460 351 182 361 370 253 384 381 237 284 181 129 345 197 240 269 380 304 391 388 160 69 57 170 269 424 442 116 215 28 458 357 102 157 61 125 348 472 337 379 391 567 101 65 491 135 267 228 135 370 309 64 426 65 396 128 284 112 33 342 545 192 201 171 183 85 211 25 64 401 86 63 101 34 122 289 127 430 238 448 255 269 52 90 382 496 174 562 373 393 320 172 72 37 172 419 161 77 285 134 399 404 370 264 264
773 116 140 675 504 792 524 642 73 163 311 18 731 760 122 114 470 815 75 30 151 297 228 162 197 344 101 749 594 488 41 40 172 406 619 497 464 201 329 789 191 77 561 204 175 501 189 538 589 356 23 482 661 121 116 676 395 94 381 724 160 793 360 325 791 729 145 219 568 658 66 120 544 320 71 421 572 44 771 786 232 481 429 120 574 56 189 172 529 653 56 68 191 711 338 137 385 112 79 467 724 245 718 417 119 184 386 758 275 371 749 790 14 376 315 413 167 809 625 787 69 784 232 522 42 714 152 339 176 686 391 110 426 442 125 793 31 61 547 357 792 796 417 616 192 452 146 180 113 768 645 565 739 99 726 612 79 147 331 610 196 698 199 81 153 68 769 155 114 689 174 729 191 230 156 594 327 757 119 182 545 682 250 213 238 815 786 754 281 130 781 461 773 172 127 445 699 240 379 713 176 672 86 101 789 769 150 553 117 798 335 151 73 642 53 341 255 79 162 88 714 158 418 387 89 602 389 0 281 451 382 115 764 810 148 704 599 402 67 241 13 383 542 631 624 57 193 105 341 739 660 780 203 150 170 430 142 148 186 103 92 471 551 225 59 543 68 764 70 457 228 34 441 132 519 329 229 123 444 800 203 29 337 620 153 28 391 76 500 321 713 395 310 233 474 62 35 102 583 713 139 102 555 507 824 595 328 499 369 744 528 477 75 503 751 764 733 178 603 25 96 191 53 153 728 64 57 256 41 169 95 415 770 702 433 125 94 232 196 295 722 452 819 102 354 568 124 285 521 164 547 504 359 707 301 309 44 146 95 34 640 412 236 172 126 368 301 253 540 60 398 491 591 483 9 601 141 143 625 161 145 128 109 755 737 254 111 204 117 144 136 379 622 96 179 74 737 510 749 759 624 16 25 624 106 238 516 732 194 182 148 769 691 81 770 230 374 420 516 657 45 90 501 603 362 80 45 487 545 393 467 737 84 717 11 49 206 486 454 111 286 655 617 256 119 89 436 813 327 149 400 149 404 406 730 157 581 249 265 269 361 580 414 422 789 471 352 479 419 281 103 499 818 625 161 158 644 360 479 764 192 549 175 29 41 709 561 345 390 217 31 259 463 125 523 99 775 738 128 144
492 396 209 394 241 511 245 375 338 165 74 298 453 482 401 191 222 536 356 270 417 109 131 136 89 129 241 468 315 247 281 279 448 159 341 231 192 168 48 509 439 358 286 138 435 220 168 281 311 79 275 207 381 229 393 397 121 204 111 443 435 513 145 124 514 448 193 68 301 379 228 395 287 41 235 148 291 294 497 511 65 200 149 278 295 244 452 222 249 379 299 348 91 431 150 417 104 170 222 196 442 148 440 167 399 449 135 478 89 95 473 509 269 125 193 143 117 528 344 510 342 505 483 241 266 435 134 69 119 414 111 364 146 174 170 516 312 333 286 112 531 515 137 342 130 174 135 456 225 487 365 285 458 252 445 335 358 140 74 332 151 424 460 363 138 317 489 428 285 419 325 449 174 114 127 317 85 489 398 409 266 405 391 77 451 538 505 473 51 324 500 182 492 452 407 173 418 113 120 432 456 391 367 301 509 488 155 277 391 517 82 194 343 362 266 69 72 330 428 355 434 431 207 107 357 321 108 281 0 172 113 284 486 530 383 423 320 124 342 401 273 110 269 360 347 336 428 259 89 461 379 499 81 418 423 167 164 166 98 194 300 206 275 131 225 278 226 483 285 177 374 314 204 311 238 104 367 204 164 520 107 252 111 340 423 296 119 213 219 170 444 122 43 117 197 336 256 181 306 432 150 373 275 237 543 314 59 227 105 464 262 197 221 222 470 483 452 153 322 286 344 144 329 191 447 330 226 110 321 115 360 134 489 422 155 403 221 72 467 23 441 172 538 383 111 288 258 22 248 183 267 232 95 427 21 76 238 427 354 256 365 159 99 452 405 127 41 88 297 227 117 283 312 226 290 325 405 406 353 273 140 408 390 475 457 29 218 295 293 252 417 101 344 375 456 352 458 257 469 478 352 276 274 343 176 93 235 453 91 142 167 488 411 285 492 52 108 144 255 376 317 336 222 322 81 351 250 207 264 124 203 456 364 441 271 285 462 206 172 384 76 374 336 31 270 202 160 533 50 298 163 183 154 127 449 437 300 128 103 120 104 308 132 148 509 191 83 202 139 46 181 224 538 345 349 153 370 88 198 486 398 275 454 265 286 428 280 81 114 65 311 86 183 181 242 296 505 468 156 161
327 564 358 227 97 343 73 257 503 314 151 468 281 310 569 362 183 377 526 442 579 188 283 307 254 155 397 299 143 140 446 444 614 164 194 82 39 299 125 338 594 528 116 276 607 63 305 203 139 94 446 100 211 381 559 225 101 376 117 284 607 342 205 173 364 281 343 232 139 207 394 567 204 132 398 40 125 459 353 339 232 42 62 428 123 415 613 383 80 241 471 518 262 274 185 587 75 342 394 114 277 259 268 97 569 610 155 308 224 80 301 341 438 154 300 53 284 359 179 339 514 348 654 73 431 277 306 136 279 282 61 536 61 50 342 363 482 499 134 120 369 347 37 207 295 76 306 621 395 319 194 116 291 422 279 194 529 311 156 186 288 284 619 532 302 489 329 593 437 250 490 291 334 244 295 178 172 322 569 560 128 233 517 239 595 389 338 311 174 494 333 67 327 620 577 103 252 263 91 269 627 229 536 457 338 319 313 106 557 347 159 342 509 204 438 133 225 502 590 519 264 603 167 65 529 156 68 451 172 0 119 436 314 359 554 259 172 80 510 532 444 108 152 192 205 506 598 413 123 307 217 336 248 581 581 68 334 321 265 366 457 139 105 259 396 121 398 317 457 10 503 483 127 460 69 190 495 374 59 358 273 422 188 184 595 467 64 379 64 270 314 104 156 244 89 503 427 349 169 265 321 545 107 137 374 160 124 123 133 304 167 68 386 59 307 314 288 299 159 453 505 287 500 338 279 495 397 224 490 286 524 43 322 252 18 574 392 223 638 156 280 63 375 553 168 139 408 166 82 348 118 127 99 268 151 154 407 596 517 424 193 90 232 620 576 170 167 213 238 395 63 278 165 166 459 186 568 577 225 412 307 579 559 314 298 201 375 421 445 397 585 72 172 543 628 523 286 127 300 310 222 444 441 187 347 249 90 281 257 308 336 320 240 457 341 222 126 88 109 217 484 498 50 164 96 516 417 73 97 68 139 287 534 294 441 449 621 73 36 549 179 213 170 201 421 368 22 373 124 464 120 351 157 76 287 605 139 241 213 220 145 186 52 94 339 64 129 34 56 190 352 113 368 174 496 322 232 92 52 335 544 106 625 436 452 263 117 111 62 234 481 207 15 340 79 453 335 336 327 319
399 498 322 306 214 422 177 263 444 278 150 397 378 405 504 278 112 436 455 366 524 196 180 224 199 190 352 383 241 247 387 385 553 59 238 199 155 279 77 427 549 458 227 250 521 138 280 168 241 89 372 101 301 341 497 322 19 295 3 346 528 431 87 197 409 358 306 180 256 300 335 489 174 93 343 124 206 400 390 440 150 123 62 390 224 337 560 282 172 272 391 446 193 332 220 513 55 270 313 85 350 253 367 179 496 557 41 392 119 94 402 420 371 37 182 130 227 439 254 437 437 404 563 166 372 335 230 45 231 305 81 451 61 153 261 412 413 437 253 156 483 426 86 234 202 75 238 560 305 397 284 205 367 333 353 230 455 235 52 229 263 316 568 462 249 407 389 534 397 361 388 350 233 223 234 213 61 432 495 520 165 334 504 189 564 433 413 377 149 400 408 87 398 554 503 63 327 161 140 337 552 297 467 412 424 400 267 216 496 431 50 307 448 265 358 44 130 419 536 461 352 523 244 80 449 235 63 382 113 119 0 397 408 446 463 329 220 38 446 514 372 11 160 305 243 434 504 371 140 358 286 403 192 525 533 160 248 279 209 285 410 93 216 241 324 240 320 389 373 118 486 416 218 423 165 74 480 285 75 422 184 353 71 243 513 393 112 319 134 152 333 16 74 226 95 440 353 285 201 343 244 466 195 126 453 218 111 118 16 365 150 104 329 143 374 397 357 266 232 390 453 257 425 304 359 436 325 214 422 213 466 78 398 341 108 498 308 185 556 114 345 80 442 482 50 190 370 124 199 252 171 123 123 329 99 153 341 527 462 360 300 169 209 554 502 52 82 193 187 333 62 190 211 113 391 220 513 493 244 386 249 506 490 377 359 133 330 407 405 365 518 87 274 477 550 449 380 242 381 390 243 379 378 246 276 152 141 372 201 215 247 400 334 370 388 162 9 42 227 280 421 445 157 227 58 456 356 113 185 124 90 371 461 335 371 392 572 112 96 489 170 280 248 129 382 310 123 433 95 366 190 259 52 43 353 539 209 232 204 219 28 199 67 42 423 99 31 152 63 101 279 117 450 267 462 234 262 106 114 382 510 220 548 362 393 336 194 121 100 175 412 190 121 292 160 408 444 358 254 273
764 163 78 663 468 777 508 659 96 123 286 126 706 735 164 187 500 812 154 141 151 256 284 210 197 301 46 732 575 439 74 75 194 434 621 464 440 142 329 769 158 148 536 161 270 494 133 563 568 346 136 490 644 56 150 653 405 171 395 719 238 771 400 281 795 717 94 217 534 639 85 205 569 315 71 401 562 77 780 756 257 473 430 10 554 153 180 263 516 662 171 153 210 709 286 207 383 155 166 480 713 189 692 380 191 179 412 741 313 358 720 775 107 401 382 390 171 793 616 759 169 783 328 510 75 712 189 352 165 698 382 217 427 415 184 796 125 105 509 325 745 781 408 625 245 456 170 201 206 754 628 552 727 203 715 617 164 189 350 613 149 707 185 155 148 182 765 172 1 654 288 726 264 193 167 599 353 717 192 125 548 656 142 208 168 820 774 748 264 245 769 463 764 210 201 457 688 289 352 705 239 665 153 26 770 754 129 530 144 780 357 95 106 638 162 353 287 191 162 107 696 241 362 377 190 592 385 115 284 436 397 0 741 790 257 696 600 407 116 139 124 394 553 598 629 149 299 26 315 740 653 772 205 155 147 399 205 118 189 174 32 490 527 180 133 508 154 754 183 444 120 118 394 28 505 362 119 207 445 794 245 113 371 617 241 141 372 99 494 379 728 406 323 193 480 110 137 129 589 701 185 196 543 521 808 592 314 511 387 740 546 477 85 494 744 747 725 137 595 91 82 150 154 98 714 95 129 215 122 198 108 408 757 683 419 204 184 217 277 290 716 454 811 169 382 567 29 279 495 241 546 516 338 703 301 283 106 196 99 91 613 377 205 212 199 397 316 223 574 96 394 540 592 507 115 607 141 240 637 51 151 197 168 750 733 264 67 91 8 47 185 368 599 145 251 164 714 467 734 745 636 99 91 621 150 278 514 711 196 240 214 754 669 195 773 235 391 428 479 652 100 76 485 598 361 111 83 487 533 371 486 720 167 722 115 67 185 486 448 135 258 649 606 268 16 100 418 809 320 260 358 224 431 409 723 199 574 201 226 224 383 592 410 432 771 471 366 458 418 302 154 508 801 607 68 217 653 344 474 767 114 523 245 136 75 699 552 325 375 222 119 230 451 105 514 24 737 752 169 123
96 876 663 111 275 69 241 274 813 621 458 782 35 9 881 675 389 154 839 756 888 485 588 620 568 441 705 47 171 319 758 756 925 421 206 277 302 599 438 34 898 841 205 580 921 271 607 343 175 408 760 315 107 687 871 89 390 690 408 129 921 34 478 461 192 82 648 545 211 108 706 881 337 446 709 344 202 771 215 47 545 289 348 732 191 729 920 689 239 220 785 832 577 145 461 901 385 656 707 340 94 553 49 362 883 918 428 42 527 394 39 69 751 433 577 353 597 75 159 36 828 154 966 246 743 144 620 441 591 239 375 849 350 326 655 183 796 811 240 416 161 72 349 235 605 334 620 932 707 70 123 204 80 735 90 222 843 625 457 213 592 213 926 846 614 802 136 904 741 108 796 138 640 549 609 232 469 108 883 861 256 85 799 552 890 208 84 115 485 805 82 321 97 932 891 353 101 568 390 115 941 136 849 763 43 60 623 212 868 54 457 646 820 167 752 439 533 815 899 830 58 917 399 379 843 175 379 764 486 314 408 741 0 55 866 113 212 376 822 818 758 402 284 149 215 820 909 719 428 160 140 112 562 890 887 342 647 630 578 680 764 354 214 561 710 236 712 93 770 309 789 796 356 762 248 481 780 686 334 131 584 735 476 184 909 781 374 692 274 548 253 392 466 548 318 815 742 663 241 87 635 859 214 314 87 203 437 313 424 131 316 304 698 267 110 48 105 605 181 766 814 592 814 643 71 807 711 525 804 600 834 353 76 67 332 888 706 534 953 470 118 328 127 866 454 229 711 480 246 657 242 309 407 135 465 460 720 909 827 736 129 364 538 933 890 448 476 519 379 708 371 464 219 363 773 231 877 891 248 710 620 892 872 123 130 515 683 709 749 698 898 386 143 855 942 837 28 285 57 63 244 757 754 181 661 557 268 37 571 618 648 61 75 770 179 536 417 366 266 153 796 807 264 191 407 828 729 295 224 373 357 53 848 190 754 760 926 297 317 860 485 146 162 514 725 680 329 150 438 773 385 662 418 371 117 918 202 540 514 517 435 267 357 367 48 309 430 286 353 500 666 306 74 142 795 634 224 404 295 178 841 218 939 750 763 103 215 421 375 548 794 513 303 650 249 759 92 251 642 629
78 923 712 141 327 39 286 281 861 669 506 827 88 63 928 718 415 119 885 800 936 535 626 663 613 492 753 63 216 373 805 803 972 454 227 328 350 649 482 22 948 887 254 629 963 312 657 363 222 454 805 349 149 736 918 137 429 733 446 130 965 21 511 512 166 93 697 591 264 152 753 925 357 490 757 391 241 818 196 77 587 331 388 782 237 773 969 728 281 229 829 877 621 148 513 946 427 700 751 373 104 604 103 413 928 967 462 54 565 439 90 41 797 469 609 401 643 31 192 64 872 129 1008 289 790 146 664 482 638 239 419 892 390 375 698 156 841 858 293 466 194 39 393 252 646 371 665 980 748 59 165 245 86 776 100 242 888 669 496 236 641 212 975 892 660 846 117 952 791 163 834 135 679 598 655 255 507 150 928 911 288 137 852 598 941 177 58 105 532 845 60 359 78 979 936 389 122 607 438 124 986 157 895 812 22 52 671 260 915 18 496 695 868 190 796 479 574 859 948 878 96 961 452 424 887 211 422 810 530 359 446 790 55 0 907 127 238 416 869 870 803 441 310 203 233 866 950 768 476 151 165 89 607 938 937 391 689 678 624 723 813 384 263 610 755 289 756 81 813 353 841 842 408 812 292 517 833 728 373 100 626 781 512 211 952 826 421 739 314 581 247 430 507 597 353 862 786 709 265 106 679 903 255 343 37 233 483 344 462 123 341 342 745 309 102 50 107 654 215 812 863 641 859 692 89 854 756 575 850 644 882 396 63 108 377 933 748 581 996 515 122 367 88 912 491 260 761 525 296 697 276 340 454 142 509 508 766 955 875 783 181 414 586 979 935 483 518 568 396 754 414 484 246 390 819 252 925 934 262 760 666 938 918 111 125 558 731 761 798 748 944 431 191 902 986 882 78 339 66 62 258 803 800 207 706 597 305 79 617 659 690 52 121 812 159 581 455 404 318 175 843 855 309 222 450 875 776 333 266 421 387 75 893 186 800 807 975 334 359 907 533 171 198 558 774 727 375 115 483 812 437 703 451 412 117 965 237 590 564 567 473 287 399 405 24 347 470 333 395 541 711 339 23 185 845 676 235 451 335 160 892 268 984 795 811 118 253 468 421 593 840 562 347 698 289 808 129 239 686 677
862 149 286 768 621 885 626 705 177 303 430 133 834 862 154 192 528 896 115 134 209 426 285 247 313 472 249 845 695 614 185 185 194 470 699 612 574 344 429 888 263 125 669 341 64 596 331 596 693 462 135 564 760 269 164 778 479 181 463 808 100 892 415 455 865 821 290 333 683 758 210 86 603 424 218 531 666 181 841 893 322 577 519 264 676 149 239 188 627 727 97 112 295 794 471 112 481 222 165 544 814 385 822 538 111 230 455 854 344 478 855 883 160 446 339 524 287 902 717 892 90 864 100 620 190 797 251 426 302 753 493 42 517 555 214 869 133 162 666 478 912 889 518 690 261 537 258 199 160 860 743 663 830 132 816 689 105 245 412 690 336 769 248 119 280 81 851 192 256 802 102 812 233 363 274 672 403 872 107 277 627 787 377 330 330 887 876 840 398 65 871 549 861 172 106 524 790 303 496 800 134 760 126 238 886 862 285 659 172 893 413 297 168 728 125 428 334 69 214 178 812 90 551 489 71 696 487 148 383 554 463 257 866 907 0 792 682 492 155 363 144 468 617 743 702 111 47 252 458 818 749 866 317 205 241 546 220 287 303 191 229 541 658 361 176 659 165 852 102 559 357 140 567 268 618 397 360 180 534 884 282 166 403 706 76 120 501 214 593 357 776 479 401 367 558 157 146 227 661 806 235 74 653 581 916 681 438 576 448 827 596 566 218 599 837 859 820 317 694 168 204 328 104 298 822 172 177 387 136 271 184 513 861 801 537 97 162 353 107 402 808 541 905 121 423 653 271 393 631 212 634 580 473 792 404 429 183 146 191 181 747 532 366 170 107 434 390 380 589 200 495 522 673 546 145 679 205 51 695 306 269 114 132 840 821 354 258 349 257 291 147 484 726 146 119 100 838 632 844 852 695 164 172 709 218 311 604 832 310 249 218 863 791 99 845 337 455 505 634 743 160 204 603 690 459 168 192 576 642 505 537 833 105 791 153 191 260 574 549 175 409 744 710 353 264 227 543 894 432 106 525 205 471 496 816 161 671 384 395 403 438 652 509 505 885 561 438 585 513 367 211 578 913 725 286 232 717 470 572 840 300 658 122 141 183 799 655 458 497 327 138 386 564 264 618 237 887 802 233 281
70 819 617 38 257 96 190 161 759 573 410 720 106 116 824 606 289 119 778 692 837 445 508 551 510 407 656 69 129 313 703 701 871 331 101 252 261 558 375 113 854 781 178 535 850 203 564 236 142 351 696 229 74 640 815 92 313 622 329 32 856 119 388 426 122 34 602 488 207 83 650 816 230 385 655 296 134 716 130 160 475 224 276 688 150 663 871 610 179 107 718 770 513 38 432 838 319 593 640 251 23 516 108 332 821 869 341 77 448 338 136 93 692 349 485 308 539 113 80 149 763 94 892 186 687 39 554 368 537 128 315 780 278 287 587 117 735 755 237 376 263 99 289 126 531 255 558 878 634 70 82 144 41 662 27 115 780 559 381 109 548 103 878 785 558 734 73 850 696 166 715 43 561 503 550 129 390 204 820 819 166 111 772 495 854 146 84 52 433 729 79 244 69 875 828 269 18 489 347 11 878 32 790 716 106 75 571 179 813 110 379 601 765 65 685 366 459 747 848 776 64 851 385 320 777 104 315 704 423 259 329 696 113 127 792 0 113 303 765 788 695 325 185 167 107 758 833 672 382 68 43 77 503 838 840 306 576 580 520 612 716 260 183 518 647 226 646 60 701 251 759 737 339 719 191 398 751 613 260 99 512 675 392 87 841 718 323 635 204 457 147 314 395 503 235 758 678 603 139 26 569 793 153 219 125 111 382 220 344 50 214 227 642 202 48 78 29 558 101 708 764 546 750 597 42 752 648 483 744 535 781 290 70 67 276 824 636 481 885 411 22 253 116 806 371 140 667 422 215 581 158 216 358 26 403 413 661 849 775 679 134 331 491 875 827 362 405 472 270 650 306 357 122 265 712 125 826 822 137 671 562 830 813 57 44 450 633 677 704 656 839 329 122 798 877 774 96 279 62 65 132 699 696 83 598 481 189 82 512 544 576 76 81 699 101 475 338 288 253 50 739 756 211 102 342 773 672 218 162 326 263 60 786 86 693 706 880 219 251 806 438 49 90 448 680 624 278 115 379 694 357 588 328 299 29 860 123 499 471 478 355 160 290 287 103 233 356 240 284 428 602 217 125 100 755 562 111 351 225 97 802 191 875 686 708 10 143 370 321 487 734 466 245 598 182 712 196 150 577 577
181 715 523 100 208 208 121 105 658 478 320 615 191 212 721 498 178 216 673 585 737 360 397 443 409 327 559 176 103 269 601 599 769 218 22 197 187 468 273 222 757 676 142 442 741 109 472 133 116 255 590 119 115 544 713 145 205 515 220 126 748 227 275 345 195 145 507 387 185 121 548 709 128 286 555 212 66 615 181 254 369 131 172 593 110 557 772 498 102 71 610 665 409 112 356 732 218 488 533 139 135 429 185 261 715 769 229 185 338 244 221 206 588 237 372 225 438 226 59 246 657 185 781 107 586 115 448 261 438 114 220 671 175 212 480 195 631 653 209 292 335 212 194 46 422 148 454 776 524 183 104 83 153 553 139 27 674 453 272 15 455 112 780 680 458 627 170 749 601 214 603 130 450 412 447 23 279 276 714 725 55 165 688 396 763 219 197 158 337 618 192 139 180 771 722 158 115 379 263 119 772 81 685 619 216 187 473 135 711 221 269 507 663 48 578 259 350 639 749 675 154 743 326 224 669 61 215 599 320 172 220 600 212 238 682 113 0 197 662 703 590 217 73 182 35 653 722 576 293 140 73 184 402 738 743 232 468 483 419 505 618 147 140 427 542 193 539 172 593 163 674 633 280 625 113 286 666 504 157 202 404 570 280 28 733 612 235 533 109 344 146 205 289 412 126 656 572 500 29 131 462 686 85 106 238 20 287 108 234 146 104 123 541 113 155 188 139 464 46 606 664 452 644 503 149 650 543 393 640 430 680 193 183 147 187 718 528 384 776 311 127 148 223 701 259 34 572 322 162 470 55 103 269 109 301 323 557 745 675 576 155 257 398 771 721 250 299 380 172 548 206 254 9 153 608 27 726 713 67 580 461 725 708 158 139 346 536 592 609 563 735 234 126 694 770 668 187 239 171 177 63 595 594 31 494 372 86 175 411 434 467 188 148 590 172 372 228 180 210 63 637 657 134 28 241 671 570 114 88 240 150 164 680 123 589 605 782 115 153 704 347 67 63 344 585 523 194 214 281 582 286 478 216 194 134 756 45 411 382 391 244 59 190 178 214 129 248 164 183 320 497 105 237 101 662 454 64 259 127 166 711 150 768 580 607 121 65 279 229 385 630 374 157 500 95 615 276 166 472 479
372 518 330 277 176 394 141 255 461 286 141 418 345 372 523 304 127 413 476 389 540 186 212 248 212 172 364 353 206 211 404 402 571 89 217 161 117 281 78 396 562 479 190 253 548 104 284 171 206 73 394 83 269 351 515 289 21 319 37 321 553 400 125 182 390 330 314 191 218 268 351 513 175 93 358 89 175 417 373 406 173 88 28 400 189 361 576 314 138 255 415 468 211 309 203 536 30 291 337 77 323 249 333 147 519 573 76 362 151 72 368 392 391 74 220 96 241 411 225 404 461 382 592 131 389 312 252 66 242 292 52 477 26 117 285 392 434 456 215 135 445 398 49 218 230 50 257 579 332 369 252 172 339 361 326 211 478 257 82 208 266 300 583 483 262 432 366 552 407 324 420 327 264 224 250 193 95 396 518 531 143 300 506 200 572 415 386 352 148 429 381 59 372 574 526 55 299 192 114 311 575 271 488 424 394 371 278 179 514 402 82 315 466 240 382 63 158 444 552 478 321 548 216 52 474 204 34 402 124 80 38 407 376 416 492 303 197 0 465 518 393 28 147 268 224 456 534 382 123 337 259 378 205 541 547 126 274 289 222 309 423 94 179 241 345 202 343 363 399 79 490 436 186 433 129 111 483 312 42 398 210 373 109 218 539 415 83 336 102 190 322 24 93 226 74 459 375 303 182 314 266 491 162 117 425 192 102 105 53 342 144 75 345 109 349 367 331 272 203 408 468 262 448 312 330 453 346 211 443 233 483 41 370 310 70 522 333 191 582 117 320 50 417 504 88 165 380 128 161 281 145 110 103 305 105 144 360 548 478 379 264 138 210 574 525 89 103 193 196 350 29 214 188 120 411 201 529 520 230 391 264 528 511 353 335 149 341 408 415 372 538 62 239 497 574 471 348 204 352 361 229 398 396 222 296 181 114 341 215 243 274 371 301 397 369 175 46 24 189 255 439 460 120 201 47 474 373 85 151 94 92 341 483 317 392 408 586 84 60 507 164 254 219 147 392 326 85 411 90 397 162 287 81 5 328 559 180 229 200 213 65 186 29 31 394 70 55 114 25 125 300 101 421 234 471 260 246 86 81 363 519 182 572 384 410 309 163 105 71 188 433 188 83 304 127 420 408 346 275 284
834 55 172 736 556 852 583 707 22 207 365 57 788 817 59 181 537 878 41 92 84 345 295 228 256 392 128 808 652 535 64 66 107 472 682 550 520 239 390 848 129 33 618 249 156 562 228 604 647 416 85 546 720 149 50 733 458 161 445 786 123 851 427 373 855 790 183 278 622 717 116 90 610 380 113 478 632 52 836 842 297 541 491 124 632 122 123 234 589 718 96 43 254 774 383 92 446 176 146 532 784 286 774 468 75 117 452 817 341 429 805 850 76 441 382 469 226 869 686 843 66 847 214 582 79 777 217 403 231 751 451 114 488 497 191 857 42 11 599 409 841 856 477 680 259 515 208 114 177 828 704 625 799 158 786 675 52 213 396 673 239 763 132 40 208 97 831 88 114 743 215 792 257 278 216 658 393 809 77 129 608 739 222 270 185 879 847 816 337 165 841 524 834 110 86 509 759 307 433 774 127 734 37 91 848 829 200 610 50 857 400 188 13 704 112 404 321 99 95 26 773 125 462 446 84 663 450 67 342 510 446 116 822 869 155 765 662 465 0 208 79 447 607 685 688 46 191 121 395 802 722 842 262 83 107 483 210 195 245 170 83 536 608 270 125 596 135 825 119 516 202 35 489 118 578 396 206 189 506 862 269 94 404 682 125 71 448 130 561 388 778 459 374 280 538 7 102 162 646 774 205 85 615 572 883 657 386 564 434 806 594 540 124 563 812 823 794 223 664 57 49 236 57 190 788 20 123 303 31 233 33 475 830 761 492 89 160 287 162 355 784 515 881 54 420 630 138 344 577 230 610 569 415 769 362 363 105 88 37 87 696 464 287 111 84 434 365 305 607 115 459 558 654 549 59 665 75 128 690 166 203 82 55 818 800 317 146 204 112 159 77 438 679 34 137 55 794 560 809 819 689 67 69 686 170 304 578 790 253 249 215 829 748 130 833 291 439 484 569 719 26 49 560 664 423 16 93 549 605 449 532 796 53 781 77 64 140 548 515 44 339 717 677 319 127 142 494 875 386 195 449 215 470 468 792 96 642 293 313 315 427 645 475 486 848 534 416 536 481 345 168 563 878 684 131 225 708 418 540 828 147 605 131 94 59 770 622 401 448 278 39 311 523 172 584 92 828 803 193 194
854 227 196 754 543 862 598 773 186 238 383 246 783 811 225 326 622 907 248 271 178 344 421 347 320 382 182 816 662 502 202 203 221 558 724 543 528 237 441 848 140 238 618 265 355 594 234 683 653 450 264 600 729 183 210 734 520 310 512 815 309 850 529 362 896 806 211 337 607 723 225 289 688 426 211 494 656 197 884 827 387 572 538 140 641 288 178 401 610 768 293 251 340 806 358 277 491 293 303 594 804 274 768 458 267 184 535 824 444 459 793 861 237 524 519 481 299 877 709 831 274 879 409 604 208 809 325 470 287 808 484 321 535 502 323 895 238 202 579 413 797 867 510 732 382 566 304 224 344 841 715 644 816 337 805 722 258 325 473 716 252 813 176 245 276 299 860 205 140 722 414 823 403 294 297 705 478 778 270 100 653 733 24 327 85 921 862 841 370 367 857 570 854 248 276 571 778 424 442 799 294 760 238 142 851 839 254 614 201 862 480 209 195 736 293 471 417 304 182 185 779 316 421 480 292 685 491 241 401 532 514 139 818 870 363 788 703 518 208 0 253 510 664 670 734 253 396 163 410 839 747 864 328 184 149 483 344 240 314 313 150 607 610 277 271 582 291 844 310 541 29 229 462 114 599 490 38 345 552 887 380 247 498 716 321 263 468 238 594 515 838 522 443 292 590 206 270 267 695 790 323 290 636 634 893 692 418 623 507 835 661 583 224 591 836 831 817 248 691 216 159 257 262 212 801 192 267 310 231 332 180 511 845 767 517 283 321 329 345 402 810 561 902 248 507 669 154 391 577 380 648 628 434 799 415 380 243 251 172 226 690 459 308 251 274 522 438 325 698 235 501 671 695 627 238 713 175 331 747 129 282 269 241 845 829 387 199 111 133 152 242 470 681 220 313 263 792 534 820 831 745 227 220 719 289 411 617 792 320 378 353 840 751 322 873 357 510 541 552 748 208 160 578 696 471 194 220 592 627 464 604 805 259 825 244 193 167 591 551 195 357 744 699 391 147 238 511 904 428 390 434 363 554 520 817 245 671 292 321 312 504 703 516 546 853 577 484 549 525 427 293 618 884 694 80 356 760 444 576 867 69 604 305 267 200 791 648 424 474 345 233 330 547 235 611 145 800 862 307 249
765 127 142 667 498 784 517 631 87 162 305 25 724 753 132 102 459 806 83 18 164 293 216 151 190 340 106 741 587 484 52 50 183 395 610 491 458 201 321 782 204 86 555 202 176 493 188 527 582 349 12 473 654 125 128 669 385 82 371 715 165 785 349 322 782 721 146 212 563 651 66 124 533 312 73 415 564 56 761 780 222 473 420 129 567 43 202 159 522 644 49 75 183 702 335 144 377 103 67 457 715 244 711 412 126 196 375 751 264 364 743 782 17 365 303 407 161 801 617 781 72 775 232 514 50 705 142 330 171 675 384 109 417 436 113 784 41 74 542 352 788 788 410 606 180 443 138 191 100 760 638 558 731 86 718 602 85 138 321 601 195 688 211 90 148 64 760 167 123 683 164 720 178 227 149 585 317 751 125 195 536 675 261 206 251 805 778 745 275 122 773 452 765 182 134 436 691 229 374 704 183 664 95 112 781 761 147 546 129 790 325 153 86 633 40 332 245 76 174 101 707 162 415 379 91 594 381 13 273 444 372 124 758 803 144 695 590 393 79 253 0 374 533 625 615 63 190 112 335 730 652 772 196 162 183 424 131 147 180 91 103 461 544 223 49 538 56 755 59 450 239 45 437 142 511 319 240 110 435 791 192 24 326 611 156 26 385 73 491 309 703 386 301 230 465 74 23 95 573 705 129 105 548 498 816 586 321 490 359 735 518 469 75 495 742 756 724 176 595 37 109 189 57 154 720 77 47 252 51 160 108 407 762 695 426 131 81 226 199 288 713 443 811 110 343 559 131 278 515 151 539 495 353 698 294 304 41 155 108 37 634 407 232 182 132 357 292 249 529 57 390 479 582 472 21 592 153 145 615 168 139 135 118 747 729 246 113 212 126 150 145 372 615 107 185 79 730 505 742 751 614 26 33 615 97 227 507 725 187 170 136 762 683 71 760 222 365 411 511 648 58 103 494 594 353 93 48 478 538 387 457 729 91 707 9 60 218 477 445 123 281 647 609 247 127 86 429 804 320 138 396 136 393 397 721 167 572 246 261 266 351 570 405 413 782 463 343 472 411 271 93 489 811 618 173 146 634 354 471 755 205 543 181 16 53 701 553 339 383 210 41 255 456 123 515 109 769 728 119 142
395 499 319 301 203 417 169 265 444 275 142 399 371 399 505 281 119 433 456 368 524 188 186 226 198 181 351 378 233 235 387 385 553 69 236 189 144 275 71 421 548 460 218 246 525 131 276 173 234 80 374 99 295 339 497 315 12 298 9 342 531 425 98 189 408 353 303 178 247 294 335 492 178 87 343 113 200 400 389 433 152 115 54 388 216 340 560 288 165 271 393 448 193 329 211 515 44 271 316 86 346 247 360 167 498 556 52 387 125 84 395 415 372 48 192 118 226 435 249 430 440 401 567 158 372 332 232 44 229 305 70 455 53 142 263 410 414 438 243 146 474 421 75 233 206 70 239 561 309 393 278 198 363 337 349 229 457 236 56 227 259 316 568 464 248 410 387 534 395 352 394 347 238 218 234 211 67 424 497 519 162 327 499 187 561 432 409 374 143 405 404 82 394 555 505 63 322 166 129 333 555 293 469 411 419 395 265 207 496 426 55 304 449 261 361 43 134 422 535 461 346 526 233 69 452 229 52 383 110 108 11 394 402 441 468 325 217 28 447 510 374 0 160 296 241 436 509 369 130 356 282 400 190 525 532 149 251 277 207 288 409 97 207 236 325 230 322 385 376 108 482 417 207 421 157 82 476 288 68 419 187 354 80 239 516 395 101 319 127 162 334 12 73 220 92 441 355 286 200 338 245 469 188 127 449 214 103 117 25 362 152 99 328 136 371 392 353 263 227 391 452 253 427 301 354 436 327 208 424 214 466 67 394 335 97 501 311 181 560 109 342 74 439 484 60 186 368 119 189 256 167 122 113 326 95 146 342 528 461 361 292 157 204 555 504 62 82 188 193 333 51 200 208 118 392 218 513 497 244 382 248 508 492 374 356 132 328 402 403 362 519 76 266 478 553 451 374 231 376 385 243 380 378 243 277 156 136 366 200 219 251 395 327 374 387 160 18 37 216 277 421 445 148 223 49 456 356 108 178 112 93 365 463 334 373 392 571 107 88 489 163 276 243 129 380 310 112 431 88 371 179 263 62 33 350 540 204 226 198 212 37 199 56 39 418 93 31 142 54 103 281 116 445 261 460 237 262 96 107 381 508 211 551 363 393 331 188 112 89 173 414 184 112 290 153 406 436 359 255 271
251 659 477 173 220 280 133 109 604 432 283 557 261 284 664 437 105 280 615 526 684 327 332 383 358 302 510 249 152 277 547 545 713 148 85 206 180 427 225 294 708 619 174 400 677 97 430 70 161 215 532 64 183 497 657 212 149 455 162 194 687 300 206 317 250 217 461 337 218 188 495 648 67 239 503 190 106 561 229 325 310 112 126 547 149 497 720 431 114 111 549 606 353 178 332 673 173 431 472 75 207 393 254 249 656 717 162 258 274 208 291 278 531 171 300 203 386 297 127 318 597 247 715 114 532 181 391 204 389 145 182 608 130 200 420 253 573 598 235 265 399 283 160 74 359 98 399 721 461 255 170 118 226 489 211 73 615 395 212 76 413 156 728 622 407 565 235 694 554 275 535 196 384 371 394 57 217 341 655 678 38 231 651 346 719 273 268 226 295 552 263 95 250 714 662 97 188 314 238 190 712 153 627 571 289 260 424 163 656 294 208 462 609 120 517 203 289 577 696 621 226 681 319 186 608 119 173 542 269 152 160 553 284 310 617 185 73 147 607 664 533 160 0 234 85 594 656 528 260 201 146 253 350 685 692 219 407 435 367 445 569 77 168 387 484 218 480 242 530 142 636 576 276 579 119 220 628 441 113 268 343 514 214 100 671 553 205 480 93 273 175 148 233 372 74 600 513 446 46 204 404 625 114 36 310 82 246 43 173 212 34 86 489 105 225 260 210 419 108 550 613 409 585 458 222 596 486 355 583 373 627 156 254 218 161 657 466 338 713 264 196 104 290 642 194 60 526 275 178 406 59 38 237 178 252 286 502 687 622 521 212 242 356 714 661 183 242 339 111 493 164 186 65 80 551 62 673 650 84 538 408 665 651 225 206 292 488 554 562 519 678 197 182 638 709 608 258 253 244 250 83 539 538 104 437 309 66 247 360 371 405 260 217 527 229 320 168 125 226 136 581 605 134 94 194 616 516 79 109 213 80 237 621 175 532 552 731 79 121 649 308 140 127 289 539 470 174 278 236 515 271 414 147 145 204 699 92 374 344 356 182 39 150 121 287 91 191 159 140 262 440 46 310 162 618 392 102 223 100 223 666 177 707 522 553 193 96 244 197 333 573 334 138 450 98 566 344 199 414 431
209 740 522 131 130 204 128 282 675 481 321 649 115 142 744 551 324 272 706 626 747 343 476 497 435 297 564 158 82 170 621 619 786 335 192 135 169 456 315 181 755 707 77 439 794 173 465 303 73 281 629 234 94 546 733 78 286 563 303 199 790 182 387 317 288 164 508 414 64 84 570 750 300 319 572 213 128 634 297 158 423 182 242 589 88 601 778 576 138 234 657 699 449 202 315 768 268 526 580 259 169 410 100 219 750 777 334 164 416 266 123 202 618 337 485 219 464 216 129 161 697 256 843 143 607 204 493 328 456 273 251 723 243 189 530 282 662 674 92 276 178 208 229 226 487 238 490 793 585 189 91 117 172 612 167 206 710 499 347 193 450 255 784 712 479 675 234 765 599 58 682 210 526 408 477 204 362 129 750 717 196 68 651 419 744 311 209 210 350 685 205 224 210 795 759 264 150 456 252 177 807 158 715 621 186 183 485 89 730 198 349 505 683 164 624 325 417 688 759 692 124 787 250 256 713 121 261 631 360 192 305 598 149 203 743 167 182 268 685 670 625 296 234 0 208 688 788 578 291 235 150 224 430 750 745 202 524 491 446 553 623 281 89 419 579 90 584 201 644 190 642 662 208 619 142 378 633 564 231 249 465 603 376 164 779 650 243 557 177 455 300 289 348 407 231 678 611 530 207 153 509 729 124 251 231 163 306 243 320 214 266 209 561 165 204 172 186 465 136 630 674 452 682 502 155 669 579 384 669 473 695 235 194 113 208 756 581 399 823 342 188 228 255 732 355 175 569 350 112 540 176 242 272 191 340 323 587 773 688 601 33 222 399 796 757 353 359 381 344 573 255 416 184 300 639 209 737 764 246 565 486 759 737 217 209 390 543 562 606 554 762 260 56 719 810 705 126 137 165 178 241 623 619 163 531 441 186 129 439 499 527 184 94 645 267 407 313 266 119 162 660 667 148 154 288 690 593 204 132 239 283 150 715 247 621 622 783 205 209 722 347 152 121 391 582 545 201 268 311 656 240 542 330 263 193 781 144 397 373 375 332 238 243 270 190 213 320 160 243 383 537 233 220 83 650 512 232 273 194 264 695 86 807 619 626 162 138 287 247 418 660 374 185 513 154 618 144 310 513 492
168 740 552 106 243 200 156 74 685 507 351 640 199 217 746 521 185 195 697 609 764 392 417 466 436 361 587 175 133 304 627 626 794 233 16 232 222 498 301 220 786 701 175 473 761 143 503 130 147 285 614 142 131 573 738 160 230 538 243 111 771 225 290 378 167 140 536 415 217 138 575 732 124 314 582 245 101 641 150 260 393 164 199 622 142 580 800 516 137 36 633 689 434 94 390 756 246 512 556 159 129 461 196 296 739 796 247 183 358 275 230 198 613 255 384 258 465 217 79 251 680 162 800 142 612 97 473 285 466 79 250 692 203 246 503 169 655 679 242 325 350 203 225 20 443 174 480 802 545 176 123 117 148 574 133 13 698 477 294 20 485 79 807 704 486 649 150 775 630 234 619 112 469 442 474 30 300 290 738 754 82 182 720 423 793 191 187 143 367 637 182 166 168 796 746 179 114 399 296 110 795 79 710 648 212 182 501 168 737 216 291 536 689 51 600 284 372 661 775 701 159 765 361 254 692 89 245 624 347 205 243 629 215 233 702 107 35 224 688 734 615 241 85 208 0 676 741 605 325 116 76 169 429 765 770 267 490 512 446 528 646 161 173 458 566 227 563 160 614 196 705 658 315 655 147 305 698 525 185 184 426 595 298 44 755 635 267 560 142 357 111 229 314 443 150 681 596 526 42 130 486 709 120 121 229 53 317 126 256 128 110 152 568 147 142 184 129 493 75 631 692 482 668 533 147 677 568 424 665 455 707 223 174 155 219 741 550 413 798 340 114 176 206 725 278 67 602 351 197 490 87 121 301 95 329 354 583 770 701 602 179 291 428 796 744 267 323 410 164 574 235 251 41 162 633 23 753 734 38 611 488 748 733 141 122 372 565 623 638 593 760 265 152 720 792 691 193 273 168 172 33 621 619 45 518 393 117 180 438 455 489 182 160 611 146 399 250 204 245 63 662 684 169 58 269 697 597 143 123 273 165 164 704 93 614 632 810 144 184 730 378 71 87 369 614 550 227 193 310 600 321 499 232 221 121 781 79 442 413 423 265 54 220 202 210 158 272 199 211 344 522 126 230 125 692 476 29 290 158 140 740 184 791 604 633 116 100 310 261 412 655 405 190 528 130 643 288 131 496 508
828 71 191 730 560 847 580 691 67 218 367 39 787 816 77 159 518 869 21 68 121 353 272 211 253 400 149 804 650 544 81 82 129 454 672 553 520 255 384 845 171 29 618 259 124 556 243 586 645 412 62 535 717 170 77 732 447 140 433 777 103 848 406 382 843 784 199 275 625 714 122 64 592 375 124 477 627 74 823 843 284 536 482 157 629 98 158 200 584 705 56 13 245 764 394 81 440 166 123 519 778 300 774 473 63 151 435 813 323 427 805 845 71 425 352 469 224 864 679 843 21 837 181 577 91 768 204 392 233 736 446 69 480 499 173 846 28 51 604 413 849 851 472 668 238 505 201 136 146 823 701 621 794 123 780 664 22 199 382 663 252 749 168 29 209 52 822 116 148 746 170 782 229 287 212 646 378 813 63 175 598 738 267 269 230 866 841 808 337 120 836 515 827 122 71 497 753 286 436 767 120 726 36 128 844 824 206 609 82 853 386 204 59 696 81 394 305 53 130 72 770 102 474 442 41 657 444 57 336 506 434 149 820 866 111 758 653 456 46 253 63 436 594 688 676 0 150 148 397 792 715 834 259 118 148 486 189 204 242 150 119 521 607 281 111 600 114 818 80 513 247 33 498 157 574 378 250 161 498 854 252 85 386 674 98 41 447 132 554 361 763 448 363 289 527 47 81 158 635 768 190 48 611 559 879 648 384 551 420 798 579 531 131 558 805 819 787 234 658 65 95 247 12 207 783 61 110 312 27 223 78 470 825 758 489 69 133 289 140 350 776 506 873 49 403 621 166 340 578 203 601 556 416 761 356 366 101 94 84 89 696 468 293 122 69 416 354 310 586 116 453 532 644 532 49 654 113 92 676 199 202 72 59 809 791 308 163 240 148 187 86 435 678 55 123 18 792 566 805 814 675 68 74 677 160 286 569 788 250 227 193 824 746 90 822 285 426 473 573 711 50 94 557 657 416 61 99 541 600 449 517 792 28 769 67 85 177 540 508 80 343 709 672 310 158 145 492 866 382 152 457 189 453 459 784 107 635 305 321 325 412 631 468 475 845 525 405 535 474 333 156 551 873 681 176 204 696 417 533 816 193 605 119 72 77 763 616 401 446 272 32 316 519 181 578 128 831 788 181 201
902 174 332 810 666 927 670 741 213 350 476 177 878 906 178 238 565 936 150 180 233 473 325 291 360 518 293 887 739 660 228 228 209 508 739 657 619 390 473 930 286 159 713 387 54 638 377 633 736 507 181 604 803 314 190 821 521 227 504 848 105 934 453 502 903 862 336 379 728 801 256 109 640 469 263 576 709 223 878 937 366 620 562 306 720 195 257 225 670 765 144 149 341 834 518 128 525 269 211 584 855 431 865 584 133 248 494 896 385 522 899 924 206 486 372 570 334 944 758 936 130 903 60 663 234 836 297 468 349 790 538 83 559 601 259 907 175 199 711 524 958 930 562 729 304 579 304 212 203 902 786 706 872 176 858 729 139 291 454 730 382 807 266 152 327 127 891 212 298 846 127 852 273 410 320 712 444 917 130 306 668 831 412 376 356 925 918 880 444 105 913 591 902 183 126 565 832 344 542 841 137 801 158 278 928 904 332 703 199 935 455 343 203 769 172 471 376 114 236 212 855 95 597 533 109 738 531 193 428 598 504 299 909 950 47 833 722 534 191 396 190 509 656 788 741 150 0 296 504 857 790 907 363 227 266 592 264 334 350 236 269 580 702 408 223 704 211 893 148 602 393 182 614 307 661 436 397 224 576 924 325 213 443 747 84 165 546 261 636 392 813 520 444 413 599 195 193 274 701 847 281 106 696 620 958 722 483 616 489 867 635 608 264 642 878 901 861 364 736 211 239 375 146 344 863 210 224 434 177 316 217 557 902 844 581 117 208 399 94 447 849 583 945 149 463 694 314 439 676 253 676 620 519 832 448 476 229 162 225 226 791 578 412 181 127 473 433 427 623 246 538 553 713 584 189 718 231 66 733 349 316 134 158 880 861 398 303 390 298 335 166 528 770 176 117 137 881 678 886 894 734 208 216 750 265 353 646 874 356 291 262 905 834 145 884 383 496 546 680 784 200 240 647 732 503 203 238 618 685 550 576 875 138 830 198 234 278 616 592 203 455 785 752 397 307 273 587 934 477 141 571 247 509 538 856 176 713 431 442 449 479 691 553 546 927 603 480 629 556 410 257 618 955 768 322 276 756 515 615 878 331 702 124 187 225 840 697 504 541 372 180 432 608 311 661 278 932 838 279 327
741 172 57 640 448 755 485 634 104 99 263 119 685 714 175 164 473 789 156 128 169 235 258 185 171 282 19 710 553 422 67 68 210 408 597 444 418 123 304 747 181 152 515 139 271 471 113 537 546 322 124 465 621 33 162 632 380 149 369 696 243 750 373 261 771 694 71 191 514 617 63 207 543 291 49 378 538 74 755 736 231 449 405 23 532 136 200 241 493 637 161 153 184 685 268 213 359 130 145 455 690 171 671 359 196 199 386 718 286 334 700 753 95 375 356 368 145 771 592 738 166 759 329 486 63 688 163 326 140 673 358 213 402 394 159 771 121 110 490 303 728 759 384 600 219 431 144 217 186 732 606 529 704 185 692 592 165 163 324 588 128 682 207 159 122 173 741 188 26 634 273 702 240 171 140 575 327 698 197 150 523 635 164 182 195 795 751 724 240 233 746 438 741 223 206 432 665 263 330 682 248 642 158 44 748 731 104 508 156 758 331 73 114 615 148 327 261 184 180 118 674 245 345 353 188 569 361 105 259 413 371 26 719 768 252 672 576 382 121 163 112 369 528 578 605 148 296 0 293 716 630 749 179 172 168 378 180 93 163 151 45 464 505 159 113 488 134 731 170 421 142 115 376 54 482 336 140 185 420 771 219 97 344 593 243 133 349 75 470 353 703 381 297 172 455 115 122 104 564 678 160 196 520 496 786 568 290 486 361 716 521 453 62 470 720 725 701 115 572 85 97 127 150 76 692 101 109 194 121 172 120 384 735 661 396 208 163 192 282 265 692 429 788 175 356 543 19 254 473 217 522 491 315 679 276 260 87 206 112 76 592 356 182 225 204 371 290 201 548 75 370 514 568 481 107 583 159 240 612 56 125 203 175 727 709 239 41 100 34 39 195 344 578 153 258 164 692 448 712 722 610 89 81 597 125 252 490 690 170 215 190 732 648 181 748 209 365 403 460 628 101 90 462 574 336 120 66 463 510 348 460 698 169 698 103 62 207 462 424 148 235 625 583 243 17 75 395 785 295 245 339 201 405 384 700 211 550 181 205 204 357 567 386 407 749 447 340 436 394 276 130 482 779 585 94 193 628 321 450 743 141 502 252 122 70 676 529 302 351 196 116 207 427 79 491 39 718 727 144 98
449 450 237 349 163 462 193 369 386 194 30 358 393 422 454 267 248 499 415 336 460 67 220 216 146 51 277 417 261 159 331 329 497 198 315 156 126 176 72 455 473 416 223 154 506 184 183 293 253 51 339 198 329 260 444 339 135 277 137 406 500 457 208 59 486 402 222 125 228 324 279 459 297 60 282 86 248 344 474 447 152 162 135 307 239 313 493 308 202 360 369 408 164 397 80 477 94 237 294 198 399 136 380 81 459 491 177 426 175 53 410 460 327 170 276 75 174 478 302 448 407 471 557 196 316 400 208 114 165 400 78 435 132 102 245 486 371 384 208 23 454 467 101 324 217 164 201 505 304 439 313 238 412 329 400 313 419 214 132 307 166 404 499 421 188 386 452 476 316 349 409 414 262 122 187 296 150 416 459 438 244 344 395 130 472 511 459 434 61 404 454 165 449 505 468 177 373 202 39 392 516 352 424 336 455 439 195 216 441 465 140 220 393 327 336 112 161 400 472 402 381 497 119 75 424 278 90 341 89 123 140 315 428 476 458 382 293 123 395 410 335 130 260 291 325 397 504 293 0 430 340 458 142 462 461 89 243 202 156 268 337 218 213 136 290 203 295 439 358 132 381 371 115 338 191 172 373 284 147 481 193 312 176 307 490 360 59 266 184 250 432 138 108 122 187 388 322 240 287 386 224 439 229 235 493 282 35 222 143 427 264 175 271 182 430 432 410 178 282 340 387 165 392 217 399 380 289 101 379 188 406 104 442 369 107 466 296 109 534 66 402 156 497 441 167 259 286 70 182 268 239 227 24 391 75 32 296 482 399 311 301 73 111 506 466 179 115 92 320 282 99 329 285 243 349 305 449 475 340 289 196 468 447 437 420 115 255 299 323 274 472 64 285 429 520 414 400 174 419 430 338 332 328 310 242 182 208 397 150 228 248 439 355 360 463 123 141 147 177 340 369 379 171 287 82 400 303 184 219 56 215 405 425 416 331 333 500 183 142 432 57 336 292 119 299 254 103 496 53 381 73 266 191 123 410 491 262 118 90 98 149 298 111 154 457 170 121 143 121 131 249 215 486 293 373 235 351 38 167 458 421 210 516 329 336 385 240 19 64 132 369 86 138 223 202 332 434 454 226 202
74 855 662 105 318 112 243 137 798 617 457 755 164 166 861 637 298 79 813 725 877 495 533 582 549 459 699 114 191 376 741 739 909 349 120 312 315 605 413 147 897 816 240 581 877 246 611 235 204 394 730 257 141 684 853 160 345 654 359 37 887 153 406 478 58 83 646 527 272 151 689 848 229 426 695 345 184 755 62 207 508 268 312 732 209 696 912 632 229 95 749 804 549 35 487 872 358 627 671 275 72 565 170 388 854 909 363 118 475 383 191 111 728 372 497 358 578 125 133 194 796 46 917 235 726 32 588 400 578 90 358 809 315 340 619 56 770 793 302 426 320 113 332 129 560 288 594 916 662 95 148 197 82 690 76 129 814 593 410 129 594 63 920 820 598 765 39 889 740 232 735 26 585 550 588 146 417 263 854 864 195 178 823 536 901 83 94 47 476 754 91 279 73 911 861 296 86 515 397 59 911 84 825 759 136 104 613 239 851 133 407 646 804 103 716 399 488 777 889 815 126 881 445 363 808 157 355 739 461 307 358 740 160 151 818 68 140 337 802 839 730 356 201 235 116 792 857 716 430 0 96 65 542 878 883 360 606 623 559 644 758 277 244 565 681 291 679 71 731 298 810 773 398 764 241 421 802 642 297 72 542 710 415 123 871 751 371 673 246 472 95 344 429 550 265 796 711 641 158 87 602 825 205 237 132 148 426 242 372 30 224 263 682 248 51 114 57 603 149 746 804 591 784 642 95 791 683 531 780 570 820 332 90 132 323 857 666 524 914 451 49 288 95 840 395 173 712 462 274 607 194 238 406 45 441 460 697 885 815 716 202 385 537 911 860 384 438 518 262 688 346 350 149 276 748 139 866 851 129 718 601 864 848 40 31 486 676 728 748 702 875 372 189 834 909 807 152 343 103 98 127 735 734 120 633 509 226 138 551 572 605 104 148 728 35 513 366 319 315 92 777 797 262 143 381 811 711 254 213 375 281 111 819 36 729 745 922 255 292 844 485 98 145 484 724 663 328 77 421 717 413 615 348 334 46 896 168 548 519 527 382 167 330 317 130 270 387 292 323 459 637 242 138 164 801 592 103 397 266 30 849 252 907 720 747 74 191 417 367 526 770 512 292 640 228 755 251 90 612 619
113 775 575 30 222 137 149 143 716 531 368 677 123 141 780 563 251 160 735 648 794 404 466 507 466 366 613 103 95 281 659 657 827 290 66 216 221 516 331 149 811 737 144 493 807 159 522 203 108 308 653 187 60 597 772 88 270 579 286 67 812 154 347 385 154 73 559 444 178 69 606 772 197 342 612 254 92 673 154 184 432 181 232 645 113 620 828 567 137 90 675 727 469 61 393 795 275 549 596 209 64 474 120 293 777 825 299 112 405 295 154 135 648 306 444 266 496 154 38 175 720 132 849 144 644 64 511 325 494 124 272 736 235 246 544 151 692 712 208 335 276 140 246 97 488 212 514 835 591 112 59 103 82 619 67 82 737 516 337 73 505 106 835 742 515 691 113 807 653 164 672 76 518 461 506 92 347 216 777 777 124 109 731 452 812 179 127 95 390 686 122 201 113 831 785 226 43 446 306 52 834 13 746 673 143 115 528 143 770 148 336 558 722 27 641 322 416 704 805 733 83 807 349 277 733 62 272 660 379 217 286 653 140 165 749 43 73 259 722 747 652 282 146 150 76 715 790 630 340 96 0 120 460 795 797 266 533 537 477 568 673 219 147 476 603 195 602 103 658 209 718 693 302 677 149 355 710 570 217 141 469 631 350 46 798 674 281 592 161 416 150 271 352 461 192 715 634 560 101 59 525 750 112 179 168 69 339 179 301 88 177 184 599 159 91 115 72 516 58 665 720 504 707 555 76 709 605 441 701 492 738 247 112 78 234 781 592 438 841 368 63 209 159 762 328 97 624 378 178 538 115 175 316 53 359 371 617 806 732 635 118 291 448 832 783 320 362 430 239 607 263 324 81 226 669 90 783 778 112 629 519 787 769 97 81 406 590 636 661 613 796 286 98 754 833 730 117 247 99 105 107 655 653 42 555 438 146 104 469 500 533 116 84 656 131 431 295 245 219 14 696 713 170 59 299 729 629 174 120 284 223 91 742 99 650 663 837 176 207 762 396 6 49 405 637 581 237 156 336 651 318 545 287 255 70 817 80 457 429 436 312 126 247 244 141 190 312 199 241 384 559 175 166 71 713 519 91 309 181 126 760 156 831 643 665 50 101 328 278 444 691 424 202 555 139 669 212 160 534 534
16 895 694 111 329 50 266 202 836 650 487 796 128 119 900 681 354 48 854 767 914 522 582 626 586 482 733 72 203 383 779 777 947 401 168 325 337 635 451 89 930 857 250 612 924 279 641 295 214 428 772 303 139 717 892 146 388 697 404 59 931 95 458 502 80 61 679 564 274 147 726 891 288 462 732 372 211 793 107 154 551 301 352 764 224 739 948 682 256 155 793 846 589 75 507 914 395 669 715 323 61 592 138 407 897 945 413 72 522 415 148 49 768 421 553 384 616 61 157 141 839 42 966 263 764 72 630 443 614 156 392 855 354 362 663 71 811 832 305 452 272 50 366 185 606 330 634 955 708 43 152 221 52 736 60 180 856 635 455 177 624 128 955 861 635 810 28 927 773 205 787 57 634 580 626 196 463 219 896 896 239 158 847 572 930 96 31 27 509 802 30 319 15 951 904 342 86 563 423 68 954 108 866 793 77 52 648 252 890 72 453 678 842 139 760 441 534 822 925 853 101 926 457 397 852 181 392 780 499 336 403 772 112 89 866 77 184 378 842 864 772 400 253 224 169 834 907 749 458 65 120 0 580 915 917 381 651 657 597 687 793 329 256 594 723 295 722 23 776 328 835 813 411 796 267 470 827 688 336 25 587 751 464 161 916 794 400 712 281 526 159 388 471 580 309 835 753 680 207 75 644 869 230 288 66 186 459 291 418 42 279 303 719 279 29 64 48 635 178 785 840 623 826 674 69 829 724 559 820 611 858 367 36 111 353 900 711 558 960 488 58 328 39 882 443 214 744 498 289 654 233 287 435 75 479 490 737 926 852 755 194 406 568 951 903 434 481 549 324 727 383 412 193 331 789 191 903 897 189 747 639 906 889 28 47 526 710 753 781 732 916 406 190 874 953 850 113 348 62 51 186 775 773 157 674 556 265 103 589 618 651 51 130 774 70 551 412 363 323 123 816 833 288 178 419 849 749 293 239 403 333 76 862 101 770 783 956 295 327 882 515 125 166 525 757 701 355 44 456 767 432 662 399 375 50 936 200 576 548 554 428 223 367 362 72 309 431 316 361 503 678 289 74 172 831 637 163 428 301 71 879 263 950 762 785 74 220 447 398 564 810 543 322 675 259 788 203 150 653 654
572 316 132 474 305 590 322 455 257 91 113 220 528 557 321 127 296 617 278 195 335 117 123 83 8 158 160 547 391 298 200 198 368 231 422 297 262 108 129 587 358 279 359 79 365 300 103 358 386 154 199 288 459 150 312 473 201 136 190 524 360 590 202 144 596 528 117 17 368 456 147 320 364 118 153 219 370 213 578 584 63 279 230 199 371 171 371 182 327 460 227 270 30 512 165 339 185 96 152 276 522 111 515 221 321 367 208 556 120 168 547 588 190 197 215 211 36 607 424 585 267 586 415 320 185 516 68 147 41 495 189 293 227 241 105 597 234 252 350 161 596 594 215 423 99 255 59 375 166 566 443 363 537 189 524 416 281 74 146 413 88 505 378 284 57 245 570 348 205 489 275 530 144 73 47 399 150 557 321 328 348 480 320 14 373 620 584 554 81 264 579 263 572 372 330 253 497 115 180 512 379 472 288 220 586 567 76 350 310 595 153 119 262 443 195 148 94 258 347 273 512 357 240 184 283 401 188 203 81 248 192 205 562 607 317 503 402 205 262 328 196 190 350 430 429 259 363 179 142 542 460 580 0 336 342 230 107 88 17 127 218 285 349 85 149 344 154 562 216 255 301 235 251 231 316 162 296 147 245 600 80 174 170 421 349 220 189 132 299 201 525 202 118 77 279 255 181 101 388 512 84 299 353 317 621 395 125 307 182 545 342 279 140 301 550 562 532 83 402 205 263 79 252 116 526 249 149 88 242 50 278 213 568 500 231 327 156 39 393 92 522 254 619 304 179 369 179 82 319 140 349 313 158 508 101 113 159 347 273 176 438 215 65 372 328 195 112 71 371 147 197 345 393 303 211 406 324 334 434 199 59 331 311 556 538 60 138 226 213 176 337 176 419 295 380 275 534 315 547 557 433 196 194 424 101 96 316 529 9 105 115 567 488 218 574 30 186 225 318 457 236 255 299 403 161 270 169 288 343 191 281 534 286 522 192 203 381 287 252 303 93 455 415 64 191 121 233 614 124 245 209 134 227 208 530 358 380 96 90 104 178 389 213 229 587 272 161 276 220 99 107 305 616 423 271 103 451 158 278 568 319 347 377 189 205 508 360 143 187 18 232 75 261 100 322 216 574 549 84 82
907 56 228 808 620 923 653 787 81 269 432 140 856 884 50 264 618 953 100 175 6 407 378 310 329 453 185 879 722 593 137 139 41 553 758 615 588 295 465 917 59 91 685 311 179 636 285 685 716 487 168 623 790 204 42 802 536 244 523 860 129 920 509 433 932 862 242 351 686 786 190 120 691 453 183 547 705 124 914 907 376 614 566 164 701 205 40 316 660 795 174 108 332 849 440 100 521 256 229 610 857 343 842 531 95 34 532 887 423 501 871 921 158 522 465 537 300 940 758 910 132 922 229 653 153 852 297 480 302 829 523 168 563 564 274 933 124 89 662 474 899 927 550 758 341 591 286 47 260 900 774 697 872 239 859 752 108 293 474 749 299 840 50 93 280 170 906 22 154 806 284 866 340 342 291 734 473 870 98 84 684 806 204 343 130 956 919 890 407 234 914 599 907 66 102 587 832 390 500 848 111 807 85 130 917 900 268 678 36 927 480 245 78 779 194 482 401 167 12 64 843 137 516 519 141 735 524 150 418 581 525 155 890 938 205 838 738 541 83 184 162 525 685 750 765 118 227 172 462 878 795 915 336 0 38 549 292 260 319 252 127 616 675 331 207 660 218 897 198 588 190 118 548 141 649 477 197 272 581 936 351 175 485 757 145 152 518 205 634 471 857 537 451 343 614 88 185 239 723 846 286 131 687 651 954 732 457 642 513 881 673 615 197 636 886 894 867 285 738 136 76 298 130 248 860 89 204 366 113 312 58 548 902 831 563 111 243 358 162 428 858 590 954 84 500 705 183 417 644 313 685 647 484 844 437 430 185 69 63 165 763 528 352 68 100 515 443 371 689 192 533 641 729 629 142 742 13 161 768 199 277 94 73 892 874 393 207 225 148 201 62 510 748 64 130 116 862 620 880 891 767 148 148 760 250 386 653 859 327 332 298 900 817 208 910 366 518 560 632 793 106 83 630 739 498 70 169 625 677 517 612 867 105 858 160 133 59 623 588 39 405 791 750 396 170 215 563 950 459 269 511 298 551 544 865 61 716 353 376 375 506 723 549 564 918 609 494 605 556 424 249 640 948 754 129 308 786 488 614 904 115 672 122 177 132 843 695 470 519 353 122 377 594 240 656 133 890 882 273 261
909 93 224 809 615 923 653 796 97 268 431 164 853 882 88 282 630 956 133 198 33 403 395 324 335 448 184 878 722 585 149 151 72 564 763 611 586 289 470 915 23 123 683 307 217 638 280 696 714 490 191 630 790 201 77 800 543 263 531 863 168 918 523 428 937 863 239 356 681 785 199 158 702 457 189 547 706 137 920 903 386 617 571 156 700 226 35 341 662 802 202 139 340 852 432 138 525 269 249 618 858 336 839 526 133 37 543 887 436 502 867 921 175 532 485 536 306 939 760 906 164 926 267 655 163 855 309 488 305 837 525 203 568 562 290 938 149 110 656 471 890 927 552 765 357 597 296 75 283 900 774 697 872 265 860 758 142 306 484 755 295 847 39 126 285 200 909 57 146 801 317 870 361 339 298 740 484 863 136 49 689 803 171 347 91 961 919 892 408 267 914 604 909 100 140 595 833 405 498 850 148 810 118 125 916 900 270 676 70 926 489 241 98 782 219 489 413 200 33 83 842 176 506 521 175 737 527 170 423 581 533 147 887 937 241 840 743 547 107 149 183 532 692 745 770 148 266 168 461 883 797 917 342 38 0 546 309 261 325 270 124 625 673 327 224 655 237 899 225 589 159 141 541 128 650 489 167 293 586 939 364 192 497 761 184 178 518 214 637 490 866 544 459 340 620 110 206 249 729 847 300 168 688 659 954 735 458 649 522 884 682 619 204 638 888 893 869 283 740 152 81 296 160 244 860 106 221 362 138 323 75 551 903 830 564 149 264 359 200 431 860 595 956 120 512 710 176 420 641 334 689 654 483 847 442 429 199 107 76 178 759 524 350 102 138 526 451 369 702 203 537 658 734 640 163 748 36 199 776 184 284 132 110 894 877 400 207 204 139 191 101 512 746 97 168 149 860 613 880 891 775 165 163 764 263 399 657 858 332 349 316 900 816 236 915 372 526 567 626 796 125 88 631 742 502 92 180 629 678 517 621 866 140 864 179 143 39 628 591 69 404 793 751 403 163 223 563 953 462 300 505 318 562 550 868 98 718 348 373 370 516 731 553 571 917 613 502 604 560 434 263 647 947 754 106 324 793 489 618 909 81 669 160 199 144 844 697 470 520 359 145 375 595 243 659 129 884 891 286 263
371 538 321 271 75 380 117 323 474 280 119 447 307 336 542 354 245 425 504 425 547 143 294 302 235 101 363 335 179 87 419 417 585 215 254 67 46 258 130 370 557 505 137 239 595 126 266 270 170 93 428 167 247 345 532 254 146 365 158 333 589 372 245 121 418 323 307 213 139 241 368 548 272 128 370 37 176 432 411 359 232 108 119 390 158 401 578 389 132 302 457 497 251 326 127 566 105 326 382 179 321 213 293 30 548 577 201 343 241 78 322 379 416 197 331 31 263 396 228 361 496 398 645 126 405 329 295 160 254 345 80 523 117 20 332 416 460 473 120 75 366 385 78 271 298 140 290 592 390 359 232 163 333 416 322 256 508 301 181 247 250 344 584 510 277 475 379 563 400 260 493 342 341 207 276 241 199 327 548 520 193 257 466 218 551 443 379 358 149 490 374 134 371 593 557 165 295 275 51 316 605 279 513 421 372 357 283 132 528 381 186 305 481 258 425 157 234 488 558 490 298 586 100 82 513 204 97 430 167 68 160 399 342 391 546 306 232 126 483 483 424 149 219 202 267 486 592 378 89 360 266 381 230 549 546 0 329 289 245 355 423 203 128 219 378 114 384 361 446 77 454 460 61 421 121 220 446 370 121 405 274 401 221 240 579 449 53 355 129 302 377 149 169 206 156 476 410 329 234 307 311 528 155 205 411 218 109 191 171 354 234 135 359 120 354 350 334 264 211 428 473 251 481 301 319 467 378 184 467 275 494 86 362 285 63 555 384 198 623 146 328 128 419 530 205 200 370 153 96 350 181 194 73 318 149 121 385 571 486 399 214 25 197 594 555 211 179 179 305 371 98 338 226 231 438 250 536 564 290 369 285 557 535 362 347 196 342 372 407 356 560 79 201 517 609 503 315 90 337 349 286 421 417 242 331 257 156 313 238 309 333 358 271 448 395 209 166 142 89 268 458 466 99 220 114 488 391 140 148 44 202 323 514 352 420 421 584 141 102 520 145 263 217 198 383 343 48 421 119 465 54 350 207 123 335 579 194 198 173 176 182 252 98 150 373 132 158 68 107 200 337 181 403 211 454 319 295 79 119 390 501 124 605 418 424 308 171 88 64 219 458 173 81 311 137 417 345 398 314 290
646 257 163 551 403 667 406 502 213 145 217 155 615 643 263 30 329 684 210 121 293 224 86 27 107 265 162 627 476 402 161 159 314 265 486 393 355 182 209 669 329 215 449 163 274 377 171 397 473 243 128 349 541 166 258 558 263 49 248 594 280 673 218 251 656 604 154 122 464 539 121 242 403 204 134 311 448 173 635 673 102 358 301 203 456 91 331 79 408 518 143 202 80 580 272 266 262 51 66 332 597 205 602 324 250 326 247 636 134 258 636 665 135 237 179 306 91 685 499 672 190 652 320 401 148 583 41 208 112 548 274 204 299 337 21 659 171 203 448 264 694 671 298 480 49 321 61 322 61 643 524 444 613 88 599 478 210 35 196 477 165 562 340 218 100 159 638 297 204 582 167 598 60 172 80 460 190 652 249 312 413 567 343 121 364 679 660 625 184 161 655 332 646 311 256 311 573 98 279 584 305 544 224 208 667 645 120 439 260 675 199 161 215 513 110 210 118 171 304 229 593 275 347 269 201 478 268 142 164 334 248 205 647 689 220 576 468 274 210 344 131 251 407 524 490 189 264 180 243 606 533 651 107 292 309 329 0 131 99 40 202 333 438 178 86 441 75 636 125 339 322 176 356 231 398 189 319 41 316 670 64 117 197 490 265 148 282 106 375 180 574 263 182 176 342 204 109 77 449 588 29 218 434 371 699 465 220 364 234 613 390 349 119 380 622 641 605 150 477 158 230 155 179 160 604 204 89 192 182 57 236 294 644 582 317 251 60 146 308 183 593 324 690 238 214 437 191 175 412 41 418 369 256 577 184 217 111 283 234 132 527 317 169 311 255 228 171 178 398 112 275 349 459 343 151 467 282 246 488 224 86 259 247 625 607 134 149 265 211 200 274 264 506 237 302 202 618 417 626 635 488 145 147 494 55 98 387 612 103 39 11 645 572 123 636 121 240 288 417 528 186 223 383 474 239 222 133 359 423 287 329 614 215 582 133 169 346 357 330 254 200 527 492 133 197 106 323 681 213 138 314 29 264 278 601 296 454 196 196 209 225 444 290 290 667 343 221 365 294 148 51 365 695 505 271 15 508 251 354 630 313 438 301 118 166 582 436 241 277 112 172 182 345 120 400 204 668 599 41 120
648 250 44 548 362 663 393 542 184 17 172 166 596 624 253 131 384 696 220 154 258 151 190 122 81 198 76 619 462 341 130 129 295 319 504 356 328 58 211 657 274 219 425 55 323 378 45 446 456 229 154 372 530 62 242 542 287 126 277 603 307 659 289 178 677 602 29 99 427 526 82 268 452 197 82 287 446 143 662 648 146 356 312 111 441 141 291 207 401 544 190 214 100 592 190 282 265 85 134 362 598 98 582 273 263 289 296 627 204 242 611 661 134 285 288 277 60 680 500 650 218 666 379 394 117 595 98 234 48 580 265 255 309 304 115 678 177 184 405 215 647 668 291 507 154 338 74 303 167 640 514 437 612 180 600 499 225 101 234 495 48 589 298 225 37 207 648 274 118 548 274 609 188 84 61 481 239 614 264 243 430 546 234 90 285 702 659 631 147 248 654 345 648 304 273 339 573 189 240 589 320 549 226 136 657 640 14 418 239 667 241 33 192 522 163 235 178 220 270 200 583 306 270 260 237 476 268 148 166 321 279 118 630 678 287 580 483 289 195 240 147 277 435 491 512 204 334 93 202 623 537 657 88 260 261 289 131 0 73 122 136 372 415 77 113 402 129 638 188 329 214 175 295 144 390 250 209 155 327 678 146 123 258 500 301 172 258 74 377 279 610 289 206 86 362 188 141 66 471 586 103 250 428 403 695 475 198 393 270 623 429 360 74 377 628 634 609 30 479 141 185 42 201 31 600 178 110 109 182 97 204 291 643 571 304 272 147 99 344 172 600 336 696 244 267 450 91 161 384 172 429 398 224 587 183 170 106 283 197 115 503 269 92 305 271 283 200 111 459 89 277 431 474 390 155 490 247 291 519 111 47 272 248 634 617 148 54 143 127 88 272 251 488 229 325 222 602 365 620 631 517 136 131 504 85 174 397 599 80 154 141 641 557 195 655 118 274 310 374 535 170 177 371 481 243 199 105 369 418 257 369 607 230 604 140 131 300 368 331 231 145 532 491 152 103 61 303 693 202 243 255 159 315 291 607 291 458 100 119 121 266 474 293 314 658 354 248 345 300 187 93 389 688 494 183 137 535 229 357 649 231 412 321 147 136 584 436 210 259 106 173 117 335 24 398 132 633 634 90 11
589 299 118 491 320 607 338 472 240 78 128 204 545 574 304 116 311 634 261 180 318 126 127 77 11 170 144 563 408 311 183 181 351 246 439 312 278 100 146 603 341 263 375 73 350 317 93 375 403 171 183 305 476 134 295 489 218 123 207 541 344 607 216 154 613 544 102 33 384 472 130 304 380 135 136 235 387 196 595 600 74 296 247 183 387 156 354 176 344 477 212 254 32 529 174 323 202 81 138 293 539 110 531 235 305 350 223 572 132 185 563 605 173 213 222 227 19 624 441 601 251 603 401 337 167 533 58 164 27 512 205 278 244 257 94 614 217 235 364 175 610 611 232 440 98 272 45 358 155 583 459 380 554 177 541 433 264 65 162 430 81 522 361 268 40 230 587 330 189 504 265 547 142 74 31 416 165 573 305 312 365 496 307 27 357 637 601 571 96 252 596 280 589 355 313 270 514 122 195 529 362 489 271 204 603 584 60 367 293 612 169 105 245 460 180 165 105 243 330 256 528 341 250 201 268 418 205 186 98 265 209 189 578 624 303 520 419 222 245 314 180 207 367 446 446 242 350 163 156 559 477 597 17 319 325 245 99 73 0 114 202 302 365 83 133 359 139 579 202 271 287 218 264 215 333 176 282 137 262 617 83 157 184 438 334 204 205 115 316 210 541 219 135 79 296 238 165 85 405 529 73 283 370 334 638 412 141 324 198 562 358 296 123 318 567 578 549 72 419 189 246 71 236 103 543 232 133 93 225 44 261 230 585 516 247 310 143 50 377 109 539 271 636 288 194 386 164 99 335 135 366 329 174 525 118 126 142 331 256 159 454 229 70 356 312 210 128 79 386 130 214 358 410 319 195 423 307 319 451 184 42 314 294 573 555 76 122 214 197 161 320 193 436 278 364 259 550 329 564 574 450 179 177 441 86 104 334 546 8 103 107 584 504 205 591 47 203 242 333 474 219 238 315 420 178 253 152 305 360 207 298 551 270 539 176 186 364 304 270 286 106 472 432 80 175 104 250 631 141 234 222 127 242 225 547 341 397 99 97 110 194 406 230 246 604 290 178 292 237 114 93 322 633 439 255 97 468 174 295 585 303 363 361 173 188 525 377 159 204 34 216 84 278 84 339 199 590 566 71 66
682 217 145 586 430 703 439 542 174 138 240 115 647 676 223 13 369 721 171 82 253 239 126 62 124 284 134 661 509 424 124 121 274 305 523 421 385 178 241 703 290 176 480 165 241 412 166 437 505 273 88 387 574 142 218 591 299 10 285 630 244 706 258 268 694 639 139 143 492 572 88 204 443 235 102 341 482 135 673 705 137 392 336 174 489 52 292 91 442 556 106 162 105 617 286 228 295 38 28 370 632 209 634 348 211 286 286 670 174 288 667 700 95 276 216 334 100 720 534 705 152 689 290 434 111 620 61 244 118 587 305 170 334 365 25 697 131 163 475 287 721 707 330 519 89 357 69 282 45 678 558 477 649 64 635 515 171 55 233 514 164 600 301 178 100 123 674 257 173 612 155 635 93 181 87 498 228 681 210 275 450 599 315 140 328 717 695 661 207 138 690 368 681 271 218 348 608 138 305 620 267 580 184 174 701 679 113 471 220 709 237 146 175 549 73 246 156 136 264 190 627 239 364 301 165 513 301 103 194 366 285 174 680 723 191 612 505 309 170 313 91 288 445 553 528 150 236 151 268 644 568 687 127 252 270 355 40 122 114 0 167 372 469 183 47 469 36 672 91 371 293 136 378 199 432 228 291 35 352 707 102 78 236 527 230 108 311 76 409 219 613 300 217 185 379 164 69 57 486 623 45 181 467 409 734 501 248 402 272 650 429 385 89 414 658 675 641 146 512 119 192 155 140 146 639 165 50 204 142 80 196 327 679 616 349 213 29 164 273 212 629 359 726 198 253 474 164 203 441 67 454 407 283 614 215 239 74 244 194 94 559 341 180 271 217 267 207 193 438 78 309 389 496 382 111 505 243 212 526 200 86 221 207 662 644 165 125 242 180 176 235 295 538 197 265 164 652 441 660 670 526 105 108 530 37 137 423 646 120 79 46 680 605 92 673 147 277 325 444 564 147 185 416 510 272 182 96 394 457 315 368 649 176 620 93 131 307 393 364 214 220 563 527 165 168 80 354 719 243 124 335 51 304 313 637 256 489 204 209 220 263 482 324 327 701 379 257 396 329 185 28 402 730 539 237 55 547 280 388 668 278 469 263 78 128 618 471 268 307 136 132 198 377 105 434 170 698 638 43 112
784 131 102 684 493 799 529 674 64 144 307 100 730 759 133 181 510 832 123 121 124 281 285 212 211 327 60 754 598 467 51 53 165 445 639 489 463 169 345 792 139 116 560 184 239 514 159 575 591 365 115 506 666 78 118 676 420 163 409 739 206 794 407 307 813 738 116 232 559 661 82 173 581 333 70 423 582 50 796 781 266 492 447 41 576 138 156 252 537 678 146 122 220 728 313 175 401 155 154 495 734 216 716 405 158 154 423 763 319 378 745 797 87 412 381 412 183 815 636 783 139 802 297 530 58 731 193 365 181 714 401 188 444 439 181 814 96 73 535 348 773 803 427 641 246 473 177 172 194 776 650 573 748 187 736 634 132 192 362 630 173 723 162 123 161 156 784 143 31 680 266 745 260 216 177 616 364 743 160 112 565 680 158 223 163 837 795 768 283 222 790 480 784 179 169 472 709 292 375 725 207 685 121 9 793 776 145 553 113 802 368 118 74 658 143 367 295 163 135 76 718 209 390 396 160 612 403 92 300 457 410 32 764 813 229 716 618 423 83 150 103 409 569 623 646 119 269 45 337 758 673 793 218 127 124 423 202 136 202 167 0 503 550 204 123 533 142 774 162 465 136 88 421 40 526 371 137 198 462 814 249 97 379 636 209 116 394 98 513 381 743 421 337 217 497 78 120 132 605 722 186 165 564 536 830 611 334 526 400 759 560 495 85 514 764 769 745 159 615 67 52 172 125 122 736 63 119 239 93 205 76 427 779 706 440 172 172 235 245 307 736 471 832 137 392 585 58 296 518 235 565 531 359 723 318 305 95 164 68 76 637 402 227 181 167 407 329 245 584 90 412 546 610 519 90 624 113 209 652 83 162 165 136 770 753 277 83 122 29 77 153 387 622 113 219 134 737 493 756 767 651 77 70 640 150 284 532 734 209 240 211 776 692 173 791 249 404 444 505 671 70 45 507 617 378 79 71 505 554 393 499 742 135 740 94 43 164 504 467 104 280 669 627 281 45 103 439 829 338 241 384 218 442 426 743 168 594 226 250 249 394 608 428 448 794 489 379 480 436 313 152 523 824 630 71 216 669 365 493 785 110 546 212 117 51 720 572 346 395 236 91 251 471 119 534 9 763 768 171 139
327 587 415 244 230 355 159 171 535 371 235 485 328 352 593 363 46 356 542 453 615 281 256 310 293 265 445 321 203 279 478 476 643 72 161 214 177 371 167 367 642 546 209 343 601 112 373 77 209 167 459 48 249 434 586 275 88 381 95 271 613 372 129 277 324 292 399 273 249 251 427 574 81 183 435 167 159 492 302 392 240 113 87 483 193 424 652 355 144 186 475 534 285 255 296 599 124 360 399 25 282 342 319 230 583 648 87 331 199 165 356 353 460 96 225 179 320 372 195 386 523 323 639 141 463 258 319 138 325 215 143 533 90 188 348 328 501 528 257 228 455 358 128 149 285 64 330 650 386 330 234 165 300 414 286 149 542 323 141 152 355 229 660 550 342 490 312 624 490 330 458 273 308 315 327 133 143 399 582 614 97 292 596 283 657 347 344 302 240 476 339 72 326 642 589 41 262 239 205 266 638 228 555 505 362 334 360 197 586 367 136 401 539 194 443 137 216 502 627 552 295 607 301 145 534 181 128 471 206 139 93 490 354 384 541 260 147 94 536 607 461 97 77 281 161 521 580 464 218 277 219 329 285 616 625 203 333 372 302 372 503 0 200 332 412 241 407 318 456 132 579 505 264 516 143 145 572 366 82 345 269 443 138 173 596 480 172 411 107 198 242 85 167 317 54 530 440 377 122 278 332 551 157 41 385 152 196 41 103 289 58 79 421 122 301 334 286 359 173 480 545 350 512 397 295 526 414 303 511 303 557 122 330 286 140 584 392 278 638 206 272 76 367 570 119 125 464 216 197 330 112 44 197 254 191 238 431 615 553 451 266 221 300 642 588 107 174 284 103 424 120 142 138 27 480 139 604 575 155 479 342 592 579 302 283 226 423 499 498 458 606 155 236 567 635 535 327 262 318 324 155 469 468 177 366 235 95 317 294 297 331 334 283 452 305 255 99 71 240 210 511 537 148 163 140 546 447 81 149 182 4 309 548 250 460 483 664 79 103 579 257 213 192 222 475 402 156 354 182 439 248 339 70 95 280 627 152 322 293 306 110 111 111 64 360 79 124 161 100 191 368 49 384 221 556 318 176 180 98 299 604 207 633 449 484 268 147 199 161 268 501 280 131 385 128 501 405 267 343 367
245 662 449 146 75 252 41 244 599 406 243 569 180 209 667 466 245 302 626 544 673 272 388 411 354 229 490 206 54 134 543 542 710 249 158 69 87 386 229 242 685 627 11 366 711 88 394 236 43 196 547 152 119 473 656 126 198 479 215 213 709 244 299 249 301 196 434 332 51 113 491 668 234 235 495 130 73 557 300 236 337 95 154 518 34 518 706 488 56 207 574 619 365 209 252 688 180 444 497 177 196 341 167 152 670 704 247 214 328 181 198 251 538 249 397 139 384 268 111 236 615 277 758 59 529 212 409 240 377 250 165 639 155 111 445 298 582 597 70 202 266 257 142 185 400 152 407 718 499 231 105 57 206 527 196 166 629 415 259 154 378 241 712 632 400 591 256 689 527 146 595 222 439 334 396 157 274 217 670 648 129 131 593 339 679 326 252 235 271 599 247 138 245 718 678 179 171 367 175 194 727 160 636 549 243 229 408 5 654 253 261 432 606 147 541 237 330 605 685 615 170 705 202 169 631 90 173 551 275 105 216 527 214 263 658 183 140 179 608 610 544 207 168 89 173 607 702 505 213 244 147 256 349 675 673 128 438 415 365 469 550 200 0 347 497 54 500 235 560 102 581 582 156 549 57 290 573 479 143 280 378 522 287 135 697 569 160 478 93 367 281 200 261 334 148 601 529 449 155 181 425 647 56 176 283 120 224 166 232 233 197 124 483 79 230 222 210 391 102 552 600 378 601 429 191 592 498 312 590 389 619 147 235 157 121 675 496 320 741 258 205 141 293 652 266 118 498 267 33 453 109 166 192 199 255 246 507 695 613 522 89 152 324 718 677 265 272 305 277 494 167 340 137 222 559 165 662 680 207 497 406 679 658 240 226 305 468 500 535 484 684 175 72 641 729 624 187 101 209 221 202 543 540 136 449 354 108 184 358 413 441 230 143 561 278 324 225 178 73 153 582 592 59 116 201 613 515 120 58 159 201 195 635 242 541 546 712 122 120 646 270 146 100 305 511 466 116 298 226 569 176 456 243 174 212 704 95 326 300 304 244 184 154 182 245 127 231 73 154 295 454 155 275 84 582 427 202 191 107 274 629 10 726 538 549 183 77 206 162 336 580 299 97 436 73 545 231 297 430 415
585 325 103 485 289 598 329 496 258 63 108 243 526 555 328 189 352 635 296 229 328 76 208 159 80 123 146 552 396 265 206 205 368 290 448 285 260 41 165 589 338 295 356 21 399 319 47 408 388 173 230 323 464 127 316 473 244 190 238 542 384 591 273 103 621 538 89 81 355 459 159 345 413 149 158 222 384 218 608 577 144 297 261 171 375 213 359 257 339 491 265 291 113 533 113 358 214 146 202 318 535 27 512 200 340 358 267 561 199 183 540 596 211 256 298 211 88 614 438 579 294 606 455 332 193 536 138 199 66 530 208 331 257 235 168 621 254 259 331 145 571 602 233 455 181 289 118 375 228 575 448 374 548 246 536 446 302 143 205 440 31 536 365 301 84 283 588 346 181 475 338 550 225 17 99 428 215 540 341 302 376 476 265 74 337 646 595 570 93 318 590 293 585 378 350 295 509 199 172 528 396 488 303 203 590 574 76 350 312 600 213 86 266 462 236 199 173 296 340 274 516 383 193 204 314 414 214 225 131 259 241 180 561 610 361 518 427 241 270 277 223 236 387 419 458 281 408 159 136 565 476 594 85 331 327 219 178 77 83 183 204 332 347 0 186 329 199 575 261 267 249 251 219 202 327 232 241 212 274 617 164 199 239 442 378 249 194 150 319 282 561 247 174 15 313 263 216 135 418 522 150 327 365 358 629 417 141 346 235 563 385 306 150 317 566 568 547 48 418 218 255 34 278 83 535 253 184 35 259 126 277 234 578 503 242 349 212 61 420 127 538 284 633 320 242 393 151 117 315 217 372 351 159 527 142 105 182 358 269 192 433 197 32 380 348 258 171 48 427 166 224 414 419 354 232 437 318 367 469 154 97 349 324 573 556 126 125 167 188 138 347 193 419 304 402 299 534 290 555 565 467 213 208 445 148 180 341 531 83 186 188 575 489 267 598 101 237 264 301 475 246 248 307 422 194 273 182 315 355 192 329 541 307 550 216 206 365 314 274 304 80 472 428 132 164 137 239 632 151 307 180 207 285 243 546 365 398 24 47 45 235 426 239 270 591 300 212 279 248 168 157 341 621 428 237 178 483 168 300 593 285 343 397 222 211 521 375 148 198 95 250 53 273 100 337 199 559 585 143 81
716 175 122 619 453 736 469 583 128 129 260 74 677 705 180 59 412 758 131 46 207 252 172 103 144 298 99 693 539 441 77 75 231 347 561 445 411 170 273 734 244 135 508 165 217 445 157 479 535 302 50 424 606 112 175 621 337 40 323 666 211 738 302 280 733 673 121 166 517 603 50 171 485 264 64 368 516 88 713 733 174 425 371 134 519 29 246 130 473 595 80 123 134 654 296 192 328 54 33 409 667 209 664 368 174 240 327 702 216 316 696 734 49 317 262 360 115 753 568 733 118 726 271 466 65 657 93 281 128 627 336 147 369 390 67 735 89 118 497 307 743 740 362 558 134 394 90 238 73 712 590 510 683 74 669 554 133 89 272 552 160 640 255 138 105 98 711 213 132 637 167 672 139 187 103 536 269 706 174 228 487 628 274 160 282 756 730 697 229 136 724 404 716 230 182 387 642 183 328 656 231 615 143 130 733 713 109 499 175 742 277 128 129 585 51 283 196 112 219 144 659 208 375 331 134 546 333 59 225 396 324 133 710 755 176 647 542 345 125 271 49 325 484 579 566 111 223 113 290 681 603 723 149 207 224 378 86 113 133 47 123 412 497 186 0 492 21 707 76 402 253 92 395 157 463 271 252 75 387 743 144 32 279 563 200 71 338 45 443 266 654 337 253 191 416 119 32 51 525 657 80 150 500 449 767 537 274 441 311 687 470 420 55 447 694 708 676 142 546 72 145 153 104 129 672 118 4 212 99 112 150 359 713 647 378 178 51 181 244 240 665 395 762 159 295 510 128 230 468 113 490 446 307 650 245 259 28 203 148 48 587 362 191 230 180 309 243 206 482 38 341 435 533 424 67 543 197 186 566 166 95 183 167 698 680 197 96 210 138 143 194 324 568 154 232 127 682 461 693 703 566 59 61 566 49 179 458 677 140 125 93 713 636 83 712 174 316 362 466 600 101 138 446 545 305 137 52 430 489 340 408 681 139 659 48 85 261 428 397 169 237 598 560 198 129 55 382 755 272 137 353 97 346 348 673 215 524 208 220 227 303 522 357 364 734 414 294 424 363 222 45 440 762 570 193 101 586 307 422 706 232 496 229 40 81 652 505 292 335 162 89 212 408 91 467 126 723 679 70 105
282 651 432 188 40 284 86 298 586 391 233 561 201 230 655 467 287 343 618 539 657 253 399 414 349 207 475 238 101 87 532 530 697 281 211 47 89 366 236 267 665 618 53 350 709 130 375 285 87 200 542 194 156 456 644 154 222 478 238 257 703 269 326 227 348 235 418 327 26 148 481 662 284 237 483 131 127 545 349 248 342 129 181 499 85 515 688 497 105 260 571 611 364 256 225 680 194 440 495 217 236 320 187 129 662 687 275 245 342 184 212 283 530 275 421 135 377 298 161 251 610 321 759 105 518 258 408 255 368 303 174 637 180 104 445 344 574 585 17 187 254 289 156 239 407 186 403 704 502 266 145 110 244 529 236 220 622 414 275 208 361 293 694 624 391 589 299 675 509 146 602 268 448 319 390 211 292 213 662 627 181 152 563 332 654 372 287 276 263 602 282 173 283 706 671 214 212 379 165 237 719 207 626 532 271 262 397 59 641 281 279 415 594 198 538 252 340 602 669 602 201 700 164 178 627 141 187 543 278 121 240 508 236 289 659 226 193 202 596 582 538 230 218 90 227 600 704 488 203 291 195 295 344 660 655 114 441 402 359 469 533 241 54 329 492 0 498 273 559 123 553 574 120 529 101 311 544 482 173 320 384 515 309 187 693 563 159 469 135 391 334 225 271 317 187 589 524 443 209 220 424 642 109 222 313 174 221 211 254 276 246 163 473 120 271 253 252 375 154 542 584 362 595 412 228 580 492 294 581 389 605 164 270 189 134 669 497 312 737 258 249 173 331 644 290 171 479 266 44 460 161 212 186 246 258 234 499 684 598 513 108 132 310 707 669 291 282 292 325 485 183 383 191 265 551 218 647 678 260 475 399 671 649 282 270 307 453 473 516 464 673 180 106 630 723 617 211 53 243 255 256 534 530 188 445 363 155 212 352 419 445 263 172 561 325 322 248 206 30 203 571 577 93 170 212 601 505 160 110 154 242 228 628 292 534 533 693 162 148 632 258 194 150 309 492 456 123 338 228 576 150 461 275 197 256 692 148 307 284 285 266 237 173 212 273 163 249 88 177 305 451 200 304 127 560 430 255 190 143 320 606 43 719 532 537 225 130 201 165 333 572 285 120 424 121 528 231 349 427 403
716 182 141 619 459 736 471 577 141 145 267 80 679 708 188 46 404 755 135 46 219 262 160 97 150 307 120 694 541 450 94 92 239 340 558 450 415 187 274 735 258 140 511 179 211 445 174 472 537 304 52 421 607 133 183 623 334 26 319 665 210 739 293 290 729 673 140 171 522 605 71 170 479 266 85 371 516 104 708 736 171 425 370 155 521 18 257 111 474 591 74 127 135 651 307 193 329 58 13 405 666 223 666 375 176 252 321 703 209 319 699 734 62 311 248 364 123 753 568 736 117 724 262 467 84 654 92 278 138 622 337 139 368 395 59 732 96 129 503 314 750 740 363 554 125 392 94 246 53 712 591 510 682 54 669 550 135 87 268 549 175 635 267 143 116 91 709 222 153 642 148 669 124 199 110 533 264 711 175 245 484 631 295 166 300 753 729 695 235 120 724 402 715 236 183 383 642 173 333 654 232 614 149 150 734 713 124 502 185 743 272 147 141 583 41 281 191 104 230 156 660 205 386 333 131 546 333 68 226 398 320 154 712 756 165 646 539 343 135 291 56 322 480 584 563 114 211 134 295 679 602 722 154 218 237 384 75 129 139 36 142 407 500 199 21 498 0 706 63 403 273 101 403 177 464 264 272 57 386 741 138 47 272 561 197 73 341 65 443 253 649 334 251 203 414 130 34 64 521 657 77 148 500 445 767 536 278 437 307 685 464 419 76 447 692 709 675 157 546 86 160 167 105 147 672 131 25 223 107 112 163 359 713 648 380 178 30 189 241 243 663 393 761 163 289 508 149 233 472 97 489 442 312 648 247 266 48 208 161 66 590 369 201 236 182 302 241 215 473 59 342 423 530 418 76 540 209 180 562 187 104 185 172 696 678 197 117 231 158 164 199 326 570 162 231 129 684 468 694 703 561 73 77 565 54 172 457 679 146 114 80 713 637 68 708 177 312 360 472 598 113 154 448 544 305 148 71 428 490 344 403 682 141 655 59 102 273 427 397 179 245 597 560 198 150 74 385 753 274 117 361 81 339 347 671 221 523 221 230 239 298 517 357 361 734 413 292 427 362 219 47 437 763 571 213 91 582 310 422 703 250 499 229 42 98 652 505 297 338 165 97 221 409 108 467 146 728 674 71 120
10 878 675 91 307 43 247 201 819 632 468 780 106 100 883 666 345 72 838 751 896 502 568 611 569 462 714 51 182 360 762 760 930 390 157 304 316 615 434 76 912 841 228 593 910 262 622 289 192 410 756 289 117 698 875 123 373 682 389 51 916 82 447 482 99 39 660 547 251 125 709 876 282 445 715 353 193 775 122 138 535 283 336 746 203 723 930 669 237 151 778 830 573 69 487 898 379 652 700 310 40 572 116 386 881 927 401 52 508 397 128 41 751 408 543 365 599 58 139 125 823 61 952 244 747 67 614 428 596 158 374 840 338 342 647 90 795 815 282 432 254 45 348 178 591 315 618 937 694 25 130 202 30 722 39 171 840 619 441 166 605 131 937 845 617 795 42 910 754 182 774 54 621 561 609 185 450 200 880 877 225 135 827 555 911 117 26 24 491 789 22 304 10 934 888 328 66 549 404 52 938 92 849 774 65 34 630 231 873 63 439 659 825 125 745 426 519 807 907 835 78 911 435 379 837 162 375 764 483 317 389 754 93 81 852 60 172 363 825 844 755 385 242 201 160 818 893 731 439 71 103 23 562 897 899 361 636 638 579 672 774 318 235 575 707 273 706 0 761 310 815 797 389 777 248 457 806 673 320 48 572 734 452 147 901 778 381 695 264 515 166 374 455 561 295 818 737 663 196 54 629 853 211 277 68 171 441 279 404 42 270 287 702 261 21 45 32 616 160 768 822 604 810 656 46 811 708 540 804 595 840 350 19 88 335 884 696 540 945 470 46 313 59 865 430 199 725 481 268 641 218 275 416 65 462 471 720 909 834 738 171 385 549 935 887 421 465 530 320 710 366 408 180 321 772 181 885 882 184 728 622 890 873 31 44 510 692 733 762 713 899 388 167 857 937 834 92 326 40 31 181 758 756 143 658 541 249 80 572 604 636 34 107 759 85 534 398 348 301 109 799 815 269 162 402 832 732 278 220 383 322 53 846 105 753 765 938 279 310 865 496 109 148 508 738 683 336 67 438 754 411 648 387 359 39 920 183 556 529 535 414 215 350 347 60 293 416 296 344 488 662 276 71 150 812 622 158 410 285 85 860 242 935 746 768 55 203 429 379 547 794 524 303 657 241 770 185 160 637 636
771 150 193 675 521 792 530 624 134 205 329 66 738 766 156 95 448 808 100 42 200 325 201 151 212 370 162 751 599 513 111 109 208 387 611 512 476 246 332 793 248 108 571 240 150 502 233 517 596 364 48 474 665 179 157 682 388 81 372 718 157 797 336 353 780 729 195 233 583 663 117 119 524 326 127 432 572 113 758 796 226 482 426 188 580 47 238 121 532 641 24 91 196 705 370 146 386 121 64 456 722 285 725 437 132 230 369 760 257 379 758 790 77 360 275 425 186 809 624 796 72 776 199 525 109 708 152 333 201 670 396 79 423 456 115 783 78 118 565 376 812 796 421 604 171 446 157 215 71 768 649 568 738 45 724 602 96 146 321 602 236 685 247 108 179 35 762 196 182 703 105 723 154 262 173 585 314 772 130 245 538 690 319 229 302 803 785 750 297 63 780 457 770 198 136 435 698 218 395 709 184 669 116 171 792 769 185 562 161 800 324 201 129 637 25 335 242 46 210 144 718 151 449 392 78 603 391 70 285 457 373 183 770 813 102 701 593 399 119 310 59 376 530 644 614 80 148 170 358 731 658 776 216 198 225 446 125 188 202 91 162 456 560 261 76 559 63 761 0 462 298 86 466 201 522 311 299 90 441 795 189 75 318 615 140 49 402 118 499 286 696 388 306 265 467 116 50 126 573 713 136 96 558 495 824 590 339 488 358 738 513 474 124 505 747 766 729 217 602 95 159 229 68 203 729 125 78 286 88 171 151 417 769 706 440 130 65 252 184 303 718 449 815 125 337 562 188 294 533 129 543 493 373 702 306 328 88 169 154 94 650 431 264 197 136 350 296 279 514 105 399 457 584 464 73 591 192 121 611 226 167 141 136 750 732 256 166 271 186 207 162 386 629 134 179 87 742 531 750 760 611 85 93 619 117 221 512 737 208 159 126 770 696 12 760 238 365 413 534 653 106 155 507 599 363 134 105 483 547 406 452 739 101 706 69 119 256 482 454 159 308 652 617 256 185 129 445 806 334 80 424 117 386 403 726 184 579 283 293 301 349 567 414 415 791 468 346 487 419 273 109 489 820 629 230 139 632 371 478 754 259 560 178 48 111 707 561 358 398 226 82 284 468 166 524 168 789 721 132 181
320 571 366 220 101 336 68 247 510 322 160 474 276 304 575 367 176 368 532 448 586 197 286 312 261 165 405 292 138 147 453 451 621 160 184 86 45 308 130 332 602 534 113 284 612 53 313 194 134 101 452 91 204 389 566 220 99 381 116 275 613 336 203 182 355 274 350 239 139 201 400 572 195 137 405 49 117 466 344 335 237 32 58 436 118 421 620 387 73 231 477 524 268 266 194 593 78 347 399 107 269 267 263 106 575 618 153 301 226 87 297 334 444 153 299 63 290 352 171 334 520 339 659 66 438 269 311 138 286 273 66 541 58 59 347 354 488 506 136 130 367 340 41 197 299 69 312 628 399 312 188 109 284 427 271 184 535 317 157 177 297 274 627 539 308 494 321 600 445 248 493 283 337 253 302 168 173 319 575 568 118 229 526 246 604 380 331 303 181 498 326 60 320 626 583 97 244 266 101 261 633 221 542 465 332 312 320 102 564 341 160 350 516 195 443 135 228 507 598 526 257 609 177 71 534 148 72 457 177 10 118 444 309 353 559 251 163 79 516 541 450 108 142 190 196 513 602 421 132 298 209 328 255 588 589 77 339 329 271 371 465 132 102 267 402 123 403 310 462 0 512 489 136 468 62 190 504 378 53 350 277 428 188 175 600 473 73 386 54 269 305 102 159 253 81 509 433 356 160 258 327 551 99 128 367 151 131 114 132 296 157 59 393 50 299 307 280 307 151 460 513 295 506 346 272 502 402 233 497 292 531 46 314 245 25 580 397 230 644 162 271 56 367 559 168 129 416 172 82 352 109 118 108 259 157 163 413 602 524 430 190 100 240 627 582 168 170 221 230 401 65 272 155 159 466 177 575 583 215 421 313 585 566 306 289 206 382 430 453 405 592 78 167 549 634 529 280 132 293 303 212 451 448 178 353 252 81 275 264 312 341 313 234 462 332 228 126 84 113 208 490 505 45 155 100 523 423 63 89 78 132 280 540 285 447 456 628 64 29 556 187 205 162 206 429 375 32 365 130 468 129 355 153 75 279 612 130 250 221 229 145 176 53 90 332 55 130 35 54 194 358 104 361 168 504 326 223 100 42 326 552 104 631 442 459 255 108 119 70 240 487 215 6 348 70 460 332 326 333 327
825 228 170 725 514 833 569 744 180 211 355 235 754 783 227 306 595 878 243 257 185 315 397 324 294 353 160 787 633 474 188 189 230 531 695 514 499 208 413 820 153 234 589 237 354 565 206 655 624 422 251 572 700 159 211 705 492 291 484 786 311 821 503 333 867 777 185 310 578 694 205 288 660 397 191 465 627 185 855 798 361 543 509 119 612 272 191 383 582 740 282 245 314 777 329 279 463 271 285 566 775 245 740 429 267 196 508 795 418 430 764 832 223 497 496 452 274 849 680 803 267 850 410 575 192 780 302 443 261 779 456 316 506 473 301 866 229 195 550 384 770 838 481 704 359 537 280 234 326 812 686 615 787 321 776 693 254 302 445 688 224 784 190 241 250 289 831 212 120 694 402 794 382 265 272 676 451 750 269 111 624 705 22 300 108 892 833 812 341 357 828 542 825 256 276 543 749 400 413 770 299 731 236 127 823 810 228 585 203 833 453 182 190 707 279 443 392 296 190 182 750 317 393 452 286 656 463 228 374 503 486 120 789 841 357 759 674 490 202 29 239 482 636 642 705 247 393 142 381 810 718 835 301 190 159 454 322 214 287 293 136 579 581 249 253 553 273 815 298 512 0 220 434 97 570 464 9 327 523 858 356 231 472 687 321 251 439 217 565 491 810 494 416 264 561 200 255 245 666 761 300 287 607 606 864 663 390 594 479 806 633 554 204 562 807 802 788 221 662 203 154 229 255 185 772 185 249 281 222 307 177 482 816 738 488 283 303 301 348 373 781 532 873 247 480 640 131 363 548 359 619 599 405 770 388 351 225 255 169 210 661 430 280 258 274 496 411 297 670 216 472 646 666 599 226 685 180 329 718 103 257 270 241 816 800 360 175 82 115 127 246 441 652 219 317 258 764 505 791 802 716 213 206 690 267 386 589 763 293 355 332 811 722 310 844 330 482 513 523 719 199 154 549 667 442 190 202 563 598 435 576 776 255 797 230 179 183 562 522 196 328 715 670 365 126 216 483 875 399 377 405 343 527 491 788 251 642 263 292 283 477 674 487 518 825 548 456 520 496 400 272 590 855 665 71 334 731 416 547 838 79 575 309 253 187 762 619 395 445 319 223 302 518 211 582 130 772 833 284 223
806 83 159 708 533 825 556 675 47 188 341 23 763 791 88 147 504 849 45 58 119 325 261 195 229 372 116 781 626 516 49 49 139 440 652 527 495 224 362 821 163 45 593 230 156 534 212 571 621 389 50 516 694 138 83 707 428 127 415 757 133 825 394 353 825 762 168 251 599 690 93 94 578 352 93 453 605 41 805 818 266 514 462 125 606 87 158 200 562 687 65 40 224 744 364 107 418 145 112 501 756 270 749 446 89 151 420 790 308 403 780 823 45 409 347 444 199 841 658 819 52 818 214 555 59 748 185 372 206 719 423 100 459 473 158 827 9 32 577 386 821 829 450 650 225 485 179 146 142 801 677 598 772 124 759 645 51 181 364 643 221 732 167 50 183 70 802 122 116 720 187 762 223 258 188 628 361 786 89 159 578 714 241 244 215 848 819 787 312 139 814 495 806 138 98 479 732 274 410 746 146 705 53 98 821 801 178 585 84 830 369 173 44 675 78 374 289 76 130 59 747 133 444 419 73 635 422 34 314 483 416 118 796 842 140 737 633 436 35 229 45 417 576 662 658 33 182 115 371 773 693 813 235 118 141 460 176 175 218 136 88 505 582 251 92 574 101 797 86 489 220 0 469 128 551 363 222 154 477 833 236 62 371 653 129 37 423 105 533 354 747 429 344 260 508 31 67 134 616 746 173 81 588 541 856 628 359 533 403 777 562 511 101 536 784 796 766 204 636 34 74 217 36 175 761 39 90 283 7 203 66 447 803 735 466 98 125 263 170 327 755 485 852 70 388 601 134 317 552 196 581 538 390 740 334 339 76 113 68 60 671 441 265 138 96 401 335 282 574 89 431 524 624 517 25 635 110 125 659 167 177 98 76 789 771 287 131 209 117 154 103 411 654 62 151 49 768 539 782 792 658 39 44 657 139 272 549 764 226 215 181 802 723 98 803 262 408 453 546 690 21 70 533 636 395 49 70 520 578 424 501 769 56 751 44 53 175 519 486 79 316 688 650 289 125 117 468 846 359 165 429 181 438 439 763 123 614 275 293 296 395 614 447 456 822 505 386 510 453 314 137 532 851 657 150 191 678 392 512 798 173 580 146 59 45 742 594 376 422 250 4 289 496 151 556 97 805 772 162 172
399 544 320 301 82 403 159 376 477 282 139 459 321 349 547 379 306 457 514 440 545 144 334 330 254 97 364 356 209 47 425 424 586 274 300 86 95 253 176 387 549 513 161 240 612 180 263 330 197 141 442 227 272 344 535 273 205 387 216 368 601 388 301 116 456 351 307 235 145 265 376 561 331 170 377 98 218 437 452 365 267 164 180 385 189 420 574 423 177 350 475 508 277 364 109 576 163 345 403 240 351 205 306 40 558 574 259 364 286 129 331 401 427 254 382 90 280 417 265 369 509 433 665 173 411 367 319 212 267 394 137 541 178 77 356 453 471 478 117 93 352 408 139 321 332 201 310 593 416 384 259 203 360 441 351 305 519 325 232 295 250 389 579 519 290 493 412 564 395 261 523 378 377 211 294 291 251 322 558 510 246 271 443 238 536 481 404 390 172 515 400 194 399 597 567 226 326 316 86 349 614 315 521 419 390 381 291 160 531 401 239 304 485 298 443 209 275 506 556 492 320 599 47 138 528 242 155 441 204 127 218 394 356 408 567 339 280 186 489 462 437 207 276 208 315 498 614 376 115 398 302 411 251 548 541 61 356 295 264 378 421 264 156 219 395 120 403 389 466 136 434 469 0 413 167 273 425 397 183 435 308 413 275 283 593 463 107 365 183 354 426 209 215 209 216 482 426 343 285 336 335 542 197 264 433 263 146 250 228 388 293 194 368 172 385 372 365 266 252 436 473 253 494 301 345 472 394 186 476 300 495 147 388 307 124 566 407 215 636 181 361 188 448 539 260 249 365 185 124 383 232 253 111 355 188 139 397 577 487 409 228 50 205 598 565 267 224 188 365 381 158 399 274 292 448 300 535 580 341 358 300 567 543 395 381 230 343 354 402 349 566 133 223 523 620 515 331 73 361 373 337 430 425 285 349 297 210 331 258 343 362 381 291 469 433 236 223 203 90 307 464 465 147 263 168 492 399 198 192 96 263 346 524 394 432 425 578 199 162 522 159 300 254 234 379 352 108 453 160 494 43 381 267 183 368 584 238 196 176 174 238 306 159 211 393 191 212 118 168 243 357 240 423 239 443 349 343 124 177 428 488 148 615 434 430 339 215 123 119 244 468 183 139 318 186 415 343 445 335 297
787 158 103 687 488 800 531 686 96 147 309 140 727 756 159 213 527 836 159 160 137 277 311 237 224 322 73 754 598 457 91 92 182 461 646 485 462 163 354 790 136 151 558 184 274 519 155 590 590 371 154 516 666 82 144 675 431 196 421 743 238 793 427 301 820 740 119 243 554 661 111 208 596 341 98 424 585 90 805 776 285 497 455 33 577 175 162 287 540 687 186 159 238 733 304 206 409 182 190 506 737 209 713 400 191 162 439 763 340 382 741 798 126 428 409 413 199 816 639 780 178 807 332 533 95 736 217 378 192 724 406 227 452 437 210 820 136 108 529 346 762 804 432 650 272 482 198 188 230 777 651 575 750 224 738 642 169 216 377 638 172 732 166 158 175 195 789 161 28 674 306 750 291 216 194 625 381 736 193 100 573 677 119 234 141 845 797 771 288 262 792 488 787 201 201 483 711 317 374 729 235 689 155 31 792 776 156 552 137 802 384 119 107 663 182 379 315 203 147 104 718 242 379 402 198 615 410 132 311 460 423 28 762 812 268 719 625 433 118 114 142 421 579 619 655 157 307 54 338 764 677 796 231 141 128 421 231 144 215 199 40 516 549 202 157 529 177 777 201 468 97 128 413 0 529 390 98 232 470 818 273 134 398 642 243 156 396 125 518 406 754 433 350 216 506 113 158 157 614 724 213 202 566 547 831 617 339 537 414 764 573 503 112 518 767 770 748 162 619 107 75 173 164 122 737 98 153 237 131 226 103 432 780 705 443 205 207 242 277 315 739 479 835 170 409 592 53 304 516 267 571 542 361 727 327 306 129 191 93 113 634 398 228 203 199 424 343 247 601 122 420 568 617 534 130 633 128 246 663 58 179 196 167 774 757 291 94 88 20 64 180 392 621 143 249 171 735 486 757 768 661 117 109 645 177 306 539 733 222 267 241 777 691 213 797 262 417 454 499 676 108 71 508 622 386 110 106 512 557 394 513 743 171 747 133 82 165 511 473 128 281 673 630 295 41 127 441 833 345 280 378 250 458 435 747 192 598 222 249 245 409 618 435 459 793 496 392 481 443 329 181 533 824 630 40 244 678 368 499 792 87 544 242 156 90 723 576 349 399 249 130 253 474 132 538 33 756 778 197 150
258 632 427 158 102 274 16 210 571 383 220 536 217 245 637 427 189 308 593 509 648 255 341 372 322 219 466 230 78 161 515 513 683 193 134 89 75 367 190 271 663 595 67 345 672 31 374 184 77 162 513 95 143 450 628 160 146 442 164 216 674 275 245 237 298 212 411 300 106 141 462 634 183 199 467 106 57 528 290 277 296 42 103 497 60 482 681 443 11 183 537 586 329 207 246 655 136 409 459 120 208 326 204 149 637 679 192 239 281 149 239 272 506 195 344 118 352 291 111 275 581 280 718 6 500 210 372 194 348 226 128 601 104 100 407 297 550 568 118 186 320 278 101 154 357 96 373 690 458 250 127 47 222 486 210 138 596 377 211 128 357 223 688 600 370 554 261 662 506 196 549 224 393 313 363 124 224 268 636 629 83 171 583 308 663 323 269 243 243 557 264 82 258 688 645 123 183 321 157 200 694 161 604 526 270 251 382 55 625 279 212 410 577 138 504 191 285 567 659 588 196 670 213 132 595 87 131 519 238 69 165 505 248 292 618 191 113 129 578 599 511 157 119 142 147 574 661 482 191 241 149 267 316 649 650 121 398 390 333 432 526 143 57 327 463 101 464 248 522 62 570 551 167 529 0 239 562 438 90 290 336 489 235 119 661 534 133 448 36 314 259 148 217 313 91 571 494 417 118 196 387 612 38 121 305 97 193 110 180 236 145 68 454 23 239 245 219 368 92 521 574 356 567 407 210 564 464 292 558 353 592 105 253 184 86 641 457 292 705 224 211 86 306 620 214 82 476 234 59 409 66 111 168 200 218 223 475 664 586 492 135 146 301 689 643 211 228 282 224 463 123 284 107 166 527 132 637 643 174 480 375 646 627 246 230 267 444 488 514 465 653 140 110 611 695 590 220 135 231 241 170 512 510 122 414 309 54 214 325 370 400 251 174 522 275 289 174 125 107 149 552 567 22 99 159 585 485 63 28 136 144 218 602 231 508 518 690 65 70 618 248 145 101 266 489 436 88 305 192 525 174 414 188 125 219 674 73 309 281 288 193 142 108 128 271 70 184 52 106 252 419 99 300 107 564 386 176 161 52 270 612 64 692 503 520 194 50 180 131 302 548 276 55 409 21 522 279 278 394 388
466 445 294 377 282 492 251 313 396 253 169 343 451 478 451 219 141 500 399 310 477 210 112 168 170 221 317 454 314 307 341 339 502 76 303 268 223 265 100 498 507 404 301 235 456 211 262 208 315 132 316 169 373 309 445 395 92 238 75 412 468 503 41 221 469 428 278 156 328 373 291 430 215 112 301 187 278 354 447 513 105 197 136 357 298 280 514 212 246 331 331 391 152 397 247 455 117 221 255 147 420 251 440 232 439 510 58 464 55 144 476 490 320 50 112 189 192 509 325 510 379 467 496 240 326 400 180 61 203 359 141 388 135 217 205 473 359 388 323 194 556 496 154 294 140 147 194 509 241 467 357 278 437 269 422 293 399 183 40 294 246 374 523 407 215 346 454 484 362 434 317 415 164 215 196 276 22 506 438 483 232 408 483 165 530 492 482 444 154 332 477 160 466 500 445 129 397 94 187 405 494 365 413 374 495 470 237 289 446 502 34 281 399 333 299 64 76 357 488 413 424 462 289 139 389 307 126 329 104 190 74 362 481 517 397 398 286 111 396 490 319 82 220 378 305 378 436 336 172 421 355 470 162 477 489 220 189 250 176 228 371 145 290 232 271 311 264 457 311 190 464 363 273 390 239 0 458 222 149 488 127 302 8 311 451 337 167 275 208 83 385 90 66 218 164 390 298 240 264 413 191 406 268 184 523 286 137 179 58 431 202 177 286 217 441 468 425 245 303 341 409 238 368 279 429 388 273 214 370 166 419 147 467 414 177 439 247 171 493 119 413 154 509 427 27 258 339 124 271 185 241 184 165 395 103 172 292 472 415 312 373 222 201 500 444 39 63 191 213 287 128 183 277 154 338 282 466 430 300 361 211 448 436 444 425 106 296 388 370 338 463 141 348 425 490 392 453 307 452 460 300 329 329 314 227 92 212 445 170 152 186 470 407 307 449 135 65 115 295 348 371 401 230 297 106 407 310 186 258 178 141 442 404 395 319 347 528 184 170 440 179 349 320 101 349 268 190 498 120 296 237 194 75 115 420 485 280 231 207 224 46 256 137 113 494 172 62 223 136 65 228 181 520 340 430 174 321 149 188 443 477 293 489 306 346 405 266 156 156 145 360 189 194 257 233 370 517 410 204 242
816 234 166 716 505 825 561 737 184 205 347 237 746 774 232 304 589 870 247 258 192 307 394 321 288 344 158 778 625 465 188 190 237 525 688 505 490 201 406 811 162 238 581 230 359 557 200 648 615 414 252 565 692 155 217 696 485 289 478 777 316 813 498 325 859 769 180 304 569 686 203 292 653 390 189 457 619 186 847 789 356 535 502 118 604 272 199 381 573 732 283 249 309 769 320 284 456 268 284 559 766 237 731 421 272 204 502 786 413 423 755 823 223 491 492 444 269 840 672 794 270 842 415 567 192 772 298 436 256 771 448 319 499 464 299 858 231 199 541 376 760 829 473 696 355 530 276 241 325 804 677 607 778 321 767 686 258 299 439 680 217 776 199 245 246 292 823 219 120 685 404 785 380 258 268 669 446 741 274 119 617 696 25 294 118 884 824 804 334 359 819 534 816 263 282 536 741 396 405 761 306 723 240 128 814 802 223 576 208 824 447 177 194 699 279 437 387 298 197 186 742 322 384 444 290 648 456 229 367 495 480 119 780 833 360 751 666 483 206 38 240 476 628 633 698 250 397 140 373 802 710 827 296 197 167 446 319 209 282 291 137 572 573 241 252 544 272 806 299 504 9 222 425 98 562 458 0 325 516 850 352 231 466 679 326 253 432 215 557 487 802 487 409 257 554 203 255 242 659 753 297 291 599 599 855 655 382 587 473 798 626 547 202 554 799 794 779 215 654 204 158 223 257 180 764 189 248 274 225 303 182 475 807 729 480 288 302 295 354 367 772 525 865 252 474 632 128 356 540 357 612 592 397 762 381 344 225 261 173 210 652 421 273 265 280 490 405 290 664 215 465 640 658 593 227 677 187 333 711 98 253 275 246 807 791 354 172 74 115 123 252 434 644 224 323 261 755 496 782 794 709 214 207 682 264 382 581 755 288 352 330 803 713 311 836 324 476 506 515 711 202 157 541 659 435 194 202 555 590 427 569 767 259 789 231 180 191 555 514 202 320 707 662 359 124 214 474 866 392 377 397 341 520 484 780 257 634 256 285 275 471 667 480 511 816 541 450 511 489 394 270 582 846 657 75 331 723 408 540 830 87 567 315 253 188 753 611 387 437 313 225 295 510 206 574 131 763 826 281 218
683 232 180 589 444 706 446 534 197 171 258 132 654 682 238 24 359 720 183 97 273 263 112 68 145 305 169 665 515 443 151 149 290 297 522 434 396 211 249 708 314 189 490 195 236 416 199 428 513 283 104 386 580 177 235 598 300 36 284 630 246 712 246 290 691 642 174 162 505 578 122 209 434 245 136 352 486 161 668 713 142 397 339 207 496 67 312 57 447 552 110 174 120 616 310 235 301 70 45 367 634 239 642 365 219 306 280 674 167 299 675 703 119 271 192 347 126 723 537 712 159 687 280 440 140 619 79 246 146 581 314 167 337 378 44 694 148 184 489 305 735 709 338 515 82 358 95 297 21 681 563 483 651 49 637 513 181 72 233 513 196 596 321 191 130 124 674 275 206 623 128 634 69 208 113 496 225 693 218 302 449 607 348 161 357 713 697 661 225 120 692 370 683 283 225 347 611 128 320 621 273 581 197 205 706 683 146 480 238 713 235 181 196 549 80 248 154 136 284 211 632 240 387 309 168 516 307 123 204 374 285 207 686 728 180 613 504 312 189 345 110 288 441 564 525 161 224 185 284 642 570 688 147 272 293 370 41 155 137 35 198 366 479 212 75 482 57 673 90 378 327 154 397 232 438 222 325 0 354 706 102 104 229 527 230 121 323 111 413 200 606 300 220 212 379 184 88 92 484 626 64 185 473 405 737 502 261 399 270 650 423 387 124 419 659 679 642 179 515 143 217 186 151 181 642 187 79 229 159 97 218 333 682 621 357 219 29 185 272 224 630 362 727 210 248 474 199 216 452 42 455 404 297 614 224 258 103 255 218 122 568 357 206 283 224 260 210 216 426 110 315 371 495 375 131 502 264 209 521 235 116 229 220 662 643 175 160 277 212 211 247 304 546 213 268 173 658 458 664 673 521 130 134 531 71 132 425 652 141 70 38 683 611 86 670 161 276 325 458 565 168 211 423 511 279 203 127 396 462 327 363 653 186 617 115 159 328 395 369 233 240 565 530 174 202 115 364 717 254 98 354 28 297 316 638 269 492 232 234 246 260 478 329 326 705 381 258 405 333 187 63 400 733 545 269 52 543 292 392 665 307 479 267 95 155 620 475 282 318 153 150 221 384 140 438 201 708 631 70 145
330 559 367 234 154 351 103 222 502 323 169 460 303 331 565 346 124 372 518 431 580 213 254 290 252 190 402 311 166 199 445 443 612 108 177 139 97 315 117 354 601 521 154 288 590 63 319 151 166 102 436 51 227 389 556 247 57 362 74 280 595 358 156 204 351 287 351 231 187 226 392 555 154 129 399 86 132 458 335 365 215 49 15 437 149 403 616 355 97 218 458 510 253 268 221 578 61 332 380 58 281 280 292 148 561 613 104 320 193 94 328 349 432 106 254 97 281 368 183 362 503 341 634 91 429 271 294 108 281 256 69 520 18 106 327 352 475 497 188 153 409 355 49 181 273 19 298 620 375 327 210 130 297 403 283 172 520 299 123 168 301 262 623 525 302 474 325 592 445 286 462 285 306 258 291 155 135 358 560 569 103 259 538 239 609 375 344 310 183 472 339 19 330 615 568 45 257 234 127 269 618 228 530 463 352 328 317 142 555 359 123 351 507 198 425 106 200 487 592 519 279 590 219 72 516 162 60 444 164 59 75 445 334 373 534 260 157 42 506 552 435 68 113 231 185 498 576 420 147 297 217 336 245 581 586 121 316 327 262 352 462 82 143 274 387 173 386 320 441 53 523 477 183 470 90 149 516 354 0 356 253 415 146 176 581 457 94 377 60 224 287 59 135 259 40 500 417 344 144 272 308 533 120 89 383 151 133 76 91 300 119 34 385 68 307 325 289 309 161 449 508 298 490 348 288 494 388 242 484 275 523 44 328 268 58 564 376 228 624 155 278 9 375 545 124 124 417 166 130 324 104 80 124 263 145 173 401 590 518 420 225 140 244 616 567 122 145 226 184 391 51 219 148 109 453 163 569 562 195 427 304 570 553 312 293 190 380 441 453 408 580 83 199 538 617 513 306 185 310 319 193 439 437 180 338 223 72 299 255 285 317 329 259 440 329 216 84 35 166 213 480 500 84 159 84 514 414 43 110 104 81 298 525 278 433 448 625 42 25 548 195 212 176 188 429 366 74 369 125 439 168 329 102 38 286 601 138 261 231 242 103 152 36 39 351 27 97 86 27 168 342 68 379 193 508 303 209 109 39 323 556 148 614 426 450 266 121 130 84 229 474 221 54 343 85 458 369 310 317 323
40 916 716 134 353 64 289 209 857 672 509 816 150 139 921 700 368 24 874 787 935 545 599 645 607 506 754 95 227 407 800 798 968 417 185 349 360 657 472 105 952 877 274 634 943 301 663 307 238 449 792 321 164 739 912 171 407 717 422 76 950 110 474 525 67 86 700 585 298 172 747 911 300 483 753 395 233 813 98 171 570 322 371 786 247 758 969 699 278 166 812 866 609 90 531 934 416 688 734 340 85 615 161 431 916 967 430 93 540 437 169 64 788 438 567 407 637 69 179 157 858 32 983 285 785 87 650 463 635 160 413 873 374 386 682 57 831 852 329 475 289 62 387 198 624 349 654 975 726 64 176 243 77 755 84 196 876 654 474 194 647 134 976 881 656 829 34 948 795 228 803 72 651 602 647 212 481 239 916 918 257 183 871 593 953 78 47 47 531 820 49 339 39 971 924 360 110 581 446 89 973 129 886 814 93 73 669 276 911 85 471 700 863 158 779 460 552 841 946 874 125 945 482 418 871 203 412 800 520 358 422 794 131 100 884 99 202 398 862 887 791 419 268 249 184 854 924 771 481 72 141 25 600 936 939 405 670 678 617 707 814 345 280 617 743 320 741 48 795 350 858 833 435 818 290 488 850 706 356 0 606 771 481 180 935 813 422 732 302 541 159 407 490 602 327 855 773 700 223 100 664 888 252 304 69 205 481 308 436 57 293 323 740 301 51 85 71 657 199 805 862 645 846 696 94 849 744 582 840 631 878 388 58 136 375 919 730 579 978 508 79 348 23 902 461 233 766 519 313 672 253 304 457 93 500 512 757 946 873 776 218 429 590 972 922 451 500 571 333 747 403 421 211 345 809 206 924 915 200 770 660 926 909 45 63 546 732 776 803 755 936 427 214 894 972 869 136 373 85 74 198 795 793 176 694 574 284 126 610 636 669 72 154 792 64 571 430 382 347 143 836 854 310 198 439 870 770 313 261 425 349 100 881 107 790 803 978 314 348 903 537 146 189 544 779 722 378 20 477 784 456 680 415 394 71 957 221 598 571 577 446 237 387 380 87 329 450 339 381 522 698 306 80 196 854 656 174 450 322 67 901 287 970 782 806 97 242 469 420 584 830 565 344 696 280 810 221 146 673 676
582 319 187 487 348 604 345 439 270 155 171 217 553 581 324 95 267 620 273 184 351 188 45 41 84 223 200 563 414 352 215 213 375 203 422 337 297 182 149 606 383 277 389 156 338 314 174 335 411 184 190 285 478 197 319 496 199 112 183 529 345 610 159 213 592 540 174 88 406 476 168 306 341 147 179 253 385 228 571 612 42 295 238 242 395 154 389 115 345 454 207 264 51 516 236 330 200 95 130 268 533 190 540 273 313 384 183 572 72 200 574 602 193 173 142 249 88 621 435 611 254 588 382 338 201 519 56 144 107 484 213 268 235 280 79 595 233 262 392 215 637 608 237 416 24 257 76 383 122 579 462 381 549 150 536 414 273 58 132 413 163 498 397 280 108 223 573 357 245 523 219 534 70 152 85 396 126 594 313 361 349 506 376 92 411 615 596 560 139 221 591 268 581 373 320 247 509 44 227 520 369 480 286 254 604 581 132 379 319 612 135 179 273 448 174 147 54 235 362 287 531 339 305 209 266 415 206 203 107 273 184 245 584 626 282 512 404 210 269 380 192 187 343 465 426 252 325 219 193 542 469 587 80 351 364 274 64 146 83 102 249 269 378 164 144 384 138 572 189 277 356 236 308 273 336 127 352 102 253 606 0 175 135 426 329 211 225 152 311 135 511 199 119 157 278 263 171 118 385 524 65 283 371 307 635 401 165 300 170 549 327 285 164 317 558 577 541 153 413 215 284 153 243 177 540 261 147 166 243 49 293 232 580 519 257 315 124 114 373 128 529 260 626 301 151 373 226 123 352 76 354 305 202 513 126 171 166 346 290 187 467 265 144 373 319 165 108 146 338 162 213 296 395 280 211 403 340 310 424 254 99 323 309 561 543 78 182 288 253 229 337 205 445 298 366 266 556 364 562 571 424 202 203 430 101 35 323 550 81 35 64 582 509 187 571 76 176 224 362 464 245 277 322 410 178 280 185 295 360 231 265 551 279 518 192 222 402 293 267 313 160 463 429 76 234 147 264 617 156 192 266 78 202 214 537 358 390 176 166 182 161 380 228 226 604 279 157 305 231 85 102 300 631 443 313 50 444 195 290 566 358 378 365 180 221 518 373 188 219 74 233 149 283 145 336 249 608 536 79 135
744 145 120 646 475 763 495 614 96 138 282 47 702 731 150 90 443 786 104 33 176 269 203 134 168 316 87 720 565 460 48 46 200 378 590 468 435 178 300 760 213 106 532 178 200 472 165 510 560 327 32 454 632 105 144 647 366 71 352 695 188 763 333 298 762 700 124 190 540 629 44 148 516 291 53 392 543 57 743 757 203 452 400 116 545 41 214 156 500 625 70 97 162 682 312 166 356 83 59 439 694 221 689 389 148 209 358 729 248 342 720 761 18 348 293 384 138 780 596 758 96 755 256 493 39 685 123 310 148 657 362 132 397 413 98 765 61 86 519 328 764 767 388 587 166 423 117 208 98 739 616 536 710 90 697 583 107 119 302 581 171 670 223 111 124 86 740 182 112 661 177 700 170 203 127 565 299 728 148 198 516 653 253 184 253 786 757 725 252 138 752 432 744 201 156 416 670 214 350 684 205 643 115 105 760 740 123 524 144 768 307 130 98 613 51 312 227 98 187 112 685 186 392 357 115 573 360 29 252 422 353 113 735 781 166 675 570 373 94 247 24 354 514 603 595 85 213 97 312 710 631 751 174 175 192 401 117 123 157 78 97 443 522 199 32 515 47 734 75 428 231 62 413 134 489 302 231 104 415 771 175 0 310 591 180 50 362 49 471 297 685 366 281 206 445 88 25 73 554 684 111 129 526 479 794 566 299 471 341 715 500 448 52 474 722 735 704 153 574 41 114 165 80 132 699 87 29 229 69 140 118 385 741 673 404 154 76 203 223 266 693 423 790 131 326 539 114 256 492 143 518 476 330 678 272 281 17 175 116 21 611 383 209 201 155 340 272 225 514 34 369 466 562 455 38 573 165 168 596 152 116 157 138 726 708 225 92 197 116 132 165 350 593 124 208 102 707 482 720 730 596 27 30 595 77 211 487 703 165 157 124 740 661 85 741 201 346 391 488 628 69 107 472 573 333 105 30 458 516 364 439 708 113 688 19 56 229 457 424 138 258 626 588 227 112 62 407 784 298 148 372 127 376 377 701 186 552 223 237 243 333 552 384 394 760 442 324 449 390 252 74 470 789 596 168 133 615 331 450 735 204 520 204 27 51 680 532 316 361 188 59 231 434 99 494 102 746 710 99 118
461 453 302 371 281 486 248 306 404 261 175 351 447 474 459 227 133 493 407 318 485 216 118 176 178 225 325 449 311 308 349 347 510 69 297 267 223 273 104 494 515 412 298 243 463 207 270 200 312 135 324 163 369 318 453 391 90 246 72 406 475 498 34 227 462 422 287 164 327 369 299 437 207 117 310 187 274 362 439 509 113 194 133 366 295 288 522 218 242 324 338 398 160 391 252 463 117 229 263 141 414 258 436 234 446 518 51 459 63 146 472 484 328 44 112 190 200 504 320 506 387 461 502 236 334 394 188 63 211 352 142 395 132 217 213 466 367 396 322 197 554 490 154 287 148 143 202 517 248 461 353 274 431 276 417 286 406 191 44 288 254 367 531 414 223 353 448 492 371 432 323 409 170 222 204 269 27 503 445 491 226 404 491 173 539 485 476 438 160 339 472 156 460 507 452 124 392 101 190 399 501 360 420 383 490 464 245 287 454 497 36 290 407 327 306 66 84 365 496 421 419 469 293 139 396 302 126 337 111 188 71 371 476 512 403 392 280 109 404 498 326 80 214 376 298 386 443 344 176 415 350 464 170 485 497 221 197 258 184 236 379 138 287 239 279 309 272 452 318 188 472 371 275 398 235 8 466 229 146 481 135 310 0 305 458 344 169 283 204 82 378 87 72 226 159 398 305 248 258 407 199 414 265 178 517 281 142 173 56 425 194 173 294 214 436 463 419 253 298 349 417 246 376 287 424 396 281 221 377 175 427 146 462 409 176 447 255 178 500 125 407 150 503 434 22 253 347 131 270 192 236 178 168 389 109 178 300 480 424 320 370 224 208 507 451 31 70 198 205 295 128 175 271 146 346 276 474 437 293 369 219 456 444 437 419 114 304 396 379 346 471 143 344 433 497 399 448 307 447 454 293 337 337 309 235 100 208 440 178 159 194 465 402 314 442 143 62 111 295 343 379 409 228 291 107 415 318 181 254 179 134 437 412 388 327 355 536 180 167 448 185 344 315 109 358 276 189 491 124 302 240 202 68 113 414 492 275 238 214 230 43 249 136 109 489 168 63 222 134 73 236 176 515 336 438 181 314 152 184 437 485 291 496 314 354 399 262 160 158 153 367 196 192 266 230 378 514 403 212 250
156 736 539 73 207 182 124 118 678 495 334 636 164 184 741 520 205 196 694 607 756 373 422 465 428 338 576 149 90 268 621 619 788 244 28 198 194 483 292 194 775 697 135 458 764 123 488 160 105 271 612 142 90 561 733 120 227 537 243 104 770 199 301 356 180 118 524 406 176 96 568 731 155 304 574 223 65 634 171 226 390 145 192 610 102 578 791 523 108 73 633 686 429 92 366 754 236 509 555 164 109 443 159 268 736 788 254 158 362 260 194 180 608 261 399 236 457 199 35 219 678 165 805 114 605 95 470 283 456 116 236 694 194 220 502 179 651 673 202 304 310 185 209 62 445 169 474 796 548 157 81 81 127 576 112 44 696 474 295 31 471 107 798 701 477 649 149 768 618 191 628 109 474 427 467 48 303 251 736 742 79 140 701 414 779 205 171 134 354 642 167 159 156 791 744 182 88 403 275 94 793 55 706 637 189 161 491 130 731 194 292 523 683 22 600 281 373 661 767 694 126 765 330 240 691 47 233 620 340 184 243 617 184 211 706 87 28 218 682 716 611 239 100 164 44 674 747 593 307 123 46 161 421 757 761 240 490 500 438 527 636 173 135 442 563 187 561 147 615 175 687 653 283 642 119 311 679 527 176 180 426 591 305 0 756 633 248 553 124 371 147 228 310 427 148 676 593 520 57 104 484 708 86 133 212 26 303 134 258 124 132 143 561 125 132 161 115 480 33 626 683 469 666 520 122 670 564 408 660 451 699 210 157 119 200 739 550 401 799 329 103 168 200 722 284 53 589 340 161 494 73 130 283 87 320 337 578 766 694 596 135 265 414 792 742 275 320 395 198 567 224 281 35 180 629 49 745 736 82 596 480 746 729 135 117 366 554 605 626 579 756 250 108 715 792 689 159 236 144 151 77 615 614 4 514 395 105 148 430 457 490 161 121 613 157 392 251 202 207 38 657 675 141 20 260 690 590 133 92 252 177 137 701 112 610 624 800 134 169 724 362 40 43 364 602 542 205 193 298 607 294 501 241 214 110 777 46 425 396 404 268 84 208 201 187 149 270 172 201 342 518 130 211 81 678 476 70 274 143 151 726 145 790 602 626 95 69 294 244 405 650 389 169 518 105 632 250 163 493 497
911 94 289 815 653 932 668 763 147 316 460 135 876 904 97 235 587 949 87 154 151 449 340 291 344 496 246 890 738 640 178 179 125 526 751 646 611 353 470 932 204 93 708 356 34 641 340 656 734 501 151 615 804 267 111 820 528 219 513 859 23 936 474 477 920 868 296 366 717 801 219 36 663 463 222 568 712 169 898 933 366 622 566 249 718 179 174 250 671 782 123 90 332 845 491 45 525 254 202 596 862 398 863 568 54 165 509 900 397 516 895 930 167 500 405 560 316 949 764 933 84 917 89 664 188 848 289 473 327 810 534 64 563 590 254 923 125 136 698 507 943 936 560 745 312 586 290 129 210 907 787 707 878 182 864 742 78 283 461 742 349 825 182 85 304 107 903 129 239 838 177 863 291 383 303 725 454 906 51 226 678 828 338 360 275 943 925 890 429 133 920 597 911 100 45 576 838 357 528 849 58 809 88 217 931 909 302 699 120 939 464 302 136 778 157 475 383 94 153 141 857 13 571 530 66 742 530 153 423 595 513 241 909 952 76 841 733 539 125 321 156 516 671 779 755 98 84 243 490 871 798 916 349 145 184 579 265 301 334 230 209 596 697 378 200 693 197 901 140 600 321 129 593 243 661 451 326 230 581 935 329 180 458 756 0 130 537 228 639 421 835 528 446 386 608 131 168 250 714 853 274 51 697 635 963 730 474 629 499 879 653 614 228 644 887 905 870 331 742 163 170 343 100 304 868 146 200 408 123 308 144 556 909 845 577 38 206 381 44 439 858 589 955 74 477 703 261 430 668 267 683 634 507 842 443 459 196 78 153 186 786 562 388 98 47 490 436 405 651 212 538 589 724 604 146 732 150 26 751 291 294 52 80 891 872 394 260 330 237 282 83 523 767 102 43 80 881 661 890 899 751 165 172 759 248 362 652 875 341 300 266 910 834 144 900 373 505 554 666 793 142 172 645 739 502 133 197 624 686 540 592 878 74 846 162 181 195 622 593 126 436 792 756 395 251 241 581 947 471 176 552 257 526 542 866 92 719 401 417 422 490 707 553 555 931 608 486 624 558 413 243 630 959 768 251 279 772 507 618 894 254 696 46 160 174 847 701 493 535 362 130 411 606 277 663 217 923 860 267 297
787 110 167 690 523 807 541 650 84 188 330 16 748 777 116 118 477 828 62 26 154 319 231 170 215 366 128 765 610 509 67 66 168 413 631 516 482 227 344 805 200 68 579 228 151 516 214 545 606 373 21 494 677 148 114 692 406 99 392 737 140 809 365 347 802 744 172 237 587 674 92 100 551 336 98 439 587 67 781 804 243 496 442 147 590 57 192 164 545 664 30 54 205 724 361 121 399 126 82 478 738 270 735 437 103 186 394 774 282 388 767 805 40 384 313 431 186 824 639 805 47 796 206 537 70 727 164 351 196 695 407 84 439 461 132 805 29 69 568 377 813 811 433 627 197 464 161 176 108 783 661 581 753 87 740 623 63 159 341 622 221 708 202 70 173 41 781 153 140 708 152 742 190 253 173 605 337 776 103 196 557 699 272 231 252 825 800 767 300 106 795 474 787 163 111 456 713 245 398 726 160 686 76 125 805 784 173 570 117 813 345 178 81 655 42 353 264 51 164 96 730 137 441 402 65 617 404 28 296 467 393 141 781 826 120 718 612 415 71 263 26 395 553 650 635 41 165 133 360 751 674 794 220 152 178 449 148 172 204 108 116 480 569 249 71 563 73 778 49 473 251 37 463 156 534 337 253 121 457 813 211 50 344 633 130 0 409 99 514 322 722 407 323 256 486 68 40 120 594 728 149 79 571 517 838 608 345 510 379 757 537 491 100 518 764 779 746 202 617 50 110 215 33 180 743 76 71 278 40 182 103 430 784 718 450 107 93 251 174 311 735 465 833 90 362 580 151 301 539 163 561 515 378 720 317 329 66 135 105 61 658 432 258 163 109 375 313 274 545 83 413 492 603 491 26 613 145 119 635 188 164 113 99 769 750 268 138 231 142 171 127 395 639 92 161 56 753 531 765 774 634 44 52 637 120 245 529 748 211 186 152 784 707 61 781 245 385 432 536 670 57 106 517 616 376 86 72 500 560 411 476 752 68 728 33 74 210 499 468 113 306 669 631 269 146 112 453 825 343 129 421 149 412 419 743 148 595 272 287 292 371 590 428 434 805 485 364 496 433 292 115 510 834 641 183 163 655 378 493 775 209 567 158 31 66 723 576 363 407 233 33 280 479 149 538 123 794 747 141 168
391 503 294 291 123 406 136 314 440 250 87 409 340 369 507 309 209 441 466 384 516 125 242 255 194 96 334 361 205 140 384 383 552 170 256 112 74 235 78 400 530 467 170 212 552 126 241 245 199 41 387 145 273 317 497 285 100 321 110 348 549 403 195 112 428 345 279 172 182 269 332 508 248 78 336 30 190 398 416 396 183 104 86 364 184 359 549 339 144 302 415 459 206 339 127 528 57 284 338 150 341 195 327 67 510 547 153 370 188 26 358 404 378 148 279 24 224 422 243 396 456 412 601 137 369 342 250 107 217 343 32 480 83 56 287 427 422 438 168 60 413 410 46 267 248 112 248 559 343 382 257 180 355 370 342 255 469 256 128 249 224 346 556 472 240 432 394 531 373 301 443 355 290 180 236 239 146 371 510 496 187 291 453 179 531 453 402 376 111 443 397 111 391 558 518 131 315 223 33 333 567 294 476 393 400 382 250 162 495 409 134 277 447 268 382 104 182 446 527 457 325 545 133 32 472 220 50 391 119 64 112 372 374 421 501 323 235 83 448 468 385 101 205 243 267 447 546 349 59 371 281 400 189 518 518 53 282 258 205 311 394 172 160 194 338 159 341 381 402 73 439 423 107 396 133 167 432 323 94 422 225 362 169 248 537 409 0 318 126 250 375 104 116 180 134 441 369 290 229 329 266 487 170 183 437 224 64 170 121 369 213 119 324 123 372 376 352 235 224 392 442 223 441 274 342 433 338 160 430 231 461 51 385 313 48 515 339 161 581 99 344 103 439 493 154 201 343 108 131 301 181 174 35 332 99 90 347 535 455 363 249 56 168 559 517 161 126 149 275 334 54 297 227 199 399 247 505 521 284 348 246 519 499 379 362 148 311 357 381 332 524 26 231 482 569 464 346 143 362 373 281 384 380 251 289 205 150 342 198 260 285 383 300 403 405 164 117 104 137 281 422 435 113 228 62 454 355 127 161 11 170 349 475 357 381 387 557 127 85 487 115 277 234 149 357 307 46 438 69 416 79 302 162 81 352 544 203 177 148 156 131 242 61 111 401 114 106 88 72 148 295 162 430 236 431 271 294 31 109 399 479 158 566 378 390 327 181 47 13 176 420 143 79 278 143 389 387 397 271 256
704 185 77 606 429 722 453 582 125 89 236 94 658 687 189 89 415 748 149 80 205 221 188 114 126 268 58 678 522 412 68 66 236 350 553 422 391 130 261 718 232 149 488 129 249 432 116 481 517 285 80 418 590 68 180 603 331 75 318 656 235 721 310 250 727 660 77 148 494 587 16 195 487 250 28 348 502 81 708 713 172 411 362 98 502 73 241 167 459 590 117 143 126 644 263 211 317 58 75 405 654 172 645 342 193 237 328 687 222 299 676 720 62 318 284 339 96 738 556 714 144 718 305 452 53 647 96 275 101 624 320 181 359 368 85 728 105 120 473 282 717 726 347 553 149 386 81 243 114 698 574 495 669 119 656 547 154 94 270 544 122 635 249 155 79 134 701 216 98 615 212 662 166 155 86 529 269 682 193 209 479 609 239 140 260 750 716 686 207 180 711 395 704 240 202 382 629 194 305 644 250 604 158 103 718 698 74 480 178 727 275 84 130 575 92 277 199 147 216 142 643 234 343 316 164 533 320 76 213 379 319 99 692 739 214 635 533 336 130 238 73 319 480 557 560 132 261 75 266 673 592 712 132 205 214 355 106 74 115 76 98 411 478 150 45 469 65 695 118 386 217 105 365 125 448 275 215 111 377 732 152 49 283 553 228 99 318 0 431 283 653 331 246 158 409 123 68 35 518 644 89 177 485 446 753 527 256 436 308 677 468 410 13 433 683 693 664 104 534 74 134 116 128 85 658 117 41 180 112 109 147 345 700 631 362 201 92 158 271 224 654 385 751 175 297 501 88 214 448 142 480 442 286 640 232 235 32 216 142 44 567 337 161 241 201 312 238 178 488 16 329 448 524 426 83 537 194 217 563 124 73 202 180 688 670 188 52 167 105 101 206 308 550 163 254 150 664 434 679 689 562 66 62 556 52 186 448 660 123 142 116 699 619 126 705 161 313 355 442 589 104 126 430 535 293 138 37 420 475 319 407 666 159 653 66 72 253 419 385 171 211 587 547 190 91 13 364 746 256 182 325 126 347 339 662 226 512 174 189 194 302 518 345 358 718 404 289 406 352 219 56 435 748 554 164 119 581 288 410 699 208 476 250 73 73 640 492 272 318 148 103 184 392 50 454 98 700 677 73 69
274 615 416 176 129 293 52 194 555 371 211 516 244 271 620 404 153 319 574 488 633 251 313 349 305 219 453 252 107 185 498 496 666 158 131 114 88 359 171 295 651 577 103 335 649 5 364 153 109 148 493 60 167 438 611 188 116 419 133 226 653 299 211 236 302 230 400 283 142 166 446 613 153 181 451 104 73 512 290 306 273 22 74 486 92 460 668 415 40 177 515 566 309 215 248 635 115 389 437 84 224 320 233 158 617 665 159 261 252 136 268 291 487 162 310 117 335 310 125 303 560 289 693 35 483 218 351 167 333 219 112 578 76 109 385 303 531 551 151 184 355 297 86 143 332 62 354 674 434 269 151 71 240 462 226 130 576 356 183 123 347 220 675 581 354 532 272 646 494 230 521 232 365 303 345 114 195 302 617 618 64 201 579 291 655 327 286 255 230 531 281 48 274 670 625 87 199 293 155 213 674 173 585 513 293 270 368 91 609 300 183 399 561 145 482 165 259 545 645 572 219 648 227 116 574 103 111 500 219 64 134 494 274 314 593 204 109 102 561 594 491 127 93 177 142 554 636 470 184 246 161 281 299 634 637 129 375 377 316 409 513 107 93 319 443 135 443 264 499 54 565 533 183 518 36 208 557 413 60 302 311 471 204 124 639 514 126 431 0 280 251 118 193 304 55 554 474 399 106 214 366 590 61 89 325 98 180 76 150 247 115 32 438 15 252 266 233 357 104 504 560 345 547 396 229 548 444 285 540 332 577 86 270 208 78 621 434 278 682 207 223 54 320 601 182 75 465 218 91 383 55 78 160 210 199 214 457 645 571 474 168 152 290 671 623 178 203 272 193 446 102 248 101 131 508 123 622 620 161 472 358 626 609 257 240 246 430 483 502 455 635 126 140 593 674 570 246 162 251 260 158 494 492 127 394 283 28 239 308 344 375 271 200 498 280 270 143 93 137 158 535 552 43 105 138 568 468 27 51 131 109 240 582 231 489 502 677 29 46 601 238 156 118 245 478 420 86 316 175 498 182 388 153 97 231 656 81 302 273 282 162 124 86 95 292 36 156 66 81 226 399 65 320 133 555 361 169 150 21 274 603 100 671 483 504 209 62 170 120 283 530 266 49 395 26 509 311 272 373 374
524 432 321 440 364 553 327 350 393 287 242 332 521 546 438 207 175 550 383 297 472 278 95 169 208 296 334 518 387 390 342 340 490 127 358 350 305 309 180 563 510 389 378 280 420 284 303 242 389 213 304 233 442 332 435 466 170 227 153 467 440 568 70 294 514 489 308 201 408 443 298 405 249 189 311 269 348 353 488 584 139 273 213 376 372 266 510 170 320 377 309 374 180 451 319 433 200 225 242 208 480 305 511 314 418 505 122 527 84 226 547 550 314 118 30 272 220 570 390 579 358 518 452 314 328 454 190 143 237 399 224 357 213 299 201 519 348 382 404 272 633 556 236 343 135 219 210 497 216 527 426 350 498 242 483 346 380 190 122 349 289 418 520 391 242 321 507 475 379 510 266 469 132 267 219 330 104 582 416 491 293 480 511 209 543 535 541 499 220 292 536 233 524 483 423 195 459 91 269 463 469 425 398 386 559 531 265 366 437 565 116 312 394 392 280 146 109 331 483 409 491 432 369 221 364 374 208 321 170 270 152 379 548 581 357 457 344 190 388 515 309 162 273 455 357 361 392 353 250 472 416 526 201 471 490 302 180 279 210 219 381 198 367 282 266 391 253 515 286 269 491 354 354 406 314 83 487 200 224 541 135 297 82 371 421 322 250 283 280 0 421 167 142 271 231 383 286 250 319 475 194 381 340 238 583 348 215 237 137 485 248 249 296 292 498 531 483 283 368 338 410 280 351 310 492 384 269 272 359 183 415 228 527 481 258 416 229 222 460 190 470 228 563 410 102 321 360 192 351 159 306 241 245 451 176 244 291 454 414 312 448 304 255 483 422 103 135 249 232 291 210 171 336 196 329 335 462 397 344 388 234 427 420 498 479 160 316 422 386 364 447 224 421 413 462 372 521 389 515 521 346 325 327 374 231 106 281 512 206 142 173 532 476 280 496 181 144 189 377 408 366 403 308 359 188 401 313 256 330 260 194 506 386 442 312 349 526 254 247 432 246 410 386 154 369 280 272 549 198 252 318 173 131 195 477 468 346 287 268 285 125 304 218 186 557 244 145 303 215 124 229 242 582 411 446 166 368 230 262 490 491 371 462 294 346 465 335 235 239 187 350 249 273 280 306 382 592 446 210 269
169 829 652 173 353 208 267 72 777 607 456 727 252 258 835 605 248 155 784 695 857 498 495 552 532 469 685 207 235 414 720 718 885 309 125 343 333 602 400 242 882 788 281 575 838 252 605 180 250 388 701 239 209 672 828 234 323 623 335 124 852 248 361 486 105 172 636 512 322 218 668 815 173 414 677 354 210 733 72 300 482 273 301 721 249 665 894 589 248 76 716 775 526 110 499 840 347 602 640 248 160 566 255 407 824 890 328 212 440 380 281 206 702 337 444 367 560 220 175 288 764 127 873 253 705 110 562 378 563 32 355 771 304 357 589 113 743 770 348 434 410 208 331 107 525 273 571 892 625 190 209 226 174 653 165 121 784 565 383 131 588 45 902 791 582 731 131 866 728 310 688 116 544 545 568 137 385 351 823 853 187 255 825 521 894 119 189 142 469 711 186 268 168 884 830 271 164 478 405 141 879 143 797 745 231 200 599 276 828 229 378 637 781 138 684 377 458 742 869 794 211 846 472 359 774 193 347 713 444 314 333 728 253 247 776 147 146 322 778 838 703 334 175 300 111 763 813 703 432 95 150 159 525 857 866 377 574 610 541 613 743 242 281 561 654 334 649 166 696 305 810 747 426 754 259 385 802 606 287 159 511 685 378 147 835 722 375 653 251 421 0 322 407 546 249 772 682 618 145 172 574 791 230 207 225 163 420 217 345 125 184 256 662 257 146 208 148 594 180 722 786 584 753 633 184 768 656 529 753 545 799 328 185 213 328 824 632 513 877 439 136 278 181 812 360 177 701 450 307 568 196 212 408 121 427 459 673 857 795 693 268 402 531 884 829 347 415 513 194 666 338 278 152 231 722 128 846 813 92 713 582 833 820 135 124 466 662 728 737 694 848 369 246 809 874 777 241 382 196 193 94 711 710 146 608 476 225 227 534 537 571 199 226 691 96 494 340 300 354 138 753 778 280 165 369 788 689 248 234 381 246 201 789 63 702 725 905 248 290 821 482 148 186 463 713 643 337 156 411 672 431 579 310 320 137 869 189 547 518 529 352 136 323 296 226 262 364 310 313 433 610 221 233 218 793 559 83 395 265 92 841 291 874 691 726 156 211 416 367 507 743 508 299 625 240 740 342 25 586 605
383 511 331 290 200 406 161 253 456 287 151 411 362 389 517 293 111 421 468 380 536 198 196 238 210 188 363 367 224 235 399 397 566 66 224 185 141 286 82 411 560 472 211 257 536 121 287 162 225 87 385 87 284 351 509 306 4 310 16 331 543 415 101 197 396 342 315 190 241 284 347 504 167 98 355 113 190 413 377 423 164 107 46 400 208 351 572 298 156 259 405 460 205 317 218 527 48 283 327 74 335 257 351 170 510 569 52 377 135 89 386 404 384 51 198 119 238 424 238 421 451 390 578 149 384 320 244 56 241 293 72 466 45 141 275 398 426 450 238 152 466 410 73 221 217 59 251 573 320 382 268 188 352 348 338 216 469 248 67 215 270 304 580 475 260 421 375 546 407 344 404 335 249 229 246 199 77 416 509 531 150 318 510 199 573 420 398 362 154 416 393 71 383 567 517 51 311 177 134 322 567 281 480 423 408 384 277 199 509 415 66 316 461 250 372 55 145 434 548 473 336 538 237 72 464 219 54 395 122 104 16 406 392 430 479 314 205 24 459 522 386 12 148 289 229 448 520 381 138 344 271 388 202 537 544 149 263 289 219 300 421 85 200 247 337 225 334 374 388 102 494 429 209 433 148 90 487 300 59 407 199 366 87 228 528 407 104 331 118 167 322 0 85 231 80 453 367 298 188 327 257 481 179 115 438 203 112 105 32 351 140 88 341 127 359 381 342 274 216 403 464 265 439 313 343 448 339 218 436 226 478 65 382 325 94 512 322 193 571 120 330 64 427 496 66 175 380 131 184 267 156 110 120 314 106 155 354 540 474 373 283 160 215 567 516 66 94 199 183 345 51 194 196 108 404 206 525 508 232 394 260 519 504 363 344 144 340 413 415 374 531 81 257 491 565 463 364 228 365 374 231 392 391 231 289 167 125 356 212 230 262 384 317 385 375 172 25 26 213 265 434 457 141 212 57 468 368 97 168 115 82 355 475 322 385 404 583 96 80 501 173 265 232 141 392 322 109 419 98 382 183 274 58 28 338 552 193 237 208 222 44 187 53 27 407 83 43 137 48 115 293 104 434 251 472 249 249 102 98 369 520 204 563 375 405 320 177 119 92 185 426 195 106 302 144 418 427 347 267 283
465 426 249 369 238 486 226 337 371 206 103 326 434 462 432 211 179 505 384 297 451 145 128 156 126 155 279 445 295 254 314 312 480 116 308 226 183 211 39 487 475 387 272 181 456 196 210 240 293 76 301 172 359 268 424 378 85 227 72 414 460 491 105 155 481 422 233 107 292 358 262 421 246 48 270 141 266 327 462 494 80 177 120 317 276 268 487 227 227 344 323 376 120 401 181 443 81 199 245 159 416 190 422 176 426 483 93 454 72 90 456 484 299 82 168 140 153 503 318 492 368 474 501 220 299 404 159 29 158 378 98 385 117 170 192 483 342 365 282 131 523 490 119 307 140 141 166 488 241 461 343 262 432 269 418 301 385 164 31 300 193 389 495 391 175 339 459 461 323 406 334 419 178 157 161 284 45 478 425 447 234 388 433 116 491 505 479 445 89 339 474 151 465 482 433 136 392 108 129 404 483 363 396 339 486 463 194 261 423 493 40 235 376 332 290 31 69 352 462 388 412 455 227 94 381 296 88 310 43 156 74 323 466 507 401 395 289 93 374 443 301 73 233 348 314 363 444 297 108 429 352 471 118 451 459 169 182 206 135 217 337 167 261 174 253 271 251 455 306 159 416 344 215 350 217 66 409 220 135 490 119 281 72 310 446 323 116 246 193 142 407 85 0 160 164 368 283 212 273 407 174 398 252 200 517 285 73 190 64 434 223 168 255 199 442 459 424 195 296 317 379 187 355 232 422 363 254 152 351 141 393 114 463 401 140 429 241 115 490 53 413 143 510 411 69 258 297 60 237 192 238 195 105 397 38 106 269 456 388 288 349 166 142 482 432 84 11 130 255 260 95 241 280 185 319 291 440 427 317 314 175 436 419 446 427 59 257 337 332 293 446 92 326 406 482 379 437 259 444 453 316 307 305 314 204 93 206 431 128 152 183 464 391 305 460 88 68 110 252 347 348 372 204 293 60 383 283 178 242 124 163 433 391 407 300 319 498 176 148 416 114 347 311 56 309 237 149 503 56 309 177 196 111 96 420 467 273 170 144 160 61 272 109 112 485 162 43 189 113 34 208 189 513 324 389 168 335 91 172 454 437 262 480 291 320 401 255 94 107 101 341 127 165 218 218 334 491 431 183 200
571 335 115 471 277 584 314 480 269 74 93 251 513 542 339 190 337 621 305 235 341 65 200 156 74 112 158 539 382 255 216 215 379 276 433 272 247 56 150 575 352 305 343 33 406 304 61 393 375 158 236 308 450 139 327 460 229 192 223 528 393 578 260 92 606 524 101 72 343 445 168 353 398 134 168 208 370 229 593 564 134 282 246 185 361 218 372 254 324 476 271 299 107 518 105 367 199 148 205 303 521 34 499 188 349 371 252 547 188 168 528 582 219 242 288 197 86 600 423 567 302 592 461 317 203 521 136 184 66 515 193 337 242 222 168 606 262 269 319 131 561 588 218 440 175 273 118 387 229 561 435 359 534 248 522 430 311 142 191 425 44 521 378 311 86 289 574 358 194 464 339 535 220 5 99 413 201 528 350 316 361 463 280 65 351 631 581 556 78 321 576 278 571 389 359 280 495 190 158 513 406 474 312 215 577 560 83 336 324 586 199 99 277 448 241 184 162 302 352 285 502 391 185 189 321 400 199 233 117 244 226 193 548 597 367 503 412 226 280 292 230 220 372 407 443 289 413 172 122 550 461 580 77 343 340 206 176 86 79 185 217 317 334 15 191 317 203 561 265 253 264 260 209 216 313 218 257 212 259 602 157 206 226 427 386 256 180 158 304 271 546 231 160 0 297 274 222 139 403 508 149 335 350 343 615 402 126 331 221 549 370 291 159 302 551 554 532 58 404 227 267 45 286 95 521 263 189 23 268 122 288 219 564 490 228 358 214 49 429 112 524 268 619 330 228 378 164 102 302 214 358 336 145 512 127 90 190 369 281 200 420 185 18 390 357 244 157 33 412 174 209 400 404 339 240 422 330 374 454 168 99 358 334 559 542 114 136 182 202 152 358 178 406 314 411 307 520 279 541 552 452 222 217 430 151 170 326 518 77 181 185 561 476 271 583 90 222 249 289 461 256 260 292 408 179 284 191 300 341 178 314 527 316 535 224 217 379 299 259 315 65 457 414 120 177 145 225 618 136 308 169 205 270 227 532 376 383 20 33 36 220 410 224 255 578 285 197 265 233 155 159 326 608 414 251 175 468 153 285 578 299 330 407 228 222 507 361 133 183 86 259 38 259 109 323 211 548 569 143 89
304 590 404 213 176 328 106 183 534 359 208 490 290 316 596 373 100 342 548 460 613 253 274 318 286 230 437 290 157 227 477 475 644 106 145 161 125 353 152 335 636 551 157 326 616 59 356 114 161 140 465 11 211 424 588 235 80 389 95 251 623 339 161 244 317 264 388 265 196 212 425 583 116 165 432 122 117 491 300 353 243 59 52 473 144 431 649 375 93 182 485 540 284 238 261 607 98 363 407 30 256 319 280 184 590 646 110 300 214 134 316 326 463 116 261 134 315 346 161 348 531 310 657 89 462 241 323 136 316 218 109 546 55 139 355 319 505 529 203 193 408 332 88 144 297 24 329 652 399 303 195 119 273 428 259 138 549 328 146 136 339 227 657 555 336 501 295 625 481 283 481 256 326 296 323 120 155 353 589 605 71 249 577 273 646 341 319 282 220 494 314 23 304 646 597 36 233 255 166 242 646 202 560 498 331 306 352 145 587 338 144 388 539 170 452 134 225 513 625 551 261 617 255 112 544 143 99 474 197 89 95 480 318 353 558 235 126 74 538 590 465 92 74 231 150 527 599 455 187 265 192 309 279 614 620 156 342 362 296 379 497 54 148 313 416 187 414 295 467 81 561 508 216 506 91 164 554 379 40 327 278 445 159 148 608 486 134 409 55 231 249 80 164 297 0 531 446 376 109 249 337 561 110 50 359 123 172 36 109 271 80 25 418 69 280 304 263 345 139 481 541 335 519 385 266 526 418 281 515 305 556 83 304 251 94 592 402 264 651 191 251 31 348 575 137 95 453 202 143 346 77 40 163 235 179 212 433 620 551 451 219 176 282 646 595 130 173 264 149 423 89 196 117 80 483 128 602 588 157 464 337 599 583 283 264 221 415 480 489 445 610 123 191 569 644 542 290 209 288 296 155 471 469 152 368 247 49 281 288 309 342 306 245 465 296 249 103 54 186 186 512 534 94 133 120 547 446 28 101 143 55 278 555 243 464 481 660 26 54 580 234 186 156 219 465 399 108 339 162 459 205 353 101 71 258 631 116 299 270 281 120 113 76 53 330 26 122 108 65 195 372 29 357 180 544 328 172 149 44 290 592 155 642 455 483 241 104 170 124 262 505 259 79 378 77 493 362 273 347 358
828 62 166 729 549 845 576 701 20 200 358 53 781 810 66 176 531 871 45 88 89 338 290 222 249 385 121 801 646 528 57 59 113 466 676 543 513 233 384 841 132 38 611 242 161 556 221 598 640 409 81 540 713 142 57 726 452 156 439 779 129 844 421 366 848 783 176 271 615 710 109 95 604 373 106 471 626 45 829 835 290 535 484 119 625 117 128 230 582 711 94 46 247 767 376 99 440 170 141 525 778 280 767 461 81 122 446 810 335 422 798 843 70 435 377 462 219 862 679 836 68 840 219 575 72 770 211 396 224 744 444 116 481 490 186 850 39 5 592 402 834 849 470 674 253 508 202 121 173 821 697 618 793 155 780 669 55 207 389 667 232 756 137 45 201 96 824 94 109 736 214 785 253 271 209 651 387 802 83 130 601 732 220 264 186 872 840 809 330 165 835 517 828 117 92 503 753 302 427 767 134 727 43 86 841 822 193 603 56 850 394 181 13 698 109 398 315 99 100 28 766 131 455 439 87 656 443 62 336 503 440 110 815 862 157 758 656 459 7 206 74 441 600 678 681 47 195 115 388 796 715 835 255 88 110 476 204 188 238 164 78 530 601 263 119 589 130 818 116 509 200 31 482 113 571 390 203 184 500 855 263 88 398 676 131 68 441 123 554 383 772 453 368 274 531 0 97 155 640 767 199 89 608 566 877 650 379 557 428 800 588 533 117 557 806 816 787 216 658 50 47 229 57 183 781 15 117 296 28 227 35 468 823 754 485 94 155 281 167 348 777 508 874 60 414 623 132 337 570 226 603 562 408 763 356 356 99 95 38 80 689 457 280 118 90 428 358 298 601 108 452 553 647 543 54 659 79 132 683 161 196 89 61 811 793 310 139 199 107 152 84 431 672 41 143 58 787 553 802 812 683 61 62 679 164 298 571 783 246 244 210 822 742 128 827 284 433 477 562 712 19 46 553 658 416 19 86 543 598 442 526 789 58 774 72 57 144 542 508 50 332 710 670 312 121 135 487 869 380 194 443 210 464 462 785 103 635 287 306 308 420 639 468 480 841 527 410 529 475 339 162 556 871 677 129 220 702 411 534 821 147 598 137 89 52 763 615 394 441 271 35 304 516 166 577 87 821 797 187 187
747 148 143 650 485 767 501 611 109 157 292 46 708 737 154 80 438 788 102 14 186 283 194 130 176 330 112 725 571 473 69 67 205 374 591 477 443 198 304 766 227 106 540 195 186 476 184 506 566 333 19 454 637 129 149 653 366 60 352 697 179 769 327 312 762 704 145 198 549 635 67 139 512 296 77 400 547 76 742 765 203 456 402 141 551 21 224 137 505 624 50 93 165 684 327 161 359 86 44 438 698 238 695 400 143 218 355 734 243 348 727 765 34 345 280 392 147 784 599 765 86 756 239 498 63 687 124 311 160 655 367 115 399 422 93 765 62 96 529 339 775 771 393 587 158 424 122 213 78 743 621 541 714 67 700 583 103 119 301 582 189 669 234 109 137 67 741 189 137 669 151 702 156 218 135 565 297 738 143 216 517 660 277 192 272 786 760 727 261 114 755 434 747 202 151 416 673 207 360 686 200 646 115 128 765 744 139 531 151 773 305 152 108 615 26 313 224 80 197 123 690 176 407 363 102 577 364 35 256 427 353 137 742 786 146 678 572 375 102 270 23 355 513 611 596 81 193 122 322 711 634 753 181 185 206 410 109 141 165 69 120 440 529 216 32 524 34 737 50 433 255 67 426 158 494 298 255 88 417 773 171 25 305 593 168 40 369 68 474 286 682 367 283 222 446 97 0 83 554 688 109 118 531 478 798 568 306 470 340 717 498 451 74 478 724 739 706 170 577 57 130 182 73 153 703 100 32 243 73 142 130 390 744 679 410 147 59 213 212 272 695 425 793 129 323 540 139 262 500 129 520 475 339 680 277 291 38 174 130 46 618 394 222 202 149 336 273 238 507 55 373 457 563 452 43 573 176 154 595 177 127 153 138 728 710 228 115 222 141 157 166 356 600 128 200 96 714 493 725 734 595 44 50 597 80 206 489 709 172 148 114 744 667 60 741 206 345 392 498 630 80 125 478 576 336 115 56 460 521 372 437 712 108 688 28 78 241 459 428 146 269 629 591 229 137 81 414 785 304 123 384 114 373 379 703 187 555 239 251 258 331 551 388 394 765 445 324 456 393 252 75 470 794 601 191 125 615 339 453 735 225 528 198 9 71 683 536 324 367 194 63 244 439 118 498 125 755 707 101 135
673 215 88 575 403 691 423 548 159 82 210 119 629 658 220 68 380 716 176 97 239 200 155 81 95 247 85 648 493 390 102 100 268 315 520 396 363 124 229 688 267 178 460 115 269 401 111 447 488 255 99 385 560 89 212 574 297 61 284 624 260 691 275 229 693 628 82 117 467 557 51 220 453 219 62 320 471 115 675 685 137 380 329 127 472 79 275 147 428 557 132 169 92 612 244 238 285 26 69 371 623 159 616 317 220 271 294 657 188 269 648 689 89 283 252 311 66 708 524 686 167 685 322 421 87 615 61 241 77 590 290 198 326 341 57 695 133 153 447 256 693 695 316 519 116 353 47 276 102 667 544 464 638 114 625 514 180 60 235 511 111 601 284 183 54 150 669 249 129 588 209 630 138 136 54 496 235 656 220 244 446 581 266 111 294 717 685 654 180 184 680 362 673 271 229 348 598 161 278 612 278 572 187 137 687 668 60 451 211 696 241 89 163 542 102 243 164 163 250 175 613 257 324 285 185 502 288 102 181 349 285 129 663 709 227 603 500 303 162 267 95 286 446 530 526 158 274 104 240 641 560 680 101 239 249 329 77 66 85 57 132 377 449 135 51 443 64 663 126 356 245 134 343 157 417 240 242 92 344 700 118 73 248 520 250 120 290 35 399 250 618 298 212 139 376 155 83 0 485 612 56 200 454 412 722 495 226 403 274 644 434 378 46 402 651 663 632 93 503 105 169 103 152 89 627 150 51 161 141 74 181 314 669 601 332 226 82 131 294 194 622 353 719 203 262 468 114 183 420 117 448 408 258 608 201 209 58 246 176 75 539 312 139 272 227 277 204 155 453 47 297 414 492 391 110 504 228 237 529 147 44 230 210 656 638 155 71 188 137 122 236 278 520 194 280 175 635 411 648 658 528 95 93 524 23 152 416 631 92 111 88 668 589 132 672 129 279 322 416 557 136 161 400 503 261 171 71 387 444 291 373 636 185 619 91 107 288 386 353 204 186 555 516 157 120 30 334 713 226 177 302 101 313 306 630 257 480 157 168 176 267 484 313 325 688 372 255 377 319 185 30 401 717 524 197 89 547 259 379 666 241 448 277 90 107 608 460 244 288 116 131 161 362 48 422 132 674 643 40 57
205 699 511 129 219 235 130 91 643 467 312 598 220 241 704 479 150 236 656 568 722 354 376 425 395 324 546 204 126 279 586 584 753 194 39 207 190 459 260 250 745 659 159 433 720 107 463 104 138 245 573 100 144 533 697 174 188 496 202 149 729 255 251 341 208 172 495 374 204 150 533 690 99 273 541 209 84 599 191 283 351 127 159 581 129 538 758 476 110 73 592 647 393 133 354 714 205 471 514 117 162 422 214 263 697 755 207 213 317 236 250 232 571 215 346 222 424 252 87 275 638 203 760 113 571 136 431 244 425 114 211 651 162 213 462 211 614 637 225 288 364 238 186 38 402 133 438 761 504 210 133 99 180 532 166 29 657 436 253 30 445 118 766 663 444 607 190 734 589 242 580 151 428 402 432 11 259 304 697 713 42 194 681 382 753 232 222 181 327 597 218 126 205 754 704 138 143 358 260 145 754 108 668 607 244 214 460 150 696 248 250 496 648 75 559 242 331 619 734 660 183 724 330 215 650 86 204 583 306 169 201 589 241 265 661 139 29 182 646 695 573 200 46 207 42 635 701 564 287 158 101 207 388 723 729 234 449 471 405 486 605 122 155 418 525 209 521 196 573 160 666 616 285 614 118 264 659 484 144 223 385 554 258 57 714 594 229 518 106 319 145 188 273 403 109 640 554 485 0 159 445 667 99 81 264 45 277 85 215 167 76 112 527 114 179 215 164 453 73 590 650 442 626 492 177 635 526 385 623 413 665 184 209 176 182 699 508 372 756 299 151 135 245 683 237 38 561 310 173 449 53 80 263 132 288 315 541 728 660 560 182 258 388 755 703 227 282 370 143 532 195 225 24 125 591 19 711 693 56 571 446 707 691 180 161 330 524 584 597 553 718 225 152 678 751 650 216 251 199 204 53 579 578 60 477 352 79 204 397 414 448 215 177 570 187 358 209 163 222 91 621 643 138 56 228 655 555 103 99 236 126 193 662 135 572 590 769 104 145 689 338 95 91 328 574 508 192 234 269 560 287 458 192 180 158 740 64 403 374 384 224 31 180 160 241 118 230 168 171 302 480 84 264 128 652 434 65 251 120 181 700 166 749 563 592 148 79 272 222 371 613 365 154 487 99 602 306 167 455 467
64 828 623 38 253 79 194 187 767 579 416 730 81 90 833 618 309 122 788 702 844 449 523 562 518 409 662 45 128 307 711 709 879 348 122 250 263 562 384 91 859 790 174 540 862 212 569 259 139 358 707 244 64 646 824 75 326 633 343 51 867 96 405 428 136 16 607 496 199 72 658 827 253 394 663 300 142 724 149 134 487 232 287 693 149 674 878 624 185 132 729 780 523 62 433 849 329 603 651 267 17 519 84 332 831 876 357 54 462 345 110 77 701 364 503 312 548 97 89 123 774 104 905 192 696 62 565 380 544 154 323 792 289 289 599 130 745 764 230 379 238 83 297 149 544 268 567 886 647 55 76 149 26 675 15 137 790 570 394 130 553 129 885 795 566 746 82 858 702 144 730 61 575 509 558 149 404 179 831 824 182 92 773 503 857 158 73 57 439 743 68 256 64 884 839 284 16 503 351 30 888 51 799 722 84 57 578 177 821 90 392 606 773 84 696 378 472 759 856 784 40 862 382 328 788 111 324 713 432 265 343 701 87 106 806 26 131 314 774 790 705 338 204 153 130 768 847 678 386 87 59 75 512 846 847 307 588 586 529 623 722 278 181 522 657 220 657 54 713 258 761 746 336 724 196 413 753 626 272 100 524 684 407 104 853 728 329 644 214 475 172 327 407 508 249 767 688 612 159 0 580 804 159 237 111 127 389 238 358 63 235 239 650 210 51 56 34 564 111 717 771 551 761 603 18 760 658 487 753 546 789 299 57 44 283 835 648 488 896 419 39 264 112 815 386 155 672 430 214 594 172 234 364 51 412 418 670 859 782 687 121 332 496 884 837 378 417 478 294 659 316 380 140 284 722 147 833 834 161 675 571 840 822 64 58 460 640 680 709 660 849 336 114 807 888 784 70 273 40 47 157 708 705 101 608 494 202 56 521 557 588 57 61 711 116 484 351 301 248 69 748 763 216 116 352 781 681 230 169 331 281 35 796 110 703 714 886 231 260 814 443 65 97 459 685 632 283 118 387 708 357 601 345 310 42 869 134 503 476 481 369 183 300 301 82 245 368 243 295 440 613 233 108 97 759 575 137 358 235 113 806 188 885 697 716 16 152 376 327 496 743 472 252 605 190 718 171 173 587 584
638 255 137 542 386 659 395 503 206 117 197 154 603 631 261 44 332 679 211 123 286 199 99 25 82 242 141 617 464 381 151 148 311 267 481 377 340 154 197 658 318 215 436 135 286 368 143 399 460 228 128 345 530 142 255 547 257 55 243 587 287 662 224 227 653 595 127 100 448 528 104 247 405 190 116 296 439 163 633 660 94 348 293 183 444 95 324 107 397 515 150 203 60 574 247 270 251 31 72 329 589 177 590 304 253 319 247 626 137 243 623 657 129 237 196 290 63 676 491 660 195 647 335 390 136 577 16 201 84 547 261 214 290 320 21 655 169 197 431 244 677 663 286 478 60 315 32 319 82 634 514 433 605 106 591 474 212 10 192 472 137 560 332 218 71 167 632 293 185 567 192 592 86 145 51 456 189 637 252 298 407 555 321 98 349 676 652 618 164 180 647 325 638 310 260 307 565 106 261 577 309 537 224 192 657 636 91 426 255 665 196 133 208 506 117 203 116 180 297 222 583 283 323 256 208 469 256 139 150 321 244 185 635 679 235 569 462 266 205 323 129 245 404 509 486 190 281 160 224 602 525 644 84 286 300 311 29 103 73 45 186 332 425 150 80 424 77 629 136 327 300 173 335 213 387 191 297 64 308 664 65 111 199 484 274 149 266 89 366 194 574 257 174 149 337 199 109 56 445 580 0 225 423 369 690 459 203 361 230 608 390 342 101 370 615 631 597 121 469 150 219 127 182 132 595 197 82 166 179 36 228 282 636 571 304 255 73 122 317 167 586 316 684 239 215 431 169 158 397 70 411 366 238 571 170 196 101 283 225 122 514 297 142 310 259 229 164 153 403 97 265 360 453 344 148 463 275 256 486 201 58 262 247 619 601 121 125 239 192 176 274 250 494 235 308 205 607 398 617 626 486 138 138 488 37 100 380 602 78 55 39 636 561 137 632 102 236 283 400 521 180 212 371 467 228 216 120 351 413 270 328 605 218 579 128 157 338 350 320 248 177 520 483 121 176 85 309 676 198 161 292 57 265 270 594 295 446 169 170 182 223 442 280 285 657 336 215 351 285 142 37 360 686 494 252 35 506 235 345 626 296 424 306 118 156 574 427 223 263 92 169 158 333 94 390 187 653 599 16 92
863 76 239 767 603 884 618 719 107 265 410 84 826 855 81 188 544 902 44 104 136 398 297 243 294 445 197 842 688 589 129 130 127 482 705 595 561 303 421 883 190 53 658 306 75 593 290 613 684 451 100 568 755 218 90 770 481 171 466 812 62 886 431 426 875 820 246 315 667 752 168 24 619 414 172 518 663 122 853 883 318 573 518 204 668 130 167 213 622 736 76 44 283 798 440 52 476 204 154 550 814 347 813 517 42 159 464 851 352 466 845 882 116 455 368 510 265 901 715 883 33 870 133 615 139 801 240 425 276 765 485 37 515 540 206 878 76 94 647 456 892 888 510 699 266 539 240 132 167 859 738 658 830 140 816 696 33 235 414 696 298 780 177 46 253 61 856 121 195 787 157 816 250 332 252 679 408 855 39 203 631 778 306 310 256 897 877 842 379 108 871 549 863 109 43 529 789 313 478 802 88 761 53 174 882 861 251 649 98 890 418 252 97 730 109 428 336 50 142 106 808 58 520 480 17 694 481 102 373 545 466 196 859 903 74 793 686 491 85 290 105 469 625 729 709 48 106 196 439 825 750 869 299 131 168 528 218 250 283 181 165 551 647 327 150 642 148 853 96 551 287 81 542 202 612 406 291 185 533 888 283 129 414 708 51 79 487 177 590 381 791 481 398 335 561 89 118 200 667 804 225 0 648 589 915 683 424 583 452 831 608 566 177 595 840 856 822 280 693 113 133 293 49 254 820 104 150 357 75 259 111 507 861 796 528 35 159 331 95 389 811 541 908 47 432 655 214 380 618 224 636 588 457 795 394 408 145 81 119 136 736 511 337 108 42 445 388 354 610 161 489 551 677 560 96 686 131 44 706 247 244 49 59 843 825 345 211 287 194 235 78 473 717 72 84 32 831 610 841 851 706 115 122 712 198 316 604 826 290 254 220 861 785 102 854 324 458 506 616 745 96 134 595 691 453 97 146 576 638 490 547 829 32 800 111 134 188 574 545 101 386 745 708 346 205 190 532 900 421 148 501 213 482 494 818 96 671 351 366 371 443 662 505 508 882 560 438 574 510 366 193 583 910 719 216 233 727 456 570 848 226 646 82 110 126 799 652 442 485 312 80 360 557 227 615 174 873 816 218 246
221 669 464 121 123 237 39 189 609 421 257 572 183 211 674 463 201 271 630 545 685 292 374 407 359 255 504 194 47 183 552 550 720 216 105 113 110 405 227 235 701 632 61 382 708 58 411 183 51 200 549 112 107 487 665 127 177 478 194 179 710 239 271 274 263 175 449 337 106 106 499 670 181 236 504 143 21 565 256 245 332 75 134 535 36 518 719 476 26 155 573 623 366 171 282 691 172 445 495 137 170 363 172 183 674 717 219 203 313 186 207 235 543 223 370 155 389 253 73 242 617 244 753 34 537 174 408 227 386 199 165 637 136 135 443 261 587 605 126 223 298 241 138 130 392 122 410 728 493 213 91 10 185 521 172 112 633 413 243 101 395 193 726 637 407 590 224 699 543 173 582 187 426 350 400 102 256 243 673 666 75 140 620 345 701 288 232 205 280 591 227 109 221 725 681 146 145 354 194 163 731 124 641 563 234 213 419 51 663 242 243 448 615 103 540 225 319 603 697 625 160 706 244 169 631 49 167 555 275 107 195 543 214 255 653 153 85 162 615 636 548 188 114 124 120 611 696 520 229 205 112 230 353 687 688 155 434 428 370 467 564 157 56 365 500 109 500 211 558 99 607 588 197 566 38 268 599 473 120 252 371 526 265 86 697 571 170 485 61 340 230 179 252 350 110 608 531 454 99 159 423 648 0 127 268 67 230 119 211 200 145 92 492 53 201 208 182 405 56 559 612 393 604 445 173 601 500 330 595 389 630 141 215 148 124 678 493 329 741 261 174 115 269 657 243 62 514 271 76 443 55 118 205 164 254 260 512 701 624 529 109 180 338 726 680 238 263 319 224 500 159 293 82 176 564 109 674 679 152 518 412 683 664 209 193 303 481 525 551 503 690 177 81 648 731 627 186 153 194 204 147 549 547 88 451 343 63 179 363 404 435 214 139 557 240 326 204 154 125 113 589 604 58 66 195 622 522 84 11 173 160 181 638 197 545 555 727 86 104 655 285 108 63 302 527 474 125 268 229 559 208 448 211 157 182 711 41 346 318 325 223 128 144 156 234 96 216 88 140 286 456 109 263 72 602 421 149 199 81 234 649 66 728 539 558 156 21 218 168 338 585 313 93 447 35 559 251 248 430 426
286 624 445 204 217 314 137 138 570 401 256 522 290 314 629 402 76 316 579 491 650 301 296 348 325 279 477 281 170 272 513 511 679 113 120 202 171 398 194 327 675 584 184 370 641 93 400 66 178 187 496 39 211 465 622 238 116 419 127 230 651 332 170 293 285 251 429 304 227 214 461 613 67 209 469 172 125 527 264 354 276 102 100 515 163 461 687 395 120 147 514 571 319 214 310 637 144 396 437 41 241 365 282 233 620 683 126 291 238 182 319 312 497 135 266 184 353 332 156 348 561 283 680 118 498 217 356 171 356 179 157 572 103 187 385 288 538 563 239 242 422 318 138 110 323 72 365 686 425 289 197 134 259 453 245 109 580 360 177 111 383 191 694 587 374 529 271 660 521 297 499 232 348 341 360 92 181 365 620 645 59 256 622 314 688 308 303 261 265 516 298 73 285 679 627 64 221 278 216 225 676 187 592 538 322 293 392 172 622 327 173 430 574 154 481 169 254 541 662 587 256 645 304 160 572 144 146 507 237 137 126 521 314 343 581 219 106 117 572 634 498 127 36 251 121 559 620 496 235 237 179 288 317 651 659 205 371 403 334 409 536 41 176 358 449 222 445 277 495 128 606 541 264 547 121 184 599 405 89 304 307 479 178 133 635 517 183 446 89 238 207 115 200 343 50 566 478 412 81 237 369 589 127 0 344 112 218 14 138 248 30 70 455 103 260 293 245 388 135 516 579 378 550 427 255 562 451 327 548 339 592 133 289 248 144 622 430 307 678 233 231 81 326 607 158 86 494 244 179 370 77 11 212 213 220 259 467 652 588 486 233 226 326 679 626 147 208 310 104 459 137 165 97 50 516 98 639 614 118 508 375 630 616 261 242 258 455 525 530 488 643 171 203 603 673 573 288 251 277 283 117 505 504 137 402 274 68 278 327 335 369 294 245 491 265 287 133 94 226 169 547 571 132 123 164 582 482 67 120 192 45 269 586 211 497 518 698 66 103 615 280 172 154 255 507 436 157 314 207 480 254 379 111 115 239 664 116 346 316 329 146 73 124 89 320 73 157 152 114 227 405 24 344 186 586 356 137 197 88 259 634 185 672 486 519 227 113 218 173 300 538 305 126 417 103 533 370 232 380 398
61 938 730 148 350 32 301 267 877 687 523 840 118 96 942 729 413 85 898 813 953 554 633 673 628 512 770 77 233 399 820 818 988 456 225 350 368 668 494 53 967 901 275 647 973 322 675 357 241 468 817 354 165 753 933 159 437 744 453 119 977 56 514 532 136 95 715 606 289 170 767 937 351 504 772 408 252 833 168 115 598 343 398 800 254 785 986 734 295 219 840 890 633 137 535 959 439 713 762 376 103 624 132 434 941 984 467 69 573 454 125 34 811 474 610 418 657 15 200 101 885 101 1016 302 805 135 675 491 653 222 433 903 400 394 709 126 855 873 319 485 231 27 406 246 655 379 678 995 757 56 180 258 86 785 100 239 901 681 504 234 659 195 993 905 675 857 94 967 809 195 840 121 685 616 668 253 514 188 941 930 291 163 875 613 962 143 42 89 548 853 47 367 62 993 949 394 126 614 457 119 999 158 909 830 45 55 687 280 931 34 503 713 883 191 807 489 582 869 964 893 113 973 477 437 898 221 435 824 543 374 453 808 87 37 916 125 238 425 883 893 816 449 310 231 229 879 958 786 493 132 168 66 621 954 954 411 699 695 638 734 830 385 283 629 767 313 767 68 824 367 864 856 433 831 305 523 855 737 383 69 635 794 517 212 963 838 437 753 325 583 225 438 517 615 359 877 798 722 264 111 690 915 268 344 0 236 498 346 468 106 338 350 760 321 88 61 100 671 222 827 879 659 871 710 95 869 768 593 863 656 898 409 56 126 391 945 758 597 1007 529 114 375 53 925 496 264 779 539 316 705 282 342 471 133 522 526 780 969 891 797 205 435 604 994 948 487 528 585 388 768 426 476 247 389 832 249 942 945 252 780 680 951 932 93 110 570 748 783 817 767 959 445 211 916 998 895 105 365 74 64 249 818 815 209 719 605 312 102 631 667 699 54 142 822 133 594 462 412 343 175 858 871 324 226 462 890 790 341 278 438 389 88 906 168 813 823 993 342 370 923 551 173 207 569 792 742 391 82 497 819 459 711 454 421 108 979 245 609 582 587 479 283 410 411 41 356 479 350 405 550 723 342 14 201 865 685 226 466 346 135 912 288 996 807 826 118 263 484 436 607 854 579 361 714 300 825 167 214 698 693
181 710 514 93 190 206 104 125 652 470 309 611 179 202 715 495 186 221 669 582 730 348 397 440 402 314 551 170 83 251 595 593 763 221 38 180 172 458 267 215 749 672 122 433 739 98 463 147 97 246 586 118 102 536 707 131 202 511 218 129 745 220 279 332 204 141 498 380 165 106 542 705 142 278 549 199 47 608 194 243 365 120 166 584 90 553 765 498 86 88 607 661 404 117 342 728 211 483 529 141 133 418 173 246 711 762 231 179 337 235 209 203 583 237 376 212 432 223 45 236 653 191 781 91 580 120 444 257 431 132 210 669 169 197 477 204 626 647 189 280 320 209 184 66 420 144 449 770 523 180 89 64 150 551 136 47 670 449 269 34 446 127 772 676 451 624 174 743 592 197 604 135 449 402 441 41 278 261 710 716 55 150 677 389 754 229 196 160 328 617 191 134 180 766 718 157 111 378 251 119 768 79 680 611 211 184 465 115 705 217 268 498 657 47 574 255 348 636 742 669 144 740 309 215 666 42 208 595 314 160 218 592 203 233 681 111 20 192 657 692 586 214 82 163 53 648 722 568 282 148 69 186 395 732 735 218 465 475 412 501 611 152 120 417 537 174 536 171 590 151 663 628 263 617 97 286 655 502 151 205 401 566 281 26 730 608 224 527 98 348 163 203 285 402 123 650 568 495 45 127 459 683 67 112 236 0 278 111 233 149 115 117 535 101 157 183 139 455 28 600 657 443 640 494 144 644 539 383 635 426 674 184 181 136 175 714 525 376 774 304 128 142 225 696 260 28 564 315 144 469 47 107 258 113 295 312 552 740 668 570 137 242 389 766 717 251 295 370 187 542 199 267 21 161 603 47 719 711 87 571 455 720 704 161 143 341 528 581 600 554 730 224 108 689 767 664 177 220 166 174 82 590 588 29 489 370 79 166 405 432 465 184 135 588 181 366 226 177 191 63 631 650 119 12 234 665 564 108 71 228 155 158 676 134 584 599 775 109 144 698 337 63 47 339 577 517 181 219 273 583 271 476 218 189 136 751 26 400 372 380 243 76 183 176 209 123 245 149 176 317 493 106 234 83 653 451 82 249 118 176 701 131 764 576 601 118 48 269 219 379 625 364 145 492 81 607 263 182 467 472
451 440 236 351 184 467 197 355 378 192 39 345 403 432 445 246 222 498 403 320 455 86 188 192 131 84 274 423 267 188 322 320 490 168 308 174 137 182 38 462 472 404 234 156 488 180 186 272 262 32 324 182 335 258 435 348 109 257 108 405 485 465 174 88 481 405 220 109 245 331 269 445 276 25 274 94 248 335 467 459 123 159 120 306 246 295 489 280 204 350 351 395 143 395 112 464 74 220 274 179 401 148 390 109 446 486 146 432 140 44 422 465 315 138 241 87 160 483 302 460 392 468 537 197 307 398 187 81 155 389 67 417 116 118 224 482 359 375 228 58 475 471 94 314 189 148 184 497 281 443 319 240 415 307 402 305 406 193 98 300 169 395 496 409 177 369 451 469 315 364 383 412 233 125 172 287 115 434 446 438 235 354 405 115 476 506 462 434 51 381 457 152 451 496 455 156 375 170 62 392 504 352 413 334 462 443 189 225 433 471 106 220 385 324 318 79 128 382 467 395 388 482 154 63 408 279 73 328 59 124 111 314 437 483 438 382 287 102 386 418 321 103 246 306 317 384 483 290 35 426 339 459 125 457 458 109 220 198 141 248 334 196 224 141 274 221 278 441 339 131 390 359 146 339 193 137 382 261 133 481 165 299 142 303 474 345 64 256 180 215 420 112 73 126 172 379 306 226 277 389 203 424 230 218 498 278 0 206 111 426 246 165 262 180 430 438 411 177 282 329 382 166 378 217 403 371 274 109 367 167 399 94 446 375 107 452 275 99 518 37 402 142 498 429 133 253 286 45 194 241 232 210 37 389 42 43 284 472 393 300 313 100 111 496 453 146 80 93 295 271 82 299 279 219 336 296 444 458 328 294 183 456 436 436 419 87 251 308 323 276 461 54 294 419 506 400 409 199 424 434 326 320 317 306 225 150 201 405 134 200 224 444 363 340 459 101 110 126 198 338 360 374 174 284 55 392 293 174 221 67 193 411 411 409 317 325 497 173 134 425 63 335 293 89 299 244 108 495 18 356 106 241 161 103 410 481 260 128 99 111 116 285 97 132 463 159 88 151 107 97 231 200 492 298 376 210 342 33 160 453 424 222 502 314 328 386 239 23 62 112 357 88 138 216 200 329 450 443 207 195
288 616 435 203 204 316 126 150 561 390 243 515 287 311 621 395 82 321 572 484 641 288 291 340 315 266 467 281 164 258 504 502 670 111 124 189 157 386 183 326 665 576 174 358 635 81 389 80 170 175 489 25 208 455 614 234 106 412 119 233 645 331 168 280 292 252 419 294 216 210 452 606 81 197 460 158 119 518 272 351 268 89 87 504 155 454 677 391 109 154 507 564 310 218 297 630 132 388 430 32 243 353 279 219 613 674 122 290 232 169 315 313 488 130 265 170 343 333 154 345 554 288 675 107 489 221 348 161 346 188 144 566 90 173 378 295 530 555 227 229 415 319 124 117 317 59 356 678 419 290 193 126 261 447 246 114 573 352 169 115 371 199 685 579 365 523 275 651 511 290 495 236 343 329 351 97 174 359 612 635 56 251 610 303 677 315 305 265 253 512 300 59 288 671 620 54 222 273 202 227 669 188 584 528 322 294 382 162 613 327 165 419 566 155 474 160 246 535 653 578 255 639 290 147 566 140 133 499 227 123 118 511 313 344 576 220 108 105 564 623 490 117 43 243 126 551 616 486 222 242 179 291 307 642 649 191 364 393 324 402 526 41 166 346 441 211 437 279 488 114 594 533 250 537 110 179 587 399 76 308 300 471 173 134 629 510 170 436 76 237 217 105 190 331 36 557 470 403 85 238 361 583 119 14 346 111 206 0 131 252 44 56 446 91 263 294 247 377 132 507 570 367 542 416 255 553 443 315 540 330 583 119 290 245 130 615 424 296 671 222 234 67 330 600 152 84 484 233 167 364 72 5 199 217 210 247 459 644 579 478 226 212 315 671 619 142 199 298 117 450 124 174 99 57 508 103 630 608 127 496 365 623 608 264 246 249 445 513 519 477 635 158 197 595 666 566 286 238 277 284 126 496 495 137 394 267 57 276 317 329 363 295 242 485 271 277 125 83 213 171 538 562 119 122 152 573 473 53 111 179 44 269 578 218 489 509 688 52 89 606 268 173 151 246 496 427 143 319 195 475 240 373 108 103 241 656 112 333 304 316 139 82 111 78 320 59 147 138 101 219 397 11 345 181 575 350 145 184 74 266 623 174 665 479 510 228 107 205 160 290 530 293 112 407 92 523 365 242 371 388
413 485 313 321 227 437 193 274 432 270 150 384 394 421 491 264 117 450 441 353 512 195 165 210 190 193 342 399 257 258 375 373 540 57 252 213 168 273 75 442 538 445 243 244 506 153 273 176 257 94 358 116 316 332 484 338 34 281 17 360 514 447 75 199 423 373 297 171 271 316 323 475 182 91 332 136 222 389 402 456 137 139 78 381 240 324 549 266 188 285 377 433 181 346 222 499 66 258 299 98 366 249 383 188 483 545 35 408 104 101 418 435 358 27 167 140 216 455 270 453 424 418 548 181 360 349 217 37 222 317 91 437 77 165 247 425 400 425 267 161 498 441 99 247 188 90 227 548 290 412 300 221 383 318 368 244 442 222 38 243 256 329 557 449 239 393 404 522 387 376 373 364 217 218 223 226 46 448 482 510 179 350 497 180 555 446 428 392 146 385 423 103 413 541 489 77 342 145 147 352 539 312 454 402 440 415 258 231 484 447 35 299 436 280 344 37 116 405 524 449 368 509 251 90 435 250 74 369 105 133 16 387 424 462 448 344 234 53 434 507 359 25 173 320 256 420 489 361 143 372 301 418 182 513 522 171 234 270 198 272 400 103 232 235 311 254 307 404 358 132 479 403 228 414 180 58 473 270 91 436 170 341 56 258 499 379 121 308 150 137 345 32 64 221 109 428 340 274 215 358 230 452 211 138 468 233 111 131 0 380 161 120 318 159 389 412 372 258 247 378 442 250 412 296 374 424 312 210 410 201 454 91 413 357 121 484 293 178 542 109 360 96 457 469 35 205 361 119 214 236 186 136 128 344 94 153 329 514 450 348 315 178 203 541 488 40 71 189 192 321 74 187 225 121 378 233 501 479 256 378 238 492 477 392 373 123 320 400 395 357 505 95 290 465 536 435 396 254 397 405 255 366 366 261 264 137 157 388 191 200 233 415 349 356 402 152 7 58 241 295 409 434 172 242 63 444 344 129 200 132 100 386 448 348 359 380 561 127 112 477 167 296 264 119 373 299 136 448 94 350 197 244 51 58 368 526 224 228 201 216 12 211 81 57 439 115 24 166 78 89 266 131 466 283 453 219 275 111 130 396 501 235 535 348 381 351 209 124 109 165 400 186 136 282 176 397 459 370 241 264
46 860 662 88 307 84 237 161 801 617 456 760 136 136 865 644 313 72 818 731 879 492 543 589 551 454 699 85 179 363 744 742 912 361 128 302 308 604 416 117 898 821 228 580 886 246 609 253 191 394 735 264 123 684 856 138 351 660 366 21 894 123 418 473 74 55 646 530 257 132 692 854 247 427 698 342 180 758 88 177 514 267 315 732 199 702 914 643 225 113 756 810 553 34 480 877 360 632 678 284 46 562 143 381 860 911 373 89 483 382 162 82 732 381 512 354 581 98 126 164 802 45 926 232 729 31 593 406 580 117 359 817 318 334 626 68 775 797 287 423 290 85 332 143 567 293 598 920 670 65 132 191 53 698 49 139 819 598 417 137 593 89 921 825 601 772 25 892 740 206 747 16 595 549 591 156 425 234 860 864 201 154 819 538 900 97 66 18 476 763 63 283 45 915 867 303 65 524 394 39 917 75 830 760 106 75 614 228 855 105 415 645 807 102 723 404 496 784 891 818 100 888 435 363 815 150 357 744 464 304 365 740 131 123 827 50 146 342 806 835 735 362 212 214 128 798 867 716 427 30 88 42 545 881 884 354 613 623 562 650 759 289 233 563 687 276 685 42 738 296 806 777 388 764 236 431 798 650 300 57 549 715 425 124 879 757 369 677 247 485 125 351 434 549 271 800 717 644 167 63 608 831 200 248 106 149 426 252 380 0 238 267 684 246 21 84 30 603 145 750 806 591 789 642 67 794 688 529 784 575 823 333 60 107 321 863 673 524 922 453 28 292 78 845 404 177 711 464 264 616 197 247 404 37 444 459 702 890 817 720 182 379 536 916 866 394 444 517 282 691 348 370 155 290 753 150 868 859 147 717 604 870 853 13 7 490 677 724 748 701 880 372 172 839 915 813 123 329 74 68 145 739 737 120 638 517 229 110 554 580 613 74 124 736 54 516 374 325 303 88 780 799 258 142 383 814 714 257 208 372 293 82 825 63 733 748 923 258 293 847 483 92 137 488 724 666 324 69 422 727 406 624 359 338 22 901 166 545 517 524 390 182 332 324 101 273 393 287 325 466 642 250 111 150 800 599 121 396 267 51 848 241 913 725 750 52 188 415 365 529 774 511 290 641 226 755 221 120 617 621
279 645 471 205 243 310 160 114 593 427 284 543 294 316 650 421 75 303 600 511 673 330 312 368 349 309 502 280 184 299 536 534 700 127 114 229 199 425 221 325 699 604 204 397 657 119 427 39 194 216 517 68 217 491 644 245 142 439 151 221 669 331 182 322 269 248 455 330 248 221 484 631 39 236 493 202 138 549 245 358 297 130 129 540 180 481 709 410 141 130 532 591 342 205 340 656 173 418 456 67 237 394 288 263 640 706 144 289 256 211 324 307 518 153 274 214 377 327 160 351 580 270 694 141 521 207 377 195 381 158 187 589 132 216 405 273 559 585 262 272 433 313 167 95 342 101 387 708 443 285 204 150 256 471 241 100 600 381 199 105 410 173 718 607 399 547 260 682 547 309 512 222 363 368 384 86 201 374 639 670 70 264 650 339 713 291 296 253 292 532 292 103 278 700 646 90 219 295 246 219 695 184 613 562 319 290 417 193 644 324 194 456 597 151 500 194 274 559 684 609 258 663 334 190 591 153 175 528 262 167 150 546 316 341 596 214 104 144 594 661 518 152 34 266 110 579 635 521 264 224 177 279 342 673 682 234 390 429 358 429 560 58 197 385 470 246 464 270 513 157 633 562 293 573 145 202 626 423 119 293 327 500 194 132 653 537 213 468 115 248 184 140 223 370 80 588 498 434 76 235 390 608 145 30 338 115 246 44 161 238 0 99 478 129 252 291 239 415 141 538 602 405 569 453 253 584 472 355 569 361 615 162 284 251 173 641 449 333 695 260 224 110 316 627 176 93 520 271 204 386 91 40 242 205 246 288 489 672 611 509 246 255 354 700 645 163 231 337 80 481 166 152 97 52 537 89 662 631 98 534 399 649 636 251 233 283 480 552 555 514 663 201 216 624 691 593 291 277 275 280 99 526 526 136 424 293 91 280 351 354 388 290 250 509 250 312 156 121 251 166 569 594 158 127 192 604 505 95 139 222 62 268 605 195 518 541 721 94 133 637 309 171 161 279 532 460 187 301 234 494 284 396 126 143 231 685 125 374 345 357 167 57 154 115 317 103 181 179 143 249 426 53 339 195 612 375 121 226 116 244 660 206 690 507 541 223 128 247 203 324 559 333 155 442 125 558 378 209 401 423
297 593 400 202 151 319 83 194 535 355 200 494 274 301 598 379 125 338 551 464 614 242 285 323 286 216 436 279 138 203 478 476 646 126 144 136 101 347 150 322 634 554 134 320 623 37 351 136 141 133 469 33 196 421 590 218 87 395 104 246 628 327 179 231 318 255 384 264 172 196 425 589 137 162 432 104 101 492 302 336 248 35 49 470 124 436 649 386 72 186 491 543 286 234 246 611 94 366 413 54 248 310 263 164 594 646 127 288 224 124 299 317 465 131 278 117 315 336 150 333 536 307 666 67 463 237 327 141 315 225 99 553 52 117 360 319 509 530 178 179 387 323 74 150 305 30 332 653 407 294 180 101 264 435 250 140 553 332 155 135 333 230 656 558 335 507 291 626 478 262 493 252 337 290 324 122 166 334 593 602 70 232 569 272 641 342 311 277 215 504 306 17 297 649 601 55 224 265 151 236 651 195 563 496 320 296 350 122 588 327 154 384 540 165 458 139 232 520 625 552 248 623 235 102 549 130 92 477 197 68 104 477 304 342 566 227 123 75 540 583 469 99 86 209 152 531 608 453 175 263 184 303 279 615 619 135 349 360 296 385 495 79 124 306 420 163 419 287 474 59 554 511 194 503 68 177 547 387 34 323 285 448 173 143 614 491 119 410 32 249 256 88 168 291 25 533 451 378 112 239 342 566 92 70 350 117 165 56 120 267 99 0 418 45 274 293 256 341 128 483 541 330 523 381 255 527 421 273 518 309 557 72 295 237 75 597 409 261 657 188 245 25 342 579 151 90 450 199 119 355 70 59 152 230 178 203 435 623 552 453 200 157 276 649 600 146 178 258 172 425 83 221 115 104 486 131 603 595 165 459 338 603 586 278 260 223 413 472 486 441 613 113 172 572 650 547 276 184 277 286 162 473 471 146 372 255 38 268 288 317 349 296 229 472 295 249 113 63 161 179 514 533 70 125 117 548 447 10 82 127 80 267 559 245 467 482 659 9 35 581 226 179 144 222 462 400 88 336 158 470 186 362 120 72 253 634 105 291 262 272 132 123 68 64 319 6 129 84 59 201 376 46 346 163 540 335 177 139 20 290 588 131 648 459 484 233 89 160 111 262 508 253 56 376 57 492 343 279 350 356
711 179 69 612 433 728 459 592 117 88 241 93 664 693 183 102 426 756 146 85 196 223 200 127 133 271 45 684 529 414 60 59 228 361 562 426 396 127 268 724 221 146 494 129 250 440 114 492 523 292 84 427 596 57 173 609 340 88 328 664 234 727 322 251 735 666 72 155 498 593 9 194 498 257 15 354 509 74 717 718 182 419 370 84 508 82 232 180 465 599 121 140 136 652 263 208 324 70 86 414 661 170 650 345 190 228 339 693 234 306 681 726 61 328 297 345 104 745 563 719 144 726 307 458 45 655 108 284 107 633 327 184 367 373 98 737 103 114 476 286 720 733 354 562 161 394 92 236 126 705 580 502 676 129 663 556 152 106 280 553 121 644 240 152 84 138 709 208 85 619 221 670 179 156 95 538 280 685 191 197 487 614 225 147 248 759 723 693 213 187 718 403 711 234 200 391 636 207 310 652 247 611 154 90 724 705 76 486 171 733 285 78 123 582 99 286 210 150 207 134 649 233 343 323 164 540 328 75 221 386 329 85 698 745 218 642 541 345 124 224 75 328 489 561 568 131 264 62 271 682 599 719 140 197 204 359 119 74 123 89 85 421 483 150 55 473 76 702 124 393 204 101 368 112 454 286 202 124 385 740 164 52 294 561 228 100 324 13 438 296 662 341 255 159 418 117 74 46 527 650 101 177 492 455 760 535 262 446 318 684 478 418 0 440 690 700 671 103 542 69 124 116 128 80 665 110 51 182 109 120 139 352 707 637 368 199 104 163 270 232 661 393 758 171 308 509 75 221 453 156 488 451 291 648 240 239 36 211 133 42 572 341 164 235 198 323 247 181 499 19 337 460 533 436 82 546 185 218 572 112 81 199 176 695 678 197 42 156 92 89 201 314 555 158 252 148 670 437 685 696 571 63 58 564 65 198 456 666 130 155 129 706 624 133 713 169 322 364 445 597 98 116 436 542 301 130 32 428 482 325 417 672 157 661 67 64 243 427 392 163 215 594 554 200 78 19 370 754 263 191 327 139 358 348 669 220 519 174 191 195 312 527 352 367 724 412 298 412 359 230 69 444 754 560 151 132 590 294 418 707 195 481 248 78 66 647 499 277 324 156 100 188 399 50 461 86 704 687 86 71
271 617 415 172 115 289 38 204 557 371 209 520 236 264 622 409 167 319 578 492 634 247 321 354 308 214 454 247 98 172 500 499 668 171 135 101 77 358 174 289 652 580 89 334 655 10 363 167 98 149 497 74 161 438 613 180 125 424 142 226 657 292 222 231 305 226 400 286 128 159 448 617 167 183 453 98 69 514 294 297 278 22 82 486 81 465 669 423 29 183 520 570 313 216 243 638 119 392 442 98 221 317 224 150 621 666 170 256 260 136 259 287 491 173 322 111 337 306 123 295 564 289 700 22 485 219 355 174 334 225 113 584 83 100 390 304 534 553 136 179 342 293 86 151 338 73 357 676 440 265 144 63 236 468 223 136 580 360 190 128 346 225 676 584 356 537 271 648 494 219 529 233 373 302 348 121 203 290 620 618 74 191 576 293 654 330 283 254 230 538 278 59 271 673 629 100 196 301 150 212 678 172 589 514 287 266 369 77 611 295 191 399 563 145 487 171 266 550 646 574 213 653 217 117 578 100 114 503 222 59 143 494 267 309 599 202 113 109 563 591 495 136 105 165 147 558 642 470 182 248 159 279 301 636 638 120 380 377 318 414 514 122 79 317 447 120 447 261 505 50 562 536 172 518 23 217 554 419 68 301 317 474 214 125 644 518 123 433 15 292 257 127 199 302 69 557 478 402 114 210 370 595 53 103 321 101 180 91 159 246 129 45 440 0 250 261 231 356 102 507 561 344 551 396 225 550 448 283 543 336 579 88 267 202 75 625 439 279 687 209 222 64 318 605 192 80 465 219 77 390 61 92 158 210 202 212 460 648 573 477 157 144 289 674 627 189 209 271 207 448 106 263 106 145 512 130 623 625 170 471 360 630 612 257 240 250 431 480 502 455 638 126 130 596 678 574 239 149 247 256 166 497 495 128 398 289 39 232 311 351 381 266 192 504 282 273 152 103 123 158 537 553 29 105 142 571 470 41 43 127 123 234 586 235 493 504 677 43 50 604 237 155 114 249 478 422 81 315 177 506 174 395 165 104 230 659 81 300 271 279 171 134 90 106 287 48 163 55 86 233 403 80 316 126 554 367 175 149 30 276 602 86 676 487 506 207 59 169 119 286 533 265 44 396 21 509 301 278 377 375
27 866 665 84 303 64 238 180 807 621 458 767 118 116 871 652 327 72 825 738 885 493 553 597 557 455 704 65 176 358 750 748 918 373 140 299 309 606 422 96 902 828 224 583 895 250 612 269 187 399 743 274 115 688 863 126 359 668 375 31 902 102 430 474 87 40 650 535 250 123 697 862 263 433 703 344 182 763 106 156 522 272 322 736 197 710 919 653 227 131 764 817 560 49 480 885 366 639 686 294 35 564 126 380 868 916 384 68 493 386 143 62 739 392 525 356 587 79 128 143 810 53 937 234 735 47 601 414 585 138 363 825 325 335 634 80 782 803 281 424 270 65 336 159 577 301 605 926 679 44 126 192 35 707 36 152 827 606 426 149 596 110 926 832 606 780 31 898 744 191 758 33 605 552 597 168 434 215 867 867 210 140 820 543 902 108 46 6 480 773 43 290 26 922 875 313 59 534 395 38 925 79 837 764 85 53 619 225 861 84 424 649 813 109 731 412 504 793 896 824 84 897 431 368 823 152 362 751 470 307 374 744 110 102 837 48 155 349 812 836 742 371 225 204 142 805 878 720 430 51 91 29 550 886 888 354 622 628 567 658 764 301 230 566 694 271 692 21 747 299 807 784 385 767 239 441 799 659 307 51 558 722 436 132 887 764 372 683 252 498 146 359 442 551 280 806 724 651 179 51 615 840 201 260 88 157 430 263 389 21 252 274 690 250 0 63 20 606 149 756 811 594 797 646 51 799 695 531 791 582 828 338 39 93 324 871 682 529 930 458 29 299 68 852 415 185 715 469 262 625 204 258 406 47 450 461 708 896 823 726 172 378 539 922 874 405 452 520 300 697 353 388 164 303 759 163 874 867 164 719 610 877 860 14 23 497 681 725 752 704 886 377 165 845 923 820 104 324 54 47 161 746 744 128 645 526 235 91 560 589 622 53 110 745 70 522 383 334 298 94 787 804 259 148 389 820 720 264 210 374 305 64 832 84 740 753 927 265 298 853 486 96 138 495 728 672 327 68 427 738 405 633 371 345 21 907 171 547 520 526 399 196 338 332 80 280 401 288 331 474 649 260 92 145 803 608 138 399 272 69 850 237 921 733 756 46 191 418 369 535 781 514 293 646 230 759 201 141 624 625
48 878 669 91 289 32 241 235 816 626 462 781 65 55 882 670 365 109 839 754 892 493 577 615 568 451 709 15 172 339 760 758 928 404 178 289 307 607 435 36 905 841 213 586 915 264 614 314 180 408 758 300 104 692 873 98 380 686 397 86 918 42 461 471 144 44 654 546 229 109 707 878 308 444 712 347 193 773 167 93 539 283 340 739 193 726 925 679 235 183 781 831 574 103 473 900 380 654 703 323 56 563 78 373 882 923 413 9 516 394 84 30 751 419 559 357 597 46 143 80 826 106 959 242 745 102 616 433 593 197 373 845 342 332 651 135 795 813 259 423 209 36 347 204 598 322 618 935 700 22 119 199 38 728 51 193 841 622 448 186 598 170 932 845 615 798 88 907 748 144 785 93 630 554 608 205 458 155 882 869 238 105 813 553 901 160 39 68 487 796 36 310 49 933 890 339 72 558 396 76 939 107 849 769 28 13 626 218 870 34 447 652 823 140 748 431 525 811 903 833 52 914 417 377 840 163 375 764 483 314 397 747 48 50 859 78 188 367 823 831 756 392 260 172 184 819 901 725 432 114 115 64 562 894 893 350 641 634 578 675 769 334 222 568 708 253 709 45 766 307 802 796 372 770 245 468 794 679 325 85 577 735 463 161 905 779 376 693 266 531 208 381 459 554 304 816 739 663 215 56 631 856 208 293 61 183 438 294 412 84 291 293 700 261 63 0 62 610 165 767 818 598 812 649 39 809 709 532 804 597 837 349 28 65 331 886 700 537 949 469 76 318 85 866 441 210 718 479 254 648 227 290 410 95 463 465 720 909 831 737 145 373 543 934 888 433 470 524 348 708 367 435 196 340 772 203 881 886 214 719 620 891 873 76 84 511 687 721 755 705 899 385 150 856 939 835 51 304 16 16 210 758 755 157 659 548 256 43 571 610 642 13 81 764 131 534 406 355 282 125 797 811 264 172 403 830 730 284 219 377 337 27 847 146 754 763 932 285 312 863 490 121 149 511 731 682 330 105 437 763 397 654 401 363 73 919 188 547 521 526 423 238 352 355 27 298 421 289 347 493 664 289 54 140 804 628 188 406 287 130 850 227 937 748 765 68 205 423 375 547 794 518 301 654 242 764 140 204 639 632
41 848 646 64 283 72 219 174 788 602 439 749 108 110 853 635 314 92 807 720 866 474 536 579 539 435 685 59 156 339 732 730 900 357 125 279 289 587 404 97 883 810 204 564 878 232 593 258 168 380 725 257 96 669 844 109 342 651 358 24 884 103 415 454 102 26 631 517 231 105 679 844 252 414 684 325 163 745 117 152 504 253 304 717 177 692 900 637 208 122 747 799 542 41 460 867 348 621 668 278 17 544 114 360 850 898 369 65 476 367 135 70 721 376 511 336 568 88 109 140 792 70 920 215 716 40 583 397 566 135 344 808 307 315 616 96 764 784 262 404 263 74 318 147 560 283 587 907 662 48 107 173 26 690 20 139 809 588 409 134 577 108 907 814 587 763 48 879 725 177 742 33 589 532 579 153 418 206 849 848 193 125 800 524 883 125 58 25 462 757 53 273 41 904 857 296 40 517 376 20 907 61 818 745 88 56 600 206 842 89 407 630 794 93 713 394 487 776 877 805 70 879 412 349 805 133 344 733 452 288 357 725 105 107 820 29 139 331 794 817 724 353 210 186 129 787 861 701 410 57 72 48 532 867 869 334 605 609 549 641 745 286 210 547 676 252 675 32 729 280 788 766 365 748 219 425 779 642 289 71 541 704 419 115 870 746 352 664 233 483 148 342 424 532 263 787 706 632 164 34 597 822 182 245 100 139 411 247 372 30 239 256 671 231 20 62 0 587 130 737 793 575 779 626 38 781 677 512 773 564 810 319 46 77 305 853 664 510 913 440 15 281 87 834 398 167 696 451 242 609 186 243 387 35 432 442 690 878 804 708 154 359 520 904 856 389 434 501 290 679 335 378 148 289 741 149 855 850 155 700 591 859 842 31 26 479 662 706 733 685 868 358 146 827 906 802 95 304 49 47 151 727 725 111 627 509 218 81 541 572 604 55 94 727 83 504 366 316 278 77 768 785 240 131 371 802 701 246 191 355 290 54 814 85 722 735 909 248 279 835 467 77 119 477 709 653 307 88 408 722 385 616 355 328 11 889 152 528 500 507 383 183 319 315 84 262 384 268 313 456 631 244 101 126 784 591 129 380 254 81 831 218 903 715 737 27 173 399 350 516 763 495 274 627 211 741 195 146 606 606
626 277 59 526 335 640 370 527 211 16 148 196 571 599 281 154 374 675 249 184 283 123 198 136 76 170 100 595 439 313 159 157 321 310 485 330 304 32 194 632 295 247 400 26 353 357 22 434 431 209 184 356 507 82 269 517 273 152 264 582 337 635 285 150 658 580 44 89 401 502 112 297 440 180 111 264 424 171 644 622 145 336 294 129 417 170 315 228 379 526 220 243 103 572 161 311 248 109 162 348 576 68 557 246 292 313 287 604 203 221 586 638 164 276 294 253 66 656 478 625 247 645 409 372 145 575 113 222 46 564 245 285 291 279 136 659 206 211 377 189 619 645 271 490 165 321 89 328 192 617 491 415 590 207 577 481 255 117 225 477 19 571 321 254 50 237 628 300 138 522 301 589 204 57 72 464 231 587 293 261 412 521 239 80 300 683 637 610 127 276 632 327 626 331 302 324 550 194 215 568 348 528 255 158 633 617 33 393 265 643 232 43 219 501 192 223 176 250 294 227 559 336 240 240 267 455 249 178 153 299 266 137 605 654 317 558 464 272 223 248 176 263 419 465 493 234 364 115 178 603 516 635 83 285 283 264 150 30 72 146 159 359 391 48 142 375 157 616 217 307 221 204 266 162 368 245 215 179 309 657 153 153 253 480 331 202 235 104 357 283 594 274 195 58 345 216 170 93 453 564 121 280 405 388 671 455 177 377 258 603 415 341 103 356 606 610 587 0 458 170 209 13 231 39 577 205 140 81 211 107 230 271 620 547 282 301 174 82 373 155 578 318 674 273 260 430 109 144 359 191 410 382 200 566 168 146 136 311 223 145 478 243 68 332 300 275 190 86 449 119 258 427 456 379 185 472 272 321 503 120 64 301 276 613 596 139 78 144 146 100 300 231 463 257 355 251 578 337 597 608 501 166 160 484 110 176 378 575 77 167 160 618 533 224 636 110 262 295 347 515 198 202 348 461 226 226 134 351 396 234 356 583 260 586 170 159 322 350 311 257 121 511 469 144 122 91 281 672 184 270 227 178 306 274 586 318 437 71 91 93 256 458 274 299 635 335 236 322 282 180 119 373 665 471 199 154 517 207 337 630 247 387 350 176 164 562 415 188 237 99 203 92 313 54 377 154 606 618 110 36
170 718 517 74 175 191 94 149 659 473 311 620 155 179 723 507 210 217 678 591 736 347 412 451 409 310 555 152 58 235 602 600 770 241 59 166 165 459 274 196 753 680 101 435 751 102 464 174 72 250 596 135 76 540 714 104 215 522 232 124 756 201 298 329 207 127 501 387 143 80 549 716 170 284 555 197 35 615 201 219 376 123 176 587 69 563 770 513 80 106 618 670 412 116 337 738 218 492 540 159 120 417 147 239 720 768 248 161 351 238 184 189 591 254 397 209 438 208 22 213 663 189 794 87 587 119 454 269 436 149 215 681 178 191 488 205 635 654 169 278 292 195 188 91 433 157 457 777 535 166 63 49 136 563 123 71 680 459 283 58 448 140 777 685 457 635 170 749 596 170 619 132 464 404 449 69 293 233 720 719 76 123 675 395 755 232 183 152 332 631 178 145 170 774 728 174 96 392 249 110 778 70 689 615 193 168 470 97 712 200 281 501 664 47 585 266 360 648 748 675 123 751 299 219 677 14 214 603 322 159 232 595 181 215 694 101 46 203 664 691 595 227 108 136 75 658 736 572 282 149 58 178 402 738 740 211 477 479 419 512 615 173 102 418 546 154 546 160 602 151 662 636 252 619 92 303 654 515 161 199 413 574 298 33 742 617 224 534 104 368 180 216 296 404 139 658 577 503 73 111 469 693 56 135 222 28 282 132 247 145 141 128 542 102 149 165 130 458 0 608 663 446 650 497 127 651 548 384 643 435 680 189 167 113 176 724 536 380 785 310 120 153 217 705 276 49 567 321 129 483 62 129 259 109 302 314 560 749 674 578 109 236 391 774 727 269 306 372 214 549 205 293 49 185 612 73 725 723 112 572 461 730 712 155 138 349 533 580 604 556 739 228 80 697 777 673 154 203 150 158 107 598 596 34 498 383 90 144 412 445 477 169 110 600 184 374 240 190 174 58 638 655 113 18 242 672 571 119 64 227 176 139 685 142 593 605 779 120 150 705 338 53 20 348 580 523 179 214 278 597 264 489 237 199 128 759 23 400 372 379 258 104 190 190 192 134 257 143 184 328 502 126 219 55 655 463 102 251 124 178 703 112 775 586 607 106 43 270 221 387 633 366 145 498 81 611 236 196 477 477
778 111 126 679 501 795 526 652 56 155 310 35 732 761 116 131 482 821 78 55 136 292 244 174 199 339 84 752 596 483 17 17 163 417 625 495 464 191 334 791 172 77 562 197 189 506 178 549 591 359 48 490 664 105 107 677 402 111 389 729 167 794 373 320 798 733 134 221 567 660 60 128 555 323 60 422 576 19 779 786 241 485 434 97 575 78 174 194 532 661 80 73 197 717 331 140 390 121 99 475 728 236 718 414 122 169 396 761 287 373 749 793 24 386 334 413 169 812 629 787 83 790 246 525 26 720 161 346 175 695 394 128 431 442 138 800 38 47 545 354 788 799 420 624 206 458 152 171 135 772 648 568 743 123 730 619 85 158 339 617 188 706 183 83 152 90 774 144 90 688 199 735 210 225 159 601 338 754 123 159 551 683 224 214 215 822 790 759 281 155 785 467 778 167 132 453 703 254 378 717 178 677 85 76 791 772 145 554 106 800 344 139 59 647 78 348 266 100 147 72 717 166 411 390 104 606 393 25 286 453 390 91 766 812 168 708 606 408 57 216 37 391 550 630 631 65 211 85 340 746 665 785 205 136 152 428 158 141 189 119 67 480 552 218 72 542 86 768 95 460 203 34 436 107 521 341 204 143 449 805 215 41 349 626 163 50 392 74 504 338 722 403 317 227 481 50 57 105 590 717 150 113 559 516 827 600 329 507 378 750 538 483 69 507 756 767 737 170 608 0 74 184 66 142 731 47 69 250 41 177 78 418 774 705 436 131 115 232 204 298 727 458 824 102 364 573 103 287 521 183 553 512 359 713 306 308 49 143 76 30 640 409 232 167 130 379 308 250 553 58 402 507 597 494 24 609 125 157 634 139 146 131 107 761 743 260 98 182 92 124 132 381 623 90 184 83 738 506 753 763 633 13 12 629 115 250 521 734 196 197 165 773 692 107 777 234 383 427 514 662 31 68 503 608 366 66 37 493 549 393 477 740 90 724 30 25 189 491 458 99 284 660 621 262 97 86 437 819 330 174 396 167 415 412 735 152 585 242 260 263 371 589 418 430 792 477 360 480 424 289 113 506 821 628 136 173 652 362 484 771 168 549 179 52 16 713 565 345 392 221 33 256 466 118 527 74 773 747 137 139
832 83 153 733 544 848 578 716 28 193 357 94 780 809 84 204 549 879 90 125 74 331 316 244 256 378 110 803 647 518 69 71 113 484 685 539 512 220 391 841 99 81 609 235 202 561 210 615 640 413 118 551 715 129 69 726 463 185 452 786 163 844 443 358 858 787 166 277 610 711 118 135 621 379 110 472 630 57 841 832 306 540 493 91 626 151 108 267 585 723 139 92 260 775 364 131 447 189 172 538 782 268 766 455 116 105 462 812 355 426 795 846 98 452 407 461 227 864 684 834 115 848 259 578 83 778 229 408 227 757 448 163 490 488 210 860 82 44 586 398 825 852 475 685 277 518 215 120 209 825 699 621 796 194 784 679 100 226 404 676 224 768 116 88 206 142 831 92 81 731 260 792 284 266 218 661 403 795 119 86 610 730 173 269 143 883 844 815 331 212 838 526 832 128 127 515 757 325 424 773 160 733 82 56 842 824 193 602 62 851 409 169 36 704 148 410 333 146 85 29 767 167 442 444 133 660 450 96 344 505 453 82 814 863 204 764 664 468 49 159 109 452 613 674 692 95 239 97 387 804 720 840 263 76 81 473 230 185 246 192 52 545 600 255 145 584 160 822 159 513 154 74 473 75 574 409 158 217 508 862 284 114 417 683 170 110 442 134 560 410 786 464 379 267 541 47 130 169 650 771 219 133 612 579 879 657 382 570 442 806 602 541 124 561 811 818 793 209 663 74 0 222 104 173 784 35 141 290 74 243 27 474 827 755 488 132 189 283 201 353 783 516 880 96 431 631 109 343 568 257 611 575 408 770 363 354 119 116 18 98 687 452 276 130 125 446 371 295 622 122 459 578 656 560 89 669 63 175 696 130 204 121 92 817 800 321 132 163 76 128 104 435 672 68 173 104 787 545 805 815 695 87 84 686 183 319 579 784 253 269 237 825 742 171 836 293 446 488 556 718 53 8 555 664 424 37 99 551 602 442 541 791 101 785 103 62 119 550 514 53 329 716 675 324 96 143 488 876 385 238 435 241 481 471 791 118 641 278 301 300 435 651 475 491 843 535 422 530 482 353 183 567 873 679 83 245 713 413 540 831 100 596 166 124 64 768 620 395 443 280 78 301 519 165 582 59 814 811 205 186
614 291 71 514 322 628 358 517 224 29 136 209 558 587 294 162 366 663 262 195 296 110 198 140 72 157 113 583 426 299 172 171 334 303 474 317 291 29 184 620 308 261 387 13 365 345 24 425 419 198 196 345 494 95 283 504 263 161 255 570 350 622 279 137 647 567 56 83 388 490 125 310 431 170 124 251 412 184 633 609 142 324 284 142 405 181 328 234 367 515 232 256 102 560 148 324 237 117 171 338 564 56 544 233 305 326 279 591 199 209 573 626 177 268 293 240 67 644 466 611 260 634 421 360 158 563 117 214 46 553 233 297 280 267 143 647 219 225 364 176 605 632 259 479 167 311 94 342 200 605 478 402 577 216 565 470 268 121 217 465 10 560 334 267 56 249 616 313 150 508 310 577 207 44 76 452 224 573 306 273 400 508 247 74 311 672 624 598 115 287 619 316 614 345 315 314 538 193 203 556 362 516 268 171 621 604 44 381 279 630 225 55 232 489 204 214 173 262 307 240 546 349 227 229 280 442 238 191 144 287 257 150 592 641 328 546 452 262 236 257 189 253 409 452 482 247 375 127 165 591 504 623 79 298 296 251 155 42 71 155 172 350 378 34 153 362 167 604 229 295 229 217 253 173 356 238 223 186 298 645 153 165 246 469 343 215 223 116 345 280 584 265 187 45 335 229 182 103 442 551 127 293 393 378 659 443 166 367 250 591 405 330 116 344 594 598 575 13 446 184 222 0 244 51 565 219 151 68 224 109 243 259 608 534 270 314 183 72 386 145 566 307 662 286 253 419 121 134 346 195 398 372 188 554 158 133 148 324 236 157 464 230 55 346 313 268 182 74 441 132 247 422 444 370 198 461 285 333 492 129 70 314 290 601 584 132 91 151 158 111 313 219 450 270 368 264 565 324 584 595 490 179 173 472 119 174 366 562 74 170 165 605 520 235 624 104 253 284 334 503 211 215 336 449 215 239 147 339 384 221 347 571 273 575 182 172 335 339 300 270 108 499 456 138 134 103 268 660 173 279 214 184 298 264 574 331 425 58 78 79 248 448 263 289 622 324 227 309 271 174 127 363 652 458 210 158 506 195 326 619 258 374 363 188 177 550 403 176 225 94 216 80 301 66 365 167 593 607 117 48
820 82 191 723 555 840 573 682 76 216 362 35 781 809 89 149 508 860 32 59 133 349 262 202 247 396 150 797 643 540 83 83 141 445 663 548 515 254 377 838 183 40 612 257 123 549 241 576 639 406 54 527 710 171 89 725 439 131 425 769 108 841 396 378 834 777 198 269 619 707 119 68 583 368 123 471 619 77 814 837 276 529 475 161 623 88 170 188 577 696 44 24 238 756 391 88 432 158 113 510 770 298 767 469 71 163 426 806 314 420 799 838 67 416 341 463 218 857 672 837 17 829 180 570 91 759 196 383 228 727 440 63 472 493 165 837 29 60 599 408 844 844 466 659 228 497 194 148 135 815 694 613 786 112 773 655 30 191 374 654 249 741 180 40 205 40 814 128 153 740 158 774 218 283 206 638 369 808 70 185 589 732 275 263 241 858 833 800 332 109 828 507 820 133 78 488 746 276 430 759 128 718 48 134 837 817 203 603 94 846 377 203 69 688 70 385 296 42 142 82 763 106 471 435 38 650 437 53 329 500 425 154 814 859 104 750 644 448 57 262 57 427 585 682 668 12 146 150 392 784 707 826 252 130 160 481 179 201 236 140 125 512 601 278 104 595 105 810 68 506 255 36 494 164 567 368 257 151 490 846 243 80 376 666 100 33 441 128 547 351 753 439 355 286 519 57 73 152 626 761 182 49 604 550 871 640 378 542 412 789 569 523 128 551 797 812 779 231 650 66 104 244 0 206 776 70 103 308 32 215 89 463 817 751 482 74 123 283 143 344 768 498 865 59 394 613 169 334 572 192 593 547 410 753 349 361 97 104 94 87 690 463 289 132 77 407 346 305 576 112 445 521 635 522 47 645 125 91 667 203 196 80 69 801 783 301 162 245 153 189 96 428 672 67 128 23 786 562 797 807 667 66 73 669 153 277 562 781 244 217 183 817 740 78 814 278 418 465 568 703 56 102 550 649 409 72 98 533 593 443 508 785 36 760 62 88 189 532 501 92 338 702 664 302 161 141 486 858 376 140 452 178 444 452 776 118 627 302 317 322 403 622 461 467 838 517 397 528 466 324 148 542 866 674 184 195 687 410 526 808 203 599 125 64 80 756 608 395 439 266 34 312 512 178 571 133 826 779 173 197
665 244 20 565 372 679 409 566 177 26 187 171 609 637 247 156 411 714 220 165 246 159 221 152 109 205 64 634 477 346 128 127 285 347 524 367 342 49 233 671 256 217 438 63 329 397 38 472 470 249 163 395 546 44 235 555 311 149 302 621 308 673 318 185 698 619 8 125 437 541 88 270 478 219 83 303 463 139 683 659 176 375 334 90 456 158 277 235 418 566 201 215 131 611 193 281 287 111 155 386 615 96 594 283 262 275 323 642 234 260 623 677 140 313 319 292 90 695 517 662 222 685 386 411 116 614 128 260 76 603 284 263 331 318 142 698 179 179 413 227 653 683 310 529 185 361 104 293 190 656 530 454 629 200 617 520 227 131 261 516 51 611 283 224 68 217 667 264 99 558 295 628 218 95 92 503 267 622 263 222 451 559 204 116 261 723 676 650 166 265 671 367 665 297 272 363 590 220 254 607 317 567 225 120 672 656 45 432 230 682 268 3 185 541 177 261 208 230 257 192 598 308 271 280 243 494 288 153 191 338 304 98 643 692 298 597 503 312 190 212 154 301 458 502 533 207 344 76 217 642 555 674 116 248 244 301 160 31 103 146 122 397 429 83 129 412 147 656 203 346 185 175 301 122 407 279 180 181 348 696 177 132 287 520 304 180 274 85 396 310 633 313 232 95 385 183 153 89 492 603 132 254 445 427 710 494 217 416 296 642 453 381 80 396 646 649 626 39 497 142 173 51 206 0 616 172 126 118 182 128 195 310 659 585 321 273 169 121 346 194 618 357 713 242 295 470 69 183 397 201 449 421 239 605 207 185 116 278 187 119 515 280 107 298 271 311 226 125 486 98 298 461 495 417 159 511 235 297 542 82 78 271 245 652 635 175 44 112 107 61 267 270 501 224 325 224 616 372 636 647 540 139 133 523 110 204 417 613 109 184 170 656 571 211 675 145 299 334 383 554 167 165 387 500 265 192 108 390 435 272 394 622 231 625 146 127 283 389 351 222 160 551 508 180 82 74 320 711 223 264 263 187 342 314 625 284 476 105 129 127 293 497 313 338 673 375 274 360 322 215 118 412 703 509 159 167 557 246 377 670 208 425 320 158 133 601 454 227 277 134 175 131 353 41 416 116 642 657 118 41
55 842 636 53 262 64 207 203 781 592 429 745 70 75 847 633 327 118 803 717 858 461 539 578 532 420 676 28 139 315 725 723 893 365 140 260 275 575 399 73 872 805 184 553 878 227 582 277 149 373 722 261 72 659 838 77 342 649 359 60 882 78 423 440 138 12 621 510 205 79 672 842 271 408 677 313 156 738 155 118 502 247 303 706 161 690 891 641 199 149 745 795 538 74 444 864 344 618 667 284 24 531 76 343 846 889 374 36 479 359 97 62 716 381 520 324 562 81 105 107 789 103 922 206 710 74 580 396 558 168 337 808 305 300 614 131 760 778 236 391 226 68 311 167 560 284 582 900 662 40 87 163 17 691 19 155 805 585 410 148 565 142 898 810 580 762 82 872 715 140 747 70 592 521 573 167 420 168 846 837 199 90 784 518 869 159 60 57 453 759 55 272 56 898 854 301 34 520 363 43 903 69 814 735 67 41 592 188 836 73 409 619 788 102 712 394 488 774 869 798 33 877 390 342 803 126 339 728 447 279 359 714 71 89 822 42 149 330 788 801 720 354 222 155 147 783 863 692 399 95 76 69 526 860 860 319 604 600 543 639 736 295 191 535 672 228 672 46 729 272 772 761 345 737 210 429 764 642 288 94 540 699 424 122 868 743 342 658 229 492 184 343 422 521 266 781 703 627 177 18 595 820 173 255 95 144 403 255 374 67 253 255 665 225 51 39 38 577 127 731 784 565 776 616 0 774 673 500 768 561 803 314 44 42 296 850 663 502 912 434 48 280 103 830 403 172 685 444 224 611 188 251 377 64 427 431 685 873 796 702 124 343 510 899 852 395 433 491 311 673 331 398 157 302 737 165 847 850 178 687 585 855 837 65 64 475 653 691 722 673 863 350 122 821 903 799 57 280 22 31 174 722 720 118 623 510 218 43 535 573 604 41 61 727 120 498 368 317 256 87 762 777 229 133 367 795 695 246 183 343 299 18 811 121 718 728 899 247 275 828 456 82 112 474 698 647 297 113 402 725 368 617 362 326 49 884 150 515 488 494 385 200 315 317 65 261 384 256 310 455 628 250 91 107 771 590 153 371 250 118 819 198 901 712 731 32 168 389 341 511 758 485 266 619 205 731 158 184 603 598
821 72 154 722 540 838 569 698 9 189 349 60 773 802 76 177 528 866 60 93 89 328 290 221 242 375 109 794 638 518 49 51 119 463 670 534 505 221 378 833 127 53 602 232 176 549 210 595 632 402 85 535 706 130 64 718 447 157 435 773 143 836 420 356 844 776 165 264 605 702 102 110 602 367 97 463 619 36 825 826 287 528 479 104 617 120 127 235 575 707 104 61 243 761 365 113 434 167 143 521 771 268 759 452 96 122 443 803 333 415 789 836 70 432 379 454 213 855 672 828 82 835 234 568 65 764 208 392 216 740 437 130 476 482 185 845 48 10 583 393 824 842 464 669 252 503 197 126 177 814 690 611 786 161 773 664 71 204 385 662 222 752 136 61 194 108 819 99 94 726 225 779 255 262 203 646 384 792 97 120 596 723 205 257 177 867 833 803 322 177 828 512 821 126 106 499 746 301 418 761 147 721 58 71 833 815 184 595 61 842 390 169 14 692 114 393 312 112 101 25 759 146 443 432 101 649 437 64 330 495 436 95 807 854 172 752 650 453 20 192 77 436 596 669 677 61 210 101 380 791 709 829 249 89 106 467 204 178 232 165 63 526 592 253 118 580 131 811 125 502 185 39 472 98 564 388 189 187 494 849 261 87 396 670 146 76 433 117 548 384 768 448 363 263 526 15 100 150 635 760 197 104 601 562 869 644 371 553 424 794 584 527 110 550 799 809 781 205 651 47 35 219 70 172 774 0 116 286 39 223 32 462 817 746 478 109 158 273 182 341 771 502 868 74 411 618 118 330 561 228 597 558 400 757 350 347 96 106 30 76 680 448 270 127 104 425 354 289 600 103 446 553 642 540 57 654 79 148 679 146 190 103 74 805 787 305 128 184 92 138 95 424 664 52 157 73 779 542 795 805 679 59 58 673 161 297 565 776 240 243 211 815 734 137 822 278 429 472 552 706 19 32 546 652 410 21 80 537 591 434 523 782 73 770 73 47 142 536 501 54 323 704 664 307 107 128 479 863 373 204 432 212 461 456 779 113 629 276 297 298 417 634 462 475 834 521 406 521 469 335 160 551 863 670 114 219 698 403 527 816 135 590 151 93 44 757 609 386 434 265 43 295 509 156 570 72 811 793 184 178
718 173 118 620 453 737 470 585 125 127 260 72 677 706 179 63 414 759 130 47 205 251 175 106 144 297 95 694 540 441 73 71 229 349 562 445 411 168 274 735 240 133 508 163 218 446 155 481 535 302 50 426 607 108 172 622 338 44 324 668 211 738 305 279 735 674 118 166 517 604 46 171 488 265 60 368 517 84 715 733 175 426 373 130 520 32 243 134 474 597 82 122 135 655 295 191 329 56 37 410 668 207 664 367 173 238 329 703 219 317 696 735 47 319 266 360 115 754 569 734 118 728 272 467 61 658 95 282 127 629 336 148 370 390 69 737 88 115 497 307 743 741 362 559 137 395 91 236 78 713 590 510 684 78 670 555 132 91 274 554 158 641 252 137 104 99 712 211 128 638 171 673 143 186 103 538 271 706 173 224 488 629 270 160 279 758 731 698 229 139 725 405 717 228 181 389 643 185 328 657 230 616 142 126 734 714 108 500 173 743 278 125 127 586 53 284 199 112 216 141 660 208 374 332 135 547 334 57 226 397 325 129 711 756 177 648 543 346 123 267 47 327 486 579 568 110 224 109 289 683 605 724 149 204 221 378 89 110 133 50 119 414 498 184 4 492 25 708 78 402 249 90 394 153 464 273 248 79 388 744 147 29 281 564 200 71 338 41 444 269 656 339 254 189 418 117 32 51 526 658 82 150 500 451 768 539 274 443 312 688 472 421 51 448 695 709 677 140 548 69 141 151 103 126 673 116 0 211 97 113 147 360 714 648 379 178 55 181 244 241 666 396 763 158 297 511 124 231 468 117 491 448 307 651 246 259 24 202 145 44 587 362 190 228 179 311 245 205 485 34 342 438 534 427 65 545 194 187 568 162 94 182 165 699 681 198 93 206 134 139 192 325 568 152 231 126 683 461 694 704 568 56 58 568 50 182 460 678 141 128 96 714 636 85 713 175 318 364 466 601 98 135 447 547 306 134 48 431 490 340 410 682 138 660 46 81 258 430 398 166 236 600 561 200 125 52 382 757 272 141 352 101 348 350 674 213 525 207 219 226 305 524 358 366 734 415 296 425 364 224 46 442 763 571 189 104 588 307 423 707 228 496 228 40 78 653 506 292 336 163 87 211 409 88 468 122 723 681 71 103
550 358 138 450 254 562 293 464 292 97 74 274 491 520 362 208 326 601 328 257 363 42 207 170 86 89 180 517 361 232 239 238 402 266 415 250 225 75 137 553 373 327 321 55 428 285 82 380 353 141 258 292 429 161 350 438 215 211 211 508 415 556 255 70 587 503 123 78 320 424 190 375 384 121 191 187 349 252 574 542 138 263 229 207 339 239 394 269 304 458 292 322 118 498 84 390 183 167 225 288 500 39 477 166 372 393 243 526 188 149 505 561 242 233 291 175 104 578 403 544 324 572 483 297 225 502 152 174 86 498 174 358 226 200 186 587 285 292 296 109 538 567 200 423 186 257 135 409 246 540 413 339 513 267 501 412 333 158 183 407 66 503 400 333 107 310 554 381 216 441 357 515 232 25 117 395 195 506 372 337 343 441 296 74 371 612 560 535 64 340 555 261 550 412 381 265 474 196 137 493 428 453 335 238 555 539 106 315 346 564 192 121 300 428 262 173 164 323 374 308 481 414 163 171 343 379 182 256 110 224 214 215 525 575 387 483 393 211 303 310 252 208 355 384 424 312 434 194 101 531 441 559 88 366 362 184 192 109 93 204 239 303 312 35 212 294 223 540 286 233 281 283 186 237 292 214 274 229 242 582 166 229 221 408 408 278 160 180 285 272 529 218 152 23 281 296 243 161 385 487 166 357 330 327 593 383 109 315 210 529 355 273 182 283 531 532 512 81 384 250 290 68 308 118 500 286 211 0 291 136 311 201 543 468 208 380 233 53 451 101 503 251 598 353 221 359 186 92 279 228 339 320 125 492 116 70 212 391 304 223 397 162 24 413 380 236 151 23 400 196 192 393 385 326 263 404 352 396 437 188 119 381 357 538 522 112 159 199 223 173 380 160 384 337 434 329 498 256 519 530 435 244 239 411 170 175 308 496 90 193 201 540 454 291 564 94 211 234 266 441 278 282 272 388 164 307 214 282 321 157 300 505 339 516 246 240 401 281 241 338 47 437 393 119 199 167 204 597 121 326 146 220 260 212 511 399 363 19 11 16 211 394 206 240 556 267 186 244 216 151 179 309 586 393 272 190 450 135 267 559 320 308 429 250 244 486 341 114 164 92 282 25 239 132 303 234 525 552 161 111
813 76 166 715 541 832 564 682 46 196 349 27 770 799 81 153 510 856 38 62 115 332 267 202 236 379 123 789 634 523 55 56 132 446 659 534 503 231 369 829 160 37 600 237 150 542 219 578 628 396 55 523 701 145 77 715 435 133 422 764 126 832 400 360 832 769 175 258 606 698 100 87 584 360 101 460 612 47 812 825 272 521 469 130 613 92 153 204 569 694 66 33 231 752 372 100 425 152 117 508 764 277 757 454 81 146 426 798 315 410 788 830 52 416 352 451 206 849 665 826 47 825 208 562 66 755 192 379 214 726 431 95 466 481 165 834 11 30 585 394 828 836 457 657 231 492 186 140 147 808 685 605 779 127 766 652 44 188 371 650 229 739 163 43 191 69 809 116 121 727 187 769 228 265 195 635 368 794 82 158 585 721 243 252 214 855 826 794 319 138 821 502 813 131 91 486 739 280 417 753 138 712 46 102 828 809 185 592 78 837 376 180 41 682 82 381 295 74 125 56 754 126 452 426 68 642 429 41 321 490 422 122 804 850 136 744 640 443 31 231 51 424 583 669 665 27 177 121 379 780 701 820 242 113 138 467 182 182 225 142 93 511 590 259 99 581 107 804 88 497 222 7 476 131 558 370 225 159 484 840 243 69 377 660 123 40 430 112 540 359 753 436 351 268 515 28 73 141 623 753 179 75 595 548 863 635 367 540 410 784 569 518 109 543 791 804 773 211 643 41 74 224 32 182 768 39 97 291 0 210 63 455 810 742 473 90 130 270 163 335 762 493 860 63 394 608 139 324 560 201 588 545 398 748 341 347 83 105 66 68 679 449 272 131 89 408 342 290 580 96 438 529 631 523 32 642 105 119 665 173 184 90 69 796 778 294 138 214 121 160 95 418 661 55 143 43 776 546 789 799 665 47 51 664 146 278 556 771 233 221 187 809 730 100 810 270 415 460 554 697 23 71 541 643 402 46 77 527 585 431 507 777 49 758 51 59 170 526 494 74 323 696 657 296 131 125 475 853 367 166 436 186 444 446 770 116 621 282 300 303 402 621 454 463 829 512 393 518 460 321 143 539 858 665 152 197 685 399 519 805 173 588 139 65 51 749 601 384 429 257 10 296 503 159 563 101 812 778 168 179
605 285 138 508 350 625 360 474 232 107 162 185 568 596 291 79 306 646 243 156 312 167 92 33 50 208 153 583 429 346 175 173 340 241 450 341 304 138 162 624 341 246 400 114 321 334 129 373 425 193 161 313 496 149 284 512 225 90 212 555 321 627 202 194 622 562 125 65 412 493 125 281 379 155 135 261 405 188 603 625 63 314 260 194 409 129 349 132 363 484 185 235 25 542 215 303 217 57 107 298 556 153 555 269 285 345 220 592 115 208 587 623 158 209 191 254 42 642 457 625 228 615 370 356 160 545 20 170 63 517 226 250 257 285 57 624 200 225 395 209 642 629 251 447 58 282 28 348 116 601 479 399 571 141 558 442 245 26 162 441 119 529 358 250 60 202 600 321 198 532 224 560 99 118 36 425 161 601 285 317 375 520 328 64 366 646 618 585 129 215 613 292 605 341 293 276 531 92 225 544 342 504 255 209 623 602 84 391 283 631 167 130 236 473 152 171 90 215 324 248 549 317 290 221 243 435 222 169 115 286 213 198 600 644 271 535 430 233 233 332 160 214 373 473 455 223 316 172 188 570 492 611 50 312 323 275 57 97 44 80 205 303 389 126 112 389 112 595 171 292 307 203 300 226 353 166 303 97 275 631 49 140 175 451 308 182 231 109 332 183 545 226 141 122 305 227 142 74 413 546 36 259 389 339 656 426 167 330 201 575 361 309 120 336 582 597 564 107 435 177 243 109 215 128 561 223 113 136 210 0 254 248 602 537 269 289 108 89 352 132 553 283 651 270 188 398 178 123 361 91 379 335 202 538 135 161 128 315 250 148 479 262 113 341 292 203 132 121 379 121 230 342 421 317 178 432 301 291 456 205 51 295 278 587 568 86 134 240 206 180 305 215 459 265 342 238 572 362 583 592 456 166 165 455 63 80 347 567 46 61 64 602 526 172 601 67 206 251 364 488 208 235 336 434 194 243 144 318 379 234 299 570 250 548 159 181 362 317 286 276 143 487 449 87 187 102 274 644 163 194 258 84 239 237 561 326 412 142 140 153 194 412 246 253 623 303 183 316 251 112 67 329 652 460 266 53 475 200 311 595 312 389 340 151 181 541 394 188 227 56 200 125 298 97 356 204 617 570 42 87
850 56 176 751 565 866 596 729 23 214 376 88 800 829 57 208 560 895 68 123 58 353 322 252 272 400 131 822 666 541 79 81 91 495 700 560 532 243 407 860 97 59 629 256 177 578 232 626 659 430 115 565 734 151 42 745 478 188 465 802 136 863 451 380 873 805 188 293 631 730 132 110 633 396 125 491 647 66 855 852 318 557 508 117 645 151 96 265 603 737 129 73 273 791 387 104 463 198 174 552 800 291 786 477 90 91 474 831 365 443 816 864 101 463 410 481 242 883 701 854 97 864 233 596 94 794 239 422 244 771 466 143 505 508 216 875 74 34 608 419 847 870 492 700 284 533 228 98 207 843 718 639 814 190 802 694 79 236 416 691 245 782 105 65 223 129 848 70 107 752 248 808 286 287 233 676 415 817 93 96 626 750 196 285 152 898 861 832 350 198 856 541 850 103 100 529 774 332 444 790 133 750 58 82 861 843 211 622 36 870 421 192 22 721 143 424 343 131 69 7 786 141 465 461 113 678 466 95 360 524 466 108 834 882 184 781 680 483 33 180 108 466 627 695 707 78 217 120 406 820 738 858 278 58 75 494 236 204 261 196 76 557 619 277 150 605 163 840 151 531 177 66 495 103 592 419 182 218 523 878 293 118 427 699 144 103 461 147 577 415 799 478 393 288 556 35 130 181 665 789 228 111 630 592 898 674 399 583 454 823 615 557 139 579 828 837 810 230 680 78 27 243 89 195 803 32 147 311 63 254 0 491 845 774 506 106 189 301 175 370 800 532 897 70 442 647 134 359 588 259 627 588 427 786 379 374 127 89 10 107 707 473 296 105 98 457 385 315 631 133 475 585 671 571 87 684 47 151 710 157 219 95 65 834 816 335 152 190 102 154 78 452 692 42 146 84 806 567 823 834 709 91 90 703 192 328 595 803 269 275 242 843 761 163 852 308 459 502 577 735 50 32 574 681 440 17 110 567 620 461 553 810 79 800 104 75 111 565 531 28 349 733 692 337 122 157 507 892 402 228 457 244 493 486 808 92 658 300 322 322 448 665 491 505 862 551 436 549 498 366 191 582 891 697 107 251 728 431 557 846 116 616 139 123 74 785 637 414 462 295 70 321 537 184 599 84 836 824 215 205
359 529 330 261 136 377 113 265 469 285 128 431 321 349 534 322 160 405 489 404 547 170 240 267 219 147 367 335 182 170 412 411 580 129 214 122 77 275 86 376 565 492 159 249 568 87 279 194 179 62 408 95 248 352 525 265 61 337 76 312 569 380 165 161 387 315 314 197 182 245 360 529 197 95 365 49 157 426 374 380 192 66 35 400 163 377 581 341 115 257 433 482 224 301 178 550 33 304 354 99 309 238 308 110 533 579 117 344 181 52 342 375 402 115 258 58 249 394 211 379 476 375 614 108 397 304 267 93 247 297 27 496 32 76 302 388 446 465 176 110 412 382 8 221 254 61 269 588 354 353 231 151 324 382 311 211 492 273 112 206 262 302 589 496 268 450 358 560 408 293 447 319 291 219 260 194 128 365 532 532 142 274 497 205 570 412 372 341 144 453 366 61 359 585 540 81 284 220 84 299 590 259 500 427 375 354 281 148 523 383 115 314 475 231 399 90 183 463 558 486 301 565 180 31 491 188 26 415 134 43 78 408 353 396 513 290 193 41 475 511 407 67 156 235 223 470 557 384 104 332 247 367 213 548 551 86 294 291 230 327 427 122 147 234 359 164 359 350 417 46 482 447 147 432 105 147 475 333 44 388 232 385 146 210 556 430 51 345 86 228 328 65 114 219 83 468 390 314 184 299 282 507 141 133 409 184 94 119 91 333 162 72 352 88 338 349 319 271 189 418 474 259 463 310 314 462 360 201 455 248 491 0 355 289 30 537 353 192 600 121 309 52 406 517 127 159 380 131 125 306 139 124 80 296 113 131 371 560 485 389 235 100 205 585 539 129 125 187 225 360 19 252 185 149 423 202 536 538 237 388 272 542 523 344 326 162 344 400 416 370 550 41 213 508 590 486 325 164 335 345 234 409 406 213 310 206 107 319 222 266 295 355 278 417 365 185 85 56 149 245 449 466 90 191 54 482 382 81 131 61 120 322 497 315 404 416 590 80 40 515 154 242 202 162 392 334 45 402 89 422 127 310 122 37 317 570 167 219 190 200 103 194 12 64 375 66 86 77 22 148 315 112 404 212 469 281 249 67 67 359 518 149 587 398 418 295 147 88 41 198 445 181 51 308 109 423 378 351 289 288
20 884 679 94 305 26 250 218 824 635 472 787 92 83 889 674 358 82 844 758 900 504 578 618 574 463 719 37 183 357 767 765 935 401 170 303 318 618 441 57 915 847 227 596 918 268 625 304 192 415 763 299 116 702 880 117 382 690 398 67 923 63 458 483 116 41 664 552 247 123 714 883 297 450 720 356 198 781 140 120 543 289 343 749 204 731 934 679 242 167 786 837 579 85 487 905 385 659 707 321 48 574 103 387 887 932 411 36 517 402 112 24 757 418 555 368 604 43 145 107 830 78 961 249 752 84 621 436 601 177 380 848 346 344 655 106 801 820 278 435 237 29 353 192 600 324 624 943 702 7 130 206 31 730 45 184 847 626 449 179 609 149 941 851 623 802 60 915 758 170 784 72 630 565 615 198 459 184 887 880 235 127 827 560 913 132 17 43 496 798 12 312 21 940 895 338 71 558 406 64 945 102 855 778 46 16 634 231 878 45 448 662 830 135 752 434 527 815 912 841 70 918 433 384 844 167 381 770 489 322 398 757 76 63 861 70 183 370 830 845 762 394 254 194 174 825 902 735 442 90 112 36 568 902 903 362 644 643 585 679 779 330 235 578 713 270 713 19 769 314 816 803 388 780 253 467 807 682 328 58 580 741 462 157 909 784 385 700 270 527 185 382 463 564 304 823 744 669 209 57 636 861 215 289 56 181 446 290 413 60 284 295 707 267 39 28 46 620 167 774 827 608 817 659 44 817 714 543 810 602 845 355 0 82 339 891 704 545 952 476 60 320 62 872 440 209 728 486 268 650 227 286 420 80 468 474 727 915 839 744 165 386 553 941 894 432 473 534 335 715 372 423 191 334 778 194 889 890 200 730 627 897 879 50 62 516 696 734 766 716 905 393 165 863 944 840 78 322 29 16 197 764 762 153 665 550 257 68 577 612 644 16 100 767 103 540 407 357 299 119 804 819 272 171 408 837 737 286 225 387 333 44 852 124 759 770 942 287 316 870 499 118 153 515 741 689 340 77 444 763 411 656 398 366 55 926 190 559 532 537 424 229 356 356 41 301 424 299 351 496 669 286 56 151 815 630 174 414 291 103 862 241 942 753 773 62 209 432 384 553 800 528 308 662 247 774 168 179 644 641
97 815 605 48 225 96 178 220 753 562 398 719 45 66 820 611 322 160 777 693 829 429 521 556 506 386 646 49 108 275 697 695 865 354 143 224 243 543 375 87 841 779 149 522 856 205 550 279 115 346 697 248 41 629 810 35 324 626 341 95 858 91 411 406 179 53 590 484 165 44 645 818 274 383 649 283 135 711 193 107 480 224 282 675 129 666 861 623 174 165 722 770 513 104 409 839 320 593 643 273 60 498 43 308 821 860 361 57 460 332 76 94 690 366 510 294 535 111 92 100 765 145 901 181 682 105 556 375 530 193 311 785 284 268 591 172 734 751 196 359 199 100 286 175 540 267 557 872 642 77 58 138 60 670 57 160 780 562 391 149 534 169 868 784 553 739 123 844 684 100 729 106 574 491 547 168 402 140 820 805 189 48 749 491 836 201 98 99 424 739 94 254 97 871 829 286 49 501 332 74 878 78 788 705 87 73 563 154 808 96 390 589 760 104 688 373 467 751 840 770 13 854 352 316 779 107 315 702 422 252 341 683 67 108 801 67 147 310 761 767 695 335 218 113 155 758 844 661 369 132 78 111 500 831 830 285 582 571 516 616 706 286 157 503 647 189 648 88 706 245 738 735 307 705 184 414 729 621 268 136 519 673 409 119 845 718 313 631 208 481 213 325 401 490 251 754 679 601 176 44 571 796 148 248 126 136 375 245 357 107 251 237 637 202 93 65 77 547 113 705 755 534 751 585 42 746 648 468 742 537 774 289 82 0 269 825 641 474 889 407 83 261 143 804 387 162 654 418 190 591 175 242 347 93 402 401 658 847 768 675 83 309 479 872 827 381 411 461 317 646 307 400 153 297 711 167 818 827 190 654 558 830 811 106 102 451 624 657 691 641 837 323 85 794 879 774 41 241 54 66 185 696 693 116 598 491 201 31 509 552 583 74 18 705 160 473 350 299 217 92 735 747 201 124 343 767 668 228 159 313 290 39 786 152 692 700 868 230 252 800 426 84 95 450 667 619 267 155 375 706 332 596 350 305 86 857 135 483 457 461 368 203 292 300 88 242 364 226 288 434 603 239 118 77 739 569 168 343 229 157 786 162 876 687 703 58 148 360 313 485 732 454 239 591 183 701 135 217 578 569
344 546 341 245 106 360 91 268 485 297 135 451 299 327 551 345 182 393 508 424 562 173 268 290 237 142 380 316 161 143 429 427 596 157 208 91 47 283 108 356 577 510 132 259 590 77 288 208 156 77 428 105 228 364 542 243 91 359 106 300 589 359 195 158 379 299 326 215 153 225 376 549 210 114 381 28 142 442 368 356 216 56 57 411 141 398 595 367 97 254 454 501 245 291 172 570 61 324 376 116 294 243 286 90 552 593 146 325 209 63 319 358 421 144 288 41 266 377 196 356 496 364 637 90 414 294 288 122 262 296 43 519 55 49 324 379 465 482 146 106 384 364 22 220 279 77 288 604 378 337 212 133 308 405 296 208 511 294 141 201 272 298 602 515 284 471 346 576 420 266 474 307 318 228 278 191 158 338 552 543 140 251 502 222 579 404 355 328 157 477 350 71 344 602 560 102 269 248 77 286 609 246 519 440 356 337 295 122 539 365 145 325 491 220 421 118 209 484 573 502 281 586 161 48 511 173 53 433 155 18 108 419 332 377 537 276 187 70 492 517 426 97 161 208 219 489 581 396 107 323 234 353 231 563 564 63 317 304 247 349 440 140 121 242 378 134 380 335 440 25 488 466 124 443 86 177 480 357 58 375 257 404 176 200 577 450 48 362 78 258 328 94 140 228 94 485 410 332 182 283 304 528 124 144 391 175 107 130 121 321 173 75 368 75 324 331 305 282 176 436 488 270 482 321 296 478 379 208 473 269 506 30 339 269 0 557 375 206 621 138 296 65 392 535 157 153 391 149 97 332 133 133 83 284 134 138 389 578 500 406 210 82 215 603 558 159 151 196 242 377 49 276 179 168 442 200 551 560 237 396 289 561 542 331 314 184 357 405 428 380 568 54 190 525 610 505 304 134 317 327 234 427 424 203 330 233 103 299 240 291 319 337 257 440 357 204 115 82 119 233 466 480 68 180 80 499 399 82 114 54 139 304 517 309 423 432 603 82 41 532 162 229 187 184 404 350 16 390 107 448 111 335 150 66 304 588 155 225 197 205 133 197 41 89 356 71 115 49 47 174 335 120 386 192 479 305 246 75 63 351 527 122 607 418 434 280 133 94 45 217 463 190 31 323 95 435 352 349 310 302
894 57 256 797 629 914 648 753 109 286 436 107 855 884 61 220 578 934 53 133 116 422 331 275 321 469 212 871 717 613 145 146 98 515 736 622 589 322 451 912 170 57 686 327 72 623 310 646 713 480 128 600 784 234 74 799 512 203 498 843 35 916 465 450 907 851 265 343 693 781 190 12 653 443 191 546 693 135 885 911 349 603 548 213 697 161 143 247 652 768 109 58 312 830 462 18 506 233 185 582 844 368 842 542 16 134 497 881 385 494 873 912 139 488 403 537 292 931 746 911 61 902 127 644 157 833 270 457 301 798 514 67 546 567 237 910 95 99 673 482 917 918 540 731 299 570 268 103 201 889 768 688 860 174 847 728 47 265 446 727 319 813 152 50 278 95 887 96 203 814 188 848 284 355 280 711 441 882 13 190 663 806 300 337 240 930 907 874 406 140 902 580 894 77 10 561 820 346 504 833 55 792 51 180 912 891 275 677 83 920 450 270 99 761 141 459 368 85 120 103 837 37 542 509 52 724 511 125 403 574 498 204 888 933 97 824 718 522 89 283 131 501 657 756 741 69 117 208 466 857 781 900 327 111 149 555 251 272 310 213 172 584 675 349 178 669 178 884 130 580 283 98 566 205 641 439 288 219 564 919 315 154 447 739 38 107 515 201 621 416 824 512 429 358 592 94 147 226 699 835 255 35 678 622 945 714 452 615 484 863 641 597 199 625 871 886 853 301 724 131 132 314 74 273 850 109 178 380 90 289 106 537 891 825 557 0 192 357 73 418 842 572 939 36 465 686 226 408 646 258 667 620 484 826 424 434 170 50 115 157 764 537 361 75 11 478 419 378 644 185 519 585 709 593 118 718 114 51 739 255 270 18 42 875 856 375 229 292 201 247 50 502 746 64 54 51 860 635 871 881 738 136 141 743 227 348 635 855 318 287 253 891 814 136 886 352 490 538 642 776 107 134 624 722 483 96 167 607 667 517 580 859 42 833 135 147 164 605 575 88 411 775 738 376 215 213 560 931 450 181 525 246 515 525 849 65 701 372 389 393 476 694 535 540 912 591 470 602 540 397 222 615 940 748 213 266 759 485 600 880 216 674 51 138 141 830 682 470 514 340 99 385 586 249 645 181 900 849 247 269
705 203 166 610 459 727 465 561 168 164 269 103 673 702 209 30 386 743 154 68 244 269 139 86 153 313 149 686 535 453 124 122 261 323 546 449 412 205 268 728 286 160 507 193 215 437 192 454 531 300 75 409 600 160 206 617 323 22 307 653 221 732 274 297 715 663 162 172 520 598 100 182 461 262 114 368 507 133 694 732 161 417 361 185 515 38 283 80 467 577 84 146 133 640 316 208 321 66 18 391 657 238 661 377 192 277 305 695 193 315 694 725 91 296 222 362 129 744 559 731 132 711 262 460 114 643 89 268 148 606 332 144 358 393 52 718 119 155 503 316 750 731 357 540 107 381 98 268 23 702 584 503 673 34 659 537 153 83 256 537 192 621 292 162 128 99 697 246 183 639 127 658 98 210 116 520 249 709 191 274 473 626 325 169 329 738 719 684 236 108 714 392 705 255 198 370 632 154 334 644 247 604 169 180 727 704 140 498 209 735 259 169 167 572 52 270 177 111 255 182 653 215 394 327 142 538 326 94 221 392 308 184 706 748 162 636 528 333 160 321 81 311 466 581 550 133 208 163 296 666 592 711 156 243 264 384 60 147 143 29 172 392 496 212 51 497 30 696 65 397 303 125 407 207 457 247 302 29 376 730 124 76 255 550 206 93 339 92 434 229 632 322 241 214 402 155 59 82 508 648 73 159 493 430 758 525 275 424 293 673 449 409 104 439 682 700 664 174 536 115 189 183 123 169 663 158 55 233 130 108 189 353 704 641 375 192 0 193 249 239 653 383 750 181 273 497 178 231 469 71 478 428 311 637 242 268 78 227 189 96 586 370 210 255 197 286 231 222 454 88 334 400 519 401 102 527 235 186 547 215 115 201 191 685 667 192 143 259 188 192 219 322 565 184 243 145 677 470 685 694 547 102 106 554 64 157 447 672 149 95 61 705 631 64 695 175 300 348 472 587 139 182 442 534 298 174 102 418 482 343 388 674 158 641 86 132 299 417 389 204 249 587 552 191 180 99 381 741 270 96 365 56 323 337 660 240 514 233 239 249 284 503 349 349 726 403 280 423 354 208 55 424 754 564 243 74 567 308 413 689 280 496 242 66 127 642 496 296 335 164 121 228 403 129 459 176 725 657 72 138
550 342 139 450 272 566 296 445 280 95 79 250 500 529 347 165 294 597 307 228 356 78 155 121 40 120 175 521 365 261 224 222 391 231 405 265 233 96 113 560 373 307 330 66 399 279 95 353 359 130 230 274 433 161 337 446 191 173 183 504 391 563 212 105 578 504 123 26 336 429 171 351 358 99 175 191 347 237 563 555 86 257 213 209 344 206 390 220 303 445 261 300 68 493 126 369 167 131 188 266 500 83 487 186 351 387 208 530 139 143 518 564 218 197 240 181 66 582 401 556 298 567 451 296 209 496 106 141 57 483 166 327 210 210 143 579 263 277 316 126 562 570 193 408 135 240 95 399 204 542 417 339 514 227 501 400 311 113 146 396 78 490 397 313 80 279 549 370 217 457 313 510 181 45 79 383 154 525 351 341 331 451 319 25 382 603 561 533 50 301 556 247 550 398 359 243 474 143 147 491 408 450 316 235 561 542 90 322 334 570 154 124 286 423 229 142 113 292 367 296 486 388 201 161 316 378 169 232 72 223 185 217 534 581 353 481 384 191 287 329 226 181 338 399 413 289 399 192 109 524 438 558 39 358 359 198 146 99 50 164 235 278 320 61 181 312 189 540 252 230 301 263 215 242 292 171 295 185 228 579 114 203 178 401 381 251 161 158 278 222 513 193 115 49 264 281 213 131 372 488 122 331 329 307 597 376 99 296 178 524 333 261 163 279 529 537 510 82 380 232 283 72 283 121 502 273 181 53 270 89 301 192 545 474 206 357 193 0 425 74 501 237 597 333 182 351 189 63 290 179 330 301 128 488 86 78 187 374 294 202 409 181 32 398 358 198 111 33 369 174 178 353 375 298 240 391 345 367 421 201 87 360 338 535 518 65 152 222 225 181 364 152 392 321 411 306 507 280 523 533 420 224 220 405 135 122 298 503 44 142 153 543 461 255 556 42 181 213 285 436 262 275 273 382 144 294 195 270 320 161 274 509 316 506 222 226 399 269 232 326 56 434 392 71 201 146 206 594 103 283 172 173 226 193 508 384 359 65 53 68 176 377 194 218 561 255 155 248 202 106 142 292 591 397 280 141 436 131 258 550 328 318 407 221 229 485 338 114 161 40 261 37 237 117 299 231 543 537 121 96
954 120 329 859 697 976 712 805 181 358 504 177 920 948 121 279 629 992 126 198 168 492 382 334 388 539 286 934 781 683 218 219 133 568 794 689 655 395 514 976 217 130 752 399 44 685 382 697 778 545 195 658 848 307 137 864 571 263 556 902 39 979 515 521 963 912 338 410 761 845 261 76 704 507 263 612 756 208 940 977 409 665 609 286 761 223 183 290 715 824 167 131 376 888 534 70 569 297 245 639 905 440 907 611 86 174 552 943 440 560 939 974 210 543 444 604 359 993 807 977 127 960 69 708 230 891 333 516 370 852 578 105 607 634 298 966 167 173 741 551 987 980 603 787 354 630 334 134 252 951 831 751 922 224 908 785 119 327 504 785 391 867 190 123 347 150 946 143 276 882 208 906 332 426 347 768 497 950 85 246 721 872 364 404 290 985 968 933 473 170 963 641 954 104 76 619 881 400 572 893 54 852 124 252 974 953 345 743 145 983 507 343 171 821 201 519 426 138 167 173 900 38 613 573 110 786 574 196 467 638 556 277 953 996 107 885 776 582 162 345 199 560 713 823 798 140 94 282 534 914 841 960 393 162 200 623 308 344 377 273 245 638 741 420 244 737 241 945 184 644 348 170 636 277 705 493 354 272 624 978 373 223 500 799 44 174 581 271 682 460 877 571 490 429 651 167 212 294 756 896 317 95 741 678 1007 774 518 671 542 922 695 657 270 687 930 949 913 373 785 204 201 386 143 346 912 182 244 451 163 352 175 600 952 889 621 73 249 425 0 483 901 632 998 108 520 746 299 474 712 309 727 676 551 885 487 503 239 94 184 229 830 606 432 101 78 532 479 448 692 255 582 627 767 646 189 775 170 64 793 328 338 80 110 934 915 438 301 364 273 320 102 567 811 133 32 122 924 704 934 943 793 207 213 802 292 405 695 919 385 342 309 953 878 186 942 417 548 597 710 836 181 205 689 783 546 167 239 667 730 584 634 922 114 889 205 221 203 666 637 152 480 836 800 438 288 284 625 990 515 212 595 299 568 586 909 102 762 444 460 465 532 750 597 598 974 652 529 668 602 457 286 672 1003 812 280 323 815 550 662 937 276 740 41 204 214 891 744 536 579 405 171 454 650 320 707 253 967 902 311 340
480 409 213 381 220 497 229 372 349 168 53 312 437 465 414 209 226 525 370 286 426 91 154 156 99 107 248 454 299 224 292 290 460 165 332 210 173 166 39 494 446 372 269 137 453 208 167 282 295 62 290 201 367 234 404 381 118 222 112 432 451 498 159 104 506 435 197 77 281 363 239 411 287 26 245 129 278 305 490 494 87 187 140 283 279 260 461 244 234 372 316 362 107 421 130 431 94 186 239 193 430 139 424 145 413 458 142 463 110 77 456 495 282 132 214 123 129 514 331 494 358 495 502 227 277 424 151 73 127 409 96 381 137 154 188 507 326 345 265 89 511 502 123 335 152 167 150 467 244 474 350 271 445 271 432 327 373 157 84 323 150 417 469 376 148 334 478 439 290 400 347 439 197 109 139 310 98 470 413 414 258 388 390 85 455 530 492 462 36 344 487 173 480 464 421 170 405 136 98 420 471 380 380 308 494 474 162 259 402 503 93 197 354 351 283 73 95 347 438 365 419 447 184 92 373 308 96 295 23 156 114 290 470 515 402 411 311 117 355 402 288 109 264 342 340 350 447 265 66 451 368 488 92 428 431 146 183 172 109 212 307 206 258 127 240 258 243 470 303 162 373 327 181 315 224 119 367 224 155 508 128 266 125 329 439 311 99 224 207 190 439 120 53 112 191 348 272 194 299 419 167 389 261 233 529 304 37 222 109 453 260 188 232 209 458 469 440 155 310 298 353 145 344 194 434 341 241 101 335 132 370 121 476 407 138 418 239 74 483 0 430 164 527 397 122 278 262 11 230 204 258 227 73 416 16 55 251 440 364 268 347 136 95 465 420 136 56 80 301 240 105 293 303 227 303 318 415 423 348 274 151 423 403 464 446 50 225 293 298 255 430 84 328 387 472 367 442 235 455 465 346 289 286 333 191 116 225 437 102 163 187 475 396 304 483 66 111 140 234 365 329 346 206 311 71 362 262 198 251 103 202 442 378 433 285 295 471 197 160 395 60 363 323 53 275 213 142 522 32 319 140 204 160 120 438 450 288 119 92 108 110 303 121 145 494 182 85 185 129 67 197 218 523 330 354 173 363 68 187 478 402 257 469 280 297 415 267 59 96 78 325 76 168 188 229 304 486 463 172 168
54 837 637 60 279 87 211 160 778 593 431 738 117 123 842 623 299 97 796 709 856 466 524 568 528 428 676 72 152 336 722 720 889 344 112 274 282 579 393 112 874 799 200 555 866 222 585 243 164 370 714 245 95 660 834 112 330 639 346 12 873 118 401 447 100 37 622 507 229 105 669 833 237 404 675 317 154 735 111 165 493 243 293 708 172 681 891 625 200 108 735 788 531 27 454 856 337 611 657 266 25 537 122 354 839 888 356 78 464 358 146 84 710 363 497 329 558 103 101 153 781 72 908 207 706 26 572 385 556 121 335 796 296 308 605 95 753 774 260 397 274 89 308 132 548 272 576 897 650 63 104 165 39 678 29 125 798 577 397 120 568 95 898 803 577 752 51 869 716 183 729 23 576 524 568 140 406 216 838 839 181 130 793 514 875 124 72 32 452 744 68 261 54 893 846 284 38 505 368 12 896 50 808 736 102 70 590 201 832 104 395 621 784 80 702 383 476 764 868 795 78 868 408 339 794 124 334 722 441 280 345 716 118 122 808 22 127 320 784 810 713 342 196 188 114 776 849 692 402 49 63 58 522 858 860 328 593 600 539 629 736 272 205 538 665 249 663 46 718 271 781 755 361 739 211 413 772 630 278 79 529 693 407 103 858 735 344 654 223 470 136 330 413 524 251 777 695 622 151 39 586 811 174 231 114 128 402 234 360 28 224 245 661 222 29 76 15 578 120 727 783 566 768 618 48 771 666 503 762 553 800 309 60 83 296 842 653 501 901 430 0 270 97 824 386 156 687 441 237 597 175 230 379 20 421 434 679 868 794 697 155 352 511 894 845 376 423 492 275 669 325 363 136 275 731 135 845 839 140 692 581 848 831 35 21 468 653 699 724 676 858 348 145 816 894 792 105 302 62 61 136 717 715 99 616 498 207 92 531 560 593 70 99 716 79 493 354 305 275 65 758 775 232 119 361 792 691 235 183 347 276 66 804 73 712 725 899 236 269 825 458 67 111 466 700 643 299 94 398 709 379 604 342 317 8 879 142 520 492 499 370 169 309 303 99 251 372 261 303 445 620 231 116 122 775 579 114 371 243 76 823 213 892 704 727 26 163 391 341 506 752 487 265 618 202 731 206 136 595 597
322 568 376 227 156 344 100 213 510 332 179 468 298 325 573 354 120 363 526 439 589 222 260 298 261 199 411 304 161 203 453 451 621 109 168 141 101 324 125 347 610 529 151 298 598 57 328 144 162 111 444 42 221 398 565 242 63 369 80 272 603 351 159 213 342 280 360 239 186 220 400 563 146 138 407 93 126 467 326 360 223 46 24 446 145 411 624 362 92 208 465 518 261 259 230 586 70 341 387 52 273 289 287 155 569 621 106 313 199 103 322 342 440 109 258 105 290 361 176 357 511 332 641 86 438 262 302 116 290 247 78 527 27 112 335 343 483 505 188 162 406 348 57 172 280 13 306 628 382 319 204 125 290 410 276 163 528 307 130 160 310 253 632 533 310 482 316 601 454 283 468 277 312 267 299 146 141 354 568 578 94 254 548 248 618 366 336 302 192 479 331 10 322 624 576 42 249 240 136 261 626 220 538 472 345 321 325 139 563 352 129 361 515 190 432 113 207 494 601 527 272 598 226 81 524 155 69 452 172 63 80 454 328 367 541 253 148 50 515 561 443 74 104 228 176 506 583 429 156 288 209 328 254 590 595 128 324 336 271 359 471 76 141 284 395 173 393 313 449 56 532 485 188 479 86 154 525 362 9 348 260 423 150 168 589 465 103 385 54 228 278 64 143 268 31 508 425 353 135 264 316 541 115 81 375 142 142 67 96 292 110 25 393 64 299 318 281 318 153 458 516 307 498 357 280 502 396 251 493 283 532 52 320 261 65 572 383 237 632 164 270 0 367 554 128 115 426 175 130 330 95 71 133 255 153 182 410 598 527 428 220 146 253 624 575 125 153 236 177 400 60 216 139 103 461 154 578 569 186 436 313 578 561 303 285 198 389 450 462 418 588 92 194 547 624 521 300 188 303 311 184 448 446 172 346 230 64 292 263 292 324 322 253 447 320 224 89 39 167 205 489 509 82 151 93 523 422 35 104 112 76 291 533 269 442 457 634 34 27 556 204 204 169 196 438 375 80 361 134 445 175 336 103 46 278 609 130 270 240 251 108 142 45 42 344 19 104 88 36 175 350 59 372 187 517 310 199 119 34 314 565 146 622 434 459 258 114 139 93 237 483 230 56 352 80 467 364 301 325 332
49 934 733 149 365 58 305 232 875 689 526 836 151 136 940 720 390 33 893 806 953 560 620 665 625 521 772 98 240 418 818 817 986 439 206 362 375 673 490 97 969 896 286 651 963 319 680 330 251 467 811 341 175 756 931 178 427 737 443 97 970 101 496 540 85 97 718 603 308 183 766 930 323 501 771 411 250 832 118 163 590 340 391 803 262 778 987 720 295 189 832 885 628 112 545 953 434 708 754 361 99 631 163 445 936 985 451 94 560 454 166 59 807 459 589 423 655 57 196 149 878 55 1004 302 803 109 669 482 653 184 431 893 393 401 702 75 851 871 339 491 281 55 405 221 644 369 673 994 747 67 189 259 87 775 98 217 895 674 494 215 663 157 994 900 674 849 57 966 812 230 825 94 672 619 665 234 502 233 935 935 277 188 885 611 969 91 47 65 549 841 50 359 49 990 943 381 124 601 462 107 993 147 905 832 86 73 687 289 929 76 492 717 881 178 799 480 572 861 964 892 132 965 494 436 891 220 431 819 538 375 442 811 127 88 905 116 223 417 881 902 811 439 290 255 206 873 945 788 497 95 159 39 619 954 956 419 690 696 636 726 832 367 293 633 762 331 761 59 815 367 873 852 448 835 306 509 865 727 375 23 626 790 503 200 955 833 439 751 320 563 181 427 510 619 348 874 793 719 245 112 684 908 269 326 53 225 498 330 457 78 316 342 758 318 68 85 87 674 217 824 880 662 865 713 103 868 763 598 860 651 897 406 62 143 392 939 750 597 998 527 97 367 0 921 482 253 783 537 326 693 272 325 474 113 519 529 776 965 891 794 226 444 607 991 942 472 520 588 357 766 422 445 232 367 828 228 942 935 223 786 678 945 928 65 84 565 749 792 820 771 955 445 225 913 992 889 137 383 90 78 221 814 812 196 714 594 304 128 628 657 690 72 161 813 86 590 451 402 359 163 855 872 327 217 458 888 788 332 278 441 371 105 901 130 809 822 995 334 366 922 554 164 205 564 796 740 394 29 495 805 469 701 437 414 90 976 239 614 587 593 467 259 406 400 80 348 470 355 400 542 718 327 66 209 870 676 197 467 341 89 918 300 990 801 824 112 259 486 437 603 850 582 361 714 298 827 214 167 692 693
875 29 225 777 604 894 626 740 74 257 411 85 833 861 35 207 567 917 28 116 89 394 321 260 299 442 180 851 696 585 114 116 84 503 720 597 565 291 431 891 142 25 663 299 107 603 279 635 691 458 111 583 763 202 43 777 496 189 481 825 69 894 455 422 892 831 235 321 669 760 163 41 641 422 162 523 674 103 871 888 332 583 530 178 675 147 121 246 631 754 102 36 293 812 433 39 487 213 172 567 825 338 819 516 21 112 484 860 372 473 850 892 115 474 399 514 269 911 727 889 53 885 163 624 127 816 252 440 276 785 493 84 527 543 222 894 71 65 647 456 891 898 519 716 287 553 248 91 194 870 747 667 841 169 827 712 29 248 431 711 290 798 131 20 253 92 870 75 168 790 202 830 277 327 257 695 426 857 23 157 646 784 265 314 210 915 888 856 382 152 883 563 875 74 32 545 801 335 480 814 76 774 18 145 891 871 248 654 51 899 435 240 63 744 129 442 354 87 95 67 816 72 513 488 57 704 491 102 383 553 482 169 866 912 121 806 701 504 54 248 110 484 642 732 725 49 149 175 441 840 762 882 304 84 120 530 238 244 288 198 137 570 652 320 159 644 163 865 125 559 247 70 539 170 620 427 252 210 545 902 301 131 434 722 74 90 493 175 601 410 812 496 411 330 575 60 129 203 683 815 239 47 657 607 925 696 429 600 469 845 627 579 171 605 852 866 834 273 705 102 96 286 59 242 830 74 158 353 63 270 70 517 872 804 535 36 181 333 108 397 824 554 921 0 452 669 192 387 622 251 649 604 460 809 403 409 146 45 79 131 741 511 335 73 30 465 402 352 635 159 500 580 692 581 93 702 84 83 724 220 246 29 12 857 839 356 198 257 165 212 38 481 724 28 83 38 838 608 851 861 724 109 113 725 207 335 617 834 295 276 241 871 792 134 870 332 475 521 616 758 75 98 603 704 463 60 139 589 647 494 566 839 25 817 112 116 142 587 555 54 386 757 719 357 181 187 538 914 429 189 498 237 502 507 831 59 682 344 362 365 461 680 515 523 891 573 453 580 521 381 203 599 920 727 177 253 744 462 581 865 182 650 78 121 109 811 663 446 491 319 72 359 565 221 625 146 875 837 229 242
440 470 311 350 263 465 227 288 420 269 169 368 425 452 476 245 118 473 424 335 500 213 139 192 187 217 336 428 289 292 364 361 526 53 276 248 204 278 96 472 529 429 277 248 483 186 276 184 290 122 341 142 347 328 470 369 69 263 52 385 494 476 42 220 443 401 296 170 306 347 313 456 191 110 323 170 252 377 421 488 125 173 112 376 273 305 537 239 221 304 357 416 172 370 245 481 100 244 281 120 393 259 415 220 464 533 32 437 81 132 450 463 344 23 132 174 210 482 298 484 405 440 522 215 349 373 203 53 220 333 125 414 111 199 230 446 384 412 302 187 533 469 135 267 166 121 216 534 267 440 331 253 410 296 396 266 424 207 38 267 260 348 546 432 234 372 428 508 382 410 344 388 191 225 216 249 29 482 463 504 205 383 498 180 550 465 455 417 158 359 450 134 439 524 471 102 370 120 177 378 520 338 437 395 468 443 254 265 470 475 29 298 423 306 325 55 99 384 512 436 398 488 281 123 415 280 108 354 111 168 50 382 454 491 423 371 259 88 420 507 343 60 194 355 278 403 463 356 167 395 328 443 179 500 512 205 214 267 194 253 392 119 266 242 295 290 289 430 337 168 480 388 260 409 214 27 474 248 124 461 151 326 22 284 477 362 154 297 182 102 360 66 69 228 137 414 323 262 237 386 215 432 243 158 496 260 133 152 35 404 176 151 308 192 415 441 398 260 276 364 431 253 394 295 403 411 297 221 394 188 442 127 440 387 157 465 273 182 520 122 386 128 482 452 0 231 358 130 249 212 214 157 156 369 106 172 315 497 438 335 349 210 211 524 469 16 71 199 192 309 109 172 250 129 362 255 489 456 274 377 231 474 461 417 398 121 315 403 390 355 488 127 322 449 516 417 426 289 425 433 274 353 353 288 250 117 186 418 187 178 212 443 380 334 423 150 42 89 276 321 395 424 207 270 93 430 332 160 233 164 115 415 430 369 343 369 550 158 146 463 182 322 293 115 368 289 171 471 116 323 228 221 50 93 393 510 253 239 213 229 23 230 116 87 467 146 48 202 113 80 252 155 494 314 449 199 295 139 163 417 496 270 515 331 369 378 240 150 142 162 384 196 171 277 208 390 493 385 227 260
209 683 489 120 181 234 93 128 626 445 286 584 204 228 688 467 161 248 641 554 704 326 369 412 376 294 525 198 93 242 569 567 736 194 55 170 156 434 240 243 724 644 122 409 711 76 439 128 104 221 559 90 125 511 680 153 174 484 190 156 717 247 251 311 228 169 473 354 167 129 516 678 125 252 522 178 48 582 215 268 337 97 139 559 93 525 739 470 73 102 580 633 377 144 323 701 185 456 502 113 161 395 196 229 684 736 203 207 309 211 233 231 556 209 349 191 405 251 70 262 626 217 753 76 553 147 417 230 405 145 186 641 142 180 449 229 599 621 187 259 339 237 160 72 392 116 422 744 495 208 111 63 179 523 164 56 643 422 242 48 422 145 747 648 425 596 201 716 567 215 575 162 421 378 415 42 250 281 683 691 27 171 654 362 729 253 224 187 304 589 219 106 209 739 691 129 139 350 230 147 740 107 653 586 238 212 440 113 679 244 240 473 631 75 547 228 320 608 716 642 171 712 295 190 638 59 182 568 288 139 190 567 229 260 653 140 34 165 630 669 559 186 60 175 67 621 694 543 259 173 97 214 369 705 710 200 437 450 386 474 585 125 118 393 510 171 508 199 562 129 640 601 249 592 82 258 632 474 124 233 373 539 253 53 703 580 201 501 75 321 177 175 258 378 95 623 540 468 38 155 431 655 62 86 264 28 253 84 205 177 93 90 509 80 185 210 167 430 49 573 631 419 613 470 172 618 511 359 608 398 647 159 209 162 153 686 497 351 746 278 156 115 253 669 231 0 539 289 136 441 21 80 235 140 268 289 525 713 642 543 153 225 364 739 690 223 267 346 170 515 173 245 26 136 576 50 693 683 92 547 428 693 677 188 170 314 503 558 575 529 703 200 123 662 739 636 202 213 194 202 88 563 561 57 462 342 53 192 378 404 437 212 159 560 206 340 198 149 185 90 604 624 103 39 208 638 538 81 62 207 128 185 649 156 557 572 749 82 119 671 313 91 69 312 552 490 160 245 247 554 254 448 190 162 163 724 32 377 348 357 215 66 157 148 237 97 217 133 149 289 465 78 262 102 629 423 95 225 93 200 677 128 737 549 574 147 42 245 195 353 598 340 123 467 63 581 285 198 440 446
735 188 50 634 439 748 479 633 120 94 257 138 677 705 190 177 475 784 174 146 180 227 266 193 172 272 30 703 546 410 86 86 222 410 593 435 411 113 301 739 187 169 507 132 289 466 104 538 539 318 142 463 615 30 176 624 378 163 369 691 260 742 377 252 767 688 66 191 505 610 78 225 543 288 65 372 533 92 752 727 235 444 402 21 525 152 209 255 488 634 179 171 187 680 257 230 356 140 161 454 684 160 663 350 213 209 387 711 291 329 691 746 113 376 365 361 147 764 587 730 185 754 347 481 81 684 171 326 139 671 353 231 399 386 170 768 140 126 480 295 716 752 380 597 228 429 150 229 201 725 599 523 698 201 686 589 183 171 325 585 120 679 215 176 124 192 736 201 30 625 291 698 251 164 144 572 329 688 214 153 520 627 153 181 194 792 745 719 235 252 740 435 735 237 223 430 659 270 323 677 264 637 175 54 741 725 104 500 170 750 332 66 130 610 165 327 265 202 191 133 667 262 333 349 206 563 357 124 258 408 370 29 711 761 271 667 572 380 138 154 131 368 526 569 602 166 314 19 286 712 624 744 179 183 176 370 191 91 164 164 58 464 498 151 128 479 149 725 188 416 131 134 365 53 476 339 128 199 417 766 226 114 347 589 261 151 343 88 465 360 701 380 297 164 453 132 139 114 561 672 169 214 514 494 779 564 286 484 361 711 520 450 75 465 715 718 696 109 567 103 109 121 169 69 685 118 124 186 139 178 134 380 728 654 391 226 178 189 299 262 687 426 783 192 358 539 0 251 465 229 518 489 309 675 274 254 104 222 125 94 583 348 176 239 221 373 291 195 550 90 367 519 564 482 126 580 170 258 610 38 129 220 192 722 705 239 44 82 37 21 210 339 570 169 275 182 684 438 705 716 608 107 99 592 136 258 486 682 170 224 201 725 640 199 744 209 365 401 450 623 119 103 456 570 333 135 84 459 505 342 460 691 186 694 121 81 215 458 420 162 229 620 577 243 13 85 389 781 292 262 329 213 406 382 695 226 546 172 197 194 357 565 382 406 742 443 340 429 390 277 141 480 772 578 92 203 625 316 446 739 140 494 268 140 89 670 524 296 346 197 135 201 422 82 486 50 708 725 153 98
491 398 202 392 228 508 240 383 338 157 52 302 447 475 403 201 235 536 360 276 415 86 151 148 88 107 236 465 309 229 281 279 449 174 343 218 182 155 50 505 435 361 278 126 444 219 156 292 305 72 280 212 377 223 394 391 129 213 122 443 441 508 165 102 517 446 186 66 289 373 228 401 297 37 234 138 288 294 501 503 82 198 151 272 289 251 450 238 245 383 307 352 98 432 127 421 105 176 230 204 441 130 433 150 403 447 151 474 111 86 466 506 272 141 215 131 118 525 342 503 348 506 493 238 266 435 142 83 116 420 107 372 148 162 179 518 316 334 273 93 519 512 133 346 146 178 140 457 237 484 360 281 455 263 442 338 363 148 92 334 139 428 458 366 137 324 489 429 279 409 340 450 192 99 129 321 105 478 403 403 269 398 380 74 444 541 503 473 29 336 498 184 491 454 411 180 415 133 104 431 461 390 370 297 504 485 151 269 392 513 100 186 344 362 274 82 93 338 427 355 430 438 186 102 364 319 107 285 22 166 124 279 480 525 393 422 322 128 344 391 278 119 275 350 351 340 439 254 70 462 378 498 82 417 420 153 175 161 99 203 296 216 267 117 230 266 233 481 294 172 363 317 185 304 234 124 356 216 166 519 123 256 131 340 430 301 108 214 218 192 450 131 60 102 202 337 262 183 310 430 158 380 271 244 539 315 45 233 119 464 271 199 221 219 469 479 451 144 321 287 343 134 334 183 444 330 231 92 324 123 359 131 486 418 149 408 231 63 474 11 441 175 537 387 130 289 251 0 239 198 268 238 80 427 25 54 241 430 353 258 357 142 84 454 410 144 61 70 310 229 116 301 314 237 293 329 404 413 359 263 141 413 393 475 457 45 214 283 287 244 419 94 338 377 462 357 452 242 465 475 357 278 275 344 181 113 236 447 91 157 180 485 406 295 494 56 121 150 242 376 318 335 216 322 82 351 251 209 261 112 213 452 368 444 274 284 460 208 171 384 54 374 333 49 264 203 152 533 42 312 143 197 169 131 448 440 299 110 84 100 119 314 132 155 505 193 95 194 140 68 187 229 534 341 343 166 374 77 197 489 391 266 459 270 287 426 278 66 105 68 314 67 179 178 240 292 495 474 163 157
277 632 417 178 46 285 45 264 568 375 212 539 212 241 636 439 243 334 596 515 642 239 365 384 325 196 459 239 86 107 513 511 679 238 182 38 57 353 203 274 653 597 42 334 683 87 361 243 75 169 518 150 152 441 626 159 181 451 198 244 679 276 285 216 332 229 402 303 57 146 461 639 242 207 464 101 97 526 329 265 311 85 139 486 66 490 674 464 65 231 546 589 337 240 219 658 157 415 469 173 228 308 198 119 640 672 233 247 306 154 228 283 508 234 381 108 354 301 141 266 586 309 731 64 498 243 381 218 346 275 139 611 139 80 418 329 552 566 60 170 287 290 119 206 375 142 378 687 473 264 138 81 239 500 229 188 600 387 238 177 346 268 680 602 369 563 289 658 495 171 570 254 415 303 366 177 254 241 640 616 141 162 560 309 646 357 285 267 240 572 280 129 278 687 649 171 203 345 144 226 697 191 605 517 276 262 377 37 622 286 241 400 575 175 513 215 306 576 653 584 202 676 171 144 602 118 150 521 248 82 199 495 246 296 631 215 162 161 577 577 515 189 178 112 197 578 676 473 182 274 178 289 319 644 641 96 412 384 335 441 518 197 33 315 468 44 472 268 533 82 548 552 124 516 59 271 540 452 130 313 352 492 270 161 668 539 131 448 91 351 307 184 237 302 143 570 500 420 173 214 397 618 76 179 316 144 194 167 214 264 204 119 453 77 262 254 242 359 129 521 568 346 572 397 224 561 468 279 560 361 588 125 268 190 97 646 469 290 712 230 237 130 326 622 249 136 465 239 0 428 123 169 162 231 228 214 477 664 581 492 119 119 292 688 647 249 248 273 283 464 145 339 158 222 529 185 631 652 227 465 376 649 628 272 258 277 437 467 503 452 653 148 105 610 700 594 219 77 242 254 223 513 510 163 420 330 113 217 328 387 415 263 175 533 309 295 207 164 49 183 551 561 49 142 177 582 484 117 74 128 198 228 605 271 511 515 680 118 105 614 239 176 130 278 479 436 88 330 199 544 143 430 232 156 244 673 118 294 268 272 226 200 134 169 277 119 211 48 136 271 426 156 308 117 550 400 225 162 99 304 596 28 696 508 518 216 97 176 134 307 550 267 78 405 80 513 256 324 401 384
650 273 204 557 424 674 419 496 237 186 244 173 626 653 279 54 320 685 224 138 315 256 74 58 141 295 200 634 487 427 190 188 331 260 488 413 372 223 225 677 355 231 464 203 271 386 212 389 485 260 145 352 550 205 277 569 268 73 252 596 285 682 207 282 654 610 195 153 482 549 155 248 396 223 169 329 456 200 631 686 118 368 309 240 468 109 353 41 418 516 150 215 111 582 305 275 274 91 85 332 602 244 614 348 260 347 243 644 133 276 648 672 159 235 151 325 129 691 506 684 200 652 311 411 178 585 79 216 151 543 289 203 307 356 60 658 190 225 468 290 713 677 311 479 53 326 101 339 58 649 534 453 619 85 605 478 222 74 201 479 206 559 363 232 141 164 639 316 240 598 143 600 27 209 119 461 191 669 258 341 416 580 381 154 395 677 665 628 212 148 660 338 650 324 265 312 579 92 302 588 313 548 239 242 675 651 161 453 279 682 202 202 237 516 121 218 124 174 326 252 602 278 377 284 207 485 280 164 183 348 252 241 657 697 212 581 470 281 230 380 151 256 406 540 490 203 253 217 268 607 538 654 140 313 334 350 41 172 135 67 235 330 453 217 113 460 97 641 129 352 359 196 383 267 409 185 357 42 324 672 76 143 192 494 267 163 301 142 383 159 568 267 192 214 346 226 129 117 449 594 70 224 443 370 705 469 241 364 236 616 386 355 156 390 625 648 609 191 483 183 257 195 192 201 611 228 117 228 201 91 259 306 650 591 332 258 71 179 309 204 597 330 693 251 212 441 229 198 428 0 423 369 278 580 202 245 141 296 258 161 541 340 204 324 264 223 181 211 386 145 287 330 461 337 172 467 305 245 485 264 127 269 261 628 609 154 188 305 247 239 288 280 518 255 307 214 629 440 633 641 485 170 173 498 94 100 393 622 138 41 31 652 582 123 634 148 243 293 438 532 209 250 396 479 252 244 164 365 433 307 326 622 227 580 155 198 370 363 340 274 230 532 499 152 234 144 339 683 232 116 340 16 260 286 604 310 460 233 230 244 226 441 301 294 674 350 227 380 304 158 88 366 702 515 305 38 506 271 362 629 345 454 306 136 194 587 444 263 295 141 192 215 357 161 408 237 683 593 83 161
228 663 468 136 167 251 79 144 605 424 265 564 216 241 668 448 152 268 621 534 684 305 351 393 355 274 505 213 94 227 548 546 716 179 76 155 138 413 220 258 703 624 115 388 692 56 418 128 103 200 539 73 137 490 660 163 155 464 171 176 698 263 236 291 249 187 453 334 160 139 495 658 126 232 502 158 48 562 236 279 318 77 119 539 90 506 719 452 58 122 560 613 356 164 303 681 164 436 482 97 179 375 207 211 664 716 186 223 291 190 244 249 536 192 335 171 385 268 84 274 606 237 734 61 533 167 397 210 384 164 165 622 122 161 430 249 579 600 178 239 345 255 139 90 373 97 402 723 476 226 122 59 196 504 182 75 623 402 223 68 401 165 726 629 405 577 221 696 547 220 558 182 403 357 394 60 232 288 663 671 21 180 634 342 709 274 242 207 283 571 237 86 227 719 671 112 156 332 210 166 721 126 633 565 254 229 419 105 659 261 221 452 611 95 527 208 301 589 695 622 185 693 277 169 619 69 161 547 267 118 171 546 242 276 634 158 55 145 610 648 539 167 59 176 87 601 676 522 239 194 115 233 349 685 689 181 418 429 366 454 565 112 109 372 490 161 489 218 543 109 619 581 232 571 66 241 612 455 104 253 354 518 236 73 683 561 181 480 55 306 196 156 238 358 77 603 520 448 53 172 411 636 55 77 282 47 232 72 186 197 91 70 488 61 204 227 186 410 62 553 611 398 593 449 188 597 491 339 588 379 627 139 227 175 133 667 478 330 727 258 175 95 272 649 214 21 518 268 123 423 0 69 215 160 248 268 505 693 621 523 156 205 344 719 670 207 248 325 170 495 152 241 47 127 556 69 673 664 109 526 408 673 657 208 190 294 482 537 555 509 683 179 126 642 719 617 215 200 211 219 105 543 541 76 442 323 32 206 358 386 418 229 171 541 226 319 180 130 172 110 584 603 86 56 187 618 518 60 51 186 115 201 629 177 537 552 728 62 98 651 292 109 81 292 531 470 140 265 227 537 235 430 175 142 183 704 40 356 328 337 197 77 136 129 253 76 198 115 129 270 446 64 279 109 608 404 114 204 72 221 656 119 717 529 554 164 37 225 175 332 578 320 103 446 46 561 293 218 420 425
284 621 440 200 206 312 126 145 566 395 248 520 284 308 626 400 83 316 577 488 646 292 296 345 320 270 472 277 162 260 509 507 675 115 119 191 160 391 188 323 670 581 174 363 640 82 394 77 169 179 494 29 205 460 619 232 111 417 124 228 649 328 172 284 287 248 424 299 216 208 457 611 78 202 465 162 117 523 267 348 273 91 91 509 154 459 682 395 109 149 512 569 315 213 301 635 137 393 435 37 239 358 276 223 618 679 126 287 237 174 312 309 493 134 269 174 348 329 150 342 559 284 679 107 494 216 353 166 351 183 149 571 95 176 383 290 535 560 228 233 414 315 128 112 322 63 361 683 424 286 190 125 257 452 242 109 577 357 174 110 376 194 690 584 370 527 271 656 516 289 500 232 348 334 356 92 179 357 617 640 53 249 615 308 682 310 300 260 258 516 296 63 284 676 625 59 218 277 207 223 674 184 589 533 318 290 387 162 618 324 170 424 571 151 479 165 251 539 658 583 251 644 294 152 570 137 138 504 232 127 123 516 309 340 580 216 103 110 569 628 495 122 38 242 121 556 620 491 227 238 175 287 313 647 654 194 369 398 329 407 531 44 166 351 446 212 442 275 493 118 599 538 253 542 111 184 592 404 80 304 305 476 178 130 634 515 174 442 78 241 212 110 195 336 40 562 475 408 80 234 366 588 118 11 342 107 210 5 136 247 40 59 451 92 258 290 243 382 129 512 575 372 547 421 251 558 448 320 545 335 588 124 286 242 133 620 428 301 676 227 230 71 325 604 157 80 489 238 169 369 69 0 204 212 215 251 464 649 584 483 225 215 320 676 624 147 204 303 115 455 129 175 95 58 513 98 635 613 122 501 370 628 613 260 241 254 450 518 524 482 640 163 195 600 671 571 283 240 274 280 120 501 500 133 399 272 57 273 322 334 368 291 239 490 266 282 130 88 215 167 543 567 121 119 157 578 478 56 111 183 47 265 583 213 494 514 693 55 93 611 273 169 148 251 501 432 147 314 200 480 244 377 112 108 237 661 109 338 309 321 144 77 115 83 316 63 153 141 105 224 402 13 341 178 580 354 140 189 77 261 629 174 670 484 515 224 105 209 164 295 535 298 115 412 92 528 363 237 376 393
426 470 259 326 148 440 170 346 407 216 52 377 373 402 474 281 229 476 434 353 482 91 225 229 163 69 299 395 239 152 351 349 518 182 291 139 105 200 66 433 496 435 203 177 522 160 206 272 232 35 356 175 307 282 464 318 116 292 121 383 518 436 198 81 462 380 244 141 210 302 299 477 275 59 303 64 225 364 451 427 160 138 113 329 217 329 515 317 179 336 385 427 178 374 100 496 73 254 309 177 376 160 359 72 478 513 163 404 175 31 390 438 346 156 273 54 192 456 278 428 425 447 572 172 336 377 222 105 184 376 55 451 110 83 259 462 390 405 193 33 439 444 77 301 225 141 217 526 317 417 291 215 389 343 377 289 438 228 124 283 189 380 521 440 207 403 429 497 338 331 420 390 270 145 204 272 143 399 478 461 221 323 419 147 496 487 436 411 78 417 431 142 426 525 487 156 350 206 25 368 535 329 443 359 434 417 216 195 461 443 132 243 414 303 352 102 165 416 493 423 359 515 125 52 441 255 69 359 95 99 123 338 407 454 473 358 269 103 415 434 353 113 237 272 301 416 519 315 24 406 316 435 158 484 483 73 256 224 174 283 359 197 192 159 307 186 312 416 373 108 405 390 111 361 168 165 397 297 124 457 202 330 168 283 507 378 35 286 160 245 408 120 105 145 163 408 339 258 263 364 238 457 205 212 471 258 37 199 128 404 242 152 291 158 406 410 387 200 259 359 408 188 410 239 377 400 307 125 398 202 427 80 420 347 83 484 311 128 551 73 379 133 474 460 156 235 309 80 162 278 215 204 0 367 78 55 315 502 421 330 281 63 133 526 485 166 113 114 299 302 77 313 261 222 367 281 471 492 316 313 214 487 466 414 397 124 277 323 346 297 491 42 264 449 538 433 379 162 397 407 314 351 348 286 259 187 184 376 167 237 260 417 334 375 440 136 126 126 162 316 389 401 148 263 66 421 322 160 196 34 194 383 443 392 349 353 522 160 118 453 80 312 269 126 322 274 80 473 50 392 73 277 175 102 387 511 238 142 113 122 136 274 88 133 435 146 108 121 99 132 265 192 465 270 396 246 327 18 143 434 444 190 534 347 357 362 216 15 40 147 388 108 114 244 178 354 416 430 241 223
73 823 625 60 274 106 202 140 764 581 419 723 131 139 828 607 280 109 781 694 843 456 507 552 515 419 663 90 146 332 707 706 875 326 93 268 273 567 379 131 861 784 195 543 850 209 573 224 159 357 699 228 97 647 820 118 314 624 330 17 857 137 383 437 102 54 609 493 227 107 655 818 217 390 661 306 143 721 106 182 477 230 279 695 165 665 877 607 189 88 719 773 516 12 445 841 323 596 642 248 41 526 134 346 824 875 338 97 447 345 161 104 695 346 478 318 544 123 91 171 765 80 891 195 692 14 557 370 543 104 322 780 281 299 589 99 739 760 257 386 289 109 295 113 531 256 561 883 634 83 103 155 58 662 45 106 783 561 381 102 556 78 884 788 564 736 62 855 704 192 712 23 559 512 554 121 389 230 823 827 164 137 783 501 863 127 91 48 440 728 87 246 73 879 831 267 44 488 357 21 880 40 793 723 122 90 577 195 818 124 379 609 770 65 686 367 459 748 854 781 90 852 401 326 778 115 320 707 427 268 329 703 135 142 792 26 109 305 769 799 698 326 178 191 95 761 832 679 391 45 53 75 508 844 847 318 577 587 525 614 723 254 199 527 650 246 648 65 702 259 770 740 355 727 200 395 762 614 263 93 513 678 389 87 842 720 332 640 210 451 121 314 397 512 235 763 680 608 132 51 571 795 164 213 133 113 389 217 344 37 205 230 648 210 47 95 35 566 109 713 770 554 753 605 64 757 651 492 748 538 786 296 80 93 284 826 637 488 885 416 20 255 113 809 369 140 675 427 231 580 160 212 367 0 407 422 665 853 780 683 158 343 499 879 829 359 407 480 255 654 311 343 118 257 716 116 832 822 120 680 567 833 816 48 30 453 640 688 712 664 843 336 144 802 879 776 120 298 81 81 117 703 701 84 601 481 192 106 517 544 577 90 107 699 80 479 337 289 271 51 744 762 222 105 347 777 677 220 172 336 258 82 788 60 697 711 886 221 256 811 447 56 102 452 688 629 288 106 385 692 371 587 324 301 26 864 129 509 481 488 354 150 295 287 118 236 357 251 288 429 605 214 136 119 763 563 94 359 230 75 811 208 877 689 713 35 151 379 329 492 738 475 253 604 189 718 221 124 580 584
472 416 225 374 222 491 224 359 357 181 66 318 432 461 421 211 210 516 376 291 436 107 147 157 107 120 258 448 294 230 300 298 468 150 322 211 171 180 28 489 457 378 266 151 456 200 181 267 290 59 295 189 361 245 412 376 104 225 97 424 456 492 143 118 495 428 209 86 281 358 247 416 272 21 254 128 270 314 479 490 84 180 130 295 274 264 471 240 228 361 320 368 111 412 144 437 84 191 242 179 422 155 420 150 419 468 126 457 99 74 452 489 289 116 201 123 137 508 324 490 363 485 504 221 285 415 155 58 137 397 91 385 127 154 191 497 333 353 266 99 511 495 116 324 149 155 156 476 245 467 344 264 438 272 424 316 378 160 68 313 164 406 478 383 157 337 469 448 302 398 345 430 192 124 147 299 82 469 419 426 247 385 405 94 468 520 485 453 53 345 480 163 472 472 427 156 397 128 103 412 477 371 387 319 488 467 173 256 411 497 77 210 363 342 287 57 87 350 447 374 414 452 195 86 378 301 88 301 21 151 99 301 465 509 404 403 301 105 362 415 294 95 252 340 329 356 448 276 75 441 359 479 101 437 442 149 184 183 118 215 318 191 255 142 245 258 247 462 306 157 388 334 188 327 218 103 381 224 145 500 126 272 109 320 443 317 99 232 199 176 427 106 38 127 179 356 277 201 288 412 170 394 254 220 522 295 42 210 94 444 246 178 240 202 450 463 432 168 302 306 363 158 349 207 427 350 246 116 341 135 379 113 468 402 134 424 242 86 487 16 421 153 519 403 106 268 274 25 228 202 248 215 78 407 0 69 258 447 373 276 344 141 110 472 426 120 41 95 285 247 97 277 293 212 310 307 425 426 336 288 160 429 410 455 437 50 236 308 310 268 437 80 324 395 477 373 437 239 448 458 334 296 294 324 197 109 216 432 110 161 187 468 391 306 473 72 96 127 236 356 336 355 201 302 61 370 270 188 244 105 188 436 384 422 291 304 481 187 152 403 76 355 315 51 287 222 139 513 30 318 148 203 144 108 429 457 280 135 108 124 94 291 112 131 488 172 70 181 119 56 201 206 517 325 366 173 352 69 178 468 414 254 474 285 306 408 260 65 93 85 331 92 163 199 222 314 484 451 176 179
481 418 204 381 194 494 225 395 354 161 4 327 426 455 422 240 265 531 384 305 428 43 203 191 116 53 245 449 293 185 299 297 465 210 344 188 158 145 78 487 441 384 255 122 476 214 151 315 286 72 308 223 361 228 411 372 152 249 151 438 469 490 211 49 517 434 189 96 259 357 247 428 319 62 250 118 279 312 504 479 132 192 160 275 272 283 460 285 234 388 339 377 137 428 75 446 115 208 265 221 431 107 412 109 428 459 188 458 164 79 442 493 296 179 268 107 144 511 333 480 376 502 528 227 284 431 180 120 133 428 104 405 157 135 217 517 340 352 239 48 484 499 129 353 195 188 172 472 277 472 345 269 444 302 432 342 388 186 135 336 134 433 467 389 156 356 484 444 283 380 384 445 241 90 157 325 151 448 428 406 273 376 366 100 441 542 491 465 33 376 486 191 481 473 436 199 405 186 71 423 485 384 392 304 488 471 163 248 408 497 144 188 361 358 306 119 147 370 439 370 413 466 134 101 393 310 114 309 76 154 153 283 460 508 429 413 323 144 363 380 304 146 286 323 354 366 476 260 32 460 371 490 113 430 429 121 217 170 126 239 305 238 246 105 259 234 266 471 328 163 351 339 139 306 223 172 344 258 173 512 171 281 178 337 459 329 90 235 214 244 459 155 106 90 212 356 291 209 315 418 196 408 260 259 526 312 43 247 153 459 288 203 239 212 461 465 442 146 314 308 354 133 361 185 431 347 259 70 347 161 374 131 474 401 138 434 268 78 503 55 434 182 529 409 172 289 254 54 214 245 268 251 55 422 69 0 265 450 367 279 333 103 78 474 435 185 110 60 338 251 123 340 315 262 317 333 417 445 368 258 165 437 415 468 452 96 223 269 291 242 440 90 318 397 488 383 433 203 451 462 365 300 296 340 212 165 237 429 120 205 223 472 388 331 494 97 153 168 208 371 337 347 202 318 98 368 271 212 251 88 235 438 393 445 299 300 468 211 170 400 25 367 324 101 267 222 135 527 59 355 97 242 203 145 441 459 293 88 59 70 157 324 137 174 489 197 130 176 147 121 219 241 519 325 342 210 380 64 196 488 389 242 484 299 304 417 271 44 94 105 337 53 169 191 233 300 466 482 197 170
730 158 105 632 459 749 480 602 105 122 266 62 687 716 163 87 433 773 119 49 185 253 196 125 153 300 75 705 550 444 51 48 212 368 577 452 420 161 286 745 218 121 517 161 217 458 148 500 545 313 48 441 618 91 156 632 353 68 340 681 204 749 325 281 750 686 108 175 524 614 28 164 506 276 40 377 529 62 731 742 191 438 386 108 530 49 223 158 486 613 86 112 149 669 295 181 342 71 60 426 680 204 673 372 163 218 347 714 238 327 705 747 31 337 289 368 123 765 582 743 113 742 273 478 38 672 112 298 131 645 347 149 383 398 91 752 75 97 503 312 748 753 374 575 158 410 103 219 101 725 601 522 696 98 682 570 123 109 290 568 155 657 231 125 108 102 726 193 105 645 188 687 166 187 112 553 288 712 163 201 503 638 247 168 255 773 743 711 237 152 738 419 730 214 172 404 656 206 335 670 221 629 129 102 745 725 106 509 155 754 295 114 108 600 64 299 216 115 196 121 671 202 375 343 131 559 346 44 238 407 341 106 720 766 183 661 557 360 105 243 41 342 502 587 583 101 229 87 296 697 617 737 159 185 199 385 111 106 142 74 95 431 507 182 28 499 48 720 88 413 225 76 397 129 475 292 225 103 401 757 166 17 300 578 196 66 347 32 457 291 673 354 269 190 433 99 38 58 541 670 101 145 512 467 780 552 284 459 329 702 489 435 36 460 708 720 690 136 560 49 119 148 97 116 685 96 24 212 83 128 127 371 727 658 389 170 78 187 239 251 679 410 776 146 315 525 104 241 477 141 505 464 315 665 258 265 0 189 124 21 596 367 192 214 170 330 260 209 504 17 355 459 549 445 53 560 174 185 585 142 101 172 152 713 695 212 77 186 110 120 179 335 578 137 224 118 692 465 706 716 584 38 37 581 65 201 473 688 150 150 119 726 647 98 728 186 334 378 472 614 80 112 457 560 319 115 24 445 502 348 427 693 129 676 35 58 237 443 410 148 241 612 573 214 103 45 392 771 283 159 356 124 366 363 687 199 538 206 221 226 322 540 370 381 746 429 311 434 377 240 64 457 775 581 165 126 603 316 436 722 204 505 220 42 55 666 518 301 346 174 74 215 420 83 480 98 730 698 88 101
919 34 260 821 644 937 669 785 102 295 452 130 875 904 32 253 612 961 73 162 75 433 366 305 341 481 215 894 739 623 152 154 48 548 764 638 607 327 475 934 126 69 705 337 111 647 316 680 733 501 156 628 806 236 47 820 540 234 526 869 60 937 500 461 936 875 271 363 709 803 203 61 686 465 201 565 717 140 916 929 377 626 574 206 718 192 95 289 674 798 146 81 337 857 471 34 531 257 217 612 869 374 861 556 39 86 529 903 417 515 892 935 158 519 444 556 312 954 770 930 97 930 160 667 167 860 297 484 318 830 536 116 572 585 267 939 114 99 687 497 930 941 562 761 332 597 292 53 238 913 790 710 884 214 871 757 74 292 476 755 327 843 104 65 295 135 914 51 195 830 237 875 322 366 300 739 472 897 42 153 690 826 271 357 198 960 931 900 424 188 926 607 919 29 40 590 844 380 521 858 45 818 60 170 934 914 288 697 55 943 480 275 93 788 175 486 399 128 75 89 859 69 550 532 96 748 535 146 427 596 527 196 909 955 146 849 745 548 88 251 155 528 687 773 770 94 162 206 482 885 806 926 347 69 107 571 283 283 331 244 164 615 695 358 203 684 208 909 169 602 255 113 577 191 664 472 261 255 590 946 346 175 480 766 78 135 535 216 645 454 857 540 456 369 620 95 174 246 728 859 283 81 701 652 969 740 472 644 514 890 672 623 211 648 896 909 878 311 749 143 116 324 104 278 873 106 202 391 105 315 89 560 915 847 578 50 227 374 94 440 868 598 965 45 497 713 222 430 664 296 693 649 502 853 447 450 189 0 98 172 783 552 375 28 39 510 446 393 680 201 543 625 736 626 137 747 76 98 769 246 289 32 37 901 883 400 234 278 191 242 11 524 766 54 62 82 881 648 895 905 769 151 155 769 251 380 661 877 338 321 287 915 835 177 915 375 519 565 657 802 113 121 646 748 507 87 180 633 690 536 611 882 69 862 156 152 116 631 599 63 426 801 762 401 210 229 580 958 472 228 538 282 547 551 875 16 726 382 401 403 506 725 559 568 934 617 498 622 565 426 248 644 963 770 189 298 789 504 625 909 182 692 54 166 147 855 707 488 534 362 115 399 608 260 669 173 915 882 273 282
844 65 168 744 558 860 590 724 21 207 369 90 793 822 66 207 556 889 76 123 62 345 319 249 266 392 124 816 659 533 75 77 98 491 695 553 525 235 401 854 97 66 622 249 186 572 224 623 653 424 116 560 727 143 51 739 473 187 460 797 146 857 448 372 868 798 181 288 624 723 127 119 629 390 120 484 641 62 850 845 314 551 503 108 638 151 99 266 597 732 132 79 269 785 379 114 457 195 173 547 794 282 779 469 99 95 470 824 362 437 808 858 100 459 409 474 237 876 695 847 103 859 242 590 90 788 235 417 238 766 460 150 500 502 214 870 76 36 600 412 839 864 486 695 282 528 223 106 208 836 711 633 808 191 795 689 86 232 412 686 238 777 108 73 217 134 842 77 98 745 252 803 285 279 228 671 411 809 102 92 621 743 187 280 148 892 855 826 343 203 850 536 844 112 110 524 768 330 437 784 142 744 67 73 854 836 205 615 45 864 417 184 25 715 145 419 340 136 74 13 780 150 457 455 120 672 460 95 354 517 462 99 827 875 191 775 675 478 37 172 108 461 622 688 701 84 225 112 399 815 732 852 273 63 76 486 234 197 256 194 68 553 613 269 148 598 161 834 154 524 169 68 487 93 586 415 173 218 518 873 290 116 424 694 153 105 455 142 571 414 795 474 388 281 551 38 130 176 660 782 225 119 624 588 891 668 393 579 450 817 611 552 133 573 823 831 804 223 674 76 18 236 94 187 796 30 145 304 66 250 10 485 839 768 500 115 189 294 184 364 794 527 891 79 438 642 125 353 581 258 621 584 421 780 373 367 124 98 0 103 700 466 289 113 108 453 380 308 628 129 470 583 666 567 87 679 51 160 705 147 214 104 74 828 811 330 145 181 93 145 87 446 685 51 156 91 800 559 817 827 704 89 87 697 189 325 589 796 263 273 240 837 754 166 846 302 455 497 570 729 50 23 567 675 434 23 106 561 614 454 549 804 87 795 103 70 113 560 525 36 342 727 686 333 113 152 500 887 396 232 449 243 489 481 802 101 652 292 314 314 444 660 485 501 855 545 431 542 492 362 188 577 885 691 98 249 723 425 551 841 110 609 149 123 69 779 631 407 455 289 72 314 531 177 593 75 829 819 211 198
748 140 106 649 473 766 497 622 84 129 281 52 703 731 145 107 453 791 105 52 165 264 217 146 169 312 69 722 567 455 30 27 193 388 596 467 435 167 304 762 198 105 533 170 209 476 154 520 561 329 48 460 634 88 137 648 372 88 359 699 192 765 345 293 769 703 111 192 538 631 33 153 526 294 37 393 546 42 750 757 211 455 404 95 546 62 202 176 503 632 86 99 168 687 305 167 360 92 78 446 698 212 689 386 149 198 367 731 258 343 720 764 21 357 309 384 140 782 599 758 103 760 266 495 18 690 132 317 146 665 364 144 401 413 112 771 62 77 517 326 761 770 391 594 179 428 122 200 118 742 618 539 713 112 700 589 110 129 310 587 163 677 211 111 123 100 744 173 91 659 197 705 187 198 129 571 308 726 149 181 521 653 232 184 235 792 760 729 252 157 755 437 748 196 158 423 673 227 349 688 206 647 113 84 762 742 118 525 136 771 315 117 88 618 71 318 237 112 176 101 687 191 385 360 124 577 364 34 256 424 360 91 736 783 181 679 576 379 87 226 37 361 521 601 602 89 226 76 311 716 635 755 176 165 178 399 132 115 159 94 76 451 522 192 48 513 66 738 94 430 210 60 409 113 492 312 210 122 420 776 187 21 320 596 186 61 363 44 474 312 693 373 288 200 451 80 46 75 560 687 122 136 529 486 797 570 300 478 348 720 509 453 42 477 726 737 708 145 578 30 98 157 87 119 702 76 44 223 68 148 107 389 744 675 406 157 96 202 229 268 697 428 794 131 335 543 94 258 492 161 523 483 330 683 276 279 21 172 103 0 611 381 205 197 157 350 279 222 525 29 372 480 567 465 40 579 154 178 604 132 117 158 136 731 713 230 77 177 95 113 162 352 594 119 211 107 709 478 723 733 603 21 18 599 86 222 491 704 166 171 139 743 663 105 747 204 353 397 486 632 61 91 474 578 336 95 11 463 519 364 447 710 116 695 28 37 216 462 428 129 255 630 591 232 92 57 408 789 300 169 368 144 386 382 705 182 555 216 232 236 341 559 388 400 762 447 330 450 395 260 85 476 792 598 147 147 622 332 454 741 185 520 206 46 34 683 535 316 362 191 59 228 436 92 497 81 744 718 108 112
179 751 535 98 147 177 123 253 687 493 331 658 94 122 755 555 308 242 715 633 760 357 475 500 443 312 577 131 63 193 632 630 798 325 164 148 176 471 318 159 770 716 79 452 800 163 479 281 59 286 636 220 61 559 745 48 281 569 299 166 798 161 378 332 256 133 521 421 84 51 580 757 277 324 583 219 108 645 264 146 426 176 237 604 76 607 792 576 128 203 663 708 454 170 333 777 268 533 586 246 137 425 79 234 759 791 326 137 415 271 109 176 627 330 478 227 473 190 100 147 705 224 848 134 617 172 498 327 465 241 254 728 239 199 535 250 671 685 114 288 189 181 230 197 489 229 497 805 588 160 59 101 141 616 136 178 718 504 345 165 464 223 798 721 488 681 202 777 613 64 682 177 526 421 485 178 359 134 759 732 176 44 671 427 761 279 181 178 359 687 177 215 180 806 767 254 117 455 263 144 816 126 724 635 162 155 496 88 741 173 346 518 694 133 630 324 418 694 772 703 95 794 272 258 720 96 261 640 365 193 300 613 129 181 747 134 155 264 696 690 634 292 212 33 179 696 791 592 301 202 118 194 438 763 759 214 527 503 454 559 637 266 89 433 587 108 590 171 650 190 661 671 228 634 135 373 652 568 225 218 467 611 370 135 786 658 249 567 168 448 268 283 349 420 219 689 618 539 182 121 514 736 109 233 205 137 313 226 315 182 246 200 572 157 172 145 154 478 109 640 687 464 690 515 124 680 587 397 679 479 707 235 165 83 210 764 586 409 830 347 155 220 226 741 349 153 583 357 119 541 156 225 281 158 344 333 596 783 700 611 0 236 411 807 766 345 360 392 322 582 254 397 158 283 648 182 749 770 217 581 495 768 747 185 177 394 555 581 621 569 772 264 30 729 818 713 103 159 137 149 212 632 629 134 538 441 172 104 447 501 530 156 65 650 235 413 308 259 138 130 670 679 145 127 289 701 603 193 118 247 268 121 724 214 630 634 798 194 204 733 358 120 93 394 597 555 205 237 316 658 257 545 320 259 161 792 121 411 386 389 327 213 241 262 165 203 318 163 240 383 544 217 195 54 666 516 202 280 186 231 712 91 815 627 637 130 120 295 251 425 669 386 184 524 142 631 144 277 519 503
395 519 300 295 92 404 142 347 454 259 102 430 329 358 523 341 261 450 486 408 525 121 288 290 219 77 343 358 204 88 400 398 564 225 279 87 71 235 127 393 535 486 160 217 579 150 244 290 194 91 411 187 271 324 512 277 156 351 166 358 571 395 251 97 443 347 286 198 158 265 349 531 292 122 351 54 201 412 436 379 223 131 135 368 182 386 557 380 157 327 442 479 238 351 102 548 113 310 367 197 345 190 315 10 530 555 209 366 237 79 343 402 398 204 332 42 247 420 253 382 479 423 630 151 385 354 281 161 236 370 87 508 132 45 319 441 442 453 136 55 381 409 93 295 288 158 274 571 377 383 256 188 357 403 346 281 490 287 182 272 229 369 562 492 259 459 403 543 378 279 482 367 333 186 260 265 200 345 530 497 217 279 441 203 527 468 403 383 134 477 398 153 395 574 539 181 320 269 38 341 587 304 494 400 395 381 264 155 508 405 189 283 461 283 409 158 228 473 537 470 321 569 80 88 496 229 106 412 159 90 169 377 364 414 532 331 257 138 464 459 407 157 242 222 291 468 578 356 73 385 291 406 215 528 524 25 317 269 229 341 402 221 152 197 362 132 369 385 431 100 430 441 50 398 146 222 421 357 140 429 265 383 224 265 562 432 56 337 152 304 402 160 166 185 176 457 394 312 258 332 297 511 180 226 435 242 100 212 178 379 255 157 341 144 378 373 359 243 236 409 452 230 463 280 343 448 362 162 449 262 473 100 386 309 82 537 370 181 606 136 352 146 444 511 210 225 348 142 119 340 205 215 63 343 141 103 367 552 466 381 236 0 177 574 537 217 175 159 323 353 109 352 251 248 419 274 515 548 314 346 268 539 516 387 372 186 321 348 385 334 541 82 224 498 591 486 337 100 361 373 310 402 398 267 315 250 180 336 223 299 321 382 294 433 420 196 173 156 105 293 439 445 124 245 117 468 372 162 173 45 220 347 496 376 402 401 562 163 123 500 126 288 242 189 361 324 68 446 112 454 30 339 218 135 360 560 219 176 152 154 187 275 112 164 396 153 162 93 122 195 322 202 427 235 431 308 319 75 142 415 477 147 587 402 405 332 196 77 69 206 440 153 104 291 162 396 364 422 299 270
559 342 126 459 269 573 303 465 277 83 81 254 504 532 346 184 320 608 310 236 350 61 186 146 63 108 167 528 371 251 222 221 387 258 419 264 236 71 133 565 363 309 333 44 408 291 74 376 364 143 238 292 439 149 335 450 212 189 206 515 396 568 242 89 592 512 111 57 335 435 172 356 381 118 174 196 357 235 578 556 118 269 230 197 350 217 382 245 312 462 271 303 95 505 106 372 184 145 202 286 509 51 490 181 354 380 235 536 171 154 519 571 222 224 272 186 81 589 411 558 305 579 461 305 208 508 128 167 63 500 178 338 227 212 162 593 266 276 313 123 556 577 205 425 163 258 112 395 223 550 424 347 522 244 510 416 315 134 173 411 57 506 389 315 86 289 561 366 205 456 334 522 209 15 94 399 184 522 354 328 346 454 296 52 365 617 569 543 62 318 564 263 559 396 363 263 483 175 148 501 411 461 318 226 566 549 87 326 331 576 182 110 284 435 241 167 146 302 361 293 492 394 185 174 323 387 184 236 99 232 209 205 538 586 366 491 398 210 287 308 232 204 356 399 428 293 412 182 111 537 448 568 65 352 350 197 169 92 70 180 227 300 324 32 191 310 201 549 264 240 280 265 205 228 301 201 273 206 244 590 144 209 208 414 388 258 168 161 290 255 531 215 142 18 282 280 222 139 388 496 142 337 338 326 604 389 111 315 203 536 354 276 164 289 539 543 520 68 391 232 276 55 289 107 510 270 190 24 272 113 296 205 553 479 215 361 210 32 432 95 511 253 607 335 211 364 176 84 292 204 344 320 133 499 110 78 192 375 289 205 411 177 0 397 361 226 140 19 395 177 193 382 390 322 244 407 339 376 439 183 97 363 339 546 529 96 145 199 213 165 364 164 396 321 415 310 511 274 530 540 437 226 221 417 148 155 312 508 67 170 177 550 466 269 570 74 205 233 282 448 261 269 281 394 163 291 196 285 329 166 297 516 320 520 227 224 389 285 245 323 53 444 401 102 189 148 213 605 120 303 164 197 253 212 519 383 370 33 29 40 203 395 209 238 567 270 179 254 218 137 156 310 597 403 265 166 453 140 271 564 313 320 411 229 228 495 348 121 170 71 263 25 246 114 310 222 541 554 138 93
944 56 279 846 667 962 694 813 122 316 476 157 899 928 52 281 640 987 101 189 73 455 394 332 366 502 235 919 763 644 175 177 32 576 791 661 631 347 500 958 118 96 729 358 128 672 336 708 758 526 183 654 831 255 63 844 567 262 553 895 76 962 528 482 963 900 291 388 732 827 227 87 714 490 224 589 743 162 943 953 404 652 600 221 742 220 82 318 699 825 174 109 363 883 491 58 556 284 245 639 895 394 885 578 67 73 557 928 445 540 916 960 184 547 472 580 336 979 796 954 125 956 170 692 190 886 324 511 342 857 561 142 597 608 295 965 141 122 710 520 951 967 588 788 360 623 317 33 267 939 815 736 910 242 897 784 102 319 502 782 348 870 89 93 319 164 940 46 211 853 264 901 350 388 326 766 499 919 69 151 717 849 272 381 190 987 957 926 448 216 952 633 944 3 66 617 870 408 544 884 48 843 87 186 958 939 311 721 68 967 507 295 113 814 203 513 426 156 69 106 884 86 569 557 124 773 560 172 452 620 554 212 933 979 170 875 771 574 111 251 182 555 714 796 796 122 181 225 506 911 832 951 372 68 102 594 311 305 356 271 181 642 718 380 230 707 236 935 197 627 258 138 598 203 689 500 265 283 616 972 373 201 507 792 98 163 559 241 671 483 884 567 482 390 646 118 202 272 755 884 310 108 726 679 994 766 496 671 541 916 700 649 235 674 922 934 904 332 774 167 130 346 132 298 899 127 228 413 131 341 105 585 941 872 603 75 255 398 101 465 894 624 991 73 524 739 239 454 688 324 719 676 526 879 472 474 214 28 113 197 807 574 397 0 66 538 473 415 708 225 569 653 762 654 163 773 79 120 796 259 314 59 64 927 909 426 255 289 206 258 36 549 790 78 69 110 905 669 920 930 796 177 179 795 278 408 687 901 363 349 315 940 859 206 942 401 546 592 679 828 137 136 671 774 533 107 204 659 716 560 638 907 97 889 182 174 102 658 625 77 449 827 788 427 226 253 604 985 497 256 559 311 575 578 901 15 752 403 424 425 533 752 585 594 959 643 524 647 591 452 275 670 988 795 196 326 816 529 650 936 182 716 61 193 170 880 732 512 559 388 141 422 633 283 694 189 938 909 300 304
897 47 254 799 629 916 649 757 104 285 437 108 856 885 51 225 583 937 52 136 106 421 336 278 323 468 209 874 719 612 143 144 87 520 740 622 590 320 453 914 159 53 687 326 81 625 308 651 714 482 131 603 786 231 65 801 516 207 501 846 39 918 470 449 911 853 263 344 694 783 189 22 658 445 190 547 696 132 890 912 352 605 551 208 699 165 132 254 654 772 114 58 315 833 461 11 509 235 189 586 847 366 843 542 8 123 502 883 389 496 875 914 139 492 410 539 293 933 749 913 65 905 135 647 155 836 273 460 302 803 516 77 549 568 241 913 95 95 673 482 917 920 542 735 303 573 270 92 206 892 770 690 863 180 849 732 47 268 450 731 318 817 141 47 278 101 891 86 198 815 198 851 290 354 281 714 445 882 7 180 666 808 292 338 229 934 910 877 407 150 905 584 896 67 2 565 822 351 505 836 51 795 47 174 914 893 274 679 73 922 454 268 93 765 145 462 372 92 109 95 839 43 540 511 59 726 513 126 405 576 502 199 890 935 107 827 721 525 84 274 132 504 661 757 744 69 127 204 466 860 783 903 328 100 138 555 255 271 312 217 167 588 677 348 180 669 182 887 136 582 274 96 565 199 643 444 280 224 567 922 319 155 451 742 47 109 517 201 623 422 829 516 432 357 595 90 149 227 703 837 259 42 680 626 948 717 453 619 488 866 645 600 198 627 874 888 856 300 727 130 125 313 77 271 852 104 179 380 89 292 98 539 894 827 558 11 197 358 78 420 845 575 942 30 469 690 221 410 647 264 670 624 485 829 426 435 170 39 108 157 766 537 361 66 0 482 422 378 650 184 522 592 712 598 118 721 104 61 743 250 271 7 34 878 860 377 226 286 195 242 40 504 747 56 55 53 862 635 874 883 743 135 140 746 229 353 638 857 319 292 258 894 816 143 890 354 494 541 642 779 104 128 626 725 485 89 166 610 670 519 584 861 42 837 136 144 153 608 577 79 411 778 741 379 211 213 561 935 452 190 525 252 519 528 852 55 704 371 389 392 480 699 537 543 914 594 473 604 543 401 225 619 943 750 205 270 763 486 603 884 207 675 50 141 138 832 685 471 515 342 98 385 588 248 647 176 900 854 250 268
430 484 327 342 265 457 224 275 434 285 182 382 420 446 489 258 103 462 438 349 515 226 150 206 202 229 352 420 285 298 378 376 540 38 266 251 206 293 108 465 544 442 276 263 494 182 292 170 287 132 355 134 341 343 484 364 69 276 54 375 506 469 36 233 431 393 311 186 306 342 328 468 176 123 338 175 246 391 408 482 141 170 111 392 270 319 552 249 217 292 369 429 187 360 257 494 105 258 294 111 384 274 409 227 477 547 21 429 93 140 445 455 358 16 133 180 226 474 291 478 418 430 533 211 363 363 218 65 235 321 131 426 111 204 243 435 398 426 304 198 531 460 138 256 179 116 231 548 279 432 325 248 402 307 387 255 437 221 53 257 275 336 560 445 249 384 417 522 397 407 353 378 201 241 231 239 44 479 476 519 196 378 514 195 566 453 446 407 173 370 441 130 430 538 484 95 362 132 186 369 532 330 451 410 461 435 270 263 484 467 44 314 437 297 337 67 113 396 526 451 391 500 290 129 428 274 113 368 127 170 52 397 448 483 434 362 250 89 434 522 357 62 183 353 267 416 473 371 179 384 320 434 195 515 526 211 228 283 210 267 407 107 265 258 309 291 302 421 350 168 496 401 267 424 211 39 490 260 122 451 165 340 31 275 490 375 161 312 178 103 347 66 84 244 130 428 336 277 227 378 229 445 238 147 487 251 146 142 40 394 163 146 323 189 405 433 389 275 269 379 446 268 407 311 395 425 311 236 408 203 457 129 432 381 159 478 286 198 532 136 376 125 472 465 16 223 373 144 249 223 207 147 166 359 120 185 330 510 453 350 345 217 226 538 482 0 86 214 177 324 113 157 241 116 376 245 504 468 261 393 246 487 474 407 388 136 331 419 405 371 502 135 318 463 528 430 420 293 417 425 262 367 367 279 264 130 180 412 203 190 225 435 375 346 411 166 45 87 279 313 409 438 205 262 101 445 347 154 228 172 103 408 443 357 357 384 565 152 145 478 196 314 287 131 384 304 174 460 128 333 236 233 37 94 384 523 246 254 228 244 30 218 118 83 460 142 58 202 114 96 266 145 485 309 464 212 283 149 159 405 512 269 527 345 383 369 234 161 149 177 398 211 171 292 204 406 489 372 242 275
475 417 243 379 248 496 237 345 362 200 108 317 445 473 423 201 185 515 374 287 442 147 117 145 119 161 272 455 306 263 305 303 471 120 318 236 194 207 49 498 468 378 283 177 446 206 206 247 304 86 292 181 370 261 415 388 94 217 81 424 450 502 104 160 490 433 227 101 303 368 253 411 252 55 262 152 277 319 471 504 70 187 130 310 287 258 479 217 237 353 313 366 111 411 185 434 92 189 234 167 426 189 433 185 416 475 97 465 62 100 467 494 290 86 161 150 146 514 328 503 358 483 490 230 290 414 150 38 152 386 108 375 128 181 182 492 332 356 292 138 534 500 130 315 129 151 157 479 230 472 354 273 442 258 428 311 376 154 35 309 189 398 487 381 168 329 468 452 316 417 323 429 167 154 153 293 44 488 416 440 244 398 429 111 484 514 489 455 90 328 484 162 475 473 424 145 402 97 138 414 473 373 386 331 496 473 187 272 414 504 42 229 367 342 279 40 58 342 454 379 423 445 234 104 371 307 99 301 41 167 82 316 476 518 390 405 299 103 365 438 292 82 242 359 323 354 433 290 115 438 362 481 112 443 451 179 171 200 128 207 329 174 272 171 243 282 241 465 296 170 411 335 224 343 228 63 405 210 145 500 108 272 70 320 436 313 126 238 203 135 415 94 11 157 173 358 273 204 282 417 164 388 263 208 528 295 80 199 71 444 231 178 247 209 452 470 434 190 306 308 371 182 346 226 433 354 245 151 342 132 385 125 473 411 151 419 231 111 479 56 423 153 520 402 71 267 291 61 248 181 248 204 113 407 41 110 260 446 380 279 360 175 140 473 422 86 0 128 260 251 106 242 290 191 310 300 431 417 325 309 168 426 410 456 437 52 250 333 325 287 437 102 337 396 472 369 448 269 455 464 324 298 296 324 195 82 216 442 121 142 172 474 402 295 469 82 75 119 262 357 339 363 215 303 71 374 274 188 252 134 170 443 381 416 290 310 490 186 159 407 115 357 321 48 302 229 160 512 64 298 185 186 116 107 430 458 283 169 144 160 67 280 120 121 496 172 52 200 123 23 198 198 524 335 383 158 344 100 183 463 430 273 470 282 311 411 265 102 117 94 331 126 176 211 229 327 502 440 173 193
540 360 145 440 251 554 284 447 295 102 62 271 485 514 364 196 305 589 327 252 368 47 186 154 71 92 185 509 352 235 240 239 406 245 401 246 218 89 117 546 382 327 315 63 423 272 93 361 345 125 254 275 421 168 353 431 196 201 191 496 413 549 232 75 574 494 130 59 317 416 190 373 365 101 192 178 338 253 560 537 116 250 213 215 331 232 401 252 293 444 287 320 101 486 94 389 166 158 216 270 490 60 471 164 371 399 221 518 165 135 501 552 239 211 269 167 93 570 392 539 321 560 477 286 226 490 138 153 78 482 160 353 209 194 173 574 283 294 295 104 539 558 186 407 167 240 124 413 234 531 405 329 503 256 491 398 332 144 161 393 76 488 407 333 101 304 542 385 224 438 344 503 214 32 106 380 173 504 371 347 328 435 313 57 384 599 550 524 45 330 545 245 540 415 380 247 464 174 130 482 428 442 335 245 547 531 105 307 349 557 169 129 302 416 255 152 141 318 380 311 473 411 171 156 339 369 166 253 88 213 193 223 519 568 380 472 380 193 305 325 249 188 339 381 410 310 427 201 92 518 430 549 71 371 369 179 178 111 79 193 245 284 305 48 206 292 215 530 279 221 297 282 188 247 282 191 290 216 226 571 146 225 198 395 405 274 149 178 272 249 513 199 130 33 264 298 238 155 370 478 153 354 319 310 585 370 93 298 189 517 337 258 181 271 520 524 501 86 372 250 295 74 305 125 491 289 205 23 290 121 315 187 534 461 196 378 222 33 448 80 492 236 588 352 199 346 195 70 273 211 325 303 114 480 95 60 209 393 308 222 392 159 19 415 378 214 128 0 380 194 176 370 371 306 261 389 358 392 421 201 111 380 357 527 510 90 163 215 232 184 382 146 377 339 432 327 492 257 511 522 419 243 239 398 162 153 294 489 75 175 185 531 447 282 551 72 190 216 264 429 279 287 262 376 146 309 213 267 310 147 281 497 337 502 244 242 408 266 227 341 35 426 383 96 208 165 194 586 103 314 147 205 239 194 500 401 351 40 20 36 189 377 191 222 548 252 165 235 200 129 170 293 578 384 283 174 435 121 253 546 331 302 428 245 246 476 329 102 152 73 281 6 227 132 291 240 523 537 150 111
327 655 503 269 321 362 240 127 609 460 335 553 361 380 661 428 75 338 608 519 689 381 314 379 378 368 529 339 262 375 553 551 712 140 174 306 274 465 264 383 720 613 284 435 652 197 465 41 272 269 526 139 287 520 656 317 186 447 189 269 670 389 180 378 294 304 487 361 328 292 504 634 45 280 514 269 216 566 264 423 317 206 190 569 260 489 727 402 221 169 536 599 364 251 399 661 226 433 464 126 292 439 356 332 645 722 163 347 266 268 392 360 531 174 252 281 403 378 230 415 585 305 683 220 539 253 393 228 411 177 246 588 193 288 416 301 569 600 342 331 506 364 231 144 349 165 407 720 443 338 276 229 311 470 297 157 606 396 225 167 448 201 736 615 426 549 300 695 574 384 497 267 360 410 408 150 221 447 644 696 149 336 688 370 742 312 346 299 336 524 342 171 326 708 651 144 279 300 308 273 698 243 622 587 376 345 446 273 657 378 218 489 611 213 506 228 289 560 701 625 322 663 403 247 593 227 230 540 297 238 187 574 379 396 589 270 172 196 607 698 529 193 111 344 164 586 623 548 320 262 239 324 371 689 702 305 398 459 386 438 584 103 277 427 482 325 473 320 514 230 670 574 365 601 224 213 664 426 184 333 338 514 205 198 651 545 275 488 193 232 194 183 255 412 149 601 507 453 143 294 403 610 224 104 388 187 295 117 192 282 80 172 499 207 300 348 290 449 214 553 622 441 576 486 311 600 485 400 580 379 631 225 335 317 242 644 454 369 692 301 275 177 357 635 192 170 550 310 283 386 170 115 299 255 285 338 504 680 628 525 322 323 395 708 650 177 260 380 0 499 223 88 166 77 549 149 678 628 135 568 423 655 645 296 278 311 507 592 582 547 672 258 292 635 692 599 356 355 332 335 139 541 541 201 439 303 170 344 379 359 394 345 319 509 279 341 190 173 330 227 583 614 236 198 240 619 523 170 219 285 105 328 612 228 530 559 741 169 203 651 356 233 233 307 561 481 257 337 281 483 351 398 144 197 281 694 201 419 391 405 194 114 214 166 373 175 215 255 203 272 440 128 391 270 641 383 162 282 191 274 688 286 692 516 559 280 207 301 264 353 570 376 228 469 205 582 448 218 417 452
719 169 88 621 445 737 468 595 111 105 252 78 674 703 174 91 427 763 133 66 191 237 195 123 141 284 61 693 538 428 54 52 221 362 568 438 407 144 275 733 221 134 504 144 234 447 131 493 532 301 66 432 606 75 165 619 344 74 332 671 219 736 321 266 741 675 90 163 510 602 12 179 500 265 26 364 517 68 722 729 184 426 376 97 517 63 228 167 474 604 103 126 140 659 279 195 331 67 70 418 669 187 660 358 177 224 341 702 233 315 691 735 46 330 290 355 111 754 571 730 129 732 290 467 39 662 106 289 117 638 336 166 373 384 91 742 89 105 489 298 733 741 362 566 157 400 94 229 111 713 589 510 684 112 671 561 138 104 283 559 138 649 237 139 94 119 716 201 96 631 203 677 170 171 100 543 282 698 177 201 493 625 238 156 253 765 732 701 223 168 726 409 719 225 186 396 644 204 321 659 234 619 142 97 733 714 90 496 164 742 288 97 116 589 80 290 211 132 203 128 658 218 359 331 148 548 335 60 227 395 333 96 708 754 200 650 548 350 115 235 57 333 493 573 574 116 246 75 282 688 607 727 147 192 203 371 112 89 130 78 90 424 494 166 38 485 59 710 105 401 216 89 381 122 463 287 215 110 391 747 162 34 295 567 212 83 334 16 446 291 666 345 260 174 423 108 55 47 532 659 97 161 500 459 768 542 271 450 321 691 481 425 19 448 697 708 679 119 549 58 122 132 112 98 673 103 34 196 96 121 133 360 715 646 377 185 88 174 255 240 669 400 766 159 309 515 90 229 464 145 495 455 302 654 247 251 17 201 129 29 582 353 177 225 184 324 251 194 499 0 344 457 539 438 67 551 180 202 576 128 88 186 165 703 685 202 61 172 102 106 190 323 565 148 238 134 680 450 694 704 576 50 46 571 61 197 463 676 138 149 120 714 634 114 719 176 326 369 458 604 89 115 445 549 308 123 23 434 490 335 420 681 143 667 51 60 241 433 399 156 227 602 562 204 92 29 379 760 271 173 341 129 360 354 676 211 527 189 205 210 314 532 360 372 734 419 303 422 366 232 62 449 763 569 160 126 595 304 425 713 201 492 234 59 60 655 507 287 333 163 87 200 408 66 469 93 716 691 83 85
375 513 317 278 154 394 132 273 454 272 119 415 339 368 518 304 155 420 472 387 532 164 221 249 204 145 353 352 201 185 397 395 565 117 227 140 95 264 69 394 551 475 178 238 549 104 268 195 198 51 391 100 266 338 509 283 47 319 60 327 552 398 149 157 401 331 301 182 201 264 344 511 199 80 350 62 174 410 385 399 173 83 37 387 181 359 567 322 133 268 415 465 207 316 176 533 13 287 337 100 326 229 327 119 515 564 102 361 162 46 361 392 386 99 240 68 233 411 227 398 459 389 595 126 382 319 249 74 232 307 23 478 34 91 284 401 429 449 195 108 431 399 26 232 235 66 252 572 335 370 249 169 341 363 328 223 475 255 93 218 251 313 574 479 253 432 373 545 395 312 428 333 272 207 243 205 109 384 515 519 153 293 488 190 558 425 388 357 132 434 383 69 375 569 523 79 301 201 86 315 573 275 484 413 393 371 267 167 507 401 96 301 459 246 381 71 163 445 543 470 319 547 187 24 473 205 9 398 117 63 62 394 371 414 495 306 206 29 459 501 390 51 164 255 235 453 538 370 99 346 263 383 197 533 537 98 275 277 214 309 412 120 167 224 341 183 342 366 399 65 472 431 158 420 123 128 465 315 51 403 213 369 128 224 538 413 54 329 102 210 338 51 95 209 89 452 373 297 195 316 265 489 159 137 426 199 82 124 74 348 166 83 337 106 353 367 335 258 205 402 459 247 445 298 331 446 342 192 438 230 475 19 372 307 49 519 334 178 582 105 325 60 422 500 109 173 367 116 145 287 152 129 77 311 97 123 355 543 470 372 254 109 193 569 522 113 106 176 223 344 0 243 198 146 407 214 521 520 246 376 256 525 507 359 341 144 330 391 403 358 533 35 232 492 573 469 343 180 352 362 244 392 390 227 293 187 120 337 206 247 277 372 297 399 378 168 68 50 167 260 433 451 109 206 36 467 366 92 148 65 118 340 480 328 387 400 576 92 56 500 145 258 219 144 379 318 62 417 75 403 133 291 109 27 333 554 183 210 181 192 86 202 16 58 393 77 67 96 24 129 297 118 421 230 457 263 259 61 81 372 505 168 570 381 402 311 163 81 42 181 428 170 70 294 125 409 397 361 272 273
415 603 475 353 371 449 300 214 563 436 337 502 445 465 609 377 96 425 553 467 642 382 263 335 352 380 495 425 335 418 510 508 661 131 258 356 317 448 262 470 678 560 349 418 586 253 445 121 343 279 474 189 368 489 606 397 198 397 192 357 609 476 142 386 381 391 460 339 390 373 464 575 127 278 475 301 289 522 350 507 285 255 219 536 329 437 680 339 284 257 479 545 332 339 410 603 242 391 412 167 379 431 439 361 589 675 153 434 228 283 475 447 484 162 183 310 372 466 311 499 529 393 613 281 496 341 353 221 385 264 266 525 221 325 369 387 518 552 399 346 585 452 260 231 301 202 370 668 387 425 356 299 398 412 384 243 551 354 210 251 429 289 689 562 396 491 388 645 540 460 426 355 303 397 375 233 199 526 587 657 221 416 665 348 707 397 434 387 330 458 430 213 414 654 593 175 365 254 328 360 639 329 568 550 463 432 418 337 608 466 201 464 564 298 451 222 254 501 653 578 407 601 430 266 534 305 248 491 283 278 190 540 464 484 522 357 254 214 558 671 479 200 186 416 251 532 553 514 329 350 324 412 345 641 658 338 349 431 358 389 546 142 340 414 435 383 423 408 457 272 646 524 399 568 284 183 640 371 219 421 296 466 175 281 589 492 297 448 248 171 278 194 241 400 196 553 457 414 225 380 360 551 293 165 476 267 299 174 187 370 152 221 460 263 388 435 378 427 293 507 578 422 521 461 398 553 438 393 529 342 585 252 423 400 276 585 400 353 627 293 363 216 445 580 172 245 519 301 339 330 241 175 313 343 277 340 459 625 583 480 397 352 382 653 592 157 242 370 88 457 243 0 247 118 500 234 632 565 223 542 390 597 591 384 366 289 475 571 548 519 618 275 367 584 631 543 440 404 419 422 227 494 496 284 397 262 232 428 352 310 343 432 401 450 366 318 189 196 381 312 535 571 290 278 248 571 480 222 286 309 141 414 556 315 481 517 696 221 243 602 353 318 313 284 528 443 292 425 282 416 376 344 138 217 369 639 277 411 385 401 184 198 240 188 460 221 211 303 231 248 396 185 479 347 608 334 250 295 240 361 654 348 631 465 515 367 278 311 285 328 520 368 272 437 267 545 529 302 375 423
190 706 514 108 204 217 116 107 649 470 312 606 198 219 712 489 170 225 664 577 728 352 388 434 400 320 550 184 104 265 592 590 760 209 29 193 181 460 265 230 749 667 140 434 732 102 464 127 116 247 582 110 121 536 704 150 196 506 211 135 739 235 267 337 203 153 498 379 184 126 540 700 122 277 546 204 64 606 189 260 360 124 163 585 109 548 764 489 97 76 601 656 400 121 349 723 209 479 524 130 144 421 191 255 706 761 220 193 329 236 227 215 579 228 363 218 429 234 64 253 648 194 772 101 577 124 439 252 429 120 211 662 166 206 471 204 622 644 207 285 340 220 186 48 413 139 445 767 515 192 109 81 162 544 147 31 665 444 263 22 447 119 771 671 450 618 179 740 592 218 594 139 441 403 439 21 270 281 706 717 46 170 680 387 755 228 206 167 329 609 201 130 189 762 713 149 124 370 256 128 763 90 676 611 224 196 464 132 703 229 260 498 655 56 569 250 341 630 740 666 161 734 320 216 660 63 207 591 312 165 211 592 219 246 673 122 9 188 654 695 582 208 65 184 41 644 713 568 285 149 81 193 393 729 734 226 459 474 410 496 610 138 137 419 533 191 530 180 584 155 666 624 274 617 107 277 658 495 148 211 395 562 271 35 724 603 227 524 101 336 152 196 280 404 117 647 563 492 24 140 453 677 82 97 247 21 279 99 225 155 97 115 533 106 164 196 148 456 49 597 656 444 635 495 157 642 534 385 631 421 671 185 191 153 179 709 519 375 767 303 136 139 232 692 250 26 564 314 158 461 47 95 261 118 293 315 549 736 666 567 158 251 390 762 712 241 290 371 166 539 198 247 0 145 599 28 717 704 70 572 452 716 700 167 148 337 528 584 600 555 726 226 129 686 761 659 194 235 180 186 65 586 585 39 485 363 78 183 403 425 458 196 154 581 181 364 219 171 207 72 628 648 128 32 232 662 562 105 84 233 142 172 671 131 580 596 773 106 145 695 339 75 67 335 577 514 187 223 272 573 280 469 207 185 143 747 43 403 374 383 235 55 182 169 222 121 239 158 174 311 488 96 246 104 654 445 69 251 119 175 702 148 759 571 598 130 62 271 221 377 621 366 150 491 89 606 282 172 463 471
330 599 434 253 255 360 182 159 549 390 259 497 340 363 605 374 26 354 553 464 629 305 263 322 310 291 462 329 220 306 492 490 655 78 164 240 203 392 189 374 657 558 231 363 607 135 393 56 228 192 470 72 261 452 599 288 111 392 115 272 621 380 131 302 319 297 418 292 272 264 442 583 62 205 451 195 175 506 295 403 254 139 114 501 212 434 666 359 166 182 484 545 300 256 322 609 149 373 409 52 287 365 332 257 593 662 97 338 209 191 369 358 473 108 222 206 336 377 205 397 533 321 644 163 478 259 333 157 343 206 169 540 116 215 359 324 513 541 281 254 472 363 156 147 294 91 344 663 394 335 247 183 306 422 291 151 553 336 157 156 376 223 675 561 359 499 311 637 507 347 461 274 314 336 343 136 156 415 592 630 109 306 617 301 675 341 347 304 262 481 343 99 329 654 599 67 268 247 232 270 648 233 567 522 369 340 378 219 599 374 151 420 552 200 453 156 228 511 641 565 305 615 328 171 543 194 154 483 226 166 113 507 363 390 546 265 153 120 549 627 472 118 80 300 162 532 584 481 243 276 226 331 303 629 640 231 343 390 319 382 519 27 222 354 424 265 418 321 464 159 599 517 292 534 166 154 593 375 109 345 280 455 146 180 604 491 199 426 131 196 231 108 185 339 80 543 452 391 125 284 344 560 176 50 389 161 219 57 121 290 52 104 436 145 303 340 289 379 185 494 560 370 522 417 302 540 427 326 523 317 571 149 334 297 168 593 401 298 646 227 275 103 367 581 129 136 482 237 222 337 127 58 222 257 212 262 445 626 567 465 283 248 322 654 598 116 191 306 77 438 146 118 145 0 492 140 618 582 149 498 358 602 590 303 284 243 441 520 516 477 617 181 253 579 643 546 337 288 324 330 150 482 482 184 379 246 114 327 312 306 340 340 295 460 301 273 117 96 265 216 524 552 173 173 164 560 461 105 169 209 29 317 558 246 473 498 679 103 130 593 281 220 204 239 493 417 183 353 205 443 275 347 79 120 282 639 166 345 316 330 125 108 138 89 367 105 143 188 127 207 381 67 389 236 574 328 173 205 124 295 621 230 642 460 498 273 163 224 187 285 513 302 158 402 149 517 420 256 357 384
782 108 144 684 511 801 533 650 66 170 319 12 739 768 113 122 479 824 67 36 143 304 237 170 205 351 104 758 603 495 41 40 164 414 628 505 472 207 338 798 184 68 570 210 170 510 194 546 597 365 29 491 670 125 107 684 403 103 390 732 152 801 369 332 800 738 151 227 576 667 73 113 553 328 76 430 580 41 780 795 241 490 437 121 582 64 181 179 538 662 56 60 200 720 345 129 394 121 88 476 732 252 726 424 111 175 395 767 283 379 757 799 21 384 323 421 176 817 633 795 63 793 227 531 45 723 160 348 184 694 400 106 435 450 133 802 23 53 555 364 800 805 426 625 200 460 155 171 120 777 654 574 748 105 734 620 71 156 339 619 203 707 190 73 161 67 777 146 114 697 177 738 199 237 164 603 336 764 111 176 553 690 247 221 232 823 795 763 289 131 790 470 782 163 119 454 707 249 387 721 168 681 77 99 797 777 157 561 108 806 344 157 65 651 58 349 264 76 154 80 723 151 425 395 84 611 398 9 290 459 391 115 773 819 145 712 608 411 59 238 21 392 551 639 633 49 189 107 349 748 669 789 211 142 163 438 151 155 195 111 90 480 559 232 67 551 76 772 73 466 226 25 448 130 527 338 227 131 453 809 211 38 346 629 146 26 399 83 508 329 722 404 319 240 483 54 43 110 591 722 148 96 564 516 832 603 336 508 378 753 537 486 82 512 759 772 741 185 612 24 89 198 47 159 737 57 65 263 32 178 87 423 778 711 442 118 102 240 189 303 731 461 828 93 362 576 126 293 529 172 556 513 367 716 310 317 53 137 87 40 648 419 244 163 118 376 310 261 549 67 407 500 599 492 0 610 133 138 634 162 153 120 100 764 746 263 116 205 116 146 127 387 630 87 172 67 745 517 758 768 633 20 27 632 115 246 524 740 202 190 157 778 699 85 779 238 383 429 524 665 37 84 510 611 370 72 51 496 554 401 476 745 76 726 19 48 197 495 462 103 294 664 625 264 120 96 444 822 335 152 407 157 413 414 738 148 589 255 272 276 370 589 422 431 798 480 361 487 428 289 112 507 827 634 158 167 653 369 488 773 187 557 167 36 40 718 570 353 398 226 22 267 472 131 532 97 783 747 137 151
189 718 530 120 231 220 143 79 662 486 330 617 212 232 723 498 164 218 674 586 741 372 394 443 414 342 565 192 130 292 605 603 772 211 25 220 206 477 279 237 763 678 167 451 738 124 481 112 143 264 591 119 139 551 716 169 207 515 221 132 748 243 268 358 190 159 514 392 211 146 552 709 107 292 560 226 92 618 172 274 370 145 178 600 136 557 777 493 123 55 610 666 411 116 371 733 224 490 533 136 148 440 208 279 716 774 224 201 335 254 243 218 590 233 362 239 442 237 84 266 657 185 777 127 590 119 450 263 444 96 229 669 181 229 481 192 632 656 234 306 360 223 204 21 420 151 457 779 522 195 130 108 167 551 152 11 675 454 271 18 464 99 785 682 463 626 173 752 608 240 597 134 446 421 451 9 277 300 715 732 61 190 699 401 772 214 207 164 346 614 203 144 189 773 723 157 131 376 277 130 772 96 687 626 231 201 479 160 715 235 268 514 667 64 577 261 349 638 753 679 173 742 345 233 669 88 223 601 325 186 220 607 231 252 679 125 27 201 665 713 592 218 62 209 23 654 718 583 305 139 90 191 406 742 748 250 467 490 423 505 624 139 165 437 543 218 540 181 591 177 685 635 300 633 132 282 677 502 163 206 403 573 276 49 732 613 247 537 123 335 128 206 291 422 128 659 573 504 19 147 463 686 109 98 249 47 296 103 233 150 89 131 546 130 163 203 149 472 73 609 669 461 645 511 165 654 545 404 642 432 684 202 194 167 200 718 527 391 775 318 135 154 228 702 255 50 580 329 185 467 69 98 281 116 307 333 560 747 679 579 182 274 407 773 721 245 300 389 149 551 214 234 28 140 610 0 730 711 42 589 465 725 710 163 144 349 542 603 616 571 737 244 153 697 769 668 207 262 186 191 38 598 597 52 496 370 97 195 416 432 466 201 170 588 168 377 228 182 234 78 640 661 153 55 247 674 574 122 111 254 143 181 681 116 591 609 788 122 163 707 357 84 89 347 592 527 209 216 288 578 304 476 209 199 142 758 71 422 393 402 242 36 198 179 228 137 249 183 190 321 499 103 250 127 671 453 46 269 138 163 719 175 768 581 610 135 89 290 241 390 632 383 171 505 113 621 300 150 474 485
895 57 215 795 606 910 640 775 70 256 419 132 842 871 53 255 607 940 97 167 11 394 368 299 317 440 172 866 709 580 126 128 54 542 746 602 575 282 453 904 59 87 672 297 184 623 272 674 703 475 160 611 778 191 41 789 524 235 512 848 135 907 499 420 920 849 229 339 672 773 178 122 680 441 171 534 692 113 902 894 365 602 554 151 688 196 49 309 648 784 168 104 320 836 426 105 509 245 220 598 844 329 829 518 98 44 521 875 412 488 858 908 148 510 456 524 288 927 746 896 128 910 235 641 141 840 286 469 289 818 510 167 551 551 263 921 116 80 648 461 886 915 537 746 331 579 275 60 252 887 762 684 859 233 846 740 106 283 463 737 286 828 58 90 268 165 893 33 140 793 281 854 332 329 279 722 462 857 101 77 672 793 195 331 126 944 906 877 394 231 901 587 895 77 105 576 819 379 487 835 120 795 82 116 905 887 255 665 33 914 468 232 68 766 187 470 390 164 23 53 830 143 503 506 139 723 512 141 405 568 513 141 877 925 205 826 726 529 75 175 153 513 673 737 753 113 231 159 449 866 783 903 324 13 36 536 282 247 307 243 113 604 662 318 197 647 209 885 192 575 180 110 535 128 637 466 187 264 569 924 340 165 474 745 150 145 505 194 622 462 846 525 440 330 602 79 176 228 711 833 275 131 674 639 942 719 444 630 501 868 662 603 185 623 874 881 855 272 725 125 63 285 125 235 847 79 194 352 105 301 47 536 889 818 551 114 235 345 170 415 845 578 942 84 489 693 170 404 631 305 673 635 471 832 425 417 174 76 51 154 749 515 339 79 104 504 431 358 678 180 521 632 717 618 133 730 0 164 756 185 265 98 74 879 862 381 194 212 134 188 68 497 735 61 138 113 849 607 867 878 756 138 137 748 239 375 640 846 315 322 289 888 804 203 898 354 506 549 618 780 96 70 618 726 485 61 157 612 664 504 600 854 103 846 150 121 65 611 576 33 392 778 737 384 157 203 551 938 447 265 497 290 540 532 853 71 703 340 363 362 495 712 537 552 906 597 483 592 544 413 238 628 935 741 117 298 774 476 602 892 106 659 130 168 120 830 682 458 506 341 114 364 582 228 644 120 877 871 262 249
891 107 282 796 639 913 651 741 150 306 446 126 859 887 111 216 565 928 87 140 167 437 319 272 329 484 241 872 720 627 173 174 146 505 731 630 595 345 453 914 220 95 691 346 32 623 332 633 717 484 138 594 786 262 124 803 508 201 493 839 49 918 452 465 899 849 289 350 702 784 210 42 640 446 214 552 693 166 876 916 347 603 547 248 700 163 193 227 653 760 107 88 315 825 480 64 507 238 184 576 843 389 846 554 67 184 488 881 376 499 879 911 157 479 381 544 301 930 745 916 75 896 89 646 182 828 272 454 314 788 517 42 544 575 236 903 119 137 683 493 929 917 542 724 291 567 274 150 189 889 769 689 859 161 845 722 77 266 441 722 339 804 202 88 291 89 883 147 239 822 151 843 269 371 288 705 434 891 63 239 658 811 347 345 290 922 906 870 415 108 900 578 891 122 60 555 819 336 513 830 84 790 93 218 913 890 291 682 133 921 444 295 140 758 140 456 363 76 170 147 839 39 560 512 54 724 512 143 406 577 493 240 891 934 51 822 713 520 128 331 145 497 650 764 734 92 66 240 475 851 778 897 334 161 199 564 246 291 319 212 209 575 680 367 186 678 180 882 121 583 329 125 580 246 643 430 333 209 562 915 310 168 437 736 26 119 521 217 620 397 813 508 427 374 588 132 154 237 693 834 256 44 679 614 945 711 458 608 479 859 631 595 218 625 867 886 850 321 723 157 175 333 91 297 850 148 187 396 119 291 151 538 890 827 560 51 186 367 64 423 839 569 935 83 456 683 258 413 652 245 664 613 492 822 426 445 185 98 160 178 770 548 376 120 61 468 417 392 628 202 520 565 704 582 138 711 164 0 729 291 281 68 91 871 852 377 254 331 238 279 101 506 750 110 69 76 863 647 871 880 730 158 165 740 233 341 633 857 326 279 246 891 817 123 879 357 485 534 652 773 140 177 627 720 484 139 189 604 668 525 571 860 75 825 151 178 214 603 575 137 423 773 738 377 250 230 565 926 454 151 539 236 505 524 846 113 700 391 405 411 469 686 535 535 912 589 466 607 540 394 227 609 941 750 258 260 751 490 599 873 265 680 72 147 170 828 682 477 518 345 124 398 589 267 645 218 908 838 251 286
191 741 561 142 273 226 185 37 688 516 364 640 235 251 747 518 170 207 697 608 767 407 411 465 441 379 594 206 170 334 631 629 796 225 54 262 246 510 308 250 792 701 209 483 755 163 513 107 183 297 614 147 169 581 740 198 233 536 245 134 768 255 280 395 170 170 545 421 253 176 578 729 100 323 587 264 134 644 147 294 393 183 209 630 177 578 804 508 165 34 630 688 437 116 409 754 256 514 554 158 158 475 232 319 737 800 242 214 354 289 266 224 614 251 369 277 469 242 118 284 678 174 793 168 615 118 473 288 472 61 263 688 212 269 502 175 656 681 276 343 388 229 239 21 440 181 482 804 541 203 162 150 176 569 163 41 697 477 294 54 496 75 812 704 491 645 167 777 637 272 609 132 462 453 478 50 298 328 737 762 97 219 733 430 803 192 211 164 377 630 207 176 191 796 744 181 147 394 315 138 793 113 710 654 241 210 508 202 739 244 290 545 692 88 598 286 371 657 779 704 194 762 386 267 689 126 255 625 353 225 244 637 248 262 695 137 67 230 690 747 615 244 84 246 38 676 733 612 340 129 112 189 434 768 776 290 488 519 451 526 652 155 207 469 566 260 562 184 611 215 718 659 341 663 174 300 711 521 195 200 424 596 293 82 751 635 284 563 161 344 92 232 317 454 157 683 595 529 56 161 486 706 152 118 252 87 328 127 256 147 98 165 572 170 164 214 155 503 112 634 696 492 667 542 178 679 568 437 665 456 710 237 200 190 237 739 547 421 793 348 140 186 223 724 274 92 610 359 227 485 109 122 316 120 336 368 585 769 705 604 217 314 439 796 743 261 325 421 135 576 246 223 70 149 634 42 756 729 0 621 492 747 733 161 143 376 571 636 645 602 760 278 190 721 789 690 228 305 198 200 5 622 621 84 520 390 134 214 443 452 486 210 197 607 152 404 251 209 276 98 664 688 194 94 277 699 600 156 153 291 159 196 703 98 614 635 815 157 199 733 390 107 125 373 622 554 247 206 319 592 343 494 225 228 145 782 112 455 426 437 264 45 231 205 238 171 274 224 222 344 522 130 255 163 701 473 26 304 175 146 749 217 788 604 636 147 131 324 276 417 655 416 210 534 154 650 325 115 497 514
738 212 67 637 435 749 481 646 146 108 261 174 675 703 214 213 493 789 205 184 195 226 296 224 191 269 67 704 548 402 121 122 240 429 602 433 412 113 314 739 191 199 506 138 321 472 108 554 539 326 179 474 616 58 199 623 392 199 384 696 289 741 400 249 775 691 82 207 501 610 116 256 559 299 102 375 537 126 761 723 257 451 413 43 526 190 219 291 492 644 216 203 211 686 250 258 366 173 198 467 688 156 660 347 241 220 406 712 315 336 687 747 151 395 395 363 170 765 591 726 219 760 379 485 118 690 201 342 158 682 361 266 409 387 204 775 174 156 474 296 706 754 387 608 258 440 178 246 238 727 600 527 701 239 689 598 214 202 343 593 125 689 223 206 147 229 742 218 52 619 329 703 285 169 169 581 349 680 243 152 529 625 123 198 183 799 747 723 244 289 742 445 738 258 252 444 662 297 324 681 289 642 204 76 741 726 125 501 192 751 351 79 157 616 203 342 289 238 205 157 667 292 323 357 240 567 367 161 273 412 386 51 710 760 306 671 580 391 166 129 168 382 538 565 611 199 349 56 289 718 629 747 199 199 184 369 224 111 184 200 83 479 497 154 166 475 187 728 226 421 103 167 358 58 480 361 98 235 427 770 254 152 369 596 291 188 348 124 472 388 713 394 314 168 464 161 177 147 571 675 201 247 518 508 780 571 294 496 378 717 534 459 112 471 719 719 700 120 572 139 130 129 203 82 687 146 162 188 173 205 157 388 730 654 396 255 215 201 328 274 692 436 786 220 377 547 38 263 465 264 526 501 313 680 288 258 142 246 147 132 581 346 183 259 250 393 309 201 568 128 376 542 572 498 162 589 185 291 621 0 154 248 219 726 710 257 76 44 55 25 234 347 570 195 302 215 683 431 706 717 619 144 136 599 170 284 494 682 190 255 235 727 640 237 752 227 381 414 446 629 151 125 460 576 344 161 122 468 509 345 475 692 218 703 159 115 221 467 428 183 234 625 581 262 42 120 392 785 302 300 325 248 425 393 699 247 551 172 200 193 375 577 391 419 742 453 355 432 400 297 176 492 772 580 85 235 635 322 454 746 132 493 295 178 123 674 529 302 352 216 169 206 427 108 491 74 701 737 185 120
631 257 88 533 359 649 380 512 197 60 166 163 586 615 262 93 349 676 220 141 276 157 143 75 53 203 106 605 450 346 140 139 308 284 481 352 319 96 188 645 300 221 416 79 312 359 85 414 444 213 143 346 517 99 253 531 259 93 248 583 304 648 249 186 654 587 75 75 423 514 88 264 419 177 95 276 429 154 637 641 106 338 289 146 429 120 312 165 386 519 175 213 59 572 203 282 244 49 106 334 581 123 573 273 264 309 261 614 162 226 604 647 132 251 241 268 23 666 483 642 211 645 365 379 125 575 50 204 33 553 248 242 286 297 73 656 176 193 403 212 649 653 274 481 106 314 27 316 131 625 501 422 596 149 583 475 224 54 201 472 80 564 320 226 14 193 629 288 151 544 241 589 141 95 16 457 203 612 264 273 407 537 277 68 319 679 644 613 136 222 638 322 631 313 272 311 556 143 234 571 321 531 230 164 645 626 35 408 251 654 207 80 203 502 144 206 136 206 288 214 570 301 282 243 229 460 247 145 140 307 249 151 620 666 269 562 461 264 203 282 139 248 408 486 488 202 316 125 196 601 519 639 59 277 284 285 86 47 42 86 162 342 406 97 95 399 104 622 167 313 257 177 300 179 375 211 253 116 304 660 99 116 219 480 294 164 246 73 358 234 582 260 175 99 337 196 127 44 446 571 58 244 412 375 680 455 183 365 238 604 399 338 81 360 610 620 591 64 461 146 204 70 196 78 585 190 94 119 184 51 219 272 627 558 289 270 115 87 338 151 581 313 678 246 231 428 129 141 376 127 408 370 214 567 160 165 101 289 214 117 495 268 97 314 271 246 168 111 423 88 256 390 452 358 153 465 265 281 492 154 0 273 253 615 597 116 85 189 159 130 278 235 477 236 324 219 592 367 606 616 491 138 135 484 52 129 376 588 50 106 97 626 546 172 633 89 243 284 372 516 177 196 357 462 221 210 110 347 402 248 338 593 229 581 135 144 323 346 312 244 142 514 474 120 138 62 291 673 183 210 258 115 280 267 589 299 439 118 126 135 233 447 272 287 645 332 218 334 279 151 60 363 675 481 219 91 509 216 338 627 266 404 320 134 146 567 419 200 245 76 174 117 320 47 381 160 630 607 47 37
900 42 253 803 631 919 652 762 101 285 438 111 859 888 45 229 587 941 53 139 99 422 341 282 325 470 209 877 722 613 143 144 80 524 744 624 592 320 456 917 152 53 689 327 86 628 308 656 717 484 134 607 789 231 59 804 519 211 505 849 42 920 475 450 915 856 263 347 696 786 190 29 662 447 190 549 699 132 894 914 356 608 555 206 701 169 125 260 657 776 119 60 318 837 462 10 512 238 193 590 850 366 846 544 9 116 506 886 393 499 877 917 141 496 415 541 295 936 752 915 69 909 140 649 156 840 276 464 303 807 519 84 552 570 245 917 97 94 675 484 919 923 545 739 308 577 273 85 212 895 773 693 866 186 853 736 50 271 454 735 318 821 134 47 280 106 894 79 196 817 205 855 295 355 284 718 449 884 11 174 670 810 287 340 223 938 913 880 409 157 908 587 900 60 8 569 826 356 507 839 48 798 46 172 916 896 275 681 68 925 457 268 91 768 149 466 376 98 102 92 842 47 541 514 65 730 516 128 408 579 506 197 892 938 114 830 725 528 82 269 135 508 665 759 748 72 134 203 468 864 787 906 331 94 132 557 259 272 314 221 165 592 679 349 183 671 185 890 141 585 270 98 567 196 646 448 275 229 570 926 323 157 456 746 52 113 519 202 626 427 833 519 436 358 599 89 153 230 707 840 262 49 683 630 951 720 456 623 492 870 649 603 199 630 877 891 859 301 730 131 121 314 80 271 855 103 182 381 90 295 95 542 897 830 561 18 201 360 80 423 848 578 945 29 474 693 220 413 649 269 673 628 487 833 429 437 172 32 104 158 768 539 363 59 7 487 426 380 655 186 525 597 716 602 120 725 98 68 747 248 273 0 30 881 863 381 226 284 193 241 33 507 750 53 55 57 864 636 877 886 747 137 141 750 232 357 642 860 322 297 262 897 818 148 894 357 498 545 644 783 104 125 629 729 489 87 167 613 673 521 588 864 45 841 138 144 146 612 580 74 413 782 744 382 209 215 564 938 455 197 526 256 524 532 856 48 707 372 390 393 484 703 540 547 917 597 477 606 546 404 228 622 946 753 201 274 767 488 606 888 201 677 49 144 138 836 688 473 518 345 99 386 591 249 650 174 902 858 253 270
882 17 227 784 609 901 633 749 72 261 417 93 839 867 23 217 576 924 37 126 78 398 331 268 305 446 182 858 702 589 118 119 72 512 728 602 571 294 438 898 131 32 669 303 114 610 282 644 697 465 120 591 770 204 33 784 504 198 490 833 72 901 464 426 900 838 237 327 674 766 168 49 650 429 166 529 681 106 880 893 340 590 538 177 682 156 109 257 638 762 113 46 300 820 437 40 494 221 181 576 833 341 825 521 26 101 493 867 381 479 856 899 121 483 410 520 275 918 734 894 65 893 169 631 131 823 260 448 282 793 500 95 535 549 231 902 78 66 652 461 895 905 526 725 296 561 255 79 204 877 754 674 848 180 835 720 41 256 439 719 293 806 119 29 259 104 878 63 167 795 214 838 288 332 264 703 435 861 29 148 654 790 258 320 199 923 895 863 388 164 890 570 882 64 36 554 808 345 485 822 73 781 23 143 897 878 252 661 41 906 443 242 62 751 140 450 363 99 83 63 823 76 516 495 69 711 498 109 390 559 490 168 872 918 132 813 708 511 55 241 118 492 651 737 733 59 158 175 447 848 769 889 311 73 110 535 247 248 294 207 136 579 658 324 167 649 172 873 136 566 241 76 543 167 627 436 246 220 553 909 309 138 444 729 80 99 499 180 609 420 820 504 419 334 583 61 138 210 691 822 247 59 664 616 932 704 436 608 477 853 636 586 176 612 860 873 842 276 712 107 92 290 69 245 837 74 165 357 69 278 65 523 879 811 542 42 191 338 110 403 831 561 928 12 461 677 192 393 628 261 657 613 466 816 410 415 152 37 74 136 747 516 339 64 34 474 410 357 645 165 507 591 700 590 100 710 74 91 733 219 253 30 0 865 846 363 201 254 164 212 27 487 730 23 83 49 844 613 858 868 733 115 119 733 215 344 625 840 302 285 251 878 799 145 879 339 483 529 621 766 78 95 609 712 471 57 144 596 654 500 575 845 36 826 120 118 130 595 563 46 391 764 726 365 181 193 544 922 435 201 503 247 511 515 839 49 690 347 367 369 469 688 523 531 898 580 461 586 529 389 211 607 927 734 171 262 753 468 588 873 174 656 77 130 113 818 670 452 498 326 79 363 572 225 632 144 880 845 237 246
34 871 672 94 313 72 246 174 812 628 465 772 132 130 876 656 326 63 829 742 890 501 555 600 562 463 710 78 186 369 755 754 923 374 141 309 317 613 427 107 908 832 234 590 898 256 619 267 198 405 747 276 127 695 868 139 363 672 378 32 906 113 431 482 73 54 656 541 262 136 703 866 260 438 709 351 189 769 92 169 526 278 327 742 206 714 925 655 235 127 768 821 564 47 489 889 371 644 690 296 48 572 140 389 872 922 386 81 496 393 157 71 744 394 525 364 592 86 135 156 814 39 939 241 740 44 605 418 590 129 369 829 330 343 637 66 787 808 292 432 284 73 343 157 580 305 610 931 682 56 137 200 49 710 49 152 831 610 429 150 603 102 932 837 612 784 17 903 751 205 759 29 607 559 602 168 437 228 871 874 213 154 828 549 909 95 54 8 487 776 51 294 33 927 879 316 70 536 403 46 929 85 841 770 96 65 625 235 866 93 427 656 818 113 735 416 508 796 902 829 98 900 442 374 826 159 368 755 475 314 377 750 123 111 840 57 158 353 818 845 747 374 225 217 141 809 880 727 437 40 97 28 556 892 894 362 625 634 573 662 770 302 240 573 698 282 696 31 750 306 816 789 395 774 246 444 807 662 312 45 561 726 437 135 891 769 379 688 257 498 135 363 446 559 283 811 728 656 180 64 619 843 209 261 93 161 436 264 392 13 251 278 695 257 14 76 31 613 155 761 817 601 801 652 65 805 699 538 796 587 834 344 50 106 331 875 685 535 934 464 35 303 65 857 417 188 722 475 272 628 208 260 414 48 455 468 713 901 828 731 185 387 546 927 878 407 456 527 296 703 359 384 167 303 764 163 879 871 161 726 615 881 865 0 19 501 687 733 759 711 891 383 177 850 927 825 118 335 67 60 158 751 749 132 650 529 240 106 565 592 625 65 124 748 56 527 386 337 309 99 792 810 267 153 395 825 725 268 218 382 305 78 837 75 745 759 934 270 304 859 493 102 146 500 735 677 334 59 433 740 414 636 372 350 27 912 176 555 527 534 402 195 343 336 91 284 405 296 336 477 654 262 99 156 810 611 134 406 277 55 858 247 925 737 761 57 198 425 376 540 786 521 300 652 236 766 215 129 628 631
49 853 655 82 300 87 231 158 795 611 449 753 133 135 858 637 307 79 811 724 873 485 536 582 545 447 693 83 172 357 738 736 905 355 122 295 302 597 409 118 891 814 221 573 880 239 603 248 185 387 729 258 117 677 850 133 344 654 359 14 887 124 412 466 79 52 639 523 251 126 685 848 242 421 691 335 173 751 91 176 507 260 309 725 192 695 907 636 218 109 749 803 546 28 474 871 353 626 671 278 42 555 140 374 854 905 367 88 477 375 160 85 725 375 506 347 574 101 119 164 795 51 920 225 722 25 587 400 573 115 352 810 312 328 619 74 769 790 281 416 289 88 325 138 561 286 592 913 663 66 126 184 51 692 45 134 813 592 411 131 586 87 915 818 594 766 32 885 734 202 741 11 588 542 584 150 418 232 853 857 194 150 812 531 893 103 69 21 470 757 66 276 49 909 861 297 60 518 387 33 910 69 823 753 107 75 607 221 848 106 408 639 800 95 716 398 489 778 884 811 96 882 428 356 808 143 350 737 457 298 359 733 130 125 821 44 139 335 800 829 729 356 206 209 122 791 861 709 420 31 81 47 538 874 877 347 607 617 555 644 753 283 226 556 680 270 678 44 732 289 800 771 381 757 230 425 791 643 293 63 543 708 419 117 872 750 362 670 240 479 124 344 427 542 264 793 710 638 161 58 601 825 193 242 110 143 419 246 373 7 233 260 678 240 23 84 26 596 138 743 800 584 783 635 64 787 681 522 778 568 816 326 62 102 314 856 667 518 915 446 21 285 84 839 398 170 705 457 258 609 190 241 397 30 437 452 695 883 811 713 177 372 529 909 860 388 437 510 278 685 341 366 148 284 746 144 862 852 143 710 597 863 846 19 0 483 670 717 742 694 873 366 166 832 909 806 121 323 73 68 140 733 731 114 632 511 222 107 547 573 606 75 119 729 58 509 367 319 296 81 774 792 251 135 377 808 707 250 201 365 287 80 818 62 727 741 916 252 286 841 476 85 130 482 718 659 318 76 415 721 399 617 353 332 16 894 159 538 510 517 383 176 325 317 103 266 387 280 318 459 635 243 115 144 793 593 116 389 260 55 841 234 907 719 743 47 181 408 359 522 768 504 283 635 219 749 220 121 610 614
519 370 192 422 270 539 274 396 313 149 95 270 482 510 375 162 236 562 328 242 392 121 107 107 67 149 220 497 344 274 256 254 423 172 366 260 221 159 76 538 416 331 316 129 406 248 156 299 340 109 247 230 410 209 367 426 143 175 131 470 407 541 148 142 539 476 176 50 330 407 203 367 304 70 211 177 319 269 521 540 37 228 175 258 324 215 428 194 277 402 271 320 63 457 167 389 131 143 193 218 470 147 469 194 371 425 148 506 76 124 502 537 242 138 180 172 94 556 371 539 314 530 454 270 240 460 105 88 100 437 140 335 172 203 141 541 285 307 315 138 561 543 165 365 102 198 108 430 195 515 393 313 485 222 472 359 330 111 86 357 140 447 436 335 116 288 515 403 265 448 296 475 147 110 102 342 92 518 371 388 291 434 378 59 432 563 532 500 65 295 527 207 519 425 379 195 445 91 148 459 428 418 340 280 537 516 135 306 366 545 93 178 318 388 237 89 53 301 404 330 463 403 230 136 329 349 136 254 29 201 133 264 515 558 354 450 346 149 317 387 246 132 292 390 372 308 398 239 115 486 406 526 60 393 400 196 134 148 76 165 277 226 305 126 197 307 197 510 256 206 360 287 230 291 267 106 354 175 190 546 78 225 114 366 394 268 148 188 246 160 466 144 59 114 221 310 228 155 330 460 121 345 303 258 570 341 87 249 123 490 283 223 197 250 497 511 479 139 349 260 321 132 301 175 475 305 198 112 294 86 335 162 516 451 184 375 192 65 438 50 468 198 565 356 121 314 239 45 277 154 294 254 124 453 50 96 212 400 330 230 394 186 96 426 377 136 52 90 311 202 144 289 337 243 263 349 381 377 376 257 116 381 363 501 483 0 198 283 273 235 390 130 373 349 428 324 486 286 497 506 375 249 248 370 148 69 262 481 69 113 138 516 440 256 517 30 127 167 284 403 291 313 251 349 108 325 225 233 293 153 222 484 336 465 244 260 439 232 200 358 90 401 363 6 250 178 189 559 79 269 188 154 167 152 476 411 327 128 108 125 118 331 160 171 537 217 102 231 166 42 153 247 566 374 331 123 393 118 225 511 379 304 426 237 261 455 308 109 143 42 284 90 212 160 270 275 534 490 128 141
702 200 29 602 413 717 447 593 133 62 225 128 648 677 204 137 433 749 176 125 205 201 222 149 131 247 23 672 515 390 84 83 243 368 557 408 381 94 264 710 221 173 478 104 285 431 82 497 509 283 123 425 584 17 192 594 339 125 329 656 264 712 334 228 731 656 37 151 479 579 49 226 502 251 40 340 499 95 715 700 191 410 365 61 494 124 238 217 455 597 161 171 144 645 236 236 319 98 126 414 651 140 634 324 218 236 345 681 247 295 664 715 98 334 321 330 105 733 553 702 179 719 343 448 72 649 127 285 99 633 318 221 362 357 129 732 135 135 455 267 696 721 345 559 184 391 106 251 165 694 568 491 666 170 653 552 183 127 284 548 93 642 245 180 82 177 702 222 67 600 263 663 209 134 101 534 287 664 219 190 483 598 196 142 235 755 713 685 201 229 708 398 702 254 228 391 626 225 293 643 273 603 180 83 710 693 63 471 188 720 290 42 142 575 141 286 221 189 217 149 636 264 315 314 200 530 321 111 218 375 330 67 683 731 258 633 536 341 146 199 113 328 488 543 565 163 303 41 255 676 590 710 138 207 207 342 149 54 122 125 83 423 468 125 96 453 117 692 166 382 175 131 343 94 444 296 172 160 380 732 182 92 304 554 260 138 311 52 430 316 662 340 257 136 415 139 115 71 524 640 125 211 481 455 748 528 251 445 320 677 480 413 42 431 681 687 662 78 533 98 132 91 162 44 653 128 93 159 138 134 152 344 696 624 357 229 143 152 301 225 653 389 749 198 315 503 44 214 437 188 482 450 277 640 236 223 77 234 145 77 555 321 145 255 226 331 250 163 507 61 330 475 528 441 116 542 194 254 571 76 85 226 201 687 670 198 0 117 75 51 223 305 540 180 281 180 655 415 674 684 570 96 89 557 94 213 450 652 129 180 159 694 610 175 708 168 324 362 425 589 122 124 424 535 296 148 66 423 471 310 420 660 187 658 105 82 246 422 384 179 198 586 544 202 53 45 357 746 255 233 305 172 364 344 661 241 511 148 169 170 316 527 346 367 712 407 299 398 354 235 100 442 741 547 134 159 587 282 411 703 181 465 275 119 88 637 490 264 313 156 131 170 388 39 452 79 684 687 110 57
743 246 102 643 434 752 487 663 183 136 273 217 674 703 247 255 516 796 244 228 220 233 332 262 219 271 111 706 552 396 164 165 266 453 613 433 417 127 332 739 206 237 508 157 360 483 127 575 542 340 224 490 619 100 231 624 411 242 405 704 325 741 429 252 785 695 115 233 499 613 160 294 580 316 147 383 545 168 773 719 288 461 428 84 530 235 238 334 499 658 260 243 243 695 248 294 381 214 242 485 693 163 660 348 278 241 430 714 346 348 685 751 195 419 430 370 202 768 598 724 260 768 418 493 162 698 238 364 187 697 373 308 424 391 245 784 216 194 471 302 696 757 399 622 295 456 215 272 282 731 604 533 705 284 694 611 254 240 367 605 144 702 241 245 180 272 749 245 92 615 373 711 325 184 204 594 375 673 280 163 542 625 97 223 182 810 751 730 260 334 746 460 743 287 288 462 668 332 331 688 322 649 241 113 742 729 157 503 224 752 375 110 194 625 248 364 319 281 228 192 669 329 315 370 281 574 381 204 295 421 407 91 709 761 349 677 592 408 204 111 212 402 554 562 623 240 390 100 299 728 636 753 226 225 204 372 265 143 214 242 122 499 500 167 210 473 231 733 271 430 82 209 354 88 488 388 74 277 441 776 288 197 396 605 330 231 357 167 483 422 728 413 337 182 480 199 222 188 584 680 239 287 525 525 783 581 308 513 400 724 552 472 156 480 725 721 706 144 580 182 163 151 245 112 691 184 206 199 214 240 190 400 734 657 405 292 259 222 364 293 699 450 792 257 403 558 82 283 467 305 537 518 323 688 308 269 186 278 181 177 581 348 199 289 286 419 333 215 592 172 391 571 584 520 205 603 212 331 636 44 189 284 254 733 717 283 117 0 93 67 267 359 571 231 336 255 683 426 709 721 634 188 180 608 211 316 506 683 219 293 275 730 641 281 762 254 403 432 444 637 191 159 467 585 361 197 166 481 516 353 495 695 257 714 203 158 236 480 440 215 246 633 588 288 86 162 400 793 318 345 324 289 448 410 706 278 560 181 210 201 398 593 405 437 744 466 377 438 415 324 217 508 774 584 98 274 649 333 465 756 137 494 329 222 166 680 537 313 363 243 211 220 436 146 500 113 695 751 224 153
772 158 87 672 476 785 516 668 92 131 294 127 714 743 159 193 508 821 151 144 144 264 291 217 205 309 54 740 584 447 75 77 187 443 630 472 448 150 337 777 150 145 544 169 268 503 142 571 576 354 138 499 652 65 144 661 413 176 403 728 234 779 408 289 803 725 102 225 542 647 91 202 577 324 78 409 570 76 788 764 266 481 438 17 562 157 172 268 525 670 172 150 218 717 293 203 392 162 171 489 722 197 700 388 187 172 420 749 320 366 728 784 109 409 389 398 180 802 624 767 168 791 326 518 78 720 197 360 174 707 390 216 435 424 190 804 124 102 517 333 753 790 417 633 252 465 178 194 211 763 636 560 735 207 723 625 161 196 359 621 157 715 178 152 157 182 773 166 8 662 290 734 271 201 175 608 362 725 189 116 556 664 137 216 160 828 782 756 272 247 777 472 772 204 197 466 696 297 360 714 234 674 150 21 778 762 138 538 138 788 365 103 102 647 165 361 295 191 155 102 704 237 369 386 189 600 394 117 293 445 405 8 749 798 257 704 609 415 112 133 126 403 562 606 638 148 298 34 323 748 661 781 213 148 139 407 211 127 197 180 29 498 535 188 138 516 158 762 186 453 115 117 402 20 514 370 115 212 453 803 253 116 379 626 237 142 381 105 502 386 737 415 332 202 489 107 141 137 597 709 192 194 551 530 817 600 323 519 395 748 555 486 92 502 752 755 733 146 604 92 76 158 153 107 722 92 134 223 121 206 102 416 766 691 428 201 188 225 273 298 724 462 820 165 390 575 37 287 503 247 555 524 346 712 310 291 110 191 93 95 621 385 213 206 195 405 325 232 582 102 403 548 600 516 116 616 134 238 645 55 159 193 164 759 742 273 75 93 0 54 180 376 607 141 247 162 722 475 742 753 644 101 93 629 157 286 523 719 204 247 221 763 678 197 781 243 399 437 487 660 98 70 494 607 369 106 87 495 542 379 495 728 164 731 117 68 177 494 457 129 266 657 614 277 24 107 426 818 328 263 366 230 439 418 732 193 583 209 235 232 391 601 419 441 779 480 374 467 427 310 161 516 809 616 60 224 661 353 483 775 106 531 240 139 76 708 561 334 383 231 119 238 459 113 523 20 745 761 177 132
723 208 44 623 424 736 467 626 140 87 245 158 663 692 210 188 471 773 195 165 198 213 271 199 168 257 45 690 534 394 107 107 241 407 584 421 398 99 294 726 201 190 493 121 310 456 91 533 526 308 161 455 602 34 196 611 372 175 363 680 281 728 377 237 758 676 59 186 490 597 93 246 538 280 81 360 522 113 743 712 234 434 394 37 513 169 225 267 476 626 198 192 187 670 240 251 347 149 175 447 673 145 649 336 234 225 384 699 291 319 676 734 132 373 370 349 147 752 576 715 206 744 368 470 101 673 176 321 135 664 344 252 391 373 180 758 161 147 464 282 699 740 370 589 233 421 154 247 215 713 586 512 686 217 674 581 204 177 322 576 108 671 230 197 123 212 726 219 47 609 308 687 260 152 145 563 326 672 235 164 511 613 147 176 200 782 733 708 226 270 728 427 723 257 244 424 647 273 310 665 284 626 196 72 728 712 101 487 190 737 329 58 150 600 183 321 265 222 208 153 654 283 316 339 227 552 348 144 252 397 365 47 698 748 291 656 563 372 159 152 150 362 519 554 593 187 335 39 274 702 613 732 176 201 191 356 200 88 161 176 77 458 484 138 143 464 164 713 207 405 127 154 349 64 465 338 123 211 408 755 229 132 346 579 282 171 332 101 455 364 694 374 293 152 445 152 157 122 553 660 176 235 503 488 767 554 276 477 357 701 514 441 89 455 704 705 685 100 556 124 128 111 189 61 673 138 139 173 160 180 154 370 716 641 380 247 192 181 320 255 676 418 771 212 355 529 21 244 452 239 509 482 297 664 268 242 120 242 145 113 569 334 165 258 242 371 287 184 547 106 358 519 555 477 146 571 188 279 602 25 130 241 212 711 694 235 51 67 54 0 230 329 557 190 295 203 671 422 692 703 601 127 119 582 145 259 477 669 168 230 210 713 627 217 735 205 360 394 435 613 140 122 445 560 325 156 102 450 493 330 455 678 207 685 140 102 229 449 410 181 218 609 566 240 32 96 377 770 283 279 314 223 403 374 684 245 535 158 185 180 353 558 373 399 729 435 335 417 382 275 151 473 759 566 99 210 617 305 437 729 147 480 289 159 110 659 513 286 335 194 155 190 411 84 475 69 692 718 160 96
909 23 248 811 633 927 658 776 91 284 442 120 864 893 21 244 603 951 64 153 68 422 358 296 331 469 204 884 728 612 141 143 49 540 755 627 597 316 465 923 121 59 694 326 117 637 304 671 723 491 147 618 796 225 36 809 530 225 517 859 67 927 492 450 927 864 260 353 698 792 192 61 678 455 190 554 707 129 907 918 367 616 564 194 707 183 92 283 664 789 139 73 327 847 459 38 521 248 208 603 859 363 851 545 37 83 520 893 408 505 881 925 148 510 437 545 301 944 760 920 90 920 167 657 156 850 287 475 307 821 526 114 562 574 258 929 105 88 676 486 918 931 552 752 324 587 282 55 231 903 780 700 874 207 861 747 67 283 466 746 316 834 102 57 284 129 904 46 184 820 235 865 315 355 290 730 462 886 40 145 680 815 262 346 192 950 921 890 413 186 916 597 909 36 41 581 834 372 510 848 55 808 51 159 923 904 277 686 44 932 470 264 82 778 167 477 390 123 70 78 849 75 538 521 92 738 524 136 417 585 518 185 898 944 147 839 735 538 77 242 145 519 678 762 760 86 166 195 472 875 796 916 337 62 101 560 274 272 320 235 153 606 684 347 194 673 199 899 162 592 246 103 566 180 653 463 252 247 580 936 337 165 471 756 83 127 524 206 635 447 848 531 446 358 610 84 166 236 718 849 274 78 690 643 959 730 461 635 505 880 663 613 201 638 886 899 868 300 739 132 104 313 96 267 863 95 192 380 95 305 78 550 905 837 568 50 219 364 102 430 858 588 955 38 488 703 210 419 653 288 683 640 491 843 437 440 179 11 87 162 772 541 364 36 40 502 437 382 672 190 533 618 726 617 127 737 68 101 760 234 278 33 27 891 873 390 223 267 180 230 0 513 755 43 71 75 870 637 884 894 760 141 144 759 242 371 651 866 328 313 278 904 824 171 906 365 510 556 646 792 102 110 635 738 497 75 169 623 680 525 602 871 62 853 146 141 113 622 589 52 415 791 752 391 198 218 570 949 462 225 527 275 538 542 865 22 716 370 390 392 497 716 549 558 924 607 488 612 555 416 238 634 953 760 179 290 780 494 614 900 174 681 64 157 136 844 697 477 524 352 105 388 598 249 658 161 904 873 264 271
397 492 290 298 146 414 145 306 431 245 87 396 353 381 497 292 189 445 454 370 508 130 220 237 182 110 327 370 215 166 375 373 543 146 255 134 92 234 56 410 525 456 186 209 536 127 239 230 211 22 374 134 283 312 488 297 77 305 85 352 535 414 169 122 428 352 274 160 202 279 322 495 234 60 327 50 195 388 415 410 163 105 72 360 195 344 542 317 151 298 400 446 191 341 141 515 33 270 322 135 347 197 340 92 497 540 128 379 164 11 373 412 366 122 253 49 212 431 249 410 442 415 584 144 360 344 234 81 208 338 14 465 68 78 271 428 410 428 190 73 433 418 40 263 228 100 234 550 325 390 266 187 362 352 349 252 457 240 102 247 221 343 549 460 230 417 397 522 368 318 423 358 268 178 223 235 120 389 497 492 183 305 456 168 529 453 409 380 104 425 404 102 397 548 506 114 322 200 53 338 555 298 464 387 410 391 242 176 485 419 108 273 437 271 367 78 160 430 520 448 335 531 157 11 457 226 28 379 101 72 87 368 386 431 484 329 234 62 438 470 372 76 197 260 265 435 528 344 64 372 286 406 176 510 512 79 264 251 193 295 387 155 175 193 324 180 326 388 386 78 441 411 133 392 140 141 434 304 83 427 205 350 143 250 523 395 26 308 126 224 369 81 92 178 123 431 356 278 225 336 250 473 177 171 445 224 54 158 95 372 201 113 314 126 377 385 358 231 228 381 435 219 428 270 350 424 325 160 418 215 452 41 393 323 54 502 322 152 567 84 348 92 445 481 127 200 339 94 148 280 179 163 42 336 80 90 335 524 446 352 264 82 164 549 504 135 102 146 258 323 35 275 226 181 387 244 497 506 278 347 235 507 487 383 366 130 305 359 376 329 513 0 244 471 556 451 358 168 371 381 275 372 370 253 275 183 148 353 185 240 267 391 312 386 406 150 91 85 160 284 412 427 122 230 35 445 345 122 167 37 153 358 462 356 369 378 551 121 81 478 113 281 240 131 352 296 59 442 52 397 103 282 138 61 356 534 207 178 149 159 105 235 47 92 410 107 80 101 58 125 281 151 440 246 429 252 290 26 107 400 477 174 553 364 380 333 185 47 15 162 409 140 85 270 147 383 404 392 256 249
177 734 521 84 140 181 100 226 671 479 315 639 109 138 738 535 278 237 697 614 746 344 451 479 425 301 563 135 34 193 615 614 782 297 136 139 160 458 297 169 757 698 63 438 780 137 466 251 33 266 618 192 51 545 728 54 256 548 273 154 779 172 351 321 245 129 507 403 85 43 563 739 247 304 567 201 78 629 249 167 404 151 212 591 50 588 778 552 102 179 644 690 435 155 323 759 245 514 566 218 130 413 96 223 741 776 299 143 390 251 130 179 609 303 451 211 455 196 74 166 686 216 826 108 601 157 478 303 449 218 233 708 214 184 514 240 653 669 115 275 219 186 208 170 466 202 478 790 567 161 41 72 138 594 130 150 700 484 320 137 450 202 784 703 471 661 194 761 600 94 659 165 503 407 466 149 334 163 741 720 146 61 663 410 751 269 182 171 342 665 177 188 177 789 749 226 107 431 248 133 798 108 707 621 171 158 480 70 726 181 321 505 678 109 610 300 395 674 757 688 98 775 268 237 701 66 239 622 344 172 274 599 143 191 726 122 126 239 679 681 615 266 182 56 152 678 770 578 285 189 98 190 419 748 746 201 506 488 436 538 622 236 72 419 568 106 570 167 629 167 652 654 223 621 110 348 644 546 199 214 445 593 344 108 767 639 231 550 140 421 246 257 326 406 191 672 600 520 152 114 494 717 81 203 211 108 294 197 290 172 216 172 555 130 165 150 146 463 80 623 672 450 672 501 122 664 568 384 661 459 692 213 165 85 190 746 565 392 811 328 145 194 225 724 322 123 570 338 105 518 126 195 264 144 324 318 578 766 685 594 30 224 396 790 747 318 337 377 292 565 232 367 129 253 630 153 735 750 190 570 477 750 730 177 166 373 540 571 607 557 755 244 0 713 800 695 115 158 139 151 185 615 611 107 519 418 143 112 428 479 508 159 70 629 223 394 283 233 134 108 654 664 123 98 267 685 586 165 90 231 239 124 706 196 612 618 785 167 179 718 343 99 65 373 583 538 186 233 296 635 247 522 292 234 151 775 91 399 373 377 302 183 217 235 173 176 293 144 215 360 524 188 203 28 654 494 177 262 160 218 701 77 797 608 621 120 90 278 232 406 651 371 162 508 115 617 171 257 500 487
867 21 206 769 590 885 616 737 49 241 399 82 821 850 26 208 566 910 36 117 68 379 322 257 289 426 161 841 686 569 98 100 77 501 714 584 554 273 423 881 119 26 651 283 135 595 262 633 680 449 110 578 753 182 23 767 490 188 476 818 95 884 455 407 886 823 217 311 655 750 150 69 640 413 147 512 665 86 867 875 327 574 523 154 665 147 104 254 622 749 111 44 286 806 416 63 479 207 172 563 817 320 808 502 48 96 482 850 370 463 838 883 107 471 405 502 259 902 718 877 67 879 191 615 113 809 247 434 264 781 484 107 520 531 220 889 66 45 633 443 875 889 510 712 286 547 240 85 199 861 737 658 832 177 819 707 45 243 426 705 273 794 114 29 242 105 863 62 144 776 221 824 282 312 248 689 423 842 50 131 640 772 237 304 184 910 879 848 370 170 874 556 867 77 58 541 792 335 467 807 95 766 21 120 881 862 234 643 28 890 431 221 39 737 134 436 351 103 76 39 806 99 495 479 79 696 483 96 375 543 477 145 855 902 146 798 694 497 34 220 107 478 638 719 720 55 176 153 429 834 754 874 295 64 97 517 237 229 278 197 113 567 641 304 154 630 162 857 134 549 219 62 523 143 611 425 224 213 538 894 298 124 433 715 102 92 482 163 593 413 809 491 406 314 569 41 128 194 678 807 235 72 648 603 916 689 419 595 465 839 624 572 158 596 845 856 827 257 697 90 68 270 67 224 821 52 152 337 55 265 42 508 863 794 525 64 184 321 133 387 816 547 913 28 449 662 169 377 610 255 642 600 449 802 395 397 137 54 51 119 729 498 321 78 56 463 396 339 635 148 492 584 686 579 87 697 61 110 721 195 236 53 23 850 832 349 180 231 141 190 43 471 713 0 106 52 828 593 842 852 720 99 101 718 201 333 610 824 286 276 242 862 782 145 865 323 470 515 602 751 59 72 593 697 455 34 126 582 638 482 563 829 43 812 106 98 123 580 547 28 372 749 710 350 158 175 527 908 419 205 483 240 500 500 824 63 675 327 347 349 457 676 507 518 881 566 448 569 514 376 199 594 911 717 149 253 740 451 573 859 155 639 100 120 93 803 655 435 481 310 65 345 556 206 617 121 861 834 223 227
947 91 308 850 683 967 701 803 155 339 490 161 909 937 91 272 627 986 106 186 136 475 380 327 375 523 264 925 771 666 197 198 100 566 788 676 643 374 504 966 185 108 740 381 64 676 362 696 767 534 182 652 838 285 107 853 565 255 550 895 22 969 514 504 958 904 317 397 747 835 243 61 702 496 244 599 747 186 936 965 402 656 601 260 751 214 151 292 705 820 160 112 366 882 515 45 560 286 237 634 897 420 895 596 63 142 548 934 435 548 927 965 193 539 447 591 346 984 799 965 114 954 101 698 210 885 323 509 355 849 567 106 599 621 290 961 149 148 727 536 971 971 593 783 350 623 322 101 249 943 821 741 913 222 900 780 101 318 498 779 372 864 158 101 332 144 940 110 250 868 220 900 332 409 334 763 492 936 62 214 715 860 333 391 257 981 960 926 460 177 955 633 946 71 53 613 873 396 558 885 22 845 101 226 965 944 328 731 115 973 501 322 145 814 192 511 420 133 135 145 891 30 595 563 101 777 564 179 456 628 550 251 942 986 119 877 770 574 137 313 185 553 709 810 792 123 117 258 520 909 833 953 380 130 168 609 302 325 364 265 219 635 729 402 232 723 231 937 179 634 317 151 620 249 695 490 323 268 617 972 366 208 497 792 43 161 569 254 674 462 874 565 482 411 644 143 200 280 751 888 308 84 731 673 998 767 506 666 536 915 691 650 252 678 923 939 906 355 777 184 173 368 128 325 903 157 231 434 143 342 146 590 944 879 610 54 243 411 32 472 894 624 992 83 516 739 275 462 700 307 719 671 538 879 477 488 224 62 156 211 818 591 415 69 55 528 472 432 692 238 573 631 761 643 172 769 138 69 789 302 324 55 83 927 909 428 281 336 247 295 71 556 800 106 0 105 914 689 925 934 789 189 194 796 281 400 688 909 372 338 304 944 868 183 938 406 542 590 696 829 158 178 678 775 536 140 220 659 721 571 631 913 95 884 189 199 170 658 628 123 465 828 791 429 264 267 614 984 504 219 579 296 565 578 902 70 754 426 443 447 527 746 588 592 965 644 522 656 593 450 276 667 994 802 250 317 810 538 653 932 244 728 8 192 192 883 736 524 567 394 152 438 640 302 698 228 954 900 301 322
843 64 209 746 577 863 596 705 77 236 385 56 804 832 70 172 531 884 16 82 120 371 285 225 270 418 166 820 666 562 98 99 121 468 687 570 537 273 400 861 171 27 634 277 107 572 260 599 662 429 78 550 733 187 74 748 462 154 448 793 86 865 419 399 858 800 216 292 642 730 139 46 606 392 142 494 643 90 837 859 299 552 498 172 646 112 155 208 601 720 64 12 261 780 412 65 456 182 136 533 794 318 790 491 47 147 449 830 337 443 822 861 88 439 362 486 241 880 695 860 16 852 165 593 108 783 220 407 250 750 463 59 495 516 188 860 45 63 621 431 866 867 489 682 251 520 217 128 157 839 717 637 810 132 796 679 8 215 397 678 269 764 165 23 227 55 837 111 163 763 169 798 240 304 228 661 392 830 47 179 613 755 277 286 234 881 857 823 354 118 851 530 843 111 55 512 769 299 453 782 104 742 31 142 861 840 224 626 80 869 401 222 68 711 93 409 320 51 127 78 786 84 492 458 29 673 460 74 352 523 449 164 837 882 100 774 668 471 55 263 79 451 608 705 691 18 137 164 414 807 730 850 275 116 149 503 202 222 259 164 134 535 624 299 127 617 129 834 87 529 258 49 515 171 590 392 261 173 513 869 266 102 399 689 80 56 464 150 570 372 777 463 379 307 542 58 96 175 650 784 205 32 627 573 895 664 400 566 435 813 593 547 148 574 820 835 802 251 673 83 104 264 23 224 799 73 126 329 43 238 84 486 840 774 505 51 145 306 122 367 792 521 889 38 417 636 182 357 594 214 617 571 433 776 373 383 118 82 91 107 713 486 310 110 53 430 369 327 599 134 469 543 659 546 67 668 113 76 690 215 219 57 49 825 806 324 180 255 162 203 75 451 695 52 105 0 809 584 821 830 690 86 92 693 176 300 585 804 266 240 206 840 763 96 837 301 441 488 590 726 64 104 573 672 432 69 117 556 617 466 531 808 13 784 84 102 175 555 524 80 360 725 688 325 173 163 509 881 399 154 474 201 467 475 799 96 651 322 339 343 427 646 484 490 861 541 420 551 490 348 171 566 890 697 186 218 710 433 549 831 201 622 102 88 94 779 632 418 462 289 49 333 535 198 594 142 848 802 197 218
97 849 636 87 250 80 213 255 786 593 430 754 14 26 853 647 363 160 811 728 860 458 559 592 540 414 677 41 143 295 730 728 897 394 183 250 274 572 410 56 871 813 177 553 892 243 580 319 147 380 732 288 79 659 843 61 362 662 379 117 893 58 451 434 190 69 621 518 186 80 678 853 314 418 682 316 174 743 210 67 516 261 320 705 163 701 892 661 211 201 757 804 548 131 435 873 357 628 679 313 81 527 27 336 855 891 400 43 499 366 40 79 724 406 550 326 569 91 132 60 800 153 938 218 715 131 592 413 563 224 346 821 322 298 627 182 768 784 216 389 169 84 321 213 577 306 592 905 678 72 95 176 70 706 77 199 815 597 429 189 565 199 899 818 586 774 133 876 714 93 768 127 612 521 581 208 441 111 855 834 230 59 774 524 864 209 90 110 457 776 87 293 98 904 863 326 81 540 362 100 913 114 822 736 61 64 595 184 840 72 429 619 793 143 724 410 505 787 872 802 34 889 374 351 815 147 351 737 458 286 380 714 28 78 838 96 187 348 794 792 730 374 258 126 193 792 881 692 400 152 117 113 534 862 860 315 618 602 550 652 737 327 187 534 682 211 684 92 742 280 764 768 331 735 220 453 755 658 306 136 556 707 448 159 881 753 346 664 246 521 241 364 437 520 290 787 714 635 216 70 607 831 186 288 105 177 409 286 396 123 291 276 670 239 104 51 95 578 154 738 787 565 786 616 57 779 683 498 776 572 806 325 78 41 304 860 677 507 924 442 105 300 137 838 426 202 684 452 219 629 215 283 379 120 437 433 692 881 800 709 103 337 511 905 862 420 448 492 356 680 343 440 194 337 745 207 849 863 228 683 592 864 844 118 121 486 655 683 722 671 870 358 115 828 914 809 0 261 52 62 223 729 726 156 633 528 241 14 543 590 620 64 47 742 175 508 389 338 240 130 768 779 236 165 379 800 701 267 196 345 330 41 820 178 726 732 899 269 289 832 457 123 135 486 698 652 301 155 410 744 359 634 390 343 106 890 175 513 487 491 407 243 329 339 64 281 402 258 325 471 638 279 94 113 768 606 204 376 267 173 814 191 911 722 736 86 187 393 347 520 766 486 274 623 220 732 101 241 613 602
335 614 392 241 34 336 121 341 548 353 202 528 251 278 618 441 307 395 583 508 617 214 385 390 319 167 435 290 152 35 495 494 657 291 258 48 88 325 220 317 622 583 103 311 679 158 335 316 139 183 510 218 209 416 606 206 225 451 239 310 670 318 329 187 400 287 379 299 76 201 446 629 316 219 447 120 173 508 400 293 322 150 189 458 135 486 647 479 142 307 541 577 338 308 181 646 190 410 467 237 289 278 236 94 627 646 280 296 331 168 259 334 496 278 419 119 346 350 212 298 578 373 730 140 481 311 382 248 334 351 166 608 188 90 419 396 540 548 45 155 282 340 155 284 387 201 374 665 478 318 198 156 296 503 288 265 588 388 269 254 321 342 652 589 357 559 352 636 467 189 582 320 431 281 359 255 286 250 628 583 218 202 514 303 608 424 339 329 234 577 334 190 335 668 637 230 265 365 138 290 684 259 591 491 321 314 361 106 602 332 274 375 556 248 509 245 324 572 628 564 253 667 113 169 595 191 182 510 257 127 242 467 285 339 632 279 239 204 560 534 505 231 253 137 273 566 678 448 174 343 247 348 315 620 613 90 417 365 329 441 493 262 101 290 461 53 468 326 531 132 505 539 73 486 135 307 496 458 185 373 364 482 307 236 661 531 143 434 162 389 382 228 259 279 209 553 493 411 251 273 398 610 153 251 365 220 199 238 254 329 277 184 437 149 324 304 304 337 203 506 545 324 562 372 280 542 461 256 546 362 567 164 322 241 134 635 470 280 704 235 302 188 383 608 289 213 438 242 77 440 200 240 162 298 239 203 465 648 559 478 159 100 274 669 635 293 269 257 355 450 180 404 235 288 517 262 607 647 305 431 367 636 613 335 323 286 415 426 475 422 637 168 158 593 689 584 261 0 295 307 300 500 495 237 415 347 187 263 323 399 422 315 223 533 377 296 249 215 29 254 535 537 119 217 202 563 469 185 152 135 262 280 594 343 500 496 651 186 161 594 224 246 200 288 451 422 119 391 209 554 110 439 283 200 308 655 194 267 246 245 266 277 175 221 324 183 244 101 181 290 422 227 355 179 516 408 302 170 165 373 560 91 685 501 501 278 174 176 152 306 537 250 132 388 155 487 271 399 399 367
46 863 656 75 279 43 227 221 802 612 449 766 66 63 868 655 349 110 824 739 878 480 561 600 553 439 696 11 159 329 746 744 914 388 162 277 294 594 420 51 892 826 202 573 900 249 601 298 167 394 743 284 91 679 859 89 365 671 381 73 904 57 445 458 139 28 641 531 220 96 693 864 292 430 698 333 178 759 160 104 524 269 325 726 180 711 912 663 220 167 767 816 559 89 462 885 365 639 688 307 40 550 76 361 867 910 397 16 501 380 89 41 737 403 543 344 583 60 127 92 811 102 944 227 731 88 602 418 579 184 359 829 327 320 636 130 781 799 250 410 217 47 332 188 582 307 604 921 685 23 106 184 23 713 36 177 827 607 432 169 585 157 918 831 601 783 82 893 735 143 769 81 614 541 594 189 442 161 867 856 222 98 802 539 888 157 44 59 473 781 40 294 47 919 875 323 56 542 383 61 925 91 835 755 45 20 612 206 856 50 431 639 808 124 733 416 510 796 890 819 42 899 406 363 825 148 361 749 469 300 381 734 57 66 844 62 171 352 809 820 742 376 244 165 168 805 886 712 419 103 99 62 547 880 880 337 626 620 564 660 756 318 209 555 693 243 694 40 750 293 791 782 361 757 231 452 782 664 310 85 562 720 447 144 890 765 362 679 251 515 196 365 444 541 288 802 725 648 199 40 617 841 194 277 74 166 424 277 397 74 275 277 685 247 54 16 49 597 150 753 805 584 797 636 22 795 694 519 789 583 823 335 29 54 317 871 685 523 934 455 62 303 90 851 425 194 705 465 242 633 211 274 397 81 448 451 706 895 817 723 137 361 530 920 874 417 455 511 332 694 352 419 180 324 758 186 867 871 198 706 606 877 858 67 73 497 674 709 742 692 884 371 139 842 925 821 52 295 0 12 194 743 741 141 645 533 240 40 556 595 626 21 72 749 124 520 390 340 272 108 783 797 250 156 388 816 716 268 204 363 321 15 832 134 739 749 919 270 297 849 476 105 134 496 718 667 317 105 423 747 386 639 385 348 60 905 173 535 508 513 408 222 337 340 43 283 406 276 332 477 649 273 69 127 791 612 173 392 272 122 838 215 922 733 751 52 189 410 362 532 779 505 286 640 227 751 148 194 624 619
35 873 667 84 291 33 237 221 812 623 459 776 76 70 878 664 354 98 834 748 889 491 570 609 563 450 707 21 170 342 756 754 924 395 166 289 305 605 430 50 903 836 213 584 909 258 612 302 179 404 753 291 102 690 869 101 373 680 390 71 913 56 452 470 130 32 651 541 232 108 703 873 295 439 708 344 187 769 152 109 533 278 334 737 191 721 922 671 230 169 776 826 569 88 473 895 375 649 698 314 43 561 87 373 877 920 404 21 509 390 98 31 747 411 549 355 593 50 136 96 820 92 952 237 741 87 611 427 589 182 369 838 336 331 645 121 791 809 262 422 224 37 342 191 591 315 613 931 693 11 117 194 24 721 39 181 836 616 441 174 596 154 929 841 611 793 73 903 745 154 777 77 622 552 604 194 451 169 877 867 229 110 813 549 900 147 32 52 484 789 28 303 36 929 885 331 63 550 394 62 934 96 845 766 41 10 623 217 867 44 439 650 819 130 743 424 518 805 900 829 54 908 419 373 834 157 370 759 478 310 390 745 63 62 852 65 177 361 819 831 751 385 250 178 172 814 894 722 430 98 105 51 557 891 891 349 635 631 574 670 767 324 221 565 703 255 703 31 760 303 802 792 373 768 241 460 794 673 319 74 571 730 454 151 899 774 373 689 260 521 193 374 453 552 296 812 734 658 204 47 626 851 204 283 64 174 434 284 405 68 280 286 696 256 47 16 47 608 158 763 815 595 807 647 31 805 704 530 799 592 834 345 16 66 327 881 694 533 943 465 61 311 78 861 433 202 716 475 254 641 219 280 407 81 458 462 716 905 827 733 149 373 540 930 883 425 464 522 335 704 362 422 186 330 768 191 878 880 200 717 616 886 868 60 68 506 684 721 753 703 894 381 151 852 934 830 62 307 12 0 196 753 751 147 654 541 248 52 566 603 635 11 84 758 116 530 398 348 284 114 793 808 260 163 398 826 726 277 214 374 327 28 842 130 749 759 930 278 306 859 487 111 143 505 729 678 327 94 433 755 397 648 392 357 58 915 181 546 519 524 416 226 346 348 38 292 415 286 341 486 659 280 61 138 802 621 174 402 281 115 849 227 932 743 762 56 199 420 372 542 789 515 297 650 236 762 155 188 634 629
188 741 559 138 269 223 180 42 687 514 362 639 230 246 746 518 171 205 696 608 767 404 411 464 440 376 592 202 165 329 630 628 796 225 49 257 243 508 307 246 790 700 204 481 756 160 511 109 178 294 613 145 163 580 739 193 232 536 244 130 768 251 281 392 170 166 543 419 248 171 578 729 102 321 586 261 129 643 147 289 393 180 207 629 172 578 803 508 161 32 630 688 436 113 406 754 254 513 554 157 154 472 228 316 737 799 242 210 354 286 261 221 613 251 371 274 468 239 112 280 678 172 793 164 615 115 473 287 471 63 261 688 210 266 502 174 655 680 271 340 383 225 237 17 440 180 481 803 541 199 157 145 172 569 159 36 697 477 294 49 494 74 811 704 490 645 164 777 636 267 610 129 462 451 477 46 298 323 736 760 94 214 731 428 801 192 207 161 376 630 203 174 188 796 744 180 143 394 312 134 793 109 709 653 238 206 507 197 739 240 289 543 691 83 598 285 370 657 778 704 189 762 382 265 689 121 253 624 352 222 243 636 244 258 695 132 63 229 689 745 614 243 83 241 33 675 734 610 338 127 107 186 433 767 775 286 488 517 450 526 651 155 202 467 566 256 561 181 611 212 716 658 337 661 170 300 709 521 193 198 424 596 293 77 751 634 281 562 158 346 94 231 316 452 155 683 595 528 53 157 486 706 147 117 249 82 326 126 255 145 99 162 571 166 161 210 151 501 107 633 695 490 667 540 174 679 568 435 665 456 709 234 197 185 234 738 547 420 793 346 136 184 221 724 274 88 608 357 223 485 105 120 314 117 334 365 584 769 704 603 212 310 437 796 743 262 324 419 139 576 244 227 65 150 633 38 756 730 5 619 491 747 733 158 140 375 570 634 644 601 760 275 185 720 789 690 223 300 194 196 0 622 621 78 519 390 131 210 442 452 486 206 192 607 151 403 250 208 271 94 664 687 190 89 275 699 599 154 149 288 159 192 702 97 614 634 814 154 196 732 388 102 120 372 621 553 244 204 318 593 340 494 225 227 142 781 107 453 424 435 263 44 229 204 234 168 273 220 220 344 522 128 252 158 700 473 24 301 172 145 748 212 788 603 635 143 127 322 273 416 655 414 207 532 151 648 320 117 497 513
768 120 125 670 494 786 518 640 69 151 302 32 724 752 125 118 470 811 84 44 149 286 231 162 190 333 85 743 587 477 26 24 174 405 615 488 456 188 324 783 185 84 554 192 189 496 175 537 582 350 37 479 655 106 118 668 391 98 378 719 171 786 361 314 788 724 131 212 559 651 54 131 543 314 57 414 566 32 768 778 229 475 424 104 567 64 187 181 523 650 72 77 187 707 326 146 380 109 85 464 718 233 710 407 128 181 384 752 275 364 741 784 11 374 320 405 160 803 619 779 83 780 247 516 26 710 149 335 167 683 385 126 421 434 126 790 40 59 538 347 782 790 411 613 193 448 141 182 122 762 639 559 733 111 720 608 89 146 328 606 184 695 196 89 144 85 764 155 98 680 190 725 197 219 149 590 326 747 128 172 541 674 235 205 228 811 780 749 273 146 775 457 768 176 137 442 693 242 370 708 185 667 92 86 782 763 139 545 117 791 333 137 71 637 66 337 254 95 160 85 708 170 406 380 104 597 384 16 276 444 379 99 757 803 164 699 595 398 67 227 26 380 539 623 621 68 208 89 332 735 655 775 196 148 165 421 145 136 179 105 77 469 543 213 59 534 73 758 85 451 213 39 430 117 512 329 214 130 439 795 202 27 337 615 165 44 384 66 494 325 711 392 307 222 471 61 44 95 579 708 138 115 549 505 818 590 320 496 366 739 526 473 63 497 746 758 727 166 598 13 87 179 66 139 722 59 56 244 47 166 91 409 764 696 427 136 102 224 207 289 717 448 814 109 353 563 107 278 513 170 543 501 351 703 296 300 38 151 89 21 632 402 226 177 135 367 298 243 541 50 392 494 586 482 20 598 138 158 622 144 138 137 115 751 733 249 96 188 101 127 141 372 615 99 189 86 729 500 743 753 622 0 8 619 103 238 511 725 187 184 151 763 684 96 766 224 372 416 507 652 42 81 494 598 356 78 31 482 539 385 465 731 94 714 17 34 202 481 448 111 276 650 611 251 102 78 429 808 321 163 390 154 403 401 725 162 575 237 254 258 359 578 408 419 783 467 349 471 414 278 101 495 812 619 147 160 641 353 474 760 180 541 185 40 27 704 556 337 383 211 37 250 457 113 517 83 766 736 125 133
766 123 118 667 490 783 515 640 67 145 298 40 720 749 128 121 470 809 89 51 148 281 233 162 187 328 77 740 584 472 19 17 175 405 613 484 453 181 322 780 182 88 550 186 196 494 169 537 579 347 45 478 652 98 119 665 390 101 377 717 176 783 362 309 786 721 125 209 555 648 49 137 543 311 50 410 564 27 767 775 229 473 422 96 564 70 185 186 520 649 80 83 185 705 321 151 378 109 89 463 716 227 707 403 132 181 384 749 275 361 738 781 17 374 323 401 157 800 617 776 90 778 254 513 18 708 149 334 163 683 382 134 419 430 127 788 46 60 534 343 777 788 409 612 195 446 140 183 127 760 636 557 731 117 718 607 95 146 327 605 178 694 194 94 140 93 762 156 90 676 197 723 200 214 147 589 326 743 133 168 539 671 227 202 223 810 778 747 269 154 773 455 766 178 142 441 691 243 367 705 189 665 96 79 779 760 134 542 118 788 332 131 71 635 73 336 254 103 159 84 705 176 401 378 111 594 381 25 274 441 378 91 754 800 172 696 594 396 69 220 33 378 538 619 619 74 216 81 328 734 653 773 194 148 163 417 147 131 177 108 70 468 540 208 61 530 77 756 93 448 206 44 425 109 510 329 207 134 437 793 203 30 337 614 172 52 380 62 492 327 710 391 305 217 469 62 50 93 578 705 138 122 547 504 815 588 317 495 366 737 526 471 58 495 744 755 725 160 596 12 84 173 73 133 720 58 58 239 51 165 90 406 762 693 424 141 106 220 213 286 715 446 812 113 353 561 99 275 510 173 541 500 348 701 294 296 37 155 87 18 629 398 221 179 140 367 296 239 541 46 390 496 585 482 27 597 137 165 621 136 135 141 119 749 731 248 89 180 93 119 144 370 611 101 194 92 726 495 741 751 621 8 0 617 103 238 509 722 184 186 154 761 680 104 765 222 371 415 503 650 43 77 492 596 354 78 26 481 537 381 465 728 100 712 24 27 200 479 446 111 272 648 609 250 94 74 426 807 318 171 385 157 403 400 723 164 573 231 249 252 359 577 406 418 780 465 348 468 412 277 102 494 809 616 140 162 640 350 472 759 175 538 190 47 21 701 553 334 380 209 43 245 454 108 515 76 762 735 125 128
152 739 542 69 209 178 127 119 681 498 337 640 161 181 744 524 209 192 698 611 759 375 425 469 431 340 580 145 90 269 624 622 792 248 30 200 197 486 296 190 778 701 136 461 767 126 491 163 105 275 615 146 87 565 736 117 231 540 247 100 774 196 305 359 177 115 527 409 176 94 571 734 158 307 577 226 67 637 168 223 394 148 195 613 103 582 794 526 111 73 636 690 433 88 368 757 240 512 558 168 105 446 156 271 740 791 258 154 365 263 191 176 612 265 402 239 461 196 34 215 682 162 809 117 609 91 473 286 459 115 239 698 198 222 506 176 655 676 203 307 308 182 213 64 449 173 478 799 551 153 79 82 123 580 109 46 699 478 298 34 474 105 801 705 480 653 145 772 621 189 631 106 478 430 470 52 307 248 739 745 82 138 704 417 782 202 168 131 357 646 163 163 152 795 747 186 85 406 278 91 797 51 709 640 185 157 494 131 734 190 296 526 686 18 603 284 377 665 771 698 123 769 332 243 695 47 237 624 343 187 246 621 181 207 709 83 31 222 686 719 615 243 104 163 45 677 750 597 310 120 42 157 424 760 764 242 494 504 441 530 640 177 136 445 566 188 565 143 619 178 690 657 285 645 122 314 682 531 180 176 430 595 309 4 759 637 251 556 127 374 146 231 314 430 152 679 597 524 60 101 488 712 88 137 209 29 306 137 261 120 136 146 564 128 128 157 111 484 34 629 686 472 669 523 118 673 568 411 664 455 703 213 153 116 203 743 554 405 802 333 99 172 196 725 288 57 592 344 163 498 76 133 286 84 324 340 581 769 697 599 134 267 417 795 746 279 324 398 201 571 227 284 39 184 632 52 748 740 84 599 484 750 733 132 114 370 557 608 629 582 759 253 107 718 796 693 156 237 141 147 78 619 617 0 518 399 108 144 434 461 494 157 118 617 154 395 255 206 209 34 660 679 144 23 263 694 593 137 94 255 181 133 705 109 613 628 803 138 173 727 365 36 43 368 605 546 208 190 302 611 296 505 245 218 107 780 48 428 399 407 272 87 212 205 183 152 273 174 205 346 522 133 207 80 682 480 70 277 146 148 729 146 793 605 630 91 72 297 247 408 654 393 172 521 108 636 248 162 496 501
668 222 111 570 406 687 421 537 170 101 213 122 628 657 227 47 367 710 180 95 250 208 135 62 96 254 107 645 490 396 114 112 277 303 513 397 363 141 224 685 282 183 459 129 264 396 129 434 486 253 99 377 557 111 220 572 289 42 275 618 260 689 260 237 685 624 104 117 469 554 67 220 441 216 80 319 467 127 666 685 126 376 323 148 470 71 288 125 425 548 127 172 85 605 254 240 280 6 55 362 618 174 615 321 223 283 282 654 173 268 647 685 95 271 232 312 69 704 520 685 167 678 316 417 100 608 47 233 85 580 287 193 320 342 35 687 137 162 450 260 696 691 313 510 96 346 42 284 82 663 541 461 634 98 620 506 182 43 225 504 128 593 296 187 64 144 663 258 150 589 191 623 116 147 56 488 223 658 222 261 439 580 288 112 312 709 681 648 181 170 676 355 668 278 231 339 593 143 280 607 280 566 191 155 685 664 77 450 220 693 230 110 173 536 94 235 151 158 262 186 610 256 333 282 182 497 284 106 176 347 276 150 661 706 218 598 494 296 170 289 97 277 437 531 518 160 265 125 242 633 555 674 101 250 263 331 55 85 86 37 150 366 449 148 49 445 54 658 117 353 267 139 349 177 414 227 264 71 338 694 101 77 235 514 248 120 289 52 394 231 608 289 204 151 368 164 80 23 477 608 37 198 451 402 719 489 225 394 264 638 424 372 65 398 645 659 627 110 498 115 183 119 153 110 623 161 50 170 146 63 192 310 665 598 330 227 64 135 292 191 616 346 714 207 250 462 136 181 420 94 442 399 259 601 197 212 65 251 189 86 538 315 148 278 229 264 195 162 439 61 293 397 485 379 115 496 239 233 520 170 52 232 215 650 632 148 94 211 157 145 242 275 519 201 281 176 633 415 645 654 519 103 103 518 0 136 410 628 93 90 65 664 587 121 664 125 269 314 419 551 145 175 397 497 256 180 83 381 441 292 362 632 188 611 95 120 301 380 348 213 191 550 512 150 141 51 333 707 223 160 307 79 300 300 624 263 475 169 177 186 256 475 308 317 685 366 247 376 314 175 9 393 714 521 217 67 538 258 374 658 260 447 278 89 119 604 456 244 287 113 136 167 359 69 418 151 675 633 23 75
551 353 216 457 329 574 319 405 306 181 164 251 525 553 359 128 232 587 307 219 386 190 38 76 102 219 233 534 387 339 251 248 410 168 390 317 275 203 128 577 418 312 365 175 369 285 197 300 385 165 225 253 450 228 354 469 168 146 152 498 378 581 124 211 559 510 202 98 385 448 202 339 306 129 214 233 356 263 537 586 36 268 209 274 368 189 424 135 318 420 240 299 74 484 236 364 174 130 164 235 502 204 513 259 348 419 149 543 37 180 548 572 228 139 119 230 114 591 405 584 288 555 411 311 236 487 91 115 131 450 190 299 206 261 113 562 268 297 373 205 616 578 212 383 50 226 108 418 153 549 433 353 519 181 505 381 307 93 101 381 184 464 432 315 137 256 541 392 278 499 241 502 85 165 114 363 93 570 347 396 317 480 407 105 445 582 565 529 135 248 560 238 550 408 354 214 479 21 212 489 403 449 321 288 575 551 160 354 354 582 103 207 308 417 208 118 24 268 397 322 502 372 299 186 299 385 181 238 93 249 152 278 557 597 311 481 372 181 304 411 227 156 309 441 393 286 353 252 182 509 438 556 96 386 399 257 98 174 104 137 284 235 354 180 179 363 172 541 221 252 386 272 297 306 309 92 382 132 223 574 35 211 100 395 362 245 205 186 283 106 476 167 93 170 247 298 206 152 352 494 100 316 343 274 605 370 150 267 137 517 293 255 198 289 526 548 509 176 383 250 319 174 277 204 510 297 182 175 278 80 328 206 550 491 233 348 157 122 405 116 498 230 594 335 117 342 258 113 330 100 323 272 187 481 109 165 201 380 325 222 441 250 155 408 353 130 82 153 303 197 187 262 363 246 246 370 375 341 390 284 129 357 344 529 511 69 213 316 286 259 371 183 418 333 400 300 528 347 533 541 390 238 238 399 136 0 293 522 101 62 96 552 482 218 538 81 144 193 343 432 280 312 296 379 153 316 220 265 332 213 231 522 313 485 227 257 438 263 239 348 159 433 399 65 267 181 242 585 138 216 255 106 167 185 505 393 360 187 173 189 128 346 201 194 574 250 127 282 203 59 137 268 602 415 346 83 411 177 262 532 392 355 398 215 256 488 344 173 198 84 268 154 257 176 308 283 584 502 114 164
259 631 436 165 154 281 70 167 573 392 234 532 240 266 636 417 139 300 590 503 651 275 321 362 323 245 473 242 109 211 516 514 684 155 107 140 115 382 188 286 671 593 117 356 661 30 386 130 114 169 507 49 161 458 628 185 125 433 141 208 667 290 210 261 281 217 421 302 159 162 463 627 129 200 470 130 67 529 267 303 286 49 87 507 98 474 687 423 52 152 529 582 325 196 275 650 132 404 451 75 210 344 230 186 632 684 160 251 261 158 266 279 504 165 310 143 353 298 113 299 574 269 704 50 501 199 365 179 352 193 134 591 90 136 398 281 547 568 172 209 361 285 108 117 343 67 370 691 445 256 146 71 226 473 212 105 591 370 192 99 369 196 694 597 373 545 253 664 515 235 529 214 374 325 362 88 202 305 632 639 37 200 603 310 677 305 273 238 251 541 268 55 259 687 640 85 186 302 180 197 689 157 601 533 283 258 387 105 626 290 191 420 578 126 496 177 270 558 663 590 212 662 254 138 587 94 129 516 235 90 141 514 268 305 604 189 86 114 578 617 507 136 66 186 117 569 646 490 208 226 146 265 316 653 657 156 387 397 334 423 532 95 108 341 458 155 457 249 512 81 589 549 210 539 54 212 581 425 72 284 323 487 208 105 652 529 150 448 28 281 225 125 206 326 49 571 489 416 79 202 380 604 63 68 312 79 201 57 157 229 91 38 456 39 235 256 218 378 90 521 579 366 562 417 218 565 460 308 556 347 595 107 257 201 103 635 447 298 695 225 207 64 304 617 186 53 486 236 113 393 32 57 184 192 216 237 473 661 589 491 172 180 312 687 638 180 216 294 170 463 120 232 78 114 524 97 640 633 134 494 376 642 625 240 222 262 450 506 523 477 651 148 143 610 688 585 241 187 240 248 131 511 509 108 410 293 0 232 326 355 387 259 195 510 258 287 150 99 161 141 552 571 68 87 155 586 485 29 55 157 97 230 597 209 505 520 696 30 67 619 261 140 107 260 499 438 113 298 195 507 209 399 150 110 214 672 68 325 296 306 168 96 104 100 282 44 167 93 97 239 414 47 309 130 576 373 143 173 41 253 624 117 686 497 522 195 55 194 144 300 546 288 76 414 35 529 313 246 388 393
87 845 633 75 249 74 208 241 782 591 427 749 26 37 849 641 352 150 807 723 857 456 552 586 535 413 674 31 138 297 726 725 894 385 170 250 271 570 405 57 869 809 175 550 887 236 578 307 144 376 727 279 72 657 839 58 355 656 372 103 888 61 442 433 178 55 618 513 187 74 674 848 301 413 678 312 166 740 197 80 511 254 313 703 159 696 890 654 205 187 752 799 543 117 435 868 351 623 674 303 67 525 35 335 851 888 391 35 491 361 54 73 719 397 540 322 565 87 122 71 795 142 932 212 712 117 586 406 560 210 341 816 315 296 621 170 763 780 217 387 183 79 316 200 571 298 587 901 672 62 88 169 57 700 63 186 810 592 422 177 562 185 896 814 582 769 121 873 712 102 760 113 604 519 576 196 433 125 850 832 220 61 774 520 863 197 82 97 453 770 79 285 87 900 859 317 68 532 360 86 908 101 817 733 59 55 592 182 837 70 421 617 789 131 718 404 498 782 869 799 22 884 376 346 810 138 345 732 453 281 372 711 37 79 832 82 175 341 790 792 725 366 247 129 180 788 874 690 397 138 104 103 529 859 858 313 612 599 546 646 734 317 184 531 677 212 679 80 737 275 763 764 331 733 214 445 755 652 299 126 550 703 440 148 875 748 342 660 239 512 227 356 431 518 281 783 709 631 204 56 602 826 179 278 102 166 405 276 388 110 280 268 666 232 91 43 81 575 144 734 784 562 781 613 43 776 678 496 771 567 803 319 68 31 299 855 672 503 919 437 92 292 128 834 418 192 682 447 217 622 206 273 376 106 432 429 688 877 796 704 104 336 508 901 857 412 442 489 344 676 337 428 183 327 740 195 846 857 214 682 588 860 840 106 107 481 652 683 719 669 866 353 112 824 909 804 14 263 40 52 210 725 722 144 628 522 232 0 538 583 614 56 42 736 162 503 381 330 241 117 764 776 231 154 374 796 697 259 190 342 320 28 815 164 722 729 896 261 283 829 454 110 125 481 695 649 297 145 405 737 358 627 381 336 92 886 166 511 485 489 399 231 322 331 62 273 395 254 319 465 633 270 92 107 766 600 190 372 260 160 813 189 906 717 732 72 179 389 342 515 762 483 269 619 213 729 115 227 608 598
582 307 124 483 313 599 331 465 247 83 121 211 537 566 312 121 304 626 269 187 326 121 126 80 4 164 151 556 401 305 190 188 358 239 431 305 271 103 138 596 348 270 368 75 357 310 97 368 395 163 190 297 468 141 303 482 211 129 200 534 351 599 210 149 605 537 108 25 377 465 137 311 373 127 144 228 379 204 588 593 69 289 239 190 380 163 361 178 336 470 219 261 30 522 169 330 194 88 145 286 532 110 524 229 312 358 217 565 127 177 556 597 181 206 219 220 27 616 433 594 258 595 408 329 175 525 63 157 32 505 198 285 236 250 99 606 225 243 358 168 604 603 224 432 98 264 52 366 160 575 452 372 547 183 534 426 272 69 155 423 83 515 369 275 48 237 579 338 196 497 269 540 143 73 38 408 159 566 312 319 357 489 313 20 364 629 594 563 89 257 589 273 582 363 321 263 507 119 188 522 370 481 279 211 595 576 67 359 301 604 162 111 253 452 187 158 100 250 337 264 521 348 245 193 275 410 197 194 91 257 201 196 571 617 310 512 411 215 253 320 187 200 360 439 438 250 356 170 150 551 469 589 9 327 332 238 103 80 8 120 209 294 358 83 140 352 146 572 208 264 293 226 258 222 325 170 288 141 255 610 81 165 178 430 341 211 198 123 308 206 534 212 128 77 288 246 172 92 397 521 78 290 363 327 631 405 134 317 191 554 351 288 130 311 560 571 541 77 412 196 253 74 244 109 535 240 141 90 233 46 269 222 577 509 240 318 149 44 385 102 531 263 628 295 187 378 170 91 328 138 358 322 167 517 110 120 150 338 263 166 447 223 67 363 319 203 121 75 379 138 206 352 403 312 202 416 315 326 443 190 50 322 302 565 547 69 129 219 204 168 328 185 428 286 372 266 543 323 556 566 442 187 184 434 93 101 326 538 0 104 111 577 497 211 583 40 195 235 326 466 227 246 308 412 171 260 160 298 352 200 291 544 277 531 183 194 372 297 262 293 100 464 424 73 182 112 242 623 134 239 216 130 236 217 539 348 389 97 93 106 187 399 222 238 596 282 171 285 229 107 99 314 625 432 262 99 460 167 288 577 310 356 368 180 196 517 369 152 196 27 223 80 270 91 331 206 583 558 77 73
613 296 191 519 383 636 379 465 253 166 205 194 586 614 302 69 291 649 248 160 332 219 47 32 107 256 196 596 447 387 200 198 353 228 452 372 332 198 184 639 368 254 424 175 306 347 189 359 445 219 166 316 511 197 298 530 230 88 214 560 316 643 179 244 621 572 180 116 441 510 157 278 366 182 170 288 417 212 598 646 77 329 270 238 429 130 371 81 379 482 179 240 75 546 267 303 234 85 104 297 565 213 574 308 287 365 210 605 97 235 608 634 174 201 142 284 102 653 468 645 227 617 349 372 187 549 56 177 124 511 248 237 268 315 59 624 210 242 427 250 672 640 271 445 12 289 80 361 90 611 495 414 581 119 567 443 248 54 163 443 180 526 380 256 118 194 604 337 240 558 184 564 39 177 95 426 155 628 286 350 379 540 376 119 402 643 628 591 172 187 623 300 613 349 293 276 541 59 261 552 342 511 262 245 637 613 141 413 299 644 165 186 254 479 147 179 85 206 343 268 564 310 338 244 237 447 240 182 142 308 215 240 618 659 249 544 434 243 249 378 170 219 371 499 455 227 291 215 228 572 500 618 105 332 349 309 39 154 103 79 240 297 413 186 125 419 114 604 159 312 355 215 343 267 370 152 352 70 285 636 35 157 159 457 300 186 260 142 344 142 537 230 152 181 309 244 148 111 414 557 55 254 404 335 667 432 200 329 200 580 354 317 155 351 589 610 572 167 445 197 269 170 217 184 573 243 128 193 221 61 275 266 612 552 291 287 95 142 342 163 560 292 657 276 178 404 224 157 387 41 386 334 237 544 161 205 150 321 273 171 501 299 170 349 292 190 142 175 359 149 247 310 425 306 190 432 322 279 452 255 106 297 285 592 573 113 180 293 247 230 313 240 479 276 338 240 590 399 595 603 452 184 186 461 90 62 355 583 104 0 35 614 543 156 600 108 206 256 397 495 226 262 356 442 212 261 171 327 394 266 293 584 253 546 172 207 386 325 300 293 192 495 461 111 231 140 299 647 191 157 300 44 227 247 568 334 422 201 195 209 190 408 261 256 636 312 189 340 264 118 87 330 664 476 307 24 473 230 323 594 350 413 337 157 205 550 406 223 254 103 211 179 317 148 370 241 643 562 71 143
646 261 174 551 407 668 408 500 220 156 223 160 616 644 267 34 325 683 214 126 299 231 80 32 115 272 172 627 477 407 169 167 319 262 485 397 358 193 212 670 336 219 452 173 274 378 182 394 475 246 132 349 542 176 264 560 263 54 247 593 282 674 213 258 655 604 165 129 468 540 130 243 400 208 143 315 449 180 633 675 104 359 302 213 458 95 337 69 409 516 145 205 86 579 280 269 263 61 70 330 597 215 604 329 253 332 244 637 132 261 638 666 141 235 170 309 100 685 499 674 193 651 318 402 156 582 50 208 122 545 276 204 299 341 31 658 176 209 452 270 698 672 300 479 46 321 71 327 58 643 526 445 614 86 600 476 213 44 196 476 176 560 347 222 110 160 637 303 214 585 161 597 50 181 89 459 188 656 252 320 412 569 354 129 373 677 660 624 190 158 655 332 645 315 259 310 573 94 284 584 308 544 228 217 668 645 130 442 265 676 198 171 221 512 113 211 117 172 310 235 595 276 354 272 203 479 269 148 167 336 247 214 648 690 218 576 467 274 215 353 136 251 405 527 489 193 262 190 248 605 533 651 115 298 316 333 11 141 107 46 211 331 441 188 93 445 80 636 126 341 332 181 362 241 400 186 330 38 317 669 64 124 194 490 266 152 285 116 375 173 571 262 183 185 342 210 114 88 448 588 39 220 435 369 699 465 224 363 233 613 388 349 129 381 622 642 604 160 477 165 237 165 183 170 604 211 96 201 187 64 242 295 644 583 319 253 61 153 309 187 593 324 690 241 212 437 201 180 415 31 418 368 260 577 187 223 119 287 240 139 530 321 177 315 258 225 172 185 394 120 277 343 458 340 157 466 289 246 486 235 97 262 251 625 606 138 159 275 221 210 278 267 508 242 304 206 620 422 626 635 486 151 154 494 65 96 387 614 111 35 0 646 573 123 634 126 239 288 421 527 192 230 385 474 241 228 141 359 424 291 327 615 219 580 139 177 353 357 331 260 207 527 493 136 207 116 326 681 216 132 319 19 262 278 600 300 454 205 204 217 224 442 291 289 668 343 221 368 295 149 60 364 695 507 280 14 507 255 354 628 321 441 303 122 173 582 437 246 280 118 177 190 346 131 401 213 671 596 52 131
35 883 676 95 299 23 247 230 822 633 469 786 79 68 888 675 365 96 844 759 899 501 580 619 573 459 716 26 179 349 766 764 934 405 176 298 315 615 440 43 913 846 222 593 919 268 622 312 188 414 763 302 111 699 879 109 384 690 400 79 923 49 462 479 131 43 661 551 239 117 713 883 305 450 718 354 198 779 156 105 544 288 344 746 200 731 932 682 240 178 786 836 579 96 482 905 385 659 708 325 53 571 91 382 887 930 415 22 520 400 97 21 757 421 560 365 603 40 146 91 831 93 963 248 751 95 621 437 599 189 379 849 346 340 655 122 801 819 270 431 221 27 352 201 601 325 624 941 704 9 127 204 34 732 49 191 846 627 451 185 606 162 939 851 621 803 76 913 755 157 787 85 633 562 614 204 461 168 887 877 239 116 822 559 909 147 26 57 494 800 23 314 36 939 895 341 73 561 403 72 945 107 855 776 33 1 633 226 877 34 450 660 829 140 753 435 529 816 910 839 62 919 427 383 844 167 380 769 488 320 400 754 61 52 863 76 188 371 829 840 762 395 260 184 182 824 905 732 439 104 116 51 567 900 900 358 645 641 584 680 776 334 230 575 713 263 713 34 770 313 811 802 381 777 251 470 803 683 329 72 582 740 465 161 910 784 383 699 271 532 199 384 464 561 306 822 744 668 215 57 636 861 214 294 54 184 444 295 415 74 290 296 706 266 53 13 55 618 169 773 825 605 817 656 41 815 714 540 809 602 843 355 16 74 337 891 705 543 953 475 70 322 72 871 443 212 725 485 263 652 229 291 417 90 468 472 726 915 837 743 156 382 550 940 894 435 474 531 345 714 372 432 196 340 778 201 888 891 210 727 626 897 878 65 75 516 694 730 763 713 904 391 159 862 944 840 64 315 21 11 206 763 761 157 664 552 259 56 577 614 646 0 91 768 119 540 409 358 292 124 803 817 270 174 408 836 736 287 224 384 338 35 852 137 759 769 939 289 316 869 497 122 153 515 739 688 337 91 443 766 406 658 402 367 66 925 191 555 529 533 426 236 356 358 28 302 425 296 351 497 669 290 50 147 811 632 184 412 292 119 858 236 942 753 772 67 209 430 382 552 799 525 307 660 246 771 152 194 644 639
115 803 591 55 209 113 166 228 741 549 385 708 45 71 808 601 321 178 765 682 815 414 513 545 494 371 632 66 97 258 685 683 852 349 147 208 229 528 364 99 827 767 134 508 846 197 536 281 102 334 686 243 34 615 798 17 316 615 333 111 847 102 405 391 197 71 577 472 148 33 632 806 276 371 636 270 128 698 210 109 470 214 274 661 117 655 848 615 164 174 711 758 502 119 393 827 310 581 633 268 77 483 37 293 809 846 355 73 452 320 74 111 678 360 505 280 523 127 90 104 754 163 892 171 670 120 545 366 518 204 300 775 275 254 581 190 722 738 179 345 191 117 275 180 531 260 546 859 632 95 50 129 78 660 75 163 768 551 382 152 520 182 854 772 540 728 141 831 670 85 721 122 565 477 535 170 394 131 809 791 186 31 733 478 821 219 116 117 412 730 112 246 115 859 817 280 63 493 318 89 866 87 776 691 101 91 550 140 795 111 382 575 747 109 677 364 458 741 827 757 30 843 336 305 769 102 304 691 411 240 334 669 75 121 791 81 148 301 748 751 683 327 217 94 160 746 834 648 355 148 84 130 488 817 816 271 572 557 504 605 692 283 143 489 636 172 637 107 696 234 722 723 291 691 174 407 713 611 259 154 509 661 402 121 834 707 300 619 200 476 226 317 391 476 245 742 667 589 177 61 561 785 139 245 142 135 363 242 349 124 250 229 624 192 110 81 94 533 110 692 742 520 740 571 61 734 636 454 730 526 761 278 100 18 257 814 631 461 878 396 99 253 161 792 380 159 640 406 175 582 171 239 334 107 391 388 647 835 754 663 65 294 466 859 816 375 402 447 319 634 297 401 154 295 699 170 804 817 197 640 546 818 799 124 119 440 610 641 678 627 824 312 70 782 868 763 47 223 72 84 192 684 680 118 587 482 195 42 497 543 573 91 0 695 177 461 342 292 201 99 723 734 190 123 333 755 655 221 150 300 286 56 774 167 680 687 855 223 243 787 412 90 91 440 653 607 255 174 364 698 317 587 345 297 103 844 131 469 443 447 361 206 282 293 103 234 356 213 279 425 592 235 133 67 725 559 175 331 220 174 771 147 865 676 690 74 141 347 301 474 720 441 228 578 174 687 129 231 567 556
769 160 202 674 522 791 530 619 145 212 332 77 738 766 166 95 444 806 110 54 211 329 197 150 215 374 172 750 599 516 122 121 218 383 608 513 476 253 332 792 259 118 572 246 151 501 240 512 596 364 59 472 664 189 167 681 386 83 370 716 161 796 331 357 777 727 203 235 585 662 126 125 519 326 137 433 571 125 754 796 225 482 424 199 579 54 248 112 531 638 34 101 197 702 375 153 385 124 67 453 720 291 725 440 139 241 366 759 253 380 758 789 88 356 267 426 189 808 622 795 81 773 198 524 120 705 153 331 205 666 396 81 422 457 116 780 89 130 567 379 814 795 421 601 168 444 160 224 66 766 648 567 736 39 723 599 104 147 319 599 243 681 258 117 184 42 760 206 194 704 93 720 148 267 176 582 311 773 138 257 535 690 331 231 313 799 783 747 299 54 778 455 768 206 143 433 696 214 397 707 190 667 125 182 791 768 191 562 172 798 321 210 141 635 34 334 240 51 220 156 717 155 453 392 84 601 391 81 285 457 370 195 770 812 99 699 590 397 130 322 71 374 527 645 611 90 145 181 360 728 656 774 218 208 236 448 123 195 205 92 173 452 561 267 83 561 68 759 12 462 310 98 469 213 522 307 311 86 440 792 187 85 314 613 144 61 403 126 498 280 691 385 305 271 465 128 60 132 570 711 137 102 557 491 822 588 340 485 356 736 509 472 133 504 745 764 727 224 600 107 171 235 78 211 727 137 85 291 100 172 163 417 767 705 440 136 64 255 186 304 716 447 813 134 334 560 199 295 533 123 541 490 375 699 306 331 98 177 166 105 650 433 269 206 143 346 295 282 509 114 399 450 581 460 85 588 203 123 607 237 172 148 145 748 729 256 175 281 197 217 171 386 629 145 183 96 742 533 749 758 607 96 104 617 121 218 510 736 211 156 123 768 695 0 756 239 362 411 536 650 118 167 506 597 362 146 115 482 546 407 448 738 109 702 80 131 267 480 453 169 311 650 615 256 196 137 445 803 335 68 427 113 382 401 723 192 577 289 298 306 346 563 413 412 790 466 344 487 418 272 113 486 818 629 242 137 628 372 477 750 270 560 183 59 123 705 560 360 399 228 94 288 468 173 523 180 790 716 134 188
84 886 695 138 353 121 278 153 830 650 491 785 188 185 891 666 322 60 843 755 909 529 561 612 581 494 731 135 226 411 773 771 940 376 152 347 349 639 445 159 929 846 275 614 905 279 644 257 239 427 760 287 174 717 884 191 375 683 389 69 916 165 431 512 23 109 679 559 307 184 720 877 250 458 727 380 219 786 37 223 538 301 344 765 244 725 944 659 264 119 778 835 579 70 521 901 390 658 701 304 100 599 196 423 884 941 391 137 503 416 213 120 758 400 521 392 610 130 168 210 825 32 944 270 757 67 618 431 610 102 391 837 347 375 649 24 801 824 337 461 339 120 365 156 588 319 625 947 690 110 182 232 105 718 103 158 844 623 440 160 627 79 952 850 630 794 43 920 773 260 761 58 612 583 619 176 446 285 884 897 226 208 858 568 935 48 101 65 509 781 101 310 83 942 891 325 118 543 432 90 941 119 855 791 147 120 645 274 883 143 437 679 835 137 746 429 518 806 920 847 153 910 480 396 837 192 388 770 492 341 388 773 179 159 845 101 172 369 833 873 760 387 229 267 146 822 884 748 463 35 131 70 574 910 915 395 636 655 591 673 791 305 278 598 712 325 708 85 760 332 844 803 433 797 275 449 836 670 329 64 571 741 442 157 900 781 405 705 280 496 96 375 460 583 296 827 741 672 187 116 632 854 240 265 133 181 459 271 402 54 250 295 713 282 70 131 83 636 184 777 836 624 814 675 120 822 713 564 810 601 852 365 103 160 357 886 695 556 942 483 79 320 86 870 423 206 744 494 309 634 226 266 440 80 473 494 728 915 846 747 235 420 570 942 890 411 469 551 279 719 378 366 181 301 779 168 898 879 152 752 633 894 879 56 58 517 708 762 781 735 906 406 223 865 938 837 175 377 124 116 151 766 765 154 664 538 258 162 583 600 634 119 177 756 0 544 396 350 350 127 808 829 297 177 413 842 742 286 247 409 308 134 849 54 759 777 954 287 325 875 518 133 180 515 757 695 362 60 453 743 448 643 375 366 75 927 202 581 553 561 411 193 363 347 142 302 417 327 355 489 667 271 142 199 834 621 128 430 298 6 882 287 936 750 778 105 225 450 400 557 800 546 326 672 262 787 271 82 642 652
544 344 162 446 284 562 295 425 286 119 97 247 503 531 349 145 266 588 304 220 365 112 114 94 38 148 191 519 365 281 229 227 396 201 392 275 238 131 100 560 388 307 334 101 387 272 128 328 361 128 224 258 432 180 341 447 171 156 160 495 385 563 176 136 566 500 146 21 346 429 176 345 334 90 183 195 342 242 548 559 45 251 201 229 345 194 400 188 299 430 250 297 42 483 160 366 156 120 173 246 494 124 490 203 348 397 178 528 98 142 522 560 217 167 198 188 66 579 395 560 292 557 437 292 214 486 86 117 70 465 161 316 198 218 123 567 261 281 329 144 575 566 188 393 99 225 84 404 181 538 416 336 509 207 496 386 307 92 116 384 112 475 408 311 87 268 540 377 235 465 287 501 146 86 75 369 122 535 348 359 318 454 348 30 403 590 556 525 64 281 551 234 544 400 356 223 469 102 159 484 405 443 315 251 559 539 106 325 339 568 123 148 291 414 217 118 72 281 376 303 485 382 230 157 308 373 160 230 52 222 162 235 536 581 337 475 372 175 291 357 222 160 320 407 399 285 383 209 123 513 431 551 30 366 372 209 121 118 47 147 249 255 324 101 174 322 177 534 238 228 330 262 236 262 289 135 324 161 216 571 76 201 143 392 373 245 164 161 270 181 494 172 88 90 249 284 206 129 358 484 102 324 326 287 594 366 101 277 152 516 312 249 169 273 522 534 504 110 374 234 293 104 278 145 498 278 175 94 270 67 308 185 540 473 204 352 175 42 417 66 493 224 590 332 150 340 209 56 295 148 319 282 136 479 72 97 186 375 302 204 413 196 74 401 354 166 82 72 341 176 168 318 364 273 238 377 354 357 404 227 89 357 339 527 509 30 168 254 243 205 365 150 394 323 406 301 508 296 520 530 403 224 222 395 125 81 287 503 40 108 126 540 461 239 544 0 156 195 297 428 265 285 272 374 132 299 198 259 316 168 251 507 313 492 219 233 411 258 224 332 83 426 387 35 221 151 208 585 98 258 193 144 197 178 501 386 351 107 92 108 148 359 184 199 560 243 131 251 191 70 131 275 589 396 301 113 421 134 250 538 349 323 403 214 234 480 332 121 162 13 260 74 234 130 294 246 551 519 106 112
407 491 317 315 221 431 186 270 437 273 149 390 387 414 496 270 115 444 447 359 517 195 171 216 194 191 346 392 250 253 380 378 546 58 246 207 162 275 75 436 543 451 236 246 513 146 276 173 250 91 364 110 310 336 489 331 27 287 10 354 520 440 80 198 417 367 301 175 265 309 328 481 178 92 337 130 215 393 397 449 143 132 71 385 233 329 554 273 181 279 383 439 186 340 221 505 61 263 305 93 359 250 376 183 488 550 37 401 111 98 411 429 363 31 174 135 221 448 263 446 429 412 554 174 365 343 223 39 226 312 86 443 70 159 253 420 405 430 261 158 491 435 93 242 194 83 231 553 296 406 293 214 376 325 362 238 448 227 44 237 259 324 562 454 243 399 398 527 391 369 379 358 224 220 228 220 52 441 488 515 173 343 499 184 559 440 422 385 147 391 417 96 407 546 495 71 336 152 144 345 545 305 460 406 433 408 262 224 489 440 41 302 441 273 350 39 122 411 529 454 361 515 248 85 441 243 69 374 108 126 9 391 417 455 455 338 228 46 439 510 365 18 168 313 250 426 496 365 141 366 295 412 186 518 526 166 240 274 203 277 404 99 225 237 316 248 312 398 365 126 482 408 223 417 174 65 476 276 84 430 176 346 62 251 505 385 117 313 143 144 340 25 68 222 103 433 345 279 209 351 236 458 204 133 462 226 110 125 7 374 156 113 322 152 383 406 366 262 240 383 446 253 418 299 368 429 318 211 415 206 459 85 407 350 115 490 300 181 548 111 354 89 451 475 42 198 365 121 207 243 180 130 126 337 96 153 334 519 455 353 308 173 205 546 494 45 75 190 190 326 68 189 219 117 383 228 506 485 251 381 243 498 483 386 367 127 324 403 399 360 510 91 283 470 542 441 389 249 390 398 250 372 371 255 269 144 150 381 195 206 239 409 342 362 396 156 0 51 235 289 414 439 165 236 60 449 349 122 193 128 95 379 453 343 364 385 565 121 105 482 168 289 257 123 377 304 130 442 94 357 194 250 51 51 361 531 217 230 202 217 19 206 75 50 432 108 26 160 72 94 272 125 459 276 457 226 270 108 123 390 505 228 541 354 386 344 202 122 104 169 405 187 130 286 169 402 452 365 247 268
357 536 352 264 185 381 138 232 480 308 164 436 336 363 541 319 105 396 493 406 560 210 222 263 233 195 385 341 200 225 423 421 590 76 199 170 127 304 100 385 583 497 189 276 562 96 306 147 201 97 411 63 259 372 534 280 25 335 42 305 568 389 121 206 371 316 336 212 221 259 371 529 151 115 378 105 164 437 353 398 189 84 26 421 184 377 596 324 131 235 431 485 230 292 226 552 53 308 353 54 309 273 325 166 535 592 69 351 161 95 361 378 408 71 219 114 261 398 212 395 477 364 604 125 408 295 269 81 263 270 73 492 27 130 300 373 451 474 221 158 444 384 64 198 243 33 275 598 346 356 243 163 326 374 312 192 494 273 93 190 289 280 603 500 282 447 349 571 428 321 430 310 274 247 270 174 103 393 535 553 125 293 529 221 594 395 372 336 172 441 367 46 357 592 542 31 286 202 136 296 592 256 505 445 382 358 299 177 533 389 91 337 485 224 398 79 171 459 571 497 310 563 236 75 489 193 57 420 144 88 42 428 366 404 505 288 180 24 484 541 411 37 125 266 204 473 546 403 147 319 245 363 225 560 567 142 288 310 242 325 444 71 178 264 362 206 360 348 413 84 513 453 203 454 125 115 506 325 35 382 224 391 111 202 554 432 104 355 93 189 300 26 110 249 54 477 392 322 163 301 283 506 154 94 412 177 126 83 58 325 121 63 364 103 334 355 316 295 190 427 488 284 465 334 317 472 364 234 460 251 502 56 357 299 82 538 348 213 597 140 305 39 402 521 89 149 401 150 164 293 130 88 126 289 127 168 378 565 497 397 259 156 233 592 541 87 119 216 173 369 50 196 171 96 429 182 549 534 209 414 284 545 529 337 319 167 362 432 437 394 556 85 233 515 590 488 338 215 340 348 208 416 415 206 314 193 99 330 235 256 288 358 292 411 350 195 51 0 197 239 458 480 119 186 71 492 392 72 143 115 68 329 500 298 409 427 606 70 59 526 188 239 207 165 413 345 98 394 114 408 182 300 69 24 312 577 167 253 224 237 69 164 44 8 382 57 68 119 35 140 317 80 409 226 493 274 226 109 73 344 541 183 588 401 429 294 152 129 92 208 450 212 87 325 119 441 403 324 292 305
310 623 403 215 14 313 94 313 558 363 206 534 231 259 627 443 285 370 591 513 629 224 379 390 323 178 446 267 125 61 504 503 668 273 229 28 72 337 215 297 636 591 76 321 683 133 346 290 111 178 515 194 184 427 616 183 210 453 225 283 676 298 314 198 373 262 389 302 55 176 454 636 290 215 456 111 144 517 372 277 320 126 171 470 107 489 659 476 114 279 545 584 339 280 196 653 178 414 470 215 263 291 216 101 635 658 264 274 323 163 242 312 503 263 407 113 351 327 184 281 583 347 734 112 490 283 383 238 341 322 156 612 170 82 421 369 547 558 31 160 278 318 141 255 385 180 378 675 478 294 172 128 272 504 263 237 595 390 259 225 332 314 665 596 364 563 326 647 480 175 580 293 427 291 364 226 276 240 635 597 190 181 533 306 625 398 315 303 237 578 310 169 311 678 644 209 239 360 139 263 692 231 599 503 300 291 369 78 612 311 263 387 566 220 513 235 319 576 640 574 230 674 135 159 601 163 170 516 255 109 227 479 266 318 634 253 210 189 569 552 511 216 226 119 245 573 680 460 177 315 219 323 318 632 626 89 417 374 333 444 505 240 73 301 466 30 472 301 534 113 523 546 90 499 107 295 515 458 166 347 362 488 295 207 666 536 137 442 137 377 354 213 252 289 186 562 498 416 222 248 400 616 125 226 343 191 198 213 241 303 251 161 445 123 298 282 278 347 174 514 556 334 568 383 256 552 466 266 554 364 577 149 299 217 119 642 472 285 710 234 275 167 359 616 276 185 450 242 49 438 172 215 162 271 236 208 472 657 570 486 138 105 282 679 642 279 262 264 330 458 167 381 207 265 524 234 618 652 276 446 372 644 621 309 296 284 425 444 487 435 646 160 134 602 696 590 240 29 272 284 271 507 503 209 419 343 161 241 326 397 421 292 201 536 350 297 235 197 0 226 543 548 94 188 193 573 477 161 123 131 240 256 601 315 507 505 664 162 141 604 231 218 172 286 463 429 106 366 206 553 121 438 266 185 282 665 165 278 256 256 253 249 160 203 303 161 233 79 165 285 426 202 333 153 531 407 273 167 141 345 576 63 692 506 510 252 145 176 145 308 544 258 111 396 128 499 259 370 402 375
118 772 574 44 228 145 152 129 714 529 368 673 137 154 777 558 241 160 731 644 791 405 459 502 464 368 611 114 102 287 657 655 824 281 54 221 223 516 328 159 810 734 151 492 801 157 521 191 116 306 649 180 73 596 769 102 265 574 281 67 808 165 339 387 150 82 558 442 187 82 604 768 185 339 610 255 93 670 146 197 427 179 228 644 119 616 826 560 138 76 670 723 466 58 395 791 272 545 592 202 72 475 134 296 773 823 292 123 399 294 167 143 645 299 435 267 493 162 42 188 716 131 843 144 641 61 506 320 491 111 270 731 231 249 539 148 688 709 216 335 290 148 244 83 483 207 511 832 585 120 71 106 90 613 75 69 733 511 332 61 505 94 833 738 513 686 113 804 652 178 665 74 512 461 503 81 341 230 773 776 116 123 732 450 812 175 134 97 388 680 129 196 118 828 781 219 53 440 306 57 830 18 742 672 153 124 526 148 767 158 330 557 719 16 637 318 410 699 803 730 96 803 354 275 728 65 269 657 376 217 280 652 153 175 743 50 63 255 719 748 648 277 136 162 63 711 784 628 340 92 14 123 457 793 796 268 528 535 474 564 671 210 153 475 600 203 598 109 653 208 719 690 307 676 149 348 711 565 213 143 464 628 343 38 793 670 281 589 158 408 138 265 347 461 186 712 630 557 91 69 521 745 113 169 175 63 338 171 295 88 166 179 597 158 94 125 77 515 58 662 718 503 703 554 87 706 601 441 697 488 735 245 119 92 233 776 587 436 836 365 65 205 163 758 321 90 623 376 183 532 110 167 316 51 356 371 614 802 729 632 130 293 448 828 779 313 357 429 227 604 260 312 72 216 665 78 780 773 98 629 516 783 766 99 81 403 589 637 660 613 792 284 108 751 829 726 130 254 108 114 94 652 650 34 551 432 141 117 466 495 527 124 99 650 127 428 289 239 226 0 693 711 171 54 296 727 626 170 121 284 214 103 738 90 646 660 835 171 205 760 395 10 54 401 636 578 237 157 334 645 321 539 279 251 73 813 78 458 429 437 305 114 244 238 151 185 307 201 237 379 555 167 174 81 712 514 77 308 179 121 760 163 827 639 662 58 100 327 277 441 687 423 202 553 138 667 226 149 530 532
808 80 149 710 531 826 557 682 29 182 339 41 762 791 85 158 512 852 55 73 107 320 272 204 230 368 105 782 627 511 39 41 132 447 656 525 495 216 365 822 146 51 592 224 171 537 204 579 621 390 66 521 694 127 76 707 433 139 420 760 142 825 403 348 829 764 159 252 596 691 90 106 585 354 88 452 606 28 810 816 271 516 465 108 606 101 145 216 563 692 86 53 228 748 358 114 421 151 124 506 759 263 749 443 96 139 427 791 317 403 779 824 52 416 360 443 200 843 660 818 70 821 229 556 53 751 192 377 205 725 425 119 462 472 168 831 30 17 574 384 817 830 451 655 235 489 183 140 158 802 678 599 774 142 761 650 64 188 370 648 215 737 154 58 182 91 805 113 99 717 207 766 236 253 190 632 368 783 97 139 582 713 220 245 196 853 821 790 311 160 816 498 808 136 106 484 733 284 408 748 151 708 58 79 822 803 174 584 75 831 375 164 29 678 95 379 296 97 118 43 747 144 438 420 91 637 424 45 317 484 421 100 796 843 160 739 637 439 26 208 58 421 581 660 662 50 200 101 369 777 696 816 236 106 125 458 186 170 219 147 70 511 582 246 101 571 113 799 106 490 199 21 464 108 552 371 202 168 480 836 245 69 379 657 142 57 422 104 535 366 753 434 348 256 512 19 80 136 621 748 180 96 589 547 858 631 360 538 409 780 569 514 98 537 787 797 768 198 638 31 53 211 56 167 762 19 98 278 23 208 50 449 804 735 466 107 139 262 181 329 758 489 855 75 395 604 119 318 551 209 584 543 389 744 336 337 80 113 50 61 670 439 261 137 104 409 339 279 583 89 433 535 628 524 37 640 96 140 664 151 177 104 78 792 774 291 122 191 98 140 102 412 654 59 158 64 768 535 783 793 664 42 43 660 145 280 552 764 227 226 192 803 723 118 808 265 414 458 543 693 0 50 534 639 397 36 67 524 579 423 507 770 68 755 54 40 161 522 489 68 313 691 651 293 109 116 468 850 361 185 425 194 445 443 766 122 616 269 288 291 401 620 449 461 822 508 391 510 455 320 143 537 852 658 129 202 683 392 514 802 153 579 153 73 34 744 596 376 422 252 25 286 497 147 558 78 802 778 168 168
825 88 146 725 536 840 570 708 27 186 349 90 772 801 89 197 542 871 90 120 81 324 308 237 248 370 102 796 639 511 62 64 120 476 677 532 505 213 383 834 107 82 602 227 204 553 203 608 632 405 113 543 707 122 74 718 456 178 444 778 166 836 435 350 851 779 159 269 602 703 111 137 614 371 102 464 622 50 833 824 298 532 485 85 618 145 116 261 578 715 135 92 253 767 357 135 439 181 166 530 774 260 758 448 119 113 455 804 348 418 788 838 92 444 400 454 219 857 676 826 114 840 261 571 76 770 221 401 219 750 440 162 482 481 203 852 79 42 579 391 817 844 467 678 270 510 208 127 203 817 691 614 789 189 776 671 101 219 396 668 216 760 123 89 198 140 824 99 75 723 257 784 277 258 211 654 396 787 122 92 603 722 173 261 148 875 836 807 324 209 831 518 825 135 130 508 749 318 417 765 164 725 84 50 834 817 185 595 68 844 401 162 37 697 143 402 325 144 93 33 760 170 435 436 133 653 442 90 336 498 445 76 807 855 204 756 657 460 49 160 103 445 605 667 684 94 240 90 379 797 713 833 255 83 88 466 223 177 238 185 45 537 592 248 138 577 154 815 155 505 154 70 465 71 567 401 157 211 500 854 277 107 409 675 172 106 435 126 552 403 778 457 372 260 534 46 125 161 643 763 212 134 604 571 871 650 374 562 434 799 594 533 116 553 804 811 785 202 655 68 8 215 102 165 777 32 135 282 71 235 32 466 819 747 480 134 182 275 205 346 775 509 872 98 424 624 103 335 561 250 603 567 401 762 355 347 112 121 23 91 679 445 269 136 128 438 363 287 614 115 451 571 648 552 84 661 70 177 688 125 196 125 95 810 792 313 124 159 70 122 110 427 664 72 178 104 779 537 797 808 687 81 77 679 175 312 571 776 246 262 230 817 734 167 829 285 439 480 548 711 50 0 547 657 416 39 92 543 594 434 533 784 102 777 97 55 127 542 506 59 322 708 667 316 90 135 480 868 377 235 428 234 474 463 783 123 633 270 293 292 428 644 467 484 835 527 415 522 474 346 176 560 865 671 82 238 706 405 532 823 103 589 171 119 57 760 612 387 436 272 74 294 511 158 574 52 807 803 198 179
278 614 407 178 86 293 23 230 553 363 200 518 231 260 619 412 194 329 576 492 629 234 330 357 304 197 446 248 93 143 496 495 664 191 155 72 53 347 175 288 643 578 71 324 657 39 353 197 89 145 496 101 160 430 609 175 138 426 155 237 657 291 240 216 320 232 392 282 103 157 444 617 196 182 448 85 78 510 312 290 282 37 95 477 73 466 662 431 33 205 521 569 313 229 224 638 122 392 443 124 228 305 219 128 620 660 188 257 269 131 252 291 488 190 338 97 334 309 132 289 564 302 704 27 481 232 356 182 329 248 111 586 95 79 391 319 533 550 109 165 326 297 86 175 344 94 356 672 444 269 144 67 242 472 230 159 579 361 200 149 337 245 669 583 352 539 283 643 486 205 537 245 381 293 346 145 214 276 619 608 101 184 562 289 643 345 289 264 224 543 284 81 278 670 628 122 203 309 136 221 677 182 586 506 288 269 363 59 607 297 202 390 559 160 488 179 272 552 640 569 213 653 192 115 579 108 116 501 222 50 157 485 264 309 603 211 134 120 560 578 494 148 134 148 169 557 647 462 171 262 170 288 299 630 631 99 383 371 315 416 507 148 59 307 446 93 448 269 507 45 549 533 147 508 22 230 541 423 84 310 322 472 228 141 645 517 113 430 43 308 280 141 204 292 94 553 478 400 138 216 371 595 58 132 324 119 174 119 172 258 158 70 436 29 259 264 240 348 113 503 555 336 550 387 229 546 447 272 541 336 574 90 272 201 68 624 442 273 689 206 232 82 327 603 207 103 456 216 49 396 86 121 148 222 201 202 457 646 567 474 145 124 281 671 626 205 215 262 236 445 109 290 128 173 510 153 618 627 194 460 357 629 609 267 251 251 424 467 494 445 635 122 123 593 678 573 236 119 250 260 190 494 492 144 397 296 68 231 308 356 385 270 190 506 297 272 165 119 94 171 534 547 0 121 144 566 467 68 50 115 149 236 585 253 491 499 670 69 61 599 227 166 121 251 469 418 68 326 174 512 153 400 185 115 240 656 95 288 260 267 184 161 96 123 288 71 173 30 95 238 403 108 318 124 544 371 197 142 51 291 591 64 675 486 502 214 72 160 112 284 531 256 39 390 40 502 289 300 378 369
172 718 520 81 188 195 104 131 659 476 315 619 168 190 723 504 198 214 677 590 737 353 407 449 409 317 557 159 76 249 602 600 770 232 42 178 174 463 274 204 756 680 117 439 748 104 468 158 89 252 595 128 90 542 715 119 211 520 227 122 754 209 290 336 200 131 504 387 160 95 549 714 154 285 556 203 45 616 191 231 374 125 174 590 85 562 772 508 88 91 616 669 411 111 345 737 218 491 538 151 123 423 161 248 719 769 241 168 346 240 197 193 591 248 388 216 439 213 33 224 662 184 790 94 587 114 452 266 437 134 217 678 177 199 485 199 634 655 185 284 308 199 190 73 429 153 457 778 532 170 78 61 140 560 126 53 678 457 279 40 451 127 779 684 458 633 167 750 599 186 614 128 459 407 449 51 288 249 719 722 66 138 681 396 759 225 186 151 335 627 181 142 171 774 727 168 100 388 255 110 776 70 688 618 200 173 472 111 713 206 277 504 665 40 583 264 357 645 749 676 133 749 310 221 675 32 215 603 322 164 227 598 191 222 690 102 28 201 664 696 594 223 94 154 58 657 732 574 287 143 59 178 403 739 742 220 474 481 420 510 617 163 116 422 545 170 544 162 599 155 667 636 263 622 99 297 659 511 159 198 410 573 291 20 739 616 228 535 105 359 165 212 293 408 133 658 576 503 56 116 467 691 66 123 226 12 284 122 242 142 127 125 542 105 148 172 131 461 18 608 664 449 649 500 133 652 547 388 643 434 681 191 171 124 180 722 534 382 783 311 119 151 217 704 270 39 570 322 142 479 56 119 263 105 302 318 560 748 675 578 127 245 394 774 725 262 303 376 198 549 206 278 32 173 611 55 726 720 94 576 462 729 712 153 135 349 535 585 607 560 738 230 98 697 775 672 165 217 156 163 89 598 596 23 497 379 87 154 412 442 474 174 123 597 177 374 236 186 188 54 639 657 121 0 241 672 572 116 72 232 166 147 684 132 592 606 781 117 151 705 342 53 35 347 583 524 185 211 280 592 273 486 229 197 127 759 26 405 377 385 253 86 190 185 198 131 253 151 183 326 501 117 224 73 659 460 86 254 124 171 707 127 773 585 608 108 49 274 224 387 633 370 149 499 85 613 251 182 476 478
412 477 284 314 179 431 167 302 418 239 95 378 375 403 482 268 167 455 436 350 496 141 188 213 168 132 318 389 236 201 361 359 529 117 261 166 123 234 33 430 517 439 212 206 513 140 237 217 234 31 355 130 302 305 473 319 54 283 55 363 515 434 134 140 435 368 268 146 232 300 308 475 221 46 315 83 210 374 419 434 137 120 69 354 217 323 532 288 169 301 378 428 171 351 162 497 23 251 300 124 362 202 363 127 479 529 97 398 130 39 397 429 349 90 217 84 198 448 263 433 422 425 559 162 346 354 213 45 197 338 38 442 66 113 248 436 393 413 222 98 463 435 59 264 200 96 216 536 300 407 286 205 377 327 364 256 438 218 67 253 219 346 539 443 218 395 408 509 361 346 394 369 238 177 208 239 85 417 479 485 187 328 458 155 526 459 424 393 101 398 419 102 412 532 487 101 337 168 85 351 536 311 447 379 429 408 233 201 472 437 72 268 423 281 345 42 129 408 508 435 355 511 189 34 437 241 28 362 81 96 58 361 407 450 459 342 241 47 423 471 353 49 194 288 269 416 503 336 82 381 299 419 161 498 502 114 239 243 178 272 378 140 201 194 305 212 305 402 363 100 442 395 168 386 159 106 435 279 84 439 178 333 107 260 502 376 62 293 138 188 369 57 60 179 120 416 336 261 228 352 228 453 195 164 462 234 55 152 63 383 192 117 301 142 389 403 371 226 242 366 424 215 409 265 367 410 306 164 402 194 440 54 408 343 80 483 298 144 546 71 361 93 458 463 93 208 333 82 177 252 187 157 66 347 61 98 319 507 434 336 289 117 163 533 485 101 71 146 240 308 36 248 232 164 370 247 485 484 277 344 221 489 471 395 377 108 296 361 369 325 497 35 267 455 536 432 379 202 388 398 275 356 354 263 256 153 155 374 171 212 241 408 333 362 413 132 60 71 193 296 397 416 144 241 0 431 330 127 185 72 137 376 444 362 351 365 541 126 92 464 117 294 255 107 346 283 89 453 43 369 135 256 110 49 369 518 219 182 153 166 71 233 52 77 429 111 45 128 58 95 261 148 458 266 424 227 292 48 117 407 472 202 534 345 367 347 200 63 51 145 392 141 105 259 162 374 431 392 236 239
842 53 173 743 560 859 589 718 15 210 370 72 794 822 56 194 548 886 53 107 71 349 308 239 263 396 129 815 659 538 70 72 98 483 691 555 526 241 398 854 114 44 623 252 166 570 230 615 653 422 99 555 727 150 43 739 468 174 455 794 128 857 439 376 864 797 185 285 626 723 123 99 621 387 118 484 639 57 845 847 307 549 499 120 638 136 109 249 596 727 112 57 263 782 385 97 454 187 159 541 792 288 780 472 81 104 462 824 353 436 810 857 88 452 395 474 233 875 693 848 81 855 223 589 85 785 227 412 237 760 458 127 496 503 203 866 57 19 603 414 844 863 484 690 271 523 217 105 192 835 711 632 807 173 794 684 64 224 405 682 242 772 119 51 215 112 839 78 110 747 230 800 271 282 223 667 404 812 83 113 616 744 209 277 169 888 854 824 343 181 849 532 842 105 91 519 767 319 439 782 129 741 46 86 854 835 205 616 41 863 410 189 7 712 127 414 332 114 82 10 779 132 463 453 98 670 458 80 351 516 456 111 828 875 168 773 671 474 16 194 93 456 616 690 697 61 203 120 400 811 729 849 270 70 92 488 222 199 253 182 79 546 613 273 137 601 148 832 134 523 190 49 492 110 585 407 194 203 514 870 280 105 415 690 133 86 454 138 568 401 788 468 383 284 547 19 115 171 655 781 216 97 622 582 890 665 392 573 444 814 604 548 130 571 820 830 802 226 672 66 37 239 72 192 795 21 134 307 46 243 17 482 837 767 499 96 174 294 167 362 792 523 888 60 430 638 135 351 582 244 618 578 421 777 370 368 115 87 23 95 701 468 291 107 89 445 374 309 619 123 467 571 662 560 72 674 61 139 699 161 210 87 57 825 808 325 148 197 106 156 75 445 685 34 140 69 800 563 816 826 699 78 78 694 180 316 586 796 260 261 228 836 755 146 842 299 449 492 573 727 36 39 566 672 431 0 100 558 612 455 542 803 65 790 90 68 126 556 522 33 344 725 684 328 124 149 500 883 394 211 453 229 481 477 799 92 650 296 317 318 437 655 483 495 855 542 426 542 489 355 179 572 884 690 119 237 718 424 548 836 132 610 134 108 64 777 629 407 454 286 54 316 529 177 591 87 832 813 203 199
742 148 94 643 464 759 490 618 88 119 273 63 695 724 152 110 450 786 114 62 168 255 217 145 163 302 58 715 559 446 31 29 198 385 590 458 428 156 298 755 198 114 525 160 220 470 144 517 554 323 59 455 627 77 143 640 367 92 355 693 202 758 344 283 764 697 100 185 530 624 23 163 523 287 26 385 539 44 745 749 208 449 399 86 539 70 205 182 496 627 97 109 163 681 295 177 354 89 84 441 692 201 681 377 158 201 364 724 256 336 712 757 32 354 311 376 133 776 593 751 114 755 277 489 16 685 129 312 138 661 358 156 396 405 112 765 72 83 508 317 751 763 384 590 179 423 118 206 124 735 611 532 707 120 693 584 120 127 306 582 152 672 213 120 115 112 739 178 82 651 207 699 189 188 123 566 305 717 159 179 516 646 224 177 232 787 754 723 244 168 749 432 741 203 168 419 666 226 341 681 215 641 122 78 755 736 108 517 141 764 311 106 93 612 81 313 234 123 180 105 680 201 375 353 135 570 357 45 250 417 356 83 729 776 192 672 570 373 93 220 48 356 516 593 597 99 238 66 303 711 629 749 169 169 180 391 133 105 152 96 71 447 515 182 52 505 71 732 105 423 202 70 399 106 485 310 202 127 414 770 185 30 318 590 197 72 355 37 468 313 689 368 283 191 446 86 56 71 555 681 120 146 522 482 790 564 293 473 344 714 505 447 32 470 720 730 701 134 571 37 99 147 98 108 695 80 48 214 77 144 110 382 737 668 399 167 102 195 239 262 691 422 788 139 332 538 84 251 484 164 518 478 322 677 270 271 24 180 106 11 603 372 196 204 166 347 274 213 523 23 366 480 562 461 51 574 157 189 600 122 110 167 144 725 707 225 66 166 87 102 169 345 586 126 220 117 701 469 716 726 599 31 26 593 83 220 485 697 160 171 141 736 655 115 742 198 349 392 477 626 67 92 467 572 330 100 0 457 512 356 443 703 125 690 39 37 218 456 422 134 247 624 584 227 82 49 401 783 293 179 359 147 383 376 699 189 549 206 223 226 338 555 382 395 755 441 326 443 389 256 84 472 785 591 142 147 618 325 448 736 181 512 216 56 37 677 529 308 355 185 68 219 430 82 491 75 736 714 106 102
287 603 409 193 152 309 78 187 545 365 208 503 266 292 608 388 127 329 561 474 623 251 294 333 295 223 445 270 131 205 488 486 655 132 134 136 104 356 160 313 644 564 130 330 633 32 360 133 134 142 479 33 188 431 600 210 97 404 113 237 638 318 186 239 308 245 393 274 169 188 435 598 133 172 442 110 93 501 293 328 258 35 58 480 117 446 659 395 66 177 500 553 296 224 254 621 104 376 422 57 238 319 255 170 604 656 135 279 233 133 291 307 475 139 286 123 324 327 141 325 546 298 676 61 473 227 337 151 324 216 108 562 61 122 370 309 518 540 177 187 380 313 83 141 314 39 341 663 417 284 171 94 255 445 241 131 563 342 164 126 343 221 666 568 345 517 282 636 487 256 502 242 346 299 334 113 175 327 603 612 61 224 578 282 650 333 301 267 224 513 296 26 287 658 611 61 214 274 159 226 661 185 573 506 311 287 359 117 598 318 163 393 550 155 467 148 242 529 635 562 239 633 240 111 559 121 102 487 207 73 113 487 295 333 576 218 114 85 549 592 478 108 79 204 143 541 618 463 184 254 174 293 288 625 629 140 359 369 305 394 505 81 120 315 430 160 428 278 483 63 563 520 198 512 63 186 555 396 43 313 295 458 181 133 624 500 127 420 27 256 248 97 178 300 28 543 460 387 103 230 351 576 84 67 341 108 174 53 129 257 95 10 428 41 264 284 246 351 119 493 551 339 533 390 246 537 431 282 527 318 567 81 286 228 82 607 418 270 667 198 235 35 332 589 160 81 459 209 117 365 60 56 160 220 188 212 445 633 561 463 193 162 285 659 610 154 188 267 170 434 92 222 105 105 496 122 612 604 156 468 347 613 596 268 250 233 423 481 495 450 623 122 165 582 659 556 267 185 268 277 154 482 481 137 381 265 29 259 298 327 359 287 221 482 286 259 122 72 161 170 524 543 68 116 127 558 457 0 74 135 82 257 568 235 477 492 668 2 42 591 235 169 135 231 472 410 94 326 167 479 192 371 127 81 243 644 96 300 271 281 140 115 77 72 310 16 138 85 69 210 385 42 337 155 549 345 168 148 22 280 598 127 657 469 493 224 80 168 120 272 517 262 60 386 50 501 336 270 360 366
230 659 455 131 120 247 33 190 599 411 248 562 194 221 664 452 193 280 620 535 675 284 363 397 349 247 494 204 57 181 542 540 710 207 109 109 102 396 216 246 691 622 65 373 697 47 402 178 60 190 539 103 118 478 655 137 167 467 184 187 700 250 261 266 270 185 440 327 109 116 489 660 176 225 495 134 29 555 263 255 321 65 124 525 44 508 709 465 17 159 563 612 355 179 274 681 162 435 485 128 180 354 182 176 663 707 209 213 303 177 218 245 533 213 360 146 379 264 82 252 607 252 742 24 527 182 398 217 376 202 155 626 126 128 432 269 577 595 127 215 307 251 128 132 381 112 400 718 483 223 101 21 194 511 182 115 622 403 233 104 385 198 716 627 397 580 233 690 534 182 572 195 416 341 390 103 245 252 663 657 71 150 611 335 692 295 242 214 271 580 237 98 230 715 671 136 155 343 185 172 721 133 631 554 244 224 409 54 653 253 233 439 605 110 530 214 309 593 687 615 170 695 238 159 621 59 157 545 264 97 185 533 224 266 642 162 88 151 605 627 538 178 109 132 123 600 685 510 219 213 120 239 343 677 678 148 423 418 360 457 554 149 58 355 489 110 490 220 547 89 598 578 192 557 28 258 590 462 110 261 360 516 254 92 686 560 161 475 51 330 234 168 242 341 101 598 521 444 99 169 413 638 11 120 278 71 221 111 200 208 139 82 482 43 210 219 191 396 64 549 602 384 593 435 183 591 490 321 585 379 620 131 225 159 114 667 482 320 730 251 183 104 278 647 233 62 505 261 74 433 51 111 196 172 244 251 502 690 614 519 118 173 329 716 670 228 252 310 219 490 148 286 84 169 554 111 664 668 153 509 402 673 654 218 201 293 471 516 542 493 680 167 90 638 721 617 196 152 204 214 149 539 537 94 441 332 55 190 352 394 424 224 150 546 247 316 193 143 123 121 579 594 50 72 185 612 512 74 0 164 151 192 628 204 535 545 718 76 93 645 276 116 73 292 518 464 116 277 219 548 202 438 202 147 191 701 46 337 309 316 212 126 133 145 244 86 206 80 129 275 445 101 273 83 593 410 152 189 71 242 640 68 718 529 548 166 23 208 159 328 575 304 83 437 25 549 261 253 420 416
393 504 292 293 117 407 137 321 441 249 85 410 339 368 508 313 220 444 468 386 515 120 250 259 196 89 333 362 205 130 385 383 552 181 262 107 71 232 86 399 529 469 169 210 555 131 238 255 198 49 390 154 273 316 498 284 112 324 121 351 551 402 206 105 432 347 277 175 178 269 333 511 258 84 337 30 193 398 421 394 189 109 96 362 184 362 548 345 147 308 418 460 210 342 119 530 68 287 341 160 343 190 325 55 512 546 164 370 196 34 356 405 380 159 289 20 226 423 246 395 458 416 605 140 370 345 254 117 218 349 43 484 93 50 291 431 424 438 162 52 408 411 55 274 254 122 250 559 348 384 257 182 356 374 344 261 471 260 138 254 222 351 555 474 241 435 397 531 371 298 449 359 297 178 238 245 156 367 512 494 194 290 449 180 528 457 403 378 112 448 398 120 393 559 520 142 317 230 24 336 569 297 477 392 400 383 250 161 495 410 144 276 447 272 385 114 189 449 527 457 326 548 122 43 474 222 61 393 124 68 124 371 373 421 505 326 240 94 449 464 387 112 213 239 273 449 550 348 56 375 284 403 191 517 517 44 287 257 207 315 393 182 159 192 340 154 344 383 406 78 435 424 96 394 136 178 427 327 104 425 231 364 179 252 540 411 11 319 131 260 381 115 124 178 143 442 372 291 236 331 270 490 173 192 438 228 67 179 132 372 222 127 325 127 374 377 355 234 227 393 442 221 443 272 343 434 340 157 431 234 461 61 387 313 54 517 343 161 584 103 347 112 441 494 164 207 342 112 128 307 186 183 34 336 105 88 348 536 454 364 247 45 166 560 519 172 134 147 285 335 65 309 233 209 401 254 504 525 291 345 248 521 500 382 365 153 310 353 379 330 525 37 231 482 571 466 345 135 363 374 288 385 381 255 292 213 157 342 200 266 291 384 300 407 409 168 128 115 131 284 423 434 115 232 72 455 356 135 164 0 181 350 477 362 383 387 556 135 92 487 113 280 236 155 355 307 48 441 75 422 68 307 173 92 354 545 207 173 145 152 142 250 72 122 401 122 117 88 82 156 298 170 431 237 429 276 300 36 116 403 476 156 568 380 390 329 185 48 24 179 422 141 83 278 147 388 383 403 274 256
330 583 412 247 230 359 160 175 531 368 232 482 331 356 589 359 45 360 538 450 611 278 252 306 289 263 442 325 205 279 474 472 639 68 165 214 176 368 164 370 638 543 211 339 597 113 369 80 211 165 455 49 252 431 583 278 85 377 92 274 609 375 125 274 328 295 396 270 251 254 423 570 84 180 432 166 161 488 306 395 236 114 85 480 195 420 648 351 146 190 471 530 281 259 294 595 122 356 395 25 286 339 322 229 579 644 83 334 195 163 359 356 456 92 222 177 316 376 198 389 519 327 635 142 459 262 316 134 321 219 141 529 88 187 344 332 497 524 258 226 457 362 127 153 281 63 326 646 382 334 237 168 304 410 289 153 538 320 137 156 352 233 656 546 338 487 315 620 486 332 454 277 304 312 323 137 139 402 578 610 100 294 593 279 654 351 347 306 236 472 342 72 330 638 585 39 265 235 203 269 634 231 551 502 365 338 357 199 582 371 132 397 535 198 439 134 212 498 623 548 299 603 299 142 530 184 125 467 203 139 90 486 357 387 537 263 150 92 532 604 457 93 80 283 165 517 576 460 215 281 223 333 281 612 621 202 329 369 298 368 499 4 201 329 408 242 403 322 452 132 576 501 263 513 144 141 569 363 81 349 265 439 134 177 592 476 170 407 109 194 246 82 163 314 55 526 437 373 126 281 328 547 160 45 389 155 193 44 100 293 62 80 417 123 305 337 290 356 176 477 541 347 508 394 299 523 410 300 507 299 553 120 333 290 139 580 388 274 634 202 276 76 371 566 115 128 460 213 198 326 115 47 194 258 188 235 427 611 549 447 268 220 297 638 584 103 170 281 105 420 118 141 142 29 476 143 600 571 159 475 338 588 575 305 287 222 420 495 495 455 602 153 239 563 631 531 330 262 321 327 159 465 465 181 362 231 97 320 291 293 327 338 286 448 308 251 95 68 240 214 507 533 149 166 137 542 443 82 151 181 0 313 544 254 456 480 660 80 103 576 254 216 195 218 472 398 155 358 179 435 247 335 67 92 283 623 155 319 290 304 106 115 109 61 364 79 120 162 99 188 364 51 388 224 552 314 180 178 99 303 600 209 629 445 480 271 149 197 159 264 497 277 131 381 129 497 408 271 340 363
60 850 642 66 264 57 214 221 789 599 435 754 54 57 855 644 342 124 812 727 865 466 551 588 541 424 682 12 145 314 733 731 900 379 156 262 280 580 408 57 878 814 187 559 889 237 587 293 153 381 731 274 76 665 846 74 354 659 371 77 891 62 436 444 151 29 627 518 204 82 680 851 287 417 685 320 166 746 170 100 512 256 313 712 166 699 898 653 208 167 755 804 547 92 447 873 353 627 676 298 41 536 62 347 855 896 387 22 490 367 80 56 724 394 534 330 570 73 117 89 799 114 933 215 718 92 589 407 566 186 346 818 316 305 624 143 768 786 235 396 209 62 320 184 571 296 591 908 673 39 92 172 30 701 37 172 814 595 421 164 571 160 904 818 588 771 93 880 721 129 759 87 603 527 581 183 432 152 855 842 213 83 787 526 874 170 60 70 460 770 55 284 61 906 863 313 50 531 369 62 912 85 822 742 53 35 599 192 843 61 420 625 795 118 721 404 499 784 876 806 27 887 391 350 813 136 348 737 456 287 371 720 53 75 833 60 164 341 796 805 729 365 237 150 164 792 875 698 405 111 91 76 534 867 866 323 614 607 551 649 742 309 195 541 681 228 682 53 739 280 776 769 346 743 218 442 767 653 298 100 551 708 437 137 878 752 349 666 240 506 201 355 433 527 278 789 712 636 193 35 605 829 181 269 88 158 411 269 386 82 268 267 672 234 64 27 54 583 139 740 791 571 785 622 18 782 682 505 777 570 810 322 44 39 304 859 674 509 922 442 66 291 105 839 415 185 691 452 228 622 201 265 383 82 436 438 693 882 804 710 121 347 516 907 861 408 443 497 328 681 340 414 172 317 745 181 854 860 196 692 593 864 845 78 80 484 660 695 728 678 871 358 124 829 913 808 41 280 15 28 192 731 728 133 632 522 230 28 544 584 615 35 56 738 134 507 379 329 256 103 770 784 236 147 376 803 703 257 192 350 313 0 820 139 726 735 905 259 285 835 462 98 122 484 704 654 303 120 410 737 371 628 376 337 65 892 162 521 494 499 397 217 325 329 53 272 395 262 320 466 637 264 82 113 777 601 171 379 260 132 824 201 910 721 738 50 178 396 348 520 767 491 274 626 215 737 140 200 612 605
855 52 215 758 588 875 608 718 76 244 395 66 815 843 58 185 544 896 13 95 109 380 298 238 281 427 172 832 678 571 104 105 109 481 699 581 548 280 412 873 162 21 645 286 104 584 268 612 673 440 90 562 745 193 63 759 475 167 460 805 77 876 432 408 870 812 224 303 652 742 148 39 619 403 150 505 654 95 850 870 311 564 510 175 657 124 143 221 612 732 77 17 273 792 420 53 467 193 149 546 806 326 801 501 35 135 462 841 350 454 833 873 98 452 375 497 251 892 707 871 28 865 162 605 115 795 232 419 260 763 474 65 507 526 200 873 54 63 632 441 876 879 500 695 264 532 229 115 170 851 728 648 821 145 808 691 6 227 409 690 278 776 153 14 237 68 850 99 166 773 179 810 253 313 239 674 405 841 35 173 625 766 274 296 227 894 868 835 365 129 863 542 855 98 43 524 781 312 463 794 92 754 22 144 872 852 233 637 70 881 413 229 66 723 106 421 332 63 117 74 798 77 500 470 36 685 472 84 364 534 461 167 848 893 105 786 680 483 53 259 91 463 621 715 704 28 138 169 425 819 742 862 286 105 140 514 215 230 270 176 135 548 635 307 139 628 141 846 101 540 255 56 524 171 602 404 259 186 525 881 279 113 412 701 74 68 475 159 582 386 789 475 391 316 555 58 108 185 662 796 218 32 638 586 906 676 411 578 448 825 605 559 157 586 832 847 814 260 685 90 101 273 36 231 811 73 138 339 49 250 79 497 852 786 517 42 158 316 114 378 804 533 901 25 430 649 186 368 605 227 629 583 443 788 384 393 129 69 87 116 724 496 320 97 42 443 381 337 612 143 480 556 671 558 76 681 103 75 703 218 229 45 36 837 818 336 187 257 164 207 62 462 706 43 95 13 820 594 832 842 702 94 100 705 188 313 597 815 277 253 219 852 774 109 849 313 453 500 601 738 68 102 585 684 444 65 125 568 628 477 544 820 0 796 94 107 164 567 536 71 370 737 699 337 177 172 520 894 410 166 484 214 480 487 811 83 663 331 348 352 439 658 496 502 872 553 432 562 501 360 183 578 901 709 184 231 723 444 561 844 195 633 91 100 100 791 644 429 473 300 57 343 546 207 606 144 859 814 209 227
109 833 645 116 316 147 236 102 778 600 442 732 190 195 839 612 267 110 790 701 857 482 507 558 529 449 680 144 192 376 721 719 887 322 101 308 306 590 394 180 879 793 240 565 851 232 595 203 206 377 707 235 153 666 831 176 322 630 336 61 862 186 377 466 74 110 629 508 277 163 668 824 196 407 675 333 176 734 59 237 485 253 293 715 208 672 893 605 220 65 725 781 527 48 477 848 339 605 648 250 98 552 194 380 831 889 337 149 449 367 219 146 706 346 467 346 558 161 131 225 772 78 889 225 705 48 565 378 559 55 342 783 296 331 596 78 748 772 305 414 347 148 316 102 535 267 573 895 636 128 156 191 111 664 102 106 790 570 387 109 578 27 900 797 579 740 75 868 723 251 707 53 558 534 567 123 392 289 830 847 175 196 811 516 886 98 129 81 459 727 126 259 108 889 838 272 104 489 385 79 887 89 802 741 169 138 594 237 830 168 383 629 782 96 692 376 464 752 869 795 149 857 441 346 783 153 337 717 441 294 335 722 190 186 791 86 123 317 781 825 707 334 175 247 93 769 830 698 416 36 99 101 522 858 864 352 582 604 539 620 740 250 242 550 659 292 655 105 706 285 797 751 394 747 231 395 789 617 278 107 518 688 388 112 846 728 357 653 231 442 63 322 407 535 243 774 688 619 135 110 579 800 197 211 168 134 409 218 348 63 195 245 661 235 84 146 85 586 142 724 785 575 760 625 121 770 660 516 758 548 800 315 124 152 309 833 641 506 889 433 73 269 130 817 369 156 694 444 271 580 177 213 392 60 422 445 676 862 795 695 214 376 520 889 837 357 416 502 228 667 328 315 131 246 726 116 846 825 98 703 581 841 826 75 62 465 658 714 731 685 853 356 196 812 884 784 178 343 134 130 97 714 712 109 611 485 209 164 531 546 580 137 167 702 54 492 343 298 315 90 755 777 253 132 362 790 690 235 204 362 254 139 796 0 706 725 903 236 275 823 469 98 143 462 707 643 315 110 403 689 405 590 321 314 74 874 158 533 505 514 357 139 312 295 164 251 365 283 304 436 614 218 174 169 785 567 74 381 249 49 833 252 883 697 726 95 181 402 352 505 747 497 279 621 216 736 279 64 589 601
763 127 133 665 494 782 514 631 82 155 301 28 721 749 132 104 460 805 85 27 161 287 218 151 187 335 97 739 584 478 43 41 183 395 608 487 454 194 319 779 200 88 551 195 183 491 181 527 579 346 21 472 651 116 126 665 384 85 370 713 169 782 350 316 781 719 138 209 558 648 58 129 534 310 65 411 561 48 761 776 221 471 418 119 563 48 199 165 519 643 58 78 181 701 329 147 375 101 70 457 713 237 707 407 129 193 375 748 264 361 739 780 8 365 306 403 157 799 614 777 78 774 240 512 40 704 141 328 166 675 381 117 415 432 114 783 42 71 538 347 783 786 407 606 182 441 135 190 106 758 635 555 729 94 715 601 89 137 320 599 188 688 208 92 143 72 758 165 114 679 173 719 182 221 145 583 317 747 129 189 534 672 252 202 244 804 776 744 271 131 771 451 763 182 137 435 688 230 369 702 186 662 96 103 779 758 141 543 127 787 325 145 83 632 49 330 245 84 172 97 704 167 409 376 97 592 379 11 271 441 371 115 754 800 153 693 589 392 77 244 9 373 532 621 614 67 198 103 331 729 650 770 192 160 179 420 133 140 176 93 94 460 541 216 48 534 59 753 69 447 230 44 432 133 508 319 231 115 433 790 192 19 327 610 162 33 381 66 489 312 702 385 300 224 464 72 28 91 572 703 128 111 545 497 813 584 317 489 359 733 518 467 67 493 740 754 722 170 593 30 103 182 62 146 718 73 46 246 51 159 104 404 759 692 423 135 86 222 205 285 712 442 809 112 343 557 121 274 511 155 537 494 349 697 291 299 35 156 103 28 630 402 227 182 136 357 290 244 530 51 387 481 580 473 19 591 150 151 614 159 135 138 120 745 727 244 105 203 117 140 146 369 612 106 189 84 726 500 739 749 614 17 24 613 95 227 505 722 183 172 139 759 680 80 759 219 364 409 507 646 54 97 491 592 351 90 39 477 535 383 456 726 94 706 0 51 215 475 443 121 276 645 606 245 117 80 426 802 317 146 391 140 394 395 719 167 570 240 255 260 351 570 403 412 779 461 342 468 409 270 92 488 808 615 164 148 634 350 469 753 197 539 185 23 44 699 551 335 380 207 41 250 453 116 513 100 765 727 117 135
775 118 109 676 493 792 522 655 54 143 303 59 726 755 122 144 487 820 95 78 132 282 254 182 197 329 65 747 591 471 9 11 165 422 625 487 458 176 332 786 161 91 556 185 209 503 164 553 585 355 72 490 659 87 111 672 403 125 391 727 183 789 380 309 799 730 119 218 559 655 57 146 559 321 51 417 573 13 781 779 244 482 433 73 570 97 169 212 529 662 104 91 199 716 319 154 388 126 115 477 725 223 712 405 136 165 401 756 293 369 742 790 44 390 347 407 167 808 626 781 104 789 267 522 21 719 166 348 170 697 391 151 430 435 148 800 59 53 536 346 778 796 417 625 215 458 154 173 154 768 643 565 740 144 727 619 103 164 342 616 175 707 177 98 148 115 773 144 66 680 224 733 224 215 158 601 342 745 137 143 551 676 201 211 197 823 787 757 276 179 782 466 775 173 146 455 700 263 371 715 191 675 98 52 787 768 137 548 108 796 348 124 60 646 100 349 271 124 144 70 712 184 398 386 126 603 391 49 285 449 392 67 760 807 191 706 605 408 64 193 60 392 552 622 632 85 234 62 333 745 663 783 203 133 143 421 169 131 186 131 43 483 546 206 85 533 102 765 119 456 179 53 425 82 518 347 180 159 448 803 222 56 355 624 181 74 387 72 502 349 725 404 319 217 481 57 78 107 590 714 157 134 555 518 823 599 325 509 380 748 541 482 64 504 753 763 735 159 605 25 62 172 88 127 728 47 81 240 59 181 75 416 770 700 432 147 132 226 221 295 725 457 822 116 369 572 81 284 515 198 552 514 353 711 304 300 58 152 70 37 634 401 224 174 144 384 310 242 559 60 400 517 596 498 48 609 121 178 635 115 144 144 118 759 741 260 82 158 68 102 141 378 618 98 199 102 732 496 749 759 634 34 27 628 120 257 520 729 194 207 177 769 687 131 777 233 385 427 505 660 40 55 499 606 365 68 37 492 545 387 480 735 107 725 51 0 181 490 456 100 276 658 617 263 73 82 432 817 327 198 386 182 419 411 733 159 583 230 250 251 374 590 416 431 787 476 361 474 423 292 121 507 817 623 113 183 653 357 482 771 148 543 193 74 8 710 562 340 387 220 54 248 462 110 524 49 764 750 143 131
948 113 263 848 653 962 692 835 133 307 470 197 891 920 107 319 668 995 159 232 56 441 432 362 374 486 224 917 761 622 187 189 70 603 803 650 625 327 509 954 30 150 721 346 227 678 319 734 753 529 225 669 829 240 101 838 582 299 570 902 175 956 561 466 976 902 278 395 719 824 237 174 740 496 229 586 746 174 959 941 425 656 611 194 739 261 21 374 701 841 233 167 379 892 469 150 564 307 285 657 898 374 877 565 149 30 582 926 474 541 905 960 212 571 521 575 345 978 799 944 190 965 271 694 202 895 347 527 344 876 565 225 607 601 327 977 182 144 693 510 927 966 591 804 394 636 335 69 317 939 813 737 912 298 899 797 167 345 523 794 334 886 12 152 324 229 948 67 185 839 343 909 397 378 337 780 523 900 152 74 728 841 191 387 93 1001 959 931 447 293 953 644 948 99 154 634 872 443 537 889 149 849 144 164 955 939 309 715 95 965 528 280 132 821 252 529 452 226 47 118 881 185 543 560 199 776 567 206 462 621 572 185 926 975 260 880 782 586 140 167 218 571 731 783 810 177 278 207 500 922 837 956 381 59 39 584 346 300 364 307 164 664 712 365 261 693 273 938 256 628 183 175 578 165 690 528 191 328 625 978 402 229 536 800 195 210 557 253 677 526 905 583 498 379 660 144 241 288 769 886 338 188 727 698 993 775 497 688 561 923 721 659 243 677 927 932 909 322 779 189 119 335 189 283 899 142 258 401 170 362 111 590 942 868 603 164 299 399 203 471 899 634 995 142 550 749 215 460 680 370 728 693 522 886 481 468 237 116 113 216 798 562 389 102 153 565 490 408 741 241 576 696 773 679 197 788 65 214 815 221 323 146 130 934 916 439 246 236 177 229 113 551 785 123 170 175 899 651 919 930 814 202 200 803 301 438 696 896 372 386 353 939 855 267 954 411 565 606 664 835 161 127 670 781 541 126 218 668 718 556 660 905 164 903 215 181 0 667 631 98 443 832 790 443 201 262 602 992 502 328 543 354 601 589 907 103 757 386 412 409 555 770 592 610 956 653 541 643 599 473 301 686 986 793 139 362 832 528 657 948 104 708 162 233 182 883 736 510 559 398 179 414 635 282 698 168 921 930 324 303
289 601 408 194 153 311 80 187 544 364 208 502 267 294 607 387 125 330 560 473 622 250 292 332 294 223 444 271 133 206 487 485 654 131 135 138 105 355 159 315 643 563 131 329 631 33 359 132 136 141 478 32 189 430 598 212 95 403 112 238 637 319 184 239 309 247 393 272 170 189 434 597 132 171 440 110 94 500 294 330 256 37 57 479 119 444 658 394 68 177 499 552 295 226 253 620 103 374 421 55 240 318 257 170 602 654 133 281 231 132 293 309 474 137 284 123 323 328 143 326 544 299 674 63 471 229 335 149 323 217 107 561 60 122 368 310 517 539 178 186 382 315 82 141 313 37 340 662 415 286 173 95 256 443 242 131 561 340 162 127 342 222 665 567 344 515 283 634 486 258 500 243 344 298 333 114 173 329 602 611 62 226 577 281 650 334 303 268 223 511 298 25 288 657 610 60 216 272 159 227 659 187 571 505 312 288 358 119 597 319 161 393 549 156 466 147 240 528 634 561 240 632 240 111 557 123 101 486 206 73 112 486 297 334 574 219 115 84 548 591 477 107 79 205 144 540 616 462 183 255 176 295 287 623 628 141 357 368 304 393 504 79 122 314 428 162 427 279 482 64 562 519 199 511 65 184 555 395 42 314 293 457 180 134 622 499 127 419 29 254 248 96 176 299 26 542 459 386 104 231 350 574 86 66 342 109 173 52 127 258 94 9 427 43 265 285 248 350 120 491 550 339 532 389 247 536 430 281 526 317 565 80 287 230 82 605 417 269 666 197 236 34 334 587 158 82 458 208 118 363 62 55 160 221 187 211 443 631 560 462 194 163 285 658 608 152 186 266 169 433 92 221 106 103 495 122 611 603 157 467 346 612 595 270 252 232 422 480 494 449 622 121 167 580 658 555 269 186 270 278 154 481 479 138 380 263 30 261 297 325 357 289 223 480 287 258 121 70 162 171 522 542 69 117 126 556 456 2 76 135 80 259 567 236 475 490 667 0 42 590 234 170 137 230 471 408 94 327 166 478 192 369 125 80 244 642 97 299 270 280 139 115 76 71 312 15 137 86 68 209 384 42 339 157 549 343 168 147 22 281 597 129 656 468 492 225 82 168 119 271 516 261 60 385 52 500 337 271 359 365
320 568 370 222 129 339 81 229 509 326 167 470 286 314 573 359 147 365 528 442 587 209 271 303 259 181 407 297 147 176 452 450 620 133 174 114 74 315 124 339 605 531 131 290 604 48 320 168 147 102 447 65 211 392 565 230 78 374 95 272 607 343 180 196 347 276 354 237 162 209 399 567 170 135 405 69 119 466 334 347 228 29 34 441 129 415 621 373 79 218 470 520 263 261 211 589 69 343 392 78 270 277 274 130 571 619 128 306 211 92 309 337 441 129 277 82 289 356 171 345 514 335 649 72 437 264 305 124 287 258 67 533 35 85 339 348 485 505 163 144 387 343 41 183 288 40 308 628 389 315 195 114 285 417 272 172 530 310 141 166 302 262 629 535 308 487 318 600 449 265 479 278 323 259 299 155 155 336 571 573 103 241 536 245 610 372 332 301 185 487 327 32 320 624 579 69 245 251 116 260 628 219 539 467 337 316 322 119 563 346 142 354 515 191 437 121 216 500 598 526 264 602 202 71 528 149 65 454 172 36 96 448 317 359 549 251 153 60 515 551 445 88 121 209 184 508 592 424 142 292 207 327 252 588 591 102 330 331 270 364 467 103 120 274 397 148 397 310 454 29 522 486 162 473 70 170 514 369 25 348 267 424 167 169 593 468 85 385 46 247 290 80 148 259 54 508 428 353 145 260 320 545 104 103 370 144 134 89 112 293 133 35 392 50 298 312 279 311 150 458 514 300 501 351 275 501 398 241 494 286 531 40 316 252 41 575 389 232 637 160 269 27 366 555 146 119 420 171 105 340 98 93 118 256 152 170 410 599 525 428 204 123 245 625 577 145 159 227 203 399 56 243 145 130 462 163 576 575 199 428 312 580 563 304 286 200 384 440 457 410 589 81 179 547 628 524 289 161 297 306 196 448 446 173 348 239 67 283 262 300 331 316 243 453 325 224 105 59 141 205 489 506 61 151 92 522 422 42 93 92 103 285 536 275 443 456 631 42 0 555 194 202 163 199 433 374 55 362 129 456 152 344 127 55 277 610 127 259 230 239 124 157 40 64 337 30 114 61 36 182 353 80 366 176 510 317 209 106 26 319 558 124 626 437 458 255 108 127 77 237 484 221 29 349 70 463 348 312 328 328
875 32 203 776 592 892 622 751 46 241 402 101 826 855 31 225 580 919 64 136 42 380 340 272 296 427 158 848 691 568 103 105 65 516 724 587 558 270 431 886 91 54 655 283 159 603 260 648 685 455 129 588 759 179 16 771 501 206 488 827 115 889 471 407 897 830 215 318 658 755 156 95 654 420 151 517 672 90 878 879 340 582 532 144 670 166 79 277 629 760 135 71 296 815 415 83 487 220 190 574 825 318 812 504 72 73 495 856 385 469 842 890 120 485 425 507 267 908 726 881 95 888 214 621 118 818 260 445 270 794 491 136 529 535 235 899 85 52 634 445 875 896 517 723 303 557 251 72 220 868 743 665 840 200 827 718 73 256 438 715 273 805 89 58 248 132 872 45 134 779 248 833 301 313 257 700 437 844 75 103 650 776 213 310 156 921 887 857 376 198 882 565 875 76 81 552 800 351 471 815 107 774 50 109 887 868 237 648 9 896 443 219 41 745 155 447 364 131 51 30 812 121 493 486 107 703 491 111 384 549 489 135 860 907 175 806 704 507 44 195 123 489 649 722 730 80 203 148 432 844 762 882 303 39 69 520 254 231 286 214 104 579 646 304 169 632 179 865 159 556 196 79 522 128 618 440 202 233 548 903 313 138 448 724 126 113 487 171 601 432 821 501 416 315 580 50 146 204 689 814 248 101 655 615 923 698 425 606 477 847 637 581 163 604 853 863 835 257 705 99 53 270 92 222 828 54 166 338 74 276 28 515 870 800 532 88 204 326 152 395 825 556 922 54 463 671 162 384 614 274 651 611 453 811 403 400 148 63 36 129 733 500 323 77 79 478 407 341 651 156 500 602 695 593 103 707 33 137 733 183 244 74 46 859 841 358 179 215 129 181 52 478 718 28 123 80 832 594 849 859 732 111 111 727 213 348 619 829 293 293 260 869 787 169 875 332 482 526 604 760 68 59 599 705 464 33 134 591 645 487 576 835 71 823 121 100 98 590 555 0 376 758 717 361 149 182 532 917 427 232 484 259 514 510 832 64 683 327 348 349 470 688 516 529 887 575 459 574 522 388 212 605 917 723 128 269 751 457 581 870 128 643 115 138 97 810 662 440 487 319 83 348 562 209 624 112 863 846 236 231
506 394 180 405 218 519 250 417 329 136 28 304 450 479 398 221 282 555 360 283 403 32 195 174 96 65 220 474 318 205 274 273 440 224 368 212 183 121 93 512 416 360 280 97 454 239 126 334 311 94 286 245 386 203 387 397 170 229 167 462 446 515 219 53 541 459 164 78 283 381 223 405 338 76 226 143 304 287 528 503 123 217 182 250 297 261 436 271 259 412 317 353 120 453 77 422 136 187 244 241 455 85 437 131 404 434 201 483 163 103 466 517 272 191 268 132 122 536 358 505 353 526 507 252 260 456 162 132 110 451 128 383 179 159 199 541 316 328 262 71 507 524 153 376 182 210 151 448 259 497 370 294 469 283 457 366 365 168 144 360 110 456 442 366 133 335 508 419 258 404 368 470 229 65 135 348 158 471 404 381 296 401 343 80 417 566 516 490 26 357 511 214 506 449 413 219 430 180 95 448 461 408 369 279 513 496 139 273 384 522 153 163 336 382 285 131 142 348 414 346 438 443 147 124 371 334 135 286 76 179 170 258 485 533 409 438 347 164 339 357 281 163 308 347 378 343 455 235 57 485 396 515 93 405 404 145 200 145 106 220 280 257 270 80 237 258 245 496 308 187 328 316 159 281 248 179 320 240 195 537 160 258 185 362 436 306 115 211 238 246 482 173 114 65 234 332 269 186 338 443 177 386 285 280 551 337 63 268 167 483 309 226 215 237 486 490 467 121 338 284 329 108 338 160 456 323 236 47 323 143 349 154 499 426 162 411 249 56 480 60 458 204 554 386 182 313 229 54 239 230 292 273 80 447 76 25 241 426 342 255 358 126 53 449 411 196 115 35 356 227 145 353 339 281 294 357 392 423 390 234 142 413 391 493 476 90 198 246 266 218 415 113 343 372 465 360 457 224 476 487 388 276 272 365 191 159 261 454 100 192 207 497 412 311 518 83 168 188 231 395 313 322 227 342 117 344 247 235 276 113 254 462 370 469 276 276 443 234 194 376 0 392 348 95 242 198 160 552 75 338 116 226 218 165 466 435 318 65 36 49 170 347 159 194 514 220 143 201 169 122 198 263 544 350 317 194 403 88 220 512 365 267 461 276 280 441 295 68 118 89 314 28 193 166 257 275 489 505 177 145
118 770 570 36 220 143 146 139 711 526 364 672 129 147 776 557 245 164 730 643 789 400 460 502 461 363 609 109 94 279 654 653 822 284 60 214 217 512 326 155 807 732 143 489 801 155 518 197 108 303 648 181 63 593 767 92 265 573 281 71 807 160 341 382 156 79 555 440 178 72 602 767 191 337 608 250 88 668 154 190 427 176 227 641 112 615 823 561 133 86 669 722 464 64 390 790 270 544 591 203 70 471 126 290 772 821 293 118 400 291 160 141 643 300 438 263 491 160 35 182 715 136 843 140 639 67 505 319 489 121 268 731 230 243 539 154 687 707 207 331 281 146 241 91 483 206 509 830 585 118 61 100 88 613 73 76 731 510 332 67 501 104 831 737 510 686 117 802 649 168 666 79 512 457 501 86 341 221 772 773 118 114 728 447 808 181 133 99 385 680 128 195 118 826 780 220 49 441 302 57 829 17 741 669 149 121 523 141 765 154 330 554 717 21 636 317 410 698 801 728 89 802 347 272 728 59 267 655 374 213 280 649 146 171 744 49 67 254 717 744 647 276 140 152 71 709 785 625 336 98 6 125 455 791 793 263 527 532 472 563 669 213 146 472 598 194 597 109 652 205 715 688 300 673 145 349 707 565 212 146 463 626 344 40 792 669 277 587 156 410 148 265 347 457 186 710 629 555 95 65 520 745 108 172 173 63 335 173 296 92 171 179 594 155 96 121 77 511 53 660 716 499 702 551 82 704 600 437 696 487 733 242 118 84 229 775 587 434 836 363 67 204 164 757 322 91 620 374 176 532 109 169 312 56 355 367 612 801 727 630 120 288 444 827 778 314 357 426 233 602 258 318 75 220 664 84 778 773 107 625 514 782 764 102 85 401 586 633 657 609 791 281 99 749 828 725 123 246 105 111 102 650 648 36 550 433 140 110 464 495 527 122 90 650 133 426 289 239 218 10 691 708 166 53 294 725 624 169 116 280 216 98 737 98 645 658 832 170 202 758 392 0 47 400 633 576 233 161 331 645 315 539 281 250 75 812 75 454 426 433 306 120 242 239 147 184 307 196 236 379 554 169 172 71 709 513 86 304 177 128 756 155 826 638 660 55 96 324 274 439 686 420 198 551 135 664 218 159 529 530
158 731 528 59 174 176 101 162 671 484 321 634 136 160 736 522 230 208 691 606 748 356 429 466 422 318 567 135 49 233 614 613 782 260 71 167 172 468 288 179 764 694 97 445 766 115 474 193 64 262 610 153 57 551 727 84 231 537 248 116 770 183 316 337 203 112 512 399 136 60 562 730 189 297 567 206 45 628 200 199 391 136 191 598 65 578 782 530 90 115 633 684 426 110 344 752 232 506 555 178 107 426 128 244 734 780 266 144 368 249 164 174 604 272 415 218 451 193 12 194 678 181 810 96 599 113 468 284 448 157 227 696 193 197 502 200 648 667 163 286 273 180 200 105 449 174 471 790 551 151 43 54 122 579 109 86 694 473 299 73 458 144 789 698 470 650 162 762 607 151 636 125 481 414 462 86 309 214 734 730 96 104 682 407 764 228 169 142 343 648 164 161 158 787 742 192 82 409 257 100 792 62 702 627 176 153 482 95 725 183 298 511 677 48 600 282 376 663 760 688 104 766 301 231 691 14 228 617 336 170 248 606 162 198 710 90 63 219 677 699 609 243 127 121 87 672 752 583 292 145 49 166 415 750 751 217 492 491 432 527 627 192 100 428 560 150 560 148 617 162 670 650 254 630 101 320 662 530 176 189 429 588 315 43 756 631 234 547 118 386 186 232 311 414 156 670 591 516 91 97 483 708 63 154 207 47 293 151 264 137 161 144 554 114 138 149 119 469 20 621 675 456 664 508 112 664 561 393 657 449 692 202 153 95 187 738 552 392 800 323 111 169 205 719 293 69 577 333 130 499 81 148 269 102 315 324 573 762 686 591 93 242 401 788 741 287 321 383 233 562 219 313 67 204 625 89 737 738 125 581 474 744 726 146 130 363 544 588 614 566 752 240 65 710 791 688 135 200 134 143 120 611 609 43 512 399 107 125 424 461 493 153 91 615 180 387 257 207 172 54 651 667 121 35 255 684 584 135 73 236 195 122 699 143 606 617 790 137 163 717 348 47 0 362 590 536 189 205 291 614 269 505 256 214 118 773 40 409 382 388 275 122 203 207 175 150 273 150 198 344 516 145 203 38 665 479 112 262 139 175 713 109 789 600 620 93 56 281 232 400 647 377 156 509 94 622 217 200 491 488
518 371 196 421 272 538 274 393 315 154 100 272 482 510 377 161 232 560 330 243 395 127 102 106 72 154 224 496 343 277 258 256 425 167 364 261 222 164 76 537 420 333 316 134 406 247 162 295 340 110 248 228 409 214 369 426 140 175 128 468 408 541 142 147 536 475 180 55 331 407 206 368 300 71 214 179 318 272 518 540 34 227 173 263 324 216 431 191 276 400 271 322 65 455 172 390 130 144 193 214 469 153 469 198 372 428 144 505 70 125 503 536 244 133 174 174 98 555 370 540 315 529 453 269 243 459 106 85 105 434 140 335 170 205 141 538 287 309 317 141 562 542 165 362 99 196 110 433 194 514 393 312 484 221 471 357 332 111 82 355 146 445 439 337 120 288 513 406 269 449 294 473 144 116 105 339 87 519 372 392 289 434 383 65 437 560 531 498 71 294 526 206 518 427 380 192 444 86 151 457 429 417 341 283 536 515 140 306 368 545 89 183 320 386 238 86 47 301 407 332 462 403 234 136 329 348 135 256 31 201 129 268 514 558 353 448 344 147 319 391 247 129 289 391 369 310 397 243 119 484 405 525 64 396 403 198 133 152 80 165 281 222 305 132 198 309 198 508 256 206 365 289 234 295 266 101 359 174 188 544 76 227 109 364 395 269 149 190 245 154 463 141 56 120 219 312 229 157 328 459 121 346 302 255 569 339 89 246 119 488 279 222 200 249 495 511 477 144 348 262 324 138 302 180 474 307 200 119 296 87 337 162 515 450 184 376 191 71 438 53 466 196 564 357 115 312 243 49 278 152 292 251 126 452 51 101 214 401 333 232 394 189 102 427 379 131 48 96 307 204 144 284 335 239 264 347 384 377 373 262 120 382 365 500 482 6 202 288 277 240 391 131 373 350 429 325 486 288 496 505 372 251 250 368 150 65 260 481 73 111 136 515 440 256 515 35 123 165 286 401 293 316 251 347 107 328 227 231 292 155 218 484 337 462 245 263 443 230 199 361 95 400 362 0 255 181 190 557 80 267 192 152 163 150 474 412 325 134 114 131 114 328 159 168 536 216 99 232 164 36 154 244 565 374 335 122 390 119 224 509 383 305 427 238 264 454 307 112 144 46 286 96 212 163 269 279 535 487 129 146
748 176 63 648 452 761 492 645 108 107 270 132 690 719 178 181 486 797 164 143 167 240 274 200 183 285 35 716 560 424 79 80 209 421 606 448 424 126 314 753 174 159 520 145 280 479 118 549 552 331 138 475 628 41 164 637 390 166 380 704 250 755 387 265 780 701 78 202 518 623 80 215 555 300 66 385 546 84 764 740 245 457 415 8 538 152 196 258 501 647 174 162 197 693 270 219 368 146 162 466 697 173 676 364 202 195 398 725 300 342 704 759 109 387 372 374 158 777 600 743 177 767 338 494 77 696 179 338 151 684 366 224 412 399 176 780 132 116 493 309 730 766 393 610 235 441 159 216 203 739 612 536 711 201 699 602 173 179 337 598 133 692 201 166 135 186 749 188 17 638 289 710 257 177 154 584 340 701 204 140 532 640 147 193 182 804 758 732 248 248 753 448 748 225 213 442 672 278 336 690 252 650 164 41 754 738 115 514 158 764 343 79 118 623 163 338 275 196 178 121 680 252 346 362 198 576 370 119 270 421 382 16 725 774 264 680 585 392 127 147 127 380 539 582 614 158 307 17 299 724 637 757 191 170 163 383 197 103 175 168 45 475 511 164 129 492 150 738 185 429 126 125 379 41 489 349 124 202 429 779 234 112 358 602 251 146 357 91 478 369 713 392 309 177 465 121 137 120 574 685 176 205 527 507 792 577 299 496 373 724 532 462 78 478 728 731 709 122 580 97 96 134 161 82 698 107 125 199 131 187 122 392 741 667 404 215 180 201 288 275 700 438 796 181 368 552 13 264 479 234 531 501 322 688 287 267 103 210 113 92 597 361 189 226 211 384 302 208 561 92 379 528 577 493 120 592 157 250 622 42 138 209 181 735 718 250 53 86 24 32 198 352 583 158 264 173 698 451 718 729 621 102 94 605 141 267 499 695 182 231 207 739 653 196 757 221 377 413 463 636 109 90 469 583 346 124 82 472 518 355 472 704 177 707 117 73 201 471 433 149 242 633 590 255 0 91 402 793 304 261 342 218 417 394 708 213 559 185 210 208 369 577 395 418 755 456 351 443 403 288 146 493 785 592 81 209 638 329 459 751 128 507 257 137 81 683 537 309 359 208 127 214 435 92 499 38 721 738 160 109
693 196 67 594 416 710 441 573 135 77 224 107 646 675 201 93 408 738 162 93 214 208 184 110 115 255 56 667 511 399 78 77 246 342 543 410 379 117 250 706 240 162 476 116 262 421 104 473 505 274 93 408 579 62 191 592 321 80 309 645 248 709 304 237 716 648 66 137 481 575 26 208 479 239 33 337 491 92 699 701 164 400 351 98 490 84 250 172 447 580 130 155 118 634 250 224 306 55 83 395 643 159 633 329 206 247 321 676 216 288 664 708 75 310 282 327 85 727 545 702 158 707 318 440 63 637 90 266 89 615 309 194 348 356 85 718 118 131 460 269 704 715 336 543 145 376 74 254 121 687 562 483 658 128 645 537 167 89 261 534 109 625 258 167 67 147 691 226 100 602 222 651 166 142 76 519 261 669 206 215 469 597 238 129 265 741 705 675 195 191 700 384 693 252 215 373 618 190 293 633 263 593 170 107 706 687 61 468 189 715 267 73 141 564 104 267 192 160 226 152 631 247 330 305 177 522 309 89 202 368 310 100 680 727 227 624 523 326 142 238 86 310 470 545 550 145 273 75 254 663 581 701 121 215 223 343 106 61 104 80 103 402 466 137 55 456 74 683 129 375 216 117 352 127 436 268 214 115 366 722 147 62 276 542 241 112 307 13 420 280 643 322 237 145 399 135 81 30 508 632 85 190 474 436 742 517 244 427 299 666 460 400 19 422 672 682 653 91 523 86 143 103 141 74 647 128 52 167 125 102 157 334 689 619 350 213 99 146 284 213 643 375 740 187 289 490 85 203 436 144 470 432 274 629 222 222 45 229 152 57 555 324 148 253 213 304 229 165 481 29 318 443 514 417 96 527 203 230 554 120 62 215 193 677 659 178 45 162 107 96 218 296 538 175 267 163 652 422 667 678 553 78 74 546 51 181 438 649 112 140 116 688 607 137 695 151 304 345 429 578 116 135 418 524 283 149 49 410 464 307 398 654 172 643 80 82 262 408 374 182 198 576 536 181 91 0 352 735 245 191 312 128 339 329 651 238 501 160 176 181 293 509 334 349 707 394 280 394 341 211 56 425 736 542 167 118 571 276 400 689 212 464 263 86 84 629 481 260 306 138 115 171 381 37 443 103 688 668 70 56
346 548 339 246 92 360 90 279 486 296 132 453 295 324 553 351 198 396 511 428 562 168 277 296 239 133 379 315 159 127 430 428 597 173 216 78 34 279 115 354 576 512 126 257 595 85 286 222 153 81 432 119 227 362 543 240 106 364 120 304 593 357 210 151 385 299 324 217 143 223 377 553 224 119 382 18 145 443 375 351 222 64 73 410 138 402 595 376 99 263 458 504 249 295 162 573 73 328 381 131 296 238 282 76 555 593 161 324 220 66 314 358 423 159 301 31 269 376 199 352 500 368 643 93 415 298 293 133 263 305 52 523 71 33 330 384 467 483 134 99 374 364 36 229 287 92 292 605 384 337 211 135 309 411 297 216 514 299 153 208 269 305 601 517 285 476 349 577 418 259 482 311 327 225 280 200 170 330 554 541 150 246 496 224 575 410 356 331 157 484 351 86 346 604 563 118 270 257 70 288 612 249 521 439 354 336 296 117 540 363 157 323 492 225 425 130 218 489 573 502 280 590 147 55 516 175 64 436 160 22 123 418 329 375 543 278 194 85 494 511 429 112 174 201 227 492 587 395 103 328 237 355 233 563 563 48 323 303 250 354 439 156 116 239 382 123 385 336 445 32 483 468 108 441 88 190 474 364 74 378 264 407 189 205 581 453 46 364 86 272 337 109 149 225 108 487 414 334 192 283 309 532 125 157 391 181 108 143 136 324 187 88 370 81 327 330 307 281 179 437 488 268 486 320 297 479 382 204 475 274 507 45 340 267 16 560 381 206 625 142 299 80 394 538 171 160 389 152 88 339 140 147 80 288 139 135 392 580 500 408 205 68 213 604 561 174 160 194 257 379 62 292 187 183 444 209 551 565 247 392 291 564 544 334 318 189 357 400 426 377 570 59 186 527 614 509 301 119 317 327 244 429 426 208 333 242 113 297 242 299 326 337 255 445 362 208 130 98 106 237 468 480 68 185 89 500 401 94 116 48 155 303 520 315 426 432 602 94 55 532 160 233 189 190 402 352 0 393 111 456 98 342 165 81 307 590 160 221 193 200 147 208 56 105 355 84 128 43 63 183 339 134 385 191 476 312 255 76 73 356 524 115 611 422 435 282 137 93 46 220 465 188 37 323 100 434 345 358 314 302
59 929 731 152 371 82 305 211 871 687 525 829 170 158 934 712 375 5 887 799 949 560 609 657 621 522 769 115 244 426 814 812 981 426 195 367 376 672 485 122 967 890 292 649 953 315 678 312 256 463 804 332 182 753 926 190 419 729 434 90 962 127 483 541 56 104 715 599 317 191 761 923 305 497 767 411 248 827 90 189 582 336 384 801 265 770 983 709 294 172 824 879 622 102 548 946 429 701 746 351 103 631 181 448 929 981 440 113 550 451 188 82 801 448 575 423 650 84 195 175 870 32 993 300 798 99 662 475 649 161 428 884 387 402 694 46 844 866 348 491 307 80 401 206 635 361 667 989 737 84 194 259 96 766 103 205 888 667 485 204 662 136 991 894 670 840 44 961 810 248 812 84 661 618 660 222 492 257 928 933 269 202 887 607 969 62 66 63 546 830 68 352 59 984 936 371 127 591 462 105 985 144 898 829 110 92 683 293 924 102 483 714 876 171 791 473 564 852 960 887 145 957 500 432 883 218 426 813 533 373 433 809 150 115 894 115 214 411 875 904 804 431 278 268 193 866 934 785 496 77 156 44 614 950 953 421 681 693 631 719 829 354 298 632 755 338 753 67 806 365 875 846 453 833 305 498 866 717 369 20 617 784 491 193 947 825 438 746 316 549 156 419 503 618 339 869 785 713 234 118 676 900 268 314 82 219 495 319 448 69 301 336 754 315 68 105 88 672 214 819 876 660 858 711 113 863 757 597 853 644 892 402 77 155 390 931 741 594 990 522 94 361 29 914 471 245 781 533 330 683 265 314 473 106 513 527 771 958 887 789 237 446 605 985 935 460 512 586 337 760 417 425 223 353 822 216 938 926 206 785 673 938 922 59 76 559 746 793 818 770 949 442 233 908 984 881 155 391 105 94 204 808 807 190 707 585 298 145 623 647 681 91 174 803 60 585 442 394 366 157 850 868 326 211 453 883 783 326 277 441 358 120 894 110 802 817 992 327 362 917 552 161 205 557 793 735 393 0 491 793 473 691 425 407 86 970 235 614 586 593 457 245 401 392 104 342 462 355 394 534 711 317 94 214 869 667 181 465 336 64 917 305 982 794 819 114 257 484 434 598 843 580 359 710 295 825 239 140 685 690
448 441 242 349 192 466 198 345 380 198 55 344 405 434 445 240 207 494 402 318 458 101 176 186 131 102 278 422 267 201 323 322 491 151 302 181 142 191 20 462 477 404 237 164 484 177 194 259 263 30 322 173 335 264 436 349 95 253 92 401 483 466 156 105 475 403 226 109 251 331 271 443 263 9 276 98 246 337 460 462 114 155 111 312 247 292 492 270 202 343 348 394 139 390 129 463 64 218 270 167 398 160 392 122 445 490 129 431 125 45 424 464 314 120 224 93 160 482 299 462 390 464 532 195 308 393 182 63 158 381 64 413 108 124 219 476 358 376 236 75 482 470 91 306 179 138 182 499 274 442 318 239 413 301 400 297 405 188 80 293 177 388 500 408 179 365 447 471 320 369 375 408 222 134 171 280 97 439 445 444 228 357 415 116 484 500 460 430 58 374 455 144 448 496 453 144 373 157 74 388 503 348 412 339 462 442 192 228 434 471 88 226 386 320 315 61 115 378 469 397 387 479 171 60 405 277 65 327 50 124 95 320 438 483 432 379 281 90 386 428 320 88 236 311 310 382 477 295 53 421 336 456 124 459 462 119 213 202 141 243 338 182 226 151 272 228 274 438 334 130 399 359 160 345 192 120 392 254 125 477 156 298 124 298 471 343 69 256 175 198 411 98 56 136 162 380 304 226 269 387 198 421 229 207 497 273 18 195 94 422 234 158 263 177 427 437 408 184 278 330 385 173 376 223 402 373 272 121 367 163 402 89 444 375 107 450 270 103 515 32 398 134 495 429 116 247 292 42 199 232 227 200 50 385 30 59 283 472 396 300 316 112 120 497 452 128 64 103 281 271 75 282 272 205 335 288 447 454 319 302 183 455 435 433 415 79 255 318 328 283 462 52 296 419 504 399 410 209 423 433 318 321 318 302 223 138 195 405 134 191 216 443 364 335 453 98 94 114 206 334 361 377 174 280 43 394 293 167 219 75 179 410 410 403 317 327 502 166 129 427 75 331 291 80 304 245 111 491 0 347 121 233 145 92 406 482 256 140 111 124 99 275 90 119 462 152 71 153 99 83 228 190 492 298 382 202 334 39 155 447 431 226 501 312 329 384 236 38 64 110 357 98 136 219 197 334 455 435 204 199
763 217 258 672 539 788 535 600 212 260 355 145 742 769 224 119 424 795 169 120 273 360 186 164 243 403 234 749 603 540 189 188 273 367 599 528 489 301 341 792 323 179 580 289 170 501 288 492 601 376 126 465 666 249 228 685 383 118 366 708 198 797 312 388 762 723 256 260 598 664 186 169 499 338 198 445 571 193 738 802 234 484 424 264 584 110 309 84 534 624 100 161 218 693 408 199 390 161 109 443 716 333 730 461 189 301 354 758 246 392 764 785 154 346 233 441 222 805 620 800 138 763 201 527 185 696 176 332 242 649 405 115 422 472 141 766 156 196 584 402 829 791 428 588 169 440 191 279 80 763 649 569 733 64 718 588 162 170 316 590 288 666 318 176 224 100 750 264 260 714 31 711 133 304 210 572 305 785 187 323 528 696 398 258 380 784 778 740 322 42 773 453 763 257 190 425 693 205 416 701 231 661 185 250 790 765 236 570 233 797 316 263 207 629 98 334 240 102 281 221 718 189 484 401 133 600 396 149 298 464 366 260 773 812 106 694 582 397 195 390 138 371 515 656 600 152 141 245 381 717 651 767 245 269 300 465 138 243 234 124 241 439 569 307 137 576 117 754 80 468 377 165 494 280 525 296 377 98 439 784 192 148 302 607 176 129 416 182 498 252 672 382 309 308 459 194 123 177 560 708 161 148 559 480 819 583 356 475 350 727 494 470 191 506 738 763 722 270 597 174 238 279 140 264 725 204 141 326 166 194 228 422 763 706 448 181 96 283 212 319 709 445 805 189 323 554 262 312 544 116 537 480 392 692 318 355 159 228 232 169 658 454 303 256 190 333 298 314 483 173 403 416 573 443 152 578 265 151 592 300 210 197 201 740 721 269 233 345 263 279 225 397 635 205 219 154 744 554 747 755 593 163 171 611 160 216 507 737 239 157 132 766 698 68 743 258 357 408 553 645 185 235 512 592 369 211 179 479 548 422 435 737 166 689 146 198 328 478 456 232 338 645 614 267 261 191 456 793 347 0 451 115 369 401 716 244 575 328 331 342 340 550 417 407 789 465 342 497 420 274 151 478 816 631 310 146 615 386 478 737 338 570 221 124 190 701 559 378 411 250 161 319 474 224 524 247 800 697 165 234
421 504 282 321 110 428 170 376 438 243 96 418 350 379 508 336 287 476 473 399 508 104 293 287 212 57 326 382 229 89 385 384 548 248 308 109 99 216 139 415 515 473 184 201 570 180 225 319 219 106 401 216 295 306 496 300 179 344 187 385 560 417 269 77 471 373 269 193 176 289 336 520 321 130 337 83 229 398 464 398 225 161 162 349 208 378 538 381 185 356 433 467 234 379 76 536 135 303 360 225 371 169 336 25 517 537 231 390 247 96 363 427 386 225 345 70 238 443 280 402 468 450 623 180 371 382 276 177 225 399 110 499 159 74 314 469 430 438 151 51 392 433 120 325 289 186 267 555 374 407 281 216 382 398 372 310 478 283 197 301 212 398 544 479 248 451 430 526 359 296 481 394 335 171 251 295 215 360 518 476 246 301 416 196 505 496 428 410 129 472 423 182 421 558 527 208 346 275 51 368 574 331 481 382 418 405 251 180 492 428 204 266 446 311 401 174 234 464 519 454 345 558 54 110 486 256 128 400 163 120 190 358 385 437 525 357 286 162 449 434 396 179 271 240 321 457 571 339 73 413 318 432 209 511 505 54 314 255 222 335 384 248 176 180 353 150 361 411 424 129 405 429 43 378 174 237 397 354 168 456 266 372 240 294 552 421 79 325 182 318 431 183 177 169 205 443 384 302 287 357 292 501 208 254 459 271 106 240 197 406 284 186 327 174 405 397 385 227 264 396 435 214 452 263 368 432 352 146 436 258 457 127 411 332 111 525 365 172 595 140 379 175 469 498 228 254 329 143 143 340 235 244 73 371 148 97 356 538 449 368 257 30 164 559 525 236 185 147 351 341 133 376 280 275 407 304 497 539 343 325 258 526 503 414 399 188 305 324 366 314 527 103 247 483 579 474 359 110 386 397 340 390 385 296 307 255 209 358 216 300 319 406 317 427 448 193 194 182 121 321 425 428 153 273 135 453 359 192 202 68 247 371 484 405 391 386 543 192 152 484 116 315 269 192 342 312 98 473 121 451 0 338 241 159 387 545 248 158 136 135 206 305 138 190 420 182 179 122 148 203 314 231 450 261 410 306 349 88 171 443 456 170 575 392 391 359 224 84 91 202 427 141 134 278 191 378 379 452 293 257
657 259 189 564 424 680 423 507 222 173 242 159 630 658 265 38 331 693 210 124 300 251 84 51 134 291 184 640 491 426 174 172 317 270 496 414 374 211 227 683 339 216 467 192 263 391 200 400 489 262 130 359 555 190 262 574 274 56 258 604 274 687 219 277 664 616 181 148 484 554 139 236 407 224 153 331 462 184 641 690 119 373 314 224 472 93 338 50 423 525 138 201 105 590 299 263 278 76 69 340 609 234 618 347 247 332 253 649 141 277 652 678 143 244 167 326 119 697 512 689 187 661 305 416 162 593 69 221 141 553 291 194 312 357 45 667 175 210 469 288 715 684 315 488 57 333 90 324 47 655 539 458 626 75 612 486 208 64 207 487 194 569 347 218 129 152 647 301 224 601 143 608 43 200 108 469 199 671 246 325 423 584 365 148 379 686 672 635 209 143 667 344 657 311 252 320 585 101 302 596 301 555 225 225 681 658 148 457 264 689 209 187 222 523 108 224 129 163 310 237 608 267 373 287 195 491 284 149 183 351 259 224 662 703 205 588 478 287 215 363 136 263 414 542 499 189 247 201 266 615 545 662 134 298 318 350 29 159 127 51 218 339 456 207 97 461 81 648 117 355 343 181 381 250 414 194 341 28 329 680 78 127 202 501 257 149 302 126 388 173 579 274 196 205 353 210 114 101 458 601 57 213 448 379 711 476 241 373 244 624 396 362 139 395 633 654 616 178 489 167 241 184 178 187 617 212 101 220 186 84 244 310 656 596 335 246 56 173 299 204 604 336 701 237 221 448 213 197 430 16 430 377 277 587 203 242 124 282 243 144 545 339 197 311 252 233 186 205 398 129 291 344 469 347 157 476 290 236 494 248 115 256 247 636 617 154 172 289 230 223 275 282 522 240 296 201 634 439 639 648 494 154 157 505 79 106 399 627 130 44 19 658 587 113 643 144 250 300 438 539 194 234 400 486 256 229 147 371 438 307 335 628 214 590 140 182 354 369 344 259 226 539 505 152 218 128 342 691 233 115 338 0 270 291 612 296 467 225 224 236 234 451 305 301 680 356 233 383 309 162 72 374 708 520 288 32 516 272 368 638 329 456 295 121 178 594 450 263 296 137 177 209 361 147 414 221 686 604 69 148
396 520 359 310 254 423 202 238 470 316 200 418 390 416 526 295 69 427 474 386 550 246 186 243 235 242 386 388 258 292 414 412 576 8 231 238 195 322 126 433 579 479 254 292 531 157 321 134 261 141 391 102 311 376 520 335 62 313 54 340 543 438 61 248 395 359 343 217 288 312 363 505 140 142 373 170 217 427 371 453 176 149 95 425 244 355 588 284 192 256 406 466 222 325 271 530 105 294 331 78 351 299 380 228 514 583 19 397 130 146 417 421 394 30 160 177 259 441 259 449 454 394 569 187 399 328 254 86 267 284 131 463 96 197 280 398 434 462 289 208 507 427 130 220 216 92 266 584 316 398 296 220 368 344 354 220 474 257 81 222 304 299 596 482 282 421 382 558 431 383 388 343 237 267 265 203 78 454 513 553 163 350 545 227 599 417 412 372 196 406 408 106 396 575 520 66 329 169 191 335 569 296 488 445 429 402 303 242 520 435 74 345 473 263 374 87 149 433 562 487 360 537 295 130 464 243 112 404 154 157 52 431 418 451 471 328 216 81 470 554 393 62 147 330 232 453 509 405 191 348 287 399 227 551 562 207 264 315 242 304 442 70 243 285 346 275 339 387 386 153 527 438 267 458 188 75 520 297 102 415 202 376 68 241 526 412 162 347 153 131 310 58 111 270 101 464 373 313 192 345 265 482 211 111 454 218 161 108 51 359 126 120 358 165 371 401 355 306 237 415 481 298 444 342 362 461 348 260 444 239 493 122 398 350 150 515 323 226 568 160 342 103 437 502 50 190 406 169 232 260 175 112 175 324 144 203 366 547 489 386 320 218 253 575 519 37 116 239 144 360 109 138 207 79 413 209 540 505 225 425 280 524 511 372 353 167 364 448 439 403 538 138 292 500 565 467 390 283 385 392 225 403 403 245 300 167 150 381 236 227 262 402 345 382 375 197 51 69 266 279 445 474 185 229 110 481 383 127 202 173 67 376 480 321 394 419 601 125 127 514 218 281 256 163 417 339 165 425 145 369 241 270 0 85 349 560 215 279 251 267 50 182 109 63 427 117 75 187 102 129 302 112 452 281 498 249 247 157 136 369 545 249 564 381 419 336 205 173 150 209 434 236 155 326 177 440 463 335 278 308
368 521 332 273 172 390 136 253 464 288 141 422 340 368 527 307 128 410 480 393 543 187 217 252 215 171 366 349 202 207 407 405 575 92 214 157 113 283 80 392 565 483 185 255 552 100 286 171 201 73 398 81 264 353 519 284 25 323 41 318 557 396 130 182 388 326 316 194 214 263 354 517 174 94 361 85 170 421 371 401 177 83 23 402 184 364 579 318 133 253 419 472 215 305 202 540 30 294 341 76 319 250 329 144 522 575 80 358 156 71 364 388 394 79 225 93 244 407 221 399 464 379 596 126 392 309 255 70 245 290 49 482 21 113 289 389 437 459 210 134 441 394 45 216 235 47 260 582 337 365 248 167 336 365 322 208 481 260 86 205 268 298 586 487 265 436 363 555 410 319 425 323 269 226 253 191 100 391 522 534 140 295 507 202 575 412 382 348 150 434 377 55 368 577 530 54 295 197 112 307 579 267 491 427 390 367 281 174 517 397 87 317 469 236 386 68 162 448 555 481 317 552 213 51 478 200 33 406 127 76 43 409 371 412 496 299 194 5 468 520 397 33 145 263 221 459 538 384 123 334 255 375 208 544 550 123 278 291 225 313 426 95 174 243 348 197 347 359 403 75 491 439 183 435 125 115 484 316 38 394 214 377 113 214 542 419 81 339 97 195 320 28 96 227 71 462 379 306 180 310 270 494 157 115 421 189 103 103 58 338 143 72 348 104 345 363 328 274 199 412 471 264 452 314 326 456 350 212 446 237 486 37 366 305 66 525 337 193 586 120 317 46 414 507 93 162 382 131 156 286 142 108 102 301 108 145 363 551 481 382 259 135 212 578 528 94 107 194 197 354 27 217 185 120 414 199 532 524 228 393 267 532 515 350 332 152 344 410 418 374 542 61 234 500 578 475 343 200 348 357 227 401 400 218 300 185 110 336 217 247 278 367 297 401 366 178 51 24 185 251 443 463 115 197 49 477 376 81 147 92 92 337 487 314 395 411 589 80 55 510 165 250 214 150 394 329 81 407 92 401 159 291 85 0 324 562 176 230 201 214 70 184 25 31 389 66 59 109 20 129 304 99 417 230 473 264 244 85 76 360 521 178 576 387 413 305 159 105 68 191 436 190 79 307 123 422 403 344 279 287
47 845 645 67 286 81 219 164 786 601 438 746 118 122 850 631 306 90 804 717 864 474 531 575 536 436 683 70 159 343 729 727 897 351 119 282 290 586 401 108 881 807 207 563 874 230 592 250 171 378 722 252 101 668 842 116 338 647 353 13 881 114 409 455 95 37 630 514 236 110 676 841 243 412 682 324 162 743 107 164 500 251 301 715 179 689 898 632 207 113 743 796 539 30 461 864 345 618 665 273 26 544 124 361 846 896 363 76 472 366 146 79 718 371 504 336 566 97 108 152 789 65 915 214 714 29 580 393 564 124 343 804 304 316 612 89 761 782 266 405 274 83 316 138 555 280 584 905 658 58 111 173 37 686 30 132 806 585 405 128 576 97 905 811 585 759 44 877 724 186 737 21 584 532 576 147 413 217 846 847 188 133 801 522 882 118 66 24 460 752 61 269 47 901 854 292 44 513 376 19 903 58 815 744 98 66 598 208 840 99 403 629 792 88 710 391 483 772 876 803 80 876 415 347 801 132 342 730 449 287 353 723 117 117 816 29 134 328 792 817 721 350 204 193 121 784 856 700 410 46 70 50 530 865 868 335 601 607 547 637 743 280 212 546 673 256 671 39 726 279 788 763 368 747 219 420 780 638 286 71 537 701 414 110 866 743 352 662 231 477 137 338 420 532 258 785 703 630 158 42 594 818 182 239 108 136 410 241 368 22 231 253 669 230 21 73 11 586 128 735 791 574 776 625 49 779 674 511 770 561 808 317 55 86 304 849 660 508 909 438 8 278 90 831 393 163 695 448 244 604 183 237 387 26 429 441 687 875 802 705 161 360 519 901 852 384 430 500 281 676 333 369 143 282 738 142 853 846 145 699 589 856 839 27 16 476 661 706 732 684 865 356 151 824 902 799 106 308 60 58 142 725 723 107 624 505 214 92 539 568 600 66 103 723 75 501 361 312 282 73 766 783 240 127 369 799 699 243 191 354 283 65 811 74 719 733 907 244 277 832 466 75 118 474 708 651 307 86 406 716 387 612 349 324 0 886 150 528 500 507 378 176 317 311 94 259 380 269 310 452 628 239 110 129 783 587 119 379 251 72 831 220 900 712 735 31 171 398 349 514 760 494 273 626 209 739 206 135 603 605
929 41 266 831 652 947 679 798 108 302 461 142 884 913 37 266 625 972 86 174 67 441 379 317 351 488 221 904 748 630 160 162 34 561 776 646 616 333 485 944 116 81 714 344 124 658 322 693 743 511 168 639 816 242 50 829 552 247 538 880 72 947 513 468 948 885 277 373 718 812 212 77 699 475 209 574 728 148 928 938 389 637 585 209 728 205 83 304 684 810 160 95 348 868 477 49 541 269 230 624 880 380 870 564 54 74 542 913 430 525 901 945 169 532 458 565 322 964 781 939 111 941 170 677 175 871 309 496 327 842 546 131 582 593 280 950 126 107 695 505 937 952 573 773 345 608 302 38 253 924 800 721 895 228 882 769 88 304 487 767 334 855 91 78 304 150 925 41 198 839 253 886 336 374 311 751 484 904 57 145 701 835 265 366 188 972 942 911 433 204 937 618 929 15 56 602 855 393 530 869 49 828 72 173 944 924 296 706 56 952 492 281 99 799 188 498 411 143 66 93 869 82 556 542 111 758 545 157 437 605 539 199 918 965 161 860 756 559 96 245 167 540 699 781 781 107 176 211 491 896 817 936 358 61 98 579 296 291 341 256 168 627 704 365 215 692 221 920 184 612 251 123 584 192 674 485 257 269 601 957 358 186 492 777 92 148 544 226 656 468 869 552 467 376 631 103 187 257 740 869 295 96 711 664 979 751 481 656 526 901 685 634 220 659 907 919 889 318 759 152 118 331 118 284 884 113 213 399 116 326 92 570 926 857 588 65 240 384 102 450 879 609 976 59 510 724 226 440 673 310 704 661 511 864 457 459 199 16 101 182 792 560 383 15 55 523 458 401 694 211 554 639 747 639 148 758 71 113 782 247 299 48 49 912 894 411 241 278 193 245 22 534 775 63 70 96 890 655 905 915 781 162 164 780 263 393 672 886 348 334 300 925 844 192 927 386 531 577 665 813 122 123 656 759 518 92 189 644 701 545 623 892 83 874 167 159 103 642 610 64 435 812 773 412 213 238 590 970 482 244 545 296 560 562 886 0 737 389 409 410 518 737 570 579 944 628 509 632 576 437 260 655 973 780 186 311 801 514 635 921 176 701 61 178 155 865 717 497 544 373 126 407 618 269 679 176 924 894 285 290
193 696 496 97 164 214 79 150 636 452 290 597 176 201 701 484 191 238 655 569 714 327 389 428 387 292 534 174 62 225 580 578 748 219 64 154 148 438 252 219 732 658 97 414 728 80 444 160 74 228 573 113 96 518 692 123 192 499 209 145 733 223 276 310 225 150 480 365 141 99 527 693 157 262 533 178 22 593 217 239 353 101 153 566 66 541 749 491 62 114 595 647 390 135 320 715 196 469 517 138 143 398 167 223 698 746 226 184 328 216 204 212 568 232 375 190 416 231 45 234 640 209 771 68 564 138 431 246 414 157 193 658 156 174 465 224 612 632 164 259 308 218 166 91 410 134 435 755 512 189 82 38 159 541 145 72 657 436 260 60 427 151 756 662 435 612 191 727 575 184 597 152 441 383 426 64 270 250 697 698 57 140 656 372 734 250 206 174 311 608 201 122 193 751 705 152 119 369 230 132 755 92 666 594 215 191 449 90 690 222 258 480 642 65 562 244 337 625 726 653 145 728 284 197 654 29 192 581 300 139 209 574 202 237 671 123 45 180 642 671 572 204 92 144 79 635 713 550 262 168 80 200 380 716 718 194 454 458 397 489 594 152 95 398 524 148 523 183 579 130 642 614 238 598 73 280 634 492 138 221 390 552 275 46 719 595 203 512 81 346 189 193 273 383 116 635 555 480 64 134 446 671 41 116 245 26 260 112 224 166 125 105 519 81 171 188 152 437 23 585 641 425 627 476 150 629 525 363 621 412 658 167 190 135 155 701 514 359 762 288 142 130 239 682 253 32 546 299 118 460 40 109 238 129 280 293 538 726 652 555 121 219 370 752 704 246 283 351 201 527 183 277 43 166 589 71 703 700 112 551 439 707 690 176 159 327 511 560 583 535 716 207 91 675 754 651 175 194 173 181 107 575 573 48 475 360 68 166 389 422 454 191 131 577 202 351 217 167 165 78 616 633 95 26 219 650 549 96 46 207 155 162 663 158 570 583 757 97 127 683 318 75 40 325 559 501 160 235 256 575 248 467 215 176 150 737 0 380 352 360 235 95 167 167 215 111 234 126 161 306 479 104 241 70 634 440 108 230 102 196 682 105 752 563 585 128 23 250 200 364 611 345 124 476 60 590 254 207 454 455
566 348 125 466 267 578 310 483 281 87 91 267 505 534 352 209 344 617 320 252 350 55 218 175 93 100 168 532 376 242 230 228 390 284 432 263 240 59 155 568 359 319 335 45 423 302 68 398 368 159 253 310 444 149 339 453 234 211 230 524 408 570 272 80 604 519 111 89 333 439 183 368 403 139 182 203 366 242 592 555 151 280 247 192 355 236 381 274 320 476 288 314 126 515 90 382 201 167 224 306 516 20 491 178 363 380 261 541 203 167 519 576 235 251 305 192 106 594 419 558 318 589 478 314 216 519 156 192 86 516 192 354 244 215 188 604 277 282 308 124 548 582 218 441 195 275 137 398 248 556 429 355 529 267 517 430 326 161 201 424 54 521 387 325 105 306 570 369 202 453 359 532 240 24 118 413 213 517 364 322 361 455 278 84 355 629 575 552 83 340 570 279 566 402 373 284 490 208 152 509 419 470 326 224 570 554 100 329 335 579 210 108 289 445 259 192 178 319 362 297 496 407 169 189 337 396 201 249 128 241 232 201 540 590 384 499 411 229 293 292 246 226 374 397 442 305 431 181 118 548 457 576 96 353 348 198 196 100 99 204 226 322 326 24 208 307 221 556 283 250 263 275 196 222 309 231 256 232 261 598 176 223 238 425 401 272 177 174 302 287 547 237 170 20 299 287 239 157 403 503 169 351 346 346 609 400 128 333 228 545 374 291 174 300 547 547 528 71 400 242 278 58 302 105 515 276 207 19 282 142 300 219 559 483 225 372 233 65 444 119 520 270 614 344 239 377 172 110 294 233 356 338 142 509 135 88 206 382 292 216 411 176 33 403 371 254 169 40 419 189 210 411 403 345 255 422 340 391 455 172 118 372 347 555 538 128 148 181 209 158 370 178 399 327 426 322 513 267 535 546 453 237 231 428 169 187 325 511 97 201 205 555 469 289 581 107 230 253 278 458 269 270 288 405 182 296 206 300 337 173 319 521 331 533 240 230 386 299 259 327 65 454 409 134 185 160 221 614 140 328 158 225 279 230 528 389 380 0 29 22 229 412 224 259 571 285 204 260 234 168 178 328 601 408 256 195 468 152 284 576 303 322 421 245 235 502 358 132 182 104 274 43 256 124 320 220 537 570 162 105
539 368 149 438 243 551 282 453 302 107 62 283 480 509 372 213 316 589 337 265 374 32 206 173 90 79 191 506 349 223 249 248 413 257 403 239 214 86 127 542 384 337 310 66 437 273 93 370 342 130 267 281 418 172 361 427 206 218 202 496 424 545 248 61 576 492 134 79 309 413 200 384 374 111 201 176 338 262 563 531 136 252 218 218 328 246 405 272 292 447 300 331 120 487 77 400 172 174 232 277 488 49 466 155 381 404 234 514 184 138 495 549 251 224 288 164 109 567 392 533 333 561 490 286 235 490 156 165 92 487 163 367 215 189 191 576 294 302 286 98 528 555 189 412 187 246 141 420 252 529 402 327 502 273 490 401 343 162 175 395 77 492 411 343 115 318 542 391 227 430 362 504 233 35 123 384 188 495 382 348 332 430 307 76 383 601 548 524 56 347 543 250 539 423 391 255 463 194 126 481 438 442 345 249 544 528 115 303 357 553 184 132 310 417 270 165 160 331 385 318 469 423 156 160 352 368 171 265 103 213 204 226 514 564 395 471 382 200 313 321 261 198 344 373 413 321 442 205 90 519 429 548 90 376 373 173 196 119 97 209 250 293 300 47 220 284 230 529 293 221 292 293 176 249 281 207 285 234 231 571 166 237 214 396 417 287 148 189 273 268 518 208 144 33 270 306 251 168 374 476 170 366 318 316 582 372 99 304 201 517 345 262 191 271 520 521 500 91 372 260 301 78 317 129 488 297 219 11 300 140 322 190 532 457 197 389 239 53 460 92 492 240 587 362 213 348 197 84 268 230 328 309 113 481 108 59 221 401 314 232 386 152 29 424 389 228 144 20 391 205 181 385 374 316 272 393 363 405 426 200 126 390 367 527 510 108 169 210 235 185 390 149 373 347 443 339 487 246 508 519 424 254 249 399 177 173 296 485 93 195 204 529 443 298 553 92 202 224 256 429 288 293 260 377 153 317 223 271 309 145 290 494 348 505 255 250 412 270 230 348 36 426 382 114 210 176 193 586 111 331 136 224 251 201 500 409 352 29 0 17 202 383 195 230 545 256 177 233 205 146 185 299 575 381 283 193 439 123 255 547 331 297 439 258 254 475 329 103 153 92 291 19 228 141 292 245 515 541 167 121
545 370 147 444 245 556 288 465 303 108 73 287 483 512 373 224 331 596 341 272 373 33 222 186 103 78 191 510 354 220 251 250 413 273 413 241 219 82 142 546 381 340 313 66 443 282 90 383 346 141 273 293 422 171 361 430 219 227 216 503 428 548 265 58 584 497 134 94 310 417 204 389 387 125 203 182 345 264 572 533 153 260 230 215 333 254 403 285 299 457 307 335 134 495 69 403 184 183 241 290 494 38 469 156 385 402 250 519 201 148 496 554 255 240 305 170 120 572 398 535 338 568 497 293 238 498 168 181 101 497 174 373 226 193 202 584 298 304 286 103 526 560 198 422 202 258 151 420 263 534 407 334 507 283 496 411 347 174 191 405 76 501 409 346 122 325 549 391 224 431 373 511 248 40 133 394 204 495 385 344 342 433 297 91 376 609 554 530 71 356 549 261 545 424 394 268 469 210 131 488 441 449 348 247 548 533 120 307 357 557 200 130 311 425 277 180 177 338 384 319 474 427 149 170 357 374 183 269 120 220 219 224 517 567 403 478 391 213 315 312 266 212 356 375 423 325 449 204 98 527 436 554 104 375 370 176 209 121 110 220 249 306 304 45 227 285 239 535 301 229 283 296 174 245 288 224 275 246 242 577 182 243 230 404 422 292 156 194 282 285 529 222 160 36 281 308 258 176 384 481 182 371 325 329 587 380 111 316 216 524 357 272 195 279 526 526 507 93 379 263 300 79 322 127 494 298 226 16 303 153 322 200 537 461 205 393 249 68 465 108 499 251 593 365 229 357 194 100 272 244 337 321 122 488 124 70 226 403 314 236 389 154 40 425 392 244 160 36 405 210 192 401 383 330 276 402 362 411 437 193 135 393 369 534 517 125 170 201 232 180 392 159 377 349 447 343 491 245 513 524 435 258 252 407 186 189 306 489 106 209 217 533 447 306 561 108 217 237 256 437 291 292 267 385 166 318 226 281 316 152 304 499 352 514 260 251 409 280 239 349 49 433 388 131 208 181 200 593 124 342 135 236 267 214 507 410 360 22 17 0 218 394 206 243 549 266 192 238 216 163 194 310 579 386 278 206 449 133 265 556 325 300 442 265 256 481 337 113 162 108 295 36 235 145 299 243 515 551 177 125
424 478 310 332 239 448 205 281 425 267 154 376 406 432 483 255 118 459 433 345 506 199 154 201 186 199 338 410 268 269 369 367 533 55 262 225 180 272 79 454 533 437 255 242 496 165 271 181 269 101 350 126 328 328 477 349 46 273 29 370 505 458 64 204 431 384 294 168 283 328 317 466 186 95 326 147 233 382 410 467 130 151 90 377 252 315 543 255 200 293 368 425 175 356 228 491 76 250 291 107 376 250 395 197 474 538 32 419 94 110 430 446 351 22 155 151 211 465 281 464 415 427 537 193 354 359 210 37 218 324 102 427 89 176 239 434 392 418 279 168 510 452 111 256 178 102 220 541 280 423 312 232 393 309 379 253 434 214 32 253 254 337 551 441 234 383 413 515 383 388 361 374 206 218 218 235 35 460 473 506 189 362 495 177 551 454 439 402 147 374 434 115 424 533 481 86 353 135 156 362 530 322 446 397 451 426 254 243 477 458 26 296 429 290 335 38 107 395 517 442 379 500 260 100 426 262 85 361 104 145 28 383 435 473 438 355 244 65 427 504 351 37 182 332 265 412 479 357 149 382 312 428 178 506 516 182 225 266 194 263 394 110 244 235 303 266 298 414 349 145 477 395 238 409 193 46 471 260 103 446 161 333 43 268 490 371 131 302 162 125 352 44 61 220 120 420 331 267 224 369 223 443 223 146 479 243 116 139 12 390 167 132 312 171 399 423 383 256 258 371 435 248 403 293 385 417 305 211 402 194 448 103 424 368 133 476 284 176 532 110 370 108 467 461 23 215 357 119 226 226 197 144 136 354 94 157 322 506 444 341 327 187 203 533 480 30 67 189 194 314 86 184 235 125 370 242 495 469 264 375 233 484 469 402 383 118 316 398 391 353 497 105 302 457 527 427 407 266 408 416 263 359 359 272 256 128 168 399 187 190 224 426 361 346 411 148 19 69 253 305 401 428 184 253 71 437 338 140 212 142 106 397 439 357 351 374 555 139 124 470 170 306 275 114 369 293 147 457 99 340 206 234 50 70 378 518 235 229 202 218 0 219 93 68 450 127 28 178 90 82 259 140 476 295 449 210 283 119 142 405 497 247 526 340 374 361 221 131 119 160 392 186 149 277 188 392 471 377 234 260
223 697 516 156 244 255 155 72 643 471 321 595 248 268 702 474 131 246 652 564 723 364 368 420 397 338 549 228 157 304 586 584 752 182 61 231 211 466 264 273 747 656 188 439 712 126 469 76 169 253 569 103 174 536 695 203 188 492 200 165 724 279 238 353 213 194 500 376 233 180 534 685 71 278 542 224 114 599 191 310 348 144 165 585 159 534 759 466 135 74 586 644 392 148 368 710 211 469 509 113 183 431 243 282 693 755 198 237 310 246 278 253 569 207 330 238 425 272 117 302 634 213 750 137 571 151 429 243 428 106 220 644 168 232 458 217 611 636 253 302 394 258 197 38 396 137 437 759 497 230 163 129 202 525 187 45 653 433 250 54 452 118 767 660 446 602 203 733 593 273 568 166 419 409 433 36 254 334 692 717 60 224 690 385 758 236 241 197 333 587 237 133 222 752 700 136 167 350 274 164 749 132 665 609 266 236 463 179 695 270 245 501 647 100 554 241 326 613 734 660 209 718 350 224 645 117 211 580 308 186 199 592 267 287 652 160 59 186 645 703 570 199 39 238 54 631 691 567 298 167 126 223 389 723 731 252 444 474 406 482 608 111 184 426 522 237 517 215 567 176 674 614 306 618 142 256 667 478 152 237 380 552 249 84 707 590 242 518 124 304 136 187 272 410 113 639 551 484 31 183 442 662 128 73 283 76 285 82 211 182 57 123 527 134 196 238 183 458 104 589 651 448 622 497 200 634 524 394 621 412 665 194 229 203 197 694 503 377 750 303 169 142 259 680 230 66 565 314 200 441 77 77 274 150 291 324 540 725 660 559 213 275 395 752 699 218 280 377 114 532 202 198 55 108 589 36 712 686 45 577 447 703 688 195 176 331 527 593 601 558 716 235 183 676 746 646 243 277 222 226 44 578 577 87 475 346 96 231 399 408 442 236 206 563 193 359 206 164 249 114 620 644 161 86 233 655 555 115 126 250 115 217 658 139 570 590 770 115 157 688 347 120 122 328 577 509 208 245 275 550 305 451 182 184 176 737 95 412 383 394 219 0 188 160 263 128 229 189 178 300 477 85 284 159 657 429 65 261 134 188 705 194 744 559 591 170 108 281 234 372 611 372 171 489 122 605 335 160 452 469
360 528 332 262 147 379 118 259 469 288 133 430 325 353 533 319 149 404 488 402 548 177 234 264 220 156 368 337 186 183 413 411 580 117 211 132 88 279 84 379 567 491 165 253 564 88 283 184 184 66 407 87 251 354 525 269 50 334 65 311 567 383 154 169 385 316 317 198 191 249 360 527 187 96 366 61 159 426 370 385 188 68 25 403 167 375 582 335 118 253 430 480 223 300 187 549 29 303 352 89 310 244 313 122 531 580 105 346 174 58 347 377 401 103 248 70 249 396 211 383 474 373 610 111 397 303 265 86 248 292 33 493 22 88 299 386 445 465 186 119 420 383 21 217 249 53 268 588 350 355 234 154 326 378 312 207 490 270 105 203 266 298 590 495 269 447 357 560 411 300 442 317 285 223 259 190 120 371 531 535 138 279 502 206 574 409 372 341 147 448 367 55 360 584 539 70 285 214 94 299 588 259 499 429 377 356 283 154 523 386 107 317 475 230 397 83 177 460 559 486 303 562 192 36 488 189 25 414 132 52 67 410 357 399 509 290 190 29 475 516 405 56 150 243 220 468 553 386 111 330 247 367 213 549 553 98 290 293 230 324 428 111 154 239 357 173 357 350 414 53 487 447 159 435 108 137 480 329 36 387 228 384 136 208 553 428 61 345 86 218 323 53 109 224 76 468 388 313 180 300 280 505 144 124 410 183 97 111 81 332 154 68 352 90 338 352 319 274 190 418 475 263 461 313 315 462 358 206 454 246 491 12 356 292 41 535 349 194 597 121 309 45 406 515 116 157 382 132 134 301 136 115 88 295 112 137 370 559 485 388 241 112 209 585 537 118 120 191 214 360 16 240 182 138 422 198 537 535 231 391 272 540 523 343 325 160 346 405 419 373 549 47 217 507 588 484 329 175 337 346 229 408 406 212 308 201 104 322 222 261 291 356 282 413 363 184 75 44 160 244 449 467 96 190 52 483 382 77 133 72 109 325 496 312 403 416 592 76 40 516 159 242 203 159 395 334 56 401 90 417 138 305 109 25 317 570 167 224 195 206 93 188 0 52 377 61 77 86 11 143 313 104 406 215 473 277 244 73 66 357 521 157 586 397 418 295 148 94 50 197 444 185 57 310 110 424 384 346 288 289
357 539 357 264 191 380 141 227 483 312 171 438 338 365 544 320 97 394 495 408 563 217 222 265 236 202 389 342 202 232 426 424 593 70 197 176 133 310 105 386 587 499 193 281 563 99 312 140 204 103 413 60 260 377 537 282 28 337 42 304 570 390 117 213 369 316 341 216 226 260 374 531 144 121 382 112 165 440 350 400 191 87 33 426 186 379 599 323 134 232 432 487 232 290 233 554 60 311 355 48 309 279 327 173 537 596 65 351 161 102 363 378 411 68 216 122 265 398 212 397 479 362 605 128 411 293 271 84 267 266 80 493 34 138 302 371 453 477 226 165 448 384 72 194 244 34 278 600 347 355 244 165 325 375 311 189 497 275 94 188 294 277 607 503 286 448 348 574 433 324 429 308 274 253 273 172 103 396 537 557 123 295 534 225 599 392 371 335 177 442 366 47 356 594 544 25 285 202 143 295 594 255 508 449 383 358 303 181 536 390 92 341 488 223 399 82 172 461 575 500 311 565 243 82 491 193 64 422 148 94 42 432 367 405 505 287 178 31 486 546 413 39 121 270 202 475 546 407 154 317 244 362 229 564 571 150 290 314 246 327 448 64 182 270 364 212 361 347 415 90 518 456 211 459 128 113 511 326 39 380 226 394 109 201 555 434 111 358 95 186 296 27 112 255 53 480 394 325 160 301 285 508 156 89 411 176 132 78 57 324 115 64 367 106 332 355 315 299 190 430 491 289 467 338 317 475 366 240 463 253 505 64 356 300 89 540 349 218 598 145 303 42 400 523 87 148 406 155 169 294 129 83 133 287 131 174 381 568 501 400 262 164 238 594 543 83 121 222 166 372 58 188 169 89 431 179 552 535 205 419 287 547 531 336 317 171 367 437 441 399 558 92 235 518 592 490 339 221 340 348 204 419 418 205 317 194 100 331 238 256 289 358 293 412 347 199 50 8 203 238 461 484 123 185 77 495 395 72 145 122 61 329 502 295 412 431 610 71 64 529 194 239 207 168 418 349 105 392 119 407 190 301 63 31 311 579 167 259 230 243 68 160 52 0 382 59 70 124 42 142 320 76 408 227 497 276 222 116 76 342 545 187 590 403 432 294 153 136 99 212 453 217 92 329 121 445 406 320 295 309
58 903 693 118 311 22 265 258 841 650 486 806 77 57 907 696 391 109 864 779 916 516 603 641 593 474 734 40 196 358 785 783 952 430 204 311 331 630 461 18 929 866 236 610 941 290 638 339 203 433 783 326 128 717 898 119 406 711 423 107 944 23 488 494 151 69 678 571 249 132 732 904 333 469 737 371 219 798 179 84 565 309 366 763 217 752 949 705 260 206 807 856 600 125 496 925 406 679 729 349 80 586 91 396 907 948 439 31 543 419 87 23 777 446 585 382 623 27 169 70 851 113 985 267 770 123 642 459 618 217 398 870 368 356 677 141 821 838 279 447 203 25 372 228 624 349 644 960 726 36 144 224 62 754 76 218 867 647 474 212 622 190 956 871 640 824 99 932 772 155 811 113 656 579 634 231 484 154 907 893 264 122 835 578 924 164 41 83 512 823 41 336 59 958 915 365 99 584 419 100 965 133 875 793 6 28 651 242 895 8 473 676 847 166 774 457 551 837 928 858 75 940 437 403 865 189 401 789 509 339 423 771 48 24 885 103 214 394 848 853 782 418 287 190 210 845 927 749 457 130 141 72 587 918 917 373 667 658 604 701 794 360 245 591 734 273 734 60 791 332 825 822 393 793 271 494 816 705 351 87 604 760 489 187 931 805 401 718 292 557 226 407 485 578 330 841 765 688 241 82 657 882 234 320 41 209 463 320 439 101 317 319 724 287 80 27 84 635 192 792 843 622 838 673 65 834 734 556 829 623 862 375 41 88 356 912 726 561 974 494 99 344 80 891 467 237 742 505 277 674 253 316 435 118 488 489 746 934 855 762 165 396 567 959 914 460 496 548 373 734 393 460 222 367 798 228 906 912 238 742 645 917 898 91 103 537 712 744 779 729 924 410 173 881 965 861 64 324 43 38 234 783 780 183 685 574 282 62 596 636 668 28 103 790 142 560 432 382 303 151 822 835 288 198 429 855 755 310 244 401 364 53 872 164 779 787 956 312 337 887 514 147 175 536 755 707 355 104 462 789 420 680 427 389 94 944 215 571 545 549 450 263 377 382 0 325 448 313 373 519 690 315 30 164 827 654 212 431 313 142 874 250 963 773 790 94 231 448 400 572 819 542 326 678 267 789 135 219 664 657
303 587 394 208 150 324 85 200 529 349 194 488 279 306 592 373 125 344 545 458 608 236 279 318 279 210 429 284 143 201 472 470 640 123 150 135 99 341 144 328 628 548 137 314 617 40 345 139 145 127 463 36 201 415 584 223 82 389 99 252 622 332 175 225 324 261 378 258 174 201 419 583 140 156 426 99 107 485 309 341 242 35 43 464 128 430 643 381 75 192 485 537 280 240 241 605 88 360 407 54 254 304 268 160 588 640 123 294 218 118 304 322 459 127 274 112 309 342 156 338 530 313 661 70 457 243 321 135 308 231 93 547 46 114 354 325 503 524 179 174 390 328 69 155 299 26 326 647 402 300 185 106 270 430 256 146 547 326 149 142 327 236 650 552 329 501 297 620 472 266 487 258 332 284 318 128 160 337 587 596 76 236 563 266 635 348 317 283 209 498 312 12 303 643 595 52 230 259 146 242 645 201 557 490 325 302 344 125 582 333 148 378 534 171 452 133 227 514 619 546 253 618 231 97 543 136 86 471 191 64 99 471 309 347 561 233 129 70 534 577 463 93 91 213 158 525 603 447 170 270 190 309 272 609 613 132 343 354 290 379 489 79 127 300 414 163 413 293 468 55 548 505 191 496 70 172 541 381 27 329 279 442 168 149 608 485 114 404 36 244 262 83 162 285 26 527 445 372 118 245 336 560 96 73 356 123 159 59 115 273 103 6 412 48 280 298 262 335 134 477 535 324 517 375 261 521 415 267 512 303 551 66 301 242 71 591 403 255 652 182 251 19 348 573 146 97 443 193 119 350 76 63 146 236 172 197 429 617 545 447 203 153 270 643 594 142 172 252 175 419 77 221 121 105 480 137 597 589 171 453 332 597 580 284 266 217 407 466 480 435 607 107 176 566 644 541 281 183 283 292 168 467 465 152 366 250 44 273 282 312 343 302 234 466 302 243 108 57 161 185 508 527 71 131 111 542 441 16 86 122 79 272 553 251 461 476 653 15 30 575 220 184 150 216 456 394 84 342 152 465 182 356 117 66 259 628 111 285 256 266 127 128 61 59 325 0 123 83 53 195 370 50 352 168 534 330 183 133 20 296 582 133 642 453 478 239 95 154 106 256 502 247 53 370 62 485 347 285 344 350
425 469 291 331 219 447 194 294 414 248 126 368 399 427 474 251 140 464 425 338 494 171 158 195 169 171 322 407 261 245 357 355 523 81 267 206 161 250 51 450 518 429 243 220 494 159 250 199 260 74 343 130 323 310 467 343 42 267 29 373 501 455 90 176 439 383 275 149 268 322 305 461 204 67 313 125 229 370 419 460 121 142 82 359 243 309 530 259 192 301 363 417 163 360 200 485 55 241 285 116 376 225 388 172 467 526 58 417 97 83 423 445 341 49 174 127 196 465 279 458 409 432 538 185 342 363 201 14 201 335 79 424 80 154 233 441 383 407 261 140 497 451 93 264 176 100 208 531 279 423 307 226 393 307 379 259 427 205 27 258 233 346 538 433 218 379 417 504 366 377 366 378 210 194 204 242 43 449 467 490 193 354 474 158 533 462 439 404 121 375 434 112 425 524 474 93 353 138 129 364 524 323 438 382 448 425 236 231 466 456 30 277 418 292 330 13 104 392 505 431 375 495 232 76 421 259 63 352 83 129 31 366 430 470 438 356 248 55 416 484 343 31 191 320 272 405 480 340 121 387 312 431 161 494 502 158 221 248 178 257 379 124 231 212 294 249 292 416 346 130 456 386 212 392 184 62 450 258 97 450 157 324 63 270 486 364 106 289 156 145 364 43 43 197 122 410 324 255 230 368 215 438 216 157 479 245 88 147 24 393 181 129 298 163 401 421 384 236 257 360 422 227 397 274 384 406 296 186 393 183 436 86 424 364 115 470 280 155 529 85 372 104 470 453 48 217 340 95 211 227 198 153 108 357 70 130 311 498 431 330 318 162 179 524 473 58 52 165 215 303 67 211 239 143 361 249 483 466 274 355 218 477 461 405 387 102 299 377 374 335 488 80 293 448 522 420 402 244 406 415 273 349 348 273 247 127 167 395 171 189 221 425 356 344 417 131 26 68 233 307 391 415 173 253 45 426 326 138 206 117 120 395 432 365 342 361 541 137 114 459 143 307 273 99 351 280 128 462 71 342 179 233 75 59 380 509 234 204 177 192 28 229 77 70 448 123 0 163 78 72 250 146 475 289 432 207 292 91 135 412 479 234 520 333 362 362 217 103 94 144 383 161 135 261 182 377 461 388 225 243
306 590 380 206 68 319 50 258 528 337 173 496 252 281 595 393 207 359 553 471 603 206 316 338 282 167 420 274 117 120 472 470 639 194 186 53 23 319 156 312 617 555 84 297 637 63 326 218 111 123 474 117 185 403 585 197 134 406 150 266 636 315 238 186 350 259 365 260 105 181 420 595 218 161 424 58 108 485 342 309 264 50 93 450 96 445 636 416 64 235 501 546 292 259 194 615 109 371 423 136 256 276 239 97 597 634 187 282 258 108 271 317 465 187 334 69 311 335 161 309 543 331 685 58 457 262 336 170 305 278 92 566 92 48 372 349 510 525 102 136 335 323 70 204 328 101 334 647 426 296 170 96 269 453 257 189 557 341 189 180 310 276 643 560 328 518 312 619 459 218 522 275 367 266 323 174 205 289 597 581 129 204 532 266 614 375 316 292 199 526 311 90 306 646 606 130 230 296 107 250 655 212 563 480 312 295 338 75 582 322 192 364 535 190 468 167 258 531 615 545 238 632 163 96 558 137 101 479 202 34 152 458 286 333 585 240 164 114 536 549 472 142 159 160 199 535 629 436 143 292 199 316 276 605 604 68 365 345 292 396 480 161 73 279 424 88 427 296 487 35 520 510 118 481 52 223 511 405 86 339 305 449 222 172 624 496 88 406 66 303 310 137 189 265 108 529 456 377 168 243 351 574 88 152 350 149 151 138 166 287 179 84 412 55 288 289 268 322 143 480 530 309 528 360 256 521 425 244 518 316 549 77 299 226 49 602 423 248 668 185 261 88 355 580 202 133 429 194 48 380 115 141 121 251 181 176 434 622 542 450 163 93 254 647 604 202 200 235 255 422 96 303 158 188 487 183 592 607 224 432 334 606 586 296 280 231 398 438 467 417 612 101 144 569 656 551 258 101 276 286 220 471 468 174 376 282 93 254 285 340 368 296 213 487 327 251 160 119 79 201 510 522 30 151 128 542 443 85 80 88 162 262 562 283 468 474 643 86 61 574 201 196 150 232 443 394 43 355 153 497 122 383 187 109 269 632 126 260 233 238 178 189 86 124 313 83 163 0 88 223 381 128 343 149 516 354 227 118 64 322 563 73 653 465 478 242 102 135 89 263 508 229 32 365 70 476 303 330 357 344
354 535 341 257 152 374 116 249 476 296 143 436 322 350 540 324 139 397 494 407 555 187 235 268 226 166 376 332 183 190 419 417 587 110 203 137 93 288 91 375 575 497 165 262 569 83 292 174 182 75 412 77 247 362 531 266 45 339 62 305 572 379 150 179 377 310 325 205 193 245 366 532 177 103 373 70 154 433 361 383 192 65 14 411 165 380 590 337 115 244 435 486 228 293 197 554 35 308 357 78 304 253 310 131 537 587 100 342 175 68 345 372 407 99 245 80 256 391 206 381 479 366 613 108 404 296 270 88 255 283 44 498 11 95 304 378 451 472 190 129 420 378 29 208 252 42 274 595 354 349 230 150 320 382 307 199 496 275 105 195 275 289 597 501 276 452 350 567 419 299 444 310 287 232 266 181 120 371 536 543 129 277 512 213 582 401 367 335 156 451 362 45 354 590 544 60 280 215 105 293 594 253 505 437 373 351 290 154 530 381 107 325 482 223 402 85 180 464 566 493 299 567 202 47 493 184 34 419 139 56 63 418 353 395 513 284 183 25 481 525 411 54 140 243 211 474 556 394 121 323 241 361 220 556 560 107 294 300 237 329 436 100 154 248 363 177 362 344 419 54 496 453 168 443 106 136 489 333 27 381 231 390 134 201 558 433 72 352 81 215 313 48 113 233 65 475 393 319 171 295 285 510 140 114 405 176 107 101 78 325 143 59 359 86 331 347 313 282 184 424 482 271 466 322 310 469 364 216 460 251 498 22 351 288 47 540 354 202 602 129 303 36 400 521 113 149 390 140 136 304 129 105 99 288 119 147 377 565 492 395 240 122 218 591 543 114 123 200 203 366 24 231 174 127 428 190 544 540 222 400 279 546 529 336 318 166 354 415 427 382 555 58 215 514 593 490 325 181 332 341 220 414 412 205 314 203 97 319 229 264 295 351 279 418 355 191 72 35 165 237 455 474 95 183 58 489 389 69 129 82 99 320 501 304 409 423 599 68 36 522 169 236 198 164 403 341 63 394 99 420 148 309 102 20 310 576 161 234 205 216 90 178 11 42 373 53 78 88 0 146 318 94 401 212 481 281 235 84 60 349 529 157 591 402 425 290 142 104 61 204 450 195 58 317 105 432 383 337 293 297
497 397 231 402 271 519 261 363 344 189 119 296 468 496 402 178 198 536 353 265 424 154 95 123 106 174 256 478 329 283 287 285 452 133 339 259 217 200 70 521 451 357 306 170 423 229 198 262 327 107 270 202 393 248 396 412 115 195 100 446 428 525 106 170 511 455 215 91 326 392 235 389 268 73 244 174 300 300 491 528 49 211 153 296 310 236 461 193 261 373 290 345 93 432 195 412 116 169 212 186 448 187 456 204 395 457 110 488 44 122 490 517 270 99 147 172 130 536 351 526 336 505 467 254 272 435 129 60 139 405 132 352 150 203 160 513 312 337 315 154 557 523 153 335 106 173 138 459 207 494 377 296 465 235 451 331 354 133 50 330 182 417 469 361 153 307 490 433 302 441 299 450 144 151 136 314 52 512 394 424 265 422 419 100 470 534 511 477 96 305 506 184 497 452 402 165 424 75 157 436 452 395 366 316 519 496 174 296 395 527 56 218 348 364 257 62 35 319 435 360 446 423 250 128 349 330 122 281 46 190 101 302 500 541 367 428 320 125 345 427 271 103 262 383 344 333 410 276 131 459 384 503 99 424 434 200 148 187 114 185 313 191 295 168 222 305 219 488 273 194 400 314 243 329 252 65 394 187 168 522 85 252 73 342 413 292 148 219 226 124 433 115 34 155 195 339 252 185 302 440 142 366 286 227 550 317 97 219 89 466 249 201 230 233 474 493 456 180 328 289 353 174 324 215 455 335 224 151 321 112 366 148 496 434 174 397 208 106 457 67 445 175 542 381 80 289 277 68 271 158 270 224 132 429 56 121 240 426 362 260 383 195 137 452 401 96 23 129 272 232 129 248 311 207 289 321 413 394 344 297 151 404 389 477 459 42 235 324 310 275 416 125 360 376 450 348 471 290 477 486 344 278 277 346 175 59 239 465 107 118 149 497 425 272 489 70 94 140 285 379 320 346 238 326 95 355 256 210 275 156 188 466 360 436 270 292 473 209 182 388 122 379 344 36 288 211 183 534 83 274 203 162 129 129 452 437 306 168 146 163 82 300 143 142 519 195 72 223 146 0 178 218 547 358 369 135 363 121 206 484 416 296 448 260 292 434 288 120 140 81 311 128 199 197 252 311 526 458 153 180
672 219 118 575 412 692 426 539 169 110 220 118 633 662 225 38 369 713 176 90 249 216 133 61 103 261 112 649 496 403 114 112 275 304 516 404 369 150 229 690 282 179 465 138 257 401 138 436 491 258 94 380 562 118 218 578 292 34 278 622 255 694 260 245 688 629 112 124 475 559 70 214 442 221 83 325 471 127 669 690 129 381 327 153 475 64 287 117 429 551 120 168 90 609 262 236 284 11 46 364 623 182 620 328 218 282 283 658 174 273 653 690 92 273 229 318 77 709 524 690 162 682 309 422 100 612 49 236 93 583 292 186 324 348 29 691 134 160 457 267 703 696 318 513 95 349 48 282 73 667 546 466 638 89 625 509 178 45 228 507 136 595 296 183 73 138 667 256 154 596 182 627 110 155 63 491 225 664 218 263 442 585 294 119 315 712 685 652 188 162 680 359 672 274 226 342 598 142 287 611 275 571 188 158 689 669 85 456 218 698 232 118 172 540 87 238 153 151 261 185 615 251 341 287 177 502 289 103 181 352 279 154 666 711 211 602 497 300 168 293 93 281 440 537 522 156 257 130 249 637 559 678 107 249 263 337 51 93 93 28 152 368 454 157 45 451 47 662 109 358 272 137 357 181 419 228 270 63 342 698 102 74 236 518 243 115 295 56 399 229 610 293 208 159 372 162 75 30 480 613 37 193 456 405 723 493 231 397 266 642 426 376 69 403 649 664 631 119 502 113 183 127 148 118 628 160 46 179 143 67 191 315 669 603 335 222 55 142 286 197 620 350 718 203 252 465 141 187 426 88 446 402 265 605 201 219 64 248 188 85 544 322 156 275 225 266 198 170 440 62 297 396 488 381 112 499 238 227 522 176 60 228 211 654 635 153 100 217 161 151 238 281 524 199 276 171 638 422 649 659 522 101 102 522 9 137 414 633 99 87 60 669 592 113 667 131 272 317 426 555 143 176 403 501 261 179 84 385 445 298 364 637 183 614 92 121 301 384 353 212 198 554 516 154 146 56 339 711 228 151 314 72 302 304 628 260 479 178 185 194 259 477 313 320 690 370 250 381 318 178 0 396 718 526 220 64 541 264 378 661 263 453 273 84 119 608 460 250 292 119 133 175 364 77 423 154 681 635 25 84
285 615 431 198 193 311 115 155 560 386 237 514 280 305 620 395 92 319 571 483 639 281 293 340 312 258 464 276 154 247 503 501 669 115 122 179 147 381 179 321 662 575 164 354 636 70 384 90 161 169 489 18 201 452 613 227 104 412 118 230 645 326 173 272 293 247 415 291 205 203 450 606 91 193 458 149 110 516 274 344 267 78 80 501 145 454 675 393 99 155 507 563 309 216 289 630 127 387 430 35 239 347 271 210 613 672 125 285 233 162 308 309 487 132 271 161 341 329 148 338 554 287 677 96 487 219 347 160 343 191 137 567 84 163 378 295 530 554 216 221 406 315 116 118 318 52 354 677 420 286 186 117 256 449 242 113 572 351 169 113 367 200 683 579 362 523 273 650 508 281 498 234 345 324 349 96 175 350 612 632 51 243 605 300 673 316 301 262 248 514 296 51 285 670 620 54 217 274 194 224 669 184 584 525 317 290 379 152 612 323 166 416 564 151 475 158 247 535 651 576 248 640 281 141 566 133 127 499 224 113 117 508 306 339 578 217 105 101 563 618 489 116 46 233 126 551 618 482 215 242 175 289 305 640 647 181 365 389 322 402 523 49 155 341 440 200 437 276 489 104 590 532 240 533 99 181 582 400 68 306 300 470 176 130 630 510 162 435 65 242 221 104 189 326 29 556 470 401 84 233 360 583 109 24 342 106 200 11 131 250 53 46 444 80 260 289 244 373 126 506 567 363 542 412 250 551 442 309 539 329 582 112 286 239 120 615 424 292 672 218 231 59 327 599 155 78 480 229 156 366 64 13 192 214 206 241 457 644 577 476 217 202 310 670 619 145 198 293 128 449 118 185 96 67 507 103 628 609 130 492 363 622 607 262 243 247 442 508 516 473 634 151 188 594 667 566 279 227 273 280 128 495 494 133 393 268 47 270 314 330 364 290 235 486 271 275 125 80 202 167 537 560 108 117 148 572 472 42 101 170 51 264 578 218 488 507 686 42 80 605 263 169 145 244 493 425 134 317 190 478 231 374 112 99 239 655 104 328 299 310 140 85 104 76 315 50 146 128 94 218 396 0 340 173 572 350 146 178 64 266 620 163 665 478 508 224 98 198 152 288 529 288 102 404 82 520 357 245 371 385
65 932 723 144 341 29 295 272 871 680 516 835 106 83 937 724 414 98 893 808 946 547 630 669 622 504 764 69 226 389 814 812 982 455 225 341 361 661 489 40 959 895 266 640 969 318 668 359 233 462 812 352 158 746 927 150 434 740 450 122 973 42 513 524 147 93 708 600 279 162 762 933 353 498 766 401 247 828 178 100 593 338 394 793 247 780 979 732 289 222 836 885 628 140 526 954 434 708 757 375 102 616 120 426 936 977 465 61 570 448 111 32 806 472 609 411 652 13 196 87 880 111 1013 296 799 138 671 487 647 228 427 899 396 386 705 137 850 867 309 477 217 27 401 248 651 376 673 989 754 54 174 253 84 782 99 240 896 676 501 234 652 201 986 900 670 852 102 961 802 183 837 125 683 609 663 253 511 173 936 923 289 153 866 607 954 156 45 94 542 850 49 364 66 988 944 391 123 611 449 120 994 156 904 823 33 51 680 272 925 22 500 706 877 190 802 485 579 865 958 887 106 968 467 432 894 217 430 818 538 368 450 801 74 23 913 125 237 421 878 884 811 445 310 220 230 873 955 779 486 138 166 74 616 948 947 403 695 688 633 730 824 384 275 621 762 304 763 71 820 361 855 851 423 824 300 520 846 733 379 80 631 789 515 211 959 834 430 748 320 582 233 434 513 608 357 871 794 717 264 108 686 910 263 344 14 234 492 345 466 111 339 346 754 316 92 54 101 665 219 821 873 652 866 703 91 863 763 586 858 652 891 404 56 118 386 940 754 591 1003 523 116 372 66 920 494 262 772 534 308 702 279 341 465 136 517 519 775 963 885 792 195 427 597 988 943 485 524 578 391 763 421 479 246 389 827 250 935 941 255 772 675 946 927 99 115 566 741 774 809 759 953 440 203 911 994 890 94 355 69 61 252 812 809 207 714 602 309 92 625 664 695 50 133 818 142 589 459 409 333 174 852 865 318 224 458 884 785 337 273 431 388 82 901 174 808 817 986 339 366 917 544 172 203 565 785 736 385 94 492 816 450 708 452 417 110 973 241 601 575 579 476 284 406 408 30 352 475 343 401 547 718 340 0 194 857 681 229 460 341 144 904 280 991 802 820 116 259 478 430 601 848 572 355 708 296 819 152 223 693 687
160 738 529 62 157 170 101 199 677 486 322 642 111 138 743 534 261 218 700 616 752 354 446 479 429 313 570 125 32 213 620 619 788 285 109 154 168 467 298 164 766 702 78 446 780 130 475 229 42 269 620 179 36 553 733 55 249 549 267 131 781 168 340 332 221 112 514 407 108 33 568 741 225 306 572 207 63 634 224 173 403 147 207 599 53 589 785 548 97 151 645 693 436 130 337 761 244 516 566 204 111 424 100 236 744 783 289 133 385 255 136 168 612 294 440 218 458 186 46 170 688 194 825 104 605 132 479 300 453 190 234 708 209 193 514 217 657 674 138 284 237 174 209 143 464 194 480 795 565 148 21 62 122 593 112 124 703 485 316 111 459 175 792 707 476 662 173 767 608 114 655 141 498 415 470 124 328 180 743 730 127 71 677 414 762 245 168 151 347 663 163 180 160 794 752 215 86 426 256 111 801 81 711 629 164 146 486 81 731 173 316 513 683 81 611 297 392 675 764 693 89 777 286 239 702 43 238 625 345 174 267 607 142 185 725 100 101 234 684 694 618 261 162 83 125 681 768 585 293 164 71 172 423 754 754 211 505 494 439 539 630 221 84 428 570 127 571 150 629 168 665 657 239 630 107 340 657 545 193 196 443 596 336 81 768 641 236 554 133 411 218 251 324 414 180 677 601 524 128 97 494 719 72 186 201 83 298 181 283 150 195 163 560 126 145 140 126 471 55 628 679 458 674 509 107 670 571 393 665 460 697 212 151 77 192 748 564 397 812 330 122 187 209 727 314 102 578 341 117 515 109 178 270 119 325 325 581 770 691 598 54 235 403 795 750 309 335 384 270 569 230 347 104 236 634 127 741 750 163 580 481 753 734 156 144 374 547 584 616 566 760 246 28 717 802 697 113 179 127 138 158 619 616 80 521 415 130 107 432 476 507 147 67 629 199 396 276 226 153 81 658 671 124 73 266 690 591 155 83 237 224 113 709 169 615 623 793 157 176 723 350 71 38 374 592 542 191 214 298 631 261 520 281 230 129 780 70 408 381 386 295 159 215 227 164 168 289 149 212 358 526 173 194 0 664 493 149 266 154 194 711 92 799 610 626 99 76 284 236 408 655 378 162 514 107 625 184 230 501 493
822 160 141 722 520 834 565 725 109 185 345 166 760 788 159 251 567 872 172 191 124 311 351 277 263 354 114 788 632 486 122 124 170 501 684 518 497 197 393 824 109 163 591 220 284 555 191 630 624 408 184 554 700 121 143 708 470 233 461 779 242 826 468 334 857 775 157 282 586 695 150 217 635 379 137 459 621 117 842 808 325 533 493 73 611 209 140 324 576 725 213 174 278 770 335 210 446 222 226 545 772 241 745 432 197 143 479 797 380 419 772 832 157 468 448 447 239 850 675 811 196 843 340 569 129 773 257 418 231 763 443 244 490 471 249 857 159 124 559 380 789 838 469 688 312 520 238 175 265 812 685 611 785 258 773 680 183 256 417 675 207 770 143 170 215 220 825 150 68 704 334 787 329 252 234 662 420 765 200 67 610 710 91 273 102 882 832 807 325 288 827 526 822 193 207 522 746 357 409 765 233 725 165 63 825 811 195 585 135 835 424 156 119 699 213 418 355 225 132 111 752 248 406 439 215 651 448 161 349 496 462 68 795 845 286 755 662 471 131 80 173 460 618 650 692 176 322 94 373 801 713 831 271 129 106 454 271 183 255 237 71 556 582 237 193 560 213 812 230 504 71 150 443 40 564 430 75 269 508 854 313 168 438 678 251 183 431 164 555 446 793 472 389 251 544 129 191 197 652 759 252 216 602 586 865 653 376 575 453 800 612 540 151 554 803 804 784 199 655 136 83 210 184 159 771 114 189 272 152 266 107 469 815 739 479 213 243 280 280 354 775 517 870 177 449 629 92 343 550 305 608 580 396 763 366 342 165 189 98 147 666 431 265 196 205 464 383 283 641 160 457 608 654 574 158 671 117 258 701 85 219 201 171 810 793 331 134 98 60 99 179 429 654 149 250 186 768 516 791 802 700 147 140 682 217 346 576 766 262 307 280 811 725 242 834 301 457 493 531 712 129 82 544 659 424 119 142 549 593 429 552 777 184 785 164 113 139 549 510 128 317 709 665 335 81 167 476 869 382 310 410 288 498 473 783 186 634 256 283 278 449 657 473 497 827 534 432 516 481 369 220 572 857 664 0 284 716 405 536 829 48 578 242 187 120 758 612 385 435 289 153 289 510 172 574 67 786 817 237 189
632 272 172 537 393 654 394 487 229 151 210 170 602 630 278 46 313 669 225 137 308 219 71 20 103 259 174 613 463 394 176 174 330 250 472 383 344 186 197 656 344 231 438 165 288 364 175 382 460 231 143 335 528 176 274 546 249 64 233 579 295 660 202 246 641 590 162 116 453 526 134 256 388 193 147 300 435 188 620 661 90 345 288 216 444 106 346 79 395 503 157 217 74 566 267 281 249 63 81 317 583 206 590 315 265 341 232 623 119 247 623 652 150 222 165 295 91 671 486 660 205 637 333 388 163 569 41 194 113 533 262 218 285 327 35 644 187 218 438 256 684 658 286 466 34 307 64 337 73 629 511 431 600 101 586 463 225 37 182 463 168 547 356 233 104 173 623 313 217 571 175 584 51 171 82 446 175 641 264 326 399 555 355 117 378 664 646 611 177 172 641 318 632 326 271 296 559 82 270 570 320 530 239 222 654 631 125 428 275 662 185 168 230 498 125 197 104 185 319 244 580 289 341 257 216 465 255 158 153 322 234 217 634 676 232 562 454 260 225 356 146 237 392 512 476 204 276 193 235 592 519 637 103 308 324 319 15 137 97 55 216 318 427 178 101 430 91 622 139 326 334 191 349 244 386 174 331 52 303 656 50 133 181 476 279 163 271 119 361 166 559 249 168 175 328 220 125 89 434 575 35 233 421 356 685 451 210 350 219 599 375 335 132 367 608 628 591 154 463 173 245 158 195 167 590 219 104 190 197 53 251 281 630 569 305 266 74 141 323 173 579 310 676 253 199 423 203 166 400 38 404 354 246 563 173 210 126 298 249 147 516 308 166 326 270 212 158 174 383 126 263 334 445 328 167 453 298 260 473 235 91 274 262 611 593 123 159 274 224 210 290 252 494 253 317 218 606 408 612 621 473 160 162 480 67 83 373 600 99 24 14 632 559 137 621 113 226 274 407 514 202 238 371 460 227 237 147 345 410 276 314 601 231 567 148 183 362 343 317 269 194 513 479 122 209 118 312 667 202 146 306 32 249 264 587 311 440 195 193 206 210 429 277 276 654 330 207 354 281 135 64 350 681 493 284 0 493 241 340 615 326 427 316 133 181 568 423 232 266 105 188 178 332 129 386 217 657 584 50 126
165 760 576 120 272 200 185 52 706 531 376 659 212 226 766 539 194 182 716 628 785 418 433 485 458 388 610 181 160 332 649 647 815 247 44 261 251 523 324 224 808 720 203 497 777 170 527 133 174 310 634 163 149 597 759 179 250 556 263 107 788 230 303 404 148 145 560 437 245 158 596 750 126 338 604 272 129 662 127 270 412 191 223 646 170 599 821 531 166 9 651 708 455 89 417 774 270 532 574 177 133 487 210 324 758 818 263 189 375 300 243 198 633 272 394 285 487 216 103 260 698 149 815 170 633 91 492 306 488 51 275 709 226 274 522 152 675 700 270 352 366 202 250 28 461 196 500 823 562 177 145 146 150 590 137 39 717 497 314 48 510 54 829 724 508 666 141 796 653 254 633 106 484 467 495 55 318 306 757 777 107 200 746 446 817 171 184 138 391 652 180 190 164 816 764 199 123 415 323 112 814 90 729 670 216 184 524 197 758 217 310 560 710 69 618 304 391 678 797 723 170 783 389 279 709 116 269 644 370 232 262 653 224 235 717 111 64 246 708 760 634 262 102 232 29 696 756 628 351 103 91 163 451 786 793 295 508 535 468 547 669 176 202 483 586 255 582 158 632 223 731 678 343 678 176 321 723 543 209 174 444 615 314 70 772 655 294 581 169 368 83 249 335 468 172 702 615 547 65 137 506 727 149 137 226 82 342 145 275 121 121 177 590 175 138 188 129 517 102 652 713 506 687 557 153 698 588 450 685 475 728 249 174 168 246 759 567 436 815 363 114 199 197 744 295 95 625 374 225 506 114 140 327 94 352 380 603 789 723 622 202 319 453 816 763 283 344 435 162 595 259 250 69 173 653 46 774 751 26 635 509 767 753 134 116 393 587 649 661 617 780 290 177 740 810 710 204 302 173 174 24 641 640 70 538 411 143 190 460 473 507 184 175 628 128 421 270 226 273 77 683 706 197 86 292 718 618 168 152 300 180 171 723 74 634 653 832 168 209 751 403 86 112 390 638 571 255 181 334 615 349 516 247 244 119 801 108 468 439 449 283 65 244 222 212 183 292 227 235 363 541 146 229 149 716 493 0 315 184 123 764 212 809 623 654 122 129 336 287 434 675 429 217 550 158 666 302 103 516 530
420 473 266 320 153 435 165 332 411 222 61 378 371 399 477 278 212 468 435 353 487 104 215 224 163 86 305 391 234 163 354 353 522 165 280 142 105 209 52 430 502 437 201 184 521 151 214 255 229 17 357 160 302 289 467 315 98 290 103 375 518 433 181 97 453 374 251 141 213 299 302 478 259 49 306 61 217 368 440 426 153 129 98 336 214 328 520 310 172 324 384 428 175 365 117 497 56 253 307 161 369 171 357 85 479 518 145 399 163 15 389 433 347 138 258 54 193 451 271 427 425 439 570 165 339 368 219 88 187 364 40 449 94 86 256 453 392 408 197 50 443 439 65 288 218 126 217 529 313 412 286 208 383 339 371 278 439 225 109 272 197 368 527 442 210 401 421 501 345 332 414 382 261 153 205 261 127 401 479 468 209 322 430 148 505 478 431 403 82 413 425 128 420 528 488 139 344 196 38 361 537 321 445 365 430 411 220 193 465 439 116 250 417 295 351 86 154 415 498 427 355 515 141 37 441 248 52 360 88 92 106 344 404 451 470 351 259 86 418 444 354 96 223 273 290 417 515 321 38 397 309 428 158 488 489 79 251 229 174 280 365 180 191 168 307 190 310 410 371 100 416 392 124 368 161 149 408 292 109 450 195 331 152 274 507 378 31 288 150 230 395 102 91 153 149 411 339 259 251 358 235 456 199 197 466 249 33 184 111 396 226 139 294 149 399 406 380 207 251 362 413 195 410 246 371 403 307 135 399 200 431 67 414 343 75 485 308 131 550 68 371 119 467 462 139 225 316 77 162 271 204 189 18 359 69 64 316 504 425 332 280 75 140 529 486 149 100 121 282 304 61 295 251 205 369 269 476 490 304 322 216 488 468 406 389 118 282 333 353 305 494 26 262 451 538 433 376 170 392 402 301 353 350 277 258 177 173 372 167 230 255 412 331 372 430 134 108 109 167 308 392 405 142 254 48 424 325 148 189 36 178 379 444 381 350 357 528 147 106 457 88 304 262 119 329 276 76 465 39 386 88 272 157 85 379 514 230 152 123 133 119 261 73 116 431 133 91 118 84 121 264 178 460 266 405 241 315 0 132 424 453 189 535 347 360 355 208 21 30 145 390 116 106 248 170 360 418 418 240 227
294 594 396 197 132 314 66 206 535 352 193 496 264 292 599 383 144 339 553 467 613 234 293 328 285 204 433 273 127 184 478 476 646 142 148 116 83 341 150 315 632 556 118 316 628 24 346 154 128 128 472 53 188 418 590 208 96 399 113 246 632 319 193 221 321 251 381 263 154 187 425 592 155 161 431 90 94 491 308 326 252 15 53 467 110 439 648 394 58 193 495 546 288 235 234 614 94 368 416 74 245 303 253 148 596 645 141 282 232 118 288 312 467 144 292 103 315 331 146 323 539 308 672 52 463 238 330 146 313 234 93 557 55 100 364 321 510 531 159 168 372 318 67 158 311 44 333 654 413 290 172 91 260 441 247 146 555 335 162 140 329 237 655 560 334 511 291 626 475 248 501 252 345 285 325 129 174 320 596 599 78 220 562 271 636 346 307 276 211 510 302 31 294 650 604 72 220 273 140 234 653 193 565 494 313 291 348 105 589 321 162 380 541 165 461 144 238 524 625 552 240 627 219 97 553 124 90 479 198 52 114 474 295 335 572 225 127 81 540 576 471 107 100 194 158 533 615 450 167 266 181 301 278 614 618 119 354 357 295 388 493 98 107 300 422 143 422 285 478 42 547 512 177 499 52 188 540 392 39 322 290 450 184 143 618 493 109 410 21 262 265 98 172 285 44 534 453 379 120 235 345 570 81 88 346 118 160 74 130 267 116 20 418 30 272 287 254 337 124 484 540 326 526 377 250 527 423 267 519 311 557 67 291 229 63 600 413 258 662 187 243 34 341 581 163 93 446 197 99 362 72 77 143 230 178 196 436 625 551 454 186 142 271 650 603 159 183 253 191 425 81 240 119 124 488 138 602 599 175 454 338 606 588 277 260 225 411 465 483 437 614 107 160 573 653 549 267 165 272 281 172 474 472 146 374 262 41 260 288 323 354 292 220 477 298 250 123 73 141 179 514 532 51 124 117 548 448 22 71 116 99 260 561 249 469 482 657 22 26 581 220 177 139 224 459 400 73 336 155 478 171 368 136 76 251 635 102 284 255 265 142 134 66 76 313 20 135 64 60 206 378 64 341 154 536 340 184 132 0 293 584 113 651 462 484 230 83 153 103 263 509 247 38 375 46 489 330 287 353 354
84 880 689 134 348 122 273 148 824 644 485 780 187 185 885 660 316 64 837 749 903 524 555 606 575 488 725 133 221 406 767 765 934 370 146 342 344 633 440 160 924 841 270 608 900 274 638 251 234 421 754 282 170 711 878 188 369 677 383 65 910 165 426 507 29 106 673 553 302 180 714 871 244 452 721 374 213 780 37 223 532 296 338 759 239 720 938 653 258 113 772 829 574 65 516 895 384 652 695 298 97 594 194 417 879 935 385 136 497 410 212 120 753 394 515 387 604 131 163 210 820 35 938 264 752 62 612 425 604 97 386 831 341 369 643 29 795 818 332 455 339 121 359 150 582 313 619 942 684 109 178 227 103 712 100 152 838 617 434 155 621 73 946 844 624 788 43 914 767 257 755 54 606 577 613 170 440 283 878 891 220 205 852 562 929 54 102 63 504 775 101 305 83 936 885 319 114 537 426 87 935 114 849 786 148 119 639 269 877 143 431 673 829 132 740 423 512 800 915 841 151 904 475 390 831 187 382 764 486 335 382 767 178 160 840 97 166 363 828 867 755 381 223 264 140 816 878 743 458 30 126 71 568 904 909 390 630 649 585 668 785 299 274 593 706 320 703 85 754 326 838 798 428 792 270 443 830 665 323 67 566 735 437 151 894 775 399 699 274 490 92 369 454 578 290 821 735 666 181 113 626 848 234 259 135 176 453 266 396 51 244 290 707 276 69 130 81 630 178 771 831 619 808 670 118 816 707 559 805 595 846 359 103 157 351 880 689 550 937 478 76 314 89 865 417 200 739 489 304 629 221 261 434 75 468 488 722 909 841 741 231 415 564 936 884 405 463 546 274 713 372 361 175 295 773 163 892 873 146 746 627 888 873 55 55 511 703 756 775 729 900 400 218 859 932 831 173 373 122 115 145 760 759 148 658 532 253 160 577 594 628 119 174 750 6 538 390 344 345 121 802 823 291 171 407 836 736 280 242 403 303 132 844 49 753 771 948 281 319 870 512 128 175 509 751 689 356 64 447 737 443 638 369 360 72 921 196 576 547 556 405 188 357 342 142 296 412 322 349 484 661 266 144 194 829 615 123 424 293 0 877 282 930 744 772 102 220 444 394 551 794 540 320 666 256 781 270 79 636 646
869 159 189 769 566 881 613 773 127 233 392 193 806 835 157 291 614 920 185 222 109 358 395 321 311 400 160 835 679 530 157 159 153 549 732 564 544 244 441 870 75 175 638 268 287 603 239 677 671 456 215 602 747 169 142 755 518 273 508 827 241 872 514 380 905 822 205 330 631 742 193 223 683 427 180 507 669 149 891 853 372 581 541 120 658 244 112 361 623 773 239 189 325 817 380 209 495 265 263 593 819 288 792 479 200 117 526 843 427 467 818 879 191 515 491 495 286 897 722 857 213 891 341 616 167 821 302 466 279 811 491 259 538 518 292 905 182 143 604 428 832 885 517 737 356 568 284 156 302 859 732 658 832 291 820 728 195 301 465 723 255 818 112 181 263 242 873 136 114 749 360 834 370 299 281 710 468 809 203 32 659 756 90 321 54 930 879 855 373 311 874 574 870 180 209 570 794 402 456 812 225 773 174 105 872 858 243 632 133 882 471 204 134 747 245 466 402 246 113 122 799 248 450 487 230 699 496 192 398 544 510 114 841 892 300 802 711 519 147 69 205 508 666 695 740 193 331 141 421 849 760 879 319 115 81 501 313 231 303 278 110 604 629 285 232 606 250 860 259 552 79 173 488 87 612 477 87 307 556 901 358 204 485 726 254 209 479 208 603 491 841 520 437 299 592 147 225 241 700 806 296 226 649 634 912 701 424 623 501 848 660 588 195 602 850 850 831 247 703 168 100 258 203 208 819 135 228 320 173 312 116 518 862 786 527 216 280 328 276 402 823 565 918 182 496 677 140 391 596 345 656 629 444 811 414 389 204 182 110 185 712 477 313 182 207 512 430 331 688 201 505 654 702 621 187 719 106 265 749 132 266 201 174 858 841 379 181 137 106 147 174 477 701 155 244 201 814 560 838 849 748 180 175 729 260 392 624 813 310 350 321 858 771 270 882 349 505 541 576 760 153 103 591 707 472 132 181 598 640 476 600 824 195 833 197 148 104 597 558 128 365 756 713 383 128 212 524 917 431 338 456 329 545 521 831 176 682 303 331 325 497 705 521 545 874 582 479 563 529 416 263 620 904 711 48 326 764 453 584 877 0 624 236 220 154 805 660 433 483 336 177 337 558 220 622 109 830 865 281 237
251 660 445 154 66 258 48 254 596 403 240 567 183 212 664 466 253 309 624 542 670 267 389 411 352 224 487 212 62 124 541 539 707 255 168 62 85 381 229 246 681 625 14 362 710 95 389 245 50 196 546 160 125 469 654 131 201 479 219 221 707 248 304 244 310 203 431 331 42 119 489 667 243 234 492 128 83 554 309 237 337 100 158 514 44 517 702 489 65 217 573 617 364 218 246 686 181 442 496 184 203 336 169 146 668 700 252 220 330 181 200 256 536 253 402 136 382 273 121 238 614 285 758 67 526 220 408 242 374 260 165 638 159 108 445 307 580 594 59 198 263 262 143 196 401 157 406 715 499 237 112 67 213 526 203 177 628 414 261 165 374 251 708 630 397 591 264 686 523 144 596 231 440 331 394 168 276 216 668 644 139 134 587 337 674 335 258 242 268 599 253 144 252 715 676 185 178 369 172 202 725 169 633 545 248 235 406 15 651 258 263 428 603 157 540 239 331 604 681 613 175 704 194 170 630 100 174 549 275 106 220 523 218 268 658 191 150 182 605 604 543 211 177 86 184 605 702 502 210 252 156 263 347 672 669 124 438 412 363 469 546 207 10 343 496 43 499 242 560 104 575 580 148 544 64 293 567 479 148 287 378 520 291 145 696 567 158 476 100 371 291 204 262 330 155 598 528 448 166 188 424 646 66 185 288 131 222 174 235 241 206 131 481 86 237 227 218 387 112 549 596 374 599 425 198 590 496 308 588 389 616 149 241 162 122 674 496 318 740 257 213 146 300 650 270 128 494 266 28 454 119 174 190 208 254 242 505 692 609 520 91 147 320 716 675 269 273 302 286 492 168 348 148 230 557 175 659 680 217 493 404 677 656 247 234 304 465 494 531 480 681 174 77 639 728 622 191 91 215 227 212 541 538 146 447 355 117 189 356 413 441 236 147 560 287 323 228 183 63 163 579 589 64 127 202 610 512 127 68 156 209 201 633 252 539 543 708 129 124 643 267 155 109 305 507 464 115 305 226 570 170 456 249 178 220 701 105 322 297 300 247 194 157 187 250 133 234 73 157 296 453 163 280 92 578 427 212 189 113 282 624 0 724 536 546 191 87 204 161 334 578 295 99 433 82 541 230 307 429 412
944 84 303 848 679 965 698 802 149 334 486 158 906 934 84 270 626 984 101 183 128 471 379 325 372 518 258 922 768 662 192 193 92 565 787 672 639 369 502 963 177 103 736 376 70 674 357 695 764 531 179 650 835 280 99 850 563 253 548 893 23 966 514 499 957 901 312 394 744 832 239 59 702 493 239 596 744 181 935 961 400 653 599 254 748 211 142 293 702 818 158 108 363 880 510 39 557 283 235 632 895 415 892 592 58 134 547 931 434 545 924 962 189 537 448 588 342 982 797 962 111 952 109 695 205 883 321 507 351 848 565 107 596 618 288 960 145 142 723 532 967 969 590 781 348 621 319 94 249 940 819 738 911 222 897 778 97 316 497 778 367 862 150 96 328 143 938 102 244 865 223 898 332 404 330 761 491 932 57 206 713 857 325 388 249 980 958 924 456 179 953 631 944 63 48 611 871 395 555 883 14 843 95 219 962 941 324 728 107 971 500 317 139 812 191 509 419 132 127 138 888 33 590 560 100 775 562 175 454 625 548 245 939 984 122 875 768 572 131 305 181 551 707 807 791 119 124 252 516 907 831 950 377 122 160 605 301 321 361 263 212 633 726 397 229 719 229 935 178 631 309 146 615 242 692 489 315 267 614 970 365 204 496 790 46 158 566 250 671 462 874 563 480 407 642 137 198 277 749 885 306 82 728 672 996 764 502 665 535 913 690 648 248 676 921 937 903 350 775 179 166 363 125 320 901 151 228 429 139 340 139 587 942 876 607 51 242 407 41 469 892 622 990 78 515 737 268 459 696 306 717 670 534 877 474 484 220 54 149 206 815 587 411 61 50 527 470 428 692 234 570 631 759 642 167 768 130 72 788 295 320 49 77 925 907 426 275 329 240 289 64 553 797 100 8 102 911 685 922 932 788 185 190 793 278 398 686 906 368 337 303 942 865 183 936 403 541 588 692 827 153 171 675 773 534 134 216 657 718 568 629 910 91 883 185 193 162 656 626 115 461 826 789 427 257 263 611 982 501 221 575 295 564 576 900 61 752 421 439 442 526 744 586 590 963 642 520 653 591 448 273 665 991 799 242 316 809 535 651 930 236 724 0 189 187 880 733 520 564 391 148 434 637 298 696 221 950 899 298 318
756 139 147 659 493 776 509 619 102 163 300 37 717 745 145 88 446 796 93 7 178 290 202 139 184 337 114 733 579 480 66 64 197 383 599 485 451 203 313 774 220 98 548 201 178 485 190 514 575 342 10 463 646 132 141 661 375 69 361 705 171 777 335 319 771 712 150 206 557 643 70 131 521 304 80 408 555 71 750 773 212 464 411 140 559 28 217 143 513 633 44 85 174 692 334 152 368 94 53 446 706 244 704 407 135 211 363 742 251 356 736 773 30 353 288 400 155 793 608 774 78 765 233 506 61 695 132 319 167 664 376 109 408 430 101 773 54 89 537 347 783 780 401 595 167 433 130 204 84 751 630 549 722 71 709 592 94 127 310 590 195 677 226 101 144 61 750 180 135 678 152 710 163 225 143 574 306 746 134 211 525 668 274 200 267 794 769 736 269 112 764 443 756 193 142 425 682 216 368 695 192 654 106 126 773 752 146 539 143 782 314 156 101 624 26 321 233 74 189 116 699 168 413 371 94 586 373 29 265 436 362 136 750 795 141 686 580 384 94 267 16 363 522 619 604 72 187 122 329 720 643 762 189 177 199 418 118 147 173 78 117 449 538 222 40 532 42 746 48 442 253 59 434 156 503 306 253 95 426 782 180 27 314 602 160 31 378 73 483 294 691 375 291 228 455 89 9 90 563 697 118 110 539 486 807 576 314 479 348 725 507 459 78 487 733 748 715 176 586 52 124 188 64 158 712 93 40 250 65 151 123 398 753 687 418 138 66 221 204 280 704 434 801 121 331 549 140 270 508 136 529 484 347 689 285 299 42 166 123 46 627 402 229 193 141 345 282 245 516 59 381 465 571 460 36 581 168 147 604 178 134 144 130 737 719 237 119 222 139 159 157 364 608 120 192 88 722 501 733 743 603 40 47 605 89 215 497 717 180 157 122 753 676 59 750 214 354 401 506 639 73 119 486 585 345 108 56 469 529 380 445 721 100 697 23 74 233 468 437 138 276 638 600 238 137 86 422 794 312 124 392 121 381 387 712 178 563 245 258 265 340 559 397 403 773 453 333 465 402 260 84 478 802 610 187 133 623 347 462 744 220 536 189 0 67 692 544 332 376 202 55 251 448 123 507 123 763 716 109 141
777 114 116 678 497 794 525 655 52 148 306 51 729 758 118 141 487 822 88 70 131 286 252 180 199 334 72 750 594 477 6 8 162 422 627 491 462 182 334 789 163 85 559 190 201 505 170 553 588 358 64 491 662 94 107 675 404 121 391 729 176 792 379 314 800 732 125 221 563 658 58 138 559 323 54 420 575 8 782 783 244 484 435 82 573 91 169 207 531 664 96 84 200 718 324 148 390 125 110 478 727 228 716 409 130 164 400 759 292 371 746 792 38 390 343 410 169 811 629 785 96 791 259 524 21 721 166 348 172 697 393 143 432 439 146 802 51 48 540 350 783 798 420 626 213 459 154 170 148 771 646 567 742 138 729 620 96 163 343 618 181 708 177 91 150 106 775 142 74 684 216 735 220 219 159 603 342 750 131 147 552 680 208 213 202 824 789 759 279 171 784 468 777 169 140 455 702 261 375 717 185 677 92 60 790 771 141 551 105 799 348 130 57 648 93 350 270 115 143 68 715 176 403 389 117 606 393 41 286 452 393 75 763 811 183 708 607 410 59 200 53 393 553 626 633 77 225 70 336 747 665 785 205 132 144 424 166 136 188 128 51 484 549 211 81 537 98 768 111 459 187 45 430 90 520 346 188 155 450 806 221 51 354 626 174 66 390 73 504 346 726 405 320 222 483 52 71 107 592 716 156 126 558 519 826 601 328 510 381 750 541 484 66 506 756 765 737 164 607 16 64 177 80 133 731 44 78 244 51 181 74 418 773 703 434 141 127 229 214 297 727 459 824 109 369 574 89 287 518 194 554 515 357 713 306 304 55 147 69 34 637 405 228 170 138 383 311 246 559 60 402 515 598 498 40 610 120 170 636 123 146 138 113 761 743 261 88 166 76 110 136 380 621 93 192 94 736 501 751 762 635 27 21 630 119 256 522 732 196 205 173 772 690 123 778 234 386 429 510 662 34 57 502 608 367 64 37 493 548 390 480 738 100 726 44 8 182 492 458 97 280 660 620 264 81 84 435 819 329 190 391 178 419 413 735 155 585 235 254 256 374 591 418 432 790 478 362 478 425 292 119 508 820 626 120 181 654 360 484 772 154 546 187 67 0 713 565 343 390 221 46 252 465 114 527 58 769 750 142 135
65 824 621 37 257 87 193 171 764 577 414 726 96 106 829 612 298 118 783 697 841 448 515 557 514 409 660 59 130 312 707 705 875 339 110 253 263 561 380 103 857 786 178 538 856 208 567 246 141 355 702 236 70 644 820 86 320 628 336 37 861 109 396 428 126 24 605 492 205 79 654 821 240 390 660 299 138 721 136 149 481 228 281 691 151 669 875 617 183 117 724 776 518 46 434 844 324 598 646 259 15 518 99 334 826 873 349 67 455 342 126 85 697 356 493 311 544 105 84 139 769 96 899 190 692 47 560 374 541 138 320 786 284 289 593 120 740 760 235 378 254 91 293 136 538 261 563 883 640 62 80 147 32 668 18 125 785 565 387 118 551 113 882 790 563 740 74 855 700 158 722 48 568 507 554 138 396 195 826 823 173 104 774 500 857 149 78 51 437 736 73 250 65 880 834 276 13 496 350 16 883 40 795 720 96 67 575 179 818 100 385 604 770 73 691 372 465 753 853 781 55 857 385 324 782 107 320 709 428 263 336 699 103 118 799 10 121 309 770 791 701 331 193 162 116 763 840 676 385 74 50 74 508 843 844 308 582 584 525 618 720 268 183 521 652 225 652 55 707 255 762 742 339 723 194 405 753 620 266 97 518 680 399 95 847 723 327 640 209 465 156 320 401 507 241 763 683 608 148 16 574 799 156 227 118 118 386 228 351 52 223 233 647 207 46 68 27 562 106 713 768 550 756 601 32 757 653 486 749 541 785 295 62 58 280 830 642 485 891 415 26 258 112 811 378 147 670 426 216 587 164 224 362 35 408 417 666 855 779 683 130 332 495 880 832 369 411 476 280 655 311 367 130 273 718 135 830 828 147 674 567 836 818 57 47 455 637 680 708 659 844 333 120 803 883 779 86 278 52 56 143 704 701 91 604 488 195 72 517 550 582 67 74 705 105 480 344 294 252 58 744 760 214 108 347 777 677 224 166 329 271 50 791 95 699 710 883 225 255 810 441 55 93 454 683 629 282 114 384 701 359 594 336 305 31 865 128 502 475 481 361 170 295 294 94 239 362 242 290 434 608 224 116 99 758 568 122 355 230 102 805 191 880 692 713 0 148 374 325 492 739 470 249 603 186 715 186 159 583 582
212 676 474 114 143 231 56 168 616 430 268 578 186 212 681 466 188 260 636 550 693 305 374 410 366 269 512 190 57 203 559 557 727 209 86 132 125 416 232 233 710 638 81 392 711 60 422 166 66 207 554 103 107 497 672 131 176 481 193 167 714 238 265 287 248 168 459 344 125 108 506 674 163 242 512 155 13 573 240 249 335 80 135 545 53 522 728 475 39 136 577 628 371 158 296 696 176 450 499 129 162 375 176 199 679 725 214 200 313 195 212 229 549 219 365 167 396 248 64 245 622 231 755 45 544 161 412 229 393 179 172 640 138 150 447 247 593 612 146 236 309 235 145 110 393 119 415 735 495 207 91 22 178 523 165 92 638 418 243 81 405 174 735 643 415 594 213 707 553 184 582 174 426 361 406 81 255 252 678 676 58 146 633 352 712 273 225 195 289 592 220 106 212 732 686 140 138 354 207 153 736 113 647 573 231 208 427 72 670 239 243 458 622 88 544 226 321 607 705 633 158 710 261 176 636 42 172 561 280 117 194 552 215 253 655 143 65 163 622 648 553 188 96 138 100 616 697 529 240 191 101 220 360 695 697 171 436 436 377 471 572 147 77 375 505 130 505 203 561 108 619 594 215 576 50 266 611 475 121 242 373 532 262 69 701 576 181 492 62 335 211 177 255 361 104 615 536 460 79 152 427 652 21 113 263 48 239 107 209 188 128 89 499 59 191 205 173 415 43 565 620 403 608 454 168 609 506 341 601 394 637 147 209 148 133 682 496 338 744 267 163 114 259 663 240 42 524 278 97 444 37 105 216 151 260 271 518 707 631 535 120 196 348 732 685 234 265 329 207 507 163 278 62 163 570 89 682 682 131 529 419 688 670 198 181 308 490 537 561 513 697 185 90 655 736 632 187 174 189 199 127 556 553 72 456 344 55 179 369 406 437 209 141 560 225 332 202 152 145 100 596 612 72 49 200 629 529 80 23 185 149 178 644 181 551 562 736 82 108 662 295 96 56 307 537 481 137 257 236 559 224 450 205 159 171 717 23 358 329 337 221 108 148 153 231 95 217 102 142 288 460 98 259 76 612 423 129 208 83 220 660 87 733 544 565 148 0 228 178 344 591 323 102 455 38 568 259 230 435 434
438 456 247 338 162 453 183 353 393 203 41 363 387 415 460 266 230 487 420 339 469 83 211 214 148 69 286 408 252 165 337 336 505 180 301 153 119 189 56 447 483 421 217 165 508 171 194 275 246 32 342 181 320 270 450 332 116 278 118 394 503 450 191 77 473 392 231 127 225 316 285 463 279 47 289 77 236 351 460 441 146 149 118 317 231 314 502 303 191 345 370 413 163 385 99 482 75 239 294 181 388 150 373 86 464 500 159 417 163 36 404 451 332 151 262 68 178 469 290 442 410 458 558 184 322 388 207 97 171 385 61 436 115 98 245 473 376 391 207 37 454 457 86 309 211 146 203 512 302 430 304 227 402 328 390 298 423 213 116 293 177 389 508 426 193 388 440 484 326 345 406 402 256 133 190 281 134 414 464 449 229 337 410 133 485 498 449 422 64 402 444 148 438 511 472 159 363 193 39 380 521 340 429 346 447 429 203 209 448 456 124 230 400 314 338 95 151 401 480 410 373 500 133 58 427 267 72 345 81 111 121 325 421 468 458 370 279 105 401 424 339 112 244 287 310 401 504 302 19 417 328 447 143 470 470 88 241 210 159 268 346 199 206 148 292 201 297 429 358 119 395 376 123 349 180 156 387 282 130 469 188 316 160 294 493 363 47 272 170 235 416 119 94 133 170 394 324 244 272 376 223 442 218 218 484 269 23 205 124 415 247 160 277 169 418 423 399 188 270 345 395 176 395 227 389 386 292 114 384 188 414 88 432 360 94 470 296 114 536 59 391 139 486 446 150 245 296 66 176 263 225 209 15 379 65 44 301 488 407 316 295 77 121 512 471 161 102 102 301 287 81 311 271 224 353 290 458 477 324 302 200 473 452 425 408 109 264 313 334 286 477 47 278 435 524 418 393 176 410 420 322 337 334 297 244 173 194 389 152 223 246 430 347 360 450 121 122 129 176 327 376 387 160 274 63 407 308 168 208 48 197 396 429 402 335 340 510 168 127 440 68 324 281 112 309 260 93 484 38 378 84 263 173 105 398 497 250 132 103 113 131 281 94 136 448 154 103 135 104 120 250 198 478 284 385 232 336 21 153 444 433 204 520 332 343 374 228 0 50 132 374 96 126 230 189 342 431 439 227 209
389 502 296 289 131 405 135 305 441 252 91 407 341 370 507 304 197 438 465 382 517 131 235 250 193 106 335 360 205 151 384 383 552 157 251 119 78 239 70 400 533 466 173 215 549 121 244 234 199 35 385 135 272 319 497 286 88 317 97 345 547 403 183 120 423 343 281 171 187 269 332 506 237 73 336 35 187 398 410 398 177 99 75 367 184 356 551 332 142 295 412 457 203 335 137 526 44 282 335 139 339 200 328 79 508 548 140 369 179 19 360 403 377 136 268 33 223 421 241 398 454 408 597 135 369 338 247 96 218 336 19 477 72 63 283 423 421 438 175 69 419 409 37 260 242 102 245 560 338 381 256 178 353 365 340 249 468 253 117 243 227 339 557 471 240 429 390 531 375 305 437 352 283 183 234 232 135 375 508 499 180 293 459 178 535 448 400 373 112 438 395 102 389 558 517 120 313 215 44 331 566 291 475 395 400 381 251 164 495 409 123 280 447 264 379 93 174 443 528 457 325 543 145 19 469 217 37 390 114 62 100 375 375 421 497 321 229 71 448 474 383 89 197 247 261 446 541 351 64 367 278 398 187 519 520 64 277 259 204 307 395 161 162 198 335 165 338 379 398 70 445 422 119 399 131 156 437 318 84 420 219 361 158 244 535 407 13 318 120 239 367 92 107 183 124 441 367 288 222 327 263 485 168 173 436 219 62 160 109 365 203 111 324 119 369 375 350 237 221 392 443 225 439 277 341 434 336 164 429 227 462 41 384 313 45 514 335 161 579 96 341 93 437 491 142 195 346 105 134 295 175 164 40 329 93 94 346 534 455 362 251 69 170 559 515 149 117 152 264 333 42 285 221 187 398 241 506 518 276 352 245 518 498 376 359 143 313 363 383 335 524 15 232 481 567 462 347 152 362 372 273 383 380 247 287 198 144 342 196 254 280 382 301 399 400 162 104 92 145 277 422 436 112 224 51 454 355 120 159 24 159 348 473 352 380 387 559 119 77 487 118 274 232 144 359 306 46 434 64 411 91 296 150 68 349 544 200 182 153 162 119 234 50 99 400 106 94 89 61 140 292 152 430 236 435 266 287 30 103 394 483 161 564 376 390 325 178 50 0 174 419 146 76 278 140 391 391 390 268 257
557 331 150 459 294 575 307 438 273 108 105 234 515 543 336 135 278 601 292 208 352 115 115 86 25 154 178 532 377 290 216 214 383 213 405 285 250 122 113 572 375 294 346 93 376 285 118 341 373 140 212 271 444 167 328 459 184 146 173 508 373 576 186 141 579 512 134 14 357 441 163 333 346 103 170 206 355 229 561 571 49 264 214 216 357 183 387 183 312 443 239 284 32 496 164 353 169 108 162 259 507 120 502 213 335 384 190 541 105 154 534 573 204 179 203 199 53 592 408 572 280 570 426 305 201 499 76 130 58 478 174 304 211 229 113 580 248 268 339 152 586 579 200 406 95 238 72 391 172 551 428 348 522 197 509 400 295 82 128 397 103 488 395 299 74 256 553 364 223 477 279 514 142 81 62 382 133 546 335 346 331 466 337 21 390 603 569 538 72 271 564 247 557 387 343 236 482 105 169 496 393 456 303 238 572 552 93 337 326 581 135 137 278 427 206 131 79 270 363 290 497 370 236 169 296 386 172 217 65 234 175 222 548 593 327 487 385 188 278 345 210 173 333 418 412 272 372 196 132 526 444 564 18 353 359 219 112 106 34 136 236 268 336 95 162 333 165 547 226 240 319 250 244 249 302 145 313 153 229 584 74 188 153 405 362 233 176 148 283 187 507 185 101 86 262 271 194 116 371 496 92 312 338 300 607 379 112 290 165 529 324 262 156 286 535 547 516 99 387 221 280 94 266 134 511 265 163 92 257 56 295 198 553 485 217 340 164 40 405 78 506 237 603 319 162 353 197 68 307 141 332 295 147 492 85 105 174 362 289 191 425 206 71 388 342 177 94 73 353 163 181 328 377 285 226 390 341 345 417 216 76 345 326 540 522 42 156 243 231 194 352 162 406 310 394 289 520 306 532 542 416 211 209 408 113 84 300 515 27 103 118 552 474 228 557 13 169 208 308 441 252 272 284 387 145 286 185 272 328 179 264 520 300 505 207 220 398 271 237 319 89 439 400 46 208 138 220 598 110 250 202 137 209 191 514 373 364 104 92 108 160 372 197 212 572 256 144 263 204 81 119 288 601 408 289 105 434 145 263 551 336 334 391 202 221 492 344 132 174 0 247 75 246 118 306 233 563 532 95 99
803 86 159 705 532 822 554 672 51 187 339 18 760 789 91 143 500 846 46 53 123 323 257 192 226 371 117 779 624 514 49 49 142 436 649 525 493 224 359 819 167 47 591 229 156 532 211 568 619 386 46 513 691 138 86 705 425 123 411 754 134 822 390 351 822 759 167 249 597 688 91 95 574 350 93 451 602 43 802 815 262 511 459 126 603 83 162 195 559 684 61 40 221 742 363 109 415 142 108 498 754 269 747 444 90 155 416 788 305 400 778 820 43 406 343 442 197 839 655 816 50 815 213 552 59 745 182 369 204 716 421 98 456 471 155 824 6 36 575 384 819 826 447 647 221 482 176 150 138 798 675 595 769 120 756 642 52 178 361 640 220 729 171 52 181 66 799 125 118 718 183 759 219 256 185 624 358 785 91 163 575 711 244 242 219 845 816 784 310 135 811 492 803 141 100 476 729 270 408 743 147 702 56 100 819 799 176 582 88 827 365 173 48 672 73 371 285 73 134 63 744 133 443 416 72 633 419 31 311 481 412 119 794 840 138 734 630 433 39 233 41 414 573 660 655 32 180 116 369 770 691 810 232 122 145 458 172 173 216 132 91 501 580 250 89 572 97 794 82 487 223 4 468 130 548 360 225 150 474 830 233 59 367 650 130 33 420 103 530 350 743 426 341 259 505 35 63 131 613 743 169 80 585 538 854 625 357 530 400 774 559 508 100 533 781 794 763 203 633 33 78 216 34 175 758 43 87 282 10 200 70 445 800 732 463 99 121 261 171 325 752 483 850 72 384 598 135 314 550 192 578 535 388 738 331 337 74 115 72 59 669 440 263 141 98 398 331 281 570 87 428 520 621 513 22 632 114 124 655 169 174 99 79 786 768 284 131 211 119 155 105 409 651 65 152 49 766 537 779 789 655 37 43 654 136 268 546 762 223 211 177 799 720 94 800 260 405 450 544 687 25 74 531 633 392 54 68 517 575 422 497 767 57 747 41 54 179 516 484 83 314 686 647 286 127 115 465 843 357 161 427 177 434 436 760 126 611 274 291 295 392 611 444 453 819 502 383 508 450 311 133 529 848 655 153 188 675 390 509 794 177 578 148 55 46 739 591 374 419 247 0 287 493 150 553 99 803 768 158 170
534 366 151 434 245 548 278 442 301 108 56 277 479 508 370 201 302 583 333 258 375 42 188 158 76 86 192 503 346 229 247 245 412 241 395 239 211 94 113 540 388 333 308 69 429 266 98 356 339 120 260 270 414 174 359 425 192 207 187 490 419 543 230 70 568 488 136 62 311 410 196 379 361 97 198 171 332 260 555 531 118 244 208 221 325 238 407 256 287 438 292 327 105 481 90 395 161 164 221 265 484 63 465 158 377 405 218 511 165 130 494 546 246 208 269 161 99 564 386 533 327 554 482 280 232 484 142 149 84 477 155 359 204 187 178 568 290 300 289 98 533 552 181 402 171 235 129 420 239 525 399 323 497 262 485 392 338 149 158 387 81 483 414 339 107 310 536 391 230 432 349 498 217 37 112 375 170 498 377 353 323 429 318 61 389 593 544 518 40 336 539 240 534 421 386 242 458 176 123 476 434 436 341 251 541 524 111 301 356 551 167 135 309 410 261 149 142 323 386 317 467 417 166 150 345 363 161 259 86 207 190 230 513 562 386 466 374 188 311 330 255 184 334 374 405 316 432 207 86 512 424 543 75 377 375 173 182 117 84 198 251 280 299 53 212 285 221 524 284 215 302 289 183 253 276 189 295 221 221 565 149 231 196 389 411 280 143 184 266 249 508 195 127 38 259 304 244 161 365 472 158 360 313 305 579 364 88 293 186 511 333 253 188 265 514 518 495 92 366 256 301 80 312 131 485 295 211 25 296 125 321 181 528 454 190 385 228 37 454 76 487 230 582 359 196 340 201 67 267 215 320 298 108 475 92 53 215 399 314 228 386 153 25 422 385 211 126 6 376 200 170 368 366 302 267 383 364 398 416 206 117 386 363 521 504 90 170 220 238 190 388 140 371 345 438 333 486 250 505 515 414 250 245 393 167 154 288 483 80 179 190 525 441 288 546 74 187 212 258 423 286 294 256 370 141 316 219 262 304 141 277 491 343 497 250 248 414 261 221 348 28 420 377 96 214 171 188 580 98 319 141 209 236 190 494 407 345 43 19 36 186 372 185 217 542 247 161 229 195 128 175 288 572 378 289 178 429 116 247 540 337 295 434 251 252 470 323 96 146 75 287 0 221 139 285 246 517 531 155 117
313 577 372 214 100 329 62 243 516 328 166 480 270 298 582 373 176 362 538 454 592 204 291 318 267 170 411 286 131 148 459 458 627 162 179 85 46 314 136 326 609 540 108 290 618 48 320 192 128 107 458 89 198 395 572 214 103 387 120 269 619 330 207 188 349 268 357 245 135 195 407 579 193 144 412 55 111 473 338 329 243 27 61 443 112 427 626 392 66 225 483 531 274 259 200 599 84 354 405 106 263 274 257 110 582 624 155 295 231 94 291 327 451 156 303 68 297 346 165 328 526 333 665 59 444 263 317 143 293 267 72 547 61 62 353 348 495 512 134 136 362 334 47 192 305 69 318 635 405 306 182 102 277 433 265 179 541 323 162 171 303 268 633 545 315 500 315 607 451 242 498 276 342 259 308 163 177 314 581 574 113 223 532 252 610 374 325 297 188 504 319 59 313 633 590 98 238 271 107 255 639 215 549 471 326 306 326 97 570 334 164 356 522 189 449 141 234 513 604 533 251 615 180 77 541 141 77 463 183 15 121 451 303 347 564 245 157 83 523 547 456 112 138 185 190 519 608 427 138 292 202 322 261 594 595 81 345 335 278 377 471 131 97 273 408 120 409 303 468 6 518 496 139 474 55 194 510 384 54 344 283 434 192 169 606 479 79 392 49 273 299 106 165 259 79 516 439 362 154 252 333 557 93 126 361 145 138 112 136 290 155 56 399 44 293 301 274 313 145 466 519 301 512 353 266 509 409 239 503 298 537 51 308 239 31 586 403 237 650 168 265 56 361 565 171 123 422 179 78 357 103 115 114 253 163 169 420 608 531 436 184 104 246 633 588 171 176 227 228 408 70 272 150 158 472 171 582 589 210 427 320 591 572 300 283 212 388 436 459 411 598 85 162 556 640 535 274 132 286 297 207 457 454 172 359 257 76 269 270 317 346 307 228 468 326 234 130 87 111 202 497 511 39 149 105 529 430 60 83 83 131 274 546 279 453 462 635 60 29 562 193 198 156 212 435 381 37 359 136 474 134 361 155 79 273 618 124 256 228 235 149 171 57 92 326 53 135 32 58 199 364 102 355 162 510 332 217 106 38 320 558 99 637 448 465 249 102 126 76 246 493 221 0 354 64 467 327 321 339 333
667 227 43 567 384 683 413 555 163 39 193 143 616 645 231 116 394 713 196 130 239 173 188 116 93 221 60 638 482 364 108 107 274 329 520 378 349 80 227 677 258 196 446 79 299 396 67 458 476 247 131 387 550 52 221 562 301 108 290 621 284 680 296 201 694 621 35 113 449 546 59 244 464 214 59 307 465 121 677 670 153 374 328 100 461 119 273 194 420 559 167 190 106 609 213 258 282 71 114 376 617 121 603 296 240 270 307 647 209 260 633 681 111 296 286 297 66 699 518 671 194 683 355 413 94 613 92 247 62 595 283 231 325 325 102 695 153 162 427 237 670 687 310 522 150 354 70 282 149 659 534 456 631 160 619 515 202 94 245 512 72 604 280 201 43 184 666 253 105 570 255 627 180 107 62 497 248 636 241 228 446 567 231 104 273 718 678 650 166 226 673 362 667 282 250 353 592 189 261 608 297 567 203 120 677 659 28 438 218 687 252 41 170 539 141 248 183 197 250 179 603 283 293 279 214 495 285 125 181 340 292 105 650 698 264 598 500 304 172 235 123 290 450 513 528 181 311 79 223 640 555 675 100 240 243 311 120 24 84 105 119 385 436 100 91 424 108 657 166 348 211 151 318 132 409 257 206 140 343 696 145 99 266 518 277 149 278 50 395 280 625 302 218 109 378 166 118 48 487 605 94 227 447 417 714 492 216 407 282 641 442 376 50 396 646 654 627 54 498 118 165 66 178 41 619 156 88 132 159 97 184 308 662 591 323 249 129 117 320 188 618 352 714 221 277 467 82 178 405 161 446 412 244 604 199 191 83 260 177 92 524 291 114 283 248 292 211 132 469 66 294 437 491 402 131 505 228 267 534 108 47 249 225 652 635 160 39 146 113 84 249 270 508 206 302 198 623 388 640 650 532 113 108 521 69 176 414 619 91 148 131 660 578 173 672 130 286 325 396 553 147 158 390 499 259 177 82 386 437 278 381 626 207 621 116 110 282 385 349 209 166 551 509 163 92 37 323 710 219 224 278 147 326 307 626 269 476 124 141 145 277 489 310 329 678 370 261 365 317 197 77 404 708 514 172 129 550 248 375 666 220 433 298 123 114 603 455 230 278 118 150 139 354 0 416 116 655 649 79 21
251 638 436 152 122 269 35 190 578 392 230 540 218 245 643 429 172 298 598 512 655 267 339 373 328 233 474 227 81 182 521 519 689 183 117 109 93 378 194 269 672 600 82 354 674 23 384 164 84 169 517 80 142 458 634 162 142 444 159 205 677 273 236 251 285 206 420 306 124 141 468 637 163 204 474 118 49 534 275 280 298 42 100 506 67 485 689 441 17 165 540 590 333 195 261 659 139 413 462 106 201 338 207 166 641 687 184 236 278 157 243 267 511 188 336 131 358 286 102 277 584 269 719 16 506 199 375 193 355 208 134 603 102 117 409 284 555 574 137 199 330 273 107 135 357 87 377 696 459 245 125 45 216 487 203 119 600 380 208 110 367 207 696 605 376 557 251 669 515 205 547 212 391 323 368 105 221 276 641 638 62 175 596 314 674 310 263 233 251 556 258 74 251 693 649 112 176 319 170 191 698 151 609 534 268 246 389 70 632 276 208 420 584 125 507 190 285 570 667 594 194 672 232 138 598 79 134 523 242 79 160 514 249 289 618 182 95 127 584 611 515 153 98 154 130 578 661 491 202 228 139 259 322 656 659 137 400 398 339 434 534 128 73 337 467 121 467 241 524 70 582 556 186 538 21 233 574 438 85 280 336 494 230 105 663 538 143 454 26 306 240 144 218 323 77 577 498 422 99 190 390 615 35 103 300 81 200 92 176 226 125 57 461 21 230 242 211 377 81 527 582 365 571 416 205 570 468 303 563 356 599 109 247 183 95 645 459 299 707 229 202 80 298 625 208 63 486 240 80 408 46 92 178 189 222 233 480 669 593 497 142 162 310 694 647 204 229 291 205 469 125 267 89 149 532 113 644 645 154 491 381 650 632 236 219 270 452 500 523 475 658 147 115 617 698 594 220 155 227 236 151 517 515 108 418 308 35 213 331 370 401 246 174 523 262 294 169 119 128 138 558 574 40 85 162 591 491 50 25 147 129 215 606 216 513 524 698 52 70 624 257 135 94 269 499 443 100 295 197 524 191 414 177 123 209 679 60 320 292 299 188 122 110 121 267 62 182 70 105 252 423 82 296 107 574 386 158 170 46 256 622 82 696 507 527 186 38 189 140 306 553 285 64 416 0 530 286 261 397 396
780 139 96 680 487 794 524 671 72 139 302 108 724 753 141 183 508 828 131 127 130 275 286 212 208 321 56 749 593 460 58 59 172 443 635 483 458 162 342 786 143 125 554 179 248 510 153 573 586 361 121 503 661 72 126 671 417 166 406 735 215 789 406 301 809 734 111 229 553 656 83 182 579 329 71 418 578 57 793 775 265 488 444 33 572 143 161 256 533 675 154 130 218 724 306 184 397 156 158 492 730 209 710 399 167 160 421 758 319 373 739 792 93 410 382 407 181 810 631 778 148 798 306 526 63 727 193 363 177 711 397 196 440 433 183 810 105 82 529 343 766 798 423 638 247 470 176 179 198 771 645 569 744 192 731 631 141 192 360 627 167 720 167 132 159 163 780 150 23 674 273 741 262 210 175 613 362 737 169 113 561 675 152 220 162 834 791 763 279 229 785 477 780 187 178 469 704 293 369 721 216 681 130 5 788 771 142 547 120 797 366 113 83 654 149 364 294 171 141 84 713 217 383 392 169 608 399 99 296 453 408 24 759 808 237 712 615 420 92 145 109 406 566 618 643 128 278 39 332 755 669 788 216 133 129 417 204 132 199 170 9 501 545 199 126 528 146 770 168 460 130 97 415 33 522 370 131 201 458 810 249 102 378 632 217 123 389 98 509 382 740 418 334 211 493 87 125 132 602 718 187 174 559 533 825 607 329 523 397 755 558 492 86 509 759 764 741 154 611 74 59 167 133 116 731 72 122 234 101 204 84 423 774 701 435 181 176 231 253 304 731 467 827 146 390 581 50 292 513 237 561 528 354 718 314 300 98 173 75 81 631 396 222 189 176 406 327 240 582 93 409 545 606 517 97 621 120 218 650 74 160 174 144 766 749 275 79 113 20 69 161 383 617 121 228 142 732 487 751 762 648 83 76 636 151 283 529 729 206 241 213 771 687 180 787 246 402 441 499 667 78 52 502 613 374 87 75 501 549 388 497 737 144 736 100 49 168 500 463 112 275 664 622 279 38 103 434 825 334 247 378 221 440 422 739 176 590 220 245 243 392 605 424 445 789 485 377 476 432 311 154 520 819 625 67 217 666 360 489 781 109 541 221 123 58 715 568 342 391 233 99 246 467 116 530 0 757 765 172 136
188 882 662 182 271 157 267 354 817 622 464 792 91 85 886 695 446 244 849 770 887 483 618 641 579 437 705 137 205 300 763 762 927 468 276 278 313 595 459 117 893 850 219 580 938 307 605 409 202 425 773 362 161 686 875 132 425 708 443 218 934 113 522 457 284 169 648 558 206 157 712 893 404 464 714 357 247 776 307 52 567 320 381 728 220 745 917 719 272 300 801 842 593 232 452 911 410 670 725 388 181 548 92 360 893 916 470 134 558 410 61 158 761 474 621 364 608 158 218 66 841 245 987 278 749 232 637 470 599 325 395 867 383 333 674 274 805 817 229 419 69 160 372 309 631 373 634 934 729 161 174 242 169 756 177 293 853 643 489 282 591 300 922 855 622 819 228 906 738 86 825 227 669 550 621 299 503 25 893 853 311 114 780 563 877 299 174 207 494 829 173 359 189 937 902 397 181 598 396 201 950 212 858 761 129 152 628 230 871 138 490 645 825 238 768 467 560 832 898 833 133 931 380 399 857 226 404 775 505 335 444 737 92 129 887 196 276 408 828 800 769 436 344 144 288 831 932 718 434 251 212 203 574 890 884 345 668 633 590 698 763 405 231 559 723 231 728 185 789 332 772 805 343 756 279 517 763 708 369 221 608 746 514 250 923 794 387 700 311 592 342 427 491 548 362 821 755 674 306 171 653 873 251 370 167 263 450 365 459 221 378 343 704 301 201 140 195 606 236 773 814 593 826 642 158 811 723 525 812 617 836 378 168 135 352 900 725 543 967 486 206 364 214 875 493 285 708 495 256 683 293 363 416 221 484 466 730 915 829 744 144 364 541 938 900 489 502 523 448 716 397 529 282 420 783 300 877 908 325 701 630 902 880 215 220 534 684 695 745 692 904 404 171 861 954 848 101 271 148 155 320 766 762 248 675 584 313 115 583 643 671 152 129 790 271 551 452 403 259 226 802 807 289 251 431 832 736 336 261 383 408 140 859 279 765 764 921 337 348 863 489 218 217 535 721 688 345 239 455 800 379 686 463 403 206 924 254 537 515 515 471 335 384 406 135 347 461 303 383 526 681 357 152 184 786 657 302 418 330 270 830 230 950 763 769 186 259 431 391 563 803 517 327 655 286 757 0 341 657 634
161 854 676 180 370 200 286 97 802 631 479 752 253 256 860 630 273 139 809 720 882 521 520 577 556 491 709 204 250 431 745 743 910 334 144 361 353 625 424 236 907 813 297 598 863 273 629 205 264 412 726 262 217 696 853 241 348 648 359 124 878 242 386 508 86 172 660 536 336 226 693 840 198 438 701 376 228 758 52 297 507 294 324 746 264 690 918 614 268 95 741 800 551 112 520 865 371 627 665 273 160 589 257 427 849 914 353 209 465 403 281 198 727 363 468 389 584 210 189 284 789 113 898 272 730 111 586 402 588 54 378 797 327 377 615 95 768 795 363 456 409 200 353 130 551 297 596 917 650 185 219 244 171 678 164 142 809 590 408 150 611 56 926 816 606 756 121 891 753 315 713 114 569 568 592 158 410 352 848 877 210 260 848 545 918 97 180 137 493 736 179 291 160 909 855 296 168 503 427 143 904 151 822 769 225 194 623 292 853 221 403 660 806 152 709 401 483 767 893 818 213 871 491 382 799 208 370 738 468 336 358 752 251 239 802 150 166 346 803 862 728 359 199 310 131 788 838 727 454 90 160 150 549 882 891 398 599 634 566 638 768 267 297 585 679 349 674 160 721 326 833 772 445 778 278 410 826 631 310 146 536 710 403 163 860 747 397 677 272 446 25 347 431 569 273 797 707 643 167 173 599 816 248 232 214 182 443 242 370 120 209 279 687 278 141 204 146 618 196 747 811 607 779 657 184 793 681 552 778 570 824 351 179 217 349 849 657 537 902 463 136 301 167 837 385 198 725 474 324 593 218 237 430 124 451 482 698 882 819 718 277 422 554 909 854 372 440 537 218 691 361 302 172 256 747 150 871 838 115 737 607 858 845 129 121 490 687 751 761 718 873 392 257 834 900 802 241 399 194 188 117 736 735 162 633 502 246 227 558 562 596 194 231 716 82 519 365 324 370 149 778 803 300 182 392 813 714 270 253 403 271 200 814 64 727 750 930 271 312 846 505 159 200 487 738 668 358 140 435 697 452 604 335 344 135 894 207 570 541 551 377 160 346 320 219 285 388 330 337 458 635 245 223 230 817 584 103 418 287 79 865 307 899 716 750 159 230 439 390 532 768 531 321 649 261 765 341 0 610 629
647 244 122 550 389 666 401 515 192 104 198 144 609 637 250 47 345 688 201 115 273 196 115 41 81 241 125 624 471 382 137 135 299 280 491 380 344 142 204 665 304 205 441 126 281 375 131 412 466 234 119 355 537 127 243 553 267 52 253 596 280 669 238 225 663 603 113 101 451 534 89 240 418 196 101 301 446 150 643 666 104 355 302 167 450 88 310 118 404 526 144 193 65 584 244 261 259 17 68 339 597 169 596 306 244 306 259 633 150 249 628 664 117 249 212 294 57 683 499 666 187 656 331 397 122 587 24 211 77 558 267 210 299 324 26 665 159 184 433 245 680 671 293 488 76 324 26 307 86 642 521 440 613 107 599 484 203 21 203 482 126 570 319 208 61 162 641 281 169 571 196 602 101 139 44 466 200 640 243 283 417 560 305 97 334 687 660 627 165 181 655 334 647 300 251 317 573 121 263 586 301 545 213 176 664 643 79 431 243 673 207 119 196 515 111 213 128 175 284 209 590 276 321 262 201 477 264 128 156 327 254 169 642 686 233 577 472 275 193 307 119 255 414 513 496 181 279 144 226 612 534 653 84 273 286 314 41 90 71 43 171 343 430 143 70 427 71 637 132 333 284 162 335 197 394 204 281 70 317 673 79 99 212 493 267 141 271 73 373 210 586 267 183 143 347 187 101 40 455 587 16 218 430 380 698 467 207 371 241 617 401 350 86 377 624 639 606 110 477 137 205 117 173 118 603 184 71 161 168 42 215 289 644 578 310 247 72 121 311 172 595 325 692 229 227 440 153 163 401 83 420 376 241 580 176 197 88 273 211 108 519 299 138 300 250 242 173 150 417 83 272 375 463 357 137 474 262 251 497 185 47 253 237 628 610 128 110 224 177 160 264 256 500 223 301 197 613 399 624 634 497 125 125 496 23 114 388 608 77 71 52 644 567 134 642 106 247 292 402 530 168 198 378 476 236 203 106 360 420 274 340 612 209 589 117 143 324 359 328 236 177 529 491 129 160 70 314 685 204 165 293 69 278 279 603 285 454 162 167 177 234 452 288 295 664 344 225 357 293 153 25 371 693 501 237 50 516 240 353 636 281 429 298 109 142 583 435 227 268 95 158 155 339 79 397 172 657 610 0 79
646 249 53 546 362 662 392 536 184 26 172 162 595 624 253 121 377 693 217 148 260 153 179 111 74 200 80 617 461 344 129 128 296 312 500 357 327 67 206 656 278 216 425 60 318 375 54 440 455 227 148 368 529 68 242 541 282 117 272 600 304 659 281 181 674 600 38 94 428 525 79 264 446 194 81 286 444 142 657 648 138 354 308 117 440 134 294 197 399 540 184 211 91 589 194 279 262 75 126 357 596 104 581 275 261 291 289 626 195 239 611 660 130 278 278 276 51 678 497 650 213 663 373 392 115 592 87 229 42 576 262 249 305 304 104 675 173 183 406 215 649 666 289 502 143 334 63 303 157 638 513 435 610 171 598 495 222 90 228 491 55 585 301 222 28 201 646 275 123 549 265 606 177 86 51 477 231 615 261 247 426 546 243 85 291 698 657 629 145 240 652 341 646 303 270 334 571 179 240 587 317 547 224 140 656 638 6 417 239 665 234 43 191 519 156 230 169 215 271 201 582 302 274 258 233 474 264 144 161 319 273 123 629 677 281 577 479 284 194 249 142 271 431 492 508 201 327 98 202 619 534 654 82 261 263 290 120 11 66 112 139 367 415 81 105 403 120 636 181 327 223 172 297 150 388 242 218 145 323 676 135 118 250 497 297 168 256 69 374 269 605 283 200 89 358 187 135 57 467 584 92 246 426 398 693 472 195 388 264 621 423 356 71 375 625 632 606 36 477 139 186 48 197 41 598 178 103 111 179 87 205 288 641 569 302 269 138 96 340 168 597 332 693 242 260 446 98 157 384 161 425 393 223 584 179 170 101 282 198 112 503 270 93 304 268 275 193 111 452 85 273 423 471 384 151 485 249 286 514 120 37 270 246 631 614 141 57 153 132 96 271 249 487 227 322 218 602 367 619 629 513 133 128 501 75 164 393 598 73 143 131 639 556 188 652 112 268 305 375 532 168 179 369 478 239 199 102 366 416 256 363 605 227 601 135 131 303 365 328 231 145 530 488 146 109 56 302 690 199 234 257 148 308 287 605 290 455 105 121 125 260 469 289 309 657 350 243 344 297 180 84 385 687 493 189 126 530 227 354 646 237 412 318 141 135 582 434 209 257 99 170 117 333 21 396 136 634 629 79 0
