# TTSP Euclidean complete-graph matrix instance
# seed: 500104
# depot: 1
# L_max is not stored in this file; pass it with --budget when running algorithms.
# coordinate rows: node x y
# scenario: corridor
# coordinate_max: 1000
# geometry: corridor
# depot_position: corridor_start
# reward_pattern: uniform
# corridor_width_ratio: 0.08
# coord 1 50.000000 500.000000
# coord 2 418.370038 443.738542
# coord 3 801.603929 612.174106
# coord 4 148.555778 492.862087
# coord 5 810.603204 512.388628
# coord 6 566.014813 514.365625
# coord 7 269.958400 629.512564
# coord 8 974.317867 462.939707
# coord 9 761.531090 438.622549
# coord 10 799.593482 516.814243
# coord 11 582.083109 613.100427
# coord 12 640.344142 392.148503
# coord 13 195.933052 684.863593
# coord 14 166.260572 400.695665
# coord 15 858.914131 469.174447
# coord 16 398.897173 631.660214
# coord 17 279.631900 493.661172
# coord 18 53.645567 432.950330
# coord 19 705.278805 561.798197
# coord 20 321.399331 506.986694
# coord 21 687.116137 592.617227
# coord 22 929.788447 446.334563
# coord 23 478.756955 551.912511
# coord 24 302.158416 461.202581
# coord 25 858.617995 581.714112
# coord 26 518.772549 432.683245
# coord 27 443.691674 398.199353
# coord 28 486.753319 677.138767
# coord 29 46.390739 631.301854
# coord 30 209.628146 498.329180
# coord 31 812.097477 450.942997
# coord 32 159.625772 501.133343
# coord 33 992.517717 510.074372
# coord 34 766.582929 477.902036
# coord 35 606.676008 419.683432
# coord 36 182.215729 554.218983
# coord 37 353.180205 442.165780
# coord 38 157.582943 473.857540
# coord 39 539.829725 433.164725
# coord 40 526.554601 586.289590
# coord 41 883.637059 529.586102
# coord 42 904.840587 537.033856
# coord 43 682.784464 421.072925
# coord 44 677.416717 481.587081
# coord 45 558.916840 695.107362
# coord 46 437.939611 663.125124
# coord 47 615.602303 274.176840
# coord 48 727.695453 634.833975
# coord 49 954.926423 356.862017
# coord 50 272.603094 472.899313
# coord 51 249.093707 550.152857
# coord 52 228.910224 439.165597
# coord 53 871.284314 408.848989
# coord 54 291.274026 392.782741
# coord 55 469.773097 534.672305
# coord 56 657.486091 569.470756
# coord 57 539.513160 490.759869
# coord 58 858.820166 502.271616
# coord 59 252.605072 551.558126
# coord 60 681.539837 406.296532
# coord 61 769.633933 549.767004
# coord 62 669.202253 503.148372
# coord 63 931.820436 413.250091
# coord 64 482.168350 587.027172
# coord 65 608.575494 425.786471
# coord 66 175.602557 542.569210
# coord 67 600.939741 423.412522
# coord 68 626.848862 543.748279
# coord 69 529.849790 392.266808
# coord 70 679.193886 471.842458
# coord 71 948.733476 486.871105
# coord 72 463.538736 463.058939
# coord 73 400.307542 525.463694
# coord 74 876.705812 579.853797
# coord 75 239.158373 370.108766
# coord 76 445.437186 628.160302
# coord 77 650.979736 479.367691
# coord 78 316.391148 473.774547
# coord 79 356.038180 655.276194
# coord 80 333.447554 600.192696
# coord 81 769.235258 513.660945
# coord 82 305.096883 492.849191
# coord 83 946.156619 500.800130
# coord 84 52.674044 509.724057
# coord 85 604.802365 443.514764
# coord 86 507.909141 443.267743
# coord 87 837.258457 583.377890
# coord 88 800.980837 476.015502
# coord 89 357.753098 566.029329
# coord 90 125.700088 553.636699
# coord 91 736.431576 600.342178
# coord 92 230.705880 577.150457
# coord 93 284.391100 598.616414
# coord 94 400.680115 467.994172
# coord 95 409.330695 457.106397
# coord 96 639.008664 466.246989
# coord 97 887.573190 516.622279
# coord 98 721.642146 482.500232
# coord 99 399.076467 521.911890
# coord 100 586.921534 358.183623
# coord 101 629.115636 517.439794
# coord 102 284.664501 441.347658
# coord 103 44.687546 520.669349
# coord 104 112.109118 494.823004
# coord 105 344.231735 484.809633
# coord 106 612.124136 673.731229
# coord 107 809.510254 617.819027
# coord 108 831.381783 448.236351
# coord 109 783.858455 503.624357
# coord 110 648.371238 575.002395
# coord 111 343.188954 535.654283
# coord 112 769.756584 386.262724
# coord 113 842.130502 515.018776
# coord 114 273.623717 453.568070
# coord 115 844.695106 578.829375
# coord 116 956.484719 700.564806
# coord 117 715.133545 590.996898
# coord 118 397.727630 560.139523
# coord 119 383.294143 477.895239
# coord 120 700.029942 547.533868
# coord 121 524.784129 497.497331
# coord 122 46.660479 472.089467
# coord 123 151.790429 582.245722
# coord 124 365.192702 484.012366
# coord 125 367.561944 450.083339
# coord 126 251.043434 608.785519
# coord 127 810.656298 419.354849
# coord 128 0.785725 498.776246
# coord 129 83.682827 554.847828
# coord 130 514.141796 459.932711
# coord 131 221.139025 647.523408
# coord 132 734.922311 449.139042
# coord 133 522.784097 561.837602
# coord 134 891.110203 446.488551
# coord 135 491.144523 551.264134
# coord 136 804.501061 637.199107
# coord 137 262.784385 440.107152
# coord 138 214.546493 621.330264
# coord 139 773.267658 470.577770
# coord 140 580.051770 650.983219
# coord 141 762.502077 506.306553
# coord 142 127.459849 445.953969
# coord 143 67.584564 610.731380
# coord 144 964.046120 495.503008
# coord 145 987.530098 550.227020
# coord 146 147.198179 459.008994
# coord 147 601.453460 509.586983
# coord 148 932.826215 536.779179
# coord 149 822.427136 525.929405
# coord 150 513.413121 468.182066
# coord 151 283.420912 490.744336
# coord 152 407.659068 593.760067
# coord 153 973.332151 538.026316
# coord 154 955.670057 541.039087
# coord 155 477.545621 464.815574
# coord 156 844.677858 473.728173
# coord 157 746.502245 651.447193
# coord 158 7.008138 436.128520
# coord 159 218.887327 418.254824
# coord 160 608.645910 373.151899
# coord 161 576.103053 631.027181
# coord 162 536.505387 558.624063
# coord 163 69.611300 374.079344
# coord 164 729.357627 442.175656
# coord 165 663.198753 510.036001
# coord 166 710.684407 615.971639
# coord 167 954.518428 471.440013
# coord 168 672.996556 512.422145
# coord 169 432.338182 503.070387
# coord 170 390.596212 557.144013
# coord 171 624.709044 452.213414
# coord 172 769.124817 513.930748
# coord 173 16.113207 481.883436
# coord 174 204.250520 639.869841
# coord 175 5.062842 626.717246
# coord 176 244.812967 415.286298
# coord 177 162.970931 443.192152
# coord 178 540.276486 542.650375
# coord 179 50.005113 497.407351
# coord 180 319.268591 412.381694
# coord 181 952.414060 435.348324
# coord 182 757.877199 539.952030
# coord 183 888.389833 386.375832
# coord 184 930.318222 528.874520
# coord 185 626.493094 421.196167
# coord 186 636.275203 446.267314
# coord 187 579.415527 448.433379
# coord 188 225.428608 450.293732
# coord 189 490.619255 575.913429
# coord 190 571.826247 478.392032
# coord 191 76.329448 533.991735
# coord 192 354.681351 486.686506
# coord 193 159.399194 430.598135
# coord 194 150.708370 525.790308
# coord 195 194.804067 626.591402
# coord 196 38.810819 573.015932
# coord 197 590.043855 693.778273
# coord 198 424.981150 432.739184
# coord 199 366.722305 590.870767
# coord 200 47.263311 511.090026
# coord 201 164.064662 367.052652
# coord 202 162.018157 512.255559
# coord 203 590.148324 525.463141
# coord 204 11.092293 440.329051
# coord 205 323.308071 539.976427
# coord 206 993.387318 398.725470
# coord 207 691.059532 471.993178
# coord 208 958.290128 362.020085
# coord 209 158.057019 553.141779
# coord 210 51.083517 592.703773
# coord 211 778.972709 576.059452
# coord 212 936.688653 667.264008
# coord 213 249.020140 409.637084
# coord 214 218.680213 609.036245
# coord 215 576.929555 652.202543
# coord 216 77.973306 405.150406
# coord 217 40.396139 535.641591
# coord 218 904.102760 648.877903
# coord 219 554.848967 415.609229
# coord 220 866.290529 550.355573
# coord 221 196.566433 560.784063
# coord 222 495.685706 359.615541
# coord 223 737.258738 532.179884
# coord 224 687.705207 475.995049
# coord 225 672.428204 558.898338
# coord 226 959.179589 464.788008
# coord 227 314.457669 468.240815
# coord 228 77.279619 579.223980
# coord 229 652.418113 416.457056
# coord 230 971.619933 550.654285
# coord 231 105.673897 486.389602
# coord 232 832.201944 362.740760
# coord 233 721.040214 548.419434
# coord 234 725.184644 495.109683
# coord 235 798.243266 541.094615
# coord 236 697.596849 406.368620
# coord 237 675.799525 443.461730
# coord 238 67.597045 422.864339
# coord 239 805.427577 474.046001
# coord 240 52.271072 442.616144
# coord 241 662.924787 458.567737
# coord 242 386.809302 612.183252
# coord 243 827.863632 466.742996
# coord 244 231.184926 509.029970
# coord 245 491.058752 541.245941
# coord 246 170.149852 571.250315
# coord 247 863.792219 420.302519
# coord 248 849.912071 564.210282
# coord 249 421.732896 381.705420
# coord 250 305.439237 557.790178
# coord 251 305.171013 424.714514
# coord 252 689.644684 535.769869
# coord 253 66.705606 560.747961
# coord 254 701.077452 419.160598
# coord 255 605.700126 579.149631
# coord 256 36.496131 337.194977
# coord 257 157.470741 540.592486
# coord 258 859.627227 467.443011
# coord 259 107.673146 571.398862
# coord 260 199.852496 554.401183
# coord 261 881.779899 444.388489
# coord 262 825.069819 611.117421
# coord 263 127.823823 461.454993
# coord 264 435.585893 536.126996
# coord 265 300.753723 482.066846
# coord 266 850.053547 563.012143
# coord 267 602.109346 585.592803
# coord 268 474.486953 558.574253
# coord 269 749.059352 636.774378
# coord 270 226.800863 561.630085
# coord 271 882.878132 502.331894
# coord 272 198.083733 503.546772
# coord 273 650.923382 411.262581
# coord 274 398.628576 504.184280
# coord 275 770.150134 478.030080
# coord 276 165.350734 527.720414
# coord 277 833.126660 397.137289
# coord 278 158.454385 510.452854
# coord 279 287.718248 459.716559
# coord 280 785.930461 624.632618
# coord 281 382.308274 409.020090
# coord 282 394.173959 530.439168
# coord 283 220.762363 411.614956
# coord 284 728.006270 358.294829
# coord 285 218.592740 565.702929
# coord 286 511.055173 519.709917
# coord 287 373.832551 589.335401
# coord 288 488.457144 415.646516
# coord 289 98.222114 692.615665
# coord 290 524.049157 428.423437
# coord 291 729.106735 485.067143
# coord 292 426.970283 473.244884
# coord 293 135.432577 497.950958
# coord 294 473.520370 410.642436
# coord 295 744.430063 444.172859
# coord 296 554.647921 483.853312
# coord 297 290.139674 542.172458
# coord 298 243.277020 502.957625
# coord 299 469.158677 539.719497
# coord 300 870.107286 502.807649
# coord 301 616.125408 537.647928
# coord 302 353.306068 604.348642
# coord 303 916.994485 455.506971
# coord 304 674.769110 512.395350
# coord 305 532.272058 545.758662
# coord 306 863.516291 589.654237
# coord 307 416.449375 413.893009
# coord 308 708.617695 422.085549
# coord 309 414.905589 417.152692
# coord 310 326.500509 535.393979
# coord 311 188.243312 534.921940
# coord 312 437.466548 482.651581
# coord 313 990.932523 591.473849
# coord 314 206.624204 527.939119
# coord 315 803.807560 531.369651
# coord 316 848.630731 529.727867
# coord 317 337.764438 386.575216
# coord 318 886.887260 505.951105
# coord 319 908.562315 459.542307
# coord 320 46.477564 565.400401
# coord 321 908.237516 459.761119
# coord 322 151.802389 435.094722
# coord 323 885.556060 500.812904
# coord 324 569.531177 525.400218
# coord 325 274.638795 552.777309
# coord 326 104.000005 473.363584
# coord 327 695.012574 682.593782
# coord 328 200.039290 380.468420
# coord 329 586.324351 659.777755
# coord 330 266.203446 378.237912
# coord 331 434.634612 470.253978
# coord 332 455.515039 479.815201
# coord 333 179.046007 504.027397
# coord 334 504.210539 448.300464
# coord 335 655.547682 510.436881
# coord 336 152.248505 537.317739
# coord 337 962.469853 450.400277
# coord 338 229.404115 433.836909
# coord 339 394.287477 542.542979
# coord 340 362.935985 385.170436
# coord 341 537.803571 473.303756
# coord 342 955.268536 506.160157
# coord 343 550.042873 530.588814
# coord 344 752.329031 542.916234
# coord 345 449.743272 527.037226
# coord 346 761.686415 450.301960
# coord 347 224.055051 596.695943
# coord 348 568.357571 455.508580
# coord 349 635.360521 380.747359
# coord 350 357.655986 404.843400
# coord 351 685.420121 493.736962
# coord 352 971.480959 538.321463
# coord 353 307.935257 513.895742
# coord 354 164.433499 436.070781
# coord 355 510.082448 393.182354
# coord 356 861.141125 526.215823
# coord 357 748.389230 632.961631
# coord 358 845.774473 688.290056
# coord 359 725.937422 492.000129
# coord 360 516.675731 504.692163
# coord 361 928.638998 555.117056
# coord 362 731.279282 564.152516
# coord 363 68.274501 504.943190
# coord 364 790.934626 313.271828
# coord 365 614.256030 458.607890
# coord 366 65.409404 605.561409
# coord 367 714.012601 510.083808
# coord 368 735.923359 613.206131
# coord 369 533.142643 445.225829
# coord 370 168.601392 554.955859
# coord 371 687.097341 518.671959
# coord 372 212.809835 519.889311
# coord 373 351.234054 444.300104
# coord 374 412.836126 516.348509
# coord 375 646.096996 484.081839
# coord 376 669.480564 546.453652
# coord 377 568.564846 613.063403
# coord 378 121.007091 582.554387
# coord 379 412.257842 436.538045
# coord 380 48.615422 643.223474
# coord 381 476.700649 648.611691
# coord 382 508.713689 588.913397
# coord 383 978.366202 577.190197
# coord 384 107.943653 411.588764
# coord 385 507.515101 564.939477
# coord 386 865.183292 472.778495
# coord 387 83.797693 628.697694
# coord 388 460.402013 397.479786
# coord 389 713.880254 556.531338
# coord 390 459.710968 522.137076
# coord 391 817.423665 338.573865
# coord 392 239.508758 447.329216
# coord 393 54.983636 425.162379
# coord 394 949.177055 589.792669
# coord 395 859.202158 418.487313
# coord 396 35.809206 520.387084
# coord 397 775.593154 382.530537
# coord 398 651.680334 542.580052
# coord 399 412.348748 493.384290
# coord 400 735.770021 359.359657
# coord 401 361.258441 448.390850
# coord 402 987.608982 657.097193
# coord 403 307.858622 519.152378
# coord 404 449.429769 559.537244
# coord 405 14.298708 443.868347
# coord 406 778.464468 544.724602
# coord 407 314.860526 585.378720
# coord 408 623.105638 464.658962
# coord 409 390.955821 530.925722
# coord 410 125.448914 440.597081
# coord 411 252.870634 477.258495
# coord 412 783.860708 502.600026
# coord 413 505.995604 444.211018
# coord 414 518.523684 515.265639
# coord 415 548.827425 225.072706
# coord 416 33.342662 434.113989
# coord 417 233.296988 598.410652
# coord 418 669.026182 440.266026
# coord 419 626.787365 646.379435
# coord 420 134.428942 564.297400
# coord 421 901.764733 400.593211
# coord 422 783.325660 468.994502
# coord 423 224.231313 500.737290
# coord 424 743.177750 515.273592
# coord 425 277.867704 414.898885
# coord 426 572.010463 462.740479
# coord 427 456.860557 453.751670
# coord 428 903.589532 413.128816
# coord 429 315.409366 548.631229
# coord 430 79.012628 343.891896
# coord 431 738.888099 444.039049
# coord 432 579.628385 427.635707
# coord 433 513.476055 457.587755
# coord 434 912.294587 627.942046
# coord 435 361.348708 540.725300
# coord 436 381.263043 264.819709
# coord 437 193.380721 659.244267
# coord 438 223.704440 514.853535
# coord 439 110.136127 464.685000
# coord 440 564.689580 537.299888
# coord 441 629.792759 544.471587
# coord 442 514.094898 608.837175
# coord 443 443.325873 402.506550
# coord 444 101.708178 506.833203
# coord 445 931.490124 518.076622
# coord 446 581.586453 407.987725
# coord 447 321.658526 411.457770
# coord 448 654.636689 510.583206
# coord 449 90.471992 742.243212
# coord 450 223.519695 535.463440
# coord 451 388.341987 439.795557
# coord 452 22.014438 512.788924
# coord 453 83.206266 578.783353
# coord 454 20.976026 565.693044
# coord 455 746.776869 399.395800
# coord 456 630.932145 470.314169
# coord 457 2.447312 509.335355
# coord 458 960.361821 548.171222
# coord 459 882.057792 514.646998
# coord 460 216.728711 602.508110
# coord 461 885.030841 589.217467
# coord 462 226.640987 499.484985
# coord 463 556.948684 489.587830
# coord 464 439.675956 488.531301
# coord 465 634.103542 451.171583
# coord 466 284.103035 456.323344
# coord 467 899.109165 613.360189
# coord 468 913.307073 393.981550
# coord 469 957.041065 598.095771
# coord 470 247.107712 506.273308
# coord 471 289.562247 457.107032
# coord 472 23.392973 474.708771
# coord 473 476.885171 544.664259
# coord 474 722.368913 461.476077
# coord 475 331.851236 682.689911
# coord 476 744.782748 517.184970
# coord 477 162.171621 566.933475
# coord 478 390.315296 506.206616
# coord 479 766.677544 545.967589
# coord 480 36.958100 436.064243
# coord 481 775.053488 500.032210
# coord 482 575.401515 391.649717
# coord 483 764.619337 362.369848
# coord 484 741.959438 340.579259
# coord 485 846.511014 472.243284
# coord 486 833.707838 495.067425
# coord 487 953.782320 633.962640
# coord 488 886.788447 491.602270
# coord 489 658.935410 467.609182
# coord 490 639.181091 626.550476
# coord 491 835.961115 413.940177
# coord 492 153.349334 462.514010
# coord 493 769.592127 430.029096
# coord 494 740.028440 537.670019
# coord 495 971.654041 597.176902
# coord 496 721.323782 455.870025
# coord 497 747.813269 677.775565
# coord 498 942.844803 502.859559
# coord 499 65.333912 578.092407
# coord 500 432.576997 463.759474
# reference_nearest_neighbor_tour_cost: 13074
TTSP_MATRIX
500
0 35 40 99 6 37 74 71 53 41 29 34 41 17 11 94 9 3 44 3 63 67 5 45 20 32 4 68 16 47 69 81 20 94 32 4 27 27 30 99 50 20 97 89 80 49 84 69 21 64 25 48 64 73 4 85 74 70 73 53 37 78 47 98 56 17 81 25 16 8 39 40 62 2 76 65 34 97 58 16 32 3 68 81 12 97 37 44 12 26 34 29 62 74 18 75 85 52 25 88 33 42 99 60 35 29 28 47 27 68 83 91 31 29 19 8 26 72 15 51 11 65 8 11 98 46 55 46 30 54 82 6 66 96 19 68 34 80 24 22 92 9 5 39 92 100 4 53 5 82 88 56 43 5 94 98 67 84 77 80 45 20 26 96 14 63 98 78 100 70 65 88 42 32 14 7 67 28 78 63 30 93 87 24 73 52 23 46 83 18 39 39 87 36 41 38 93 72 56 77 47 34 55 62 16 74 38 23 71 97 18 8 83 15 14 81 94 11 20 23 87 72 67 44 56 45 33 58 40 34 80 17 18 19 44 26 21 90 40 58 24 32 43 28 35 84 89 12 48 64 38 57 49 18 56 69 91 97 33 12 97 45 43 21 40 97 61 80 57 95 81 31 27 22 74 68 93 60 8 57 10 61 36 59 71 40 11 95 99 91 79 72 98 45 81 49 59 27 26 9 44 76 99 83 28 29 39 30 34 97 88 94 78 46 23 26 49 18 66 8 55 63 65 28 34 2 5 57 12 100 40 3 47 56 12 83 76 62 11 18 37 97 9 99 12 46 2 98 42 86 96 85 55 16 2 45 84 10 45 83 94 91 51 3 97 42 78 1 65 99 3 8 54 58 51 44 15 41 36 41 33 34 3 43 59 56 56 95 44 56 100 42 74 24 28 94 40 18 81 18 87 59 98 36 61 67 60 38 55 98 46 28 6 84 83 95 20 37 72 94 68 56 63 93 75 20 48 78 93 32 83 85 36 33 74 100 44 16 14 86 67 47 8 65 40 28 11 8 98 83 82 59 80 71 24 40 5 65 59 86 96 22 83 28 60 22 100 97 27 20 64 63 75 82 49 74 80 57 60 56 86 4 72 9 76 43 31 36 50 44 99 4 50 56 16 79 38 40 96 76
0 373 760 99 761 516 255 925 714 750 544 600 236 153 810 373 230 67 658 271 644 881 432 255 813 474 407 471 131 160 764 110 943 717 562 143 309 111 494 484 834 856 638 628 545 421 609 691 916 224 205 189 826 264 421 611 490 809 209 638 721 619 886 441 563 133 556 579 492 630 899 415 351 831 229 416 601 268 343 301 719 255 896 10 558 461 792 751 315 93 694 196 254 352 362 590 838 672 350 555 579 242 21 62 295 588 769 783 734 603 295 729 792 228 799 928 671 353 334 652 475 28 131 316 321 229 765 49 64 466 226 687 477 843 444 767 221 204 724 551 713 94 112 914 939 105 552 884 773 465 234 370 924 907 429 795 713 77 188 573 542 490 127 682 613 671 905 623 382 345 577 719 38 208 134 212 126 492 3 283 905 709 846 881 582 589 532 182 447 522 43 305 130 104 192 74 574 381 330 11 175 113 541 71 276 949 642 919 120 93 733 902 219 201 548 99 37 867 512 818 159 467 688 638 625 910 266 84 608 923 57 794 673 675 749 654 628 79 756 57 614 355 779 181 443 140 818 802 390 262 266 641 63 656 561 163 115 810 92 159 834 783 87 387 251 803 559 429 712 187 833 148 607 349 720 119 790 109 241 746 345 346 192 693 181 461 336 446 199 479 679 378 85 433 697 505 244 193 421 820 567 321 868 625 484 818 376 663 374 279 143 388 945 159 754 799 309 837 860 65 859 121 836 520 231 60 670 192 560 248 386 406 129 457 606 109 914 191 347 333 489 905 501 704 401 713 199 520 597 322 635 922 258 131 472 812 711 818 676 467 880 684 19 764 566 107 664 695 486 131 637 164 306 363 596 621 531 109 368 143 452 467 932 106 462 816 133 423 666 410 784 197 75 904 813 25 735 603 362 700 316 951 259 404 67 730 278 574 342 96 204 734 459 469 570 68 208 622 595 106 858 734 174 693 243 523 409 858 270 159 691 535 465 872 314 406 214 174 70 516 581 477 405 52 882 539 286 605 246 177 344 31 85 72 704 582 48 912 832 196 840 177 507 390 586 238 857 870 912 197 243 37 429 673 336 695 131 340 718 65 725 536 728 710 797 784 914 837 610 603 791 110 723 691 927 673 720 893 80 384
373 0 419 274 398 164 238 556 343 388 236 228 328 256 441 189 147 365 310 116 307 511 124 118 461 101 52 243 417 216 394 265 578 350 190 261 65 263 122 179 473 495 265 262 288 220 260 364 544 149 200 190 454 137 104 270 130 444 198 266 367 258 514 157 191 262 184 231 123 262 532 49 84 478 194 186 235 106 221 178 358 123 531 372 186 90 442 384 136 313 355 230 205 30 16 222 475 306 81 189 223 134 382 310 85 301 428 413 370 265 119 356 430 145 447 596 331 118 49 300 119 373 300 67 51 235 393 421 353 97 284 317 158 473 130 432 156 270 356 263 350 291 389 548 579 272 195 523 412 98 143 150 563 546 63 427 388 411 201 203 245 165 356 311 254 339 537 264 61 117 207 358 404 290 452 176 255 157 372 104 534 353 474 519 209 218 161 193 151 157 354 77 259 280 289 401 303 13 156 377 266 265 190 407 135 577 274 546 282 396 384 564 173 259 262 343 389 527 139 460 251 114 331 271 279 541 107 367 236 563 316 422 320 311 392 282 257 351 388 366 245 171 410 198 122 279 446 448 62 161 115 286 371 284 231 396 278 442 336 245 463 440 291 94 124 448 232 128 383 225 468 228 235 64 353 267 417 268 132 410 50 90 200 321 234 120 152 76 406 107 313 31 288 64 326 142 162 185 109 456 219 173 499 265 153 468 30 291 27 130 248 43 591 228 395 439 99 473 490 391 490 267 471 172 180 316 365 227 274 166 31 52 247 86 246 282 544 189 102 81 123 541 158 348 89 343 247 150 226 72 272 561 131 254 105 450 380 492 311 116 522 335 355 395 196 388 303 360 115 273 279 219 67 73 231 271 226 328 9 420 213 171 576 312 150 448 382 63 316 89 413 179 364 551 442 390 362 253 50 328 57 608 134 120 404 374 175 206 91 293 169 370 88 123 255 385 241 251 291 308 485 366 202 333 143 155 40 486 147 354 321 162 96 527 113 183 312 207 309 174 234 191 48 323 518 167 102 246 443 215 30 402 361 416 331 214 421 552 469 257 489 200 146 50 216 135 510 497 560 182 129 396 117 305 254 335 284 68 363 381 361 165 356 340 429 418 568 471 242 287 419 266 351 335 574 303 404 528 378 25
760 419 0 664 100 255 532 228 178 95 220 273 610 670 154 403 535 769 109 492 116 210 328 522 65 335 417 321 755 603 162 652 217 139 274 622 480 659 317 276 116 128 225 180 256 367 386 77 298 547 556 598 215 555 341 150 289 124 552 238 70 172 238 320 268 630 275 188 350 186 193 369 411 82 612 357 201 505 448 468 104 511 182 756 259 339 46 136 446 678 66 572 517 426 422 218 129 152 413 333 197 544 762 699 475 199 10 167 110 158 465 228 105 551 54 178 89 407 439 120 300 768 651 455 463 551 193 809 720 325 582 176 283 188 316 25 566 587 144 225 113 694 734 200 196 672 225 151 89 322 532 394 187 170 356 145 68 814 614 307 226 270 770 185 172 91 208 163 385 415 238 103 796 598 797 591 661 270 760 522 232 84 242 153 259 234 276 598 313 266 729 464 667 657 607 764 227 417 435 761 683 647 229 809 484 287 179 295 646 751 43 146 589 583 228 753 765 109 315 89 607 397 103 178 140 216 508 725 246 181 707 251 103 140 71 231 210 758 138 768 207 415 148 580 319 633 202 68 444 499 531 136 737 218 199 813 648 156 695 605 186 23 690 374 517 69 201 331 58 577 137 613 251 417 138 642 217 651 536 20 466 416 614 264 585 305 428 370 708 333 146 400 676 385 177 278 516 569 340 129 200 448 195 161 277 66 433 212 433 481 618 386 190 601 81 95 516 136 186 757 186 673 139 248 530 711 128 645 220 584 393 371 632 340 178 654 228 599 413 494 298 187 264 85 362 167 578 281 285 490 166 185 503 661 365 105 57 88 142 305 139 85 741 299 242 736 135 66 316 636 148 596 481 400 201 148 233 681 427 754 327 294 180 722 298 153 718 403 104 354 274 586 770 149 202 771 231 165 407 261 470 191 502 356 805 71 487 232 419 698 565 111 340 299 462 789 568 217 178 669 234 144 588 113 560 274 379 224 490 771 179 289 327 112 446 545 610 586 707 248 185 288 415 708 160 300 520 179 723 583 448 786 719 782 220 222 806 171 126 585 87 586 274 382 232 540 98 245 156 565 535 790 332 170 475 111 641 425 75 785 115 316 253 278 147 121 154 148 203 163 201 665 185 97 171 176 85 179 737 398
99 274 664 0 662 418 183 826 615 651 450 502 198 94 711 286 131 112 561 173 548 783 335 157 716 375 310 385 172 61 665 14 844 618 464 70 211 21 396 389 736 758 539 529 457 336 516 596 818 126 116 97 728 174 324 515 391 710 119 540 624 521 787 347 465 57 458 481 394 531 800 316 254 733 153 326 503 169 263 214 621 157 798 97 459 363 695 653 222 65 598 118 172 253 263 491 739 573 252 459 481 146 108 36 196 498 673 684 635 507 199 630 694 131 701 834 575 258 235 554 376 104 89 217 223 155 666 148 90 367 171 588 381 744 348 672 126 144 625 460 614 51 143 815 841 34 453 785 675 366 135 278 826 809 330 696 619 152 103 475 449 393 143 583 515 575 806 525 284 250 478 621 133 157 196 124 52 395 99 189 806 611 747 783 483 490 433 88 352 424 83 206 63 33 142 136 485 283 239 103 127 24 443 147 181 850 543 820 61 140 636 807 130 136 457 113 116 771 414 720 83 372 590 539 528 811 168 112 510 825 43 696 575 577 651 556 530 107 657 109 516 266 680 84 346 81 719 705 295 170 171 543 106 557 465 192 49 712 89 80 735 687 38 290 153 705 463 332 618 104 734 51 509 250 622 39 691 20 143 651 248 248 109 595 101 363 245 349 206 381 581 279 14 335 598 406 150 95 324 722 470 233 769 527 387 721 279 565 277 183 58 289 848 68 656 701 217 738 761 125 760 58 737 422 140 49 578 124 469 164 287 307 32 358 507 45 815 100 251 240 390 807 403 606 303 615 128 421 500 227 537 824 161 59 375 713 616 724 577 368 783 587 81 667 467 140 566 600 388 65 539 70 208 265 498 524 437 94 270 181 363 373 834 91 366 717 150 326 569 313 686 102 115 806 715 116 637 506 264 602 217 855 161 308 143 632 190 475 245 57 105 635 361 371 482 129 135 523 502 73 759 635 76 595 151 425 311 759 176 164 592 436 367 776 218 326 172 78 48 418 484 383 308 49 783 441 191 506 256 86 246 128 108 147 605 483 147 814 734 129 743 78 408 291 487 140 760 771 815 99 145 126 332 575 264 597 75 242 620 125 627 439 630 613 698 685 817 738 511 509 692 31 624 593 830 574 627 794 119 286
761 398 100 662 0 245 553 171 89 12 250 208 638 654 65 429 531 761 116 489 147 136 334 511 84 303 384 363 773 601 61 651 182 56 224 630 463 654 282 294 75 97 157 137 311 402 308 148 212 539 563 586 120 533 342 163 272 49 559 167 55 142 157 337 220 636 228 186 305 138 140 351 411 94 589 383 163 496 476 485 41 506 136 758 217 310 76 38 456 686 115 584 533 412 405 178 77 94 412 272 182 531 766 699 467 256 105 67 28 174 468 133 32 540 75 238 124 416 429 116 286 765 663 446 447 568 93 810 728 301 605 99 292 104 322 125 553 606 56 269 48 686 749 154 181 666 209 125 18 300 528 411 165 148 336 52 153 807 599 245 263 278 754 107 147 144 150 138 378 422 195 42 795 620 814 574 651 272 761 501 161 59 148 121 205 186 240 588 326 241 735 457 656 660 626 774 286 394 451 763 663 649 221 803 488 215 126 211 654 764 71 200 571 600 272 740 771 165 273 67 616 350 76 128 146 156 498 736 185 166 705 151 97 87 31 155 151 748 39 762 157 435 49 579 321 643 106 65 410 507 513 123 745 144 216 794 654 67 705 612 98 100 685 376 511 64 221 339 139 586 73 613 189 412 53 645 117 652 526 115 441 417 598 175 594 300 443 336 735 299 86 386 675 352 95 258 521 567 343 60 196 466 121 136 280 94 406 136 407 485 623 374 197 604 20 42 489 77 111 766 111 663 76 241 537 708 206 625 268 561 378 357 632 313 155 659 164 586 417 465 276 145 261 66 361 79 593 249 219 466 127 163 503 651 323 52 136 179 87 294 126 95 742 200 204 751 97 125 285 643 124 598 464 398 167 145 262 693 406 773 361 311 180 710 308 67 736 369 106 351 174 575 761 159 106 775 134 162 399 170 454 229 503 364 799 46 501 193 420 689 559 28 312 292 389 781 584 159 227 678 144 51 586 67 542 244 359 136 497 751 99 246 302 154 450 496 634 587 702 247 184 312 383 709 121 252 499 156 756 588 428 789 730 791 130 185 808 154 71 601 107 584 255 372 187 529 134 157 170 564 524 788 335 102 508 66 651 420 55 777 38 264 157 185 54 29 188 79 158 206 102 659 92 75 182 106 177 133 748 381
516 164 255 418 245 0 318 412 210 234 100 143 407 416 296 204 287 519 147 245 144 370 95 269 300 94 169 181 533 357 254 407 427 204 103 386 225 410 85 82 318 340 149 116 181 196 245 202 420 296 319 345 323 300 98 107 35 293 316 158 207 104 380 111 98 391 97 68 127 121 384 115 166 318 357 166 92 253 253 248 203 262 380 513 81 92 280 238 215 442 191 341 294 172 167 87 322 159 167 158 63 291 521 454 224 166 265 273 218 102 224 241 276 299 286 433 168 174 186 138 45 521 420 203 209 329 262 565 484 75 370 181 64 332 83 268 312 367 212 137 197 444 508 398 423 422 36 367 257 70 284 177 408 391 101 282 227 564 360 148 117 53 516 179 97 177 391 107 134 181 85 203 551 383 572 336 409 38 516 267 394 194 347 365 111 98 67 347 97 36 490 213 415 415 388 530 181 163 213 519 428 404 27 560 244 443 132 421 410 521 222 401 334 360 138 500 526 364 99 302 372 170 172 128 115 396 256 493 131 407 461 306 159 160 234 170 131 507 243 519 112 204 266 335 80 400 312 288 196 264 276 125 501 165 76 558 409 297 462 368 323 277 441 132 267 288 80 102 220 342 317 368 134 168 207 401 292 408 284 246 212 173 360 225 351 55 206 126 501 96 166 145 431 139 192 33 277 323 100 304 55 231 356 109 46 307 180 170 180 240 378 132 432 360 238 283 262 321 347 522 347 422 320 12 294 464 212 390 147 329 139 116 387 90 90 414 402 346 174 241 50 389 23 188 117 206 352 59 151 235 121 406 258 409 133 295 218 329 161 50 365 173 498 302 74 509 148 197 77 399 121 353 226 153 86 108 99 450 172 533 161 94 417 469 77 302 496 158 154 107 307 333 519 391 308 530 248 90 155 230 215 445 258 125 556 215 261 76 176 447 315 218 92 47 290 539 343 127 145 434 355 222 342 177 305 52 125 352 253 516 187 88 77 364 206 310 400 342 459 23 71 108 166 464 365 108 265 89 527 343 193 544 487 547 214 78 564 396 316 360 328 340 26 129 93 288 347 368 400 319 282 544 94 165 288 179 407 176 203 535 210 123 250 247 284 268 406 322 104 134 288 416 220 176 414 166 244 377 505 143
255 238 532 183 553 318 0 724 527 541 313 440 92 251 610 129 136 292 441 133 419 685 223 171 591 317 289 222 224 144 571 169 732 519 397 116 205 192 334 260 622 642 462 433 296 171 496 458 737 157 82 195 641 238 221 392 303 602 80 468 506 419 696 216 395 128 390 367 352 439 694 255 167 609 261 175 410 163 90 70 513 141 688 248 383 302 569 553 108 163 467 65 34 208 222 404 628 475 168 417 376 189 250 208 163 345 540 590 529 382 119 556 584 176 577 690 447 145 189 438 287 273 127 174 204 28 580 299 201 297 52 499 262 648 235 535 190 56 528 311 508 232 203 707 722 210 353 669 562 292 139 142 709 691 265 595 477 326 217 425 306 276 325 496 411 441 703 420 206 141 397 512 294 67 265 216 215 284 257 223 710 496 665 668 413 410 359 185 227 338 216 166 228 158 75 238 326 251 104 252 283 159 337 321 104 759 450 738 135 222 512 668 221 55 308 295 248 634 356 602 101 352 477 445 409 709 167 199 438 706 218 622 458 475 536 482 446 289 558 287 429 118 581 127 238 116 630 584 291 80 208 430 215 480 339 374 143 612 172 103 639 555 220 190 151 584 335 216 479 80 626 145 439 180 523 146 609 163 171 516 247 159 223 532 82 265 111 306 183 324 481 222 188 299 509 320 90 129 219 613 358 87 670 421 275 595 261 485 257 110 125 223 722 120 543 587 252 629 661 232 660 228 629 317 77 228 428 259 318 251 229 238 155 296 404 150 715 200 152 261 310 696 297 490 207 523 56 345 442 241 437 707 122 220 337 600 478 579 476 276 663 466 237 609 384 206 460 466 321 126 432 124 202 182 403 408 299 156 240 222 208 242 710 272 246 616 186 300 450 218 620 185 297 680 626 258 563 391 197 538 203 718 117 193 316 516 63 390 156 238 153 529 300 274 491 307 48 442 357 150 672 538 137 487 215 345 257 670 93 344 504 370 298 642 127 381 82 124 230 309 370 245 286 208 671 382 224 403 212 105 224 274 194 257 529 395 293 695 623 60 616 137 319 221 405 174 629 685 688 125 174 291 224 483 82 488 125 172 504 303 521 387 562 553 598 580 684 632 421 369 606 204 538 479 702 484 480 685 211 232
925 556 228 826 171 412 724 0 214 183 420 341 809 810 116 600 695 921 287 654 315 48 503 672 166 457 535 533 943 766 163 816 51 208 370 797 621 817 436 464 113 102 295 297 476 573 405 301 108 702 730 746 116 687 510 334 436 122 727 298 222 308 65 508 368 803 375 357 450 295 35 511 577 152 741 554 324 658 648 655 211 670 47 923 370 467 182 174 625 853 275 752 703 574 565 335 102 253 578 401 349 690 931 863 630 419 226 144 195 345 635 218 142 701 174 238 289 585 591 287 451 928 831 609 607 738 169 974 895 460 775 240 462 85 491 243 712 776 201 437 216 847 919 34 88 827 376 85 164 461 691 582 75 80 497 130 296 968 757 377 432 448 909 246 315 305 22 305 543 591 350 211 958 790 983 731 812 441 925 657 35 230 115 79 350 338 395 749 497 403 901 620 816 826 797 942 448 550 621 928 816 814 389 963 656 67 283 102 821 932 226 208 727 770 440 898 937 199 422 139 784 490 247 287 317 15 660 905 325 88 869 174 267 251 193 282 299 908 169 922 311 606 147 745 490 811 118 160 559 676 670 294 913 277 387 946 821 115 873 780 94 210 846 544 674 160 392 509 285 754 100 777 327 577 205 812 156 817 687 248 594 584 755 268 763 467 614 488 906 452 246 547 840 504 231 420 689 732 511 112 366 637 58 304 450 168 560 269 561 652 789 537 130 770 184 142 641 97 66 933 66 823 97 410 705 870 355 779 435 713 540 519 796 470 322 825 17 745 585 616 437 47 430 236 528 213 762 406 349 619 291 75 668 810 469 130 283 259 250 460 103 263 907 237 360 920 265 282 442 811 293 764 623 564 329 316 433 862 563 943 531 482 114 868 478 110 906 518 277 518 200 735 920 129 123 940 214 332 563 260 613 195 669 534 960 212 671 351 587 849 722 195 469 459 487 941 753 306 393 846 96 191 751 237 698 402 518 87 664 903 236 396 461 176 618 625 805 752 864 416 354 483 534 874 70 397 655 323 927 754 586 954 899 959 236 343 973 86 106 770 155 749 418 535 340 690 168 92 136 729 685 951 504 252 679 236 819 586 224 938 203 405 233 263 128 144 172 92 315 373 147 821 207 246 134 253 312 51 916 542
714 343 178 615 89 210 527 214 0 87 250 130 617 596 102 411 485 708 135 445 171 168 305 460 173 243 320 364 741 555 52 605 242 40 156 591 408 605 222 278 152 174 81 94 327 394 220 199 210 490 524 533 114 472 307 167 228 116 521 86 111 113 172 316 153 595 161 171 236 89 193 299 372 182 527 369 118 447 460 458 75 460 195 712 157 254 163 54 423 646 164 549 503 362 353 126 148 59 372 192 154 477 722 652 420 279 186 71 69 177 429 53 111 488 163 327 159 384 380 125 244 716 626 399 394 538 53 763 688 248 579 29 269 130 293 203 499 577 34 279 68 634 715 210 252 615 175 197 106 250 481 386 234 219 285 90 213 755 543 166 267 255 695 32 122 184 196 115 335 389 137 76 747 593 780 517 599 244 714 443 191 101 137 191 136 125 182 536 304 194 692 410 602 617 597 735 307 337 423 718 602 604 192 750 450 235 78 211 614 727 139 288 513 569 282 684 728 254 208 153 578 277 97 83 150 199 448 699 111 238 658 104 117 67 109 72 86 694 56 709 101 413 72 535 289 606 104 154 345 471 457 121 705 64 210 732 613 102 667 573 120 184 634 340 463 153 217 311 199 549 137 567 114 369 40 603 83 607 474 188 380 379 541 87 558 263 416 274 710 238 57 336 629 289 18 212 483 522 309 126 176 441 156 114 253 182 346 55 347 446 581 327 276 562 102 126 427 142 149 726 148 610 139 211 500 658 253 564 282 499 328 309 586 258 128 617 201 532 382 402 226 205 231 105 324 12 560 194 139 405 94 232 460 597 256 133 195 263 64 254 204 129 696 129 149 716 86 176 228 604 109 555 410 357 124 142 260 656 349 742 354 294 257 654 284 109 704 304 127 313 115 522 707 241 100 730 58 151 353 83 400 314 461 335 747 107 470 141 382 636 510 68 256 255 301 728 552 93 248 640 145 37 541 79 484 191 305 144 459 689 23 182 249 242 413 418 609 543 652 220 169 300 320 663 188 183 441 129 737 547 373 743 693 751 42 134 762 227 143 569 195 538 211 326 128 478 222 158 252 519 472 739 304 45 494 80 613 377 107 725 63 192 76 100 91 92 274 136 107 224 78 609 12 101 263 44 240 192 710 330
750 388 95 651 12 234 541 183 87 0 238 202 627 644 76 417 520 751 104 478 136 148 323 501 88 293 375 352 762 590 67 640 193 51 216 619 453 643 273 282 85 107 151 127 300 390 305 138 223 529 552 576 130 523 330 152 261 61 548 162 45 131 168 325 212 625 220 175 297 129 152 340 399 100 579 371 153 485 465 474 31 495 147 747 208 301 76 41 445 675 105 572 522 402 395 168 88 85 401 265 170 520 755 688 456 244 101 76 21 162 457 134 43 530 77 242 112 404 418 104 275 754 651 436 437 556 98 799 717 291 593 94 280 115 310 120 542 594 53 257 39 676 738 166 191 655 198 135 25 290 517 399 175 158 326 62 145 797 589 239 251 266 744 102 137 133 161 127 368 411 186 31 784 608 802 564 641 261 750 492 173 48 158 131 198 178 231 578 315 231 723 446 646 649 615 763 274 384 439 752 653 638 210 792 477 227 117 222 643 752 63 204 561 588 261 730 759 168 265 75 605 342 64 119 134 168 488 725 178 175 695 157 85 78 24 150 144 738 43 751 149 424 58 568 310 632 116 69 401 496 503 112 734 139 204 784 643 78 694 601 110 98 674 365 500 68 209 328 130 575 85 602 182 401 49 634 124 641 515 109 431 406 588 174 583 289 432 327 723 289 77 375 664 343 91 247 510 556 331 72 185 455 132 125 269 97 397 131 397 473 612 364 205 593 15 51 480 88 123 755 123 653 87 230 526 697 196 615 257 551 368 346 621 303 144 648 176 576 406 456 265 156 250 54 350 77 581 239 213 456 116 173 492 640 315 62 127 178 78 283 135 83 731 204 194 740 86 116 276 632 113 587 454 387 157 133 250 682 396 762 349 300 189 700 296 79 724 360 94 340 179 564 750 166 115 764 136 150 388 170 444 235 492 353 789 35 490 184 409 678 548 21 302 281 385 771 572 151 216 667 155 51 576 56 532 234 348 147 485 741 95 237 292 158 439 488 623 576 691 236 172 300 374 698 132 244 489 145 744 576 418 778 719 780 129 175 797 164 82 589 112 573 244 361 178 519 139 167 177 553 514 777 324 95 496 55 639 409 44 767 30 257 158 185 65 40 194 91 149 194 109 649 92 63 190 99 169 144 737 371
544 236 220 450 250 100 313 420 250 238 0 229 393 467 312 184 325 558 133 281 107 386 120 318 278 191 256 115 536 390 281 437 423 229 195 404 286 447 185 62 313 332 217 162 85 153 341 147 452 340 339 394 354 365 137 87 130 298 335 229 198 140 403 103 189 413 191 83 227 171 388 191 202 296 420 137 150 300 230 249 212 302 381 539 171 185 257 258 229 460 155 353 298 232 233 158 320 191 204 255 107 343 545 485 270 68 227 299 230 76 251 294 278 347 265 384 135 192 240 135 129 554 431 252 269 331 300 592 502 168 363 224 78 351 110 224 363 368 238 38 210 484 515 400 410 461 105 359 256 160 323 175 398 380 181 297 169 602 412 241 19 71 565 226 131 129 398 136 186 199 166 212 581 379 577 391 452 82 545 331 411 190 381 358 197 175 165 392 99 135 512 260 460 440 388 545 81 239 217 544 485 432 88 597 269 464 178 452 428 531 200 359 390 363 39 545 547 324 199 291 389 268 175 173 105 405 304 506 209 395 493 354 153 185 228 237 194 549 263 557 174 195 286 366 116 414 341 272 282 282 335 132 518 228 41 611 431 313 476 387 344 243 479 165 310 273 34 121 169 359 321 399 213 213 232 425 331 436 332 204 286 205 414 294 367 117 210 219 490 194 195 209 461 230 234 132 300 356 135 308 83 229 370 137 84 282 259 229 258 267 402 195 409 385 236 279 333 323 361 538 360 466 324 89 313 498 133 447 47 394 205 184 418 182 126 436 414 396 201 316 147 388 89 184 158 242 358 158 238 306 158 397 292 454 231 292 167 274 188 127 351 157 525 365 158 517 167 154 175 418 141 381 286 195 144 110 14 462 245 534 111 77 398 515 89 316 499 248 143 152 362 381 560 368 339 554 301 99 208 297 275 408 290 143 592 208 269 154 208 488 356 230 185 117 389 577 349 193 56 450 384 248 375 188 363 151 203 379 274 571 231 185 170 331 232 402 391 372 495 78 84 68 252 492 362 205 329 126 508 367 260 569 500 563 270 151 589 384 316 366 304 373 126 189 170 337 317 397 375 352 332 576 125 207 260 189 422 220 196 573 224 222 310 316 300 278 372 328 165 59 323 454 262 175 390 210 178 377 518 211
600 228 273 502 208 143 440 341 130 202 229 0 532 474 232 340 375 588 182 339 206 294 227 345 289 128 197 324 640 444 182 493 371 153 43 486 291 490 109 225 279 302 51 97 314 338 121 258 317 377 422 414 232 349 222 178 141 245 419 44 204 115 292 251 46 488 50 152 110 89 323 190 275 302 402 306 88 334 387 371 177 350 325 599 62 142 274 181 332 539 229 449 411 251 240 74 277 122 274 63 126 359 609 538 310 283 282 199 182 183 330 130 236 372 277 442 212 295 271 166 156 599 524 290 279 446 172 648 580 143 491 110 206 257 218 295 381 484 154 266 167 516 613 340 381 498 124 326 226 148 370 308 364 349 178 220 280 635 422 37 247 196 571 102 120 235 324 125 236 299 62 177 631 502 677 396 480 181 600 322 315 189 248 321 32 54 83 419 237 110 582 301 482 508 503 628 306 219 338 605 477 493 142 631 350 353 95 319 508 622 230 404 392 474 268 563 617 368 89 276 475 148 170 96 170 327 335 593 27 367 543 194 176 133 217 59 62 574 184 590 70 336 202 426 211 503 225 271 219 374 337 152 598 66 190 606 505 232 562 469 247 286 517 250 351 271 197 235 268 447 266 456 22 266 156 494 193 496 359 274 259 282 420 94 456 182 332 154 620 122 129 228 516 168 116 126 381 412 226 255 148 357 284 125 188 298 225 75 227 345 474 222 403 454 215 250 303 272 277 619 276 490 268 151 399 542 296 440 273 374 220 205 475 147 119 509 327 413 288 277 131 335 165 188 234 135 464 96 12 283 111 362 354 478 130 258 264 360 132 167 331 195 583 170 71 613 139 241 120 499 135 446 294 259 92 157 232 553 232 643 304 237 385 533 218 239 605 180 180 223 185 405 586 367 220 618 136 151 249 101 285 437 356 254 628 206 379 75 285 517 397 181 144 173 190 608 456 56 255 534 262 162 430 160 363 98 194 264 361 563 111 70 143 360 316 289 521 434 535 164 153 251 197 551 317 61 319 119 652 441 256 630 588 643 107 79 649 356 271 473 314 427 128 223 59 362 340 273 378 409 357 622 224 107 424 163 509 275 199 605 173 65 128 114 221 219 396 266 78 234 197 492 135 176 390 103 305 322 604 220
236 328 610 198 638 407 92 809 617 627 393 532 0 286 697 210 209 289 524 218 500 772 313 248 671 410 379 291 159 187 659 187 816 607 489 131 289 214 426 345 705 724 554 523 363 243 587 534 827 225 145 248 730 307 312 476 395 688 145 560 589 507 784 302 487 144 482 453 444 528 778 348 259 689 318 256 499 243 163 161 598 221 772 226 475 395 649 640 201 149 547 113 124 298 312 494 712 563 260 510 464 259 223 208 249 416 617 678 615 466 210 647 668 244 657 761 528 237 279 522 378 260 112 263 291 94 670 270 172 390 45 588 349 735 324 610 254 66 616 386 594 249 148 791 803 231 442 752 646 384 213 230 791 773 357 682 552 312 268 517 384 363 335 586 499 519 788 507 298 233 488 598 271 46 200 274 244 373 238 299 797 580 754 751 505 501 451 236 314 429 193 254 257 165 58 193 394 341 195 229 319 176 425 307 193 847 539 828 137 172 593 741 280 79 382 304 216 709 449 684 124 442 562 534 493 794 247 159 530 787 218 713 543 562 619 574 537 292 645 282 519 204 669 179 328 117 718 665 378 168 282 516 179 571 423 382 149 698 144 131 727 633 234 282 228 665 418 306 555 127 711 181 531 272 610 160 699 178 243 593 333 251 274 624 121 356 202 398 98 416 569 313 196 390 599 411 171 188 309 698 445 177 757 509 364 674 349 576 346 198 150 315 800 157 627 671 330 714 747 191 747 254 714 406 154 231 499 304 391 315 321 331 182 389 492 154 802 253 244 343 402 780 386 574 299 612 93 437 534 323 525 789 204 251 429 684 555 650 564 368 744 549 221 702 476 153 547 545 414 133 519 166 286 275 493 493 379 127 329 153 283 327 790 287 334 702 125 391 534 310 711 241 295 759 715 230 654 477 289 630 289 792 200 283 302 599 155 481 248 254 215 616 392 364 580 299 94 533 433 135 761 626 186 573 282 437 349 758 181 360 594 462 390 719 219 459 26 172 236 397 456 327 375 201 754 475 301 491 120 152 312 245 155 212 620 485 261 777 707 85 696 188 410 313 497 245 707 774 766 186 246 272 314 572 136 574 123 264 587 295 608 480 654 646 684 665 760 717 511 447 695 226 628 564 781 573 552 769 169 324
153 256 670 94 654 416 251 810 596 644 467 474 286 0 696 328 147 117 563 188 555 765 347 149 716 354 277 423 260 107 648 101 833 605 441 154 191 74 375 405 729 751 517 518 491 378 467 608 790 129 171 74 705 125 332 519 384 700 174 515 622 513 766 367 443 142 435 482 364 518 787 304 265 733 79 360 491 167 318 260 613 167 786 157 441 344 695 639 253 158 604 188 230 244 250 477 731 561 262 423 477 125 171 109 197 523 679 667 626 513 223 604 685 120 701 845 581 281 230 554 371 139 182 216 207 225 645 192 175 353 253 571 391 726 358 681 104 226 611 484 606 60 232 803 835 61 449 779 668 354 148 309 819 802 318 682 632 163 55 443 470 403 100 565 509 585 791 519 285 274 461 613 171 242 278 80 43 400 151 153 787 608 722 775 461 472 416 77 369 413 161 207 31 126 228 214 515 261 276 162 34 112 442 160 210 827 530 793 153 224 637 815 83 215 482 88 185 778 389 716 163 332 586 527 530 796 163 199 486 819 105 667 574 567 647 531 511 101 643 121 500 306 665 126 354 171 698 703 256 210 141 541 188 535 474 144 140 697 180 157 717 692 72 301 157 703 473 346 629 172 724 108 485 254 609 127 667 110 135 659 216 262 56 563 173 365 280 323 300 359 569 271 102 307 580 397 188 128 333 711 470 277 753 521 394 722 251 543 249 209 136 283 846 133 651 694 172 728 745 204 744 37 726 422 187 96 599 39 494 102 277 300 104 341 501 137 798 71 269 197 379 796 405 603 310 597 204 406 470 191 527 817 181 35 344 706 627 738 567 366 778 588 143 631 452 228 559 608 370 154 534 128 190 272 487 524 455 187 249 270 397 391 831 59 379 703 242 294 569 318 654 87 114 805 693 177 610 506 263 571 201 860 185 325 158 629 237 461 260 57 116 626 343 370 421 137 209 504 522 167 736 621 116 588 113 410 295 737 210 104 574 414 352 780 240 254 260 128 85 421 485 405 277 124 774 415 156 501 350 146 225 183 197 220 581 470 197 808 725 208 743 116 401 287 471 130 763 747 815 133 136 161 342 559 327 590 166 248 618 134 617 409 600 579 684 674 821 726 497 524 670 63 604 590 829 558 644 783 204 274
810 441 154 711 65 296 610 116 102 76 312 232 697 696 0 488 580 806 179 539 212 74 389 557 113 342 421 426 829 650 50 700 140 93 257 682 506 701 321 352 65 82 183 182 376 464 312 211 148 586 615 631 62 573 395 225 320 33 612 188 120 193 92 395 254 687 262 244 338 180 92 395 462 112 628 443 208 543 536 542 100 554 93 807 255 352 116 58 510 738 179 637 589 458 450 220 55 138 463 294 235 575 816 747 515 321 157 35 83 236 520 122 49 585 111 251 188 470 476 177 335 812 716 494 492 624 69 859 780 345 662 126 349 39 377 177 597 662 86 333 103 732 804 108 152 712 261 100 67 346 576 468 134 121 381 15 214 853 642 268 326 335 795 132 200 209 96 191 428 477 235 100 843 677 868 616 696 327 809 543 99 123 88 93 237 224 280 634 383 287 785 505 701 710 683 827 350 435 507 813 702 698 275 848 540 152 168 146 706 817 133 213 613 655 336 784 821 185 309 82 669 379 137 171 207 100 544 789 213 139 753 110 159 136 94 173 185 793 54 807 196 493 31 629 375 696 49 95 446 561 556 182 797 166 276 833 705 2 758 665 34 146 731 429 558 94 282 395 200 639 41 662 216 462 89 696 77 702 571 172 480 469 641 172 648 352 500 374 793 337 131 432 724 390 117 305 573 617 396 35 252 523 60 189 335 121 446 158 447 537 674 422 180 655 83 61 528 46 51 818 50 708 41 295 590 755 269 665 333 600 424 404 681 355 208 710 105 631 470 503 321 103 315 130 413 99 648 291 240 505 175 132 553 695 357 57 198 220 135 344 111 159 791 170 245 805 151 189 327 696 179 648 508 449 213 205 324 747 448 829 422 370 161 753 364 7 791 405 169 403 137 620 805 151 51 825 120 220 447 165 498 228 553 419 845 110 556 236 472 734 606 82 354 343 395 826 639 192 292 731 81 76 635 125 584 287 402 72 549 790 123 282 346 168 503 520 692 637 749 302 241 372 421 758 88 284 540 208 816 639 471 838 783 843 132 228 857 129 51 656 123 633 303 420 226 575 150 93 162 613 569 836 389 137 569 124 704 470 120 823 89 294 142 174 13 36 190 36 200 270 60 706 98 137 171 138 236 90 801 426
373 189 403 286 429 204 129 600 411 417 184 340 210 328 488 0 182 398 314 147 291 562 113 196 462 232 238 99 353 232 451 273 606 399 297 230 195 288 243 135 495 515 353 316 172 50 418 329 620 203 171 257 522 262 120 266 199 478 167 361 380 299 576 94 294 240 290 244 273 323 569 181 106 481 306 47 295 178 49 73 389 168 563 367 279 218 441 431 77 284 339 177 119 164 175 292 502 356 110 332 257 222 371 318 157 217 411 470 406 256 111 445 458 218 449 562 319 72 155 313 184 387 252 151 184 150 463 420 324 207 178 382 142 526 122 406 235 185 408 182 385 329 332 581 594 305 236 542 437 200 182 39 582 564 184 473 348 438 279 333 177 156 418 381 291 312 578 299 133 75 288 388 411 195 394 266 302 167 374 233 587 371 548 541 310 301 257 251 107 231 337 152 313 270 204 365 201 201 52 372 354 265 219 432 119 638 333 621 253 350 384 539 268 182 179 393 371 505 266 474 214 289 353 328 283 585 184 326 333 578 327 510 333 354 409 374 335 392 436 395 316 23 460 208 129 237 511 456 251 119 227 306 340 369 213 467 258 489 297 214 518 427 320 102 179 456 208 105 350 186 501 238 335 127 402 256 494 269 205 387 223 101 283 428 192 158 49 234 307 239 361 161 295 233 393 215 141 202 116 489 237 53 547 301 159 467 218 374 215 120 232 154 593 218 417 461 253 504 538 359 538 316 504 201 147 335 300 320 190 286 165 162 254 211 284 264 592 261 89 249 211 570 182 364 116 406 178 244 345 231 318 580 149 305 263 474 349 450 356 173 535 339 354 505 276 335 338 338 230 243 310 217 193 116 288 284 171 282 196 350 80 118 582 365 127 493 315 242 324 125 511 244 401 552 507 380 452 268 139 433 187 589 145 88 428 389 96 280 101 334 213 406 216 167 433 416 169 331 228 273 553 417 218 363 248 242 187 550 118 430 388 273 208 513 98 367 207 211 334 191 247 117 233 322 545 289 233 283 328 200 192 395 320 384 418 283 415 568 497 184 488 217 213 149 296 210 501 567 559 197 206 407 117 366 84 364 245 126 378 411 399 298 454 450 475 456 555 508 307 240 488 298 422 354 574 367 352 559 338 171
230 147 535 131 531 287 136 695 485 520 325 375 209 147 580 182 0 234 431 44 419 652 207 40 586 247 190 277 271 70 534 120 713 487 335 115 90 124 267 264 605 627 410 398 344 232 401 470 689 22 64 74 598 102 195 385 260 579 64 411 493 390 657 223 336 115 329 351 270 400 669 186 125 603 130 213 372 42 179 119 490 25 667 228 329 234 565 522 106 165 469 97 105 124 135 360 608 442 123 336 350 53 236 168 65 378 544 554 504 378 76 502 563 41 571 708 446 136 105 424 245 234 156 86 98 119 536 279 205 237 165 457 253 613 219 544 56 143 494 339 483 159 242 684 710 137 322 655 544 235 5 163 695 678 200 565 493 279 97 350 327 265 242 453 384 448 675 394 153 128 348 490 264 164 305 86 127 265 230 90 675 480 618 652 354 360 303 69 226 293 207 75 136 133 158 254 369 158 131 233 171 119 312 274 64 720 412 691 135 249 506 680 89 130 337 220 243 643 286 589 107 254 459 408 398 680 43 220 381 694 174 568 445 446 521 427 399 224 526 233 385 160 549 51 217 134 589 575 181 69 74 412 223 428 337 289 131 581 189 100 604 558 155 162 24 575 335 205 491 86 603 82 380 119 491 119 562 122 35 523 133 120 101 468 94 233 134 223 269 253 450 149 144 211 467 275 50 38 195 591 339 133 639 396 258 592 158 435 155 63 100 158 718 81 526 570 122 607 630 244 630 141 606 292 59 177 456 138 349 116 157 176 101 229 376 135 684 78 125 137 259 676 273 475 173 484 117 291 373 118 406 693 35 129 251 582 489 599 446 237 652 457 212 542 336 242 435 472 258 127 408 72 87 135 367 393 313 182 144 275 251 248 704 190 239 586 238 205 439 182 560 61 235 676 584 245 508 375 133 475 93 727 38 182 270 501 98 345 117 163 31 504 232 240 380 253 115 393 379 161 629 504 56 464 79 294 182 629 66 250 462 307 237 647 94 250 187 60 172 288 354 261 187 178 652 314 92 375 312 70 121 258 214 268 477 352 278 683 603 126 613 53 277 160 357 38 631 641 685 35 38 257 204 444 196 466 138 111 490 249 495 313 502 487 567 554 689 607 380 383 562 130 494 462 700 443 503 663 230 156
67 365 769 112 761 519 292 921 708 751 558 588 289 117 806 398 234 0 664 278 653 876 441 250 819 465 392 497 198 169 759 126 942 714 553 177 300 112 486 497 836 858 629 626 569 448 584 704 904 223 228 175 818 241 428 619 489 808 232 628 725 620 878 455 555 164 547 584 478 627 897 411 359 836 196 438 599 266 375 326 720 258 895 77 551 454 798 749 332 141 703 228 284 349 357 586 838 670 357 538 582 231 88 85 295 608 778 778 734 611 307 718 793 221 804 942 680 367 333 656 476 40 179 316 314 264 757 84 126 461 272 681 487 838 453 778 209 248 721 570 713 75 178 913 941 97 553 885 774 461 237 389 926 908 425 792 726 47 166 558 559 499 61 676 614 682 902 624 385 359 571 720 62 256 200 192 110 499 65 266 899 712 836 882 573 583 526 173 460 520 104 306 106 134 240 141 596 371 351 78 129 134 544 43 290 940 639 907 159 160 739 914 197 241 567 37 104 877 502 821 192 448 691 636 631 906 263 148 599 925 75 782 677 674 752 644 622 17 753 10 610 378 775 193 451 181 810 807 372 281 252 644 128 648 571 97 150 807 149 190 828 792 79 396 252 807 569 439 725 216 832 161 598 352 718 146 780 130 236 757 330 354 168 678 212 466 356 435 263 470 677 375 104 420 691 504 260 202 429 819 572 345 864 626 492 825 363 655 362 291 169 387 951 180 757 801 288 836 855 133 855 98 835 524 251 65 688 156 579 219 383 405 144 451 607 144 909 176 358 313 486 905 506 707 407 708 236 515 584 305 635 924 267 111 458 813 723 832 675 469 883 690 73 747 561 173 665 706 480 168 639 181 298 369 595 626 546 164 359 210 475 481 936 58 473 813 198 408 672 416 770 186 8 909 806 89 724 608 364 686 308 960 268 416 41 733 302 570 351 72 204 734 452 472 537 20 244 615 612 154 849 731 184 694 225 519 404 850 286 93 685 526 460 881 326 368 266 189 65 522 587 493 391 88 882 529 269 606 311 198 335 86 149 137 694 578 92 914 832 235 846 185 506 390 581 232 864 861 918 207 237 52 438 669 374 696 172 345 722 17 725 523 714 694 794 783 922 835 606 617 783 104 716 694 933 668 736 892 146 380
658 310 109 561 116 147 441 287 135 104 133 182 524 563 179 314 431 664 0 388 36 252 227 415 155 227 309 247 663 500 154 549 292 104 173 523 372 555 210 180 181 201 143 85 198 286 301 76 323 442 456 492 226 447 237 48 180 165 453 157 65 69 271 225 167 530 173 80 244 94 255 261 307 172 504 268 99 399 362 374 80 406 248 655 155 230 134 129 348 580 50 475 422 319 314 116 188 81 309 236 88 438 662 597 369 146 118 170 98 58 363 187 145 445 140 287 31 308 333 15 192 665 554 349 356 457 177 707 622 217 492 116 182 219 214 125 459 494 114 154 80 589 640 267 282 567 116 229 123 213 428 299 269 251 248 165 99 709 507 212 147 169 663 122 67 54 265 59 279 315 136 80 694 507 703 483 555 166 658 414 278 57 254 227 161 135 169 493 215 157 630 359 561 556 515 667 175 309 340 660 575 546 121 705 383 331 91 322 547 655 75 254 481 489 157 647 665 217 210 161 509 291 44 88 33 272 402 628 155 267 604 236 21 70 95 156 122 653 133 664 112 322 155 477 215 535 212 145 336 400 423 30 639 143 101 705 548 181 598 505 212 130 586 271 412 145 106 231 87 478 187 511 160 312 106 541 208 549 430 102 357 313 507 205 487 199 333 261 621 225 80 292 573 277 124 170 416 466 237 175 92 355 237 58 174 161 324 140 324 380 518 279 287 500 103 147 407 190 228 659 227 568 190 141 431 608 121 537 154 476 286 263 529 231 71 554 280 493 312 385 189 256 158 51 258 125 482 173 194 381 71 267 400 555 258 160 83 189 73 197 223 26 640 263 138 641 52 60 208 537 47 494 373 296 98 39 146 585 319 662 245 198 274 616 198 183 625 295 10 249 250 480 664 245 210 671 193 57 301 205 362 298 400 256 701 75 391 127 316 592 460 98 231 192 371 684 473 127 115 571 254 121 485 60 452 166 271 248 390 663 122 184 218 217 345 440 521 484 603 143 77 197 307 606 230 197 412 72 641 482 340 685 622 684 168 118 705 255 183 490 182 483 165 276 132 434 201 267 254 462 429 687 229 102 393 60 543 320 63 680 93 214 208 224 167 145 259 195 105 93 197 561 147 42 269 107 124 245 640 290
271 116 492 173 489 245 133 654 445 478 281 339 218 188 539 147 44 278 388 0 376 611 164 50 542 211 164 237 302 112 494 162 671 446 298 147 72 167 231 220 563 584 371 357 303 195 375 426 651 60 84 115 559 118 151 342 219 537 82 374 450 348 618 180 298 150 292 308 238 360 628 149 81 560 160 173 331 34 152 94 448 22 625 269 290 197 521 481 69 201 425 115 99 88 101 320 566 401 79 304 308 75 277 210 32 335 501 513 462 334 36 464 521 72 528 664 403 93 68 381 204 277 186 49 73 124 497 321 242 198 173 418 209 573 175 500 89 156 453 296 441 203 274 643 668 181 280 612 501 196 41 122 653 635 162 524 449 322 136 317 283 221 285 413 342 404 634 352 111 85 308 448 306 177 338 119 171 222 272 95 635 438 580 609 317 321 265 111 183 252 247 39 179 172 174 290 327 127 95 274 211 159 269 317 33 681 371 653 170 284 463 636 121 145 294 264 282 600 251 547 136 228 417 368 355 639 39 255 343 652 217 531 402 404 478 389 360 267 485 277 345 124 508 90 173 164 549 532 161 53 84 369 260 390 293 332 167 540 223 130 564 514 199 118 32 532 292 162 447 109 561 123 343 77 450 157 523 163 58 479 115 76 139 433 118 190 98 190 290 217 408 111 186 180 428 234 47 78 151 549 296 102 598 353 214 548 133 396 130 29 136 119 675 117 483 528 122 565 589 281 589 184 564 249 65 220 413 175 306 140 119 137 142 192 334 172 644 118 81 129 219 634 230 432 130 444 132 252 338 108 364 651 15 172 220 540 445 555 405 195 609 414 253 508 297 274 393 428 221 160 366 109 69 92 326 350 269 214 115 305 210 204 661 234 195 545 267 177 396 139 524 101 279 633 545 286 471 332 92 440 71 683 18 138 314 459 79 305 74 207 75 462 195 197 362 297 127 354 336 196 590 463 97 422 102 254 146 590 42 292 422 270 198 603 52 249 199 98 215 245 311 218 161 220 610 278 96 333 330 102 95 299 249 306 439 312 319 640 561 142 570 95 236 120 318 63 587 603 642 74 59 300 160 404 176 424 170 69 447 293 454 279 466 452 526 512 645 566 340 340 523 174 455 420 656 403 459 621 266 119
644 307 116 548 147 144 419 315 171 136 107 206 500 555 212 291 419 653 36 376 0 283 212 407 172 232 312 217 642 487 189 535 316 140 191 506 366 543 217 161 206 225 172 111 164 259 326 59 357 431 440 483 260 443 225 38 179 194 436 186 93 91 303 205 184 514 190 78 255 121 282 258 295 190 500 244 119 389 337 354 114 395 275 640 170 233 150 163 330 563 50 457 403 312 309 135 214 115 297 255 95 430 646 583 359 110 125 204 131 43 349 222 173 436 158 290 28 291 325 47 188 652 535 340 350 436 213 693 605 218 469 151 167 251 200 126 451 473 149 122 115 579 620 293 303 556 119 252 151 214 416 279 291 273 245 197 84 698 500 233 117 154 655 156 86 33 294 81 270 299 154 114 680 485 683 477 545 155 644 410 308 88 288 251 182 155 180 483 197 162 614 349 552 541 493 649 140 307 320 645 570 531 118 693 368 362 121 356 531 636 93 260 475 469 125 637 649 224 221 184 492 302 79 117 37 301 393 610 180 288 591 272 56 105 122 187 150 642 168 652 136 301 189 464 203 517 247 165 339 383 417 57 621 174 83 699 532 213 580 489 245 139 574 258 402 166 85 215 76 461 216 497 185 302 142 526 244 535 421 104 356 299 500 238 469 191 313 266 597 231 115 286 560 281 159 171 400 453 224 204 90 334 268 81 162 176 324 172 324 365 502 273 304 485 132 173 406 218 258 641 258 558 219 135 414 595 90 531 121 472 281 258 516 233 88 538 310 484 297 385 191 282 150 82 246 161 463 181 218 379 99 290 387 546 267 186 73 185 108 192 244 53 625 298 153 622 87 53 213 520 74 480 367 285 116 49 120 566 316 641 218 178 292 607 182 215 604 299 45 238 286 471 654 262 245 655 228 61 292 238 356 307 386 240 689 103 372 143 303 582 449 132 234 185 393 673 454 153 81 553 288 157 472 96 446 174 269 281 374 657 157 197 220 228 330 448 498 470 591 134 75 174 309 592 255 213 408 88 615 467 336 670 604 667 202 135 690 277 210 470 198 470 166 268 151 425 213 301 270 448 420 674 216 136 367 95 526 309 92 669 128 230 243 258 200 176 270 224 128 59 233 549 182 76 285 141 105 271 622 285
881 511 210 783 136 370 685 48 168 148 386 294 772 765 74 562 652 876 252 611 283 0 463 628 153 411 488 500 903 722 118 772 89 166 324 755 577 773 390 427 95 94 248 255 447 538 358 276 93 658 689 701 69 641 468 299 393 90 685 251 191 267 33 469 322 760 330 318 404 252 45 467 535 144 695 517 281 614 611 616 174 626 57 879 325 422 165 132 584 811 247 711 663 530 521 291 82 211 536 354 309 645 888 819 587 391 209 98 157 309 593 171 111 656 157 256 259 544 547 251 408 884 790 566 562 698 122 930 853 416 737 195 423 39 451 228 667 736 158 405 178 802 878 60 119 783 334 90 134 417 648 543 102 98 453 89 275 923 711 329 399 409 863 200 274 277 35 265 501 550 305 174 914 751 942 686 767 401 881 611 25 196 73 83 304 294 350 704 458 359 858 577 771 783 757 900 420 505 581 885 770 771 349 919 614 79 240 89 779 891 199 221 682 729 409 853 894 204 376 122 742 443 211 244 281 35 616 863 279 112 825 128 232 210 162 236 254 863 127 878 267 568 104 701 449 770 71 142 512 634 625 256 871 230 350 900 778 73 832 738 48 195 802 502 630 141 356 469 263 712 73 734 281 534 163 769 108 774 642 229 549 542 710 220 721 425 574 442 867 406 204 504 796 458 185 377 647 689 470 82 327 598 16 263 410 158 514 222 516 610 747 494 157 728 152 116 595 73 25 891 25 778 70 369 664 826 333 733 404 667 496 475 753 426 282 783 33 700 544 570 393 65 389 202 487 168 722 362 302 574 249 101 626 765 423 105 260 256 209 417 109 231 864 192 316 879 225 256 397 769 253 721 579 522 286 279 398 820 518 903 496 445 140 823 439 70 865 472 242 476 156 690 875 145 76 897 167 294 520 213 569 219 626 494 915 180 630 307 545 804 678 156 424 417 441 897 713 261 363 804 54 148 708 199 653 358 473 42 623 857 191 351 416 182 576 578 767 709 820 376 316 446 488 830 72 350 609 283 890 712 541 910 857 917 189 300 929 106 83 730 150 705 375 492 296 646 170 55 154 685 640 907 463 208 643 198 777 543 191 893 164 359 185 216 87 108 189 62 272 342 99 777 161 211 157 209 294 58 874 498
432 124 328 335 334 95 223 503 305 323 120 227 313 347 389 113 207 441 227 164 212 463 0 199 381 126 158 125 440 274 348 323 515 297 184 297 167 331 134 59 405 426 242 211 164 118 310 262 515 221 230 274 418 246 19 180 86 383 226 250 291 197 474 35 181 303 177 148 168 216 474 90 83 399 301 83 187 180 160 153 293 183 470 428 166 112 360 331 122 353 262 249 200 115 118 182 410 253 85 222 154 223 435 371 150 181 337 368 309 171 137 335 365 227 367 500 240 81 121 221 71 439 328 132 151 235 357 481 395 99 275 276 45 426 12 337 243 273 306 142 287 367 415 489 509 344 130 454 345 91 205 82 495 477 87 374 286 486 292 221 125 58 446 274 189 241 483 198 67 88 177 293 468 288 480 271 334 62 432 212 488 279 442 452 197 190 144 273 27 119 403 140 342 329 294 440 180 131 119 433 365 319 114 481 156 537 227 516 321 430 301 472 270 266 140 427 439 436 156 388 282 193 259 222 194 488 184 402 220 493 379 401 242 253 320 263 225 431 336 440 206 110 359 251 16 309 407 371 180 173 215 212 412 259 130 492 321 390 372 279 417 351 362 46 191 371 128 8 283 252 407 285 222 93 301 314 387 323 212 316 172 87 294 316 261 46 111 137 406 132 259 94 348 141 287 102 189 241 16 394 138 136 449 200 54 387 151 264 149 153 291 81 514 273 326 371 217 411 440 432 439 347 410 95 204 383 253 327 152 274 93 76 304 107 182 327 494 276 85 203 98 479 74 274 38 301 259 132 232 191 215 493 175 335 162 383 282 392 254 61 450 253 413 393 165 417 239 264 120 310 211 268 167 75 181 191 109 359 133 440 97 48 500 396 32 394 402 156 235 35 400 261 442 472 403 444 342 173 89 321 157 520 174 30 477 300 167 169 90 370 238 309 111 54 334 461 250 221 176 345 449 316 260 267 243 129 101 447 163 451 282 160 101 440 118 303 305 258 379 87 151 67 154 380 454 177 211 181 432 256 144 458 396 458 308 173 478 482 405 267 408 258 100 74 185 217 425 462 481 236 212 462 7 260 197 268 317 100 288 457 301 187 343 338 376 359 482 412 199 177 383 337 315 262 495 261 297 467 414 100
255 118 522 157 511 269 171 672 460 501 318 345 248 149 557 196 40 250 415 50 407 628 199 0 569 218 155 284 307 100 510 148 692 465 307 152 54 145 239 257 585 607 383 376 347 243 365 460 661 32 104 76 572 69 183 371 239 558 103 383 476 369 631 220 308 150 301 335 238 377 647 161 117 587 111 220 349 19 201 142 470 32 645 254 303 207 549 499 119 199 456 136 139 99 107 337 588 420 114 303 332 26 264 193 48 376 531 529 484 364 85 474 543 30 555 697 433 138 83 407 226 256 193 67 66 156 510 304 238 212 203 433 242 589 209 532 45 183 471 337 463 175 278 663 691 155 303 635 524 211 35 169 676 658 175 543 483 296 94 319 322 254 248 428 364 437 652 374 137 130 323 470 287 204 340 73 140 252 255 52 651 462 591 632 327 334 278 78 221 270 237 58 146 165 197 286 370 126 145 260 167 149 295 292 82 694 389 664 171 283 490 667 74 170 335 231 272 631 257 571 145 219 441 386 383 657 14 254 353 675 198 539 428 424 502 399 374 238 503 251 361 173 526 86 205 172 563 557 144 97 37 395 256 401 326 293 165 558 224 138 580 544 174 153 21 557 325 198 480 126 582 112 352 106 468 152 535 152 15 511 96 115 95 438 134 217 147 192 308 224 428 125 171 179 443 254 82 72 185 569 323 152 615 376 245 576 124 408 121 78 136 137 701 117 507 551 83 586 606 276 606 153 585 275 96 199 451 130 347 90 133 154 130 202 357 168 660 78 123 97 236 655 257 458 162 460 156 266 343 79 385 674 53 140 219 563 478 589 425 219 633 441 238 511 312 277 415 460 232 163 389 107 52 124 345 377 307 218 113 312 256 243 686 200 230 563 275 171 423 169 530 64 250 660 559 273 480 359 115 445 60 713 58 177 288 484 125 321 113 178 52 483 205 223 341 270 154 367 374 197 603 481 87 444 52 270 155 603 88 252 437 279 211 633 99 212 226 95 192 273 338 258 153 206 632 284 53 356 352 108 89 285 249 300 449 329 304 664 582 165 597 85 256 140 332 19 616 615 669 71 13 279 194 420 223 446 175 99 472 266 474 282 473 456 544 533 674 585 357 375 536 149 468 444 683 419 495 642 264 130
813 461 65 716 84 300 591 166 173 88 278 289 671 716 113 462 586 819 155 542 172 153 381 569 0 371 454 384 814 654 139 704 152 139 300 677 524 709 352 332 58 64 238 207 320 428 392 141 245 596 610 646 173 598 392 202 332 79 607 249 95 205 184 376 295 684 302 235 379 210 131 413 462 18 655 416 231 553 508 525 112 561 119 809 289 377 21 120 501 733 124 628 574 472 466 248 71 169 463 352 238 591 816 752 523 263 61 136 108 210 517 215 69 599 14 154 144 461 487 162 344 819 707 503 508 608 169 862 775 365 641 181 336 139 369 78 612 645 140 287 122 744 792 136 133 722 267 87 66 363 582 451 123 105 399 109 132 864 660 326 287 323 816 190 208 152 146 198 433 469 267 112 848 657 855 636 709 321 813 565 174 109 198 89 282 260 309 647 368 305 784 513 715 710 665 820 291 459 492 814 727 700 274 859 537 227 200 241 701 808 80 116 633 641 290 800 820 81 346 32 662 425 131 201 188 154 556 781 264 117 759 221 142 159 73 238 229 807 120 818 231 473 119 632 370 689 161 20 480 554 575 175 792 226 253 858 702 114 751 659 139 45 741 425 567 21 257 385 123 632 83 665 269 466 136 695 186 704 584 84 507 467 660 259 640 353 485 406 768 368 162 445 728 421 179 319 570 620 392 80 246 506 139 196 328 9 473 219 473 534 672 433 133 654 74 53 556 81 132 812 132 722 85 295 585 762 192 689 283 626 438 416 684 379 215 708 167 646 466 533 339 123 313 113 413 163 635 317 300 531 194 121 555 709 396 56 122 107 160 351 75 129 794 277 274 794 161 127 353 691 183 649 526 451 234 192 292 738 469 812 388 350 120 770 352 109 776 439 147 403 247 634 819 91 163 825 216 211 455 254 515 149 554 410 855 88 544 263 470 747 615 109 378 347 472 838 626 237 241 724 186 136 640 133 604 310 422 174 544 815 182 319 367 71 499 573 670 638 758 297 232 346 452 761 97 327 563 216 785 637 491 839 775 838 214 253 859 107 71 642 27 637 315 429 260 588 51 196 100 616 583 842 384 182 536 131 697 474 99 834 117 341 239 268 110 90 109 94 230 224 169 715 176 127 114 186 147 115 793 442
474 101 335 375 303 94 317 457 243 293 191 128 410 354 342 232 247 465 227 211 232 411 126 218 371 0 83 247 512 316 294 366 480 252 89 358 166 364 21 154 378 400 164 166 265 244 186 291 443 249 294 290 353 231 113 195 62 347 292 165 277 166 414 159 90 360 83 155 42 165 433 63 150 387 287 209 140 207 276 250 263 222 433 472 87 15 352 286 209 411 275 322 287 123 112 125 378 209 149 101 139 234 482 411 182 258 345 313 274 192 204 255 334 246 357 513 252 176 143 215 65 474 396 162 152 320 292 522 452 28 367 217 129 373 122 351 256 358 257 227 255 392 485 450 483 373 113 427 318 36 242 196 467 450 52 328 316 512 300 108 206 127 453 211 164 265 437 174 111 179 108 263 505 377 549 275 356 112 473 201 434 262 373 423 108 118 63 294 146 70 454 173 359 380 378 500 271 94 219 478 361 366 117 508 223 476 177 445 380 494 297 479 271 348 227 442 489 442 40 367 347 77 240 174 199 442 207 465 135 468 417 321 233 216 300 181 157 451 290 467 146 223 311 298 112 375 345 356 110 247 214 200 470 183 170 492 377 343 434 341 363 354 392 133 224 356 174 133 308 319 371 328 134 140 255 366 316 369 233 329 139 158 299 222 328 87 213 35 494 7 217 100 389 50 226 62 253 284 118 358 143 238 399 175 114 379 104 190 105 218 346 95 498 326 302 344 187 375 391 491 390 367 373 106 272 417 306 323 237 258 92 79 347 21 157 381 444 289 166 163 45 443 103 258 117 244 337 55 128 164 177 465 226 354 40 355 305 415 215 72 428 250 456 297 99 485 210 282 19 371 189 318 168 135 137 189 187 425 107 515 220 157 482 411 133 349 477 68 231 107 313 280 464 458 341 491 262 172 123 229 158 520 228 145 505 283 255 109 161 393 270 274 17 83 210 485 330 150 239 406 384 267 302 239 242 61 65 385 234 449 220 61 25 439 191 217 396 306 410 114 158 176 81 424 421 67 198 157 528 313 131 503 459 515 230 118 522 456 372 347 398 300 69 97 117 236 421 396 468 281 231 497 120 206 312 241 381 148 273 482 265 70 256 241 330 321 479 373 144 228 318 367 251 245 482 204 335 430 476 92
407 52 417 310 384 169 289 535 320 375 256 197 379 277 421 238 190 392 309 164 312 488 158 155 454 83 0 282 461 255 372 302 560 333 164 304 101 296 102 206 459 482 240 248 318 265 212 370 513 187 247 219 428 153 139 274 133 428 245 238 359 249 488 193 167 304 159 234 86 247 513 68 134 470 206 230 223 148 272 230 345 168 513 407 167 78 435 366 189 354 356 278 256 82 68 207 459 290 132 149 220 165 417 345 132 323 427 391 356 270 170 326 415 179 440 595 333 168 100 297 128 404 345 116 92 285 368 454 393 94 334 296 182 450 160 433 186 320 337 287 337 320 432 529 565 303 193 508 400 99 185 199 548 532 75 408 395 438 226 167 268 185 375 289 246 345 516 256 105 168 189 345 436 340 495 200 284 174 406 125 510 345 445 504 184 198 145 224 184 151 392 126 286 320 338 441 330 39 207 412 281 304 194 435 186 550 258 516 325 438 380 562 195 308 287 366 426 524 113 449 296 65 323 256 280 520 147 409 210 550 349 390 315 298 382 254 236 377 370 394 227 221 390 240 151 324 421 439 27 211 141 282 411 258 243 412 320 422 378 290 441 437 322 138 166 439 245 163 388 272 451 267 208 115 336 307 389 307 168 410 62 141 223 287 281 139 204 48 454 86 298 77 324 32 304 140 210 226 144 439 222 225 477 258 172 461 31 266 34 180 290 85 580 270 384 426 107 456 469 431 469 294 454 179 229 348 380 244 298 179 73 82 285 79 240 323 521 217 153 82 120 523 170 341 129 322 296 137 192 86 260 546 178 282 67 437 385 496 297 129 510 332 390 357 181 431 293 363 101 317 272 261 103 122 220 270 249 372 50 465 253 201 564 336 179 428 427 17 313 125 378 210 390 541 416 426 332 253 100 295 97 602 182 161 432 365 227 191 143 321 207 356 77 139 203 412 290 229 308 351 458 347 242 322 167 144 57 460 198 369 299 139 92 522 165 147 362 249 340 184 237 222 4 359 502 138 123 239 493 259 69 437 403 455 303 201 455 538 454 305 481 240 146 90 198 170 504 470 551 224 165 427 150 286 306 324 328 120 355 408 347 132 323 304 410 402 562 453 226 301 393 297 327 328 564 284 413 510 419 66
471 243 321 385 363 181 222 533 364 352 115 324 291 423 426 99 277 497 247 237 217 500 125 284 384 247 282 0 443 330 396 371 533 344 284 328 270 387 250 99 423 441 322 273 74 51 423 245 567 296 269 351 469 345 143 202 194 411 266 334 310 252 517 90 279 339 278 193 288 281 500 215 175 402 394 64 257 265 133 172 326 259 492 465 262 235 363 373 170 382 261 275 217 226 233 260 432 305 178 334 214 311 469 417 239 125 328 414 344 191 202 406 391 309 371 470 244 147 225 250 184 486 348 228 256 245 414 518 421 219 267 337 121 466 126 320 326 278 353 97 324 427 424 511 517 404 203 468 368 211 276 115 506 488 213 412 261 537 373 328 101 129 516 338 243 232 511 249 182 154 264 326 510 285 484 357 399 145 472 313 525 304 496 468 292 275 247 346 101 216 435 232 410 369 296 460 105 252 148 470 448 364 184 531 213 578 290 567 351 444 309 450 358 277 94 491 468 418 270 400 313 318 289 284 220 518 271 421 309 501 426 467 267 300 340 343 301 490 378 494 281 119 401 306 136 334 456 380 303 217 311 247 436 335 154 564 356 428 394 312 458 345 419 150 270 381 147 119 265 284 433 337 312 194 346 354 445 368 295 304 288 173 376 400 290 159 143 261 389 251 309 212 394 267 347 205 238 299 139 421 190 152 484 250 139 387 272 338 270 214 331 201 511 317 349 391 327 435 475 454 474 413 436 173 246 434 208 413 101 371 213 200 353 230 237 363 527 354 163 317 210 499 160 298 155 356 275 236 332 301 270 504 242 402 285 404 265 359 302 175 458 269 453 474 253 427 282 257 237 341 255 316 269 177 250 225 104 378 252 439 30 91 502 463 114 430 406 281 257 157 473 338 500 471 453 477 413 213 198 404 261 501 239 123 527 320 195 252 175 432 308 345 234 165 456 514 265 299 143 370 499 362 316 303 335 231 225 493 214 527 343 266 221 428 185 426 294 309 432 160 195 74 278 421 472 285 313 236 402 299 257 493 415 479 380 252 513 491 427 280 408 315 200 194 270 300 417 512 477 294 295 506 133 319 155 304 343 196 309 510 338 299 420 422 414 392 469 441 271 161 437 397 376 289 491 322 261 488 433 220
131 417 755 172 773 533 224 943 741 762 536 640 159 260 829 353 271 198 663 302 642 903 440 307 814 512 461 443 0 211 787 173 954 736 599 156 360 193 532 482 843 864 670 649 516 393 672 681 949 276 218 265 854 342 434 614 513 823 221 674 728 636 912 438 599 157 592 587 539 653 914 450 369 832 325 399 623 313 311 289 732 293 909 122 589 498 792 770 318 111 691 192 240 390 403 615 849 691 369 606 594 305 111 151 332 567 763 806 748 605 312 764 804 288 800 913 670 358 370 659 497 159 116 351 369 206 793 140 85 498 175 712 481 865 452 758 289 168 744 534 727 202 30 928 945 200 568 891 783 495 276 363 932 914 462 814 700 199 274 619 530 495 258 709 629 664 922 638 407 352 605 732 152 158 42 293 221 502 134 350 927 717 877 890 617 618 564 255 448 547 102 341 230 148 148 59 547 428 323 120 289 166 554 194 292 975 664 951 136 39 735 891 300 174 531 228 96 858 552 824 166 525 698 660 630 928 314 61 643 929 157 830 680 692 757 689 657 210 775 189 640 341 799 222 454 138 844 806 451 269 331 650 73 688 562 294 143 830 86 172 856 779 188 401 295 807 558 434 703 193 846 198 643 374 740 158 821 165 296 740 403 362 280 734 184 478 330 492 80 519 698 412 160 481 723 529 260 235 433 834 577 308 888 640 493 818 429 694 426 296 171 418 945 191 764 809 381 850 879 66 879 223 849 534 241 168 651 294 541 335 420 436 184 493 621 142 934 269 359 401 516 917 514 711 417 738 181 551 640 385 654 930 287 228 521 821 702 801 694 487 886 688 128 810 594 32 679 690 521 144 651 200 358 384 618 629 522 89 414 12 431 464 934 228 466 834 37 475 672 427 825 267 206 904 840 111 770 612 391 741 364 942 285 409 190 737 272 600 359 206 258 749 496 486 646 198 190 651 581 111 886 755 221 706 317 552 447 885 281 289 717 571 498 866 328 496 150 212 178 527 590 468 458 136 892 580 352 620 119 201 392 121 64 70 738 606 130 918 844 173 840 223 530 418 615 295 853 899 911 236 299 158 439 697 290 708 132 366 725 195 740 581 767 754 816 799 907 852 634 593 819 200 751 700 926 697 703 906 56 421
160 216 603 61 601 357 144 766 555 590 390 444 187 107 650 232 70 169 500 112 487 722 274 100 654 316 255 330 211 0 604 50 783 557 405 62 154 58 337 329 675 696 479 468 401 282 464 536 759 68 65 62 668 133 263 453 330 649 68 481 562 460 727 287 405 56 398 420 337 470 739 256 193 672 132 269 442 110 215 160 560 96 737 157 399 303 633 592 163 101 537 82 125 193 204 431 678 512 191 402 420 94 166 98 135 439 612 624 574 445 139 571 633 78 640 774 514 198 175 493 315 165 102 156 165 118 606 209 138 307 150 528 320 683 286 611 79 123 564 401 553 97 181 754 780 74 392 724 613 305 74 220 765 747 270 636 558 212 81 418 390 332 187 523 454 515 745 464 223 190 418 560 194 142 242 90 72 334 160 139 745 550 688 721 424 430 373 51 292 363 138 146 84 65 129 186 428 225 182 163 139 50 381 207 121 790 482 761 75 185 575 746 97 111 398 161 173 711 355 659 64 318 529 479 467 750 109 155 450 764 105 637 514 516 590 497 469 161 596 167 455 211 619 24 285 83 659 644 242 113 121 481 156 498 404 237 67 651 125 57 674 626 90 229 93 644 402 272 557 66 673 13 450 189 561 53 632 53 87 590 194 187 87 537 68 302 188 291 224 322 520 219 74 278 538 345 92 34 263 660 408 179 709 465 326 660 223 505 221 123 42 228 787 30 595 640 170 677 700 176 700 86 676 361 85 109 519 118 410 133 227 247 31 299 446 69 754 67 190 191 329 746 342 545 242 554 99 361 442 175 476 763 100 77 318 652 555 664 516 307 721 526 142 610 407 180 505 539 328 70 478 22 152 204 437 462 377 122 212 217 306 313 773 134 305 656 181 270 508 251 628 59 171 745 654 175 578 444 203 544 160 794 100 247 203 571 137 415 184 102 48 574 301 309 436 188 103 463 443 100 699 574 15 534 108 364 251 699 117 202 532 377 307 715 158 290 162 22 105 357 423 324 253 108 722 383 142 445 271 40 188 188 150 200 546 422 207 752 673 104 681 17 347 230 427 86 699 711 754 38 90 188 271 514 221 535 83 181 559 184 565 381 571 555 637 624 756 677 450 448 632 67 564 532 768 513 567 733 165 226
764 394 162 665 61 254 571 163 52 67 281 182 659 648 50 451 534 759 154 494 189 118 348 510 139 294 372 396 787 604 0 654 190 53 208 638 459 655 273 316 106 127 133 138 352 430 264 202 171 540 572 583 73 524 352 195 275 69 568 138 108 152 126 357 205 643 213 207 288 135 141 349 418 144 579 407 164 496 500 501 76 509 143 762 207 304 135 27 469 694 167 595 548 412 403 174 100 96 419 244 195 528 771 701 469 299 167 19 60 205 476 77 71 538 132 288 170 429 430 148 291 766 673 448 445 583 32 813 736 298 623 77 310 79 336 186 549 621 44 306 74 685 761 158 202 665 219 148 76 299 530 429 183 170 335 40 211 805 594 218 297 296 746 83 160 194 144 152 383 435 187 76 797 637 826 568 649 287 764 494 141 104 100 142 188 176 233 587 345 242 740 459 653 666 642 783 329 388 467 767 653 653 234 801 497 189 123 171 662 774 129 250 565 614 310 736 776 218 260 113 625 329 110 127 177 148 498 746 163 188 707 90 133 97 91 123 137 745 24 760 149 455 22 584 333 653 60 119 396 518 508 149 753 115 243 784 661 50 715 621 70 161 684 386 512 118 249 354 196 596 87 616 166 417 50 651 58 656 524 176 432 425 593 125 604 309 460 326 754 289 90 386 678 341 68 260 530 571 354 78 214 484 105 150 295 148 397 107 399 493 629 376 227 610 81 87 479 93 97 774 97 660 89 254 547 708 260 616 308 551 378 358 635 308 167 665 150 583 428 454 275 153 274 110 370 50 606 244 190 457 134 182 508 648 307 90 193 240 95 300 156 139 746 139 198 763 115 179 279 652 142 603 461 405 169 172 293 704 400 787 389 333 209 705 325 57 750 356 144 360 112 573 758 195 57 779 78 185 402 119 451 271 509 379 798 100 515 189 429 687 560 59 306 301 347 779 597 143 269 687 103 34 590 94 535 240 355 99 506 741 74 234 299 203 460 469 653 592 702 262 205 337 372 713 137 234 492 168 778 595 424 792 740 799 83 182 812 177 95 614 156 587 258 374 178 528 184 116 207 568 523 789 348 90 533 94 660 425 105 775 61 244 100 131 40 49 231 85 154 246 44 659 47 113 216 91 236 141 758 380
110 265 652 14 651 407 169 816 605 640 437 493 187 101 700 273 120 126 549 162 535 772 323 148 704 366 302 371 173 50 654 0 833 607 454 58 202 27 386 377 725 746 529 518 444 322 509 584 808 116 102 93 718 171 312 503 380 699 106 530 612 510 777 334 455 44 448 469 386 520 789 306 242 721 153 313 492 159 250 200 610 146 787 107 449 353 683 642 208 63 585 104 158 243 254 481 728 562 240 451 470 139 117 48 185 484 660 674 624 494 187 621 683 124 689 821 563 245 225 542 365 117 81 206 214 141 656 159 93 357 159 578 368 734 335 659 120 132 614 446 603 64 143 804 829 44 442 774 663 355 124 265 815 797 320 686 606 166 102 467 436 381 156 573 504 563 795 513 273 238 468 610 145 146 199 121 58 383 110 183 796 600 738 771 474 480 423 83 339 413 90 196 71 26 130 141 472 274 226 113 134 11 431 160 168 840 532 811 52 142 624 795 128 123 444 126 124 759 404 708 70 365 578 529 516 800 158 113 500 814 56 687 563 566 640 546 519 121 646 122 505 253 669 72 334 71 709 693 288 156 164 531 110 548 453 205 40 701 87 67 724 674 51 278 142 693 450 320 605 90 723 39 499 239 611 27 681 9 135 638 241 236 108 586 87 352 232 340 201 372 570 269 24 327 588 395 137 84 312 710 458 219 759 515 375 709 271 555 269 170 44 278 836 54 645 690 212 727 750 130 750 67 726 411 126 62 565 127 455 163 277 297 20 349 496 37 804 97 238 234 379 796 392 594 291 604 115 411 491 220 526 813 149 65 367 702 603 711 566 357 771 575 91 659 457 141 554 587 378 55 528 56 200 254 487 512 424 90 261 180 350 360 822 103 354 706 148 318 557 301 678 96 129 795 704 125 627 494 253 593 208 843 149 296 156 620 177 465 233 70 96 624 351 359 477 143 122 513 489 68 749 625 65 584 146 414 301 749 163 177 582 426 357 763 206 324 162 66 61 407 472 370 300 58 772 432 185 495 251 73 237 138 109 153 596 472 157 802 723 116 731 67 397 280 477 132 748 761 803 88 137 139 320 564 250 585 66 231 609 139 615 430 621 604 687 674 805 727 500 496 682 39 614 582 818 564 614 783 122 275
943 578 217 844 182 427 732 51 242 193 423 371 816 833 140 606 713 942 292 671 316 89 515 692 152 480 560 533 954 783 190 833 0 228 396 812 643 836 459 472 111 92 322 316 471 575 445 293 158 721 745 767 158 711 523 340 453 134 741 328 226 323 114 516 393 818 401 367 477 316 50 531 592 135 766 560 343 677 653 665 223 688 47 940 393 489 172 195 637 868 272 765 714 593 586 356 105 272 594 433 363 711 948 881 649 414 212 173 209 350 650 255 150 721 163 194 289 597 610 295 468 947 844 628 628 748 203 992 910 481 784 265 473 120 503 227 733 786 223 436 230 867 930 32 40 847 391 65 171 481 709 591 34 48 517 152 284 988 779 408 434 459 933 272 329 301 54 320 560 604 372 223 977 799 994 754 832 453 943 680 85 237 162 65 377 362 418 769 506 422 917 638 837 842 806 956 442 573 631 945 841 831 403 984 670 111 304 152 836 945 224 167 750 780 439 921 952 165 448 132 798 519 256 307 324 56 679 918 353 46 887 218 274 268 197 313 324 929 191 943 334 614 170 761 502 825 157 153 585 689 693 304 927 305 393 972 836 140 887 794 129 196 866 558 692 152 398 520 274 767 110 794 356 594 225 827 195 834 707 236 619 599 778 305 776 482 624 513 913 476 265 567 857 528 257 439 703 749 524 123 377 646 93 318 462 152 584 297 585 666 805 556 81 786 190 145 666 106 98 948 98 844 107 423 719 889 344 803 433 738 559 538 813 492 337 841 67 767 599 642 456 37 443 242 543 238 773 428 380 644 308 35 685 831 496 132 273 231 267 476 78 267 924 282 382 932 279 277 464 825 306 780 645 580 347 325 436 875 585 953 534 490 69 890 488 133 916 544 282 533 245 756 941 91 162 957 252 342 580 298 634 147 685 545 980 217 682 372 602 870 740 209 491 474 527 962 764 331 390 860 142 213 768 249 721 423 539 132 678 928 262 421 482 143 632 659 813 769 884 429 364 489 560 891 62 423 678 338 931 769 608 971 912 973 270 364 990 50 111 781 133 766 436 553 363 710 139 141 95 745 705 970 517 274 683 248 832 602 229 958 218 434 272 303 151 160 130 107 336 372 184 841 237 254 90 277 297 50 930 562
717 350 139 618 56 204 519 208 40 51 229 153 607 605 93 399 487 714 104 446 140 166 297 465 139 252 333 344 736 557 53 607 228 0 170 589 415 609 231 263 128 150 101 89 301 377 254 162 224 494 523 539 125 483 302 142 227 95 519 111 72 101 177 305 166 595 174 154 252 88 182 303 369 150 538 355 116 450 447 450 36 462 181 715 165 261 127 34 418 645 126 545 497 366 358 128 127 45 370 216 143 483 723 655 422 249 146 71 31 153 427 92 84 494 128 293 124 378 383 96 243 720 624 401 400 532 73 766 687 253 571 43 258 128 285 164 505 570 10 254 29 640 712 198 232 620 168 176 74 253 483 377 215 199 289 78 175 761 551 190 244 244 705 52 108 149 188 100 335 384 144 36 750 585 776 526 605 235 717 452 191 63 152 171 151 134 189 542 293 195 693 412 609 618 591 734 279 345 416 720 613 606 183 756 448 240 76 224 613 725 99 255 522 563 258 692 728 219 221 123 576 296 62 79 124 193 452 697 130 218 661 133 84 45 71 99 97 701 39 715 105 403 62 536 283 604 113 120 358 468 464 96 705 88 190 744 612 94 666 572 120 145 639 336 466 119 197 303 160 546 119 569 133 369 4 603 105 609 479 148 390 376 550 126 555 259 408 285 702 248 38 340 631 301 40 212 481 524 304 106 162 432 152 98 244 148 356 80 357 444 581 329 251 562 65 97 438 124 143 725 143 616 121 203 498 663 217 575 256 510 332 311 588 264 116 617 198 539 378 414 229 191 223 67 321 28 555 199 163 415 83 214 460 604 270 106 156 225 43 251 180 93 699 166 154 713 62 139 236 603 89 555 417 356 121 119 240 654 357 737 336 281 234 662 273 99 699 317 95 310 148 528 714 214 110 732 96 132 355 122 406 285 461 327 753 68 464 144 379 642 514 30 263 251 334 735 547 105 219 638 156 19 543 44 493 195 311 152 457 701 44 194 254 209 410 440 601 544 657 210 152 284 332 666 170 198 450 117 726 546 380 745 691 751 81 136 765 206 121 564 163 540 210 327 135 483 190 169 225 520 477 743 297 47 481 45 611 377 68 731 24 210 116 140 80 69 244 121 108 196 94 613 48 65 237 50 201 178 708 334
562 190 274 464 224 103 397 370 156 216 195 43 489 441 257 297 335 553 173 298 191 324 184 307 300 89 164 284 599 405 208 454 396 170 0 445 254 452 68 185 298 320 76 94 280 296 146 247 354 338 381 378 265 317 179 158 98 265 378 76 209 104 325 209 6 448 7 126 82 89 349 150 232 314 371 264 74 295 344 327 188 310 349 561 24 102 283 202 289 499 222 408 369 212 201 57 297 131 231 65 100 323 571 500 270 254 284 227 196 161 288 166 254 335 286 449 203 252 231 158 113 562 483 250 241 403 204 611 540 101 448 132 165 286 175 294 344 441 174 233 178 480 572 365 403 461 90 347 240 105 331 264 385 369 137 244 271 600 388 47 214 156 539 125 107 222 352 114 193 256 37 188 594 459 636 362 444 140 562 288 346 193 284 342 20 40 40 382 195 68 543 261 447 468 461 588 275 182 295 567 446 454 107 596 308 387 99 356 468 582 233 413 358 432 234 529 578 375 52 291 434 126 172 99 154 355 296 553 46 388 505 233 172 140 227 92 73 539 206 555 68 292 226 386 168 462 257 283 189 331 302 143 558 94 159 576 465 257 522 429 276 290 481 207 312 282 166 192 260 406 288 417 45 225 174 454 228 457 321 272 225 240 386 136 415 138 288 118 577 83 139 188 478 133 140 83 339 373 183 276 118 314 312 115 146 308 190 102 192 303 434 181 421 414 227 266 271 293 305 579 304 455 290 112 358 506 277 409 241 343 179 163 436 106 103 469 357 378 245 246 87 359 125 191 190 158 422 52 48 249 108 384 313 443 100 276 256 360 139 124 349 191 545 213 40 572 140 233 78 458 128 406 257 217 76 141 197 512 195 601 263 196 404 499 176 264 563 148 174 179 226 368 552 382 253 580 173 131 208 142 247 449 315 210 593 212 336 48 243 482 358 196 104 130 203 574 414 66 228 494 296 183 391 167 329 55 154 297 319 533 134 28 101 370 274 273 478 395 499 125 127 211 164 512 339 28 285 103 609 400 219 592 547 604 142 56 611 376 291 431 326 388 86 181 42 325 351 308 393 370 319 586 180 123 380 169 468 233 204 570 187 42 168 157 246 239 408 289 71 209 229 455 163 178 406 120 294 346 564 180
143 261 622 70 630 386 116 797 591 619 404 486 131 154 682 230 115 177 523 147 506 755 297 152 677 358 304 328 156 62 638 58 812 589 445 0 204 84 378 346 702 723 518 500 402 278 516 551 798 122 67 124 704 195 288 476 363 679 70 521 587 490 763 302 445 13 439 445 384 504 769 296 220 695 193 273 475 156 201 158 588 137 766 137 437 344 656 624 176 57 556 54 111 235 247 465 706 544 219 450 448 152 142 92 176 446 631 658 604 467 162 611 661 136 663 788 534 216 215 518 347 158 41 196 213 88 643 190 99 345 101 563 341 717 309 628 140 74 597 409 582 121 128 784 805 101 422 751 641 342 119 229 791 774 309 667 573 211 141 463 401 354 212 558 483 532 777 493 255 208 454 588 181 88 191 152 113 358 144 197 779 576 726 749 464 467 411 113 309 397 108 185 126 42 73 145 431 271 188 142 188 47 409 206 142 826 515 800 24 137 597 763 159 66 407 182 143 728 398 684 16 369 555 512 490 782 158 108 490 789 102 678 539 546 616 536 506 174 628 171 490 213 652 67 309 21 695 668 295 123 179 508 116 536 424 261 28 683 76 18 708 645 108 254 139 668 421 292 573 45 703 53 490 222 593 31 670 50 142 608 247 213 148 580 38 331 195 336 162 364 551 258 73 325 573 379 109 80 287 690 434 178 741 494 350 682 273 543 270 146 20 265 810 36 622 667 229 706 732 136 732 123 705 388 92 112 529 175 418 195 266 283 50 339 475 34 787 129 212 247 365 775 369 570 269 589 60 399 485 230 507 789 132 119 365 680 572 677 547 338 746 549 124 655 442 128 534 557 367 14 506 46 202 234 469 487 391 67 258 161 309 328 796 161 325 688 123 319 532 279 671 121 181 768 690 150 618 470 238 587 208 812 130 267 201 596 136 450 210 127 104 604 342 339 493 191 68 500 454 49 736 607 68 562 169 400 292 735 133 234 567 417 345 734 180 351 106 57 115 383 448 336 302 93 750 425 200 474 209 45 236 165 102 162 585 456 185 778 701 59 704 70 380 266 463 141 719 748 776 81 145 178 295 548 197 564 24 214 585 187 595 425 613 599 669 654 776 707 485 463 669 96 600 558 791 548 579 762 119 266
309 65 480 211 463 225 205 621 408 453 286 291 289 191 506 195 90 300 372 72 366 577 167 54 524 166 101 270 360 154 459 202 643 415 254 204 0 198 187 225 538 560 330 327 326 237 312 421 608 86 150 124 519 79 149 330 193 509 149 330 430 322 579 194 256 204 248 292 184 327 597 112 96 541 135 208 300 49 213 159 422 70 596 308 252 155 504 449 124 253 415 182 171 54 58 287 540 371 92 248 286 69 318 247 44 347 489 478 435 324 94 420 494 80 510 656 391 126 47 363 180 308 245 44 16 195 458 357 292 162 244 382 208 538 176 492 90 227 421 308 414 226 332 613 643 207 257 587 477 162 85 161 628 611 126 493 446 346 136 265 292 217 292 376 317 398 602 327 100 121 272 422 339 248 394 112 190 212 308 45 599 416 538 584 274 283 226 128 192 222 292 45 194 219 243 341 346 72 149 314 203 204 251 342 102 642 339 610 224 338 446 625 109 214 307 278 326 588 203 524 196 165 394 336 340 606 47 308 300 628 251 486 383 376 456 346 323 286 453 301 310 173 475 139 170 224 511 512 91 125 51 349 310 349 287 334 219 507 277 190 529 501 226 125 66 511 287 168 441 174 533 167 299 77 419 206 482 206 68 470 44 97 136 384 183 176 149 138 357 171 378 80 225 124 391 206 118 126 152 520 280 162 564 329 207 531 69 356 67 97 189 94 655 170 459 503 58 538 556 331 555 202 536 232 136 251 418 165 319 108 86 109 185 151 310 222 609 124 108 58 187 605 216 412 129 409 201 216 289 38 336 626 85 189 164 515 439 551 376 175 586 397 292 456 262 331 367 419 180 216 343 160 3 95 296 333 275 271 59 365 241 214 640 247 197 513 328 116 378 133 476 114 299 614 507 327 427 315 78 391 10 670 89 152 339 437 148 271 96 228 106 435 153 181 292 320 197 316 341 251 550 431 142 397 80 220 104 551 113 291 386 227 161 589 99 180 270 148 244 232 295 232 98 260 583 231 44 309 399 160 35 339 303 354 396 279 357 616 534 211 552 139 209 98 281 71 572 562 624 124 65 331 161 370 241 399 228 74 426 316 426 228 419 402 494 483 630 536 307 340 484 201 417 398 638 368 460 593 318 82
111 263 659 21 654 410 192 817 605 643 447 490 214 74 701 288 124 112 555 167 543 773 331 145 709 364 296 387 193 58 655 27 836 609 452 84 198 0 384 386 728 750 528 520 458 338 500 592 806 115 119 79 717 156 318 509 382 702 123 528 617 512 777 344 454 71 446 474 381 522 791 306 248 727 132 327 493 159 269 217 613 149 789 111 448 352 688 643 220 86 593 127 178 243 252 481 731 564 246 445 474 131 122 50 187 497 668 674 627 501 196 618 686 118 695 830 570 255 226 547 368 111 109 208 211 164 655 159 110 357 185 578 376 734 342 667 110 158 616 458 606 41 164 807 833 18 445 778 667 356 127 277 818 801 320 687 615 155 83 462 447 388 133 573 507 571 797 517 276 247 468 613 142 172 216 105 31 389 110 173 796 604 736 775 472 479 423 72 348 414 101 198 43 52 157 155 485 271 240 116 107 39 436 150 178 839 533 808 79 160 630 803 112 148 456 105 132 767 402 713 95 357 583 530 522 802 157 132 498 818 53 684 568 568 644 544 519 103 648 110 506 268 670 82 340 98 708 698 280 170 156 536 126 546 460 183 67 702 110 91 725 681 32 285 143 698 458 328 614 112 726 50 497 243 613 54 680 37 131 646 234 243 89 582 110 356 245 336 227 369 572 269 33 322 588 397 149 91 318 713 463 235 760 519 382 715 266 553 263 180 68 280 842 73 649 693 200 730 751 144 751 39 728 415 141 54 577 103 467 145 277 298 37 348 499 64 805 82 246 224 380 798 397 599 297 605 140 411 487 212 528 816 156 38 362 706 612 721 569 360 775 581 95 653 457 161 558 595 377 82 531 72 196 259 489 517 434 115 257 201 364 370 827 80 362 708 172 312 562 306 674 86 114 800 704 130 625 499 256 589 205 850 157 304 146 625 193 466 240 46 95 627 350 363 464 130 146 513 500 93 748 626 72 587 134 415 300 748 175 152 582 425 356 770 214 306 189 78 48 412 477 381 295 65 775 429 176 498 277 90 233 141 129 165 594 473 159 806 726 142 737 74 400 282 477 128 755 760 809 95 133 134 327 565 272 589 93 235 613 126 618 426 617 599 689 676 812 729 501 505 681 12 614 586 823 564 624 786 139 275
494 122 317 396 282 85 334 436 222 273 185 109 426 375 321 243 267 486 210 231 217 390 134 239 352 21 102 250 532 337 273 386 459 231 68 378 187 384 0 154 357 380 143 146 263 252 176 276 422 270 313 311 332 252 123 180 58 326 311 144 258 147 392 164 69 380 62 141 42 145 412 82 167 367 307 217 120 227 288 266 243 242 412 493 66 33 333 265 225 431 258 341 304 143 133 105 358 188 166 89 123 255 503 432 202 251 327 292 254 179 222 235 313 267 338 495 236 191 163 197 66 495 416 182 173 338 271 543 472 37 384 196 130 352 128 334 277 376 236 222 234 413 505 429 463 393 98 406 297 44 263 208 446 430 70 308 301 533 321 91 201 126 474 190 145 250 416 155 128 194 87 243 526 394 569 296 377 109 494 222 413 243 352 402 87 97 42 315 151 55 474 193 380 400 396 520 265 115 234 499 382 386 105 529 241 455 156 424 400 514 279 461 292 366 222 463 510 423 23 347 366 86 221 154 183 421 228 485 114 447 437 301 215 195 280 160 136 472 269 488 126 236 290 318 119 395 324 337 129 265 235 182 490 162 160 512 397 322 454 361 342 336 413 147 244 336 165 141 292 338 350 349 113 158 235 386 296 389 254 312 159 175 320 203 348 91 228 54 512 16 196 120 410 70 205 53 272 305 128 338 129 253 378 156 113 360 125 169 126 237 366 114 478 346 282 324 207 355 370 511 369 388 352 97 291 438 294 344 231 279 112 96 368 39 139 401 423 310 182 183 40 422 98 239 130 223 356 36 109 184 158 444 246 375 50 335 289 398 195 75 407 232 477 278 79 505 190 266 14 391 170 338 189 152 118 172 182 445 128 534 225 159 462 432 136 328 496 87 213 120 293 301 485 438 320 512 241 156 141 209 179 501 247 155 526 263 272 89 178 414 290 254 36 85 208 506 348 129 230 426 363 246 323 219 263 44 85 364 252 469 199 40 36 420 208 231 414 327 431 107 143 178 101 444 401 49 219 138 545 332 152 524 479 536 210 98 543 436 352 365 379 320 59 114 96 257 402 376 449 302 251 518 128 185 325 222 401 166 253 503 245 55 236 222 309 300 460 352 124 217 297 388 230 226 462 183 321 409 496 112
484 179 276 389 294 82 260 464 278 282 62 225 345 405 352 135 264 497 180 220 161 427 59 257 332 154 206 99 482 329 316 377 472 263 185 346 225 386 154 0 362 381 227 184 114 117 325 207 486 278 280 332 388 305 77 132 96 343 276 238 246 165 441 44 180 354 179 109 194 191 434 138 140 350 360 91 164 238 184 194 253 240 428 480 163 144 311 296 170 402 210 296 242 173 174 164 368 221 143 236 124 282 486 424 209 122 285 335 270 122 190 315 324 286 318 445 189 131 180 178 89 493 375 191 209 276 330 533 444 127 311 249 25 390 50 283 302 314 273 84 249 423 460 447 462 400 107 409 302 119 261 119 449 431 131 337 229 541 351 228 67 29 504 249 156 187 443 164 126 139 166 253 521 327 523 330 391 46 485 271 452 236 413 408 193 178 148 330 37 117 453 199 399 381 334 488 125 184 160 485 424 372 88 536 208 503 200 487 370 476 253 418 329 309 83 484 489 383 173 342 331 229 218 195 148 449 243 449 211 446 433 379 198 219 275 248 207 487 301 496 187 142 324 305 57 357 376 324 230 223 274 171 461 242 79 550 372 354 419 328 383 300 418 104 249 324 76 59 228 301 366 339 215 152 267 366 360 376 270 262 229 144 352 304 309 68 153 175 441 158 226 151 401 183 260 106 240 295 74 354 102 174 412 166 41 337 205 245 203 206 342 137 464 325 283 327 275 369 402 481 402 404 369 75 254 437 194 386 95 333 148 128 357 140 150 377 457 334 139 259 114 436 60 230 97 272 303 137 233 248 184 448 230 392 194 340 227 335 221 82 403 206 465 380 155 462 202 211 141 359 174 321 226 134 157 148 50 406 188 481 80 18 452 454 29 357 445 200 190 93 382 319 498 423 373 495 322 133 147 309 215 466 229 82 532 255 212 155 146 427 295 271 144 71 362 516 294 204 117 393 419 282 314 228 302 132 150 415 214 509 256 167 129 388 171 353 341 311 434 62 111 26 202 432 411 187 269 149 463 307 201 510 443 506 289 156 530 435 363 310 358 312 101 131 173 275 374 432 431 291 270 515 65 232 217 229 365 158 243 512 263 201 327 327 340 320 430 372 178 120 354 393 289 219 445 234 239 425 461 154
834 473 116 736 75 318 622 113 152 85 313 279 705 729 65 495 605 836 181 563 206 95 405 585 58 378 459 423 843 675 106 725 111 128 298 702 538 728 357 362 0 22 228 212 364 465 370 188 187 614 635 661 121 608 414 230 346 37 631 237 116 216 126 406 294 708 302 257 380 212 78 425 483 51 664 449 238 570 542 555 116 580 69 831 292 386 71 98 527 758 163 655 603 487 480 253 14 169 485 343 255 605 839 772 541 307 115 97 103 240 540 183 44 615 63 186 179 487 503 184 360 839 734 520 522 638 132 883 800 376 673 169 362 83 393 134 627 675 125 327 123 761 820 87 106 740 283 50 61 375 601 480 90 73 411 68 183 882 674 316 324 348 829 177 221 193 92 211 452 494 270 116 869 688 884 649 726 344 834 576 117 126 143 47 279 261 315 663 396 316 807 531 731 733 696 846 336 469 521 837 738 722 294 877 560 171 201 183 726 835 115 148 646 670 330 815 843 121 348 27 688 424 146 203 213 100 572 808 257 90 779 175 164 162 86 223 225 823 96 836 232 504 84 653 393 715 111 48 485 579 588 194 818 213 282 869 726 67 777 684 85 100 759 448 585 47 287 410 172 658 27 686 261 486 125 718 142 725 600 136 516 489 673 231 666 373 513 411 802 374 161 460 749 427 163 332 594 641 415 30 268 536 81 210 352 63 481 205 482 557 695 449 124 677 80 35 564 24 74 838 74 738 29 314 609 782 243 700 325 636 453 431 705 388 229 731 112 661 490 540 350 75 334 132 434 145 663 324 289 541 201 88 576 725 398 23 170 163 162 368 52 156 816 235 279 822 171 170 361 715 197 671 539 471 242 215 326 764 480 843 424 380 106 785 378 60 806 443 172 424 202 649 835 89 114 848 182 232 473 225 529 165 576 435 874 106 572 268 493 763 633 103 387 365 453 856 654 232 282 750 130 117 660 141 617 319 433 118 569 826 168 321 377 102 522 568 702 660 776 319 254 378 458 782 49 326 574 230 821 660 503 862 802 863 189 260 881 79 15 671 60 658 329 446 262 604 85 139 100 637 598 862 407 175 573 139 722 494 118 852 113 338 205 236 68 61 126 38 233 263 125 733 151 144 111 178 201 65 820 456
856 495 128 758 97 340 642 102 174 107 332 302 724 751 82 515 627 858 201 584 225 94 426 607 64 400 482 441 864 696 127 746 92 150 320 723 560 750 380 381 22 0 251 234 380 484 391 202 187 635 656 683 133 630 435 249 368 58 652 259 136 238 127 426 316 729 324 278 402 235 67 447 505 51 686 468 260 592 561 575 138 601 55 853 314 408 82 120 548 779 180 675 623 509 502 275 27 191 506 365 276 628 860 794 563 323 125 115 126 259 562 202 66 637 73 171 197 508 525 205 382 861 754 542 544 658 151 905 821 398 693 191 383 92 414 142 649 695 147 344 146 783 840 72 84 762 305 28 83 397 623 500 68 51 433 87 195 903 696 339 342 369 851 199 243 210 82 233 474 515 293 138 890 708 904 671 748 365 856 599 112 147 152 27 301 283 337 685 416 338 829 552 753 754 716 867 352 491 541 858 760 743 315 899 582 164 223 183 747 856 132 134 668 690 348 837 864 112 370 41 709 446 168 226 233 90 594 829 280 68 801 189 184 184 107 245 247 845 118 858 254 523 104 674 414 735 124 61 507 600 610 215 838 235 302 891 747 83 798 705 95 109 781 469 607 61 307 431 185 678 41 708 283 507 147 740 157 747 622 148 538 511 695 251 687 394 534 434 821 396 183 482 770 449 185 354 615 662 436 49 289 556 82 231 373 67 504 227 504 578 717 471 102 698 101 57 587 36 78 859 77 760 41 336 630 803 255 722 341 658 475 453 727 410 251 753 104 683 511 563 373 59 355 153 455 167 683 346 312 563 224 67 597 747 420 45 184 162 184 390 30 176 837 251 301 842 193 185 383 736 219 692 561 492 264 236 345 785 503 863 442 400 84 807 398 76 826 466 192 445 217 671 857 69 127 869 201 253 494 245 551 146 597 456 895 127 592 291 514 785 655 126 410 387 473 878 674 255 299 771 136 139 682 163 639 341 456 124 590 848 190 343 399 91 544 590 722 681 798 340 275 397 481 804 33 348 597 252 840 681 526 883 823 884 210 282 903 57 32 691 56 679 351 468 284 626 77 143 80 658 620 884 428 197 591 161 743 515 138 874 135 360 224 255 87 83 109 49 256 280 141 755 172 165 90 201 211 51 841 478
638 265 225 539 157 149 462 295 81 151 217 51 554 517 183 353 410 629 143 371 172 248 242 383 238 164 240 322 670 479 133 529 322 101 76 518 330 528 143 227 228 251 0 61 301 344 162 218 280 413 452 454 189 393 241 151 159 194 450 15 155 83 249 260 74 522 82 135 156 51 274 223 301 251 447 315 66 370 402 393 127 384 275 636 81 176 224 130 356 573 187 478 436 286 276 63 226 73 301 115 110 399 646 575 345 262 234 151 131 158 358 94 185 410 226 391 173 317 305 128 176 638 555 324 317 471 128 686 614 173 514 59 213 210 232 248 420 509 103 252 117 556 644 291 331 537 120 276 175 176 405 325 313 298 210 170 239 676 464 88 236 201 615 51 91 197 276 92 264 322 66 127 669 526 708 438 520 187 637 364 270 141 209 270 56 53 107 458 247 125 617 335 523 542 529 662 288 258 359 642 522 529 140 672 379 311 52 282 541 655 182 354 434 501 254 605 653 318 128 224 506 197 124 55 138 280 371 626 31 317 581 160 133 85 167 21 23 615 134 631 42 352 152 460 226 534 181 220 264 401 378 115 632 18 176 652 539 183 594 501 200 237 556 273 387 219 183 250 226 477 216 492 33 296 104 528 152 532 397 228 301 309 462 77 486 198 352 194 645 159 79 261 553 210 66 143 411 447 244 204 134 377 237 92 195 247 266 26 268 374 507 253 352 488 164 198 347 221 229 652 229 531 218 154 429 581 262 484 257 419 253 235 511 181 93 543 281 454 313 322 154 285 172 140 256 84 491 119 62 326 73 312 386 519 175 207 222 313 83 186 280 151 620 153 78 644 94 199 152 531 98 480 332 286 73 126 223 585 271 672 307 242 334 575 227 190 634 224 139 245 158 444 628 315 176 655 100 125 280 81 323 386 388 271 669 156 403 74 312 558 434 130 178 189 237 650 483 24 232 567 220 111 465 112 405 118 228 221 389 609 61 103 173 309 343 340 544 469 574 166 134 252 240 587 267 102 361 94 674 473 295 667 620 677 68 72 686 305 220 500 263 463 143 252 57 400 289 232 326 444 395 662 240 57 438 114 541 305 150 646 121 111 101 100 172 168 345 216 52 210 153 531 87 130 338 52 265 273 637 254
628 262 180 529 137 116 433 297 94 127 162 97 523 518 182 316 398 626 85 357 111 255 211 376 207 166 248 273 649 468 138 518 316 89 94 500 327 520 146 184 212 234 61 0 244 301 216 161 304 405 434 451 207 396 214 90 138 183 431 75 115 23 263 222 89 506 96 80 172 10 271 215 281 222 452 274 27 361 365 364 97 372 269 625 82 174 190 124 331 556 133 457 410 277 269 41 213 44 281 153 60 395 634 565 333 203 190 158 109 98 339 133 168 405 193 355 116 291 294 70 153 631 535 312 311 445 147 677 598 165 486 66 174 217 199 201 417 484 96 195 89 551 623 287 318 531 81 261 152 165 394 292 301 285 201 167 183 672 463 128 181 161 617 65 32 138 277 31 246 297 60 97 661 499 688 438 516 150 628 365 279 99 231 257 79 54 103 453 209 106 603 323 521 529 504 645 229 257 329 631 526 516 98 668 359 327 17 305 524 636 139 319 434 476 198 604 639 282 139 201 487 219 78 12 77 282 363 608 70 302 572 195 80 50 135 78 38 613 128 626 27 319 151 447 196 515 196 191 275 380 377 56 616 67 121 657 523 183 577 483 208 196 550 248 377 191 128 217 171 458 207 480 75 280 93 514 177 520 390 180 304 287 462 133 466 171 322 200 616 162 52 251 542 216 77 123 392 435 216 194 83 347 241 31 159 215 270 67 270 355 492 240 332 473 136 178 353 211 232 636 232 528 209 116 409 573 202 488 200 424 243 222 499 176 36 528 287 451 290 329 140 279 136 97 232 90 468 112 109 329 15 299 371 515 189 189 167 267 50 162 262 99 610 203 67 624 46 144 149 514 38 466 328 267 31 65 171 565 269 649 261 200 316 574 189 188 612 233 83 221 200 439 625 293 192 643 139 66 265 135 318 356 371 241 664 119 377 57 291 553 425 108 175 162 287 646 459 42 172 549 239 107 454 74 405 107 222 236 368 614 72 112 166 277 322 367 516 455 568 126 79 207 247 576 257 121 363 37 642 457 292 656 602 662 108 48 676 291 207 476 234 451 121 238 53 394 258 252 303 431 389 654 210 49 400 76 522 288 110 642 99 136 148 155 169 157 316 210 23 150 172 524 106 84 316 51 208 266 620 245
545 288 256 457 311 181 296 476 327 300 85 314 363 491 376 172 344 569 198 303 164 447 164 347 320 265 318 74 516 401 352 444 471 301 280 402 326 458 263 114 364 380 301 244 0 125 425 179 521 362 342 418 424 404 184 160 205 357 338 314 256 221 467 133 274 413 275 166 304 254 442 251 232 338 456 132 235 328 207 245 278 325 433 539 256 257 300 326 239 456 201 349 291 277 281 242 374 268 236 338 191 374 543 490 301 57 262 368 295 150 268 374 336 374 309 398 188 210 279 204 201 559 422 287 311 320 373 592 495 239 341 302 138 415 159 252 391 352 310 49 278 498 499 452 452 475 190 406 313 231 343 182 443 426 244 361 193 610 438 326 66 138 585 305 212 171 454 215 230 218 252 278 583 359 558 421 469 154 546 371 472 252 452 407 282 261 248 414 137 217 509 292 479 442 371 534 31 295 219 544 513 437 172 604 282 526 259 520 425 518 250 379 421 351 47 562 542 348 280 340 386 341 242 254 177 462 334 495 294 437 499 430 219 260 285 320 277 562 331 566 258 191 353 377 168 408 410 319 342 288 371 206 510 310 125 633 430 377 468 386 409 279 490 201 335 320 118 161 199 358 377 409 298 249 303 428 405 441 359 238 336 233 441 377 364 182 213 288 461 269 270 258 467 297 312 211 309 370 179 366 168 225 431 216 152 322 315 311 313 282 404 245 444 390 295 334 380 379 422 529 421 483 380 170 318 506 137 477 45 431 257 239 425 253 208 436 472 421 224 367 223 439 165 246 200 318 349 240 324 353 238 441 310 472 306 346 199 287 263 195 395 216 526 447 243 502 241 195 251 415 218 388 326 231 228 185 83 452 297 513 94 117 436 533 140 378 480 314 208 199 440 404 572 404 408 552 380 179 249 379 316 430 307 174 600 266 268 239 235 503 376 296 256 184 470 587 340 278 84 444 452 319 387 257 397 233 262 445 284 595 309 268 242 360 251 466 367 381 504 158 166 97 315 494 412 288 370 208 471 371 307 567 490 553 350 236 587 427 370 354 343 386 206 239 255 364 350 465 410 365 359 579 171 285 227 257 417 253 256 583 291 304 391 399 364 340 400 386 249 106 395 468 339 240 424 289 190 429 507 264
421 220 367 336 402 196 171 573 394 390 153 338 243 378 464 50 232 448 286 195 259 538 118 243 428 244 265 51 393 282 430 322 575 377 296 278 237 338 252 117 465 484 344 301 125 0 428 291 601 252 220 306 502 308 132 239 200 451 216 354 351 281 553 88 292 289 290 223 286 308 540 202 143 447 354 36 281 225 82 122 363 216 534 415 276 231 407 408 126 331 305 224 167 199 208 281 473 336 146 339 240 270 418 367 201 175 374 448 381 228 159 432 430 266 415 520 286 111 193 286 187 435 297 193 224 195 445 467 370 217 217 366 132 502 124 367 284 227 387 143 360 379 374 552 561 355 224 511 408 209 231 76 550 532 202 449 309 487 329 336 142 144 468 366 272 277 551 279 160 116 282 363 459 235 434 314 352 158 422 277 563 343 529 510 307 294 257 301 102 228 384 195 363 318 246 409 155 231 101 419 403 314 205 481 168 615 317 601 301 393 352 499 316 226 139 443 417 466 274 443 262 309 327 312 257 558 231 370 327 545 376 496 305 333 380 365 324 441 413 444 304 72 437 258 133 283 490 424 282 169 273 282 385 359 188 517 306 465 343 262 495 391 370 127 227 424 182 111 312 234 473 288 330 164 380 304 476 318 253 350 260 140 332 421 240 161 98 253 341 250 341 190 345 255 377 214 191 252 127 461 218 103 522 281 151 432 250 362 247 170 281 180 558 268 389 432 294 476 513 403 512 366 476 190 197 384 258 369 148 333 193 184 304 225 266 312 566 310 128 288 214 541 174 337 137 387 224 245 345 270 300 548 198 355 279 445 312 409 335 177 502 310 402 497 270 377 316 302 238 290 288 267 235 149 275 259 140 327 228 390 41 103 547 415 120 468 356 267 296 143 499 293 451 516 487 427 439 245 172 425 228 550 194 104 477 361 146 271 140 384 262 381 229 168 452 465 215 321 190 319 533 396 268 339 295 241 210 529 168 480 372 275 219 476 144 402 245 261 383 179 226 94 261 371 514 293 277 265 356 250 229 442 365 428 406 273 462 535 468 229 453 267 210 175 289 258 464 546 523 247 254 455 125 349 108 340 292 164 349 461 374 304 444 443 451 430 517 481 295 205 470 348 405 327 538 351 310 530 382 199
609 260 386 516 308 245 496 405 220 305 341 121 587 467 312 418 401 584 301 375 326 358 310 365 392 186 212 423 672 464 264 509 445 254 146 516 312 500 176 325 370 391 162 216 425 428 0 378 349 396 459 420 289 345 299 298 230 333 457 148 316 235 345 340 152 515 150 270 146 208 395 242 331 402 388 393 208 360 461 431 285 380 401 610 170 200 380 274 389 564 348 490 464 289 276 193 364 234 329 89 244 371 622 550 344 400 395 277 285 303 378 191 331 386 381 546 332 360 309 286 241 602 557 327 304 495 243 655 601 212 543 212 302 325 304 409 390 530 252 378 275 517 643 413 463 504 236 412 326 219 397 381 445 432 235 304 399 630 422 99 359 295 555 203 241 355 392 245 293 362 178 285 634 550 705 397 483 279 608 327 373 301 295 405 147 173 178 428 327 209 599 337 482 529 549 650 420 248 403 616 461 512 253 627 395 398 212 354 536 648 343 508 391 519 380 553 632 473 154 373 508 147 285 214 290 393 358 619 147 451 552 234 294 247 323 156 180 568 276 588 190 408 287 450 295 535 288 373 222 420 345 272 619 168 305 583 530 311 589 501 316 397 522 318 377 372 312 317 386 484 351 476 142 316 256 517 250 515 377 390 269 339 418 140 493 267 397 190 665 179 239 274 530 197 213 218 422 437 303 342 263 422 352 245 284 401 243 175 246 390 501 274 491 481 319 346 300 357 347 639 347 491 352 255 440 549 416 429 387 365 267 261 493 207 240 533 389 418 348 276 214 411 265 302 302 229 507 187 108 289 230 443 390 479 159 352 383 474 244 251 421 312 594 180 184 642 256 360 190 528 255 472 314 316 212 278 342 583 260 677 399 332 473 526 310 319 639 198 299 293 212 414 581 459 283 630 193 271 299 147 308 534 393 330 625 316 433 191 341 518 416 284 202 260 83 604 501 174 372 562 313 257 452 273 366 194 240 320 407 541 210 158 210 462 368 235 571 460 540 268 271 350 215 564 399 138 324 240 703 471 281 640 613 662 181 197 657 440 359 517 415 450 223 277 178 378 442 321 471 435 374 625 304 216 497 275 540 323 311 601 276 124 173 143 304 310 494 348 198 353 261 499 219 291 481 210 425 399 629 264
691 364 77 596 148 202 458 301 199 138 147 258 534 608 211 329 470 704 76 426 59 276 262 460 141 291 370 245 681 536 202 584 293 162 247 551 421 592 276 207 188 202 218 161 179 291 378 0 359 483 486 536 268 499 277 96 237 186 482 233 95 144 301 250 241 560 247 136 313 170 266 315 345 159 556 282 173 442 372 396 128 446 256 687 227 292 121 175 376 607 36 500 445 367 365 190 199 152 347 310 153 483 692 631 412 122 84 213 143 99 397 252 166 489 130 238 46 338 378 92 245 700 578 393 405 477 231 740 649 276 507 186 218 249 251 77 504 513 170 149 133 629 661 274 273 607 178 227 144 271 467 323 264 247 302 199 25 748 553 287 152 206 708 193 140 25 280 134 323 346 210 128 728 523 723 530 596 209 691 465 300 100 296 229 236 210 238 535 244 221 659 401 604 587 533 692 150 364 364 692 624 579 176 743 415 355 167 357 575 678 78 211 529 510 152 689 694 177 279 162 536 360 103 164 94 287 446 653 231 258 639 291 87 140 117 230 198 693 179 702 188 342 196 512 254 561 254 141 397 429 472 106 665 217 134 753 578 213 623 534 245 100 624 308 453 142 135 264 21 506 204 546 236 354 162 572 260 583 474 59 413 349 554 277 514 245 357 324 632 290 150 341 608 339 191 230 447 502 275 194 148 376 261 133 215 143 382 214 381 413 549 328 267 532 128 160 462 205 252 685 251 610 207 192 460 644 58 586 144 528 336 313 564 291 144 584 299 537 346 442 249 261 206 95 298 188 505 240 270 436 147 262 437 597 325 172 21 130 143 248 216 71 672 328 210 663 125 23 272 565 123 528 422 336 171 106 161 609 373 679 251 224 257 659 231 213 644 357 80 291 310 523 705 226 253 701 257 120 346 276 411 261 435 288 739 103 416 200 352 633 500 144 292 241 447 723 496 203 102 597 292 175 521 121 501 232 326 283 421 711 191 255 278 185 378 507 535 518 641 190 133 215 367 639 235 270 463 144 646 514 391 716 647 710 236 191 736 248 196 512 164 519 224 323 206 478 173 304 232 497 473 722 267 173 399 119 570 361 97 719 143 287 275 295 201 175 226 214 181 89 246 600 209 98 247 179 47 252 665 341
916 544 298 818 212 420 737 108 210 223 452 317 827 790 148 620 689 904 323 651 357 93 515 661 245 443 513 567 949 759 171 808 158 224 354 798 608 806 422 486 187 187 280 304 521 601 349 359 0 692 732 731 98 665 517 366 436 174 729 278 267 321 61 526 353 801 360 378 427 299 130 503 580 236 716 577 328 649 669 667 243 664 144 915 361 455 255 195 633 852 327 757 713 565 555 334 173 265 580 368 363 676 925 854 624 467 299 154 225 376 637 187 194 688 248 344 335 593 584 318 453 916 834 603 595 748 157 965 893 453 789 239 478 110 503 318 697 786 214 476 244 832 923 139 196 814 385 181 215 455 685 596 182 184 489 161 361 951 739 347 468 465 885 241 329 356 115 322 543 599 344 243 947 802 987 713 797 454 916 638 79 269 73 174 335 331 387 735 513 402 896 614 799 822 807 941 497 535 633 921 791 808 402 948 658 57 288 6 821 934 281 311 708 778 480 878 932 296 404 213 785 459 279 293 347 108 650 905 308 195 859 123 302 268 242 262 292 890 190 907 309 623 168 740 499 814 111 232 534 680 653 320 911 261 414 919 818 146 874 780 114 285 834 549 666 231 420 521 347 756 162 771 309 575 221 808 128 811 675 317 575 587 736 227 765 473 626 470 920 437 260 541 832 484 228 420 690 726 519 169 384 651 106 320 463 250 541 255 543 653 787 533 237 768 231 203 618 164 113 932 113 807 160 421 708 859 417 755 477 689 533 514 790 460 336 823 94 730 591 593 433 149 441 275 533 215 769 399 320 599 302 182 666 794 446 194 345 349 266 463 200 305 899 170 356 924 286 337 431 811 313 760 610 565 334 343 464 864 548 950 560 503 222 849 493 147 913 496 313 522 139 721 903 233 114 934 181 356 559 219 601 302 667 545 945 258 680 349 590 834 712 225 457 464 427 925 761 298 438 846 69 205 745 264 680 397 507 76 668 876 233 382 453 274 621 581 819 748 852 430 375 508 514 866 163 377 636 337 946 753 573 946 900 957 212 343 965 191 174 778 243 742 420 532 334 678 263 56 241 723 673 939 514 255 703 264 820 584 267 921 230 381 190 214 158 184 277 151 316 415 132 809 199 281 241 254 382 146 917 533
224 149 547 126 539 296 157 702 490 529 340 377 225 129 586 203 22 223 442 60 431 658 221 32 596 249 187 296 276 68 540 116 721 494 338 122 86 115 270 278 614 635 413 405 362 252 396 483 692 0 81 55 602 82 207 397 268 587 81 414 503 398 662 239 339 119 332 361 270 407 676 191 138 613 108 232 378 44 201 141 498 38 674 223 333 237 575 528 126 168 481 112 126 128 138 366 617 449 136 335 359 34 233 162 73 394 556 559 512 389 94 505 571 19 582 721 458 153 111 434 253 226 163 93 98 138 541 273 206 242 182 463 266 619 232 557 34 159 501 355 491 148 247 692 719 126 331 663 552 241 21 181 704 686 205 572 506 268 77 351 342 277 226 458 392 461 682 402 163 145 353 498 257 180 309 64 114 277 224 76 681 490 622 660 358 365 308 52 241 299 206 83 121 133 172 254 387 158 151 229 152 117 322 264 84 725 418 695 140 252 517 692 68 146 353 206 241 656 288 599 116 250 468 415 409 687 42 222 384 703 167 570 455 453 530 430 404 211 533 222 391 180 555 55 229 142 594 584 175 91 58 422 224 432 350 272 134 587 192 109 610 569 145 175 30 584 348 219 504 100 611 81 383 130 498 120 566 120 20 535 127 135 80 470 107 243 154 223 281 255 457 154 139 210 473 282 71 42 208 598 350 154 645 404 270 602 155 439 153 83 105 165 728 86 534 579 108 615 636 244 636 127 614 302 80 169 472 118 365 95 162 183 99 233 385 137 690 58 140 126 265 683 283 485 185 490 133 296 374 109 413 702 54 114 251 591 502 612 454 246 661 468 207 542 342 246 443 484 262 132 417 76 84 147 374 404 327 187 144 281 269 263 713 176 252 593 245 202 449 193 561 42 223 687 589 242 511 385 141 477 92 738 58 197 260 511 120 351 132 151 20 512 235 250 371 242 132 398 394 166 633 511 56 472 58 300 185 634 87 233 467 310 241 658 112 235 202 64 163 299 364 277 185 174 660 316 79 384 325 80 120 254 217 268 480 358 273 692 611 141 623 53 285 168 362 20 642 646 696 42 23 249 217 450 218 474 145 122 499 239 503 314 504 488 574 562 700 614 386 397 566 120 499 472 710 449 517 671 232 160
205 200 556 116 563 319 82 730 524 552 339 422 145 171 615 171 64 228 456 84 440 689 230 104 610 294 247 269 218 65 572 102 745 523 381 67 150 119 313 280 635 656 452 434 342 220 459 486 732 81 0 113 638 163 221 409 296 612 4 456 521 423 696 236 380 74 374 378 322 437 702 231 153 628 180 211 408 102 150 98 521 80 699 201 371 280 589 557 110 123 490 33 60 172 185 399 639 477 153 389 381 114 207 148 115 383 564 591 537 400 95 546 594 100 596 723 468 149 152 451 281 217 102 134 155 59 577 254 165 280 101 496 274 650 242 562 111 79 530 346 515 160 191 717 738 137 355 684 574 277 69 164 724 707 244 600 508 268 135 401 337 288 251 492 416 466 710 426 189 142 388 521 243 100 256 135 137 291 206 155 713 509 660 682 399 401 346 103 243 331 174 123 149 101 94 212 370 211 124 206 202 95 342 262 75 760 449 734 91 203 531 697 141 66 343 224 209 662 334 617 54 312 488 445 423 715 105 174 425 723 157 612 472 479 549 471 440 222 562 224 424 151 585 45 242 82 628 601 241 57 137 441 183 471 358 301 92 616 143 49 641 579 150 187 85 601 355 226 507 25 636 69 425 156 526 87 604 99 98 542 194 146 141 516 34 264 131 275 208 301 484 194 125 264 507 313 42 48 220 623 367 117 675 427 283 616 216 477 213 79 63 200 743 48 555 600 186 639 666 203 665 151 638 321 26 164 465 177 355 173 202 218 84 275 408 98 720 118 145 200 299 708 302 503 202 522 53 333 422 181 440 722 69 142 305 613 506 612 480 271 680 482 186 591 376 192 467 491 303 81 439 47 147 167 402 420 326 132 199 221 248 262 730 198 259 621 183 261 465 212 606 103 231 701 624 215 553 403 173 523 151 746 66 201 258 529 75 384 143 165 73 537 278 272 442 245 51 434 390 116 670 540 55 495 138 335 229 669 66 267 501 353 280 668 113 314 122 43 163 316 381 271 244 154 683 362 157 407 249 29 178 230 168 229 520 390 250 711 634 62 637 55 314 200 398 100 653 682 710 44 101 238 228 482 156 497 89 148 518 241 528 363 549 536 602 587 710 640 418 397 602 130 534 491 724 482 515 695 186 203
189 190 598 97 586 345 195 746 533 576 394 414 248 74 631 257 74 175 492 115 483 701 274 76 646 290 219 351 265 62 583 93 767 539 378 124 124 79 311 332 661 683 454 451 418 306 420 536 731 55 113 0 643 78 259 448 315 633 115 454 552 445 703 293 380 116 372 411 305 451 721 236 192 663 70 287 424 94 251 192 545 93 720 190 376 279 625 573 181 154 532 138 169 174 181 411 663 495 189 367 408 56 201 129 124 449 607 603 559 441 150 543 618 47 631 773 509 208 159 483 302 185 163 143 139 171 582 236 186 286 209 506 318 662 285 609 34 183 545 410 538 102 236 737 767 84 379 711 600 286 75 236 751 734 250 617 559 222 23 385 397 330 172 500 440 513 726 450 213 200 396 545 217 202 292 29 66 328 188 94 724 538 662 707 398 407 351 12 295 345 180 134 70 117 191 232 442 196 205 195 97 99 371 218 138 766 463 733 134 235 567 744 36 170 408 155 212 707 327 647 126 278 517 460 459 731 90 206 424 751 132 608 504 499 578 470 447 162 578 177 434 234 600 70 281 145 635 633 201 141 78 471 203 473 402 218 124 631 179 119 653 620 104 228 84 633 401 273 556 122 657 71 423 182 543 109 606 100 62 587 156 189 29 506 127 293 209 261 285 295 502 201 110 246 516 329 120 65 260 644 400 207 688 452 322 652 189 480 187 137 104 213 777 92 582 626 121 661 680 222 680 77 660 351 122 130 526 65 420 71 208 230 82 275 433 125 734 5 195 144 311 729 334 534 238 533 158 340 411 133 460 749 109 65 285 638 554 665 500 295 709 518 174 576 386 233 490 536 304 131 465 82 122 199 420 453 382 179 183 272 324 317 762 124 306 637 239 235 499 245 597 13 174 736 631 209 550 435 191 513 133 789 112 251 215 560 170 395 186 103 45 559 277 299 385 196 159 440 449 157 674 555 62 520 55 344 228 675 140 178 510 351 285 709 167 232 223 76 121 350 414 332 218 144 707 354 97 432 333 96 159 220 202 243 519 403 237 740 657 164 673 60 332 216 405 58 692 686 745 70 63 209 269 494 264 522 144 175 548 192 550 350 541 522 618 607 751 660 431 451 608 79 541 521 759 493 571 717 215 205
826 454 215 728 120 323 641 116 114 130 354 232 730 705 62 522 598 818 226 559 260 69 418 572 173 353 428 469 854 668 73 718 158 125 265 704 519 717 332 388 121 133 189 207 424 502 289 268 98 602 638 643 0 580 421 267 342 94 635 190 174 223 61 428 263 708 271 279 342 202 110 411 485 171 633 479 231 559 571 571 146 572 119 825 269 365 178 97 537 760 234 662 617 474 464 239 109 167 486 289 265 588 834 764 532 371 218 56 129 278 543 104 110 599 172 304 240 497 493 220 358 827 740 512 505 652 62 875 801 361 693 142 381 43 406 238 609 690 116 379 146 745 829 127 183 726 288 142 127 363 594 499 165 157 398 70 273 865 652 265 369 367 802 146 231 262 104 224 449 503 250 147 858 706 893 627 709 357 826 552 85 173 28 134 245 238 295 647 416 307 805 522 712 730 711 849 400 447 536 830 708 717 304 861 563 123 191 99 728 841 191 267 622 683 382 793 841 242 317 142 692 379 182 195 249 104 560 812 219 174 770 60 205 170 151 174 199 804 93 820 214 525 72 648 403 720 14 157 450 585 566 222 819 171 315 838 726 60 781 687 37 207 745 454 575 156 322 424 259 662 94 680 220 482 123 716 40 720 586 232 489 492 651 152 671 377 529 383 823 348 161 449 741 398 132 325 596 635 423 94 286 554 65 222 366 181 455 163 456 559 695 440 218 675 140 123 534 98 63 840 63 720 93 323 614 770 326 672 380 606 441 422 699 369 238 730 100 642 495 509 340 129 344 179 438 117 674 306 238 514 204 164 573 707 362 118 256 281 167 367 157 209 809 125 262 830 187 245 340 718 214 668 521 471 237 244 365 770 460 855 462 405 200 763 396 64 818 411 216 427 89 633 816 197 15 843 99 257 467 144 512 274 574 448 858 165 584 254 496 747 622 128 367 368 371 838 666 205 341 753 32 107 654 167 593 304 417 33 573 795 137 292 361 223 527 511 723 656 763 332 277 409 428 776 125 290 550 239 849 660 484 856 806 865 125 248 875 165 106 683 181 651 325 439 241 589 206 45 208 632 584 850 417 158 605 167 727 491 172 835 133 296 116 146 68 94 240 84 220 318 36 720 104 184 213 157 296 118 824 442
264 137 555 174 533 300 238 687 472 523 365 349 307 125 573 262 102 241 447 118 443 641 246 69 598 231 153 345 342 133 524 171 711 483 317 195 79 156 252 305 608 630 393 396 404 308 345 499 665 82 163 78 580 0 228 407 267 578 163 390 503 394 641 272 319 189 311 368 239 396 664 186 172 615 57 281 370 85 270 212 493 101 664 266 318 222 578 516 186 231 491 194 206 133 134 355 609 440 168 298 360 49 278 206 106 426 565 543 505 401 152 479 564 63 584 733 468 198 125 437 256 257 235 117 95 220 520 309 263 233 264 447 287 602 255 568 55 241 488 387 485 172 312 681 714 159 331 658 548 235 98 232 697 681 200 559 524 288 77 318 371 296 222 441 390 475 668 400 179 192 339 493 289 262 370 52 138 291 263 34 663 489 597 653 336 349 293 87 271 293 257 113 137 194 253 310 424 140 212 271 130 176 327 284 151 702 408 668 208 313 521 701 45 228 386 214 289 664 265 596 193 207 467 405 416 672 79 284 362 698 208 542 457 446 528 407 388 226 521 244 377 239 542 131 249 216 573 584 131 166 35 423 280 411 366 261 199 573 256 186 593 577 177 203 90 584 366 247 519 181 602 145 360 155 486 185 542 177 67 546 92 172 73 438 188 254 213 199 357 235 447 158 188 183 456 279 149 120 231 589 356 220 629 402 285 605 127 418 126 147 176 172 727 159 531 574 47 606 621 300 621 146 604 308 161 204 497 92 398 29 163 186 158 220 383 201 674 74 182 72 259 674 293 485 208 474 215 284 344 67 407 696 122 134 219 585 516 628 446 252 658 472 250 506 330 310 439 496 247 203 415 149 79 173 366 408 354 255 129 349 316 293 711 184 276 579 314 169 453 212 529 75 238 687 569 286 484 390 157 446 89 745 127 230 282 510 194 340 170 173 93 505 221 258 307 261 214 381 421 232 611 498 127 468 26 289 176 613 158 218 451 290 231 664 164 156 284 140 195 309 371 310 152 221 652 291 36 382 403 158 108 295 279 321 456 348 311 687 603 223 625 125 283 177 348 64 647 622 697 122 64 280 240 437 293 470 217 151 499 258 496 284 474 454 561 552 705 604 375 419 545 155 480 472 710 435 538 661 292 158
421 104 341 324 342 98 221 510 307 330 137 222 312 332 395 120 195 428 237 151 225 468 19 183 392 113 139 143 434 263 352 312 523 302 179 288 149 318 123 77 414 435 241 214 184 132 299 277 517 207 221 259 421 228 0 191 82 390 218 248 300 202 478 54 176 294 172 157 155 219 481 72 70 409 283 97 189 165 166 151 300 170 478 418 163 99 371 336 116 345 275 243 196 96 98 183 418 257 72 212 160 207 425 360 135 199 350 372 316 183 127 335 373 212 378 514 252 76 103 231 66 428 322 116 133 231 360 470 387 87 273 279 60 430 27 350 228 270 310 160 294 354 409 496 518 331 134 463 353 80 191 86 504 486 70 380 300 473 277 213 143 71 431 276 195 254 489 204 49 82 176 300 457 286 474 255 320 71 421 194 493 288 444 461 193 189 139 259 46 117 393 125 327 319 290 433 199 111 117 423 349 309 121 468 147 541 230 518 312 423 312 485 254 262 159 413 429 449 146 397 274 177 267 226 204 494 169 395 218 502 367 401 252 258 329 261 225 417 341 428 208 114 364 240 22 302 410 381 160 166 198 220 404 259 143 476 312 396 364 271 422 363 350 34 177 381 142 24 297 244 414 273 219 77 306 305 389 312 197 329 153 76 278 313 253 44 110 120 404 119 264 75 336 124 289 99 180 229 5 402 146 136 454 206 63 398 132 264 130 143 282 61 524 263 334 379 198 418 445 424 445 333 417 100 196 371 269 311 171 257 73 57 292 93 187 318 500 261 76 184 92 486 80 283 21 304 253 126 226 172 219 502 163 321 147 391 295 406 260 56 459 263 403 390 163 411 245 277 110 302 218 257 149 60 183 200 126 352 114 435 114 67 510 382 48 400 397 138 245 16 399 246 429 483 406 434 342 182 71 319 139 532 163 32 464 309 163 169 79 357 224 316 97 52 320 448 245 220 193 337 452 320 248 274 226 125 82 451 155 435 284 153 89 452 109 284 303 247 366 95 160 86 135 369 462 169 193 186 432 246 125 448 389 450 308 174 468 491 413 262 419 246 98 55 184 202 436 465 491 224 196 450 12 263 202 276 309 84 297 444 307 178 342 334 382 366 494 419 201 193 386 325 318 270 506 264 313 474 407 80
611 270 150 515 163 107 392 334 167 152 87 178 476 519 225 266 385 619 48 342 38 299 180 371 202 195 274 202 614 453 195 503 340 142 158 476 330 509 180 132 230 249 151 90 160 239 298 96 366 397 409 448 267 407 191 0 142 212 405 165 114 67 316 176 152 483 157 40 218 100 303 221 261 219 463 220 90 354 313 325 125 361 297 608 137 196 180 171 300 532 85 427 374 276 272 105 236 108 263 223 59 394 615 550 324 114 160 212 142 11 316 215 193 401 187 326 62 260 289 48 151 619 506 305 314 408 214 660 574 180 443 143 135 264 167 162 415 446 152 112 123 544 591 315 331 522 82 277 171 176 382 251 317 300 208 210 121 664 464 202 102 121 619 146 60 71 313 59 235 267 122 125 647 459 655 441 510 120 612 373 324 105 295 276 151 125 144 448 167 125 582 314 517 509 466 619 141 270 292 613 533 499 80 659 335 377 103 365 500 607 122 296 439 441 115 602 618 259 185 210 461 265 88 98 18 319 358 580 153 315 558 271 67 101 144 168 127 608 176 618 111 274 199 431 169 487 255 192 301 352 381 47 591 157 53 663 501 226 550 458 257 173 541 224 367 193 58 183 114 431 235 464 158 267 145 494 246 503 386 140 319 266 464 223 439 155 284 229 573 194 111 250 527 243 153 134 368 420 191 223 52 306 283 60 127 207 287 156 286 333 471 237 334 453 151 195 368 238 274 611 274 523 238 98 383 562 119 495 115 436 244 221 483 195 59 506 327 449 265 347 154 304 114 98 212 158 434 145 190 342 81 316 354 511 230 208 111 223 103 155 272 74 593 289 119 593 82 90 176 489 59 447 331 250 86 26 99 537 279 613 197 150 321 572 150 229 577 262 58 203 281 435 620 292 252 624 221 28 257 224 320 342 353 208 655 123 343 110 269 547 415 143 197 149 361 639 425 130 83 523 297 161 439 101 410 137 232 292 343 621 150 162 182 261 298 411 473 437 557 98 37 149 272 559 279 178 371 59 593 435 299 638 574 637 192 103 658 304 231 442 228 436 128 232 121 390 246 310 301 415 385 641 182 126 345 102 495 275 112 635 137 196 233 244 213 191 303 242 102 60 237 515 179 88 315 130 141 293 592 249
490 130 289 391 272 35 303 436 228 261 130 141 395 384 320 199 260 489 180 219 179 393 86 239 332 62 133 194 513 330 275 380 453 227 98 363 193 382 58 96 346 368 159 138 205 200 230 237 436 268 296 315 342 267 82 142 0 320 293 165 238 130 400 112 95 368 91 102 99 141 409 81 143 349 324 167 112 224 246 233 231 234 407 487 81 57 312 262 197 419 225 321 277 141 134 102 349 182 144 141 93 260 496 427 195 197 298 295 245 138 201 253 304 268 318 467 202 158 157 170 16 493 398 174 177 312 280 539 460 40 355 200 73 354 77 303 281 350 235 165 224 414 487 425 452 394 65 396 285 35 256 167 436 419 67 306 262 535 329 136 145 68 484 196 125 212 415 135 108 163 94 231 523 367 551 304 380 52 490 234 417 224 364 393 111 107 58 317 98 35 465 185 385 390 371 507 209 128 200 493 395 378 61 531 222 463 153 438 387 499 254 435 302 342 166 469 501 397 77 332 350 138 202 149 149 420 226 471 135 436 434 319 190 186 264 179 144 477 266 490 128 195 289 309 70 378 332 319 161 243 243 157 478 177 110 526 385 321 439 346 345 310 413 113 239 319 114 94 255 321 344 342 137 142 231 376 308 382 254 280 177 151 328 230 330 41 193 91 485 64 190 114 404 104 210 17 255 296 86 331 90 218 379 137 55 339 145 183 145 218 354 102 463 335 267 312 227 348 370 499 370 392 346 46 272 436 247 357 175 296 107 85 361 55 118 390 425 315 154 206 18 416 41 219 97 226 333 46 146 201 146 435 233 379 102 324 253 364 186 27 394 205 471 308 81 488 176 231 46 376 150 328 194 129 107 141 126 428 138 514 170 103 447 439 81 326 476 122 186 86 317 303 489 421 328 505 260 124 127 236 183 478 233 113 527 245 244 88 154 417 287 245 57 32 266 509 325 139 178 412 373 245 315 205 272 43 91 372 231 483 205 75 42 397 185 276 385 317 430 53 105 121 131 438 393 93 232 117 515 319 160 518 465 524 227 94 537 425 343 342 359 313 17 100 103 258 380 386 431 293 252 516 83 185 283 207 385 150 234 506 236 105 259 252 308 294 438 347 122 168 306 387 238 206 445 185 280 404 482 110
809 444 124 710 49 293 602 122 116 61 298 245 688 700 33 478 579 808 165 537 194 90 383 558 79 347 428 411 823 649 69 699 134 95 265 679 509 702 326 343 37 58 194 183 357 451 333 186 174 587 612 633 94 578 390 212 320 0 608 202 101 190 115 386 262 684 270 236 347 182 91 397 459 80 634 432 209 543 526 534 90 554 87 806 261 356 84 64 505 735 157 633 582 459 452 223 32 139 460 308 230 577 814 747 515 300 126 61 75 223 517 146 21 587 78 221 169 465 476 165 334 813 712 494 494 617 96 858 777 347 654 135 341 64 371 145 599 655 91 316 96 734 799 105 137 713 257 82 43 347 576 460 120 104 383 32 187 854 645 282 311 327 800 143 196 187 101 186 426 471 239 90 843 669 863 620 698 321 809 547 115 108 120 76 246 229 285 636 375 288 783 504 703 709 676 823 330 439 500 812 708 697 270 850 537 170 170 172 703 813 109 182 617 649 319 787 819 153 316 49 665 390 125 173 195 107 545 785 224 123 753 142 145 134 72 188 192 795 60 809 201 485 47 628 370 692 82 63 453 556 559 172 794 178 265 839 702 35 754 661 62 114 732 425 558 61 270 388 174 635 24 661 227 460 92 694 108 700 573 142 486 465 644 195 643 348 493 380 784 343 131 433 723 396 128 305 570 616 391 11 245 516 75 184 329 88 451 170 452 533 671 422 159 653 62 29 534 28 66 815 65 710 27 290 586 755 244 670 315 605 425 404 680 359 203 707 116 633 466 510 322 97 310 114 410 110 642 294 254 511 174 118 551 698 365 24 171 186 133 342 88 142 791 201 248 800 145 166 331 692 173 646 511 446 213 194 311 742 451 822 409 361 141 756 357 30 785 412 155 400 169 622 808 126 84 823 146 211 447 189 500 201 551 413 847 91 550 239 469 736 606 75 358 341 416 828 633 200 273 727 110 83 635 116 587 290 405 100 545 796 133 289 348 137 499 533 684 635 750 296 233 361 427 757 74 293 545 204 805 636 475 837 779 840 152 230 856 111 26 650 91 632 302 419 230 577 118 121 137 612 571 836 384 142 557 115 700 469 102 825 84 304 169 200 32 26 162 30 203 252 91 707 115 124 147 145 208 84 797 428
209 198 552 119 559 316 80 727 521 548 335 419 145 174 612 167 64 232 453 82 436 685 226 103 607 292 245 266 221 68 568 106 741 519 378 70 149 123 311 276 631 652 450 431 338 216 457 482 729 81 4 115 635 163 218 405 293 608 0 453 517 419 693 232 378 78 371 374 320 434 699 229 150 625 182 207 405 101 146 94 518 79 695 204 368 277 586 554 106 127 486 34 57 170 183 396 636 474 149 386 378 115 210 152 113 380 561 588 533 396 92 543 591 100 593 719 464 145 150 447 277 221 105 131 153 57 573 257 169 277 101 493 270 647 239 559 112 79 527 342 512 164 194 714 735 140 351 680 570 274 68 161 721 703 241 597 504 271 138 398 333 284 255 489 413 463 706 422 186 138 385 518 247 101 259 136 141 288 210 154 709 505 657 678 396 398 343 105 239 327 177 121 153 105 95 215 366 209 121 209 205 99 339 266 72 756 446 731 95 206 527 694 142 67 340 228 213 659 331 614 57 310 485 442 420 712 104 177 422 719 161 610 468 476 546 468 437 225 558 228 421 147 581 48 239 85 625 597 240 53 137 437 186 468 354 304 96 613 146 53 638 576 154 184 85 598 351 222 504 28 632 73 422 154 523 90 601 103 98 538 193 143 144 513 37 260 127 272 209 298 481 191 129 262 503 310 39 49 217 619 364 114 671 424 280 612 214 474 211 76 66 197 739 52 552 596 186 636 662 207 662 154 635 318 22 168 461 179 351 174 199 215 88 272 405 101 717 120 142 200 296 704 298 500 199 519 53 330 419 180 437 719 67 145 302 609 502 609 477 268 676 479 190 589 373 195 463 487 300 84 436 51 146 164 399 417 322 135 197 224 244 259 726 201 255 618 186 259 461 209 604 105 235 698 621 219 550 399 170 520 150 743 64 197 262 526 71 381 140 169 74 534 275 268 441 249 51 431 386 119 666 537 58 492 139 332 226 666 63 271 498 350 277 664 109 314 123 47 167 312 377 268 242 157 680 359 156 404 250 33 176 234 172 232 517 387 254 708 631 62 634 58 311 197 394 100 649 679 706 46 101 242 224 478 153 493 92 145 514 245 525 360 546 533 599 584 706 637 415 394 599 133 531 488 720 478 511 692 189 200
638 266 238 540 167 158 468 298 86 162 229 44 560 515 188 361 411 628 157 374 186 251 250 383 249 165 238 334 674 481 138 530 328 111 76 521 330 528 144 238 237 259 15 75 314 354 148 233 278 414 456 454 190 390 248 165 165 202 453 0 168 98 250 269 76 524 82 148 152 66 279 225 305 261 444 324 79 371 410 398 139 386 281 637 85 178 236 138 361 575 202 482 441 288 277 74 234 86 305 106 123 398 647 576 346 276 247 156 141 172 362 90 194 411 237 403 188 323 307 142 181 638 558 326 317 476 130 687 616 176 520 68 222 213 239 262 420 514 112 265 129 555 647 296 338 537 131 283 185 179 407 332 320 305 212 177 254 675 463 80 248 210 613 60 105 212 281 106 267 328 73 139 670 531 711 437 520 196 638 362 272 154 208 277 57 60 110 458 255 131 619 337 523 544 534 664 302 258 365 643 519 530 150 671 382 312 66 280 544 657 196 365 433 505 267 604 654 329 127 234 509 192 138 70 153 284 372 629 31 324 581 157 148 99 178 16 38 614 141 630 55 360 158 462 233 537 183 231 261 405 377 130 634 23 189 649 541 188 597 504 204 250 556 278 388 230 196 257 240 481 223 493 31 299 114 530 152 533 397 242 299 313 461 67 490 205 358 193 650 159 92 263 554 208 73 149 414 449 251 212 147 383 241 106 204 258 265 31 267 378 510 256 361 490 175 208 344 228 233 655 233 531 225 163 432 581 277 482 271 416 255 238 512 182 107 545 284 453 318 319 159 291 181 154 261 91 496 123 53 324 88 319 389 518 172 216 236 326 97 192 288 166 621 144 85 648 109 214 153 534 113 482 332 290 85 141 236 588 271 676 317 251 343 574 235 195 638 221 154 250 152 444 627 325 178 656 97 140 283 72 323 396 390 278 668 169 408 83 316 557 435 141 180 196 225 649 488 36 246 569 220 120 467 125 404 123 230 222 393 606 69 104 176 320 347 332 550 471 574 176 148 263 238 588 274 100 360 108 680 476 295 668 623 680 66 82 687 313 228 505 274 464 150 255 65 401 300 232 336 446 395 662 247 69 446 128 544 308 164 645 132 107 94 89 178 176 355 222 65 224 155 531 91 144 347 64 279 279 640 256
721 367 70 624 55 207 506 222 111 45 198 204 589 622 120 380 493 725 65 450 93 191 291 476 95 277 359 310 728 562 108 612 226 72 209 587 430 617 258 246 116 136 155 115 256 351 316 95 267 503 521 552 174 503 300 114 238 101 517 168 0 111 212 290 203 594 211 143 287 119 190 318 370 111 560 334 138 460 427 439 36 468 183 718 196 283 76 80 412 644 60 540 488 378 372 155 123 83 372 265 144 497 726 660 430 200 79 119 48 124 427 164 80 505 80 240 68 372 393 70 250 727 619 410 414 522 137 771 686 271 557 106 247 159 278 94 519 560 79 215 44 651 705 202 218 629 173 164 58 269 490 365 204 186 304 107 104 771 566 239 210 233 722 115 114 89 201 104 341 379 175 36 757 573 768 542 616 229 722 471 216 15 202 162 192 169 216 553 280 210 693 420 622 619 580 731 230 364 405 723 633 609 181 766 446 270 111 266 612 720 28 204 539 554 218 707 729 167 253 97 573 333 37 110 98 208 462 693 178 202 667 197 49 70 30 160 142 713 84 725 140 388 101 540 279 600 160 82 386 464 481 81 703 148 167 763 612 122 662 570 154 83 648 334 474 82 171 295 89 543 123 573 182 374 72 605 165 612 490 77 412 376 566 196 551 260 398 312 686 274 76 351 636 327 109 225 480 528 301 111 154 420 175 102 237 102 378 142 379 443 582 339 225 563 39 81 462 125 166 723 165 628 126 202 495 670 152 594 214 532 344 322 592 284 121 618 217 553 375 439 244 191 220 19 321 100 548 222 216 437 101 202 463 616 303 94 86 158 72 257 159 41 703 237 180 706 68 72 259 601 88 558 431 358 140 100 211 649 375 727 309 264 211 676 263 123 690 345 56 311 217 540 725 184 159 734 167 118 362 193 421 243 463 320 763 10 456 169 379 653 522 49 284 253 393 745 539 149 172 635 199 82 548 43 510 216 327 191 454 721 110 226 272 163 408 482 587 547 665 205 140 262 358 669 165 236 469 121 706 546 397 749 687 749 152 160 768 191 118 555 122 545 221 336 168 494 144 212 194 524 489 750 293 100 458 41 608 382 5 741 50 250 187 211 109 84 202 131 138 151 151 622 120 32 208 106 130 179 705 348
619 258 172 521 142 104 419 308 113 131 140 115 507 513 193 299 390 620 69 348 91 267 197 369 205 166 249 252 636 460 152 510 323 101 104 490 322 512 147 165 216 238 83 23 221 281 235 144 321 398 423 445 223 394 202 67 130 190 419 98 111 0 278 205 98 495 105 59 178 33 280 210 270 221 450 256 30 354 348 349 101 364 277 617 88 172 186 135 318 546 118 445 396 271 264 48 219 56 271 167 43 389 625 557 325 180 181 171 115 75 328 154 173 399 191 349 99 277 287 54 145 623 523 305 306 431 164 668 588 161 471 85 158 229 184 190 411 470 109 173 93 545 611 295 322 524 68 266 155 160 386 277 306 289 195 178 167 666 458 143 158 144 613 86 9 120 287 10 237 284 68 101 653 485 676 433 510 135 619 362 291 96 248 262 92 66 105 447 193 100 594 315 515 519 490 634 206 254 315 622 523 507 82 661 348 341 38 322 514 625 132 314 430 463 175 599 630 276 144 203 476 225 74 33 56 293 356 597 88 306 564 215 69 57 135 101 60 607 139 620 45 303 163 438 182 504 211 191 276 368 372 38 605 90 99 654 513 194 566 472 221 190 543 236 369 191 106 202 156 446 214 471 94 271 104 504 195 511 384 168 302 276 458 156 455 159 308 201 602 163 63 244 534 216 96 116 381 426 203 201 63 332 252 11 143 213 268 90 268 344 482 233 334 463 138 181 351 218 243 626 243 522 216 102 398 566 181 485 177 422 237 215 490 174 15 518 298 445 278 328 135 286 122 92 221 107 455 112 127 327 19 304 361 509 193 193 152 256 58 153 265 87 601 226 71 612 45 129 148 503 24 457 323 257 30 43 149 554 265 636 241 182 318 569 173 198 599 234 70 210 221 433 619 293 208 634 161 43 257 158 313 354 362 227 658 117 364 60 280 547 417 115 174 151 303 640 446 63 149 538 254 119 445 75 401 105 218 251 357 611 91 117 162 273 310 374 501 446 560 110 57 188 247 568 263 129 359 16 626 447 288 647 591 651 130 50 667 295 213 463 232 443 113 230 63 388 255 267 303 422 382 646 197 68 382 77 511 279 106 636 106 146 170 178 180 165 313 218 37 127 189 517 124 79 317 70 192 274 609 240
886 514 238 787 157 380 696 65 172 168 403 292 784 766 92 576 657 878 271 618 303 33 474 631 184 414 488 517 912 727 126 777 114 177 325 763 579 777 392 441 126 127 249 263 467 553 345 301 61 662 696 703 61 641 478 316 400 115 693 250 212 278 0 482 323 767 331 332 403 259 76 471 543 175 694 532 289 618 625 627 191 632 89 884 328 425 195 145 594 818 271 720 673 534 524 298 112 221 544 349 320 648 894 824 592 412 238 106 173 326 601 164 136 659 187 288 280 554 552 268 416 887 798 571 565 708 121 935 860 420 748 200 435 53 462 258 670 747 169 425 193 805 887 88 148 786 344 124 157 422 653 554 132 130 457 106 302 925 713 326 417 421 863 205 286 300 62 277 507 560 310 191 918 762 951 687 769 412 886 613 30 215 51 116 305 297 354 707 470 366 864 582 773 789 767 907 442 507 592 890 769 776 360 921 622 63 248 58 786 899 223 254 683 740 428 854 900 237 377 152 750 439 228 252 297 58 620 871 279 143 829 112 250 222 185 234 258 864 140 880 273 580 117 707 459 778 68 172 511 643 627 271 878 231 366 899 785 90 839 745 59 225 805 511 635 171 372 480 289 720 102 739 281 541 174 775 100 779 646 257 550 550 711 211 729 434 585 443 879 408 215 508 801 458 190 384 655 694 480 109 339 609 45 276 421 189 515 223 517 618 753 499 188 734 174 143 595 103 52 898 52 780 99 379 672 830 359 733 424 667 500 481 758 429 293 789 48 703 553 570 399 96 399 221 495 174 731 366 298 574 259 131 632 768 422 133 286 288 220 425 142 251 868 173 321 887 238 280 400 776 266 727 581 529 294 294 415 828 520 913 512 458 170 824 451 89 875 472 261 485 137 693 877 177 73 902 159 309 526 203 572 250 633 504 918 202 641 313 554 807 682 173 427 426 427 899 723 264 384 812 33 159 713 214 654 363 477 28 631 856 195 352 421 216 585 570 778 715 823 388 329 461 489 835 105 350 610 294 903 719 544 915 865 924 186 306 934 138 113 740 182 710 383 498 300 649 203 27 187 691 644 911 474 215 658 214 785 549 212 895 179 357 175 203 104 128 222 90 278 362 96 780 163 229 188 215 322 90 882 502
441 157 320 347 337 111 216 508 316 325 103 251 302 367 395 94 223 455 225 180 205 469 35 220 376 159 193 90 438 287 357 334 516 305 209 302 194 344 164 44 406 426 260 222 133 88 340 250 526 239 236 293 428 272 54 176 112 386 232 269 290 205 482 0 205 310 202 151 201 228 477 125 102 395 326 55 200 201 143 149 296 201 472 436 189 146 355 338 126 358 255 252 198 144 149 198 411 261 106 252 163 245 442 381 172 156 329 376 313 167 148 351 367 248 363 488 233 89 147 221 99 450 330 156 179 232 369 489 400 131 268 288 48 432 37 326 264 270 314 117 292 382 415 490 507 359 142 453 346 123 221 75 494 476 122 380 272 499 313 248 104 61 464 287 197 230 486 205 98 96 196 296 478 283 479 293 350 73 441 239 494 280 453 452 220 209 169 291 14 141 409 162 359 337 290 444 152 165 116 441 387 329 124 493 166 545 238 527 326 431 297 462 293 264 115 443 445 426 186 386 287 228 261 234 192 492 206 405 241 491 390 416 242 260 319 281 241 446 342 454 222 99 366 263 47 312 416 368 214 179 240 214 416 276 124 511 328 396 375 284 424 344 376 69 210 369 120 29 271 257 410 296 244 118 308 322 399 333 232 306 204 105 315 336 264 73 108 171 398 164 267 126 358 177 299 126 197 253 49 397 143 130 454 207 65 381 185 280 183 164 299 114 509 282 326 371 247 413 445 436 445 364 412 107 210 395 233 350 127 300 126 110 314 140 190 334 499 296 98 234 127 480 88 274 68 311 258 157 257 221 224 492 189 352 196 384 270 377 262 89 448 250 422 413 184 417 244 255 151 315 216 278 194 99 194 192 90 361 166 437 62 27 496 413 34 400 401 191 234 69 417 280 457 467 413 451 358 175 117 341 184 510 187 43 489 299 167 187 107 386 254 313 145 80 368 474 249 238 156 348 459 323 272 271 267 153 136 456 171 471 294 187 133 432 129 338 298 268 392 96 154 39 189 389 455 205 238 189 421 264 175 466 399 462 324 189 486 480 406 266 403 270 123 107 204 237 418 472 475 249 232 472 43 271 178 272 321 122 287 470 306 216 361 358 382 363 474 416 213 162 394 352 328 263 490 273 281 468 417 133
563 191 268 465 220 98 395 368 153 212 189 46 487 443 254 294 336 555 167 298 184 322 181 308 295 90 167 279 599 405 205 455 393 166 6 445 256 454 69 180 294 316 74 89 274 292 152 241 353 339 380 380 263 319 176 152 95 262 378 76 203 98 323 205 0 448 8 119 86 84 346 150 231 309 374 260 68 296 341 326 183 311 346 562 18 102 278 199 287 500 216 407 367 212 202 51 293 126 230 71 94 324 572 501 271 248 278 224 192 154 287 166 250 336 281 443 197 250 231 152 110 564 483 250 242 402 202 612 541 100 446 128 161 283 172 288 346 440 171 227 174 482 572 362 399 463 84 343 236 104 332 262 382 366 137 241 264 602 390 53 208 151 541 122 100 216 349 108 192 254 31 183 595 458 636 364 446 135 563 290 344 188 283 338 18 34 37 384 191 64 543 261 449 469 460 588 269 184 293 568 448 455 101 598 307 386 95 355 468 582 227 407 360 431 229 531 579 370 55 286 434 131 167 94 148 353 297 553 45 384 507 232 166 136 222 91 70 541 203 557 63 290 223 386 165 462 255 278 192 331 303 137 558 93 153 579 465 254 522 428 274 285 482 205 313 278 160 189 253 405 285 418 45 224 170 455 226 458 323 266 227 239 388 137 414 135 286 121 576 85 134 188 479 136 137 79 339 373 180 273 112 312 310 109 142 303 192 100 194 303 434 180 417 415 222 262 274 290 302 579 302 457 287 107 357 507 271 411 235 346 180 162 437 107 97 470 355 379 244 249 85 356 120 185 188 155 421 50 52 252 103 380 313 444 104 272 250 354 135 121 345 185 546 214 33 572 135 227 78 459 122 407 258 216 69 135 192 512 197 601 259 191 400 501 172 261 563 151 168 177 226 370 554 378 251 581 173 124 208 143 248 444 315 208 595 207 334 41 242 483 359 191 104 127 209 575 413 62 221 494 294 180 392 162 331 52 154 295 318 536 132 29 100 365 273 279 476 395 500 120 121 206 167 513 336 32 287 96 607 400 221 593 547 604 141 50 612 372 288 430 321 389 82 180 36 326 346 306 389 370 321 587 177 119 378 164 468 233 199 572 182 48 168 158 242 236 403 286 65 203 228 457 161 173 401 117 288 343 564 180
133 262 630 57 636 391 128 803 595 625 413 488 144 142 687 240 115 164 530 150 514 760 303 150 684 360 304 339 157 56 643 44 818 595 448 13 204 71 380 354 708 729 522 506 413 289 515 560 801 119 74 116 708 189 294 483 368 684 78 524 594 495 767 310 448 0 442 451 385 509 775 299 225 702 184 283 480 157 213 168 594 139 772 127 440 347 663 629 184 51 564 65 122 237 249 470 712 549 224 451 454 149 133 79 178 456 638 663 610 474 168 614 667 132 670 797 542 223 218 524 352 147 46 198 213 100 647 180 93 348 114 567 348 722 316 636 135 88 602 419 588 108 128 790 812 88 427 757 647 346 120 238 798 780 312 673 581 199 132 465 410 361 199 563 489 540 782 498 260 215 458 594 171 101 190 145 100 365 133 194 784 582 730 755 467 471 415 105 317 401 100 188 113 30 86 140 441 272 197 132 176 33 415 194 148 830 520 803 20 134 604 771 152 79 416 169 135 736 400 691 28 369 562 516 497 787 157 105 493 796 90 681 545 552 623 539 510 161 634 159 495 222 657 65 315 29 699 675 294 131 175 514 110 540 432 248 18 688 74 27 713 653 94 260 139 675 429 299 581 55 708 45 493 226 598 18 673 36 139 616 246 219 139 582 49 336 204 338 169 367 556 261 60 326 577 384 115 78 294 696 441 188 746 500 357 690 273 546 270 151 15 269 817 34 628 673 225 712 738 131 737 110 711 394 100 100 538 164 427 188 269 287 39 342 481 24 792 121 219 245 369 781 375 577 275 593 73 402 487 228 512 796 135 107 366 686 580 686 553 343 753 556 114 657 447 127 539 565 371 14 512 44 201 239 474 494 399 68 259 162 319 336 804 147 333 693 126 320 538 285 673 115 168 775 695 142 621 476 242 589 208 820 134 274 189 603 146 454 216 114 101 610 345 344 490 179 80 504 463 47 740 612 64 568 164 404 295 739 140 221 572 420 348 742 186 346 118 56 102 389 454 345 302 82 756 428 196 480 217 48 236 156 99 156 589 461 176 785 707 73 711 67 385 270 468 139 727 753 783 80 142 167 301 553 210 570 28 218 591 175 601 427 616 601 675 660 784 713 489 471 673 83 605 564 798 553 588 768 116 269
556 184 275 458 228 97 390 375 161 220 191 50 482 435 262 290 329 547 173 292 190 330 177 301 302 83 159 278 592 398 213 448 401 174 7 439 248 446 62 179 302 324 82 96 275 290 150 247 360 332 374 372 271 311 172 157 91 270 371 82 211 105 331 202 8 442 0 123 78 92 354 143 225 317 366 257 75 289 337 321 191 304 354 555 20 95 285 207 282 493 223 401 362 205 195 57 301 134 225 67 98 317 565 494 264 251 285 232 200 159 281 173 258 329 289 451 203 245 224 159 106 556 476 243 235 396 210 605 534 94 441 136 159 291 169 295 339 434 179 229 182 474 565 370 407 455 86 351 244 98 325 258 390 374 130 249 271 594 382 51 209 150 534 130 107 222 357 115 186 249 37 191 588 452 630 356 438 134 556 282 352 195 290 346 26 42 33 376 188 62 536 254 442 462 454 582 271 176 288 561 440 448 103 590 301 393 102 363 461 575 235 415 352 425 230 523 572 378 47 294 427 123 174 101 153 361 290 546 52 392 499 239 173 143 230 98 77 533 211 549 71 285 231 380 161 455 263 286 184 325 296 143 552 100 156 571 459 262 515 422 282 292 475 200 306 286 162 185 260 399 293 411 51 218 178 448 234 451 315 273 219 233 380 143 408 132 281 113 570 77 142 181 471 128 145 76 333 366 176 281 115 307 318 116 140 311 185 108 186 296 427 174 425 408 230 270 266 298 310 572 309 449 295 107 351 499 276 403 237 338 173 156 430 100 103 463 363 372 239 241 80 364 119 193 183 163 415 46 55 244 110 388 307 437 96 280 256 361 143 117 353 192 539 220 38 566 142 233 71 452 128 400 251 210 76 141 192 506 189 594 257 189 408 493 170 269 556 143 175 172 233 362 546 386 258 573 179 130 201 149 241 452 308 204 587 215 329 47 236 476 352 199 97 123 205 568 407 70 224 487 302 188 385 169 323 49 147 303 312 528 139 22 94 373 267 271 471 388 493 120 124 205 159 506 344 25 280 102 602 394 213 586 541 597 148 56 605 380 296 424 329 382 79 174 43 319 354 314 397 363 313 580 173 127 374 172 462 226 206 564 190 41 175 164 250 244 411 294 73 207 235 449 169 180 409 125 294 351 557 173
579 231 188 481 186 68 367 357 171 175 83 152 453 482 244 244 351 584 80 308 78 318 148 335 235 155 234 193 587 420 207 469 367 154 126 445 292 474 141 109 257 278 135 80 166 223 270 136 378 361 378 411 279 368 157 40 102 236 374 148 143 59 332 151 119 451 123 0 180 89 327 182 227 252 425 200 69 318 293 299 146 326 322 575 103 156 214 187 270 501 123 398 347 239 234 78 262 113 229 190 26 357 583 517 289 131 197 226 162 38 284 213 217 365 221 365 100 230 252 73 112 585 477 268 276 381 222 628 543 140 419 144 106 282 136 201 379 420 164 117 141 509 563 341 361 487 43 306 196 136 347 225 347 329 169 229 161 629 427 172 101 92 582 144 50 111 336 56 199 237 92 145 614 433 627 403 475 87 579 334 343 131 305 304 123 98 106 412 140 85 551 278 481 476 440 589 154 230 264 581 495 466 41 624 304 394 96 378 469 578 156 334 401 413 119 566 587 297 147 240 431 226 111 91 48 342 321 551 130 345 524 274 94 110 171 155 112 572 192 583 93 250 215 397 136 458 267 224 261 322 343 63 560 145 41 625 469 245 520 427 274 209 506 191 332 224 49 153 154 400 259 431 135 232 158 462 253 470 349 178 279 233 427 211 409 118 257 189 549 154 118 212 494 203 154 94 337 386 158 247 12 280 303 57 95 241 247 147 247 300 439 199 367 421 177 222 329 263 294 581 294 487 262 60 352 528 155 457 123 397 206 183 450 155 44 475 348 412 233 308 114 331 78 125 178 164 406 106 163 303 77 345 320 475 191 235 151 262 112 117 302 106 560 283 86 565 93 129 136 458 65 415 293 216 63 43 91 507 240 587 183 126 353 535 121 249 550 222 88 169 280 399 584 326 264 592 219 25 220 214 282 378 320 178 621 152 315 79 236 512 380 162 157 112 328 604 397 112 103 493 310 173 405 120 372 98 192 306 311 583 150 125 142 298 266 372 449 404 523 62 3 130 232 526 306 143 333 43 572 403 260 606 545 606 188 74 625 334 257 414 262 403 88 195 93 354 281 323 335 382 348 607 150 126 326 121 465 239 140 600 155 161 228 234 231 213 339 265 83 84 246 480 183 113 349 129 181 319 563 210
492 123 350 394 305 127 352 450 236 297 227 110 444 364 338 273 270 478 244 238 255 404 168 238 379 42 86 288 539 337 288 386 477 252 82 384 184 381 42 194 380 402 156 172 304 286 146 313 427 270 322 305 342 239 155 218 99 347 320 152 287 178 403 201 86 385 78 180 0 169 429 97 186 394 292 251 149 228 315 286 268 246 430 491 91 56 362 284 245 435 293 352 321 150 137 132 379 212 184 66 160 250 502 430 207 293 359 307 277 218 235 240 336 263 366 526 272 214 170 230 105 490 423 188 172 353 282 540 475 69 401 213 170 365 164 368 271 390 256 264 259 406 511 446 484 388 137 428 322 78 265 236 467 451 89 325 338 525 312 81 243 166 461 206 178 288 432 187 148 216 112 268 521 409 575 286 370 151 491 212 425 272 359 423 101 119 75 310 188 96 475 199 372 402 409 523 307 112 257 497 367 387 146 521 254 464 180 430 405 519 310 491 281 379 264 452 510 454 34 372 373 47 250 179 219 435 228 490 125 469 434 304 247 221 307 168 155 463 287 480 149 262 307 321 154 402 335 363 109 279 227 215 493 173 202 496 401 338 459 368 356 367 408 172 246 363 206 175 328 347 370 350 123 172 255 389 303 390 251 346 148 194 310 201 356 129 251 48 526 37 220 131 408 59 221 95 283 307 159 358 169 276 392 188 154 388 115 181 118 249 370 129 502 351 307 347 192 375 385 513 384 380 372 139 301 434 334 330 273 264 123 115 368 62 173 405 437 303 202 167 81 440 140 269 157 239 368 74 106 173 186 465 253 368 20 357 325 433 220 113 431 265 475 273 107 511 219 302 53 396 202 342 186 171 148 208 224 451 126 543 262 198 485 422 174 345 505 70 247 148 293 296 476 464 330 510 246 193 155 209 178 529 256 186 518 292 289 118 196 407 290 277 57 124 168 498 361 147 272 431 372 265 324 246 253 82 95 374 265 453 215 61 67 449 225 196 430 330 426 149 182 217 87 443 421 54 209 172 562 338 149 522 484 538 217 128 540 458 373 377 406 322 101 132 120 254 430 383 474 305 249 513 161 205 351 249 407 180 282 495 268 46 237 218 327 321 488 371 149 259 307 383 243 256 487 202 359 428 500 121
630 262 186 531 138 121 439 295 89 129 171 89 528 518 180 323 400 627 94 360 121 252 216 377 210 165 247 281 653 470 135 520 316 88 89 504 327 522 145 191 212 235 51 10 254 308 208 170 299 407 437 451 202 396 219 100 141 182 434 66 119 33 259 228 84 509 92 89 169 0 270 216 284 225 452 281 29 363 372 369 99 375 269 628 80 174 193 122 335 560 141 461 415 279 270 41 213 44 285 146 68 396 636 568 335 213 196 154 109 108 342 125 169 406 197 359 124 295 296 79 157 633 539 314 312 450 142 679 601 165 491 60 180 213 204 207 418 488 94 205 90 552 627 286 318 532 86 262 153 166 396 298 301 285 202 165 192 673 463 121 190 167 617 58 41 148 275 41 249 301 58 99 663 504 692 438 517 156 630 365 276 104 226 258 73 50 102 454 215 108 606 325 521 531 509 648 239 257 334 633 526 519 104 669 362 323 12 300 527 640 144 323 435 481 207 605 642 286 136 203 491 215 84 9 87 280 365 611 62 303 574 188 87 52 138 68 29 614 126 628 21 324 149 450 201 519 192 194 273 384 377 65 619 57 130 657 526 180 580 486 204 202 551 252 379 194 137 222 179 461 206 482 67 282 91 517 171 522 392 186 303 291 462 124 470 175 327 199 622 161 52 252 544 215 71 125 395 437 221 193 91 352 238 41 164 219 269 58 270 358 495 242 334 476 138 179 352 210 230 640 229 529 208 122 413 575 211 488 210 423 245 224 501 177 45 531 284 451 294 328 141 278 142 102 236 85 472 112 101 328 23 300 374 516 187 190 175 273 51 166 263 106 612 194 66 628 52 152 148 517 47 469 329 270 35 75 179 569 269 653 269 207 317 574 195 186 616 231 92 225 192 440 626 295 188 645 131 76 268 126 319 360 374 246 665 123 382 57 294 555 426 109 175 166 279 647 464 33 182 553 234 104 456 77 405 108 223 232 372 614 66 109 166 281 325 363 521 458 569 132 88 215 246 579 256 117 363 46 648 460 293 658 606 665 99 48 678 291 207 481 237 453 124 240 50 395 262 247 305 433 390 656 215 44 406 80 526 291 115 643 100 131 139 145 167 156 319 209 21 160 167 526 100 90 318 45 217 265 623 247
899 532 193 800 140 384 694 35 193 152 388 323 778 787 92 569 669 897 255 628 282 45 474 647 131 433 513 500 914 739 141 789 50 182 349 769 597 791 412 434 78 67 274 271 442 540 395 266 130 676 702 721 110 664 481 303 409 91 699 279 190 280 76 477 346 775 354 327 429 270 0 486 550 118 719 523 298 632 616 626 181 644 14 896 347 443 147 148 596 826 241 724 674 548 540 310 68 227 551 384 321 666 905 837 605 385 191 124 166 313 608 205 110 676 139 214 256 556 566 256 424 902 803 584 582 708 154 948 868 435 745 217 432 70 462 208 688 746 176 404 187 822 890 18 74 802 348 52 132 436 665 552 57 55 472 105 261 943 733 359 400 418 886 224 286 271 16 277 517 563 326 182 933 760 954 708 787 412 899 634 52 198 117 46 329 315 371 724 467 377 874 594 791 799 767 914 414 527 591 902 794 787 361 939 628 99 258 125 793 904 192 181 704 740 407 875 910 168 400 104 756 471 216 261 286 24 635 876 305 68 843 170 236 224 160 264 276 883 144 898 287 576 123 718 461 783 108 125 537 647 647 264 885 257 355 924 793 91 845 752 79 175 821 516 648 125 360 480 250 726 68 751 307 550 179 784 146 791 662 213 572 556 732 255 734 439 584 466 875 429 220 522 813 481 209 394 661 706 482 80 336 607 45 275 421 134 537 249 538 624 762 511 113 743 152 109 619 65 49 906 49 799 65 381 677 845 320 756 402 691 514 493 770 446 294 798 39 721 557 595 411 20 401 204 501 191 733 382 331 597 263 56 641 786 449 96 248 226 223 432 71 231 881 235 336 891 236 247 418 783 264 737 599 537 303 286 401 833 539 914 499 452 95 844 448 85 876 496 245 490 198 710 896 103 113 914 202 302 536 248 589 175 642 505 935 180 641 326 560 825 696 166 445 431 478 917 724 284 359 818 98 166 725 208 675 377 493 86 636 881 214 374 436 146 590 609 775 726 839 387 324 451 512 847 36 376 632 295 895 727 562 927 870 931 220 318 947 62 72 741 121 722 392 509 317 665 136 99 112 702 660 925 475 228 647 206 791 559 191 913 174 385 222 253 103 115 147 62 290 340 134 796 188 215 113 230 277 17 888 517
415 49 369 316 351 115 255 511 299 340 191 190 348 304 395 181 186 411 261 149 258 467 90 161 413 63 68 215 450 256 349 306 531 303 150 296 112 306 82 138 425 447 223 215 251 202 242 315 503 191 231 236 411 186 72 221 81 397 229 225 318 210 471 125 150 299 143 182 97 216 486 0 89 429 243 166 188 148 220 189 310 161 484 414 143 49 393 338 148 350 305 259 225 63 55 175 427 259 87 162 174 180 423 353 121 258 379 368 323 216 141 316 382 190 398 547 282 117 82 251 70 417 334 101 97 258 350 464 391 51 305 272 115 428 92 383 202 295 310 221 302 337 423 502 531 316 146 475 364 50 182 142 515 498 14 381 340 457 249 171 202 120 404 267 205 291 491 215 51 119 162 310 448 314 487 224 301 111 415 153 490 304 432 471 168 174 117 238 116 109 394 111 306 319 315 439 263 49 160 419 314 306 141 453 160 534 228 505 318 432 335 515 221 285 221 390 429 478 103 412 284 108 282 225 230 496 149 403 195 516 359 382 271 264 344 241 213 398 342 412 199 168 364 237 83 313 403 399 91 184 163 238 409 242 184 445 316 396 372 279 419 391 336 78 164 399 185 96 334 256 421 269 194 77 307 305 375 309 176 361 98 97 248 284 266 74 155 54 431 70 266 38 330 53 282 93 191 224 77 409 170 179 454 217 108 420 68 248 67 155 285 33 543 265 347 391 147 426 445 429 445 313 424 123 209 360 319 276 232 215 30 19 287 43 198 320 499 236 105 127 75 494 110 300 65 298 274 105 191 121 224 513 164 300 84 403 332 444 264 68 474 286 397 360 151 423 255 311 72 309 230 257 114 74 184 222 183 363 58 452 186 134 527 359 111 402 414 66 267 59 375 225 410 502 398 432 322 204 59 291 103 559 165 98 450 325 193 160 99 339 211 323 46 76 253 431 267 207 245 344 443 320 242 284 192 108 11 443 171 403 276 121 50 478 128 215 334 245 353 125 185 154 64 364 471 130 151 197 466 251 79 444 398 454 290 168 463 504 422 283 440 240 97 35 171 180 461 455 512 221 174 440 83 259 256 286 319 85 314 427 314 133 317 304 383 372 519 424 195 240 376 310 308 286 526 258 356 481 414 31
351 84 411 254 411 166 167 577 372 399 202 275 259 265 462 106 125 359 307 81 295 535 83 117 462 150 134 175 369 193 418 242 592 369 232 220 96 248 167 140 483 505 301 281 232 143 331 345 580 138 153 192 485 172 70 261 143 459 150 305 370 270 543 102 231 225 225 227 186 284 550 89 0 479 224 112 255 99 137 100 369 101 546 348 220 135 441 404 59 276 344 177 137 57 69 246 487 324 4 251 229 143 356 290 69 259 419 438 384 253 58 395 442 146 448 583 322 35 51 301 128 358 255 54 82 171 424 400 318 131 217 343 128 497 94 419 162 209 377 219 363 284 343 565 588 262 202 533 422 127 122 69 573 556 98 447 368 403 211 258 205 140 364 339 263 323 557 273 39 33 236 369 387 227 408 191 251 141 351 139 559 358 508 530 249 249 195 190 103 178 324 60 259 250 229 365 254 96 74 353 284 239 190 398 78 606 296 581 244 356 382 555 191 200 217 344 360 519 190 467 207 191 337 292 274 562 103 327 275 572 297 462 322 326 398 320 287 348 408 358 271 88 432 170 92 235 475 451 145 100 139 290 335 319 212 410 243 463 296 203 488 433 280 37 109 451 211 81 366 177 483 203 275 21 373 235 451 242 130 398 118 8 213 368 186 111 69 141 345 157 331 59 266 136 354 160 111 159 70 470 216 92 521 275 134 468 113 325 109 74 212 57 594 194 404 448 152 487 513 356 512 264 486 169 129 301 334 247 229 199 65 72 222 129 256 248 567 194 18 145 147 555 150 352 49 369 190 182 276 128 287 571 93 252 172 461 364 474 327 118 529 333 333 445 224 344 314 347 155 234 287 188 95 15 249 270 190 285 90 371 145 126 580 314 114 468 333 141 315 59 457 179 360 553 471 365 402 252 34 374 86 602 93 60 395 379 104 231 11 288 155 384 133 119 335 378 182 282 257 269 517 387 178 343 165 183 91 516 88 369 348 204 132 522 42 261 246 177 296 165 230 141 130 299 531 216 139 255 378 177 86 379 322 381 369 237 398 561 482 199 489 176 161 54 245 135 506 530 561 154 130 380 79 328 171 345 242 22 367 374 376 220 399 388 449 434 564 488 265 259 450 255 381 340 576 328 379 543 339 70
831 478 82 733 94 318 609 152 182 100 296 302 689 733 112 481 603 836 172 560 190 144 399 587 18 387 470 402 832 672 144 721 135 150 314 695 541 727 367 350 51 51 251 222 338 447 402 159 236 613 628 663 171 615 409 219 349 80 625 261 111 221 175 395 309 702 317 252 394 225 118 429 479 0 671 434 247 570 526 544 126 578 105 827 304 393 40 129 519 751 142 646 593 489 483 263 64 183 481 365 255 608 834 769 541 281 77 139 120 228 535 221 73 616 32 145 162 479 504 180 361 837 725 520 525 626 174 880 793 382 659 193 354 134 387 92 630 663 150 305 136 761 810 121 115 739 284 71 77 380 600 469 105 88 415 111 149 881 677 338 305 341 833 202 225 170 133 215 451 487 282 126 866 675 873 653 727 338 831 582 163 125 194 74 296 275 325 664 386 321 802 530 733 728 684 838 308 475 510 832 744 718 292 877 555 215 215 233 719 826 98 106 650 659 308 818 837 74 361 31 680 440 147 216 205 142 573 799 277 99 777 222 159 174 88 249 243 824 128 836 246 491 123 649 388 707 160 31 496 572 592 192 810 238 271 875 720 114 769 677 136 60 758 443 584 32 275 403 140 650 78 683 282 484 147 713 188 722 601 101 523 485 677 267 658 371 503 422 787 384 175 462 746 437 189 336 588 638 410 77 264 524 131 213 346 16 489 231 490 552 690 450 115 672 88 57 573 75 124 830 124 739 80 312 603 780 209 705 301 643 455 433 702 395 232 726 155 664 484 549 355 108 330 130 430 173 653 332 313 548 210 103 573 727 411 56 139 113 174 368 58 146 812 280 289 812 177 145 369 709 199 667 543 468 250 210 310 756 486 831 406 368 102 787 369 108 794 454 164 421 248 651 836 73 162 843 222 228 472 262 532 135 572 428 873 104 562 279 488 764 632 121 395 364 483 856 644 250 259 742 181 145 657 148 621 326 438 169 562 832 193 334 383 60 517 587 688 656 775 315 249 364 468 778 83 342 580 233 803 655 508 857 794 856 222 269 877 89 65 660 13 655 332 446 275 605 40 189 82 634 600 860 401 195 554 146 715 492 115 852 129 355 245 275 112 95 94 89 245 242 171 733 184 143 97 199 162 102 811 459
229 194 612 153 589 357 261 741 527 579 420 402 318 79 628 306 130 196 504 160 500 695 301 111 655 287 206 394 325 132 579 153 766 538 371 193 135 132 307 360 664 686 447 452 456 354 388 556 716 108 180 70 633 57 283 463 324 634 182 444 560 450 694 326 374 184 366 425 292 452 719 243 224 671 0 330 426 129 308 249 549 139 719 233 373 279 635 572 229 216 548 207 233 189 191 411 665 495 220 348 417 85 246 178 156 481 622 597 561 458 196 531 620 90 640 790 525 247 180 494 313 218 229 170 151 239 574 271 241 289 278 502 342 656 310 625 74 252 543 442 541 135 296 736 770 128 388 713 604 291 128 280 753 737 257 614 580 241 52 370 426 352 170 495 447 532 723 457 235 241 394 549 249 272 347 46 106 347 228 91 716 546 649 709 391 404 349 81 325 350 231 164 100 179 260 285 477 196 255 238 75 162 384 239 190 755 463 719 200 291 578 758 41 240 440 165 259 721 319 653 195 257 524 461 473 726 124 264 416 754 177 593 514 502 585 460 443 179 576 200 433 284 597 139 305 213 627 641 183 199 86 480 257 465 422 205 189 628 240 188 647 634 144 257 128 641 422 301 575 192 657 140 414 208 542 174 595 162 102 603 148 223 45 489 197 310 257 253 352 291 503 214 165 238 511 335 179 133 286 645 413 261 683 458 342 662 183 472 182 187 172 228 784 161 587 630 100 662 675 274 675 109 659 365 186 170 553 40 452 28 220 243 147 276 439 188 728 64 232 125 316 729 350 541 263 529 227 340 396 123 463 751 159 100 272 641 573 685 502 308 714 529 218 555 385 293 495 553 303 198 472 152 134 227 423 465 409 243 185 333 366 347 768 138 332 634 302 223 510 268 579 77 192 743 622 253 537 447 213 497 145 802 164 283 237 567 228 395 221 134 108 561 277 315 342 216 228 436 476 221 663 553 131 525 59 346 233 666 194 162 505 345 288 721 210 177 293 146 160 366 428 364 207 194 708 345 92 439 401 166 165 260 261 293 508 404 275 743 659 233 682 130 340 233 403 97 703 675 753 136 101 240 295 492 326 527 211 203 556 213 551 337 526 504 616 608 762 659 431 475 598 126 534 528 767 490 594 716 271 215
416 186 357 326 383 166 175 554 369 371 137 306 256 360 443 47 213 438 268 173 244 517 83 220 416 209 230 64 399 269 407 313 560 355 264 273 208 327 217 91 449 468 315 274 132 36 393 282 577 232 211 287 479 281 97 220 167 432 207 324 334 256 532 55 260 283 257 200 251 281 523 166 112 434 330 0 254 201 93 115 343 195 517 410 244 195 394 387 107 328 292 221 164 166 175 252 456 312 116 305 214 246 415 359 175 173 364 426 361 210 138 405 413 245 402 516 272 83 163 267 153 428 297 165 194 195 421 463 369 182 225 340 102 481 89 359 262 231 364 137 340 366 378 535 548 343 196 496 391 174 212 51 536 518 166 428 302 479 309 303 131 115 454 339 248 266 533 255 126 90 251 343 454 241 440 293 338 128 416 250 542 325 505 495 275 264 224 283 69 196 381 168 348 312 251 410 159 196 87 415 384 306 177 473 151 594 291 578 297 396 338 493 294 228 134 430 415 459 239 428 258 273 307 286 237 539 207 371 296 532 368 469 287 310 363 336 295 430 392 435 276 61 415 245 98 281 467 409 248 157 247 261 385 330 168 502 301 444 343 256 473 380 359 93 206 410 162 75 304 229 455 277 299 133 358 298 451 310 231 341 228 110 312 391 235 127 81 217 353 215 318 156 336 219 351 181 178 238 92 443 193 95 502 257 120 420 216 334 213 151 274 146 547 259 371 415 264 458 493 404 492 351 458 161 187 375 255 349 144 308 158 149 294 189 241 307 547 291 100 257 180 524 143 319 101 363 224 212 312 240 275 534 179 340 244 428 303 405 312 143 489 293 397 467 239 381 293 291 203 286 265 257 207 116 247 238 124 328 194 397 37 74 535 401 89 448 362 231 278 107 471 274 440 505 464 424 412 223 139 396 199 543 176 69 469 343 137 241 111 371 245 361 194 134 416 455 214 292 182 317 510 374 255 318 271 208 175 506 152 464 346 241 184 467 121 369 254 249 373 150 202 71 226 365 498 259 250 240 373 240 197 439 366 429 378 244 459 521 451 230 441 254 178 140 259 236 454 523 512 233 231 449 89 323 126 319 290 134 332 451 354 270 415 413 430 410 508 462 267 194 445 336 380 308 527 325 306 513 383 165
601 235 201 503 163 92 410 324 118 153 150 88 499 491 208 295 372 599 99 331 119 281 187 349 231 140 223 257 623 442 164 492 343 116 74 475 300 493 120 164 238 260 66 27 235 281 208 173 328 378 408 424 231 370 189 90 112 209 405 79 138 30 289 200 68 480 75 69 149 29 298 188 255 247 426 254 0 335 343 340 123 346 296 599 58 148 213 150 306 531 148 431 385 251 243 18 240 71 255 137 44 368 608 539 307 198 210 183 135 96 313 151 194 378 218 377 129 266 268 84 127 604 510 286 285 420 171 650 572 138 462 89 152 242 175 220 390 459 123 186 115 525 598 313 344 504 58 288 178 138 368 269 328 311 174 194 197 645 436 114 169 139 591 87 33 149 304 40 220 272 38 123 635 475 663 411 489 128 601 338 305 123 255 284 63 36 78 427 187 79 577 296 494 502 479 619 223 231 305 605 500 490 76 641 333 352 41 329 498 611 160 342 408 451 188 578 613 305 115 227 462 196 101 37 82 309 337 582 63 328 545 216 98 76 160 87 44 586 155 600 24 296 177 421 171 490 221 216 249 354 350 68 590 78 110 631 497 209 551 457 233 218 523 223 350 216 117 193 185 432 233 454 68 254 119 488 200 494 364 198 278 262 436 143 441 146 298 175 592 137 78 224 516 190 100 96 366 408 192 220 68 323 267 41 136 239 243 81 244 329 466 214 358 447 161 204 327 237 258 611 258 501 236 94 383 547 208 462 192 398 217 195 473 150 31 502 313 424 264 303 113 305 113 120 207 114 443 86 100 303 37 326 345 488 165 215 182 286 76 137 288 117 583 217 42 599 70 159 123 488 53 440 302 241 7 70 157 540 243 624 243 180 342 547 167 214 587 207 100 196 218 413 598 318 217 617 158 63 239 147 291 381 345 217 638 143 352 32 265 527 398 135 149 137 274 619 434 43 169 523 263 133 427 99 379 81 196 261 343 588 95 88 139 301 296 345 492 429 541 104 68 188 221 550 283 100 336 31 619 431 266 630 576 636 125 22 649 317 234 451 259 425 95 212 33 368 282 276 328 405 362 628 186 74 378 101 497 262 133 616 126 116 163 166 196 183 340 236 14 148 196 498 128 106 342 74 221 293 594 219
268 106 505 169 496 253 163 658 447 485 300 334 243 167 543 178 42 266 399 34 389 614 180 19 553 207 148 265 313 110 496 159 677 450 295 156 49 159 227 238 570 592 370 361 328 225 360 442 649 44 102 94 559 85 165 354 224 543 101 371 460 354 618 201 296 157 289 318 228 363 632 148 99 570 129 201 335 0 186 128 455 22 630 266 290 194 532 485 101 207 439 134 129 84 94 323 573 405 96 294 316 45 276 205 30 357 514 516 468 347 67 462 527 47 539 679 416 119 67 391 210 270 197 50 56 150 497 317 246 198 198 419 224 575 191 515 63 179 457 318 447 191 284 648 675 170 287 620 509 197 37 151 660 643 161 528 465 312 112 309 304 236 266 414 349 419 638 359 120 112 309 455 300 200 347 92 156 234 267 61 637 446 579 616 315 321 264 94 202 255 247 40 163 174 195 295 351 116 127 272 186 159 279 307 67 681 375 652 177 291 474 650 93 167 316 248 283 613 245 555 148 213 425 371 366 643 6 261 341 660 211 528 411 409 487 387 361 254 489 266 347 155 512 92 187 176 550 541 140 85 50 378 264 389 308 311 172 543 230 142 566 527 189 135 18 541 307 179 462 125 567 122 340 88 454 160 522 162 32 493 92 96 114 428 134 200 129 182 309 213 413 111 183 169 429 238 73 79 166 554 306 136 601 360 228 559 117 396 114 62 142 121 685 122 491 535 90 571 592 285 592 169 570 258 89 212 432 149 328 108 118 139 141 190 341 176 647 96 104 100 221 640 240 441 144 446 154 253 332 80 370 658 41 157 210 547 460 571 410 203 618 425 250 501 298 283 399 442 219 169 373 113 46 105 330 360 288 224 103 317 237 224 670 218 212 549 279 163 406 151 519 81 266 643 546 284 468 342 98 435 52 696 46 158 304 467 112 307 94 194 64 468 192 206 340 286 150 354 355 203 590 467 96 429 70 256 142 590 75 271 424 267 198 616 81 219 223 101 206 256 321 239 146 217 617 273 63 340 351 111 80 297 256 309 437 315 316 648 567 163 580 93 241 124 319 37 599 602 653 77 32 293 175 406 209 431 180 81 456 282 459 272 462 446 530 518 657 571 343 357 523 163 455 428 667 405 477 627 272 117
343 221 448 263 476 253 90 648 460 465 230 387 163 318 536 49 179 375 362 152 337 611 160 201 508 276 272 133 311 215 500 250 653 447 344 201 213 269 288 184 542 561 402 365 207 82 461 372 669 201 150 251 571 270 166 313 246 526 146 410 427 348 625 143 341 213 337 293 315 372 616 220 137 526 308 93 343 186 0 60 437 170 610 336 327 261 487 480 89 252 384 148 91 193 205 340 549 404 140 376 306 226 339 292 171 257 455 518 454 303 120 493 506 218 495 602 365 104 179 360 231 360 217 172 206 115 512 388 290 251 135 431 191 574 171 449 235 146 456 224 433 310 292 629 640 287 285 589 484 244 180 80 628 610 226 521 390 412 274 379 221 205 401 430 340 357 626 348 170 104 337 437 382 153 352 265 287 216 344 246 636 418 596 588 358 350 304 243 156 279 305 169 299 243 164 328 237 233 65 341 346 241 268 406 120 687 382 670 223 311 430 581 268 145 221 374 338 548 311 521 185 327 401 377 331 633 192 289 381 624 302 559 380 402 457 423 384 370 485 371 365 53 508 192 177 204 559 502 281 110 236 354 304 418 261 451 229 537 262 186 566 471 299 143 182 503 256 153 393 160 549 219 383 157 450 229 542 245 207 431 248 131 279 476 164 206 68 274 261 282 410 195 271 271 442 262 131 190 162 536 285 51 595 349 207 512 249 423 245 123 206 191 638 196 465 508 269 551 586 322 586 300 552 250 131 311 340 316 230 291 201 202 233 255 333 235 640 255 119 270 257 618 231 412 159 454 144 292 392 250 367 626 149 291 304 521 393 491 404 220 581 386 325 553 325 295 386 382 275 213 358 197 211 150 337 332 217 246 226 308 121 166 627 348 176 541 274 278 371 169 560 238 379 597 556 347 500 316 171 481 207 632 144 134 402 437 81 328 129 315 206 454 259 214 471 391 135 380 271 240 602 466 203 412 253 289 225 599 114 417 437 319 253 557 115 391 163 193 311 240 295 165 267 294 592 335 246 332 279 179 218 363 283 347 467 331 383 614 544 149 533 203 260 187 345 212 545 615 604 185 209 378 164 414 37 413 213 153 425 387 447 343 503 498 524 504 598 555 356 285 537 280 471 402 618 416 392 606 301 206
301 178 468 214 485 248 70 655 458 474 249 371 161 260 542 73 119 326 374 94 354 616 153 142 525 250 230 172 289 160 501 200 665 450 327 158 159 217 266 194 555 575 393 364 245 122 431 396 667 141 98 192 571 212 151 325 233 534 94 398 439 349 627 149 326 168 321 299 286 369 626 189 100 544 249 115 340 128 60 0 444 111 621 295 313 235 504 484 42 213 403 105 49 148 162 334 560 406 102 350 307 166 300 245 116 288 476 521 461 316 65 486 516 158 512 631 382 76 132 370 217 314 183 120 154 83 510 348 254 229 122 429 193 578 165 473 175 121 459 252 439 257 266 639 656 234 283 603 495 223 120 74 643 625 198 527 416 365 215 357 245 207 347 426 342 378 634 351 139 72 327 444 339 135 329 205 232 215 302 188 641 429 595 601 343 340 289 185 159 268 266 115 243 197 141 296 273 191 35 300 288 193 267 360 61 690 380 669 182 282 446 607 208 115 249 321 300 573 288 535 142 290 409 375 341 640 133 257 368 640 255 552 391 406 469 413 377 320 489 322 359 55 512 137 168 166 560 518 236 51 178 362 270 410 273 397 186 543 228 141 570 492 248 121 123 518 269 147 417 113 558 166 369 116 453 183 539 197 148 453 197 92 220 463 120 195 42 241 253 257 412 158 223 236 440 250 72 133 149 545 290 20 601 352 206 530 204 415 200 65 159 157 658 146 475 520 214 561 592 289 592 245 561 248 76 262 371 257 260 232 165 171 182 229 334 192 647 196 84 217 241 629 228 423 137 454 109 276 373 197 368 641 90 236 272 533 416 520 407 207 597 399 282 540 314 268 391 403 253 171 363 145 157 115 334 340 235 213 182 288 151 176 645 294 178 547 251 239 383 148 550 179 329 616 556 308 493 323 133 469 154 657 85 123 355 448 24 320 90 262 147 461 233 204 433 343 100 372 297 202 602 469 148 418 193 275 192 600 55 361 434 301 230 580 66 339 152 139 261 240 302 181 226 250 604 314 189 333 281 128 170 323 251 314 460 325 343 629 555 117 552 147 249 154 336 152 566 615 624 128 150 334 154 413 83 420 174 110 437 339 453 319 492 484 529 511 621 564 351 307 536 227 468 411 638 414 422 617 269 169
719 358 104 621 41 203 513 211 75 31 212 177 598 613 100 389 490 720 80 448 114 174 293 470 112 263 345 326 732 560 76 610 223 36 188 588 422 613 243 253 116 138 127 97 278 363 285 128 243 498 521 545 146 493 300 125 231 90 518 139 36 101 191 296 183 594 191 146 268 99 181 310 369 126 549 343 123 455 437 444 0 465 177 717 179 271 97 49 415 645 93 542 492 371 364 139 118 57 370 240 140 490 725 657 426 224 112 90 18 136 427 127 73 499 100 265 94 374 388 77 245 724 621 405 407 527 103 769 687 261 564 73 251 139 281 128 512 565 43 234 10 645 708 196 221 624 168 165 55 260 486 370 206 188 296 85 140 766 559 213 226 237 713 82 106 118 190 96 337 381 157 1 754 579 772 534 610 231 719 461 199 29 174 162 170 149 201 547 285 201 693 415 615 619 585 733 254 354 410 722 623 607 179 762 447 252 89 242 612 722 63 227 531 559 237 700 729 191 236 104 575 314 37 90 107 196 457 695 152 206 664 164 59 48 40 129 117 707 54 720 120 395 75 538 280 602 133 95 372 466 473 83 704 117 176 754 612 102 664 571 132 112 644 334 470 95 182 298 125 545 114 571 156 371 36 604 133 611 485 112 401 375 558 161 553 258 403 297 694 260 49 345 634 313 74 217 480 526 301 101 155 426 159 94 239 121 367 110 367 443 581 333 235 563 39 81 450 118 149 725 149 622 117 200 496 666 185 585 234 521 337 316 590 273 114 617 203 546 376 426 235 186 220 34 320 64 551 209 189 426 86 204 461 610 286 93 121 191 48 253 165 63 701 202 164 710 55 105 246 602 82 556 424 356 127 105 224 652 365 732 322 271 219 669 267 104 695 330 70 310 182 534 720 195 131 733 131 121 357 158 413 261 461 323 758 32 460 154 379 648 518 18 272 251 363 740 543 124 195 637 174 47 545 26 501 204 318 168 455 711 76 208 262 183 409 461 594 546 661 206 143 272 344 668 162 215 459 115 716 546 388 747 689 750 116 145 767 194 113 560 138 543 214 331 149 489 164 187 206 522 483 747 294 70 469 25 609 379 32 736 15 229 151 175 88 67 220 120 120 172 120 618 84 38 219 75 166 174 707 340
255 123 511 157 506 262 141 670 460 495 302 350 221 167 554 168 25 258 406 22 395 626 183 32 561 222 168 259 293 96 509 146 688 462 310 137 70 149 242 240 580 601 384 372 325 216 380 446 664 38 80 93 572 101 170 361 234 554 79 386 468 364 632 201 311 139 304 326 246 375 644 161 101 578 139 195 346 22 170 111 465 0 641 253 304 209 540 496 90 189 445 112 108 99 110 335 583 417 98 312 325 55 262 193 40 356 520 528 479 353 57 477 537 50 546 684 422 114 80 399 220 259 177 61 76 128 511 304 230 212 176 432 228 588 195 520 68 157 469 317 458 184 265 659 685 161 297 629 518 210 22 144 670 652 175 540 469 303 114 326 304 241 264 427 359 424 650 368 128 107 322 465 289 178 329 98 151 240 255 82 650 455 593 626 329 334 278 90 203 267 232 50 158 158 173 278 349 134 116 258 189 144 287 299 51 695 387 666 159 273 481 655 100 145 315 243 268 619 261 564 128 233 434 383 373 655 26 244 356 669 200 543 420 420 496 402 374 248 501 258 359 145 523 76 192 156 563 549 161 65 68 387 248 403 313 310 155 555 212 122 579 533 180 137 12 549 311 182 467 104 578 108 355 94 465 144 537 148 37 499 114 97 117 444 113 208 118 199 288 228 424 123 170 187 442 250 52 63 171 565 314 121 613 370 233 567 137 410 133 48 124 133 693 105 500 545 111 582 604 269 604 164 581 266 67 202 434 154 327 121 131 151 127 204 351 159 659 96 102 122 234 650 248 450 149 459 132 266 349 103 380 668 21 152 228 557 465 575 421 212 627 432 237 518 311 265 409 447 233 150 383 96 67 110 341 368 290 205 121 297 232 225 679 213 215 560 260 182 414 157 535 80 259 651 559 271 483 350 107 451 72 702 26 159 295 476 93 319 94 187 55 479 207 215 362 278 128 368 356 185 604 479 81 439 83 269 157 604 57 271 437 282 211 622 74 240 200 84 197 263 329 239 165 204 627 289 83 350 329 92 99 284 238 293 451 327 303 658 577 141 588 79 252 135 332 42 606 616 660 60 39 282 179 418 192 440 161 86 465 274 470 289 478 463 542 529 664 582 355 360 537 155 469 437 675 418 480 638 254 131
896 531 182 798 136 380 688 47 195 147 381 325 772 786 93 563 667 895 248 625 275 57 470 645 119 433 513 492 909 737 143 787 47 181 349 766 596 789 412 428 69 55 275 269 433 534 401 256 144 674 699 720 119 664 478 297 407 87 695 281 183 277 89 472 346 772 354 322 430 269 14 484 546 105 719 517 296 630 610 621 177 641 0 894 346 442 137 147 592 822 232 720 669 546 539 309 61 225 547 387 317 664 902 834 602 376 180 126 162 307 604 210 105 674 128 200 248 552 563 251 421 900 799 581 581 703 158 945 864 434 740 217 428 77 458 197 686 741 176 396 184 821 885 19 64 800 345 38 126 434 663 546 46 41 470 105 250 941 732 361 392 414 886 225 283 262 31 273 514 558 325 178 930 755 949 707 785 408 896 633 66 192 128 32 329 315 370 722 462 375 870 592 790 796 762 910 405 526 586 899 793 784 357 937 624 112 257 139 790 900 183 167 703 735 399 873 906 154 400 94 752 472 211 260 280 38 633 872 306 56 841 179 230 221 153 266 276 882 143 896 286 570 123 715 457 779 115 115 538 643 645 259 881 258 349 924 790 93 841 748 86 164 819 512 646 114 354 475 239 722 63 748 309 548 177 781 153 788 660 203 571 553 731 261 730 436 579 466 869 428 218 520 811 481 210 392 657 703 479 76 332 602 54 272 416 121 537 250 538 621 759 509 101 740 146 102 619 59 56 902 56 797 61 377 674 843 310 756 393 691 512 491 767 445 291 795 53 720 553 595 409 11 397 198 497 191 728 381 333 596 261 45 638 784 449 89 238 213 220 429 57 224 878 243 335 887 232 238 417 779 260 734 598 534 301 280 394 829 538 909 492 446 83 843 443 86 872 497 239 487 207 709 894 89 120 911 208 297 534 254 587 162 639 500 934 173 637 325 556 823 694 162 444 428 484 915 720 284 351 814 110 166 722 203 674 376 492 97 633 881 215 374 435 132 586 612 769 723 837 383 319 445 512 844 23 376 631 292 889 723 561 924 866 927 224 317 944 49 66 736 107 720 389 507 316 664 122 112 98 699 658 923 471 227 641 202 787 556 185 912 171 386 228 260 104 113 133 60 289 332 140 794 190 209 100 229 266 4 884 515
10 372 756 97 758 513 248 923 712 747 539 599 226 157 807 367 228 77 655 269 640 879 428 254 809 472 407 465 122 157 762 107 940 715 561 137 308 111 493 480 831 853 636 625 539 415 610 687 915 223 201 190 825 266 418 608 487 806 204 637 718 617 884 436 562 127 555 575 491 628 896 414 348 827 233 410 599 266 336 295 717 253 894 0 556 460 788 749 310 85 690 190 248 350 361 588 835 670 347 555 576 242 14 61 293 583 765 781 731 599 292 728 789 228 795 924 667 349 332 648 472 38 123 314 320 222 763 53 55 464 218 685 473 841 440 763 221 197 722 546 710 98 102 911 936 107 549 881 770 463 232 365 921 904 427 793 708 87 190 573 537 486 137 680 611 667 903 620 380 341 575 716 46 200 126 214 129 489 13 284 903 706 845 878 581 587 530 183 443 520 34 303 133 99 184 65 568 380 324 6 181 109 538 81 272 947 639 918 114 83 729 898 220 193 543 108 29 863 511 815 153 468 685 636 622 908 265 74 607 920 58 793 669 673 746 653 627 88 754 67 612 349 776 179 440 133 816 799 391 257 266 638 53 655 557 173 109 808 83 154 832 779 89 384 250 799 555 425 708 182 830 146 606 346 718 114 789 106 240 742 345 342 195 692 175 458 331 446 188 478 677 376 84 432 695 503 240 191 418 817 564 315 866 622 481 815 376 662 374 275 138 386 942 155 751 796 311 834 857 56 857 124 833 517 226 63 665 196 554 251 384 404 127 456 603 103 912 192 343 334 486 903 498 700 397 711 192 519 597 323 633 919 255 134 472 809 707 813 673 464 877 681 16 764 564 97 661 691 485 124 634 160 306 360 594 618 526 100 367 134 446 463 928 113 458 813 123 423 663 407 784 197 85 900 812 20 734 600 360 699 315 946 255 400 76 727 273 572 339 100 203 731 458 466 572 78 201 620 590 98 856 732 172 691 244 521 408 856 266 168 689 533 464 868 310 410 205 171 73 513 578 472 405 49 879 539 286 602 236 173 343 31 76 64 703 580 50 909 829 188 836 174 505 388 584 238 853 868 909 194 243 46 426 671 328 692 124 338 715 75 722 536 727 710 795 781 910 834 608 598 789 111 721 688 923 671 715 890 70 383
558 186 259 459 217 81 383 370 157 208 171 62 475 441 255 279 329 551 155 290 170 325 166 303 289 87 167 262 589 399 207 449 393 165 24 437 252 448 66 163 292 314 81 82 256 276 170 227 361 333 371 376 269 318 163 137 81 261 368 85 196 88 328 189 18 440 20 103 91 80 347 143 220 304 373 244 58 290 327 313 179 304 346 556 0 97 271 199 276 492 205 397 356 206 196 41 292 123 220 87 78 320 565 495 264 230 269 227 189 139 277 175 248 331 275 436 184 238 224 141 97 559 474 243 237 390 207 607 533 92 435 130 144 286 157 278 342 429 171 209 170 477 563 363 397 458 66 341 233 95 325 248 380 364 129 242 252 598 387 70 190 134 540 125 89 202 351 97 182 242 22 179 590 446 627 361 442 118 557 287 348 181 289 337 31 32 26 379 175 48 536 254 446 461 449 581 251 180 280 562 447 448 83 594 298 391 91 363 460 573 219 400 357 420 211 528 572 363 57 282 425 138 159 89 134 355 291 545 55 382 501 241 157 131 217 100 71 538 203 553 60 276 224 379 150 453 260 273 193 320 300 125 551 99 136 578 458 256 513 420 277 277 477 193 306 273 142 174 241 396 284 411 56 215 169 447 233 451 317 256 225 228 385 150 405 121 273 120 565 82 131 180 473 135 140 64 330 366 166 272 95 299 312 98 125 297 191 106 192 293 426 172 414 407 218 259 273 289 304 571 304 453 287 89 348 502 256 410 217 345 172 154 430 101 84 462 358 376 233 249 73 356 103 178 176 157 410 38 70 250 95 379 305 440 107 269 238 343 130 107 343 175 540 227 18 563 128 214 72 450 111 399 254 205 58 122 173 503 193 591 242 174 397 498 156 262 553 152 157 165 237 365 550 374 256 574 181 110 199 156 244 438 306 194 591 201 323 28 231 479 354 189 99 112 225 572 403 64 204 486 300 180 385 156 328 38 148 300 308 535 134 30 92 359 262 286 465 388 495 102 104 189 167 507 335 42 285 84 595 392 216 587 539 596 149 37 606 371 286 419 316 382 66 171 30 321 340 312 385 363 316 582 163 119 363 158 460 223 192 568 179 60 179 171 243 235 398 286 59 186 233 452 165 165 398 117 274 343 556 173
461 90 339 363 310 92 302 467 254 301 185 142 395 344 352 218 234 454 230 197 233 422 112 207 377 15 78 235 498 303 304 353 489 261 102 344 155 352 33 144 386 408 176 174 257 231 200 292 455 237 280 279 365 222 99 196 57 356 277 178 283 172 425 146 102 347 95 156 56 174 443 49 135 393 279 195 148 194 261 235 271 209 442 460 97 0 358 295 194 398 277 308 272 110 100 133 387 217 134 116 142 223 470 399 169 253 348 324 282 193 189 268 342 235 363 517 254 161 129 219 57 462 382 148 141 306 304 510 439 18 352 227 119 383 109 354 245 343 267 220 262 380 471 459 491 361 115 435 325 26 229 181 475 458 37 338 317 501 290 123 200 119 444 221 169 266 447 179 96 163 117 271 493 362 535 265 345 105 461 191 445 268 385 431 121 128 72 283 134 73 441 159 349 367 363 487 264 84 204 466 352 353 116 497 208 488 185 458 367 481 302 484 261 333 220 432 477 446 54 374 333 85 246 183 201 452 195 452 147 476 405 334 238 223 306 193 168 441 299 456 156 208 321 284 99 361 357 363 106 233 204 204 457 195 167 483 364 353 420 327 374 359 381 118 211 362 171 120 309 305 380 316 147 125 265 353 328 356 221 332 130 143 289 236 314 77 198 34 480 22 225 86 376 47 237 62 239 271 104 367 144 223 409 181 105 385 96 202 97 203 333 81 505 313 309 352 179 384 401 477 401 356 382 103 258 405 304 314 230 250 78 64 334 6 162 368 455 279 151 156 42 452 97 264 102 254 323 62 142 155 185 473 212 344 50 363 306 417 223 62 435 254 444 311 107 471 217 284 25 357 194 305 157 120 144 192 180 411 96 501 208 146 489 401 122 358 463 66 235 92 327 268 453 465 352 478 274 175 108 243 147 525 214 130 494 289 240 117 146 382 257 282 2 73 222 475 315 161 235 393 396 277 289 246 232 67 52 397 219 440 231 73 15 445 176 219 382 293 398 110 158 166 76 411 430 82 189 161 513 299 120 491 446 502 243 126 510 464 381 332 404 287 67 82 126 224 427 408 475 268 219 486 106 215 297 248 367 133 278 471 273 85 269 256 340 330 485 382 153 225 329 355 262 251 489 214 335 439 463 78
792 442 46 695 76 280 569 182 163 76 257 274 649 695 116 441 565 798 134 521 150 165 360 549 21 352 435 363 792 633 135 683 172 127 283 656 504 688 333 311 71 82 224 190 300 407 380 121 255 575 589 625 178 578 371 180 312 84 586 236 76 186 195 355 278 663 285 214 362 193 147 393 441 40 635 394 213 532 487 504 97 540 137 788 271 358 0 113 480 712 102 607 553 452 446 230 84 153 442 337 218 571 795 731 503 243 44 135 96 189 496 208 69 578 9 167 122 440 466 142 324 798 685 482 488 587 166 841 754 346 619 169 315 147 348 63 592 624 130 266 107 723 770 154 154 701 247 106 59 344 562 430 143 126 379 110 113 843 640 311 265 302 796 178 189 131 162 179 413 447 250 97 827 636 833 616 689 300 792 545 188 90 204 108 266 243 291 626 347 285 763 492 695 689 644 799 271 439 471 793 707 679 254 838 516 242 184 252 680 786 59 130 613 619 269 780 798 94 328 44 641 408 112 184 167 170 535 760 249 138 738 221 121 143 58 225 214 786 114 798 214 451 117 611 349 667 165 23 462 532 555 155 771 213 232 838 681 118 730 638 146 30 720 404 546 24 235 364 103 611 93 644 254 446 125 674 186 683 563 66 487 446 640 250 619 332 463 387 747 349 146 425 707 403 167 300 549 599 371 87 226 484 151 177 307 27 454 206 454 513 651 412 154 633 62 55 537 92 143 791 143 701 96 274 563 741 173 669 262 607 418 396 663 359 196 687 183 626 445 514 319 141 292 94 392 153 613 298 286 512 176 142 534 689 378 62 102 105 144 330 96 108 773 274 256 772 143 106 334 669 164 628 506 430 215 172 270 716 450 791 366 329 141 749 330 114 755 420 126 382 246 613 798 112 166 804 210 190 434 246 495 167 533 389 835 70 522 245 449 726 594 97 359 326 460 818 604 221 220 703 194 126 619 116 584 291 402 183 523 795 171 301 347 87 478 556 648 617 737 276 211 324 433 740 115 310 544 197 763 616 471 818 754 816 205 235 838 128 82 621 48 616 296 409 242 568 69 204 121 595 562 821 362 168 515 114 675 454 80 814 104 325 233 261 112 88 127 104 213 203 169 695 168 107 135 172 130 133 772 422
751 384 136 653 38 238 553 174 54 41 258 181 640 639 58 431 522 749 129 481 163 132 331 499 120 286 366 373 770 592 27 642 195 34 202 624 449 643 265 296 98 120 130 124 326 408 274 175 195 528 557 573 97 516 336 171 262 64 554 138 80 135 145 338 199 629 207 187 284 122 148 338 404 129 572 387 150 485 480 484 49 496 147 749 199 295 113 0 452 680 140 579 531 400 392 162 96 80 405 244 177 517 758 689 457 273 142 41 32 182 462 95 57 528 112 273 143 412 418 124 277 754 658 436 434 566 57 801 722 287 605 71 291 95 319 161 539 604 28 282 49 674 746 164 201 654 202 145 54 288 518 411 183 168 324 44 184 795 585 218 273 277 738 79 142 167 154 133 370 418 178 50 785 619 810 559 639 269 751 486 157 77 125 140 183 167 223 576 326 229 727 446 643 652 625 768 303 378 449 755 646 640 217 791 482 207 110 194 648 759 102 235 556 597 285 726 763 201 253 99 610 327 85 113 153 159 487 731 160 186 695 117 108 78 65 125 129 735 5 749 139 436 28 571 317 638 84 101 391 502 498 126 739 115 221 777 647 59 700 606 87 137 673 370 500 100 227 337 169 581 86 604 163 403 31 638 85 643 514 149 424 410 584 139 589 293 442 318 735 281 72 374 666 334 65 246 515 558 338 74 195 466 118 131 278 130 390 107 391 478 616 364 222 597 55 72 472 91 109 760 108 650 88 237 532 697 232 608 283 544 366 345 623 298 149 652 164 573 412 447 263 157 257 83 355 47 589 234 191 449 117 182 494 638 302 78 166 217 77 286 150 112 733 163 188 747 93 152 270 637 122 590 451 390 155 149 270 688 391 771 367 313 204 696 307 64 733 350 119 344 138 562 748 187 82 766 97 163 389 134 441 260 495 361 787 72 498 178 414 676 548 32 297 285 356 769 581 137 244 672 126 19 577 70 527 229 345 120 491 734 70 227 288 188 444 470 635 579 691 244 184 316 365 700 137 230 484 150 759 581 414 780 725 785 94 170 799 175 90 598 141 575 244 362 169 517 169 139 198 555 512 778 331 80 513 70 645 412 78 765 35 241 119 148 46 38 220 87 142 221 71 648 56 87 209 82 209 144 743 369
315 136 446 222 456 215 108 625 423 445 229 332 201 253 510 77 106 332 348 69 330 584 122 119 501 209 189 170 318 163 469 208 637 418 289 176 124 220 225 170 527 548 356 331 239 126 389 376 633 126 110 181 537 186 116 300 197 505 106 361 412 318 594 126 287 184 282 270 245 335 596 148 59 519 229 107 306 101 89 42 415 90 592 310 276 194 480 452 0 232 380 128 80 107 121 298 532 373 60 309 276 145 316 256 82 276 455 488 431 291 34 450 487 140 487 614 358 40 92 343 181 325 207 82 116 115 476 363 274 189 159 395 165 547 134 452 158 154 426 238 409 260 294 610 630 236 250 576 466 184 106 57 616 598 157 496 398 374 203 316 228 179 346 392 311 356 604 320 98 34 290 415 352 170 358 188 230 184 315 158 609 401 560 574 305 303 251 176 133 231 283 79 240 211 174 319 265 149 26 315 278 203 236 369 43 657 346 634 200 308 421 588 190 146 236 323 319 553 248 509 161 248 381 342 315 610 107 281 330 614 264 516 364 374 441 375 341 324 457 329 324 55 480 139 136 188 527 492 195 53 151 333 291 373 248 394 202 511 250 158 538 469 253 83 101 492 245 117 398 131 529 171 332 74 422 196 504 207 127 432 159 51 206 425 139 160 28 199 289 216 380 116 233 194 405 213 72 131 114 516 260 39 570 322 176 506 163 379 159 44 172 115 634 156 447 492 181 533 561 311 561 244 532 216 84 270 357 244 247 209 123 130 189 188 303 208 616 184 43 181 203 601 196 395 100 420 137 238 334 161 336 614 72 233 230 505 396 503 376 170 571 374 296 502 278 295 361 381 213 189 333 152 122 74 300 312 216 237 140 319 145 153 621 294 150 516 281 197 356 111 513 168 334 592 523 325 456 295 91 431 118 636 68 92 365 421 47 284 48 264 137 431 192 169 391 350 129 336 281 223 569 436 149 389 171 238 150 567 46 356 400 261 190 558 26 302 189 143 268 209 273 162 185 263 576 274 159 302 320 138 130 340 275 337 423 289 360 603 527 146 528 147 213 113 299 132 543 582 600 126 129 347 121 379 120 390 196 68 409 346 422 279 455 445 498 481 600 534 317 288 502 229 434 383 615 380 406 588 293 127
93 313 678 65 686 442 163 853 646 675 460 539 149 158 738 284 165 141 580 201 563 811 353 199 733 411 354 382 111 101 694 63 868 645 499 57 253 86 431 402 758 779 573 556 456 331 564 607 852 168 123 154 760 231 345 532 419 735 127 575 644 546 818 358 500 51 493 501 435 560 826 350 276 751 216 328 531 207 252 213 645 189 822 85 492 398 712 680 232 0 613 108 165 288 300 521 763 600 275 501 505 195 87 60 229 501 687 714 660 523 218 665 717 179 719 844 591 272 268 574 403 114 39 249 263 137 698 136 42 400 134 618 397 773 365 684 178 112 653 465 639 108 81 840 862 97 478 807 697 397 170 285 848 830 363 723 628 167 164 516 457 411 188 614 539 588 833 549 311 265 509 645 131 117 141 183 117 415 94 240 835 632 781 805 518 522 466 144 366 452 53 239 128 37 100 89 485 323 244 89 190 55 465 161 198 881 571 854 32 84 654 819 190 108 462 156 87 784 451 741 71 418 612 567 547 838 207 55 544 846 70 732 595 602 673 591 561 143 684 133 546 268 708 115 366 48 750 724 342 180 221 564 59 591 481 234 34 739 25 74 764 702 92 310 189 724 477 349 629 101 759 88 544 277 649 47 725 54 187 664 295 269 171 633 94 387 251 388 142 418 607 312 57 376 628 435 165 128 344 746 491 233 797 551 407 739 323 598 320 202 65 320 866 85 678 723 270 763 788 80 788 121 762 445 149 83 584 188 473 225 320 338 73 393 532 31 843 158 269 291 420 831 425 627 325 644 107 453 538 276 563 846 187 124 417 736 628 733 603 394 803 606 75 707 498 80 590 613 422 43 562 93 251 290 525 544 447 29 310 118 364 385 853 143 382 744 86 369 588 335 724 156 147 824 746 96 672 526 293 640 258 868 185 324 156 653 192 505 266 113 148 660 396 395 536 151 117 555 510 14 791 663 112 619 206 455 346 790 190 215 623 471 399 790 236 386 125 105 90 439 504 392 352 53 807 479 242 531 192 99 286 111 49 105 640 512 131 835 757 103 760 115 436 321 519 186 776 804 833 130 190 129 351 604 243 620 39 269 641 147 652 478 667 652 725 710 832 764 540 519 724 95 656 615 847 604 634 819 65 320
694 355 66 598 115 191 467 275 164 105 155 229 547 604 179 339 469 703 50 425 50 247 262 456 124 275 356 261 691 537 167 585 272 126 222 556 415 593 258 210 163 180 187 133 201 305 348 36 327 481 490 532 234 491 275 85 225 157 486 202 60 118 271 255 216 564 223 123 293 141 241 305 344 142 548 292 148 439 384 403 93 445 232 690 205 277 102 140 380 613 0 506 452 361 357 166 173 119 346 285 136 479 696 633 409 144 75 179 108 92 399 217 136 486 110 242 23 341 374 64 235 702 585 389 398 485 196 743 654 263 517 151 217 218 250 77 500 522 135 164 98 628 669 251 256 606 163 206 114 259 466 329 245 227 292 167 52 748 549 261 163 204 704 158 116 30 253 108 319 349 186 92 730 534 732 525 595 204 694 458 272 64 262 207 210 184 218 533 247 205 663 398 601 590 542 698 174 354 370 695 618 581 164 743 418 327 136 326 580 685 49 211 523 518 168 687 699 175 259 139 541 340 68 134 76 261 442 659 202 240 641 256 54 106 86 198 168 692 144 702 160 350 162 513 252 567 221 119 383 433 466 80 671 185 132 748 582 181 629 539 213 89 624 308 451 120 135 265 39 511 176 547 208 351 127 576 225 585 470 55 403 349 549 242 519 239 363 309 645 273 116 335 610 324 156 216 450 503 274 165 136 383 231 107 211 128 370 180 370 415 552 321 255 535 96 133 452 178 222 691 222 608 179 183 464 645 92 580 161 520 329 306 566 278 121 588 271 534 347 431 236 238 199 60 296 152 512 222 242 426 118 243 437 595 307 145 35 140 109 240 197 37 675 292 187 671 93 13 256 570 95 530 416 334 147 86 168 616 363 689 264 228 243 656 232 181 653 343 49 288 274 520 704 213 219 705 221 103 341 241 405 258 436 290 739 70 422 177 352 632 499 109 278 234 420 722 503 174 119 603 259 139 522 85 495 214 316 251 424 706 156 233 265 178 380 489 546 520 641 183 120 222 354 642 212 247 456 121 661 517 383 720 654 716 201 167 740 230 169 520 149 520 211 317 181 475 163 272 221 498 469 724 265 140 413 84 575 359 62 719 107 264 240 260 169 143 220 186 154 101 211 599 174 63 235 145 78 228 671 333
196 230 572 118 584 341 65 752 549 572 353 449 113 188 637 177 97 228 475 115 457 711 249 136 628 322 278 275 192 82 595 104 765 545 408 54 182 127 341 296 655 675 478 457 349 224 490 500 757 112 33 138 662 194 243 427 321 633 34 482 540 445 720 252 407 65 401 398 352 461 724 259 177 646 207 221 431 134 148 105 542 112 720 190 397 308 607 579 128 108 506 0 58 202 215 423 660 500 177 418 403 146 194 144 146 393 580 614 558 418 120 572 615 131 614 736 485 168 182 470 305 212 79 164 187 38 601 243 149 307 71 520 292 673 262 577 141 47 553 357 536 167 167 738 757 145 377 703 594 303 101 178 744 726 271 623 521 264 159 429 350 306 259 517 438 482 731 447 215 161 413 542 235 68 231 162 150 311 198 187 736 528 685 701 425 426 372 127 260 355 160 153 163 95 61 192 378 242 137 195 220 94 363 259 100 783 472 759 77 180 548 712 169 34 354 230 195 677 362 636 38 343 509 468 442 737 137 153 451 741 155 639 491 501 569 497 465 225 584 223 448 160 607 68 263 61 652 619 273 77 170 461 165 496 375 309 82 638 123 38 664 595 155 209 118 620 371 244 522 16 656 81 452 183 548 82 629 98 131 557 226 170 166 543 17 286 144 304 176 329 507 222 124 294 531 337 69 75 241 644 387 126 697 449 303 633 247 502 244 104 60 227 760 55 575 620 219 660 688 185 688 162 659 343 50 164 476 199 365 202 230 245 90 302 430 88 743 143 167 233 324 728 323 523 225 546 21 359 450 214 462 742 100 156 335 632 521 625 502 295 698 501 178 619 401 168 488 507 330 66 460 60 179 192 426 440 340 110 230 194 256 278 748 206 277 643 156 292 484 236 633 130 232 719 648 203 579 422 200 550 183 761 97 219 254 549 85 408 167 172 102 558 306 294 475 244 21 459 402 97 694 563 77 516 169 360 258 693 89 278 525 380 307 683 136 347 90 63 165 336 400 285 275 147 703 390 189 429 217 42 209 218 148 210 546 414 238 730 654 29 654 78 338 227 423 132 669 707 727 73 134 231 248 505 146 518 69 175 537 240 550 391 575 563 625 609 725 662 442 411 627 138 559 511 741 505 527 716 165 232
254 205 517 172 533 294 34 703 503 522 298 411 124 230 589 119 105 284 422 99 403 663 200 139 574 287 256 217 240 125 548 158 714 497 369 111 171 178 304 242 603 623 436 410 291 167 464 445 713 126 60 169 617 206 196 374 277 582 57 441 488 396 673 198 367 122 362 347 321 415 674 225 137 593 233 164 385 129 91 49 492 108 669 248 356 272 553 531 80 165 452 58 0 175 189 379 609 452 138 386 354 157 252 201 129 336 525 567 508 365 86 530 564 145 561 680 431 120 156 419 261 269 134 140 170 35 556 301 205 268 80 475 241 626 212 522 160 73 505 300 487 219 217 687 705 196 329 651 543 264 108 123 692 674 235 574 465 321 192 395 294 255 311 472 389 427 682 398 176 114 370 492 293 90 281 188 197 262 255 189 688 477 640 650 385 383 331 160 207 312 218 132 209 152 94 247 320 217 83 253 261 150 314 316 70 737 426 714 134 233 495 656 192 67 297 283 252 622 327 584 96 319 458 422 390 688 134 208 411 689 211 596 440 453 517 456 421 279 536 280 404 103 559 104 214 117 606 567 257 46 175 410 221 454 322 360 140 590 179 95 617 541 208 164 118 567 318 194 466 68 606 128 412 148 501 139 585 154 139 502 213 129 198 505 74 240 90 274 209 294 459 190 180 267 485 294 57 104 194 594 337 69 649 400 253 579 227 459 224 76 115 192 707 105 524 568 219 610 639 240 639 211 609 294 47 220 419 234 308 221 198 208 142 266 381 146 694 174 123 227 283 677 274 471 180 500 60 318 413 207 415 690 88 202 305 581 465 569 454 251 646 448 236 581 358 219 439 452 292 124 411 106 168 153 379 389 285 164 206 240 199 225 694 257 226 594 203 267 432 191 593 158 288 665 602 261 537 372 166 511 169 706 83 170 311 497 33 364 126 224 125 509 270 249 458 300 51 416 346 154 648 515 115 466 184 318 225 646 59 327 480 341 269 629 96 348 109 103 220 287 350 230 252 204 652 353 191 381 241 88 190 276 202 265 503 370 296 678 604 68 601 115 294 190 380 142 615 661 673 100 142 289 200 459 97 468 126 141 485 296 500 357 535 525 576 559 670 612 397 356 582 189 514 460 687 460 470 665 220 200
352 30 426 253 412 172 208 574 362 402 232 251 298 244 458 164 124 349 319 88 312 530 115 99 472 123 82 226 390 193 412 243 593 366 212 235 54 243 143 173 487 509 286 277 277 199 289 367 565 128 172 174 474 133 96 276 141 459 170 288 378 271 534 144 212 237 205 239 150 279 548 63 57 489 189 166 251 84 193 148 371 99 546 350 206 110 452 400 107 288 361 202 175 0 14 238 489 321 54 216 234 119 360 290 59 295 435 431 385 270 89 378 444 128 458 603 338 92 20 310 128 354 274 39 38 205 413 401 329 114 254 335 154 491 123 438 141 241 373 256 364 274 362 564 593 254 205 537 426 113 119 126 577 560 77 444 391 395 188 229 239 163 344 330 266 344 554 276 47 90 225 371 385 261 426 165 239 158 352 99 553 364 494 533 231 237 180 176 140 171 331 50 244 257 260 377 295 43 127 356 257 243 198 391 106 597 290 568 257 371 393 572 163 230 255 329 367 535 163 473 224 144 343 287 287 559 86 342 257 577 296 444 330 326 404 303 276 336 405 349 262 145 427 174 116 253 466 459 89 131 105 297 347 304 233 387 254 459 311 219 482 448 273 77 101 459 233 117 387 197 483 206 257 36 370 243 438 246 113 416 62 63 189 345 207 122 124 102 377 130 329 27 267 93 345 155 133 161 99 471 226 144 516 278 153 479 56 311 53 100 223 40 603 203 408 452 103 488 508 367 508 251 486 178 152 297 364 219 267 162 34 56 225 105 258 258 562 175 75 91 137 556 162 360 77 361 219 168 250 76 286 575 103 238 133 464 385 497 326 122 535 344 334 420 214 362 316 365 134 248 291 195 55 50 246 280 222 302 34 393 196 162 588 298 144 465 355 92 325 80 436 162 348 562 461 369 385 262 28 352 44 617 106 104 387 385 145 222 64 277 148 385 108 127 285 369 212 270 288 283 506 383 179 346 134 171 58 506 117 345 339 183 113 536 83 204 282 183 291 178 242 181 78 301 533 191 97 258 414 190 31 381 336 392 353 230 400 565 484 228 499 177 158 44 234 117 519 518 571 158 112 377 108 322 225 348 258 40 374 365 376 191 379 364 446 434 577 487 258 286 439 247 371 346 585 321 406 543 353 32
362 16 422 263 405 167 222 565 353 395 233 240 312 250 450 175 135 357 314 101 309 521 118 107 466 112 68 233 403 204 403 254 586 358 201 247 58 252 133 174 480 502 276 269 281 208 276 365 555 138 185 181 464 134 98 272 134 452 183 277 372 264 524 149 202 249 195 234 137 270 540 55 69 483 191 175 243 94 205 162 364 110 539 361 196 100 446 392 121 300 357 215 189 14 0 230 482 313 66 203 228 126 370 300 71 297 431 422 377 267 103 367 437 136 452 599 334 104 33 304 122 363 286 52 42 219 403 411 340 105 268 326 154 482 125 434 148 255 364 258 357 282 375 556 586 262 199 530 419 105 130 137 570 553 69 436 389 403 194 216 241 163 350 320 259 341 545 269 51 102 215 364 394 275 438 170 247 156 362 101 544 358 484 526 220 227 170 184 144 164 342 62 251 268 273 388 298 29 140 366 261 253 193 399 119 587 282 557 269 383 388 568 167 244 257 335 377 531 151 466 237 130 336 279 282 550 96 354 246 570 305 433 325 318 398 293 267 343 396 357 254 157 419 186 117 265 456 453 76 145 109 291 358 294 231 392 265 450 323 231 473 443 282 83 111 453 232 121 384 210 476 216 246 48 361 254 428 256 122 412 55 75 194 334 219 119 137 89 390 118 321 24 277 79 335 148 146 172 102 463 222 158 508 271 152 473 44 301 40 114 234 38 597 215 401 445 100 480 499 379 499 258 478 174 165 306 364 223 269 163 29 51 235 95 252 269 553 181 87 86 129 548 159 354 81 352 232 159 239 73 279 568 116 246 119 457 382 494 319 117 528 339 344 408 205 375 309 362 124 260 285 206 59 59 238 275 223 314 21 406 203 165 582 305 146 456 368 79 320 82 425 170 356 556 452 379 374 257 36 341 49 612 119 110 395 379 159 214 76 284 158 377 98 124 271 377 226 260 288 295 496 374 190 339 138 163 48 496 131 349 330 173 104 531 96 194 296 194 299 175 237 184 64 312 526 179 99 251 428 202 27 391 348 403 342 222 410 559 476 241 494 188 151 44 225 125 514 508 566 170 120 386 111 313 239 341 270 53 368 373 368 179 368 352 437 426 572 479 250 286 429 256 361 340 580 312 404 535 365 24
590 222 218 491 178 87 404 335 126 168 158 74 494 477 220 292 360 586 116 320 135 291 182 337 248 125 207 260 615 431 174 481 356 128 57 465 287 481 105 164 253 275 63 41 242 281 193 190 334 366 399 411 239 355 183 105 102 223 396 74 155 48 298 198 51 470 57 78 132 41 310 175 246 263 411 252 18 323 340 334 139 335 309 588 41 133 230 162 298 521 166 423 379 238 230 0 254 84 246 120 52 355 597 528 295 209 228 193 150 109 304 153 209 366 234 395 146 259 256 102 118 592 501 274 272 413 178 639 562 125 455 97 150 253 171 238 377 452 134 194 130 512 589 326 358 492 57 302 193 126 356 264 342 325 161 206 214 633 423 98 176 138 577 94 50 166 316 57 210 265 20 139 623 468 654 397 477 125 590 324 315 140 262 298 47 20 62 414 185 68 567 285 481 492 472 610 233 217 299 593 485 479 77 628 324 361 52 336 489 601 178 359 394 444 196 564 603 322 98 242 452 179 118 50 98 320 325 573 52 343 534 219 116 91 176 84 43 573 167 587 25 291 189 410 166 480 229 233 233 346 336 86 580 78 118 616 487 221 542 448 244 236 511 215 339 232 125 189 203 423 247 442 56 243 132 478 206 483 351 216 263 253 422 140 432 139 292 159 586 121 92 212 505 175 108 86 357 397 185 234 75 317 278 58 133 256 229 82 229 320 456 202 374 437 177 219 312 251 270 601 269 488 249 91 375 535 223 447 201 383 204 184 462 136 47 492 324 411 256 288 101 319 110 137 199 124 435 71 86 288 54 340 334 476 148 230 199 303 91 128 303 135 572 216 26 590 87 176 108 479 71 430 289 232 19 86 163 531 229 616 244 179 357 534 164 226 578 191 117 188 219 400 585 334 225 606 160 77 228 144 278 397 335 211 625 160 345 16 256 514 386 149 135 130 257 607 427 40 181 514 271 144 416 115 365 67 183 270 334 573 102 71 126 318 287 327 486 418 529 103 79 190 206 539 297 82 322 47 614 421 252 619 567 626 127 9 638 332 248 444 275 414 85 201 16 355 299 284 344 394 350 616 180 83 376 117 487 252 151 603 140 98 163 162 208 197 357 249 20 160 204 486 136 124 357 83 238 306 584 206
838 475 129 739 77 322 628 102 148 88 320 277 712 731 55 502 608 838 188 566 214 82 410 588 71 378 459 432 849 678 100 728 105 127 297 706 540 731 358 368 14 27 226 213 374 473 364 199 173 617 639 663 109 609 418 236 349 32 636 234 123 219 112 411 293 712 301 262 379 213 68 427 487 64 665 456 240 573 549 560 118 583 61 835 292 387 84 96 532 763 173 660 609 489 482 254 0 169 489 340 258 608 843 776 544 317 128 89 105 246 545 176 45 617 76 196 188 492 506 190 363 842 739 523 524 643 124 887 805 378 679 167 368 70 398 146 629 681 123 336 125 763 825 79 105 743 286 50 66 377 605 486 88 72 413 61 195 884 676 314 332 354 830 175 224 203 81 215 455 499 271 118 872 694 889 651 728 348 838 578 104 132 130 44 278 261 316 665 401 318 811 534 733 737 701 851 346 470 526 840 739 726 298 880 565 158 202 170 730 840 124 158 647 675 339 817 847 133 348 40 692 422 151 204 219 88 575 813 256 91 782 164 170 164 93 220 224 825 93 839 232 510 78 656 397 720 99 61 485 584 590 199 822 210 289 870 730 57 782 689 72 113 762 452 588 60 294 415 183 662 15 690 259 489 124 722 131 729 603 148 517 494 675 225 671 377 519 412 809 374 162 463 752 427 160 335 598 644 419 22 272 541 68 213 356 77 482 202 483 561 700 451 128 681 85 41 565 11 61 843 60 740 16 318 614 785 254 701 334 637 455 434 709 389 232 736 100 663 494 541 352 68 338 138 438 142 668 325 286 542 203 87 580 728 397 28 181 177 164 371 56 163 819 225 279 827 174 180 362 720 200 675 541 475 244 220 333 769 482 848 432 386 109 787 383 49 812 443 178 428 191 652 838 96 102 852 175 237 476 219 531 172 580 440 876 113 577 270 497 766 636 105 388 369 447 858 659 232 291 755 117 115 664 144 618 320 435 105 573 827 165 321 379 114 527 565 709 664 779 324 259 385 459 786 44 325 576 233 828 664 505 866 807 868 183 261 885 79 6 676 73 661 332 449 262 606 97 125 107 641 601 865 412 174 580 143 727 497 124 854 114 336 197 228 60 58 135 25 234 272 115 736 146 149 116 177 213 57 825 458
672 306 152 573 94 159 475 253 59 85 191 122 563 561 138 356 442 670 81 401 115 211 253 420 169 209 290 305 691 512 96 562 272 45 131 544 371 564 188 221 169 191 73 44 268 336 234 152 265 449 477 495 167 440 257 108 182 139 474 86 83 56 221 261 126 549 134 113 212 44 227 259 324 183 495 312 71 405 404 406 57 417 225 670 123 217 153 80 373 600 119 500 452 321 313 84 169 0 325 183 99 439 678 610 377 220 161 115 66 118 382 108 125 449 156 320 109 333 338 69 197 675 579 356 356 487 109 721 642 209 527 36 214 173 241 175 461 526 53 220 47 595 667 243 274 575 123 218 110 209 438 333 258 241 245 123 171 716 507 157 208 200 661 41 65 134 233 57 290 339 102 57 706 541 731 482 560 191 672 408 236 68 192 214 113 93 146 497 249 150 647 367 565 573 546 689 249 301 371 675 569 560 138 712 402 284 32 266 568 680 110 284 478 519 223 648 683 247 180 160 531 257 52 35 91 238 407 652 96 259 616 163 66 13 96 80 60 657 84 671 63 359 107 491 238 559 155 152 316 423 420 62 660 67 151 700 567 139 620 527 165 165 594 291 421 152 158 259 157 501 162 524 100 324 49 558 140 564 435 156 347 331 506 124 510 214 364 243 658 205 8 295 586 258 45 167 436 479 259 150 119 388 197 56 200 178 313 62 314 399 536 284 291 517 96 135 396 167 188 680 188 572 165 158 452 618 202 531 223 467 287 266 543 220 72 572 243 495 333 372 184 235 178 68 276 51 511 156 133 372 38 256 415 559 230 146 153 240 10 206 219 82 654 183 110 668 29 131 192 558 50 510 372 311 76 83 201 609 313 692 296 238 274 618 229 144 654 275 74 265 173 483 669 252 152 687 114 92 309 124 362 318 415 283 708 84 420 100 334 598 469 65 219 206 310 690 502 67 189 593 198 63 498 39 449 151 266 195 412 657 42 152 210 240 365 404 557 499 612 166 111 243 290 620 213 159 406 73 683 501 336 700 646 706 87 92 720 248 164 519 195 495 165 282 93 438 220 211 262 475 433 698 253 21 438 42 566 332 78 686 56 172 128 143 125 113 277 165 64 166 133 569 71 58 275 27 197 222 663 290
350 81 413 252 412 167 168 578 372 401 204 274 260 262 463 110 123 357 309 79 297 536 85 114 463 149 132 178 369 191 419 240 594 370 231 219 92 246 166 143 485 506 301 281 236 146 329 347 580 136 153 189 486 168 72 263 144 460 149 305 372 271 544 106 230 224 225 229 184 285 551 87 4 481 220 116 255 96 140 102 370 98 547 347 220 134 442 405 60 275 346 177 138 54 66 246 489 325 0 249 230 140 354 288 66 262 421 439 385 255 58 395 443 143 449 585 324 38 47 302 128 356 255 51 78 172 424 399 317 131 218 344 130 498 97 421 159 210 378 222 364 282 343 566 589 260 203 534 423 126 120 72 574 557 97 448 371 401 208 257 208 142 361 340 264 325 558 274 38 36 236 370 385 228 408 188 249 143 350 136 560 359 508 531 249 249 195 188 106 178 323 57 256 248 230 364 257 93 76 352 281 237 191 396 78 607 296 582 243 355 384 557 187 200 220 342 359 521 189 468 206 189 338 292 276 563 100 327 274 573 296 461 323 327 400 320 288 346 409 356 271 91 432 168 94 234 476 453 142 100 135 291 335 319 214 407 242 464 296 202 489 435 278 39 106 453 213 84 368 177 484 202 275 18 374 234 452 241 128 400 114 10 210 367 186 112 72 139 346 156 332 56 265 134 354 160 111 157 72 471 218 94 522 276 135 469 109 325 106 74 211 55 596 193 405 450 149 488 513 355 513 262 487 170 128 299 337 244 233 196 63 70 221 128 257 247 568 191 21 141 147 556 151 354 51 370 190 182 275 124 288 573 91 250 170 462 367 477 328 119 531 335 331 444 224 344 315 349 154 233 288 186 91 15 250 272 192 285 86 371 149 128 582 311 117 469 333 139 317 61 457 176 357 554 472 363 401 253 31 374 83 604 91 63 393 380 105 231 12 285 153 385 132 120 332 376 183 282 260 268 517 388 176 344 162 183 89 516 88 366 349 204 131 524 42 258 247 176 295 166 232 144 127 298 532 215 135 256 379 176 83 377 321 381 369 238 397 562 483 199 491 174 161 53 245 132 508 530 563 153 127 379 81 329 174 346 241 18 368 372 377 219 399 388 450 435 566 489 265 262 450 253 382 341 578 329 382 544 338 67
555 189 333 459 272 158 417 401 192 265 255 63 510 423 294 332 336 538 236 304 255 354 222 303 352 101 149 334 606 402 244 451 433 216 65 450 248 445 89 236 343 365 115 153 338 339 89 310 368 335 389 367 289 298 212 223 141 308 386 106 265 167 349 252 71 451 67 190 66 146 384 162 251 365 348 305 137 294 376 350 240 312 387 555 87 116 337 244 309 501 285 418 386 216 203 120 340 183 249 0 165 313 566 494 274 317 342 261 245 225 301 185 300 327 339 504 266 277 236 221 153 552 489 255 238 419 232 603 540 125 466 174 214 317 216 354 334 456 218 293 230 468 577 401 444 451 152 389 289 132 331 296 426 412 153 282 334 585 373 26 273 207 518 165 170 286 385 177 212 280 101 240 584 475 641 347 432 190 555 273 374 250 303 383 74 101 91 373 238 121 540 265 434 467 475 589 336 178 320 561 423 452 167 582 320 408 154 371 471 585 290 467 342 446 294 511 575 430 66 339 440 91 230 155 218 387 294 556 88 430 498 245 233 195 279 121 123 523 247 541 126 323 264 386 207 468 284 334 167 345 289 205 558 129 222 551 467 294 525 434 307 347 471 234 312 333 228 230 322 414 329 415 83 238 219 454 249 455 316 333 211 259 370 141 423 178 314 114 592 94 191 197 473 125 179 130 349 373 216 318 182 339 344 177 195 361 179 137 182 315 436 194 467 416 278 313 251 334 337 579 337 442 331 168 368 496 342 388 302 321 189 179 433 122 167 470 387 365 267 226 125 397 176 248 218 198 434 99 53 234 168 425 319 430 84 322 319 419 193 162 394 252 539 209 104 577 198 295 102 462 189 408 251 235 139 206 256 517 191 609 311 244 449 482 221 301 571 132 236 208 231 359 536 430 279 574 190 195 221 149 243 500 322 244 579 267 354 112 261 469 355 244 118 171 138 559 428 116 291 497 318 226 390 222 314 106 161 321 332 508 175 70 124 423 290 226 495 396 489 180 191 261 150 507 380 50 271 167 628 404 215 586 550 603 165 120 604 419 334 444 377 387 135 197 104 318 403 328 441 371 313 575 217 170 413 224 473 246 260 555 236 35 178 156 284 282 459 328 131 273 255 446 196 236 453 166 358 384 566 187
579 223 197 481 182 63 376 349 154 170 107 126 464 477 235 257 350 582 88 308 95 309 154 332 238 139 220 214 594 420 195 470 363 143 100 448 286 474 123 124 255 276 110 60 191 240 244 153 363 359 381 408 265 360 160 59 93 230 378 123 144 43 320 163 94 454 98 26 160 68 321 174 229 255 417 214 44 316 306 307 140 325 317 576 78 142 218 177 276 505 136 403 354 234 228 52 258 99 230 165 0 353 584 518 287 157 206 214 155 61 287 192 213 361 224 375 113 235 249 77 106 584 482 266 270 389 206 629 547 129 428 126 115 271 142 212 374 427 152 142 134 507 569 336 360 485 29 304 193 126 347 234 345 327 160 220 178 627 422 146 125 101 578 125 35 128 329 44 197 242 65 140 614 442 634 398 472 92 579 327 334 131 291 301 96 72 85 409 150 69 553 276 478 478 448 593 181 221 272 582 489 467 40 623 307 383 77 364 472 583 161 342 395 421 145 562 589 305 126 239 435 207 109 72 60 334 318 555 104 344 524 255 97 99 171 130 87 569 182 582 68 260 205 398 140 462 254 226 248 326 337 63 564 122 66 619 472 236 524 431 263 217 504 194 330 226 73 160 169 405 254 431 108 231 146 464 237 471 346 190 270 235 422 187 413 118 265 174 559 138 105 207 494 189 137 82 340 386 162 241 24 289 294 46 101 245 237 124 237 303 441 195 369 423 175 220 319 258 285 585 285 484 257 60 356 527 178 450 149 389 200 178 450 143 27 477 340 408 236 297 101 326 80 126 180 149 413 87 137 294 61 343 321 472 172 232 166 276 100 113 302 112 561 261 61 571 85 143 120 462 58 416 287 216 37 50 113 512 231 594 201 140 354 532 131 240 557 207 93 169 260 396 582 328 250 593 199 34 218 191 277 385 321 185 619 152 322 53 239 509 378 155 143 111 303 602 404 87 129 497 297 162 405 114 366 79 184 294 315 577 132 103 130 304 269 354 458 405 522 67 27 147 218 528 302 119 325 26 584 406 253 607 549 610 167 47 627 333 253 421 266 403 77 192 66 350 287 310 338 382 345 607 155 109 340 116 470 239 140 598 147 137 206 210 222 206 345 259 58 110 231 479 165 113 352 111 199 314 567 204
242 134 544 146 531 291 189 690 477 520 343 359 259 125 575 222 53 231 438 75 430 645 223 26 591 234 165 311 305 94 528 139 711 483 323 152 69 131 255 282 605 628 399 395 374 270 371 483 676 34 114 56 588 49 207 394 260 577 115 398 497 389 648 245 324 149 317 357 250 396 666 180 143 608 85 246 368 45 226 166 490 55 664 242 320 223 571 517 145 195 479 146 157 119 126 355 608 439 140 313 353 0 253 181 74 402 554 547 503 387 111 488 562 16 577 720 456 164 105 429 247 240 194 91 83 171 526 290 231 230 216 450 267 606 234 556 22 193 489 362 482 157 275 682 711 139 324 655 544 230 49 196 695 678 194 561 507 278 70 331 348 278 225 445 385 460 671 395 160 157 340 490 272 214 335 48 122 275 241 45 668 483 606 652 342 352 295 60 246 290 228 83 126 158 206 279 396 141 171 247 142 142 317 274 106 710 408 678 169 278 512 690 48 180 360 210 262 653 271 592 148 226 462 405 405 675 40 249 369 696 185 553 449 444 523 414 391 218 522 232 379 199 544 86 229 173 580 578 149 118 26 416 249 417 349 269 161 576 220 141 597 566 158 178 44 578 349 223 504 133 601 107 367 130 487 147 550 144 19 534 103 141 70 451 141 240 173 205 313 240 447 146 160 191 460 273 101 74 209 589 345 177 632 397 269 598 135 424 132 103 134 158 722 117 527 571 76 606 624 269 624 133 604 297 112 183 476 104 372 66 153 175 123 220 377 164 678 56 149 96 255 674 280 479 186 477 167 284 356 82 404 694 76 120 231 583 502 613 444 241 654 463 226 522 330 274 435 483 249 162 410 106 67 149 364 399 332 216 128 311 283 268 707 179 255 581 275 181 444 193 543 46 230 681 575 261 494 381 138 458 77 735 81 203 270 505 147 339 139 159 48 503 221 245 341 251 165 384 399 194 618 499 85 464 27 288 173 620 112 228 454 295 229 655 126 201 236 95 176 296 360 284 163 194 651 299 48 376 358 112 104 272 244 292 464 347 290 684 602 175 618 82 277 162 350 15 638 630 690 75 17 263 218 438 246 466 175 124 493 248 494 295 486 468 563 552 696 604 375 400 552 133 485 465 704 437 520 661 258 150
21 382 762 108 766 521 250 931 722 755 545 609 223 171 816 371 236 88 662 277 646 888 435 264 816 482 417 469 111 166 771 117 948 723 571 142 318 122 503 486 839 860 646 634 543 418 622 692 925 233 207 201 834 278 425 615 496 814 210 647 726 625 894 442 572 133 565 583 502 636 905 423 356 834 246 415 608 276 339 300 725 262 902 14 565 470 795 758 316 87 696 194 252 360 370 597 843 678 354 566 584 253 0 72 302 588 771 790 739 606 299 737 797 239 802 929 674 355 341 656 481 49 124 323 331 224 773 49 52 473 217 694 480 850 448 769 233 197 730 551 718 112 93 920 943 120 557 888 778 472 241 370 929 911 436 801 714 93 202 583 543 493 149 689 619 673 911 628 388 348 584 724 48 199 113 226 141 496 24 295 912 713 854 886 590 596 540 194 449 529 34 312 146 106 184 53 572 390 330 10 195 118 545 87 279 957 648 927 118 72 736 904 233 195 548 120 16 869 521 822 157 479 693 645 629 916 275 67 617 927 70 803 677 681 754 663 636 100 762 78 621 354 785 187 447 135 825 806 402 263 278 645 46 664 564 184 115 817 81 159 841 786 102 391 259 806 561 431 714 187 838 154 616 354 727 121 798 114 251 748 356 350 207 702 180 466 336 456 180 488 685 385 94 443 704 511 246 199 425 826 572 320 875 630 488 822 387 671 384 282 144 395 949 162 759 804 322 842 866 45 866 137 841 525 232 76 670 209 559 263 393 413 135 465 611 109 920 204 350 346 495 911 505 708 405 720 195 528 607 334 641 927 263 147 483 816 713 818 682 472 885 688 28 775 573 87 669 697 494 129 642 168 316 368 603 625 532 98 377 123 451 469 935 126 465 822 115 434 670 415 794 208 96 907 821 9 744 607 369 710 325 953 263 407 83 734 278 581 346 114 213 739 468 474 584 87 204 629 596 100 865 740 181 699 256 530 418 866 272 180 698 543 473 874 317 423 203 179 86 520 586 478 416 59 887 549 298 610 226 179 353 24 70 51 712 588 44 916 837 191 843 183 513 396 593 248 859 878 916 203 253 51 433 680 330 700 126 346 722 85 731 546 737 720 803 789 916 843 617 604 798 123 731 696 930 680 720 898 61 392
62 310 699 36 699 454 208 863 652 688 485 538 208 109 747 318 168 85 597 210 583 819 371 193 752 411 345 417 151 98 701 48 881 655 500 92 247 50 432 424 772 794 575 565 490 367 550 631 854 162 148 129 764 206 360 550 427 747 152 576 660 557 824 381 501 79 494 517 430 568 837 353 290 769 178 359 539 205 292 245 657 193 834 61 495 399 731 689 256 60 633 144 201 290 300 528 776 610 288 494 518 181 72 0 232 531 708 721 672 542 235 667 730 167 737 869 611 293 272 590 413 69 96 253 259 180 703 111 66 404 188 624 416 780 383 707 160 163 662 493 650 51 124 852 877 50 490 822 711 402 171 312 862 845 367 733 653 120 131 511 484 429 128 619 551 611 843 561 320 285 514 657 97 172 170 155 72 431 62 223 842 647 784 819 520 526 470 122 387 460 53 243 80 49 156 107 518 319 272 67 138 53 479 115 216 887 579 857 74 115 672 842 161 156 491 96 83 807 450 756 107 407 626 576 564 848 204 91 546 861 11 732 611 613 688 592 566 85 694 79 552 299 716 120 382 96 755 741 330 203 205 579 80 594 501 175 64 748 77 106 771 722 37 326 189 741 498 368 653 133 771 86 545 287 658 63 728 49 179 686 283 284 137 631 128 400 278 385 198 417 617 316 24 371 634 443 184 131 360 758 506 265 806 563 423 757 315 601 313 218 86 326 884 100 693 737 250 775 797 96 797 72 773 458 173 23 612 144 502 193 323 344 68 395 544 58 852 132 286 274 426 843 439 642 339 651 151 458 536 262 573 860 197 79 411 750 651 759 614 405 819 623 45 703 503 120 602 635 424 83 575 104 244 301 534 560 472 88 306 161 396 408 870 83 402 753 137 362 605 349 722 136 90 842 751 80 673 542 300 638 253 890 197 343 110 668 222 512 281 56 142 672 397 407 513 99 159 560 537 73 795 672 112 631 184 461 347 796 210 155 629 472 403 811 253 354 183 113 30 455 520 418 344 16 820 477 226 543 248 119 282 92 89 115 642 519 111 850 770 150 779 115 445 328 524 176 796 808 851 135 181 91 368 611 289 633 88 278 657 95 663 475 666 648 735 722 853 775 548 543 728 52 661 629 866 610 662 831 96 322
295 85 475 196 467 224 163 630 420 456 270 310 249 197 515 157 65 295 369 32 359 587 150 48 523 182 132 239 332 135 469 185 649 422 270 176 44 187 202 209 541 563 345 333 301 201 344 412 624 73 115 124 532 106 135 324 195 515 113 346 430 325 592 172 271 178 264 289 207 335 605 121 69 541 156 175 307 30 171 116 426 40 602 293 264 169 503 457 82 229 409 146 129 59 71 295 544 377 66 274 287 74 302 232 0 328 484 489 440 317 51 437 499 77 509 649 386 92 40 361 181 298 216 21 42 155 471 344 270 172 204 392 194 548 161 485 93 188 429 288 419 220 304 620 647 199 258 591 480 170 61 126 631 614 135 501 435 341 142 287 274 206 296 387 320 389 610 330 90 86 282 426 328 209 368 121 186 204 294 77 610 417 553 588 289 295 238 124 172 228 272 11 193 198 206 318 323 96 108 298 215 184 249 336 59 655 347 626 198 312 444 620 121 177 287 278 308 583 222 526 166 196 396 344 336 615 34 283 316 631 239 503 382 381 457 362 334 283 461 295 320 134 484 116 157 194 524 512 129 83 72 349 288 363 278 341 195 516 252 160 539 497 218 105 44 512 277 150 432 140 539 147 315 58 426 184 497 188 62 463 85 68 144 404 149 170 109 160 322 188 385 84 209 149 402 210 79 103 136 526 277 120 574 332 198 530 101 370 98 54 164 93 655 144 462 506 98 543 565 308 565 199 542 229 97 241 403 178 299 132 92 111 166 164 312 199 619 126 76 101 194 611 211 412 114 419 164 226 309 81 341 630 47 186 189 519 430 541 382 174 589 395 277 479 271 304 371 412 193 189 345 136 41 76 302 331 258 244 83 335 211 195 641 247 182 521 298 145 377 121 495 111 295 614 519 310 443 313 69 411 40 666 50 129 332 438 105 280 66 223 92 440 167 177 331 315 159 328 325 224 564 439 121 400 96 229 117 564 70 300 397 242 171 586 58 223 231 124 235 227 292 210 129 244 588 249 77 311 361 131 63 323 277 333 412 287 343 619 539 174 551 119 213 96 292 67 570 576 623 99 61 321 146 379 198 402 200 51 427 311 431 249 438 423 502 490 628 543 315 327 497 192 429 399 637 378 447 599 294 91
588 301 199 498 256 166 345 419 279 244 68 283 416 523 321 217 378 608 146 335 110 391 181 376 263 258 323 125 567 439 299 484 414 249 254 446 347 497 251 122 307 323 262 203 57 175 400 122 467 394 383 449 371 426 199 114 197 300 380 276 200 180 412 156 248 456 251 131 293 213 385 258 259 281 481 173 198 357 257 288 224 356 376 583 230 253 243 273 276 501 144 393 336 295 297 209 317 220 262 317 157 402 588 531 328 0 205 315 242 105 302 328 279 404 251 345 132 243 301 154 197 600 469 311 331 367 323 636 542 235 392 256 143 360 172 196 420 401 259 39 225 536 548 394 395 512 164 349 257 228 376 220 386 368 249 307 136 650 469 301 56 138 620 260 171 114 398 172 248 250 222 224 626 409 609 449 505 149 589 393 415 198 399 350 253 229 228 447 156 199 554 318 514 485 420 582 30 305 259 588 543 478 150 645 318 470 217 466 470 567 193 325 449 399 41 598 588 293 264 283 431 335 189 212 130 405 362 543 260 380 540 381 166 211 229 281 239 600 278 606 221 234 299 415 179 454 357 262 349 328 395 158 557 270 95 667 474 322 515 429 354 222 529 224 366 262 89 179 142 401 320 448 265 273 252 470 354 482 389 181 351 261 471 336 408 184 253 286 514 261 222 273 508 297 265 198 348 406 196 309 136 268 375 173 151 265 325 270 324 317 446 259 388 431 239 277 397 322 366 576 365 519 324 154 359 546 83 506 29 455 270 249 465 250 169 480 415 452 254 381 214 382 156 192 219 269 396 223 294 370 194 384 344 507 299 289 142 234 214 194 338 162 569 402 215 551 193 138 242 459 172 428 347 254 193 140 75 500 310 564 138 134 379 568 151 323 530 315 155 215 393 436 610 347 355 596 334 137 269 338 337 376 341 199 640 211 310 209 263 540 409 242 253 184 453 626 386 240 31 490 398 267 425 206 423 215 269 391 322 627 262 248 238 304 284 470 419 420 544 144 130 118 319 537 355 267 391 169 526 412 324 612 537 601 306 204 631 370 313 402 286 423 192 253 224 394 293 411 353 402 389 621 187 239 280 205 462 278 201 622 238 284 347 358 309 285 344 330 211 54 343 505 290 187 368 244 136 372 555 276
769 428 10 673 105 265 540 226 186 101 227 282 617 679 157 411 544 778 118 501 125 209 337 531 61 345 427 328 763 612 167 660 212 146 284 631 489 668 327 285 115 125 234 190 262 374 395 84 299 556 564 607 218 565 350 160 298 126 561 247 79 181 238 329 278 638 285 197 359 196 191 379 419 77 622 364 210 514 455 476 112 520 180 765 269 348 44 142 455 687 75 580 525 435 431 228 128 161 421 342 206 554 771 708 484 205 0 171 117 167 474 235 108 560 53 169 98 416 449 130 309 777 659 464 473 559 198 817 729 335 589 184 292 190 325 20 575 595 152 232 121 703 742 197 190 681 235 148 93 332 541 403 182 165 366 148 71 823 623 317 234 279 779 193 182 99 206 172 394 423 248 111 805 606 804 600 670 280 769 532 232 93 245 150 269 244 286 608 322 276 738 473 677 665 615 772 232 427 444 770 692 656 238 818 492 286 188 296 655 759 52 136 598 591 235 762 773 100 325 88 616 406 112 187 149 214 517 733 255 175 716 256 112 149 78 239 220 767 144 777 216 423 152 588 328 641 205 67 454 508 540 145 745 226 207 822 657 159 703 613 188 17 699 383 527 68 210 340 63 585 137 622 260 426 145 650 222 660 545 25 475 424 624 272 593 314 437 379 715 343 155 409 685 395 185 288 525 578 349 130 209 456 195 171 286 61 443 220 443 490 627 396 183 610 87 96 525 136 187 765 186 683 140 257 539 720 132 654 227 594 403 380 641 349 188 662 227 609 422 504 308 184 274 94 371 174 586 291 294 500 175 180 512 670 374 105 63 79 151 314 135 95 750 305 252 744 144 74 326 644 158 605 490 409 211 157 241 689 437 761 334 302 174 731 307 155 726 413 114 363 279 595 779 142 205 780 238 175 416 269 479 182 511 365 814 79 496 241 427 707 574 118 350 309 471 798 577 226 185 677 236 151 597 122 569 284 389 225 499 780 188 298 337 103 455 555 618 595 716 258 194 296 425 716 158 310 530 188 730 592 457 794 727 790 227 232 814 166 126 593 81 595 283 392 242 550 90 247 149 573 544 799 341 179 482 120 649 434 84 794 123 326 259 285 150 125 145 148 213 171 206 674 192 106 163 184 86 176 745 407
783 413 167 684 67 273 590 144 71 76 299 199 678 667 35 470 554 778 170 513 204 98 368 529 136 313 391 414 806 624 19 674 173 71 227 658 478 674 292 335 97 115 151 158 368 448 277 213 154 559 591 603 56 543 372 212 295 61 588 156 119 171 106 376 224 663 232 226 307 154 124 368 438 139 597 426 183 516 518 521 90 528 126 781 227 324 135 41 488 714 179 614 567 431 422 193 89 115 439 261 214 547 790 721 489 315 171 0 73 223 496 87 68 558 131 282 184 448 449 165 311 785 693 468 464 602 36 832 755 317 642 96 329 60 355 191 569 641 62 323 90 704 781 141 187 684 238 135 78 319 550 448 168 155 354 29 220 824 613 235 314 315 765 102 179 207 125 171 403 454 207 91 816 656 845 587 668 306 783 513 122 118 84 128 207 195 252 606 364 261 760 478 672 685 661 802 344 407 486 787 672 672 253 820 516 169 142 153 681 794 138 243 584 633 326 755 796 213 278 108 645 347 126 146 194 129 517 765 182 174 727 85 149 116 99 140 156 764 37 779 169 474 19 603 353 673 43 117 415 537 527 167 773 134 261 803 680 34 734 640 51 163 704 405 532 116 267 374 206 615 75 636 184 436 68 671 51 676 544 182 451 445 612 137 624 328 479 344 773 308 109 405 698 360 87 279 549 591 374 67 233 503 86 169 315 145 416 126 418 512 649 395 214 630 88 83 497 80 78 794 78 680 75 273 566 728 271 635 324 569 397 377 655 327 187 685 131 602 447 473 295 137 293 123 390 70 625 263 207 476 153 167 528 667 326 83 203 240 114 320 145 153 765 141 217 782 133 191 298 671 161 623 480 424 189 189 310 723 419 807 407 352 196 724 344 42 769 374 160 379 111 592 777 184 41 799 86 203 421 131 470 261 528 398 817 110 534 209 448 706 579 72 325 320 360 798 617 163 285 707 85 52 609 111 555 260 375 80 526 760 93 253 318 197 479 486 672 611 721 281 223 356 391 732 122 253 511 187 797 614 443 812 759 819 98 202 831 163 84 634 151 607 278 394 197 547 178 98 196 587 542 808 367 110 552 111 680 445 117 795 77 262 109 140 28 47 222 70 174 262 35 678 64 128 205 110 244 124 777 399
734 370 110 635 28 218 529 195 69 21 230 182 615 626 83 406 504 734 98 462 131 157 309 484 108 274 356 344 748 574 60 624 209 31 196 604 435 627 254 270 103 126 131 109 295 381 285 143 225 512 537 559 129 505 316 142 245 75 533 141 48 115 173 313 192 610 200 162 277 109 166 323 384 120 561 361 135 468 454 461 18 479 162 731 189 282 96 32 431 660 108 558 508 385 377 150 105 66 385 245 155 503 739 672 440 242 117 73 0 153 442 118 59 513 97 262 111 390 401 95 259 738 637 419 420 543 88 783 702 273 581 73 267 122 297 135 525 581 35 251 22 659 724 180 209 638 183 153 45 273 501 387 193 176 309 68 152 780 571 218 244 253 726 82 121 134 174 111 352 397 167 18 768 595 788 546 624 247 734 473 182 45 157 149 178 158 212 561 302 214 708 430 629 634 602 748 272 366 426 737 635 622 195 775 462 234 98 225 628 738 73 224 543 575 255 713 744 189 245 95 590 322 55 100 124 180 471 711 158 194 678 149 77 59 40 130 124 721 37 734 129 412 57 553 295 617 115 90 382 481 485 100 719 118 194 766 627 84 680 586 114 115 657 350 484 89 199 314 138 560 99 586 162 385 29 619 117 625 498 121 413 391 571 156 569 273 419 308 711 270 58 358 648 324 71 230 495 541 317 86 171 442 142 109 255 117 378 111 379 458 596 347 225 578 34 70 461 103 132 740 132 636 102 215 512 681 200 597 252 533 351 329 605 285 128 633 186 559 392 437 248 171 235 50 335 58 567 221 193 437 99 191 476 623 295 81 134 195 59 267 154 80 716 190 175 726 70 120 257 617 98 571 437 371 139 122 242 668 378 748 340 288 208 682 283 87 711 340 88 325 168 547 733 186 114 748 121 138 372 152 426 255 476 339 772 41 476 165 394 661 532 1 284 266 364 754 559 131 212 652 157 35 560 42 514 216 331 150 471 723 75 218 274 179 424 468 611 560 675 222 159 290 355 682 148 224 471 129 733 561 401 762 705 765 111 157 781 182 99 576 133 557 227 345 159 502 159 170 197 537 496 761 310 75 486 41 625 394 46 750 10 237 143 168 70 51 214 104 130 190 104 632 75 55 210 79 178 159 722 354
603 265 158 507 174 102 382 345 177 162 76 183 466 513 236 256 378 611 58 334 43 309 171 364 210 192 270 191 605 445 205 494 350 153 161 467 324 501 179 122 240 259 158 98 150 228 303 99 376 389 400 441 278 401 183 11 138 223 396 172 124 75 326 167 154 474 159 38 218 108 313 216 253 228 458 210 96 347 303 316 136 353 307 599 139 193 189 182 291 523 92 418 365 270 267 109 246 118 255 225 61 387 606 542 317 105 167 223 153 0 308 224 203 394 196 333 69 251 282 59 146 610 497 297 307 399 225 652 565 177 433 153 126 275 159 168 409 436 163 102 133 537 582 326 340 514 81 287 181 172 375 241 327 309 203 221 124 656 457 206 91 113 613 156 67 75 323 67 228 258 125 135 639 449 645 434 503 113 603 367 335 115 305 286 155 129 144 441 158 123 574 307 510 500 456 610 132 265 282 604 527 490 76 651 327 387 112 376 491 598 131 303 432 431 105 595 609 266 185 219 452 264 99 107 29 330 351 571 159 324 550 281 77 111 154 176 134 600 187 611 117 264 210 422 161 478 265 202 298 343 375 57 582 165 43 656 492 237 541 449 267 180 533 216 360 202 47 175 118 422 246 456 164 260 156 485 256 494 379 146 314 258 458 231 430 148 275 226 563 192 121 244 519 240 162 131 360 411 183 233 49 297 294 68 120 216 282 164 282 324 462 230 343 444 161 205 363 248 285 602 284 516 249 93 374 554 117 489 105 430 238 215 475 192 65 498 338 442 256 343 150 315 108 109 204 168 425 144 195 337 89 325 346 503 228 218 116 228 114 149 281 84 584 298 121 584 92 96 174 480 68 439 325 243 91 36 88 527 274 604 187 140 330 565 141 240 567 259 68 196 291 428 612 301 263 615 231 33 250 233 314 349 345 200 647 134 334 113 261 540 407 154 193 143 364 631 416 136 75 514 308 172 431 112 404 136 227 302 334 614 159 163 179 269 289 409 463 429 549 92 36 138 268 551 289 180 365 65 582 427 293 629 565 627 201 106 649 313 241 433 237 428 125 226 125 383 254 321 310 407 378 633 174 136 334 112 486 267 122 627 147 197 242 252 223 202 311 253 108 52 247 508 189 99 324 140 143 303 583 243
295 119 465 199 468 224 119 635 429 457 251 330 210 223 520 111 76 307 363 36 349 593 137 85 517 204 170 202 312 139 476 187 650 427 288 162 94 196 222 190 540 562 358 339 268 159 378 397 637 94 95 150 543 152 127 316 201 517 92 362 427 328 601 148 287 168 281 284 235 342 608 141 58 535 196 138 313 67 120 65 427 57 604 292 277 189 496 462 34 218 399 120 86 89 103 304 545 382 58 301 287 111 299 235 51 302 474 496 442 308 0 452 499 108 503 635 376 60 70 357 186 303 197 56 89 118 482 344 260 187 166 401 181 555 149 472 125 155 435 263 420 234 286 622 645 210 260 590 479 183 75 87 630 613 152 505 420 351 171 311 252 195 318 397 321 376 615 331 95 52 294 426 331 174 350 155 203 197 296 126 617 415 565 587 306 306 252 145 153 236 267 50 212 193 174 307 293 131 60 297 246 183 247 346 20 664 354 639 186 298 438 608 157 145 261 296 303 572 243 523 149 233 394 350 330 620 73 269 331 629 243 519 378 384 455 377 345 298 466 305 329 88 490 115 148 177 533 508 173 44 117 346 278 376 266 365 186 521 238 145 546 488 228 92 68 508 264 133 418 119 541 149 332 64 431 178 509 186 94 452 133 51 174 424 128 169 62 188 291 210 389 104 211 181 412 218 53 105 126 528 273 69 579 332 189 523 142 383 139 17 155 108 650 137 461 505 149 545 570 298 570 216 543 227 71 247 381 211 273 175 112 125 167 183 313 191 625 153 52 152 204 613 207 409 107 427 134 239 331 132 345 628 41 205 219 518 417 525 385 176 586 389 277 500 282 286 372 400 210 176 344 131 92 72 307 326 238 227 121 314 175 174 637 266 167 526 276 181 371 117 514 136 309 608 529 308 459 309 81 430 89 656 39 109 341 435 57 289 48 238 108 442 187 177 372 326 127 340 304 211 575 445 124 401 137 240 140 574 31 326 406 260 187 577 19 273 194 121 244 222 287 186 167 243 589 270 126 312 326 120 106 322 264 324 426 295 342 617 539 143 544 122 219 107 303 99 561 587 617 100 95 326 134 386 147 402 184 56 424 322 433 273 456 444 507 492 618 545 323 310 508 203 439 397 631 386 429 601 281 115
729 356 228 630 133 241 556 218 53 134 294 130 647 604 122 445 502 718 187 464 222 171 335 474 215 255 326 406 764 571 77 621 255 92 166 611 420 618 235 315 183 202 94 133 374 432 191 252 187 505 546 543 104 479 335 215 253 146 543 90 164 154 164 351 166 614 173 213 240 125 205 316 395 221 531 405 151 462 493 486 127 477 210 728 175 268 208 95 450 665 217 572 530 378 367 153 176 108 395 185 192 488 737 667 437 328 235 87 118 224 452 0 148 501 207 366 212 411 397 176 269 728 648 416 407 564 53 777 706 266 608 72 303 135 324 253 510 603 84 326 120 645 737 223 273 627 209 222 149 269 497 417 254 242 303 115 266 764 552 162 312 290 700 69 163 237 203 159 357 416 159 128 760 620 802 526 609 278 728 451 189 154 119 215 147 146 200 548 337 218 709 427 612 635 623 754 356 348 452 733 606 621 227 761 472 224 116 190 634 748 190 327 521 594 328 692 745 295 217 190 599 275 149 122 198 205 463 719 121 260 672 67 169 118 157 75 110 703 95 720 129 445 99 552 319 627 100 195 348 495 466 170 724 76 253 735 631 121 687 594 126 232 646 366 479 194 260 342 251 571 162 584 121 389 92 621 64 624 488 239 388 402 550 50 580 291 445 283 738 249 107 354 644 297 63 236 504 539 338 154 216 470 163 158 286 224 354 71 356 468 600 346 302 581 149 164 432 167 157 745 157 620 163 244 522 671 306 570 329 504 345 328 602 273 169 636 203 542 407 407 248 221 263 158 350 65 585 213 135 413 137 253 479 607 260 167 248 311 114 279 232 182 711 76 172 738 136 229 244 624 156 573 423 380 158 189 303 678 361 766 393 330 283 662 317 129 728 310 179 339 67 534 716 271 95 746 7 196 373 43 413 348 481 364 758 159 497 166 405 647 525 117 270 282 273 738 577 114 297 660 133 84 557 132 493 212 320 137 482 692 66 195 266 281 437 407 638 561 664 255 211 339 327 679 209 189 449 169 767 566 385 758 713 770 26 162 777 250 171 594 233 555 237 346 150 491 261 144 283 536 485 752 333 89 529 133 634 398 160 734 114 194 24 53 115 126 309 157 137 273 72 621 44 154 292 85 292 209 730 346
792 430 105 694 32 276 584 142 111 43 278 236 668 685 49 458 563 793 145 521 173 111 365 543 69 334 415 391 804 633 71 683 150 84 254 661 494 686 313 324 44 66 185 168 336 430 331 166 194 571 594 618 110 564 373 193 304 21 591 194 80 173 136 367 250 667 258 217 336 169 110 382 442 73 620 413 194 527 506 516 73 537 105 789 248 342 69 57 487 717 136 615 564 444 437 209 45 125 443 300 213 562 797 730 499 279 108 68 59 203 499 148 0 572 64 218 148 447 460 146 318 797 694 478 479 598 101 842 759 333 635 126 323 84 353 128 584 637 82 295 80 718 780 123 150 697 241 93 23 332 559 442 133 116 368 41 167 839 631 273 290 309 785 134 179 166 121 169 410 453 226 73 827 650 844 606 683 303 792 533 136 88 137 89 235 217 271 620 357 273 766 488 688 692 657 805 309 425 481 795 694 680 252 834 519 191 157 192 685 795 88 179 602 630 299 772 802 148 304 43 647 380 106 159 175 127 530 768 214 134 737 153 126 119 51 181 181 780 55 793 188 466 50 611 352 674 97 50 441 538 545 154 777 171 245 825 685 51 737 643 81 98 716 407 542 49 250 370 153 617 43 644 218 444 81 677 118 684 557 123 472 448 630 194 626 331 474 367 765 330 117 417 707 383 121 289 553 599 374 31 227 497 96 167 311 78 438 163 438 516 654 406 167 636 42 16 520 46 87 797 86 695 46 273 569 739 223 656 294 592 410 388 663 344 187 690 137 618 449 496 307 113 293 94 393 103 623 280 247 497 158 131 534 682 354 22 151 173 118 326 95 121 774 208 235 782 128 145 317 675 155 629 496 429 198 175 291 724 437 804 389 342 150 741 338 48 767 399 135 382 178 606 792 131 98 806 148 192 430 189 485 203 534 395 831 70 532 225 451 721 590 60 344 324 412 813 615 189 252 709 129 75 618 99 573 275 390 119 528 782 125 277 334 133 481 524 665 618 734 278 214 341 414 740 89 282 531 188 785 619 460 820 762 823 150 216 840 123 40 631 86 616 286 403 218 561 114 140 142 595 556 820 366 131 537 97 682 452 82 809 69 294 171 201 43 22 163 50 189 232 101 691 112 105 153 135 188 101 779 413
228 145 551 131 540 299 176 701 488 530 347 372 244 120 585 218 41 221 445 72 436 656 227 30 599 246 179 309 288 78 538 124 721 494 335 136 80 118 267 286 615 637 410 405 374 266 386 489 688 19 100 47 599 63 212 401 268 587 100 411 505 399 659 248 336 132 329 365 263 406 676 190 146 616 90 245 378 47 218 158 499 50 674 228 331 235 578 528 140 179 486 131 145 128 136 366 617 449 143 327 361 16 239 167 77 404 560 558 513 394 108 501 572 0 585 726 462 164 112 437 255 228 177 96 94 157 538 277 215 241 201 461 272 618 238 562 17 178 500 365 492 146 259 692 720 127 333 664 554 240 38 194 705 688 204 571 513 267 65 345 351 283 219 456 394 466 681 404 166 156 351 499 259 199 320 48 111 281 228 61 679 492 618 661 354 363 306 48 249 299 213 88 117 143 190 263 397 153 166 234 140 126 325 263 100 722 418 691 153 262 520 697 50 165 363 202 247 660 284 601 132 241 470 415 412 686 43 233 381 705 171 566 457 453 532 427 402 208 532 222 389 195 554 70 234 157 591 587 165 109 43 424 233 429 355 264 145 586 204 125 608 574 146 182 39 587 354 227 510 118 611 91 380 135 497 131 562 128 15 540 117 143 67 464 125 246 169 218 296 252 457 155 145 204 471 283 90 58 214 599 353 171 643 405 275 605 148 436 146 97 118 166 730 100 536 580 93 615 635 253 635 123 614 305 99 171 480 104 375 76 162 184 107 231 386 147 689 48 150 112 265 684 287 487 191 488 151 295 369 97 414 703 69 111 244 592 508 618 454 248 663 471 212 536 341 258 444 489 260 146 419 90 78 153 374 407 335 200 140 294 282 271 716 171 259 592 258 195 452 198 556 35 220 689 587 247 507 388 144 472 88 742 74 205 260 513 138 350 141 149 31 513 233 253 358 241 150 396 402 178 630 510 68 474 39 299 183 631 104 223 465 307 240 662 124 217 221 79 164 303 368 286 177 180 661 311 64 385 342 96 116 258 228 276 476 358 277 693 611 159 626 66 286 170 360 11 646 642 699 59 16 251 223 449 236 475 159 128 502 237 504 308 499 482 573 562 704 614 386 404 564 121 497 474 713 448 525 671 243 159
799 447 54 701 75 286 577 174 163 77 265 277 657 701 111 449 571 804 140 528 158 157 367 555 14 357 440 371 800 640 132 689 163 128 286 663 510 695 338 318 63 73 226 193 309 415 381 130 248 582 596 631 172 584 378 187 318 78 593 237 80 191 187 363 281 670 289 221 366 197 139 398 448 32 640 402 218 539 495 512 100 546 128 795 275 363 9 112 487 719 110 614 561 458 452 234 76 156 449 339 224 577 802 737 509 251 53 131 97 196 503 207 64 585 0 165 130 447 472 148 330 805 693 489 494 594 163 848 761 351 627 170 322 140 355 71 598 632 130 274 110 729 778 146 146 708 253 98 57 349 568 437 135 117 384 105 122 850 646 313 274 309 802 179 194 139 154 184 419 455 254 100 834 643 841 622 695 307 799 551 179 95 197 99 269 247 296 632 354 291 770 499 701 696 652 806 279 444 478 800 713 686 260 845 523 234 187 245 687 794 66 128 619 627 278 786 805 92 333 36 648 412 117 188 173 162 542 767 252 130 745 216 127 146 60 227 216 793 112 804 218 459 113 617 356 675 160 16 467 540 561 161 778 215 239 844 688 112 737 645 139 38 726 411 552 17 243 371 112 618 85 651 256 452 125 681 182 690 570 75 493 453 646 250 626 339 471 392 755 354 149 431 714 408 168 305 556 606 378 80 232 492 143 182 314 22 459 208 459 520 658 418 147 640 63 49 542 84 135 798 135 708 88 280 571 748 182 674 271 612 424 402 670 365 201 694 174 632 452 519 325 132 299 99 398 153 621 303 288 517 181 133 541 695 383 55 110 109 147 336 87 114 780 271 260 780 148 114 339 677 169 635 511 436 220 178 278 724 455 799 375 336 134 755 337 108 763 425 133 389 242 619 805 105 161 811 208 196 441 245 501 163 540 396 841 74 530 249 456 732 600 98 364 332 461 824 612 224 228 710 187 126 625 120 590 296 408 176 530 801 171 305 353 84 485 560 656 624 743 283 218 332 438 746 106 314 549 202 772 623 477 825 761 824 204 240 845 120 74 628 42 623 301 415 246 574 64 197 114 602 568 828 369 170 523 117 683 460 85 820 105 328 231 259 107 84 122 97 217 211 165 701 167 112 128 174 138 124 779 428
928 596 178 834 238 433 690 238 327 242 384 442 761 845 251 562 708 942 287 664 290 256 500 697 154 513 595 470 913 774 288 821 194 293 449 788 656 830 495 445 186 171 391 355 398 520 546 238 344 721 723 773 304 733 514 326 467 221 719 403 240 349 288 488 443 797 451 365 526 359 214 547 583 145 790 516 377 679 602 631 265 684 200 924 436 517 167 273 614 844 242 736 680 603 599 395 196 320 585 504 375 720 929 869 649 345 169 282 262 333 635 366 218 726 165 0 265 576 615 299 477 938 813 630 640 711 317 977 885 504 737 335 455 262 489 165 741 746 294 380 275 867 893 205 154 845 403 165 220 500 705 559 163 160 534 253 216 986 790 478 387 443 945 344 350 260 229 340 560 584 414 264 965 755 954 767 834 445 929 699 265 255 321 174 432 409 454 773 482 444 896 639 842 825 765 926 367 595 600 929 860 816 406 981 653 304 350 339 812 912 217 39 765 743 383 927 931 74 492 175 773 573 276 350 317 236 683 888 416 151 877 360 280 309 225 392 381 931 272 940 380 576 267 750 492 797 295 173 623 667 707 314 901 380 371 989 815 252 859 771 267 159 862 546 691 174 373 502 217 743 211 784 421 591 290 810 328 820 711 187 644 587 790 412 750 481 593 548 858 511 313 576 846 563 333 457 685 740 513 216 377 611 248 339 452 145 611 373 611 651 786 563 114 769 228 202 694 207 246 920 246 847 212 425 698 882 262 821 372 762 570 547 802 518 356 821 250 774 584 672 476 194 441 258 536 317 740 459 453 668 341 163 675 835 542 199 219 111 311 481 148 263 909 421 419 896 308 237 494 801 325 765 657 574 378 326 398 844 605 910 483 461 125 896 469 245 876 581 282 528 388 760 943 111 298 938 366 343 582 406 646 53 674 526 977 237 652 408 590 871 738 263 518 476 626 961 730 388 334 833 305 289 759 283 736 452 557 292 659 947 336 465 505 85 616 722 764 756 879 424 362 452 593 876 184 476 698 357 867 751 625 953 882 945 367 399 973 152 200 746 132 757 452 559 408 715 104 310 102 736 710 960 504 335 625 280 805 599 245 957 270 491 389 419 253 239 67 220 378 326 311 838 329 271 104 339 210 198 900 575
671 331 89 575 124 168 447 289 159 112 135 212 528 581 188 319 446 680 31 403 28 259 240 433 144 252 333 244 670 514 170 563 289 124 203 534 391 570 236 189 179 197 173 116 188 286 332 46 335 458 468 509 240 468 252 62 202 169 464 188 68 99 280 233 197 542 203 100 272 124 256 282 322 162 525 272 129 416 365 382 94 422 248 667 184 254 122 143 358 591 23 485 431 338 334 146 188 109 324 266 113 456 674 611 386 132 98 184 111 69 376 212 148 462 130 265 0 319 351 46 212 679 563 366 375 464 196 720 632 240 497 143 195 228 227 101 477 502 134 148 97 605 648 267 275 583 140 224 125 236 443 307 264 246 269 175 68 725 525 242 145 182 681 149 96 25 268 89 296 326 166 94 707 513 711 502 572 181 672 434 284 67 268 224 192 165 197 510 225 182 641 375 578 568 522 677 162 331 348 673 595 559 141 720 395 338 121 334 558 664 66 234 500 497 151 664 677 198 238 157 519 319 63 118 53 275 419 638 185 260 618 257 43 96 97 185 153 669 148 679 142 329 168 491 230 545 226 137 360 411 442 61 649 172 110 725 560 190 608 517 222 112 601 285 428 138 113 243 57 489 190 524 191 328 126 553 227 562 447 78 379 327 526 233 497 216 341 287 625 251 107 311 587 302 150 193 428 480 251 178 112 362 243 88 188 148 347 169 347 393 530 298 276 512 107 147 429 192 234 669 233 585 193 160 442 622 94 556 146 497 305 282 543 255 100 565 285 511 324 408 213 255 176 61 273 148 491 200 225 403 102 262 414 572 285 160 54 163 100 216 216 31 653 288 166 650 81 30 233 548 78 507 392 311 127 64 148 594 340 669 245 206 264 633 209 191 632 320 34 265 272 497 681 234 225 683 217 80 318 233 382 280 414 268 716 78 400 156 330 609 476 112 256 211 402 700 482 158 104 581 267 140 499 81 471 192 292 259 402 682 149 212 242 201 357 467 526 497 618 160 97 202 331 619 228 227 433 101 643 495 360 698 632 695 194 147 717 249 184 499 170 497 188 294 162 452 185 279 242 476 446 701 243 130 394 80 553 336 68 696 109 243 234 252 177 153 242 198 136 84 214 576 170 59 257 135 93 244 650 310
353 118 407 258 416 174 145 585 384 404 192 295 237 281 470 72 136 367 308 93 291 544 81 138 461 176 168 147 358 198 429 245 597 378 252 216 126 255 191 131 487 508 317 291 210 111 360 338 593 153 149 208 497 198 76 260 158 465 145 323 372 277 554 89 250 223 245 230 214 295 556 117 35 479 247 83 266 119 104 76 374 114 552 349 238 161 440 412 40 272 341 168 120 92 104 259 492 333 38 277 235 164 355 293 92 243 416 448 390 251 60 411 447 164 447 576 319 0 84 303 142 362 247 83 114 155 436 402 314 154 197 355 125 506 94 414 181 193 386 204 369 293 334 570 590 270 210 536 426 148 134 35 576 558 124 455 361 410 228 282 192 139 377 352 270 318 564 279 67 8 251 374 390 209 398 211 262 144 353 167 569 361 521 534 268 264 213 204 94 192 322 85 271 249 214 359 234 130 44 354 303 241 196 405 77 617 306 595 240 348 382 550 212 186 201 355 358 514 213 469 201 223 341 302 275 569 124 321 292 574 301 477 324 334 401 337 302 358 417 365 284 53 440 174 95 228 487 452 180 92 164 293 331 335 209 424 241 471 290 198 498 430 287 45 124 452 206 77 360 171 489 208 294 56 381 235 465 244 149 394 152 30 231 387 179 120 38 171 327 183 340 92 270 168 366 174 109 165 74 476 220 63 530 281 135 467 147 340 144 75 211 87 594 194 407 452 184 492 521 351 520 276 491 175 123 306 322 267 213 224 97 99 226 154 263 247 575 210 18 178 165 560 155 355 62 380 177 200 298 160 295 574 101 264 201 465 358 466 335 131 531 334 334 464 239 335 320 342 178 229 292 189 125 46 260 272 179 278 124 359 119 115 581 326 110 476 321 174 316 73 475 194 368 552 483 364 418 255 68 393 118 598 99 52 401 381 87 245 30 297 167 390 159 129 368 386 169 297 245 263 529 396 183 348 188 200 122 527 83 385 360 225 155 519 41 296 227 180 303 169 233 126 164 301 535 239 167 262 357 176 121 379 315 377 384 250 399 563 486 186 488 182 174 83 260 154 504 542 561 160 149 384 81 339 139 350 236 54 369 382 382 245 417 408 457 441 561 494 277 250 462 263 394 343 575 340 369 548 333 102
334 49 439 235 429 186 189 591 380 418 240 271 279 230 476 155 105 333 333 68 325 547 121 83 487 143 100 225 370 175 430 225 610 383 231 215 47 226 163 180 503 525 305 294 279 193 309 378 584 111 152 159 493 125 103 289 157 476 150 307 393 287 552 147 231 218 224 252 170 296 566 82 51 504 180 163 268 67 179 132 388 80 563 332 224 129 466 418 92 268 374 182 156 20 33 256 506 338 47 236 249 105 341 272 40 301 449 449 401 282 70 397 460 112 472 615 351 84 0 324 143 337 254 19 32 186 431 383 309 132 235 353 163 509 130 450 126 221 390 262 380 258 343 581 609 237 220 553 442 130 101 118 593 576 95 461 403 379 175 249 246 173 330 348 282 355 571 292 55 80 243 388 367 241 406 152 223 170 334 92 571 380 513 549 250 255 198 160 145 189 312 30 229 237 240 357 299 61 114 338 246 224 212 374 86 615 308 587 237 351 408 585 151 210 261 314 348 548 183 488 204 163 358 304 300 576 70 322 276 593 278 463 345 342 420 322 295 320 422 333 280 134 445 155 125 233 484 475 104 112 95 312 327 323 244 374 234 476 291 199 500 461 256 78 83 474 244 122 399 177 500 187 276 30 387 224 457 227 97 429 69 54 176 365 187 134 112 122 357 149 346 44 249 113 363 171 113 142 106 487 240 130 534 294 164 493 72 330 68 81 203 54 618 184 424 468 102 504 526 348 525 235 503 192 132 279 373 208 273 154 52 72 206 124 274 239 580 160 66 95 155 573 175 375 83 379 199 186 270 77 303 591 84 223 152 480 397 508 343 136 551 359 316 440 232 343 332 378 153 228 307 176 46 48 263 294 229 282 50 373 195 167 603 283 152 482 335 111 340 88 456 147 333 577 480 350 404 276 33 372 37 630 86 105 371 401 127 240 54 261 130 401 127 140 302 353 192 288 296 263 524 400 161 362 123 189 77 524 98 332 357 203 132 550 67 213 263 164 273 191 255 185 96 283 550 210 91 273 394 170 38 363 317 373 372 248 382 581 500 208 514 158 174 57 252 102 533 537 586 139 96 360 115 339 211 364 238 29 389 349 392 211 398 384 463 451 591 504 276 296 457 230 389 362 600 339 416 560 333 51
652 300 120 554 116 138 438 287 125 104 135 166 522 554 177 313 424 656 15 381 47 251 221 407 162 215 297 250 659 493 148 542 295 96 158 518 363 547 197 178 184 205 128 70 204 286 286 92 318 434 451 483 220 437 231 48 170 165 447 142 70 54 268 221 152 524 159 73 230 79 256 251 301 180 494 267 84 391 360 370 77 399 251 648 141 219 142 124 343 574 64 470 419 310 304 102 190 69 302 221 77 429 656 590 361 154 130 165 95 59 357 176 146 437 148 299 46 303 324 0 182 658 549 341 346 453 169 701 616 205 489 104 178 216 209 138 450 491 106 158 75 582 636 269 288 560 106 233 124 203 420 296 273 256 237 162 114 702 498 197 149 164 654 109 53 69 266 44 271 310 121 77 687 504 699 474 547 160 652 404 276 58 248 231 146 120 156 484 211 146 624 351 553 550 511 662 183 298 336 654 566 539 112 697 377 329 76 318 542 651 84 265 472 485 162 638 660 228 196 166 504 278 40 73 30 272 394 624 139 272 597 227 21 58 98 141 107 645 128 656 96 320 151 470 209 530 207 151 324 395 414 16 633 128 99 696 543 179 593 500 209 140 579 265 405 151 105 226 102 473 188 504 145 305 99 535 201 543 422 115 347 306 498 191 482 191 329 249 619 213 69 283 567 265 112 159 410 459 231 176 84 351 236 43 168 169 313 126 314 374 512 270 294 494 105 150 396 191 226 654 226 560 191 132 425 601 135 527 160 466 276 254 523 220 58 548 280 484 306 374 178 259 151 53 251 115 479 161 179 371 56 272 394 547 245 163 98 203 61 188 229 35 633 251 124 637 40 75 196 531 32 488 364 289 83 31 147 580 308 658 245 196 280 607 193 181 622 283 17 242 240 471 657 253 205 665 181 49 293 192 353 308 393 251 694 78 387 113 310 584 453 95 220 184 356 676 469 112 123 566 250 114 478 54 443 154 261 244 385 654 111 170 207 227 339 426 519 477 596 136 70 196 295 600 233 183 402 59 640 477 330 679 618 679 155 104 699 260 185 486 190 476 154 267 117 426 210 263 262 455 420 681 223 89 392 54 538 312 67 672 89 200 196 211 165 144 268 195 90 100 191 553 137 41 276 94 139 247 635 280
475 119 300 376 286 45 287 451 244 275 129 156 378 371 335 184 245 476 192 204 188 408 71 226 344 65 128 184 497 315 291 365 468 243 113 347 180 368 66 89 360 382 176 153 201 187 241 245 453 253 281 302 358 256 66 151 16 334 277 181 250 145 416 99 110 352 106 112 105 157 424 70 128 361 313 153 127 210 231 217 245 220 421 472 97 57 324 277 181 403 235 305 261 128 122 118 363 197 128 153 106 247 481 413 181 197 309 311 259 146 186 269 318 255 330 477 212 142 143 182 0 479 383 160 164 295 296 524 445 39 339 216 64 370 63 313 268 334 250 163 238 401 471 439 466 380 78 410 299 31 241 152 450 433 57 321 270 521 316 150 143 62 472 212 139 220 431 149 93 147 110 245 509 351 536 292 366 48 475 222 432 237 380 407 127 123 73 303 86 51 450 170 371 375 354 492 207 119 184 478 384 363 71 517 206 479 168 454 371 483 266 446 289 326 163 456 486 408 87 346 334 141 215 164 160 436 212 455 151 450 419 336 203 200 277 195 160 463 282 476 144 179 305 294 55 362 348 332 155 227 231 169 462 193 115 514 370 336 424 330 361 321 399 97 225 332 117 79 264 305 358 327 153 126 246 361 324 367 240 290 168 135 316 246 314 26 177 90 469 69 205 101 389 101 226 33 239 282 70 345 100 202 394 151 49 351 137 199 136 202 339 89 476 320 281 325 217 362 386 483 385 378 361 53 256 421 251 345 174 285 94 71 346 53 131 375 440 302 138 197 27 431 42 232 81 242 317 61 161 191 161 449 217 366 105 338 261 373 201 11 408 217 457 324 98 472 190 241 53 361 164 313 182 114 122 153 124 413 128 498 159 93 461 426 70 341 460 119 198 70 333 290 475 434 344 490 276 135 113 252 171 490 218 98 513 258 228 104 138 403 273 259 57 19 273 496 308 155 180 396 389 260 301 219 260 59 81 388 216 471 221 89 41 409 169 273 369 302 416 56 115 112 125 423 407 106 221 131 499 304 148 503 449 508 243 110 522 439 358 325 372 298 33 86 119 244 392 402 444 278 239 502 67 201 267 221 369 135 247 492 250 117 275 268 323 309 450 362 137 172 322 373 254 219 458 201 287 418 466 98
28 373 768 104 765 521 273 928 716 754 554 599 260 139 812 387 234 40 665 277 652 884 439 256 819 474 404 486 159 165 766 117 947 720 562 158 308 111 495 493 839 861 638 631 559 435 602 700 916 226 217 185 827 257 428 619 493 813 221 638 727 623 887 450 564 147 556 585 490 633 902 417 358 837 218 428 604 270 360 314 724 259 900 38 559 462 798 754 325 114 702 212 269 354 363 592 842 675 356 552 584 240 49 69 298 600 777 785 738 610 303 728 797 228 805 938 679 362 337 658 479 0 152 319 322 246 766 53 91 468 247 689 485 845 451 776 218 225 727 563 717 85 140 918 944 101 556 889 778 467 237 381 929 912 431 798 722 54 180 571 553 497 101 683 618 679 908 628 387 354 578 724 32 230 160 206 120 499 26 279 906 714 846 885 582 590 533 180 456 525 69 308 120 117 214 101 587 380 341 39 158 122 546 48 285 950 644 918 138 121 740 911 212 220 560 74 64 875 511 823 174 463 693 641 632 913 268 111 608 928 61 793 679 679 755 654 630 53 759 30 616 368 781 188 450 158 819 809 386 273 263 646 91 657 569 135 130 813 117 174 836 791 82 394 254 809 567 436 721 201 837 155 607 353 724 131 790 118 241 755 342 352 184 691 196 467 348 445 226 479 683 380 92 431 698 508 253 199 428 824 573 334 870 629 491 825 374 664 372 287 155 391 952 169 759 804 303 841 862 93 862 111 839 526 242 57 682 179 571 239 388 409 136 458 610 124 916 187 355 328 491 909 507 709 407 715 217 522 596 318 639 927 265 123 470 816 720 828 680 471 886 691 39 761 568 135 668 704 487 147 642 173 306 369 600 627 541 133 367 171 465 477 938 86 470 819 161 420 673 416 782 194 48 910 814 50 734 609 366 698 315 959 265 412 43 735 291 576 349 85 206 738 460 474 560 40 225 623 606 127 858 737 180 698 238 525 411 859 279 132 693 535 467 880 322 394 238 182 64 522 588 487 403 65 886 539 282 609 274 188 343 48 113 97 704 584 58 917 836 214 847 182 511 393 588 238 864 870 919 203 243 23 436 676 355 700 149 345 724 37 729 535 726 708 800 787 921 840 612 612 791 107 724 696 933 675 731 897 108 386
131 300 651 89 663 420 127 831 626 651 431 524 112 182 716 252 156 179 554 186 535 790 328 193 707 396 345 348 116 102 673 81 844 624 483 41 245 109 416 375 734 754 555 535 422 297 557 578 834 163 102 163 740 235 322 506 398 712 105 558 619 523 798 330 483 46 476 477 423 539 803 334 255 725 229 297 510 197 217 183 621 177 799 123 474 382 685 658 207 39 585 79 134 274 286 501 739 579 255 489 482 194 124 96 216 469 659 693 637 497 197 648 694 177 693 813 563 247 254 549 383 152 0 235 253 103 679 173 73 382 95 598 372 752 341 655 180 74 631 434 615 138 89 817 836 123 455 782 673 379 160 256 823 805 346 701 599 206 177 502 427 385 224 594 516 560 810 526 292 240 490 621 169 78 153 191 140 390 133 239 814 608 762 780 501 503 448 151 339 433 90 224 152 56 62 113 452 311 215 126 216 71 442 200 177 861 550 836 30 101 627 789 198 72 431 192 121 755 436 715 50 410 588 546 521 816 199 75 527 820 106 715 570 580 648 573 542 180 663 171 526 237 686 108 342 21 730 698 336 156 220 540 88 573 454 271 42 717 45 56 743 674 123 288 180 699 450 324 600 78 735 91 528 259 627 56 706 72 183 636 288 248 184 618 69 365 222 376 123 403 585 296 86 365 609 415 144 121 320 723 466 203 776 528 382 712 314 579 311 181 60 303 839 77 654 699 270 739 767 107 766 147 738 422 126 119 552 207 441 234 304 321 83 377 509 45 821 167 246 289 401 807 402 602 303 624 74 435 524 272 541 821 170 147 405 712 599 702 581 373 777 580 114 693 479 89 567 585 405 32 539 87 243 269 504 519 418 31 298 120 332 357 827 176 356 722 82 360 563 314 709 161 185 797 726 131 655 501 275 625 249 839 168 299 195 628 163 486 245 144 146 637 380 373 534 190 83 536 479 25 772 642 109 595 210 437 331 771 167 249 603 455 383 762 214 392 88 99 125 415 479 363 342 91 782 464 241 508 171 86 276 147 69 132 622 492 166 809 733 68 733 112 416 303 500 183 748 784 805 122 186 167 327 583 206 597 18 250 616 186 629 465 651 638 703 687 804 741 520 489 705 120 636 590 820 583 604 795 87 305
316 67 455 217 446 203 174 609 399 436 252 290 263 216 494 151 86 316 349 49 340 566 132 67 503 162 116 228 351 156 448 206 628 401 250 196 44 208 182 191 520 542 324 312 287 193 327 393 603 93 134 143 512 117 116 305 174 494 131 326 410 305 571 156 250 198 243 268 188 314 584 101 54 520 170 165 286 50 172 120 405 61 581 314 243 148 482 436 82 249 389 164 140 39 52 274 523 356 51 255 266 91 323 253 21 311 464 468 419 297 56 416 478 96 489 630 366 83 19 341 160 319 235 0 34 169 450 365 290 151 218 371 176 527 143 465 111 204 408 272 398 241 323 599 626 219 238 570 459 149 82 118 611 593 114 480 416 361 160 268 257 187 315 367 299 370 589 309 70 77 261 405 349 224 387 139 206 185 315 85 589 397 532 567 269 274 217 144 155 207 293 11 213 219 222 338 308 79 107 319 233 205 229 357 70 634 326 606 218 332 424 600 138 193 270 298 329 564 202 505 185 180 375 323 316 594 53 303 295 610 260 482 362 360 437 341 313 304 440 316 299 130 463 136 138 214 503 491 117 95 84 329 308 342 259 360 215 495 272 180 518 477 238 88 64 491 258 132 413 159 518 168 295 39 405 205 476 208 81 444 77 55 162 384 168 150 106 141 339 168 364 63 230 131 381 189 95 123 118 505 257 121 553 311 178 509 87 349 83 64 184 72 635 165 441 486 101 522 544 329 544 219 521 208 114 261 385 195 282 145 71 90 187 144 292 220 598 145 65 99 173 590 191 392 95 398 181 205 289 80 320 609 65 206 171 498 411 522 361 153 568 375 298 459 250 323 350 393 172 209 324 157 42 58 281 311 241 263 67 354 199 178 620 267 164 500 316 129 356 102 475 131 316 593 498 331 423 292 48 391 36 646 67 113 353 418 113 259 54 244 113 419 146 156 317 336 175 307 308 244 543 418 142 379 111 208 97 543 82 319 376 222 151 566 57 220 245 145 256 206 271 194 113 264 567 229 85 291 377 151 50 344 297 354 391 266 364 599 518 190 530 139 192 75 271 86 549 555 603 120 80 342 127 358 201 381 219 34 406 332 410 230 418 403 481 469 607 522 294 309 476 213 408 379 617 357 429 578 314 70
321 51 463 223 447 209 204 607 394 437 269 279 291 207 492 184 98 314 356 73 350 562 151 66 508 152 92 256 369 165 445 214 628 400 241 213 16 211 173 209 522 544 317 311 311 224 304 405 595 98 155 139 505 95 133 314 177 494 153 317 414 306 565 179 242 213 235 276 172 312 582 97 82 525 151 194 285 56 206 154 407 76 581 320 237 141 488 434 116 263 398 187 170 38 42 272 524 356 78 238 270 83 331 259 42 331 473 464 420 307 89 407 479 94 494 640 375 114 32 346 164 322 253 34 0 197 444 370 303 147 246 367 191 524 160 475 105 230 406 292 399 240 340 598 628 221 241 572 461 147 93 149 612 595 111 478 429 361 152 253 276 201 307 362 302 381 587 312 84 110 257 407 353 250 403 128 205 196 321 61 585 401 525 568 261 269 212 142 176 206 303 39 209 230 247 351 330 60 141 326 220 215 235 357 100 628 324 597 233 347 430 609 125 218 291 293 338 572 190 509 204 157 379 321 324 592 56 318 287 612 264 473 367 360 440 333 308 301 439 315 295 163 461 149 153 232 497 496 87 124 67 333 321 335 271 350 229 492 287 198 514 485 240 110 74 496 271 152 425 180 518 178 286 62 404 217 469 218 80 453 44 85 152 372 189 159 139 126 362 158 363 64 237 113 377 190 120 135 135 505 264 155 549 313 190 515 61 342 58 95 198 77 639 179 444 488 70 522 541 341 541 216 520 216 138 265 402 181 303 124 70 93 196 137 294 232 595 139 96 65 172 590 199 396 113 394 205 201 277 46 321 610 87 204 153 499 422 534 361 159 571 381 304 445 247 340 352 403 166 225 327 170 17 80 281 317 259 280 47 373 227 198 624 262 181 498 335 107 362 117 463 128 314 598 493 339 414 299 62 379 7 654 91 137 353 422 145 256 84 242 118 420 139 164 289 335 200 302 325 260 536 416 152 381 96 205 89 537 111 307 371 213 146 573 91 186 272 158 258 216 279 216 89 272 568 218 60 293 403 167 23 351 312 365 383 264 370 601 519 214 536 149 193 82 267 84 556 549 608 133 78 345 145 355 235 383 236 61 410 331 411 216 407 390 479 468 614 521 292 324 470 215 403 383 622 354 443 578 328 66
229 235 551 155 568 329 28 738 538 556 331 446 94 225 624 150 119 264 457 124 436 698 235 156 608 320 285 245 206 118 583 141 748 532 403 88 195 164 338 276 638 658 471 445 320 195 495 477 748 138 59 171 652 220 231 408 312 617 57 476 522 431 708 232 402 100 396 381 353 450 708 258 171 626 239 195 420 150 115 83 527 128 703 222 390 306 587 566 115 137 485 38 35 205 219 413 643 487 172 419 389 171 224 180 155 367 559 602 543 399 118 564 598 157 594 711 464 155 186 453 295 246 103 169 197 0 591 273 176 302 49 510 276 660 247 554 169 39 540 332 522 204 183 722 739 182 364 686 577 298 122 157 726 708 268 609 497 299 193 428 326 290 297 507 424 460 717 433 210 149 405 527 267 56 247 194 188 297 230 208 722 511 675 684 420 418 365 161 242 346 190 160 200 130 59 215 349 247 117 226 257 131 349 293 100 771 461 749 108 201 529 688 199 32 329 267 223 654 360 618 73 349 492 456 424 723 154 176 445 723 190 631 474 488 551 490 456 261 571 259 438 136 594 102 249 89 641 601 284 75 192 445 190 488 356 346 116 625 148 75 652 574 192 198 136 601 352 229 499 53 641 118 446 181 535 118 619 135 154 535 239 163 199 539 54 275 124 306 174 327 494 222 160 298 520 328 77 106 229 628 372 102 683 435 288 613 256 494 252 105 97 225 740 92 558 603 239 644 674 209 674 200 644 329 61 200 450 234 339 231 230 242 127 300 416 122 729 176 158 250 317 712 309 506 215 535 30 352 447 230 449 724 111 193 337 616 498 600 489 285 680 482 210 615 393 186 473 485 326 98 445 97 193 186 414 423 318 133 236 205 229 258 728 244 260 629 168 297 466 226 628 162 269 698 637 233 571 406 198 545 195 738 106 204 289 531 68 399 160 210 132 543 303 283 486 279 21 451 378 125 683 550 111 501 196 353 258 681 88 316 515 375 303 662 130 368 77 98 202 322 384 263 282 181 686 387 210 415 209 78 218 248 170 234 538 404 268 712 638 35 634 112 328 224 414 156 648 696 706 103 156 264 235 494 110 502 98 173 519 275 535 390 570 559 611 594 703 646 432 389 617 176 548 494 721 495 502 700 188 232
765 393 193 666 93 262 580 169 53 98 300 172 670 645 69 463 536 757 177 497 213 122 357 510 169 292 368 414 793 606 32 656 203 73 204 643 458 655 271 330 132 151 128 147 373 445 243 231 157 541 577 582 62 520 360 214 280 96 573 130 137 164 121 369 202 647 210 222 282 142 154 350 424 174 574 421 171 497 512 510 103 511 158 763 207 304 166 57 476 698 196 601 556 413 403 178 124 109 424 232 206 526 773 703 471 323 198 36 88 225 482 53 101 538 163 317 196 436 431 169 296 766 679 450 444 591 0 814 739 299 632 81 321 85 346 218 548 629 63 327 99 684 767 171 220 665 228 169 107 301 532 439 201 189 336 64 241 804 592 207 316 307 742 84 173 221 153 166 387 442 189 103 797 645 832 566 648 297 765 491 143 132 84 162 184 176 233 586 356 246 743 461 651 668 650 787 352 386 476 769 649 655 245 800 502 184 131 158 666 779 160 278 562 622 330 733 779 248 256 142 630 321 135 135 196 155 499 751 158 208 708 61 157 114 122 114 137 743 55 759 153 466 50 586 342 658 53 150 391 524 506 168 757 110 260 779 664 69 719 626 75 192 684 393 514 149 267 364 226 601 110 618 160 421 71 654 32 659 524 207 428 431 590 103 610 316 469 322 763 287 105 387 680 337 71 264 535 574 362 102 228 493 112 165 306 178 394 102 396 498 633 379 249 614 112 117 474 115 106 778 106 659 111 263 552 709 288 612 329 546 379 360 637 308 180 669 155 581 434 449 278 169 283 137 377 58 613 245 179 453 146 200 512 646 302 118 222 271 112 306 180 165 747 108 200 768 133 208 279 656 159 606 460 409 177 190 310 709 399 794 405 346 230 703 336 76 756 351 168 366 81 572 756 220 49 781 51 201 405 96 450 296 513 387 797 129 523 193 434 686 561 87 306 307 326 777 604 143 292 692 93 57 592 117 533 243 355 93 512 736 76 231 300 232 465 456 662 595 702 273 220 352 368 714 156 229 489 181 789 599 423 794 745 803 67 187 813 197 119 622 185 589 263 377 179 528 213 106 231 570 522 789 357 98 546 118 665 429 134 774 88 237 73 105 64 79 258 105 159 269 26 659 42 138 240 97 266 156 762 381
49 421 809 148 810 565 299 974 763 799 592 648 270 192 859 420 279 84 707 321 693 930 481 304 862 522 454 518 140 209 813 159 992 766 611 190 357 159 543 533 883 905 686 677 592 467 655 740 965 273 254 236 875 309 470 660 539 858 257 687 771 668 935 489 612 180 605 628 540 679 948 464 400 880 271 463 650 317 388 348 769 304 945 53 607 510 841 801 363 136 743 243 301 401 411 639 887 721 399 603 629 290 49 111 344 636 817 832 783 652 344 777 842 277 848 977 720 402 383 701 524 53 173 365 370 273 814 0 100 515 266 736 526 892 493 816 268 246 773 599 762 137 130 963 988 152 601 933 822 514 283 418 973 956 478 844 761 63 232 621 590 539 142 731 663 720 954 672 432 394 626 768 23 248 128 258 171 541 49 330 954 758 895 930 630 638 581 230 496 571 83 354 173 152 232 83 621 429 377 48 210 162 590 59 325 998 691 967 166 107 782 951 264 244 596 121 54 916 560 867 205 514 737 687 674 959 315 111 657 972 106 842 722 724 799 703 677 101 805 76 663 402 828 231 492 184 867 852 437 310 313 690 90 705 610 165 162 859 129 207 883 832 132 436 300 852 608 477 761 235 882 197 656 398 770 167 839 158 290 795 392 395 237 741 228 511 384 495 217 528 728 427 135 481 746 554 293 243 470 869 617 368 917 674 534 868 424 712 422 328 191 437 994 208 804 848 355 886 909 81 908 164 885 569 279 106 718 232 607 292 435 455 178 506 655 156 963 238 396 380 538 955 550 753 450 762 244 569 645 369 685 972 308 175 520 861 760 866 725 516 930 733 68 812 615 125 713 744 535 177 687 213 355 412 645 670 579 147 416 152 499 516 981 138 511 865 154 471 715 460 832 244 91 953 862 41 783 652 412 748 364 999 308 453 57 779 326 623 391 138 253 783 508 518 613 72 253 671 643 149 906 783 223 743 289 572 458 907 319 174 740 583 514 921 363 447 251 223 115 565 631 525 453 101 931 588 333 654 259 226 392 25 115 70 753 631 11 961 881 240 889 226 556 439 635 286 906 919 961 246 292 33 478 723 379 744 175 390 767 72 774 585 776 758 846 833 963 886 659 651 839 157 772 740 976 722 768 942 102 433
64 353 720 90 728 484 201 895 688 717 502 580 172 175 780 324 205 126 622 242 605 853 395 238 775 452 393 421 85 138 736 93 910 687 540 99 292 110 472 444 800 821 614 598 495 370 601 649 893 206 165 186 801 263 387 574 460 777 169 616 686 588 860 400 541 93 534 543 475 601 868 391 318 793 241 369 572 246 290 254 687 230 864 55 533 439 754 722 274 42 654 149 205 329 340 562 805 642 317 540 547 231 52 66 270 542 729 755 702 565 260 706 759 215 761 885 632 314 309 616 445 91 73 290 303 176 739 100 0 441 166 660 439 815 407 726 213 147 695 506 681 117 58 882 904 115 520 849 739 438 210 326 890 872 404 765 670 141 192 556 498 453 181 655 581 630 875 591 352 307 551 687 99 148 107 213 137 457 67 275 877 674 822 847 559 563 507 176 407 494 22 279 146 73 132 48 525 362 285 57 204 89 507 136 240 923 613 896 74 50 696 860 220 145 503 150 47 826 491 783 113 456 654 609 589 880 246 25 585 888 72 773 637 644 715 632 603 133 726 117 587 309 749 154 408 88 792 766 380 222 257 606 18 632 523 223 75 781 29 116 806 744 103 352 229 766 519 391 670 143 801 125 585 319 691 86 766 87 225 706 332 311 198 674 135 429 292 428 139 458 649 353 77 416 670 476 207 168 386 788 533 274 839 593 449 781 361 639 359 244 106 361 908 126 721 765 305 805 830 39 830 138 804 487 191 84 625 210 513 254 361 379 108 434 574 71 885 189 311 327 461 873 467 669 367 686 146 495 578 312 605 888 228 144 456 778 669 774 645 436 845 648 52 747 539 54 632 655 463 85 604 134 289 331 567 586 488 46 349 95 404 426 895 145 424 786 74 408 630 377 765 189 133 866 787 59 713 568 334 681 297 910 227 366 131 695 233 547 308 122 186 702 437 437 570 131 156 596 551 52 832 705 151 661 239 497 387 832 232 211 665 512 441 832 278 416 151 146 94 481 546 434 391 51 849 519 278 573 188 141 326 75 24 64 681 554 93 877 799 141 802 153 478 362 560 223 818 845 874 170 228 100 393 645 279 662 79 310 683 128 694 518 708 692 767 752 874 806 582 560 765 116 697 657 889 645 675 861 30 361
466 97 325 367 301 75 297 460 248 291 168 143 390 353 345 207 237 461 217 198 218 416 99 212 365 28 94 219 498 307 298 357 481 253 101 345 162 357 37 127 376 398 173 165 239 217 212 276 453 242 280 286 361 233 87 180 40 347 277 176 271 161 420 131 100 348 94 140 69 165 435 51 131 382 289 182 138 198 251 229 261 212 434 464 92 18 346 287 189 400 263 307 268 114 105 125 378 209 131 125 129 230 473 404 172 235 335 317 273 177 187 266 333 241 351 504 240 154 132 205 39 468 382 151 147 302 299 515 441 0 348 221 102 377 94 340 252 340 259 202 253 387 471 451 482 367 100 426 315 8 233 171 466 449 37 331 301 508 298 128 182 101 453 216 157 251 441 167 92 157 111 261 499 358 536 273 352 87 466 201 439 257 381 422 119 123 66 289 118 61 444 162 356 369 360 489 246 93 197 470 362 356 100 503 207 483 177 455 368 482 289 471 270 331 202 440 480 433 60 364 333 102 235 174 187 445 200 453 145 466 409 333 225 214 295 191 162 448 292 462 149 198 314 287 85 362 352 352 121 231 212 191 459 191 150 493 366 346 421 328 368 346 386 109 215 351 153 106 294 305 371 319 145 124 257 355 325 359 226 318 141 139 297 237 314 60 191 51 477 33 216 88 381 64 231 47 239 274 92 359 128 216 403 169 88 373 108 198 108 202 334 80 495 315 298 342 191 376 394 479 394 363 374 86 257 410 287 324 212 261 80 62 338 15 150 370 448 286 146 169 27 444 79 252 93 248 321 54 145 166 175 464 213 351 67 353 291 403 214 45 425 241 448 313 100 472 206 270 24 358 183 307 164 116 134 178 163 412 105 500 192 129 479 409 105 351 462 82 222 83 327 275 460 454 348 482 273 160 107 243 153 513 215 119 500 278 235 109 142 389 262 273 18 56 237 481 313 156 218 394 392 269 293 236 241 58 58 392 218 450 225 73 2 432 173 236 378 296 404 92 143 149 91 415 421 85 198 149 509 300 127 495 447 504 240 117 514 455 372 330 393 290 52 80 120 230 414 405 464 271 225 491 93 208 288 238 368 132 267 478 264 92 269 257 333 321 473 374 145 208 325 361 257 239 478 207 319 431 464 82
226 284 582 171 605 370 52 775 579 593 363 491 45 253 662 178 165 272 492 173 469 737 275 203 641 367 334 267 175 150 623 159 784 571 448 101 244 185 384 311 673 693 514 486 341 217 543 507 789 182 101 209 693 264 273 443 355 654 101 520 557 471 748 268 446 114 441 419 401 491 745 305 217 659 278 225 462 198 135 122 564 176 740 218 435 352 619 605 159 134 517 71 80 254 268 455 679 527 218 466 428 216 217 188 204 392 589 642 581 433 166 608 635 201 627 737 497 197 235 489 339 247 95 218 246 49 632 266 166 348 0 551 314 699 287 583 212 27 580 359 559 222 158 758 773 202 405 720 613 343 169 194 760 742 315 647 525 301 229 475 355 328 313 548 463 491 754 472 256 192 448 564 264 19 217 233 212 336 228 255 761 547 717 719 464 461 410 197 279 389 184 209 226 141 34 197 372 296 156 221 286 148 389 295 148 811 502 791 114 179 562 716 240 39 356 281 213 683 406 652 90 398 529 497 460 760 202 159 489 757 198 674 510 527 587 534 498 272 609 266 480 169 633 139 290 92 682 634 333 123 238 482 177 531 391 361 124 663 137 96 691 605 208 242 184 635 386 269 528 86 677 146 490 228 575 132 661 151 199 565 288 209 236 584 82 317 163 354 131 374 533 270 172 346 561 372 126 146 270 665 410 139 722 473 327 645 305 537 301 154 117 272 772 120 594 638 286 681 713 193 712 223 680 369 109 210 475 268 365 273 277 288 150 346 456 130 767 214 202 298 361 748 349 541 258 575 51 397 493 278 489 758 159 219 385 651 527 626 528 328 714 517 209 661 436 161 512 516 372 106 483 128 241 232 455 460 349 119 285 173 256 293 760 262 298 667 139 346 501 270 672 201 278 730 678 225 615 443 246 590 243 767 155 245 290 567 112 442 206 228 173 581 350 325 535 284 51 494 406 120 724 590 147 539 239 397 305 722 137 335 556 421 349 691 176 415 30 133 214 361 421 295 331 185 722 433 257 455 161 112 267 240 154 216 581 446 259 746 674 45 666 148 371 270 457 201 679 737 738 144 202 263 276 535 116 540 100 220 555 280 573 437 614 605 649 631 733 684 473 419 658 197 590 530 752 536 528 736 171 280
687 317 176 588 99 181 499 240 29 94 224 110 588 571 126 382 457 681 116 418 151 195 276 433 181 217 296 337 712 528 77 578 265 43 132 563 382 578 196 249 169 191 59 66 302 366 212 186 239 463 496 506 142 447 279 143 200 135 493 68 106 85 200 288 128 567 136 144 213 60 217 272 343 193 502 340 89 419 431 429 73 432 217 685 130 227 169 71 395 618 151 520 475 335 326 97 167 36 344 174 126 450 694 624 392 256 184 96 73 153 401 72 126 461 170 335 143 355 353 104 216 689 598 371 367 510 81 736 660 221 551 0 240 156 264 201 472 548 44 254 63 607 687 234 272 588 147 216 116 222 453 358 254 239 258 112 203 728 517 147 241 227 670 9 94 169 221 89 307 361 110 73 720 564 751 491 572 216 687 417 218 94 166 211 112 99 156 509 275 166 664 382 576 589 569 707 284 310 395 690 577 576 164 724 422 263 49 240 586 699 134 297 488 540 257 658 700 262 183 166 550 255 83 54 126 225 421 670 89 258 630 130 100 47 112 57 59 668 75 683 73 384 95 507 261 578 132 163 320 443 430 98 677 45 183 707 585 126 639 545 147 185 607 312 435 162 190 282 188 520 157 540 92 341 46 575 111 580 447 183 355 350 516 91 529 235 387 249 682 212 36 309 601 264 11 184 454 495 281 145 148 412 182 87 225 190 320 38 322 417 553 299 293 534 107 139 402 162 174 698 174 583 159 182 472 631 237 539 258 474 301 281 559 231 100 589 228 506 353 377 199 228 202 95 296 27 532 167 121 380 67 253 432 571 232 148 184 264 44 225 221 115 669 147 121 688 64 164 202 576 84 527 384 329 95 117 234 628 323 713 326 266 275 628 255 132 675 279 109 285 138 495 680 256 128 703 78 125 326 90 374 327 433 306 721 105 442 113 354 610 483 72 229 226 291 702 523 66 225 611 174 52 513 67 458 163 278 172 431 664 6 157 222 252 385 399 581 515 625 192 142 273 295 636 208 159 415 101 708 519 347 716 664 723 51 106 735 246 161 540 205 511 183 298 101 451 232 187 267 491 445 712 275 18 466 69 585 349 102 698 65 170 92 109 114 109 286 158 78 202 107 582 40 89 279 15 229 215 682 303
477 158 283 381 292 64 262 462 269 280 78 206 349 391 349 142 253 487 182 209 167 423 45 242 336 129 182 121 481 320 310 368 473 258 165 341 208 376 130 25 362 383 213 174 138 132 302 218 478 266 274 318 381 287 60 135 73 341 270 222 247 158 435 48 161 348 159 106 170 180 432 115 128 354 342 102 152 224 191 193 251 228 428 473 144 119 315 291 165 397 217 292 241 154 154 150 368 214 130 214 115 267 480 416 194 143 292 329 267 126 181 303 323 272 322 455 195 125 163 178 64 485 372 176 191 276 321 526 439 102 314 240 0 386 33 292 287 314 267 106 246 412 458 446 465 389 94 411 302 94 250 119 451 433 107 334 241 531 336 207 87 14 491 239 150 196 441 158 108 132 150 251 513 328 522 314 379 26 477 252 448 236 406 409 175 162 127 318 35 97 447 184 386 374 334 484 148 162 159 478 408 364 77 526 201 498 191 479 365 473 257 427 313 308 105 472 483 391 150 344 326 204 217 186 150 447 228 446 195 449 424 368 199 213 276 234 193 476 296 485 174 145 320 296 38 353 369 327 207 217 257 169 456 228 85 536 366 350 415 323 378 306 408 91 236 327 83 48 238 296 365 330 198 137 261 359 351 368 256 271 208 132 337 289 304 44 151 150 444 133 220 130 393 159 251 84 233 286 58 352 96 175 408 160 19 342 182 233 180 198 336 116 469 318 283 327 255 368 399 476 399 392 368 59 248 428 210 370 117 316 127 106 349 115 142 371 454 320 130 238 90 436 41 230 81 264 301 116 213 228 176 449 220 380 169 340 237 347 215 57 406 209 458 366 138 459 198 219 117 354 170 313 208 119 146 148 69 402 167 481 98 31 456 441 16 354 444 176 191 75 370 306 487 427 366 489 310 130 130 294 197 474 219 73 522 256 209 140 135 415 283 268 119 47 338 506 292 190 134 388 412 277 305 225 286 111 127 409 208 494 246 146 105 395 163 329 344 303 424 49 108 48 178 425 411 165 251 141 468 300 182 503 440 502 277 142 523 438 362 309 363 303 80 111 157 261 380 425 436 281 256 507 49 223 226 226 361 144 244 502 260 178 313 311 336 318 437 371 166 133 346 383 280 219 450 225 253 424 458 133
843 473 188 744 104 332 648 85 130 115 351 257 735 726 39 526 613 838 219 573 251 39 426 589 139 373 450 466 865 683 79 734 120 128 286 717 538 734 352 390 83 92 210 217 415 502 325 249 110 619 650 662 43 602 430 264 354 64 647 213 159 229 53 432 283 722 291 282 365 213 70 428 497 134 656 481 242 575 574 578 139 588 77 841 286 383 147 95 547 773 218 673 626 491 482 253 70 173 498 317 271 606 850 780 548 360 190 60 122 275 555 135 84 618 140 262 228 506 509 216 370 845 752 527 524 660 85 892 815 377 699 156 386 0 413 209 628 699 120 372 142 764 840 88 142 744 296 99 105 378 609 505 123 114 414 54 251 884 673 292 365 372 825 162 237 248 68 228 462 513 266 139 876 714 904 647 728 364 843 573 62 163 60 91 266 255 312 666 421 321 819 538 732 745 719 862 390 466 544 846 731 732 311 880 575 113 202 108 741 853 171 225 643 692 376 814 855 203 338 107 704 405 176 206 246 70 577 825 241 132 786 102 198 173 133 198 215 824 90 839 229 531 66 663 411 732 38 125 474 596 586 220 832 192 315 862 740 38 793 700 10 177 763 464 591 124 321 431 237 674 56 695 243 496 125 730 76 735 604 207 510 504 671 185 683 387 537 404 830 368 167 465 757 419 147 339 609 650 432 60 290 560 27 226 372 146 476 184 477 572 708 455 176 689 122 93 557 60 22 853 22 739 55 331 626 788 307 694 372 629 457 437 714 387 244 744 71 662 506 532 354 88 351 169 449 129 684 323 264 535 211 122 587 727 385 85 235 246 171 379 115 198 825 167 277 841 188 228 358 731 216 682 540 483 248 243 363 782 479 865 461 408 157 784 401 37 828 433 209 438 131 652 836 155 42 858 132 258 481 178 530 232 588 456 877 149 593 269 507 766 639 121 385 379 408 858 675 222 331 766 47 110 669 163 614 320 434 36 585 819 152 312 378 183 538 541 729 671 781 339 279 410 450 792 82 312 571 245 854 673 503 872 819 878 152 261 891 123 69 692 143 667 337 453 257 607 167 57 165 647 602 868 426 169 607 163 739 504 159 854 128 320 152 183 52 75 198 45 233 310 64 738 123 176 171 170 272 77 836 459
444 130 316 348 322 83 235 491 293 310 110 218 324 358 377 122 219 453 214 175 200 451 12 209 369 122 160 126 452 286 336 335 503 285 175 309 176 342 128 50 393 414 232 199 159 124 304 251 503 232 242 285 406 255 27 167 77 371 239 239 278 184 462 37 172 316 169 136 164 204 462 92 94 387 310 89 175 191 171 165 281 195 458 440 157 109 348 319 134 365 250 262 212 123 125 171 398 241 97 216 142 234 448 383 161 172 325 355 297 159 149 324 353 238 355 489 227 94 130 209 63 451 341 143 160 247 346 493 407 94 287 264 33 413 0 325 254 285 293 134 275 379 428 476 496 356 118 442 332 86 216 94 482 465 88 362 274 498 303 213 117 46 457 262 177 229 470 186 76 101 166 280 480 300 492 281 346 50 444 221 476 267 430 440 188 179 136 284 25 109 415 151 353 341 306 453 173 136 131 446 375 331 102 493 168 525 215 504 333 442 289 460 281 279 132 438 451 424 150 375 295 192 247 210 181 476 195 415 210 480 391 390 230 241 307 252 214 443 324 452 195 121 347 263 10 322 395 359 183 186 225 199 425 248 118 503 334 378 384 291 405 339 374 58 203 359 116 18 272 265 395 297 212 104 288 327 375 335 223 304 179 99 304 306 273 37 123 136 418 127 247 101 360 142 275 93 201 253 25 382 126 148 436 188 41 374 156 253 154 165 303 87 501 285 313 358 225 398 427 445 427 359 398 83 217 395 243 338 144 284 99 80 316 104 169 339 482 287 97 210 91 466 62 261 48 289 271 123 223 198 203 481 187 346 159 371 270 380 242 53 438 240 425 383 154 429 227 252 114 323 199 280 176 86 169 178 99 371 139 452 98 42 488 408 21 382 415 157 223 43 389 272 454 460 391 456 331 161 98 311 166 508 186 43 489 287 180 158 102 382 250 297 108 45 331 473 262 210 166 357 437 304 272 255 253 120 103 435 176 461 270 152 96 428 130 307 317 270 391 75 139 62 156 392 442 169 220 168 444 268 152 471 409 470 297 162 490 469 393 279 396 270 90 81 175 228 413 451 468 248 222 474 16 248 207 256 329 110 276 469 288 180 332 328 364 347 470 400 187 166 371 349 304 249 483 249 286 454 427 105
767 432 25 672 125 268 535 243 203 120 224 295 610 681 177 406 544 778 125 500 126 228 337 532 78 351 433 320 758 611 186 659 227 164 294 628 492 667 334 283 134 142 248 201 252 367 409 77 318 557 562 609 238 568 350 162 303 145 559 262 94 190 258 326 288 636 295 201 368 207 208 383 419 92 625 359 220 515 449 473 128 520 197 763 278 354 63 161 452 684 77 577 522 438 434 238 146 175 421 354 212 556 769 707 485 196 20 191 135 168 472 253 128 562 71 165 101 414 450 138 313 776 655 465 475 554 218 816 726 340 583 201 292 209 325 0 576 590 170 225 137 704 737 213 203 681 240 163 113 337 541 399 196 179 370 168 60 822 625 329 228 279 781 209 190 96 224 181 396 422 258 128 804 600 800 602 670 281 767 535 250 108 264 166 280 254 294 608 320 282 735 474 677 663 610 768 222 431 440 768 695 655 242 817 491 304 200 315 652 755 66 136 600 586 228 763 771 100 334 107 613 415 125 199 154 232 518 730 268 188 715 276 122 163 96 254 233 767 163 777 228 418 172 587 328 638 225 86 460 505 543 153 742 241 207 825 654 178 700 610 208 33 699 383 527 87 209 339 55 583 156 621 273 427 163 648 242 658 546 22 480 424 626 289 590 316 433 386 708 350 170 412 683 401 202 293 523 577 349 150 213 452 214 180 287 76 448 236 447 489 625 398 192 608 106 116 530 155 206 761 206 683 159 260 537 719 119 657 219 597 406 383 639 355 196 660 245 610 421 508 313 200 276 108 371 192 582 298 307 504 186 194 512 671 382 125 56 66 165 317 149 103 748 324 261 740 156 73 332 641 167 603 493 410 220 163 237 686 441 756 328 300 184 732 306 175 721 419 121 363 299 596 779 152 225 778 256 180 418 286 482 184 510 363 814 96 492 250 427 707 574 136 355 311 485 797 573 239 178 674 256 170 596 136 572 291 393 245 497 783 204 307 342 108 454 564 612 594 715 260 198 292 431 715 174 320 533 196 722 590 461 792 724 787 245 241 812 179 145 589 94 594 288 394 252 551 98 266 157 573 546 798 340 194 475 134 646 434 99 793 140 336 278 303 170 145 149 167 223 166 225 674 210 119 172 199 70 193 742 410
221 156 566 126 553 312 190 712 499 542 363 381 254 104 597 235 56 209 459 89 451 667 243 45 612 256 186 326 289 79 549 120 733 505 344 140 90 110 277 302 627 649 420 417 391 284 390 504 697 34 111 34 609 55 228 415 281 599 112 420 519 411 670 264 346 135 339 379 271 418 688 202 162 630 74 262 390 63 235 175 512 68 686 221 342 245 592 539 158 178 500 141 160 141 148 377 629 461 159 334 374 22 233 160 93 420 575 569 525 409 125 510 584 17 598 741 477 181 126 450 268 218 180 111 105 169 548 268 213 252 212 472 287 628 254 576 0 188 511 381 504 135 259 703 733 117 346 677 566 252 55 211 717 700 216 583 528 256 49 352 367 298 204 467 406 481 692 417 181 173 362 512 250 208 318 31 100 296 220 63 690 505 628 673 364 374 317 39 265 311 209 103 104 141 198 260 414 162 183 227 123 124 338 252 117 732 429 700 154 261 534 711 33 175 379 188 242 674 293 613 138 246 483 426 427 697 59 232 390 717 164 575 471 466 545 436 413 196 544 211 401 212 566 76 250 161 601 600 169 125 45 437 230 439 370 249 146 597 203 130 619 588 137 198 57 600 369 243 525 127 623 91 389 150 509 131 572 126 32 555 124 159 51 472 133 261 186 227 301 262 468 167 140 213 482 295 106 66 229 611 367 188 654 418 289 619 156 446 154 115 121 180 744 104 549 593 92 628 646 250 646 111 626 318 113 162 496 87 391 62 174 197 105 242 399 147 700 34 167 114 277 696 301 500 206 499 161 306 377 101 426 715 87 98 252 605 522 634 466 262 676 485 205 543 352 258 457 504 270 149 432 94 89 168 386 420 351 201 150 295 299 287 729 157 275 603 260 202 466 213 564 24 208 703 597 241 516 402 159 480 99 757 91 222 249 526 154 361 157 137 38 525 243 267 358 230 161 406 418 179 640 521 72 486 29 310 195 641 121 207 476 317 251 676 141 212 230 84 155 317 382 303 184 174 673 320 65 398 348 103 126 252 227 272 486 369 269 706 624 169 640 70 298 183 371 27 659 652 712 68 32 242 238 460 252 488 162 144 515 226 516 316 508 489 585 574 718 626 397 420 574 112 507 487 726 459 540 683 241 171
204 270 587 144 606 367 56 776 577 594 368 484 66 226 662 185 143 248 494 156 473 736 273 183 645 358 320 278 168 123 621 132 786 570 441 74 227 158 376 314 675 695 509 484 352 227 530 513 786 159 79 183 690 241 270 446 350 655 79 514 560 470 747 270 440 88 434 420 390 488 746 295 209 663 252 231 459 179 146 121 565 157 741 197 429 343 624 604 154 112 522 47 73 241 255 452 681 526 210 456 427 193 197 163 188 401 595 641 581 436 155 603 637 178 632 746 502 193 221 491 334 225 74 204 230 39 629 246 147 340 27 548 314 699 285 590 188 0 579 367 560 196 147 760 776 176 403 723 615 336 148 195 763 745 306 647 533 278 203 466 362 328 287 545 462 496 755 471 248 187 444 565 243 21 210 208 185 335 206 234 761 549 714 722 458 457 404 171 280 385 163 194 199 115 20 182 382 283 155 200 259 121 388 272 136 810 499 788 89 166 566 724 214 13 364 256 194 690 398 656 63 384 530 495 462 761 183 144 483 760 173 670 512 526 589 529 494 247 609 241 477 173 632 114 288 67 680 638 317 111 216 483 160 527 393 335 99 663 118 69 690 611 182 237 164 638 389 267 535 61 679 119 484 218 574 106 658 124 177 571 271 201 210 577 56 313 162 343 136 365 532 259 147 334 559 367 109 122 267 666 410 140 722 473 327 650 289 533 286 141 90 263 777 94 596 641 265 682 713 177 712 197 682 368 91 185 484 241 374 249 267 279 123 337 455 105 767 188 196 279 356 750 348 543 253 573 26 391 485 260 488 761 142 192 373 654 534 635 527 324 717 520 187 654 432 150 512 521 364 81 484 101 224 224 453 461 354 101 271 167 264 296 765 235 298 667 131 332 504 264 666 176 253 735 676 205 610 444 236 583 227 774 138 243 268 569 107 438 198 202 149 582 341 322 518 261 30 489 413 98 722 589 121 539 216 391 295 720 124 309 554 413 341 698 167 394 43 107 188 360 422 300 317 161 724 425 236 454 173 86 251 221 138 201 577 443 240 749 676 19 671 122 367 261 453 179 685 735 743 120 181 241 273 532 132 540 76 210 557 257 573 428 608 597 649 632 739 685 470 425 655 170 587 532 757 533 536 738 155 269
724 356 144 625 56 212 528 201 34 53 238 154 616 611 86 408 494 721 114 453 149 158 306 471 140 257 337 353 744 564 44 614 223 10 174 597 421 616 236 273 125 147 103 96 310 387 252 170 214 501 530 545 116 488 310 152 235 91 527 112 79 109 169 314 171 602 179 164 256 94 176 310 377 150 543 364 123 457 456 459 43 469 176 722 171 267 130 28 426 653 135 553 505 373 364 134 123 53 378 218 152 489 730 662 429 259 152 62 35 163 435 84 82 500 130 294 134 386 390 106 250 727 631 408 406 540 63 773 695 259 580 44 267 120 293 170 511 579 0 264 37 646 719 192 229 626 176 173 74 260 490 386 211 196 296 71 183 767 557 191 254 253 710 52 117 158 181 109 342 392 150 44 757 594 784 531 611 244 724 458 183 71 143 168 155 139 195 548 302 202 700 419 615 625 599 742 289 350 424 727 618 613 191 763 455 232 82 215 621 732 106 256 528 572 267 698 736 221 225 123 584 299 71 86 134 186 459 704 132 214 668 123 94 54 75 99 101 707 32 722 111 412 55 543 291 611 104 121 363 476 470 106 712 89 200 749 620 86 673 580 112 150 646 344 473 120 206 311 168 554 114 576 136 376 8 611 95 616 486 155 396 384 556 121 563 267 417 290 711 253 46 346 638 306 39 219 488 531 312 102 171 441 145 107 252 149 361 81 362 451 589 336 249 570 68 96 444 119 136 733 135 622 116 211 505 669 226 580 266 515 339 318 595 270 124 625 190 545 386 419 235 185 231 75 328 23 564 205 165 421 91 209 467 610 274 104 164 229 52 259 177 103 706 158 159 721 71 147 241 611 99 563 423 363 128 129 249 662 363 745 346 290 231 668 282 92 707 321 104 318 139 534 720 213 100 739 88 141 362 117 413 284 468 336 759 74 473 150 387 649 520 34 269 259 333 741 555 109 229 646 146 10 550 54 499 201 317 142 464 706 43 198 260 210 418 443 610 551 663 219 161 294 337 673 165 202 455 125 735 554 386 752 698 758 76 142 772 203 117 572 163 547 217 334 141 489 190 160 224 527 484 750 306 52 490 55 619 385 76 737 30 213 109 134 73 65 243 115 114 206 84 620 41 75 235 54 209 173 716 341
551 263 225 460 269 137 311 437 279 257 38 266 386 484 333 182 339 570 154 296 122 405 142 337 287 227 287 97 534 401 306 446 436 254 233 409 308 458 222 84 327 344 252 195 49 143 378 149 476 355 346 410 379 387 160 112 165 316 342 265 215 173 425 117 227 419 229 117 264 205 404 221 219 305 442 137 186 318 224 252 234 317 396 546 209 220 266 282 238 465 164 357 300 256 258 194 336 220 222 293 142 362 551 493 288 39 232 323 251 102 263 326 295 365 274 380 148 204 262 158 163 563 434 272 292 332 327 599 506 202 359 254 106 372 134 225 381 367 264 0 233 497 514 414 420 474 143 371 273 195 337 182 409 391 213 319 166 612 430 279 20 102 581 257 164 135 415 167 209 211 204 234 589 376 576 410 466 115 552 353 430 210 406 371 234 212 203 407 117 173 517 279 475 447 386 547 44 268 222 551 504 440 126 607 280 484 211 476 433 532 213 357 410 364 3 559 552 324 237 303 394 303 197 205 130 422 322 508 245 404 502 383 174 213 244 271 229 561 287 567 210 197 309 377 141 418 366 283 312 290 356 159 521 262 76 628 437 334 479 392 366 248 490 185 326 284 69 140 170 364 337 409 250 233 257 433 358 444 349 208 312 222 432 328 371 148 215 253 484 229 223 235 470 263 264 169 310 368 157 326 119 231 390 168 116 290 288 263 286 279 409 221 415 393 254 295 359 339 380 540 380 480 340 126 321 508 119 466 11 416 232 212 427 216 160 443 432 412 215 343 183 402 124 203 180 271 360 196 276 332 189 407 305 468 267 308 169 268 216 159 362 174 532 398 195 517 194 160 211 423 170 390 308 215 179 138 40 464 272 531 103 95 405 529 113 336 497 280 164 176 392 397 572 374 363 560 332 130 230 331 298 408 302 159 602 225 273 191 224 501 370 252 220 149 427 588 351 229 47 454 408 273 386 212 383 188 233 402 284 588 261 223 205 333 245 434 387 381 505 115 118 78 284 500 376 243 352 159 498 375 285 575 502 566 302 188 595 394 331 367 311 385 163 215 207 354 321 421 381 363 349 584 148 237 250 212 426 239 214 584 247 259 343 350 321 298 374 346 200 64 349 466 291 196 395 241 170 392 520 238
713 350 113 614 48 197 508 216 68 39 210 167 594 606 103 385 483 713 80 441 115 178 287 463 122 255 337 324 727 553 74 603 230 29 178 582 414 606 234 249 123 146 117 89 278 360 275 133 244 491 515 538 146 485 294 123 224 96 512 129 44 93 193 292 174 588 182 141 259 90 187 302 363 136 541 340 115 447 433 439 10 458 184 710 170 262 107 49 409 639 98 536 487 364 357 130 125 47 364 230 134 482 718 650 419 225 121 90 22 133 420 120 80 492 110 275 97 369 380 75 238 717 615 398 399 522 99 762 681 253 559 63 246 142 275 137 504 560 37 233 0 638 703 202 229 617 161 173 63 252 479 365 213 196 288 88 146 759 551 203 224 232 705 72 99 121 195 90 330 375 148 10 747 574 767 526 603 225 713 453 203 34 174 169 160 140 192 540 281 193 687 408 608 612 580 727 255 345 405 715 614 601 173 754 440 255 79 243 606 717 72 237 523 553 236 692 723 201 227 113 569 304 36 81 104 201 450 689 142 214 657 160 59 39 50 119 107 700 54 713 110 390 76 531 274 596 133 105 363 460 465 79 698 107 173 745 606 105 658 565 134 122 636 328 462 104 179 293 131 539 120 564 147 364 29 598 130 604 477 121 392 369 550 152 547 252 397 289 690 251 40 337 627 304 65 209 474 519 295 108 150 421 163 88 234 131 358 100 359 437 575 326 244 556 48 89 441 124 153 718 153 615 123 194 490 659 189 576 234 513 330 308 583 265 107 611 208 538 370 418 227 193 214 38 313 56 546 201 179 417 78 211 455 602 277 101 127 200 39 246 173 66 694 195 156 704 49 110 237 596 76 550 416 350 119 101 221 646 357 727 319 267 227 661 262 108 690 321 70 303 176 526 712 204 131 727 124 117 350 149 405 271 455 318 751 42 455 145 372 640 510 22 264 244 353 733 537 114 195 631 175 43 538 21 493 195 310 169 449 703 67 199 254 193 403 451 589 539 654 200 138 269 336 661 169 206 451 108 712 540 380 741 683 744 108 136 760 202 120 554 148 536 206 323 140 481 174 188 215 515 475 740 288 60 465 21 603 372 40 729 14 219 144 167 91 72 230 125 111 172 118 611 77 39 228 65 172 180 701 333
94 291 694 51 686 444 232 847 634 676 484 516 249 60 732 329 159 75 589 203 579 802 367 175 744 392 320 427 202 97 685 64 867 640 480 121 226 41 413 423 761 783 556 551 498 379 517 629 832 148 160 102 745 172 354 544 414 734 164 555 651 545 805 382 482 108 474 509 406 552 822 337 284 761 135 366 525 191 310 257 645 184 821 98 477 380 723 674 260 108 628 167 219 274 282 512 763 595 282 468 507 157 112 51 220 536 703 704 659 537 234 645 718 146 729 867 605 293 258 582 401 85 138 241 240 204 684 137 117 387 222 607 412 764 379 704 135 196 646 497 638 0 175 838 866 24 478 810 700 387 162 317 851 834 351 718 652 121 96 487 485 424 92 602 540 608 827 550 310 286 497 645 117 209 218 121 36 424 93 195 825 637 763 807 500 509 452 98 386 446 102 231 35 83 193 155 525 298 280 103 87 75 469 117 217 867 564 835 111 165 664 839 127 187 495 64 125 803 428 746 134 378 616 561 557 832 188 142 526 851 46 710 602 600 677 572 548 64 679 75 536 308 701 121 376 132 737 732 301 210 179 569 130 574 496 142 99 732 127 130 754 717 16 321 177 732 495 365 650 152 758 91 525 277 643 90 707 72 161 682 258 280 99 607 150 391 285 362 248 397 603 301 53 348 617 429 189 129 354 745 497 276 790 551 417 750 291 582 289 218 108 312 876 114 682 726 219 762 781 144 781 27 760 449 182 36 615 98 506 154 308 330 78 377 532 95 835 103 284 243 411 830 431 632 332 634 179 441 512 234 560 849 193 38 386 738 648 758 600 394 809 615 84 677 487 171 590 631 406 117 564 113 224 294 520 551 472 137 285 212 404 407 861 40 398 738 188 336 597 341 698 112 75 834 732 118 651 533 289 614 234 886 195 341 113 658 234 496 277 6 129 659 379 397 476 95 186 542 538 119 776 656 111 620 154 445 329 777 214 113 611 453 386 806 252 312 223 118 26 447 512 420 319 66 807 456 197 531 299 131 261 125 140 160 621 504 140 839 758 180 771 113 432 315 507 157 790 788 843 134 162 108 363 595 313 621 126 270 647 91 650 451 643 623 720 708 847 761 532 543 709 31 642 619 858 594 662 817 146 306
112 389 734 143 749 508 203 919 715 738 515 613 148 232 804 332 242 178 640 274 620 878 415 278 792 485 432 424 30 181 761 143 930 712 572 128 332 164 505 460 820 840 644 623 499 374 643 661 923 247 191 236 829 312 409 591 487 799 194 647 705 611 887 415 572 128 565 563 511 627 890 423 343 810 296 378 598 284 292 266 708 265 885 102 563 471 770 746 294 81 669 167 217 362 375 589 825 667 343 577 569 275 93 124 304 548 742 781 724 582 286 737 780 259 778 893 648 334 343 636 471 140 89 323 340 183 767 130 58 471 158 687 458 840 428 737 259 147 719 514 703 175 0 904 922 171 543 868 760 468 247 340 909 891 435 789 680 185 245 591 509 472 237 683 604 643 898 613 380 327 579 708 139 140 65 264 193 478 115 320 902 694 851 867 590 592 537 225 424 521 77 313 202 119 128 47 529 399 300 102 262 136 529 180 265 950 639 925 107 24 712 871 271 151 511 206 80 837 525 801 138 496 674 635 607 903 285 33 616 906 130 804 656 668 734 662 631 188 750 169 614 319 774 193 429 110 819 784 422 244 302 627 50 662 539 275 114 805 56 144 831 757 161 375 266 784 535 410 682 167 822 169 616 348 715 128 795 135 267 718 374 336 251 707 158 453 307 464 87 492 673 385 132 453 697 503 233 206 408 810 553 286 863 615 469 796 401 668 398 270 142 391 924 162 740 785 351 826 854 50 854 195 825 509 215 142 632 266 521 306 393 409 154 466 596 112 909 240 334 372 490 894 489 688 391 712 157 524 613 356 629 907 259 200 493 798 681 782 669 461 863 665 106 782 567 6 654 668 494 115 626 171 329 358 592 605 501 60 386 38 411 442 911 203 442 809 24 447 649 402 798 237 186 882 815 96 744 588 364 714 336 921 257 385 175 714 249 574 333 180 228 724 469 461 617 180 166 625 560 81 860 730 191 682 287 526 420 859 255 267 692 544 471 845 302 467 135 183 152 502 566 447 430 109 869 553 323 596 133 173 363 108 36 65 711 581 121 895 820 149 818 194 504 392 589 266 832 873 890 208 270 143 415 672 274 684 104 339 702 177 716 553 740 726 791 775 887 828 608 572 793 171 725 676 904 672 684 882 33 393
914 548 200 815 154 398 707 34 210 166 400 340 791 803 108 581 684 913 267 643 293 60 489 663 136 450 529 511 928 754 158 804 32 198 365 784 613 807 429 447 87 72 291 287 452 552 413 274 139 692 717 737 127 681 496 315 425 105 714 296 202 295 88 490 362 790 370 341 446 286 18 502 565 121 736 535 313 648 629 639 196 659 19 911 363 459 154 164 610 840 251 738 687 564 556 326 79 243 566 401 336 682 920 852 620 394 197 141 180 326 622 223 123 692 146 205 267 570 581 269 439 918 817 599 598 722 171 963 882 451 758 234 446 88 476 213 703 760 192 414 202 838 904 0 60 818 363 52 145 451 681 565 44 46 487 121 268 959 749 376 411 432 903 241 301 281 26 292 532 577 342 196 948 773 968 724 803 426 914 650 61 211 133 47 346 331 387 740 480 393 889 609 807 814 780 928 423 543 605 917 810 802 375 955 642 101 274 134 808 918 202 174 720 754 418 891 925 165 417 112 770 488 230 277 298 31 650 891 321 56 858 187 249 239 172 281 293 899 160 913 303 589 139 733 475 798 125 133 554 662 663 277 900 274 368 941 808 108 860 766 97 181 837 530 663 132 373 494 257 740 81 766 324 565 195 799 164 806 677 220 588 571 748 273 749 454 598 482 888 445 235 538 829 498 226 410 676 721 497 94 350 620 62 290 435 138 554 266 555 639 777 527 100 758 164 120 636 78 66 920 66 814 79 396 692 860 328 773 412 708 530 509 785 462 309 813 45 737 572 611 427 14 415 217 515 207 747 398 348 613 279 43 656 802 465 107 256 226 238 447 69 243 896 251 352 905 250 257 434 798 278 752 615 552 318 299 413 848 555 927 511 465 83 860 462 101 890 513 258 505 215 726 912 95 130 929 220 316 552 266 605 163 657 519 951 192 655 342 574 840 711 180 461 446 496 933 738 300 369 832 114 183 740 222 691 393 509 102 651 898 231 390 452 142 604 627 788 741 854 402 338 464 529 862 40 392 648 310 908 742 578 942 885 946 238 334 962 53 84 755 123 737 407 524 333 681 135 113 103 717 676 941 490 244 659 220 805 574 204 929 189 402 240 271 120 130 139 77 306 350 152 811 205 228 102 246 283 22 902 532
939 579 196 841 181 423 722 88 252 191 410 381 803 835 152 594 710 941 282 668 303 119 509 691 133 483 565 517 945 780 202 829 40 232 403 805 643 833 463 462 106 84 331 318 452 561 463 273 196 719 738 767 183 714 518 331 452 137 735 338 218 322 148 507 399 812 407 361 484 318 74 531 588 115 770 548 344 675 640 656 221 685 64 936 397 491 154 201 630 862 256 757 705 593 586 358 105 274 589 444 360 711 943 877 647 395 190 187 209 340 645 273 150 720 146 154 275 590 609 288 466 944 836 626 628 739 220 988 904 482 773 272 465 142 496 203 733 776 229 420 229 866 922 60 0 845 388 56 167 481 707 582 19 33 517 162 261 987 780 418 419 451 935 280 327 285 85 317 557 597 376 221 974 788 985 755 831 447 939 682 120 230 192 61 383 366 421 769 498 422 911 636 837 837 796 949 423 575 622 941 844 826 398 983 664 152 307 190 829 937 210 128 752 771 423 921 947 129 453 121 791 527 251 309 315 90 678 911 361 16 884 243 266 268 190 324 330 929 197 941 337 604 180 757 497 818 179 138 590 682 694 298 921 315 383 975 830 152 880 788 150 173 864 552 690 138 387 513 254 761 115 791 364 591 229 822 217 830 706 215 621 594 779 323 769 477 615 517 901 479 267 566 854 533 265 438 697 746 518 127 372 637 118 315 455 130 587 307 588 661 799 554 41 781 185 140 670 110 120 941 120 844 113 419 713 887 321 806 416 742 559 537 810 494 334 835 103 767 593 646 456 55 438 235 538 247 765 430 391 646 307 20 681 831 503 129 253 198 268 473 59 257 920 308 384 924 276 259 466 819 302 775 645 576 348 318 424 867 586 944 520 480 28 890 480 145 907 549 274 529 272 755 941 55 184 952 270 336 578 316 634 107 680 538 979 209 674 374 597 869 738 209 493 470 546 961 756 337 373 853 172 220 765 247 722 425 539 161 672 932 270 426 483 108 626 670 802 765 882 423 358 477 564 887 65 430 680 335 917 764 609 966 905 967 284 365 986 27 111 773 110 763 435 551 367 710 109 173 57 742 704 967 511 280 669 245 826 599 221 957 218 442 292 323 161 163 90 117 339 357 204 839 249 248 50 282 272 65 923 562
105 272 672 34 666 422 210 827 615 655 461 498 231 61 712 305 137 97 567 181 556 783 344 155 722 373 303 404 200 74 665 44 847 620 461 101 207 18 393 400 740 762 537 531 475 355 504 607 814 126 137 84 726 159 331 522 394 713 140 537 629 524 786 359 463 88 455 487 388 532 802 316 262 739 128 343 504 170 287 234 624 161 800 107 458 361 701 654 236 97 606 145 196 254 262 492 743 575 260 451 485 139 120 50 199 512 681 684 638 514 210 627 697 127 708 845 583 270 237 560 380 101 123 219 221 182 665 152 115 367 202 588 389 744 356 681 117 176 626 474 617 24 171 818 845 0 457 789 679 366 140 293 830 813 330 698 629 142 82 469 462 402 115 582 519 585 807 529 289 262 478 624 133 190 220 107 22 402 105 178 806 616 745 786 481 489 432 79 363 425 103 209 31 67 174 157 501 279 256 113 93 55 448 137 194 848 544 817 95 165 643 816 113 166 471 88 131 780 410 725 113 362 595 541 535 812 168 139 507 829 50 692 581 579 656 553 529 87 658 96 516 284 681 98 354 115 718 711 285 187 162 548 130 555 474 165 82 712 119 109 735 695 20 299 155 711 472 342 628 130 737 68 506 255 623 71 689 53 141 660 240 257 88 589 128 369 261 344 239 378 582 280 41 330 597 408 165 106 332 724 475 252 770 530 395 728 273 563 271 195 86 291 854 91 661 705 204 741 761 147 761 24 740 428 158 46 592 95 483 144 288 309 55 357 511 78 815 86 261 228 391 809 409 611 310 615 158 421 494 217 539 828 170 29 369 717 626 735 580 372 787 593 91 660 467 168 569 609 386 98 543 90 205 272 500 530 449 126 266 209 380 384 840 62 376 718 181 319 575 319 681 93 98 813 713 127 633 511 267 597 214 863 172 319 134 637 210 476 254 28 107 638 359 376 465 117 164 522 515 106 757 636 88 599 138 425 310 758 191 134 592 434 366 784 229 304 205 95 37 425 490 396 301 66 787 437 181 510 289 108 242 136 136 165 603 484 153 818 737 159 749 89 411 294 487 137 768 769 822 111 142 125 341 575 290 600 109 248 626 113 629 433 625 606 699 687 825 740 512 520 690 7 623 598 836 574 639 797 145 285
552 195 225 453 209 36 353 376 175 198 105 124 442 449 261 236 322 553 116 280 119 334 130 303 267 113 193 203 568 392 219 442 391 168 90 422 257 445 98 107 283 305 120 81 190 224 236 178 385 331 355 379 288 331 134 82 65 257 351 131 173 68 344 142 84 427 86 43 137 86 348 146 202 284 388 196 58 287 285 283 168 297 345 549 66 115 247 202 250 478 163 377 329 205 199 57 286 123 203 152 29 324 557 490 258 164 235 238 183 81 260 209 241 333 253 403 140 210 220 106 78 556 455 238 241 364 228 601 520 100 405 147 94 296 118 240 346 403 176 143 161 478 543 363 388 457 0 332 222 97 319 211 373 356 132 246 203 599 393 137 124 81 549 145 62 152 355 72 169 216 62 168 586 418 608 369 443 70 552 298 359 159 312 329 92 72 65 381 129 43 526 248 449 451 423 566 185 192 248 554 460 439 19 594 280 407 97 386 446 557 190 370 366 395 145 534 562 333 105 268 408 184 138 93 86 361 290 529 106 372 496 274 126 125 199 141 99 541 207 553 80 238 230 370 115 436 277 254 221 300 308 92 537 135 70 591 445 262 498 404 288 246 476 168 302 254 76 136 195 378 282 403 110 203 172 436 258 443 318 217 241 208 393 197 387 91 241 147 535 112 130 178 466 162 157 53 313 358 136 269 32 266 320 73 78 274 208 138 208 276 414 166 398 395 204 248 291 285 311 558 311 456 284 36 330 499 197 422 151 360 171 149 422 115 54 450 366 380 210 269 73 354 56 155 153 171 387 63 133 265 85 371 294 443 148 260 192 303 126 85 330 141 533 273 53 545 113 170 94 435 86 389 259 189 51 77 109 486 203 569 187 122 383 503 109 266 531 180 122 142 275 367 553 357 273 566 216 60 190 202 248 413 294 160 591 180 296 50 212 481 350 183 116 83 289 573 379 97 139 470 319 186 377 142 337 55 155 317 289 548 152 85 102 333 242 329 435 378 493 46 45 132 191 500 330 104 297 53 561 379 224 579 523 583 182 49 599 361 281 396 295 375 49 163 67 322 315 333 366 354 316 579 129 130 320 144 443 211 169 569 174 121 220 220 248 233 374 286 71 123 253 451 186 141 380 131 223 341 540 175
884 523 151 785 125 367 669 85 197 135 359 326 752 779 100 542 655 885 229 612 252 90 454 635 87 427 508 468 891 724 148 774 65 176 347 751 587 778 406 409 50 28 276 261 406 511 412 227 181 663 684 711 142 658 463 277 396 82 680 283 164 266 124 453 343 757 351 306 428 262 52 475 533 71 713 496 288 620 589 603 165 629 38 881 341 435 106 145 576 807 206 703 651 537 530 302 50 218 534 389 304 655 888 822 591 349 148 135 153 287 590 222 93 664 98 165 224 536 553 233 410 889 782 570 572 686 169 933 849 426 720 216 411 99 442 163 677 723 173 371 173 810 868 52 56 789 332 0 111 425 651 528 41 23 461 108 219 931 724 363 369 397 878 224 271 236 69 261 502 543 320 165 918 736 932 699 776 393 884 626 103 175 157 8 327 310 364 713 444 366 857 580 781 782 743 895 377 518 569 886 787 771 343 927 610 151 250 177 775 884 159 131 696 718 374 865 892 116 397 68 737 472 196 253 261 77 622 857 305 41 829 201 212 212 135 269 273 873 142 886 281 551 126 702 442 763 135 87 534 628 638 243 866 260 330 918 775 101 826 733 106 131 809 497 634 87 334 459 209 706 61 735 309 535 173 768 172 775 650 171 565 539 723 272 715 422 561 461 849 423 210 510 798 476 210 382 643 690 464 71 317 583 83 259 401 87 531 252 532 606 745 498 80 726 129 84 614 55 81 887 81 788 59 363 658 831 279 749 368 685 503 481 754 438 279 781 91 711 539 590 400 38 383 181 483 192 711 373 336 590 251 39 625 775 446 72 208 175 212 417 19 203 865 265 328 870 220 211 410 764 246 720 589 520 292 264 372 813 530 891 470 427 61 834 426 93 854 493 220 473 229 699 885 55 139 897 220 281 522 265 578 132 625 484 923 155 620 318 542 813 683 153 437 415 495 905 702 281 325 799 140 164 710 191 666 368 483 127 618 875 215 370 427 93 571 615 750 709 826 368 303 425 508 832 19 374 624 279 867 709 553 911 851 912 231 309 931 30 55 719 71 707 379 496 311 654 84 144 66 686 648 912 456 224 618 189 771 543 166 902 162 386 242 274 108 108 99 65 282 307 156 783 195 193 72 226 233 35 868 506
773 412 89 675 18 257 562 164 106 25 256 226 646 668 67 437 544 774 123 501 151 134 345 524 66 318 400 368 783 613 76 663 171 74 240 641 477 667 297 302 61 83 175 152 313 408 326 144 215 552 574 600 127 548 353 171 285 43 570 185 58 155 157 346 236 647 244 196 322 153 132 364 422 77 604 391 178 509 484 495 55 518 126 770 233 325 59 54 466 697 114 594 543 426 419 193 66 110 423 289 193 544 778 711 480 257 93 78 45 181 479 149 23 554 57 220 125 426 442 124 299 778 673 459 461 577 107 822 739 315 613 116 302 105 332 113 566 615 74 273 63 700 760 145 167 679 222 111 0 314 540 420 151 134 350 57 147 820 613 263 268 288 768 125 160 144 143 150 391 433 211 55 808 629 824 588 665 283 773 516 158 66 154 108 222 202 255 602 336 255 746 469 670 672 636 785 287 408 460 775 677 661 232 816 499 213 142 213 665 774 66 182 585 609 276 754 782 148 289 50 627 367 85 144 154 150 511 747 202 151 718 163 104 102 29 173 168 762 55 775 173 444 59 591 332 654 113 47 426 518 527 133 757 162 223 808 665 69 716 623 101 85 698 387 524 46 228 349 133 597 65 625 206 424 71 657 129 664 539 105 455 428 612 192 605 311 453 352 743 314 102 399 688 367 113 271 533 580 354 53 207 476 118 148 291 76 421 154 422 496 634 387 181 616 19 26 504 67 109 777 108 677 68 253 548 720 202 639 271 575 392 370 644 328 168 670 159 600 428 481 289 134 272 72 373 97 603 264 237 480 141 150 515 664 339 39 130 164 102 306 110 99 754 215 219 761 110 123 300 654 136 610 478 410 181 154 268 704 420 783 367 320 164 724 317 68 746 384 113 363 187 588 774 142 114 787 151 172 411 188 468 211 515 375 812 48 511 209 432 702 572 45 327 304 407 794 594 176 230 689 148 69 599 80 556 258 373 139 508 765 117 262 316 136 461 513 643 599 715 258 194 319 399 721 109 268 514 168 763 599 443 801 741 802 147 199 820 140 61 611 89 596 268 385 203 543 116 160 153 576 537 801 346 119 515 78 662 433 59 791 54 281 173 202 59 33 170 73 174 209 113 672 109 83 165 123 169 123 759 395
465 98 322 366 300 70 292 461 250 290 160 148 384 354 346 200 235 461 213 196 214 417 91 211 363 36 99 211 495 305 299 355 481 253 105 342 162 356 44 119 375 397 176 165 231 209 219 271 455 241 277 286 363 235 80 176 35 347 274 179 269 160 422 123 104 346 98 136 78 166 436 50 127 380 291 174 138 197 244 223 260 210 434 463 95 26 344 288 184 397 259 303 264 113 105 126 377 209 126 132 126 230 472 402 170 228 332 319 273 172 183 269 332 240 349 500 236 148 130 203 31 467 379 149 147 298 301 514 438 8 343 222 94 378 86 337 252 336 260 195 252 387 468 451 481 366 97 425 314 0 231 164 465 448 36 331 297 507 299 135 174 93 454 218 156 246 441 166 88 152 112 260 497 354 532 274 351 79 464 202 440 255 384 421 122 125 69 289 110 59 442 160 356 367 356 486 238 95 191 468 364 354 96 503 203 485 178 457 365 479 287 468 271 327 195 440 478 430 67 362 330 110 233 174 183 446 199 450 148 466 408 336 223 213 294 194 164 448 292 462 150 192 314 285 76 358 354 350 126 226 213 189 456 194 144 495 363 346 419 325 369 343 386 103 213 350 147 98 290 301 371 317 149 120 257 353 328 357 226 314 144 135 298 241 311 52 185 58 472 41 216 87 379 70 232 44 235 272 84 358 124 210 404 167 80 371 111 201 111 199 332 77 493 313 297 341 194 375 395 477 395 363 374 80 253 409 281 325 205 263 79 59 336 22 148 368 449 286 140 172 25 443 72 250 87 249 317 56 150 168 174 463 211 350 75 353 287 399 214 37 424 238 447 318 101 469 205 266 30 356 181 305 164 112 134 175 155 409 106 497 184 121 478 409 97 352 459 88 219 76 330 275 460 452 349 480 276 157 104 248 153 510 212 112 500 276 231 110 138 389 261 273 25 47 246 481 309 158 211 391 394 270 291 235 241 59 58 394 214 452 227 78 11 430 168 243 373 293 403 86 139 141 96 414 421 91 200 147 504 298 128 493 444 502 243 118 513 454 372 326 391 288 49 76 122 230 412 407 462 269 224 490 85 209 281 237 365 129 265 478 264 98 273 262 333 321 471 374 146 202 327 360 259 237 476 208 314 431 461 81
234 143 532 135 528 284 139 691 481 517 323 370 213 148 576 182 5 237 428 41 416 648 205 35 582 242 185 276 276 74 530 124 709 483 331 119 85 127 263 261 601 623 405 394 343 231 397 467 685 21 69 75 594 98 191 382 256 576 68 407 490 386 653 221 332 120 325 347 265 396 665 182 122 600 128 212 368 37 180 120 486 22 663 232 325 229 562 518 106 170 466 101 108 119 130 356 605 438 120 331 347 49 241 171 61 376 541 550 501 375 75 497 559 38 568 705 443 134 101 420 241 237 160 82 93 122 532 283 210 233 169 453 250 609 216 541 55 148 490 337 479 162 247 681 707 140 319 651 540 231 0 161 692 674 196 562 490 282 97 346 325 262 244 449 380 445 671 390 149 126 343 486 267 169 310 85 129 262 234 86 671 477 614 648 350 356 299 71 224 289 212 71 138 137 162 258 368 153 130 237 172 123 309 277 63 716 408 687 140 254 503 677 88 135 335 223 247 641 282 586 112 250 456 405 395 676 38 224 376 691 178 564 441 442 517 423 395 226 522 236 381 159 545 55 214 139 585 571 176 71 70 409 228 424 334 291 135 577 193 105 600 555 158 159 19 571 333 203 488 91 600 86 376 116 487 124 558 127 31 520 128 118 101 464 99 229 134 218 274 249 446 145 148 206 463 271 52 42 192 587 336 133 635 392 255 588 154 431 151 62 105 154 715 85 522 567 117 604 626 248 626 143 602 288 63 180 454 138 347 114 153 172 105 225 373 139 680 78 122 132 255 672 270 472 170 480 121 287 369 114 402 690 34 131 247 579 486 596 443 234 648 454 216 538 332 246 431 469 254 132 405 76 82 132 363 390 310 187 140 280 250 246 700 193 236 582 243 200 435 179 555 62 238 673 580 249 504 372 129 471 89 724 37 180 273 498 100 341 115 166 33 501 227 236 376 256 119 389 377 166 625 500 60 460 76 290 177 625 66 252 458 303 232 644 93 246 191 64 175 285 351 259 183 182 649 309 88 372 317 75 117 262 219 273 472 348 282 679 599 130 610 57 274 156 353 34 628 637 682 39 34 261 201 440 198 462 143 108 486 252 492 308 498 483 563 550 685 603 376 381 558 133 490 459 696 439 501 660 235 152
370 150 394 278 411 177 142 582 386 399 175 308 230 309 468 39 163 389 299 122 279 543 82 169 451 196 199 115 363 220 429 265 591 377 264 229 161 277 208 119 480 500 325 292 182 76 381 323 596 181 164 236 499 232 86 251 167 460 161 332 365 277 554 75 262 238 258 225 236 298 552 142 69 469 280 51 269 151 80 74 370 144 546 365 248 181 430 411 57 285 329 178 123 126 137 264 486 333 72 296 234 196 370 312 126 220 403 448 387 241 87 417 442 194 437 559 307 35 118 296 152 381 256 118 149 157 439 418 326 171 194 358 119 505 94 399 211 195 386 182 365 317 340 565 582 293 211 528 420 164 161 0 568 551 147 453 344 431 258 298 173 134 403 356 269 304 560 278 94 40 259 370 407 209 404 242 287 142 370 202 567 354 524 527 279 272 225 232 85 201 337 119 297 266 215 369 208 162 41 370 333 259 195 425 100 617 308 597 253 357 372 534 243 190 179 380 372 499 231 461 214 250 335 304 267 566 156 331 302 566 321 483 317 332 394 345 307 381 415 386 289 28 439 196 99 239 488 443 213 108 198 288 343 341 199 451 256 469 301 212 497 418 310 64 155 443 195 76 344 184 484 228 304 90 381 251 469 263 180 380 186 65 261 398 191 127 34 196 325 202 339 122 289 195 368 184 128 188 82 471 216 55 528 279 134 456 180 346 177 100 227 115 583 212 401 446 219 487 519 362 518 301 487 176 139 327 301 298 190 258 126 124 246 175 262 262 573 239 53 213 177 555 156 348 79 382 184 212 312 195 295 567 128 290 225 458 343 448 334 141 522 325 351 475 247 342 318 329 194 242 289 208 160 78 262 266 162 287 157 362 88 101 571 351 104 473 326 203 308 89 483 223 391 542 484 379 424 249 100 403 153 583 125 54 421 374 93 251 65 321 194 387 179 136 395 407 174 303 225 275 531 396 206 345 221 210 148 528 103 413 363 239 172 506 70 330 224 200 324 167 228 107 195 318 529 254 202 261 350 193 155 394 325 388 391 255 414 555 481 191 477 204 182 110 268 185 492 544 549 183 181 402 85 341 117 346 247 89 362 403 379 263 425 419 455 437 548 490 281 234 465 286 397 337 564 343 350 543 343 132
924 563 187 826 165 408 709 75 234 175 398 364 791 819 134 582 695 926 269 653 291 102 495 676 123 467 548 506 932 765 183 815 34 215 385 791 628 818 446 449 90 68 313 301 443 550 445 264 182 704 724 751 165 697 504 317 436 120 721 320 204 306 132 494 382 798 390 347 467 301 57 515 573 105 753 536 328 660 628 643 206 670 46 921 380 475 143 183 616 848 245 744 692 577 570 342 88 258 574 426 345 695 929 862 631 386 182 168 193 327 630 254 133 705 135 163 264 576 593 273 450 929 823 611 612 726 201 973 890 466 760 254 451 123 482 196 717 763 211 409 213 851 909 44 19 830 373 41 151 465 692 568 0 18 501 144 254 972 764 400 408 437 918 262 311 274 69 301 542 583 359 206 959 776 972 739 816 433 924 666 105 215 174 44 366 349 404 753 484 406 897 621 821 823 784 935 414 558 609 926 827 812 383 967 650 141 290 177 815 924 198 134 736 758 413 905 933 131 436 108 777 510 236 292 302 75 663 897 343 13 869 225 253 252 175 306 312 913 180 926 320 591 162 743 482 804 161 126 573 668 678 284 907 297 370 958 816 134 866 774 131 165 849 538 675 126 374 499 245 747 97 776 346 576 212 808 199 815 690 206 605 579 763 304 755 463 602 500 889 462 250 550 839 516 247 422 683 731 504 109 357 624 100 300 441 121 571 289 571 647 785 539 56 767 170 125 653 92 102 927 102 828 95 404 699 872 314 789 406 725 543 521 795 478 319 821 88 751 579 629 440 37 423 221 524 229 752 413 373 630 291 2 666 815 485 113 244 197 252 458 48 243 906 289 368 910 261 249 450 805 287 761 629 561 332 304 412 853 570 931 509 467 39 875 467 126 894 532 260 514 253 739 925 57 165 938 252 322 563 297 619 120 666 524 964 195 660 358 582 853 723 193 477 455 527 946 742 320 363 839 155 202 750 231 706 408 523 143 658 915 253 409 467 109 612 652 789 750 866 409 344 465 547 872 46 413 664 320 906 750 593 952 891 953 266 349 971 16 94 759 102 748 419 536 350 694 106 156 62 727 689 952 496 262 658 229 812 584 207 942 202 424 273 304 143 146 98 98 322 346 185 823 231 233 59 265 265 47 909 546
907 546 170 809 148 391 691 80 219 158 380 349 773 802 121 564 678 908 251 635 273 98 477 658 105 450 532 488 914 747 170 797 48 199 369 774 611 801 430 431 73 51 298 285 426 532 432 247 184 686 707 734 157 681 486 300 419 104 703 305 186 289 130 476 366 780 374 329 451 285 55 498 556 88 737 518 311 643 610 625 188 652 41 904 364 458 126 168 598 830 227 726 674 560 553 325 72 241 557 412 327 678 911 845 614 368 165 155 176 309 613 242 116 688 117 160 246 558 576 256 433 912 805 593 595 708 189 956 872 449 742 239 433 114 465 179 700 745 196 391 196 834 891 46 33 813 356 23 134 448 674 551 18 0 484 130 237 954 747 386 390 420 902 247 294 256 70 284 525 565 343 189 941 758 954 722 799 415 907 649 106 198 169 28 350 333 387 736 466 389 879 603 804 805 766 917 396 542 591 909 811 794 366 950 632 147 273 179 798 906 180 128 719 740 395 888 915 120 420 90 759 494 219 276 284 76 645 879 328 19 852 217 235 235 157 291 296 896 165 909 304 573 148 725 465 786 152 108 557 650 661 266 889 282 352 942 798 121 849 756 122 148 832 520 658 108 356 482 228 729 82 759 331 558 196 790 189 798 673 189 588 562 746 292 737 445 584 484 871 446 233 533 821 499 232 405 666 713 487 94 340 606 94 282 423 104 554 274 555 629 767 521 62 749 152 108 637 77 94 910 94 811 81 386 681 854 297 773 388 708 526 504 778 461 302 803 91 734 561 613 423 35 406 203 506 214 734 397 358 613 274 16 648 798 469 96 227 184 235 440 30 226 888 281 351 893 244 231 433 787 270 743 612 543 315 286 394 836 553 913 491 450 43 858 449 113 876 516 242 496 245 722 908 49 156 920 240 304 545 285 602 120 648 507 946 177 642 341 565 836 706 176 460 438 515 929 725 304 345 822 150 187 733 214 689 392 506 138 640 899 237 393 450 97 594 637 771 732 849 391 326 447 531 855 33 397 647 303 888 732 576 934 873 935 252 332 954 9 78 741 86 730 402 519 334 677 92 153 57 709 671 935 479 246 640 212 794 566 189 925 185 409 262 293 129 130 93 85 306 328 175 806 217 216 58 249 249 40 891 529
429 63 356 330 336 101 265 497 285 326 181 178 357 318 381 184 200 425 248 162 245 453 87 175 399 52 75 213 462 270 335 320 517 289 137 309 126 320 70 131 411 433 210 201 244 202 235 302 489 205 244 250 398 200 70 208 67 383 241 212 304 195 457 122 137 312 130 169 89 202 472 14 98 415 257 166 174 161 226 198 296 175 470 427 129 37 379 324 157 363 292 271 235 77 69 161 413 245 97 153 160 194 436 367 135 249 366 354 309 203 152 303 368 204 384 534 269 124 95 237 57 431 346 114 111 268 336 478 404 37 315 258 107 414 88 370 216 306 296 213 288 351 435 487 517 330 132 461 350 36 196 147 501 484 0 367 327 471 263 160 193 111 418 253 191 278 477 201 59 127 148 296 462 325 499 238 315 100 429 167 476 290 418 457 155 160 103 253 112 95 407 125 320 332 326 452 255 62 168 433 328 319 128 467 172 520 214 492 331 445 321 502 235 296 212 404 443 465 92 398 297 107 268 210 216 482 163 416 181 501 372 369 257 249 330 228 199 412 328 426 185 173 350 250 78 325 389 385 100 196 177 224 422 228 172 459 329 382 385 292 405 377 350 83 178 385 174 94 321 269 407 282 181 88 293 318 362 322 190 347 110 106 262 272 278 64 162 50 442 59 252 51 344 54 268 79 203 237 75 394 157 187 440 203 98 406 80 235 79 167 298 44 529 278 333 377 160 411 431 443 431 327 410 110 221 374 308 290 223 228 43 27 301 31 184 333 485 250 114 140 61 480 98 286 68 285 286 91 179 134 210 499 177 314 79 388 319 431 250 56 460 272 411 348 137 436 241 298 59 322 216 270 128 83 170 209 174 375 71 465 184 128 513 373 105 388 426 69 254 60 363 239 424 488 384 445 309 191 71 279 117 545 178 99 464 311 202 146 109 353 225 309 35 65 250 445 278 193 235 357 429 306 256 270 206 94 23 429 183 416 262 109 37 464 139 222 344 259 367 113 172 149 71 378 457 119 165 183 476 264 93 458 410 468 277 153 477 490 408 295 426 253 83 45 157 194 447 441 498 234 188 454 80 245 262 272 331 97 300 442 300 122 305 292 369 357 505 410 181 229 362 324 294 272 512 244 344 467 427 45
795 427 145 696 52 282 595 130 90 62 297 220 682 682 15 473 565 792 165 524 197 89 374 543 109 328 408 412 814 636 40 686 152 78 244 667 493 687 308 337 68 87 170 167 361 449 304 199 161 572 600 617 70 559 380 210 306 32 597 177 107 178 106 380 241 673 249 229 325 165 105 381 447 111 614 428 194 528 521 527 85 540 105 793 242 338 110 44 496 723 167 623 574 444 436 206 61 123 448 282 220 561 801 733 501 307 148 29 68 221 505 115 41 571 105 253 175 455 461 162 321 798 701 480 478 609 64 844 765 331 647 112 334 54 362 168 583 647 71 319 88 718 789 121 162 698 246 108 57 331 562 453 144 130 367 0 203 839 628 257 311 320 781 120 185 195 110 176 413 462 221 86 829 662 853 603 682 312 795 529 114 109 98 102 224 210 266 620 369 273 771 490 687 696 668 812 337 422 492 798 689 684 260 834 526 167 154 159 691 802 122 214 599 640 322 770 807 185 296 80 654 367 122 157 192 115 530 775 201 148 739 112 144 121 82 162 172 779 39 793 182 478 18 615 360 682 57 91 433 546 542 167 783 154 261 820 690 16 743 650 47 139 717 414 544 89 267 380 189 624 48 647 204 447 75 681 77 687 557 162 467 454 627 164 633 337 485 361 778 324 116 418 710 376 105 290 559 602 381 39 237 508 75 174 321 117 432 146 433 522 659 407 188 640 71 56 514 53 65 803 65 694 49 280 575 741 257 651 318 586 410 389 666 341 193 695 120 617 456 490 307 115 300 115 399 86 633 277 229 492 161 142 538 681 344 55 186 215 120 329 117 145 777 169 231 790 136 177 313 681 164 634 494 434 199 190 309 732 434 814 407 355 169 739 349 21 777 392 155 388 138 606 791 156 57 810 114 205 433 158 484 232 539 404 831 97 541 222 457 720 592 67 340 329 386 812 624 179 278 716 93 62 621 110 570 273 388 85 535 777 110 269 332 168 488 508 677 622 735 287 226 357 408 744 97 271 527 194 801 624 458 824 769 829 123 214 843 138 55 641 122 619 288 405 212 561 150 105 168 598 555 821 375 123 554 109 689 456 106 809 74 282 137 168 2 24 194 46 186 256 60 691 87 123 177 125 226 102 786 412
713 388 68 619 153 227 477 296 213 145 169 280 552 632 214 348 493 726 99 449 84 275 286 483 132 316 395 261 700 558 211 606 284 175 271 573 446 615 301 229 183 195 239 183 193 309 399 25 361 506 508 559 273 524 300 121 262 187 504 254 104 167 302 272 264 581 271 161 338 192 261 340 368 149 580 302 197 465 390 416 140 469 250 708 252 317 113 184 398 628 52 521 465 391 389 214 195 171 371 334 178 507 714 653 435 136 71 220 152 124 420 266 167 513 122 216 68 361 403 114 270 722 599 416 429 497 241 761 670 301 525 203 241 251 274 60 528 533 183 166 146 652 680 268 261 629 203 219 147 297 490 344 254 237 327 203 0 770 577 311 172 230 732 210 164 50 275 157 347 368 234 139 750 542 742 554 620 233 713 490 298 112 301 221 260 233 263 559 267 246 680 425 627 609 552 712 162 389 385 713 648 601 201 765 438 353 188 359 597 698 82 191 553 530 170 712 716 158 304 157 557 385 120 185 119 283 469 673 253 247 662 301 106 158 122 250 220 716 187 725 210 362 202 535 278 582 259 135 422 451 496 129 686 237 158 776 599 216 644 555 247 88 647 332 477 136 159 287 15 527 202 568 259 378 175 594 269 605 497 48 438 373 578 294 535 270 378 350 650 315 167 366 630 364 207 255 469 525 299 193 173 396 260 156 239 132 407 232 406 436 570 352 252 554 133 159 487 202 251 705 251 633 205 217 482 667 60 610 160 553 361 338 586 316 168 605 295 561 369 467 274 254 231 109 322 202 525 265 293 460 169 252 460 621 350 170 19 106 161 273 206 89 694 341 234 683 145 40 297 586 145 550 446 360 195 130 182 629 397 698 270 246 243 682 254 214 663 383 100 315 321 547 728 212 259 723 270 144 370 292 435 241 458 311 761 111 437 224 375 656 523 153 317 266 470 746 516 225 120 618 295 186 544 136 525 257 351 285 443 735 208 279 303 167 401 532 553 540 663 215 158 236 392 661 228 294 488 168 662 536 416 738 667 731 252 215 758 237 193 532 152 542 249 347 230 502 157 307 217 520 497 744 290 191 416 134 590 385 107 742 154 311 290 311 205 179 208 213 204 110 254 623 223 114 232 197 26 246 685 366
77 411 814 152 807 564 326 968 755 797 602 635 312 163 853 438 279 47 709 322 698 923 486 296 864 512 438 537 199 212 805 166 988 761 600 211 346 155 533 541 882 903 676 672 610 487 630 748 951 268 268 222 865 288 473 664 535 854 271 675 771 666 925 499 602 199 594 629 525 673 943 457 403 881 241 479 645 312 412 365 766 303 941 87 598 501 843 795 374 167 748 264 321 395 403 633 884 716 401 585 627 278 93 120 341 650 823 824 780 656 351 764 839 267 850 986 725 410 379 702 521 54 206 361 361 299 804 63 141 508 301 728 531 884 498 822 256 278 767 612 759 121 185 959 987 142 599 931 820 507 282 431 972 954 471 839 770 0 213 605 602 543 88 722 660 726 948 670 431 402 618 766 47 284 191 239 156 544 75 313 945 758 883 928 620 629 573 219 503 566 120 351 152 169 267 141 637 418 392 85 172 173 590 6 333 987 685 954 191 163 785 958 243 273 610 77 105 922 548 867 227 495 737 682 677 953 309 159 646 971 111 828 723 721 798 691 669 62 799 46 656 419 821 236 495 212 857 853 418 322 298 690 138 694 616 103 183 853 169 226 875 837 123 440 297 853 614 483 769 253 878 203 644 397 764 183 827 169 282 801 376 398 215 725 248 511 398 482 272 517 724 422 143 467 737 550 302 246 474 866 618 385 910 672 537 870 410 702 408 335 206 433 996 220 802 847 334 883 902 135 902 145 881 570 292 104 731 201 621 266 429 451 185 497 653 177 956 222 402 360 532 951 551 753 452 755 270 562 631 352 681 970 311 157 505 859 767 876 721 514 929 735 92 793 608 179 711 750 526 201 685 222 344 414 641 672 589 186 405 211 516 524 982 104 517 859 207 455 717 461 816 233 49 955 852 89 770 653 409 733 354 1005 312 459 11 779 342 617 395 119 249 780 499 518 581 26 278 662 654 181 895 777 227 740 272 566 450 897 328 117 732 573 507 925 369 412 291 231 107 567 632 536 438 118 928 575 316 652 317 238 381 78 162 130 741 625 73 960 879 268 891 229 553 436 627 278 910 907 964 250 283 42 482 716 408 742 203 390 768 30 771 570 761 741 840 829 967 882 653 660 829 149 763 740 978 715 779 938 153 426
188 201 614 103 599 360 217 757 543 589 412 422 268 55 642 279 97 166 507 136 500 711 292 94 660 300 226 373 274 81 594 102 779 551 388 141 136 83 321 351 674 696 464 463 438 329 422 553 739 77 135 23 652 77 277 464 329 645 138 463 566 458 713 313 390 132 382 427 312 463 733 249 211 677 52 309 436 112 274 215 559 114 732 190 387 290 640 585 203 164 549 159 192 188 194 423 676 507 208 373 422 70 202 131 142 469 623 613 571 457 171 552 631 65 646 790 525 228 175 498 316 180 177 160 152 193 592 232 192 298 229 517 336 673 303 625 49 203 557 430 551 96 245 749 780 82 393 724 613 299 97 258 764 747 263 628 577 213 0 392 416 347 156 511 454 530 738 464 230 221 407 558 213 222 299 26 61 345 187 101 734 553 670 720 408 418 362 33 314 358 184 152 61 127 210 237 462 207 227 195 75 110 386 209 160 775 475 742 148 242 582 760 31 191 428 142 214 723 336 661 144 283 531 472 475 742 108 214 434 764 132 616 519 512 592 479 458 151 589 168 446 257 611 92 299 161 645 648 206 164 87 485 208 482 419 200 137 643 189 137 663 636 101 247 104 648 418 292 573 144 669 88 432 199 554 122 615 110 80 603 164 208 7 513 147 309 231 270 300 305 515 215 115 255 526 342 143 88 278 657 415 230 699 466 338 667 198 490 196 159 121 228 791 110 596 640 123 674 691 227 691 69 672 367 146 127 545 42 440 62 222 245 95 287 446 136 744 19 215 148 324 742 350 548 255 544 179 351 418 139 473 762 131 57 292 651 571 683 512 310 723 533 174 582 397 242 504 553 315 146 479 102 135 217 432 468 400 191 194 282 346 336 776 111 324 649 250 242 514 262 604 36 164 750 640 210 558 450 208 520 146 805 135 270 206 574 193 407 206 96 68 571 288 315 382 186 181 451 467 169 683 567 83 533 59 356 241 685 162 158 521 361 297 724 188 223 242 97 118 366 430 351 225 147 720 363 103 445 349 117 171 218 210 247 528 415 235 753 670 184 688 82 346 232 417 76 708 695 760 92 81 203 287 505 288 535 159 193 562 183 562 358 549 529 630 620 766 672 443 469 617 79 551 535 774 504 589 729 222 218
573 203 307 475 245 148 425 377 166 239 241 37 517 443 268 333 350 558 212 317 233 329 221 319 326 108 167 328 619 418 218 467 408 190 47 463 265 462 91 228 316 339 88 128 326 336 99 287 347 351 401 385 265 318 213 202 136 282 398 80 239 143 326 248 53 465 51 172 81 121 359 171 258 338 370 303 114 309 379 357 213 326 361 573 70 123 311 218 316 516 261 429 395 229 216 98 314 157 257 26 146 331 583 511 287 301 317 235 218 206 311 162 273 345 313 478 242 282 249 197 150 571 502 268 253 428 207 621 556 128 475 147 207 292 213 329 352 466 191 279 203 487 591 376 418 469 137 363 263 135 346 298 400 386 160 257 311 605 392 0 260 199 539 139 147 263 360 153 219 285 81 213 602 484 655 366 451 183 572 292 349 224 280 357 51 78 81 391 235 111 556 278 453 483 485 604 321 193 325 578 445 468 153 601 331 386 129 350 485 599 265 441 361 456 281 532 591 404 69 313 453 114 205 130 196 362 309 570 62 404 516 224 208 169 253 95 97 543 221 561 101 326 238 401 205 481 259 308 187 355 308 182 573 103 206 573 481 268 539 447 282 322 489 238 327 307 213 229 299 426 303 431 57 248 193 469 226 471 332 308 229 266 390 120 435 176 319 127 602 101 164 207 489 140 153 123 361 388 217 292 165 344 319 154 189 334 196 111 199 325 450 203 440 431 251 287 271 308 312 594 312 461 305 157 379 514 321 409 287 342 199 187 449 129 145 485 362 384 273 246 123 371 168 222 221 171 445 92 28 253 143 399 332 449 101 295 295 394 167 161 368 227 556 192 86 591 173 272 104 476 165 422 267 243 117 184 243 531 206 622 305 238 422 502 217 275 584 150 211 211 212 377 556 404 255 591 167 175 230 128 259 474 334 245 599 241 362 93 269 488 371 218 125 168 160 579 438 90 274 511 294 199 405 196 333 97 172 298 342 530 148 62 127 396 299 252 504 410 507 170 173 254 168 524 354 44 290 145 636 418 230 603 564 618 141 100 621 393 308 454 351 402 127 205 82 335 377 305 415 385 330 594 216 144 415 198 487 256 234 575 209 38 156 137 258 256 433 302 107 255 231 464 171 211 427 140 335 358 581 198
542 245 226 449 263 117 306 432 267 251 19 247 384 470 326 177 327 559 147 283 117 399 125 322 287 206 268 101 530 390 297 436 434 244 214 401 292 447 201 67 324 342 236 181 66 142 359 152 468 342 337 397 369 371 143 102 145 311 333 248 210 158 417 104 208 410 209 101 243 190 400 202 205 305 426 131 169 304 221 245 226 304 392 537 190 200 265 273 228 457 163 350 294 239 241 176 332 208 208 273 125 348 543 484 274 56 234 314 244 91 252 312 290 351 274 387 145 192 246 149 143 553 427 257 276 326 316 590 498 182 355 241 87 365 117 228 367 362 254 20 224 485 509 411 419 462 124 369 268 174 325 173 408 390 193 311 172 602 416 260 0 83 568 243 149 135 411 153 192 200 185 226 580 372 571 395 454 95 543 337 424 203 397 369 216 194 183 395 102 153 509 264 462 438 381 540 64 249 213 542 489 431 106 596 269 478 196 467 425 526 210 362 395 358 21 547 544 328 216 301 386 283 189 191 120 418 308 502 228 404 492 371 167 202 240 255 212 549 278 557 193 190 301 366 124 410 357 282 293 280 341 148 514 246 60 614 428 327 472 384 358 250 479 170 313 282 52 125 173 356 333 399 232 218 247 424 348 435 335 210 295 208 418 312 363 129 207 233 482 209 211 217 460 243 251 149 299 357 141 321 102 224 383 154 96 290 270 247 268 267 400 203 417 384 249 291 341 335 374 534 374 467 336 106 311 498 130 452 31 400 214 193 417 196 144 434 427 399 202 325 162 399 104 197 164 259 354 176 257 314 175 406 293 455 247 304 172 276 204 140 361 169 523 384 177 511 183 161 191 415 158 380 292 200 163 126 19 458 254 528 101 79 406 517 95 330 492 261 157 159 379 383 560 375 354 552 319 116 214 315 282 412 291 145 592 220 265 173 210 489 358 244 200 129 407 577 344 212 53 447 399 263 375 203 368 168 214 393 273 574 248 203 184 336 233 415 384 371 495 94 102 66 264 490 373 223 336 144 498 365 268 567 496 559 288 170 586 393 327 361 312 373 143 197 189 340 323 412 382 352 335 574 132 224 250 204 419 224 209 573 238 239 328 334 314 291 378 341 183 63 339 455 279 189 397 228 178 388 514 220
490 165 270 393 278 53 276 448 255 266 71 196 363 403 335 156 265 499 169 221 154 409 58 254 323 127 185 129 495 332 296 381 459 244 156 354 217 388 126 29 348 369 201 161 138 144 295 206 465 277 288 330 367 296 71 121 68 327 284 210 233 144 421 61 151 361 150 92 166 167 418 120 140 341 352 115 139 236 205 207 237 241 414 486 134 119 302 277 179 411 204 306 255 163 163 138 354 200 142 207 101 278 493 429 206 138 279 315 253 113 195 290 309 283 309 443 182 139 173 164 62 497 385 187 201 290 307 539 453 101 328 227 14 372 46 279 298 328 253 102 232 424 472 432 451 402 81 397 288 93 262 134 437 420 111 320 230 543 347 199 83 0 502 225 136 183 427 144 118 146 138 237 526 342 536 325 391 16 490 262 434 222 392 395 164 150 118 329 49 88 461 196 398 387 348 498 145 168 173 492 419 377 63 539 214 484 177 465 378 487 243 415 324 322 102 484 497 379 144 330 340 203 202 172 136 433 240 460 183 435 437 355 185 199 262 222 181 488 282 498 161 159 306 309 49 367 355 313 211 231 267 155 470 216 72 547 379 336 429 337 364 293 420 103 248 314 71 62 226 310 351 343 187 148 247 372 338 381 268 258 215 145 348 277 318 46 166 151 458 131 206 139 406 161 237 77 247 298 70 338 82 189 394 146 14 328 188 220 187 211 349 125 456 331 269 313 263 354 385 490 385 404 354 47 262 441 201 381 113 325 135 113 362 115 128 385 439 331 143 245 85 422 31 216 92 250 315 108 204 236 162 435 233 392 168 326 225 335 201 57 392 195 471 353 127 473 184 207 113 368 156 326 218 131 133 134 63 416 174 495 108 41 442 453 30 340 458 178 177 85 357 317 500 414 352 502 297 116 140 282 207 462 232 87 535 242 223 128 148 428 295 254 118 47 334 518 306 178 126 402 398 263 318 211 296 102 132 395 221 505 233 138 104 382 176 332 358 316 437 35 94 55 182 438 397 157 260 128 482 314 190 517 454 516 264 129 536 424 348 323 350 315 72 120 145 272 367 411 422 294 267 520 61 210 239 212 374 155 231 514 246 171 301 300 322 304 424 357 153 123 333 395 266 205 437 211 243 410 472 141
127 356 770 143 754 516 325 909 695 744 565 571 335 100 795 418 242 61 663 285 655 863 446 248 816 453 375 516 258 187 746 156 933 705 539 212 292 133 474 504 829 851 615 617 585 468 555 708 885 226 251 172 802 222 431 619 484 800 255 613 722 613 863 464 541 199 534 582 461 617 886 404 364 833 170 454 591 266 401 347 713 264 886 137 540 444 796 738 346 188 704 259 311 344 350 577 830 661 361 518 578 225 149 128 296 620 779 765 726 613 318 700 785 219 802 945 681 377 330 654 472 101 224 315 307 297 742 142 181 453 313 670 491 825 457 781 204 287 710 581 705 92 237 903 935 115 549 878 768 454 244 403 918 902 418 781 732 88 156 539 568 502 0 663 609 685 890 619 385 370 561 713 120 298 261 180 116 500 125 253 885 708 819 875 559 571 515 173 467 513 160 307 106 172 282 201 611 360 368 139 95 166 542 88 303 924 629 889 200 219 738 915 183 278 579 32 164 879 487 816 226 426 686 626 631 894 262 205 584 919 118 763 674 667 748 629 610 49 743 71 599 397 764 211 453 221 796 803 352 299 241 641 187 633 574 50 188 796 201 222 815 792 105 400 255 803 573 445 728 245 823 182 583 354 708 181 764 163 234 759 315 360 156 659 243 465 373 421 320 458 669 371 140 406 678 497 277 216 433 811 570 365 851 621 493 823 349 641 348 303 200 384 947 206 751 794 268 828 843 193 843 102 826 522 272 105 697 131 590 197 377 400 170 441 602 183 896 171 366 294 479 895 505 703 410 696 271 505 566 290 627 917 276 113 441 806 726 837 667 466 878 688 131 724 551 232 659 708 469 206 634 204 290 372 587 624 553 215 348 270 491 489 931 54 478 802 255 391 670 417 749 185 53 906 791 150 706 606 363 666 301 961 279 423 89 729 324 561 358 87 210 726 442 471 502 70 278 603 620 201 833 720 200 688 212 510 395 835 301 32 673 513 452 880 336 330 311 209 99 521 586 503 375 137 874 513 255 601 369 223 325 147 205 198 678 570 151 908 825 272 843 201 501 387 570 230 863 844 915 221 235 111 442 659 405 690 214 347 718 70 717 506 695 673 783 774 922 826 597 623 767 122 702 690 929 657 743 883 204 374
682 311 185 583 107 179 496 246 32 102 226 102 586 565 132 381 453 676 122 413 156 200 274 428 190 211 289 338 709 523 83 573 272 52 125 558 376 573 190 249 177 199 51 65 305 366 203 193 241 458 492 500 146 441 276 146 196 143 489 60 115 86 205 287 122 563 130 144 206 58 224 267 339 202 495 339 87 414 430 426 82 427 225 680 125 221 178 79 392 614 158 517 472 330 320 94 175 41 340 165 125 445 689 619 387 260 193 102 82 156 397 69 134 456 179 344 149 352 348 109 212 683 594 367 362 507 84 731 655 216 548 9 239 162 262 209 467 545 52 257 72 602 683 241 280 582 145 224 125 218 449 356 262 247 253 120 210 722 511 139 243 225 663 0 95 175 227 90 303 358 105 82 714 561 747 485 566 214 682 411 223 102 169 219 105 93 150 504 274 162 659 377 570 585 565 703 288 305 392 686 570 572 162 718 418 268 49 243 582 695 143 306 481 537 260 652 695 271 177 175 546 248 90 54 130 231 416 666 81 265 625 130 107 53 121 48 54 662 82 677 68 382 102 503 258 574 136 172 314 439 425 102 673 36 185 701 580 133 635 541 152 194 602 308 430 171 192 280 196 517 165 535 84 336 54 570 113 575 442 191 349 347 510 84 525 232 385 242 679 206 43 304 597 258 15 180 450 490 278 153 148 410 188 89 223 199 314 29 315 414 549 295 301 530 116 148 396 170 180 694 180 578 167 180 468 626 243 533 260 468 296 276 554 225 101 585 233 500 350 371 194 235 200 103 292 33 528 162 112 374 68 261 427 565 225 156 192 272 50 222 229 122 664 143 116 684 70 171 196 572 87 522 378 325 93 120 235 624 317 710 326 265 283 622 254 139 672 273 115 281 136 490 675 265 132 698 75 127 321 83 368 336 428 304 715 114 439 109 350 604 478 81 223 223 282 696 520 60 229 607 177 60 509 74 452 159 273 177 427 658 10 150 216 261 381 391 578 511 620 190 143 272 289 631 216 152 409 101 706 514 341 711 660 719 46 102 730 254 169 537 214 506 179 293 96 445 241 190 276 486 440 707 272 21 465 77 581 345 110 692 74 162 87 102 121 117 295 165 75 205 110 576 42 96 288 16 236 222 678 298
613 254 172 515 147 97 411 315 122 137 131 120 499 509 200 291 384 614 67 342 86 274 189 364 208 164 246 243 629 454 160 504 329 108 107 483 317 507 145 156 221 243 91 32 212 272 241 140 329 392 416 440 231 390 195 60 125 196 413 105 114 9 286 197 100 489 107 50 178 41 286 205 263 225 447 248 33 349 340 342 106 359 283 611 89 169 189 142 311 539 116 438 389 266 259 50 224 65 264 170 35 385 619 551 320 171 182 179 121 67 321 163 179 394 194 350 96 270 282 53 139 618 516 299 302 424 173 663 581 157 463 94 150 237 177 190 406 462 117 164 99 540 604 301 327 519 62 271 160 156 380 269 311 294 191 185 164 660 454 147 149 136 609 95 0 116 294 10 231 277 69 106 648 477 668 429 505 127 613 358 299 99 257 268 96 69 104 442 185 97 587 309 510 513 483 628 198 250 307 616 519 501 75 656 341 348 47 330 507 618 133 315 426 455 166 595 623 278 144 207 469 225 77 42 50 299 351 590 94 311 558 224 69 64 139 109 68 602 147 615 51 295 170 432 175 497 220 194 273 361 368 37 599 98 90 650 507 201 559 465 228 191 538 229 364 194 97 195 153 439 220 465 100 265 112 498 204 505 379 168 299 270 453 165 448 152 300 199 594 161 70 239 528 214 105 112 374 420 196 207 55 324 260 12 136 216 265 99 265 338 476 227 338 457 142 186 348 224 251 619 250 517 223 95 391 560 175 481 168 418 232 210 484 171 8 512 305 440 271 325 131 292 115 95 214 115 448 109 132 323 28 310 355 504 193 199 150 255 65 147 269 87 595 235 71 605 51 126 145 497 25 450 319 250 31 37 140 547 261 629 232 173 322 564 165 205 591 232 69 204 231 428 614 297 216 627 170 35 251 167 308 356 355 219 652 120 356 61 273 542 412 121 170 145 307 634 439 70 141 532 262 127 439 80 397 103 214 259 350 607 100 117 159 276 303 374 493 440 555 102 48 179 245 561 268 131 355 9 618 440 284 641 584 645 139 51 661 300 219 456 236 437 108 225 66 383 258 276 307 416 377 641 190 77 374 82 504 273 110 631 112 147 179 187 187 171 316 224 43 119 198 512 133 82 321 79 188 280 602 235
671 339 91 575 144 177 441 305 184 133 129 235 519 585 209 312 448 682 54 404 33 277 241 437 152 265 345 232 664 515 194 563 301 149 222 532 398 571 250 187 193 210 197 138 171 277 355 25 356 461 466 513 262 475 254 71 212 187 463 212 89 120 300 230 216 540 222 111 288 148 271 291 323 170 532 266 149 419 357 378 118 424 262 667 202 266 131 167 356 588 30 482 427 344 341 166 203 134 325 286 128 460 673 611 389 114 99 207 134 75 376 237 166 466 139 260 25 318 355 69 220 679 560 370 381 460 221 720 630 251 491 169 196 248 229 96 481 496 158 135 121 608 643 281 285 585 152 236 144 246 445 304 274 256 278 195 50 726 530 263 135 183 685 175 116 0 283 110 300 325 185 118 707 507 706 507 574 186 671 441 302 89 290 236 212 185 213 513 224 195 640 379 582 567 516 673 144 339 345 672 601 558 151 721 395 357 145 355 556 660 79 232 506 492 139 667 675 196 254 169 517 335 88 142 69 291 423 634 208 269 619 281 68 122 115 210 176 671 171 681 164 324 190 491 232 542 248 149 372 409 448 83 646 197 111 730 558 210 605 515 242 114 603 286 431 149 113 243 44 487 206 525 213 331 150 552 251 562 451 76 388 328 531 258 495 222 338 299 617 265 132 318 587 314 175 204 427 481 253 196 123 358 261 110 192 155 357 194 356 393 529 304 281 512 126 163 438 208 252 666 252 587 209 168 441 623 68 562 132 504 312 289 543 266 119 564 301 515 325 417 224 268 182 84 276 173 487 214 247 411 125 272 415 575 300 175 41 153 125 224 226 56 652 313 185 645 106 25 246 546 100 507 398 314 147 81 142 591 348 663 236 204 270 636 209 211 627 332 60 268 297 500 683 240 247 682 242 94 323 258 388 280 414 267 717 98 397 175 331 611 478 135 267 217 423 701 478 181 89 579 288 164 500 106 477 207 301 280 401 688 174 229 253 202 357 481 519 497 619 166 108 197 342 619 242 245 440 119 633 494 367 696 629 692 220 166 716 259 199 494 176 498 199 299 182 455 188 301 247 476 450 702 244 155 385 105 551 339 90 697 133 262 259 277 198 172 244 216 157 72 238 578 195 84 262 160 72 258 646 317
905 537 208 806 150 391 703 22 196 161 398 324 788 791 96 578 675 902 265 634 294 35 483 652 146 437 516 511 922 745 144 795 54 188 352 777 602 797 416 443 92 82 276 277 454 551 392 280 115 682 710 726 104 668 489 313 415 101 706 281 201 287 62 486 349 782 357 336 432 275 16 491 557 133 723 533 304 638 626 634 190 650 31 903 351 447 162 154 604 833 253 731 682 554 545 316 81 233 558 385 329 671 911 843 610 398 206 125 174 323 615 203 121 681 154 229 268 564 571 266 431 908 810 589 587 717 153 954 875 441 754 221 441 68 470 224 692 755 181 415 195 827 898 26 85 807 355 69 143 441 671 560 69 70 477 110 275 948 738 360 411 427 890 227 294 283 0 284 523 570 330 190 938 769 962 712 792 420 905 638 36 208 108 62 332 319 376 729 476 383 880 600 796 806 775 921 427 531 600 908 797 794 368 944 635 82 263 109 801 912 204 197 708 749 419 879 916 184 404 118 763 472 226 267 295 8 640 884 307 81 849 164 246 231 171 265 280 888 149 903 292 585 127 724 469 791 104 140 540 655 651 273 892 259 365 928 800 95 853 759 78 190 827 523 654 139 370 488 264 733 78 757 310 557 184 791 142 797 667 228 576 563 736 253 742 446 593 469 884 433 226 528 820 485 212 400 668 712 490 90 345 616 41 283 429 149 541 251 542 631 769 517 125 750 162 121 623 76 47 913 48 804 75 389 685 851 335 760 414 695 520 499 776 451 302 805 22 726 565 598 417 35 409 214 508 194 741 386 332 601 270 69 648 791 451 108 262 243 230 439 88 242 887 228 341 899 244 261 422 790 272 743 604 544 309 295 411 841 543 922 510 461 108 849 457 89 885 500 255 497 191 715 901 118 109 920 200 311 543 246 594 189 648 513 941 191 650 331 567 830 702 173 449 438 475 922 732 287 371 825 88 171 731 216 679 383 498 77 644 885 217 377 441 162 597 609 784 732 844 395 333 461 516 854 52 378 636 302 905 734 567 933 878 938 220 324 953 77 84 749 137 728 398 515 321 671 152 88 127 708 665 931 483 232 658 215 798 565 202 918 182 387 219 250 108 123 163 71 296 351 132 801 190 224 127 234 292 34 896 522
623 264 163 525 138 107 420 305 115 127 136 125 507 519 191 299 394 624 59 352 81 265 198 374 198 174 256 249 638 464 152 513 320 100 114 493 327 517 155 164 211 233 92 31 215 279 245 134 322 402 426 450 224 400 204 59 135 186 422 106 104 10 277 205 108 498 115 56 187 41 277 215 273 215 457 255 40 359 348 351 96 368 273 620 97 179 179 133 320 549 108 447 398 276 269 57 215 57 274 177 44 395 628 561 330 172 172 171 111 67 331 159 169 404 184 340 89 279 292 44 149 628 526 309 312 433 166 672 591 167 472 89 158 228 186 181 417 471 109 167 90 550 613 292 317 529 72 261 150 166 390 278 301 284 201 176 157 670 464 153 153 144 619 90 10 110 284 0 241 286 77 96 658 486 678 439 515 136 623 368 290 89 250 258 102 76 113 452 193 107 597 319 520 522 492 637 199 261 316 626 529 511 84 666 351 340 44 323 517 627 124 306 436 464 170 605 633 268 153 197 479 234 67 39 46 290 361 599 98 301 568 219 60 55 128 109 69 612 138 625 55 303 161 442 184 506 212 184 283 370 378 29 608 97 95 660 516 192 568 475 220 181 548 239 373 184 102 204 146 449 210 475 104 274 103 508 197 515 389 159 309 279 463 164 458 162 309 208 602 171 62 249 538 224 99 122 384 430 206 197 62 333 251 2 145 206 275 97 275 347 485 237 328 467 132 176 358 214 241 629 241 527 213 104 400 570 172 491 171 428 242 220 494 181 18 521 296 450 280 335 141 282 124 85 224 108 457 119 137 333 22 300 365 514 202 189 142 247 57 157 259 78 605 231 80 615 41 119 155 506 15 460 329 260 39 34 145 556 272 638 239 181 312 574 174 196 601 242 60 214 226 438 624 287 209 637 166 37 261 165 318 346 365 228 662 110 365 69 283 552 422 111 180 154 313 644 448 72 142 541 255 119 449 70 407 113 224 251 359 617 95 126 169 266 313 383 502 449 565 111 54 186 255 571 259 139 366 18 626 450 294 651 594 654 135 60 671 290 209 465 226 447 118 235 73 393 248 268 297 426 387 651 199 71 381 72 514 283 100 641 103 155 176 185 178 162 306 215 47 119 190 522 127 72 310 74 181 270 611 245
382 61 385 284 378 134 206 543 335 368 186 236 298 285 428 133 153 385 279 111 270 501 67 137 433 111 105 182 407 223 383 273 560 335 193 255 100 276 128 126 452 474 264 246 230 160 293 323 543 163 189 213 449 179 49 235 108 426 186 267 341 237 507 98 192 260 186 199 148 249 517 51 39 451 235 126 220 120 170 139 337 128 514 380 182 96 413 370 98 311 319 215 176 47 51 210 455 290 38 212 197 160 388 320 90 248 394 403 352 228 95 357 410 166 419 560 296 67 55 271 93 387 292 70 84 210 387 432 352 92 256 307 108 462 76 396 181 248 342 209 330 310 380 532 557 289 169 502 391 88 149 94 542 525 59 413 347 431 230 219 192 118 385 303 231 300 523 241 0 68 199 337 417 266 445 207 276 115 382 145 524 328 471 499 211 212 157 214 93 142 357 79 282 283 268 400 247 71 110 385 301 270 159 426 115 571 261 545 279 392 354 530 206 238 208 368 393 494 151 437 243 157 306 257 246 528 123 363 237 541 327 424 292 293 368 282 251 373 374 385 235 118 397 201 70 271 439 422 122 138 149 259 370 282 189 429 277 429 332 238 453 407 307 33 133 422 189 70 344 214 451 234 237 34 339 268 415 274 151 374 107 47 230 329 223 80 104 104 384 118 297 30 297 101 318 124 147 189 52 438 187 128 487 243 109 440 91 288 88 111 246 21 566 227 373 417 150 455 478 391 478 289 453 139 165 330 318 263 220 208 33 33 253 90 223 282 533 214 55 137 110 523 121 322 30 334 228 144 237 123 253 540 125 276 135 429 342 453 294 84 499 305 364 406 187 381 282 323 116 269 255 220 100 24 215 241 175 321 69 409 152 115 551 337 97 434 370 109 287 33 419 201 385 524 435 397 364 223 22 336 90 576 126 59 422 349 143 195 50 313 181 352 94 87 301 405 221 245 242 304 480 353 208 311 178 145 55 480 125 388 312 165 93 496 80 244 285 209 324 137 202 134 101 331 499 177 144 222 417 211 77 410 357 416 331 201 430 530 450 237 461 206 125 16 208 155 480 493 533 185 150 410 61 293 206 313 278 42 337 401 343 181 361 350 415 401 538 455 229 241 413 282 345 310 547 293 361 511 375 39
345 117 415 250 422 181 141 591 389 411 199 299 233 274 477 75 128 359 315 85 299 550 88 130 469 179 168 154 352 190 435 238 604 384 256 208 121 247 194 139 494 515 322 297 218 116 362 346 599 145 142 200 503 192 82 267 163 471 138 328 379 284 560 96 254 215 249 237 216 301 563 119 33 487 241 90 272 112 104 72 381 107 558 341 242 163 447 418 34 265 349 161 114 90 102 265 499 339 36 280 242 157 348 285 86 250 423 454 397 258 52 416 453 156 455 584 326 8 80 310 147 354 240 77 110 149 442 394 307 157 192 361 132 513 101 422 173 187 392 211 375 286 327 577 597 262 216 543 433 152 126 40 583 565 127 462 368 402 221 285 200 146 370 358 277 325 570 286 68 0 257 381 382 204 392 203 255 150 346 161 575 368 526 540 272 270 218 197 102 198 315 79 264 242 208 352 242 129 41 346 296 233 202 397 69 623 312 600 233 341 389 557 204 180 209 348 351 522 217 476 194 224 348 308 282 576 117 314 297 581 294 483 331 340 408 342 307 350 423 357 290 55 447 167 102 221 493 459 178 85 158 300 324 340 216 417 234 478 283 191 504 438 280 50 117 459 213 84 367 164 495 200 298 54 388 227 471 237 142 401 148 27 224 392 172 126 36 172 322 185 346 91 262 168 371 180 102 157 80 483 226 60 536 288 142 474 146 346 142 68 204 88 601 186 414 459 179 499 527 344 527 268 498 182 116 299 329 260 221 218 97 101 218 157 269 239 582 203 15 174 169 567 162 362 66 386 171 205 302 156 302 581 93 257 203 472 366 474 342 137 538 341 327 469 244 329 327 350 181 222 299 182 120 46 266 279 187 271 123 353 126 122 588 318 117 482 315 174 323 77 480 187 361 560 489 357 423 261 67 398 113 605 91 59 393 388 81 250 26 290 159 397 161 135 368 378 163 302 252 256 535 403 176 355 181 205 123 533 76 378 366 229 158 526 34 292 222 172 295 175 240 134 163 293 542 242 161 268 353 168 117 371 308 370 390 256 391 570 493 180 495 174 180 84 266 147 512 548 568 152 142 376 87 345 139 356 229 51 376 374 389 248 422 413 464 447 568 501 283 258 468 255 400 350 582 346 377 555 326 102
577 207 238 478 195 85 397 350 137 186 166 62 488 461 235 288 348 571 136 308 154 305 177 323 267 108 189 264 605 418 187 468 372 144 37 454 272 468 87 166 270 293 66 60 252 282 178 210 344 353 388 396 250 339 176 122 94 239 385 73 175 68 310 196 31 458 37 92 112 58 326 162 236 282 394 251 38 309 337 327 157 322 325 575 22 117 250 178 290 509 186 413 370 225 215 20 271 102 236 101 65 340 584 514 282 222 248 207 167 125 294 159 226 351 254 414 166 251 243 121 110 578 490 261 257 405 189 626 551 111 448 110 150 266 166 258 362 444 150 204 148 497 579 342 376 478 62 320 211 112 343 259 359 343 148 221 234 618 407 81 185 138 561 105 69 185 330 77 199 257 0 157 609 460 644 382 462 124 576 308 328 159 272 315 31 13 45 399 182 59 554 272 466 480 464 598 244 201 293 580 468 467 81 614 314 373 69 346 477 591 198 379 378 435 206 549 590 342 79 261 442 159 138 67 117 335 311 562 45 361 520 226 136 109 195 86 52 558 182 573 39 287 204 398 161 470 241 252 215 336 321 106 568 83 128 599 476 235 531 437 257 256 497 207 325 251 135 184 223 413 263 430 49 232 148 466 216 470 337 236 246 243 406 140 422 132 286 141 579 103 109 199 491 157 120 77 346 385 178 251 86 311 292 78 132 276 212 89 213 310 444 190 392 425 196 237 294 268 284 589 284 473 265 92 364 521 241 431 211 366 191 171 449 121 66 480 338 396 247 270 89 335 108 157 190 137 426 56 72 271 74 357 323 461 129 248 219 323 109 120 321 155 559 217 12 580 106 196 92 468 91 417 274 221 38 104 170 520 213 607 246 179 375 518 163 241 569 173 137 179 224 385 570 352 237 593 166 94 216 145 263 417 324 206 610 179 337 13 247 499 373 167 119 123 239 592 418 46 194 503 282 160 403 134 349 54 168 282 324 556 114 51 111 337 278 307 478 406 515 104 92 192 188 526 314 62 306 66 608 410 237 606 556 614 133 19 625 349 265 435 294 401 77 189 9 341 318 294 363 381 335 602 174 98 373 137 477 241 170 588 158 78 166 162 223 213 376 265 38 175 215 471 147 144 376 97 257 322 573 192
719 358 103 621 42 203 512 211 76 31 212 177 598 613 100 388 490 720 80 448 114 174 293 470 112 263 345 326 732 560 76 610 223 36 188 588 422 613 243 253 116 138 127 97 278 363 285 128 243 498 521 545 147 493 300 125 231 90 518 139 36 101 191 296 183 594 191 145 268 99 182 310 369 126 549 343 123 455 437 444 1 465 178 716 179 271 97 50 415 645 92 542 492 371 364 139 118 57 370 240 140 490 724 657 426 224 111 91 18 135 426 128 73 499 100 264 94 374 388 77 245 724 621 405 407 527 103 768 687 261 564 73 251 139 280 128 512 565 44 234 10 645 708 196 221 624 168 165 55 260 486 370 206 189 296 86 139 766 558 213 226 237 713 82 106 118 190 96 337 381 157 0 754 579 772 534 610 231 719 461 199 28 175 162 170 149 201 547 285 200 693 415 615 619 585 733 254 354 410 722 623 607 179 762 447 252 89 243 612 722 63 227 530 559 237 700 729 191 236 104 574 314 37 90 107 196 457 695 152 206 664 164 59 48 40 129 117 707 54 720 120 395 75 538 279 602 133 95 372 466 472 82 704 117 176 754 612 102 664 571 132 112 643 334 469 95 182 298 124 544 114 571 157 371 36 604 133 611 484 112 401 375 558 161 553 258 402 297 694 260 49 345 634 313 74 217 480 526 301 102 155 426 159 94 239 121 367 110 367 443 581 333 235 563 39 81 450 118 150 724 149 622 117 200 496 666 184 585 234 521 337 315 590 273 114 617 204 546 376 426 235 186 220 34 320 64 551 209 189 426 86 204 461 610 286 93 121 190 48 253 165 63 701 202 164 710 55 105 246 602 82 556 424 356 127 105 224 652 365 732 322 271 219 669 267 105 695 330 70 310 182 534 720 195 131 733 132 121 357 158 413 261 461 323 758 32 460 154 379 648 518 19 272 251 363 740 542 124 194 637 174 47 545 26 501 204 318 168 455 711 76 208 262 183 409 461 594 545 661 206 143 272 344 667 162 215 459 115 716 546 388 747 689 750 117 145 767 194 113 559 138 543 214 330 149 488 164 188 206 522 483 747 294 70 469 25 609 379 32 736 15 229 152 175 88 67 220 120 120 172 120 618 84 38 219 75 165 174 707 340
38 404 796 133 795 551 294 958 747 784 581 631 271 171 843 411 264 62 694 306 680 914 468 287 848 505 436 510 152 194 797 145 977 750 594 181 339 142 526 521 869 890 669 661 583 459 634 728 947 257 243 217 858 289 457 647 523 843 247 670 757 653 918 478 595 171 588 614 521 663 933 448 387 866 249 454 635 300 382 339 754 289 930 46 590 493 827 785 352 131 730 235 293 385 394 623 872 706 385 584 614 272 48 97 328 626 805 816 768 639 331 760 827 259 834 965 707 390 367 687 509 32 169 349 353 267 797 23 99 499 264 720 513 876 480 804 250 243 757 589 747 117 139 948 974 133 586 918 808 497 267 407 959 941 462 829 750 47 213 602 580 526 120 714 648 707 938 658 417 382 609 754 0 246 145 238 152 528 37 311 937 744 877 915 613 621 564 212 484 556 80 339 152 142 230 94 612 412 367 43 187 149 576 42 313 981 675 950 159 116 769 939 244 239 586 99 59 904 543 853 197 495 723 672 661 943 299 115 640 958 90 825 708 709 784 686 661 78 789 53 647 393 812 217 479 178 850 838 418 299 295 676 94 688 598 146 153 844 128 198 866 819 114 423 285 838 595 465 749 225 867 183 639 383 754 156 821 145 273 783 373 381 216 723 219 496 374 477 226 511 713 411 120 463 729 539 281 228 457 854 603 359 901 659 520 854 406 695 404 315 180 421 981 196 789 834 335 871 893 89 892 144 870 555 268 88 708 210 597 271 419 439 164 489 640 147 947 219 383 360 522 939 536 739 436 746 238 553 627 350 669 957 294 155 502 846 748 855 710 501 915 720 57 793 599 133 698 732 518 169 672 200 337 398 630 657 568 145 399 165 490 504 967 116 498 849 162 452 702 445 814 226 69 939 845 43 766 638 396 730 347 987 294 440 38 765 316 607 378 117 237 768 491 504 591 51 246 654 632 144 889 767 209 728 270 556 442 890 307 152 724 566 498 908 350 425 251 210 96 551 617 514 435 89 916 570 314 639 271 214 375 31 118 84 735 615 31 947 867 234 876 211 541 424 619 269 893 901 948 232 275 10 465 707 374 730 169 375 753 50 759 567 758 739 830 818 950 871 643 640 823 139 755 726 962 706 757 927 108 417
208 290 598 157 620 383 67 790 593 608 379 502 46 242 677 195 164 256 507 177 485 751 288 204 657 377 340 285 158 142 637 146 799 585 459 88 248 172 394 327 688 708 526 499 359 235 550 523 802 180 100 202 706 262 286 459 367 669 101 531 573 485 762 283 458 101 452 433 409 504 760 314 227 675 272 241 475 200 153 135 579 178 755 200 446 362 636 619 170 117 534 68 90 261 275 468 694 541 228 475 442 214 199 172 209 409 606 656 595 449 174 620 650 199 643 755 513 209 241 504 351 230 78 224 250 56 645 248 148 358 19 564 328 714 300 600 208 21 594 376 574 209 140 773 788 190 418 736 629 354 169 209 776 758 325 662 542 284 222 484 372 342 298 561 477 507 769 486 266 204 460 579 246 0 200 228 201 350 210 255 776 563 730 735 476 473 421 191 293 401 166 215 214 126 16 178 390 303 170 203 276 134 402 278 155 825 515 804 98 160 578 733 235 34 373 267 194 700 416 668 79 404 544 510 475 775 204 141 501 773 182 686 525 541 602 546 511 256 624 249 493 185 647 134 303 77 695 650 338 130 238 496 159 544 406 346 110 678 118 86 705 621 194 254 185 650 402 282 545 81 692 136 502 237 589 119 674 137 199 582 292 219 229 595 76 329 177 362 118 383 547 278 158 354 575 384 130 142 283 680 424 153 736 487 341 661 310 549 307 161 106 281 788 112 609 654 286 696 727 174 727 211 695 383 112 194 493 259 383 269 286 298 138 356 469 115 782 208 214 300 373 763 363 557 270 589 47 408 503 281 503 774 163 208 393 667 544 643 542 340 729 532 192 671 448 143 526 532 382 92 498 120 245 242 469 475 365 101 291 156 273 309 777 248 312 682 121 353 516 281 683 196 261 747 691 207 627 458 254 601 248 784 159 258 273 582 123 454 216 214 170 596 360 338 539 267 51 506 423 103 737 604 141 553 237 408 314 735 144 321 569 431 359 708 186 415 22 127 199 375 436 311 337 168 737 443 257 469 153 106 272 222 136 198 593 459 240 762 689 39 683 142 383 280 469 200 695 750 754 140 202 245 289 548 135 554 84 229 570 264 588 447 625 615 664 646 750 698 486 435 671 185 603 545 769 549 545 751 152 288
134 452 797 196 814 572 265 983 780 802 577 677 200 278 868 394 305 200 703 338 683 942 480 340 855 549 495 484 42 242 826 199 994 776 636 191 394 216 569 523 884 904 708 688 558 434 705 723 987 309 256 292 893 370 474 655 551 863 259 711 768 676 951 479 636 190 630 627 575 692 954 487 408 873 347 440 663 347 352 329 772 329 949 126 627 535 833 810 358 141 732 231 281 426 438 654 889 731 408 641 634 335 113 170 368 609 804 845 788 645 350 802 844 320 841 954 711 398 406 699 536 160 153 387 403 247 832 128 107 536 217 751 522 904 492 800 318 210 784 576 767 218 65 968 985 220 608 932 824 532 310 404 972 954 499 853 742 191 299 655 571 536 261 747 668 706 962 678 445 392 644 772 145 200 0 320 242 542 137 380 966 758 915 930 655 656 601 282 488 586 117 377 250 177 190 63 589 463 363 123 304 194 594 186 330 1014 703 989 170 57 776 933 327 214 572 233 98 899 589 865 203 559 738 699 671 968 348 86 681 970 173 868 720 732 798 727 695 213 815 190 679 382 838 255 493 174 883 847 483 308 362 691 90 726 603 291 175 869 117 208 895 820 206 440 329 847 598 474 744 231 887 229 681 412 779 188 859 192 328 781 436 401 305 771 222 517 371 527 114 556 738 449 183 516 762 568 297 268 472 874 618 349 928 679 533 859 463 733 460 334 205 456 986 224 804 849 410 890 919 74 918 241 889 573 280 182 692 314 582 360 457 474 213 530 661 172 974 296 398 432 554 958 553 752 456 777 221 589 677 417 693 970 323 248 556 862 743 843 733 526 926 729 137 846 632 64 718 731 558 179 691 234 391 422 657 669 564 124 449 47 472 505 975 238 506 874 79 510 712 467 862 295 208 945 879 111 808 652 429 778 398 983 321 449 183 778 313 639 398 222 289 789 533 525 676 195 230 690 622 144 925 794 253 746 345 590 484 924 320 292 756 608 536 907 367 522 191 246 193 567 630 509 492 154 933 617 383 660 144 237 426 115 92 63 776 645 117 959 884 213 881 256 569 456 653 327 894 938 952 270 331 153 479 736 332 748 168 404 766 193 780 617 804 791 856 839 949 892 673 634 858 221 789 740 967 736 745 946 77 458
212 176 591 124 574 336 216 731 517 564 391 396 274 80 616 266 86 192 483 119 477 686 271 73 636 275 200 357 293 90 568 121 754 526 362 152 112 105 296 330 649 671 438 438 421 314 397 530 713 64 135 29 627 52 255 441 304 620 136 437 542 433 687 293 364 145 356 403 286 438 708 224 191 653 46 293 411 92 265 205 534 98 707 214 361 265 616 559 188 183 525 162 188 165 170 397 651 482 188 347 398 48 226 155 121 449 600 587 546 434 155 526 606 48 622 767 502 211 152 474 292 206 191 139 128 194 566 258 213 273 233 491 314 647 281 602 31 208 531 410 526 121 264 724 755 107 369 699 588 274 85 242 739 722 238 603 554 239 26 366 395 325 180 485 429 507 712 439 207 203 382 534 238 228 320 0 86 322 211 75 708 528 644 695 382 393 336 40 294 333 206 131 87 145 217 259 444 181 214 220 94 128 362 235 147 749 450 715 163 263 558 736 7 196 408 167 237 699 310 636 153 257 506 447 451 716 87 234 408 739 156 590 494 487 568 453 432 177 564 194 420 243 585 95 277 173 619 623 180 155 61 461 230 456 396 222 153 617 208 146 638 612 126 226 87 623 396 271 551 147 644 100 406 178 529 138 589 129 62 580 138 189 24 487 153 286 217 244 314 280 489 191 137 229 500 317 135 88 257 631 391 218 673 441 316 643 172 464 170 145 132 204 767 119 571 615 97 648 665 249 665 95 646 343 141 152 524 57 420 43 198 220 110 261 422 153 719 24 196 122 299 716 326 523 233 518 183 326 392 113 448 737 117 83 266 626 549 660 487 286 698 509 198 556 372 262 479 529 290 159 454 109 110 196 407 444 379 208 169 301 329 316 751 137 302 623 267 216 490 240 578 32 190 726 614 234 532 426 185 494 121 781 122 250 232 549 184 382 186 122 62 546 263 291 359 212 183 425 446 185 657 541 88 508 33 331 216 659 151 181 495 335 272 701 171 203 249 102 143 342 406 332 199 170 694 337 77 421 362 122 146 243 230 270 502 390 260 728 645 189 663 86 321 208 391 57 684 669 735 91 61 229 266 480 281 510 173 172 538 209 537 331 522 503 604 594 742 646 417 447 591 103 525 510 749 478 567 704 242 194
126 255 661 52 651 409 215 812 599 641 452 480 244 43 696 302 127 110 555 171 545 767 334 140 709 356 284 399 221 72 649 58 832 605 444 113 190 31 377 391 726 748 520 516 469 352 483 596 797 114 137 66 709 138 320 510 380 698 141 520 616 510 769 350 446 100 438 475 370 517 787 301 251 727 106 338 489 156 287 232 610 151 785 129 442 345 689 639 230 117 595 150 197 239 247 477 728 560 249 432 472 122 141 72 186 505 670 668 624 503 203 609 683 111 695 834 572 262 223 547 366 120 140 206 205 188 648 171 137 352 212 572 379 728 346 670 100 185 611 466 603 36 193 803 831 22 443 776 665 351 129 287 816 799 315 682 620 156 61 451 454 391 116 566 505 574 792 515 276 255 462 610 152 201 242 86 0 390 125 159 789 603 728 772 464 473 416 63 354 410 126 197 13 84 186 180 495 262 252 134 76 69 435 152 187 832 529 799 110 187 630 806 92 175 464 93 154 769 393 711 122 343 581 526 522 797 154 161 490 816 72 674 568 565 643 536 513 98 643 111 500 280 665 95 342 128 701 698 266 183 143 535 152 539 463 165 98 697 140 117 719 683 40 288 143 697 462 332 617 135 722 70 489 243 608 85 672 67 126 649 222 247 66 571 135 356 257 327 258 361 568 266 61 312 581 394 161 100 321 710 463 249 754 516 383 716 255 546 253 188 95 277 841 95 647 691 184 727 746 169 745 14 725 415 156 66 583 73 476 122 273 295 63 341 497 95 800 67 252 208 376 795 397 598 299 599 165 406 476 198 525 814 161 7 351 703 615 725 565 359 774 581 113 641 452 189 555 598 370 112 530 91 188 260 485 517 440 146 249 230 375 375 826 63 365 703 202 301 562 307 663 77 109 800 697 149 616 499 254 579 198 852 164 309 149 624 208 461 244 38 96 624 343 363 443 130 170 506 506 124 740 621 84 585 118 410 294 741 185 130 576 417 351 772 221 282 218 94 57 413 478 388 283 88 772 420 162 496 308 110 225 157 157 188 585 469 174 804 723 168 737 85 397 280 471 122 756 752 809 105 127 143 330 560 293 586 124 236 612 126 615 416 607 588 684 673 813 725 497 510 674 22 607 585 823 558 630 782 167 270
492 157 270 395 272 38 284 441 244 261 82 181 373 400 327 167 265 499 166 222 155 401 62 252 321 112 174 145 502 334 287 383 453 235 140 358 212 389 109 46 344 365 187 150 154 158 279 209 454 277 291 328 357 291 71 120 52 321 288 196 229 135 412 73 135 365 134 87 151 156 412 111 141 338 347 128 128 234 216 215 231 240 408 489 118 105 300 269 184 415 204 311 262 158 156 125 348 191 143 190 92 275 496 431 204 149 280 306 247 113 197 278 303 281 307 445 181 144 170 160 48 499 390 185 196 297 297 541 457 87 336 216 26 364 50 281 296 335 244 115 225 424 478 426 447 402 70 393 283 79 262 142 433 415 100 312 233 544 345 183 95 16 500 214 127 186 420 136 115 150 124 231 528 350 542 322 390 0 492 257 426 218 382 390 149 136 102 328 60 72 464 194 397 390 356 502 159 159 180 494 415 379 53 539 217 475 167 455 382 492 241 416 320 328 116 482 500 379 128 326 344 188 197 162 133 426 238 464 169 431 438 343 181 191 258 208 168 488 274 498 149 168 297 311 49 371 346 310 200 235 263 150 474 203 75 544 383 328 434 341 355 293 420 105 247 310 75 68 229 314 345 344 172 147 239 375 327 383 266 259 207 147 345 263 323 37 173 137 467 115 197 133 407 148 227 61 250 300 71 332 76 197 387 138 9 327 179 207 177 214 352 119 453 334 264 309 256 349 378 494 377 403 348 34 266 442 209 377 126 320 128 106 363 101 120 388 432 329 146 237 69 417 16 212 92 240 321 92 188 229 153 431 234 391 152 321 227 338 192 45 389 192 474 340 112 479 177 208 98 372 149 328 213 130 121 129 76 421 166 502 124 56 439 452 40 332 465 166 174 83 344 316 499 412 342 505 285 111 137 268 202 462 234 92 535 238 229 114 150 427 295 247 104 35 318 518 312 164 135 406 388 254 319 205 292 86 122 386 225 502 222 122 89 382 179 320 366 318 437 25 90 71 170 440 392 141 255 119 492 317 183 519 458 520 251 116 539 420 343 329 348 317 56 114 131 270 366 402 420 295 265 521 63 199 251 206 379 154 226 514 239 155 288 285 314 297 423 350 140 130 322 395 255 200 435 201 248 405 476 134
3 372 760 99 761 516 257 925 714 750 545 600 238 151 809 374 230 65 658 272 644 881 432 255 813 473 406 472 134 160 764 110 943 717 562 144 308 110 494 485 834 856 637 628 546 422 608 691 916 224 206 188 826 263 421 612 490 809 210 638 722 619 886 441 563 133 556 579 491 630 899 415 351 831 228 416 601 267 344 302 719 255 896 13 557 461 792 751 315 94 694 198 255 352 362 590 838 672 350 555 579 241 24 62 294 589 769 783 734 603 296 728 792 228 799 929 672 353 334 652 475 26 133 315 321 230 765 49 67 466 228 687 477 843 444 767 220 206 724 552 713 93 115 914 939 105 552 884 773 464 234 370 924 907 429 795 713 75 187 572 543 490 125 682 613 671 905 623 382 346 576 719 37 210 137 211 125 492 0 282 905 709 846 881 582 588 532 182 448 522 45 305 128 105 194 76 575 381 330 14 173 113 541 69 277 949 642 918 122 95 733 903 218 202 549 96 39 867 511 818 160 466 688 638 625 910 266 86 608 923 57 794 673 675 750 654 628 77 756 55 614 356 778 182 443 141 817 803 389 262 265 641 66 656 562 161 116 810 94 160 833 783 86 388 251 803 559 429 713 188 833 148 607 349 720 119 790 109 241 747 344 346 191 692 182 462 337 446 201 479 679 378 85 432 696 505 244 193 421 820 568 322 868 625 485 819 376 663 374 279 143 388 946 160 755 799 308 837 859 68 859 119 836 520 231 59 671 190 560 247 386 406 129 457 606 110 914 190 347 332 488 905 501 704 401 713 200 520 597 321 635 922 258 130 472 812 711 818 676 467 881 685 20 763 566 109 664 696 486 132 637 164 306 363 596 621 531 111 367 146 453 468 932 104 462 816 136 422 667 410 784 196 72 904 813 27 735 603 362 700 315 951 259 404 64 730 279 574 343 94 204 734 459 469 568 65 209 622 596 108 857 734 174 693 242 523 409 858 270 156 691 534 465 872 314 405 216 175 68 516 582 477 405 53 882 539 285 605 248 178 343 32 88 74 704 582 49 912 832 197 840 177 507 390 586 238 857 869 913 197 243 35 429 673 337 695 132 340 718 63 725 536 727 710 797 784 914 837 610 603 790 109 723 691 927 673 721 893 82 384
283 104 522 189 501 267 223 657 443 492 331 322 299 153 543 233 90 266 414 95 410 611 212 52 565 201 125 313 350 139 494 183 680 452 288 197 45 173 222 271 576 599 364 365 371 277 327 465 638 76 155 94 552 34 194 373 234 547 154 362 471 362 613 239 290 194 282 334 212 365 634 153 139 582 91 250 338 61 246 188 461 82 633 284 287 191 545 486 158 240 458 187 189 99 101 324 578 408 136 273 327 45 295 223 77 393 532 513 473 367 126 451 533 61 551 699 434 167 92 404 222 279 239 85 61 208 491 330 275 201 255 417 252 573 221 535 63 234 458 353 453 195 320 650 682 178 298 626 516 202 86 202 666 649 167 529 490 313 101 292 337 262 253 411 358 441 638 368 145 161 308 461 311 255 380 75 159 257 282 0 634 457 570 622 307 319 263 101 237 261 272 82 161 203 248 323 391 108 185 289 162 186 294 309 128 674 377 641 214 323 488 668 70 221 352 241 305 631 236 564 193 184 435 374 382 642 56 294 333 667 226 515 424 414 496 378 358 252 490 269 347 211 511 131 215 218 545 552 107 146 19 390 293 382 331 293 206 543 265 186 563 543 198 170 72 552 332 213 485 176 571 152 332 121 456 192 514 188 57 513 63 140 99 412 183 220 185 169 357 205 416 124 203 154 426 246 133 118 197 558 322 195 599 369 251 572 97 389 96 123 179 138 695 161 499 542 32 575 591 313 591 169 573 275 147 224 463 123 364 63 129 152 168 188 350 209 644 92 150 51 227 643 259 452 174 444 207 253 318 39 375 664 102 157 192 554 482 594 414 218 626 439 268 482 299 319 407 463 216 207 383 151 45 140 335 375 320 261 96 356 284 259 679 211 242 549 320 142 420 178 504 87 265 654 540 303 457 357 123 420 55 712 107 196 307 478 173 308 139 196 93 473 189 224 296 287 205 351 386 239 583 467 130 436 41 258 144 584 136 250 421 261 199 631 135 160 277 140 216 275 337 277 124 237 621 262 3 349 401 156 74 314 289 335 428 317 331 655 572 216 593 127 250 142 317 56 614 594 664 118 54 302 206 406 271 438 220 118 467 283 464 257 448 429 531 521 672 573 344 385 517 173 451 439 678 404 504 630 303 124
905 534 232 806 161 394 710 35 191 173 411 315 797 787 99 587 675 899 278 635 308 25 488 651 174 434 510 525 927 745 141 796 85 191 346 779 599 796 413 452 117 112 270 279 472 563 373 300 79 681 713 724 85 663 493 324 417 115 709 272 216 291 30 494 344 784 352 343 425 276 52 490 559 163 716 542 305 637 636 641 199 650 66 903 348 445 188 157 609 835 272 736 688 553 544 315 104 236 560 374 334 668 912 842 610 415 232 122 182 335 617 189 136 679 179 265 284 569 571 276 432 906 814 589 585 722 143 954 877 439 761 218 448 62 476 250 690 761 183 430 203 825 902 61 120 806 359 103 158 440 671 567 105 106 476 114 298 945 734 349 424 434 885 223 299 302 36 290 524 575 328 199 937 776 966 708 789 426 905 634 0 221 81 96 326 316 373 727 483 383 882 600 793 807 781 924 445 527 606 908 791 794 373 941 638 55 264 74 803 915 223 232 704 754 434 875 918 219 398 144 766 463 236 268 306 30 639 887 301 117 848 140 258 235 187 256 277 885 152 900 290 593 128 725 473 794 90 165 533 658 647 281 895 252 375 921 802 98 856 762 71 217 825 527 653 164 381 494 286 737 97 757 302 558 187 792 125 798 665 252 571 566 732 237 745 449 599 464 892 428 229 527 819 480 208 401 671 712 494 106 352 622 41 288 434 178 536 244 538 634 771 517 161 752 177 140 617 96 50 915 50 801 94 393 688 849 357 754 429 689 519 499 776 448 306 807 18 723 568 592 416 71 413 227 511 191 746 385 322 596 273 105 649 788 444 129 284 275 233 441 122 256 887 202 339 903 250 280 419 793 278 744 601 546 310 304 423 844 540 927 521 470 144 845 463 95 890 493 268 500 166 713 897 154 95 921 185 319 543 230 591 225 650 518 938 205 655 331 570 827 701 181 447 441 455 919 737 283 388 828 61 172 731 224 675 381 496 54 647 878 214 373 440 197 600 596 791 733 843 401 341 471 510 854 85 372 631 307 915 736 564 934 881 941 209 323 953 113 106 754 168 729 399 515 319 669 186 57 163 709 663 930 488 232 668 223 801 567 216 915 189 380 201 231 112 133 199 86 295 367 118 800 183 236 163 232 317 68 898 521
709 353 84 611 59 194 496 230 101 48 190 189 580 608 123 371 480 712 57 438 88 196 279 462 109 262 345 304 717 550 104 600 237 63 193 576 416 604 243 236 126 147 141 99 252 343 301 100 269 490 509 538 173 489 288 105 224 108 505 154 15 96 215 280 188 582 195 131 272 104 198 304 358 125 546 325 123 446 418 429 29 455 192 706 181 268 90 77 401 632 64 528 477 364 358 140 132 68 359 250 131 483 713 647 417 198 93 118 45 115 415 154 88 492 95 255 67 361 380 58 237 714 608 397 401 511 132 758 674 257 547 94 236 163 267 108 505 549 71 210 34 637 694 211 230 616 159 175 66 255 477 354 215 198 290 109 112 758 553 224 203 222 708 102 99 89 208 89 328 368 159 28 744 563 758 528 603 218 709 457 221 0 202 173 177 154 201 540 270 196 682 407 608 607 570 720 228 350 394 711 618 597 168 753 435 275 95 268 600 709 42 220 525 544 213 693 717 182 238 109 562 318 22 95 88 215 449 682 162 214 654 192 38 55 40 147 127 700 81 712 125 378 101 528 267 589 160 95 372 453 467 68 691 133 157 749 600 125 651 558 156 98 635 322 461 95 162 284 97 532 131 561 167 361 63 593 161 600 477 89 398 364 552 184 540 248 387 297 677 259 62 338 624 312 97 211 468 516 289 118 142 410 180 88 226 117 364 128 364 431 570 325 239 551 47 91 447 133 171 712 170 615 134 189 483 657 156 580 209 518 331 308 580 270 107 606 223 539 364 424 230 200 208 6 308 90 537 207 201 422 86 214 451 602 288 104 93 172 58 244 171 36 690 229 165 696 53 76 244 589 74 545 418 346 125 89 203 638 361 717 301 254 224 662 252 127 680 330 47 299 210 527 712 198 158 722 158 106 349 182 407 258 450 309 750 21 445 154 367 640 509 46 269 241 378 732 528 134 169 624 200 75 535 29 496 201 313 193 443 707 98 211 258 178 397 466 577 535 652 193 128 253 343 657 175 220 455 107 697 534 383 736 676 737 141 145 756 203 127 545 136 533 207 322 152 481 159 213 207 512 476 737 281 86 449 26 596 369 11 728 43 235 178 200 112 88 217 138 123 147 148 609 111 18 221 92 138 189 694 334
846 474 242 747 148 347 665 115 137 158 381 248 754 722 88 548 618 836 254 580 288 73 442 591 198 373 445 496 877 688 100 738 162 152 284 726 538 736 352 413 143 152 209 231 452 529 295 296 73 622 660 662 28 597 444 295 364 120 657 208 202 248 51 453 283 730 290 305 359 226 117 432 508 194 649 505 255 579 596 595 174 593 128 845 289 385 204 125 560 781 262 685 640 494 484 262 130 192 508 303 291 606 854 784 553 399 245 84 157 305 565 119 137 618 197 321 268 521 513 248 380 846 762 532 525 675 84 895 822 381 717 166 406 60 430 264 628 714 143 406 174 763 851 133 192 745 312 157 154 384 614 524 174 169 418 98 301 883 670 280 397 392 819 169 257 290 108 250 471 526 272 175 877 730 915 644 728 382 846 570 81 202 0 149 264 259 315 666 441 330 825 543 730 751 734 870 428 466 560 850 725 737 329 879 586 106 215 74 749 862 219 285 640 706 409 811 861 263 335 165 713 394 210 220 276 106 580 834 238 184 789 61 233 196 179 192 220 822 121 838 237 550 101 669 426 742 42 182 467 608 584 249 840 190 342 853 747 86 802 709 58 233 764 477 595 181 349 448 287 684 116 700 239 504 150 737 56 740 605 259 507 515 668 163 693 400 553 401 847 367 187 470 761 416 155 348 618 656 446 118 311 578 75 248 390 205 473 183 474 581 716 461 229 696 168 149 551 120 76 861 76 738 114 348 636 789 354 688 407 622 461 443 719 389 264 751 98 661 518 525 361 137 368 207 461 142 697 327 253 531 230 173 594 726 378 142 284 305 194 390 173 237 829 122 283 852 214 273 360 739 241 689 540 493 261 271 392 792 479 878 488 430 211 781 421 89 840 428 244 450 86 652 834 212 43 863 113 284 488 155 531 288 596 472 876 193 607 277 518 765 642 156 387 392 376 856 689 226 369 775 20 134 674 194 611 325 437 31 596 810 160 312 382 243 549 521 747 677 782 357 303 435 445 796 139 308 567 265 874 681 503 876 828 886 142 271 894 177 128 706 203 671 347 460 262 608 227 26 223 652 603 869 441 182 631 194 748 512 201 853 161 313 126 153 96 122 256 105 243 346 59 739 127 212 227 181 324 129 845 462
881 519 153 783 121 365 668 79 191 131 358 321 751 775 93 541 652 882 227 609 251 83 452 632 89 423 504 468 890 721 142 771 65 171 342 749 584 775 402 408 47 27 270 257 407 510 405 229 174 660 682 707 134 653 461 276 393 76 678 277 162 262 116 452 338 755 346 304 423 258 46 471 530 74 709 495 284 616 588 601 162 626 32 878 337 431 108 140 574 805 207 701 650 533 526 298 44 214 531 383 301 652 886 819 588 350 150 128 149 286 587 215 89 661 99 174 224 534 549 231 407 885 780 567 568 684 162 930 847 422 719 211 409 91 440 166 673 722 168 371 169 807 867 47 61 786 329 8 108 421 648 527 44 28 457 102 221 928 720 357 369 395 875 219 268 236 62 258 499 540 315 162 915 735 930 695 772 390 881 622 96 173 149 0 322 305 360 709 442 362 854 577 777 780 742 893 378 514 567 883 783 768 340 923 607 145 246 169 773 882 159 139 692 716 374 861 890 123 392 68 734 466 193 248 260 70 619 855 300 47 826 193 210 208 133 263 268 869 136 882 276 550 120 699 439 761 127 88 529 626 634 241 864 254 328 914 773 94 824 731 97 134 805 495 631 87 333 457 211 704 54 733 303 532 168 765 164 772 646 173 561 536 719 265 713 419 560 456 848 419 206 506 795 472 204 378 640 688 461 66 314 582 75 256 398 90 527 246 527 604 742 495 87 724 127 82 609 49 73 885 73 784 53 361 656 828 281 745 368 681 499 477 752 434 275 778 85 707 536 585 396 34 380 179 481 186 710 369 330 586 247 42 623 771 442 69 210 180 208 414 26 202 862 257 324 868 217 212 406 762 243 718 585 518 288 261 371 811 526 889 469 426 68 831 424 86 852 488 218 471 221 696 881 64 131 895 213 279 519 258 575 140 623 482 920 153 618 314 539 810 679 149 433 412 488 902 700 276 325 797 131 159 707 188 662 364 479 119 615 871 209 365 423 101 569 609 748 707 823 366 301 424 503 829 11 369 620 276 867 707 549 908 849 910 225 305 928 36 50 717 75 704 375 492 306 650 90 136 74 684 645 909 454 219 618 186 769 540 165 898 158 381 235 266 101 102 108 57 278 307 149 780 189 190 80 221 236 29 866 502
582 209 259 483 205 111 413 350 136 198 197 32 505 461 237 310 354 573 161 317 182 304 197 327 282 108 184 292 617 424 188 474 377 151 20 464 274 472 87 193 279 301 56 79 282 307 147 236 335 358 399 398 245 336 193 151 111 246 396 57 192 92 305 220 18 467 26 123 101 73 329 168 249 296 391 275 63 315 358 343 170 329 329 581 31 121 266 183 305 518 210 425 385 231 220 47 278 113 249 74 96 342 590 520 289 253 269 207 178 155 306 147 235 354 269 432 192 268 250 146 127 582 501 269 261 420 184 630 559 119 464 112 175 266 188 280 364 458 155 234 160 500 590 346 383 481 92 327 222 122 350 279 366 350 155 224 260 620 408 51 216 164 559 105 96 212 332 102 211 272 31 170 613 476 655 382 464 149 582 307 326 177 264 322 0 27 54 402 206 79 562 280 467 487 478 607 275 202 310 586 466 473 110 616 326 368 82 337 487 600 217 396 378 449 236 549 597 359 72 272 452 145 157 82 145 336 316 571 26 369 525 214 159 123 209 73 54 559 187 575 52 306 206 405 181 480 237 265 209 349 321 131 577 75 159 596 484 238 540 447 256 275 500 223 331 265 166 205 248 424 269 436 26 243 154 473 208 476 341 258 244 257 406 119 433 152 303 138 594 103 121 206 497 153 120 95 357 392 197 257 117 329 293 103 156 291 210 82 212 321 453 199 402 433 209 247 291 274 285 598 284 475 271 119 376 525 270 428 242 363 198 181 455 125 94 488 337 397 262 266 103 340 133 175 206 138 439 68 41 269 93 364 332 462 120 257 244 346 122 138 330 177 564 197 39 591 125 221 96 477 115 425 276 234 66 132 200 531 215 619 272 205 385 519 187 244 581 168 161 195 208 388 572 364 233 599 154 124 226 126 267 431 333 225 613 196 352 44 260 501 378 177 123 143 211 593 431 47 225 512 276 164 410 150 349 69 173 277 336 553 115 47 119 353 291 291 494 414 518 132 123 219 184 532 320 47 305 94 625 419 239 611 566 623 122 49 630 357 272 448 308 407 98 199 31 344 334 288 375 389 339 605 194 104 394 152 487 251 188 590 168 59 150 141 226 220 390 270 57 206 210 475 143 163 387 101 284 327 583 199
589 218 234 490 186 98 410 338 125 178 175 54 501 472 224 301 360 583 135 321 155 294 190 334 260 118 198 275 618 430 176 480 362 134 40 467 283 479 97 178 261 283 53 54 261 294 173 210 331 365 401 407 238 349 189 125 107 229 398 60 169 66 297 209 34 471 42 98 119 50 315 174 249 275 404 264 36 321 350 340 149 334 315 587 32 128 243 167 303 522 184 426 383 237 227 20 261 93 249 101 72 352 596 526 295 229 244 195 158 129 306 146 217 363 247 409 165 264 255 120 123 590 503 274 269 418 176 638 563 123 461 99 162 255 179 254 374 457 139 212 140 509 592 331 366 489 72 310 202 125 356 272 349 333 160 210 233 629 418 78 194 150 571 93 69 185 319 76 212 270 13 149 621 473 656 393 473 136 588 319 316 154 259 305 27 0 57 411 195 72 567 284 477 492 477 611 252 212 306 593 479 479 92 625 327 360 61 333 490 603 193 373 389 448 214 560 603 336 87 252 454 165 133 59 118 323 323 575 34 351 532 213 133 101 188 73 40 569 171 584 29 300 193 410 174 483 229 244 224 349 332 104 581 70 136 610 488 224 543 450 246 251 509 220 337 244 143 197 221 425 253 442 38 245 138 478 203 482 349 233 257 256 417 127 434 145 299 151 592 114 101 211 504 167 108 90 359 397 191 241 94 324 281 77 144 269 222 76 223 322 457 202 383 437 188 228 304 258 273 602 272 485 255 104 377 533 244 441 219 376 203 184 461 132 67 493 326 407 260 280 102 325 121 151 203 125 439 69 66 282 68 348 335 472 137 239 218 320 101 133 312 151 571 204 25 593 101 194 103 480 88 430 285 234 39 106 180 533 224 620 258 191 366 529 175 230 582 183 135 192 211 397 582 344 225 605 153 98 229 132 275 410 336 218 622 173 350 23 260 511 385 158 130 136 238 603 431 33 200 516 269 149 416 127 360 66 180 269 337 567 103 60 123 330 291 313 491 418 526 116 98 203 198 538 304 67 317 67 621 422 248 618 569 627 120 25 637 340 255 448 287 413 90 201 5 352 311 282 355 394 347 614 187 87 385 130 489 253 164 599 149 82 153 149 212 203 369 255 31 180 202 483 134 138 368 86 257 312 586 204
532 161 276 433 240 67 359 395 182 231 165 83 451 416 280 257 303 526 169 265 180 350 144 278 309 63 145 247 564 373 233 423 418 189 40 411 226 423 42 148 315 337 107 103 248 257 178 238 387 308 346 351 295 293 139 144 58 285 343 110 216 105 354 169 37 415 33 106 75 102 371 117 195 325 349 224 78 264 304 289 201 278 370 530 26 72 291 223 251 466 218 372 331 180 170 62 316 146 195 91 85 295 540 470 238 228 286 252 212 144 252 200 271 306 296 454 197 213 198 156 73 533 448 217 212 365 233 581 507 66 410 156 127 312 136 294 317 404 195 203 192 452 537 387 421 432 65 364 255 69 299 225 404 387 103 266 263 573 362 81 183 118 515 150 104 213 376 113 157 218 45 201 564 421 601 336 416 102 532 263 373 201 315 360 54 57 0 354 155 31 510 228 420 436 424 555 246 155 256 536 423 422 78 568 272 417 114 389 434 548 237 419 333 395 204 503 546 382 41 304 399 122 179 112 144 380 266 519 80 405 475 267 173 153 238 125 97 512 227 527 84 253 249 353 128 427 286 294 171 295 275 141 525 125 133 554 432 281 488 394 302 295 452 168 281 294 139 152 253 370 308 385 81 189 193 422 259 426 292 271 201 203 361 174 379 99 249 97 540 59 154 154 447 112 165 43 304 341 143 296 96 275 338 115 108 317 167 132 167 267 401 146 436 381 239 281 249 313 329 546 329 428 311 78 322 476 261 385 211 321 146 128 404 75 98 436 383 350 208 226 48 380 87 197 152 182 385 13 88 226 115 402 279 415 89 292 250 358 153 84 365 191 514 251 36 537 148 227 46 424 129 374 228 180 76 133 165 478 168 565 225 157 419 473 137 287 527 129 173 141 262 340 525 396 281 548 207 119 173 180 218 458 281 171 565 221 298 47 206 454 328 211 74 90 225 546 377 90 204 460 326 205 359 177 303 16 123 326 282 511 160 21 67 378 237 270 440 362 470 90 108 173 144 481 359 41 260 98 570 366 191 561 513 571 174 56 580 394 310 394 336 356 47 145 55 295 360 338 406 337 290 557 141 144 341 179 434 198 211 543 202 57 204 195 268 259 418 310 82 188 259 426 191 184 419 142 285 367 530 148
182 193 598 88 588 347 185 749 536 578 392 419 236 77 634 251 69 173 493 111 483 704 273 78 647 294 224 346 255 51 587 83 769 542 382 113 128 72 315 330 663 685 458 453 414 301 428 535 735 52 103 12 647 87 259 448 317 636 105 458 553 447 707 291 384 105 376 412 310 454 724 238 190 664 81 283 427 94 243 185 547 90 722 183 379 283 626 576 176 144 533 127 160 176 184 414 665 497 188 373 409 60 194 122 124 447 608 606 561 441 145 548 620 48 632 773 510 204 160 484 303 180 151 144 142 161 586 230 176 289 197 509 318 666 284 608 39 171 548 407 540 98 225 740 769 79 381 713 602 289 71 232 753 736 253 620 559 219 33 391 395 329 173 504 442 513 729 452 214 197 399 547 212 191 282 40 63 328 182 101 727 540 666 709 402 411 354 0 293 348 171 134 69 106 179 223 438 200 199 188 103 89 372 215 133 770 466 738 123 225 568 744 47 159 405 154 204 707 331 649 114 285 518 463 460 734 91 196 428 753 125 613 505 502 580 474 450 160 580 173 438 229 603 59 281 133 639 635 208 134 84 472 193 477 402 220 113 634 169 107 656 621 98 227 82 635 400 272 556 111 660 60 427 181 545 98 610 90 63 587 162 187 39 511 116 294 203 265 274 299 505 203 102 251 519 331 112 56 260 647 400 200 692 454 321 653 194 484 192 132 92 214 778 80 584 628 129 664 683 213 683 75 662 352 114 124 524 74 417 83 210 232 71 279 434 114 737 17 192 152 313 732 334 535 237 536 146 343 416 140 462 751 104 63 290 640 554 664 502 296 711 519 166 582 389 223 492 536 308 119 467 71 126 199 422 454 380 169 187 262 320 315 764 124 304 640 228 241 500 245 602 14 172 737 635 202 554 436 192 518 136 790 107 249 211 561 162 398 184 100 38 561 281 300 394 193 148 444 447 146 678 558 50 522 63 347 231 679 133 181 513 355 288 709 163 242 211 65 116 350 415 329 223 136 709 359 104 433 322 85 163 213 192 235 524 406 231 741 660 152 674 49 334 218 409 59 693 690 746 60 64 204 269 497 256 524 133 174 550 189 552 355 546 528 621 610 751 663 434 450 612 73 545 522 761 496 570 719 205 208
447 151 313 352 326 97 227 497 304 315 99 237 314 369 383 107 226 460 215 183 197 458 27 221 368 146 184 101 448 292 345 339 506 293 195 309 192 348 151 37 396 416 247 209 137 102 327 244 513 241 243 295 416 271 46 167 98 375 239 255 280 193 470 14 191 317 188 140 188 215 467 116 103 386 325 69 187 202 156 159 285 203 462 443 175 134 347 326 133 366 247 260 207 140 144 185 401 249 106 238 150 246 449 387 172 156 322 364 302 158 153 337 357 249 354 482 225 94 145 211 86 456 339 155 176 242 356 496 407 118 279 275 35 421 25 320 265 280 302 117 281 386 424 480 498 363 129 444 336 110 224 85 484 466 112 369 267 503 314 235 102 49 467 274 185 224 476 193 93 102 182 285 484 293 488 294 354 60 448 237 483 270 441 442 206 195 155 293 0 127 416 163 362 344 300 452 154 158 125 448 388 335 112 498 171 533 226 514 333 440 288 455 293 274 115 447 452 420 173 377 294 216 250 221 183 482 206 413 227 482 395 403 232 248 310 268 228 450 331 458 208 110 354 268 35 321 404 359 206 186 239 203 424 262 115 513 335 385 383 292 413 336 380 68 212 360 112 24 266 264 399 301 230 117 296 329 386 339 234 299 199 107 316 322 272 60 118 160 409 151 255 121 364 166 286 112 203 258 42 386 131 140 443 195 51 373 178 267 176 169 305 107 501 288 316 361 243 402 434 444 433 367 402 94 217 400 231 350 127 299 120 102 320 128 177 341 488 297 102 230 113 470 75 264 64 299 267 143 243 217 211 482 193 355 184 374 264 373 250 76 439 241 428 399 170 426 233 248 137 323 205 283 192 98 181 181 86 370 160 447 74 22 488 416 20 389 410 181 224 62 404 282 461 459 401 458 344 164 114 327 182 504 191 44 494 290 176 173 109 389 257 302 133 67 356 479 258 224 153 356 447 312 277 260 267 139 127 444 177 472 281 173 121 425 134 330 309 274 396 84 143 40 180 395 445 191 236 177 433 270 170 473 407 470 311 176 493 471 396 275 395 275 109 101 190 239 410 460 467 253 234 478 34 258 191 261 329 122 278 475 294 203 347 344 371 352 467 405 200 157 381 356 315 252 482 260 277 458 425 126
522 157 266 424 241 36 338 403 194 231 135 110 429 413 287 231 293 520 157 252 162 359 119 270 305 70 151 216 547 363 242 413 422 195 68 397 222 414 55 117 316 338 125 106 217 228 209 221 402 299 331 345 307 293 117 125 35 288 327 131 210 100 366 141 64 401 62 85 96 108 377 109 178 321 350 196 79 255 279 268 201 267 375 520 48 73 285 229 231 452 205 355 312 171 164 68 318 150 178 121 69 290 529 460 228 199 276 261 214 123 236 218 273 299 291 444 182 192 189 146 51 525 433 207 206 346 246 571 494 61 389 166 97 321 109 282 311 385 202 173 193 446 521 393 422 425 43 366 255 59 289 201 406 389 95 273 246 566 358 111 153 88 513 162 97 195 383 107 142 198 59 200 556 401 586 333 410 72 522 261 383 196 330 362 79 72 31 348 127 0 499 217 415 424 405 541 216 154 234 526 423 411 51 562 256 429 119 404 420 533 229 411 330 377 174 499 535 373 65 303 384 141 174 116 129 388 258 505 102 406 466 285 165 154 235 145 110 507 234 521 93 228 256 342 102 412 298 291 179 278 272 131 512 142 106 554 419 288 473 380 312 286 444 148 271 291 111 126 238 355 312 375 104 175 198 409 274 415 285 259 202 185 357 197 364 73 227 104 520 69 157 145 437 119 176 18 289 329 120 299 74 252 346 108 78 312 168 148 168 252 388 134 434 369 238 282 251 316 337 533 337 422 315 47 306 468 238 384 182 322 137 116 394 74 90 424 392 345 189 229 34 384 57 192 131 192 367 23 116 226 115 404 266 410 105 293 235 345 155 61 365 181 504 274 47 522 146 212 51 410 122 361 223 163 74 119 135 463 165 549 195 127 418 469 108 293 511 138 162 120 283 334 520 393 294 538 225 102 160 203 213 453 267 147 559 217 278 53 188 448 319 213 74 65 254 540 359 104 177 446 339 212 348 175 301 16 118 338 266 511 171 51 62 372 220 286 419 350 462 59 88 143 149 471 362 71 259 89 549 353 187 551 499 558 192 60 570 395 312 376 332 346 19 133 68 289 354 352 403 326 283 548 116 151 315 177 419 184 206 537 204 87 225 219 275 262 412 315 88 163 272 419 204 178 417 151 266 372 516 140
43 354 729 83 735 490 216 901 692 723 512 582 193 161 785 337 207 104 630 247 614 858 403 237 784 454 392 435 102 138 740 90 917 693 543 108 292 101 474 453 807 829 617 603 509 384 599 659 896 206 174 180 805 257 393 582 465 783 177 619 693 594 864 409 543 100 536 551 475 606 874 394 324 802 231 381 577 247 305 266 693 232 870 34 536 441 763 727 283 53 663 160 218 331 342 567 811 647 323 540 553 228 34 53 272 554 738 760 708 574 267 709 766 213 770 896 641 322 312 624 450 69 90 293 303 190 743 83 22 444 184 664 447 819 415 735 209 163 700 517 687 102 77 889 911 103 526 857 746 442 212 337 897 879 407 771 680 120 184 556 509 461 160 659 587 640 880 597 357 315 554 693 80 166 117 206 126 464 45 272 882 682 825 854 562 567 510 171 416 499 0 282 133 75 150 54 538 363 296 37 189 88 514 114 247 927 618 899 84 64 704 871 213 161 514 129 36 836 493 790 123 454 661 614 597 886 247 45 588 895 56 775 645 650 722 634 606 111 732 94 591 320 755 157 415 101 796 774 377 230 254 613 28 635 531 201 81 786 49 125 810 753 89 359 230 774 528 399 681 153 807 126 588 324 696 89 769 85 224 715 331 318 189 675 146 435 303 429 160 460 655 356 69 416 674 481 214 170 393 794 540 286 844 599 456 789 361 642 358 250 112 365 916 130 727 772 300 811 836 43 835 124 810 493 199 67 636 197 525 246 364 383 107 436 580 76 890 183 318 323 465 879 474 676 373 690 160 498 580 310 610 895 232 132 456 785 679 785 651 441 853 656 30 748 543 72 638 664 465 95 611 137 289 337 572 593 499 66 350 113 416 436 903 126 432 791 95 408 638 384 766 185 111 875 791 43 715 575 338 682 298 920 232 374 109 702 244 551 315 106 185 708 439 443 565 109 170 600 562 66 836 710 152 667 234 501 389 836 240 190 669 514 444 841 285 407 171 149 77 488 554 444 390 37 855 521 274 579 209 147 326 58 45 64 684 558 78 884 806 156 811 154 483 366 564 222 827 849 883 173 227 79 401 650 296 669 92 315 690 106 700 519 709 693 773 758 883 812 586 570 769 105 701 664 898 650 687 867 45 363
305 77 464 206 457 213 166 620 410 446 260 301 254 207 505 152 75 306 359 39 349 577 140 58 513 173 126 232 341 146 459 196 638 412 261 185 45 198 193 199 531 552 335 323 292 195 337 401 614 83 123 134 522 113 125 314 185 504 121 337 420 315 582 162 261 188 254 278 199 325 594 111 60 530 164 168 296 40 169 115 415 50 592 303 254 159 492 446 79 239 398 153 132 50 62 285 534 367 57 265 276 83 312 243 11 318 473 478 430 307 50 427 488 88 499 639 375 85 30 351 170 308 224 11 39 160 461 354 279 162 209 382 184 538 151 474 103 194 419 279 408 231 313 609 636 209 248 580 469 160 71 119 621 603 125 490 425 351 152 278 264 196 307 377 309 379 600 319 79 79 272 415 339 215 377 131 197 194 305 82 600 407 543 577 280 284 228 134 163 217 282 0 203 208 212 327 314 89 105 308 225 194 239 347 62 645 337 616 208 322 434 609 131 183 277 288 318 573 212 516 175 190 385 333 326 605 44 292 306 620 249 493 372 371 447 352 324 294 451 306 310 130 474 126 147 203 513 501 125 86 79 339 297 353 268 352 204 505 261 169 529 487 228 95 54 501 266 140 422 148 528 158 306 47 416 194 487 198 72 453 82 59 154 395 157 160 104 151 329 179 374 74 220 141 392 200 85 113 126 516 266 118 563 321 187 519 95 360 92 56 173 83 645 154 451 496 102 533 555 318 554 209 531 218 104 251 393 188 289 140 82 101 176 154 302 209 609 136 68 102 184 601 200 402 103 409 171 216 300 82 331 619 54 197 181 508 420 531 371 163 578 384 287 469 261 313 360 402 183 198 334 146 43 65 291 320 248 253 76 344 203 185 630 258 172 511 306 138 366 111 486 122 306 603 509 321 434 302 58 402 39 655 57 120 343 428 106 269 57 234 102 429 157 166 326 326 165 318 316 234 554 429 131 390 105 219 107 554 73 310 387 233 161 575 54 223 236 134 246 216 281 201 122 254 578 240 82 301 368 140 58 334 287 343 402 277 353 609 528 180 540 129 202 85 282 77 559 566 613 109 72 332 135 369 197 391 209 41 416 322 421 240 428 414 492 479 617 532 305 317 487 203 419 389 627 368 437 588 303 81
130 259 667 63 656 415 228 816 602 646 460 482 257 31 701 313 136 106 561 179 552 771 342 146 715 359 286 410 230 84 653 71 837 609 447 126 194 43 380 399 731 753 523 521 479 363 482 604 799 121 149 70 712 137 327 517 385 703 153 523 622 515 773 359 449 113 442 481 372 521 791 306 259 733 100 348 494 163 299 243 615 158 790 133 446 349 695 643 240 128 601 163 209 244 251 481 733 565 256 434 478 126 146 80 193 514 677 672 629 510 212 612 688 117 701 842 578 271 229 553 371 120 152 213 209 200 651 173 146 356 226 576 386 732 353 677 104 199 615 475 608 35 202 807 837 31 449 781 670 356 138 297 821 804 320 687 627 152 61 453 462 398 106 570 510 582 796 520 282 264 466 615 152 214 250 87 13 397 128 161 793 608 730 777 467 477 420 69 362 415 133 203 0 96 199 187 505 266 262 138 64 82 441 149 197 835 533 802 123 195 636 813 92 188 473 85 159 776 396 717 135 344 587 530 529 801 160 170 493 821 77 676 574 569 648 539 517 92 647 108 504 291 669 106 350 141 704 703 267 194 146 541 160 542 470 154 110 701 150 130 723 690 44 296 150 703 469 340 625 147 727 83 492 250 613 97 675 80 132 656 224 255 64 573 148 363 267 329 269 365 572 271 71 315 585 399 172 111 328 714 469 260 758 522 390 722 258 549 256 197 108 283 847 108 652 696 184 731 750 176 749 9 730 421 168 70 592 65 485 119 278 300 76 345 503 107 803 70 260 209 381 799 403 603 306 603 178 410 479 200 530 819 170 7 353 708 623 733 570 365 779 587 118 642 456 199 560 605 374 125 535 104 192 268 490 523 448 157 253 240 385 384 832 55 373 707 212 303 569 314 664 82 105 806 700 153 618 505 261 581 203 859 173 317 146 629 219 465 252 35 104 629 347 369 440 126 183 510 515 136 743 625 96 590 120 414 298 744 196 118 580 420 355 778 230 277 231 106 60 419 484 397 285 96 777 423 163 502 319 123 229 160 167 193 588 473 176 810 728 181 743 96 402 286 475 127 762 755 815 116 133 143 337 564 305 592 136 243 618 123 620 418 609 589 688 677 820 730 501 518 677 32 610 590 829 562 638 787 175 275
104 280 657 33 660 415 158 826 617 649 440 508 165 126 710 270 133 134 556 172 541 783 329 165 710 380 320 369 148 65 666 26 842 618 468 42 219 52 400 381 733 754 542 529 442 318 529 587 822 133 101 117 730 194 319 509 390 709 105 544 619 519 789 337 469 30 462 476 402 531 799 319 250 728 179 312 502 174 243 197 619 158 796 99 461 367 689 652 211 37 590 95 152 257 268 492 737 573 248 467 478 158 106 49 198 485 665 685 634 500 193 635 692 143 696 825 568 249 237 550 375 117 56 219 230 130 668 152 73 369 141 589 374 745 341 663 141 115 625 447 612 83 119 814 837 67 451 782 672 367 137 266 823 805 332 696 609 169 127 483 438 387 172 585 513 567 806 522 283 242 480 619 142 126 177 145 84 390 105 203 807 607 751 780 487 492 436 106 344 424 75 208 96 0 110 121 470 290 226 104 159 18 439 164 173 852 543 824 28 120 630 799 152 107 445 141 111 763 419 716 58 383 587 539 523 811 174 91 513 821 60 701 571 575 648 560 532 132 657 129 517 251 680 82 341 49 721 700 307 158 185 539 91 561 458 220 16 711 63 57 736 680 68 285 156 700 455 325 609 84 733 52 513 249 621 15 694 17 152 643 259 244 134 601 79 360 232 355 175 386 580 281 32 343 599 406 140 95 319 720 466 217 770 524 382 716 288 567 286 176 39 290 843 56 653 698 233 736 761 112 760 91 735 419 127 70 566 153 456 187 289 308 36 362 505 12 815 121 244 255 391 805 399 602 299 616 102 424 506 240 536 821 158 91 383 710 607 714 576 367 778 582 85 675 468 117 564 592 391 34 536 62 216 262 497 519 427 64 276 156 348 364 829 122 359 716 123 335 564 309 693 118 139 801 717 115 641 501 264 608 224 847 157 301 159 628 175 476 240 89 113 634 365 368 499 149 110 525 491 42 761 635 78 593 169 426 315 761 166 196 594 440 369 768 211 348 140 74 73 414 479 373 318 53 781 447 206 504 225 73 253 129 86 136 609 483 149 810 731 101 737 80 408 291 489 150 754 774 810 98 155 137 327 575 240 594 43 240 616 145 625 445 635 620 698 684 810 737 512 499 694 63 626 589 824 575 616 792 100 289
192 289 607 142 626 388 75 797 597 615 388 503 58 228 683 204 158 240 515 174 493 757 294 197 665 378 338 296 148 129 642 130 806 591 461 73 243 157 396 334 696 716 529 504 371 246 549 533 807 172 94 191 711 253 290 466 371 676 95 534 580 490 767 290 460 86 454 440 409 509 767 315 229 684 260 251 479 195 164 141 585 173 762 184 449 363 644 625 174 100 542 61 94 260 273 472 701 546 230 475 448 206 184 156 206 420 615 661 602 456 174 623 657 190 652 765 522 214 240 511 354 214 62 222 247 59 650 232 132 360 34 569 334 719 306 610 198 20 599 386 580 193 128 780 796 174 423 743 636 356 162 215 784 766 326 668 552 267 210 485 381 348 282 565 483 516 775 492 268 208 464 585 230 16 190 217 186 356 194 248 781 570 734 742 478 477 424 179 300 405 150 212 199 110 0 165 401 301 176 187 261 119 408 262 155 830 520 808 82 148 586 743 224 30 383 250 179 710 417 676 66 402 551 515 482 781 198 127 504 781 166 690 532 546 609 549 515 240 629 233 497 193 653 123 308 61 700 658 334 130 230 503 144 547 414 330 94 684 103 72 711 630 178 257 179 658 409 288 554 72 699 123 504 238 594 103 678 122 191 591 287 221 217 597 65 334 183 362 117 384 553 278 142 353 579 387 127 133 288 687 431 160 742 493 347 670 307 553 304 160 92 282 797 99 616 661 279 703 733 160 733 196 702 388 109 178 503 246 393 258 286 299 124 357 475 99 788 196 216 294 376 770 368 564 274 594 42 411 505 275 508 782 160 193 392 674 554 654 548 344 737 540 176 673 452 131 532 541 384 76 504 108 240 244 473 481 374 86 289 147 283 316 785 232 319 688 111 351 524 285 686 185 245 755 696 191 630 465 255 603 244 793 156 263 257 589 127 458 218 199 160 602 361 342 535 251 48 510 432 87 742 609 129 560 227 411 314 740 144 305 574 433 361 717 187 407 33 115 183 381 443 320 335 152 745 444 250 474 156 96 269 207 121 184 597 463 225 770 696 33 691 131 387 281 473 192 704 755 763 131 194 229 294 553 148 561 68 230 578 247 594 447 628 617 670 652 759 705 491 444 676 169 607 552 777 554 555 758 138 288
74 401 764 136 774 530 238 942 735 763 545 628 193 214 827 365 254 141 667 290 649 900 440 286 820 500 441 460 59 186 783 141 956 734 588 145 341 155 520 488 846 867 662 645 534 409 650 692 941 254 212 232 849 310 433 619 507 823 215 664 731 634 907 444 588 140 582 589 523 648 914 439 365 838 285 410 619 295 328 296 733 278 910 65 581 487 799 768 319 89 698 192 247 377 388 610 851 689 364 589 593 279 53 107 318 582 772 802 748 610 307 754 805 263 806 926 677 359 357 662 492 101 113 338 351 215 787 83 48 489 197 707 484 862 453 768 260 182 742 547 727 155 47 928 949 157 566 895 785 486 258 369 935 917 452 812 712 141 237 604 540 498 201 703 628 673 921 637 400 352 598 733 94 178 63 259 180 502 76 323 924 720 870 893 607 611 555 223 452 541 54 327 187 121 165 0 564 411 328 63 241 137 553 136 286 970 660 943 121 23 740 903 266 183 544 172 37 869 540 828 158 504 700 656 634 927 295 39 633 933 109 821 683 691 760 680 650 153 773 131 635 350 796 203 453 131 839 811 428 267 305 652 30 680 567 236 123 828 69 162 853 787 143 398 277 811 563 436 713 188 847 174 633 366 737 134 814 135 273 749 381 358 243 722 180 475 335 476 134 506 696 401 122 464 717 523 253 216 432 834 578 316 886 639 494 825 410 687 407 290 154 409 952 174 766 811 352 851 877 11 877 178 850 533 237 119 665 251 554 299 409 427 156 482 620 119 932 236 357 375 509 919 513 714 413 733 187 542 627 360 651 933 276 186 504 824 712 815 692 483 890 693 74 796 587 42 678 698 511 131 651 182 338 378 614 631 531 83 398 71 444 470 940 176 469 832 72 457 675 424 813 237 149 911 835 53 761 614 382 729 346 953 274 411 131 740 276 594 355 158 235 748 485 483 617 139 196 644 593 96 880 752 199 707 287 544 435 879 278 233 712 560 488 875 324 461 177 194 130 527 592 477 439 91 894 567 326 619 177 188 374 63 45 19 729 601 73 922 845 180 846 202 525 410 608 272 861 893 919 219 276 100 439 693 313 708 124 358 728 137 740 566 756 741 814 799 917 852 629 603 813 159 745 702 933 692 717 907 27 409
574 303 227 485 286 181 326 448 307 274 81 306 394 515 350 201 369 596 175 327 140 420 180 370 291 271 330 105 547 428 329 472 442 279 275 431 346 485 265 125 336 352 288 229 31 155 420 150 497 387 370 442 400 424 199 141 209 330 366 302 230 206 442 152 269 441 271 154 307 239 414 263 254 308 477 159 223 351 237 273 254 349 405 568 251 264 271 303 265 485 174 378 320 295 298 233 346 249 257 336 181 396 572 518 323 30 232 344 272 132 293 356 309 397 279 367 162 234 299 183 207 587 452 308 330 349 352 621 525 246 372 284 148 390 173 222 414 382 289 44 255 525 529 423 423 501 185 377 287 238 368 208 414 396 255 337 162 637 462 321 64 145 611 288 198 144 427 199 247 242 244 254 612 390 589 444 495 159 575 391 445 228 428 378 275 252 246 438 154 216 538 314 505 470 401 564 0 309 246 573 537 465 168 632 308 500 244 496 454 548 223 348 444 381 44 588 572 317 280 311 415 347 219 239 158 434 356 525 284 408 527 410 196 240 258 307 265 589 308 594 246 219 329 404 182 437 387 290 355 315 392 187 540 296 116 658 459 352 498 414 384 249 517 221 358 291 109 178 169 387 350 436 289 269 281 456 384 469 382 208 352 255 465 363 393 191 240 296 492 273 251 274 495 306 293 213 336 396 196 339 158 253 405 200 159 293 329 296 327 307 432 260 414 418 268 306 398 351 395 559 395 509 353 170 345 534 106 500 34 452 272 253 453 260 195 465 445 445 247 383 227 411 168 222 218 298 379 239 316 371 222 412 335 498 311 319 170 256 243 203 366 192 555 430 236 532 222 167 255 444 200 415 345 251 217 167 84 482 313 544 122 133 405 559 153 353 510 323 185 216 422 428 599 374 385 581 362 163 268 365 335 399 332 194 628 240 296 231 257 529 401 272 263 192 471 614 369 266 60 474 428 296 414 235 419 232 275 421 311 619 291 266 248 329 275 477 398 408 532 159 155 114 326 523 384 286 390 194 502 399 324 596 520 583 334 227 616 398 343 384 313 412 207 254 247 387 319 441 379 391 382 608 187 267 258 235 446 274 230 610 268 302 375 384 339 314 369 359 236 83 373 494 319 216 394 272 159 401 537 279
381 13 417 283 394 163 251 550 337 384 239 219 341 261 435 201 158 371 309 127 307 505 131 126 459 94 39 252 428 225 388 274 573 345 182 271 72 271 115 184 469 491 258 257 295 231 248 364 535 158 211 196 447 140 111 270 128 439 209 258 364 254 507 165 184 272 176 230 112 257 527 49 96 475 196 196 231 116 233 191 354 134 526 380 180 84 439 378 149 323 354 242 217 43 29 217 470 301 93 178 221 141 390 319 96 305 427 407 366 265 131 348 425 153 444 595 331 130 61 298 119 380 311 79 60 247 386 429 362 93 296 310 162 466 136 431 162 283 350 268 345 298 399 543 575 279 192 518 408 95 153 162 558 542 62 422 389 418 207 193 249 168 360 305 250 339 531 261 71 129 201 354 412 303 463 181 262 159 381 108 527 350 466 514 202 212 155 200 158 154 363 89 266 290 301 411 309 0 169 386 269 275 189 414 148 569 269 538 293 407 382 563 177 271 267 348 398 526 131 457 262 102 328 266 278 535 116 377 228 559 324 413 318 307 389 274 251 358 383 373 239 183 404 208 127 290 439 445 51 173 120 284 380 276 233 400 288 436 346 256 457 438 299 104 134 445 234 135 383 236 463 238 227 76 348 276 410 278 140 409 49 102 205 312 246 122 165 66 418 99 309 41 297 53 320 139 174 195 116 451 218 186 493 262 156 466 21 284 19 142 258 51 588 238 391 435 99 468 484 401 484 273 466 172 192 324 368 231 279 168 39 56 256 81 243 292 538 196 114 78 120 535 159 345 97 337 259 145 217 73 267 557 142 261 94 446 380 492 307 117 518 333 364 385 191 399 299 360 109 284 276 229 75 84 227 270 231 339 13 431 222 177 572 318 156 442 393 50 314 96 404 186 370 547 434 399 354 252 62 319 66 606 146 129 411 371 188 201 104 300 178 366 82 125 242 392 253 244 294 319 478 360 212 329 148 150 38 479 159 357 314 155 92 525 125 174 324 217 316 175 233 197 35 332 514 159 105 242 456 226 37 411 372 425 324 209 429 548 464 269 486 209 144 58 210 143 507 490 557 192 138 404 123 299 267 331 295 81 360 388 356 156 347 330 423 413 566 466 237 289 411 273 345 332 571 297 405 523 388 32
330 156 435 239 451 213 104 621 423 439 217 338 195 276 507 52 131 351 340 95 320 581 119 145 492 219 207 148 323 182 467 226 631 416 295 188 149 240 234 160 521 541 359 329 219 101 403 364 633 151 124 205 536 212 117 292 200 500 121 365 405 315 592 116 293 197 288 264 257 334 591 160 74 510 255 87 305 127 65 35 410 116 586 324 280 204 471 449 26 244 370 137 83 127 140 299 526 371 76 320 272 171 330 272 108 259 444 486 426 282 60 452 481 166 478 600 348 44 114 336 184 341 215 107 141 117 476 377 285 197 156 395 159 544 131 440 183 155 424 222 405 280 300 605 622 256 248 569 460 191 130 41 609 591 168 492 385 392 227 325 213 173 368 392 307 345 600 316 110 41 293 410 367 170 363 214 252 180 330 185 606 394 560 567 310 306 256 199 125 234 296 105 262 226 176 328 246 169 0 329 302 219 233 386 67 655 345 634 212 316 413 575 216 149 219 343 331 541 257 501 173 265 375 341 307 606 133 290 335 606 281 518 357 371 434 379 342 343 454 348 324 29 478 158 134 198 526 484 216 70 177 328 302 376 239 416 215 508 260 171 535 459 272 88 127 484 235 113 385 143 524 190 336 92 419 211 505 223 153 421 183 66 231 430 150 161 7 213 287 226 378 132 249 209 405 216 91 152 114 511 255 19 567 318 172 497 184 381 180 69 187 129 624 172 441 486 206 527 558 321 557 265 527 213 100 288 341 268 230 235 138 142 207 198 300 221 612 209 56 206 208 595 193 389 105 419 143 243 341 186 333 607 97 255 244 499 384 489 373 173 563 366 311 507 281 302 357 370 221 201 328 169 147 88 299 306 203 246 161 322 124 142 612 315 143 512 285 215 349 116 517 192 353 582 522 338 459 289 108 436 143 624 93 88 382 414 52 286 65 284 161 426 202 170 409 368 134 338 266 234 568 434 169 384 197 242 164 566 66 379 400 268 198 547 50 326 186 162 286 205 267 148 203 278 569 282 185 299 315 154 153 353 284 347 426 290 373 595 521 150 518 167 216 126 302 158 533 581 590 147 154 362 119 378 98 385 206 88 402 364 418 289 459 451 494 477 589 529 317 275 501 249 434 377 605 379 391 583 302 143
11 377 761 103 763 519 252 928 718 752 544 605 229 162 813 372 233 78 660 274 645 885 433 260 814 478 412 470 120 163 767 113 945 720 567 142 314 116 499 485 837 858 642 631 544 419 616 692 921 229 206 195 830 271 423 613 493 812 209 643 723 622 890 441 568 132 561 581 497 633 902 419 353 832 238 415 605 272 341 300 722 258 899 6 562 466 793 755 315 89 695 195 253 356 366 593 840 675 352 561 582 247 10 67 298 588 770 787 737 604 297 733 795 234 800 929 673 354 338 654 478 39 126 319 326 226 769 48 57 470 221 690 478 846 446 768 227 200 727 551 715 103 102 917 941 113 554 886 775 468 237 370 926 909 433 798 713 85 195 578 542 492 139 686 616 672 908 626 385 346 580 722 43 203 123 220 134 494 14 289 908 711 850 883 586 593 536 188 448 526 37 308 138 104 187 63 573 386 329 0 185 115 543 79 278 953 645 923 119 82 735 903 226 197 548 110 25 868 516 820 157 473 690 641 627 913 271 74 613 925 63 799 675 678 752 659 632 91 759 69 618 354 782 184 445 137 822 804 396 262 272 643 53 660 563 174 114 814 85 159 837 784 95 389 255 804 560 430 713 187 836 151 612 351 724 119 794 111 246 747 350 347 200 698 180 464 336 451 189 484 682 382 89 438 700 508 245 196 423 823 569 320 872 628 486 820 382 667 379 280 143 391 947 160 757 802 316 840 863 54 863 129 838 522 231 68 670 201 559 256 390 409 132 461 608 108 917 198 348 340 492 908 503 706 403 717 196 524 602 328 638 925 261 139 478 814 712 818 679 469 882 686 22 770 569 96 667 696 490 129 640 166 311 366 599 623 531 103 373 132 451 468 933 117 463 819 123 428 668 413 789 203 86 905 817 15 740 605 366 705 320 952 261 405 75 732 278 578 344 105 208 737 464 471 577 78 206 626 595 102 862 737 177 696 250 527 414 862 271 170 695 539 469 873 315 415 208 176 78 518 583 477 411 55 884 544 292 607 235 178 348 25 77 61 708 585 45 914 835 193 841 180 510 393 590 243 858 874 914 200 248 44 431 677 332 698 128 343 720 76 728 541 733 715 800 787 915 840 613 603 795 117 727 693 928 676 720 896 69 388
175 266 683 127 663 428 283 816 602 653 485 477 319 34 702 354 171 129 575 211 570 770 365 167 727 361 281 448 289 139 653 134 841 613 446 188 203 107 382 424 738 760 522 526 513 403 461 624 791 152 202 97 708 130 349 533 395 708 205 519 633 523 769 387 448 176 440 495 367 526 794 314 284 744 75 384 500 186 346 288 623 189 793 181 447 352 707 646 278 190 618 220 261 257 261 485 739 569 281 423 489 142 195 138 215 543 692 672 635 527 246 606 694 140 713 860 595 303 246 566 384 158 216 233 220 257 649 210 204 362 286 577 408 731 375 695 123 259 618 504 614 87 262 810 844 93 460 787 677 364 172 333 827 811 328 689 648 172 75 445 489 419 95 570 519 601 797 529 301 296 468 623 187 276 304 94 76 415 173 162 791 618 725 783 466 479 423 103 388 423 189 225 64 159 261 241 537 269 302 185 0 145 455 170 235 830 537 794 186 252 649 829 95 248 502 94 209 792 394 726 196 332 597 535 543 801 181 229 491 828 133 668 586 576 658 535 517 111 650 135 507 331 671 157 370 204 702 714 258 237 152 552 217 540 490 131 174 703 212 191 722 705 101 320 179 713 490 365 644 204 731 141 489 272 616 161 670 144 155 673 222 282 72 564 206 379 306 328 332 365 577 284 134 313 585 408 216 157 351 719 483 304 758 531 409 734 257 547 256 234 170 297 857 166 661 704 175 736 750 231 750 69 734 435 216 122 618 38 514 103 290 313 138 350 512 171 803 93 289 200 389 803 419 614 327 603 237 414 471 197 537 825 206 69 347 715 642 754 576 379 787 600 168 629 459 258 568 623 377 188 545 160 202 290 496 536 473 220 258 299 421 410 841 72 396 709 274 298 582 334 654 110 124 816 697 200 612 518 279 572 213 873 209 344 168 640 265 469 280 83 142 634 351 384 410 147 241 510 540 199 738 628 147 598 123 419 305 741 236 88 580 420 361 792 263 240 294 159 112 435 498 425 282 153 782 420 164 511 382 179 236 204 227 245 584 478 215 817 733 241 754 146 412 301 478 150 775 750 826 162 154 177 360 566 357 600 200 266 629 145 625 412 601 579 691 682 834 733 505 541 674 96 609 601 840 564 661 791 233 285
113 265 647 24 649 404 159 814 604 638 432 493 176 112 698 265 119 134 546 159 531 771 319 149 700 366 304 364 166 50 653 11 831 606 454 47 204 39 386 372 722 743 529 516 437 314 512 579 808 117 95 99 717 176 309 499 378 697 99 530 609 507 776 329 455 33 448 466 387 519 787 306 239 718 162 306 490 159 241 193 607 144 784 109 448 353 679 640 203 55 581 94 150 243 253 479 726 560 237 452 467 142 118 53 184 478 656 672 622 490 183 621 680 126 686 816 559 241 224 539 363 122 71 205 215 131 655 162 89 356 148 576 364 732 331 655 124 121 613 440 601 75 136 802 826 55 439 771 661 354 123 259 812 794 319 684 601 173 110 468 431 377 166 572 501 558 794 511 270 233 467 607 149 134 194 128 69 379 113 186 794 597 737 768 473 479 422 89 335 411 88 194 82 18 119 137 465 275 219 115 145 0 428 167 164 839 531 810 41 137 620 790 135 112 438 136 124 755 405 705 60 367 576 527 513 799 159 108 500 811 62 687 560 563 637 546 518 130 645 130 504 246 667 69 330 60 708 690 291 150 168 528 107 547 449 215 29 699 80 57 723 670 61 275 142 690 446 316 600 81 721 37 499 237 609 16 681 4 136 634 243 233 117 587 78 349 225 340 191 372 568 268 30 328 586 394 132 82 308 708 455 212 757 513 372 706 273 554 270 166 35 277 833 47 642 687 216 725 748 127 748 78 724 408 120 70 560 137 449 170 276 295 19 348 494 27 803 103 234 238 378 793 388 591 288 603 105 410 491 223 524 810 146 76 368 699 599 706 564 355 768 572 94 660 455 134 552 583 377 43 525 51 201 251 485 509 419 81 261 173 343 355 819 114 349 704 140 320 554 298 678 101 138 791 703 126 627 491 251 594 209 838 146 291 163 617 169 464 230 80 97 622 351 357 482 151 112 512 484 59 748 623 63 581 151 413 301 748 158 188 581 426 356 759 201 331 150 62 70 403 469 365 302 61 769 432 189 493 241 66 238 140 103 151 596 471 160 799 720 106 727 66 396 279 476 134 744 761 800 85 139 144 317 563 241 583 55 228 606 146 613 431 621 605 686 672 801 725 499 491 681 50 613 579 814 562 609 781 117 275
541 190 229 443 221 27 337 389 192 210 88 142 425 442 275 219 312 544 121 269 118 349 114 295 274 117 194 184 554 381 234 431 403 183 107 409 251 436 105 88 294 315 140 98 172 205 253 176 402 322 342 371 304 327 121 80 61 270 339 150 181 82 360 124 101 415 103 41 146 104 361 141 190 292 384 177 76 279 268 267 179 287 357 538 83 116 254 217 236 465 164 363 314 198 193 77 298 138 191 167 40 317 545 479 249 150 238 253 195 76 247 227 252 325 260 406 141 196 212 112 71 546 442 229 235 349 245 590 507 100 389 164 77 311 102 242 338 388 191 126 173 469 529 375 398 448 19 343 232 96 309 195 383 366 128 260 201 590 386 153 106 63 542 162 75 151 368 84 159 202 81 179 576 402 594 362 435 53 541 294 373 168 329 340 110 92 78 372 112 51 514 239 441 439 408 553 168 189 233 543 455 428 0 585 267 423 114 403 433 543 195 374 360 381 127 526 550 337 115 277 395 191 147 109 89 374 282 516 126 382 486 292 133 138 209 160 119 533 221 544 99 221 245 359 100 422 293 263 221 287 302 100 525 154 56 585 433 276 485 391 303 250 467 155 293 263 61 120 194 365 294 393 129 193 186 425 275 432 309 219 238 196 387 217 374 79 226 150 520 117 145 171 456 164 174 55 300 348 122 281 29 250 334 86 61 281 206 157 206 264 402 159 406 384 214 259 288 297 325 545 325 448 296 21 317 489 189 416 134 356 165 142 412 115 67 438 380 372 197 267 74 366 40 163 140 187 373 73 152 262 100 382 282 435 155 271 191 303 140 76 340 146 522 292 71 531 125 170 98 423 97 377 252 178 70 82 90 473 199 554 167 103 392 495 92 280 517 182 128 130 294 359 544 365 290 554 234 64 181 221 242 419 282 145 582 189 282 69 199 472 341 195 117 72 303 564 364 116 126 457 336 201 367 153 331 65 151 333 276 542 170 98 102 338 229 334 419 367 484 28 44 113 192 489 341 118 292 66 545 367 219 568 510 571 201 69 588 371 292 381 302 364 49 155 86 314 321 349 374 344 308 569 115 147 302 155 430 201 178 560 187 135 239 239 262 245 379 299 90 112 270 441 203 150 388 148 219 353 527 169
71 407 809 147 803 560 321 963 750 792 597 631 307 160 848 432 274 43 705 317 693 919 481 292 859 508 435 531 194 207 801 160 984 756 596 206 342 150 529 536 877 899 672 668 604 481 627 743 948 264 262 218 861 284 468 659 531 850 266 671 766 661 921 493 598 194 590 624 521 669 939 453 398 877 239 473 641 307 406 360 762 299 937 81 594 497 838 791 369 161 743 259 316 391 399 628 880 712 396 582 623 274 87 115 336 645 818 820 775 651 346 761 834 263 845 981 720 405 374 697 517 48 200 357 357 293 800 59 136 503 295 724 526 880 493 817 252 272 763 607 754 117 180 955 983 137 594 927 816 503 277 425 967 950 467 834 765 6 209 601 596 539 88 718 656 721 944 666 426 397 614 762 42 278 186 235 152 539 69 309 941 753 879 923 616 625 568 215 498 562 114 347 149 164 262 136 632 414 386 79 170 167 585 0 328 983 681 950 185 158 780 953 240 267 604 76 100 917 544 862 221 491 732 678 672 948 305 154 642 967 105 825 718 716 794 687 665 59 795 41 652 413 817 231 490 206 853 848 415 317 294 685 133 690 611 106 177 849 163 221 871 832 119 435 293 848 609 478 764 247 874 197 640 393 760 177 823 163 277 796 373 394 212 722 242 506 392 478 267 513 719 417 137 463 733 545 297 240 469 861 613 379 906 668 532 865 406 698 404 329 201 428 991 214 798 842 331 878 898 130 897 141 877 565 287 99 726 198 616 263 425 446 180 493 648 171 951 218 397 356 528 946 546 748 447 751 264 557 627 348 676 965 306 153 501 854 762 871 717 510 925 731 86 790 603 174 706 745 522 195 681 217 340 409 637 667 584 180 401 206 510 519 977 101 512 855 202 451 712 456 813 229 46 950 848 84 767 649 405 729 350 1000 307 454 5 774 337 612 391 114 245 775 495 513 579 23 273 658 649 175 892 773 222 736 268 561 446 893 323 118 728 569 503 921 364 410 285 225 102 562 627 530 434 112 924 571 312 647 312 233 377 73 156 126 737 621 70 955 874 262 887 224 548 431 623 273 905 903 959 245 279 37 477 712 402 738 197 385 763 26 766 566 758 738 836 824 962 877 648 655 825 144 759 735 973 710 774 934 148 422
276 135 484 181 488 244 104 656 450 477 269 350 193 210 540 119 64 290 383 33 368 614 156 82 537 223 186 213 292 121 497 168 670 448 308 142 102 178 241 208 560 582 379 359 282 168 395 415 658 84 75 138 563 151 147 335 222 537 72 382 446 348 622 166 307 148 301 304 254 362 628 160 78 555 190 151 333 67 120 61 447 51 624 272 298 208 516 482 43 198 418 100 70 106 119 324 565 402 78 320 307 106 279 216 59 318 492 516 462 327 20 472 519 100 523 653 395 77 86 377 206 285 177 70 100 100 502 325 240 207 148 422 201 575 168 491 117 136 455 280 440 217 265 642 664 194 280 610 499 203 63 100 650 632 172 526 438 333 160 331 269 214 303 418 341 395 635 351 115 69 314 447 313 155 330 147 187 217 277 128 638 435 586 607 326 327 272 133 171 256 247 62 197 173 155 286 308 148 67 278 235 164 267 328 0 685 374 659 166 277 457 626 150 125 277 280 283 591 263 543 128 249 414 370 350 640 72 249 352 648 224 539 398 404 475 397 365 281 487 288 349 96 510 97 168 156 554 527 186 25 117 366 257 397 285 351 166 541 218 124 567 507 211 112 62 527 283 152 437 99 561 130 352 83 451 158 529 167 88 470 144 72 164 444 108 189 71 207 272 230 409 123 193 198 432 238 33 88 146 548 293 71 600 353 209 542 157 403 153 6 135 128 670 117 481 525 154 565 591 278 590 201 564 247 50 229 398 202 289 172 131 145 149 203 334 171 645 142 71 160 225 633 227 429 127 447 114 259 350 139 365 648 30 190 238 538 435 543 405 197 606 409 257 520 302 266 392 419 230 155 364 112 100 93 328 346 256 207 136 293 188 192 656 251 186 546 255 198 391 138 534 125 292 628 549 288 479 328 100 450 99 675 26 128 324 455 46 309 68 221 94 462 206 197 387 309 107 360 322 190 595 465 107 421 133 260 159 594 12 313 427 280 207 596 38 281 176 103 226 241 307 203 182 224 609 290 129 333 308 100 119 303 243 303 446 315 322 637 559 124 564 105 239 127 323 92 580 608 636 83 89 307 154 407 143 422 163 75 443 305 454 292 476 464 528 512 637 566 343 328 528 187 460 417 651 407 446 621 261 133
949 577 287 850 215 443 759 67 235 227 464 353 847 827 152 638 720 940 331 681 362 79 537 694 227 476 550 578 975 790 189 840 111 240 387 826 642 839 455 503 171 164 311 327 526 615 398 355 57 725 760 766 123 702 541 377 463 170 756 312 270 341 63 545 386 830 393 394 464 323 99 534 606 215 755 594 352 681 687 690 252 695 112 947 391 488 242 207 657 881 327 783 737 597 587 361 158 284 607 408 383 710 957 887 655 470 286 169 234 387 664 224 191 722 234 304 338 617 615 329 479 950 861 634 628 771 184 998 923 483 811 263 498 113 525 304 732 810 232 484 255 867 950 101 152 848 407 151 213 485 716 617 141 147 520 167 353 987 775 386 478 484 924 268 348 357 82 340 571 623 373 252 981 825 1014 749 832 475 949 674 55 275 106 145 368 360 417 770 533 429 927 645 835 852 830 970 500 569 655 953 830 839 423 983 685 0 311 51 849 962 278 274 744 803 488 915 963 266 439 198 813 499 289 315 359 74 682 934 341 153 892 165 311 285 242 296 321 926 202 942 336 643 179 770 522 841 131 219 572 706 689 333 941 293 428 959 848 150 902 809 121 271 868 574 698 218 434 543 341 784 151 802 343 604 237 838 160 842 708 307 611 614 773 268 793 497 648 505 942 470 278 571 864 520 253 447 718 757 543 161 402 672 95 338 484 231 577 286 579 681 817 562 193 797 231 195 656 151 104 961 105 842 148 442 735 893 412 794 484 727 563 544 821 492 356 852 60 765 616 631 462 114 463 281 559 237 794 429 358 636 322 141 695 830 483 184 339 325 283 488 169 310 931 220 384 951 301 335 463 839 329 790 644 592 358 356 476 892 582 976 574 521 179 886 514 148 938 533 321 548 186 755 939 196 136 965 218 371 589 261 634 258 696 567 980 260 704 376 617 869 745 234 490 489 477 961 786 327 442 875 92 222 776 276 716 426 539 91 694 916 259 415 484 243 648 627 841 778 886 451 392 523 550 898 134 412 672 357 966 782 606 978 928 987 247 369 997 153 161 803 219 773 446 561 363 712 234 80 203 754 706 973 537 278 720 275 848 613 270 957 241 418 232 258 164 186 239 141 341 421 158 842 226 289 200 278 372 116 945 565
642 274 179 543 126 132 450 283 78 117 178 95 539 530 168 333 412 639 91 371 121 240 227 389 200 177 258 290 664 482 123 532 304 76 99 515 339 533 156 200 201 223 52 17 259 317 212 167 288 418 449 463 191 408 230 103 153 170 446 66 111 38 248 238 95 520 102 96 180 12 258 228 296 215 463 291 41 375 382 380 89 387 257 639 91 185 184 110 346 571 136 472 426 290 282 52 202 32 296 154 77 408 648 579 347 217 188 142 98 112 354 116 157 418 187 350 121 306 308 76 168 644 550 326 324 461 131 691 613 177 502 49 191 202 215 200 429 499 82 211 79 564 639 274 307 544 97 250 142 178 408 308 290 273 214 154 188 685 475 129 196 177 629 49 47 145 263 44 261 312 69 89 675 515 703 450 529 167 642 377 264 95 215 246 82 61 114 466 226 119 618 337 533 543 520 660 244 269 345 645 537 531 114 681 374 311 0 289 539 651 136 314 446 492 213 617 654 277 147 192 502 225 76 5 89 268 377 623 68 291 586 178 82 41 128 66 32 625 114 639 31 335 137 461 212 530 180 184 284 395 389 64 631 54 137 668 538 169 592 498 193 193 563 263 390 183 144 233 175 473 194 494 73 294 79 529 161 534 404 180 315 303 474 120 482 186 338 210 633 173 40 264 556 226 60 137 407 449 232 182 100 363 227 44 175 209 281 53 282 370 507 254 323 488 127 168 363 199 218 651 218 541 197 133 424 587 211 499 215 435 256 236 513 188 52 543 272 463 305 339 153 266 153 94 248 74 483 124 107 340 22 288 385 528 197 179 171 266 40 177 252 101 624 188 78 640 44 148 160 529 47 481 341 282 47 78 187 581 281 665 278 217 306 586 206 174 627 242 88 237 184 452 638 284 176 657 123 81 280 121 331 350 386 257 677 114 393 68 306 566 438 98 187 178 285 659 475 39 186 564 222 92 468 68 417 119 235 221 383 625 55 120 178 271 337 373 532 469 581 142 95 224 257 590 245 127 374 53 659 472 304 670 617 677 92 60 690 280 196 492 227 465 135 252 61 407 252 236 294 445 402 668 226 33 416 70 537 303 106 655 89 141 132 141 155 145 309 197 32 163 156 538 89 82 307 34 213 254 635 259
919 546 295 820 211 421 738 102 211 222 452 319 828 793 146 621 691 907 322 653 356 89 516 664 241 445 516 567 951 761 171 811 152 224 356 800 610 808 424 487 183 183 282 305 520 601 354 357 6 695 734 733 99 668 518 365 438 172 731 280 266 322 58 527 355 803 363 378 430 300 125 505 581 233 719 578 329 652 670 669 242 666 139 918 363 458 252 194 634 854 326 759 714 568 557 336 170 266 582 371 364 678 927 857 626 466 296 153 225 376 639 190 192 691 245 339 334 595 587 318 454 918 836 606 597 749 158 967 896 455 791 240 479 108 504 315 700 788 215 476 243 835 925 134 190 817 386 177 213 457 687 597 177 179 492 159 359 954 742 350 467 465 889 243 330 355 109 323 545 600 346 243 950 804 989 715 799 455 918 641 74 268 74 169 337 333 389 738 514 404 899 616 802 824 808 943 496 538 634 923 794 810 403 950 659 51 289 0 823 936 279 306 711 780 479 881 934 292 407 210 787 463 279 294 347 103 653 907 311 189 862 126 302 268 240 264 294 893 190 910 311 624 167 742 500 815 111 229 537 682 656 320 913 263 414 922 820 144 876 782 112 282 836 551 668 228 421 522 345 758 159 773 311 577 221 810 130 813 678 314 578 589 739 230 767 474 627 473 921 439 260 543 834 487 229 422 692 729 520 166 385 652 102 321 464 247 544 257 546 655 789 535 232 770 229 200 621 161 109 934 110 810 157 422 710 862 415 758 476 692 535 516 792 462 337 825 88 732 592 596 435 144 442 274 535 216 771 401 323 602 303 177 668 797 449 191 343 345 266 464 195 304 901 174 357 925 286 335 433 813 313 762 613 567 335 343 464 866 551 952 560 504 216 852 494 145 914 499 312 524 143 724 906 228 114 936 184 356 562 223 603 297 669 546 948 256 681 351 592 837 715 224 460 466 432 928 763 300 437 848 68 205 747 264 682 399 510 75 669 879 234 384 455 270 623 585 821 750 854 431 376 508 517 869 158 379 639 338 947 755 575 948 902 959 215 345 967 186 171 780 239 744 421 534 336 681 258 55 236 726 675 942 515 256 704 264 822 586 266 924 229 384 194 217 157 182 272 148 317 414 133 811 201 280 236 255 379 142 919 535
120 282 646 61 654 410 135 821 614 643 428 508 137 153 706 253 135 159 547 170 531 779 321 171 701 380 325 351 136 75 662 52 836 613 468 24 224 79 400 370 726 747 541 524 425 301 536 575 821 140 91 134 728 208 312 500 387 703 95 544 612 514 786 326 468 20 461 469 405 527 793 318 244 719 200 297 498 177 223 182 612 159 790 114 460 367 680 648 200 32 580 77 134 257 269 489 730 568 243 471 472 169 118 74 198 470 655 681 628 491 186 634 685 153 687 812 558 240 237 542 371 138 30 218 233 108 666 166 74 368 114 586 365 741 333 652 154 89 621 433 606 111 107 808 829 95 446 775 665 365 140 253 815 798 331 691 597 191 148 485 425 378 200 582 507 556 801 517 279 233 477 612 159 98 170 163 110 382 122 214 803 600 749 773 487 490 434 123 333 420 84 208 123 28 82 121 454 293 212 119 186 41 433 185 166 849 539 823 0 114 621 787 170 82 430 168 119 752 420 708 39 389 580 535 514 806 178 85 513 814 85 701 563 570 640 559 529 159 652 153 514 236 675 85 333 22 718 692 315 147 195 532 92 559 448 248 13 707 54 42 732 670 97 278 159 692 445 316 597 69 727 64 513 246 617 26 693 43 160 632 267 237 155 602 62 355 219 358 152 387 575 281 60 346 596 403 133 99 311 714 458 202 765 518 374 706 294 566 291 169 35 288 834 55 646 691 245 730 756 112 756 118 729 412 117 96 552 178 441 206 289 306 53 362 499 17 811 139 236 265 388 799 393 594 293 612 79 422 507 249 531 814 155 117 387 704 596 701 571 362 771 573 102 677 466 106 558 581 390 11 530 64 222 257 493 511 415 47 280 142 333 352 821 150 350 712 106 340 556 303 693 134 164 792 714 127 641 494 261 609 229 836 154 291 181 620 160 473 234 117 121 628 365 362 510 172 88 523 478 26 759 631 84 586 183 424 315 759 157 224 591 440 368 758 204 365 112 76 101 407 472 360 323 73 774 448 216 498 201 68 257 142 79 138 608 480 162 802 725 77 728 87 404 289 487 159 743 772 800 101 163 156 319 572 217 588 14 237 609 168 619 447 636 621 693 678 800 731 508 487 692 91 624 582 815 572 603 786 96 289
93 396 751 140 764 521 222 932 727 752 531 622 172 224 817 350 249 160 655 284 636 891 430 283 808 494 438 444 39 185 774 142 945 725 582 137 338 160 514 476 835 856 655 636 518 393 648 678 934 252 203 235 841 313 423 607 499 813 206 657 720 625 899 431 582 134 575 578 519 640 904 432 356 826 291 396 611 291 311 282 722 273 900 83 573 481 786 759 308 84 685 180 233 371 383 601 840 680 355 585 583 278 72 115 312 567 759 794 738 598 298 748 795 262 794 912 664 348 351 651 483 121 101 332 347 201 779 107 50 482 179 699 473 853 442 755 261 166 732 532 717 165 24 918 937 165 557 884 774 479 254 357 924 906 445 802 698 163 242 599 526 487 219 695 618 660 912 627 392 341 591 722 116 160 57 263 187 492 95 323 915 709 862 882 600 603 548 225 440 533 64 322 195 120 148 23 548 407 316 82 252 137 543 158 277 962 651 936 114 0 728 889 270 168 529 189 58 855 534 816 149 502 689 647 622 917 291 29 627 921 120 814 671 681 749 673 642 171 764 150 626 336 787 199 443 121 831 799 426 257 305 641 36 673 555 256 118 818 60 154 844 774 152 389 273 800 551 425 699 178 837 172 627 359 728 131 806 135 271 736 379 349 248 716 170 466 323 472 110 501 687 394 127 460 709 515 244 212 421 824 568 302 877 629 483 812 407 679 404 281 149 402 940 168 755 800 353 840 868 28 867 187 840 523 227 131 650 259 539 304 403 420 156 476 610 115 922 239 347 375 501 908 503 703 404 725 173 535 622 360 642 922 269 193 500 813 698 800 682 474 878 681 89 791 579 19 668 685 504 123 640 177 335 370 605 620 518 71 393 51 429 458 927 190 457 823 49 453 664 415 807 238 168 898 827 74 754 603 375 723 342 939 267 400 153 729 264 586 345 169 232 738 479 474 619 160 182 636 578 88 872 743 196 696 288 537 429 871 268 250 704 554 482 862 315 465 157 189 141 517 581 463 436 100 884 562 326 609 155 182 370 85 35 40 722 593 97 910 835 166 834 199 516 402 600 270 848 885 906 214 274 121 429 684 295 698 114 350 717 157 730 562 750 735 804 789 904 842 621 589 805 166 737 691 921 684 702 896 20 403
733 384 43 636 71 222 512 226 139 63 200 230 593 637 133 384 506 739 75 463 93 199 301 490 80 297 380 309 735 575 129 624 224 99 233 597 446 630 279 253 115 132 182 139 250 352 343 78 281 517 531 567 191 521 312 122 254 109 527 196 28 132 223 297 227 604 235 156 310 144 192 335 382 98 578 338 160 474 430 446 63 481 183 729 219 302 59 102 421 654 49 548 495 393 388 178 124 110 384 290 161 512 736 672 444 193 52 138 73 131 438 190 88 520 66 217 66 382 408 84 266 740 627 424 430 529 160 782 696 289 562 134 257 171 289 66 534 566 106 213 72 664 712 202 210 643 190 159 66 287 503 372 198 180 321 122 82 785 582 265 210 243 738 143 133 79 204 124 354 389 198 63 769 578 776 558 630 241 733 488 223 42 219 159 217 193 237 568 288 229 704 434 636 630 586 740 223 382 413 735 649 620 195 780 457 278 136 279 621 728 0 182 555 561 216 722 740 145 276 91 583 357 61 135 108 212 477 702 204 194 679 220 64 97 40 188 168 728 105 739 165 394 120 552 290 609 177 72 407 474 497 98 712 175 173 780 623 135 671 580 167 58 661 346 487 72 177 305 68 552 127 585 209 387 98 616 187 624 505 49 430 387 582 224 560 274 405 332 691 295 104 367 648 347 136 243 490 541 312 117 167 427 183 122 249 86 397 169 397 454 592 354 213 574 51 84 480 129 174 733 174 643 130 215 505 683 136 611 210 550 360 337 604 303 140 628 222 568 386 458 262 190 233 43 333 127 555 243 242 455 125 196 475 630 325 96 65 131 99 272 151 49 714 263 202 714 93 57 278 611 108 569 448 371 162 113 214 658 392 733 311 271 199 691 272 135 697 365 68 324 241 555 740 171 177 745 194 132 376 221 437 224 475 330 776 31 464 192 391 667 535 74 303 267 420 759 546 175 168 645 214 107 560 71 526 236 345 205 464 737 138 249 291 143 419 505 591 559 678 218 152 267 378 681 163 259 486 141 708 557 414 760 696 758 180 182 779 184 120 563 107 558 238 350 191 509 126 226 179 536 504 762 304 128 460 68 617 395 33 755 76 275 214 238 124 98 184 137 162 149 172 636 146 55 194 133 106 179 714 364
902 564 146 807 200 401 668 208 288 204 359 404 741 815 213 539 680 914 254 636 260 221 472 667 116 479 562 450 891 746 250 795 167 255 413 763 625 803 461 418 148 134 354 319 379 499 508 211 311 692 697 744 267 701 485 296 435 182 694 365 204 314 254 462 407 771 415 334 491 323 181 515 555 106 758 493 342 650 581 607 227 655 167 898 400 484 130 235 588 819 211 712 656 572 568 359 158 284 557 467 342 690 904 842 620 325 136 243 224 303 608 327 179 697 128 39 234 550 585 265 446 911 789 600 609 688 278 951 860 471 716 297 427 225 460 136 711 724 256 357 237 839 871 174 128 816 370 131 182 468 677 534 134 128 502 214 191 958 760 441 362 415 915 306 315 232 197 306 530 557 379 227 939 733 933 736 806 416 903 668 232 220 285 139 396 373 419 744 455 411 871 609 813 799 743 903 348 563 575 903 829 790 374 953 626 274 314 306 787 889 182 0 734 720 360 898 906 37 457 136 748 538 241 314 286 204 653 864 379 122 850 322 246 273 187 354 344 903 234 913 344 553 228 723 463 773 257 135 589 641 676 280 876 342 343 959 789 214 835 745 230 125 835 518 662 136 344 475 190 718 173 757 384 562 252 784 289 794 681 157 612 560 760 373 725 450 568 514 839 477 276 545 819 530 295 424 659 713 485 177 346 587 213 304 422 107 579 335 579 624 760 532 93 743 190 163 661 169 210 896 209 819 174 394 672 855 242 791 350 730 539 516 775 485 322 795 218 745 557 639 444 162 410 222 507 279 716 425 416 636 305 134 647 806 507 160 191 93 274 450 112 230 883 383 384 873 273 208 461 776 290 739 626 545 344 293 372 820 573 888 460 435 99 867 441 207 854 547 249 499 350 731 914 78 261 913 327 311 552 368 616 52 646 499 949 200 627 373 563 842 710 225 485 445 588 933 707 351 311 809 269 251 732 246 706 418 525 256 633 917 298 430 472 46 589 686 743 729 851 394 331 427 560 850 149 440 666 323 850 725 594 928 858 921 328 364 947 121 162 723 94 730 419 528 372 686 66 274 72 708 680 933 476 297 605 244 781 570 209 929 233 454 350 380 215 201 37 183 342 300 273 810 290 236 78 302 189 165 876 544
219 173 589 130 571 334 221 727 513 561 390 392 280 83 613 268 89 197 481 121 475 682 270 74 633 271 195 358 300 97 565 128 750 522 358 159 109 112 292 329 646 668 434 434 421 316 391 529 708 68 141 36 622 45 254 439 302 617 142 433 539 430 683 293 360 152 352 401 281 435 704 221 191 650 41 294 408 93 268 208 531 100 703 220 357 261 613 556 190 190 523 169 192 163 167 394 647 478 187 342 395 48 233 161 121 449 598 584 543 432 157 521 602 50 619 765 500 212 151 472 289 212 198 138 125 199 562 264 220 270 240 488 313 643 281 600 33 214 528 410 523 127 271 720 752 113 366 696 585 271 88 243 736 719 235 599 553 243 31 361 395 324 183 481 426 506 708 436 206 204 378 530 244 235 327 7 92 320 218 70 704 525 640 692 378 389 333 47 293 330 213 131 92 152 224 266 444 177 216 226 95 135 360 240 150 744 446 711 170 270 555 734 0 202 408 171 244 697 306 633 160 252 503 444 449 712 88 241 403 736 163 585 492 484 565 449 428 182 560 199 417 245 582 101 276 180 615 620 175 159 58 458 237 452 395 225 160 613 215 153 634 610 132 225 89 620 395 270 549 154 641 107 402 177 526 145 584 136 63 578 133 189 28 482 159 284 219 240 321 276 486 189 144 225 497 315 139 93 256 628 389 221 670 438 314 640 167 460 166 148 139 202 764 126 568 612 92 645 661 256 661 100 643 341 145 158 523 57 420 36 195 218 117 258 419 160 715 31 197 117 296 713 324 521 233 514 189 323 387 109 444 734 120 89 262 623 547 659 484 284 695 506 204 550 369 269 476 528 286 166 451 116 108 196 404 442 379 215 165 308 330 316 748 141 302 619 274 212 488 239 573 39 195 723 610 240 527 424 184 489 119 779 124 250 237 546 188 378 187 127 68 543 259 289 352 217 189 421 446 192 653 538 94 505 29 327 212 655 154 182 491 331 269 698 173 196 256 108 149 341 404 332 194 176 691 333 73 418 368 128 143 249 237 276 498 387 266 725 642 196 661 93 318 206 387 58 681 664 733 97 62 235 265 476 285 507 180 171 535 214 534 327 518 498 601 591 740 643 414 446 587 109 521 507 747 475 566 700 249 191
201 259 583 136 600 360 55 770 569 588 363 474 79 215 655 182 130 241 489 145 469 729 266 170 641 348 308 277 174 111 614 123 780 563 432 66 214 148 366 309 670 690 501 476 351 226 519 510 778 146 66 170 683 228 262 441 342 649 67 505 554 463 740 264 431 79 425 413 379 481 740 285 200 659 240 228 451 167 145 115 559 145 735 193 420 333 619 597 146 108 518 34 67 230 244 444 675 519 200 446 421 180 195 156 177 399 591 633 575 431 145 594 630 165 627 743 497 186 210 485 326 220 72 193 218 32 622 244 145 331 39 540 308 692 279 586 175 13 572 364 553 187 151 754 771 166 395 718 609 327 135 190 758 740 296 640 530 273 191 456 358 322 278 537 455 492 749 464 238 180 435 559 239 34 214 196 175 328 202 221 754 544 706 716 449 448 395 159 274 377 161 183 188 107 30 183 381 271 149 197 248 112 381 267 125 803 492 780 82 168 561 720 202 0 361 248 193 687 388 650 53 373 524 488 457 754 170 145 475 755 167 661 506 519 584 520 486 240 602 235 469 168 626 101 281 62 672 633 305 101 204 477 159 518 388 327 92 656 117 58 683 606 173 229 151 633 384 261 531 48 673 107 475 208 567 97 650 116 165 567 258 192 197 568 43 306 156 332 147 355 525 249 139 323 551 359 98 109 260 660 404 135 715 466 320 645 278 524 274 131 80 253 772 82 590 635 252 676 706 178 706 186 676 361 79 178 482 229 371 236 257 270 112 328 448 98 761 176 188 266 347 744 341 538 245 566 13 382 475 247 481 756 130 181 363 648 530 632 521 316 712 515 183 644 423 153 505 517 355 74 477 89 211 215 445 455 350 101 259 173 261 291 760 226 292 661 136 321 498 256 657 163 246 731 668 203 601 438 226 574 215 770 127 236 263 563 99 429 189 193 136 575 331 314 506 255 18 481 410 95 714 582 108 533 203 382 284 712 114 300 546 404 331 694 158 381 56 94 181 353 416 295 305 155 719 415 223 447 185 74 240 219 139 202 568 435 238 744 670 7 667 110 359 252 444 166 680 727 738 107 168 237 266 525 135 534 70 200 552 251 567 418 599 588 643 625 736 678 462 421 647 160 579 526 753 525 534 732 156 259
548 262 228 457 272 138 308 440 282 261 39 268 382 482 336 179 337 567 157 294 125 409 140 335 290 227 287 94 531 398 310 444 439 258 234 407 307 456 222 83 330 348 254 198 47 139 380 152 480 353 343 408 382 386 159 115 166 319 340 267 218 175 428 115 229 416 230 119 264 207 407 221 217 308 440 134 188 316 221 249 237 315 399 543 211 220 269 285 236 462 168 354 297 255 257 196 339 223 220 294 145 360 548 491 287 41 235 326 255 105 261 328 299 363 278 383 151 201 261 162 163 560 431 270 291 329 330 596 503 202 356 257 105 376 132 228 379 364 267 3 236 495 511 418 423 471 145 374 276 195 335 179 413 395 212 322 170 610 428 281 21 102 579 260 166 139 419 170 208 209 206 237 586 373 572 408 464 116 549 352 434 213 409 374 236 214 204 405 115 174 514 277 473 445 383 544 44 267 219 548 502 438 127 604 277 488 213 479 430 529 216 360 408 361 0 557 549 327 238 307 391 304 200 208 134 426 321 505 248 408 500 386 178 216 248 274 231 559 290 565 212 194 312 374 140 415 369 287 312 287 354 162 518 264 79 626 434 338 476 390 369 252 488 183 324 287 71 139 173 362 341 407 252 232 260 430 362 442 347 211 311 220 430 330 369 148 213 253 480 230 226 233 468 263 267 170 307 366 156 329 121 229 393 171 115 293 287 265 285 276 406 220 418 391 257 298 357 343 384 538 383 477 344 127 318 506 122 465 12 414 231 211 425 216 162 440 435 410 213 342 183 406 125 207 178 274 357 197 278 331 192 411 302 466 268 311 173 271 219 159 365 178 530 401 197 514 197 164 212 420 173 387 307 213 182 141 40 461 271 528 100 93 408 527 112 340 494 280 167 175 395 395 569 377 366 557 335 133 229 333 297 411 300 158 600 228 270 193 222 499 368 255 220 149 428 586 348 231 50 451 411 276 384 215 382 190 232 405 281 586 264 225 205 336 243 434 384 379 503 116 120 76 283 497 379 244 351 162 495 372 284 572 499 563 305 190 592 397 335 364 314 382 164 214 209 352 325 424 384 361 347 581 147 240 247 215 423 237 217 582 250 261 345 353 324 301 377 349 202 67 352 464 294 199 399 244 173 395 517 237
99 343 753 113 740 500 295 898 684 730 545 563 304 88 784 393 220 37 647 264 637 853 427 231 800 442 366 491 228 161 736 126 921 692 529 182 278 105 463 484 815 837 605 604 562 443 553 689 878 206 224 155 793 214 413 602 469 787 228 604 707 599 854 443 531 169 523 566 452 605 875 390 344 818 165 430 578 248 374 321 700 243 873 108 528 432 780 726 323 156 687 230 283 329 335 564 817 648 342 511 562 210 120 96 278 598 762 755 713 595 296 692 772 202 786 927 664 355 314 638 456 74 192 298 293 267 733 121 150 440 281 658 472 814 438 763 188 256 698 559 692 64 206 891 921 88 534 865 754 440 223 380 905 888 404 770 712 77 142 532 547 484 32 652 595 667 879 605 368 348 549 700 99 267 233 167 93 482 96 241 875 693 811 861 549 560 503 154 447 499 129 288 85 141 250 172 588 348 343 110 94 136 526 76 280 915 617 881 168 189 722 898 171 248 557 0 136 861 477 802 196 420 671 614 614 883 245 174 575 905 86 755 659 653 733 620 599 21 731 45 587 372 752 185 435 190 786 788 345 274 228 625 156 623 556 80 157 784 169 193 805 775 75 381 236 788 554 425 710 216 811 155 573 336 696 151 755 133 217 741 304 340 143 652 213 448 349 411 288 447 656 356 109 396 668 483 253 192 414 798 554 340 841 606 476 807 339 631 337 281 170 368 932 178 737 781 260 815 832 163 832 80 813 506 246 73 677 125 569 190 363 385 141 428 587 152 886 154 345 286 465 883 488 688 391 685 241 493 558 280 614 903 254 92 432 792 708 818 654 450 864 672 100 719 539 201 645 690 457 175 620 177 276 353 574 608 533 183 336 240 467 468 917 31 458 790 224 383 654 399 742 167 30 891 781 123 698 590 346 659 287 944 257 402 75 714 298 548 337 59 189 713 430 454 504 53 248 592 599 169 824 708 175 674 200 497 382 826 277 61 662 502 439 864 314 334 279 182 68 504 569 481 365 104 861 504 244 586 337 195 312 121 174 170 669 557 129 894 812 241 828 176 486 371 558 212 847 835 900 197 218 88 423 647 376 676 182 328 703 51 704 498 688 667 771 761 905 813 584 603 758 95 692 675 914 645 723 870 173 359
37 389 765 116 771 526 248 937 728 759 547 617 216 185 821 371 243 104 665 282 649 894 439 272 820 489 426 468 96 173 776 124 952 728 578 143 326 132 510 489 843 864 653 639 542 417 632 694 932 241 209 212 841 289 429 618 501 819 213 654 729 630 900 445 579 135 572 587 510 642 910 429 360 837 259 415 613 283 338 300 729 268 906 29 572 477 798 763 319 87 699 195 252 367 377 603 847 683 359 575 589 262 16 83 308 588 773 796 744 609 303 745 802 247 805 931 677 358 348 660 486 64 121 329 338 223 779 54 47 480 213 700 483 855 451 771 242 194 736 552 723 125 80 925 947 131 562 892 782 478 247 372 933 915 443 807 716 105 214 591 544 497 164 695 623 675 916 633 393 351 590 729 59 194 98 237 154 500 39 305 918 717 861 890 597 603 546 204 452 535 36 318 159 111 179 37 572 398 331 25 209 124 550 100 283 963 654 934 119 58 740 906 244 193 549 136 0 871 528 826 158 488 697 650 632 922 282 57 624 931 82 810 681 686 758 670 642 116 768 94 627 355 790 193 451 135 831 810 411 266 287 649 36 671 567 198 117 822 76 161 846 788 115 395 266 810 564 435 716 188 843 161 623 360 732 125 805 121 259 751 365 354 219 710 181 471 338 464 167 495 691 392 102 451 710 517 250 205 429 830 576 320 880 635 492 825 395 678 393 286 148 401 952 166 763 808 333 847 871 30 871 150 846 529 235 89 671 223 560 275 400 419 142 472 616 112 926 215 354 356 501 915 510 712 409 726 194 534 615 343 646 931 268 159 491 821 715 820 687 477 888 691 41 783 579 74 674 700 501 130 647 173 324 373 608 629 534 93 385 108 451 471 939 141 468 827 103 442 674 420 802 218 111 910 827 16 751 611 374 717 333 955 268 410 95 738 279 587 351 128 220 744 474 479 596 102 203 636 597 98 872 746 187 703 266 537 424 872 275 196 704 550 479 877 321 435 197 184 99 524 589 479 424 68 891 556 307 615 213 183 361 29 61 36 719 594 46 920 842 189 846 190 519 402 600 256 862 884 919 209 261 63 437 686 326 705 126 351 726 100 736 554 745 728 809 794 919 848 622 606 805 135 737 700 933 686 722 903 49 399
867 527 109 771 165 364 634 199 254 168 324 368 709 778 185 505 643 877 217 600 224 204 436 631 81 442 524 418 858 711 218 759 165 219 375 728 588 767 423 383 121 112 318 282 348 466 473 177 296 656 662 707 242 664 449 259 397 153 659 329 167 276 237 426 370 736 378 297 454 286 168 478 519 74 721 459 305 613 548 573 191 619 154 863 363 446 94 201 553 784 175 677 622 535 531 322 133 247 521 430 305 653 869 807 583 293 100 213 189 266 572 295 148 660 92 74 198 514 548 228 408 875 755 564 572 654 248 916 826 433 683 262 391 203 424 100 674 690 221 324 201 803 837 165 129 780 333 116 148 430 641 499 131 120 465 185 158 922 723 404 328 379 879 271 278 196 184 268 494 522 342 191 904 700 899 699 769 379 867 631 219 182 263 123 359 336 382 707 420 373 836 573 776 763 710 869 317 526 541 868 792 755 337 917 591 266 277 292 752 855 145 37 697 687 327 861 871 0 420 106 713 500 204 277 249 192 617 830 343 119 815 295 209 236 151 319 307 867 201 876 307 519 197 687 427 738 232 101 551 606 640 242 842 307 306 922 754 187 800 711 206 88 799 482 626 101 309 439 156 683 148 721 347 526 217 749 262 758 645 121 574 524 723 340 691 414 534 477 807 439 240 508 783 492 260 386 623 677 448 150 309 553 194 267 386 72 541 299 541 589 725 495 104 708 154 131 624 144 189 862 189 782 149 357 637 819 212 753 318 693 502 479 739 447 285 760 207 708 521 602 406 152 373 185 470 244 682 387 380 598 268 129 611 770 470 130 157 70 237 413 97 192 848 354 347 840 235 172 423 741 253 703 590 509 306 256 337 786 536 856 427 400 103 831 405 180 821 510 211 462 322 694 878 74 235 878 296 274 516 335 579 84 610 463 913 163 593 336 527 806 673 189 448 408 553 897 673 314 277 774 248 217 696 209 669 381 488 236 597 880 263 393 435 22 553 649 711 693 815 357 294 392 523 815 134 403 629 285 819 690 557 893 824 887 295 326 912 115 136 689 63 694 382 491 335 649 36 255 73 672 644 898 440 261 573 207 746 533 172 893 197 417 319 348 186 169 52 158 305 266 245 774 257 198 85 266 159 151 842 507
512 139 315 414 273 99 356 422 208 265 199 89 449 389 309 266 286 502 210 251 221 376 156 257 346 40 113 270 552 355 260 404 448 221 52 398 203 402 23 173 348 370 128 139 280 274 154 279 404 288 334 327 317 265 146 185 77 316 331 127 253 144 377 186 55 400 47 147 34 136 400 103 190 361 319 239 115 245 311 288 236 261 400 511 57 54 328 253 248 451 259 362 327 163 151 98 348 180 189 66 126 271 521 450 222 264 325 278 245 185 243 217 304 284 333 492 238 213 183 196 87 511 436 202 190 360 256 560 491 60 406 183 150 338 150 334 293 398 225 237 227 428 525 417 453 410 105 397 289 67 282 231 436 420 92 296 304 548 336 69 216 144 487 177 144 254 404 153 151 217 79 236 543 416 589 310 393 128 511 236 398 238 335 392 72 87 41 331 173 65 493 212 396 419 417 540 280 131 257 516 394 405 115 544 263 439 147 407 420 534 276 457 306 388 238 477 528 420 0 339 387 81 216 146 185 407 246 505 98 438 455 282 213 188 274 143 124 487 257 503 116 259 278 337 141 415 309 330 137 287 250 181 509 146 171 524 417 309 474 381 328 334 429 170 263 330 176 164 294 359 339 367 96 180 224 405 279 408 271 312 173 197 334 182 368 113 251 66 534 33 188 140 427 81 192 68 293 324 151 327 137 276 364 154 132 354 138 154 140 258 386 135 470 366 275 315 219 344 356 530 356 404 342 111 312 455 302 357 246 291 132 118 386 60 138 421 409 326 205 194 60 411 115 235 153 210 377 42 88 197 152 434 266 391 50 326 291 399 187 97 399 231 495 257 73 525 185 268 37 411 168 358 206 174 114 174 198 465 144 555 246 179 453 447 157 316 517 96 212 143 274 317 500 431 304 530 223 160 162 189 196 496 268 178 541 258 294 84 200 430 308 245 57 106 191 522 370 117 242 446 347 235 341 213 277 50 105 349 274 481 186 28 59 416 230 230 436 346 447 122 149 197 112 462 390 28 233 138 568 352 168 542 499 555 193 94 560 427 342 386 373 339 74 136 87 274 397 359 442 321 269 535 151 174 348 215 421 188 249 518 236 32 216 202 297 290 455 341 116 227 281 404 215 222 455 171 326 398 516 131
818 460 89 720 67 302 602 139 153 75 291 276 684 716 82 474 589 821 161 547 184 122 388 571 32 367 449 400 824 659 113 708 132 123 291 684 524 713 347 342 27 41 224 201 340 443 373 162 213 599 617 647 142 596 397 210 332 49 614 234 97 203 152 386 286 691 294 240 372 203 104 412 467 31 653 428 227 555 521 535 104 564 94 815 282 374 44 99 509 741 139 636 584 473 466 242 40 160 468 339 239 592 822 756 526 283 88 108 95 219 523 190 43 601 36 175 157 469 488 166 346 823 715 505 509 618 142 867 783 364 652 166 344 107 375 107 613 656 123 303 113 746 801 112 121 725 268 68 50 362 586 461 108 90 398 80 157 867 661 313 301 330 816 175 207 169 118 197 437 476 261 104 853 668 865 636 711 326 818 564 144 109 165 68 272 252 304 649 377 303 790 516 717 716 676 828 311 457 501 820 726 705 277 862 543 198 192 210 708 816 91 136 633 650 307 802 826 106 339 0 670 417 130 193 194 126 558 790 252 105 763 191 145 152 69 222 218 809 98 821 223 483 92 636 375 696 130 21 475 561 575 177 800 211 262 857 709 83 759 666 107 73 744 431 570 21 267 392 146 640 51 670 256 470 120 701 157 709 586 109 504 473 660 237 648 357 494 401 781 363 152 446 733 417 162 319 576 625 397 48 250 516 108 195 334 39 470 203 471 540 678 434 131 660 65 27 553 49 100 820 100 724 53 298 592 766 216 688 301 624 439 417 689 376 214 714 139 647 472 530 337 99 317 114 417 145 644 313 287 529 190 106 560 711 389 25 144 139 152 353 63 136 799 249 268 803 158 145 349 698 182 654 526 455 230 197 304 746 468 823 402 360 115 771 359 78 786 434 153 408 217 635 821 92 132 831 191 215 458 231 515 162 559 417 859 88 553 258 476 749 618 95 376 350 455 841 635 226 258 732 154 116 644 128 604 307 421 142 551 814 166 312 365 90 505 563 682 644 761 302 237 357 448 766 73 318 562 215 799 643 491 845 784 845 193 249 865 94 39 652 43 642 315 431 252 590 71 163 103 621 584 846 389 169 551 126 704 478 100 837 104 331 214 244 81 64 121 62 223 240 140 718 154 127 115 173 174 90 801 442
159 251 607 83 616 372 101 784 578 605 389 475 124 163 669 214 107 192 509 136 492 742 282 145 662 347 296 313 166 64 625 70 798 576 434 16 196 95 366 331 688 709 506 487 386 262 508 536 785 116 54 126 692 193 274 461 350 665 57 509 573 476 750 287 434 28 427 431 373 491 756 284 207 680 195 258 462 148 185 142 575 128 752 153 425 333 641 610 161 71 541 38 96 224 237 452 692 531 206 440 435 148 157 107 166 431 616 645 590 452 149 599 647 132 648 773 519 201 204 504 334 174 50 185 204 73 630 205 113 333 90 550 326 704 295 613 138 63 584 394 569 134 138 770 791 113 408 737 627 330 112 214 777 759 297 654 557 227 144 453 386 340 226 546 469 517 763 479 243 194 442 574 197 79 203 153 122 344 160 193 766 562 713 734 452 454 399 114 294 384 123 175 135 58 66 158 415 262 173 157 196 60 395 221 128 813 502 787 39 149 583 748 160 53 391 196 158 713 387 670 0 360 541 498 476 769 150 121 478 775 117 666 525 533 602 524 493 189 615 187 477 197 638 62 295 28 682 653 288 109 174 494 130 524 410 275 44 670 90 7 695 631 121 240 131 653 406 278 558 30 689 57 478 210 580 45 657 63 136 593 240 200 151 569 23 317 180 326 164 353 538 246 88 315 560 366 95 74 273 676 420 163 728 481 336 668 264 531 261 132 27 253 795 34 608 653 224 692 719 150 719 133 692 375 78 127 513 180 402 195 255 271 59 328 462 50 774 131 199 242 352 761 355 556 255 576 45 386 474 224 493 775 121 129 356 665 557 662 534 325 732 535 140 644 430 139 520 542 356 29 492 44 194 221 456 473 376 79 249 169 294 313 782 174 311 674 132 310 517 266 659 121 196 753 678 166 606 455 226 576 199 797 119 253 217 582 121 437 197 140 101 590 331 325 487 207 53 488 439 62 723 594 66 549 167 388 281 722 119 247 555 406 333 719 166 349 99 53 129 369 434 321 293 109 736 414 195 461 210 37 227 181 115 176 573 444 201 764 687 46 689 68 367 254 451 136 705 736 761 74 139 193 281 535 182 550 35 201 570 203 582 415 602 588 656 641 761 694 472 447 656 107 588 544 776 535 564 749 132 255
467 114 397 372 350 170 352 490 277 342 268 148 442 332 379 289 254 448 291 228 302 443 193 219 425 77 65 318 525 318 329 365 519 296 126 369 165 357 86 229 424 446 197 219 341 309 147 360 459 250 312 278 379 207 177 265 138 390 310 192 333 225 439 228 131 369 123 226 47 215 471 108 191 440 257 273 196 213 327 290 314 233 472 468 138 85 408 327 248 418 340 343 319 144 130 179 422 257 189 91 207 226 479 407 196 335 406 347 322 264 233 275 380 241 412 573 319 223 163 278 141 463 410 180 157 349 321 514 456 102 398 255 204 405 192 415 246 384 299 303 304 378 496 488 527 362 184 472 367 110 250 250 510 494 107 367 385 495 283 114 283 203 426 248 225 335 472 234 157 224 159 314 495 404 559 257 343 188 466 184 463 318 394 466 145 165 122 285 216 141 454 190 344 383 402 504 347 102 265 473 332 367 191 491 249 499 225 463 389 502 357 538 252 373 304 420 488 500 81 417 360 0 297 225 266 475 211 473 167 513 410 337 294 267 353 207 199 433 330 451 194 275 349 304 182 388 373 409 77 275 201 262 474 214 246 460 384 380 442 354 395 414 382 186 230 409 250 200 376 336 413 331 164 174 299 371 340 369 231 393 124 199 280 232 345 161 260 56 519 74 265 133 386 56 263 138 275 290 182 401 215 283 432 235 190 434 96 222 99 244 354 136 547 334 353 392 160 418 425 494 425 352 415 181 294 408 380 296 314 230 126 127 348 89 220 387 476 276 209 135 121 482 179 315 174 281 361 120 141 145 232 508 243 340 37 402 372 480 266 147 475 312 451 299 154 496 265 349 93 381 249 325 167 177 195 255 264 436 113 529 290 230 529 391 206 386 492 52 294 166 322 271 446 509 368 487 281 240 158 240 161 575 246 205 489 338 289 165 201 379 270 322 85 157 145 468 355 191 315 415 408 308 306 292 225 128 102 411 261 417 257 108 100 496 225 149 426 313 400 191 228 250 68 421 464 99 182 219 557 324 134 498 467 518 254 175 515 501 416 370 452 303 144 141 166 233 477 419 519 289 228 486 186 249 362 295 393 181 329 465 313 86 269 247 368 364 534 413 196 303 345 357 283 302 532 245 406 470 483 122
688 331 103 590 76 172 477 247 97 64 175 170 562 586 137 353 459 691 44 417 79 211 259 441 131 240 323 289 698 529 110 578 256 62 172 555 394 583 221 218 146 168 124 78 242 327 285 103 279 468 488 517 182 467 267 88 202 125 485 138 37 74 228 261 167 562 174 111 250 84 216 282 337 147 524 307 101 425 401 409 37 434 211 685 159 246 112 85 381 612 68 509 458 343 336 118 151 52 338 230 109 462 693 626 396 189 112 126 55 99 394 149 106 470 117 276 63 341 358 40 215 693 588 375 379 492 135 737 654 235 529 83 217 176 247 125 483 530 71 197 36 616 674 230 251 595 138 196 85 233 456 335 236 219 268 122 120 737 531 205 189 202 686 90 77 88 226 67 306 348 138 37 723 544 738 506 581 197 688 435 236 22 210 193 157 133 179 518 250 174 661 385 587 587 551 700 219 328 375 690 597 576 147 732 414 289 76 279 580 689 61 241 503 524 200 671 697 204 216 130 541 297 0 75 70 232 428 662 143 235 633 194 23 39 62 132 108 679 90 691 105 359 112 507 246 568 169 117 350 433 445 48 671 119 140 727 580 138 631 538 169 118 614 302 439 117 145 264 105 511 149 540 149 340 63 572 166 579 455 104 376 343 530 174 520 227 368 275 659 237 48 316 603 290 88 189 447 495 268 136 121 391 195 66 205 139 342 114 342 411 549 304 261 531 67 111 425 152 186 692 186 593 152 168 463 636 156 558 198 496 309 287 559 248 85 585 240 517 343 402 208 220 187 19 288 85 517 185 183 400 65 234 430 581 266 124 101 190 42 222 193 33 670 225 143 676 32 81 222 569 52 525 396 325 103 69 187 618 339 698 285 235 245 641 232 141 661 308 34 278 210 505 691 220 167 702 154 86 327 173 385 280 430 289 728 43 426 133 346 619 487 55 247 219 360 711 508 114 159 604 211 78 514 18 474 179 291 205 422 685 88 189 236 200 376 445 559 514 631 173 108 236 321 636 195 199 433 85 680 514 361 716 656 717 133 123 735 224 146 525 158 512 185 301 131 459 181 224 229 491 454 716 261 72 432 17 576 348 32 707 50 214 172 192 125 103 239 155 102 136 154 588 107 6 243 78 146 208 673 312
638 271 178 539 128 128 445 287 83 119 173 96 534 527 171 328 408 636 88 368 117 244 222 386 201 174 256 284 660 479 127 529 307 79 99 512 336 530 154 195 203 226 55 12 254 312 214 164 293 415 445 460 195 405 226 98 149 173 442 70 110 33 252 234 94 516 101 91 179 9 261 225 292 216 461 286 37 371 377 375 90 383 260 636 89 183 184 113 342 567 134 468 422 287 279 50 204 35 292 155 72 405 645 576 344 212 187 146 100 107 350 122 159 415 188 350 118 302 304 73 164 641 546 323 321 456 135 687 609 174 497 54 186 206 210 199 426 495 86 205 81 561 635 277 309 541 93 253 144 174 405 304 292 276 210 157 185 682 472 130 191 172 626 54 42 142 267 39 257 308 67 90 672 510 699 447 526 162 638 374 268 95 220 248 82 59 112 463 221 116 614 333 530 539 515 656 239 266 341 641 535 527 109 678 370 315 5 294 535 647 135 314 444 488 208 614 650 277 146 193 498 225 75 0 84 272 373 619 69 294 582 184 80 42 128 70 35 622 118 636 30 330 140 458 207 526 185 185 282 391 386 60 627 58 132 666 534 172 588 494 197 193 560 259 387 184 139 229 172 469 197 490 74 290 82 525 165 530 400 178 313 299 471 124 478 182 334 208 628 170 42 261 553 224 65 133 403 445 228 184 94 358 230 39 170 209 278 58 279 366 503 250 324 484 129 170 361 201 221 647 221 537 199 128 420 584 207 497 210 433 253 232 509 186 47 539 276 460 301 337 150 269 148 93 243 78 479 121 109 338 18 291 382 525 196 181 168 265 41 173 254 98 620 193 75 636 43 145 158 525 43 477 338 278 42 73 182 577 278 661 273 212 308 583 201 178 623 240 85 233 189 449 635 285 181 653 128 76 276 126 328 350 382 252 674 114 389 66 302 563 435 100 184 174 287 656 471 40 181 560 227 96 464 68 414 116 232 225 379 623 60 118 175 271 333 372 527 466 578 137 90 219 255 587 247 126 372 48 654 468 302 667 613 673 97 57 686 282 198 488 228 462 131 248 59 404 252 240 296 442 399 664 222 38 412 70 533 299 106 652 91 140 137 146 159 147 309 200 30 158 161 535 94 81 309 39 211 257 631 255
625 279 140 528 146 115 409 317 150 134 105 170 493 530 207 283 398 631 33 355 37 281 194 383 188 199 280 220 630 467 177 516 324 124 154 490 340 522 183 148 213 233 138 77 177 257 290 94 347 409 423 459 249 416 204 18 149 195 420 153 98 56 297 192 148 497 153 48 219 87 286 230 274 205 473 237 82 366 331 341 107 373 280 622 134 201 167 153 315 547 76 442 390 287 282 98 219 91 276 218 60 405 629 564 336 130 149 194 124 29 330 198 175 412 173 317 53 275 300 30 160 632 521 316 324 424 196 674 589 187 460 126 150 246 181 154 427 462 134 130 104 557 607 298 315 535 86 261 154 183 395 267 302 284 216 192 119 677 475 196 120 136 631 130 50 69 295 46 246 282 117 107 661 475 671 451 522 133 625 382 306 88 276 260 145 118 144 460 183 129 597 326 529 523 482 634 158 278 307 627 543 513 89 672 350 359 89 347 514 622 108 286 449 457 134 614 632 249 185 194 476 266 70 84 0 302 369 595 144 299 571 253 50 83 127 155 115 620 158 631 101 291 181 444 182 502 236 178 307 367 391 29 606 143 70 673 515 208 565 473 239 161 553 238 380 178 75 198 109 446 218 478 149 279 127 508 228 516 397 131 327 280 475 208 454 166 300 233 590 198 93 260 540 248 135 140 383 433 204 205 60 322 266 47 141 194 294 142 294 347 485 247 320 467 134 179 376 221 256 626 256 535 221 108 398 575 126 505 133 445 254 231 496 201 51 521 310 460 279 355 160 288 126 81 225 141 450 147 182 350 66 300 367 523 232 192 106 216 86 165 256 59 607 273 116 609 64 84 180 504 43 461 341 263 79 13 117 552 288 629 215 166 306 583 165 211 593 266 42 216 264 447 632 278 234 638 204 26 268 209 330 330 367 223 668 107 359 106 283 560 427 125 202 160 356 651 441 119 99 538 279 143 452 83 420 139 240 273 357 631 133 161 188 250 312 414 489 451 570 110 45 166 277 573 262 176 380 51 610 450 308 652 590 651 176 98 672 288 214 458 215 450 135 243 114 402 233 292 287 429 396 654 196 109 362 84 510 287 95 647 118 193 217 229 194 173 291 225 92 75 219 528 161 71 302 114 141 276 607 258
910 541 216 811 156 396 709 15 199 168 405 327 794 796 100 585 680 906 272 639 301 35 488 657 154 442 520 518 928 750 148 800 56 193 355 782 606 802 421 449 100 90 280 282 462 558 393 287 108 687 715 731 104 672 494 319 420 107 712 284 208 293 58 492 353 787 361 342 435 280 24 496 562 142 726 539 309 643 633 640 196 655 38 908 355 452 170 159 610 838 261 737 688 559 550 320 88 238 563 387 334 675 916 848 615 405 214 129 180 330 620 205 127 686 162 236 275 569 576 272 436 913 816 594 592 723 155 959 880 445 760 225 447 70 476 232 697 761 186 422 201 832 903 31 90 812 361 77 150 446 676 566 75 76 482 115 283 953 742 362 418 433 894 231 299 291 8 290 528 576 335 196 943 775 968 716 797 426 910 642 30 215 106 70 336 323 380 734 482 388 886 605 801 811 781 927 434 535 606 913 801 799 374 948 640 74 268 103 806 917 212 204 712 754 426 883 922 192 407 126 769 475 232 272 302 0 645 889 311 87 854 163 252 236 178 268 284 893 154 907 296 591 131 729 474 796 105 148 544 660 655 279 898 262 372 931 805 100 858 765 80 198 831 528 659 147 377 494 272 739 85 762 313 562 189 796 143 802 671 236 580 569 740 255 747 451 598 473 891 437 231 532 824 489 216 405 674 717 496 97 351 622 43 288 435 157 545 254 546 637 774 522 131 755 169 128 626 83 51 918 51 808 82 394 690 855 342 764 421 698 525 504 781 455 307 810 15 730 570 602 421 42 414 221 513 198 747 391 335 605 275 75 653 795 455 116 270 251 235 444 95 249 892 226 345 905 249 268 426 796 277 748 608 549 314 301 418 846 548 928 516 467 114 853 463 94 891 503 262 503 190 720 905 125 110 925 201 317 548 247 598 194 654 518 945 198 656 336 572 834 706 179 454 444 475 926 738 291 379 831 86 176 736 222 683 387 502 76 649 888 221 381 446 170 603 612 790 737 849 401 339 468 520 859 60 382 640 308 912 739 571 938 883 944 222 328 958 83 92 755 145 733 403 520 325 675 160 84 133 713 670 936 489 237 664 221 804 570 209 923 187 391 220 250 113 129 169 77 300 359 133 806 193 231 133 238 300 41 901 527
266 107 508 168 498 256 167 660 448 488 304 335 247 163 544 184 43 263 402 39 393 616 184 14 556 207 147 271 314 109 498 158 679 452 296 158 47 157 228 243 572 594 371 363 334 231 358 446 650 42 105 90 560 79 169 358 226 545 104 372 462 356 620 206 297 157 290 321 228 365 635 149 103 573 124 207 337 6 192 133 457 26 633 265 291 195 535 487 107 207 442 137 134 86 96 325 575 407 100 294 318 40 275 204 34 362 517 517 471 351 73 463 530 43 542 683 419 124 70 394 212 268 199 53 56 154 499 315 246 200 202 421 228 577 195 518 59 183 459 322 450 188 285 650 678 168 290 622 511 199 38 156 663 645 163 530 469 309 108 309 308 240 262 416 351 423 640 361 123 117 311 457 299 204 348 87 154 238 266 56 639 449 580 619 316 323 266 91 206 258 247 44 160 174 198 295 356 116 133 271 181 159 282 305 72 682 377 653 178 291 477 653 88 170 321 245 282 617 246 558 150 211 428 373 369 645 0 262 342 662 210 528 414 412 489 388 362 251 491 263 349 161 513 93 191 177 551 544 138 90 45 381 264 390 312 307 173 545 231 143 568 530 187 139 19 544 311 184 466 128 569 122 341 92 456 161 524 162 28 497 90 101 109 428 137 203 135 182 312 213 415 113 181 169 431 241 78 79 170 557 310 142 603 363 231 562 116 397 113 68 143 124 688 123 493 538 85 574 594 285 594 166 572 261 93 211 437 144 333 102 120 142 140 191 344 176 648 92 109 96 223 642 244 444 148 448 157 254 333 77 372 661 46 153 210 550 464 575 412 205 620 428 249 501 300 284 402 446 220 170 376 114 44 110 332 364 292 225 103 318 243 229 673 214 216 551 281 162 409 155 519 78 263 646 547 283 469 345 101 435 51 699 51 163 301 470 117 309 99 191 62 471 193 209 338 283 153 356 360 204 591 469 96 431 65 258 143 592 80 266 425 268 199 619 86 214 226 102 204 260 324 244 145 216 619 274 57 343 354 113 79 296 256 309 438 316 315 651 569 166 583 93 243 127 320 33 602 603 656 77 27 291 180 408 215 433 181 85 459 279 462 272 462 446 532 520 660 573 344 361 524 161 457 431 670 407 481 629 272 118
84 367 725 112 736 493 199 905 699 725 506 593 159 199 789 326 220 148 628 255 610 863 402 254 781 465 409 421 61 155 746 113 918 697 553 108 308 132 485 449 808 829 626 608 495 370 619 653 905 222 174 206 812 284 395 580 471 785 177 629 693 597 871 405 553 105 546 551 490 611 876 403 327 799 264 371 582 261 289 257 695 244 872 74 545 452 760 731 281 55 659 153 208 342 354 573 813 652 327 556 555 249 67 91 283 543 733 765 711 571 269 719 768 233 767 888 638 321 322 624 455 111 75 303 318 176 751 111 25 453 159 670 446 825 415 730 232 144 704 508 689 142 33 891 911 139 529 857 747 450 224 331 897 879 416 775 673 159 214 570 502 460 205 666 590 634 884 599 363 314 562 695 115 141 86 234 161 464 86 294 887 682 834 855 571 575 519 196 413 505 45 292 170 91 127 39 525 377 290 74 229 108 516 154 249 934 623 907 85 29 702 864 241 145 505 174 57 830 505 790 121 473 662 619 595 889 262 0 598 895 97 785 644 653 722 644 614 157 736 139 598 311 759 169 416 93 802 773 397 229 275 614 21 644 528 245 89 790 31 125 816 748 128 361 244 773 525 398 674 151 809 143 598 330 700 102 777 106 242 710 349 321 221 687 142 438 297 443 115 472 659 365 100 431 681 487 216 183 394 797 540 277 849 601 456 786 377 651 375 253 119 373 914 139 728 773 324 813 840 34 840 162 812 495 199 109 626 234 515 276 374 391 127 447 582 86 895 210 319 345 473 881 475 676 376 696 148 506 592 330 614 895 240 168 471 786 673 776 654 446 852 654 75 762 550 29 640 660 475 94 613 148 305 341 577 593 492 44 364 70 405 432 901 170 430 795 50 424 637 387 778 209 156 872 798 72 725 576 346 694 313 914 238 373 149 702 238 558 317 147 203 711 449 446 590 152 157 608 554 59 844 715 167 669 259 508 400 843 240 235 675 525 453 836 287 437 141 160 119 489 554 438 406 76 856 533 296 581 164 153 341 86 6 58 693 564 102 884 807 141 808 169 488 374 571 241 823 856 880 185 245 118 401 656 275 670 86 321 690 149 702 532 721 706 777 761 878 814 592 564 776 139 708 664 895 656 678 869 12 374
608 236 246 510 185 131 438 325 111 178 209 27 530 486 213 333 381 599 155 343 180 279 220 353 264 135 210 309 643 450 163 500 353 130 46 490 300 498 114 211 257 280 31 70 294 327 147 231 308 384 425 424 219 362 218 153 135 224 422 31 178 88 279 241 45 493 52 130 125 62 305 195 275 277 416 296 63 341 381 368 152 356 306 607 55 147 249 160 330 544 202 451 411 257 246 52 256 96 274 88 104 369 617 546 316 260 255 182 158 159 331 121 214 381 252 416 185 292 276 139 151 608 527 295 287 445 158 657 585 145 489 89 195 241 210 268 390 483 132 245 142 526 616 321 361 507 106 305 202 148 376 302 343 328 181 201 253 646 434 62 228 183 584 81 94 208 307 98 237 297 45 152 640 501 681 408 490 169 608 333 301 162 238 300 26 34 80 428 227 102 588 306 493 513 504 633 284 228 335 613 491 500 126 642 352 341 68 311 513 627 204 379 403 475 248 575 624 343 98 252 478 167 143 69 144 311 342 598 0 346 551 188 149 107 192 46 36 585 163 601 43 330 183 431 204 507 211 247 233 375 347 125 603 49 169 621 510 213 566 473 231 260 527 248 358 246 176 228 241 450 246 463 5 269 133 500 182 503 367 247 270 282 432 95 459 175 328 164 619 129 103 232 523 179 96 119 383 418 221 234 127 353 267 99 177 273 236 56 238 347 479 225 381 460 190 227 316 251 260 624 259 501 248 137 402 551 270 454 252 388 224 207 481 152 94 515 312 423 287 291 128 316 153 161 231 114 465 93 40 295 84 342 358 488 144 236 237 334 105 162 309 167 591 173 57 617 112 214 123 503 108 452 302 260 68 131 214 557 241 645 291 224 363 544 207 220 607 193 153 220 182 414 597 344 207 625 128 126 252 101 293 413 360 248 639 180 377 56 285 528 404 157 149 166 218 619 457 29 231 539 250 141 436 134 375 93 199 251 362 578 91 74 145 335 316 311 519 440 544 149 130 237 210 558 297 71 331 94 650 445 265 638 592 649 96 58 657 335 250 474 290 434 120 225 39 370 316 262 355 415 365 632 217 83 417 137 513 277 173 616 148 81 125 117 202 198 372 246 52 211 184 501 118 150 367 79 278 303 609 225
923 563 181 825 166 407 706 88 238 175 395 367 787 819 139 578 694 925 267 652 288 112 493 675 117 468 550 501 929 764 188 814 46 218 388 789 628 818 447 446 90 68 317 302 437 545 451 258 195 703 723 751 174 698 502 315 436 123 719 324 202 306 143 491 384 796 392 345 469 303 68 516 572 99 754 532 328 660 624 640 206 669 56 920 382 476 138 186 614 846 240 741 689 577 570 343 91 259 573 430 344 696 927 861 631 380 175 174 194 324 629 260 134 705 130 151 260 574 593 272 450 928 820 610 612 723 208 972 888 466 757 258 449 132 480 188 717 760 214 404 214 851 906 56 16 829 372 41 151 466 691 566 13 19 501 148 247 971 764 404 404 435 919 265 311 269 81 301 541 581 361 206 958 773 970 739 816 431 923 667 117 214 184 47 369 351 405 753 482 406 895 620 821 821 781 933 408 559 606 925 828 811 382 967 648 153 291 189 814 921 194 122 736 755 408 905 931 119 438 105 775 513 235 294 299 87 662 895 346 0 868 234 251 253 174 310 315 913 183 926 322 588 166 742 481 802 169 122 575 666 678 282 905 301 367 959 814 140 864 772 139 159 848 536 674 122 371 497 239 745 101 775 350 575 214 807 207 814 690 200 606 578 764 310 753 462 599 502 885 464 251 550 838 517 251 422 682 730 503 112 356 621 110 299 439 115 572 293 572 645 784 538 45 765 169 125 655 96 111 925 111 828 99 403 697 871 306 790 400 726 543 521 794 478 319 819 101 751 577 631 441 47 422 219 522 233 749 414 377 631 292 12 665 815 488 113 238 186 253 457 43 241 905 298 369 908 261 244 451 803 286 759 629 560 332 302 408 851 571 928 505 464 27 875 464 132 891 534 258 513 262 739 925 45 174 936 258 320 562 304 619 108 665 522 963 193 658 359 581 853 722 194 478 454 534 945 740 322 358 837 166 205 749 231 707 409 524 153 656 916 256 411 468 97 610 656 786 749 866 407 342 461 549 871 52 415 665 320 902 748 594 950 889 951 271 350 970 12 97 757 95 747 419 536 352 694 96 167 50 726 688 951 495 265 653 229 810 583 205 942 203 427 280 311 148 149 85 103 324 341 193 823 235 232 47 268 257 56 907 546
57 316 707 43 705 461 218 869 658 695 493 543 218 105 753 327 174 75 604 217 591 825 379 198 759 417 349 426 157 105 707 56 887 661 505 102 251 53 437 433 779 801 581 572 499 376 552 639 859 167 157 132 770 208 367 558 434 753 161 581 667 564 829 390 507 90 499 524 434 574 843 359 297 777 177 368 545 211 302 255 664 200 841 58 501 405 738 695 264 70 641 155 211 296 305 534 782 616 296 498 524 185 70 11 239 540 716 727 678 550 243 672 737 171 745 877 618 301 278 597 419 61 106 260 264 190 708 106 72 409 198 630 424 786 391 715 164 173 668 502 657 46 130 858 884 50 496 829 718 408 178 321 869 852 372 739 662 111 132 516 492 437 118 625 558 619 849 568 327 294 520 664 90 182 173 156 72 438 57 226 848 654 789 826 525 532 475 125 395 466 56 249 77 60 166 109 527 324 281 63 133 62 486 105 224 892 586 862 85 120 679 850 163 167 500 86 82 815 455 763 117 410 633 582 571 854 210 97 551 868 0 737 618 620 695 597 572 74 700 69 558 308 722 128 389 107 761 748 333 212 209 586 84 599 509 164 75 754 85 116 777 730 33 334 195 748 506 376 661 143 777 94 550 293 665 73 733 58 184 694 287 292 137 635 138 407 287 389 206 422 623 322 32 376 640 449 193 139 367 765 513 274 812 570 431 765 319 606 317 226 96 332 891 109 700 744 253 781 803 99 803 69 780 465 182 13 621 142 511 194 329 350 75 400 550 69 858 134 294 276 432 850 447 649 346 657 162 464 540 265 580 867 204 77 415 757 659 767 620 411 826 630 42 707 509 126 609 643 429 93 582 112 249 309 540 567 480 97 311 167 405 416 877 75 409 760 144 366 612 356 727 139 79 850 757 78 678 549 307 643 258 898 205 351 101 675 231 518 289 50 147 678 403 414 514 89 170 565 545 83 801 678 119 638 186 467 353 801 219 145 635 478 409 819 261 354 194 121 22 462 527 426 348 21 826 482 229 549 256 128 286 88 95 116 647 526 106 857 777 161 786 122 451 334 530 181 804 813 859 143 186 83 376 617 299 640 98 285 664 85 670 479 671 653 741 728 861 781 554 552 734 53 666 636 873 616 670 837 100 328
794 422 251 696 151 306 622 174 104 157 354 194 713 667 110 510 568 782 236 531 272 128 401 539 221 321 390 467 830 637 90 687 218 133 233 678 486 684 301 379 175 189 160 195 430 496 234 291 123 570 612 608 60 542 401 271 319 142 610 157 197 215 112 416 232 681 239 274 304 188 170 382 462 222 593 469 216 528 559 552 164 543 179 793 241 334 221 117 516 732 256 639 596 444 433 219 164 163 461 245 255 553 803 732 503 381 256 85 149 281 519 67 153 566 216 360 257 477 463 227 336 793 715 482 473 631 61 842 773 333 674 130 368 102 390 276 575 670 123 383 160 710 804 187 243 692 274 201 163 336 564 483 225 217 369 112 301 828 616 224 371 355 763 130 224 281 164 219 424 483 226 164 825 686 868 590 674 343 794 515 140 192 61 193 214 213 267 613 403 285 775 493 676 701 690 821 410 413 518 799 668 687 292 825 539 165 178 126 701 814 220 322 585 661 386 755 810 295 282 191 666 337 194 184 253 163 528 785 188 234 737 0 216 170 182 141 176 767 114 784 195 510 104 619 385 694 66 202 411 562 531 224 791 143 313 796 698 108 754 661 96 248 711 433 545 201 320 408 286 637 149 650 188 456 131 687 34 690 553 266 452 469 613 104 646 357 511 348 805 315 160 420 710 362 120 303 571 605 404 145 278 536 126 217 351 229 419 137 421 534 667 413 278 647 171 168 495 153 123 811 123 684 148 309 589 737 348 632 386 566 412 394 668 339 230 702 157 607 473 470 314 189 328 197 416 112 652 280 198 476 197 224 546 672 324 166 283 326 167 346 215 225 777 64 238 804 189 268 310 691 213 639 488 447 222 245 364 744 426 832 456 395 260 726 382 115 794 373 227 405 28 599 780 255 62 812 60 255 440 96 479 333 547 430 822 190 563 233 472 711 591 148 336 349 315 802 644 181 350 726 79 117 623 177 557 279 386 87 549 753 124 261 333 277 503 461 704 627 729 319 272 402 391 745 184 255 513 231 833 633 450 824 780 836 93 228 843 225 160 661 233 621 303 412 217 556 259 87 266 602 551 817 399 148 594 177 700 465 195 799 149 258 68 93 110 132 297 140 203 327 51 686 92 198 273 145 326 179 797 412
673 320 103 575 97 159 458 267 117 85 153 176 543 574 159 333 445 677 21 402 56 232 242 428 142 233 315 267 680 514 133 563 274 84 172 539 383 568 215 198 164 184 133 80 219 305 294 87 302 455 472 504 205 457 252 67 190 145 468 148 49 69 250 242 166 545 173 94 247 87 236 271 322 159 514 287 98 411 380 391 59 420 230 669 157 238 121 108 364 595 54 491 440 330 325 116 170 66 323 233 97 449 677 611 382 166 112 149 77 77 378 169 126 457 127 280 43 324 345 21 203 679 570 362 367 474 157 722 637 225 510 100 199 198 230 122 471 512 94 174 59 602 656 249 266 581 126 212 104 223 441 317 253 235 257 144 106 723 519 208 167 185 674 107 69 68 246 60 292 331 136 59 708 525 720 494 568 181 673 424 258 38 233 210 159 133 173 505 232 165 645 372 574 571 532 683 196 318 357 675 586 560 133 718 398 311 82 302 563 671 64 246 492 506 178 659 681 209 213 145 525 294 23 80 50 252 414 644 149 251 618 216 0 53 78 144 114 665 112 677 107 340 134 491 230 551 192 130 343 416 434 34 654 131 119 716 564 161 614 521 191 121 600 286 425 130 125 247 93 494 168 525 154 325 86 556 188 564 442 100 366 327 519 190 503 212 350 268 639 231 64 304 588 283 107 178 431 480 252 156 105 372 217 59 189 148 333 127 333 395 533 291 273 515 85 129 416 171 208 675 207 580 171 153 446 622 137 547 175 486 297 274 544 239 76 569 261 505 327 394 198 238 172 32 272 106 499 179 188 391 65 251 415 568 262 142 89 187 57 209 208 19 654 245 140 658 39 66 214 552 45 509 384 310 99 52 166 601 328 679 264 216 259 628 214 163 642 301 11 263 231 492 677 232 190 686 175 70 314 190 373 288 414 272 714 58 408 129 331 605 474 78 239 205 366 697 490 120 136 587 233 101 499 40 463 172 281 227 406 674 106 186 227 207 360 443 539 498 617 157 91 216 314 621 213 198 422 76 660 498 350 700 639 700 151 119 720 239 165 507 169 497 174 288 130 447 190 247 241 476 441 702 244 87 412 39 559 333 46 693 73 214 191 209 147 125 248 175 102 113 177 574 128 22 255 93 132 226 656 301
675 311 140 577 87 160 475 251 67 78 185 133 562 567 136 354 446 674 70 404 105 210 253 424 159 216 298 300 692 516 97 566 268 45 140 546 376 568 195 219 162 184 85 50 260 333 247 140 268 453 479 499 170 446 258 101 186 134 476 99 70 57 222 260 136 552 143 110 221 52 224 264 326 174 502 310 76 409 402 406 48 420 221 673 131 223 143 78 374 602 106 501 453 326 318 91 164 13 327 195 99 444 681 613 381 211 149 116 59 111 384 118 119 453 146 309 96 334 342 58 200 679 580 360 360 488 114 724 644 214 527 47 213 173 241 163 466 526 54 213 39 600 668 239 268 579 125 212 102 213 442 332 252 235 249 121 158 721 512 169 202 199 667 53 64 122 231 55 293 340 109 48 709 541 732 487 565 191 675 414 235 55 196 208 123 101 153 502 248 154 650 371 569 575 546 691 240 307 371 678 576 563 138 716 404 285 41 268 570 681 97 273 484 519 216 653 686 236 188 152 533 267 39 42 83 236 412 653 107 253 620 170 53 0 86 93 71 662 83 675 72 358 107 494 239 560 158 143 324 424 426 54 662 80 146 707 570 137 622 529 165 153 598 292 425 142 153 259 144 503 158 527 112 327 48 561 146 567 439 143 354 333 511 137 511 216 364 250 657 212 11 299 590 265 54 171 438 482 260 145 117 388 196 53 199 168 319 75 320 401 538 288 283 520 87 128 402 162 187 682 186 577 160 159 454 622 190 538 215 474 292 270 546 226 71 574 241 500 334 379 189 230 179 55 277 58 511 162 145 378 40 250 418 564 238 139 140 228 3 209 212 69 657 193 117 669 19 119 198 560 45 513 377 313 80 76 196 610 318 693 292 236 266 623 229 142 655 282 62 267 182 488 674 243 154 690 123 88 313 136 367 308 418 283 713 73 420 107 336 602 473 59 225 208 323 695 503 78 180 595 200 64 501 27 454 157 271 196 413 664 53 160 215 229 367 414 557 502 616 166 107 240 297 624 208 168 412 72 681 503 341 703 647 708 98 97 723 241 158 520 185 499 168 286 101 443 210 214 254 478 437 702 253 34 436 30 568 335 66 691 50 182 138 155 123 109 267 162 72 157 137 573 79 45 267 39 184 218 665 294
749 392 71 651 31 234 536 193 109 24 228 217 619 647 94 409 521 752 95 478 122 162 320 502 73 300 382 340 757 590 91 640 197 71 227 616 456 644 280 275 86 107 167 135 285 380 323 117 242 530 549 578 151 528 329 144 264 72 546 178 30 135 185 319 222 623 230 171 307 138 160 344 398 88 585 363 160 487 457 469 40 496 153 746 217 306 58 65 441 673 86 569 517 404 398 176 93 96 400 279 171 523 754 688 457 229 78 99 40 154 455 157 51 532 60 225 97 401 420 98 277 755 648 437 440 551 122 799 715 295 587 112 276 133 307 96 545 589 75 244 50 677 734 172 190 656 199 135 29 294 517 394 175 157 330 82 122 798 592 253 240 262 748 121 139 115 171 128 368 408 195 40 784 602 798 568 643 258 750 496 187 40 179 133 209 188 238 580 310 235 722 447 648 648 609 760 258 389 434 752 658 637 209 794 475 242 128 240 640 749 40 187 565 584 248 733 758 151 274 69 602 353 62 128 127 178 489 722 192 174 695 182 78 86 0 168 157 740 67 752 158 418 80 568 307 629 137 57 409 493 507 109 732 156 196 789 641 96 691 599 128 75 675 363 501 56 201 324 108 572 93 601 196 401 69 633 148 641 517 84 436 404 592 196 580 288 427 334 716 296 89 377 664 350 111 250 508 556 329 81 182 449 146 127 266 81 402 149 403 472 610 365 199 592 11 52 486 95 137 752 137 655 96 229 524 698 175 619 243 556 370 348 620 308 146 646 188 579 404 462 269 161 248 46 349 98 577 245 229 461 122 173 491 642 324 65 105 155 87 284 131 71 731 228 202 736 90 95 282 630 113 586 457 386 162 129 241 679 400 757 339 293 184 702 292 96 720 367 86 339 203 567 752 159 137 763 160 147 389 192 447 222 491 349 790 20 485 191 407 680 549 41 308 281 403 772 568 164 201 664 175 74 575 61 535 239 352 166 483 746 114 246 297 143 437 500 616 575 692 234 168 292 381 697 135 254 494 147 736 575 422 777 716 778 151 182 796 162 88 585 99 573 247 362 187 521 124 187 169 552 516 778 321 110 487 59 637 409 32 768 47 268 182 208 84 58 181 101 158 181 133 650 115 58 182 115 146 150 734 374
654 282 231 556 155 170 482 282 72 150 237 59 574 531 173 374 427 644 156 389 187 236 263 399 238 181 254 343 689 497 123 546 313 99 92 536 346 544 160 248 223 245 21 78 320 365 156 230 262 430 471 470 174 407 261 168 179 188 468 16 160 101 234 281 91 539 98 155 168 68 264 241 320 249 460 336 87 387 423 413 129 402 266 653 100 193 225 125 375 591 198 497 456 303 293 84 220 80 320 121 130 414 663 592 362 281 239 140 130 176 377 75 181 427 227 392 185 337 322 141 195 654 573 341 333 490 114 703 632 191 534 57 234 198 252 254 436 529 99 271 119 572 662 281 324 553 141 269 173 194 423 345 306 291 228 162 250 691 479 95 255 222 629 48 109 210 265 109 282 342 86 129 686 546 727 453 536 208 654 378 256 147 192 263 73 73 125 474 268 145 634 352 539 560 549 680 307 274 379 659 535 546 160 687 397 296 66 264 559 673 188 354 449 520 274 620 670 319 143 222 524 207 132 70 155 268 388 644 46 310 597 141 144 93 168 0 43 630 127 646 63 373 144 478 247 553 167 219 277 420 393 130 650 13 196 665 557 173 613 519 188 241 572 292 404 219 203 270 236 496 209 509 47 315 102 546 136 549 413 235 315 328 477 57 505 218 372 209 664 175 85 279 570 224 60 163 429 464 265 198 155 397 225 108 216 247 281 19 283 393 525 271 347 506 164 195 360 214 218 670 217 547 210 175 448 597 276 498 277 432 271 253 528 198 112 561 269 469 332 335 173 276 193 147 276 78 510 138 67 340 88 304 404 534 188 203 232 318 90 206 275 161 637 132 98 663 105 210 169 549 113 498 348 305 93 143 244 603 287 691 328 263 329 590 248 180 653 237 151 265 138 460 643 311 162 672 82 144 298 61 339 383 406 292 684 160 423 95 331 573 450 129 195 210 235 665 502 44 250 585 204 106 483 118 420 138 245 206 408 622 56 120 191 309 362 347 564 486 590 187 154 273 254 604 259 116 376 113 694 491 311 684 638 695 50 92 703 299 214 519 262 480 163 271 78 417 289 216 323 461 411 678 260 60 458 120 559 323 156 661 122 123 80 79 163 162 343 208 72 228 139 547 76 138 334 55 276 264 655 271
628 257 210 530 151 131 446 299 86 144 194 62 537 511 185 335 399 622 122 360 150 254 225 374 229 157 236 301 657 469 137 519 324 97 73 506 323 519 136 207 225 247 23 38 277 324 180 198 292 404 440 447 199 388 225 127 144 192 437 38 142 60 258 241 70 510 77 112 155 29 276 213 287 243 443 295 44 361 384 377 117 374 276 627 71 168 214 129 341 561 168 465 421 276 267 43 224 60 288 123 87 391 636 566 334 239 220 156 124 134 345 110 181 402 216 381 153 302 295 107 160 630 542 313 308 456 137 677 603 162 498 59 193 215 214 233 413 494 101 229 107 548 631 293 330 529 99 273 168 164 395 307 312 296 199 172 220 669 458 97 212 181 610 54 68 176 280 69 251 307 52 117 661 511 695 432 513 168 628 358 277 127 220 268 54 40 97 450 228 110 606 324 517 532 515 650 265 251 342 632 517 518 119 665 365 321 32 294 529 642 168 344 428 486 231 599 642 307 124 218 493 199 108 35 115 284 362 614 36 315 572 176 114 71 157 43 0 609 133 624 20 335 154 449 209 522 189 212 261 388 371 93 620 35 153 648 527 185 582 489 206 224 548 257 377 211 160 232 207 464 215 481 41 284 100 517 164 522 388 212 296 295 456 100 473 182 335 189 629 152 68 251 543 205 69 128 398 437 228 203 111 360 241 69 176 238 261 39 262 361 496 242 348 477 155 193 343 220 233 641 233 524 217 134 416 573 240 480 234 415 243 223 500 172 70 532 287 446 298 318 141 286 153 125 241 86 477 108 75 320 51 311 375 511 173 203 203 298 70 170 276 133 611 174 63 632 77 180 143 519 76 469 325 273 50 103 201 572 264 658 286 222 331 569 208 192 620 220 119 230 176 436 621 310 185 645 117 102 268 103 315 378 376 254 662 144 388 57 298 550 424 123 170 173 253 643 469 7 209 555 230 111 455 98 399 106 219 230 375 605 63 97 163 300 329 344 528 458 566 145 111 231 236 578 266 101 356 70 657 462 287 657 608 666 84 52 677 303 218 486 255 453 127 240 42 392 281 243 321 433 386 653 223 50 419 101 528 292 137 639 114 113 120 122 173 166 337 216 29 187 163 523 95 114 333 47 245 274 625 244
79 351 758 107 748 507 289 908 694 738 549 574 292 101 793 392 224 17 653 267 642 863 431 238 807 451 377 490 210 161 745 121 929 701 539 174 286 103 472 487 823 845 615 613 562 441 568 693 890 211 222 162 804 226 417 608 477 795 225 614 713 607 864 446 541 161 533 572 463 614 883 398 348 824 179 430 586 254 370 320 707 248 882 88 538 441 786 735 324 143 692 225 279 336 343 573 825 657 346 523 569 218 100 85 283 600 767 764 721 600 298 703 780 208 793 931 669 358 320 645 463 53 180 304 301 261 743 101 133 448 272 668 476 824 443 767 196 247 707 561 700 64 188 899 929 87 541 873 762 448 226 381 913 896 412 779 716 62 151 543 549 488 49 662 602 671 888 612 373 350 558 707 78 256 213 177 98 488 77 252 885 700 822 869 559 569 512 160 450 507 111 294 92 132 240 153 589 358 343 91 111 130 533 59 281 926 625 893 159 171 728 903 182 240 559 21 116 867 487 809 189 433 679 622 620 893 251 157 585 913 74 767 665 662 740 630 609 0 740 25 596 371 762 185 440 180 796 795 357 273 238 632 138 633 560 91 148 793 154 187 814 781 72 385 241 795 559 429 714 211 819 153 583 341 705 143 766 126 223 746 315 344 154 664 208 454 349 421 271 456 664 363 101 406 677 491 253 193 418 806 560 338 850 614 481 813 349 641 347 282 165 375 939 174 744 788 273 823 842 144 841 85 822 512 244 62 679 139 570 204 370 392 138 437 594 142 895 162 348 298 473 892 494 695 396 695 234 502 569 291 622 911 257 98 443 800 712 822 662 456 871 679 82 732 548 183 652 695 466 166 627 175 284 358 582 614 536 168 345 221 467 471 924 42 462 799 206 394 660 404 755 174 13 897 792 103 709 596 352 671 295 949 259 406 57 721 296 557 341 61 193 721 439 460 520 36 241 602 602 156 834 717 175 682 210 506 390 836 278 80 672 512 447 869 317 351 268 181 60 510 575 484 376 91 869 514 254 594 320 192 321 101 157 150 680 565 108 902 820 233 834 177 494 378 567 219 853 846 907 198 225 68 427 656 371 684 172 333 710 33 712 509 700 679 780 770 911 822 593 607 768 94 702 682 921 655 726 879 155 367
756 388 138 657 39 243 558 169 56 43 263 184 645 643 54 436 526 753 133 485 168 127 336 503 120 290 370 378 775 596 24 646 191 39 206 628 453 648 269 301 96 118 134 128 331 413 276 179 190 533 562 578 93 521 341 176 266 60 558 141 84 139 140 342 203 634 211 192 287 126 144 342 408 128 576 392 155 489 485 489 54 501 143 754 203 299 114 5 457 684 144 584 536 405 396 167 93 84 409 247 182 522 762 694 461 278 144 37 37 187 466 95 55 532 112 272 148 417 422 128 282 759 663 440 439 571 55 805 726 292 609 75 296 90 324 163 544 609 32 287 54 679 750 160 197 658 207 142 55 292 522 415 180 165 328 39 187 799 589 221 278 282 743 82 147 171 149 138 374 423 182 54 789 624 815 564 643 274 756 490 152 81 121 136 187 171 227 580 331 234 732 451 647 657 629 773 308 383 454 759 650 645 221 795 487 202 114 190 652 764 105 234 560 602 290 731 768 201 257 98 615 330 90 118 158 154 491 736 163 183 700 114 112 83 67 127 133 740 0 754 143 441 24 575 321 643 79 101 395 507 503 131 744 118 226 781 651 55 705 611 82 138 678 375 505 100 232 342 172 585 82 608 167 408 36 642 82 648 518 152 428 415 588 139 594 298 447 322 740 285 77 378 670 338 68 251 520 563 343 71 200 471 113 136 282 129 394 110 395 483 620 368 220 601 57 70 476 87 104 764 104 655 84 241 537 701 236 613 287 548 371 350 627 302 154 656 159 577 417 451 268 153 262 87 360 50 594 238 194 453 122 178 499 642 306 76 169 218 81 290 147 117 738 161 192 752 98 156 274 642 126 594 455 395 160 154 275 693 395 775 372 318 201 700 311 60 738 353 123 349 136 567 752 185 77 771 96 168 394 134 445 258 500 366 792 76 503 183 418 681 553 36 301 290 358 773 585 141 248 677 121 23 582 75 531 234 349 116 496 738 73 231 292 187 449 473 639 583 695 249 189 321 369 704 134 233 488 155 764 585 418 784 730 790 95 175 804 172 87 603 140 579 249 366 173 522 168 134 196 559 516 782 336 84 518 74 650 416 82 769 40 244 119 148 41 35 218 83 147 226 67 652 57 91 207 86 212 140 747 373
57 366 768 109 762 519 287 922 709 751 557 590 282 121 807 395 233 10 664 277 652 878 440 251 818 467 394 494 189 167 760 122 943 715 555 171 301 110 488 496 836 858 631 626 566 444 588 702 907 222 224 177 820 244 428 618 490 809 228 630 725 620 880 454 557 159 549 583 480 628 898 412 358 836 200 435 600 266 371 322 720 258 896 67 553 456 798 749 329 133 702 223 280 349 357 587 839 671 356 541 582 232 78 79 295 606 777 779 734 611 305 720 793 222 804 940 679 365 333 656 476 30 171 316 315 259 759 76 117 462 266 683 485 839 452 777 211 241 722 567 713 75 169 913 941 96 553 886 775 462 236 386 926 909 426 793 725 46 168 561 557 498 71 677 615 681 903 625 385 357 573 720 53 249 190 194 111 498 55 269 900 712 838 882 575 584 527 173 458 521 94 306 108 129 233 131 594 373 348 69 135 130 544 41 288 942 639 910 153 150 739 913 199 235 565 45 94 876 503 821 187 451 691 636 631 907 263 139 601 926 69 784 677 675 752 646 624 25 754 0 611 375 776 191 450 174 812 807 374 278 254 644 119 649 570 107 144 808 140 185 830 791 78 395 252 807 568 438 723 211 833 158 599 352 719 142 782 126 236 756 332 353 171 681 207 465 353 437 254 472 678 376 100 422 692 504 258 200 428 820 572 342 865 626 491 824 365 657 364 289 164 387 950 176 757 801 291 837 856 123 856 100 835 524 248 60 686 160 577 223 383 405 141 452 607 138 910 177 356 316 487 905 505 707 406 709 231 516 586 308 635 924 265 112 460 813 722 831 675 469 884 690 64 750 562 163 665 705 481 162 639 178 299 368 595 626 544 156 360 201 472 479 936 64 471 813 189 411 671 415 772 187 18 909 807 79 726 608 364 689 309 960 267 414 38 733 299 571 350 73 204 734 454 472 542 21 239 617 610 147 851 732 182 695 227 520 405 852 284 102 687 528 461 880 324 374 259 186 62 521 586 491 393 81 882 530 271 606 302 195 336 76 140 127 696 579 83 914 833 229 846 183 507 390 582 232 864 862 918 205 238 43 437 670 369 697 166 344 722 17 725 526 717 697 795 783 922 836 607 615 784 103 717 694 932 669 734 893 136 381
614 245 207 516 157 112 429 311 101 149 174 70 519 500 196 316 385 610 112 345 136 267 206 361 231 146 227 281 640 455 149 505 334 105 68 490 310 506 126 187 232 254 42 27 258 304 190 188 309 391 424 434 214 377 208 111 128 201 421 55 140 45 273 222 63 495 71 93 149 21 287 199 271 246 433 276 24 347 365 359 120 359 286 612 60 156 214 139 324 546 160 448 404 262 254 25 232 63 271 126 68 379 621 552 320 221 216 169 129 117 329 129 188 389 218 380 142 284 280 96 144 616 526 299 295 438 153 663 587 149 480 73 174 229 195 228 401 477 111 210 110 536 614 303 337 516 80 281 173 150 381 289 320 304 185 182 210 656 446 101 193 161 599 68 51 164 292 55 235 290 39 120 647 493 679 420 500 149 614 347 290 125 237 276 52 29 84 438 208 93 591 310 504 517 497 635 246 239 324 618 507 504 99 652 349 336 31 311 514 626 165 344 417 469 212 587 627 307 116 223 477 194 105 30 101 296 349 598 43 322 558 195 107 72 158 63 20 596 143 611 0 316 165 435 191 505 204 215 253 371 359 82 605 55 133 638 512 197 567 473 219 223 535 240 363 214 141 213 198 448 224 467 49 268 109 502 181 507 375 207 285 278 445 120 457 164 317 180 611 142 71 236 529 195 83 111 382 422 210 212 92 342 254 55 157 240 250 58 251 345 481 227 354 462 159 199 333 229 246 626 245 512 227 115 400 559 226 469 215 405 229 208 486 159 52 517 300 434 281 309 126 296 134 123 224 99 460 95 83 310 42 319 359 499 166 209 194 294 71 153 283 126 596 194 49 615 73 171 130 504 65 454 312 257 31 88 181 556 252 641 266 202 337 557 188 203 604 212 110 213 196 424 609 315 200 630 136 85 253 123 302 381 360 236 649 144 370 40 281 538 410 129 158 155 260 630 452 19 191 539 246 121 441 98 388 91 206 245 359 595 77 89 149 301 313 342 511 443 553 126 92 211 227 563 275 96 345 53 639 446 275 643 592 651 103 34 662 311 226 469 258 438 110 225 30 379 282 259 326 419 373 640 205 60 400 101 512 277 136 626 120 110 140 142 184 175 340 226 10 170 179 510 110 110 338 58 235 283 609 230
355 171 415 266 435 204 118 606 413 424 195 336 204 306 493 23 160 378 322 124 301 568 110 173 473 223 221 119 341 211 455 253 614 403 292 213 173 268 236 142 504 523 352 319 191 72 408 342 623 180 151 234 525 239 114 274 195 485 147 360 388 303 580 99 290 222 285 250 262 324 576 168 88 491 284 61 296 155 53 55 395 145 570 349 276 208 451 436 55 268 350 160 103 145 157 291 510 359 91 323 260 199 354 299 134 234 423 474 412 264 88 445 466 195 459 576 329 53 134 320 179 368 237 130 163 136 466 402 309 198 169 384 145 531 121 418 212 173 412 197 390 308 319 589 604 284 238 551 444 192 159 28 591 573 173 478 362 419 257 326 190 159 397 382 295 324 585 303 118 55 287 395 393 185 382 243 280 168 356 211 593 378 550 550 306 300 253 229 110 228 320 130 291 251 193 350 219 183 29 354 331 246 221 413 96 643 335 624 236 336 394 553 245 168 194 372 355 519 259 483 197 275 359 330 291 591 161 311 330 588 308 510 340 358 418 373 335 371 441 375 316 0 464 187 126 220 514 466 233 98 204 312 324 369 221 445 240 494 282 196 523 438 300 90 156 466 217 103 363 168 508 218 332 109 406 237 495 250 182 399 203 82 260 425 175 155 26 221 300 229 365 145 276 219 395 211 119 180 110 496 241 34 553 305 160 477 200 374 197 98 213 139 604 199 425 469 231 511 544 344 543 294 511 202 127 315 316 298 205 263 150 149 234 202 287 246 598 238 70 228 205 578 182 372 106 408 163 240 340 209 321 589 126 284 251 482 362 465 360 169 545 348 336 503 274 321 343 349 222 226 315 197 172 99 289 290 182 267 177 340 97 124 593 344 130 498 303 227 332 116 510 221 381 563 511 363 452 274 122 431 166 602 122 82 409 397 77 279 81 313 190 412 206 164 420 396 154 330 242 257 557 422 197 369 225 238 173 554 96 408 390 267 200 526 76 347 199 190 314 193 252 127 217 304 553 282 211 286 324 180 172 378 305 369 418 282 398 577 505 170 499 196 210 134 295 187 512 570 570 175 183 389 113 368 89 370 229 106 386 392 404 290 453 447 481 462 567 514 308 253 491 277 424 361 585 369 367 567 323 155
779 410 148 680 49 266 581 147 72 58 286 202 669 665 31 460 549 775 155 508 189 104 359 526 119 311 390 401 799 619 22 669 170 62 226 652 475 670 290 324 84 104 152 151 353 437 287 196 168 555 585 600 72 542 364 199 289 47 581 158 101 163 117 366 223 657 231 215 307 149 123 364 432 123 597 415 177 512 508 512 75 523 123 776 224 321 117 28 480 708 162 607 559 427 419 189 78 107 432 264 205 544 785 716 484 299 152 19 57 210 490 99 50 554 113 267 168 440 445 151 305 781 686 463 461 594 50 828 749 314 633 95 320 66 347 172 566 632 55 309 76 701 774 139 180 681 230 126 59 314 545 439 162 148 350 18 202 821 611 238 301 306 764 102 170 190 127 161 397 447 204 75 812 647 838 585 665 297 778 511 128 101 101 120 206 193 249 603 354 256 755 474 669 680 653 796 329 404 478 782 671 667 245 817 510 179 137 167 675 787 120 228 582 626 312 752 790 197 278 92 638 349 112 140 181 131 513 759 183 166 722 104 134 107 80 144 154 762 24 776 165 464 0 598 345 666 59 100 415 530 524 154 767 135 249 802 674 32 728 634 58 144 700 398 527 99 255 365 187 609 66 631 185 431 59 665 70 671 540 163 449 438 610 147 617 321 470 343 764 306 100 401 693 359 86 274 543 586 366 56 223 494 90 160 306 128 415 127 416 506 643 391 205 624 69 66 497 71 81 788 81 677 67 265 560 724 253 634 309 569 393 373 650 324 178 679 136 599 440 472 290 133 285 107 383 68 618 260 211 474 145 160 522 664 326 68 184 222 105 313 134 137 761 158 214 775 122 173 296 665 150 617 477 418 183 177 298 716 417 799 395 342 187 722 335 38 761 374 145 372 129 589 774 173 58 794 99 192 416 141 467 249 523 390 814 92 527 205 442 703 575 57 323 313 369 795 609 161 270 700 99 45 605 98 552 256 371 93 519 759 92 251 315 182 472 490 663 606 718 272 213 344 390 727 116 253 509 179 787 608 440 807 753 813 105 197 827 156 72 626 135 602 272 389 194 544 163 112 184 582 538 805 360 106 541 97 673 439 100 792 62 263 122 153 19 29 209 64 169 247 53 675 69 113 194 107 226 121 771 395
181 198 580 84 579 335 127 745 535 568 366 426 179 126 629 208 51 193 477 90 464 701 251 86 632 298 240 306 222 24 584 72 761 536 386 67 139 82 318 305 653 674 460 447 377 258 450 512 740 55 45 70 648 131 240 431 309 628 48 462 540 438 707 263 386 65 380 397 321 450 718 237 170 649 139 245 421 92 192 137 538 76 715 179 379 284 611 571 139 115 513 68 104 174 186 410 656 491 168 386 398 86 187 120 116 415 588 603 553 422 115 552 611 70 617 750 491 174 155 470 294 188 108 136 149 102 586 231 154 287 139 507 296 663 263 587 76 114 543 377 531 121 193 733 757 98 370 702 591 285 55 196 743 725 250 615 535 236 92 401 366 309 211 503 432 491 724 442 201 167 398 538 217 134 255 95 95 311 182 131 725 528 669 699 405 410 353 59 268 342 157 126 106 82 123 203 404 208 158 184 157 69 359 231 97 770 461 742 85 199 552 723 101 101 374 185 193 687 337 636 62 304 507 458 444 729 93 169 431 742 128 619 491 494 568 478 449 185 575 191 435 187 598 0 262 87 639 621 229 89 112 459 172 478 381 260 80 630 138 55 654 603 114 206 75 621 379 248 533 53 652 34 431 168 540 68 612 73 75 567 181 164 98 519 58 280 164 274 227 304 498 199 96 262 517 324 68 14 240 639 386 155 688 444 303 637 208 485 205 99 50 208 764 31 573 618 162 656 679 193 679 108 654 339 62 132 495 132 386 135 207 226 52 280 424 84 734 75 167 181 309 724 320 522 219 534 88 341 424 164 454 741 77 99 302 630 532 640 495 286 699 503 163 593 386 192 483 515 309 78 456 21 136 182 416 440 353 132 195 227 282 289 750 157 282 635 190 255 485 229 611 62 195 723 635 196 559 422 182 526 144 771 77 224 226 548 113 394 161 126 38 553 282 287 426 212 89 443 419 111 679 554 11 512 105 344 232 679 93 225 512 358 287 691 134 287 155 9 129 335 400 300 237 129 700 365 133 423 272 28 172 209 164 218 527 402 229 730 651 95 659 11 326 209 407 75 676 692 731 16 78 211 248 493 201 514 90 159 537 207 544 364 553 538 616 603 733 656 430 425 612 91 544 510 746 493 543 712 180 206
443 122 319 346 321 80 238 490 289 310 116 211 328 354 375 129 217 451 215 173 203 449 16 205 370 112 151 136 454 285 333 334 502 283 168 309 170 340 119 57 393 414 226 196 168 133 295 254 499 229 242 281 403 249 22 169 70 370 239 233 279 182 459 47 165 315 161 136 154 201 461 83 92 388 305 98 171 187 177 168 280 192 457 440 150 99 349 317 136 366 252 263 214 116 117 166 397 238 94 207 140 229 447 382 157 179 328 353 295 161 148 319 352 234 356 492 230 95 125 209 55 450 342 138 153 249 342 492 408 85 290 261 38 411 10 328 250 288 291 141 274 376 429 475 497 354 115 442 332 76 214 99 482 465 78 360 278 495 299 205 124 49 453 258 175 232 469 184 70 102 161 279 479 303 493 277 342 49 443 215 473 267 426 439 181 174 128 281 35 102 415 147 350 341 308 453 182 127 134 445 370 330 100 490 168 522 212 500 333 443 290 463 276 281 140 435 451 427 141 375 295 182 246 207 182 474 191 416 204 481 389 385 230 239 307 247 209 440 321 450 191 126 345 262 0 322 392 360 174 186 219 199 425 243 121 498 334 376 385 292 403 341 372 56 199 360 120 24 275 265 394 295 206 100 286 326 371 334 219 306 171 97 300 299 274 29 127 126 421 118 245 93 358 132 271 86 201 251 22 381 125 152 434 186 41 376 148 248 146 165 303 79 502 285 313 358 218 397 425 445 425 355 397 80 217 393 248 332 152 278 91 71 314 94 167 339 480 283 97 202 82 466 60 261 44 285 273 115 216 191 200 480 185 343 149 370 273 384 240 45 438 241 424 377 148 430 225 255 105 323 197 279 170 82 165 178 106 372 131 454 108 51 489 404 29 380 417 147 223 37 384 269 451 461 388 456 326 161 92 305 160 510 185 45 487 287 182 153 101 379 247 295 98 38 321 470 264 205 172 357 434 301 270 253 248 113 94 432 176 457 266 144 87 430 130 297 320 269 389 74 139 71 147 391 441 161 213 166 448 268 144 470 410 471 292 157 490 469 392 281 397 268 84 74 169 224 414 447 469 246 218 472 15 245 213 255 330 107 276 466 287 172 327 321 362 346 472 399 183 171 368 347 300 249 484 246 291 453 427 97
140 279 633 81 643 400 116 811 606 632 414 503 117 171 696 237 134 181 535 164 517 770 309 172 689 375 324 334 138 83 653 71 825 604 462 21 224 98 395 357 715 735 534 515 408 283 535 561 814 142 82 145 720 216 302 487 378 692 85 537 600 504 778 312 462 29 455 458 402 519 783 313 235 707 213 281 490 176 204 166 602 156 779 133 453 361 667 638 188 48 567 61 117 253 265 480 720 559 234 468 462 173 135 96 194 454 641 673 617 478 177 627 674 157 675 797 545 228 233 530 362 158 21 214 232 89 658 184 88 362 92 578 353 732 322 638 161 67 611 418 596 132 110 798 818 115 436 763 654 358 139 239 804 786 325 682 582 212 161 481 410 367 221 574 497 542 791 506 271 221 470 602 178 77 174 173 128 371 141 218 794 589 742 761 480 483 427 133 321 412 101 203 141 49 61 131 437 290 198 137 204 60 422 206 156 841 530 815 22 121 609 773 180 62 415 190 135 738 415 696 28 388 568 526 502 796 177 93 507 802 107 694 551 560 629 553 522 180 643 174 505 220 666 87 322 0 710 680 315 136 199 521 104 552 436 270 33 697 62 34 723 656 118 268 158 680 432 305 583 57 716 73 507 238 607 44 685 62 162 618 267 228 167 597 49 345 204 354 141 382 566 275 81 343 588 394 123 100 301 703 447 186 756 508 363 694 292 559 289 160 41 282 821 57 635 680 249 720 747 124 746 137 719 402 106 118 537 193 425 216 283 300 68 356 489 38 801 150 226 268 380 788 382 583 283 604 60 415 503 251 521 802 149 135 384 692 582 686 561 353 759 561 122 672 458 110 547 567 384 16 520 67 221 249 484 500 401 50 277 141 316 339 808 171 337 702 104 338 544 294 688 142 186 779 706 144 634 482 254 604 227 822 147 280 201 609 145 465 224 138 125 618 359 353 513 194 69 516 463 36 751 622 89 576 190 416 310 750 147 245 583 434 362 744 194 372 91 78 122 396 460 346 321 94 763 443 220 488 189 64 255 159 87 149 602 472 179 791 714 56 715 91 395 282 479 162 730 764 787 101 165 176 308 563 196 577 9 230 597 190 609 443 630 617 684 668 786 721 500 472 684 110 616 571 802 563 587 776 105 284
818 446 202 719 106 312 630 118 104 116 341 225 718 698 49 511 589 810 212 549 247 71 407 563 161 345 421 456 844 659 60 709 157 113 257 695 511 708 324 376 111 124 181 196 410 490 288 254 111 594 628 635 14 573 410 255 332 82 625 183 160 211 68 416 255 699 263 267 335 192 108 403 475 160 627 467 221 550 559 560 133 563 115 816 260 357 165 84 527 750 221 652 606 466 456 229 99 155 476 284 254 580 825 755 524 357 205 43 115 265 533 100 97 591 160 295 226 487 484 207 348 819 730 503 497 641 53 867 792 352 682 132 369 38 395 225 601 680 104 366 133 737 819 125 179 718 277 135 113 354 585 488 161 152 389 57 259 857 645 259 357 355 796 136 220 248 104 212 439 493 241 133 850 695 883 619 701 346 817 545 90 160 42 127 237 229 286 639 404 298 796 513 704 721 700 839 387 439 526 822 702 708 293 853 554 131 180 111 718 831 177 257 615 672 369 786 831 232 309 130 682 373 169 185 236 105 551 802 211 169 761 66 192 158 137 167 189 796 79 812 204 514 59 639 392 710 0 145 444 575 559 209 809 163 303 831 716 47 771 677 30 195 737 444 566 143 310 413 245 652 84 671 213 473 110 707 38 711 577 219 482 482 643 149 661 366 518 375 813 340 149 440 732 390 122 316 586 626 412 83 274 543 64 210 354 169 447 155 449 549 685 431 213 666 126 110 527 89 60 830 59 712 83 312 604 762 312 665 367 599 432 413 690 361 227 721 103 635 485 502 330 125 333 166 428 106 664 298 232 506 193 160 564 700 355 106 242 269 155 357 150 196 800 129 252 820 175 231 332 708 202 659 513 461 227 232 353 760 452 845 449 393 194 756 385 52 807 404 203 417 94 625 809 190 5 834 96 245 457 142 503 267 565 437 850 151 573 245 486 739 614 115 359 358 371 831 655 196 328 743 43 94 645 154 586 295 408 40 563 788 127 284 352 213 517 507 712 647 755 321 265 397 421 767 119 282 542 228 838 651 476 847 797 855 119 238 866 160 96 672 170 642 315 430 232 581 196 56 201 623 575 842 406 147 593 153 717 481 159 827 119 290 115 146 55 81 232 75 210 305 29 712 95 171 207 147 282 114 814 433
802 448 68 705 65 288 584 160 154 69 272 271 665 703 95 456 575 807 145 532 165 142 371 557 20 356 439 380 806 644 119 693 153 120 283 668 512 698 337 324 48 61 220 191 319 424 373 141 232 584 601 633 157 584 381 192 319 63 597 231 82 191 172 368 278 675 286 224 363 194 125 399 451 31 641 409 216 541 502 518 95 549 115 799 273 363 23 101 492 724 119 619 567 459 453 233 61 152 453 334 226 578 806 741 512 262 67 117 90 202 508 195 50 587 16 173 137 452 475 151 332 809 698 491 496 601 150 852 766 352 634 163 327 125 359 86 600 638 121 283 105 732 784 133 138 711 254 87 47 350 571 443 126 108 385 91 135 853 648 308 282 313 803 172 194 149 140 184 422 459 252 95 838 650 847 623 698 310 803 552 165 95 182 88 265 244 294 635 359 291 774 501 703 700 658 811 290 445 484 804 714 690 263 848 527 219 184 229 692 799 72 135 620 633 287 788 810 101 330 21 653 409 117 185 178 148 544 773 247 122 748 202 130 143 57 219 212 795 101 807 215 466 100 621 360 680 145 0 465 545 562 163 783 208 245 845 693 97 742 650 124 53 729 415 555 1 249 375 124 623 70 655 251 455 117 686 168 694 572 88 493 457 647 239 631 342 477 391 763 353 144 433 718 407 160 306 560 610 382 65 235 498 128 183 318 29 459 200 459 524 662 420 144 644 57 35 542 69 120 803 120 710 73 283 575 751 195 675 280 613 426 403 674 365 202 698 160 634 456 519 325 120 302 100 402 144 627 302 282 517 179 124 544 697 380 40 123 124 143 339 79 119 784 258 258 786 146 124 338 681 169 639 513 440 219 181 286 729 456 805 383 342 129 758 342 93 769 424 136 392 228 621 807 103 146 815 196 199 443 235 502 166 544 401 844 74 535 248 460 735 603 90 364 335 454 827 618 219 238 715 172 116 629 117 591 296 408 160 535 802 164 303 353 89 489 556 663 628 746 286 221 339 438 750 94 310 550 203 780 627 478 829 767 829 194 238 849 112 59 634 43 627 302 417 244 576 70 182 112 606 570 831 374 164 531 115 688 463 85 823 99 324 219 248 92 71 125 81 214 220 151 704 156 113 126 168 153 111 785 429
390 62 444 295 410 196 291 559 345 401 282 219 378 256 446 251 181 372 336 161 339 512 180 144 480 110 27 303 451 242 396 288 585 358 189 295 91 280 129 230 485 507 264 275 342 282 222 397 534 175 241 201 450 131 160 301 161 453 240 261 386 276 511 214 192 294 184 261 109 273 537 91 145 496 183 248 249 140 281 236 372 161 538 391 193 106 462 391 195 342 383 273 257 89 76 233 485 316 142 167 248 149 402 330 129 349 454 415 382 298 173 348 441 165 467 623 360 180 104 324 155 386 336 117 87 284 391 437 380 121 333 320 207 474 183 460 169 317 363 312 363 301 422 554 590 285 221 534 426 126 176 213 573 557 100 433 422 418 206 187 293 211 352 314 273 372 540 283 122 178 215 372 418 338 483 180 266 200 389 107 533 372 467 529 209 224 171 208 206 179 377 125 267 307 334 428 355 51 216 396 258 291 221 415 186 572 284 537 315 426 407 589 175 305 312 345 411 551 137 475 288 77 350 282 307 544 138 397 233 575 333 411 343 324 409 277 261 357 395 374 253 233 415 229 174 315 444 465 0 211 124 309 398 282 270 388 308 446 367 281 464 464 305 155 157 465 272 185 415 265 477 255 231 125 361 295 412 293 155 438 48 151 203 307 274 164 213 75 449 112 324 92 309 59 329 168 208 216 165 464 249 233 501 285 198 488 33 290 36 181 279 102 607 260 410 452 84 481 493 418 493 275 479 206 226 331 406 222 323 156 89 104 272 106 267 311 545 199 163 59 148 548 197 368 148 347 292 164 214 68 286 572 174 263 89 463 412 523 324 155 536 359 374 375 207 421 319 390 128 307 299 250 94 135 247 298 274 362 56 456 273 225 590 315 202 453 419 42 340 145 398 194 369 567 439 410 354 281 112 315 90 629 178 180 412 392 230 218 152 302 194 382 105 165 202 392 287 254 335 340 480 372 231 348 148 171 80 483 198 345 323 164 119 549 170 124 359 239 322 211 264 245 30 344 528 162 104 266 490 251 67 421 392 441 326 227 438 564 479 301 508 228 173 108 223 157 531 492 577 215 152 409 172 311 314 350 319 128 382 389 373 154 343 323 434 427 589 478 252 327 415 280 351 354 591 309 440 535 407 83
262 161 499 170 507 264 80 676 471 496 282 374 168 210 561 119 69 281 400 53 383 634 173 97 554 247 211 217 269 113 518 156 689 468 331 123 125 170 265 223 579 600 401 380 288 169 420 429 680 91 57 141 585 166 166 352 243 556 53 405 464 368 643 179 331 131 325 322 279 384 647 184 100 572 199 157 354 85 110 51 466 65 643 257 320 233 532 502 53 180 433 77 46 131 145 346 584 423 100 345 326 118 263 203 83 328 508 537 481 343 44 495 538 109 540 667 411 92 112 395 227 273 156 95 124 75 524 310 222 231 123 443 217 596 186 505 125 111 476 290 460 210 244 662 682 187 300 628 518 226 71 108 668 650 196 546 451 322 164 355 280 231 299 439 361 409 655 370 138 85 336 466 299 130 308 155 183 235 262 146 658 453 608 626 349 349 295 134 186 278 230 86 194 158 130 267 315 173 70 262 237 150 287 317 25 706 395 682 147 257 474 641 159 101 287 274 266 606 287 561 109 275 433 391 367 660 90 229 375 666 212 562 416 424 493 420 388 273 507 278 371 98 530 89 186 136 575 545 211 0 133 385 239 419 301 348 149 562 198 106 587 522 202 132 76 545 298 169 451 79 580 120 375 108 472 143 552 154 100 485 167 93 169 467 87 209 75 232 247 254 430 148 180 223 453 260 22 83 165 567 311 67 620 372 227 559 182 425 178 31 119 152 686 103 499 544 174 584 611 259 611 197 583 266 31 218 409 206 299 184 156 169 137 227 353 155 666 145 90 182 247 652 246 447 148 469 90 282 374 162 385 666 44 186 263 557 449 556 426 218 623 426 243 544 324 245 411 434 254 137 384 100 122 115 349 364 269 186 162 271 194 206 673 246 202 566 233 223 408 158 557 129 283 645 571 272 502 347 125 474 123 689 39 144 313 473 29 331 90 215 96 482 230 217 412 299 83 382 333 171 617 486 99 440 146 283 184 615 14 311 448 304 231 611 58 303 151 92 216 260 325 215 208 210 627 314 147 352 283 85 144 287 223 285 469 337 307 655 578 99 580 98 261 151 346 104 596 630 653 78 102 294 172 428 128 441 144 99 461 295 473 317 499 488 548 532 653 585 365 341 550 179 481 435 667 428 458 640 241 158
266 115 531 171 513 276 208 670 457 503 335 337 282 141 556 227 74 252 423 84 417 625 215 37 575 214 141 311 331 121 508 164 693 464 302 179 51 156 235 274 588 610 378 377 371 273 345 472 653 58 137 78 566 35 198 381 243 559 137 377 481 372 627 240 303 175 296 343 227 377 647 163 139 592 86 247 350 50 236 178 473 68 645 266 300 204 555 498 151 221 466 170 175 105 109 336 590 420 135 289 337 26 278 205 72 395 540 527 485 375 117 466 545 43 561 707 442 164 95 414 231 263 220 84 67 192 506 313 257 212 238 430 257 586 225 543 45 216 470 356 465 179 302 663 694 162 308 638 527 213 70 198 678 661 177 542 496 298 87 308 341 267 241 425 368 448 651 378 149 158 321 472 295 238 362 61 143 263 265 19 647 467 584 634 321 332 275 84 239 272 254 79 146 185 230 305 392 120 177 272 152 168 302 294 117 689 389 656 195 305 497 676 58 204 354 228 287 640 250 575 174 201 445 386 391 655 45 275 347 678 209 531 434 426 507 393 371 238 503 254 359 204 524 112 219 199 559 562 124 133 0 400 275 396 338 283 188 556 246 167 577 552 181 172 58 562 338 216 492 158 583 133 346 123 468 174 529 170 39 521 79 138 85 428 165 227 178 184 339 219 428 131 185 169 440 256 118 100 200 570 331 186 613 380 257 582 112 403 110 113 161 144 706 143 510 554 50 587 604 294 604 154 585 283 132 207 467 114 366 61 137 160 149 200 361 190 658 76 148 70 238 655 267 463 177 457 190 265 333 56 386 676 89 141 207 565 490 601 426 226 637 448 250 498 311 300 418 470 229 189 393 133 50 141 346 384 324 243 108 337 282 262 690 198 246 562 301 158 429 183 519 69 250 665 554 286 472 366 127 436 61 721 94 197 292 488 161 320 137 180 74 485 202 232 315 272 188 364 391 221 597 480 111 447 29 270 154 599 124 240 434 274 211 640 129 177 260 121 199 283 346 278 140 219 633 277 21 360 383 138 85 297 270 317 442 329 314 667 584 199 603 108 260 149 330 38 623 609 675 100 36 286 209 419 259 449 202 118 477 268 476 272 464 445 543 533 682 585 356 390 531 156 464 449 688 417 510 642 285 133
641 286 136 543 123 125 430 294 121 112 132 152 516 541 182 306 412 644 30 369 57 256 212 395 175 200 282 247 650 481 149 531 304 96 143 508 349 536 182 171 194 215 115 56 206 282 272 106 320 422 441 471 222 423 220 47 157 172 437 130 81 38 271 214 137 514 143 63 215 65 264 238 290 192 480 261 68 378 354 362 83 387 259 638 125 204 155 126 333 564 80 461 410 297 291 86 199 62 291 205 63 416 645 579 349 158 145 167 100 57 346 170 154 424 161 314 61 293 312 16 169 646 540 329 333 445 168 690 606 191 482 98 169 220 199 153 437 483 106 159 79 569 627 277 298 548 92 243 133 189 409 288 284 266 224 167 129 690 485 182 148 155 641 102 37 83 273 29 259 300 106 82 676 496 691 461 535 150 641 390 281 68 249 241 131 104 141 472 203 131 613 339 541 539 503 652 187 284 328 643 552 528 100 685 366 333 64 320 532 641 98 280 458 477 162 625 649 242 181 177 494 262 48 60 29 279 381 614 125 282 586 224 34 54 109 130 93 632 131 644 82 312 154 459 199 521 209 163 309 385 400 0 623 117 94 683 532 183 583 490 213 155 567 254 393 163 101 216 117 464 196 493 130 293 99 524 200 532 409 131 332 296 485 182 472 179 320 234 612 197 64 270 556 250 107 145 400 448 221 183 74 343 241 28 158 182 299 115 299 363 501 258 306 483 114 159 382 199 232 644 231 547 199 121 415 589 147 514 161 452 263 241 512 205 42 537 286 471 295 360 164 267 140 63 240 112 470 145 164 357 42 282 382 535 229 172 114 218 57 176 240 50 622 244 108 628 35 90 181 521 17 477 351 277 68 23 144 571 295 650 241 189 292 595 184 186 613 268 32 230 235 459 644 265 206 654 176 39 281 182 340 322 382 241 682 89 378 97 299 572 441 100 205 172 341 664 461 98 127 556 252 115 467 57 429 138 247 247 374 640 104 154 193 241 328 411 511 466 584 125 60 190 280 589 242 167 388 43 634 466 316 668 608 669 148 88 688 271 194 478 203 464 141 254 101 413 223 265 275 444 408 669 213 81 387 58 528 301 78 660 93 184 189 202 169 150 282 202 75 104 190 541 133 50 289 86 153 255 626 267
63 371 737 106 745 501 215 913 705 734 518 598 179 188 797 340 223 128 639 260 621 871 412 256 792 470 411 436 73 156 753 110 927 705 558 116 310 126 490 461 818 838 632 616 510 385 619 665 911 224 183 203 819 280 404 591 478 794 186 634 703 605 878 416 558 110 552 560 493 619 885 409 335 810 257 385 590 264 304 270 704 248 881 53 551 457 771 739 291 59 671 165 221 347 358 580 822 660 335 558 564 249 46 80 288 557 745 773 719 582 278 724 777 233 778 901 649 331 327 633 462 91 88 308 321 190 757 90 18 459 177 677 456 832 425 742 230 160 712 521 698 130 50 900 921 130 537 866 757 456 228 343 907 889 422 783 686 138 208 573 514 470 187 673 599 646 892 608 370 324 568 704 94 159 90 230 152 474 66 293 895 691 840 864 577 581 525 193 424 512 28 297 160 91 144 30 540 380 302 53 217 107 525 133 257 941 631 913 92 36 712 876 237 159 518 156 36 842 509 800 130 474 671 627 606 898 264 21 603 905 84 791 654 662 732 650 620 138 744 119 605 324 767 172 425 104 809 783 398 239 275 623 0 650 539 226 93 798 42 133 823 760 117 370 247 783 536 408 687 160 818 143 603 337 708 104 784 105 243 722 350 329 214 692 152 446 308 446 136 476 667 371 93 434 688 494 224 186 403 805 550 290 857 610 466 797 379 657 377 261 124 379 925 144 738 783 322 822 848 21 848 152 821 504 208 95 640 224 529 270 379 397 126 452 591 89 903 206 328 344 479 890 484 686 385 704 161 513 596 330 622 905 246 158 474 795 685 789 663 453 862 665 56 765 557 45 649 671 481 102 622 152 307 349 584 603 505 59 367 84 419 443 912 155 441 803 70 426 647 395 783 207 136 883 805 51 731 585 352 699 315 926 245 383 128 712 249 565 326 134 204 720 454 454 587 131 171 614 567 68 850 722 169 678 257 515 405 850 249 217 682 530 459 848 295 432 160 164 105 499 563 450 409 64 866 537 295 590 183 159 344 66 24 46 699 571 82 894 817 156 819 171 495 380 578 241 834 863 891 188 246 96 410 663 292 679 96 328 700 128 711 536 726 710 785 770 890 823 600 576 783 131 715 674 906 663 691 878 17 379
656 284 218 557 144 165 480 277 64 139 228 66 571 535 166 369 428 648 143 390 174 230 259 401 226 183 258 335 688 498 115 548 305 88 94 536 349 546 162 242 213 235 18 67 310 359 168 217 261 432 471 473 171 411 259 157 177 178 468 23 148 90 231 276 93 540 100 145 173 57 257 242 319 238 465 330 78 389 418 410 117 403 258 655 99 195 213 115 373 591 185 496 454 304 294 78 210 67 319 129 122 417 664 594 363 270 226 134 118 165 376 76 171 429 215 380 172 335 323 128 193 657 573 342 335 488 110 705 632 191 531 45 228 192 248 241 439 527 89 262 107 574 662 274 315 555 135 260 162 194 424 341 297 282 228 154 237 694 482 103 246 216 633 36 98 197 259 97 282 340 83 117 688 544 726 456 539 203 656 382 252 133 190 254 75 70 125 477 262 142 635 353 542 561 547 680 296 276 376 660 540 547 154 690 397 293 54 263 559 673 175 342 452 518 264 623 671 307 146 211 524 214 119 58 143 262 390 644 49 301 599 143 131 80 156 13 35 633 118 649 55 369 135 478 243 552 163 208 282 419 396 117 650 0 186 670 557 166 613 519 182 229 575 290 405 207 194 266 223 495 200 510 51 314 91 547 134 550 415 222 319 326 480 67 504 215 369 213 662 177 72 279 571 228 50 160 429 465 261 189 146 394 219 97 211 235 285 8 286 392 526 271 337 506 152 184 365 205 211 671 211 550 202 169 447 600 264 503 267 437 271 253 529 199 102 561 263 472 331 340 172 269 188 134 274 68 509 138 76 344 76 295 404 537 193 193 219 306 77 203 265 148 639 139 95 662 92 197 170 550 100 499 351 304 85 131 235 603 289 690 321 257 319 593 242 173 652 242 138 262 142 462 646 301 158 673 83 133 298 69 341 372 406 288 687 147 420 90 330 576 452 118 197 206 247 668 501 38 239 585 202 96 484 105 423 136 247 203 407 627 45 122 191 297 361 355 562 487 593 180 144 266 258 606 251 120 379 103 691 492 313 685 638 696 50 87 704 290 205 518 251 481 160 270 74 419 277 214 312 462 413 680 257 47 454 107 559 323 143 664 110 129 85 89 155 153 332 199 64 216 135 549 69 125 324 42 263 256 655 272
561 231 199 465 216 76 339 387 210 204 41 190 423 474 276 213 337 571 101 293 83 350 130 326 253 170 243 154 562 404 243 453 393 190 159 424 287 460 160 79 282 302 176 121 125 188 305 134 414 350 358 402 315 366 143 53 110 265 354 189 167 99 366 124 153 432 156 41 202 130 355 184 212 271 422 168 110 308 261 273 176 313 349 557 136 167 232 221 248 481 132 375 322 233 231 118 289 151 214 222 66 349 564 501 278 95 207 261 194 43 266 253 245 355 239 371 110 209 244 99 115 569 454 259 271 356 260 610 523 150 391 183 85 315 118 207 370 393 200 76 173 496 539 368 383 474 70 330 223 144 334 199 370 352 172 261 158 616 419 206 60 72 574 185 90 111 365 95 189 216 128 176 598 406 603 396 463 75 562 331 375 157 342 328 159 136 133 402 115 106 531 268 470 458 414 567 116 233 239 563 490 449 56 611 285 428 137 414 448 555 173 343 395 388 79 556 567 306 171 262 410 246 140 132 70 372 312 528 169 367 509 313 119 146 196 196 153 560 226 570 133 221 249 381 121 436 303 245 270 301 338 94 539 186 0 618 450 277 498 407 307 222 492 175 320 245 7 133 155 379 288 415 174 220 193 443 291 452 340 186 281 217 420 252 387 112 232 201 520 171 155 208 477 214 194 108 318 370 142 275 43 254 335 96 81 258 251 188 250 283 420 194 385 402 204 248 330 291 326 559 325 476 291 65 332 513 137 452 83 394 203 180 433 166 85 455 379 403 215 311 126 357 74 151 164 202 382 129 201 303 117 368 305 464 209 261 152 264 148 116 324 126 543 324 121 541 128 135 152 438 101 397 288 203 103 72 50 485 240 561 147 97 373 525 99 280 524 233 111 157 320 389 572 344 300 573 260 59 212 255 277 390 304 157 607 176 291 116 220 500 367 194 168 108 359 590 373 153 70 472 346 209 389 152 367 121 195 341 292 577 190 154 153 310 247 386 420 387 509 59 42 96 240 509 331 173 330 84 540 385 258 587 522 585 229 112 607 356 284 390 280 387 102 189 131 344 295 359 352 366 339 592 133 166 293 152 444 227 164 586 187 190 269 275 263 243 352 294 124 58 283 467 222 141 366 169 173 346 540 208
163 396 813 192 794 558 374 946 732 784 611 606 382 144 833 467 289 97 705 332 699 900 492 293 858 492 412 564 294 237 784 205 972 744 576 261 334 183 512 550 869 891 652 657 633 517 583 753 919 272 301 218 838 261 476 663 526 839 304 649 763 654 899 511 579 248 571 625 496 657 924 445 410 875 205 502 631 311 451 397 754 310 924 173 578 483 838 777 394 234 748 309 360 387 392 616 870 700 407 551 619 269 184 175 341 667 822 803 766 656 365 735 825 264 844 989 725 424 374 696 514 135 271 360 350 346 779 165 223 493 361 707 536 862 503 825 249 335 749 628 745 142 275 941 975 165 591 918 808 495 291 451 958 942 459 820 776 103 200 573 614 547 50 701 650 730 928 660 429 417 599 754 146 346 291 222 165 544 161 293 921 749 853 914 596 610 554 220 513 554 201 352 154 220 330 236 658 400 416 174 131 215 585 106 351 959 668 922 248 256 780 959 225 327 626 80 198 922 524 857 275 460 727 666 673 931 307 245 621 959 164 796 716 707 789 665 648 91 781 107 638 445 802 260 498 270 831 845 388 348 283 683 226 670 618 0 237 833 245 272 852 835 154 446 301 844 618 491 773 294 862 232 619 399 747 230 799 212 280 803 353 407 199 692 292 508 421 459 361 496 708 413 189 443 716 539 326 265 478 850 613 414 888 662 538 865 388 677 387 351 249 427 988 256 791 835 305 867 881 228 880 151 865 565 321 152 744 169 637 233 420 443 219 481 643 231 933 216 413 330 519 934 549 745 455 734 320 545 600 328 668 956 324 162 477 846 771 882 707 509 918 731 171 755 590 270 699 752 508 255 675 254 332 417 627 667 599 260 389 306 539 535 972 103 523 840 295 428 712 462 781 231 90 947 827 183 740 649 407 700 343 1003 327 469 109 770 373 600 404 136 258 765 482 514 524 97 327 641 666 247 868 758 249 729 254 550 436 870 350 43 710 551 492 923 383 352 358 258 147 565 628 549 412 182 913 550 295 642 409 273 367 176 246 229 713 609 175 948 864 321 885 250 542 431 608 275 906 879 957 270 280 138 487 697 455 731 262 392 759 99 756 542 729 705 821 813 964 864 636 669 803 171 739 732 971 695 789 921 243 416
115 278 648 49 654 409 143 821 613 643 431 505 149 140 705 258 131 150 548 167 532 778 321 165 702 377 320 356 143 67 661 40 836 612 465 28 219 67 397 372 726 747 539 523 430 306 530 578 818 134 92 124 726 199 312 501 385 702 96 541 612 513 785 328 465 18 459 469 401 526 793 316 243 720 189 301 497 172 229 186 612 155 790 109 458 364 681 647 202 34 582 82 140 254 265 487 730 567 242 467 472 161 115 64 195 474 657 680 627 492 186 631 685 145 688 815 560 241 234 543 370 130 42 215 229 116 664 162 75 366 124 585 366 740 334 654 146 99 620 437 606 99 114 808 830 82 445 775 665 363 135 256 816 798 329 690 599 183 137 481 428 379 188 580 507 558 800 516 277 234 476 612 153 110 175 153 98 383 116 206 802 600 747 773 484 488 432 113 335 419 81 204 110 16 94 123 459 288 215 114 174 29 433 177 166 848 538 820 13 118 623 789 160 92 434 157 117 754 417 709 44 384 580 534 515 805 173 89 510 814 75 698 564 570 641 557 527 148 651 144 512 240 674 80 334 33 716 693 308 149 188 532 93 557 450 237 0 706 59 45 731 671 85 278 155 693 447 318 599 72 726 55 510 244 616 15 691 30 153 634 261 237 144 599 66 354 222 354 163 383 574 278 48 342 595 401 133 94 312 714 459 206 764 518 375 708 288 564 285 169 31 286 835 51 646 691 237 730 755 114 755 106 729 412 118 86 556 166 445 195 286 304 42 359 499 6 810 129 237 258 386 799 393 595 293 611 87 420 504 242 530 814 153 105 382 704 598 704 571 361 771 574 96 673 464 113 557 583 388 18 530 59 216 257 492 512 417 56 275 150 337 355 822 138 351 711 115 335 557 303 690 124 154 793 712 123 638 494 259 606 224 838 152 293 173 621 164 472 234 105 115 628 362 362 503 164 95 521 481 33 757 630 78 586 174 422 312 757 158 212 589 437 366 760 204 355 124 71 89 407 472 363 317 65 774 444 209 498 212 66 252 138 84 139 606 479 158 803 725 86 729 80 403 287 485 152 745 770 802 96 156 149 319 570 225 588 27 235 609 160 619 444 633 618 692 678 802 731 507 489 690 78 622 583 816 570 606 786 99 286
810 442 156 712 67 297 612 115 102 78 313 232 698 697 2 489 581 807 181 540 213 73 390 558 114 343 422 428 830 651 50 701 140 94 257 683 507 702 322 354 67 83 183 183 377 465 311 213 146 587 616 631 60 573 396 226 321 35 613 188 122 194 90 396 254 688 262 245 338 180 91 396 463 114 628 444 209 543 537 543 102 555 93 808 256 353 118 59 511 739 181 638 590 459 450 221 57 139 464 294 236 576 817 748 516 322 159 34 84 237 521 121 51 586 112 252 190 471 476 179 336 813 717 495 492 625 69 859 781 346 663 126 350 38 378 178 597 663 86 334 105 732 805 108 152 712 262 101 69 346 577 469 134 121 382 16 216 853 643 268 327 336 796 133 201 210 95 192 429 478 235 102 844 678 869 617 697 328 810 543 98 125 86 94 238 224 281 634 385 288 786 505 701 711 684 828 352 436 508 814 703 699 276 849 541 150 169 144 707 818 135 214 613 656 338 784 822 187 309 83 670 380 138 172 208 100 545 790 213 140 754 108 161 137 96 173 185 793 55 808 197 494 32 630 376 697 47 97 446 562 556 183 798 166 277 833 706 0 759 665 32 148 732 430 559 96 283 396 202 640 42 663 216 462 90 697 75 702 572 174 481 470 641 171 649 352 501 375 794 338 132 433 725 390 118 305 574 617 397 37 253 525 59 190 337 122 446 158 448 537 675 422 181 656 85 63 528 47 50 819 49 709 42 296 591 756 271 665 334 600 425 404 682 356 209 711 104 631 471 503 322 103 316 131 414 99 649 292 240 506 176 132 554 696 357 59 199 221 136 345 112 161 792 169 246 806 152 191 327 697 180 649 509 449 214 206 325 748 448 830 424 371 162 754 365 8 792 405 171 404 136 620 806 152 49 826 119 221 448 164 499 229 554 420 846 112 557 237 473 735 607 84 354 344 394 827 640 193 294 732 79 76 636 126 584 288 403 70 550 790 123 283 346 169 504 520 693 638 749 303 242 373 421 759 88 284 541 209 817 640 472 839 784 844 132 229 858 129 52 657 124 634 303 420 226 576 151 91 163 614 570 836 390 137 570 125 705 471 122 823 91 294 142 173 14 38 191 36 201 272 59 706 97 139 171 139 238 90 802 427
92 336 695 89 705 462 172 873 667 694 476 562 144 180 758 297 189 149 598 223 580 832 372 224 751 434 378 394 86 125 715 87 887 666 522 76 277 110 454 419 777 798 594 577 468 343 589 623 874 192 143 179 781 256 364 550 439 754 146 597 662 566 839 375 522 74 515 520 459 580 845 372 296 769 240 343 551 230 262 228 664 212 841 83 513 420 730 700 250 25 629 123 179 311 323 542 782 620 296 525 524 220 81 77 252 515 703 734 680 541 238 687 737 204 737 859 608 290 291 593 424 117 45 272 287 148 719 129 29 421 137 639 415 793 384 700 203 118 673 479 658 127 56 860 880 119 498 826 716 419 193 301 866 849 385 743 644 169 189 539 472 429 201 635 559 605 853 568 332 283 531 664 128 118 117 208 140 434 94 265 856 651 802 824 540 543 488 169 383 473 49 261 150 63 103 69 498 346 260 85 212 80 485 163 218 902 592 876 54 60 671 835 215 117 476 169 76 800 474 759 90 442 631 588 565 858 231 31 566 864 85 754 614 622 691 613 582 154 705 140 567 282 728 138 385 62 771 742 367 198 246 583 42 613 498 245 59 759 0 94 784 718 112 330 213 742 495 367 645 120 778 113 566 299 669 72 746 79 212 680 319 289 196 656 111 407 267 411 122 440 627 334 79 400 649 455 185 152 363 766 510 248 818 570 425 756 347 619 344 222 88 342 883 108 697 742 295 782 809 61 808 143 781 464 168 98 598 212 487 250 342 360 98 415 551 56 863 184 288 316 441 850 444 645 345 665 119 475 561 300 583 864 208 147 440 755 644 747 623 414 821 624 77 730 519 54 609 630 444 63 582 117 275 310 545 562 463 17 333 93 377 401 871 160 400 764 62 393 606 355 747 181 155 842 767 88 694 545 315 663 282 884 207 342 158 671 208 526 286 132 173 680 418 415 561 156 128 576 525 28 812 683 136 638 231 477 368 812 209 229 644 493 421 807 256 411 123 129 107 458 523 408 376 65 826 501 267 550 172 121 310 104 26 87 662 533 122 853 776 113 778 139 457 342 540 211 793 825 850 154 215 128 370 624 250 639 55 290 659 153 671 501 689 675 745 730 848 783 561 534 745 118 677 633 864 624 649 838 43 342
159 245 605 80 612 368 103 780 573 601 387 469 131 157 665 214 100 190 505 130 489 738 279 138 659 341 290 312 172 57 621 67 794 572 429 18 190 91 361 328 684 705 501 483 386 262 501 534 780 109 49 119 687 186 271 458 346 661 53 504 570 472 745 284 428 27 422 427 368 486 752 279 203 677 188 256 457 142 186 141 571 122 748 154 420 327 638 606 158 74 539 38 95 219 231 448 689 527 202 434 431 141 159 106 160 429 613 640 586 449 145 594 643 125 645 771 517 198 199 500 330 174 56 180 198 75 626 207 116 328 96 545 323 700 291 610 130 69 580 392 565 130 144 766 788 109 404 733 623 325 105 212 774 756 292 650 555 226 137 447 384 337 222 541 465 515 759 475 238 191 437 571 198 86 208 146 117 341 160 186 762 558 709 731 447 450 394 107 292 380 125 169 130 57 72 162 414 256 171 159 191 57 391 221 124 809 498 782 42 154 580 745 153 58 390 193 161 711 381 666 7 354 538 494 473 765 143 125 473 772 116 661 521 529 599 519 489 187 611 185 473 196 634 55 292 34 677 650 281 106 167 490 133 519 407 272 45 665 94 0 691 628 118 236 124 650 403 275 555 28 685 51 473 205 575 44 653 60 129 590 233 196 144 563 22 313 177 320 172 348 534 241 86 309 556 362 91 67 270 672 417 161 724 477 333 665 258 526 255 128 23 248 792 27 604 649 217 689 715 154 715 129 688 371 75 126 511 174 401 188 249 266 55 322 458 51 770 124 195 235 348 757 351 553 251 571 49 382 469 217 489 772 115 124 350 662 554 660 530 321 729 532 141 638 425 144 516 539 351 31 489 37 187 216 452 470 373 84 243 175 292 311 779 170 308 670 138 304 514 262 654 114 194 750 673 168 601 452 221 570 193 794 114 250 216 579 119 433 193 136 94 586 325 321 480 205 55 483 437 66 719 590 59 545 160 383 276 718 116 243 550 400 328 716 162 342 105 46 127 365 430 319 287 109 733 409 188 457 217 30 221 183 119 179 568 439 202 761 683 51 686 61 363 249 446 129 702 731 758 67 132 194 277 531 184 546 40 196 567 201 578 409 597 583 652 637 758 690 467 445 651 103 583 540 773 531 562 745 137 250
834 463 186 735 98 323 639 94 120 110 344 247 727 717 34 518 604 828 212 564 245 48 417 580 139 363 441 458 856 674 70 724 129 120 276 708 529 725 342 383 85 95 200 208 409 495 316 245 114 610 641 653 37 593 422 257 345 62 638 204 154 221 59 424 274 713 282 274 356 204 79 419 488 136 647 473 233 566 566 570 132 579 86 832 277 374 146 87 538 764 213 664 617 482 473 244 72 165 489 307 263 597 841 771 539 354 188 51 114 267 546 126 81 608 139 267 222 498 500 209 361 836 743 518 514 652 75 883 806 368 691 147 378 10 405 208 619 690 112 366 134 754 831 97 150 735 288 106 101 369 600 497 131 122 405 47 247 875 663 282 358 364 815 152 228 242 78 220 453 504 257 132 866 705 895 638 719 355 833 563 71 156 58 97 256 246 302 656 413 312 810 529 723 736 711 853 384 457 535 837 722 723 303 871 567 121 193 112 732 844 167 230 634 683 369 805 846 206 328 107 695 395 169 197 239 80 568 816 231 139 777 96 191 165 128 188 206 814 82 830 219 523 58 654 403 723 30 124 464 587 577 213 823 182 307 852 731 32 784 691 0 176 754 456 582 123 313 423 234 665 58 686 233 487 117 721 68 726 594 204 501 495 662 176 674 378 528 394 822 358 158 456 748 410 137 330 600 641 423 60 282 552 37 218 364 146 466 175 468 563 699 446 183 680 117 92 547 62 31 844 31 730 57 323 617 778 303 685 366 619 448 428 705 378 236 735 81 652 497 522 345 96 343 163 440 120 675 314 255 526 202 130 578 717 375 84 231 247 163 370 120 192 816 160 268 832 180 223 349 722 208 673 531 474 239 236 356 773 470 857 454 400 164 775 393 33 819 424 202 429 124 642 827 160 34 849 123 250 472 169 521 238 579 447 867 144 584 259 498 756 630 114 376 370 399 848 667 213 325 757 48 101 660 156 605 310 425 38 576 809 143 303 369 186 529 532 721 662 772 330 271 403 440 783 89 302 561 237 846 665 493 862 810 869 142 252 882 130 70 684 145 657 328 444 248 598 170 59 171 638 592 859 417 160 599 155 730 495 154 845 120 311 143 174 45 70 203 47 224 303 55 729 113 170 177 161 269 85 827 450
783 440 23 687 100 277 555 210 184 98 243 286 633 692 146 427 558 792 130 514 139 195 351 544 45 354 437 345 779 626 161 674 196 145 290 645 501 681 336 300 100 109 237 196 279 391 397 100 285 569 579 620 207 577 363 173 310 114 576 250 83 190 225 344 285 653 292 209 367 202 175 391 433 60 634 380 218 527 471 492 112 533 164 779 277 359 30 137 469 702 89 595 541 448 443 236 113 165 435 347 217 566 786 722 497 222 17 163 115 180 488 232 98 574 38 159 112 430 461 140 321 791 674 477 485 574 192 832 744 346 605 185 306 177 339 33 588 611 150 248 122 717 757 181 173 695 246 131 85 343 555 418 165 148 377 139 88 837 636 322 250 293 792 194 191 114 190 181 407 438 256 112 819 621 820 612 683 293 783 543 217 98 233 134 275 251 295 621 336 286 753 487 690 680 630 787 249 438 459 784 705 670 250 832 507 271 193 282 670 774 58 125 610 606 252 775 788 88 334 73 631 414 118 193 161 198 530 748 260 159 730 248 121 153 75 241 224 781 138 791 223 438 144 603 341 656 195 53 464 522 552 155 760 229 222 835 671 148 718 628 176 0 713 397 540 54 224 354 80 600 123 636 265 440 144 665 214 674 558 41 487 438 636 271 608 327 452 389 731 352 158 421 699 405 185 299 539 592 363 117 221 472 181 180 300 44 454 222 454 504 641 408 167 624 83 85 537 122 173 780 173 696 126 270 554 734 148 666 244 605 415 392 655 360 197 677 211 621 436 514 319 167 287 100 385 173 601 300 298 511 182 164 526 683 383 92 80 80 155 326 118 105 764 300 260 760 150 89 336 659 166 619 502 423 219 168 257 705 448 777 350 317 157 744 321 144 741 423 124 376 273 608 792 126 196 794 234 186 429 267 492 169 525 379 828 81 511 249 441 720 588 116 360 321 475 811 592 231 201 692 224 148 611 126 581 293 400 213 513 792 188 306 347 89 469 563 634 609 730 271 206 311 435 731 141 317 542 198 746 606 469 809 743 805 226 240 829 149 112 608 64 609 294 404 249 563 74 234 133 587 557 813 354 181 498 124 664 447 87 807 122 332 256 283 141 116 131 135 220 187 197 688 189 112 147 187 102 160 760 419
87 291 690 38 685 441 220 846 634 674 479 517 234 72 731 320 155 79 586 199 574 802 362 174 741 392 322 419 188 90 684 51 866 639 481 108 226 32 413 418 759 781 556 550 490 370 522 624 834 145 150 104 745 177 350 541 413 732 154 556 648 543 805 376 482 94 475 506 408 551 821 336 280 758 144 359 523 189 299 248 644 180 819 89 477 381 720 673 253 92 624 155 208 273 282 511 762 594 278 471 504 158 102 37 218 529 699 704 657 533 228 646 716 146 726 862 601 287 256 579 399 82 123 238 240 192 684 132 103 386 208 607 408 763 374 699 137 182 646 490 636 16 161 837 864 20 476 809 698 386 158 310 849 832 350 717 647 123 101 489 479 420 105 602 538 603 827 548 307 280 497 643 114 194 206 126 40 420 86 198 825 635 764 805 500 509 452 98 380 444 89 228 44 68 178 143 517 299 272 95 101 61 467 119 211 868 563 836 97 152 661 835 132 173 488 75 115 799 429 744 121 382 614 560 553 831 187 128 527 848 33 711 600 598 675 572 548 72 678 78 535 300 700 114 372 118 737 729 305 202 181 567 117 575 492 154 85 732 112 118 754 713 0 317 174 729 490 360 646 141 756 82 526 274 643 76 708 58 160 678 260 275 105 609 138 388 277 364 233 398 602 299 37 349 617 427 181 123 350 743 494 267 789 549 413 747 293 582 290 212 95 310 873 103 680 724 223 760 781 132 780 36 759 446 173 27 609 109 500 161 307 328 67 377 530 80 835 105 279 247 410 829 428 630 329 634 166 441 514 237 559 847 188 45 388 736 644 753 599 391 806 612 74 679 486 157 588 627 406 102 562 103 224 290 519 548 466 121 286 198 396 402 858 54 394 737 173 339 594 337 700 113 81 831 733 109 653 530 286 616 234 882 189 336 115 656 224 495 272 21 126 657 379 394 483 98 173 542 532 103 776 656 104 618 157 444 329 777 207 127 611 453 386 802 247 321 208 110 18 443 509 413 321 52 806 457 200 529 283 121 261 118 126 149 622 503 134 837 756 167 768 106 430 313 506 156 786 788 840 127 162 105 359 595 301 619 111 266 644 94 648 453 644 626 719 707 844 760 531 537 710 26 643 617 855 594 657 816 132 305
387 94 374 290 376 132 190 544 340 365 165 250 282 301 429 102 162 396 271 118 258 502 46 153 425 133 138 150 401 229 386 278 558 336 207 254 125 285 147 104 448 469 273 248 201 127 318 308 549 175 187 228 454 203 34 224 113 425 184 278 334 236 511 69 205 260 200 191 172 252 516 78 37 443 257 93 223 135 143 121 334 137 512 384 193 118 404 370 83 310 308 209 164 77 83 215 452 291 39 234 194 178 391 326 105 224 383 405 350 216 92 366 407 182 411 546 285 45 78 265 97 394 288 88 110 198 393 436 352 109 242 312 91 464 58 383 198 237 344 185 328 321 375 530 552 299 168 497 387 103 159 64 538 520 83 414 332 440 247 238 170 103 400 308 229 286 523 239 33 50 207 334 423 254 440 226 288 105 388 170 527 322 477 495 223 220 168 227 68 148 359 95 296 285 257 398 221 104 88 389 320 275 155 435 112 574 263 551 278 389 346 518 225 229 183 381 395 482 170 431 240 186 302 259 238 528 139 361 248 536 334 433 286 292 363 292 257 385 375 395 240 90 398 206 56 268 444 415 155 132 172 254 370 290 175 446 278 430 330 236 456 397 317 0 145 415 174 45 329 210 449 240 249 49 340 270 421 278 166 361 138 42 248 342 219 77 82 132 372 139 298 63 303 131 322 130 146 195 34 436 181 107 488 240 97 431 124 296 121 109 247 54 558 229 368 413 179 452 479 390 479 301 451 134 162 337 298 282 195 232 66 60 259 111 221 283 534 230 42 168 120 521 115 317 17 337 220 155 253 153 253 536 130 289 161 426 327 438 294 87 493 297 369 419 195 377 280 310 133 268 252 223 125 30 217 234 154 318 102 402 120 90 544 351 77 434 364 141 279 28 430 215 396 516 440 400 373 216 49 348 115 565 129 27 431 343 130 201 45 325 192 350 116 86 331 415 212 252 221 302 485 354 214 308 199 155 85 484 121 405 317 180 111 485 74 277 272 213 333 129 194 107 134 335 496 194 169 221 402 212 107 414 355 416 340 206 434 525 447 229 453 212 130 48 216 171 470 498 525 191 166 417 42 296 180 310 275 54 331 411 341 201 372 363 416 400 527 453 234 223 419 292 350 304 540 297 343 508 373 72
251 124 517 153 511 267 151 674 463 500 310 351 228 157 558 179 24 252 412 32 402 630 191 21 567 224 166 270 295 93 512 142 692 466 312 139 66 143 244 249 585 607 387 377 335 227 377 453 666 30 85 84 575 90 177 367 239 558 85 388 474 369 635 210 313 139 306 332 246 379 648 164 109 584 128 206 350 18 182 123 470 12 646 250 306 211 546 500 101 189 451 118 118 101 111 339 588 421 106 312 330 44 259 189 44 366 527 532 484 360 68 479 542 39 552 691 428 124 83 405 225 254 180 64 74 136 514 300 229 215 184 435 236 591 203 527 57 164 473 326 462 177 266 663 690 155 302 634 524 213 19 155 675 658 178 544 477 297 104 327 313 248 255 430 364 431 654 373 133 117 325 469 285 185 329 87 143 247 251 72 653 461 595 631 331 337 281 82 212 271 230 54 150 156 179 277 358 134 127 255 179 142 293 293 62 698 390 668 159 273 487 662 89 151 324 236 266 626 263 570 131 230 439 387 380 659 19 244 358 674 195 545 425 425 501 404 377 241 505 252 363 156 527 75 199 158 566 555 157 76 58 393 247 405 320 301 155 559 213 124 582 540 174 145 0 555 319 190 474 109 582 105 357 100 469 143 539 145 26 506 109 105 107 445 117 214 130 199 292 230 428 127 166 187 445 254 61 61 178 570 320 133 617 375 240 573 134 412 131 59 124 137 699 105 505 550 102 587 608 268 608 156 585 272 75 197 442 143 336 109 134 155 124 206 356 158 662 86 111 115 237 655 254 456 156 462 138 269 350 96 385 673 33 144 227 562 472 583 425 217 632 438 234 518 314 266 414 454 235 151 388 96 63 117 345 374 298 206 120 299 242 234 684 205 223 565 262 181 420 164 536 70 252 657 562 268 485 356 112 452 69 709 38 168 289 482 104 323 103 180 48 484 209 220 357 272 134 371 365 186 607 483 79 444 71 272 159 607 68 261 440 284 214 629 84 232 207 84 191 270 335 248 163 201 632 290 74 355 335 94 97 280 238 292 454 330 300 663 582 147 594 76 256 139 335 31 613 619 666 59 27 277 187 422 203 445 163 93 470 268 475 289 479 463 546 533 670 586 358 368 540 149 472 443 681 421 488 642 254 133
803 448 69 705 64 288 584 160 153 68 273 271 665 703 94 456 575 807 145 532 166 141 371 557 21 356 439 381 807 644 118 693 152 119 282 668 511 698 336 324 47 61 219 191 320 424 372 142 231 584 601 633 156 584 381 193 319 61 598 230 82 191 171 369 278 675 286 224 363 194 125 399 451 32 641 410 216 541 503 518 95 549 114 799 273 362 24 100 492 724 120 620 567 459 453 232 60 152 453 333 226 578 806 741 512 262 68 116 89 202 508 194 49 587 17 174 138 452 474 151 332 809 699 491 496 601 149 852 766 351 635 162 327 124 359 87 600 638 120 284 104 732 784 132 138 711 254 87 46 350 571 443 126 108 385 89 136 853 648 307 282 314 803 171 194 149 139 184 422 459 251 95 838 650 847 623 697 310 803 552 164 95 181 87 265 244 294 635 360 291 774 501 703 700 658 811 291 445 484 804 713 690 263 848 527 218 183 228 692 800 72 136 620 633 287 788 810 101 330 21 653 409 117 184 178 147 544 773 246 122 748 201 130 142 56 219 211 795 100 807 214 466 99 621 360 680 143 1 465 545 562 163 783 207 245 844 693 96 742 650 123 54 729 415 555 0 249 376 125 623 69 655 250 455 117 686 167 694 572 89 492 457 647 238 631 342 477 390 763 353 144 433 718 406 159 306 560 610 382 63 235 498 127 182 318 30 459 200 459 524 662 420 144 644 56 33 542 68 119 804 119 710 72 283 576 751 196 675 281 612 426 403 674 364 201 698 159 634 456 519 325 120 302 100 402 143 627 302 282 517 179 124 544 697 380 38 123 125 143 338 79 119 784 257 258 786 146 125 338 681 169 639 513 440 219 181 286 729 456 805 383 342 129 757 343 91 769 423 136 392 227 621 807 103 145 815 195 199 443 234 502 167 544 401 844 74 536 247 460 735 603 90 364 335 453 827 618 219 238 716 170 115 629 117 591 296 408 159 535 802 163 302 353 90 489 556 664 628 746 287 221 339 437 750 93 310 550 202 780 627 478 830 767 829 193 238 849 111 58 635 44 627 302 417 243 576 70 180 113 606 570 831 374 163 532 115 688 463 85 823 98 324 218 247 91 70 126 80 214 220 150 704 155 113 126 167 154 111 785 429
559 232 201 463 221 80 335 392 217 209 34 197 418 473 282 208 335 569 106 292 85 356 128 325 257 174 245 147 558 402 249 450 398 197 166 421 287 458 165 76 287 307 183 128 118 182 312 135 420 348 355 401 322 366 142 58 114 270 351 196 171 106 372 120 160 429 162 49 206 137 360 185 211 275 422 162 117 307 256 269 182 311 354 555 142 171 235 227 245 477 135 371 318 233 232 125 294 158 213 228 73 349 561 498 277 89 210 267 199 47 264 260 250 354 243 373 113 206 244 105 117 567 450 258 271 352 267 608 519 153 386 190 83 321 116 209 369 389 206 69 179 495 535 373 387 472 76 334 228 147 333 195 374 356 174 267 159 614 418 213 52 71 573 192 97 113 370 102 189 213 135 182 595 402 598 396 462 75 559 332 381 162 349 333 166 143 139 400 112 111 528 266 469 455 409 563 109 234 235 560 490 446 61 609 283 434 144 421 445 551 177 344 395 384 71 554 564 309 176 267 406 250 145 139 75 377 311 525 176 371 506 320 125 153 201 203 160 559 232 568 141 217 255 379 120 432 310 249 272 298 338 101 536 194 7 618 447 283 495 403 313 224 490 174 319 249 0 130 156 376 293 412 181 219 200 441 298 450 339 188 282 215 419 260 384 112 228 204 515 175 162 208 475 217 201 112 315 368 141 280 50 250 341 103 80 261 253 195 252 280 417 194 389 400 209 253 331 296 331 556 331 475 296 68 329 511 134 451 76 395 203 181 431 169 92 452 385 402 212 312 129 362 76 156 163 209 378 134 208 304 124 372 303 463 213 266 154 264 155 118 328 131 540 331 128 537 135 137 156 435 108 395 288 202 111 78 43 481 241 556 140 93 376 524 97 286 520 236 115 156 328 388 570 347 307 570 267 66 211 263 277 392 302 155 605 181 287 123 218 498 366 200 171 109 364 589 369 160 66 468 352 215 387 158 366 126 196 347 289 576 197 160 156 313 245 389 415 385 507 61 50 91 242 507 336 179 330 92 535 382 259 585 519 581 236 119 604 360 289 386 283 385 106 189 138 343 298 365 355 364 338 589 132 173 287 158 440 226 169 585 193 196 276 282 269 249 355 300 131 55 290 465 229 146 370 176 172 351 537 209
429 128 331 332 339 102 216 509 311 328 121 235 306 346 395 105 205 439 231 162 215 469 8 198 385 133 163 119 434 272 354 320 520 303 192 292 168 328 141 59 410 431 250 217 161 111 317 264 521 219 226 273 424 247 24 183 94 388 222 257 295 202 480 29 189 299 185 153 175 222 480 96 81 403 301 75 193 179 153 147 298 182 475 425 174 120 364 337 117 349 265 244 194 117 121 189 415 259 84 230 160 223 431 368 150 179 340 374 314 175 133 342 370 227 371 502 243 77 122 226 79 436 324 132 152 229 364 477 391 106 269 282 48 431 18 339 243 267 311 140 293 365 410 494 513 342 136 459 349 98 203 76 499 482 94 380 287 483 292 229 125 62 445 280 195 243 488 204 70 84 184 298 465 282 474 271 332 68 429 213 494 284 448 457 205 197 152 272 24 126 399 140 340 325 288 436 178 135 113 430 365 316 120 478 152 543 233 522 316 425 305 475 270 261 139 425 435 439 164 392 278 200 264 229 198 494 184 398 228 497 376 408 247 259 324 270 232 429 342 438 213 103 365 248 24 305 413 375 185 169 216 216 408 266 133 491 318 396 367 275 423 354 360 45 190 376 130 0 285 248 412 282 230 93 306 311 393 320 211 318 176 85 293 323 256 53 105 144 399 139 265 98 344 148 293 110 185 238 20 400 143 130 454 206 59 390 156 271 153 150 287 84 517 270 330 375 220 416 445 428 445 346 415 101 200 380 253 327 151 276 97 81 300 114 187 323 500 275 82 206 106 484 81 278 40 307 253 139 240 193 221 497 172 333 169 388 284 393 260 68 454 257 410 400 172 412 244 267 128 306 216 265 168 75 187 195 109 354 137 434 90 46 504 395 34 400 397 162 239 39 407 260 440 476 409 440 349 178 90 329 158 522 171 25 474 304 162 176 88 368 236 314 119 62 342 458 244 228 176 340 456 322 257 272 244 137 106 453 159 450 288 168 108 443 115 308 299 255 376 93 156 64 159 376 459 185 212 186 426 252 147 455 392 454 315 180 475 486 410 261 412 255 108 78 192 216 428 469 484 233 211 459 14 266 189 273 312 99 292 454 306 195 350 345 382 365 485 418 206 178 389 335 322 266 499 267 298 472 410 104
712 383 58 618 139 220 479 285 199 130 169 268 555 629 200 350 491 725 87 447 76 263 283 480 123 308 388 265 703 557 196 605 274 160 260 573 441 614 292 228 172 185 226 171 199 312 386 21 347 504 507 556 259 519 297 114 255 174 504 240 89 156 289 271 253 581 260 154 328 179 250 334 366 140 575 304 185 462 393 417 125 467 239 708 241 309 103 169 398 629 39 522 466 387 384 203 183 157 368 322 169 504 714 653 432 142 63 206 138 118 418 251 153 510 112 217 57 360 399 102 264 721 600 413 425 499 226 761 670 294 528 188 238 237 272 55 525 535 168 170 131 650 682 257 254 628 195 209 133 290 488 344 245 228 321 189 15 769 573 299 173 226 728 196 153 44 264 146 344 367 223 124 749 545 744 551 617 229 713 485 286 97 287 211 248 221 253 556 266 238 681 422 625 609 554 713 169 383 385 713 644 600 194 764 437 341 175 345 597 699 68 190 549 531 173 710 716 156 294 146 558 376 105 172 109 272 466 674 241 239 661 286 93 144 108 236 207 714 172 723 198 363 187 533 275 583 245 124 415 451 492 117 687 223 155 773 599 202 645 555 234 80 646 329 474 125 156 285 0 528 190 567 246 375 160 594 254 604 494 39 432 370 574 279 535 265 378 342 653 307 153 361 629 356 193 247 469 523 296 181 166 397 247 145 235 124 400 218 400 435 570 348 246 553 119 146 481 190 238 706 238 630 193 211 482 665 71 606 164 548 356 333 585 309 157 605 283 558 367 461 267 244 226 94 319 187 527 256 280 455 157 243 458 618 341 157 4 110 147 267 197 75 693 326 223 684 131 27 289 586 133 549 442 357 184 120 182 630 392 700 273 245 237 680 252 201 665 375 88 311 306 544 726 206 245 723 256 135 366 278 431 239 457 309 760 97 437 213 373 654 521 139 310 261 458 744 517 212 123 619 281 171 542 122 521 248 345 272 443 731 193 269 296 163 399 523 556 539 662 209 151 237 385 660 218 284 483 158 667 535 411 738 668 732 237 204 757 229 181 533 144 540 242 343 218 499 152 293 212 519 493 744 287 177 420 120 591 382 93 740 139 300 275 296 191 165 205 200 192 110 239 621 208 100 226 183 41 236 686 361
187 225 577 104 586 342 80 754 549 575 359 447 127 172 639 186 86 216 478 109 461 712 252 126 632 319 272 284 193 66 596 90 767 546 406 45 174 112 338 301 658 678 477 458 358 234 484 506 756 100 25 122 662 181 244 431 321 635 28 481 543 446 720 257 405 55 399 400 347 461 726 256 177 650 192 229 432 125 160 113 545 104 722 182 396 305 611 581 131 101 511 16 68 197 210 423 662 501 177 414 405 133 187 133 140 401 585 615 560 422 119 571 617 118 618 743 489 171 177 473 305 201 78 159 180 53 601 235 143 305 86 520 296 674 265 583 127 61 554 364 539 152 167 740 761 130 378 706 597 301 91 184 747 729 269 624 527 253 144 426 356 310 245 517 439 487 733 449 214 164 413 544 225 81 231 147 135 314 188 176 737 532 684 704 424 425 370 111 264 355 153 148 147 84 72 188 387 236 143 187 204 81 365 247 99 784 473 758 69 178 552 718 154 48 362 216 188 683 359 640 30 336 511 469 446 739 128 151 450 745 143 637 494 503 572 496 464 211 585 211 448 168 609 53 265 57 652 623 265 79 158 464 160 495 379 294 72 640 120 28 665 600 141 210 109 623 376 248 528 0 659 65 450 181 550 70 628 85 119 563 218 170 150 541 9 287 150 300 184 326 508 219 111 289 531 337 66 61 243 646 390 134 698 451 306 637 240 502 237 103 47 225 765 39 578 623 207 662 689 180 689 147 662 345 49 151 484 183 373 188 227 243 75 300 432 78 744 128 169 223 323 731 325 526 226 546 35 358 447 204 464 745 94 140 330 635 526 632 504 295 702 504 168 616 401 167 490 512 328 59 462 44 171 191 426 443 346 108 224 196 265 283 752 191 281 645 158 286 487 236 631 115 219 723 648 195 577 425 198 548 176 767 92 223 243 552 91 408 167 158 88 560 303 295 466 232 37 459 409 92 694 564 61 518 155 359 254 693 90 263 525 377 305 689 136 335 103 47 152 339 403 291 269 137 706 387 178 431 226 26 202 211 145 206 545 414 230 734 657 42 659 62 338 225 422 120 674 707 731 59 122 221 251 506 160 520 65 173 540 228 552 388 574 561 626 611 731 664 442 417 627 123 559 514 746 506 534 718 162 228
833 468 137 734 73 317 626 100 137 85 321 266 711 724 41 501 603 832 187 561 216 73 407 582 83 371 451 433 846 673 87 723 110 119 288 703 533 726 350 366 27 41 216 207 377 473 351 204 162 611 636 657 94 602 414 235 344 24 632 223 123 214 102 410 285 708 293 259 370 206 68 421 483 78 657 455 233 567 549 558 114 578 63 830 284 380 93 86 529 759 176 656 606 483 476 247 15 162 484 329 254 601 838 771 539 320 137 75 99 246 541 162 43 611 85 211 190 489 500 188 358 837 735 518 518 641 110 882 801 371 677 157 365 56 395 156 623 679 114 337 120 758 822 81 115 737 282 61 65 371 600 484 97 82 407 48 202 878 669 303 333 351 823 165 220 206 78 210 451 495 263 114 867 692 887 644 722 345 833 571 97 131 116 54 269 253 308 660 399 312 807 528 727 733 699 847 350 463 524 836 731 721 294 874 561 151 194 159 727 837 127 173 641 673 341 811 843 148 339 51 689 413 149 197 218 85 569 809 246 101 777 149 168 158 93 209 215 819 82 833 224 508 66 652 394 716 84 70 477 580 583 196 818 200 288 862 726 42 778 685 58 123 756 449 582 69 293 412 190 659 0 685 249 484 115 718 116 724 597 156 509 490 668 211 667 372 516 404 807 366 155 457 747 420 150 329 594 640 415 13 269 539 58 208 353 89 475 192 476 557 695 446 140 677 84 44 557 5 50 839 50 734 3 314 610 779 260 694 336 629 449 428 704 383 227 731 95 657 490 533 346 72 334 137 434 132 666 318 276 534 198 96 575 721 388 32 187 190 157 366 70 164 815 210 272 824 169 184 354 716 196 670 535 470 237 218 333 766 475 846 432 384 121 780 381 34 809 435 177 424 176 646 831 110 87 847 161 235 471 205 524 187 575 437 871 113 574 262 493 760 631 99 381 365 434 852 657 223 294 751 103 105 659 140 611 313 429 92 569 819 155 312 372 129 523 555 707 659 774 320 257 384 451 781 51 316 569 228 828 660 498 861 803 864 171 254 880 90 12 674 87 656 326 443 254 601 112 113 121 636 595 860 408 166 580 139 724 493 124 849 108 327 183 215 47 50 150 11 227 274 100 731 134 147 130 168 221 60 821 452
148 228 613 51 613 368 145 777 567 602 399 456 181 108 662 238 82 161 511 123 497 734 285 112 665 328 267 337 198 13 616 39 794 569 417 53 167 50 349 339 686 708 492 480 409 288 476 546 771 81 69 71 680 145 273 464 342 661 73 493 573 471 739 296 418 45 411 431 350 482 751 269 203 683 140 277 454 122 219 166 571 108 748 146 411 316 644 604 171 88 547 81 128 206 216 442 690 524 202 415 431 107 154 86 147 448 622 636 586 456 149 584 644 91 651 784 524 208 187 504 327 155 91 168 178 118 618 197 125 319 146 540 330 695 297 621 91 119 576 409 564 91 169 766 791 68 403 735 625 317 86 228 776 759 282 647 568 203 88 431 399 343 182 535 465 525 757 475 234 200 430 571 183 136 229 100 70 344 148 152 757 561 700 733 436 442 385 60 301 375 126 158 83 52 123 174 436 238 190 151 141 37 393 197 130 802 494 773 64 172 585 757 107 107 407 155 161 721 367 670 57 331 540 490 478 762 122 143 463 775 94 650 525 527 601 509 481 153 608 158 467 218 631 34 295 73 671 655 255 120 133 493 143 510 415 232 55 663 113 51 686 636 82 240 105 655 412 282 567 65 685 0 462 201 573 41 644 40 100 600 207 198 95 549 65 313 196 303 214 335 531 231 63 291 550 357 100 45 273 672 419 185 721 477 337 671 236 517 233 132 33 240 798 26 606 651 182 689 712 164 712 83 687 372 91 99 528 123 418 143 239 259 19 311 458 57 766 76 200 203 341 757 353 556 253 566 97 373 454 188 487 774 110 75 331 663 565 674 528 319 732 537 130 623 419 167 516 549 340 59 489 22 164 215 448 473 386 110 224 205 314 322 784 129 315 668 169 283 519 262 641 70 163 756 667 163 590 455 215 557 172 804 111 258 193 582 143 427 195 96 61 586 314 321 448 179 101 475 452 88 711 586 26 545 119 376 264 711 126 199 544 389 319 725 167 301 156 28 96 368 434 333 265 96 734 395 154 457 262 41 201 176 137 188 558 434 196 764 684 101 692 29 359 242 439 98 710 724 765 49 103 177 282 526 224 547 73 192 570 175 577 394 584 568 649 636 767 689 462 458 644 61 576 543 779 525 577 745 152 238
607 235 251 509 189 134 439 327 114 182 213 22 531 485 216 335 380 598 160 343 185 281 222 352 269 134 208 312 643 450 166 499 356 133 45 490 299 497 113 215 261 283 33 75 298 330 142 236 309 383 425 423 220 360 219 158 137 227 422 31 182 94 281 244 45 493 51 135 123 67 307 194 275 282 414 299 68 340 383 369 156 355 309 606 56 147 254 163 332 544 208 452 412 257 246 56 259 100 275 83 108 367 616 545 315 265 260 184 162 164 332 121 218 380 256 421 191 294 276 145 153 607 528 295 286 446 160 656 585 145 490 92 198 243 212 273 389 484 136 250 147 525 616 324 364 506 110 309 206 149 376 304 346 331 181 204 259 644 432 57 232 187 583 84 100 213 310 104 237 298 49 157 639 502 681 406 489 172 607 332 302 167 239 303 26 38 81 427 230 104 588 306 492 513 504 633 289 227 336 612 489 499 129 640 352 343 73 311 513 627 209 384 402 475 252 573 623 347 96 256 478 164 149 74 149 313 341 598 5 350 550 188 154 112 196 47 41 583 167 599 49 332 185 431 206 507 213 251 231 375 346 130 603 51 174 619 510 216 566 473 233 265 526 249 357 250 181 230 246 450 249 462 0 269 137 499 183 502 366 252 269 283 430 94 459 177 329 163 620 128 108 232 523 177 99 121 384 418 223 238 131 355 270 104 179 278 234 59 236 347 479 225 385 459 194 230 314 254 262 624 262 500 251 140 402 550 275 452 257 386 224 207 481 151 99 514 314 422 288 289 129 319 156 166 232 117 465 94 34 293 89 345 358 487 142 240 242 339 110 164 313 173 590 171 60 617 117 219 123 503 113 451 302 260 73 136 218 557 240 645 294 228 367 543 210 223 607 191 158 221 182 413 596 348 208 625 128 131 252 99 292 417 360 250 637 185 378 60 286 526 403 161 149 168 212 618 458 34 236 539 251 144 436 139 373 94 199 253 363 576 94 73 145 340 317 307 520 440 543 153 135 240 208 557 300 69 329 99 651 445 264 637 592 649 97 62 656 338 253 474 294 433 122 225 43 370 320 263 359 415 364 631 219 87 419 142 513 277 178 614 153 78 124 115 205 201 376 249 57 216 185 500 120 155 371 83 284 306 609 225
349 64 417 250 412 168 180 577 369 401 213 266 272 254 462 127 119 352 312 77 302 534 93 106 466 140 115 194 374 189 417 239 594 369 225 222 77 243 158 152 486 507 296 280 249 164 316 354 575 130 156 182 482 155 77 267 142 460 154 299 374 271 541 118 224 226 218 232 172 282 550 77 21 484 208 133 254 88 157 116 371 94 548 346 215 125 446 403 74 277 351 183 148 36 48 243 489 324 18 238 231 130 354 287 58 273 426 436 385 260 64 389 444 135 452 591 328 56 30 305 126 353 259 39 62 181 421 398 319 124 228 341 137 496 104 427 150 218 376 233 364 277 348 565 591 255 203 535 424 120 116 90 576 558 88 447 378 397 199 248 218 148 354 336 265 331 557 274 34 54 232 371 383 237 412 178 243 147 349 121 558 361 504 532 243 245 189 181 117 175 324 47 250 249 238 366 269 76 92 351 272 237 193 393 83 604 294 577 246 359 387 562 177 208 232 336 360 526 180 470 210 174 340 290 279 562 92 330 269 575 293 456 325 327 401 315 284 341 408 352 268 109 431 168 100 238 473 455 125 108 123 293 337 314 220 399 244 462 299 205 487 440 274 49 100 455 219 93 375 181 484 201 269 0 372 234 447 240 119 406 97 27 201 360 190 113 89 126 355 147 331 42 263 120 351 157 115 155 79 471 220 110 521 276 140 473 92 321 89 79 213 44 599 193 406 451 132 488 512 357 512 256 487 172 133 296 346 234 244 183 49 62 220 119 257 249 566 183 39 124 143 557 154 356 56 367 198 177 267 107 287 574 91 244 157 463 373 484 328 118 532 338 330 436 220 348 315 354 147 236 289 186 76 19 248 274 202 288 69 377 164 139 584 305 125 468 339 123 320 64 450 169 353 557 468 363 396 256 17 367 67 609 92 75 389 382 117 228 28 280 148 385 123 120 317 372 190 278 269 271 514 386 174 345 150 178 77 513 94 358 346 197 124 528 52 240 257 175 291 169 235 156 111 297 533 207 121 256 389 178 65 377 324 383 364 235 396 563 484 207 494 172 159 44 241 124 512 526 566 152 119 376 88 327 191 346 245 9 370 368 376 210 393 380 449 435 570 488 263 270 447 249 378 343 581 326 390 544 341 53
720 353 138 622 53 207 523 205 40 49 232 156 610 609 89 402 491 718 106 450 142 163 301 468 136 255 336 346 740 561 50 611 225 4 174 593 419 613 235 267 125 147 104 93 303 380 256 162 221 498 526 543 123 486 306 145 231 92 523 114 72 104 174 308 170 598 178 158 255 91 179 307 373 147 542 358 119 454 450 453 36 465 177 718 169 265 125 31 422 649 127 548 501 370 361 132 124 49 374 219 146 487 727 658 426 252 145 68 29 156 431 92 81 497 125 290 126 381 387 99 246 724 627 405 404 535 71 770 691 257 575 46 261 125 288 163 509 574 8 257 29 643 715 195 229 623 172 173 71 257 487 381 212 196 293 75 175 764 554 193 247 247 708 54 112 150 184 103 339 388 148 36 754 589 779 529 608 239 720 456 187 63 150 168 154 138 193 545 296 198 696 416 613 621 594 737 281 348 419 724 616 609 186 760 451 237 79 221 617 728 98 252 526 567 260 696 732 217 224 120 580 299 63 82 127 189 456 700 133 214 665 131 86 48 69 102 100 705 36 719 109 406 59 540 286 607 110 117 361 472 468 99 708 91 193 747 616 90 669 575 117 144 643 340 469 117 200 306 160 550 115 573 137 372 0 607 103 613 483 147 394 380 553 127 558 262 412 289 705 251 42 343 635 304 43 216 484 527 307 103 165 436 149 101 247 146 359 83 360 447 585 333 248 566 63 94 442 120 140 729 139 620 118 206 501 666 218 578 259 514 336 315 592 268 119 621 194 543 381 418 232 187 226 67 324 29 559 203 166 419 86 210 464 607 274 103 156 223 46 255 176 94 702 166 157 716 65 139 239 606 92 559 420 359 124 122 243 658 360 740 339 284 231 666 277 95 703 320 97 314 147 532 717 211 107 736 96 135 358 124 410 282 464 331 757 67 468 148 383 646 517 28 266 254 336 738 550 108 221 642 153 16 546 46 496 199 314 148 460 704 46 197 257 207 414 443 605 548 660 214 155 288 335 669 166 201 453 120 729 550 384 749 694 754 82 139 768 203 118 567 160 544 214 331 139 487 187 166 222 524 481 747 301 51 484 47 614 381 68 734 23 213 116 140 77 66 241 117 112 198 92 617 48 67 234 54 201 174 712 338
119 267 642 39 645 401 146 812 603 634 425 494 160 127 696 256 119 146 541 157 526 769 314 152 695 366 307 354 158 53 651 27 827 603 454 31 206 54 386 366 718 740 528 514 428 304 517 572 808 120 87 109 716 185 305 494 376 694 90 530 605 504 775 322 455 18 448 462 389 517 784 305 235 713 174 298 488 160 229 183 604 144 781 114 447 353 674 638 196 47 576 82 139 243 254 478 722 558 234 454 464 147 121 63 184 470 650 671 619 485 178 621 677 131 681 810 553 235 224 535 361 131 56 205 217 118 654 167 86 355 132 575 359 730 327 648 131 106 611 433 598 90 128 799 822 71 436 768 657 353 124 251 808 790 318 681 594 183 122 469 424 372 181 570 498 552 791 508 268 227 466 604 156 119 188 138 85 375 119 192 792 593 737 765 473 478 422 98 329 409 89 194 97 15 103 134 456 276 211 119 161 16 425 177 158 838 529 810 26 131 616 784 145 97 430 151 125 749 405 701 45 371 572 525 508 796 161 102 500 807 73 687 556 561 633 546 517 143 642 142 502 237 665 68 326 44 707 686 295 143 174 524 104 547 443 230 15 697 72 44 721 665 76 270 143 686 441 311 594 70 718 41 499 234 607 0 680 19 140 628 247 229 129 588 65 346 217 342 178 372 565 267 42 330 585 392 126 82 304 705 451 203 755 510 367 701 276 553 273 161 24 276 828 41 638 683 223 722 746 125 746 94 721 404 112 82 552 151 441 180 275 294 27 348 491 16 801 114 229 244 376 790 385 587 284 601 91 409 492 228 521 806 143 92 370 696 592 699 562 352 764 567 100 661 454 127 549 577 377 27 522 48 204 248 483 504 412 71 263 164 334 349 815 130 344 702 130 323 549 294 679 109 151 786 702 130 627 487 249 595 211 832 143 286 173 613 160 462 226 96 101 619 351 353 489 162 98 511 476 48 747 621 65 578 159 412 301 747 152 203 580 426 355 754 196 340 134 60 84 399 465 358 305 67 766 433 195 490 227 59 240 144 97 149 595 469 164 795 717 91 722 67 393 277 475 139 739 760 795 85 143 152 312 561 227 580 39 226 602 158 610 432 622 606 683 669 796 722 497 484 680 66 612 575 809 561 601 778 112 275
790 417 217 691 117 292 609 156 83 124 331 193 699 667 77 494 562 780 208 523 244 108 387 535 186 316 389 445 821 632 58 681 195 105 228 670 482 680 296 360 142 157 152 177 405 476 250 260 128 566 604 606 40 542 389 246 308 108 601 152 165 195 100 399 226 673 234 253 303 171 146 375 451 188 595 451 200 522 542 539 133 537 153 789 233 328 186 85 504 725 225 629 585 438 428 206 131 140 452 249 237 550 798 728 497 354 222 51 117 256 509 64 118 562 182 328 227 465 457 201 324 790 706 476 469 619 32 839 766 325 661 111 351 76 375 242 572 658 95 358 130 707 795 164 217 689 258 172 129 328 558 469 199 189 362 77 269 827 615 226 348 338 764 113 204 251 142 197 415 471 216 133 821 674 859 589 672 327 790 514 125 161 56 164 208 203 259 610 386 274 769 487 675 694 678 814 384 410 505 794 670 681 275 823 529 160 161 130 693 806 187 289 584 650 362 755 805 262 279 157 657 340 166 165 228 143 524 777 182 207 733 34 188 146 148 136 164 766 82 782 181 495 70 612 371 685 38 168 412 552 529 200 784 134 291 799 691 75 746 653 68 214 708 421 539 167 298 393 254 628 116 644 183 447 103 680 0 684 549 232 451 459 613 112 637 345 498 345 792 311 136 413 705 360 100 292 562 599 391 112 259 523 102 196 336 195 417 127 419 525 659 405 250 640 137 133 495 121 98 804 98 682 116 293 580 733 317 633 360 567 405 387 663 333 211 695 140 605 462 470 305 164 313 167 405 89 641 271 198 476 176 198 538 670 323 132 251 291 143 334 185 196 772 94 227 796 164 237 304 683 190 632 484 437 206 222 341 736 423 822 436 377 231 725 366 82 784 373 199 394 61 596 779 225 34 807 59 233 432 104 475 302 539 417 820 157 551 221 462 709 586 116 331 336 332 801 633 170 324 718 69 87 618 148 556 269 381 72 539 756 105 255 325 244 493 471 691 621 726 303 251 383 390 740 156 252 512 211 819 625 447 819 772 829 86 215 838 197 127 650 199 615 291 404 206 552 226 80 236 596 547 813 386 128 577 149 692 456 163 797 118 258 77 107 76 98 266 109 188 300 17 683 72 169 243 126 293 152 789 406
109 268 651 20 652 408 163 817 607 641 436 496 178 110 702 269 122 130 549 163 535 774 323 152 704 369 307 368 165 53 656 9 834 609 457 50 206 37 389 376 725 747 532 520 441 318 515 583 811 120 99 100 720 177 312 503 382 700 103 533 612 511 779 333 458 36 451 470 390 522 791 309 242 722 162 310 494 162 245 197 611 148 788 106 451 356 683 643 207 54 585 98 154 246 256 483 729 564 241 455 471 144 114 49 188 482 660 676 625 494 186 624 684 128 690 820 562 244 227 543 367 118 72 208 218 135 659 158 87 359 151 580 368 735 335 658 126 124 616 444 604 72 135 806 830 53 443 775 664 357 127 263 815 798 322 687 605 169 110 471 435 381 163 575 505 562 797 515 274 237 470 611 145 137 192 129 67 383 109 188 798 600 740 772 476 482 426 90 339 415 85 198 80 17 122 135 469 278 223 111 144 4 432 163 167 842 534 813 43 135 624 794 136 116 442 133 121 758 408 709 63 369 579 530 516 802 162 106 503 814 58 690 564 567 641 549 522 126 648 126 507 250 671 73 334 62 711 694 293 154 170 532 105 550 452 212 30 702 79 60 726 674 58 278 145 694 450 320 604 85 724 40 502 240 613 19 684 0 139 638 246 237 117 590 82 353 229 343 192 375 571 271 26 330 590 397 135 85 312 712 458 216 761 516 375 709 275 557 273 170 39 280 836 51 646 690 218 728 752 125 751 76 727 411 124 66 563 136 453 171 279 299 22 351 497 28 806 104 238 240 381 797 392 595 292 606 108 414 494 225 527 814 150 75 371 703 603 710 568 358 771 575 90 663 459 133 556 587 380 46 529 55 204 254 488 512 423 81 264 172 347 359 823 111 353 708 140 322 557 301 681 103 134 795 707 123 630 494 254 597 212 842 150 295 159 621 173 467 233 77 100 625 354 360 484 147 115 515 488 59 751 626 66 585 153 416 304 751 162 185 584 429 359 763 205 332 153 65 67 407 473 369 305 57 773 435 191 496 242 70 241 136 102 148 599 474 156 803 724 109 731 69 399 282 479 137 748 764 803 89 142 140 320 566 244 586 57 232 609 142 617 434 624 608 689 675 805 729 502 495 684 48 616 582 818 566 613 784 115 278
241 132 536 143 526 284 171 687 474 515 332 359 243 135 571 205 35 236 430 58 421 642 212 15 584 233 168 295 296 87 524 135 707 479 321 142 68 131 254 270 600 622 397 390 359 253 377 474 675 20 98 62 586 67 197 386 254 573 98 397 490 384 646 232 323 139 315 349 251 392 662 176 130 601 102 231 364 32 207 148 485 37 660 240 317 221 563 514 127 187 470 131 139 113 122 351 603 435 128 316 346 19 251 179 62 389 545 544 498 379 94 488 557 15 570 711 447 149 97 422 240 241 183 81 80 154 524 290 225 226 199 447 256 604 223 546 32 177 486 349 477 161 267 677 706 141 318 650 539 226 31 180 690 673 190 557 497 282 80 332 335 268 234 442 379 451 667 389 151 142 337 484 273 199 328 62 126 266 241 57 665 477 605 646 341 349 292 63 234 285 224 72 132 152 191 273 382 140 153 246 155 136 309 277 88 708 404 678 160 271 505 681 63 165 347 217 259 645 271 586 136 231 455 400 397 671 28 242 367 690 184 553 442 439 517 413 388 223 518 236 375 182 540 75 219 162 577 572 155 100 39 409 243 415 340 280 153 572 212 129 594 558 160 166 26 572 339 211 494 119 597 100 366 119 483 140 549 139 0 525 107 128 82 452 127 231 156 206 300 238 442 140 157 192 457 268 82 62 198 584 338 159 629 391 259 590 137 423 134 85 125 151 715 106 521 565 89 601 621 263 621 138 599 289 94 184 464 118 359 84 147 169 117 217 371 156 675 64 135 106 250 669 272 472 175 474 151 281 356 89 399 688 58 126 232 577 492 603 439 233 648 456 224 524 327 266 429 474 246 153 404 96 65 137 359 391 320 207 127 301 267 256 701 186 244 578 265 184 437 183 543 50 235 674 573 259 494 373 129 459 74 727 63 190 274 498 129 335 125 163 39 498 219 237 351 256 149 382 387 186 617 496 76 459 46 284 169 618 93 239 451 294 226 647 109 216 221 84 178 288 352 271 166 192 646 298 59 370 345 99 103 271 237 287 463 343 290 678 597 159 611 73 271 155 346 5 630 629 683 62 3 265 207 435 227 461 165 113 487 252 489 296 487 470 559 547 688 600 371 389 550 134 483 459 698 434 509 657 252 145
746 410 20 651 115 246 516 248 188 109 204 274 593 659 172 387 523 757 102 479 104 229 316 511 84 329 410 304 740 590 176 638 236 148 272 608 470 646 312 262 136 148 228 180 238 350 390 59 317 535 542 587 232 546 329 140 280 142 538 242 77 168 257 306 266 616 273 178 346 186 213 361 398 101 603 341 198 493 431 453 112 499 203 742 256 332 66 149 432 664 55 557 502 416 412 216 148 156 400 333 190 534 748 686 463 181 25 182 121 146 452 239 123 540 75 187 78 394 429 115 290 755 636 444 453 535 207 795 706 318 565 183 271 207 304 22 555 571 155 208 121 682 718 220 215 660 217 171 105 314 520 380 206 189 347 162 48 801 603 308 210 258 759 191 168 76 228 159 374 401 236 112 783 582 781 580 649 259 747 513 252 89 259 173 258 233 271 587 299 259 715 453 656 643 591 749 208 409 421 747 673 634 219 796 470 307 180 314 632 736 49 157 578 567 211 741 751 121 312 109 593 393 104 178 131 236 497 710 247 200 694 266 100 143 84 235 212 746 152 756 207 399 163 567 306 618 219 88 438 485 521 131 722 222 186 803 634 174 680 590 204 41 678 361 506 89 188 318 39 563 156 600 252 406 147 628 232 638 525 0 458 403 604 273 570 294 414 364 691 327 151 390 663 379 185 271 503 556 328 148 191 433 214 158 266 85 425 217 425 468 604 376 208 587 95 114 507 156 206 742 205 662 159 238 516 699 108 635 203 575 384 361 619 332 173 640 248 588 400 486 291 207 254 88 350 176 563 276 287 481 165 205 491 649 360 124 38 87 146 295 159 82 728 311 239 721 135 51 310 621 145 583 471 388 198 140 218 666 418 738 310 280 198 711 285 171 702 397 99 342 288 574 758 167 219 757 242 157 396 270 460 204 490 343 793 80 473 228 406 686 553 122 333 289 465 776 553 218 161 654 252 156 575 117 550 268 371 242 477 761 187 285 320 126 433 541 594 573 694 238 176 272 408 694 180 298 511 174 705 569 438 772 704 767 229 219 792 190 146 570 105 573 266 372 231 529 114 263 173 552 524 777 319 175 458 115 626 413 81 772 125 314 263 287 164 138 168 167 202 147 217 653 195 98 188 181 65 199 722 388
345 50 466 248 441 212 247 594 380 431 286 259 333 216 480 223 133 330 357 115 356 549 172 96 507 139 62 288 403 194 432 241 619 390 225 247 44 234 159 229 516 538 301 304 336 260 269 413 575 127 194 156 489 92 153 319 177 486 193 299 412 302 550 204 227 246 219 279 148 303 572 98 118 523 148 228 278 92 248 197 401 114 571 345 225 130 487 424 159 295 403 226 213 62 55 263 517 347 114 211 270 103 356 283 85 351 475 451 413 314 133 388 472 117 493 644 379 152 69 347 168 342 288 77 44 239 428 392 332 141 288 355 208 510 179 480 124 271 396 312 392 258 374 588 621 240 241 565 455 144 128 186 605 588 110 467 438 376 164 229 295 215 315 349 299 388 576 309 107 148 246 401 373 292 436 138 222 207 344 63 571 398 507 561 244 257 201 162 199 202 331 82 224 259 287 381 352 49 183 350 222 243 238 373 144 611 315 578 267 379 430 612 133 258 311 304 365 574 173 504 240 124 376 313 327 580 90 349 270 606 287 452 366 354 436 315 296 315 428 332 285 203 449 181 171 267 482 493 48 167 79 332 350 319 281 353 261 481 319 233 501 487 260 138 109 492 282 176 432 218 509 207 269 97 394 247 451 246 107 458 0 122 162 349 227 170 181 106 401 143 355 78 262 91 364 188 162 168 157 497 267 197 537 310 203 514 34 327 34 138 231 92 635 212 439 482 50 514 529 370 528 232 512 220 180 286 415 184 323 120 81 102 224 128 291 263 582 155 134 31 168 581 207 394 136 382 245 192 255 25 315 603 129 220 129 493 429 541 354 165 566 382 328 420 237 373 347 408 155 259 324 203 47 112 274 318 276 314 41 408 258 220 619 274 200 487 371 79 363 137 441 148 328 595 477 364 394 301 90 357 45 654 133 165 370 419 189 247 122 259 146 412 129 173 248 350 241 288 341 292 520 405 183 376 105 197 87 521 155 310 358 198 140 573 133 144 314 191 278 223 282 239 61 297 560 199 61 291 443 203 31 375 344 394 365 256 393 595 511 255 534 180 192 98 255 109 556 531 605 167 104 365 165 344 278 378 271 98 408 346 403 194 385 366 468 460 614 511 283 337 454 235 388 380 619 342 454 568 359 74
346 90 416 248 417 173 159 584 379 406 205 282 251 262 469 101 120 354 313 76 299 542 87 115 467 158 141 173 362 187 425 236 599 376 240 213 97 243 175 144 489 511 309 287 233 140 339 349 587 135 146 189 492 172 76 266 151 465 143 313 376 276 550 105 239 219 233 233 194 291 556 97 8 485 223 110 262 96 131 92 375 97 553 342 228 143 446 410 51 269 349 170 129 63 75 253 494 331 10 259 235 141 350 284 68 261 424 445 391 258 51 402 448 143 453 587 327 30 54 306 135 352 248 55 85 163 431 395 311 139 209 350 132 504 99 424 159 201 384 222 369 280 336 571 594 257 208 539 428 135 118 65 579 562 106 454 373 398 208 266 208 145 360 347 270 328 563 279 47 27 243 375 381 219 401 189 247 147 346 140 566 364 515 536 257 256 203 187 107 185 318 59 255 244 221 358 255 102 66 347 282 233 196 394 72 614 303 589 237 349 387 560 189 192 220 340 354 524 197 473 200 199 343 299 280 569 101 321 282 578 292 469 327 333 404 328 295 344 415 353 278 82 438 164 97 228 482 457 151 93 138 296 329 326 217 407 237 470 289 196 495 438 275 42 105 457 215 85 370 170 490 198 283 27 380 229 459 237 128 403 122 0 210 376 179 117 62 149 337 165 338 66 261 144 361 167 105 153 76 477 222 84 528 281 139 473 119 333 115 68 206 64 600 188 410 454 155 493 519 349 519 260 492 175 122 296 337 245 232 199 73 80 217 137 262 242 574 191 12 149 155 562 156 358 56 376 183 190 284 131 294 577 88 248 180 467 369 478 334 125 535 339 327 452 232 337 320 352 163 227 293 182 96 23 256 276 193 278 96 363 144 129 586 310 118 475 326 149 321 66 465 176 355 558 478 359 409 258 41 382 88 607 87 62 390 385 96 238 3 283 151 391 141 125 342 373 175 289 260 262 524 394 173 349 164 190 99 523 81 366 355 212 140 527 34 266 239 171 292 171 236 143 137 293 537 224 139 261 370 171 91 373 315 375 376 244 392 566 488 192 494 170 168 62 253 133 512 537 567 149 128 375 84 335 165 351 235 25 373 369 382 228 407 396 456 441 569 494 272 263 457 250 389 346 581 336 383 549 332 77
192 200 614 109 598 360 223 755 541 588 414 420 274 56 641 283 101 168 507 139 500 710 294 95 660 299 223 376 280 87 593 108 778 550 386 148 136 89 320 352 673 695 462 462 441 332 418 554 736 80 141 29 651 73 278 464 328 644 144 461 566 458 711 315 388 139 380 427 310 462 732 248 213 677 45 312 436 114 279 220 558 117 731 195 385 289 640 584 206 171 549 166 198 189 194 422 675 506 210 370 422 70 207 137 144 471 624 612 571 458 174 550 630 67 646 790 526 231 176 498 316 184 184 162 152 199 590 237 198 297 236 516 337 671 304 626 51 210 556 432 550 99 251 748 779 88 393 723 612 298 101 261 763 746 262 627 578 215 7 390 418 348 156 510 453 531 736 463 230 224 406 558 216 229 305 24 66 345 191 99 732 552 668 719 406 417 361 39 316 357 189 154 64 134 217 243 465 205 231 200 72 117 387 212 164 773 474 739 155 248 582 760 28 197 430 143 219 723 334 660 151 280 530 471 475 740 109 221 432 764 137 613 519 511 592 477 456 154 588 171 445 260 610 98 300 167 643 647 203 169 85 485 214 480 420 199 144 641 196 144 662 636 105 248 107 647 419 293 574 150 668 95 430 201 553 129 613 117 82 604 162 210 0 510 154 310 235 268 307 304 514 215 121 253 525 342 148 94 279 656 415 234 698 465 339 667 196 488 194 163 128 228 791 117 595 639 120 673 689 232 689 73 671 367 151 132 546 37 442 56 222 244 101 286 446 143 743 24 217 145 323 741 350 548 256 542 185 350 416 137 472 761 134 61 290 651 572 684 512 310 722 533 179 579 396 248 503 553 314 153 478 109 135 219 431 469 402 198 193 289 349 338 775 113 325 647 257 240 514 263 601 40 166 750 638 215 556 450 208 518 145 805 138 272 209 573 198 406 208 100 73 570 287 315 377 189 187 449 469 175 681 565 89 533 57 355 240 683 167 157 519 359 296 725 191 218 249 103 123 366 430 353 223 152 719 361 101 445 355 124 170 223 216 252 526 414 239 752 669 191 688 88 345 232 415 78 708 693 760 98 82 207 289 504 293 535 166 194 562 185 561 355 546 526 629 619 766 671 442 470 615 84 549 534 773 503 590 728 228 218
693 321 264 595 175 225 532 268 87 174 294 94 624 563 172 428 468 678 205 433 238 220 316 438 259 222 287 400 734 537 125 586 305 126 136 580 384 582 203 304 231 251 77 133 377 421 140 277 227 470 516 506 152 438 313 223 230 195 513 67 196 156 211 336 137 582 143 211 201 124 255 284 368 267 489 391 143 428 476 463 161 444 261 692 150 236 250 139 425 633 242 543 505 345 334 140 225 124 367 141 187 451 702 631 404 336 272 137 156 231 424 50 194 464 250 412 233 387 365 191 246 691 618 384 372 539 103 741 674 237 584 91 289 185 306 289 472 577 121 328 152 607 707 273 323 589 197 272 192 241 464 398 304 292 272 164 294 725 513 120 312 277 659 84 165 258 253 164 329 392 140 161 723 595 771 487 571 263 692 412 237 184 163 265 119 127 174 511 322 197 675 395 573 601 597 722 363 312 430 698 564 587 217 722 444 268 120 230 602 716 224 373 482 568 330 652 710 340 182 237 569 232 174 124 208 255 428 687 95 310 635 104 190 137 196 57 100 664 139 681 120 425 147 519 299 597 149 239 307 467 428 182 692 67 252 692 599 171 656 563 176 271 609 342 445 238 260 323 279 541 211 549 94 360 127 588 112 590 452 273 349 376 510 0 550 270 423 246 713 216 127 322 609 260 87 214 475 506 316 203 211 448 213 163 271 268 316 67 319 439 568 316 351 548 189 210 391 217 207 712 207 581 212 230 493 635 326 528 333 462 314 298 568 241 169 603 252 504 381 366 222 271 248 186 325 98 557 187 95 373 142 303 448 569 221 214 275 350 134 257 281 206 676 77 152 707 152 255 213 593 166 540 386 353 150 197 301 647 325 737 384 318 333 622 302 179 699 270 199 314 92 497 676 320 144 711 53 199 343 8 378 396 450 344 719 193 471 149 379 608 490 155 238 262 223 699 550 101 305 628 179 124 524 158 454 188 287 184 454 649 86 164 236 327 410 359 614 528 627 242 210 329 288 644 259 155 410 169 744 535 349 723 681 737 45 148 741 300 219 567 279 521 216 316 132 455 307 189 332 503 449 714 313 103 512 160 603 369 192 695 149 156 37 23 164 173 356 207 129 283 121 584 83 180 341 98 320 259 698 314
181 234 585 101 594 351 82 763 558 583 367 456 121 173 648 192 94 212 487 118 469 721 261 134 640 328 281 290 184 68 604 87 776 555 415 38 183 110 348 309 666 687 486 466 364 240 493 514 765 107 34 127 671 188 253 439 330 643 37 490 551 455 729 264 414 49 408 409 356 470 734 266 186 658 197 235 441 134 164 120 553 113 730 175 405 314 619 589 139 94 519 17 74 207 219 432 671 510 186 423 413 141 180 128 149 408 593 624 569 430 128 580 626 125 626 750 497 179 187 482 314 196 69 168 189 54 610 228 135 314 82 529 304 683 273 590 133 56 563 371 547 150 158 749 769 128 387 715 605 311 99 191 755 737 278 633 535 248 147 435 363 318 243 525 448 495 742 458 223 172 422 553 219 76 222 153 135 323 182 183 745 540 693 713 433 434 379 116 272 364 146 157 148 79 65 180 393 246 150 180 206 78 374 242 108 793 482 767 62 170 560 725 159 43 369 213 181 691 368 648 23 345 520 478 454 747 137 142 459 753 138 646 503 511 580 505 473 208 594 207 457 175 617 58 274 49 661 631 274 87 165 472 152 504 387 292 66 649 111 22 674 608 138 219 117 631 384 256 535 9 667 65 459 190 558 65 637 82 127 570 227 179 154 550 0 296 157 309 175 335 517 228 107 298 540 346 75 67 252 655 399 140 707 459 314 645 249 511 246 112 43 234 773 40 586 631 215 671 698 172 698 147 670 353 58 147 491 186 380 193 236 252 73 309 440 72 753 132 177 231 332 739 333 534 234 555 31 367 456 213 472 753 103 140 339 644 534 639 513 304 710 513 162 626 410 158 499 520 337 51 471 46 180 200 435 451 353 99 233 187 271 291 760 190 289 653 149 295 495 245 640 120 216 731 657 188 586 434 207 557 185 774 101 231 238 560 98 417 176 156 95 569 312 304 474 227 36 468 416 84 703 573 65 527 162 368 263 702 98 262 534 387 314 696 145 342 97 51 148 347 412 299 278 131 714 396 186 440 218 31 211 204 136 198 554 423 223 742 665 37 667 67 347 234 431 127 682 716 739 66 130 215 259 514 163 528 56 182 548 223 560 397 583 570 635 619 738 672 451 425 636 122 567 522 754 515 541 727 154 237
461 120 305 363 300 55 265 467 263 289 117 182 356 365 352 158 233 466 199 190 191 425 46 217 353 87 139 159 478 302 309 352 482 259 138 331 176 356 91 68 373 394 198 171 182 161 267 245 473 243 264 293 377 254 44 155 41 348 260 205 260 159 434 73 135 336 132 118 129 175 439 74 111 371 310 127 146 200 206 195 258 208 436 458 121 77 332 293 160 387 239 286 240 122 119 139 377 214 112 178 118 240 466 400 170 184 314 328 273 148 169 291 331 246 339 481 216 120 134 191 26 467 365 150 159 275 316 511 429 60 317 235 44 387 37 316 261 313 267 148 252 391 453 454 477 369 91 422 311 52 229 127 463 445 64 337 270 511 309 176 129 46 465 232 152 222 446 162 80 126 132 258 496 329 517 286 356 37 462 220 449 248 400 419 152 145 99 294 60 73 435 160 363 360 334 475 191 122 161 464 379 349 79 506 189 497 186 474 355 466 274 450 284 306 148 448 471 414 113 357 317 161 227 182 166 451 203 438 175 462 407 357 212 216 288 218 182 454 298 465 164 155 321 280 29 345 366 342 164 209 227 179 446 215 112 508 354 352 407 313 378 327 388 77 214 342 112 53 265 287 372 313 177 113 262 346 345 353 231 294 170 117 310 270 296 0 154 106 448 92 221 96 376 115 245 56 222 268 46 359 107 179 411 164 34 359 142 220 141 185 323 82 485 305 293 338 219 376 402 467 402 369 375 59 239 410 246 341 159 283 91 68 332 72 145 359 457 294 119 200 54 444 40 242 62 260 297 86 186 192 176 461 203 357 127 350 263 375 217 16 419 225 443 348 120 454 203 244 78 344 176 298 177 98 140 161 110 395 129 479 133 69 471 417 45 357 441 132 206 51 356 281 466 444 363 475 298 142 102 276 166 496 203 73 503 269 207 125 121 394 262 273 76 9 297 485 289 177 172 379 408 277 287 232 256 83 85 407 198 466 240 115 62 416 151 286 347 287 405 56 121 89 135 410 420 132 218 144 476 288 146 489 432 492 265 130 509 450 371 306 380 285 55 78 141 236 399 421 453 264 230 490 42 219 242 234 352 121 257 481 265 143 298 292 339 324 457 377 157 167 342 362 274 230 467 220 285 432 450 96
336 152 428 245 443 206 111 614 416 432 210 332 202 280 500 49 134 356 333 98 313 574 111 147 485 213 204 143 330 188 460 232 624 408 288 195 149 245 228 153 513 534 352 322 213 98 397 357 626 154 131 209 529 213 110 284 193 493 127 358 398 308 585 108 286 204 281 257 251 327 584 155 69 503 257 81 298 129 68 42 403 118 579 331 273 198 463 442 28 251 363 144 90 124 137 292 519 364 72 314 265 173 336 278 109 253 437 479 419 275 62 445 474 169 471 593 341 38 112 329 177 348 222 106 139 124 469 384 292 191 163 387 151 537 123 433 186 162 417 215 397 285 307 598 615 261 241 561 453 185 134 34 602 584 162 485 378 398 231 319 207 166 373 385 300 338 593 309 104 36 286 402 374 177 371 217 257 173 337 185 599 387 553 560 303 299 249 203 118 227 303 104 267 232 183 335 240 165 7 336 306 225 226 392 71 648 338 627 219 323 405 568 219 156 213 349 338 534 251 494 180 260 368 334 300 598 135 297 328 599 287 511 350 364 427 372 335 349 447 353 317 26 470 164 127 204 518 477 213 75 178 320 308 369 232 421 222 501 267 177 528 452 277 82 130 477 228 105 378 150 516 196 329 89 412 217 498 229 156 414 181 62 235 423 157 154 0 208 294 220 370 128 255 205 398 209 96 157 107 504 248 25 559 311 164 490 181 374 177 72 193 124 617 178 434 479 206 520 550 328 550 270 519 206 106 294 334 272 224 237 134 137 213 192 293 228 605 212 51 204 201 587 186 381 98 412 150 236 335 185 326 600 100 259 239 491 377 482 365 166 556 358 317 500 274 309 349 363 215 208 321 175 147 83 292 299 196 253 158 330 119 135 605 320 136 505 293 210 342 109 510 195 359 575 515 345 452 282 103 429 142 618 96 81 388 407 59 279 61 290 165 419 196 163 404 374 141 331 259 241 561 427 174 377 199 235 159 558 71 384 393 262 192 540 50 325 194 168 292 198 260 142 199 284 562 276 185 292 322 160 150 360 291 354 419 283 380 588 514 158 511 172 209 120 295 160 526 574 583 152 157 369 112 371 102 378 213 85 395 370 411 282 452 444 487 469 582 522 310 268 494 254 427 370 598 372 384 576 309 139
446 76 370 349 336 126 306 488 274 327 219 154 398 323 374 234 223 435 261 190 266 442 137 192 406 35 48 261 492 291 326 340 513 285 118 336 138 336 54 175 411 434 194 200 288 253 190 324 470 223 275 261 383 199 120 229 91 380 272 193 312 201 443 171 121 338 113 189 48 199 466 54 141 422 253 217 175 182 274 241 297 199 466 446 120 34 387 318 199 388 309 304 274 102 89 159 412 243 139 114 174 205 456 385 160 286 379 344 308 226 188 283 367 218 392 548 287 171 122 249 90 445 376 141 126 306 322 495 428 51 354 249 150 404 136 386 227 343 290 253 289 362 464 482 517 344 147 461 352 58 218 196 500 484 50 361 350 482 270 127 233 151 421 242 199 299 469 208 104 172 141 297 477 362 527 244 327 137 446 169 464 297 401 456 138 151 97 265 160 104 429 151 329 355 362 476 296 66 213 451 328 340 150 478 207 505 210 473 358 472 332 514 240 332 253 411 464 477 66 401 326 56 275 208 233 473 182 443 164 502 389 348 268 250 334 209 189 421 322 437 180 221 343 274 126 354 375 391 75 232 184 234 446 213 201 459 354 375 411 320 394 389 364 132 199 390 204 144 342 300 404 303 163 126 289 342 345 343 206 364 106 149 268 246 309 106 208 0 479 38 250 84 362 16 258 95 235 260 126 391 177 232 430 210 137 413 72 220 74 201 323 84 532 303 336 378 153 409 422 467 422 337 406 136 254 389 338 291 263 225 77 72 322 36 192 358 475 260 158 129 76 476 130 293 118 275 320 89 151 131 212 498 206 325 31 389 339 449 249 93 462 285 430 319 133 464 245 317 54 349 224 295 140 126 172 223 213 404 79 495 233 174 516 381 151 381 457 33 266 110 338 251 434 493 371 465 289 207 109 254 131 554 208 149 475 317 243 143 151 364 244 308 34 104 200 455 314 182 269 384 414 300 278 274 211 96 50 415 218 416 252 92 49 474 178 185 383 283 381 144 191 195 47 397 455 93 167 191 515 291 103 476 437 491 259 153 495 490 406 330 433 275 101 88 150 208 456 425 503 258 203 469 130 238 310 276 360 134 307 452 299 90 281 264 362 354 514 406 178 259 348 338 282 280 516 236 369 463 453 74
199 406 708 206 735 501 183 906 710 723 490 620 98 300 793 307 269 263 621 290 597 867 406 308 768 494 454 389 80 224 754 201 913 702 577 162 357 227 512 441 802 821 645 616 461 341 665 632 920 281 208 285 823 357 404 573 485 784 209 650 686 602 879 398 576 169 570 549 526 622 875 431 345 787 352 353 592 309 261 253 694 288 869 188 565 480 747 735 289 142 645 176 209 377 390 586 809 658 346 592 559 313 180 198 322 514 715 773 711 563 291 738 765 296 755 858 625 327 357 619 469 226 123 339 362 174 763 217 139 477 131 682 444 830 418 708 301 136 711 484 690 248 87 888 901 239 535 849 743 472 274 325 889 871 442 778 650 272 300 602 482 458 320 679 594 617 884 602 384 322 579 694 226 118 114 314 258 467 201 357 892 677 847 848 594 592 540 274 409 520 160 329 269 175 117 134 492 418 287 189 332 191 520 267 272 942 633 921 152 110 691 839 321 147 480 288 167 807 534 781 164 519 659 628 590 891 312 115 619 885 206 805 639 657 716 664 629 271 740 254 611 300 764 227 421 141 813 763 449 247 339 612 136 662 520 361 163 794 122 172 822 731 233 372 292 763 515 399 653 184 807 214 620 355 705 178 792 192 300 691 401 337 307 713 175 448 294 479 0 501 664 395 198 469 692 502 244 239 401 795 541 270 852 604 458 772 423 668 420 277 182 399 898 197 724 768 389 810 843 137 843 263 810 500 225 219 597 328 489 356 403 416 205 474 586 164 898 290 332 406 491 877 480 671 389 706 158 527 621 387 620 887 276 265 509 781 653 748 659 459 842 646 190 790 567 93 642 643 500 155 614 207 355 361 586 590 477 112 405 70 381 423 888 281 429 798 66 467 631 400 802 283 271 857 809 183 745 573 372 719 359 890 272 376 263 696 242 572 334 253 265 711 477 456 649 267 165 624 531 133 855 721 230 669 331 527 431 852 261 349 687 550 477 817 304 513 101 218 228 492 552 424 451 186 851 561 359 585 50 201 385 195 115 149 712 577 207 874 804 149 794 232 502 398 588 301 805 868 864 239 303 230 407 666 234 670 141 347 684 264 704 564 744 734 780 762 858 814 604 545 789 237 721 660 879 667 650 866 119 405
479 107 333 381 299 96 324 452 238 289 194 122 416 359 337 239 253 470 225 217 231 406 132 224 368 7 86 251 519 322 289 372 476 248 83 364 171 369 16 158 374 396 159 162 269 250 179 290 437 255 301 295 348 235 119 194 64 343 298 159 274 163 408 164 85 367 77 154 37 161 429 70 157 384 291 215 137 213 282 257 260 228 428 478 82 22 349 281 216 418 273 329 294 130 118 121 374 205 156 94 138 240 488 417 188 261 343 308 270 192 210 249 330 252 354 511 251 183 149 213 69 479 403 168 158 327 287 528 458 33 374 212 133 368 127 350 262 365 253 229 251 397 492 445 479 378 112 423 314 41 249 202 462 446 59 324 315 517 305 101 209 131 458 206 161 265 433 171 118 185 103 260 511 383 556 280 361 115 479 205 428 259 367 419 103 114 59 299 151 69 460 179 365 386 384 506 273 99 226 484 365 372 117 513 230 470 173 439 387 501 295 477 276 355 230 447 495 439 33 363 353 74 237 170 198 437 213 472 129 464 422 315 231 212 296 175 152 456 285 472 142 229 306 304 118 382 340 353 112 254 219 197 476 177 171 496 383 338 440 348 358 352 398 139 230 353 175 139 307 326 366 335 128 147 251 372 311 375 238 327 143 165 304 216 335 92 220 38 501 0 213 107 395 54 221 63 260 290 124 354 143 245 394 173 118 376 109 185 110 225 352 102 495 333 298 340 191 371 386 497 385 372 369 107 279 422 306 328 240 263 99 86 353 28 155 387 439 295 173 167 47 438 105 255 123 239 344 52 121 168 174 461 232 360 38 351 304 414 212 77 424 248 462 291 95 492 207 281 19 377 186 324 174 142 134 187 190 432 112 522 225 161 478 416 138 344 484 71 229 114 307 285 469 455 335 497 256 171 129 223 164 517 234 151 510 280 262 105 168 399 276 270 24 87 205 491 337 145 241 413 379 262 308 236 247 59 72 380 241 453 215 56 31 437 198 217 403 313 415 116 157 181 85 430 417 61 203 154 535 319 136 509 466 521 225 115 528 452 368 353 395 306 69 104 112 242 418 391 465 288 236 503 125 201 319 238 387 155 270 487 261 63 249 235 325 317 476 368 140 229 312 372 246 242 478 199 335 425 483 98
679 313 146 581 86 166 481 246 57 77 195 129 569 569 131 361 450 677 80 408 115 204 259 428 162 217 298 309 698 520 90 570 265 38 139 551 378 572 196 226 161 183 79 52 270 341 239 150 260 457 484 502 161 447 264 111 190 131 481 92 76 63 215 267 134 556 142 118 220 52 220 266 331 175 503 318 78 413 410 412 49 424 218 677 131 225 146 72 380 607 116 507 459 329 321 92 162 8 332 191 105 447 685 617 385 222 155 109 58 121 389 107 117 457 149 313 107 340 346 69 205 683 585 364 363 494 105 728 649 216 533 36 220 167 247 170 468 532 46 223 40 603 673 235 267 582 130 210 102 216 446 339 250 233 252 116 167 724 515 164 211 206 669 43 70 132 226 62 297 346 109 49 713 547 738 489 568 197 679 416 229 62 187 206 121 101 154 505 255 157 655 374 572 580 553 696 251 309 378 682 577 568 145 719 409 278 40 260 575 687 104 276 486 525 226 656 691 240 188 152 538 265 48 42 93 231 415 659 103 251 623 160 64 11 89 85 68 664 77 678 71 365 100 498 245 566 149 144 324 430 428 64 667 72 155 708 574 132 627 534 158 158 602 298 428 144 162 265 153 508 155 531 108 331 42 565 136 571 442 151 355 338 514 127 517 221 370 250 664 213 0 302 594 266 44 174 443 486 266 142 125 394 190 61 206 170 321 66 321 406 543 292 283 524 88 128 404 159 181 687 181 579 157 165 459 625 200 539 226 475 295 274 550 228 78 579 236 502 340 380 192 227 185 62 282 48 517 163 140 380 45 248 422 567 238 138 149 234 8 213 211 79 661 183 118 675 29 128 200 565 54 517 380 318 83 86 205 616 321 699 301 244 266 625 236 137 661 283 73 272 171 491 677 244 146 694 113 96 317 126 370 311 423 289 716 77 426 108 341 605 476 57 227 213 316 698 509 75 191 600 192 57 505 33 457 159 274 189 419 665 42 160 217 232 372 412 563 506 619 173 116 248 297 628 205 166 414 79 688 508 344 708 653 713 87 99 727 240 156 526 188 503 172 289 101 446 213 205 254 482 440 706 259 25 444 36 573 339 72 694 48 180 128 145 118 105 270 158 72 168 128 576 68 54 267 30 194 214 670 297
378 31 400 279 386 145 222 547 336 375 209 228 313 271 432 161 149 375 292 111 286 504 94 125 445 100 77 212 412 219 386 269 567 340 188 258 80 269 120 151 460 482 261 251 258 190 274 341 541 154 194 201 449 158 75 250 114 433 191 263 351 244 508 126 188 261 181 212 131 252 522 38 59 462 214 156 224 111 195 158 345 123 520 376 180 86 425 374 116 312 335 222 190 27 24 212 463 295 56 197 207 146 385 316 84 273 409 405 358 244 104 354 417 155 431 576 311 92 44 283 101 380 296 63 64 222 387 427 353 88 270 309 130 465 101 412 167 259 346 235 337 301 385 538 566 280 178 510 399 87 145 122 550 533 51 418 366 422 215 207 217 139 371 304 239 318 528 249 30 91 199 345 411 278 449 191 266 133 378 124 527 338 470 506 206 211 154 203 121 145 356 74 271 281 278 401 274 41 132 382 284 268 171 417 123 571 264 543 281 394 367 545 189 249 233 356 392 508 140 446 246 133 316 261 260 532 113 365 232 550 322 420 304 299 377 279 251 363 378 376 236 145 401 199 93 275 440 433 92 148 131 270 371 279 208 413 278 433 334 241 456 421 299 63 127 433 208 98 361 219 457 231 232 42 343 267 413 271 140 390 78 66 215 322 228 96 128 84 395 107 302 0 293 78 319 128 153 186 79 444 200 150 490 251 128 452 60 286 57 118 247 14 576 227 381 425 124 461 482 391 481 278 459 152 172 323 340 245 245 187 8 29 250 81 232 282 536 201 77 109 111 529 136 333 58 336 238 142 228 97 259 548 126 265 115 437 359 471 300 95 508 318 360 398 188 385 289 339 110 271 264 219 81 45 219 253 199 325 40 415 182 142 561 325 122 438 377 83 299 59 413 189 375 535 436 394 360 235 25 329 70 590 128 89 414 359 159 196 68 303 174 358 84 101 276 396 231 244 264 306 480 356 205 319 160 145 36 480 135 371 313 159 88 509 94 213 299 207 317 152 215 161 73 327 507 168 122 231 431 213 51 407 360 416 328 204 426 539 457 247 473 202 131 20 208 144 492 493 545 183 138 404 87 296 230 321 281 49 347 392 349 169 355 342 420 407 551 460 232 262 413 274 345 320 559 295 380 517 377 11
85 288 676 14 675 431 188 840 629 664 461 516 196 102 724 295 144 104 573 186 560 796 348 171 728 389 324 394 160 74 678 24 857 631 478 73 225 33 410 401 749 770 553 542 467 345 530 608 832 139 125 110 741 188 336 527 404 723 129 554 636 534 801 358 479 60 471 494 408 544 813 330 266 746 165 336 516 183 271 223 634 170 811 84 473 376 707 666 233 57 610 124 180 267 277 505 752 586 265 473 494 160 94 24 209 508 685 698 648 519 211 644 707 145 714 846 587 270 249 567 389 92 86 230 237 160 680 135 77 381 172 601 393 757 360 683 140 147 638 470 627 53 132 829 854 41 466 798 688 379 148 289 839 821 344 710 630 143 115 489 460 406 140 597 528 587 820 538 297 262 491 634 120 158 183 137 61 407 85 203 819 624 761 795 497 504 447 102 364 437 69 220 71 32 142 122 495 297 249 89 134 30 456 137 193 864 556 834 60 127 648 819 144 139 468 109 102 783 427 733 88 386 603 553 540 824 181 100 523 838 32 710 588 590 664 570 543 101 670 100 529 276 693 96 358 81 732 718 309 180 185 556 93 571 477 189 48 725 79 86 748 699 37 303 166 718 475 344 629 111 747 63 523 263 635 42 705 26 157 663 262 261 121 609 107 376 255 362 198 395 594 293 0 349 611 419 161 108 336 735 482 242 783 540 400 734 293 578 291 195 64 302 861 77 669 714 231 751 774 112 774 65 750 435 150 40 589 134 479 177 300 321 44 372 520 43 828 114 263 254 403 820 416 619 316 628 133 435 513 241 550 837 173 68 389 726 628 735 591 381 795 600 68 681 480 128 579 611 401 66 552 80 222 278 511 536 448 86 284 169 373 384 847 91 378 730 141 340 581 325 700 116 108 819 728 102 650 518 277 616 231 867 174 320 133 645 200 489 258 58 119 648 374 383 495 120 140 537 513 66 772 649 89 608 165 438 324 773 187 164 606 450 380 788 230 339 171 90 42 431 497 395 322 35 796 455 205 519 248 96 260 114 96 133 619 496 133 826 747 132 755 91 422 304 501 154 772 785 828 112 159 114 345 588 270 610 74 255 633 116 640 453 644 627 712 698 830 751 524 520 706 40 638 606 842 587 638 807 106 299
433 64 385 335 352 139 299 504 289 343 230 168 390 307 390 233 211 420 277 180 281 458 141 179 421 50 32 267 481 278 341 327 528 301 133 325 124 322 70 183 427 449 210 216 297 255 197 339 484 210 264 246 398 183 124 243 104 396 262 208 327 216 458 177 136 326 128 203 59 215 481 53 136 437 238 219 190 169 271 236 313 187 481 432 135 47 403 334 194 376 324 294 267 93 79 175 427 258 134 125 189 191 443 371 149 297 395 360 324 240 181 297 383 204 408 563 302 168 113 265 101 431 365 131 113 298 337 481 416 64 346 264 159 419 142 401 213 334 306 263 304 348 453 498 533 330 162 476 367 70 206 195 516 499 54 376 364 467 255 140 243 161 406 258 214 314 485 224 101 168 157 313 463 354 516 229 312 148 432 154 480 312 416 472 153 167 112 251 166 119 416 141 315 343 353 464 306 53 209 438 313 328 164 463 198 520 226 487 346 460 347 530 225 323 263 396 451 492 81 417 315 56 290 224 248 489 169 431 179 517 376 362 283 265 350 224 205 406 338 422 195 219 359 262 132 343 390 407 59 223 169 250 434 228 214 443 342 390 400 309 410 405 349 131 187 406 217 148 356 289 420 291 177 120 304 330 360 330 192 379 91 144 253 260 298 115 205 16 469 54 266 78 349 0 273 109 226 248 129 407 191 228 446 226 147 429 57 235 59 193 311 81 548 292 352 394 138 424 438 454 437 323 422 150 244 375 351 275 273 210 71 71 309 49 208 345 491 245 154 113 90 491 142 309 119 291 311 105 165 116 228 514 195 310 41 404 354 464 265 103 477 300 416 332 149 452 260 331 69 337 239 283 127 122 188 238 224 392 67 484 238 182 532 366 158 397 447 19 281 112 351 237 419 508 386 451 303 222 103 267 118 570 198 151 460 333 236 159 146 349 230 324 47 114 200 441 305 198 281 372 428 315 265 289 196 111 46 430 210 400 267 107 62 490 172 173 375 271 367 156 206 202 31 384 470 108 152 207 507 279 90 463 425 478 273 168 481 506 422 321 449 262 115 85 166 195 471 440 519 246 190 455 134 254 307 291 348 127 323 437 315 104 295 277 378 370 530 421 194 272 362 324 297 295 532 252 383 478 441 67
697 326 177 598 95 192 509 231 18 91 234 116 599 580 117 393 467 691 124 428 159 185 287 443 179 226 304 347 723 538 68 588 257 40 140 573 391 588 205 260 163 185 66 77 312 377 213 191 228 473 507 516 132 456 289 153 210 128 503 73 109 96 190 299 137 577 145 154 221 71 209 282 354 189 511 351 100 429 442 440 74 442 210 695 140 237 167 65 405 628 156 531 485 345 335 108 160 45 354 179 137 460 704 634 402 265 185 87 71 162 412 63 121 471 168 333 150 366 363 112 226 698 609 381 377 520 71 746 670 231 561 11 251 147 275 202 482 559 39 264 65 617 697 226 265 597 157 210 113 232 463 368 247 232 268 105 207 737 526 153 251 237 678 15 105 175 212 99 318 371 120 74 729 575 762 500 581 227 696 426 208 97 155 204 120 108 165 519 286 176 674 392 585 599 579 717 293 320 405 700 585 586 174 733 432 253 60 229 596 709 136 295 497 551 267 668 710 260 192 162 560 263 88 65 135 216 431 681 96 251 640 120 107 54 111 60 69 677 68 692 83 395 86 517 271 588 122 160 329 453 440 107 688 50 194 716 595 118 649 556 137 185 617 322 445 159 201 293 193 531 150 550 99 351 43 585 100 590 457 185 364 361 525 87 540 245 398 258 692 221 44 319 611 273 0 194 465 505 291 139 159 423 173 98 235 188 329 42 331 428 564 309 287 544 105 135 411 155 165 708 165 593 152 193 482 641 243 548 267 483 311 291 569 240 111 599 218 515 364 386 209 220 213 99 306 18 542 176 126 389 77 246 442 580 240 143 189 264 51 236 215 121 679 139 131 698 73 169 211 586 94 537 393 339 106 127 244 639 332 724 337 277 269 637 266 124 686 288 116 295 128 505 690 251 118 713 69 135 336 85 383 323 443 317 730 106 452 123 364 619 493 70 238 237 294 711 534 76 234 622 163 46 523 71 467 173 288 162 442 673 6 166 231 249 395 405 592 526 635 202 152 283 304 646 201 167 424 112 719 529 356 726 675 734 45 116 745 240 155 551 202 521 193 308 111 460 229 176 262 501 455 722 286 28 477 73 595 360 104 708 64 177 84 104 106 103 283 150 89 211 96 591 29 94 274 26 234 207 692 312
505 142 278 406 258 33 320 420 212 247 132 126 411 397 305 215 275 504 170 234 171 377 102 254 319 62 140 205 529 345 260 395 439 212 83 379 206 397 53 106 332 354 143 123 211 214 218 230 420 282 313 329 325 279 99 134 17 305 310 149 225 116 384 126 79 384 76 94 95 125 394 93 160 336 335 181 96 238 262 250 217 250 392 503 64 62 300 246 213 435 216 337 294 155 148 86 335 167 160 130 82 273 511 443 210 198 288 279 230 131 218 236 289 283 305 457 193 174 171 159 33 508 415 189 190 328 264 554 476 47 372 184 84 339 93 293 295 367 219 169 209 429 503 410 438 408 53 382 271 44 271 184 422 405 79 290 255 550 342 123 149 77 497 180 112 204 400 122 124 180 77 217 539 384 568 317 394 61 505 246 401 211 348 378 95 90 43 331 112 18 481 200 399 406 387 523 213 139 216 508 408 394 55 545 238 447 137 422 403 515 243 424 315 359 170 483 517 386 68 319 366 138 189 133 140 405 241 487 119 422 449 303 178 171 250 163 128 491 251 504 111 211 274 324 86 394 316 306 168 260 256 145 494 160 108 539 401 305 455 362 330 299 427 130 254 306 112 110 247 337 329 357 121 157 216 392 292 397 268 271 188 167 342 214 346 56 209 95 502 63 174 128 419 109 194 0 271 312 102 316 82 235 363 123 66 326 155 166 155 234 370 117 449 351 254 298 238 333 355 515 354 406 331 44 288 451 243 369 179 307 121 99 376 62 104 406 409 329 171 216 20 401 47 206 113 210 349 31 131 212 131 420 249 393 101 309 244 356 171 43 381 194 487 291 65 504 162 223 44 393 137 344 207 145 91 131 130 445 150 531 182 115 434 453 94 311 493 128 175 102 300 317 503 409 311 520 243 113 143 220 197 466 249 130 542 232 260 71 170 431 302 230 63 48 259 524 341 122 178 428 357 229 331 191 285 27 102 356 248 496 188 62 49 386 201 279 402 332 445 54 97 131 138 454 378 81 244 103 531 335 172 533 481 540 210 77 553 411 329 358 347 328 6 115 86 272 368 370 418 308 266 531 99 169 299 193 401 166 221 520 221 95 243 236 292 279 426 332 106 166 290 402 222 193 432 169 274 389 498 124
244 162 516 150 521 277 90 689 483 510 300 381 171 188 573 141 50 260 416 47 400 647 189 82 570 253 210 238 260 92 530 137 703 481 339 109 118 149 272 240 594 615 411 392 309 191 422 447 690 71 42 120 596 149 180 368 255 570 39 414 480 381 655 197 339 115 333 337 283 395 661 191 111 588 179 178 366 73 131 72 480 52 657 240 330 239 549 515 72 165 450 69 57 133 146 357 598 436 111 349 340 101 246 184 79 348 525 549 495 360 53 504 553 90 556 685 428 109 113 410 239 253 144 95 120 77 535 293 207 239 126 454 233 609 201 523 106 109 488 310 474 189 233 676 697 165 313 643 533 235 52 128 683 666 203 559 469 302 143 361 299 247 277 450 374 427 668 384 147 102 346 480 281 130 297 135 161 250 244 133 671 468 618 640 357 359 304 112 203 289 214 85 172 140 127 253 336 174 91 245 216 132 300 297 33 718 407 692 133 244 490 659 139 98 307 253 250 623 293 576 95 275 447 403 383 674 78 216 383 682 193 571 431 438 508 429 398 253 520 258 382 119 543 68 201 123 586 560 208 22 118 400 224 429 318 326 133 574 185 91 600 539 181 146 61 560 315 185 469 66 594 100 384 115 484 126 562 135 82 503 162 105 148 475 75 222 96 235 244 260 443 153 161 226 465 271 0 61 179 581 326 89 633 386 242 575 180 435 177 37 102 159 703 85 514 559 163 598 624 245 624 175 597 280 19 198 429 185 319 166 161 177 117 234 367 138 679 124 104 173 257 666 260 462 160 480 86 291 381 153 398 681 33 164 266 571 467 575 439 230 639 442 225 551 335 233 425 451 262 122 398 80 115 125 361 379 287 174 161 262 215 224 689 224 219 579 224 223 424 171 565 108 263 661 582 255 511 362 132 482 118 707 29 160 293 488 50 342 101 193 75 495 237 230 409 279 80 392 352 157 628 499 78 454 128 293 189 627 26 290 459 311 239 628 71 292 152 72 196 275 340 234 207 192 642 321 134 366 283 67 142 270 210 270 478 348 290 670 593 95 597 77 272 159 356 86 613 641 669 56 85 275 187 440 147 455 130 106 477 275 487 323 507 495 561 546 670 599 376 359 561 158 492 450 684 440 477 654 228 163
193 185 569 95 567 323 129 732 522 556 356 412 188 128 617 202 38 202 466 78 453 689 241 72 620 284 226 299 235 34 571 84 749 524 373 80 126 91 305 295 641 662 447 435 370 252 437 502 726 42 48 65 635 120 229 420 296 616 49 449 528 426 694 253 373 78 366 386 307 437 706 224 159 638 133 238 408 79 190 133 526 63 703 191 366 271 599 558 131 128 503 75 104 161 172 397 644 479 157 373 386 74 199 131 103 406 578 591 541 411 105 539 599 58 606 740 480 165 142 459 282 199 121 123 135 106 574 243 168 274 146 495 286 650 253 577 66 122 531 368 519 129 206 721 746 106 358 690 580 272 42 188 731 713 237 602 525 246 88 388 357 298 216 490 420 481 712 430 189 157 385 526 228 142 268 88 100 300 193 118 712 516 656 688 392 397 341 56 258 329 170 113 111 95 133 216 396 195 152 196 157 82 348 240 88 757 449 729 99 212 541 713 93 109 366 192 205 677 324 625 74 290 495 445 433 717 79 183 418 730 139 605 480 482 556 464 437 193 563 200 422 180 586 14 251 100 626 610 216 83 100 448 186 465 370 265 94 617 152 67 641 592 123 195 61 610 368 238 523 61 640 45 418 155 527 82 599 85 62 556 168 153 94 506 67 268 157 260 239 290 486 186 108 248 505 312 61 0 229 627 374 150 675 432 292 626 195 472 192 89 64 195 753 44 561 606 150 644 667 206 666 114 642 327 59 142 486 130 377 127 194 213 64 267 412 97 721 70 156 168 296 712 308 511 208 521 96 329 411 151 442 729 66 103 289 618 522 630 483 273 687 492 175 580 374 205 471 505 296 91 444 35 123 170 403 428 343 146 182 240 275 279 739 163 271 623 203 241 474 217 597 56 204 711 622 208 546 410 169 513 130 760 67 214 236 537 109 382 150 133 27 541 269 276 413 221 96 430 409 125 666 541 19 500 95 331 219 666 85 229 499 345 274 681 124 275 164 23 139 323 389 291 224 142 688 351 120 411 284 38 158 221 177 231 514 389 241 719 639 103 648 17 314 197 394 62 665 679 720 5 65 222 237 481 200 502 103 147 525 217 532 350 540 524 604 590 722 644 417 415 599 99 531 498 734 480 534 700 193 193
421 109 340 324 343 100 219 511 309 331 135 226 309 333 396 116 195 429 237 151 224 470 16 185 392 118 144 139 433 263 354 312 524 304 183 287 152 318 128 74 415 436 244 216 179 127 303 275 519 208 220 260 423 231 5 191 86 391 217 251 301 203 480 49 180 294 176 158 159 221 482 77 70 410 286 92 192 166 162 149 301 171 479 418 166 104 371 338 114 344 274 241 194 99 102 185 419 259 72 216 162 209 425 360 136 196 349 374 317 183 126 338 374 214 378 513 251 74 106 231 70 428 320 118 135 229 362 470 386 92 270 281 58 432 25 349 229 267 312 157 295 354 408 497 518 332 136 464 354 84 192 82 504 487 75 381 299 474 278 217 141 70 433 278 196 253 490 206 52 80 178 301 457 283 472 257 321 71 421 197 494 289 446 461 197 191 143 260 42 120 393 126 328 319 288 432 196 116 114 423 351 308 122 469 146 543 232 520 311 421 312 485 256 260 156 414 429 448 151 397 273 182 268 228 204 496 170 394 221 503 367 404 252 260 329 265 228 418 343 428 210 110 366 240 22 301 412 382 165 165 200 221 403 261 142 478 312 397 363 270 423 363 350 34 178 382 141 20 296 243 415 273 223 79 307 304 391 312 198 328 157 76 279 316 252 46 107 126 401 124 266 79 336 129 291 102 179 229 0 403 147 133 456 207 63 398 136 267 134 143 281 65 524 263 335 380 202 419 447 423 446 334 418 101 195 371 267 313 168 259 78 61 292 98 189 317 501 262 75 188 96 487 81 283 23 306 252 130 230 175 221 502 163 322 152 392 294 405 261 59 460 263 402 393 166 409 247 277 114 301 219 257 152 61 185 200 124 351 118 433 109 63 511 383 46 402 395 143 245 20 402 248 430 483 408 434 344 183 73 322 141 532 163 28 465 309 161 171 79 358 225 317 102 55 325 448 243 223 190 336 454 322 248 275 228 128 87 452 154 437 286 157 93 452 108 289 301 247 367 96 161 82 140 369 463 173 195 188 429 246 129 448 388 449 311 176 468 491 414 260 419 246 101 59 187 203 436 467 491 225 198 450 9 265 198 277 308 86 298 444 308 182 345 338 383 367 494 420 203 191 388 325 320 271 506 266 311 475 406 84
820 456 129 722 60 304 613 112 126 72 308 255 698 711 35 489 591 819 175 549 204 82 394 569 80 358 439 421 834 660 78 710 123 106 276 690 520 713 338 354 30 49 204 194 366 461 342 194 169 598 623 644 94 589 402 223 331 11 619 212 111 201 109 397 273 696 281 247 358 193 80 409 470 77 645 443 220 554 536 545 101 565 76 817 272 367 87 74 516 746 165 644 594 471 463 234 22 150 471 318 241 589 826 758 526 309 130 67 86 233 528 154 31 599 80 216 178 476 487 176 345 824 723 505 505 628 102 869 788 359 665 145 352 60 382 150 611 666 102 326 108 745 810 94 127 724 269 71 53 358 587 471 109 94 394 39 193 866 657 292 321 338 811 153 207 196 90 197 438 483 251 102 854 680 874 631 710 332 820 558 106 118 118 66 257 241 296 647 386 299 794 516 714 720 687 834 339 451 511 823 719 708 281 861 548 161 182 166 714 824 117 177 628 660 329 798 830 150 327 48 676 401 136 184 205 97 557 797 234 112 765 145 156 145 81 198 203 806 71 820 212 496 56 639 381 703 83 65 464 567 570 183 805 189 275 850 714 37 766 672 60 117 743 436 570 63 280 400 181 646 13 672 238 471 103 705 112 712 584 148 497 477 656 203 655 359 504 391 795 354 142 444 735 407 139 316 581 627 403 0 256 527 67 196 341 87 462 181 463 545 683 433 150 664 72 34 545 17 58 826 58 721 16 301 598 767 251 681 324 617 437 415 691 370 215 719 106 644 477 521 334 85 321 124 421 120 653 305 265 522 185 107 562 709 376 25 178 187 145 353 78 152 802 205 260 811 156 174 342 703 184 658 522 457 225 205 321 753 463 833 420 372 131 768 368 30 796 423 165 411 172 633 819 118 85 834 153 222 458 197 512 194 562 424 858 101 561 250 480 747 618 86 369 352 425 840 644 211 283 738 107 93 646 128 599 301 416 96 557 807 144 300 359 132 510 544 695 647 761 307 244 371 438 768 63 304 556 216 816 647 486 848 791 851 161 241 868 101 17 661 88 643 313 431 242 588 114 117 129 623 582 847 395 153 568 126 711 480 112 836 95 315 176 207 39 37 156 20 214 262 95 718 124 135 139 156 213 73 808 439
567 219 200 470 196 55 358 366 176 185 83 148 445 470 252 237 339 572 92 296 90 327 138 323 246 143 222 190 577 408 214 458 377 162 118 434 280 463 129 102 268 289 134 83 168 218 263 148 384 350 367 400 286 356 146 52 90 245 364 147 154 63 339 143 112 441 115 12 169 91 336 170 216 264 413 193 68 306 285 290 155 314 332 564 95 144 226 195 260 491 136 387 337 226 222 75 272 119 218 182 24 345 572 506 277 136 209 233 171 49 273 216 227 353 232 377 112 220 240 84 100 573 466 257 264 372 228 617 533 128 410 148 96 290 126 213 367 410 171 119 150 497 553 350 372 475 32 317 207 124 336 216 357 340 157 237 173 618 415 165 102 82 570 148 55 123 345 62 187 226 86 155 603 424 618 391 463 76 568 322 352 142 311 314 117 94 96 400 131 74 540 266 469 466 431 578 158 218 255 569 483 455 29 613 293 402 100 385 458 568 167 346 389 404 121 554 576 309 137 250 420 215 121 94 60 351 310 540 127 356 513 278 105 117 182 155 111 560 200 572 92 241 223 386 125 447 274 235 249 311 331 74 550 146 43 613 459 253 510 417 282 221 494 181 320 235 50 143 166 390 269 419 131 220 165 451 259 458 338 191 267 222 415 211 399 107 248 177 541 143 125 200 482 191 159 82 326 374 147 256 0 271 312 64 84 253 235 148 235 290 428 187 379 410 188 233 317 273 303 570 302 476 272 48 342 516 165 445 126 385 194 171 438 143 48 464 357 400 222 296 101 341 66 136 167 170 396 95 158 291 82 355 309 463 179 245 163 275 119 105 313 118 549 284 79 555 102 142 124 448 73 404 281 204 61 54 89 497 228 577 178 119 364 524 112 257 540 210 100 157 283 387 572 337 271 581 222 36 209 215 270 390 309 168 609 162 305 73 225 500 368 171 144 100 320 592 388 111 109 482 317 181 394 129 360 87 180 313 301 571 154 116 130 310 255 360 440 393 511 51 15 124 219 515 316 134 320 47 564 393 248 595 535 596 190 69 614 344 267 405 274 391 76 183 88 342 293 330 346 370 336 596 139 131 319 130 455 228 151 588 163 152 230 234 239 222 351 275 82 92 252 469 187 124 360 133 192 329 552 198
321 173 448 233 466 231 87 637 441 455 229 357 177 277 523 53 133 345 355 102 334 598 136 152 506 238 225 152 308 179 484 219 646 432 314 178 162 235 253 174 536 556 377 347 225 103 422 376 651 154 117 207 554 220 136 306 218 516 114 383 420 332 609 130 312 188 307 280 276 352 607 179 92 524 261 95 323 136 51 20 426 121 602 315 299 223 484 466 39 233 383 126 69 144 158 317 541 388 94 339 289 177 320 265 120 268 456 503 442 297 69 470 497 171 492 611 362 63 130 351 202 334 203 121 155 102 493 368 274 216 139 412 175 560 148 452 188 140 441 231 421 276 286 620 637 252 266 583 476 210 133 55 624 606 187 508 396 385 230 344 224 189 365 410 324 358 616 333 128 60 311 426 359 153 349 218 249 197 322 195 622 410 578 582 329 324 275 200 140 252 286 118 260 217 160 316 253 186 19 320 304 212 250 379 71 672 363 652 202 302 427 587 221 135 229 340 320 553 276 516 163 283 391 358 322 622 142 277 353 621 274 536 372 388 449 397 360 338 471 342 342 34 494 155 152 186 543 498 233 67 186 343 290 394 254 414 206 525 248 161 552 472 267 107 133 498 250 130 397 134 539 185 355 110 436 203 523 216 159 433 197 84 234 448 140 179 25 232 270 245 394 150 242 228 423 235 89 150 133 527 271 0 583 334 188 510 201 399 197 74 179 148 638 165 456 501 218 543 574 309 573 263 542 230 94 282 351 271 240 242 157 161 201 217 316 212 628 211 74 219 226 610 210 404 124 436 129 262 360 200 350 622 101 253 263 514 396 500 389 191 577 380 302 526 299 288 373 383 240 191 345 164 160 106 317 321 215 233 178 307 131 156 626 312 159 529 271 233 364 134 535 194 348 596 539 328 477 305 126 454 156 636 97 106 375 429 43 304 83 281 162 442 221 188 427 362 120 356 277 223 585 451 166 400 204 261 183 583 67 378 418 287 217 559 64 341 169 157 280 222 283 161 221 270 585 301 195 316 297 147 168 344 271 335 444 308 363 610 536 137 532 164 234 144 320 163 546 598 604 145 160 354 137 396 81 401 195 105 417 358 434 308 477 470 511 493 601 545 335 287 519 245 451 392 618 397 401 598 289 161
868 499 195 769 121 356 670 58 156 132 370 284 757 753 60 547 639 864 237 598 268 16 449 615 139 399 477 484 888 709 105 759 93 152 312 741 564 760 378 412 81 82 237 241 431 522 352 261 106 645 675 688 65 629 454 283 379 75 671 241 175 252 45 454 310 746 318 303 392 238 45 454 521 131 683 502 267 601 595 601 159 613 54 866 312 409 151 118 570 797 231 697 649 516 508 278 68 197 522 344 294 632 875 806 574 375 195 86 142 294 579 163 96 643 143 248 243 530 534 236 394 870 776 553 549 683 112 917 839 403 722 182 408 27 436 214 654 722 145 390 163 790 863 62 118 770 320 83 118 404 635 528 100 94 440 75 260 910 699 319 383 394 851 188 260 261 41 251 487 536 292 159 901 736 928 673 754 387 868 599 41 180 75 75 293 281 338 692 443 346 844 563 758 770 742 886 405 493 567 872 758 757 334 906 600 95 227 102 765 877 183 213 670 715 393 841 880 194 364 108 728 432 195 230 266 43 603 849 267 110 812 126 217 196 146 225 241 850 113 865 254 553 90 688 434 756 64 128 501 620 613 241 857 219 335 888 764 59 818 724 37 181 789 488 617 127 341 454 247 698 58 721 270 521 149 755 102 761 629 214 537 528 698 213 707 411 559 430 852 394 190 490 783 446 173 363 633 675 456 67 312 583 0 249 395 144 502 211 504 596 733 480 155 714 136 101 583 59 9 877 10 765 55 354 650 813 318 721 389 655 483 462 740 413 267 769 46 688 530 559 380 63 375 186 473 155 707 349 291 562 235 99 612 753 412 90 245 243 195 403 100 215 850 190 303 865 210 240 384 755 238 707 566 508 272 264 382 806 505 888 481 430 136 810 424 55 851 460 227 462 154 678 863 138 69 884 159 279 506 205 556 214 612 479 903 165 616 294 531 792 664 141 411 403 434 884 698 248 347 790 57 134 694 184 640 345 460 44 609 845 178 339 404 172 562 569 752 696 807 362 301 431 477 817 64 339 597 268 875 698 529 897 843 903 179 286 916 102 69 716 137 692 362 478 283 633 159 62 148 672 627 894 449 195 628 183 763 529 175 880 149 348 179 209 72 92 182 47 258 326 91 764 150 195 152 196 279 54 860 484
625 265 161 527 136 109 421 304 114 125 137 125 509 521 189 301 396 626 58 353 81 263 200 376 196 175 258 250 640 465 150 515 318 98 115 494 329 519 156 166 210 231 92 31 216 281 245 133 320 404 427 452 222 402 206 60 137 184 424 106 102 11 276 207 109 500 116 57 188 41 275 217 275 213 458 257 41 360 349 352 94 370 272 622 98 181 177 131 322 551 107 449 400 278 271 58 213 56 276 177 46 397 630 563 332 173 171 169 109 68 332 158 167 405 182 339 88 281 294 43 151 629 528 311 313 435 165 674 593 169 473 87 160 226 188 180 418 473 107 168 88 551 615 290 315 530 73 259 148 167 392 279 300 282 203 174 156 672 466 154 154 146 621 89 12 110 283 2 243 288 78 94 659 487 679 441 516 138 625 369 288 88 248 256 103 77 115 454 195 108 599 321 522 524 493 639 200 262 318 628 531 513 86 668 353 338 44 321 518 629 122 304 438 466 171 606 635 267 154 195 481 235 66 39 47 288 363 601 99 299 570 217 59 53 127 108 69 614 136 626 55 305 160 444 186 508 210 183 285 372 380 28 610 97 96 662 518 190 570 477 218 180 549 240 375 182 103 206 145 451 208 477 104 276 101 510 196 516 391 158 310 281 465 163 459 164 311 210 604 173 61 251 540 226 98 123 386 432 207 196 64 334 249 0 146 204 276 96 277 349 487 239 326 468 130 175 360 212 240 631 239 529 211 106 402 572 171 493 172 430 244 222 496 182 19 523 294 452 282 337 142 281 126 83 226 107 459 121 137 335 21 298 367 516 203 187 141 245 55 158 257 77 607 231 81 616 39 118 157 508 14 462 331 262 40 34 146 558 273 640 240 183 310 576 175 194 602 243 59 215 225 440 626 285 207 639 164 38 263 165 320 345 367 230 664 109 367 70 284 554 423 110 182 156 314 646 450 72 142 543 253 117 451 68 409 114 226 249 361 619 94 127 170 264 315 384 503 451 567 113 55 187 256 573 257 140 367 20 628 452 295 653 595 656 134 61 672 288 207 467 224 448 120 236 73 395 246 266 295 428 389 652 200 70 383 70 515 285 98 642 101 156 175 184 176 160 304 213 48 120 189 524 126 70 309 73 181 268 613 247
484 153 277 387 280 46 275 450 253 269 84 188 364 394 335 159 258 492 174 214 162 410 54 245 328 114 172 139 493 326 295 375 462 244 146 350 207 382 113 41 352 373 195 159 152 151 284 215 463 270 283 322 366 285 63 127 55 329 280 204 237 143 421 65 142 357 140 95 154 164 421 108 134 346 342 120 136 228 207 206 239 233 416 481 125 105 307 278 176 407 211 303 253 153 152 133 356 200 135 195 101 269 488 423 198 151 286 315 255 120 189 286 311 275 314 452 188 135 164 168 49 491 382 178 190 288 306 534 449 88 327 225 19 372 41 287 289 327 252 116 234 417 469 435 455 395 78 401 291 80 255 134 441 423 98 321 239 537 338 189 96 14 493 223 136 192 429 145 109 142 132 239 520 341 533 316 383 9 485 251 434 226 390 398 156 144 108 321 51 78 456 187 390 382 347 494 159 156 172 486 409 372 61 532 209 484 175 464 374 483 249 422 314 320 115 476 492 386 132 334 336 190 205 170 141 435 231 456 177 439 431 351 189 199 266 216 176 481 282 491 157 160 306 303 41 363 354 318 198 227 257 158 466 211 81 538 375 337 425 333 364 300 413 97 240 318 80 59 235 306 353 337 179 140 247 367 336 375 259 266 203 139 339 271 314 34 164 137 458 118 206 128 400 147 235 66 242 292 63 341 84 188 395 146 0 334 176 215 174 206 344 114 461 326 272 317 251 357 386 486 386 396 356 42 258 434 213 371 126 314 123 101 356 101 128 380 441 323 138 233 73 425 23 220 85 248 312 97 195 224 162 439 227 384 154 329 233 344 201 44 396 200 466 348 120 471 185 215 101 364 157 321 208 123 129 137 76 413 162 493 117 49 447 445 31 341 456 165 182 76 352 309 492 419 351 497 293 119 131 276 197 469 226 84 528 246 221 122 142 420 288 255 105 33 321 511 304 173 138 398 397 263 311 213 286 92 119 394 217 496 230 127 90 389 171 319 357 310 430 34 98 66 169 432 400 146 250 127 484 309 179 511 450 512 260 124 531 428 351 321 355 309 61 109 139 264 373 410 428 288 258 514 55 208 243 214 371 147 234 507 247 160 296 293 323 306 431 359 149 134 331 388 264 208 442 209 253 413 468 129
818 468 66 721 94 307 595 168 182 97 282 298 674 722 121 467 592 825 161 548 176 158 387 576 9 379 461 387 818 660 148 709 152 148 308 682 531 715 360 337 63 67 247 215 322 432 401 143 250 602 616 652 181 605 398 207 339 88 612 258 102 213 189 381 303 690 311 241 388 219 134 420 468 16 662 420 239 559 512 530 121 567 121 815 297 385 27 130 506 739 128 633 579 479 473 256 77 178 469 361 245 598 822 757 530 265 61 145 117 216 523 224 78 605 22 145 148 467 493 169 351 825 712 509 515 613 178 868 781 373 645 190 342 146 374 76 619 650 149 290 131 750 796 138 130 728 274 87 76 371 588 456 121 104 406 117 132 870 667 334 290 328 823 199 216 155 149 206 440 474 276 121 854 661 859 643 716 327 819 572 178 117 205 90 291 269 317 653 373 312 789 519 722 716 670 825 293 466 497 820 734 706 281 865 542 231 209 247 706 812 86 107 640 645 293 807 825 72 354 39 668 434 139 209 194 157 562 786 273 115 765 229 148 168 81 247 238 813 129 824 240 477 128 637 376 694 169 29 488 559 582 182 797 235 258 865 708 122 756 665 146 44 747 431 573 30 261 390 124 637 89 671 278 473 146 701 195 709 590 85 514 473 667 268 645 359 490 413 772 376 170 452 734 429 188 326 575 626 398 87 253 510 144 204 334 0 480 228 481 540 677 439 127 660 83 62 564 87 138 817 137 728 92 301 590 768 192 696 286 634 445 423 690 386 223 713 171 653 472 541 346 124 319 121 418 173 640 324 309 539 202 120 561 716 404 63 123 100 169 357 74 135 800 286 282 798 169 130 361 696 190 654 533 457 242 199 296 743 477 817 391 355 116 776 357 117 781 447 153 409 255 640 825 86 171 831 225 217 461 263 522 141 560 415 862 96 549 271 476 753 621 118 386 353 482 845 630 245 243 730 193 145 645 141 611 318 429 181 550 822 192 327 374 62 505 581 674 644 764 303 238 350 460 766 99 335 570 223 788 642 498 845 780 843 223 261 865 105 77 647 22 643 322 436 268 595 43 202 94 622 589 848 389 191 540 139 702 481 106 841 126 350 248 277 119 99 101 101 238 227 178 721 185 134 108 195 145 118 798 449
376 30 433 279 406 180 261 560 346 397 259 225 349 251 446 218 158 363 324 133 324 514 151 124 473 104 31 272 429 223 397 271 584 356 190 273 69 266 125 205 481 504 266 270 315 250 243 382 541 155 216 189 455 127 132 287 145 451 214 265 378 268 515 185 192 273 185 247 115 269 537 68 113 489 183 216 243 117 249 204 367 137 537 376 191 96 454 390 163 323 370 247 227 56 44 229 482 313 109 179 237 135 387 315 101 325 443 416 378 282 142 354 438 148 459 611 347 147 72 313 137 374 314 87 61 256 394 424 361 108 305 320 182 476 156 448 156 289 361 288 358 291 401 554 587 273 208 531 421 111 154 180 571 554 80 432 407 410 198 196 270 188 349 314 265 357 541 275 91 146 212 367 406 310 463 172 255 179 376 97 536 364 473 527 210 222 167 194 178 168 361 95 258 288 307 410 329 21 184 382 257 273 206 406 157 577 281 544 294 407 397 579 167 278 287 339 395 541 138 470 264 96 342 278 294 545 116 377 236 572 319 419 333 319 402 281 261 349 394 365 250 200 415 208 148 292 447 459 33 182 112 299 379 285 251 388 288 446 347 258 466 454 293 124 134 459 253 156 400 240 475 236 234 92 359 276 417 275 137 425 34 119 196 316 249 142 181 72 423 109 321 60 293 57 329 155 180 195 136 462 235 201 502 276 176 480 0 292 4 151 258 72 601 239 405 447 83 479 494 400 494 265 477 189 198 318 387 219 299 154 59 77 254 94 258 292 547 188 131 61 135 547 177 360 118 347 265 158 221 59 281 569 148 253 96 459 398 510 319 135 531 349 360 388 203 400 313 377 121 285 290 230 72 103 240 286 251 340 23 433 242 198 585 309 176 453 396 47 330 117 408 180 362 561 443 395 361 268 80 324 65 621 151 149 403 385 199 213 120 292 175 378 95 144 231 384 260 254 314 320 485 371 211 342 139 163 57 487 168 345 324 164 106 540 138 153 332 218 310 193 250 218 29 328 525 165 95 257 463 228 38 407 372 424 331 222 425 560 476 275 500 208 160 78 221 139 522 497 571 193 134 398 144 310 282 344 297 96 374 380 369 161 352 334 434 425 581 477 248 308 420 268 354 346 585 308 424 534 388 52
663 291 212 565 136 170 485 269 55 131 229 75 576 543 158 374 435 655 140 396 172 222 264 408 219 190 266 338 694 505 107 555 297 80 102 543 356 553 169 245 205 227 26 67 311 362 175 214 255 439 477 480 163 418 264 156 183 170 474 31 142 90 223 280 100 546 108 147 181 58 249 248 325 231 472 334 81 396 423 415 110 410 250 662 106 202 206 107 379 598 180 502 459 311 301 82 202 62 325 137 124 424 671 601 370 270 220 126 111 164 383 71 163 436 208 373 169 340 330 126 199 664 579 349 342 494 102 712 639 198 537 38 233 184 253 236 446 533 81 263 100 582 668 266 307 563 138 252 154 201 431 346 289 274 235 146 232 702 490 111 247 220 641 29 99 194 251 97 288 346 89 110 695 549 733 464 546 207 663 389 244 128 183 246 82 76 132 484 267 148 642 360 549 567 553 687 296 284 381 667 547 554 157 698 403 286 53 257 566 679 169 335 460 524 265 631 678 299 154 203 531 222 114 58 142 254 397 651 56 293 606 137 127 75 149 19 39 641 110 657 58 374 127 485 248 559 155 200 290 425 403 115 657 8 188 677 564 158 619 526 175 222 582 296 412 200 195 271 218 502 192 517 59 321 83 553 127 557 423 217 327 333 488 67 511 220 374 220 668 185 66 286 578 235 42 166 435 472 267 181 148 399 211 96 215 228 292 0 294 399 532 278 329 513 145 177 373 197 203 677 203 557 194 173 453 607 261 510 267 445 278 260 536 206 103 568 255 479 337 348 178 261 192 128 279 60 515 144 84 351 75 287 411 544 201 185 215 299 72 209 257 144 646 136 101 669 88 193 177 556 99 505 358 310 88 130 237 609 297 696 324 260 311 601 247 165 658 249 135 268 137 470 654 293 151 680 78 133 305 68 348 365 412 293 695 141 426 96 336 583 459 110 204 212 254 675 507 44 239 592 194 88 491 99 431 143 254 195 413 634 37 129 198 290 367 363 567 494 600 184 146 270 266 613 243 128 387 104 696 498 321 693 645 702 44 91 712 282 197 524 243 488 166 277 80 426 270 207 304 469 421 687 262 42 458 102 565 329 137 672 102 137 82 88 147 145 324 191 67 216 128 557 61 120 316 36 259 248 662 279
374 27 433 277 407 180 257 561 347 397 258 227 346 249 447 215 155 362 324 130 324 516 149 121 473 105 34 270 426 221 399 269 585 357 192 270 67 263 126 203 482 504 268 270 313 247 246 381 543 153 213 187 456 126 130 286 145 452 211 267 379 268 517 183 194 270 186 247 118 270 538 67 109 490 182 213 244 114 245 200 367 133 538 374 192 97 454 391 159 320 370 244 224 53 40 229 483 314 106 182 237 132 384 313 98 324 443 418 379 282 139 356 438 146 459 611 347 144 68 314 136 372 311 83 58 252 396 422 359 108 301 322 180 477 154 447 154 286 362 286 359 289 398 555 588 271 208 532 422 111 151 177 571 555 79 433 406 408 196 199 268 187 348 315 265 356 542 275 88 142 213 367 404 307 460 170 253 177 374 96 538 364 474 527 212 223 167 192 176 168 358 92 256 286 304 407 327 19 180 379 256 270 206 404 153 579 282 546 291 404 397 579 166 274 285 337 393 541 140 471 261 99 342 279 294 546 113 375 238 572 317 421 333 320 403 283 262 347 395 364 251 197 416 205 146 289 449 459 36 178 110 299 377 286 250 387 285 448 344 255 468 454 290 121 131 459 252 153 400 237 476 233 236 89 360 273 419 273 134 425 34 115 194 319 246 141 177 74 420 110 321 57 291 59 331 155 177 192 134 463 235 197 504 277 174 481 4 294 0 148 255 69 602 236 405 448 83 480 495 397 495 264 478 189 195 316 386 218 297 154 57 75 251 95 258 289 549 186 127 61 135 548 176 360 115 348 262 158 223 59 281 570 144 251 98 459 397 509 320 134 532 349 358 390 204 397 313 376 122 282 291 227 69 99 241 286 249 337 20 430 240 196 586 307 174 454 393 50 330 114 410 178 360 561 444 393 362 268 76 326 62 621 148 147 401 385 196 214 116 290 173 379 95 143 234 382 257 255 312 317 487 372 208 343 137 164 56 489 165 344 325 165 107 540 135 156 328 215 308 192 250 216 32 326 526 167 93 257 459 225 35 404 369 421 332 222 423 561 477 271 501 205 159 76 222 137 522 499 572 190 132 396 142 311 278 345 294 92 375 378 370 163 354 336 435 426 581 478 249 307 421 265 355 347 585 309 423 535 385 50
279 130 481 183 485 240 110 652 446 473 267 345 198 209 537 120 63 291 380 29 365 610 153 78 534 218 180 214 296 123 493 170 666 444 303 146 97 180 237 206 557 578 374 355 282 170 390 413 653 83 79 137 559 147 143 333 218 533 76 378 443 344 618 164 303 151 296 300 249 358 624 155 74 552 187 151 329 62 123 65 443 48 621 275 293 203 513 478 44 202 415 104 76 100 114 320 561 399 74 315 303 103 282 218 54 317 490 512 458 324 17 468 516 97 520 651 393 75 81 374 202 287 181 64 95 105 498 328 244 202 154 417 198 572 165 489 115 141 451 279 437 218 270 639 661 195 276 606 496 199 62 100 647 629 167 522 436 335 159 325 267 211 303 414 338 393 631 347 111 68 310 443 315 161 334 145 188 214 279 123 634 431 581 604 321 322 267 132 169 252 250 56 197 176 160 290 307 142 69 280 234 166 264 329 6 681 370 655 169 281 454 624 148 131 276 281 286 589 258 540 132 244 411 366 347 637 68 253 347 645 226 534 395 401 472 393 361 282 483 289 345 98 506 99 165 160 549 524 181 31 113 363 261 392 283 351 169 537 222 128 563 504 212 109 59 524 280 150 435 103 557 132 347 79 447 161 525 170 85 468 138 68 163 439 112 185 72 201 277 225 406 118 195 193 428 234 37 89 143 545 290 74 596 349 206 540 151 399 148 0 138 123 667 120 477 522 149 561 587 282 587 201 560 243 55 231 397 200 288 168 126 140 151 198 330 174 642 141 68 155 220 629 224 426 124 443 119 255 345 134 361 645 28 190 232 535 433 541 402 193 602 406 260 515 298 270 388 417 225 159 361 115 94 88 324 343 254 211 131 298 188 190 653 251 183 542 260 192 388 134 529 124 293 625 545 291 474 325 96 446 94 672 25 125 325 452 51 305 65 222 94 459 201 193 382 310 113 355 320 194 591 462 108 417 130 256 154 590 17 313 422 275 203 593 35 276 182 105 228 238 303 201 177 227 605 285 124 329 314 103 114 305 247 307 442 311 325 634 556 129 561 106 235 122 319 90 578 604 634 85 87 309 151 403 147 419 167 70 440 306 450 287 471 459 524 509 635 562 339 326 524 188 455 414 648 403 445 617 265 128
143 248 618 58 623 378 125 789 581 612 402 474 150 136 674 232 100 169 518 136 502 747 291 136 672 346 290 331 171 42 629 44 805 581 434 20 189 68 366 342 695 717 507 492 404 281 501 549 787 105 63 104 695 176 282 471 354 671 66 510 582 482 753 299 434 15 427 439 370 495 762 285 212 690 172 274 466 142 206 159 581 124 759 138 426 333 651 616 172 65 552 60 115 223 234 456 700 536 211 436 441 134 144 86 164 446 627 649 596 462 155 600 654 118 658 786 530 211 203 512 339 155 60 184 198 97 633 191 106 334 117 553 336 708 303 625 121 90 589 409 575 108 142 777 799 86 414 745 634 332 105 227 785 767 298 659 570 206 121 450 400 349 200 549 476 529 769 485 246 204 444 581 180 106 205 132 95 352 143 179 771 570 716 742 453 457 401 92 305 388 112 173 108 39 92 154 432 258 187 143 170 35 402 201 135 817 507 789 35 149 592 760 139 80 406 170 148 725 386 678 27 354 549 503 485 774 143 119 479 784 96 667 533 538 610 525 496 165 620 164 481 213 643 50 303 41 685 662 279 119 161 501 124 526 420 249 31 675 88 23 699 641 95 247 124 662 417 287 570 47 695 33 479 213 585 24 659 39 125 604 231 206 128 568 43 323 193 323 182 352 543 247 64 311 564 370 102 64 281 683 428 179 733 487 344 677 258 532 255 138 0 255 805 20 616 660 211 699 724 145 724 106 698 381 88 104 528 155 417 175 255 273 32 328 468 36 779 109 206 230 355 768 362 564 262 580 71 388 473 214 499 783 122 102 352 673 569 675 539 330 741 544 124 642 433 142 526 553 356 28 499 29 186 225 461 481 388 82 245 177 310 325 791 147 321 680 140 305 526 272 659 101 173 763 681 153 607 464 228 575 193 809 121 262 196 590 136 441 203 113 87 596 330 331 475 185 78 490 452 61 726 599 50 555 150 390 281 726 128 220 558 406 334 730 173 332 124 41 105 376 442 334 287 91 743 413 182 467 229 35 222 168 114 170 575 447 188 772 694 73 699 52 371 256 454 124 715 739 771 65 128 176 289 539 206 557 41 204 579 181 588 413 602 587 661 647 772 700 475 460 659 80 591 552 786 539 578 755 130 254
388 43 386 289 374 132 223 537 327 364 195 222 315 283 422 154 158 387 279 119 273 494 81 137 433 95 85 201 418 228 376 278 556 329 181 265 94 280 114 137 449 471 253 240 245 180 274 328 533 165 200 213 440 172 61 237 102 422 197 256 339 233 499 114 180 269 174 199 129 242 511 33 57 450 228 146 214 121 191 157 333 133 509 386 172 81 412 364 115 320 321 227 192 40 38 202 451 284 55 194 195 158 395 326 93 259 396 395 347 230 108 346 406 166 418 563 298 87 54 270 89 391 303 72 77 225 379 437 361 80 272 299 116 455 87 398 180 263 336 221 326 312 391 527 554 291 166 498 387 77 154 115 539 521 44 407 352 433 228 203 203 125 384 295 227 304 517 237 21 88 190 333 421 281 456 204 277 119 388 138 517 325 461 495 199 202 146 214 107 134 365 83 283 290 282 409 260 51 129 391 297 277 159 428 128 562 254 535 288 402 354 532 202 253 220 368 401 495 135 434 253 136 304 250 247 522 124 373 225 538 332 413 291 288 365 271 242 375 368 387 227 139 391 208 79 282 431 420 102 152 144 258 379 271 194 427 286 422 342 248 446 408 310 54 137 420 194 84 348 225 446 240 225 44 333 276 405 280 151 376 92 64 228 316 234 82 124 84 399 102 292 14 302 81 309 117 159 195 65 433 187 148 480 239 114 439 72 278 69 123 255 0 564 235 370 414 138 450 472 400 471 290 448 139 177 334 326 258 231 201 13 18 259 75 220 290 526 214 74 123 101 518 122 321 46 326 242 134 223 111 248 537 133 277 115 426 345 457 289 82 496 305 370 392 178 392 278 326 103 278 252 228 94 42 209 241 185 332 53 421 171 128 549 337 108 428 383 88 286 45 406 201 387 523 427 403 353 222 27 323 84 577 135 78 425 347 160 187 67 315 185 347 79 87 281 407 235 235 250 314 471 346 214 307 173 136 35 471 139 384 304 152 80 497 96 225 301 216 328 138 202 148 80 337 495 162 136 219 433 220 65 417 367 425 320 194 436 527 446 251 460 211 120 6 199 156 480 484 532 192 150 414 73 286 226 309 288 53 335 403 338 165 349 336 409 396 538 449 222 248 404 285 336 308 546 285 367 506 384 20
945 591 190 848 197 432 722 130 276 205 409 403 800 846 180 593 718 951 287 675 304 157 514 701 133 498 580 511 945 787 227 836 81 251 421 810 655 842 478 464 124 102 352 332 444 558 491 267 237 728 743 777 218 727 524 334 463 159 739 361 225 334 188 509 417 817 425 367 502 334 113 543 594 115 784 547 358 685 638 658 235 693 101 942 414 505 154 222 634 866 255 760 707 603 597 374 128 291 596 467 369 722 949 884 655 388 183 214 225 343 650 302 167 730 147 114 276 594 618 294 476 952 839 635 639 740 249 994 908 495 772 293 469 176 501 192 744 777 249 415 244 876 924 100 41 854 398 80 181 493 715 583 56 62 529 188 252 996 791 440 417 456 947 301 338 281 125 328 566 601 392 235 981 788 986 767 841 453 946 695 161 239 229 87 402 383 436 778 501 434 916 645 847 843 797 952 414 588 624 947 857 833 406 991 670 193 323 232 834 940 213 93 764 772 418 932 952 104 470 131 795 547 261 324 320 131 688 914 381 45 891 278 273 283 199 347 348 939 220 950 354 604 205 764 502 821 213 144 607 686 706 306 925 337 385 988 835 181 883 792 183 167 873 558 699 144 389 517 246 765 140 798 385 599 248 828 250 836 715 208 635 600 791 351 773 485 617 532 898 495 283 576 861 548 287 449 703 753 524 150 379 638 155 326 461 127 601 329 602 667 805 564 0 787 197 155 685 135 156 945 156 854 139 427 717 895 310 819 410 755 569 547 817 507 345 840 144 778 599 661 468 92 445 243 545 269 767 444 413 660 321 57 687 841 520 145 246 174 283 482 72 261 927 343 399 926 289 256 481 823 312 781 656 583 361 325 423 870 599 944 517 482 19 901 484 173 908 565 279 536 307 765 951 42 217 958 300 343 587 345 646 66 687 542 988 218 676 389 603 879 747 225 507 479 574 970 758 356 368 857 211 241 772 259 735 438 552 199 677 945 292 443 496 87 632 692 800 771 890 430 364 477 579 893 94 449 693 346 913 769 621 972 908 970 311 380 992 53 133 774 106 770 446 561 383 720 94 212 35 749 714 975 516 298 665 257 829 607 229 967 234 461 322 353 187 184 56 144 354 353 236 847 274 257 20 302 258 101 926 573
159 228 601 68 604 360 120 770 562 593 385 454 157 133 655 218 81 180 500 117 485 728 273 117 654 326 270 317 191 30 610 54 786 562 414 36 170 73 346 325 677 698 488 473 390 268 481 532 768 86 48 92 675 159 263 453 335 653 52 490 563 463 734 282 415 34 408 421 351 476 743 265 194 672 161 259 447 122 196 146 563 105 740 155 407 313 633 597 156 85 535 55 105 203 215 437 681 517 193 416 423 117 162 100 144 431 610 630 578 444 137 581 636 100 640 769 512 194 184 494 320 169 77 165 179 92 614 208 126 315 120 534 318 689 285 608 104 94 570 393 556 114 162 758 781 91 395 726 616 313 85 212 767 749 278 640 554 220 110 431 384 331 206 530 457 512 750 467 227 186 425 563 196 112 224 119 95 334 160 161 752 551 696 724 433 437 381 80 288 369 130 154 108 56 99 174 418 238 172 160 166 47 384 214 117 797 488 770 55 168 574 743 126 82 391 178 166 708 366 660 34 334 531 484 467 755 123 139 460 765 109 647 515 520 592 506 477 174 601 176 462 199 624 31 285 57 666 644 260 103 143 483 144 506 402 256 51 656 108 27 680 624 103 229 105 644 400 270 553 39 677 26 459 193 566 41 640 51 106 587 212 188 117 548 40 305 178 303 197 333 524 227 77 292 544 351 85 44 263 664 410 165 714 468 326 660 239 513 236 120 20 235 787 0 597 642 193 681 705 164 705 108 679 363 72 116 512 148 402 161 235 254 37 308 449 55 760 97 188 212 336 749 343 546 243 560 71 369 453 195 480 765 102 101 332 655 552 659 521 311 723 526 140 622 413 161 508 536 337 47 481 10 167 207 442 463 372 102 225 196 296 308 773 153 303 661 159 285 508 253 639 87 183 745 662 171 587 445 209 555 174 792 102 245 210 572 123 421 184 119 69 578 311 312 457 197 75 471 437 81 707 580 32 537 134 371 261 706 111 224 539 386 315 713 155 316 132 22 115 358 423 318 268 107 725 394 164 448 244 18 202 185 133 189 555 428 205 754 676 75 681 35 352 236 434 106 698 719 754 46 109 191 271 520 199 538 59 185 560 193 569 393 582 567 642 628 755 681 456 444 640 84 571 533 768 520 562 737 150 235
754 395 81 656 20 238 543 184 102 15 236 215 627 651 83 417 526 757 103 483 132 152 326 507 74 302 384 349 764 595 81 645 190 65 227 622 459 649 282 283 80 101 164 136 295 389 319 128 231 534 555 582 140 531 334 151 267 62 552 175 39 138 174 326 222 628 230 177 307 138 152 347 404 88 587 371 161 491 465 475 39 500 146 751 218 309 62 55 447 678 96 575 524 408 401 177 85 96 405 278 175 527 759 693 462 239 87 88 34 161 461 149 42 536 63 228 107 407 424 105 281 759 654 441 444 558 112 804 721 298 594 107 283 122 313 106 549 596 68 254 48 682 740 164 185 661 204 129 19 297 522 401 170 152 333 71 133 802 596 251 249 269 751 116 142 126 162 132 373 414 196 39 789 609 804 571 647 264 755 499 177 47 168 127 209 188 239 584 316 238 727 451 652 653 616 766 268 391 441 757 661 642 214 798 481 231 127 229 646 755 51 190 568 590 257 737 763 154 275 65 608 353 67 129 134 169 493 728 190 169 700 171 85 87 11 164 155 744 57 757 159 425 69 573 313 635 126 57 410 499 510 114 738 152 204 791 646 85 697 604 117 83 680 368 505 56 209 330 119 578 84 606 194 406 63 638 137 646 521 95 439 410 595 189 586 293 434 336 724 298 88 381 669 352 105 254 514 561 335 72 188 456 136 130 272 83 405 145 405 477 616 370 197 597 0 45 488 87 127 758 127 659 87 234 530 702 186 622 253 559 374 352 625 311 150 652 178 583 410 464 272 154 254 53 354 91 583 247 226 464 124 168 496 646 325 58 116 162 87 288 127 80 736 218 203 742 92 106 284 636 117 591 461 391 165 135 249 685 403 763 347 301 180 706 298 85 727 369 93 344 193 571 756 157 126 768 151 153 393 185 450 223 496 355 794 29 492 193 413 684 554 35 310 286 399 777 574 163 211 670 163 66 580 63 539 242 356 155 489 749 109 247 300 145 443 500 624 580 697 239 175 300 383 703 128 254 497 151 744 580 425 782 722 784 144 183 802 157 80 591 100 578 250 367 188 525 126 176 167 557 520 782 327 107 496 61 643 414 40 773 43 268 173 201 73 47 182 92 158 190 122 654 107 64 180 112 157 142 740 377
799 439 95 701 42 283 587 142 126 51 279 250 671 694 61 461 570 801 147 528 173 116 371 551 53 344 426 391 809 640 87 690 145 97 266 667 503 693 324 327 35 57 198 178 334 432 346 160 203 579 600 626 123 574 379 195 312 29 596 208 81 181 143 371 262 673 270 222 347 179 109 391 448 57 630 415 204 535 508 520 81 545 102 796 259 352 55 72 492 723 133 620 568 452 445 219 41 135 450 313 220 571 804 737 506 277 96 83 70 205 505 164 16 580 49 202 147 452 468 150 325 804 699 486 488 603 117 848 765 342 638 139 327 93 358 116 593 641 96 295 89 726 785 120 140 705 248 84 26 341 567 446 125 108 377 56 159 847 640 287 291 313 794 148 186 163 121 176 417 459 237 81 834 654 849 615 691 309 799 542 140 91 149 82 247 228 281 628 361 282 772 496 696 698 661 811 306 435 486 802 704 687 259 842 525 195 168 200 691 800 84 163 612 635 298 781 808 131 315 27 653 392 111 170 179 128 538 773 227 125 744 168 129 128 52 195 193 788 70 801 199 469 66 618 358 680 110 35 452 544 554 159 783 184 248 835 691 63 742 649 92 85 724 413 550 33 253 375 146 623 44 651 230 451 94 683 133 690 565 114 482 454 639 210 631 338 479 378 768 340 128 425 714 394 135 298 559 606 380 34 233 501 101 175 317 62 447 177 448 522 660 414 155 642 45 0 531 45 92 803 92 703 47 279 574 747 217 666 293 602 418 396 670 354 194 696 139 627 455 507 316 109 299 97 399 118 628 290 260 507 167 123 541 691 365 13 144 159 128 333 84 122 781 224 245 787 136 140 327 680 162 636 505 436 208 180 292 730 446 808 390 345 138 750 343 59 771 410 137 389 194 615 801 117 112 813 164 197 438 204 494 189 541 400 839 72 537 235 458 729 598 70 353 330 427 821 619 201 251 715 140 89 625 106 582 285 399 129 534 792 139 288 343 117 487 537 668 625 741 284 219 344 425 747 84 293 540 195 787 625 469 827 767 828 165 226 846 113 37 636 70 623 294 411 228 569 98 150 128 602 564 827 372 144 539 105 687 459 84 817 79 306 187 217 58 38 148 54 200 231 116 699 127 109 140 147 179 98 785 421
309 99 516 217 489 262 252 641 427 480 333 303 330 172 528 253 122 288 407 122 406 595 217 83 556 187 107 327 381 170 479 212 666 438 271 229 58 200 207 275 564 587 347 353 380 294 300 462 618 108 186 121 534 47 198 368 227 534 186 344 462 351 595 247 274 225 266 329 192 352 619 147 152 573 100 264 327 90 269 214 450 111 619 311 273 179 537 472 181 270 452 219 219 103 100 312 565 396 149 251 319 76 322 250 98 397 525 497 461 363 149 432 520 93 542 694 429 184 102 396 217 303 270 101 70 239 474 355 305 191 286 402 255 557 225 530 92 265 444 359 441 219 351 636 670 204 291 614 504 194 117 219 653 637 160 514 487 334 123 271 341 263 268 396 348 438 623 358 150 179 294 450 335 286 410 97 184 256 308 32 617 447 551 609 291 304 249 129 243 251 300 102 184 233 279 352 398 99 206 316 175 216 288 331 154 656 363 621 245 353 480 661 92 252 357 260 333 624 219 553 224 160 425 361 376 626 85 324 316 655 253 495 416 402 486 360 343 273 476 291 333 231 497 162 218 249 527 542 84 174 50 382 322 365 330 305 237 528 295 217 547 537 223 179 102 542 331 220 481 207 557 182 314 132 442 223 495 218 89 507 50 155 120 391 215 219 206 153 389 191 404 124 231 138 411 238 163 150 202 545 317 218 583 360 251 564 83 373 83 149 211 138 685 193 488 531 0 562 575 342 575 192 560 270 178 249 464 138 369 72 128 150 197 178 341 239 628 118 166 25 218 629 257 443 180 429 239 241 298 27 364 652 131 180 172 542 479 591 402 214 614 432 294 459 286 349 396 458 204 239 373 183 59 150 323 368 323 292 90 387 297 265 668 231 246 534 351 123 413 182 482 116 285 644 522 330 438 351 130 399 66 704 136 206 329 468 200 296 154 219 124 461 178 222 266 308 236 336 389 270 564 453 161 425 66 246 137 566 164 262 405 245 190 623 156 129 309 172 241 272 332 284 107 265 608 245 30 340 433 188 73 340 319 364 409 305 357 643 559 248 584 158 242 144 303 88 605 576 654 150 85 326 211 392 296 427 252 131 458 305 452 238 428 407 516 508 664 559 331 385 499 199 434 430 668 390 503 616 333 122
837 473 136 738 77 321 629 97 142 88 323 272 714 728 46 504 607 836 190 565 218 73 411 586 81 375 456 435 850 677 93 727 106 124 293 706 538 730 355 369 24 36 221 211 379 476 357 205 164 615 639 661 98 606 418 238 348 28 636 228 125 218 103 413 290 712 298 263 375 210 65 426 487 75 662 458 237 571 551 561 118 582 59 834 289 384 92 91 533 763 178 660 610 488 480 251 11 167 488 334 258 606 842 775 543 322 136 80 103 248 545 167 46 615 84 207 192 492 504 191 362 841 739 522 522 644 115 886 805 376 681 162 368 60 398 155 628 682 119 339 124 762 826 78 110 741 285 55 67 375 604 487 92 77 411 53 202 883 674 308 335 354 828 170 224 208 76 214 455 499 268 118 871 696 890 648 727 349 837 575 96 133 120 49 274 258 313 664 402 316 811 533 731 736 703 851 351 468 527 840 736 725 297 878 565 151 199 161 730 840 129 169 645 676 343 815 847 144 344 49 692 418 152 201 221 83 574 813 251 96 781 153 171 162 95 214 220 823 87 837 229 511 71 656 397 720 89 69 481 584 587 199 822 205 291 867 730 47 782 689 62 122 760 452 587 68 296 416 190 662 5 689 254 488 120 722 121 728 601 156 514 493 673 217 671 376 520 409 810 371 159 461 751 424 155 333 598 644 419 17 273 543 59 212 357 87 479 197 480 561 699 450 135 681 87 45 562 0 51 843 51 738 5 318 614 784 261 698 338 634 454 432 708 387 231 735 94 661 494 538 351 68 338 140 438 137 669 322 281 539 202 91 579 726 393 33 188 187 162 370 65 166 819 215 277 827 173 185 359 720 200 674 539 474 242 221 336 770 480 849 434 387 116 785 384 40 812 440 180 427 181 650 836 104 92 851 166 238 475 211 529 182 579 441 875 115 578 267 497 764 635 103 386 368 440 857 660 228 296 755 106 110 663 144 616 318 433 94 573 824 160 317 377 125 527 560 710 663 778 324 260 387 455 785 46 321 573 232 831 664 503 865 807 868 176 258 884 85 10 677 83 660 330 448 259 605 108 115 116 640 599 864 412 170 582 143 727 497 127 853 112 332 189 220 53 54 144 14 231 276 105 735 140 150 125 173 221 56 825 456
860 490 186 761 111 347 661 66 149 123 361 277 747 745 51 538 630 855 228 589 258 25 440 606 132 391 469 475 879 700 97 750 98 143 305 732 556 751 370 402 74 78 229 232 422 513 347 252 113 636 666 680 63 621 445 274 370 66 662 233 166 243 52 445 302 738 310 294 385 230 49 445 513 124 675 493 258 592 586 592 149 604 56 857 304 401 143 109 561 788 222 688 639 508 499 270 61 188 513 337 285 624 866 797 565 366 187 78 132 285 570 157 87 635 135 246 234 521 526 226 386 862 767 544 541 674 106 909 830 394 713 174 399 22 427 206 646 713 136 380 153 781 854 66 120 761 311 81 109 395 626 519 102 94 431 65 251 902 691 312 374 385 843 180 251 252 47 241 478 527 284 150 893 727 919 665 746 378 859 591 50 171 76 73 285 273 329 683 434 337 836 555 750 761 733 877 395 484 558 863 750 748 325 898 591 104 218 109 756 868 174 210 661 706 384 832 871 189 356 100 719 425 186 221 256 51 594 840 260 111 803 123 208 187 137 218 233 842 104 856 246 544 81 679 425 747 60 120 493 611 604 232 848 211 326 881 755 50 809 715 31 173 781 479 608 119 331 445 238 689 50 712 262 512 140 746 98 752 621 206 529 519 689 207 698 402 550 422 843 386 181 482 774 438 165 355 624 667 447 58 303 574 9 240 386 138 494 203 495 587 724 472 156 705 127 92 575 51 0 869 1 757 47 345 641 805 309 713 379 647 474 454 731 405 258 760 55 680 521 551 371 66 365 177 464 147 698 340 284 554 226 101 603 744 404 82 236 237 185 394 98 206 842 188 294 856 201 231 376 746 229 698 558 499 264 254 373 797 497 879 471 420 137 802 415 45 842 452 218 453 151 669 854 136 64 875 154 270 497 200 547 213 604 470 894 156 607 286 523 783 656 132 403 394 429 876 689 240 338 781 59 126 686 175 632 337 452 47 600 838 170 330 395 168 553 562 743 687 798 353 291 422 469 808 63 331 589 259 866 689 521 888 834 894 173 278 907 103 61 706 132 683 353 470 275 624 154 66 147 663 619 885 440 186 618 174 754 520 166 872 140 340 174 205 63 83 180 39 250 317 86 755 142 186 151 187 271 55 852 476
65 391 757 125 766 522 232 933 726 755 538 619 191 204 818 359 244 133 659 281 641 891 432 276 812 491 431 454 66 176 774 130 948 725 579 136 331 144 511 481 838 859 652 636 529 403 639 685 932 244 203 222 840 300 424 611 499 815 207 655 723 626 898 436 579 131 572 581 513 640 906 429 356 830 274 404 611 285 322 289 725 269 902 56 571 477 791 760 311 80 691 185 240 367 379 601 843 680 355 579 585 269 45 96 308 576 765 794 740 602 298 745 797 253 798 920 669 351 348 654 483 93 107 329 341 209 778 81 39 479 193 698 476 853 445 761 250 177 733 540 718 144 50 920 941 147 558 887 777 477 248 362 927 910 443 803 705 135 227 594 534 490 193 694 619 666 913 629 391 344 589 724 89 174 74 249 169 494 68 313 915 712 861 885 598 602 546 213 444 533 43 318 176 112 160 11 559 401 321 54 231 127 545 130 278 961 651 934 112 28 733 896 256 178 538 163 30 862 530 820 150 494 692 647 626 918 285 34 624 925 99 811 675 682 752 670 641 144 764 123 626 344 788 193 445 124 830 803 418 259 294 644 21 671 559 228 114 819 61 154 844 780 132 390 268 804 556 428 706 180 839 164 624 357 729 125 804 125 263 742 370 349 232 712 172 467 328 467 137 497 687 391 112 454 708 515 245 206 423 826 570 309 877 631 486 817 400 677 397 282 145 400 945 164 758 803 342 843 869 0 868 168 842 525 229 109 659 240 548 289 400 418 146 472 612 109 923 225 349 364 500 911 505 706 405 724 180 533 617 350 643 925 266 175 495 816 705 809 683 474 882 685 64 786 578 44 670 691 501 123 642 172 328 370 605 623 524 76 388 78 438 463 932 166 461 824 73 447 667 415 804 226 140 903 826 46 752 606 373 719 336 946 265 403 126 732 269 585 346 148 224 740 475 475 607 132 190 635 586 88 871 743 189 699 276 535 425 871 269 224 703 551 479 868 316 450 174 184 119 519 584 470 429 81 886 558 315 611 182 180 364 58 39 26 720 592 71 914 837 174 839 192 516 401 599 261 854 884 911 209 266 94 431 684 309 700 116 349 720 130 732 557 746 731 805 790 910 844 620 596 804 148 736 694 926 684 710 899 23 399
859 490 186 760 111 347 660 66 148 123 360 276 747 744 50 538 630 855 227 589 258 25 439 606 132 390 469 474 879 700 97 750 98 143 304 732 555 751 369 402 74 77 229 232 421 512 347 251 113 636 665 680 63 621 445 274 370 65 662 233 165 243 52 445 302 737 309 294 384 229 49 445 512 124 675 492 258 592 586 592 149 604 56 857 304 401 143 108 561 788 222 688 639 508 499 269 60 188 513 337 285 624 866 797 565 365 186 78 132 284 570 157 86 635 135 246 233 520 525 226 385 862 766 544 541 674 106 908 830 394 712 174 399 22 427 206 646 712 135 380 153 781 854 66 120 761 311 81 108 395 626 518 102 94 431 65 251 902 691 312 374 385 843 180 250 252 48 241 478 527 284 149 892 727 918 665 745 377 859 591 50 170 76 73 284 272 329 683 433 337 835 554 749 760 733 877 395 484 557 863 750 748 325 897 590 105 218 110 756 867 174 209 661 706 383 832 871 189 356 100 719 425 186 221 256 51 594 840 259 111 803 123 207 186 137 217 233 841 104 856 245 543 81 679 425 746 59 120 493 611 604 231 848 211 325 880 755 49 808 715 31 173 780 479 608 119 331 445 238 689 50 712 262 512 139 746 98 751 621 205 528 519 689 207 698 402 550 422 843 385 181 481 774 437 165 354 624 666 446 58 302 573 10 239 386 137 494 203 495 587 724 471 156 705 127 92 575 51 1 868 0 757 47 345 640 804 308 713 379 647 474 453 731 404 258 760 55 679 521 550 371 66 365 177 463 147 698 340 284 553 225 101 603 744 404 81 236 237 185 394 98 205 841 188 294 855 201 231 375 746 229 698 557 499 263 254 373 797 497 879 471 420 137 802 414 45 842 452 217 453 151 669 854 136 64 875 153 270 497 200 547 213 603 470 894 155 607 285 522 783 656 132 403 394 429 875 689 240 338 781 60 125 685 174 632 336 451 47 599 837 170 330 395 168 553 562 742 687 798 352 291 421 468 808 63 331 589 259 865 689 520 888 834 894 172 278 907 103 61 706 132 683 353 469 274 624 154 66 147 663 619 885 440 186 618 173 754 520 166 872 139 340 174 205 63 82 180 38 249 317 86 755 142 185 151 187 271 55 851 476
121 267 673 58 663 422 228 823 610 653 466 490 254 37 708 316 141 98 568 184 558 778 347 153 722 367 294 413 223 86 660 67 844 616 455 123 202 39 388 404 738 760 531 528 483 366 491 610 807 127 151 77 720 146 333 523 392 710 154 531 628 522 780 364 457 110 449 487 380 529 799 313 264 739 109 351 501 169 300 245 622 164 797 124 453 356 701 650 244 121 608 162 211 251 258 488 740 572 262 442 484 133 137 72 199 519 683 680 636 516 216 620 695 123 708 847 585 276 235 560 378 111 147 219 216 200 659 164 138 363 223 583 392 739 359 683 111 197 622 480 615 27 195 814 844 24 456 788 677 363 143 301 828 811 327 694 633 145 69 461 467 404 102 578 517 587 804 527 289 268 473 622 144 211 241 95 14 403 119 169 801 615 738 784 475 485 428 75 367 422 124 209 9 91 196 178 509 273 265 129 69 78 448 141 201 842 541 810 118 187 643 819 100 186 477 80 150 782 404 724 133 352 593 537 535 808 166 162 501 828 69 684 580 577 655 547 524 85 655 100 512 294 677 108 355 137 712 710 275 197 154 547 152 550 476 151 106 709 143 129 730 696 36 301 156 710 475 346 630 147 734 83 500 256 620 94 682 76 138 662 232 260 73 581 147 369 270 337 263 372 579 278 65 323 593 406 175 114 334 721 476 263 765 529 396 728 265 557 264 201 106 290 854 108 659 703 192 738 757 168 757 0 737 427 170 61 597 73 489 128 285 307 74 353 509 102 811 78 265 217 388 807 410 610 312 610 177 417 487 208 537 826 175 13 361 715 629 739 577 371 786 594 109 651 463 191 567 611 381 121 542 104 200 273 497 530 453 151 260 232 389 389 839 50 379 714 205 311 575 320 673 89 97 812 708 144 626 511 267 589 210 865 177 323 138 636 222 472 258 27 110 636 354 375 449 118 183 517 520 130 751 632 98 597 128 421 306 752 199 117 587 428 362 785 235 286 228 107 51 425 490 402 293 87 784 431 171 508 313 123 237 151 159 185 596 480 167 816 735 180 749 99 409 293 483 134 768 763 822 119 140 134 343 571 306 599 132 249 625 115 627 426 617 598 696 685 826 737 508 524 684 27 618 597 836 570 644 794 167 282
836 471 139 737 76 320 629 97 139 87 324 268 714 726 41 504 606 835 190 564 219 70 410 585 85 373 454 436 849 676 89 726 107 121 290 705 536 728 352 369 29 41 218 209 380 476 352 207 160 614 638 660 93 604 417 238 346 27 635 225 126 216 99 412 287 711 295 262 372 208 65 424 486 80 659 458 236 570 552 561 117 581 61 833 287 382 96 88 532 762 179 659 609 486 478 249 16 165 487 331 257 604 841 773 542 324 140 75 102 249 543 163 46 614 88 212 193 491 503 191 361 839 738 521 520 644 111 885 804 374 680 159 368 55 398 159 626 682 116 340 123 760 825 79 113 740 284 59 68 374 602 487 95 81 410 49 205 881 672 305 336 354 826 167 223 209 75 213 453 498 265 117 870 695 889 646 725 348 836 573 94 134 114 53 271 255 311 662 402 315 810 531 730 735 702 850 353 466 527 838 734 724 296 877 564 148 197 157 729 840 130 174 643 676 344 813 846 149 342 53 692 415 152 199 221 82 572 812 248 99 780 148 171 160 96 210 217 822 84 835 227 511 67 654 397 719 83 73 479 583 585 199 821 202 291 865 729 42 781 688 57 126 759 451 585 72 296 415 193 662 3 687 251 487 118 721 116 727 599 159 512 492 671 212 670 375 519 406 810 369 157 459 750 422 152 331 597 642 418 16 272 542 55 211 356 92 477 194 478 560 698 448 139 679 87 47 560 5 47 842 47 737 0 317 613 782 263 696 339 631 452 431 707 385 230 734 92 660 493 535 349 70 337 140 437 134 668 320 278 537 200 94 578 724 391 35 190 192 160 369 69 167 817 210 275 827 172 187 357 719 199 673 537 473 240 221 336 769 478 849 435 387 120 783 383 35 812 438 180 426 176 648 834 109 86 850 162 238 473 206 527 187 578 440 873 116 577 265 496 762 633 102 384 367 435 855 660 225 297 754 102 107 661 143 614 316 431 90 572 822 157 315 375 130 526 557 710 662 776 323 259 387 453 784 49 318 571 231 831 663 501 864 806 867 172 256 883 89 14 677 88 659 329 446 256 603 113 110 121 638 598 863 411 168 583 142 726 495 127 851 111 329 184 215 48 52 150 9 229 277 100 733 136 150 129 170 224 57 824 454
520 172 248 422 241 12 317 410 211 230 89 151 406 422 295 201 292 524 141 249 135 369 95 275 295 106 179 173 534 361 254 411 423 203 112 388 232 415 97 75 314 336 154 116 170 190 255 192 421 302 321 351 323 308 100 98 46 290 318 163 202 102 379 107 107 394 107 60 139 122 381 123 169 312 365 161 94 258 250 248 200 266 377 517 89 103 274 237 216 445 183 343 294 178 174 91 318 158 170 168 60 297 525 458 229 154 257 273 215 93 227 244 273 305 280 425 160 175 192 132 53 526 422 208 216 329 263 569 487 86 369 182 59 331 83 260 318 368 211 126 194 449 509 396 419 428 36 363 253 80 288 176 404 386 110 280 217 570 367 157 106 47 522 180 95 168 389 104 139 182 92 200 555 383 573 343 415 34 520 275 393 189 348 361 119 104 78 352 94 47 493 218 421 419 388 533 170 172 213 522 435 408 21 565 247 442 133 422 412 523 215 394 341 361 127 506 529 357 111 298 375 181 168 128 108 394 261 495 137 403 465 309 153 159 229 175 134 512 241 524 115 202 265 339 80 402 312 283 206 266 283 121 504 169 65 565 412 296 464 371 323 270 446 134 272 283 68 101 211 345 314 372 140 172 206 404 293 411 289 238 220 175 367 230 353 59 206 136 500 107 165 152 435 150 193 44 280 327 101 301 48 230 354 106 42 301 189 173 189 243 381 139 427 363 234 279 270 318 345 525 345 427 317 0 296 468 201 397 135 337 146 123 391 101 87 417 400 352 176 250 61 386 20 184 120 206 353 70 159 244 120 402 262 415 145 292 209 321 160 57 360 166 502 307 80 510 145 188 88 402 118 357 233 157 87 102 88 452 181 534 154 88 412 475 74 300 497 168 148 110 310 339 524 385 309 534 251 84 160 235 222 438 262 125 561 210 262 81 179 452 320 216 103 52 301 544 344 131 134 437 355 221 346 174 312 63 134 352 255 523 188 98 88 358 209 321 399 346 463 13 63 100 176 468 362 118 273 86 526 346 200 548 489 550 217 82 567 391 313 361 322 344 38 135 98 294 341 368 394 323 288 548 95 166 285 175 409 180 198 540 207 134 254 253 282 266 399 319 106 123 289 421 222 171 408 167 235 374 507 150
231 180 530 140 537 294 77 705 500 526 313 399 154 187 590 147 59 251 431 65 414 664 204 96 585 272 229 246 241 85 547 126 719 498 358 92 136 141 291 254 609 630 429 409 318 197 440 460 708 80 26 122 614 161 196 383 272 586 22 432 495 398 672 210 357 100 351 352 301 413 677 209 129 603 186 187 383 89 131 76 496 67 674 226 348 258 563 532 84 149 464 50 47 152 165 375 614 452 128 368 356 112 232 173 97 359 539 566 512 374 71 522 569 99 571 698 442 123 132 425 256 242 126 114 138 61 552 279 191 257 109 472 248 626 217 537 113 91 505 321 490 182 215 692 713 158 330 658 548 253 63 139 699 681 221 575 482 292 146 379 311 262 272 468 391 441 685 400 165 116 364 496 268 112 280 141 156 266 231 147 688 483 636 656 376 377 322 114 217 306 199 104 168 127 109 237 345 192 100 231 216 120 317 287 50 735 424 710 117 227 505 672 145 79 318 246 235 637 312 592 78 294 463 420 398 690 93 199 402 697 182 589 446 454 524 448 416 244 537 248 400 127 560 62 217 106 604 575 226 31 132 415 208 447 332 321 118 591 168 75 617 554 173 162 75 576 329 200 482 49 610 91 402 133 501 112 580 124 94 516 180 122 151 493 58 239 106 254 225 279 459 172 150 244 482 288 19 59 195 598 342 94 650 402 258 590 198 453 195 55 88 177 717 72 530 574 178 614 641 229 640 170 613 296 0 188 440 188 330 175 180 195 107 252 383 123 695 127 120 189 275 682 276 478 177 498 67 309 400 170 415 697 51 161 284 587 480 587 455 247 654 457 212 569 352 216 441 465 280 106 414 70 133 143 378 395 300 156 180 243 224 237 704 218 233 596 205 242 439 188 584 111 254 676 600 241 529 377 150 500 136 721 47 175 282 504 52 359 118 187 79 512 256 247 427 269 62 410 364 141 645 516 72 470 138 311 207 644 41 286 477 330 257 642 88 307 134 64 187 290 355 246 226 179 658 339 149 382 264 54 160 256 193 254 496 366 276 686 609 76 611 72 289 177 374 97 627 658 684 54 97 263 202 457 142 471 113 125 492 265 503 341 526 513 578 562 684 615 394 372 578 151 510 466 698 457 489 670 211 181
60 316 711 49 708 464 228 870 658 697 498 542 231 96 755 335 177 65 608 220 595 826 383 199 762 417 348 434 168 109 708 62 889 663 506 112 251 54 438 437 782 803 581 573 506 384 549 644 859 169 164 130 770 204 371 562 436 755 168 581 670 566 830 395 507 100 499 528 434 575 845 360 301 780 170 375 547 212 311 262 666 202 843 63 502 405 741 697 270 83 645 164 220 297 306 535 785 618 299 496 527 183 76 23 241 546 720 728 681 554 247 671 739 171 748 882 622 306 279 601 421 57 119 261 265 200 709 106 84 410 210 631 428 788 395 719 162 185 669 508 659 36 142 860 887 46 499 831 720 409 180 327 872 854 374 741 667 104 127 514 498 441 105 626 560 623 851 570 330 299 521 666 88 194 182 152 66 442 59 224 849 657 789 828 525 533 476 124 400 468 67 251 70 70 178 119 534 324 288 68 122 70 489 99 229 893 587 862 96 131 683 855 158 178 506 73 89 819 455 766 127 408 636 584 575 855 211 109 551 871 13 737 622 622 698 597 573 62 701 60 559 315 724 132 393 118 762 751 331 218 207 589 95 600 513 152 86 756 98 126 778 734 27 337 197 751 511 380 665 151 779 99 550 296 666 82 733 66 184 699 286 296 132 635 147 410 294 389 219 422 625 323 40 375 641 451 198 142 371 767 516 282 813 572 434 768 318 607 316 231 104 334 895 116 702 747 249 784 805 109 804 61 782 468 188 0 627 134 517 188 331 352 81 401 553 80 859 131 298 274 434 852 450 652 350 658 172 465 539 263 582 870 208 71 414 759 664 772 622 414 829 634 48 705 510 138 611 647 430 104 585 118 249 312 542 570 485 111 310 179 412 421 881 62 414 761 157 364 616 359 726 138 69 853 757 83 678 552 309 642 258 903 209 356 94 678 239 519 293 39 149 680 403 417 509 81 180 566 551 96 801 679 123 641 183 468 353 802 224 132 636 478 410 823 266 347 206 127 11 465 531 432 347 34 829 482 226 552 269 135 286 91 107 124 647 527 108 860 779 171 790 125 453 336 531 181 807 813 862 147 186 81 380 618 309 642 110 288 667 77 672 478 670 652 743 730 865 783 555 557 734 51 667 639 876 618 675 839 112 329
670 365 128 578 206 212 428 355 253 196 133 296 499 599 269 300 456 688 121 413 90 333 253 451 192 306 380 208 651 519 260 565 344 217 277 529 418 577 294 194 243 255 262 202 137 258 416 58 417 472 465 526 326 497 269 119 247 244 461 277 152 181 359 233 271 538 276 155 334 211 320 319 334 209 553 255 208 432 340 371 185 434 310 665 256 304 173 232 357 584 92 476 419 364 364 223 254 202 337 342 178 476 670 612 403 83 132 271 200 117 381 306 223 480 182 262 94 322 373 135 251 682 552 385 402 450 288 718 625 287 475 237 210 307 243 119 496 484 226 119 189 615 632 328 321 592 197 279 202 281 454 301 314 297 308 257 60 731 545 321 130 201 697 243 175 68 335 172 318 329 241 184 708 493 692 524 583 209 671 463 357 156 354 281 270 244 261 524 231 238 636 393 592 566 503 665 106 368 341 670 618 560 189 726 398 412 211 415 552 650 136 242 523 482 122 677 671 212 302 216 513 380 156 207 126 342 437 626 270 306 621 348 137 190 175 276 240 679 236 686 226 316 253 495 248 537 312 195 406 409 467 147 640 264 137 744 556 271 598 511 303 148 609 298 442 196 134 253 71 484 260 528 275 346 218 552 317 563 464 108 415 337 546 326 491 246 334 338 597 306 200 340 589 351 243 243 429 486 267 251 165 351 318 171 213 192 387 261 386 397 528 326 310 512 186 217 464 261 309 659 308 597 263 201 440 627 0 580 111 526 336 314 546 302 177 562 354 528 332 446 262 314 210 151 290 242 479 260 308 437 189 312 422 585 343 228 73 151 193 252 266 124 651 382 238 634 174 81 287 542 164 509 418 328 204 139 144 583 375 648 221 209 302 647 221 270 614 369 127 285 365 513 690 271 311 679 311 147 340 326 408 294 420 275 721 161 392 229 340 619 487 201 304 243 480 707 469 244 77 573 350 231 505 174 496 252 330 341 403 703 243 280 289 224 363 522 502 500 624 195 153 195 377 619 288 297 461 177 607 494 391 694 621 684 288 222 714 297 251 485 212 503 237 321 239 469 216 362 275 481 464 703 258 223 363 173 545 352 154 703 199 315 328 345 259 233 263 271 218 79 303 585 263 152 290 228 53 306 638 342
192 227 645 124 625 390 259 779 564 615 447 440 304 39 665 320 138 156 537 175 531 733 327 130 689 323 244 413 294 118 616 127 803 575 409 175 165 103 344 386 700 722 484 488 477 369 429 586 755 118 177 65 672 92 311 495 357 670 179 482 594 485 733 350 411 164 403 457 330 488 756 276 247 705 40 349 462 149 316 257 585 154 756 196 410 314 669 608 244 188 580 199 234 219 223 447 701 531 244 388 450 104 209 144 178 506 654 635 597 489 211 570 656 104 674 821 556 267 208 527 345 179 207 195 181 234 612 232 210 324 268 539 370 694 338 657 87 241 580 466 576 98 266 773 806 95 422 749 639 325 138 298 789 773 290 651 610 201 42 409 452 381 131 533 481 562 760 491 263 260 431 585 210 259 314 57 73 377 190 123 754 580 688 745 428 441 385 74 350 384 197 188 65 153 246 251 500 231 268 201 38 137 416 198 202 794 499 758 178 259 611 791 57 229 465 125 223 753 357 688 180 296 558 497 505 764 144 234 454 790 142 632 547 538 619 498 480 139 613 160 469 298 634 132 332 193 665 675 222 206 114 514 224 503 452 169 166 665 212 174 685 666 109 282 143 675 451 327 606 183 694 123 452 234 578 151 633 136 118 635 184 245 37 528 186 341 272 291 328 328 539 245 134 275 548 369 185 130 313 681 445 271 721 493 371 696 219 510 218 200 155 258 819 148 622 666 138 698 713 240 713 73 696 397 188 134 580 0 477 66 251 274 125 312 474 164 766 61 253 163 350 766 381 576 290 566 218 376 435 159 498 787 172 66 310 677 604 715 538 340 749 562 181 595 422 262 530 584 339 177 506 140 164 252 458 498 436 217 220 303 385 372 803 97 359 672 274 261 543 296 619 78 152 778 660 216 576 480 240 536 175 835 176 307 196 601 235 431 243 96 110 596 313 346 382 175 220 473 503 195 702 590 123 560 85 381 267 704 204 126 543 383 323 754 227 215 279 136 123 397 460 388 244 160 744 383 126 473 378 157 197 222 230 258 547 440 236 779 695 223 716 122 373 263 440 113 737 713 788 134 118 200 322 529 330 562 190 228 590 172 587 376 565 543 653 644 795 696 467 503 637 94 572 562 801 527 623 753 239 247
560 274 220 469 268 147 318 435 282 257 47 273 391 494 333 190 349 579 154 306 121 404 152 347 283 237 298 101 541 410 308 455 433 256 241 418 319 467 231 95 325 341 257 200 45 148 387 144 477 365 355 420 380 398 171 115 175 315 351 271 214 177 424 127 235 427 237 123 273 210 402 232 229 301 452 144 192 328 230 260 234 327 393 554 217 230 262 283 247 473 161 365 308 267 269 201 334 223 233 302 149 372 559 502 299 29 227 324 252 105 273 329 294 375 271 372 146 213 273 160 174 571 441 282 303 339 329 607 513 212 365 258 117 372 144 219 391 374 266 11 234 506 521 412 416 483 151 368 271 205 347 190 406 388 223 318 160 621 440 287 31 113 590 260 168 132 414 171 220 221 211 234 597 383 582 420 476 126 560 364 429 209 407 368 242 219 211 417 127 182 525 289 485 456 393 554 34 279 230 559 514 449 134 616 289 484 215 476 441 539 210 350 420 371 12 569 560 318 246 301 402 314 198 210 133 421 333 515 252 400 511 386 175 215 243 277 234 570 287 577 215 205 309 386 152 425 367 280 323 299 366 161 529 267 83 637 445 334 487 401 366 244 500 195 336 281 76 151 164 373 336 418 257 244 259 441 360 453 359 203 323 232 442 333 380 159 224 263 489 240 226 245 479 273 267 179 319 377 168 324 126 240 389 172 126 286 299 267 297 288 417 231 410 402 253 293 369 338 379 548 379 489 339 135 330 517 111 477 0 426 243 222 436 227 165 451 430 422 225 354 193 400 134 203 190 273 368 205 283 342 193 404 314 478 277 306 164 261 218 170 358 174 541 402 203 524 197 157 221 431 173 399 319 225 186 141 50 472 283 538 110 105 401 539 123 336 503 291 164 187 396 407 581 370 364 568 336 134 241 336 309 401 312 170 611 224 281 199 234 510 380 252 230 160 436 597 358 235 43 462 408 274 395 213 394 198 243 402 293 598 264 232 215 328 255 445 393 391 515 124 123 88 294 508 373 252 363 164 503 384 296 583 510 573 306 195 603 390 329 374 307 394 173 225 214 364 316 421 376 372 359 593 159 240 256 213 434 249 213 593 247 268 347 355 321 297 368 344 205 62 350 476 294 196 390 245 162 390 527 249
248 166 584 164 561 329 251 713 499 551 394 374 315 102 600 286 116 219 476 140 472 667 274 90 626 258 179 371 335 133 551 163 738 510 343 195 108 145 279 333 636 658 419 424 431 333 365 528 689 95 173 71 606 29 257 436 296 605 174 416 532 422 667 300 346 188 338 397 264 423 691 215 199 643 28 308 398 108 291 232 521 121 691 251 345 250 607 544 209 225 520 202 221 162 163 383 637 467 196 321 389 66 263 193 132 455 594 569 533 430 175 504 592 76 612 762 497 224 154 466 285 239 234 145 124 231 546 292 254 261 273 474 316 629 284 597 62 249 515 416 513 154 306 708 742 144 360 685 575 263 114 258 725 708 228 586 553 266 62 342 400 325 197 468 418 504 695 428 208 218 366 521 271 269 360 43 122 320 247 63 689 518 622 681 363 376 321 83 299 322 246 140 119 187 258 299 452 168 235 256 103 170 356 263 172 727 435 692 206 304 550 730 36 236 414 190 275 693 291 624 195 230 496 433 445 698 102 276 388 726 194 566 486 474 556 432 415 204 548 223 405 263 569 135 278 216 599 613 156 184 61 452 270 437 394 233 195 600 250 188 619 605 161 232 109 612 395 276 548 188 629 143 386 183 514 180 567 171 84 575 120 199 56 462 193 283 237 225 356 263 475 187 177 210 483 307 166 127 259 617 385 242 655 430 314 634 154 445 154 168 175 201 755 161 559 602 72 634 647 289 647 128 631 337 175 188 526 66 426 0 192 215 153 248 411 196 700 67 208 97 288 701 322 513 236 501 222 312 369 95 435 723 142 117 244 613 545 657 474 281 686 501 235 529 357 303 467 525 275 202 444 151 108 201 394 437 383 251 157 343 343 321 739 162 305 606 310 195 482 241 553 74 216 715 594 271 509 419 186 470 118 773 147 258 260 539 213 367 197 154 100 532 249 287 321 239 223 408 449 228 636 525 129 496 38 317 205 638 177 190 477 317 260 693 188 162 290 143 178 338 400 339 179 209 680 317 65 410 404 163 137 279 271 309 481 376 295 715 631 230 654 128 311 206 375 80 675 647 725 129 82 261 268 464 311 498 215 178 528 236 523 309 499 477 588 579 734 631 403 448 571 141 506 500 739 462 567 688 283 187
386 31 393 287 378 139 229 540 328 368 205 220 321 277 424 165 157 383 286 119 281 496 93 133 438 92 73 213 420 227 378 277 559 332 179 266 86 277 112 148 453 475 253 243 257 193 267 336 533 162 202 208 441 163 73 244 107 425 199 255 344 237 500 126 180 269 173 206 123 245 514 30 65 455 220 158 217 118 201 165 337 131 512 384 172 78 418 366 123 320 329 230 198 34 29 204 455 287 63 189 200 153 393 323 92 270 403 397 351 238 112 345 410 162 424 570 305 97 52 276 94 388 304 71 70 230 379 435 361 80 277 301 127 457 99 406 174 267 339 232 330 308 393 530 559 288 171 503 392 79 153 126 543 526 43 410 361 429 222 199 214 135 377 296 232 312 520 242 33 97 191 337 419 286 457 198 273 128 386 129 519 331 461 499 198 203 146 210 120 137 364 82 278 289 286 409 272 39 138 390 290 276 165 425 131 563 256 535 289 403 360 539 195 257 231 363 400 502 132 439 255 126 309 253 254 525 120 374 224 543 329 412 297 292 370 271 243 370 371 383 229 150 393 207 91 283 432 426 89 156 137 263 379 271 203 420 286 425 342 249 448 415 307 66 134 426 203 97 356 227 449 239 224 49 336 275 405 279 147 384 81 73 222 314 236 91 134 77 403 99 295 8 300 71 311 121 161 194 78 437 194 157 483 244 123 445 59 278 57 126 255 13 569 235 374 418 128 454 474 400 474 285 452 146 180 331 336 251 243 192 0 23 258 73 225 290 528 208 83 111 103 522 130 326 59 328 246 135 220 101 252 541 134 272 108 430 353 465 292 89 501 311 368 389 180 393 282 333 102 279 257 227 87 51 212 247 196 333 40 423 183 140 554 332 119 431 385 77 292 58 405 196 382 528 428 402 352 229 32 321 77 584 136 91 421 352 166 189 75 311 182 351 76 95 270 403 239 236 261 315 472 349 213 312 166 138 28 472 143 377 305 151 80 503 102 212 306 216 325 146 209 160 68 335 499 160 127 224 439 221 55 415 368 425 320 196 434 531 450 255 466 210 124 19 200 151 486 485 538 191 146 411 86 288 236 314 289 57 341 399 342 161 347 334 412 400 544 453 224 257 405 281 337 313 552 287 376 509 385 7
406 52 371 307 357 116 238 519 309 346 184 205 331 300 404 162 176 405 263 137 258 475 76 154 416 79 82 200 436 247 358 297 538 311 163 283 109 298 96 128 431 453 235 222 239 184 261 313 514 183 218 230 422 186 57 221 85 404 215 238 322 215 481 110 162 287 156 183 115 224 493 19 72 433 243 149 195 139 202 171 316 151 491 404 154 64 396 345 130 338 306 245 208 56 51 184 434 266 70 179 178 175 413 344 111 249 380 377 329 215 125 328 388 184 402 547 282 99 72 254 71 409 321 90 93 242 360 455 379 62 288 281 106 437 80 383 197 279 318 212 308 330 409 509 537 309 149 481 370 59 172 124 521 504 27 389 338 451 245 187 193 113 400 276 210 289 499 220 33 101 171 315 439 298 474 220 295 106 406 152 499 308 443 477 181 184 128 232 102 116 383 101 300 308 299 427 253 56 142 409 313 295 142 446 145 544 236 516 306 420 337 516 218 270 211 385 419 479 118 417 271 127 287 232 231 504 142 391 207 521 350 394 274 270 348 253 223 392 350 405 208 149 373 226 71 300 413 403 104 169 160 241 397 253 180 443 304 404 360 266 428 392 328 60 155 403 181 81 333 243 428 259 207 62 315 294 387 299 169 361 102 80 244 298 252 68 137 72 416 86 274 29 321 71 291 99 177 213 61 415 171 161 462 222 101 423 77 260 75 140 273 18 547 254 352 396 150 432 454 418 453 307 431 123 195 352 314 274 222 215 23 0 278 58 202 309 508 231 88 132 83 500 107 303 48 308 259 115 205 123 230 519 151 294 102 408 330 442 271 66 479 288 388 374 160 410 260 311 85 297 235 246 110 56 191 224 175 350 61 438 170 121 532 354 100 410 400 82 270 43 388 218 404 506 408 422 335 206 45 305 99 561 153 80 443 329 176 168 82 332 203 329 62 72 271 425 252 217 239 332 453 328 232 290 189 118 26 453 156 400 286 135 62 480 112 227 318 234 346 123 186 142 78 355 478 145 150 201 450 239 78 435 385 443 302 176 454 509 428 268 443 230 102 18 181 173 463 466 515 210 167 432 68 267 238 292 306 70 318 421 320 149 331 318 391 379 522 431 204 235 386 303 318 290 529 267 353 488 402 28
129 247 632 32 632 387 155 796 586 621 418 475 182 104 681 254 101 144 529 142 516 753 304 130 684 347 285 353 184 31 635 20 813 588 436 50 185 37 368 357 705 727 511 499 425 304 493 564 790 99 84 82 699 158 292 483 361 680 88 512 592 490 758 314 437 39 430 450 368 501 770 287 222 702 147 294 473 141 233 182 590 127 767 127 430 334 663 623 189 73 566 90 142 225 235 462 709 543 221 433 450 123 135 68 166 465 641 655 605 475 167 602 663 107 670 802 543 226 206 523 346 136 83 187 196 127 637 178 108 338 150 559 349 714 316 639 105 123 595 427 583 78 154 785 810 55 422 754 644 336 105 246 795 778 301 666 586 185 95 449 417 362 170 554 484 543 776 494 253 218 449 590 164 138 213 110 63 363 129 168 776 580 719 752 455 461 404 71 320 394 107 176 76 36 124 156 453 256 207 132 138 19 412 180 149 821 513 792 53 156 604 775 117 112 425 141 142 739 386 689 59 348 559 509 496 781 140 127 481 794 75 668 544 546 620 528 500 138 627 141 486 234 650 52 314 68 690 674 272 137 149 512 126 529 433 219 42 682 98 55 705 655 67 259 124 674 431 300 585 75 704 19 481 220 592 27 663 22 117 619 224 217 101 568 73 332 213 322 205 353 550 250 44 309 569 376 117 64 292 691 438 201 740 496 356 690 254 536 251 151 32 259 817 37 625 670 197 708 731 146 731 74 707 391 107 81 546 125 436 153 258 278 0 330 477 43 785 86 219 219 360 776 372 575 272 585 103 392 473 204 506 793 129 70 349 682 584 692 547 338 751 555 111 641 438 152 535 567 359 52 508 37 182 234 467 492 404 98 243 191 331 340 803 117 334 687 157 301 537 281 659 83 147 775 686 144 609 474 234 575 191 823 130 276 175 601 158 446 214 83 79 605 332 340 463 162 109 494 470 75 730 605 45 564 133 395 282 730 143 189 563 408 338 744 186 313 156 46 79 387 453 351 283 77 753 414 170 476 254 54 219 157 122 170 577 453 177 783 703 105 711 48 378 261 458 115 728 742 784 68 120 158 301 545 235 566 65 211 589 158 596 412 602 586 668 655 786 708 481 476 663 49 595 562 798 544 595 764 136 257
457 86 340 358 313 90 296 470 258 303 182 147 389 341 355 211 229 451 231 192 233 426 107 202 379 21 79 230 493 299 308 349 492 264 106 339 151 348 39 140 388 410 181 176 253 225 207 291 460 233 275 275 369 220 93 195 55 359 272 182 284 174 429 140 107 342 100 155 62 177 446 43 129 395 276 189 150 190 255 229 273 204 445 456 101 6 359 298 188 393 278 302 266 105 95 136 389 220 128 122 143 220 465 395 164 250 349 327 285 192 183 273 344 231 365 518 255 154 124 220 53 458 377 144 137 300 308 506 434 15 346 231 115 387 104 355 242 337 270 216 265 377 466 462 494 357 115 438 328 22 225 175 478 461 31 341 316 497 287 129 196 115 441 225 171 266 451 181 90 157 121 273 489 356 530 261 341 101 457 188 448 270 389 434 125 132 75 279 128 74 436 154 345 362 357 482 260 81 198 461 350 348 115 493 203 492 188 462 362 476 303 485 258 328 216 428 472 447 60 376 328 89 248 186 201 455 191 447 152 478 400 339 239 226 308 198 172 437 302 452 159 202 324 280 94 356 361 365 106 227 200 205 452 199 166 481 359 356 415 322 378 360 377 111 206 364 169 114 309 300 383 311 151 119 268 348 333 351 217 332 128 137 286 241 309 72 192 36 474 28 228 81 372 49 240 62 234 267 98 370 143 217 413 182 101 386 94 206 95 198 328 75 507 308 311 354 178 387 405 472 404 353 385 101 252 401 302 312 227 248 73 58 330 0 164 363 458 275 145 155 42 455 94 266 96 257 317 65 148 153 187 476 207 340 55 365 306 417 226 58 438 255 440 317 111 466 219 284 29 352 196 300 153 114 146 192 177 406 93 496 202 141 491 398 117 362 457 67 236 86 332 265 450 467 356 474 279 175 102 248 143 527 209 124 490 291 234 120 140 379 253 285 4 68 228 471 310 165 233 388 400 280 285 248 229 69 48 401 214 438 235 78 13 446 170 221 376 288 394 108 158 161 76 407 433 87 186 163 508 294 116 486 441 497 247 129 505 467 384 326 406 282 67 76 130 220 428 413 477 264 215 482 100 219 291 250 362 128 280 467 276 91 274 261 343 333 486 385 156 224 334 351 266 252 491 217 335 442 458 73
606 246 178 507 155 90 404 322 128 144 126 119 492 501 208 284 376 607 71 334 88 282 182 357 215 157 240 237 621 446 167 496 337 116 103 475 310 499 139 150 229 251 93 36 208 266 240 144 336 385 408 433 238 383 187 59 118 203 405 107 121 15 293 190 97 481 103 44 173 45 294 198 256 232 439 241 31 341 333 334 114 351 291 603 84 162 196 149 303 532 121 430 381 258 252 47 232 72 257 167 27 377 611 544 312 169 188 187 128 65 313 169 187 386 201 356 100 263 274 58 131 610 509 292 294 416 180 655 574 150 456 100 142 244 169 196 399 455 124 160 107 532 596 309 334 511 54 279 168 148 373 262 319 302 184 193 168 653 446 145 144 128 602 101 8 119 302 18 223 269 66 114 640 469 661 422 497 120 606 350 306 107 264 275 94 67 98 434 177 90 580 302 503 505 475 620 195 243 300 608 512 494 67 648 334 356 52 337 499 610 140 322 419 448 162 587 616 285 138 214 462 220 85 47 51 307 344 582 94 319 550 230 76 71 146 112 70 594 154 607 52 287 178 424 167 489 227 202 267 353 361 42 591 102 85 643 499 209 551 458 236 197 530 221 356 201 92 187 157 432 227 458 99 257 119 491 211 497 371 173 291 262 446 169 440 145 293 192 586 155 78 232 520 208 111 104 367 412 189 215 48 316 267 19 128 223 258 103 258 330 468 220 345 449 150 194 341 231 258 612 258 509 230 87 383 553 177 474 165 411 225 202 477 164 0 504 313 433 263 318 123 300 107 102 206 122 440 103 131 316 34 317 348 497 187 206 154 260 73 139 277 93 587 239 66 598 58 130 139 489 33 443 311 243 28 39 135 539 254 621 226 166 330 556 158 213 584 225 74 196 236 421 607 304 223 620 175 32 244 171 301 363 348 212 645 128 349 56 265 535 404 129 164 137 305 627 431 71 139 524 270 134 431 88 390 96 207 266 342 600 107 112 152 282 296 368 486 432 547 95 43 172 238 554 276 126 348 1 611 433 276 634 576 637 144 47 653 307 227 448 243 429 101 217 63 375 264 283 314 408 370 633 182 83 367 89 497 265 117 623 120 143 184 191 195 179 323 232 43 117 205 504 140 89 328 85 191 287 594 228
109 282 654 45 659 414 150 825 617 648 436 509 154 137 710 264 135 144 554 172 538 783 327 168 708 381 323 363 142 69 665 37 841 617 469 34 222 64 401 377 731 753 543 528 436 312 533 584 823 137 98 125 730 201 318 506 390 707 101 545 618 518 789 334 470 24 463 475 405 531 798 320 248 726 188 307 502 176 235 192 617 159 795 103 462 368 687 652 208 31 588 88 146 258 269 492 736 572 247 470 477 164 109 58 199 480 662 685 633 498 191 636 690 147 694 821 565 247 239 548 375 124 45 220 232 122 669 156 71 370 130 589 371 744 339 660 147 105 625 443 611 95 112 813 835 78 450 781 670 368 139 262 821 803 333 695 605 177 136 485 434 385 183 585 512 564 805 521 282 239 480 617 147 115 172 153 95 388 110 209 807 606 751 778 488 493 436 114 341 424 76 209 107 12 99 119 465 292 221 108 171 27 438 171 171 852 543 825 17 115 628 795 160 98 440 152 112 760 421 714 50 387 585 539 521 810 176 86 515 819 69 702 569 574 646 561 532 142 656 138 517 246 679 84 339 38 721 698 311 155 190 537 89 561 455 231 6 711 56 51 735 677 80 283 158 698 452 323 605 78 731 57 514 249 621 16 695 28 156 640 263 242 143 603 72 359 228 358 164 387 579 282 43 345 599 406 138 97 317 719 464 212 769 523 380 713 292 568 289 174 36 290 840 55 652 696 239 735 760 109 760 102 734 417 123 80 562 164 451 196 290 309 43 363 504 0 815 129 242 260 391 804 398 600 298 616 93 424 508 244 535 819 157 102 386 709 604 710 575 366 777 580 90 677 469 110 562 589 392 24 535 63 220 261 497 517 423 55 279 148 343 360 827 133 356 716 114 338 562 308 694 125 148 799 717 118 642 499 264 610 227 844 157 298 167 626 170 476 239 100 117 633 366 367 505 157 101 526 487 32 762 635 81 591 175 426 316 762 164 207 594 441 370 765 209 356 129 75 84 412 478 369 321 59 779 448 211 503 214 71 255 133 81 134 610 483 152 808 730 92 735 83 408 292 489 155 751 774 807 100 159 143 325 575 231 593 31 240 614 153 624 448 637 622 697 683 807 736 511 495 695 75 627 588 822 575 612 791 96 290
914 544 228 815 164 402 715 17 201 176 414 327 802 798 105 592 684 909 280 644 310 33 494 660 167 444 521 527 934 754 150 804 67 198 357 787 609 805 423 457 112 104 281 287 472 566 389 299 94 690 720 734 100 674 500 327 425 116 717 284 217 298 48 499 355 792 363 348 437 284 39 499 567 155 728 547 313 647 640 647 203 659 53 912 358 455 183 164 616 843 271 743 694 562 553 324 100 243 568 387 340 678 920 852 619 415 227 131 186 338 625 203 137 689 174 250 285 575 580 280 440 916 821 598 595 729 155 963 885 448 767 228 454 71 482 245 700 767 190 432 208 835 909 45 103 815 366 91 159 449 680 573 88 91 485 120 295 956 744 362 427 439 896 233 305 301 22 296 533 582 338 204 947 782 974 719 800 432 914 644 18 223 98 85 337 326 383 737 488 392 890 609 803 815 788 932 445 538 612 917 803 803 380 951 645 60 272 88 811 922 222 218 715 761 435 886 926 207 409 139 774 476 240 276 310 15 648 895 312 101 858 157 261 241 188 269 287 895 159 910 300 598 136 734 480 801 103 160 545 666 658 286 903 263 379 933 810 104 863 770 81 211 835 534 662 159 385 500 283 744 95 766 314 566 194 801 140 806 675 248 582 574 743 252 753 457 605 475 898 439 236 536 828 491 218 409 679 721 501 106 357 628 46 294 441 171 547 255 549 642 779 526 144 760 178 139 628 94 55 923 55 811 92 400 695 859 354 766 430 700 528 508 785 458 313 815 0 733 576 603 425 56 420 230 518 201 753 394 334 607 280 88 658 798 456 127 281 265 240 449 110 258 896 220 348 910 256 279 429 801 284 753 611 554 318 308 426 852 550 934 525 474 128 855 469 100 897 505 270 508 183 723 908 140 108 929 199 324 552 244 601 208 658 525 948 207 662 340 577 837 710 186 457 449 471 929 744 294 389 836 79 180 740 229 686 391 506 70 654 890 224 384 449 184 608 610 797 742 852 407 346 476 521 863 74 383 642 314 920 744 574 943 889 949 222 332 962 98 103 761 159 737 407 524 328 678 175 75 148 718 673 939 495 240 672 228 809 575 218 926 194 392 217 246 118 136 184 86 304 368 132 809 194 239 147 241 313 56 906 530
191 189 599 100 586 346 200 745 532 576 396 413 253 71 631 261 78 176 493 118 484 700 276 78 646 289 217 354 269 67 583 97 767 539 378 129 124 82 310 334 661 683 454 451 421 310 418 537 730 58 118 5 642 74 261 449 315 633 120 453 553 445 703 296 379 121 372 412 303 451 721 236 194 664 64 291 424 96 255 196 546 96 720 192 376 279 626 573 184 158 534 143 174 175 181 411 663 495 191 365 408 56 204 132 126 452 609 602 559 442 153 542 618 48 632 774 511 210 160 484 302 187 167 145 139 176 581 238 189 286 214 506 320 662 287 610 34 188 545 412 538 103 240 737 767 86 380 711 600 286 78 239 751 734 250 617 561 222 19 384 399 331 171 500 440 515 726 450 214 203 396 546 219 208 296 24 67 329 190 92 723 539 661 707 397 407 350 17 297 345 183 136 70 121 196 236 445 196 209 198 93 103 372 218 142 765 463 732 139 239 568 745 31 176 410 154 215 708 326 647 131 276 517 460 460 730 92 210 423 751 134 607 505 500 579 469 446 162 577 177 434 238 599 75 283 150 635 634 199 145 76 471 206 472 403 216 129 631 184 124 652 621 105 230 86 634 402 275 558 128 657 76 422 183 543 114 605 104 64 588 155 191 24 504 132 294 212 260 290 295 502 201 114 245 515 329 124 70 262 644 400 211 688 452 323 653 188 479 186 141 109 214 778 97 583 627 118 661 680 225 679 78 660 352 127 131 528 61 422 67 208 231 86 275 433 129 733 0 197 142 311 729 335 534 239 533 163 340 409 131 460 749 112 65 284 638 556 667 500 296 710 519 176 574 386 237 491 537 304 136 465 88 122 201 420 454 384 184 183 277 328 319 763 123 307 637 243 234 500 247 596 17 175 736 630 212 549 436 192 512 133 790 116 253 215 560 174 395 188 104 49 559 277 300 382 196 165 440 451 161 673 555 67 520 52 344 228 675 143 175 510 350 285 710 170 227 228 81 123 351 415 334 216 147 707 353 95 432 338 102 159 222 206 247 519 403 239 740 658 169 674 66 332 217 405 59 693 685 746 75 65 210 271 494 269 522 149 176 549 192 550 349 540 521 618 607 752 660 431 453 607 81 540 521 760 492 573 717 218 205
347 102 413 251 417 174 152 585 382 406 201 288 244 269 470 89 125 358 312 81 297 544 85 123 466 166 153 163 359 190 428 238 599 378 245 212 108 246 182 139 490 511 313 290 224 128 348 346 591 140 145 195 495 182 76 265 154 466 142 318 375 278 553 98 244 219 239 233 202 294 557 105 18 484 232 100 264 104 119 84 376 102 553 343 233 151 445 412 43 269 347 167 123 75 87 256 494 333 21 267 236 149 350 286 76 254 422 447 392 256 52 407 449 150 452 584 324 18 66 306 138 355 246 65 96 158 434 396 311 146 202 353 130 506 97 421 167 196 386 215 370 284 334 572 593 261 210 539 428 140 122 53 579 561 114 456 369 402 215 273 202 143 366 350 271 325 565 280 55 15 247 376 383 214 398 196 252 146 347 150 568 364 518 536 262 260 208 192 102 189 318 68 260 244 216 357 247 114 56 348 289 234 197 397 71 616 305 592 236 347 386 557 197 188 213 345 354 521 205 472 199 209 343 301 279 570 109 319 287 577 294 473 327 334 404 332 298 348 417 356 281 70 440 167 97 226 485 456 163 90 148 295 328 331 215 413 237 471 288 195 497 436 279 42 111 456 212 82 367 169 490 200 288 39 381 229 462 238 135 400 134 12 217 381 177 119 51 158 332 173 340 77 263 154 364 171 104 156 75 477 222 74 530 282 138 472 131 337 127 68 206 74 599 188 410 455 166 494 521 349 521 265 493 176 120 298 332 253 225 208 83 88 219 145 263 242 576 197 0 160 159 562 156 358 58 379 179 195 290 142 295 577 91 253 189 467 365 474 335 128 534 338 328 458 235 335 321 349 170 226 294 183 107 32 259 275 188 276 108 360 134 123 585 315 115 476 322 159 320 69 470 182 359 557 481 359 414 257 52 388 100 604 90 58 393 384 90 242 12 288 156 392 149 127 353 377 170 293 255 261 527 396 175 350 173 195 109 525 79 373 358 218 146 525 33 278 232 173 295 170 236 137 148 295 538 231 150 262 364 171 103 373 313 374 380 247 393 566 489 187 493 173 171 71 257 140 510 540 565 152 135 377 83 338 153 351 233 37 372 373 383 236 412 402 458 442 567 495 275 259 460 254 392 346 580 338 379 550 331 88
333 81 494 240 465 241 261 616 402 456 316 277 343 197 503 249 137 313 385 129 385 570 203 97 533 163 82 317 401 191 454 234 642 414 246 247 58 224 183 259 540 563 322 329 367 288 276 442 593 126 200 144 509 72 184 347 206 510 200 319 439 328 570 234 249 245 241 308 167 328 595 127 145 549 125 257 303 100 270 217 426 122 595 334 249 156 514 447 181 291 431 233 227 91 86 288 541 372 141 226 297 96 346 274 101 381 504 473 437 343 152 407 496 112 519 672 408 178 95 374 197 328 289 99 65 250 449 380 327 169 298 377 238 532 210 508 114 279 419 343 418 243 372 611 646 228 269 590 481 172 132 213 629 613 140 490 467 360 148 246 325 245 294 371 325 417 598 335 137 174 270 426 360 300 432 122 208 237 332 51 592 424 525 585 266 280 226 152 230 229 323 102 209 255 294 375 383 78 206 340 200 238 267 356 160 631 339 596 265 375 458 639 117 266 342 286 356 602 194 530 242 135 402 337 355 602 96 345 291 631 276 470 394 379 462 335 318 298 451 316 309 228 472 181 202 268 502 519 59 182 70 360 344 340 311 330 258 503 316 235 522 514 247 168 115 519 312 206 461 223 533 203 289 124 418 244 470 240 106 486 31 149 145 366 231 200 204 129 406 167 380 109 254 113 386 216 173 168 188 521 296 219 559 337 233 541 61 348 61 155 230 123 661 212 464 507 25 538 551 364 550 217 535 250 189 274 446 163 354 97 111 132 219 155 318 260 603 142 160 0 196 605 237 420 166 404 253 217 272 20 340 628 140 205 147 518 458 570 378 195 591 410 318 434 262 370 373 437 180 258 351 202 60 140 300 346 307 312 71 407 287 251 645 256 231 510 370 98 391 168 457 138 311 621 497 354 413 329 119 374 63 681 145 195 354 445 206 272 148 244 144 437 155 203 245 333 250 311 371 290 539 429 181 402 90 223 116 541 170 287 381 221 167 601 156 122 322 190 265 253 311 270 82 288 584 220 49 318 449 205 60 364 340 387 384 281 381 619 535 262 561 178 220 129 279 106 583 550 631 168 103 351 196 367 299 404 271 124 435 330 428 213 402 382 491 483 641 535 307 367 474 223 409 407 645 365 483 592 355 105
489 123 298 390 276 50 310 437 226 265 147 131 402 379 321 211 259 486 189 219 191 393 98 236 339 45 120 210 516 329 275 379 456 229 87 365 187 380 40 114 350 373 154 140 223 214 214 249 433 265 299 311 340 259 92 154 18 322 296 159 244 135 399 127 85 369 80 114 81 141 411 75 147 355 316 180 113 221 257 241 235 234 409 486 73 42 319 263 203 420 236 324 283 137 129 101 352 184 147 125 101 255 495 426 194 214 308 295 248 150 204 248 307 265 325 476 213 165 155 178 27 491 401 173 172 317 278 538 461 27 361 199 90 354 91 313 277 356 235 183 227 411 490 427 456 391 73 400 289 25 255 177 440 423 61 307 274 532 324 123 162 85 479 194 131 224 417 141 110 169 89 235 522 373 554 299 376 69 488 227 416 230 361 396 103 102 48 313 113 34 465 184 381 391 376 509 227 120 208 492 389 378 74 528 225 462 153 435 388 501 262 444 296 347 183 465 501 406 60 337 352 121 208 150 160 421 223 473 128 441 432 314 198 189 269 173 141 473 268 487 126 205 290 309 82 380 330 325 148 247 238 164 479 172 126 519 386 322 441 348 345 319 410 120 237 325 129 106 267 323 346 341 129 143 232 376 305 381 250 291 168 155 323 222 332 54 201 76 491 47 192 111 403 90 209 20 257 296 96 334 101 226 380 142 73 346 135 178 135 220 355 101 468 336 272 316 218 351 371 500 371 388 349 61 275 434 262 350 193 288 103 83 360 42 123 391 425 311 159 196 0 419 59 226 103 225 337 35 134 193 149 439 233 375 85 328 264 376 189 38 399 214 471 299 78 491 180 243 28 378 156 328 189 132 109 151 143 431 131 518 186 119 453 434 97 327 480 108 195 92 310 299 485 428 326 504 255 133 127 228 178 486 234 123 524 251 250 86 158 414 285 248 43 46 248 506 329 135 195 414 371 246 315 210 266 36 83 371 235 477 203 62 29 405 189 261 391 317 428 69 116 138 118 437 396 79 225 123 522 320 153 517 467 525 222 93 537 429 347 346 366 312 25 99 99 254 388 384 437 293 249 514 94 185 294 212 387 151 240 502 239 90 252 244 309 297 446 349 121 184 304 385 236 212 451 184 293 406 484 106
905 541 187 807 145 389 696 47 205 156 388 335 780 796 103 570 676 905 256 634 282 65 479 655 123 443 523 499 917 746 153 796 37 191 359 775 605 798 422 436 75 59 285 279 439 541 411 261 149 683 708 729 129 674 486 304 416 97 704 291 191 286 96 480 356 781 364 331 440 278 20 494 555 108 729 524 305 640 618 629 186 650 11 903 356 452 141 157 601 831 238 728 677 556 548 319 68 235 556 397 326 674 911 843 611 382 184 137 171 315 613 221 113 684 132 194 255 560 573 259 431 909 807 590 590 712 169 955 873 444 748 228 436 88 466 200 696 750 185 402 193 830 894 14 55 809 354 38 134 443 672 555 37 35 480 115 254 951 742 371 399 422 895 235 292 268 35 282 523 567 335 186 939 763 958 716 795 417 905 643 71 200 137 34 340 325 380 732 470 384 879 601 799 805 770 919 411 535 595 908 803 793 366 946 633 114 266 144 799 908 190 162 713 744 406 883 915 152 411 99 761 482 220 269 288 42 642 881 316 47 850 189 238 230 161 276 286 892 153 905 296 578 133 724 466 788 125 120 548 652 655 267 890 269 357 934 799 103 850 757 96 167 829 521 655 120 362 484 244 731 72 757 319 557 187 790 164 797 669 207 581 562 741 271 739 444 587 476 877 438 227 529 820 491 220 401 666 712 487 85 341 610 63 281 425 124 547 261 548 629 768 518 92 749 154 109 629 68 66 911 66 807 70 386 682 852 314 766 400 701 522 500 776 455 300 804 56 729 562 605 419 0 406 206 506 201 737 390 344 606 270 36 647 794 459 96 243 213 230 439 56 231 887 253 344 895 241 244 427 788 268 743 607 543 310 289 401 838 547 917 499 454 75 853 452 96 880 507 247 496 217 718 904 84 130 920 218 306 543 264 597 154 648 509 943 181 645 335 565 832 703 171 454 437 494 925 728 294 357 823 118 176 731 212 684 386 501 106 641 891 225 384 444 129 595 623 777 732 846 392 328 453 522 854 27 386 641 301 896 732 571 933 875 936 234 326 953 42 74 745 109 729 399 516 326 673 121 120 92 708 668 932 480 237 648 211 795 565 193 921 180 397 239 270 114 122 128 70 299 338 151 803 201 218 92 239 269 13 893 524
501 158 264 403 261 23 297 430 231 250 89 165 386 405 315 182 273 506 158 230 150 389 74 257 313 103 170 160 514 342 274 392 443 223 125 369 216 397 98 60 334 355 172 136 165 174 265 206 441 283 302 334 344 293 80 114 41 310 298 181 220 122 399 88 120 375 119 78 140 142 401 110 150 330 350 143 113 240 231 228 220 248 397 498 103 97 292 257 196 425 199 323 274 162 159 110 338 178 151 176 80 280 505 439 211 156 274 293 235 108 207 263 293 287 299 441 176 155 175 151 42 507 402 191 199 309 283 550 467 79 349 202 41 351 62 276 301 348 231 124 214 431 489 415 438 409 56 383 272 72 270 156 423 406 98 300 231 551 350 168 104 31 505 200 115 182 409 124 121 162 108 220 536 363 553 326 397 16 501 259 413 208 368 380 133 121 87 334 75 57 474 200 403 399 368 513 168 159 193 503 419 388 40 546 227 463 153 442 393 503 233 410 324 341 125 488 510 373 115 317 355 179 187 148 126 414 244 475 153 422 447 328 172 179 248 193 153 494 262 505 134 182 285 320 60 382 333 302 197 246 267 140 484 188 74 549 393 316 444 351 343 287 428 115 254 302 76 81 226 325 334 353 156 154 226 385 313 392 272 254 207 156 350 248 333 40 186 130 480 105 185 136 416 142 213 47 260 308 81 321 66 210 375 126 23 319 177 192 176 224 362 122 445 343 254 299 257 338 365 505 365 410 337 20 276 450 210 381 134 322 130 107 372 94 107 398 420 335 156 237 59 406 0 203 100 226 333 77 172 230 140 422 243 397 143 311 223 335 180 42 379 184 482 324 96 490 165 203 87 382 138 337 217 138 107 120 85 432 167 514 139 71 431 458 55 320 476 160 166 91 329 322 506 404 329 514 270 102 143 253 206 455 242 105 543 229 241 98 159 434 302 235 97 35 306 526 324 149 139 417 375 241 327 194 296 71 121 373 235 507 208 107 82 375 189 315 379 327 445 16 81 86 167 449 382 127 258 106 506 327 185 528 469 530 236 101 548 411 332 341 340 325 42 118 116 276 359 388 413 304 271 530 74 186 266 195 390 162 217 522 227 141 273 270 302 286 417 339 126 131 309 402 241 190 427 187 247 394 487 135
704 348 85 606 66 188 490 236 105 54 184 188 574 603 130 364 475 707 51 432 82 202 274 458 113 258 341 298 711 545 110 594 242 67 191 570 412 599 239 230 132 153 140 97 246 337 302 95 275 485 503 534 179 485 283 98 219 114 500 154 19 92 221 274 185 577 193 125 269 102 204 300 352 130 541 319 120 441 412 423 34 450 198 700 178 264 94 83 395 627 60 523 471 360 354 137 138 68 354 248 126 479 708 642 412 192 94 123 50 109 409 158 94 487 99 258 61 355 375 53 232 709 602 392 396 506 137 753 669 252 541 95 230 169 261 108 500 543 75 203 38 632 688 217 235 611 155 181 72 250 472 348 221 203 286 115 109 753 548 222 197 216 703 103 95 84 214 85 322 362 157 34 739 557 752 523 598 212 704 452 227 6 207 179 175 151 197 535 264 192 676 402 603 602 564 714 222 345 389 706 614 591 163 748 429 281 94 274 594 703 43 222 521 538 207 688 712 185 235 114 556 315 19 93 81 221 444 676 161 219 649 197 32 55 46 147 125 695 87 707 123 372 107 522 261 583 166 100 368 447 463 63 686 134 151 745 595 131 645 553 163 100 630 317 456 100 156 278 94 526 137 556 166 356 67 587 167 595 472 88 394 358 548 186 534 242 381 293 671 255 62 333 619 309 99 206 462 511 283 124 136 404 186 83 220 121 360 128 360 426 564 321 243 546 53 97 443 140 177 706 177 610 140 184 478 652 151 576 203 513 326 303 575 266 102 600 230 534 358 420 226 206 203 0 303 93 531 204 200 418 83 219 445 598 285 110 90 173 57 239 177 30 685 233 162 690 50 72 240 584 70 540 413 341 121 83 197 633 356 711 295 248 229 658 246 133 674 326 41 293 214 522 707 202 164 717 162 101 344 184 402 262 445 303 745 26 440 151 362 635 504 51 265 235 377 727 522 132 163 618 206 80 530 29 491 197 309 199 437 702 100 208 254 181 391 464 571 529 647 188 123 247 339 652 181 218 450 103 691 529 378 731 670 732 144 141 751 208 133 539 141 527 203 317 150 476 163 219 212 507 471 732 275 87 443 27 591 364 15 723 49 233 181 203 118 94 221 144 120 141 154 604 114 13 226 92 135 195 688 329
401 89 362 303 361 117 207 528 324 350 158 234 299 310 413 116 173 407 258 130 246 487 38 162 413 117 129 155 417 242 370 291 543 321 190 269 129 297 130 97 434 455 256 232 200 137 302 298 533 185 202 238 438 208 21 212 97 410 199 261 321 221 495 68 188 275 183 178 157 236 501 65 49 430 263 101 207 144 159 137 320 149 497 397 176 102 392 355 100 325 296 225 180 77 81 199 438 276 51 218 180 186 405 339 114 219 371 390 335 204 107 350 393 191 398 536 273 62 83 251 81 407 303 95 113 215 377 450 367 93 258 296 81 449 48 371 206 253 328 180 313 332 391 515 538 310 153 483 373 87 170 79 524 506 68 399 322 452 255 221 164 92 410 292 214 276 508 224 30 66 190 320 436 270 456 233 299 92 401 174 511 308 461 481 206 203 152 237 64 131 373 103 306 299 274 413 218 97 105 403 327 288 140 447 127 559 248 535 293 404 333 507 233 245 178 391 409 470 153 417 255 174 288 243 225 513 148 376 231 522 346 416 272 277 349 276 241 396 360 406 224 106 383 219 44 283 428 402 148 148 177 240 385 274 164 455 293 414 345 251 440 385 329 17 156 402 163 40 319 226 434 253 232 56 324 284 405 292 175 350 136 56 256 325 234 62 98 118 389 123 282 58 316 119 306 113 160 208 23 421 167 124 473 226 85 418 118 279 115 124 262 46 545 243 354 399 180 438 464 405 463 312 437 120 177 350 290 290 190 236 59 48 272 96 206 298 518 239 58 166 103 506 100 303 0 321 236 139 236 153 238 522 142 299 147 411 317 428 278 71 480 284 382 403 178 392 265 299 117 283 238 237 129 38 201 221 147 333 98 418 125 85 531 361 69 419 380 130 266 11 413 225 408 503 424 414 356 203 50 332 118 553 142 33 443 329 147 184 59 336 203 335 100 70 318 427 228 236 214 318 469 339 227 294 205 138 74 468 136 414 301 164 94 473 89 271 288 226 345 115 181 104 125 349 482 178 173 206 419 226 107 428 370 431 323 190 448 511 432 245 440 225 114 40 199 180 458 482 512 204 175 430 32 280 195 295 290 63 317 423 326 185 355 347 401 385 515 438 217 214 402 303 334 290 527 281 334 494 388 66
713 343 167 615 79 206 523 213 12 77 242 135 612 597 99 406 484 708 125 444 161 168 301 460 163 244 322 356 738 554 50 604 238 28 158 589 409 605 223 272 145 167 84 90 318 387 229 188 215 490 522 533 117 474 304 158 226 110 519 91 100 107 174 311 155 593 163 164 239 85 191 298 369 173 529 363 114 446 454 454 64 459 191 711 157 254 153 47 420 644 152 546 500 361 352 124 142 51 370 198 149 477 720 651 419 269 174 70 58 168 427 65 103 488 153 317 148 380 379 115 242 715 624 398 394 535 58 762 686 248 575 27 264 129 289 192 499 573 23 271 56 634 712 207 247 615 171 192 97 249 480 382 229 214 285 86 202 755 544 171 259 250 696 33 115 173 194 108 334 386 137 64 746 589 777 518 599 240 713 444 191 90 142 186 138 125 182 536 299 192 690 409 603 616 594 733 298 337 419 717 603 603 187 751 447 237 74 216 612 725 127 279 514 566 274 685 726 244 210 145 576 281 85 78 141 198 448 696 114 233 657 112 106 58 98 78 86 695 50 709 99 408 68 534 285 604 106 144 347 469 457 112 704 68 202 734 611 99 665 571 120 173 634 337 462 143 209 307 187 546 132 566 117 367 29 601 89 606 474 176 382 376 542 98 555 260 412 275 706 239 48 336 628 291 18 210 480 521 306 120 170 436 155 107 248 173 347 60 348 443 580 326 269 560 91 118 429 137 147 724 147 610 134 206 498 658 242 566 273 501 328 308 585 257 122 616 201 533 379 404 225 201 226 93 321 0 557 193 144 407 88 228 458 597 258 125 183 252 55 251 197 118 696 140 148 713 76 165 229 602 101 553 410 355 120 133 253 654 350 739 347 288 251 655 279 106 701 306 116 310 125 522 707 234 103 729 69 144 352 95 400 306 459 331 747 96 467 139 379 636 510 57 256 252 310 729 549 93 238 638 149 29 540 68 485 190 305 147 457 691 24 183 248 233 410 423 605 542 652 215 162 294 322 662 183 185 442 123 732 545 373 742 691 750 53 132 762 221 136 566 186 537 208 324 128 478 213 162 245 518 472 739 300 41 489 69 611 376 96 725 51 195 88 111 88 85 266 132 104 215 83 608 22 90 256 41 228 189 708 329
199 247 578 128 593 352 56 762 560 581 358 464 93 204 648 178 117 236 482 132 463 722 259 156 635 337 296 275 181 99 606 115 773 555 422 60 201 140 356 303 663 683 491 468 349 224 507 505 769 133 53 158 674 215 253 434 333 642 53 496 548 455 731 258 421 73 415 406 368 472 733 274 190 653 227 224 443 154 144 109 551 132 728 192 410 323 613 589 137 107 512 21 60 219 232 435 668 511 190 434 413 167 195 151 164 396 586 625 567 425 134 585 623 151 621 740 491 177 199 479 317 217 74 181 205 30 613 244 146 321 51 532 301 684 271 582 161 26 564 360 546 179 157 747 765 158 387 711 603 317 121 184 752 734 286 633 525 270 179 445 354 315 271 528 448 487 741 457 228 171 426 551 238 47 221 183 165 321 200 207 746 537 697 710 439 439 385 146 267 367 160 171 178 102 42 187 379 259 143 196 237 105 373 264 114 794 483 771 79 173 555 716 189 13 357 241 194 682 377 644 45 361 517 479 450 747 157 148 465 749 162 652 499 511 577 510 477 234 594 231 460 163 618 88 273 60 664 627 292 90 190 470 161 509 382 320 87 649 119 49 675 601 166 220 138 627 378 253 527 35 666 97 465 198 559 91 641 108 151 563 245 183 185 557 31 297 150 320 158 344 517 238 133 311 542 349 86 96 252 653 396 129 707 459 312 640 265 515 262 119 71 242 767 71 583 628 239 669 698 180 698 177 668 353 67 172 479 218 368 222 246 259 103 317 440 93 753 163 179 253 337 737 333 531 236 557 0 372 465 234 473 750 118 171 351 641 526 628 513 307 706 508 181 634 414 159 498 512 344 69 470 78 198 205 437 448 345 104 247 182 258 285 755 219 285 653 144 309 491 247 647 150 241 725 660 203 592 431 215 564 202 766 114 228 260 557 92 420 179 185 123 568 321 306 494 251 9 472 406 95 706 574 96 525 190 373 273 704 103 291 537 394 321 689 148 367 70 82 174 346 409 290 293 152 712 404 209 439 198 61 227 219 142 205 559 426 238 738 663 9 661 97 350 241 435 153 675 718 733 93 154 235 258 516 138 527 69 189 545 247 559 407 589 578 635 618 731 671 454 416 639 152 570 519 748 517 530 725 160 247
520 150 281 421 249 59 345 406 194 239 158 96 437 406 291 244 291 515 173 252 181 362 132 266 317 55 137 236 551 361 244 411 428 199 52 399 216 411 36 137 324 346 119 112 240 245 187 240 399 296 333 340 306 284 126 145 46 294 330 123 222 112 366 157 50 402 46 106 74 112 382 105 182 332 340 212 86 253 292 276 209 266 381 519 38 62 298 234 238 453 222 359 318 168 159 71 325 156 182 99 87 284 528 458 226 223 291 263 221 144 239 213 280 295 303 459 200 200 186 161 61 522 435 205 201 352 245 569 495 54 397 167 116 323 123 298 306 391 205 196 201 441 524 398 430 421 63 373 264 56 287 212 413 397 91 277 265 562 351 92 176 108 505 162 109 214 386 119 144 205 56 209 553 408 589 326 406 92 520 253 385 207 327 369 68 69 13 343 143 23 498 216 410 424 411 542 239 145 243 524 414 410 73 557 259 429 124 401 422 535 243 425 323 382 197 493 534 387 42 313 386 120 185 121 147 391 254 506 93 414 464 280 179 162 245 138 108 502 238 516 95 240 260 341 115 415 298 302 164 282 265 145 513 138 129 545 420 292 475 382 314 300 441 155 269 302 134 139 256 358 318 373 94 177 203 409 271 414 281 276 192 190 350 187 367 86 236 89 527 52 163 142 435 105 176 31 291 329 130 305 95 262 349 121 97 324 158 144 158 255 388 134 444 369 247 290 241 322 340 533 340 417 320 70 309 465 260 376 205 312 135 115 392 65 103 424 394 340 195 217 35 390 77 204 139 193 372 0 100 217 123 412 267 404 85 301 253 362 162 71 374 196 503 264 46 525 156 230 37 412 134 361 217 167 83 136 158 465 157 553 214 146 428 463 125 297 515 123 177 127 275 329 514 404 293 536 220 121 161 193 207 465 268 158 554 228 285 56 193 443 316 221 63 78 231 535 364 102 200 447 338 215 347 185 293 8 112 338 270 502 171 30 55 385 224 267 427 350 458 82 108 163 136 469 368 49 251 102 557 354 181 549 501 558 187 64 568 403 319 381 344 345 36 133 66 284 366 350 414 325 279 545 128 154 328 187 421 185 218 532 211 64 217 208 279 268 425 320 91 185 271 415 203 190 427 153 286 377 518 136
597 226 285 500 219 151 442 349 139 213 238 12 534 470 240 345 373 584 194 338 218 302 232 343 300 128 192 332 640 442 190 491 380 163 48 485 289 487 109 233 289 312 62 109 324 345 108 270 320 374 422 411 238 344 226 190 146 254 419 53 216 127 298 257 52 487 55 163 106 101 331 191 276 313 396 312 100 332 392 373 189 349 333 597 70 142 286 191 334 538 242 450 413 250 239 86 286 133 275 53 137 356 607 536 309 294 294 207 193 195 331 135 247 369 288 453 225 298 270 179 161 596 524 289 277 447 179 645 578 145 493 121 213 264 223 307 377 485 165 276 179 512 613 348 391 494 133 336 237 150 369 312 373 358 179 229 293 631 418 28 257 204 566 112 132 247 332 137 237 302 72 189 627 503 677 392 476 188 597 318 322 201 253 330 41 66 88 416 243 116 580 300 479 506 505 627 316 217 341 602 471 491 152 627 350 358 107 323 507 622 242 416 387 475 278 558 615 380 88 287 474 141 183 109 182 335 333 592 40 377 540 198 188 145 229 67 75 569 194 586 83 340 211 424 216 503 232 282 214 374 333 164 596 76 201 600 504 240 561 469 255 298 514 253 350 282 208 240 280 447 276 454 34 267 166 492 198 494 356 287 255 284 416 95 456 186 335 151 621 121 140 228 513 165 126 131 381 411 230 265 158 360 291 137 195 309 221 84 223 345 473 223 413 453 226 260 298 281 284 617 284 487 278 159 400 539 308 435 283 369 220 205 473 148 131 508 334 409 290 272 134 344 172 200 236 144 465 100 0 279 124 371 353 474 126 269 276 373 143 172 341 207 581 170 81 613 151 253 121 498 147 445 291 261 104 169 242 553 230 643 311 244 395 528 224 248 605 176 193 225 187 401 582 377 227 616 140 163 250 103 282 448 356 258 624 218 380 85 287 513 394 192 144 178 178 604 457 68 266 534 267 172 428 172 359 104 193 270 361 558 121 73 144 371 317 279 522 433 532 172 164 258 193 548 326 60 315 131 654 440 254 627 587 642 113 90 646 366 281 474 325 426 134 223 70 359 352 278 388 408 354 619 228 119 428 175 509 275 211 601 184 61 131 114 230 229 407 275 90 246 203 489 143 189 400 114 318 331 603 219
322 72 490 227 466 235 241 619 405 456 306 283 323 191 505 231 118 305 381 108 379 574 191 79 531 164 86 301 385 175 457 220 644 415 249 230 38 212 184 248 541 563 326 329 353 270 289 436 599 109 181 133 514 67 172 342 201 511 180 324 437 327 574 221 252 228 244 303 173 328 597 121 128 548 123 240 303 80 250 197 426 103 596 323 250 155 512 449 161 276 426 214 207 76 73 288 542 372 124 234 294 82 334 262 81 370 500 476 437 337 132 413 497 97 517 668 403 160 77 371 191 318 272 80 46 230 453 369 312 166 278 380 228 535 198 504 101 260 421 332 417 234 356 613 646 217 265 590 480 168 114 195 630 613 134 492 460 352 139 253 314 236 290 374 323 411 601 333 123 156 271 426 350 281 417 113 198 229 321 39 596 422 531 586 269 282 226 140 217 226 310 82 200 240 275 360 371 73 186 328 197 223 262 348 139 636 340 602 249 360 455 636 109 247 331 280 343 598 197 529 224 145 400 338 350 605 77 330 295 631 265 476 391 378 461 340 320 291 453 308 310 209 474 164 191 251 506 517 68 162 56 357 330 344 303 328 242 506 300 217 526 511 237 153 96 517 304 193 455 204 534 188 293 107 419 228 476 225 89 481 25 131 137 373 213 192 185 131 387 168 380 97 241 116 389 212 153 151 175 522 291 200 562 335 224 539 59 351 59 134 214 111 660 195 464 507 27 539 554 350 553 208 537 244 170 263 437 159 342 95 101 123 204 153 316 244 607 131 142 20 193 606 230 418 153 407 234 217 279 0 340 628 120 196 153 518 452 564 378 188 590 406 306 443 262 355 372 432 180 241 349 185 40 124 299 342 296 296 63 390 271 238 644 250 219 512 354 103 387 155 465 126 303 620 502 342 419 325 104 381 44 679 125 180 346 443 186 272 130 235 127 437 153 195 262 326 230 313 362 274 544 430 164 401 80 222 111 546 150 285 383 223 165 598 136 142 303 173 255 246 306 257 86 276 585 224 37 315 430 187 47 353 325 373 389 281 370 620 536 243 559 162 217 117 280 90 580 556 630 150 86 341 184 369 279 403 254 106 433 322 428 218 409 390 493 485 639 536 308 358 478 212 413 405 643 367 476 593 340 95
635 272 166 537 127 121 437 291 94 116 158 111 525 527 175 318 406 635 71 364 99 249 215 385 194 177 260 270 654 476 134 526 308 83 108 507 336 528 158 184 201 224 73 15 238 300 230 147 302 413 440 460 204 407 219 81 146 174 437 88 101 19 259 224 103 512 110 77 186 23 263 224 287 210 463 275 37 370 367 368 86 380 261 633 95 185 176 117 336 563 118 462 415 286 279 54 203 38 288 168 61 404 641 573 341 194 175 153 99 89 345 137 158 414 181 341 102 295 303 56 161 639 541 320 321 449 146 685 605 175 489 67 176 211 203 186 426 488 91 189 78 560 629 279 307 539 85 251 141 174 402 295 291 274 210 161 169 681 473 143 175 162 627 68 28 125 270 22 253 302 74 86 669 503 693 448 525 153 635 375 273 86 230 247 93 68 115 462 211 115 610 331 530 536 508 651 222 267 333 638 537 524 100 676 365 322 22 303 531 642 125 305 444 481 192 614 646 268 152 190 493 232 65 18 66 275 372 614 84 292 580 197 65 40 122 88 51 622 122 635 42 321 145 454 200 521 193 179 286 385 386 42 622 76 117 668 530 176 583 489 202 182 559 253 385 179 124 221 157 464 198 487 89 287 86 521 176 527 399 165 315 294 472 142 472 176 326 212 620 174 45 259 550 228 77 131 398 442 221 185 82 350 235 21 162 202 281 75 281 361 499 248 321 480 124 167 364 202 226 643 225 537 200 120 415 582 189 498 193 435 252 230 506 187 34 535 280 460 295 340 149 270 140 83 238 88 473 123 124 340 0 290 378 524 202 179 153 252 41 169 251 84 617 209 79 630 33 130 160 520 25 473 338 274 40 55 167 571 279 654 260 201 305 583 192 181 617 245 69 227 204 448 634 281 189 650 143 59 273 144 327 344 378 245 673 106 382 69 297 562 433 99 186 168 301 655 464 56 164 555 236 101 461 62 415 118 232 233 374 625 73 125 176 264 327 381 519 462 576 128 75 206 259 584 247 135 373 35 645 464 302 664 608 668 113 59 683 280 198 481 221 459 129 246 67 403 245 249 291 438 398 662 215 49 401 64 528 295 97 651 90 150 153 163 163 148 303 201 37 141 170 533 106 70 304 52 194 258 626 255
922 561 185 824 163 406 707 75 232 173 397 362 789 817 132 580 693 924 267 651 290 101 493 674 121 465 546 504 930 763 182 813 35 214 384 789 626 816 444 448 88 67 312 299 441 548 443 262 182 702 722 749 164 696 502 316 435 118 719 319 202 304 131 492 380 796 388 345 465 300 56 513 571 103 751 534 326 658 626 641 204 668 45 919 379 473 142 182 614 846 243 742 690 575 568 340 87 256 573 425 343 694 927 860 630 384 180 167 191 325 628 253 131 703 133 163 262 574 591 272 449 927 821 609 610 724 200 972 888 464 758 253 449 122 481 194 715 761 209 407 211 849 907 43 20 828 371 39 150 463 690 567 2 16 499 142 252 970 762 399 406 435 917 261 310 272 69 300 540 581 357 204 957 774 970 737 814 431 922 664 105 214 173 42 364 348 402 751 482 404 895 619 819 821 782 933 412 557 607 925 825 810 382 965 648 141 288 177 814 922 196 134 734 756 411 903 931 129 434 106 775 508 234 291 300 75 661 895 342 12 867 224 251 250 173 304 311 911 178 924 319 589 160 741 480 802 160 124 572 666 676 282 905 295 368 956 814 132 864 772 130 164 847 536 673 124 372 497 243 745 96 774 345 574 210 806 198 814 688 205 603 577 761 303 753 461 600 498 887 461 248 548 837 514 246 420 681 729 502 107 355 622 99 298 439 120 569 287 570 645 783 537 57 765 168 123 652 91 101 925 101 826 94 402 697 870 312 787 404 723 541 519 793 476 317 819 88 749 577 628 439 36 422 219 522 228 750 412 371 628 290 0 664 813 484 111 242 196 250 456 46 242 904 289 366 909 259 247 448 803 285 759 627 559 330 302 410 852 568 929 507 466 39 873 465 125 892 530 258 512 252 738 923 56 164 936 250 320 561 296 617 120 664 522 962 193 658 356 581 852 721 191 475 454 526 944 741 318 361 837 154 201 748 229 705 407 522 142 656 913 251 407 465 107 610 651 787 748 864 407 342 463 545 870 45 411 662 318 904 748 591 950 889 951 264 347 969 15 93 757 100 746 417 534 348 692 104 156 61 725 687 950 495 261 656 228 810 582 205 940 200 422 272 303 141 144 97 97 320 344 184 822 229 231 59 263 264 46 907 544
258 131 503 161 503 258 122 668 460 492 292 354 204 181 553 149 35 267 400 15 387 626 175 53 555 226 178 242 287 100 508 149 685 460 313 132 85 156 246 230 576 597 386 371 310 198 390 437 666 54 69 109 573 122 163 354 233 551 67 389 463 361 632 189 313 135 307 320 253 374 641 164 93 573 159 179 345 41 149 90 461 21 638 255 305 212 534 494 72 187 437 100 88 103 116 334 580 415 91 319 321 76 263 197 47 344 512 528 476 346 41 479 534 69 541 675 414 101 84 394 217 265 170 65 87 111 512 308 228 213 159 432 220 587 187 512 87 142 467 305 455 193 259 656 681 170 294 625 515 211 34 128 666 648 177 538 460 311 131 332 293 233 276 427 355 415 648 365 125 93 323 461 294 163 323 117 161 234 258 102 649 451 594 623 332 335 279 104 193 266 232 54 170 158 160 276 335 142 97 261 206 146 282 306 30 695 385 668 155 269 475 647 120 130 302 254 268 611 266 560 121 243 430 382 367 653 46 240 358 665 204 546 415 418 491 404 375 257 499 265 359 126 522 77 185 149 564 544 174 44 89 382 246 404 305 324 153 554 208 115 578 526 188 130 33 544 303 172 458 94 575 110 358 91 464 143 538 150 58 491 129 88 134 448 103 203 100 206 276 232 422 126 173 195 442 249 33 66 163 562 309 101 612 367 227 561 148 411 144 28 122 133 687 102 496 541 131 579 603 266 603 175 578 262 51 208 422 172 314 142 134 151 129 207 348 157 658 112 91 140 233 647 243 445 142 458 118 267 353 120 378 664 0 163 235 553 456 565 419 209 622 426 240 523 311 259 406 439 235 145 379 95 82 105 339 363 279 199 130 290 216 214 673 225 206 559 252 192 408 152 539 95 268 646 559 272 486 345 106 455 84 695 5 149 302 472 72 319 85 197 66 476 210 211 376 286 113 369 345 181 605 478 85 435 103 269 161 604 36 285 437 285 213 615 60 260 185 84 204 258 323 227 175 206 624 293 103 347 315 87 109 286 234 292 454 326 306 653 574 127 582 83 250 134 332 62 599 617 655 61 60 287 172 418 170 437 155 83 460 282 467 294 481 467 540 526 657 579 354 350 537 163 469 433 669 417 469 635 251 134
131 254 661 59 651 409 220 810 597 640 454 478 251 35 695 305 129 111 555 172 546 765 335 140 709 354 282 402 228 77 648 65 831 604 443 119 189 38 375 392 725 747 519 515 472 355 479 597 794 114 142 65 707 134 321 511 379 698 145 518 616 509 768 352 444 107 437 475 368 516 786 300 252 727 100 340 488 157 291 236 610 152 784 134 440 344 689 638 233 124 595 156 202 238 246 476 728 559 250 430 472 120 147 79 186 507 670 667 623 503 205 607 682 111 695 835 572 264 223 547 366 123 147 206 204 193 646 175 144 351 219 571 380 727 346 671 98 192 610 468 602 38 200 802 831 29 443 775 664 350 131 290 815 798 314 681 621 157 57 449 455 392 113 565 504 575 791 514 276 257 461 610 155 208 248 83 7 391 130 157 788 602 726 771 462 472 415 63 355 410 132 197 7 91 193 186 498 261 255 139 69 76 435 153 190 830 528 797 117 193 630 806 89 181 466 92 159 770 391 711 129 340 581 525 523 795 153 168 488 815 77 672 568 564 642 534 511 98 642 112 499 284 664 99 343 135 700 697 263 186 141 535 158 537 464 162 105 696 147 124 717 683 45 289 144 697 463 333 618 140 721 75 487 244 607 92 670 75 126 649 220 248 61 569 140 357 259 325 265 360 567 265 68 310 580 393 164 103 322 709 463 253 753 516 384 716 253 544 251 190 102 277 841 101 646 691 180 726 744 175 744 13 724 415 161 71 585 66 478 117 272 294 70 340 497 102 798 65 253 205 375 794 397 598 299 597 171 404 474 196 524 813 163 0 348 703 616 727 564 359 773 581 118 638 450 196 555 598 369 119 529 97 187 261 484 517 441 153 248 237 378 377 826 62 366 702 209 298 562 308 660 76 110 800 695 154 614 499 254 576 197 852 166 311 150 624 212 460 246 39 98 623 342 363 438 131 176 505 508 132 738 620 88 584 115 408 293 740 188 126 575 415 350 772 223 276 225 99 61 413 478 390 281 95 771 418 159 496 315 116 224 162 164 193 583 468 178 804 722 174 737 89 396 280 470 121 756 750 809 108 127 146 331 559 298 586 131 237 612 127 614 413 605 585 683 672 814 724 496 512 672 29 605 584 823 557 631 781 173 270
472 105 365 375 323 133 337 469 256 315 231 130 429 344 357 263 251 458 258 220 267 423 162 219 396 40 67 285 521 318 307 367 496 270 100 365 164 362 50 194 398 420 175 189 306 279 159 325 446 251 305 285 362 219 147 230 102 365 302 172 303 193 422 196 104 366 96 191 20 187 449 84 172 411 272 244 165 210 304 272 286 228 449 472 107 50 378 302 230 417 307 335 305 133 119 148 397 230 170 84 172 231 483 411 189 299 374 326 295 228 219 260 354 244 383 542 285 201 152 245 105 470 405 171 153 337 302 520 456 67 385 232 169 385 159 382 252 373 274 267 277 386 493 465 503 369 148 446 339 75 247 225 485 469 79 344 350 505 292 101 247 168 441 225 193 300 451 202 135 203 129 286 502 393 556 266 351 152 472 192 444 288 378 442 120 137 89 290 184 105 456 181 353 383 392 504 311 94 244 478 347 368 155 501 238 483 197 449 387 500 325 507 262 363 268 432 491 470 50 389 356 37 266 196 232 455 210 471 144 488 415 324 262 238 324 188 173 443 306 460 166 251 326 302 149 384 355 380 89 263 207 229 474 193 209 477 382 357 440 350 375 383 388 161 227 380 213 169 341 330 388 331 142 157 274 370 323 371 232 360 129 180 290 221 339 127 239 31 509 38 238 115 389 41 240 101 266 289 152 376 179 263 412 203 154 404 96 201 98 232 352 115 520 332 325 365 172 393 404 495 404 361 391 145 284 414 343 310 277 244 108 102 349 55 187 386 456 284 189 147 85 459 143 285 147 258 351 85 126 153 202 484 235 348 0 375 338 447 237 112 449 280 456 292 123 493 235 315 57 378 217 323 167 157 164 221 228 433 107 525 258 196 503 403 172 364 487 50 261 138 312 276 456 481 350 491 266 206 140 228 159 546 238 177 498 308 274 134 182 388 271 295 51 122 173 478 345 166 279 413 392 284 305 263 233 93 81 394 249 434 234 78 64 466 210 182 414 311 406 154 193 216 67 424 440 73 189 186 546 320 130 503 465 519 237 143 521 476 391 360 423 303 107 119 137 235 447 403 492 286 230 493 155 223 340 265 389 165 299 475 286 65 256 238 346 339 505 389 166 267 327 363 262 272 505 220 371 446 482 105
812 450 105 713 52 295 600 130 133 62 292 258 684 706 57 474 582 813 160 540 186 105 383 563 56 355 437 404 821 652 90 702 132 106 276 680 515 706 335 340 23 45 207 189 346 445 352 172 194 591 613 638 118 585 391 208 324 24 609 216 94 193 133 384 272 686 280 235 357 190 96 403 461 56 641 428 215 547 521 533 93 557 89 809 269 363 62 78 505 736 145 632 581 464 457 230 28 146 462 322 232 583 816 750 519 289 105 83 81 218 518 167 22 592 55 199 160 465 480 163 338 816 712 498 499 616 118 861 778 353 651 148 340 85 371 125 605 654 104 308 101 738 798 107 129 717 260 72 39 353 579 458 113 96 388 55 170 859 651 295 304 326 806 156 199 175 108 189 429 472 248 93 846 667 862 626 703 321 812 554 129 104 142 69 257 239 292 640 374 293 785 508 708 710 674 824 319 446 499 814 715 699 271 854 538 184 179 191 704 813 96 160 623 648 311 792 821 130 326 25 665 402 124 181 192 116 550 786 236 113 757 166 142 139 65 203 203 800 76 813 209 482 68 630 370 692 106 40 463 557 565 172 795 193 261 846 704 59 755 662 84 92 736 426 562 38 266 388 157 635 32 663 240 463 103 696 132 703 577 124 493 467 651 214 644 350 491 389 781 351 138 437 726 404 143 309 571 618 392 25 245 514 90 187 329 63 459 185 459 535 673 426 145 655 58 13 542 33 82 816 81 715 35 292 587 759 228 677 306 613 430 408 682 365 206 709 127 638 467 518 328 96 311 110 411 125 641 301 269 518 179 111 553 703 375 0 155 163 139 345 73 135 793 224 256 800 148 152 338 693 174 648 516 448 219 193 305 742 458 821 403 358 128 762 356 54 784 421 150 401 193 627 812 109 108 825 167 210 450 209 506 182 553 413 851 85 549 246 470 741 610 81 364 343 434 833 632 210 263 728 132 97 637 118 594 296 411 121 546 803 147 298 354 114 500 546 681 638 754 297 232 357 436 760 71 304 552 207 800 638 481 839 780 841 171 237 859 102 24 649 67 635 306 423 239 581 95 142 120 614 576 839 385 153 552 117 700 471 97 829 90 316 190 221 56 42 142 43 211 244 115 711 133 122 131 157 189 85 797 433
711 380 57 616 136 218 478 283 195 127 167 264 555 627 198 349 489 723 83 445 73 260 282 478 122 305 385 265 702 555 193 603 273 156 256 572 439 612 289 227 170 184 222 167 199 312 383 21 345 502 506 554 256 516 295 111 253 171 502 236 86 152 286 270 250 580 256 151 325 175 248 332 364 139 573 303 182 460 393 416 121 465 238 707 238 306 102 166 396 628 35 521 465 385 382 199 181 153 367 319 166 502 713 651 430 142 63 203 134 116 417 248 151 508 110 219 54 358 397 98 261 720 599 411 422 498 222 760 669 291 527 184 237 235 270 56 522 534 164 169 127 648 681 256 253 626 192 208 130 287 486 343 244 227 319 186 19 767 571 295 172 225 726 192 150 41 262 142 342 366 219 121 748 544 743 549 615 227 711 482 284 93 284 210 244 218 250 554 264 235 679 420 623 607 554 712 170 380 384 712 642 599 191 762 435 339 171 343 596 698 65 191 547 530 173 708 715 157 291 144 557 372 101 168 106 270 464 673 237 238 659 283 89 140 105 232 203 712 169 722 194 362 184 532 273 582 242 123 412 449 490 114 685 219 152 771 598 199 644 554 231 80 644 327 472 123 154 284 4 526 187 565 242 373 156 592 251 603 492 38 429 369 572 275 534 263 377 339 653 304 149 359 628 354 189 244 467 522 294 178 163 396 245 141 233 123 398 215 397 433 569 345 246 552 116 144 479 188 236 705 236 629 190 209 480 664 73 604 164 545 353 330 584 306 154 604 281 556 365 458 264 243 223 90 317 183 526 253 276 452 153 242 456 616 338 155 0 112 143 265 196 71 692 323 220 684 128 23 286 585 130 547 440 355 181 117 181 629 389 700 272 244 237 678 250 198 665 372 84 309 302 542 724 205 241 721 252 132 364 274 429 240 455 308 758 93 436 210 372 652 519 135 307 258 454 742 516 208 122 618 278 168 541 118 519 245 342 269 441 729 189 266 293 164 398 520 556 538 660 207 148 236 382 659 216 280 481 154 667 534 409 736 667 731 234 201 756 228 179 533 143 539 239 341 215 497 152 290 212 517 491 742 286 173 419 116 590 380 89 738 136 297 271 292 188 162 205 198 188 109 236 619 204 96 226 179 45 234 685 358
818 492 88 724 179 329 579 259 263 178 274 360 650 738 220 450 599 832 189 555 185 256 392 589 107 415 496 359 801 664 240 711 231 225 360 677 551 721 398 335 163 162 313 267 287 409 474 130 349 612 612 665 281 628 406 223 364 186 609 326 158 256 288 377 354 686 361 262 433 273 226 444 474 113 685 405 286 571 491 520 191 575 213 813 343 417 105 217 503 733 140 625 569 497 494 303 177 240 477 419 276 613 818 759 541 234 79 240 195 228 525 311 173 618 109 111 163 466 508 203 373 828 702 522 534 600 271 866 774 403 626 264 347 246 380 66 634 635 229 268 200 758 782 226 198 735 303 175 164 399 596 448 197 184 431 215 106 876 683 394 276 335 837 272 255 153 243 247 453 474 323 190 855 643 843 660 725 338 818 594 275 172 305 180 346 320 358 664 373 345 785 531 733 714 654 815 256 492 489 818 754 706 303 871 543 325 266 345 701 800 131 93 659 632 271 818 820 70 399 139 662 480 190 265 216 251 575 776 334 186 767 326 187 228 155 318 298 822 218 831 294 465 222 640 384 686 269 124 523 556 601 218 789 306 264 882 704 221 747 660 247 80 753 438 583 125 264 393 110 632 190 674 339 484 223 699 291 710 603 87 541 478 684 350 639 375 482 449 748 414 234 471 735 464 264 356 575 630 405 187 275 500 243 245 344 100 510 299 509 541 675 457 174 659 162 159 591 187 237 809 237 739 192 321 587 772 151 715 261 657 465 442 692 417 260 710 265 667 474 570 376 213 335 173 428 252 628 362 373 564 252 196 565 727 447 163 112 0 230 377 157 169 799 379 326 785 222 133 396 690 232 655 551 466 286 226 287 732 501 798 371 351 173 788 360 216 764 483 186 420 351 652 833 143 270 827 314 243 475 347 541 145 564 417 867 159 541 316 481 762 629 196 418 370 550 851 619 305 223 722 293 228 649 201 630 355 454 281 548 841 267 373 405 90 506 629 653 646 769 319 259 341 494 766 191 385 593 261 757 641 521 842 770 834 305 306 862 181 177 635 107 647 351 453 318 608 92 302 143 626 602 850 396 258 514 199 694 491 163 847 201 401 336 363 216 194 121 201 289 216 275 728 269 184 155 264 99 209 788 470
676 311 142 577 87 161 476 250 64 78 188 132 564 567 135 356 446 675 73 405 108 209 254 425 160 215 297 302 694 516 95 566 267 43 139 547 376 569 195 221 162 184 83 50 263 335 244 143 266 454 480 500 167 446 260 103 186 133 477 97 72 58 220 262 135 553 143 112 220 51 223 264 327 174 502 312 76 410 404 407 48 421 220 673 130 223 144 77 376 603 109 502 454 326 319 91 164 10 328 193 100 444 682 614 382 214 151 114 59 114 385 114 118 454 147 311 100 335 343 61 201 680 581 361 361 489 112 725 645 214 528 44 215 171 242 165 466 527 52 216 39 600 669 238 268 580 126 212 102 214 443 334 252 235 250 120 161 721 512 167 204 201 667 50 65 125 230 57 294 342 109 48 710 542 733 487 565 192 676 414 233 58 194 208 122 101 153 502 250 155 651 371 570 576 548 692 243 307 373 679 576 564 140 717 405 283 40 266 571 682 99 274 484 521 219 654 687 237 187 152 534 266 42 41 86 235 412 654 105 253 620 167 57 3 87 90 70 662 81 675 71 360 105 495 240 561 155 143 324 426 426 57 663 77 148 707 571 136 623 530 163 155 599 294 425 143 155 260 147 504 157 528 110 328 46 562 143 568 439 146 354 334 512 134 513 217 365 249 659 212 8 300 591 265 51 171 439 483 261 145 119 389 195 55 201 169 319 72 320 402 539 289 283 521 87 128 402 162 185 683 185 577 160 160 455 622 193 538 218 474 292 271 547 226 73 575 240 500 335 378 189 230 180 57 278 55 513 162 143 378 41 250 419 564 237 139 143 230 0 210 212 72 658 190 117 670 22 122 198 561 47 514 378 314 80 78 199 612 319 694 294 238 266 623 230 141 657 282 66 268 179 488 674 244 152 691 120 90 314 133 367 309 419 285 713 74 422 106 337 603 473 59 225 209 320 695 504 77 183 596 198 62 502 29 455 157 272 194 414 664 50 160 215 231 368 413 558 503 616 167 110 242 296 624 207 167 412 74 683 504 342 704 649 709 95 97 724 241 158 521 186 499 169 286 101 443 211 211 254 479 438 703 255 31 438 31 569 336 68 691 50 181 135 152 122 108 268 161 71 160 135 573 76 48 267 36 187 217 666 295
467 116 305 368 294 50 276 460 254 283 127 167 368 366 344 173 237 469 197 195 192 417 61 219 351 72 129 175 487 307 300 357 476 251 124 338 175 360 75 82 368 390 186 162 195 177 251 248 463 246 271 295 367 252 56 155 27 342 268 192 257 153 425 89 121 343 117 117 113 166 432 68 118 368 308 143 137 203 220 207 253 212 429 464 107 62 330 286 170 394 240 295 251 122 117 128 371 206 119 162 113 241 472 405 174 194 314 320 267 149 176 279 326 248 336 481 216 131 136 188 11 471 373 153 159 285 306 516 436 45 328 225 57 379 53 317 262 324 259 159 246 394 461 447 473 372 85 417 306 37 234 141 458 440 56 329 273 514 310 161 140 57 466 222 147 224 439 157 84 137 120 253 501 340 526 286 359 45 467 218 441 244 390 414 138 133 84 296 76 61 441 163 365 367 344 483 203 117 173 469 379 355 76 510 197 488 177 464 362 474 272 450 284 316 159 450 477 413 97 353 325 147 222 173 165 444 205 446 162 457 411 346 209 209 284 206 170 456 290 469 153 169 313 286 45 353 357 339 155 218 226 176 453 203 116 509 361 345 414 321 370 326 391 87 217 338 118 68 267 295 366 319 164 118 255 352 334 358 233 295 165 125 310 257 304 16 166 93 459 77 213 95 381 103 236 43 230 273 59 353 105 191 403 158 44 357 135 209 134 193 330 82 482 311 288 333 214 370 394 474 394 371 369 57 247 414 252 340 170 281 89 66 338 58 139 366 449 296 128 195 38 439 42 239 71 251 307 71 172 188 169 456 209 359 112 345 265 377 210 0 415 223 448 334 108 462 197 245 62 352 171 304 176 104 131 158 120 403 125 488 149 85 467 419 61 350 450 121 204 60 344 283 468 441 353 481 286 140 105 263 165 495 209 87 506 265 217 114 128 396 265 267 61 11 281 488 298 165 179 387 399 269 292 227 255 69 79 398 206 466 230 100 47 414 159 275 358 293 409 58 120 104 126 415 415 116 216 138 488 295 144 495 440 499 253 119 514 446 366 315 378 290 43 79 129 238 398 412 450 270 232 494 56 210 257 228 360 126 253 485 258 127 286 279 331 317 456 370 147 173 332 366 264 226 464 210 289 426 457 94
880 522 139 783 126 365 663 103 204 135 351 331 744 778 111 535 652 883 223 609 244 109 450 633 75 428 510 458 886 721 156 771 78 180 349 746 586 775 407 403 52 30 280 262 395 502 421 216 200 661 680 709 157 658 459 272 394 88 676 288 159 265 142 448 345 753 353 302 431 263 71 474 529 58 714 489 288 618 581 597 165 627 57 877 343 435 96 150 571 803 197 698 646 535 528 303 56 219 531 394 302 654 885 819 589 338 135 145 154 281 586 232 95 663 87 148 216 531 551 229 408 886 777 568 571 680 180 930 845 425 714 221 406 115 438 149 676 717 177 362 173 809 863 69 59 787 330 19 110 424 648 522 48 30 460 117 206 929 723 368 361 392 878 229 269 226 88 259 499 538 321 165 915 729 926 698 774 389 881 626 122 171 173 26 330 312 365 711 439 365 853 578 779 778 737 890 366 518 563 882 787 768 340 925 606 169 252 195 771 878 151 112 695 712 365 864 888 97 399 63 732 475 193 254 256 95 620 852 309 43 826 215 208 212 131 275 276 871 147 884 283 545 134 699 438 759 150 79 536 623 637 240 862 265 324 918 771 112 821 729 120 118 806 493 632 79 328 454 197 702 70 732 313 532 176 764 185 771 648 159 566 535 722 281 710 419 556 462 842 424 211 508 795 477 215 381 639 687 460 78 313 577 100 257 396 74 531 257 532 602 741 496 72 723 127 84 614 65 98 882 98 786 69 360 654 829 266 749 358 686 501 479 751 438 277 777 110 710 534 591 399 56 379 177 480 197 706 374 341 590 251 46 622 773 449 73 196 157 212 415 0 198 862 278 329 865 219 201 410 760 244 717 588 517 291 259 365 808 530 884 462 421 54 833 421 104 848 494 215 470 243 698 883 40 153 894 231 277 520 275 577 118 622 479 921 151 615 319 538 811 680 154 437 412 503 903 697 284 315 794 157 169 707 190 666 368 483 144 613 875 220 372 426 75 567 620 743 706 823 364 299 418 509 828 37 377 624 278 859 705 552 908 846 908 239 310 927 32 62 713 55 704 377 493 312 652 65 162 52 683 647 909 452 227 610 188 767 541 162 900 163 389 253 284 117 112 83 76 284 298 169 781 202 189 60 230 219 54 864 504
684 335 85 587 95 173 466 263 129 83 157 195 549 588 159 339 457 690 26 414 53 231 253 441 129 250 332 269 688 526 139 575 267 93 191 549 397 581 232 206 156 176 151 99 216 310 312 71 305 468 482 518 209 472 263 74 205 142 479 166 41 87 251 250 185 556 192 106 265 106 231 286 333 146 529 293 117 425 386 399 63 432 224 681 175 254 108 112 374 606 37 501 448 344 339 135 163 82 335 252 112 463 688 623 395 162 95 153 80 84 389 182 121 471 114 263 31 334 359 35 217 691 580 375 381 482 165 733 648 241 517 115 209 198 240 103 485 520 103 174 66 615 665 243 257 593 141 203 99 238 454 325 243 226 272 145 89 735 533 227 169 195 688 122 87 56 242 78 305 341 155 63 720 532 729 509 581 192 685 439 256 36 237 202 177 151 191 519 241 181 656 384 587 582 540 693 192 333 366 686 600 572 146 731 409 310 101 304 573 681 49 230 506 515 178 672 691 192 231 136 535 312 33 98 59 249 428 654 167 241 630 225 19 69 71 161 133 679 117 690 126 348 137 503 241 561 196 119 359 426 448 50 665 148 126 731 574 161 624 532 192 105 612 297 438 119 131 257 75 504 164 537 173 338 94 567 196 575 456 82 382 339 533 206 513 225 358 285 646 248 79 318 600 300 121 194 442 492 263 152 118 380 215 77 200 135 349 144 349 406 544 305 261 526 80 122 432 166 206 685 205 594 167 166 457 634 124 562 174 501 311 288 555 255 93 580 258 519 338 410 214 231 184 30 284 118 508 196 207 406 84 242 426 581 280 135 71 169 72 223 198 0 666 258 158 667 57 49 231 563 63 520 398 322 117 64 170 611 344 687 268 224 247 642 224 162 651 318 19 275 241 505 690 219 194 697 187 82 327 205 388 273 426 282 727 51 417 147 342 618 486 81 255 218 385 710 499 139 133 597 236 108 511 50 477 189 296 229 416 688 120 204 242 192 371 461 546 510 629 169 103 222 330 632 205 216 437 94 665 509 365 711 648 710 165 137 731 230 159 516 156 509 190 301 149 460 175 249 228 488 455 714 255 103 417 49 569 346 40 706 78 232 205 224 147 124 233 172 121 111 183 587 139 28 243 109 115 220 666 315
19 355 741 81 742 498 237 907 696 731 525 583 221 143 791 354 212 73 640 253 625 864 413 238 794 456 390 453 128 142 746 91 924 699 545 124 292 95 477 465 816 837 620 610 526 402 594 672 899 207 186 174 809 250 403 593 471 791 190 621 703 601 868 422 546 114 539 560 475 612 881 397 333 812 218 397 583 250 325 282 701 237 878 16 540 444 773 733 296 75 675 178 236 334 344 572 819 654 331 539 561 226 28 45 277 569 750 765 716 584 277 711 774 212 780 909 653 334 316 633 457 39 114 298 304 210 747 68 52 448 209 669 458 825 425 748 205 187 706 532 694 84 106 896 920 91 533 865 754 447 216 351 906 888 411 777 694 92 174 556 523 471 131 664 595 652 887 605 364 327 559 701 57 192 137 198 113 474 20 268 887 690 829 862 564 571 514 166 428 504 30 287 118 85 176 74 555 364 311 22 168 94 522 86 257 931 624 901 102 89 714 883 204 183 530 100 41 848 495 799 140 451 670 620 607 892 249 75 591 905 42 777 654 657 731 637 611 82 738 64 596 336 761 163 424 122 800 784 374 243 250 622 56 639 543 171 96 792 77 141 816 764 74 369 234 784 540 410 693 168 815 130 590 330 702 100 772 90 224 728 328 327 179 676 162 443 317 430 190 462 661 360 68 416 679 487 225 175 402 802 549 302 850 607 466 800 360 646 358 260 124 370 927 140 736 781 294 819 842 64 841 109 817 502 212 48 651 181 541 235 368 388 111 440 587 90 896 176 328 318 471 887 482 685 382 696 181 503 581 306 617 904 240 118 456 793 692 799 658 448 862 666 0 748 548 101 646 676 469 112 619 145 289 345 578 603 512 94 351 140 433 448 913 101 443 798 125 407 648 392 767 181 81 885 796 36 718 585 344 683 298 932 240 385 82 711 259 556 324 86 187 716 442 450 556 79 190 604 576 89 840 716 156 675 228 506 392 840 251 161 673 517 448 853 295 394 199 156 58 497 563 458 389 33 863 522 270 586 238 158 327 47 75 77 687 564 66 893 814 178 821 158 489 372 568 221 838 852 894 179 226 54 411 656 318 677 113 322 700 76 707 520 711 693 779 765 895 819 592 584 773 95 705 673 908 655 701 875 73 367
764 395 299 667 200 302 609 237 129 204 365 170 702 631 170 505 542 747 263 508 298 192 393 511 277 297 357 474 810 610 139 659 282 166 213 655 456 653 278 380 235 251 153 203 447 497 180 328 170 542 591 576 125 506 390 289 308 201 589 144 237 226 173 413 214 657 220 283 273 194 235 360 445 280 555 467 217 501 553 540 202 518 243 764 227 311 274 163 502 707 292 619 581 420 408 216 225 183 444 209 261 522 775 703 479 402 305 141 190 298 500 76 208 536 271 421 288 464 440 251 324 761 693 459 445 615 108 812 747 313 661 147 366 167 383 324 543 654 158 398 195 677 782 251 308 660 273 265 215 318 538 475 289 281 348 169 341 793 582 192 384 353 724 143 235 313 228 231 406 469 217 202 793 671 846 556 641 340 763 482 202 229 122 257 197 204 251 582 399 274 748 469 642 675 673 796 430 385 507 770 629 660 292 790 520 220 188 174 677 791 263 383 550 644 401 719 783 354 257 249 644 299 225 193 273 226 501 762 173 298 707 64 245 193 228 132 174 732 161 750 194 503 158 593 377 672 129 258 375 544 498 244 765 139 324 755 673 169 730 638 160 300 679 419 518 257 331 400 326 616 210 623 171 436 166 661 94 663 524 311 420 452 579 77 626 348 500 319 790 291 183 398 681 332 139 291 551 580 393 205 284 526 190 231 348 286 388 136 390 515 642 392 343 622 218 224 459 215 188 786 188 651 210 307 569 705 382 595 402 529 389 374 641 317 239 677 220 574 458 434 299 253 324 233 403 140 634 264 170 443 209 289 523 638 292 224 323 379 190 334 278 258 748 0 229 782 211 305 290 668 230 614 459 429 224 263 373 722 398 812 460 394 324 690 379 176 774 341 255 392 37 567 744 319 125 783 71 268 419 72 450 396 525 421 788 232 548 226 455 678 562 189 314 339 258 767 626 176 371 703 141 156 597 208 523 265 362 151 531 713 141 240 313 337 486 413 690 602 697 318 282 405 359 716 248 230 479 240 821 609 422 794 756 810 97 224 812 290 221 643 292 594 293 393 209 527 319 147 330 577 522 784 390 163 589 209 678 445 234 764 187 229 56 56 168 187 360 202 203 348 110 655 119 230 337 159 367 243 772 389
566 196 242 467 204 74 384 360 149 194 158 71 476 452 245 276 336 561 138 297 153 316 165 312 274 99 181 253 594 407 198 457 382 154 40 442 262 457 79 155 279 301 78 67 243 270 184 210 356 342 376 386 262 330 163 119 81 248 373 85 180 71 321 184 33 447 38 86 107 66 336 151 224 289 385 239 42 298 325 314 164 311 335 564 18 107 256 188 278 498 187 401 358 214 205 26 279 110 224 104 61 330 573 503 271 215 252 217 175 121 282 172 235 341 260 419 166 239 232 124 98 568 479 250 247 393 200 615 539 100 436 121 138 277 154 261 352 432 159 195 156 487 567 352 384 467 53 328 219 101 332 247 368 351 137 231 234 608 397 86 177 127 551 116 71 185 341 80 187 244 12 164 599 448 632 372 452 112 566 299 339 165 283 324 39 25 36 389 170 47 543 261 456 468 452 587 236 191 281 569 459 455 71 603 302 384 78 357 466 579 202 384 369 423 197 539 579 347 73 268 430 154 143 75 116 345 300 550 57 369 509 238 140 117 202 98 63 548 192 562 49 274 214 386 148 458 252 258 207 324 311 108 557 95 121 590 464 246 519 425 268 260 486 195 314 258 128 172 223 401 272 419 60 220 157 454 227 459 327 239 237 232 396 152 410 120 274 133 567 95 118 188 480 149 131 65 335 374 166 260 79 299 303 81 120 282 203 101 204 298 433 178 399 413 203 245 286 277 294 578 294 463 275 80 352 510 238 422 203 357 180 160 438 111 66 469 348 386 235 262 78 344 96 162 178 148 414 46 81 262 79 366 311 450 123 256 220 326 117 108 329 158 548 229 0 568 112 197 82 456 94 406 263 210 41 104 161 509 203 595 235 168 383 508 151 251 557 166 140 167 236 375 560 360 248 582 178 92 205 157 253 423 312 193 600 185 325 11 235 489 362 175 109 111 243 581 406 58 188 491 293 169 392 141 339 42 157 293 312 547 125 46 101 343 266 303 466 395 504 93 87 181 180 515 323 60 296 66 596 398 227 595 544 603 145 20 614 358 274 423 301 390 65 177 21 330 324 306 370 370 325 591 162 108 361 143 465 229 176 578 166 77 179 174 233 222 382 275 46 170 226 461 158 149 383 107 257 332 562 182
107 388 736 140 751 509 206 920 716 740 517 613 153 228 805 335 242 173 641 274 622 879 417 277 794 485 431 427 32 180 763 141 932 713 572 128 331 161 505 462 822 842 644 624 502 377 642 663 924 246 192 233 830 310 411 593 488 800 195 648 706 612 887 417 572 127 566 565 511 628 891 423 344 812 293 381 599 283 295 268 710 265 887 97 563 471 772 747 295 80 671 168 219 362 375 590 827 668 344 577 571 274 87 120 304 551 744 782 726 584 286 738 782 258 780 896 650 335 343 637 472 135 89 323 340 186 768 125 54 472 161 688 459 841 429 740 258 150 721 517 704 171 6 905 924 168 545 870 761 469 246 342 910 893 436 790 683 179 242 591 511 473 232 684 605 645 899 615 381 329 580 710 133 143 64 262 189 479 109 319 903 696 852 868 591 593 537 223 426 522 72 313 199 117 131 42 532 399 302 96 258 134 531 174 266 951 640 925 106 19 714 873 269 153 514 201 74 840 525 803 139 496 676 636 609 905 284 29 617 908 126 804 658 669 736 663 632 183 752 163 615 321 775 192 430 110 820 786 421 245 300 628 45 662 541 270 113 806 54 144 832 760 157 377 266 786 537 412 684 167 824 167 617 348 716 127 796 133 266 721 373 337 248 707 158 454 309 464 93 492 675 385 128 452 698 504 233 205 409 811 555 288 865 616 471 798 400 669 397 270 142 392 926 161 742 787 349 827 856 44 855 191 827 510 216 138 634 262 524 303 393 410 152 466 598 110 910 237 335 370 491 895 490 690 392 713 159 525 613 355 630 909 259 196 493 800 684 785 670 462 865 667 101 782 568 0 656 671 494 115 628 170 328 359 593 607 503 60 386 41 414 444 913 199 444 811 30 446 650 403 798 235 181 884 816 90 744 590 365 714 335 924 257 387 170 716 250 575 334 176 227 726 469 462 615 174 168 626 563 80 861 731 190 684 285 526 420 860 256 262 693 544 472 847 303 465 139 182 148 504 568 449 429 105 870 553 321 597 139 173 363 102 32 60 712 581 115 897 822 151 820 193 505 392 589 265 834 874 892 207 269 137 416 673 277 685 104 340 704 172 717 553 740 727 792 776 889 829 609 574 794 168 726 678 906 673 686 883 27 394
664 303 135 566 97 148 460 265 86 86 167 139 547 559 151 338 435 665 52 393 87 225 239 415 161 210 293 282 679 505 115 554 279 62 140 534 367 558 190 202 171 193 94 46 241 316 256 125 286 443 467 490 187 439 245 82 176 145 463 109 68 45 238 244 135 539 142 93 219 52 236 255 314 177 495 293 70 399 386 391 55 409 232 661 128 217 143 93 361 590 93 488 439 316 309 87 174 29 315 198 85 435 669 602 371 193 144 133 70 92 372 136 128 444 148 308 81 320 332 40 190 668 567 350 352 473 133 713 632 206 512 64 198 188 227 156 457 512 71 194 49 590 654 250 276 569 113 220 110 205 431 318 261 244 241 136 145 711 504 173 183 184 659 70 51 106 244 41 282 327 106 55 698 526 718 479 555 177 664 407 250 53 214 217 125 101 148 492 233 146 638 360 560 564 532 678 222 299 357 667 568 552 125 706 392 301 44 286 558 668 93 273 476 505 197 645 674 235 185 158 520 265 32 43 64 249 402 640 112 261 609 189 39 19 90 105 77 652 98 665 73 343 122 483 225 547 175 146 319 411 418 35 649 92 128 699 557 152 609 516 180 150 588 280 414 146 135 244 131 490 169 516 117 315 65 549 164 556 429 135 347 320 503 152 499 203 349 245 642 207 29 289 579 260 73 162 425 471 247 156 102 373 210 39 185 169 313 88 313 388 526 278 289 508 92 136 396 173 201 670 201 567 172 145 441 611 174 530 197 467 282 260 535 219 58 562 256 491 321 373 180 241 165 50 265 76 498 156 151 372 33 259 406 555 235 148 128 222 22 197 219 57 646 211 112 656 0 105 192 547 28 501 369 301 73 57 178 597 311 679 275 220 273 614 214 156 641 277 46 255 200 479 664 248 172 678 142 70 302 152 358 311 406 269 703 73 406 102 324 593 462 70 218 196 329 685 489 83 162 582 217 81 490 30 446 150 263 213 400 656 71 158 207 231 354 413 542 490 606 152 91 223 291 612 218 167 405 59 665 491 333 692 635 695 115 92 712 249 168 506 188 487 158 275 99 433 212 231 258 467 428 692 240 49 419 32 555 324 64 681 62 182 156 172 138 121 270 174 70 138 155 563 97 38 272 55 171 229 652 285
695 360 66 600 125 197 466 282 176 116 154 241 545 608 189 338 472 706 60 428 53 256 264 460 127 282 363 257 690 539 179 587 277 139 233 557 419 595 266 211 170 185 199 144 195 302 360 23 337 484 491 536 245 496 277 90 231 166 487 214 72 129 280 255 227 565 233 129 302 152 247 311 347 145 553 291 159 442 382 403 105 447 238 691 214 284 106 152 381 613 13 507 452 365 362 176 180 131 349 295 143 483 697 635 412 138 74 191 120 96 400 229 145 489 114 237 30 342 378 75 241 704 585 393 403 485 208 744 655 270 516 164 219 228 252 73 504 521 147 160 110 631 668 257 259 609 170 211 123 266 469 329 249 231 298 177 40 750 553 272 161 207 708 171 126 25 261 119 323 350 196 105 732 532 731 529 598 208 696 463 280 76 273 212 221 194 227 536 248 212 664 402 605 592 541 698 167 360 370 696 623 583 170 745 419 335 148 335 581 685 57 208 528 517 164 690 700 172 268 145 542 349 81 145 84 268 446 660 214 244 643 268 66 119 95 210 180 695 156 705 171 349 173 515 255 567 231 124 390 434 470 90 671 197 135 752 583 191 630 539 223 89 627 310 454 125 137 267 27 512 184 549 219 354 139 577 237 587 474 51 408 352 553 255 520 244 363 317 643 281 128 339 611 331 169 223 451 505 277 174 142 383 240 118 215 130 377 193 376 417 553 326 256 536 106 140 458 185 231 691 231 611 187 188 465 647 81 584 157 525 333 311 567 284 130 589 279 537 349 437 243 244 203 72 299 165 512 230 253 432 130 247 439 598 315 152 23 133 122 245 201 49 676 305 197 671 105 0 263 570 106 531 420 337 157 94 167 616 369 688 262 229 245 660 233 191 652 350 61 291 286 523 706 215 230 706 234 110 345 254 409 255 438 291 741 81 422 187 355 634 502 121 285 238 431 725 503 185 114 603 270 152 524 98 499 223 321 261 425 710 169 243 271 177 382 497 544 522 643 187 126 222 361 643 217 257 461 131 658 518 388 721 654 717 214 177 741 234 176 519 151 522 218 321 191 478 163 282 222 500 473 726 268 152 410 96 576 362 74 721 120 274 252 273 179 153 219 194 165 98 223 602 186 76 236 158 66 235 672 338
486 115 316 388 285 77 321 442 228 276 175 120 414 370 327 230 258 480 208 221 213 397 120 232 353 19 101 237 521 328 279 378 464 236 78 367 180 377 14 141 361 383 152 149 251 238 190 272 431 262 303 304 340 247 110 176 46 331 300 153 259 148 400 151 78 371 71 136 53 148 418 72 155 369 303 203 123 219 275 253 246 233 417 485 72 25 334 270 213 422 256 330 292 134 124 108 362 192 154 102 120 249 494 424 193 242 326 298 257 174 210 244 317 260 339 494 233 178 153 196 53 487 405 172 166 326 279 535 463 24 372 202 117 358 114 332 270 364 241 211 237 406 494 434 466 386 94 410 300 30 254 194 450 433 59 313 297 526 315 104 191 113 469 196 145 246 422 155 116 181 92 246 518 382 558 290 370 98 486 216 419 244 360 406 96 103 46 308 137 51 465 183 374 391 384 511 255 109 221 490 377 377 98 522 230 463 160 433 390 504 278 461 286 355 212 457 501 423 37 349 356 93 222 158 180 426 220 475 123 451 429 310 214 198 282 169 143 466 274 481 130 222 296 309 105 384 332 338 128 254 229 181 481 170 152 508 388 327 444 351 349 336 406 133 235 338 156 128 289 328 354 340 123 147 239 377 304 380 246 310 155 163 314 213 337 78 215 54 500 19 200 110 401 69 211 44 262 296 114 342 124 240 384 157 101 361 121 177 122 225 356 103 481 337 284 327 204 359 376 501 375 381 357 88 280 430 287 339 221 275 102 85 359 29 139 392 429 304 170 180 28 427 87 240 117 229 344 37 121 180 160 448 235 369 57 338 286 396 198 62 410 231 469 290 82 494 192 263 0 381 171 329 182 140 119 170 172 434 121 523 211 146 464 427 122 333 485 87 212 106 304 294 479 440 327 503 250 153 130 220 172 501 237 142 519 265 259 92 166 408 282 257 27 72 221 500 337 136 222 416 371 251 314 221 257 43 77 372 241 465 206 50 23 421 197 236 402 317 423 97 139 165 99 436 405 61 214 138 533 323 145 516 469 526 218 101 535 439 356 353 380 311 50 103 101 249 403 384 451 292 244 511 114 190 311 224 390 155 254 496 248 68 246 234 315 305 461 357 128 210 304 380 237 227 464 188 316 414 486 102
131 273 636 65 643 399 126 811 604 632 418 499 133 154 696 243 127 168 537 160 520 769 310 163 691 371 317 341 144 70 652 55 825 603 458 14 216 82 391 359 715 736 531 514 415 290 528 565 811 132 81 131 718 203 302 489 376 692 84 534 601 503 776 315 459 14 452 458 396 517 783 309 234 709 198 286 488 169 213 171 602 150 779 124 450 357 669 637 189 43 570 66 124 248 260 479 720 558 233 462 462 162 129 83 189 459 644 671 617 480 176 624 675 146 677 801 548 229 228 531 361 147 32 209 225 98 656 177 85 358 106 576 354 731 323 641 149 81 611 423 596 117 115 798 819 98 435 764 654 356 132 242 805 787 322 681 586 201 146 476 415 368 206 572 497 546 790 506 269 222 468 602 169 92 179 159 112 372 132 207 793 589 739 762 477 480 424 119 323 410 95 198 125 34 76 131 444 284 201 129 188 43 423 195 155 839 529 813 11 123 611 776 166 74 420 175 130 741 411 698 29 381 569 525 504 796 170 94 503 803 93 691 552 560 630 549 519 166 642 162 504 226 665 78 323 16 708 681 307 137 189 521 102 550 438 255 18 697 63 31 722 659 102 268 151 681 435 306 586 59 716 59 503 236 606 27 683 46 153 621 259 227 153 593 51 344 208 349 155 377 565 271 66 337 586 393 122 91 301 703 448 191 755 508 364 696 285 556 282 159 28 278 823 47 636 680 239 720 746 123 746 121 719 402 106 104 542 177 431 202 279 297 52 352 489 24 801 136 226 258 378 788 382 584 283 602 69 412 498 241 520 803 145 119 378 693 585 690 561 352 760 563 112 668 456 115 547 570 381 0 520 56 214 247 483 501 404 55 271 149 322 342 810 156 339 701 112 332 545 293 684 129 172 781 704 137 631 483 251 600 220 825 144 281 190 610 149 463 224 122 115 617 355 352 503 181 78 513 467 35 749 621 78 576 178 414 306 749 147 229 581 430 358 747 193 360 107 68 108 396 461 350 314 82 764 438 210 488 203 58 248 153 89 148 599 470 172 792 715 68 717 80 394 279 477 152 733 762 790 92 156 166 308 562 207 577 14 227 598 177 609 438 626 612 683 668 789 721 498 476 682 94 614 572 804 562 592 776 106 279
637 279 148 539 124 121 432 293 109 113 141 135 519 534 179 310 408 639 47 366 74 253 211 389 183 189 272 255 651 478 142 528 306 89 128 506 343 531 170 174 197 219 98 38 218 288 255 123 313 417 439 465 214 415 218 59 150 173 436 113 88 24 266 216 122 512 128 65 202 47 264 230 287 199 472 265 53 373 358 363 82 383 260 634 111 194 164 122 333 562 95 460 411 291 285 71 200 50 288 189 58 410 642 575 345 172 158 161 98 68 344 156 155 419 169 325 78 292 307 32 164 642 539 324 327 445 159 687 604 183 483 84 170 216 199 167 432 484 99 170 76 564 626 278 302 543 86 246 136 181 405 289 287 270 216 164 145 685 479 165 158 156 634 87 25 100 272 15 255 299 91 82 672 498 691 454 530 149 637 383 278 74 241 243 115 88 129 467 205 122 611 334 535 536 504 651 200 276 328 640 545 525 97 681 364 329 47 313 530 640 108 290 451 477 173 620 647 253 168 182 492 249 52 43 43 277 376 613 108 286 582 213 45 45 113 113 76 627 126 639 65 315 150 456 197 520 202 169 299 384 393 17 622 100 101 675 530 180 582 489 208 166 562 252 388 169 108 216 133 462 196 489 113 289 92 522 190 529 404 145 324 293 478 166 471 176 321 224 614 186 54 264 552 239 94 137 398 444 219 184 73 345 238 14 157 190 290 99 291 361 499 252 312 481 117 162 373 200 229 642 229 542 199 118 414 585 164 506 173 444 257 235 508 196 33 535 284 465 294 351 156 268 138 70 238 101 470 134 147 349 25 285 379 529 217 174 130 232 47 171 244 63 619 230 94 628 28 106 171 520 0 474 344 274 54 33 152 570 287 651 247 192 297 589 185 184 613 257 46 227 222 453 639 272 199 651 162 43 276 167 333 331 379 241 677 95 378 84 296 567 436 98 196 169 325 659 461 80 141 555 245 108 463 56 422 128 239 241 373 633 91 141 184 250 326 397 513 463 579 124 63 195 270 586 244 153 381 33 637 464 309 665 607 668 133 74 685 275 195 478 210 461 133 249 86 408 232 258 281 440 402 665 212 67 391 58 527 297 84 655 90 169 174 186 166 148 291 202 58 118 182 537 121 56 295 72 170 256 625 260
164 219 596 70 598 353 124 764 555 587 381 446 166 128 648 217 72 181 494 109 480 721 268 107 649 318 261 316 200 22 603 56 780 555 406 46 160 72 338 321 671 692 480 466 388 267 472 528 760 76 47 82 668 149 257 447 328 646 51 482 558 457 727 278 407 44 400 415 342 469 737 257 188 667 152 257 440 113 197 145 556 96 734 160 399 305 628 590 152 93 530 60 106 195 206 430 675 510 186 408 416 106 168 104 136 428 605 623 571 439 131 573 629 90 635 765 507 189 176 488 313 173 87 157 170 97 606 213 134 307 128 527 313 682 280 603 94 101 563 390 550 113 171 752 775 90 389 720 610 305 76 208 761 743 270 634 550 222 102 422 380 326 204 522 450 507 743 460 220 182 417 556 200 120 234 109 91 328 164 151 744 545 689 718 425 430 374 71 283 361 137 146 104 62 108 182 415 229 169 166 160 51 377 217 112 790 481 762 64 177 569 739 116 89 387 177 173 703 358 654 44 325 525 477 461 748 114 148 452 759 112 639 509 513 586 498 469 175 594 178 454 197 617 21 279 67 659 639 250 100 133 477 152 499 397 254 59 649 117 37 673 619 103 223 96 639 395 265 549 44 670 22 451 186 559 48 632 55 96 583 203 182 109 540 46 298 175 295 207 324 517 219 80 283 537 344 80 35 257 658 404 164 707 462 321 654 230 505 227 115 29 228 781 10 591 636 183 674 698 172 698 104 673 357 70 118 509 140 399 151 227 246 37 300 443 63 753 88 183 202 328 743 337 540 237 553 78 361 445 185 473 759 95 97 323 648 547 655 514 304 717 520 145 614 406 170 501 531 329 56 474 0 158 200 435 457 368 111 216 205 294 304 768 151 298 654 169 276 502 247 631 77 184 740 654 177 579 439 201 547 165 787 95 240 213 566 121 414 178 118 59 571 303 306 447 199 81 463 433 90 699 573 22 530 124 364 253 699 107 221 532 378 307 708 150 306 141 12 117 352 418 314 259 112 719 385 154 442 254 19 193 191 142 197 547 421 211 748 669 83 676 25 345 229 427 96 693 712 748 37 99 195 265 513 202 532 69 178 554 195 563 385 574 559 635 621 750 675 449 440 632 83 564 528 763 513 558 730 159 227
306 67 481 208 464 226 202 623 410 454 286 294 286 190 508 193 87 298 373 69 367 579 167 52 526 168 103 269 358 152 461 200 645 417 257 202 3 196 189 226 539 561 332 328 326 235 314 422 610 84 147 122 521 79 149 331 194 511 146 332 431 323 581 194 258 201 251 293 186 329 599 114 95 543 134 207 302 46 211 157 424 67 598 306 254 157 506 451 122 251 416 179 168 55 59 289 541 372 91 251 287 67 316 244 41 347 490 480 437 325 92 423 496 78 511 657 392 125 46 364 182 306 243 42 17 193 460 355 289 164 241 384 208 540 176 493 89 224 423 308 416 224 329 615 645 205 259 589 478 164 82 160 629 612 128 494 446 344 135 267 292 218 290 378 319 398 604 329 100 120 274 424 337 245 391 110 188 213 306 45 601 418 540 585 276 285 228 126 192 223 289 43 192 216 240 338 345 75 147 311 202 201 252 340 100 644 341 613 222 335 448 626 108 211 307 276 324 590 206 526 194 167 396 338 341 608 44 305 302 629 249 488 384 377 457 348 325 284 455 299 312 172 477 136 170 221 513 513 94 122 50 351 307 351 288 332 216 509 275 187 531 502 224 125 63 513 288 168 442 171 535 164 302 76 420 204 484 204 65 471 47 96 135 386 180 177 147 140 355 174 380 81 222 127 393 207 115 123 152 522 281 160 566 331 208 533 72 358 69 94 186 94 656 167 461 505 59 539 558 328 557 200 537 233 133 249 418 164 319 108 87 110 182 153 311 220 611 122 107 60 189 607 217 413 129 410 198 217 291 40 338 627 82 187 167 516 440 551 378 176 588 398 289 459 263 328 369 420 182 214 344 158 0 95 298 334 275 269 62 362 240 214 641 245 197 515 325 119 380 134 478 112 297 615 509 324 429 316 78 394 11 671 87 151 337 439 146 273 95 226 104 437 155 182 295 318 194 318 342 248 552 433 139 398 79 222 106 553 110 290 388 229 163 590 97 182 267 146 242 233 296 232 101 257 585 233 44 311 396 157 37 336 300 352 398 281 355 618 535 208 553 136 211 99 283 68 573 564 625 121 63 329 161 372 239 400 225 73 428 314 427 230 421 404 496 485 632 538 309 341 486 199 419 400 639 370 460 595 316 84
363 73 400 265 398 153 182 564 357 387 195 259 275 272 449 116 135 369 296 92 285 522 75 124 451 135 122 177 384 204 405 254 580 356 217 234 95 259 152 134 471 492 286 267 231 149 316 336 565 147 167 199 471 173 60 250 129 446 164 290 358 257 529 99 216 239 210 216 171 270 537 74 15 468 227 116 241 105 150 115 356 110 534 360 205 120 430 390 74 290 334 192 153 50 59 232 475 311 15 235 216 149 368 301 76 254 409 424 371 243 72 380 429 153 436 574 311 46 48 289 114 369 269 58 80 186 409 412 331 116 232 329 119 483 86 410 168 224 363 215 350 294 358 552 576 272 189 520 410 112 132 78 561 543 83 434 360 414 217 243 200 131 372 325 250 314 544 260 24 46 221 356 398 242 422 196 260 130 363 140 546 346 493 518 234 234 180 199 98 163 337 65 268 262 244 378 251 84 88 366 290 251 178 409 93 592 282 567 257 370 371 545 196 215 213 353 373 509 174 455 221 177 325 278 263 549 110 341 260 560 309 447 310 313 386 305 273 358 395 368 257 99 418 182 82 249 461 440 135 115 141 277 349 304 203 417 257 449 310 216 474 423 290 30 117 440 202 75 357 191 470 215 260 19 359 248 437 254 137 388 112 23 219 353 200 98 83 126 361 142 318 45 278 122 339 145 125 170 61 457 204 106 508 262 123 457 103 310 99 88 225 42 583 207 391 436 150 474 499 370 499 273 473 157 143 312 328 252 225 201 51 56 234 114 243 261 554 201 32 140 132 543 138 341 38 355 205 167 261 124 274 559 105 261 157 448 355 466 314 104 517 322 345 429 210 359 301 337 140 247 274 200 95 0 235 258 183 299 80 386 147 120 569 322 106 454 348 128 304 47 442 187 369 541 457 377 387 240 23 359 85 592 105 57 405 367 120 217 26 297 165 371 118 106 321 388 197 267 250 283 502 374 189 330 169 168 77 501 103 376 334 189 117 512 57 254 262 189 307 153 219 137 118 311 519 201 139 242 394 190 80 391 335 395 354 223 410 548 469 214 478 187 147 39 231 142 496 515 550 166 137 392 70 314 185 332 256 25 355 384 363 205 384 373 436 421 554 475 251 252 435 265 367 328 565 314 372 530 353 56
596 231 201 498 167 86 403 329 124 157 144 92 493 487 213 288 367 595 98 326 116 286 181 345 234 137 220 250 618 437 169 487 347 121 76 469 296 489 118 157 242 264 73 31 228 275 212 171 334 374 402 420 237 366 183 86 107 213 399 85 140 30 294 194 69 474 76 63 148 35 303 184 249 250 423 247 7 330 337 334 127 341 301 594 58 144 215 155 300 525 147 426 379 246 238 19 244 76 250 139 37 364 603 534 302 193 211 189 139 91 307 158 198 374 220 378 127 260 263 83 122 600 504 281 281 414 177 645 567 134 455 95 146 248 169 220 386 453 128 179 119 520 592 318 348 500 51 292 181 134 363 262 332 315 170 199 195 641 432 117 163 133 587 93 31 147 309 39 215 266 38 127 630 469 657 407 485 121 596 335 310 125 261 288 66 39 76 422 181 74 572 291 490 497 473 614 217 227 299 599 496 485 70 637 328 358 47 335 493 605 162 344 404 445 182 574 608 306 114 230 456 195 103 42 79 314 332 577 68 332 540 222 99 80 162 93 50 582 160 595 31 289 183 416 165 484 227 219 247 349 346 68 584 85 103 627 492 214 545 452 239 219 519 217 345 219 111 187 184 426 237 448 73 248 124 483 206 488 359 198 274 256 431 150 435 140 292 172 586 134 83 219 511 188 106 91 361 403 185 225 61 317 272 40 129 242 240 88 241 324 461 209 361 442 165 208 323 242 264 605 263 497 240 87 378 542 204 458 186 394 212 191 467 146 28 497 318 420 259 300 109 310 107 121 201 120 437 83 104 299 40 330 339 484 164 219 181 286 80 131 291 117 578 224 41 593 73 157 119 483 54 435 298 235 0 67 150 534 239 618 236 173 345 543 160 219 581 205 99 190 225 408 594 321 223 611 165 59 234 154 287 383 340 211 633 146 346 30 259 522 393 139 146 131 277 615 428 49 163 518 269 138 422 102 375 77 192 267 337 584 101 87 135 303 290 344 485 424 536 97 63 182 219 545 287 100 332 28 613 426 262 625 571 630 132 20 644 321 238 445 261 420 89 206 35 363 284 282 331 400 358 623 180 80 372 104 491 257 136 611 130 116 170 173 201 188 342 241 21 143 202 493 135 108 345 80 219 297 588 214
621 271 148 524 145 108 408 316 142 133 110 157 493 524 205 284 393 626 39 350 49 279 191 377 192 189 270 225 629 462 172 512 325 119 141 487 333 517 172 148 215 236 126 65 185 259 278 106 343 404 420 453 244 408 200 26 141 194 417 141 100 43 294 192 135 494 141 43 208 75 286 222 270 210 465 238 70 360 332 340 105 368 280 618 122 192 172 149 312 544 86 440 389 280 275 86 220 83 272 206 50 399 625 560 331 140 157 189 122 36 326 189 175 407 178 326 64 272 294 31 153 627 519 311 317 423 190 670 586 178 460 117 148 243 178 163 420 461 129 138 101 551 605 299 318 530 77 264 154 175 390 266 304 286 209 190 130 672 468 184 126 134 624 120 37 81 295 34 241 279 104 105 657 475 669 444 517 129 621 375 304 89 271 261 132 106 133 454 181 119 593 320 523 519 481 631 167 270 306 623 536 509 82 667 346 356 78 343 511 620 113 293 442 455 141 608 629 256 174 197 473 255 69 73 13 301 364 593 131 302 567 245 52 76 129 143 103 614 154 626 88 290 177 440 178 500 232 181 298 364 384 23 603 131 72 667 512 206 562 470 236 168 548 234 374 181 78 195 120 443 218 473 136 274 122 504 222 512 391 140 318 276 469 197 451 161 299 223 590 187 86 253 536 238 127 131 379 428 200 205 54 321 264 34 137 199 286 130 286 343 481 241 325 463 135 180 368 221 254 623 254 530 221 102 395 570 139 498 141 437 247 224 492 192 39 517 308 454 275 346 151 289 120 83 221 133 448 136 169 342 55 302 363 517 221 193 117 226 78 158 259 64 603 263 104 607 57 94 170 501 33 457 334 258 67 0 121 550 280 628 218 166 310 578 163 209 591 257 46 211 255 441 626 283 229 634 195 18 263 198 323 337 363 220 663 109 357 94 279 554 422 122 193 154 343 646 439 106 109 535 274 138 448 80 413 128 232 269 354 624 124 149 180 256 308 403 489 447 565 105 40 167 268 569 264 164 373 39 611 446 301 648 587 649 166 85 668 291 215 456 220 445 126 237 102 396 239 288 292 424 390 650 193 100 364 81 508 282 97 642 115 181 207 218 192 172 297 224 80 86 213 523 154 71 306 104 153 277 605 251
531 226 233 437 262 99 299 433 260 250 14 232 379 455 324 171 313 546 146 269 120 398 109 307 292 187 249 104 522 377 293 424 436 240 197 391 275 434 182 50 326 345 223 171 83 140 342 161 464 327 326 382 365 354 126 99 126 311 322 236 211 149 415 90 192 399 192 91 224 179 401 183 190 310 409 124 157 288 217 235 224 290 394 526 173 180 270 270 216 447 168 340 285 222 223 163 333 201 192 256 113 332 532 472 258 75 241 310 242 88 238 303 291 335 278 398 148 179 229 147 124 541 418 241 259 318 310 579 488 163 349 234 69 363 99 237 351 354 249 40 221 472 501 413 424 449 109 372 268 155 310 162 412 394 174 309 182 589 400 243 19 63 553 235 140 142 411 145 175 187 170 224 568 365 564 379 440 76 531 320 423 203 392 371 200 180 165 380 86 135 499 248 448 427 374 531 84 231 203 531 473 419 90 584 256 476 187 464 415 518 214 372 379 350 40 533 534 337 198 304 376 264 187 182 117 418 292 492 214 408 480 364 166 196 241 244 201 536 275 544 181 182 298 353 106 401 353 286 274 269 324 144 505 235 50 599 417 325 463 373 356 257 466 154 298 286 43 109 182 346 333 386 218 202 243 412 341 423 320 218 276 193 402 301 353 110 196 213 477 190 205 199 448 224 244 130 287 343 124 321 89 215 382 146 76 296 251 237 249 254 388 185 423 372 249 292 323 336 373 524 373 453 336 88 300 485 144 436 50 383 196 175 404 177 135 423 426 384 188 307 143 401 85 197 147 253 345 158 242 296 167 410 279 441 228 305 181 287 199 120 365 170 512 373 161 503 178 167 172 404 152 368 275 183 150 121 0 449 236 521 99 65 411 503 78 328 485 241 156 142 371 368 547 381 350 541 310 109 197 304 265 421 277 131 580 221 255 158 196 475 344 242 180 110 388 564 336 200 67 437 395 259 362 200 352 150 195 390 261 559 240 186 165 344 219 395 378 359 482 76 92 55 245 479 375 205 319 134 495 354 250 556 487 550 278 156 576 397 329 352 317 360 124 179 175 325 331 408 389 339 320 562 114 216 247 201 409 208 209 560 235 222 318 323 312 290 386 341 171 72 333 442 272 187 403 219 191 390 504 202
109 328 681 94 693 450 156 862 656 682 462 553 127 187 747 282 182 164 585 214 566 820 359 218 738 425 372 378 89 122 704 90 875 654 512 67 271 115 445 406 764 785 585 565 452 327 583 609 864 187 132 179 770 255 352 537 428 742 135 588 649 554 828 361 512 68 506 507 451 569 833 363 285 756 243 328 540 224 246 213 652 205 829 100 503 411 716 688 237 29 616 110 164 302 314 531 769 609 285 517 512 216 98 88 244 500 689 723 668 527 227 678 724 200 724 844 594 278 282 580 413 133 31 263 280 133 709 147 46 412 119 628 402 782 371 686 201 101 662 464 646 137 60 848 867 126 486 813 704 409 187 287 853 836 375 732 629 186 191 531 458 416 215 624 547 591 841 556 321 271 520 652 145 101 124 208 146 421 111 261 844 638 792 811 531 533 478 169 370 463 66 253 157 64 86 83 482 339 246 103 220 81 473 180 207 892 581 866 47 71 658 820 215 101 461 183 93 786 465 746 79 436 618 577 552 846 225 44 557 851 97 744 601 610 679 603 572 168 693 156 556 267 716 132 372 50 760 729 362 186 243 571 59 603 485 260 56 748 17 84 773 705 121 318 206 729 481 354 630 108 766 110 557 288 658 71 736 81 207 666 314 278 198 647 99 395 253 404 112 432 616 325 86 392 639 445 174 146 351 753 497 233 806 558 413 743 340 609 337 211 82 332 870 102 685 730 292 770 797 76 797 151 769 452 156 111 583 217 472 251 333 350 98 406 539 55 852 184 276 312 431 838 432 633 333 654 104 465 553 296 571 852 199 153 433 742 629 732 612 403 808 611 94 722 509 60 597 616 434 55 570 111 269 299 534 550 449 0 326 94 362 388 857 171 387 752 59 387 593 344 738 180 171 828 756 105 684 532 305 654 275 870 197 329 175 659 194 516 275 142 169 668 409 403 558 172 113 566 510 23 802 672 132 626 230 467 360 801 197 242 633 484 412 793 244 411 105 123 118 446 510 394 369 78 813 493 264 538 163 113 303 121 38 101 652 522 139 840 764 98 764 134 446 332 530 206 779 814 836 147 210 145 358 613 233 627 44 280 647 169 659 493 680 666 734 718 834 771 550 520 735 124 666 621 851 614 634 826 56 333
368 9 427 270 406 172 240 563 349 396 245 232 329 249 448 196 144 359 319 115 316 518 133 113 469 107 50 252 414 212 400 261 585 357 195 258 59 257 128 188 480 503 271 269 297 228 260 373 548 144 199 183 460 129 114 279 138 451 197 271 375 265 520 166 197 259 189 240 126 269 539 58 90 486 185 194 243 103 226 182 365 121 538 367 193 96 450 391 140 310 363 230 206 34 21 229 482 313 86 191 231 128 377 306 83 310 437 419 378 274 121 361 437 140 455 605 340 124 50 308 128 367 298 67 47 236 399 416 349 105 285 323 167 479 139 441 150 271 363 272 357 285 386 555 586 266 203 530 420 106 140 157 570 553 71 434 397 405 194 206 254 174 348 317 261 348 543 272 69 123 213 365 399 291 449 169 249 166 367 96 540 361 479 526 215 224 168 187 160 165 350 76 253 276 289 398 313 13 161 373 258 261 199 401 136 582 281 551 280 393 392 573 165 259 271 336 385 536 144 468 249 113 339 278 288 548 103 364 241 571 311 426 328 318 400 287 264 345 395 360 252 177 417 195 131 277 452 456 56 162 108 295 367 289 240 389 275 448 333 243 470 448 286 102 120 456 241 137 392 224 475 224 240 69 360 263 423 264 127 418 41 96 193 325 233 129 158 79 405 112 321 40 284 67 332 150 161 182 118 463 228 178 505 273 162 477 23 297 20 131 245 53 599 225 403 446 90 480 497 388 497 260 478 181 180 310 375 220 283 157 40 61 243 93 254 279 550 183 108 71 131 547 167 356 98 350 247 157 230 63 279 568 130 248 107 458 389 501 319 125 530 344 351 398 203 386 311 369 121 271 287 216 62 80 239 280 236 326 0 418 222 180 583 305 160 454 381 62 325 98 417 173 357 558 447 386 367 262 57 333 52 616 133 128 398 382 178 213 97 287 165 377 94 132 252 379 241 257 300 306 491 372 199 340 136 162 48 492 148 346 327 168 103 535 116 174 312 204 303 183 243 200 46 318 526 172 94 253 444 213 24 398 358 412 337 221 416 559 476 256 497 196 154 59 222 130 518 503 568 179 124 391 126 311 259 342 282 73 371 375 368 169 360 343 436 425 576 478 249 296 424 260 357 343 582 310 413 535 375 34
143 420 754 181 773 533 222 943 742 762 534 643 153 270 829 350 275 210 662 305 641 903 440 312 812 515 465 439 12 217 787 180 953 737 601 161 365 201 534 481 843 863 672 649 513 390 677 679 950 281 221 272 855 349 435 613 514 822 224 676 727 636 913 437 601 162 594 587 543 653 914 452 371 831 333 397 624 317 308 288 732 297 909 134 591 501 791 771 319 118 689 194 240 393 406 616 848 692 371 609 594 311 123 161 335 564 761 807 748 604 314 766 804 294 799 910 669 359 373 658 498 171 120 354 373 205 794 152 95 500 173 713 481 865 452 756 295 167 745 531 727 212 38 927 944 209 569 891 783 497 280 362 931 913 465 814 698 211 282 622 528 495 270 710 629 663 922 638 409 353 607 732 165 156 47 301 230 502 146 356 927 717 878 889 619 620 565 262 447 549 113 344 240 156 147 71 544 431 322 132 299 173 554 206 293 976 665 952 142 51 733 888 308 173 528 240 108 856 555 823 169 529 698 661 629 928 318 70 645 928 167 832 679 693 757 691 658 221 775 201 641 340 799 227 454 141 845 805 456 271 337 650 84 690 561 306 150 830 93 175 857 777 198 402 299 805 556 434 700 196 846 205 645 377 740 164 822 172 301 738 408 363 289 737 187 479 330 495 70 522 699 415 169 484 724 531 262 240 433 833 577 307 888 640 493 817 433 696 430 298 177 421 944 196 763 808 387 849 879 78 879 232 849 534 243 179 648 303 538 343 423 438 191 496 621 148 934 277 360 407 518 917 514 711 418 739 182 553 643 390 654 929 290 237 525 821 700 798 694 488 884 687 140 812 595 41 679 688 523 149 651 205 362 386 618 628 521 94 418 0 428 463 932 239 466 834 38 480 671 429 827 274 218 902 841 124 772 611 393 743 368 939 287 409 202 736 272 602 360 217 263 749 499 487 652 210 190 653 578 117 887 755 226 706 324 554 450 885 283 301 718 573 501 864 329 504 146 217 189 527 590 467 462 146 892 583 358 620 108 205 396 133 73 82 740 607 142 917 843 173 838 229 531 421 616 301 851 900 910 241 304 170 439 698 286 707 137 368 725 207 740 584 769 757 816 799 905 852 635 591 820 209 752 699 924 698 700 905 67 424
452 213 327 363 361 161 208 531 354 349 111 304 283 397 422 80 251 475 245 210 218 496 97 256 388 220 253 30 431 306 389 350 534 336 263 309 241 364 225 80 424 442 307 261 94 41 399 251 560 269 248 324 462 316 114 197 170 409 244 317 309 241 512 62 259 319 257 183 262 269 499 186 145 406 366 37 243 237 121 151 322 232 492 446 242 208 366 367 145 364 264 256 199 196 203 244 432 296 149 311 201 283 451 396 211 138 334 407 340 187 175 393 389 282 375 483 245 119 195 245 159 465 332 199 227 229 405 499 404 192 256 326 98 461 98 328 299 264 346 103 319 404 411 511 520 380 187 470 367 184 250 88 509 491 184 407 270 516 346 305 101 108 491 326 232 236 510 239 152 126 246 322 490 273 472 329 375 124 453 284 521 301 488 469 272 258 225 320 74 195 416 203 385 348 283 444 122 222 124 451 421 343 167 510 188 574 278 560 333 429 311 460 330 261 100 467 451 427 246 402 294 290 285 273 215 516 243 405 291 505 405 456 264 292 339 328 286 467 372 472 266 97 395 282 108 316 449 383 273 194 282 241 419 321 147 539 337 424 377 292 454 350 396 120 242 383 140 90 273 265 432 314 294 164 339 334 436 347 267 310 258 144 349 384 271 133 119 233 381 225 301 182 373 238 337 182 215 275 109 420 178 131 481 240 117 391 242 324 240 188 310 171 517 296 347 390 297 434 471 438 471 389 435 154 224 412 221 385 110 343 183 170 331 202 226 343 525 328 134 287 186 499 139 295 125 347 258 214 311 271 260 507 216 378 258 403 272 371 294 149 462 268 433 460 235 414 275 262 211 322 247 294 240 147 236 218 99 362 222 428 0 68 507 438 89 426 393 252 254 128 461 311 477 476 446 459 400 205 168 388 231 511 213 93 506 319 174 235 146 408 282 340 206 140 430 493 249 284 150 353 492 355 293 298 307 209 196 488 190 501 333 244 195 436 158 395 284 286 410 142 185 55 248 401 473 262 283 225 397 277 227 475 400 463 367 236 494 494 427 264 413 291 178 164 253 272 424 505 483 270 268 486 104 309 149 299 325 167 308 488 333 275 406 407 410 389 477 439 257 164 429 373 365 286 498 311 273 488 417 190
467 171 294 373 311 94 242 482 294 300 77 237 327 391 370 118 248 481 198 204 178 445 48 243 350 157 201 91 464 313 333 360 490 281 196 328 214 370 159 18 380 400 242 200 117 103 332 224 503 263 262 317 405 293 67 150 103 361 259 251 264 182 458 27 191 336 189 126 198 207 452 134 126 368 347 74 180 224 166 176 271 225 446 463 174 146 329 313 153 385 228 278 225 162 165 179 386 238 128 244 140 268 469 408 195 134 302 352 288 140 174 330 342 271 336 461 206 115 167 196 93 477 357 178 198 258 346 516 426 129 293 266 31 408 42 300 287 296 290 95 267 407 442 465 480 384 122 427 320 121 246 101 467 450 128 355 246 524 336 238 79 41 489 265 173 204 461 181 115 122 179 271 504 309 505 316 375 56 468 259 470 254 430 426 205 191 157 315 22 127 436 185 384 364 316 470 133 177 142 468 410 355 103 519 192 521 217 504 352 458 271 435 316 291 93 468 471 400 179 360 313 230 235 212 166 467 229 432 224 464 416 395 216 236 293 263 222 471 318 479 202 124 342 289 51 339 393 342 225 206 262 189 443 257 97 535 355 371 401 311 400 317 402 90 234 342 93 46 245 283 384 322 228 139 284 349 377 359 256 280 220 129 338 318 291 69 135 174 423 161 244 142 384 182 277 115 224 279 63 372 119 156 430 183 49 355 198 260 196 190 325 128 482 308 301 345 265 387 420 463 420 389 387 88 237 421 209 372 105 321 140 121 340 141 166 360 474 319 123 251 119 454 71 248 85 288 285 146 244 238 201 466 214 377 196 358 244 351 238 85 421 224 448 394 168 444 220 229 146 342 192 304 214 120 173 166 65 388 180 463 68 0 470 438 24 375 427 197 208 83 397 304 482 440 390 478 337 150 136 323 204 484 213 66 515 273 194 169 131 411 279 288 145 74 366 500 276 219 131 375 436 300 298 246 289 141 145 432 197 495 272 176 131 405 155 348 323 294 417 76 129 21 198 415 429 195 258 166 445 290 192 493 426 488 304 170 512 453 381 292 376 296 110 122 186 261 391 449 448 274 256 499 55 249 200 247 347 144 262 496 281 208 342 341 357 338 447 390 193 136 371 377 305 237 463 251 255 443 444 146
932 576 180 834 180 417 710 114 257 189 398 385 790 831 161 582 704 936 274 661 292 140 500 686 120 482 564 502 934 773 209 822 69 234 404 796 640 827 462 452 106 84 334 316 436 547 473 257 222 713 730 762 200 711 510 321 447 141 726 343 211 318 170 496 400 804 408 353 485 317 95 527 580 102 768 535 342 670 627 645 219 679 83 928 397 489 141 204 621 853 243 748 694 588 582 357 109 274 582 449 354 707 935 870 641 379 174 196 208 330 637 283 150 716 134 125 264 581 603 280 461 938 827 620 624 728 230 981 895 479 760 275 456 157 488 184 729 765 231 405 227 861 911 83 28 840 383 61 164 478 700 571 39 43 513 169 243 982 776 422 406 442 931 283 322 270 108 312 551 588 375 219 967 777 975 751 826 439 932 679 144 224 211 68 385 366 419 764 488 418 903 630 832 829 785 940 405 572 612 933 841 819 392 977 656 179 306 216 821 927 199 99 748 760 408 917 939 103 453 115 782 529 245 308 306 114 673 901 363 27 877 260 259 266 184 329 331 924 201 936 337 593 187 750 489 808 194 129 590 673 690 292 912 319 373 972 822 162 871 779 164 157 858 544 684 129 376 504 237 752 121 784 367 584 231 815 231 823 701 198 619 586 775 333 760 471 605 516 888 478 266 561 847 532 269 434 689 739 511 131 364 626 136 310 447 116 585 311 586 653 791 549 19 773 180 138 668 116 137 932 137 839 120 412 704 881 302 803 401 739 554 532 803 491 330 827 128 763 585 645 453 75 431 229 531 251 755 428 395 644 305 39 673 826 503 128 237 173 266 467 54 247 913 324 383 913 273 245 464 810 297 768 641 569 345 310 411 857 583 932 507 470 0 886 471 154 896 548 265 522 288 750 936 32 198 944 281 329 572 326 630 80 673 529 973 203 664 373 589 864 732 208 491 464 555 956 745 338 358 844 192 223 758 243 719 422 536 180 664 929 274 426 480 83 618 674 789 757 875 416 350 465 563 879 75 431 677 331 903 756 606 959 895 957 292 364 978 34 115 762 94 756 430 546 367 705 87 194 30 735 699 960 503 281 655 241 816 592 214 952 217 444 303 334 169 166 62 125 338 343 217 833 255 242 21 284 252 82 913 557
106 312 722 91 710 469 272 868 654 700 515 533 287 59 753 365 190 58 616 234 607 823 396 200 770 411 336 463 228 134 705 103 890 662 499 161 247 80 432 454 785 807 575 574 533 415 526 659 849 176 198 124 763 184 382 572 439 756 201 574 676 569 824 413 501 147 493 535 422 574 844 359 314 787 138 401 547 218 348 294 669 213 843 113 498 401 749 696 294 143 656 206 257 298 305 534 787 618 311 482 532 179 126 83 247 568 731 724 682 565 266 662 741 171 755 896 633 326 283 607 426 86 176 267 262 244 703 138 145 409 262 628 441 784 408 732 157 235 668 529 661 40 203 860 890 62 503 834 724 409 193 351 875 858 373 739 682 104 111 502 517 453 54 622 564 636 849 574 337 318 518 669 116 248 238 137 63 452 104 211 845 662 781 831 519 529 473 124 416 469 126 258 55 122 232 176 559 318 315 117 72 114 495 101 251 886 586 852 150 190 691 867 141 226 527 31 141 831 447 771 174 391 641 583 583 853 214 170 544 875 75 726 628 623 702 590 569 42 700 64 557 344 722 157 404 171 756 758 315 246 198 595 155 593 525 103 138 754 160 170 775 744 54 351 205 757 524 395 680 191 780 129 543 305 666 130 725 111 186 711 274 310 113 622 190 417 320 381 281 416 625 325 91 366 637 453 224 163 383 768 524 312 810 576 445 776 309 601 307 251 147 337 901 153 706 750 231 785 802 166 802 50 783 475 218 62 647 97 539 162 332 354 117 398 556 133 855 123 315 256 434 853 458 658 361 655 219 463 528 250 583 873 225 62 403 762 678 788 623 419 833 642 101 690 508 199 614 660 427 156 589 151 245 322 543 578 503 171 305 239 438 438 886 0 428 760 218 353 623 369 713 136 55 860 751 131 668 559 315 630 256 913 227 372 99 684 270 518 307 34 159 682 399 423 479 78 225 562 569 155 794 678 147 644 170 467 351 796 249 74 632 472 408 833 284 310 262 155 53 474 539 452 336 95 830 474 214 556 331 169 282 133 169 177 639 526 144 863 781 220 797 148 456 341 528 182 816 806 869 168 187 106 392 616 352 646 165 298 672 75 673 468 659 638 741 731 875 783 554 573 728 68 662 645 883 615 693 840 172 329
462 150 298 366 308 77 246 478 284 296 89 218 334 379 364 127 239 473 198 195 182 439 32 230 352 133 179 114 466 305 325 354 488 273 176 325 197 362 136 29 378 398 227 189 140 120 310 231 493 252 259 306 396 276 48 150 81 357 255 235 263 173 451 34 172 333 170 121 174 195 448 111 114 369 332 89 167 212 176 178 267 215 443 458 156 122 330 307 150 382 232 277 226 144 146 164 383 229 117 221 131 255 465 402 182 151 307 344 283 141 167 317 338 259 337 469 209 110 152 193 70 470 356 164 181 260 336 511 424 105 298 255 16 401 21 306 275 298 282 113 262 398 442 462 480 376 109 426 317 97 236 104 467 449 105 349 254 517 324 217 95 30 478 254 165 209 457 174 97 117 163 267 498 312 506 302 365 40 462 242 463 252 421 424 187 175 137 304 20 108 432 172 373 359 319 469 153 156 143 463 396 349 92 512 186 514 206 494 350 457 272 441 302 292 112 458 468 405 157 359 311 206 232 201 165 463 216 430 207 464 409 382 214 229 292 248 208 462 311 471 188 130 335 282 29 337 385 342 202 202 246 184 441 242 99 523 351 365 400 308 393 321 394 77 223 343 97 34 252 281 381 315 210 125 277 344 366 353 244 285 200 118 325 302 289 45 136 151 429 138 236 122 378 158 266 94 219 271 46 368 112 159 424 175 31 357 176 247 174 183 321 108 484 303 298 343 246 384 415 461 414 379 383 74 233 414 221 359 123 305 119 100 334 117 158 356 469 307 115 231 97 452 55 246 69 279 285 125 224 219 192 465 206 366 172 356 250 360 230 61 421 224 443 379 151 444 214 233 122 339 185 298 197 106 160 163 78 387 160 466 89 24 471 428 0 369 428 174 207 64 384 293 474 442 381 474 324 146 119 307 187 489 205 58 508 272 194 153 121 402 269 283 121 51 342 492 276 204 144 373 427 292 290 241 274 121 122 424 193 482 261 155 108 410 148 326 328 288 410 64 124 44 175 410 427 174 241 157 453 286 173 488 425 487 291 156 508 453 378 293 378 288 90 102 170 248 395 440 451 267 243 492 37 238 211 242 345 131 260 488 275 186 327 325 351 334 452 386 180 145 361 369 295 234 465 240 265 440 442 126
816 448 153 717 67 302 616 110 109 79 316 239 702 703 7 493 586 813 183 545 215 70 394 563 109 349 428 430 834 656 57 706 133 99 264 688 513 708 328 357 60 76 190 188 378 468 319 213 147 593 621 637 64 579 400 229 326 30 618 195 123 198 89 400 261 693 269 249 345 186 85 402 468 108 634 448 214 549 541 547 104 560 86 813 262 358 114 64 516 744 181 643 594 465 456 226 49 144 469 301 240 581 822 753 521 323 155 42 87 240 526 129 48 592 108 245 191 476 482 181 341 819 722 500 498 629 76 865 786 351 667 132 354 37 382 175 603 667 92 336 108 738 809 101 145 718 266 93 68 352 582 473 126 113 388 21 214 859 649 275 330 340 802 139 205 211 89 196 434 482 241 105 849 682 874 623 703 332 816 549 95 127 89 86 244 230 287 640 389 293 791 511 707 716 688 832 353 442 512 819 709 704 280 855 546 148 174 145 712 823 135 207 619 661 340 790 827 180 316 78 674 386 141 178 211 94 551 795 220 132 760 115 163 142 96 180 192 799 60 813 203 498 38 635 380 702 52 93 453 566 562 186 803 173 280 840 711 8 764 670 33 144 737 434 565 91 286 400 201 645 34 668 223 468 95 702 82 708 578 171 487 475 647 179 653 357 505 381 798 344 137 438 730 397 124 311 579 623 402 30 257 529 55 194 341 117 453 165 454 542 680 428 173 661 85 59 534 40 45 824 45 714 35 300 596 761 270 672 336 606 431 410 687 362 213 716 100 637 476 510 327 96 320 133 419 106 653 297 248 512 181 125 559 702 364 54 198 216 141 350 104 162 798 176 251 811 156 191 333 701 184 654 515 454 219 209 328 752 454 834 426 375 154 760 369 0 797 412 173 408 142 626 812 144 55 831 127 225 453 172 505 221 559 425 851 113 562 242 478 740 612 87 360 349 402 833 644 199 295 736 81 82 642 129 590 293 409 71 555 797 130 289 352 162 508 527 697 643 755 307 246 377 428 764 80 291 547 214 820 645 478 844 789 849 139 234 864 121 45 661 118 639 309 426 232 581 145 92 155 619 576 842 395 143 573 128 709 476 123 829 94 301 149 181 19 39 184 29 206 273 66 712 105 141 164 145 236 83 807 433
133 382 718 150 736 496 186 906 704 724 499 605 125 242 791 315 238 198 625 267 604 865 402 275 776 477 427 406 37 181 750 148 916 699 563 123 328 172 496 445 806 826 634 612 480 356 639 644 913 245 183 239 818 314 397 577 476 785 186 638 690 599 875 401 563 126 556 550 505 616 876 414 333 794 302 362 587 279 274 251 695 260 872 123 553 463 755 733 281 86 653 156 203 355 368 578 812 654 333 571 557 275 115 137 298 530 726 769 711 567 276 728 767 258 763 876 632 321 335 622 460 161 82 316 335 168 756 154 74 462 139 675 444 828 415 721 260 131 707 497 690 188 24 890 907 181 531 854 746 459 243 326 894 876 426 777 663 207 250 584 492 458 255 672 591 627 885 601 370 315 569 695 162 121 79 267 202 465 136 320 890 680 840 852 581 582 527 228 410 511 95 306 212 123 111 72 510 393 285 123 274 140 517 202 255 938 627 914 106 49 697 854 274 136 494 224 103 821 517 786 132 492 661 623 593 891 281 50 607 891 144 794 642 655 720 653 620 206 738 189 604 303 761 190 417 104 807 769 419 233 301 613 70 652 524 295 115 792 62 138 819 741 173 364 262 769 520 397 665 158 809 169 607 339 703 130 784 140 265 702 371 326 257 699 149 441 293 457 66 484 661 377 141 447 686 493 224 203 395 796 540 271 851 602 456 781 396 658 393 260 140 383 908 159 727 771 351 812 842 73 842 205 812 497 205 157 614 274 503 310 385 400 157 457 584 114 897 243 322 370 480 880 476 674 380 701 144 515 605 354 617 892 252 209 487 784 665 764 657 450 848 651 125 774 557 30 641 652 485 112 613 169 325 348 581 591 485 59 381 38 393 427 896 218 428 797 0 442 634 391 789 239 206 866 803 118 734 574 355 705 331 904 249 372 197 700 235 564 322 193 227 711 461 449 616 201 153 615 543 82 849 718 190 669 289 516 412 848 245 285 681 535 462 828 291 470 114 180 166 490 552 431 425 123 855 545 322 583 114 168 358 131 50 89 702 570 144 880 806 135 802 193 493 382 578 264 815 862 874 204 268 165 402 660 254 670 100 330 688 198 703 546 731 718 779 762 870 815 597 555 782 180 714 663 888 661 666 868 54 386
423 63 403 326 369 158 300 518 304 360 248 180 391 294 405 242 205 408 295 177 299 472 156 171 439 68 17 281 475 270 356 318 544 317 148 319 116 312 87 200 443 466 224 233 314 267 198 357 496 202 261 235 411 169 138 262 122 412 259 221 345 234 472 191 151 320 143 222 70 231 496 66 141 454 223 231 207 163 278 239 330 182 497 423 152 66 420 350 197 369 343 292 267 92 79 191 443 275 139 132 207 181 434 362 145 315 413 374 340 259 181 310 399 195 425 581 320 174 111 283 119 420 360 129 107 297 351 471 408 82 346 279 176 433 157 419 202 332 321 280 321 336 447 513 549 319 180 493 384 88 200 203 532 516 69 392 383 455 242 150 261 178 391 273 232 332 500 242 109 174 173 330 452 353 510 216 301 166 422 142 493 330 428 488 168 183 129 241 181 138 408 138 303 335 351 457 323 50 215 428 298 320 182 451 198 533 242 499 340 453 365 547 212 321 280 383 442 510 96 434 310 52 308 240 266 503 162 424 193 534 366 373 301 282 367 237 220 394 353 411 212 227 374 255 147 338 404 424 42 223 158 268 426 242 233 428 335 405 393 304 424 423 339 141 181 423 236 162 375 286 435 283 191 123 320 323 373 322 184 397 79 149 240 270 295 132 210 33 467 71 283 83 340 19 288 128 223 241 143 423 210 233 460 243 165 447 47 249 50 192 305 88 565 285 369 410 123 440 452 447 452 311 438 168 242 364 369 261 291 195 77 82 301 67 225 338 505 234 159 98 108 507 160 326 130 306 309 123 176 103 245 530 192 298 50 421 372 483 282 121 494 318 407 341 166 446 277 350 87 332 257 276 119 128 205 257 241 387 62 480 252 197 548 353 174 412 442 0 299 125 362 226 406 525 399 442 316 240 107 278 111 588 195 162 449 350 238 176 150 338 222 340 65 131 194 429 303 213 299 366 441 331 258 306 183 129 56 443 209 385 282 123 80 507 174 154 374 264 357 174 224 218 18 375 486 122 139 225 506 274 84 453 419 471 286 185 471 522 438 318 466 255 133 93 182 186 489 453 536 239 181 444 148 270 313 309 343 129 340 425 331 115 306 287 393 386 547 437 211 291 376 314 311 313 549 267 401 494 434 72
666 316 104 569 106 154 450 277 127 94 143 180 534 569 169 324 439 672 10 396 45 242 235 423 147 231 313 257 672 508 144 557 282 95 174 532 378 562 213 190 172 192 139 83 208 296 299 80 313 449 465 499 216 453 245 58 186 155 461 154 56 70 261 234 168 538 175 88 247 92 245 267 315 164 510 278 100 406 371 383 70 414 239 663 157 235 126 119 356 588 49 484 432 325 320 117 178 74 317 236 93 444 670 605 377 155 114 160 88 68 371 179 135 452 133 282 34 316 340 17 198 673 563 356 362 466 168 715 630 222 501 109 191 209 223 121 466 504 104 164 70 597 649 258 274 575 122 220 113 219 435 308 260 242 254 155 100 717 514 211 157 177 670 115 69 60 255 60 287 323 137 70 702 516 712 490 562 174 667 420 268 47 244 218 161 135 173 500 224 162 638 366 569 564 524 675 185 314 349 668 582 554 128 712 391 321 88 312 556 664 68 249 488 498 167 654 674 211 212 153 517 294 34 85 42 262 409 637 153 258 612 227 11 62 86 151 119 660 123 671 110 332 145 485 223 544 203 136 340 408 429 32 647 138 111 712 557 171 606 514 202 124 594 279 420 136 115 239 88 487 177 519 158 320 97 549 199 557 437 99 363 321 514 199 495 206 342 266 631 229 73 299 581 281 116 175 424 474 245 165 100 364 227 59 182 153 330 135 330 388 526 286 279 508 93 137 413 180 218 667 217 575 180 148 439 616 127 543 164 482 292 270 537 236 74 562 270 500 320 391 195 247 166 41 266 116 491 177 193 387 69 258 408 562 261 150 84 186 66 204 215 19 648 255 140 650 46 61 212 545 46 502 380 304 99 46 156 593 325 671 254 208 265 623 207 173 634 299 0 256 241 487 672 238 200 679 185 64 308 198 369 292 408 264 709 66 400 129 324 600 468 88 236 200 370 691 482 125 125 580 244 112 493 51 458 170 277 238 399 670 115 186 223 211 353 442 531 492 611 150 85 207 311 614 221 199 418 75 650 491 346 693 631 693 161 120 713 247 173 499 174 491 171 283 132 441 194 257 247 469 436 695 237 95 402 50 552 327 54 688 83 215 201 218 157 135 252 185 105 102 188 568 138 32 261 101 126 235 649 296
410 89 354 313 351 107 218 518 313 340 152 223 310 318 403 125 182 416 249 139 238 476 35 169 403 107 125 157 427 251 360 301 533 310 179 279 133 306 120 93 424 445 245 221 199 143 293 291 522 193 212 245 427 212 16 203 86 400 209 250 311 210 485 69 177 285 172 169 148 225 490 59 59 421 268 107 196 151 169 148 310 157 487 407 165 92 382 344 111 335 288 236 191 80 82 188 428 265 61 208 169 193 415 349 121 215 363 379 325 196 117 339 382 198 389 528 265 73 88 242 70 416 314 102 117 226 366 460 377 83 270 285 75 438 43 363 213 264 318 176 303 341 402 505 529 319 142 473 363 76 179 89 514 496 60 388 315 461 262 211 159 85 417 281 204 268 497 214 33 77 179 310 445 281 467 240 307 83 410 178 500 299 450 471 195 192 141 245 62 120 384 111 314 309 285 424 216 96 116 413 334 298 130 456 138 548 237 524 303 415 324 499 239 256 175 399 420 462 143 408 266 166 278 233 216 503 155 387 220 513 356 405 263 267 339 265 230 404 349 415 213 116 372 229 37 294 417 392 145 158 183 230 395 262 157 462 303 404 355 262 429 376 337 28 164 392 156 39 311 236 424 262 221 64 314 294 394 301 183 342 137 66 263 314 245 51 109 110 400 114 272 59 325 112 295 102 171 217 20 411 157 134 462 215 76 409 117 268 114 134 272 45 536 253 344 389 182 427 453 415 453 320 426 110 188 359 285 296 187 241 58 43 281 86 196 308 508 247 69 168 92 496 91 293 11 310 247 127 225 155 227 512 152 308 138 401 309 420 268 60 470 275 392 392 167 403 255 291 106 293 227 247 134 47 190 211 142 344 98 429 128 83 522 369 64 408 391 125 256 0 402 233 416 494 413 424 345 193 55 320 123 545 152 39 452 320 158 173 69 344 212 325 91 59 310 435 239 225 208 328 458 328 236 284 211 127 68 457 147 420 290 153 84 465 100 269 300 236 354 106 172 102 121 358 472 167 177 195 430 237 109 438 381 441 312 179 457 501 422 256 431 234 103 39 188 188 449 471 503 213 182 439 28 270 205 285 301 71 308 431 316 174 344 336 390 375 507 428 207 208 391 312 323 281 517 270 327 484 398 64
784 413 274 686 174 307 620 200 115 179 362 185 711 654 137 511 560 770 250 524 286 156 400 530 247 313 378 473 825 628 112 678 245 148 226 671 476 674 293 382 202 217 158 200 440 499 212 310 139 561 606 597 89 529 399 281 317 169 604 152 217 221 137 417 226 673 233 280 293 192 198 375 457 248 579 471 218 519 560 550 182 535 207 784 237 327 246 138 513 724 274 633 593 436 425 219 191 173 457 231 260 543 794 722 495 393 279 111 168 291 514 67 178 556 242 388 272 475 456 240 333 782 709 475 463 628 81 832 765 327 672 138 370 131 389 299 564 666 139 392 176 698 798 215 272 681 275 229 187 330 555 483 253 245 363 138 321 816 604 212 379 357 749 136 231 297 191 226 419 480 224 182 814 683 862 578 663 344 784 504 166 210 86 221 208 211 262 602 404 283 766 486 664 693 686 813 422 404 517 789 654 678 294 813 534 186 184 143 693 807 241 350 573 657 395 742 802 322 274 217 659 322 210 189 264 190 519 778 182 262 727 28 231 182 203 138 176 755 136 772 196 510 129 611 384 688 94 228 398 557 519 235 783 142 320 781 690 136 747 654 124 273 700 430 536 227 328 407 306 631 176 641 182 450 147 679 61 681 543 288 441 465 601 92 640 356 510 338 802 307 171 413 700 351 128 300 565 597 402 172 283 535 154 225 352 255 408 137 410 529 659 406 307 639 193 194 482 181 151 804 151 673 176 310 584 726 365 619 396 553 405 388 659 332 236 694 183 596 470 457 310 217 329 214 413 125 647 275 187 465 204 252 539 660 312 193 302 351 179 344 243 241 767 37 236 798 200 286 304 684 222 631 478 442 225 255 371 738 417 827 461 397 288 713 384 142 789 362 241 402 0 588 767 284 90 802 61 263 434 84 469 361 541 429 810 210 560 232 468 699 581 167 329 347 292 790 639 180 362 719 105 135 615 192 545 275 379 114 544 738 131 254 326 305 499 442 702 619 718 322 279 406 380 735 213 246 501 237 832 626 441 814 773 828 93 228 833 254 188 656 260 612 301 406 215 546 287 111 295 594 541 806 398 155 595 193 694 459 214 787 167 248 58 75 137 157 325 168 204 339 78 676 103 214 301 152 346 207 789 405
197 179 586 102 575 333 185 735 522 564 381 405 241 87 620 244 61 186 480 101 471 690 261 64 634 280 210 338 267 59 573 96 756 528 368 121 114 86 301 319 649 671 444 439 404 293 414 523 721 42 103 13 633 75 246 435 303 622 105 444 540 433 693 280 370 115 362 399 296 440 710 225 179 651 77 274 413 81 238 179 534 80 709 197 365 268 613 562 168 156 520 130 158 162 170 400 652 483 176 359 396 46 208 136 111 436 595 592 547 428 136 534 606 35 619 760 497 194 147 471 290 194 161 131 128 162 572 244 189 275 201 495 306 652 272 596 24 176 534 397 526 112 237 726 755 93 367 699 588 275 62 223 739 722 239 606 547 233 36 377 383 317 185 490 428 500 715 438 201 187 385 534 226 196 295 32 77 316 196 87 713 527 652 696 388 397 340 14 282 334 185 122 82 118 185 237 428 186 192 203 110 101 359 229 125 755 452 724 134 238 555 731 39 163 395 167 218 694 317 635 121 271 505 449 447 720 78 209 414 739 139 599 492 488 567 460 436 174 567 187 424 221 589 62 269 142 625 621 194 129 69 459 207 462 389 231 124 620 181 114 642 608 113 215 70 621 388 260 544 115 646 70 413 169 532 109 596 103 50 574 148 176 40 497 120 281 195 251 283 285 491 189 116 237 505 317 108 56 248 633 387 194 678 440 309 640 180 470 178 124 101 201 765 87 571 615 116 650 669 226 669 89 648 339 111 138 513 78 407 74 196 218 83 265 421 125 723 17 182 138 299 718 322 522 225 522 150 329 401 126 448 738 95 76 276 627 542 652 488 283 698 505 181 567 375 235 479 523 294 129 453 77 112 187 408 441 368 180 173 274 311 304 750 136 293 626 239 226 487 233 588 0 186 724 620 216 540 423 179 504 122 777 99 238 225 548 157 384 173 114 33 547 267 287 381 207 151 430 435 157 664 544 56 508 50 333 217 665 127 191 499 341 274 697 154 231 217 69 131 337 402 319 209 150 696 344 90 420 330 90 149 227 204 249 510 392 245 728 646 157 661 54 320 204 395 45 680 676 733 59 51 218 257 483 253 510 142 162 536 203 538 340 532 514 608 596 738 649 420 438 597 87 530 509 747 482 558 706 218 194
75 364 770 115 761 519 297 920 707 750 560 586 295 114 805 401 235 8 664 279 654 875 442 250 819 464 390 500 206 171 758 129 941 714 552 181 299 114 485 498 835 857 628 625 572 451 581 705 903 223 231 174 816 238 429 620 489 808 235 627 725 619 877 457 554 168 546 584 476 626 896 410 360 836 192 440 598 266 379 329 720 259 894 85 550 453 798 748 334 147 704 232 288 348 356 585 838 669 357 536 582 230 96 90 295 610 779 777 733 612 309 716 792 220 805 943 681 368 333 657 475 48 185 316 314 269 756 91 133 460 278 680 487 836 454 779 208 253 720 572 712 75 186 912 941 98 553 885 774 460 238 391 925 908 424 791 728 49 164 556 560 500 53 675 614 683 901 624 385 361 570 720 69 261 208 190 109 499 72 265 897 712 834 881 572 582 525 172 461 520 111 306 105 139 245 149 599 370 353 86 124 138 544 46 292 939 638 906 164 168 740 914 195 246 569 30 111 878 500 821 196 446 691 635 632 905 263 156 597 925 79 780 677 674 752 643 621 13 752 18 609 381 774 195 451 186 809 807 369 283 250 644 136 646 572 90 154 806 155 194 827 792 81 396 252 807 570 440 726 219 831 163 596 353 717 151 779 134 235 758 328 355 166 676 216 466 359 434 271 469 677 375 108 419 690 503 263 204 430 819 572 348 863 626 492 825 362 654 360 293 173 387 951 183 756 801 285 836 854 140 854 97 834 524 254 69 690 152 581 216 382 404 147 450 607 148 908 175 359 311 485 904 506 707 408 707 241 514 582 303 634 923 268 110 456 812 724 833 674 468 883 690 81 744 560 181 664 706 479 172 639 184 297 369 594 626 547 171 357 218 477 482 936 55 474 812 206 406 672 416 767 186 0 909 804 97 722 608 364 684 307 961 270 417 45 733 305 569 352 72 205 733 451 472 533 23 249 614 613 160 847 730 185 694 223 518 403 849 288 85 684 525 460 881 327 364 272 191 68 522 587 494 389 94 881 527 267 606 319 201 334 94 156 145 692 578 99 914 832 240 846 187 506 390 580 231 865 859 918 209 237 59 438 668 378 696 178 345 722 21 724 521 712 692 793 782 923 834 605 618 781 105 715 694 933 667 737 891 153 380
904 551 149 806 159 391 680 129 241 166 368 367 759 805 151 552 676 909 245 633 262 145 472 660 91 458 541 471 904 745 195 795 91 214 382 768 614 800 438 423 89 69 315 293 404 516 459 226 233 687 701 736 197 687 483 292 421 126 698 325 184 293 177 467 378 775 386 326 464 295 103 502 553 73 743 505 318 643 597 616 195 651 89 900 374 465 112 187 592 824 213 719 665 562 556 334 96 252 554 430 328 681 907 842 614 347 142 184 186 301 608 271 131 689 105 111 234 552 577 253 434 910 797 593 598 698 220 953 866 454 730 256 427 155 460 152 703 735 213 374 204 834 882 95 55 813 357 55 142 452 673 542 57 49 488 156 212 955 750 404 375 414 906 265 297 240 118 287 524 560 352 195 939 747 945 726 800 412 904 654 154 198 212 64 364 344 396 737 459 393 875 603 806 801 755 911 374 547 582 905 816 791 365 950 628 196 284 228 792 898 171 78 723 731 377 891 910 74 431 92 753 509 220 285 278 125 646 872 344 45 850 255 232 243 159 311 310 897 185 909 315 563 173 723 461 779 190 103 567 645 665 265 883 301 344 947 793 152 842 750 160 126 831 516 657 103 347 476 206 723 110 756 348 557 211 786 225 795 674 167 595 558 750 320 731 444 575 493 857 455 244 535 819 508 251 409 661 711 483 118 337 596 138 285 419 86 561 293 561 625 763 523 42 745 157 117 644 104 136 903 136 812 109 385 676 853 271 778 370 715 528 506 775 467 304 799 140 736 557 621 428 84 404 202 503 234 725 404 377 620 281 56 646 800 481 109 205 143 244 441 40 219 885 319 360 884 248 215 440 781 272 740 615 541 321 283 381 828 558 902 476 440 32 860 442 144 866 525 238 494 284 724 909 0 193 916 270 301 545 314 605 78 645 501 946 177 634 349 561 837 705 187 466 437 542 929 716 318 327 815 195 205 730 219 694 398 511 182 635 904 256 404 455 53 590 654 759 729 848 388 323 435 539 852 74 410 652 305 872 728 581 930 866 929 278 340 950 43 101 733 64 728 405 519 344 678 55 199 11 707 673 933 474 261 624 217 787 565 188 925 196 423 293 324 156 149 44 116 315 312 209 806 240 216 24 264 220 87 884 532
813 442 202 715 106 308 626 123 100 115 339 220 715 693 51 507 584 806 210 545 245 76 403 559 163 341 416 453 840 654 57 704 162 110 253 690 507 704 320 373 114 127 176 192 408 487 283 253 114 589 624 631 15 569 406 252 328 84 621 178 159 208 73 413 251 695 258 264 330 188 113 398 471 162 622 464 217 546 556 556 131 559 120 812 256 352 166 82 523 746 219 648 602 461 452 225 102 152 472 279 250 575 821 751 519 355 205 41 114 263 529 95 98 587 161 298 225 483 480 205 344 814 726 498 493 637 49 862 787 348 678 128 366 42 391 225 597 676 100 363 131 732 815 130 184 713 273 139 114 349 580 484 165 156 384 57 259 852 640 255 354 352 791 132 216 247 109 209 435 489 237 131 845 691 879 614 697 342 813 540 95 158 43 131 233 225 281 635 401 294 791 509 700 717 696 835 385 434 522 817 697 703 290 848 549 136 176 114 714 827 177 261 610 668 366 781 827 235 304 132 678 368 167 181 234 110 547 798 207 174 757 62 190 154 137 162 185 792 77 807 200 511 58 635 388 706 5 146 439 571 554 206 805 158 300 827 712 49 767 673 34 196 733 440 562 145 307 409 245 648 87 667 208 468 107 702 34 707 573 219 477 478 638 144 657 363 515 371 809 335 146 436 728 386 118 311 582 622 408 85 271 539 69 207 351 171 443 151 444 545 681 427 217 662 126 112 522 92 64 826 64 708 86 309 600 757 311 660 364 594 428 408 686 356 223 717 108 630 481 497 326 130 329 164 424 103 660 293 227 502 189 164 559 695 350 108 241 270 152 353 153 194 796 125 248 816 172 230 327 704 199 654 509 457 223 229 350 756 447 841 446 390 198 751 381 55 803 399 200 413 90 620 804 193 0 830 91 242 453 137 499 271 560 433 845 150 569 241 482 734 609 113 354 354 366 826 651 191 326 739 46 91 640 151 581 291 404 45 559 784 123 280 348 216 513 502 708 643 750 318 262 394 416 763 123 278 538 224 834 646 471 842 792 851 114 234 862 164 99 668 173 638 311 425 227 576 199 59 205 618 571 838 403 143 590 151 713 477 158 822 117 285 110 141 55 81 235 78 206 303 24 707 90 169 211 143 282 119 810 429
25 390 771 116 775 530 258 940 730 764 554 618 230 177 825 380 245 89 671 286 655 897 444 273 825 491 426 477 111 175 779 125 957 732 580 150 327 130 512 495 848 869 655 643 552 427 630 701 934 242 215 209 843 286 434 624 505 823 219 656 734 634 902 451 581 142 573 592 510 645 914 432 365 843 253 424 617 284 347 308 733 271 911 20 574 478 804 766 325 96 705 203 261 369 379 606 852 687 363 574 593 261 9 80 310 596 780 799 748 615 308 746 806 247 811 938 683 364 350 665 490 50 131 331 339 233 781 41 59 482 225 703 489 858 456 778 241 205 739 560 727 118 96 929 952 127 566 897 787 480 249 379 938 920 445 810 723 89 210 591 552 502 150 698 627 682 920 637 397 357 593 733 43 207 111 234 149 505 27 303 921 722 863 895 599 605 548 202 458 538 43 321 153 115 191 53 581 399 338 15 200 126 554 84 288 965 657 936 127 74 745 913 240 203 557 123 16 878 530 831 166 487 702 653 638 925 283 72 625 936 78 812 686 690 763 672 645 103 771 79 630 363 794 196 456 144 834 815 410 272 286 654 51 673 573 183 123 826 88 168 849 794 109 400 268 815 570 440 723 195 847 163 625 363 736 130 807 123 259 757 364 359 215 711 188 475 345 465 183 497 694 394 102 451 713 520 255 208 434 834 581 328 884 639 497 831 395 680 393 291 153 403 958 171 768 813 330 851 875 46 875 144 850 534 241 83 679 216 568 271 402 422 144 474 620 118 929 212 359 354 504 920 514 717 414 729 203 536 616 342 650 936 272 154 491 825 721 827 691 481 894 697 36 783 582 90 678 706 503 137 651 177 324 377 611 634 541 105 386 124 459 478 944 131 474 831 118 442 679 424 802 216 97 916 830 0 753 616 378 718 333 962 272 415 79 743 287 590 355 120 221 748 476 483 592 86 212 638 604 108 874 749 189 707 264 539 426 874 281 182 707 552 482 883 326 430 210 188 93 529 594 486 424 67 896 557 306 619 228 188 362 16 75 48 721 597 35 925 846 199 852 192 522 405 602 256 868 887 925 212 262 47 442 689 338 709 135 355 731 84 740 555 746 729 812 798 925 851 625 613 807 131 739 704 939 689 729 907 65 401
735 362 231 637 134 248 563 214 58 136 301 136 654 610 120 452 508 724 193 471 228 167 342 480 216 262 332 413 770 578 78 627 252 96 173 618 427 625 241 322 182 201 100 139 380 439 193 257 181 511 553 550 99 484 342 221 260 146 550 97 167 161 159 358 173 621 179 219 246 131 202 322 402 222 537 412 158 468 500 493 131 483 208 734 181 274 210 97 456 672 221 579 537 385 374 160 175 114 401 190 199 494 744 673 443 334 238 86 121 231 459 7 148 507 208 366 217 418 404 181 276 734 655 423 414 571 51 783 713 273 615 78 310 132 331 256 516 610 88 332 124 651 744 220 270 633 216 220 151 276 504 424 252 240 309 114 270 770 558 167 319 297 706 75 170 242 200 166 364 423 166 132 766 627 808 532 616 285 735 457 185 158 113 213 154 153 207 554 344 225 715 434 618 641 630 761 362 354 459 740 612 627 234 767 479 218 123 184 641 754 194 327 527 601 335 698 751 296 223 191 606 281 154 128 204 201 469 725 128 258 678 60 175 123 160 82 117 709 96 726 136 452 99 559 326 634 96 196 354 502 472 176 731 83 260 740 638 119 694 601 123 234 653 373 485 195 267 349 256 577 161 590 128 396 96 627 59 630 494 242 394 409 556 53 586 298 452 289 745 256 113 360 650 303 69 243 511 546 344 153 222 477 159 164 293 225 361 78 362 474 607 353 300 587 151 164 438 166 154 752 153 626 162 251 529 678 311 576 336 509 352 335 609 279 175 642 199 549 414 413 255 218 270 162 356 69 592 220 140 419 143 250 486 614 266 167 252 314 120 286 231 187 718 71 178 744 142 234 250 631 162 579 429 387 165 195 310 684 367 772 400 337 281 668 324 127 734 316 185 345 61 540 722 270 91 753 0 202 380 46 420 347 487 371 764 162 503 173 412 653 531 120 277 289 276 744 584 121 303 666 127 87 564 137 499 219 327 132 489 698 72 201 273 281 443 412 645 568 671 262 218 346 333 685 207 196 455 176 774 573 391 765 720 777 33 169 783 248 170 601 234 561 243 352 157 497 262 138 282 543 492 758 340 95 536 138 641 405 164 741 118 200 23 54 114 127 308 156 144 280 68 627 48 159 291 91 297 206 737 353
603 253 165 506 162 90 391 332 151 150 99 151 477 506 220 268 375 608 57 332 61 294 173 359 211 172 253 213 612 444 185 494 342 132 131 470 315 499 156 133 232 253 125 66 179 245 271 120 356 385 403 435 257 390 182 28 124 211 399 140 118 43 309 175 124 476 130 25 193 76 302 204 252 228 447 223 63 342 316 323 121 350 297 600 110 175 190 163 295 526 103 422 372 262 257 77 237 92 253 195 34 381 607 542 313 137 175 203 138 33 309 196 192 388 196 343 80 255 276 49 135 609 501 292 299 406 201 652 568 160 443 125 130 258 161 180 402 444 141 130 117 533 588 316 336 511 60 281 172 157 372 249 322 304 191 205 144 653 450 175 116 116 606 127 35 94 311 37 223 261 94 121 638 458 652 426 499 111 603 357 319 106 284 279 124 98 119 436 164 102 575 302 505 501 465 614 163 252 289 605 518 491 64 649 328 371 81 356 494 603 132 311 424 438 133 590 611 274 160 215 455 240 86 76 26 317 345 576 126 320 549 255 70 88 147 144 102 596 168 608 85 274 192 422 161 482 245 199 281 347 366 39 585 133 59 649 494 221 545 452 250 186 530 216 356 199 66 178 135 425 235 455 131 256 135 487 233 494 373 157 301 258 450 199 434 142 282 207 573 171 96 235 518 222 135 113 362 410 183 222 36 305 279 38 119 217 268 133 268 325 464 222 343 445 153 197 351 238 270 606 270 511 238 84 377 552 147 480 134 419 229 206 474 175 32 499 324 436 257 329 133 306 102 101 203 144 431 121 163 325 59 320 345 499 206 210 132 243 90 140 277 82 585 268 92 590 70 110 153 483 43 439 316 240 59 18 109 532 262 611 205 150 329 559 146 225 574 240 64 193 263 423 608 301 242 616 202 0 244 202 305 355 345 203 645 127 340 83 261 536 404 138 176 136 334 628 422 104 107 518 288 151 429 95 395 113 214 283 336 606 132 136 162 274 290 388 473 429 547 87 22 153 251 551 281 152 355 32 596 428 283 630 570 631 172 75 650 309 232 439 238 427 109 219 93 378 257 301 310 406 372 632 175 108 349 97 490 264 115 624 131 169 213 221 207 188 316 241 75 85 225 505 163 88 325 111 166 294 587 233
362 50 407 264 399 155 197 563 353 388 208 249 289 263 447 139 133 364 301 92 292 520 89 115 455 123 100 198 391 203 402 253 580 355 208 238 78 256 141 147 473 494 280 265 249 172 299 346 559 141 173 191 467 157 71 257 127 447 170 283 362 257 526 117 208 242 201 220 155 268 536 59 34 472 213 139 239 98 171 133 357 107 534 360 199 108 434 389 91 293 341 200 166 28 36 228 476 309 31 221 218 138 369 300 69 269 416 421 372 250 81 373 430 144 441 582 318 68 33 293 113 366 275 48 62 198 405 412 334 107 246 326 130 481 98 418 159 236 362 230 350 289 364 552 578 267 190 522 411 104 129 100 563 545 71 433 370 409 208 230 214 140 363 321 251 323 543 261 22 67 216 357 396 254 429 185 254 137 362 123 543 349 488 519 226 229 173 192 114 160 338 58 261 264 255 382 268 62 108 366 279 251 181 405 100 589 280 562 261 375 376 552 184 226 229 346 374 516 162 458 226 158 327 276 268 548 101 346 252 562 307 440 314 313 389 298 268 352 394 364 253 122 416 182 92 254 457 443 112 125 127 281 352 298 212 407 259 448 315 221 472 429 286 49 112 443 211 90 366 198 471 215 252 17 358 249 432 254 129 396 90 41 208 343 207 102 103 109 372 129 317 25 277 103 336 143 132 169 73 458 209 126 506 263 131 461 80 305 76 96 228 27 587 209 393 438 130 475 497 373 497 267 473 160 150 309 340 240 241 186 32 45 234 102 244 264 552 192 52 119 127 543 143 344 50 352 215 161 250 104 273 561 106 254 140 450 364 475 314 105 520 327 344 419 205 365 302 345 130 251 276 201 78 23 234 263 197 305 57 393 168 136 572 315 119 453 355 107 308 55 434 179 364 545 453 378 380 244 0 350 68 598 108 76 401 370 134 213 43 292 160 372 106 108 301 384 208 262 263 287 498 372 188 332 156 163 60 498 112 365 330 180 107 518 70 231 275 190 304 159 223 154 96 311 520 190 122 243 407 193 59 391 340 398 347 220 410 551 470 224 482 186 145 28 226 133 501 511 555 166 128 389 82 312 206 333 261 25 358 380 363 192 376 363 435 421 559 474 248 263 431 261 363 331 569 311 383 531 357 36
700 328 261 602 170 230 538 260 83 170 297 101 630 571 165 433 475 686 205 440 238 213 321 445 254 229 295 404 741 544 119 593 298 122 142 587 391 589 209 309 225 245 81 135 379 425 147 276 219 477 523 513 144 446 319 224 236 189 520 72 193 158 203 341 143 589 149 214 209 126 248 291 374 262 497 396 147 435 481 469 158 451 254 699 156 243 246 134 431 640 241 550 511 352 341 144 219 124 374 149 191 458 710 638 411 338 269 131 152 233 430 43 189 472 245 406 233 393 372 192 252 698 625 391 379 545 96 748 681 243 590 90 294 178 311 286 480 583 117 331 149 614 714 266 316 597 202 265 188 248 471 403 297 285 279 158 292 733 520 128 315 282 666 83 167 258 246 165 336 398 145 158 730 601 778 494 579 268 700 420 230 182 155 258 126 132 180 518 327 203 682 402 581 608 603 729 365 319 436 705 572 594 221 729 450 261 121 223 609 723 221 368 489 574 333 659 717 335 189 231 576 240 173 126 209 247 435 694 101 304 643 96 190 136 192 61 103 671 134 689 123 431 141 526 305 604 142 235 315 474 436 182 699 69 255 700 606 164 663 570 169 267 616 348 452 234 263 329 278 548 205 557 99 367 124 595 104 597 459 270 357 382 518 8 557 276 429 254 719 223 126 329 616 267 85 220 482 513 322 197 215 454 205 165 276 263 324 68 326 446 575 323 345 555 185 204 399 211 200 719 200 589 206 235 500 642 326 536 336 470 321 305 575 248 171 610 244 512 388 374 228 264 253 184 332 95 564 193 103 381 144 296 455 576 228 209 274 347 133 263 275 205 683 72 157 714 152 254 220 600 167 547 394 359 154 198 304 654 333 743 388 323 326 630 307 172 705 278 198 320 84 504 684 314 137 718 46 202 350 0 385 390 457 349 726 190 478 154 385 616 497 151 245 267 230 706 556 105 307 635 171 120 531 156 461 194 294 176 461 657 85 170 243 321 416 367 620 535 634 247 213 334 296 651 252 162 417 172 750 542 357 730 688 744 42 153 749 293 213 573 274 528 221 323 137 462 302 181 326 510 457 722 318 103 517 158 610 375 189 703 146 164 29 20 158 167 351 201 133 284 114 591 78 178 335 98 319 252 705 321
316 57 470 217 454 215 203 613 400 444 275 285 289 201 498 187 93 308 362 71 356 569 157 60 515 158 97 261 364 160 451 208 634 406 247 208 10 205 179 215 529 551 323 318 316 228 308 411 601 92 151 133 512 89 139 320 183 500 150 323 421 313 572 184 248 208 241 282 178 319 589 103 86 532 145 199 291 52 207 154 413 72 587 315 244 147 495 441 118 258 405 183 169 44 49 278 531 362 83 243 277 77 325 253 40 337 479 470 426 314 89 413 485 88 501 646 382 118 37 353 171 315 249 36 7 195 450 364 297 153 243 374 197 530 166 482 99 227 413 298 405 234 336 605 634 214 248 578 468 153 89 153 619 602 117 484 435 354 146 259 282 207 301 368 308 388 594 318 90 113 263 413 347 248 398 121 198 202 315 55 591 407 531 575 267 275 218 136 182 213 298 39 203 224 244 346 335 66 143 320 213 209 242 350 99 634 331 603 229 342 437 616 119 215 297 287 333 579 196 515 199 161 385 328 330 598 51 313 293 619 258 479 373 367 447 339 315 295 445 309 302 166 467 144 160 227 503 502 90 123 61 340 315 341 277 343 224 499 282 193 521 492 234 115 69 502 277 158 431 176 524 172 292 67 410 211 475 212 74 460 45 88 145 378 185 166 142 131 359 164 370 70 231 118 383 197 118 130 141 512 270 156 556 320 197 522 65 348 62 94 193 84 646 174 450 494 66 529 547 336 547 210 527 222 136 258 408 175 309 118 77 99 191 143 301 227 601 133 100 63 178 597 206 402 118 400 202 207 282 44 327 617 84 197 159 506 429 541 367 165 577 388 298 450 253 335 358 409 172 220 333 165 11 85 287 323 265 275 52 368 231 204 630 256 187 505 331 111 369 123 469 122 307 605 499 333 420 305 68 385 0 660 89 142 347 428 145 262 88 236 112 426 145 171 292 328 197 308 331 255 543 423 147 388 90 211 96 543 110 301 378 219 152 580 92 185 270 153 252 222 285 222 94 266 574 224 54 300 400 163 28 345 307 360 389 271 364 607 525 211 542 144 200 88 273 78 563 555 614 128 72 339 150 361 236 390 232 65 417 325 417 222 412 396 486 475 621 527 298 330 476 208 409 389 628 360 449 584 323 73
951 608 191 855 229 445 718 195 314 235 408 437 792 860 228 589 727 960 298 683 307 219 520 713 149 520 602 501 942 794 271 843 147 285 449 812 670 850 501 466 165 146 386 356 430 550 534 261 302 738 746 789 274 745 532 342 478 201 743 396 243 354 250 510 444 820 452 378 529 360 175 559 602 135 802 543 381 696 632 657 261 702 162 946 438 525 167 260 636 868 258 761 706 617 612 397 172 318 604 500 385 735 953 890 666 376 182 261 255 349 656 348 203 742 163 53 280 598 630 308 490 959 839 646 654 738 296 999 910 513 767 327 474 232 508 184 757 774 284 408 271 886 921 163 107 863 413 132 211 510 724 583 120 120 545 232 241 1005 805 474 412 462 961 336 356 280 189 346 576 605 417 261 987 784 983 781 852 462 951 712 225 258 288 140 431 410 458 790 504 453 920 655 859 847 793 953 399 606 624 952 873 838 419 1000 675 258 350 297 836 939 224 52 779 770 411 944 955 84 496 162 797 575 280 350 330 194 699 914 413 108 898 333 288 308 222 383 378 949 258 960 381 602 249 771 510 822 267 166 629 689 721 322 926 372 390 1003 838 229 884 794 238 169 882 565 709 167 392 522 239 767 187 804 417 609 282 832 302 842 727 204 654 607 805 396 774 496 618 554 890 517 311 590 867 570 323 466 707 760 532 194 390 636 214 345 469 141 621 365 621 672 809 577 66 792 223 189 704 182 213 946 213 865 187 438 721 903 294 835 401 773 584 561 823 527 363 844 208 790 604 681 486 154 455 262 553 306 766 465 448 679 344 120 695 852 546 182 240 145 309 495 118 273 932 396 423 924 311 255 501 825 331 787 671 592 383 337 421 870 616 939 511 484 80 913 489 221 904 588 292 545 361 777 961 78 271 962 347 355 598 390 660 0 694 547 996 237 677 412 610 889 756 256 527 490 616 980 757 385 361 858 270 278 779 283 750 459 568 258 681 961 327 468 514 81 637 722 794 777 898 440 375 476 601 899 150 476 710 364 901 774 637 976 908 971 353 403 996 112 177 773 123 777 462 573 409 732 99 273 66 756 726 981 523 330 656 280 830 616 247 976 264 490 370 401 233 223 41 194 379 350 287 857 315 275 62 334 241 161 926 588
259 134 502 161 503 258 117 669 461 492 290 356 200 185 553 145 38 268 400 18 386 626 174 58 554 228 182 239 285 100 509 149 685 461 315 130 89 157 247 229 576 597 388 371 307 194 393 435 667 58 66 112 574 127 163 353 233 551 64 390 463 362 633 187 315 134 308 320 256 374 642 165 93 572 164 176 345 46 144 85 461 26 639 255 306 214 533 495 68 185 436 97 83 106 119 335 580 415 91 322 321 81 263 197 50 341 511 528 476 345 39 481 534 74 540 674 414 99 86 393 218 265 168 67 91 106 513 308 227 215 155 433 219 588 186 510 91 138 468 302 455 195 257 657 680 172 294 625 515 212 37 125 666 648 178 539 458 312 135 334 291 232 279 428 355 414 648 365 126 91 324 461 294 159 321 122 164 234 259 107 650 450 596 623 333 336 281 107 191 267 232 57 173 157 156 274 332 146 93 261 209 146 282 307 26 696 386 669 154 267 475 646 124 127 300 257 268 610 268 559 119 246 430 382 367 654 51 238 360 665 205 547 414 418 491 406 376 259 500 267 360 122 523 77 185 147 565 544 178 39 94 382 245 406 304 327 152 554 207 114 579 525 189 129 38 544 302 171 457 92 575 111 360 92 464 143 539 150 63 490 133 87 138 450 101 203 96 208 272 234 423 128 174 198 443 249 29 67 163 562 309 97 612 367 226 560 151 412 148 25 121 135 687 102 496 541 136 579 604 265 603 177 578 262 47 209 420 176 312 147 136 153 130 209 348 157 658 116 90 145 234 648 242 445 142 459 114 268 356 125 378 664 5 166 238 553 455 564 419 209 622 426 240 525 312 257 406 438 237 144 379 95 87 105 340 363 277 197 133 287 213 213 673 227 205 559 249 195 408 152 541 99 270 645 560 272 487 345 108 457 89 694 0 147 303 471 67 320 84 199 69 476 212 211 380 287 109 370 343 179 606 478 86 435 108 270 163 605 30 288 438 287 215 614 58 265 181 84 205 257 323 225 179 207 624 295 109 347 311 86 113 286 232 291 455 327 306 653 574 124 581 84 251 135 333 67 599 618 654 62 65 288 171 419 165 437 153 83 460 283 468 296 483 469 541 526 656 580 355 348 538 165 470 433 668 418 468 635 250 136
404 120 356 308 364 125 193 534 335 353 143 254 283 325 419 88 182 416 256 138 240 494 30 177 410 145 161 123 409 247 379 296 545 327 210 267 152 304 155 82 435 456 271 241 174 104 330 288 545 197 201 251 448 230 32 208 113 413 197 278 320 227 504 43 208 274 204 178 186 246 505 98 60 428 283 69 217 158 134 123 323 159 500 400 194 130 389 361 92 324 290 219 170 104 110 211 440 283 63 244 185 203 407 343 129 199 365 398 339 200 109 364 395 205 396 526 268 52 105 251 98 412 299 113 137 204 387 453 366 119 245 306 73 456 43 363 222 243 336 159 318 341 385 519 538 319 160 484 375 112 180 54 524 507 99 404 311 459 270 245 145 87 423 304 219 267 513 228 59 59 206 323 440 258 449 250 309 92 404 196 518 309 472 482 225 218 171 249 44 147 374 120 317 301 263 411 194 129 88 405 344 291 145 454 128 567 257 546 291 400 330 499 250 236 158 402 410 463 178 417 253 205 289 252 223 518 163 373 248 522 351 430 272 283 349 292 254 406 366 414 236 82 390 224 45 280 437 401 180 144 197 241 383 288 157 469 293 420 342 250 447 379 336 27 168 401 155 25 309 223 437 258 250 75 331 286 417 295 190 343 165 62 272 344 231 73 81 149 376 151 289 89 320 151 317 130 160 214 28 424 168 106 479 230 84 415 149 293 147 125 262 78 542 245 355 400 206 441 470 403 470 323 440 125 175 356 275 307 170 258 91 80 276 124 212 298 525 253 58 195 123 509 105 303 33 331 228 158 258 180 245 522 149 311 177 413 308 417 285 87 479 282 385 421 193 387 269 291 142 281 241 240 151 57 211 220 131 329 128 409 93 66 529 372 58 425 372 162 264 39 429 238 417 501 433 415 371 203 76 349 142 547 147 0 450 329 137 198 65 345 213 339 128 82 349 435 220 250 197 315 479 346 233 297 224 156 106 477 134 429 312 185 120 468 90 302 275 230 352 117 181 81 157 352 484 201 196 211 403 227 134 430 367 428 338 202 450 511 435 237 437 231 128 72 214 195 453 493 509 209 190 434 31 290 170 298 287 80 318 431 331 210 372 365 407 390 510 443 229 201 413 312 345 291 524 291 321 497 385 97
67 404 805 143 799 556 316 960 747 789 592 628 302 158 845 428 270 41 701 314 689 915 477 288 855 505 432 527 190 203 798 156 980 753 593 201 339 146 526 532 874 895 669 664 600 477 625 739 945 260 258 215 858 282 464 655 527 847 262 668 763 658 918 489 595 189 587 621 518 665 935 450 395 873 237 469 638 304 402 355 758 295 934 76 591 494 835 787 365 156 739 254 311 387 395 625 876 708 393 579 619 270 83 110 332 640 814 817 772 647 341 758 831 260 841 977 716 401 371 694 513 43 195 353 353 289 797 57 131 500 290 721 522 877 489 814 249 268 759 602 751 113 175 951 979 134 591 923 812 500 273 421 964 946 464 831 761 11 206 599 592 535 89 715 652 717 941 662 422 393 610 758 38 273 183 232 149 535 64 307 938 750 876 920 613 622 565 211 494 559 109 343 146 159 257 131 628 411 382 75 168 163 582 5 324 980 677 948 181 153 776 949 237 263 600 75 95 913 541 859 217 489 728 674 668 945 301 149 639 963 101 822 714 713 790 684 662 57 792 38 649 409 814 226 487 201 850 844 412 313 292 682 128 687 607 109 173 846 158 216 867 828 115 431 289 844 605 474 760 243 871 193 637 389 757 173 820 159 274 793 370 390 209 719 238 503 388 475 263 510 716 414 133 460 730 542 293 236 465 858 609 375 903 664 528 862 403 695 401 325 196 425 988 210 794 839 329 875 894 126 894 138 873 561 282 94 721 196 611 260 421 443 175 490 645 167 948 215 393 354 524 943 543 745 443 747 260 554 624 346 673 962 302 150 498 851 758 867 713 506 921 727 82 788 600 170 703 741 519 190 677 213 337 405 633 663 580 175 398 202 506 515 973 99 508 851 197 449 709 452 810 225 45 946 845 79 764 645 401 726 347 996 303 450 0 771 332 609 387 111 241 772 492 509 578 21 268 655 645 170 889 769 217 732 265 558 443 890 319 119 725 566 499 917 360 408 280 221 98 558 624 526 431 108 920 568 309 644 308 228 374 69 151 122 734 617 67 952 871 257 883 220 545 428 620 270 901 900 955 241 276 32 473 708 397 734 192 381 759 24 763 564 755 735 833 821 959 874 645 651 822 140 755 732 970 707 770 930 144 419
730 374 71 632 46 215 516 212 107 35 208 206 599 629 110 389 501 733 75 459 103 180 300 484 88 283 365 320 737 571 100 620 217 68 212 596 437 625 263 255 106 127 156 119 266 361 316 103 258 511 529 560 165 510 309 123 245 91 526 169 10 117 202 299 207 603 215 152 292 123 180 325 379 104 567 343 143 467 437 448 32 476 173 727 201 289 70 72 421 653 70 549 497 385 379 160 113 84 380 267 152 505 734 668 438 211 79 110 41 134 435 159 70 513 74 237 78 381 401 78 258 735 628 418 422 531 129 779 695 278 567 105 256 149 287 96 526 569 74 225 42 658 714 192 209 637 180 155 48 276 498 374 195 177 311 97 111 779 574 241 220 242 729 114 120 98 191 110 349 388 179 32 765 582 778 549 624 238 730 478 205 21 193 153 196 173 221 561 290 217 702 428 629 628 589 740 240 371 414 732 640 617 189 774 455 260 114 256 620 729 31 200 546 563 228 714 738 163 258 88 582 338 43 114 107 198 470 702 180 193 675 190 58 73 20 160 144 721 76 733 144 397 92 548 287 609 151 74 392 473 488 89 712 147 176 770 621 112 671 579 144 81 656 343 482 74 181 304 97 552 113 582 185 382 67 613 157 621 498 80 419 385 573 193 560 269 407 317 696 280 77 359 645 333 106 232 488 537 309 101 162 429 165 109 246 96 385 141 385 452 590 347 218 572 29 72 468 115 156 732 155 636 116 210 504 678 161 601 224 539 352 329 601 291 128 626 207 560 384 445 251 181 229 26 329 96 557 228 218 443 106 193 472 624 308 85 93 159 74 265 151 51 711 232 185 716 73 81 265 610 95 566 439 367 146 109 221 659 382 736 319 273 203 684 272 113 700 350 66 320 210 548 733 177 150 743 162 127 370 190 428 237 471 329 771 0 465 175 388 661 530 42 290 262 394 753 548 151 183 644 190 76 556 46 517 222 334 182 463 728 108 231 279 158 417 486 596 556 673 214 149 272 364 678 155 240 476 128 716 555 404 757 696 758 149 165 777 182 108 565 115 554 228 343 172 502 139 202 186 533 497 758 302 100 467 44 617 390 12 749 45 254 183 207 99 74 197 121 142 162 143 630 115 39 200 106 137 170 714 355
278 175 487 190 501 261 63 671 470 490 269 379 155 237 556 96 98 302 391 79 372 630 167 125 544 255 227 195 272 137 515 177 682 464 336 136 148 193 272 212 572 592 403 377 268 146 433 416 680 120 75 170 584 194 163 343 244 550 71 408 456 364 641 167 334 146 329 315 289 382 641 193 104 562 228 137 352 112 81 24 460 93 637 273 323 240 522 498 47 192 422 85 33 145 159 345 577 420 105 354 322 147 278 222 105 310 496 534 476 334 57 497 532 138 530 652 400 87 127 387 228 291 163 113 145 68 523 326 233 235 112 442 209 593 180 492 154 107 473 273 455 234 249 655 674 210 296 620 511 231 100 93 660 642 202 541 437 342 193 362 265 223 324 439 356 397 650 365 143 81 337 460 316 123 313 184 208 229 279 173 655 445 607 618 352 350 298 162 176 278 244 106 219 175 127 276 296 188 52 278 265 169 282 337 46 704 393 681 160 264 464 627 188 99 270 298 279 593 294 553 121 289 426 389 359 656 117 238 377 658 231 563 408 420 485 423 388 296 503 299 370 77 527 113 182 145 573 535 230 29 161 378 249 420 291 373 164 557 208 119 584 511 224 130 104 536 287 162 437 91 574 143 378 117 468 160 551 173 129 473 189 96 198 471 98 207 59 243 242 262 426 159 200 236 452 260 50 109 161 561 305 43 616 367 221 549 199 426 196 51 136 160 676 123 492 537 200 578 607 269 607 222 577 262 52 239 392 235 281 213 166 176 158 234 349 170 662 174 90 206 250 645 241 440 147 467 92 285 380 186 382 658 72 212 274 549 436 541 422 217 615 417 259 548 325 250 406 422 259 149 378 121 146 120 346 357 255 194 178 272 174 194 664 270 194 562 235 238 400 158 560 157 305 634 569 287 503 340 134 478 145 677 67 137 332 465 0 331 94 238 125 476 238 215 430 320 83 383 318 182 615 483 124 434 174 285 194 613 37 338 447 308 236 599 64 327 142 115 238 254 318 201 223 227 620 320 174 348 274 104 163 302 232 295 470 336 322 647 572 100 570 123 260 158 346 133 585 628 642 104 131 312 167 426 99 435 154 109 454 315 468 325 502 492 544 527 641 580 364 327 549 203 481 428 657 427 443 633 250 169
574 206 232 475 193 76 390 351 141 184 154 75 481 461 236 280 345 570 127 305 143 307 169 321 263 109 191 252 600 415 189 465 372 144 48 450 271 466 89 155 268 291 74 57 239 271 191 200 349 351 384 395 254 340 169 110 88 239 381 83 169 60 313 187 41 454 47 79 118 57 326 160 231 279 395 241 32 307 328 320 154 319 325 572 28 117 245 178 284 505 177 408 364 222 214 16 270 100 231 112 53 339 581 512 280 209 241 209 165 113 289 166 225 350 249 408 156 245 240 113 104 576 486 259 256 399 193 623 547 109 442 113 140 269 158 250 361 438 150 191 145 496 574 342 374 476 50 318 209 110 341 251 358 341 146 222 224 617 407 93 173 128 561 109 61 175 331 69 195 250 13 154 607 454 639 382 461 114 574 308 331 154 277 314 44 23 47 398 173 53 551 269 465 476 458 594 231 201 286 578 469 464 69 612 309 376 68 351 473 586 192 373 378 429 193 548 587 336 84 258 437 165 133 66 106 336 309 558 56 359 518 233 129 107 191 95 57 557 183 571 40 279 205 394 153 465 245 248 218 331 320 97 565 90 116 600 472 237 526 433 259 249 495 201 323 247 123 176 213 408 262 427 60 228 148 462 221 467 335 228 247 238 406 149 417 125 279 143 572 105 108 196 489 159 123 71 342 382 171 250 73 304 294 70 122 271 213 96 214 305 441 187 389 421 193 235 296 267 286 585 285 472 265 81 359 519 229 431 199 367 189 168 446 120 56 476 340 395 242 272 86 335 98 151 184 139 420 56 85 272 69 356 319 460 134 246 210 316 106 114 319 147 556 226 11 575 102 187 92 463 84 414 273 217 30 94 158 516 213 602 235 169 373 518 153 242 564 176 129 173 232 384 569 349 241 590 173 83 213 154 262 412 320 198 609 175 331 0 241 498 370 165 119 116 251 591 412 52 182 499 286 160 401 130 349 51 167 285 319 557 118 57 110 332 273 314 472 403 513 93 80 181 190 523 313 70 306 56 601 406 236 603 552 611 140 10 622 347 264 429 290 398 71 185 17 339 314 299 360 378 334 600 167 99 364 133 472 236 165 587 156 87 175 172 224 213 371 265 36 163 219 470 151 138 373 99 247 322 569 191
342 91 419 245 420 176 156 587 382 409 208 285 248 260 472 101 117 351 316 74 303 545 90 113 470 161 143 175 359 184 429 233 602 379 243 210 96 240 178 146 493 514 312 291 235 140 341 352 590 132 143 186 496 170 79 269 154 469 140 316 379 280 554 107 242 216 236 236 196 294 560 99 11 488 221 111 265 94 129 90 379 94 556 339 231 146 449 414 48 266 352 167 126 64 76 256 497 334 12 261 239 139 346 281 66 263 427 448 394 261 48 405 451 141 456 590 330 30 54 310 138 349 245 54 84 160 434 391 308 142 206 354 135 507 102 427 157 198 387 224 372 277 333 574 597 254 212 542 432 138 115 65 582 565 109 457 375 395 206 269 210 148 358 350 273 331 567 283 50 26 247 379 378 216 398 186 244 150 343 139 570 367 518 539 260 260 206 184 109 188 315 57 252 240 218 355 257 104 65 344 280 230 199 391 68 617 306 592 234 345 391 563 187 189 222 337 351 527 200 476 197 201 346 302 283 572 99 317 285 581 289 472 331 336 407 331 298 341 418 350 281 81 442 161 101 224 486 460 152 90 137 299 326 330 220 404 234 473 286 193 498 441 272 45 103 460 218 88 373 167 493 195 286 28 383 226 462 233 125 406 122 3 208 379 176 121 61 151 334 168 341 68 258 146 364 170 101 150 79 480 225 83 531 284 142 476 120 336 116 65 203 67 603 184 413 458 154 497 523 346 522 258 496 179 118 293 340 243 234 197 75 82 214 140 265 239 577 188 12 148 158 565 159 362 59 379 179 193 287 130 297 581 85 246 182 470 372 481 337 128 538 342 324 455 235 334 324 355 166 224 296 178 95 26 259 279 196 275 97 360 146 131 589 307 121 478 322 150 324 69 468 173 352 561 482 355 412 261 43 385 88 610 84 65 387 388 94 241 0 280 148 394 144 129 344 370 171 292 263 259 527 397 169 353 162 193 101 526 78 364 359 215 143 530 31 266 236 168 289 174 239 146 139 290 541 227 138 264 367 167 91 369 311 372 379 248 389 570 491 188 498 167 171 65 256 130 515 540 570 146 125 372 87 339 163 354 232 25 376 366 385 231 410 399 459 444 572 497 275 266 460 247 392 349 584 339 386 553 329 79
96 293 698 57 689 447 238 849 636 678 488 517 254 57 734 334 163 72 592 207 582 804 370 178 747 393 321 432 206 102 687 70 870 642 482 127 228 46 414 427 763 785 558 553 503 384 518 633 834 151 165 103 747 173 357 547 417 736 169 557 653 547 807 386 483 114 476 512 407 555 825 339 288 764 134 371 527 194 315 262 648 187 823 100 479 382 726 676 264 113 632 172 224 277 284 514 766 598 285 469 509 159 114 56 223 540 707 706 661 540 238 647 721 149 732 871 609 297 261 584 403 85 144 244 242 210 686 138 122 389 228 610 415 766 382 707 137 202 649 501 640 6 180 840 869 28 481 813 702 389 166 321 853 836 353 720 656 119 96 488 489 428 87 604 542 611 830 552 313 290 499 648 117 214 222 122 38 427 94 196 827 640 765 810 501 511 454 100 389 448 106 234 35 89 199 158 529 300 284 105 83 80 472 114 221 869 566 837 117 169 667 842 127 193 499 59 128 806 430 749 140 379 619 563 560 834 191 147 528 853 50 711 605 602 680 573 550 61 681 73 538 313 703 126 379 138 739 735 302 215 180 572 134 576 500 136 105 735 132 136 756 720 21 325 180 735 498 368 654 158 760 96 526 280 646 96 709 77 163 686 259 283 100 608 156 394 290 364 253 399 605 303 58 349 619 431 193 133 358 747 500 281 792 554 420 753 292 583 290 222 113 315 879 119 684 729 219 764 783 148 783 27 762 452 187 39 619 96 510 154 311 332 83 379 535 100 837 104 288 244 414 832 434 635 336 636 185 443 513 235 562 852 197 39 388 741 652 762 603 396 811 618 86 678 489 176 593 634 408 122 567 118 226 297 522 554 475 142 287 217 408 411 864 34 402 740 193 338 600 344 699 114 72 837 734 120 653 536 292 616 236 889 199 345 111 661 238 498 280 0 133 661 381 400 475 92 191 544 542 124 777 658 116 622 155 447 332 779 219 107 613 454 388 809 256 310 229 123 29 450 515 423 320 70 810 457 198 534 304 136 263 126 144 163 623 506 141 842 760 186 774 117 434 318 509 159 793 789 846 138 165 108 367 597 318 624 132 273 650 89 652 453 644 625 722 710 851 763 534 546 711 35 644 622 861 596 666 820 150 308
204 169 565 105 559 315 153 722 510 548 356 397 215 116 606 213 31 204 460 75 449 678 238 52 615 270 207 308 258 48 560 96 740 514 358 104 106 95 290 295 633 655 434 425 376 262 416 500 712 20 73 45 622 93 224 415 287 606 74 435 522 417 682 254 359 101 352 380 290 426 696 211 155 632 108 245 398 64 206 147 518 55 694 203 354 257 594 548 137 148 499 102 125 148 158 386 636 469 153 355 378 48 213 142 92 409 574 579 532 407 108 525 590 31 600 738 476 167 130 453 273 206 146 113 118 132 561 253 186 262 173 483 283 639 250 574 38 149 520 370 510 129 228 711 738 107 350 683 572 261 33 194 723 706 225 592 523 249 68 371 358 295 210 478 412 478 702 422 181 159 373 518 237 170 289 62 96 295 204 93 701 509 642 679 378 385 328 38 257 319 185 102 104 113 160 235 401 178 161 208 142 97 341 245 94 745 438 715 121 232 535 710 68 136 368 189 220 673 308 618 101 270 487 435 427 706 62 203 404 722 147 591 474 473 549 450 424 193 553 204 410 190 575 38 247 125 614 603 194 96 74 441 204 452 367 258 115 607 173 94 630 588 126 192 48 603 366 236 521 88 631 61 403 148 517 101 586 100 39 553 146 151 73 490 95 262 165 244 265 276 476 174 119 230 493 302 75 27 225 618 368 162 664 423 288 621 175 459 173 94 87 185 747 69 554 598 124 635 656 224 656 110 633 320 79 149 487 110 380 100 182 203 79 253 404 117 710 49 156 144 285 703 302 504 203 510 123 316 394 127 433 721 66 98 271 610 519 629 473 265 680 486 187 562 362 227 462 502 282 115 436 59 104 165 393 422 344 169 165 263 282 279 732 159 269 612 227 222 468 212 581 33 205 705 609 221 531 404 160 497 112 756 69 213 241 530 125 370 148 133 0 532 255 268 389 224 123 418 410 147 653 531 37 492 67 319 205 654 95 219 487 331 261 676 126 248 191 48 143 318 383 292 205 154 680 336 95 403 311 65 141 234 198 248 500 378 252 711 630 130 642 34 304 187 382 38 660 666 714 30 42 229 234 470 220 494 128 140 518 220 523 334 524 508 594 581 718 634 406 414 587 101 519 491 729 469 534 690 213 180
734 370 111 635 28 218 529 195 68 21 230 181 616 626 82 406 504 734 98 462 132 156 309 483 109 274 356 345 749 574 59 624 209 30 196 604 435 627 254 271 103 126 130 108 296 381 284 144 225 512 537 559 128 505 316 143 245 75 534 141 49 115 173 313 191 610 199 162 277 109 166 323 384 121 561 361 135 468 454 461 18 479 162 731 189 282 97 32 431 660 109 558 509 385 377 149 105 65 385 244 155 503 739 672 440 242 118 72 1 154 442 117 60 513 98 263 112 390 401 95 259 738 637 419 420 543 87 783 702 273 581 72 268 121 297 136 525 582 34 252 22 659 724 180 209 638 183 153 45 273 501 387 193 176 309 67 153 780 571 218 244 254 726 81 121 135 173 111 352 397 167 19 768 596 789 546 624 247 734 473 181 46 156 149 177 158 211 561 302 213 708 429 629 634 602 748 272 366 426 737 634 622 195 775 462 234 98 224 628 738 74 225 543 575 255 713 744 189 245 95 590 322 55 100 125 179 471 711 157 194 678 148 78 59 41 129 123 721 36 734 129 412 57 553 295 618 115 90 382 482 485 100 720 118 194 765 628 84 680 586 114 116 657 350 484 90 200 314 139 560 99 586 161 385 28 619 116 625 498 122 412 391 570 155 569 273 419 308 711 270 57 358 648 324 70 230 495 541 317 86 171 442 141 110 255 118 378 110 379 459 596 347 225 578 35 70 461 103 132 740 132 636 102 216 512 680 201 596 252 532 351 329 605 285 129 633 186 559 392 437 248 171 235 51 335 57 568 221 192 437 99 191 476 623 295 81 135 196 59 267 154 81 716 189 175 726 70 121 257 617 98 571 437 371 139 122 242 668 377 749 340 288 208 682 283 87 711 340 88 325 167 547 733 187 113 748 120 138 372 151 426 256 476 339 772 42 476 165 394 661 532 0 284 266 364 754 559 131 213 652 156 34 560 43 514 216 331 149 471 722 74 218 274 179 424 468 611 560 675 222 160 290 355 682 148 223 471 129 734 561 400 762 705 765 110 156 781 182 99 576 133 557 227 344 158 502 160 169 198 537 496 761 310 74 487 42 625 394 47 750 9 236 142 167 70 50 215 104 130 191 103 632 74 56 210 78 179 159 722 353
459 88 340 361 312 92 300 469 256 302 185 144 392 343 354 216 232 452 231 195 234 424 111 205 378 17 77 234 496 301 306 351 491 263 104 342 153 350 36 144 387 410 178 175 256 229 202 292 457 235 278 277 367 221 97 197 57 358 275 180 284 174 427 145 104 345 97 157 57 175 445 46 133 395 277 194 149 192 259 233 272 207 444 458 99 2 359 297 192 396 278 306 270 108 98 135 388 219 132 118 143 221 468 397 167 253 350 325 284 193 187 270 344 233 364 518 256 159 127 220 57 460 380 146 139 303 306 508 437 18 350 229 119 385 108 355 243 341 269 220 264 379 469 461 493 359 116 437 327 25 227 179 477 460 35 340 317 499 288 125 200 118 442 223 170 267 449 180 94 161 119 272 491 360 533 263 343 104 459 189 447 269 387 433 123 130 74 281 133 74 439 157 347 365 361 485 263 82 202 464 351 351 117 495 206 490 187 460 365 479 303 485 259 331 220 430 474 448 57 376 331 85 247 184 202 454 193 449 149 478 403 336 239 225 308 195 170 439 301 454 158 206 323 282 98 359 359 364 105 230 202 205 454 197 168 482 362 354 418 325 376 360 379 116 209 364 171 119 310 303 381 314 149 123 266 351 331 354 219 333 129 141 287 238 312 76 196 34 477 24 227 84 374 47 238 63 237 269 102 369 144 221 411 182 105 386 95 204 95 201 330 79 507 311 310 353 178 386 403 475 403 354 384 103 256 403 304 313 230 249 76 62 332 4 164 366 457 277 149 155 43 454 97 265 100 256 321 63 144 153 186 475 210 342 51 364 307 418 225 61 437 255 442 314 109 469 218 285 27 355 196 303 155 118 146 193 180 409 94 499 206 145 491 399 121 360 461 65 236 91 329 267 451 466 354 476 277 176 106 245 145 527 212 128 492 290 238 119 144 381 255 284 0 72 223 473 313 163 236 390 398 278 287 248 230 69 50 399 217 439 233 75 15 446 174 218 379 291 396 110 159 165 75 409 432 84 187 163 511 297 118 489 444 500 245 128 508 466 383 330 406 285 68 80 128 222 428 410 477 266 217 484 105 217 295 250 365 131 280 469 275 87 271 258 342 332 486 384 155 226 331 353 264 252 490 216 336 441 461 76
469 123 299 371 292 47 274 459 255 281 117 173 364 370 343 167 240 472 192 197 185 417 54 223 347 83 139 165 486 309 301 359 474 251 130 339 181 363 85 71 365 387 189 162 184 168 260 241 464 250 272 299 368 258 52 149 32 341 268 196 253 151 426 80 127 344 123 112 124 166 431 76 119 364 315 134 137 206 214 204 251 215 428 466 112 73 326 285 169 395 234 294 249 127 124 130 369 206 120 171 111 245 474 407 177 184 309 320 266 143 177 282 324 253 332 476 211 129 140 184 19 474 373 156 164 283 307 518 437 56 325 226 47 379 45 311 267 322 259 149 244 397 461 446 470 376 83 415 304 47 236 136 455 438 65 329 266 518 315 168 129 47 471 223 145 217 438 154 87 135 123 251 504 338 525 291 363 35 469 224 441 241 392 412 143 136 90 300 67 65 443 166 369 368 342 483 192 125 170 471 384 357 72 513 197 489 178 466 362 474 267 445 289 314 149 454 479 408 106 350 325 157 219 174 160 444 209 446 166 454 414 349 205 208 281 210 173 460 290 472 155 164 313 287 38 353 358 335 165 217 232 172 454 206 108 514 362 344 415 321 370 321 394 86 220 335 109 62 261 295 365 321 168 120 254 353 336 360 237 289 173 125 315 262 304 9 163 104 456 87 213 101 383 114 237 48 230 276 55 352 100 188 403 156 33 353 144 212 143 193 331 87 479 312 286 330 222 368 394 475 394 375 367 52 247 417 243 346 160 287 95 72 340 68 137 367 449 300 127 203 46 437 35 235 70 252 306 78 178 195 168 454 211 363 122 343 258 370 209 11 412 218 450 339 111 462 196 238 72 352 169 306 182 106 131 154 110 403 132 487 140 74 464 423 51 349 449 131 200 59 347 287 472 437 354 483 289 136 108 267 171 490 211 82 509 262 215 116 129 400 268 266 72 0 292 492 297 168 170 387 400 269 295 225 261 75 87 398 206 472 232 107 58 410 159 286 356 295 412 51 115 94 136 417 413 124 223 136 485 296 150 497 440 500 256 121 516 443 364 314 374 292 46 83 132 242 393 413 446 272 236 497 51 211 251 226 360 129 250 488 257 136 290 284 331 316 451 369 148 164 333 369 265 223 460 211 281 425 458 100
570 255 462 482 389 290 491 487 301 385 389 190 580 421 395 433 380 537 371 362 393 441 334 341 472 210 203 456 646 436 347 477 527 334 203 493 292 464 208 362 453 473 237 287 470 452 83 447 427 371 442 385 371 307 320 361 266 416 441 225 393 303 427 368 209 490 205 328 168 279 478 253 335 483 342 416 274 340 471 433 363 362 484 572 225 222 460 356 391 536 420 475 458 285 271 257 447 310 332 138 303 341 584 513 331 453 471 360 364 364 372 273 412 358 461 626 402 368 302 356 273 560 534 317 289 486 326 613 570 237 535 291 338 408 331 485 358 518 333 427 353 476 617 496 546 465 289 495 407 246 376 395 527 515 250 386 470 581 382 160 407 334 502 282 307 423 475 313 301 368 239 363 591 539 676 359 443 318 568 296 455 378 376 488 211 238 225 394 356 254 565 326 440 499 535 617 471 242 409 577 410 482 303 579 387 477 285 432 510 619 420 588 352 506 428 504 596 553 191 455 487 145 360 287 356 475 338 590 218 534 514 315 366 323 403 235 253 520 358 542 260 420 369 426 321 513 371 454 202 412 315 341 587 247 359 524 503 394 561 480 399 475 483 331 357 453 364 342 458 466 434 448 212 317 336 489 332 484 351 465 248 342 377 223 474 297 404 200 649 205 316 276 495 200 294 259 409 413 325 425 320 427 434 314 321 482 231 254 234 382 475 281 574 457 399 427 266 440 429 607 429 449 435 301 427 509 480 382 436 321 270 271 463 228 305 505 471 382 353 245 248 494 306 377 318 310 494 231 178 262 301 526 376 438 173 434 454 550 320 281 503 385 556 258 243 615 329 431 221 503 325 447 295 321 277 343 388 558 252 652 430 366 555 479 342 402 616 194 370 310 292 381 533 542 366 592 276 334 301 230 292 616 380 349 578 394 430 251 344 475 389 364 223 292 0 556 489 246 428 536 394 338 426 349 331 239 246 402 399 485 290 205 235 543 367 172 561 436 500 313 330 385 206 528 482 186 294 304 691 450 268 600 585 628 264 259 616 523 441 503 496 423 265 285 242 352 523 402 553 412 348 582 328 293 506 352 516 323 388 554 356 169 256 225 387 392 575 430 266 412 344 461 301 366 563 288 495 482 599 265
68 385 789 129 781 539 307 941 728 771 577 608 299 137 826 416 253 20 684 297 673 897 461 270 838 485 412 514 198 188 779 143 962 735 574 191 320 130 506 516 856 878 650 646 587 465 604 723 925 242 245 196 838 261 448 639 509 828 249 649 745 640 899 474 575 179 568 604 498 647 917 431 378 856 216 455 619 286 391 343 740 278 915 78 572 475 818 769 350 151 722 244 300 369 377 607 858 690 376 559 602 251 87 99 315 626 798 798 754 631 326 738 813 241 824 961 700 386 353 676 496 40 190 336 335 279 777 72 131 481 284 702 506 858 473 797 230 261 741 588 733 95 180 933 961 117 573 905 794 481 256 407 946 929 445 812 746 26 186 579 577 518 70 696 634 701 922 644 405 378 592 740 51 267 195 212 130 518 65 287 919 732 856 902 593 603 546 193 479 540 109 326 126 149 251 139 614 392 368 78 147 151 564 23 309 961 659 928 172 160 759 933 217 255 586 53 102 897 522 841 207 468 711 656 651 926 283 152 619 945 89 802 697 695 772 665 643 36 773 21 630 396 795 212 470 194 831 827 392 299 272 664 131 668 590 97 164 827 156 205 848 811 98 415 272 827 589 458 744 232 852 179 618 372 738 162 801 147 256 776 350 373 189 699 227 485 374 455 267 491 698 396 120 441 711 524 279 221 448 840 592 362 884 646 511 845 384 675 382 310 185 407 970 197 777 821 308 857 876 132 875 118 855 544 269 81 707 175 597 239 403 425 162 471 627 157 929 196 377 333 506 925 526 727 427 729 251 535 604 326 655 944 286 131 478 833 742 851 695 488 903 710 79 767 581 174 685 725 500 181 659 199 318 388 615 646 564 172 379 210 493 500 956 78 492 833 201 429 691 435 790 207 23 929 826 86 744 628 384 706 328 980 287 435 21 753 320 591 370 92 224 754 473 492 556 0 259 636 630 165 869 751 202 714 245 539 424 870 304 101 706 546 481 900 345 387 276 207 83 541 607 512 411 100 902 549 289 626 313 215 355 79 153 132 714 599 81 934 853 249 866 204 527 410 601 252 884 881 938 226 257 42 457 690 388 716 185 364 742 4 745 544 735 715 814 803 942 855 626 636 803 123 736 714 952 688 755 912 147 400
208 241 568 135 584 343 48 753 552 572 349 456 94 209 639 169 115 244 473 127 454 713 250 154 626 330 290 265 190 103 597 122 764 547 414 68 197 146 348 294 654 674 483 459 340 215 501 496 761 132 51 159 666 214 245 425 325 633 51 488 539 446 723 249 413 80 407 397 361 464 724 267 182 644 228 214 434 150 135 100 543 128 720 201 403 315 604 581 129 117 503 21 51 212 226 427 659 502 183 428 404 165 204 159 159 386 577 617 559 416 127 577 615 150 612 730 482 169 192 469 308 225 83 175 200 21 604 253 156 313 51 523 292 675 262 573 161 30 555 351 537 186 166 738 756 164 379 702 594 309 119 174 742 725 278 624 516 278 181 438 344 306 278 520 439 478 732 448 221 163 418 542 246 51 230 183 170 312 209 205 737 528 689 700 431 431 377 148 258 359 170 165 183 110 48 196 369 253 134 206 241 112 364 273 107 786 475 763 88 182 546 707 189 18 348 248 203 673 370 635 53 355 508 471 441 738 153 157 457 740 170 644 490 503 568 502 469 241 585 239 452 154 609 89 264 69 655 618 287 83 188 461 171 501 373 327 95 640 128 55 667 592 173 212 134 618 369 244 517 37 657 101 458 190 550 98 633 115 149 553 241 175 187 550 36 289 141 314 165 337 509 231 140 305 534 341 80 96 243 644 388 120 698 450 304 630 260 507 257 113 78 235 758 75 574 619 236 660 689 190 689 183 660 344 62 180 469 220 358 223 239 252 109 310 431 101 744 165 170 250 329 728 324 522 228 549 9 364 457 230 464 741 113 176 345 632 516 619 504 298 697 499 190 626 406 168 489 503 337 78 461 81 194 197 428 439 336 113 241 190 249 276 745 225 276 644 153 303 482 239 639 151 249 716 651 212 584 422 208 556 197 757 109 220 268 548 83 412 171 191 123 559 313 297 489 259 0 464 396 105 697 565 98 517 189 365 266 695 96 298 529 386 314 680 140 365 73 84 182 337 400 281 287 160 703 397 207 430 203 64 222 228 151 215 551 418 247 729 654 17 652 99 341 234 427 151 666 710 724 93 152 244 249 508 130 518 78 182 536 255 551 400 581 570 626 609 721 662 445 407 630 158 562 510 738 508 521 716 169 241
622 251 217 523 159 127 442 306 93 151 193 56 533 504 192 331 393 615 127 354 153 261 221 367 237 150 229 299 651 463 143 513 331 105 66 500 316 513 129 204 232 255 24 42 278 321 174 203 298 398 434 440 205 381 220 130 139 200 431 36 149 63 264 238 62 504 70 112 147 33 284 207 282 250 436 292 43 354 380 372 124 368 284 620 64 161 221 137 336 555 174 459 416 270 260 40 232 67 282 116 87 384 629 560 328 240 226 163 131 136 340 114 189 396 224 388 158 297 288 112 155 623 536 307 302 451 143 671 596 156 494 66 190 222 210 239 406 489 109 229 114 542 625 300 337 522 97 281 176 158 389 303 320 304 193 179 225 662 451 90 212 178 603 60 70 181 287 72 245 302 46 124 654 506 690 425 506 164 622 351 283 134 226 276 47 33 90 444 224 104 600 318 510 525 510 644 266 244 338 626 510 512 116 658 360 327 39 300 523 636 175 351 421 481 231 592 636 314 117 226 488 191 114 40 119 291 356 608 29 322 565 181 120 78 164 44 7 602 141 617 19 330 161 443 205 516 196 219 254 382 364 98 614 38 153 641 521 193 576 483 213 231 542 252 371 219 160 228 212 459 223 475 34 278 108 511 170 515 382 218 288 289 449 101 468 177 331 182 624 145 75 244 537 198 76 122 392 430 223 211 111 356 248 72 173 245 254 44 255 355 490 235 356 471 163 201 336 228 240 635 240 517 225 131 410 566 244 473 235 408 236 217 494 165 71 526 294 440 293 311 135 294 149 132 236 93 472 102 68 313 56 318 369 505 166 210 208 305 77 165 284 139 604 176 58 626 83 185 136 513 80 463 318 267 49 106 200 566 257 653 284 219 338 562 204 199 615 213 125 225 180 430 614 318 191 638 121 104 262 105 308 385 370 250 655 151 383 52 292 544 418 131 163 168 246 636 464 0 210 549 236 118 449 105 392 100 213 236 370 598 70 90 157 307 324 337 524 452 559 142 111 229 229 571 274 93 349 72 653 456 281 651 602 660 88 49 670 311 226 481 262 446 122 234 37 385 288 249 328 427 380 647 219 57 415 108 522 286 144 632 122 105 123 124 180 174 344 224 29 189 169 516 101 121 341 55 250 281 619 238
595 291 178 502 227 145 357 393 248 216 56 255 433 522 292 228 379 612 115 336 81 363 176 374 241 239 308 143 581 443 269 489 390 219 228 454 341 500 230 117 282 299 232 172 84 190 372 102 438 394 390 449 341 421 193 83 178 273 386 246 172 149 384 156 221 463 224 103 272 182 359 245 257 259 476 182 169 355 271 297 195 356 351 590 204 235 220 244 281 510 119 402 346 288 288 181 291 189 260 291 129 399 596 537 325 31 185 285 212 75 304 297 252 402 228 334 104 245 296 123 180 606 479 308 325 378 292 643 551 218 406 225 134 331 166 178 418 413 229 47 195 538 560 369 373 515 139 325 230 211 377 225 363 345 235 278 120 654 467 274 53 126 620 229 141 89 371 142 242 252 194 194 632 423 622 446 506 135 596 386 388 169 369 325 225 200 204 447 153 177 562 316 515 491 432 593 60 294 266 595 540 484 126 649 322 442 186 437 478 578 168 311 446 410 50 599 597 277 242 258 439 315 159 181 99 379 360 554 231 358 545 350 136 180 201 250 209 602 248 610 191 242 270 419 172 463 328 238 335 333 391 127 567 239 70 666 481 294 525 437 325 201 532 221 365 238 66 176 123 409 294 452 236 269 221 476 324 488 387 161 341 260 469 305 416 172 259 269 531 241 191 264 513 281 234 178 352 409 190 283 109 277 347 142 138 243 314 239 312 320 452 250 368 437 211 251 389 296 338 586 338 520 297 134 364 551 77 503 43 449 261 239 470 233 139 487 389 451 255 371 195 357 139 163 214 238 406 200 266 362 164 361 345 508 279 263 122 223 183 179 315 133 576 371 188 563 162 114 222 467 141 433 342 250 163 109 67 510 300 578 150 131 358 569 144 295 543 299 125 208 362 435 613 327 326 604 303 107 263 307 331 361 343 197 645 183 318 182 263 542 410 213 236 170 428 630 396 210 0 499 369 237 428 175 419 192 257 362 326 626 231 224 220 286 286 454 434 424 548 126 102 119 305 543 331 243 385 139 545 418 315 619 548 611 275 176 639 348 287 412 264 426 172 245 195 392 274 382 334 405 387 627 181 208 297 175 471 275 172 626 208 260 316 327 280 256 327 303 182 23 313 508 259 157 348 213 125 347 566 267
106 308 669 73 678 434 150 846 640 667 450 534 135 167 731 273 161 154 571 196 553 804 345 197 724 406 351 370 111 100 687 68 860 638 494 49 251 93 426 393 750 771 567 549 444 319 562 597 846 166 116 157 753 232 337 523 412 727 119 569 635 538 812 348 494 47 487 493 431 553 818 344 269 742 221 317 523 203 240 202 637 185 814 98 486 393 703 672 223 14 603 97 154 283 295 514 755 593 268 497 497 194 100 73 224 490 677 707 652 514 211 660 709 178 710 833 581 263 263 566 396 127 25 244 260 125 692 149 52 394 120 611 388 766 357 674 179 98 646 454 631 119 81 832 853 106 470 799 689 391 166 275 839 822 357 716 618 181 169 511 447 402 201 607 532 579 825 541 304 256 503 637 144 103 144 185 124 406 108 239 828 624 775 797 512 516 460 146 356 446 66 234 136 42 87 96 474 319 234 102 199 59 457 175 190 875 564 848 26 88 645 809 192 95 451 169 98 774 446 732 62 415 604 560 538 831 204 59 539 837 83 726 587 595 664 585 555 156 677 147 539 257 700 111 357 36 743 715 340 171 221 556 68 585 472 247 33 732 28 66 757 692 103 302 186 716 468 340 619 92 751 88 539 271 642 48 718 59 186 654 292 262 175 628 84 379 241 384 133 413 600 306 66 372 622 428 157 125 336 738 482 223 790 543 398 730 320 592 317 194 61 314 857 81 670 715 270 755 781 88 781 130 754 437 141 96 573 195 462 228 315 332 75 388 524 32 836 161 261 290 414 823 417 618 318 638 95 447 534 274 555 837 181 132 413 728 618 722 596 387 794 597 89 703 491 80 582 603 416 35 555 90 248 283 518 535 437 23 306 117 353 375 844 155 373 736 82 366 580 328 719 157 160 815 739 108 666 518 287 635 255 858 179 315 170 644 182 499 259 124 147 652 390 387 536 165 105 549 499 0 785 656 110 611 207 449 341 784 182 227 616 466 394 780 228 388 112 102 103 431 496 382 349 66 798 474 242 523 183 94 283 124 53 113 634 505 143 826 749 91 751 113 429 315 512 185 766 797 823 127 189 143 343 597 230 612 28 262 633 161 644 474 662 647 718 703 822 756 533 509 717 104 649 606 838 597 624 811 70 315
858 485 234 759 144 355 672 96 145 155 384 262 761 736 81 553 629 849 254 590 288 54 449 603 186 384 458 499 886 699 103 749 142 156 296 736 550 748 363 419 130 136 220 239 452 533 313 292 69 633 670 674 32 611 452 297 373 110 666 220 199 254 33 459 294 740 302 310 372 234 98 443 517 181 663 510 263 590 602 602 174 604 110 856 300 396 194 126 569 791 259 694 648 506 496 271 117 198 517 318 297 618 865 795 564 398 236 85 157 308 575 133 129 630 187 305 267 529 524 250 389 858 772 543 536 683 93 906 832 392 724 174 412 47 437 256 640 722 146 408 175 776 860 114 172 757 319 140 148 394 625 531 155 150 429 93 295 895 683 294 399 398 833 177 262 288 88 255 480 535 282 174 889 737 925 657 740 388 857 583 61 200 20 131 276 269 326 678 447 339 836 554 743 761 742 880 428 478 568 862 738 748 336 892 595 92 222 68 759 872 214 269 653 714 411 824 872 248 347 154 723 408 211 227 279 86 591 844 250 166 801 79 233 200 175 204 230 834 121 851 246 557 99 679 434 751 43 172 480 617 597 252 850 202 346 868 757 79 812 719 48 224 776 485 607 170 352 456 281 694 103 711 251 514 153 747 69 751 617 252 520 524 681 179 703 408 561 414 855 379 192 480 772 428 163 357 628 666 454 107 317 585 57 253 397 193 485 194 487 591 726 471 211 707 163 140 564 106 59 871 60 751 102 355 645 801 350 702 408 636 472 453 730 400 270 762 79 673 527 539 371 118 375 206 469 149 706 338 267 544 236 154 605 738 392 132 278 293 198 399 157 236 840 141 293 861 217 270 371 749 245 699 552 502 269 274 395 802 491 887 492 436 192 794 427 81 849 441 244 458 105 664 847 195 46 874 127 288 498 171 543 270 606 479 889 190 615 286 527 777 653 156 398 400 394 869 697 236 369 785 0 137 685 196 624 336 448 13 605 825 169 323 392 228 558 538 754 688 794 364 308 440 458 807 121 320 580 270 880 692 515 887 838 896 155 280 906 159 116 714 189 682 356 470 272 620 213 13 205 663 615 881 449 189 636 196 758 522 198 866 161 326 142 171 90 116 239 92 252 346 67 751 135 212 209 189 317 110 855 473
734 366 144 635 51 222 538 191 37 51 248 162 626 621 76 417 504 731 121 463 157 148 316 481 136 267 347 362 755 574 34 625 213 19 183 607 431 626 246 282 117 139 111 107 319 396 257 175 205 511 540 555 107 498 320 161 245 83 537 120 82 119 159 323 180 612 188 173 265 104 166 320 387 145 553 374 133 467 466 469 47 479 166 732 180 277 126 19 436 663 139 563 515 383 374 144 115 63 388 226 162 499 740 672 439 267 151 52 35 172 445 84 75 510 126 289 140 396 400 114 260 737 642 418 416 550 57 783 705 269 590 52 277 110 304 170 521 589 10 273 43 656 730 183 220 636 186 164 69 270 500 396 202 187 306 62 186 777 567 199 263 263 720 60 127 164 171 119 353 403 160 47 767 604 794 541 621 254 734 467 172 75 134 159 164 149 205 558 312 212 710 429 625 635 609 752 296 360 434 737 628 623 201 773 465 222 92 205 631 743 107 251 538 582 276 708 746 217 235 116 594 308 78 96 143 176 469 715 141 205 678 117 101 64 74 106 111 717 23 732 121 422 45 554 301 622 94 116 372 486 480 115 722 96 209 758 630 76 683 590 101 148 656 354 483 115 215 322 171 564 105 586 144 386 16 621 87 626 496 156 405 394 565 124 573 277 427 300 721 262 57 356 649 315 46 229 499 541 322 93 181 451 134 117 263 145 371 88 372 462 599 346 241 580 66 89 453 110 126 743 125 632 107 221 516 679 231 590 274 525 349 328 605 280 134 635 180 555 396 429 246 176 241 80 339 29 574 215 172 430 101 201 478 620 284 97 168 228 62 269 169 108 716 156 169 731 81 152 251 621 108 573 433 374 138 138 259 672 372 755 355 300 223 678 292 82 718 331 112 328 135 544 730 205 91 749 87 151 372 120 423 278 478 346 769 76 483 160 397 658 531 34 278 269 338 751 565 118 237 656 137 0 560 61 508 211 327 133 475 715 51 208 270 205 428 451 620 561 673 229 171 303 346 683 156 211 465 135 745 564 396 763 709 768 79 152 782 194 109 582 157 558 227 344 150 499 185 150 216 538 494 760 316 61 499 62 629 395 79 747 32 222 108 135 63 57 237 106 124 214 76 630 41 81 228 63 212 163 726 351
174 202 588 76 586 342 137 751 541 576 375 430 186 116 635 218 56 184 485 97 472 708 260 87 640 302 242 316 221 15 590 65 768 543 391 68 142 72 323 314 660 682 465 454 387 268 452 521 745 56 55 62 654 127 248 439 315 635 58 467 548 445 713 272 392 64 385 405 324 456 725 242 178 657 131 255 427 96 203 148 545 81 722 172 385 289 619 577 149 112 522 77 115 179 190 416 664 498 176 390 405 85 181 112 121 425 597 609 560 431 124 557 618 68 625 759 499 183 161 478 301 180 109 142 152 111 592 223 151 293 147 513 305 669 272 596 72 121 550 386 538 111 191 740 765 88 377 710 599 291 60 206 750 733 256 621 544 227 83 405 375 318 200 509 439 500 731 449 208 176 403 545 209 141 253 88 84 319 174 130 731 535 674 707 410 416 359 50 277 348 152 131 96 78 129 199 414 212 169 177 147 63 367 222 107 776 468 747 84 196 560 732 94 108 384 175 187 696 341 644 66 306 514 464 452 736 96 167 436 749 119 623 499 501 575 483 455 175 582 182 441 197 605 11 270 89 645 629 231 99 111 467 169 484 389 249 78 636 136 59 660 611 104 214 79 629 387 257 542 61 659 26 436 174 546 65 618 66 76 575 183 173 89 524 65 287 174 278 230 308 505 205 89 265 523 331 78 19 248 646 394 166 694 451 311 645 211 491 208 108 50 214 772 32 580 625 161 663 686 189 685 98 661 346 72 123 505 123 395 129 213 232 45 285 431 81 740 67 175 181 315 731 327 530 227 540 96 347 428 164 461 748 85 88 305 637 541 649 502 292 707 511 156 597 392 190 490 524 314 78 463 22 139 189 422 448 362 132 199 226 293 298 758 147 290 642 190 258 493 236 615 56 185 730 640 189 564 429 188 531 147 779 86 233 217 556 124 401 169 116 37 560 287 295 426 202 98 449 428 110 685 560 0 519 101 350 237 685 103 214 518 363 292 700 143 283 161 14 120 342 408 309 240 123 707 369 132 431 276 35 175 203 161 213 532 408 222 738 658 102 667 3 333 216 413 75 684 697 739 24 79 203 256 500 211 521 91 166 544 198 551 368 558 542 623 610 742 663 436 434 618 81 550 517 754 499 553 719 177 212
693 333 113 595 67 177 487 237 79 56 188 160 573 588 125 363 464 694 60 422 96 199 267 444 133 239 322 303 706 534 94 584 249 44 167 562 397 587 219 228 141 163 112 74 257 339 273 121 264 472 495 520 167 468 274 101 205 116 492 125 43 75 214 271 162 568 169 120 246 77 208 284 343 148 525 318 99 429 412 418 26 439 203 691 156 246 116 70 389 619 85 516 466 346 339 115 144 39 344 222 114 464 699 631 400 206 122 111 42 112 401 132 99 474 120 283 81 348 362 54 219 698 595 379 381 501 117 743 661 236 539 67 225 163 255 136 486 539 54 212 21 620 682 222 247 599 142 191 80 235 460 345 231 214 270 110 136 740 533 196 203 211 688 74 80 106 216 70 311 355 134 26 728 553 746 508 585 205 693 436 224 29 194 188 150 127 177 522 260 175 667 390 590 593 560 707 235 329 384 696 598 581 153 736 421 276 68 264 586 696 71 246 505 533 215 674 703 209 213 128 549 292 18 68 83 222 431 669 134 231 638 177 40 27 61 118 98 682 75 695 98 369 98 512 253 576 154 117 348 440 447 57 678 105 152 729 586 126 638 545 156 126 618 308 444 117 158 272 122 518 140 545 139 345 46 578 148 585 459 117 376 349 533 158 527 232 377 274 669 236 33 319 608 289 71 191 454 500 275 128 129 400 184 68 213 141 342 99 343 417 555 307 259 537 63 106 425 144 175 699 174 597 143 174 470 641 174 560 213 496 312 290 564 248 88 591 229 520 350 402 210 212 194 29 294 68 525 185 172 401 62 229 435 584 263 118 118 201 29 227 190 50 675 208 141 684 30 98 221 576 56 530 398 330 102 80 200 626 340 706 298 246 243 644 241 129 669 306 51 284 192 508 694 219 151 707 137 95 332 156 388 283 435 297 732 46 434 130 353 622 492 43 248 225 349 714 517 105 175 611 196 61 519 0 476 179 293 190 429 686 71 186 237 203 383 440 568 519 635 180 117 247 320 642 188 194 434 89 691 520 363 721 663 724 116 121 741 220 139 534 160 517 188 305 127 463 184 209 229 496 457 721 268 58 444 2 583 353 39 711 35 208 154 175 112 93 242 146 97 152 137 592 89 23 243 63 163 200 681 315
243 143 560 151 542 305 215 698 484 532 363 363 282 113 584 248 79 225 452 102 446 653 243 52 604 242 167 335 317 108 535 146 721 493 329 169 80 134 263 302 617 639 405 405 397 295 366 501 680 58 138 55 593 26 226 410 272 587 139 404 510 401 654 267 331 164 323 372 253 405 675 192 165 621 59 271 379 70 253 193 501 83 674 244 328 232 584 527 171 206 495 169 184 134 138 365 618 449 162 314 366 27 256 184 96 423 569 555 514 404 137 493 573 39 590 736 471 188 123 443 260 238 210 111 96 196 533 289 239 241 239 458 286 614 253 572 29 216 499 383 493 154 287 691 722 138 337 666 556 241 76 221 706 689 206 570 525 272 59 333 368 296 212 452 397 477 679 407 178 181 349 501 270 237 345 33 118 292 242 41 675 496 611 662 349 360 303 63 267 301 234 105 120 169 227 287 419 148 197 250 123 151 331 268 133 716 417 682 183 288 526 706 29 203 382 200 266 669 277 604 167 225 474 414 420 683 65 259 375 707 186 557 463 454 535 420 399 210 531 227 388 225 552 105 248 190 586 591 148 146 29 429 257 423 367 254 174 584 231 160 605 581 157 199 71 591 366 244 521 155 611 119 373 150 496 159 556 153 46 550 105 164 57 454 162 256 199 211 331 247 457 160 165 196 467 285 128 95 228 599 360 204 640 409 286 611 139 431 137 130 150 173 735 134 539 582 66 616 632 276 632 128 614 312 138 183 496 85 394 38 166 189 133 229 390 175 686 52 173 90 266 684 296 491 205 485 190 293 359 80 415 705 103 115 233 594 519 630 455 255 666 477 228 523 339 285 446 499 257 178 422 124 79 169 375 413 352 230 136 324 307 289 719 170 274 590 289 183 458 211 545 50 223 694 581 264 499 395 156 461 90 750 108 224 265 517 174 349 162 155 67 514 230 261 331 245 189 392 419 207 624 508 101 476 0 298 183 626 139 211 462 302 239 669 151 182 259 114 175 312 375 306 166 199 662 304 44 389 377 132 113 274 254 298 469 357 291 695 612 197 632 99 289 178 358 42 652 636 703 96 44 261 238 447 273 478 191 145 506 242 504 298 490 470 572 562 711 614 385 419 558 133 492 478 717 445 538 671 268 162
523 155 274 425 244 52 345 402 191 234 151 98 437 410 287 242 294 519 166 254 174 358 129 270 310 61 144 231 552 364 240 414 423 195 55 400 220 415 44 132 319 341 118 107 233 241 194 232 397 300 335 344 304 289 125 137 43 290 332 123 216 105 363 153 52 404 49 98 82 108 377 108 183 326 346 208 81 256 289 275 204 269 376 521 38 67 291 229 238 455 214 360 318 171 163 67 320 151 183 106 79 288 530 461 229 215 284 260 216 136 240 212 275 299 296 452 192 200 189 154 59 525 437 208 205 353 243 572 497 58 397 163 111 320 120 291 310 391 201 188 195 445 526 393 425 425 55 368 258 59 290 210 408 392 94 273 257 566 356 97 168 102 510 159 103 207 383 113 145 205 54 204 556 408 590 331 410 86 523 258 381 201 325 364 69 66 16 347 139 16 501 219 414 426 411 544 232 150 242 527 419 413 65 561 260 426 119 399 424 537 236 418 327 382 190 497 537 381 50 307 388 128 179 116 139 387 258 508 93 409 467 279 172 157 239 138 106 506 234 520 91 238 256 344 113 416 295 296 171 283 270 138 515 136 121 550 422 288 477 383 310 293 444 155 272 296 126 137 248 359 313 376 94 178 199 412 269 416 284 268 197 190 355 188 368 83 235 96 527 59 159 145 438 111 173 27 293 331 128 301 87 261 345 114 92 318 163 143 164 256 390 136 438 371 242 285 246 318 337 535 336 421 316 63 311 468 252 381 198 317 138 118 395 69 96 426 391 344 195 223 36 386 71 197 138 190 373 8 104 222 118 407 269 408 93 296 245 355 157 69 368 189 506 265 42 526 150 223 43 414 128 364 222 168 77 128 150 467 162 554 209 141 422 467 121 293 516 129 170 127 275 333 518 398 291 539 219 113 163 194 211 459 270 156 558 222 285 51 193 447 319 216 69 75 239 539 365 100 192 449 336 211 350 179 298 0 116 335 271 507 168 36 59 378 225 275 427 352 462 75 100 157 142 472 364 56 256 95 557 356 185 552 502 561 186 59 571 398 314 382 338 347 31 135 63 288 360 348 408 328 283 549 126 150 326 181 423 187 212 536 206 71 217 209 275 264 418 316 87 177 268 419 200 184 422 149 278 373 520 139
409 40 379 311 359 125 257 518 305 348 203 194 349 295 402 187 182 404 271 146 269 473 101 155 422 65 57 225 447 251 355 301 539 311 154 292 104 300 85 150 433 456 228 222 262 210 240 326 507 185 229 228 417 176 82 232 91 405 226 230 327 218 477 136 154 295 147 192 95 223 493 11 91 438 233 175 196 142 225 192 318 157 492 408 148 52 402 345 150 346 316 258 225 58 48 183 435 266 89 161 184 173 418 347 117 269 389 375 331 227 140 320 390 183 408 557 292 122 77 261 81 411 331 97 89 258 355 458 387 58 305 278 127 434 103 393 195 295 317 233 310 329 420 509 539 310 155 483 373 58 177 148 523 506 23 388 351 450 241 172 214 132 395 273 214 301 498 224 55 123 168 318 442 314 484 216 294 122 409 144 496 313 437 479 173 180 123 231 127 118 389 107 298 315 314 435 275 38 164 414 305 301 151 446 159 539 235 510 315 429 345 525 212 284 232 382 424 488 105 421 281 102 291 232 240 502 143 400 199 524 353 386 281 271 352 245 219 390 349 405 206 173 371 232 94 310 408 408 80 184 154 247 405 247 195 436 312 403 368 276 425 400 329 85 159 408 196 106 345 254 429 264 199 77 314 301 381 304 169 371 87 99 240 287 263 85 159 50 431 72 274 36 324 46 288 102 189 219 87 416 180 183 460 226 119 429 57 254 56 154 281 35 552 261 356 399 137 433 452 425 451 306 431 134 207 353 330 267 243 205 28 26 282 48 207 316 506 228 109 116 83 501 121 309 74 305 273 112 193 111 232 522 161 293 81 411 342 454 272 79 483 296 392 362 157 420 263 321 77 306 239 253 106 77 192 232 195 360 48 450 196 145 536 351 122 409 412 56 277 68 379 217 403 511 404 426 327 214 60 294 96 568 163 106 443 334 194 167 101 332 205 331 50 87 246 424 266 213 257 341 448 327 237 293 183 116 0 449 170 393 282 126 57 488 129 203 334 241 347 136 195 165 53 359 479 133 142 206 466 247 70 439 394 450 295 175 458 512 430 282 449 235 106 39 177 173 470 460 521 216 167 434 93 266 261 295 316 85 323 420 322 134 321 307 390 379 529 432 203 251 381 304 314 295 534 264 367 488 411 26
858 486 224 759 136 352 670 87 144 147 379 264 758 737 72 550 629 850 248 590 281 42 447 603 174 385 460 493 885 699 99 749 132 152 297 735 551 748 364 415 118 124 221 236 445 529 320 283 76 634 669 675 33 613 451 292 372 100 666 222 191 251 28 456 295 739 303 306 374 232 86 443 516 169 666 506 261 590 599 600 168 604 97 856 300 397 183 120 567 790 251 693 646 506 496 270 105 195 516 321 294 620 866 796 564 391 225 80 150 302 574 137 119 631 176 292 259 527 524 244 388 859 771 543 537 681 93 907 832 392 722 172 409 36 435 245 641 720 142 402 169 777 859 102 161 758 317 127 139 394 625 528 143 138 429 85 285 897 685 298 393 395 835 177 259 280 77 251 480 533 282 168 890 735 924 659 741 386 858 584 54 193 31 119 277 269 326 679 444 338 836 554 744 761 740 879 421 479 566 862 741 748 333 893 594 91 221 75 759 871 205 256 655 712 405 826 872 236 349 142 722 411 205 225 273 76 592 843 251 153 801 87 227 196 166 206 230 836 116 852 245 554 93 679 432 750 40 160 483 615 599 247 850 203 341 870 757 70 812 718 38 213 777 484 607 159 347 453 272 693 92 711 253 513 148 747 72 751 618 242 521 523 683 184 702 407 558 415 852 380 189 480 773 430 162 356 627 666 452 96 313 583 44 249 394 181 487 195 489 590 726 471 199 706 155 129 566 94 47 871 47 752 90 352 644 802 341 704 402 638 472 453 730 401 266 762 70 675 525 541 371 106 373 199 468 147 704 338 270 546 233 142 604 740 394 121 269 281 194 398 144 229 840 151 293 860 213 261 372 749 241 699 553 501 267 269 390 801 492 885 488 432 180 796 424 71 848 443 238 457 114 665 849 182 45 874 132 283 498 176 543 258 605 477 890 182 613 285 526 779 654 149 399 398 402 870 695 236 362 784 13 133 685 190 626 335 449 0 604 827 168 324 393 215 557 543 752 687 795 361 304 436 460 807 109 322 582 267 877 691 516 887 837 896 157 279 906 146 104 712 177 682 355 470 272 621 200 21 193 663 616 882 447 188 632 190 757 522 191 867 155 329 148 177 82 108 226 80 251 340 68 752 135 206 196 187 307 98 854 474
270 147 490 176 497 253 93 664 459 485 274 361 181 210 549 118 66 286 390 42 374 623 163 88 544 234 198 214 281 117 506 163 678 457 319 133 113 175 252 214 569 590 389 368 284 168 407 421 668 87 66 140 573 158 155 343 231 545 63 393 454 357 631 171 318 140 312 311 265 372 636 171 88 562 194 152 343 75 114 55 455 57 633 266 308 219 523 491 46 190 424 89 59 117 131 334 573 412 88 332 315 112 272 210 70 322 499 526 471 334 31 482 528 104 530 659 402 83 98 385 216 279 167 82 111 88 512 319 232 218 137 431 208 585 176 497 121 124 464 284 449 214 255 651 672 191 289 618 508 214 66 103 658 640 183 535 443 328 162 342 273 221 301 427 350 401 644 359 125 76 324 455 307 144 320 151 185 225 270 136 647 443 596 615 336 337 282 133 177 266 240 73 196 166 144 278 311 159 66 271 236 158 276 323 12 694 383 669 157 268 464 633 154 114 281 277 275 597 274 551 119 261 422 379 357 649 80 240 362 656 219 549 406 413 483 408 375 278 496 284 359 96 519 93 176 147 563 535 198 14 124 374 249 407 292 350 158 550 209 116 576 513 207 121 68 535 289 159 443 90 569 126 363 94 460 152 539 162 93 477 155 81 167 454 98 198 71 218 261 241 419 135 187 210 442 248 26 85 154 557 301 67 609 361 217 550 168 413 165 17 128 139 677 111 489 534 164 573 600 269 599 199 572 255 41 224 403 204 293 177 143 156 143 214 342 164 654 143 79 170 235 641 235 437 136 457 103 270 361 150 374 656 36 188 249 546 441 548 414 206 613 416 251 531 312 256 400 425 241 147 373 107 110 103 337 354 261 197 148 283 190 197 664 249 193 555 245 209 399 147 544 127 288 635 559 281 489 336 112 461 110 681 30 134 319 463 37 319 78 219 95 471 217 206 399 304 96 370 326 182 605 475 103 429 139 271 170 604 0 313 436 291 218 602 47 291 165 98 222 250 314 208 194 218 617 301 137 341 297 93 131 296 234 295 456 325 315 645 568 112 571 101 249 138 333 97 587 618 644 80 95 301 162 416 135 431 154 86 451 300 462 304 486 475 537 521 644 574 353 333 538 184 469 425 658 416 451 629 252 145
159 354 771 164 751 516 344 903 689 741 571 563 360 104 790 430 250 93 663 292 657 857 451 252 815 449 369 527 289 202 741 177 928 701 533 234 291 152 469 509 826 848 609 614 595 480 541 711 876 233 267 178 795 218 435 621 483 796 271 606 721 611 856 471 536 221 528 583 453 614 881 403 369 832 162 464 588 271 417 361 711 271 881 168 535 440 795 734 356 215 706 278 327 345 349 573 827 657 366 508 577 228 180 155 300 627 780 760 723 614 326 692 782 223 801 947 682 385 332 654 471 132 249 319 307 316 736 174 211 450 335 664 494 819 461 783 207 309 706 588 703 113 267 898 932 134 548 875 765 452 252 413 915 899 416 777 735 117 158 530 574 505 32 658 607 688 885 617 388 378 556 711 152 321 292 181 130 502 156 250 878 707 810 871 553 567 511 181 472 511 190 310 118 196 305 233 619 357 379 170 88 188 542 118 313 916 625 879 224 250 737 917 182 300 586 61 196 880 481 814 247 417 685 623 631 888 266 235 578 916 145 753 674 664 746 622 605 80 738 102 595 408 759 225 457 245 788 802 345 311 240 640 217 627 577 43 212 790 229 243 809 792 127 405 261 802 576 450 731 263 819 199 576 358 704 203 756 185 239 761 310 366 157 649 262 466 384 416 349 453 665 371 164 400 673 496 290 229 437 807 571 378 845 619 496 822 345 634 344 313 220 384 945 224 749 792 262 824 838 224 837 117 822 523 286 132 703 126 598 190 377 400 189 438 600 207 890 175 373 287 477 891 507 702 414 691 291 502 558 285 625 913 285 126 434 803 729 841 664 466 875 688 161 713 547 262 656 710 465 229 633 221 290 376 584 624 559 242 346 301 501 495 929 74 482 797 285 385 670 420 738 191 85 904 784 182 698 606 365 657 301 961 288 429 119 728 338 557 364 107 219 722 439 472 485 101 298 598 626 227 825 715 214 686 211 507 393 827 313 0 667 508 449 880 344 312 335 224 125 523 586 509 369 165 870 507 252 599 399 240 324 178 235 229 670 566 182 905 821 293 843 214 500 389 565 234 863 836 914 234 239 142 446 654 423 688 238 351 717 101 713 499 686 663 778 770 922 821 593 627 760 140 696 689 928 652 748 878 235 373
691 321 179 592 99 187 504 236 23 95 231 111 594 574 123 388 462 685 122 422 157 191 282 437 182 220 299 343 717 532 74 582 262 44 134 567 386 582 199 256 168 190 61 72 309 372 210 191 233 467 501 510 137 451 284 150 205 133 498 69 110 91 195 294 132 572 139 150 215 66 214 276 348 193 505 346 95 424 437 434 76 437 215 689 134 231 171 70 400 623 156 525 480 339 330 102 165 42 349 175 132 454 698 629 397 262 188 93 75 159 406 66 125 465 171 336 149 360 357 111 221 693 603 376 371 515 76 740 665 225 556 6 246 152 270 204 476 554 43 261 67 611 692 231 270 592 152 215 117 227 458 363 253 237 262 110 208 732 521 148 248 233 673 10 100 174 217 95 312 366 114 76 724 569 756 495 576 222 691 421 214 98 160 209 115 103 160 513 281 171 669 387 580 594 574 712 291 314 400 695 580 581 170 728 427 259 55 234 591 704 138 298 491 546 264 662 704 263 186 166 555 257 88 60 133 221 425 675 91 256 635 124 106 53 114 56 63 672 73 687 77 390 92 512 266 583 127 164 323 448 434 104 682 45 190 710 589 123 644 550 143 188 611 317 440 163 197 288 193 525 155 544 94 346 46 580 105 584 451 187 358 355 519 86 534 240 393 252 687 215 42 313 606 267 6 188 459 499 286 144 154 418 178 94 230 192 324 37 325 422 558 304 292 539 109 139 405 160 170 703 170 587 157 188 477 636 243 543 264 477 305 286 563 235 107 594 224 510 358 381 203 225 208 100 301 24 537 171 121 383 73 251 437 575 234 147 189 267 50 230 220 120 673 141 125 693 71 169 206 581 91 532 388 334 101 124 240 633 327 718 333 272 274 632 261 130 681 282 115 290 131 499 684 256 123 707 72 132 330 85 378 327 438 312 725 108 447 118 359 613 487 74 233 232 290 706 529 70 231 616 169 51 518 71 462 168 282 168 436 667 0 160 226 253 390 400 586 520 629 198 148 279 298 640 206 161 418 107 714 523 351 720 669 728 45 111 739 245 160 546 206 515 188 303 105 455 233 181 267 496 450 716 281 24 472 73 590 354 106 702 67 172 86 104 111 108 287 155 83 208 102 586 34 94 279 21 234 212 687 307
535 162 289 436 246 88 370 396 182 237 185 70 462 414 282 273 307 526 184 270 197 351 160 279 319 61 139 266 571 377 234 426 421 194 28 417 227 425 40 167 321 343 103 112 268 275 158 255 382 310 353 351 292 290 153 162 75 289 350 104 226 117 352 187 29 420 22 125 61 109 374 121 204 334 345 241 88 267 319 301 208 282 374 533 30 73 301 227 261 471 233 380 341 183 173 71 321 152 204 70 103 295 543 472 242 248 298 253 218 163 260 195 277 307 305 465 212 225 203 170 89 535 455 222 213 375 231 583 512 73 421 157 146 312 152 307 317 413 198 223 199 453 544 390 426 434 85 370 262 78 303 239 409 393 109 269 279 573 361 62 203 138 513 150 117 229 377 126 165 229 51 208 566 431 608 335 417 122 534 261 373 211 312 365 47 60 21 355 173 51 514 233 420 440 433 560 266 155 268 539 420 426 98 569 280 415 120 384 440 554 249 430 331 404 225 502 550 393 28 312 406 108 189 118 161 381 268 525 74 411 478 261 186 160 246 120 97 512 231 528 89 267 251 358 144 434 284 303 164 304 274 154 530 122 154 551 437 283 493 400 303 306 453 180 284 302 160 168 269 377 312 389 73 197 197 426 255 429 294 285 198 212 359 164 387 115 262 92 550 56 160 159 450 107 166 62 311 345 157 300 116 287 339 127 127 327 164 129 165 275 406 152 443 386 247 288 245 317 330 551 330 428 315 98 330 478 280 383 232 317 151 135 408 78 112 441 384 350 218 221 62 384 107 208 164 183 394 30 73 223 125 407 285 415 78 298 266 373 160 100 372 204 517 240 46 544 158 243 50 430 141 378 229 189 87 149 186 484 168 573 244 176 426 472 155 289 535 123 186 153 254 341 525 404 280 552 201 136 180 170 219 468 287 185 566 231 308 57 215 454 331 218 75 107 205 546 386 90 224 466 323 208 363 186 302 36 126 324 291 508 160 0 73 388 246 257 450 366 471 111 127 193 139 484 363 20 258 112 582 372 192 564 519 575 170 67 583 399 315 403 346 360 66 153 59 297 370 335 414 342 292 558 156 147 356 188 440 205 221 543 208 36 196 184 271 263 427 314 89 208 257 428 190 195 427 144 301 371 536 151
465 96 327 367 302 77 298 461 249 292 170 143 390 352 346 208 237 460 218 198 220 416 101 211 367 25 92 221 498 307 299 357 482 254 101 345 161 356 36 129 377 399 173 166 242 219 210 278 453 241 280 285 361 231 89 182 42 348 277 176 272 162 421 133 100 348 94 142 67 166 436 50 132 383 288 184 139 198 253 230 262 211 435 464 92 15 347 288 190 399 265 307 269 113 104 126 379 210 131 124 130 229 473 403 171 238 337 318 274 179 187 266 334 240 353 505 242 155 132 207 41 467 383 151 146 303 300 514 441 2 349 222 105 378 96 342 251 341 260 205 254 386 471 452 483 366 102 427 316 11 232 172 467 450 37 332 303 507 297 127 184 104 452 216 159 253 441 169 93 158 111 262 498 359 536 272 351 89 465 199 440 258 382 423 119 123 67 288 121 62 444 161 355 369 361 488 248 92 198 469 361 356 102 503 207 484 178 455 368 482 291 472 269 331 205 439 479 435 59 365 333 100 236 175 188 446 199 453 145 468 409 333 227 215 297 191 163 447 292 461 149 200 315 287 87 362 352 353 119 231 211 193 459 191 153 492 366 346 421 328 369 347 386 111 214 353 156 108 296 305 372 319 145 124 257 355 325 359 226 320 140 140 296 236 314 62 192 49 477 31 217 88 380 62 231 49 239 274 93 359 130 217 404 170 90 374 106 198 107 203 334 80 496 315 300 343 190 377 395 479 395 362 375 88 257 410 289 323 215 260 80 62 338 13 152 370 449 285 146 167 29 444 82 254 94 248 321 55 144 165 176 465 213 350 64 354 293 405 215 47 426 242 448 313 101 472 207 271 23 358 184 307 163 117 135 180 165 412 103 501 195 131 480 408 108 352 462 80 223 84 326 274 460 455 348 482 273 162 107 243 152 514 215 120 499 279 236 110 143 388 261 274 15 58 235 481 314 157 220 394 392 270 292 237 239 59 57 393 218 449 226 73 0 434 173 234 378 295 403 95 145 151 89 415 422 84 197 151 510 300 126 495 447 504 240 118 514 456 373 330 394 290 54 80 121 229 416 405 465 271 224 490 94 209 289 239 368 132 268 477 265 90 269 257 333 322 474 375 146 211 325 360 258 240 479 208 322 432 464 81
872 527 112 776 154 364 642 176 242 158 331 360 719 780 168 513 647 881 217 603 228 182 440 633 71 439 522 428 866 715 203 763 143 209 370 734 589 770 420 388 102 91 309 277 360 476 462 185 274 658 668 709 223 664 452 261 397 137 664 320 163 273 216 432 365 742 373 298 449 281 146 478 522 60 721 467 301 616 557 580 183 622 132 868 359 445 87 188 558 790 178 683 629 536 531 318 114 240 524 423 304 655 874 811 586 304 103 197 179 269 577 281 133 662 84 85 201 519 550 227 409 880 762 566 573 662 232 921 832 432 691 252 395 183 428 108 676 698 210 333 193 806 845 142 108 784 333 93 136 430 644 506 109 97 464 168 167 925 724 396 336 382 880 261 276 202 162 266 496 526 337 183 908 708 907 701 772 382 872 631 197 178 243 101 353 330 378 709 425 372 841 575 778 768 717 875 329 525 547 873 792 759 338 921 596 243 271 270 758 862 143 46 698 694 336 864 877 22 416 90 719 496 200 271 250 170 619 836 335 97 819 277 207 229 143 309 300 869 187 880 301 526 182 691 430 744 213 89 549 611 640 241 848 297 310 923 760 169 807 716 186 89 802 485 629 90 313 443 163 689 129 725 340 528 207 754 244 763 647 126 573 527 725 327 696 416 540 474 817 437 232 509 788 490 249 386 628 681 452 132 310 559 172 264 389 62 540 290 540 593 730 497 87 713 145 117 623 125 168 868 168 785 130 358 642 823 224 754 328 693 503 480 744 446 282 765 184 710 525 601 405 129 375 181 473 233 689 385 371 598 264 107 615 772 466 114 164 90 231 414 75 192 853 337 343 847 231 177 421 747 250 708 590 512 303 256 344 793 535 864 436 405 83 833 410 162 828 507 211 465 305 697 881 53 216 883 281 274 518 321 580 81 614 468 917 158 599 332 530 809 676 179 446 410 543 900 680 307 286 780 228 205 700 203 669 378 488 215 602 880 253 388 434 0 558 643 720 698 819 359 295 399 520 820 112 397 629 283 830 695 557 898 831 893 282 323 918 93 117 696 47 698 381 493 330 651 20 234 54 676 646 902 443 253 583 201 753 536 167 896 188 411 304 334 169 154 42 139 300 273 227 777 244 194 67 257 172 129 848 507
314 113 446 218 450 206 127 618 413 439 232 316 219 240 503 98 94 326 345 52 330 576 118 99 499 191 165 185 328 158 460 206 632 410 274 180 99 214 208 171 522 544 343 322 251 144 368 378 621 112 113 167 527 164 109 298 185 499 109 347 408 310 585 129 273 186 267 266 225 325 590 128 42 517 210 121 296 81 115 66 409 74 586 310 262 176 478 444 26 236 380 136 96 83 96 287 527 365 42 290 269 126 317 253 58 284 455 479 424 289 19 437 481 124 485 616 357 41 67 339 169 322 214 57 91 130 465 363 278 173 176 385 163 538 130 454 141 167 418 245 403 252 302 604 626 229 242 571 461 168 93 70 612 594 139 488 401 369 188 299 233 176 336 381 303 357 597 313 80 34 278 409 350 186 367 171 221 179 314 135 600 397 549 569 291 291 237 163 134 220 285 54 230 211 187 324 275 125 50 315 263 201 229 364 38 648 337 623 204 315 419 589 173 158 243 314 321 553 230 505 166 225 376 333 312 603 86 287 316 610 261 503 360 367 437 362 329 317 449 324 313 76 472 134 130 194 517 489 170 58 129 328 295 361 247 383 204 504 256 162 529 469 247 74 84 489 245 115 399 136 523 167 317 52 414 196 493 205 109 433 133 34 191 410 145 151 50 178 304 198 372 94 230 172 395 201 71 124 108 510 255 64 562 315 171 505 138 367 135 35 173 96 632 155 443 487 156 527 553 316 553 235 526 209 88 266 363 227 255 188 102 112 186 170 296 209 608 170 33 156 189 595 189 391 89 410 148 224 317 136 327 610 60 223 210 500 398 506 368 159 567 371 295 486 266 303 354 382 197 193 326 150 97 57 290 308 219 244 116 329 158 155 618 284 148 508 291 174 353 100 499 154 327 590 513 326 443 290 70 416 92 637 58 90 360 417 64 273 31 256 126 424 174 159 367 345 140 324 286 228 558 428 143 383 151 225 129 557 47 344 390 246 173 558 0 277 206 140 262 203 268 167 161 262 571 257 135 295 338 138 104 340 281 341 411 279 360 599 521 157 526 141 202 94 287 114 543 571 598 119 110 344 116 370 145 384 201 45 405 341 416 261 441 430 490 475 600 528 306 291 491 222 423 379 613 370 410 583 298 105
406 183 545 326 496 310 381 625 418 488 402 289 459 254 520 367 250 368 440 249 448 578 303 212 573 217 147 426 496 290 469 324 659 440 273 351 180 306 231 353 568 590 340 367 466 402 235 507 581 235 314 232 511 156 284 411 276 533 314 332 482 374 570 338 279 346 271 372 196 363 609 215 261 587 177 369 345 219 391 339 461 240 612 410 286 219 556 470 302 386 489 347 348 204 194 327 565 404 258 226 354 201 423 354 223 470 555 486 468 409 273 407 524 217 560 722 467 296 213 426 273 394 392 220 186 368 456 447 416 236 415 399 329 541 307 564 212 394 443 434 451 312 467 627 670 304 329 615 513 243 246 330 652 637 222 508 532 412 223 252 415 332 330 391 374 481 609 383 244 292 307 461 425 415 522 203 282 320 405 160 596 466 521 609 291 313 270 242 330 286 407 223 277 348 407 461 477 174 326 415 240 331 334 410 281 627 373 585 365 465 505 686 196 381 434 334 435 649 230 563 349 149 445 372 414 612 214 437 311 656 354 461 443 414 500 347 344 351 473 374 342 347 490 287 297 372 507 556 124 303 177 411 432 355 386 352 355 520 411 342 532 563 321 277 232 556 389 308 523 335 555 301 307 240 443 340 471 332 216 541 144 266 218 359 342 286 325 185 513 217 412 213 339 173 405 279 292 275 289 544 360 341 569 384 319 581 153 363 156 276 332 225 692 316 500 537 129 560 562 450 562 286 557 321 307 347 522 215 445 162 212 227 313 221 368 356 610 227 278 122 261 623 315 464 271 423 367 267 279 142 381 651 260 276 182 546 520 629 413 275 620 461 394 413 303 465 413 497 236 360 397 306 182 254 344 403 395 411 174 504 395 348 674 310 326 527 470 154 442 269 442 231 364 654 502 430 412 388 231 367 185 722 265 302 408 486 327 314 266 310 248 468 218 286 172 387 365 337 454 388 538 451 283 440 182 275 203 543 291 312 400 257 234 643 277 0 437 296 337 328 374 369 151 370 606 246 158 368 559 313 175 437 433 469 390 323 451 645 560 376 599 281 285 231 314 215 624 547 665 276 213 415 296 394 421 443 373 242 477 385 459 232 396 369 509 508 681 554 344 444 479 302 422 451 678 390 552 610 445 205
214 312 610 172 634 400 82 805 609 623 391 521 26 260 692 207 187 266 521 199 498 767 305 226 670 396 362 294 150 162 653 162 813 601 478 106 270 189 414 341 702 722 544 516 367 245 571 535 819 202 122 223 723 284 303 473 385 684 123 550 587 501 778 298 476 118 471 449 430 521 775 334 246 688 293 254 492 223 163 152 594 200 769 205 465 382 648 635 189 125 546 90 109 282 296 486 709 557 247 495 458 236 203 183 231 419 618 672 611 463 194 638 665 221 656 764 526 227 263 519 369 238 88 245 272 77 662 251 151 378 30 581 344 729 317 612 230 43 610 387 589 223 135 788 802 205 435 750 643 373 191 224 789 771 344 677 553 291 242 504 384 358 311 578 493 519 784 502 285 222 478 594 251 22 191 249 218 366 216 277 791 577 747 748 494 491 440 211 309 419 171 236 231 140 33 177 398 324 186 208 294 150 419 285 176 841 532 821 112 157 591 743 256 56 384 279 197 711 436 682 99 426 559 527 489 790 226 141 519 786 194 704 539 557 616 564 528 268 639 259 511 199 663 155 320 91 712 663 359 151 260 511 160 562 420 358 124 693 123 105 721 634 208 272 207 664 415 299 556 103 707 156 520 257 605 134 691 153 221 594 314 239 249 614 97 347 194 383 101 403 563 299 171 375 592 402 152 164 301 695 440 169 752 503 357 674 332 567 328 182 124 301 800 132 624 668 309 710 743 174 742 228 710 399 134 206 502 279 393 290 306 318 156 376 486 129 797 228 232 322 391 777 379 571 288 605 70 427 522 303 519 787 185 225 414 681 556 653 558 358 743 546 199 690 466 139 542 544 402 107 513 141 267 262 485 489 378 105 312 146 284 323 789 262 328 697 114 374 531 300 702 217 272 759 708 210 645 473 275 620 270 794 181 275 280 596 142 472 236 229 191 611 379 356 561 276 73 524 434 112 754 620 161 568 259 427 334 752 165 335 586 450 378 720 206 437 0 148 212 391 451 325 358 178 751 462 279 485 132 127 294 225 136 196 611 477 243 775 704 61 695 163 401 300 487 222 707 767 766 162 224 251 306 565 140 569 97 249 584 273 603 466 644 634 679 661 761 713 503 447 688 201 620 560 781 566 555 766 152 309
174 207 586 78 587 342 124 752 543 576 372 434 172 128 637 211 60 189 484 98 470 709 258 95 638 306 249 309 212 22 592 66 769 544 395 57 148 78 327 311 660 681 469 455 381 261 460 518 748 64 43 76 656 140 247 437 317 635 47 471 547 446 715 268 395 56 388 404 330 458 726 245 177 656 146 249 429 101 193 139 546 84 723 171 388 293 617 579 143 105 520 63 103 183 194 418 664 499 176 396 405 95 179 113 124 420 595 611 560 429 121 561 618 79 624 756 497 180 164 477 302 182 99 145 158 98 595 223 146 296 133 515 303 671 270 594 84 107 551 381 539 118 183 741 765 95 378 709 599 293 64 200 750 732 259 622 540 231 97 410 371 316 209 511 440 497 732 449 209 172 406 545 210 127 246 102 94 318 175 140 733 535 677 707 414 418 362 65 274 350 149 134 106 74 115 194 408 217 162 176 159 62 367 225 103 778 469 750 76 189 559 729 108 94 379 182 184 693 346 644 53 313 514 466 451 737 102 160 440 749 121 627 498 502 575 486 458 181 583 186 443 190 606 9 269 78 647 628 239 92 121 466 164 487 387 258 71 638 129 46 662 609 110 213 84 628 385 255 539 47 659 28 440 175 548 60 621 65 84 573 191 171 103 528 51 287 168 283 218 313 506 207 90 271 526 332 72 23 247 647 393 157 696 451 310 644 218 494 215 105 41 216 771 22 580 625 172 663 687 184 687 107 662 346 64 127 500 136 391 143 216 234 46 288 432 75 742 81 173 190 317 732 327 529 226 542 82 350 433 173 462 748 84 99 311 638 538 646 503 293 706 510 156 602 395 182 490 522 317 68 463 12 146 189 424 447 359 123 204 217 286 294 757 155 288 643 180 264 492 236 619 69 191 729 643 188 568 429 190 535 153 777 84 230 221 556 115 403 168 123 48 560 291 295 436 207 84 452 424 102 688 561 14 519 114 352 241 687 98 224 520 366 295 698 140 296 148 0 124 342 407 305 247 122 708 373 142 431 264 21 181 202 154 209 536 410 221 737 658 88 665 16 334 218 415 84 683 700 738 25 88 204 255 502 200 521 81 167 544 203 552 373 562 547 624 610 740 663 438 430 621 88 552 517 752 501 549 719 171 215
70 309 707 48 702 459 230 864 652 691 495 535 236 85 749 334 172 65 603 215 591 820 379 192 758 410 340 432 178 105 702 61 884 657 499 115 244 48 431 434 776 798 574 568 504 383 540 641 852 163 163 121 763 195 366 557 430 750 167 574 665 560 823 392 500 102 493 523 426 569 839 353 296 775 160 373 541 206 311 261 661 197 837 73 495 398 737 691 268 90 641 165 220 291 299 529 779 612 295 489 522 176 86 30 235 544 716 721 675 549 244 664 734 164 743 879 618 303 273 596 416 64 125 256 258 202 702 115 94 404 214 625 424 781 391 715 155 188 663 505 654 26 152 854 882 37 493 826 715 403 175 324 866 849 367 735 663 107 118 507 495 437 99 620 555 619 844 565 324 295 515 661 96 199 193 143 57 437 68 216 843 652 782 823 518 526 470 116 396 462 77 246 60 73 183 130 532 316 286 78 112 70 484 102 226 886 581 854 101 141 678 851 149 181 503 68 99 815 447 761 129 400 631 578 570 849 204 119 544 866 22 729 617 616 692 590 566 60 695 62 553 314 718 129 389 122 755 746 322 216 199 584 105 593 509 147 89 749 107 127 772 730 18 333 191 746 507 376 662 152 774 96 543 291 660 84 726 67 178 694 278 292 123 627 148 405 292 381 228 415 619 317 42 367 635 445 196 139 367 761 511 280 807 567 430 764 310 600 308 228 105 328 890 115 697 741 241 778 798 119 798 51 776 463 187 11 624 123 515 178 325 346 79 394 547 84 852 123 295 265 428 846 445 647 345 652 174 458 532 255 576 864 204 61 406 754 660 769 616 409 823 629 58 697 504 148 606 643 423 108 579 117 242 307 536 565 482 118 303 189 410 417 875 53 410 755 166 357 611 354 718 131 68 848 750 93 671 547 304 634 252 898 205 352 98 673 238 513 289 29 143 675 396 412 500 83 182 559 548 103 794 673 120 635 175 462 347 795 222 125 629 471 403 819 262 337 212 124 0 460 526 429 339 43 823 475 218 546 278 134 279 100 117 135 640 521 117 854 774 174 785 122 448 330 524 174 803 806 857 143 180 87 375 612 311 637 115 283 662 79 666 471 662 644 736 724 860 777 549 553 728 43 660 634 872 611 672 834 122 322
516 174 248 418 247 23 309 416 220 236 78 164 397 421 302 191 288 522 143 245 134 376 87 273 297 114 184 160 527 357 262 407 429 210 125 383 232 412 107 62 319 340 166 126 158 179 268 190 430 299 316 350 332 309 95 98 53 296 312 176 205 110 388 96 120 389 120 62 149 132 387 125 165 315 366 150 104 256 240 240 206 263 383 513 102 110 276 244 209 439 183 336 287 178 175 103 324 166 166 180 67 296 520 455 227 144 258 281 222 92 222 255 278 303 283 424 160 169 191 136 56 522 415 206 216 322 273 565 481 92 361 192 49 339 75 260 317 360 219 115 200 447 502 402 423 425 46 368 258 86 285 167 409 391 113 287 215 567 366 170 94 35 521 190 102 166 395 111 137 175 104 206 551 375 567 342 413 25 516 275 401 193 357 366 132 116 90 350 84 59 488 216 419 414 381 527 159 175 205 518 435 403 28 562 241 451 142 431 407 517 218 394 341 353 116 504 524 357 122 302 369 191 173 137 110 401 260 489 149 407 462 319 157 166 234 187 145 510 249 521 126 193 272 335 74 396 321 286 211 260 283 125 499 180 59 565 407 303 458 365 330 271 443 129 270 287 61 93 209 339 320 368 153 169 214 399 303 407 288 238 223 171 366 242 347 56 198 144 492 116 173 152 431 156 202 54 275 323 96 307 51 222 362 113 34 303 193 184 192 238 376 138 430 358 239 284 272 324 353 519 352 425 323 13 290 465 195 397 124 338 146 123 387 108 95 412 407 351 170 253 69 392 16 188 115 215 346 82 172 246 128 407 258 413 154 297 207 319 167 58 364 169 497 318 93 504 152 187 97 396 124 352 233 153 97 105 76 446 183 527 142 76 416 474 64 307 490 174 150 106 322 337 522 388 318 529 262 87 159 247 222 440 257 117 558 214 254 93 174 450 318 222 110 51 313 541 337 142 126 431 364 229 342 180 312 75 136 361 250 523 198 111 95 359 203 328 391 342 460 0 65 88 181 464 367 130 274 94 517 341 202 543 483 544 228 94 563 396 318 354 325 340 48 134 111 292 343 377 397 319 287 545 88 175 275 181 404 177 202 537 214 146 266 265 289 272 401 325 117 116 298 418 231 175 411 177 231 380 501 151
581 234 185 484 184 71 370 354 169 172 84 153 456 485 241 247 354 587 77 311 75 316 151 338 232 158 237 195 590 423 205 472 364 152 127 448 295 477 143 111 254 275 134 79 166 226 271 133 375 364 381 414 277 371 160 37 105 233 377 148 140 57 329 154 121 454 124 3 182 88 324 185 230 249 428 202 68 321 295 302 143 329 319 578 104 158 211 184 273 504 120 400 350 242 237 79 259 111 232 191 27 360 586 520 292 130 194 223 159 36 287 211 214 368 218 362 97 233 255 70 115 588 479 271 279 384 220 631 546 143 421 142 108 279 139 198 382 422 161 118 138 512 566 338 358 490 45 303 194 139 351 228 344 326 172 226 158 632 430 173 102 94 586 143 48 108 333 54 202 240 92 143 617 436 630 406 478 90 582 337 341 128 303 301 123 98 108 415 143 88 554 281 484 479 443 592 155 233 267 583 498 469 44 627 307 392 95 376 472 581 152 331 404 416 120 569 589 294 149 237 434 228 108 90 45 339 324 554 130 342 527 272 91 107 168 154 111 575 189 586 92 252 213 400 139 460 265 221 264 325 346 60 563 144 42 628 472 242 523 430 271 206 509 194 335 221 50 156 151 403 257 434 135 235 155 465 251 473 352 176 282 236 430 210 412 121 260 191 552 157 116 215 497 206 152 97 340 389 161 244 15 283 301 55 98 238 250 146 250 303 442 202 364 423 175 219 332 260 291 584 291 490 259 63 355 531 153 460 123 400 209 186 453 158 43 478 346 415 236 311 116 328 81 123 181 162 409 108 164 306 75 342 323 478 193 232 148 259 110 120 299 103 563 282 87 568 91 126 139 461 63 418 296 219 63 40 92 510 243 590 185 129 350 539 124 246 552 224 85 172 279 402 587 323 262 594 218 22 223 213 285 375 323 181 624 149 318 80 239 515 383 160 159 115 330 607 400 111 102 496 308 171 408 117 375 100 195 304 314 586 148 127 145 295 268 374 451 407 526 65 0 132 234 529 303 145 336 42 574 406 263 609 548 609 186 74 628 331 254 417 259 406 91 198 93 357 278 321 332 385 351 610 153 124 328 118 468 243 137 603 152 162 227 233 228 210 336 262 82 83 244 483 181 110 346 127 178 316 565 213
477 191 288 383 312 108 245 483 300 300 68 251 327 405 372 117 261 493 197 218 174 446 67 258 346 176 222 74 468 324 337 370 489 284 211 336 232 381 178 26 378 397 252 207 97 94 350 215 508 277 271 332 409 310 86 149 121 361 268 263 262 188 461 39 206 345 205 130 217 215 451 154 141 364 364 71 188 239 165 181 272 239 445 472 189 166 324 316 162 392 222 285 230 181 184 190 385 243 144 261 147 284 478 418 210 118 296 356 290 138 186 339 341 286 332 452 202 126 185 196 112 487 363 194 216 263 352 525 434 149 295 273 48 410 62 292 303 300 294 78 269 420 447 464 477 396 132 425 319 141 259 107 465 447 149 357 236 536 351 254 66 55 503 272 179 197 461 186 134 134 192 272 514 311 509 332 388 71 477 277 471 253 435 424 219 203 173 329 40 143 444 201 397 373 320 477 114 197 148 477 425 365 113 530 203 523 224 508 360 463 267 427 332 295 76 481 479 392 197 357 321 250 236 219 166 468 244 438 237 461 426 402 216 240 292 273 231 484 321 491 211 127 344 300 71 346 397 339 245 215 278 190 450 266 96 549 363 373 408 319 403 311 413 107 248 339 91 64 237 291 384 333 240 156 288 358 383 369 271 272 239 143 353 329 299 89 142 195 424 181 248 161 395 202 283 131 234 291 82 371 124 161 431 187 66 350 218 270 216 201 334 148 477 318 300 344 284 387 422 470 421 402 387 100 246 432 195 388 88 339 160 142 351 161 172 369 476 334 137 270 138 453 86 247 104 294 290 163 258 257 206 463 227 390 216 357 236 341 242 104 418 222 458 405 181 449 223 222 165 350 195 314 232 137 182 167 55 394 200 467 55 21 465 452 44 377 431 218 207 102 406 319 494 435 394 486 346 153 154 334 222 476 225 81 526 272 201 181 146 423 292 290 165 94 385 512 281 229 119 382 440 303 309 247 306 157 165 436 208 509 279 193 151 399 167 369 325 305 429 88 132 0 218 425 427 212 276 171 444 300 211 501 432 495 313 181 521 450 380 297 371 308 127 141 198 276 385 453 443 286 271 509 74 255 197 248 354 161 260 507 283 226 351 352 359 339 440 391 202 126 376 389 312 237 458 258 244 442 450 166
405 48 415 308 383 166 286 534 320 374 252 197 375 277 421 233 187 391 307 161 309 488 154 153 452 81 4 278 458 253 372 300 560 332 164 302 98 295 101 202 458 481 240 247 315 261 215 367 514 185 244 218 428 152 135 272 131 427 242 238 358 247 489 189 167 302 159 232 87 246 512 64 130 468 207 226 221 146 267 226 344 165 512 405 167 76 433 365 185 352 354 275 252 78 64 206 459 290 127 150 218 163 416 344 129 319 425 391 355 268 167 327 414 177 438 593 331 164 96 295 125 403 342 113 89 282 368 453 391 91 331 295 178 450 156 431 184 317 337 284 336 319 430 529 564 301 191 508 399 96 183 195 547 531 71 408 392 438 225 168 264 182 375 289 245 342 516 255 101 163 188 344 435 337 492 199 283 170 405 124 510 343 445 503 184 198 144 223 180 149 390 122 285 318 335 439 326 35 203 411 282 302 192 434 182 550 257 517 323 436 378 560 194 305 283 365 424 523 112 448 293 68 321 255 277 520 145 406 210 549 348 391 314 297 381 254 236 376 369 393 227 217 390 237 147 321 421 438 30 208 140 280 409 258 240 412 317 421 376 287 440 435 321 134 163 437 242 159 385 269 451 265 208 111 335 305 390 305 166 408 61 137 223 288 278 135 199 47 451 85 297 73 322 31 304 138 207 224 140 438 219 221 477 256 169 460 29 266 32 177 287 80 579 268 383 425 107 455 469 429 468 293 453 176 226 347 377 244 294 179 68 78 283 76 238 321 521 216 148 82 118 522 167 339 125 322 293 136 193 86 259 545 175 281 67 436 382 494 296 126 509 330 389 359 180 429 291 361 99 314 270 259 101 118 219 268 245 369 46 462 248 198 563 336 175 428 425 18 311 121 380 209 389 539 416 424 333 251 96 296 94 601 179 157 431 364 223 190 139 320 205 355 75 136 206 411 287 229 305 349 458 346 240 320 166 142 53 460 194 369 298 139 89 520 161 151 358 247 339 181 234 218 0 357 502 138 122 237 490 257 66 436 401 453 303 199 454 537 453 302 480 237 143 86 197 168 502 470 550 222 163 426 146 285 302 323 326 116 354 408 346 133 324 305 409 401 560 452 225 298 393 296 327 326 563 283 410 509 417 62
52 323 708 49 709 464 208 874 663 698 492 551 201 124 758 322 178 88 606 220 592 830 380 206 761 424 359 421 136 108 713 58 891 666 512 93 260 65 444 432 782 804 587 576 494 371 564 639 866 174 154 144 776 221 369 559 438 757 157 588 669 568 835 389 513 82 506 526 443 579 847 364 299 778 194 365 550 217 294 250 668 204 844 49 507 411 740 700 263 53 642 147 204 301 312 539 786 620 298 507 528 194 59 16 244 537 716 732 682 551 243 679 740 180 746 876 619 301 283 600 423 65 91 264 272 181 714 101 51 415 185 636 425 792 392 715 174 161 673 500 661 66 109 862 887 66 500 832 721 414 182 318 872 855 378 744 661 118 147 524 490 438 137 631 561 619 854 571 331 293 526 667 89 168 154 170 88 440 53 237 854 657 796 829 532 538 481 136 395 471 37 254 96 53 152 91 523 332 278 55 153 61 489 112 224 898 590 869 73 100 681 850 176 155 497 104 68 815 462 766 109 421 636 587 573 859 216 76 558 871 21 745 621 624 697 604 578 91 704 81 563 304 727 129 391 94 767 750 344 210 219 589 64 606 509 182 65 759 65 109 783 731 52 335 201 750 507 376 660 137 781 96 557 297 669 67 740 57 192 694 297 293 152 644 131 410 284 397 186 430 628 327 35 384 646 454 192 142 369 768 515 270 817 573 432 766 328 613 326 227 91 337 893 107 703 747 265 785 808 81 808 87 784 468 179 34 619 160 508 209 335 355 77 407 554 59 863 147 295 288 437 854 449 652 349 662 152 469 548 276 584 870 206 95 424 760 659 766 624 415 828 632 33 716 515 105 612 643 436 82 586 112 257 311 545 569 479 78 318 146 401 415 879 95 410 764 123 375 614 358 735 150 94 852 763 67 685 551 311 651 266 899 207 352 108 678 227 523 290 70 154 682 409 417 528 100 160 571 543 66 807 683 123 642 199 472 359 807 218 165 640 484 415 820 262 370 178 122 43 464 529 425 357 0 830 490 240 553 236 125 294 80 74 100 654 530 99 860 780 150 788 125 456 338 535 189 804 819 860 145 194 85 377 622 290 643 85 289 666 96 673 487 678 661 746 732 862 785 559 551 740 68 672 639 875 622 668 841 80 334
882 518 160 783 121 365 671 70 188 132 362 317 754 774 88 545 652 882 230 610 255 72 454 632 97 421 502 472 892 722 137 772 62 170 339 750 583 775 401 411 49 33 267 257 412 514 399 235 163 660 683 707 125 652 462 279 393 74 680 274 165 263 105 455 336 756 344 306 421 256 36 471 531 83 708 498 283 617 592 604 162 627 23 879 335 430 115 137 576 807 212 703 652 533 526 297 44 213 532 380 302 651 887 820 588 355 158 122 148 289 589 209 89 661 106 184 228 535 550 233 407 886 782 567 568 686 156 931 849 421 722 208 411 82 442 174 673 724 165 376 169 807 869 40 65 787 330 19 109 421 649 529 46 33 457 97 228 928 720 354 373 397 874 216 268 242 52 259 499 542 314 162 916 737 933 694 772 392 882 621 85 175 139 11 320 304 359 709 445 362 855 578 777 781 745 894 384 514 569 884 782 769 341 924 609 134 245 158 774 884 163 149 691 719 379 861 891 134 390 73 736 464 195 247 262 60 619 856 297 52 826 184 213 208 135 259 266 869 134 882 275 553 116 700 441 763 119 94 528 627 633 242 866 251 331 913 774 88 826 733 89 141 806 496 632 93 336 459 218 706 51 734 300 533 166 766 156 773 646 180 560 537 719 259 714 420 562 455 851 417 205 507 796 470 201 378 642 688 463 63 316 585 64 257 400 99 525 243 526 605 743 495 94 725 128 84 608 46 63 886 63 784 49 362 658 829 288 744 373 680 499 478 753 433 276 779 74 707 538 584 396 27 382 181 482 183 712 368 326 585 247 45 624 771 440 71 216 191 207 415 37 205 863 248 323 870 218 217 405 764 244 719 585 519 287 264 375 813 526 892 473 429 75 830 427 80 855 486 221 472 213 696 881 74 123 896 207 281 520 252 574 150 624 484 920 155 620 313 541 810 680 148 432 413 482 902 703 274 331 798 121 156 707 188 662 364 479 109 617 870 206 363 422 112 571 606 751 708 823 367 303 427 502 830 0 367 619 277 870 708 549 909 850 912 220 304 929 42 50 720 85 705 376 493 305 650 101 125 84 684 645 909 455 217 622 187 771 541 167 898 157 378 228 260 97 100 118 52 277 312 141 780 184 192 89 219 243 19 868 502
539 167 300 441 252 108 382 397 183 244 205 61 475 415 284 289 314 529 197 278 213 350 177 284 327 67 138 285 580 383 234 432 423 198 28 425 231 429 49 187 326 348 102 121 288 293 138 270 377 316 362 354 290 291 169 178 93 293 359 100 236 129 350 205 32 428 25 143 54 117 376 130 216 342 345 259 100 273 335 314 215 289 376 539 42 82 310 230 274 479 247 390 353 191 179 82 325 159 215 50 119 299 549 477 249 267 310 253 224 180 270 189 282 311 314 476 227 239 210 183 106 539 464 229 218 387 229 588 519 85 433 159 165 312 169 320 320 425 202 243 206 456 553 392 430 437 104 374 268 91 309 254 413 397 119 271 294 575 363 44 223 157 513 152 131 245 378 139 177 242 62 215 570 443 617 337 420 141 539 262 372 220 308 369 47 67 41 359 191 71 521 240 423 447 444 567 286 159 282 544 420 432 118 571 290 412 127 379 448 562 259 440 333 415 244 504 556 403 28 318 414 99 199 126 176 382 274 533 71 415 482 255 198 168 254 116 101 514 233 530 96 282 253 365 161 443 282 310 162 314 277 167 537 120 173 550 444 284 501 409 302 317 457 194 290 310 179 185 284 387 316 395 69 207 201 433 252 435 298 298 199 224 361 155 396 132 276 93 561 61 166 168 455 108 167 81 321 351 173 304 134 301 339 140 146 335 165 128 167 285 413 162 449 394 254 293 245 321 331 558 331 431 318 118 339 482 297 383 252 317 160 145 414 87 126 448 383 353 231 220 79 386 127 218 178 185 404 49 60 224 135 411 293 418 73 304 280 385 167 116 377 216 522 230 60 553 167 257 61 438 153 385 233 201 100 164 205 493 172 583 262 195 431 474 174 291 545 122 199 167 246 344 527 410 278 557 196 152 190 162 224 476 295 201 568 240 320 70 227 457 336 223 84 124 186 549 397 93 243 474 320 211 369 194 304 56 133 322 301 507 161 20 84 397 257 246 462 373 475 130 145 212 138 490 367 0 260 126 594 380 196 569 527 582 165 79 588 404 319 413 353 367 85 163 68 301 378 332 421 349 296 562 172 151 371 196 449 215 231 545 214 17 189 174 273 267 435 316 98 226 254 432 189 205 434 148 317 374 544 159
286 102 520 191 499 265 224 655 441 489 329 319 301 156 540 233 92 269 412 96 408 609 211 53 563 198 123 313 352 142 492 185 678 450 285 200 44 176 219 269 574 597 361 363 370 277 324 463 636 79 157 97 550 36 193 371 232 545 156 360 469 359 610 238 287 196 280 333 209 363 632 151 139 580 92 250 336 63 246 189 459 83 631 286 285 189 544 484 159 242 456 189 191 97 99 322 576 406 135 271 325 48 298 226 77 391 530 511 471 365 126 449 531 64 549 698 433 167 91 402 221 282 241 85 60 210 489 333 278 198 257 415 251 571 220 533 65 236 455 352 451 197 323 648 680 181 297 624 514 200 88 202 664 647 165 527 488 316 103 290 336 260 255 409 355 440 636 366 144 161 306 459 314 257 383 77 162 255 285 3 631 455 567 620 305 317 260 104 236 259 274 82 163 206 250 326 390 105 185 292 164 189 292 312 129 672 374 639 216 326 486 666 73 223 351 244 307 629 233 562 195 182 433 372 380 640 57 296 331 665 229 513 422 412 494 376 356 254 488 271 345 211 509 133 213 220 542 550 104 147 21 388 295 379 330 295 209 541 267 188 561 542 200 169 74 550 330 212 483 178 569 154 329 121 453 195 512 191 59 511 61 139 101 410 186 218 185 167 359 203 414 122 205 152 424 244 134 120 195 556 320 195 597 367 250 570 95 387 93 124 182 136 693 164 497 540 30 573 589 315 589 171 571 273 149 226 461 126 363 65 127 150 170 186 348 211 642 95 150 49 225 641 258 450 173 442 209 251 315 37 373 662 103 159 189 552 481 593 412 216 624 437 270 479 296 321 405 461 214 210 381 154 44 139 332 373 319 264 94 358 283 258 677 214 241 547 322 139 418 177 501 90 267 652 538 306 455 355 122 417 54 710 109 196 309 476 174 306 138 198 95 471 187 223 294 289 207 349 385 242 580 465 132 434 44 256 142 582 137 252 418 258 197 629 135 158 279 142 218 274 336 276 122 240 619 260 0 347 404 158 72 316 291 338 425 315 334 653 570 218 591 130 248 141 315 59 612 592 662 121 56 305 205 404 271 436 223 117 465 286 462 255 446 426 528 519 670 571 342 384 514 176 448 437 676 402 503 628 306 123
605 246 179 506 156 89 403 323 129 145 126 119 491 501 208 283 375 606 72 333 88 283 181 356 216 157 239 236 620 445 168 495 338 117 103 474 309 498 138 149 230 252 94 37 208 265 240 144 337 384 407 432 239 382 186 59 117 204 404 108 121 16 294 189 96 480 102 43 172 46 295 197 255 233 439 240 31 340 332 333 115 350 292 602 84 161 197 150 302 531 121 429 381 258 251 47 233 73 256 167 26 376 610 543 311 169 188 187 129 65 312 169 188 385 202 357 101 262 273 59 131 609 508 291 293 415 181 654 573 149 455 101 141 245 168 196 398 454 125 159 108 531 596 310 335 510 53 279 168 147 372 261 320 303 183 194 168 652 445 145 144 128 601 101 9 119 302 18 222 268 66 115 639 469 660 421 496 119 605 349 307 107 265 276 94 67 98 433 177 89 579 301 502 504 474 619 194 242 299 607 511 493 66 647 333 357 53 338 498 609 141 323 418 447 162 586 615 285 138 215 461 219 85 48 51 308 343 581 94 320 549 231 76 72 147 113 70 594 155 606 53 286 179 423 166 488 228 203 266 352 360 43 590 103 84 642 498 209 550 457 237 198 529 221 355 202 92 186 158 431 228 457 99 256 120 490 211 496 370 174 291 261 445 169 440 144 292 191 585 154 79 231 519 207 112 103 366 411 188 216 47 316 268 20 127 223 257 104 257 329 467 219 346 448 151 195 340 232 259 611 259 508 231 86 382 552 177 473 164 410 224 201 476 163 1 503 314 432 262 318 123 301 106 103 206 123 439 102 131 315 35 318 347 496 186 207 154 261 74 138 278 94 586 240 66 597 59 131 138 488 33 442 311 242 28 39 134 538 253 620 225 166 331 556 157 214 583 225 75 195 237 420 606 305 224 619 176 32 243 172 300 364 347 211 644 128 348 56 264 534 403 129 163 136 304 626 430 72 139 523 270 135 431 89 389 95 206 267 341 599 107 112 151 283 295 368 485 431 546 94 42 171 237 553 277 126 347 0 610 432 276 633 575 636 144 47 652 308 227 447 243 428 100 216 63 374 265 284 315 408 369 632 181 84 366 90 496 264 117 622 121 143 185 191 196 180 324 233 43 117 205 504 140 90 329 86 191 288 593 227
246 443 723 256 756 527 212 927 737 744 508 652 120 350 816 328 312 311 641 330 615 890 432 352 785 528 493 402 119 271 778 251 931 726 609 209 399 277 545 463 821 840 674 642 471 356 703 646 946 325 249 333 849 403 432 593 515 805 250 680 706 626 903 421 607 217 602 572 562 648 895 466 378 803 401 373 619 351 279 281 716 329 889 236 595 513 763 759 320 192 661 217 241 414 428 614 828 683 379 628 584 358 226 248 361 526 730 797 733 582 326 767 785 342 772 867 643 357 394 640 499 274 171 377 403 209 789 259 188 509 161 708 468 854 444 722 348 173 735 498 712 299 133 908 917 289 561 867 763 504 317 350 906 888 476 801 662 317 349 636 498 482 369 706 618 633 905 626 417 353 608 716 271 153 144 362 308 492 248 401 915 697 874 867 625 621 570 322 433 549 209 368 319 225 156 177 502 456 315 235 382 241 545 312 308 966 659 947 201 155 708 850 368 185 495 337 213 819 568 799 210 557 680 654 610 912 354 164 650 902 256 833 660 681 736 694 657 320 764 302 639 324 787 272 448 189 838 780 490 283 383 634 183 691 540 409 212 817 172 217 846 746 283 402 335 780 535 426 667 226 828 262 651 389 729 227 819 242 345 705 443 370 355 744 218 476 322 515 50 535 688 431 248 507 719 531 283 284 429 816 564 297 875 628 484 788 463 696 459 314 229 433 913 244 744 787 433 831 866 182 865 313 831 526 264 269 607 378 503 404 439 450 254 508 611 214 920 338 364 449 522 896 506 691 419 732 198 557 654 430 645 904 315 315 546 800 667 757 683 488 859 665 238 821 596 139 665 658 533 203 637 254 396 394 613 611 495 163 444 108 397 445 903 331 453 820 114 506 650 430 832 330 319 872 834 228 774 596 407 750 400 901 311 403 308 716 274 601 367 304 311 734 511 485 691 313 203 653 545 183 880 745 276 691 377 557 466 877 297 399 714 582 510 830 338 559 132 264 278 517 574 444 490 236 870 594 404 610 0 246 425 239 164 190 740 605 249 891 824 188 809 278 531 432 617 345 819 894 878 283 348 276 434 691 249 692 189 382 704 311 726 598 774 765 803 783 870 835 631 561 815 287 747 681 893 693 660 885 166 441
177 215 583 86 588 343 105 754 547 576 367 441 152 146 639 200 70 198 482 102 467 712 256 108 637 313 259 299 201 40 595 73 769 546 400 45 160 90 332 307 660 681 473 457 371 250 471 514 753 80 29 96 660 158 246 435 319 636 33 476 546 447 719 264 400 48 394 403 338 460 727 251 177 655 166 240 431 111 179 128 546 92 723 173 392 299 616 581 138 99 517 42 88 190 202 421 664 501 176 404 406 112 179 119 131 412 592 614 561 427 120 566 619 96 623 751 495 176 170 477 304 188 86 151 167 78 599 226 141 300 112 519 300 673 268 590 103 86 554 375 540 131 173 742 764 108 379 709 599 298 75 193 750 732 264 624 536 238 117 418 365 314 223 514 440 494 734 450 211 168 410 546 214 106 237 122 110 317 178 156 736 534 681 707 419 422 366 85 270 353 147 140 123 73 96 188 399 226 154 178 179 66 367 233 100 782 472 755 68 182 557 725 128 74 372 195 183 690 352 643 37 324 514 468 450 739 113 153 445 748 128 633 498 503 575 491 462 192 585 195 446 180 608 28 268 64 651 627 251 85 138 466 159 492 385 273 66 640 121 30 665 606 121 212 94 627 382 252 535 26 660 41 445 178 550 59 625 70 99 569 203 171 124 535 31 288 160 291 201 319 508 213 96 279 529 335 67 38 246 647 393 147 698 452 309 642 228 498 225 103 35 220 769 18 580 625 188 664 689 180 689 123 663 346 54 135 494 157 384 163 221 239 54 294 433 71 744 102 171 205 320 732 327 529 226 545 61 354 440 187 464 748 87 116 320 638 534 641 504 295 705 509 158 609 398 173 491 518 323 58 464 19 157 190 426 446 354 113 213 205 277 290 756 169 286 645 168 274 491 237 626 90 201 728 646 188 573 428 193 542 163 774 86 227 228 555 104 406 167 136 65 561 297 296 450 215 64 456 418 94 692 564 35 520 132 356 247 691 93 240 523 372 300 695 138 313 127 21 134 341 406 300 257 125 708 380 158 432 246 0 191 203 147 205 541 413 223 737 659 67 664 36 337 221 419 100 680 704 736 38 102 209 254 504 183 522 69 169 543 211 553 380 568 554 626 612 737 665 441 426 624 101 556 517 751 504 543 720 164 221
344 30 448 246 428 193 224 586 373 418 260 256 312 225 471 192 121 335 340 95 336 541 144 89 491 131 69 257 392 188 424 237 608 380 219 236 35 233 152 201 503 526 295 292 307 229 281 391 573 120 178 159 484 108 125 299 160 475 176 295 397 288 544 175 221 236 213 260 149 293 562 79 86 508 165 197 266 80 218 170 388 99 561 343 216 120 471 414 130 286 383 209 190 31 27 252 505 336 83 215 253 104 353 282 63 324 457 443 401 293 106 385 460 116 477 625 360 121 38 330 148 343 276 50 23 218 423 392 326 127 267 347 182 503 152 461 126 251 386 285 380 261 363 578 609 242 224 553 443 128 117 155 593 576 93 458 416 381 171 230 268 190 325 341 284 367 567 294 77 117 237 388 375 272 426 146 225 183 343 74 564 383 503 549 239 248 191 163 170 187 326 58 229 253 269 374 324 37 153 348 236 238 219 377 119 606 304 575 257 370 414 594 143 240 284 312 361 557 168 491 227 134 361 302 308 571 79 341 265 594 286 450 350 341 422 311 287 321 418 336 275 172 440 172 144 255 476 478 67 144 85 316 344 313 258 367 252 472 310 221 493 469 261 107 97 478 259 147 411 202 498 201 264 65 384 240 447 241 103 438 31 91 170 349 211 146 150 103 385 136 344 51 260 90 356 172 142 158 129 486 248 168 529 295 179 498 38 321 35 114 222 65 621 202 425 469 73 503 521 364 520 237 501 200 160 286 391 197 296 137 55 78 219 116 276 255 574 159 103 60 153 571 185 378 107 373 227 181 254 47 302 591 109 224 130 481 409 521 342 144 552 365 327 422 227 363 333 388 145 248 309 193 37 80 262 301 250 303 24 396 227 192 606 282 173 478 358 84 346 109 441 149 334 581 471 362 391 283 59 357 28 637 113 134 374 404 163 236 91 263 141 400 118 150 268 355 222 281 315 283 515 396 175 363 113 185 70 516 131 324 351 192 126 557 104 175 294 181 279 202 263 211 66 294 549 196 72 276 425 191 0 374 335 388 361 245 392 582 499 236 519 172 176 71 246 106 539 527 590 156 100 367 137 335 249 365 259 66 393 351 391 193 384 367 459 449 598 501 272 313 448 236 381 365 604 333 431 558 351 50
31 402 786 128 789 544 274 954 743 778 569 630 245 183 838 395 258 86 685 299 670 910 458 285 839 503 437 493 121 188 792 138 971 745 592 165 339 141 524 510 862 883 667 656 567 442 640 716 946 254 230 220 856 295 448 638 518 837 234 668 749 647 915 466 593 156 586 606 522 658 927 444 379 857 260 439 630 297 363 323 747 284 924 31 587 491 818 780 340 111 720 218 276 381 391 619 866 700 377 586 607 272 24 92 323 612 794 812 762 629 322 758 820 258 825 953 698 379 363 679 503 48 147 344 351 248 794 25 75 495 240 716 503 872 471 792 252 221 752 575 741 125 108 942 966 136 579 911 801 493 262 394 952 934 458 824 738 78 218 603 567 517 147 711 641 696 933 651 410 371 606 747 31 222 115 243 157 519 32 314 934 736 876 908 611 618 561 213 473 551 58 334 160 129 207 63 596 411 353 25 204 140 568 73 303 978 670 948 142 85 760 928 249 219 572 121 29 893 542 845 181 498 716 667 652 938 296 86 638 950 88 824 700 703 777 684 657 101 784 76 643 378 807 209 470 159 847 829 421 287 297 668 66 685 587 176 138 839 104 183 862 809 118 414 280 830 585 455 738 211 861 176 637 377 749 144 819 136 271 772 375 373 223 723 204 489 360 476 195 509 708 407 114 463 726 533 270 221 448 848 595 344 897 653 511 845 407 693 404 305 168 417 972 185 782 827 340 865 888 58 888 151 864 548 256 91 694 222 583 279 415 435 157 486 634 133 943 222 373 364 517 933 528 731 428 742 219 549 627 353 664 950 286 162 503 839 736 842 704 495 908 711 47 794 595 102 692 721 516 153 665 191 336 391 625 648 556 121 398 133 475 493 959 133 488 844 131 453 693 438 814 227 94 930 842 16 765 630 391 730 345 976 286 430 69 757 302 603 369 126 234 762 489 497 600 79 228 651 619 124 887 763 203 721 274 552 439 887 296 178 720 564 495 898 340 437 225 202 100 543 609 501 436 80 909 569 316 633 239 203 374 0 90 53 734 610 20 939 860 214 866 205 535 418 615 268 883 899 939 225 273 38 456 702 353 723 150 368 745 78 753 566 758 740 825 812 940 865 639 628 820 141 752 718 953 702 744 921 78 413
85 361 719 108 730 487 194 899 693 719 500 588 155 197 783 320 214 149 622 249 604 857 396 249 775 459 403 415 64 150 740 109 912 691 547 102 303 129 479 443 802 823 620 602 490 365 613 647 900 217 168 202 806 279 389 574 465 779 172 623 687 591 865 399 547 99 541 545 484 606 870 398 322 794 261 366 576 256 283 251 689 238 866 76 539 446 754 725 275 49 654 148 202 336 348 567 807 646 321 550 549 244 70 89 277 537 727 759 705 565 264 713 762 228 761 882 632 315 317 618 449 113 69 297 312 170 745 115 24 447 154 664 440 819 409 724 227 138 698 502 683 140 36 885 905 136 523 851 741 444 219 325 891 873 410 769 667 162 210 564 496 454 205 660 584 629 878 594 357 308 556 689 118 136 92 230 157 458 88 289 881 676 828 849 566 569 513 192 407 499 45 287 167 86 121 45 520 372 284 77 227 103 510 156 243 928 617 902 79 35 696 858 237 139 499 174 61 824 499 784 115 467 656 613 590 883 256 6 592 889 95 780 639 647 716 638 608 157 730 140 592 305 753 164 410 87 797 767 392 223 270 608 24 638 522 246 84 784 26 119 810 743 126 355 238 767 519 392 668 145 803 137 592 324 694 97 772 102 237 704 344 315 216 681 136 432 291 437 115 466 653 360 96 425 675 481 210 177 388 791 535 271 843 595 450 780 372 645 369 247 114 367 908 133 722 767 319 807 834 39 834 159 806 489 193 107 621 230 510 271 368 385 122 441 576 81 889 206 313 340 467 875 469 670 370 691 142 501 587 325 608 889 234 164 465 780 667 770 649 440 846 648 75 756 544 32 635 654 469 89 607 142 300 335 571 587 487 38 358 73 400 426 895 169 425 789 50 419 631 381 773 204 156 866 792 75 720 570 340 688 307 908 232 367 151 696 232 552 311 144 198 705 444 440 585 153 151 602 548 53 838 709 161 663 254 502 394 837 234 235 669 519 447 831 281 433 136 154 117 483 548 432 401 74 850 527 291 575 164 147 335 90 0 64 687 558 107 878 801 136 802 164 482 368 565 235 817 850 874 179 240 120 395 650 269 664 80 316 684 150 696 527 715 700 771 755 872 808 586 558 771 136 702 658 889 650 672 863 18 368
72 416 782 147 791 547 257 959 751 780 563 643 212 220 843 384 268 137 684 306 667 917 458 300 838 515 455 479 70 200 799 153 973 751 604 162 354 165 536 506 863 884 677 662 553 428 662 710 957 268 229 243 865 321 450 637 524 840 232 680 749 651 924 462 604 156 597 606 538 665 931 454 381 856 293 429 636 309 347 314 750 293 927 64 596 502 816 785 337 105 716 210 265 392 403 626 868 706 381 603 610 292 51 115 333 601 790 819 765 627 324 770 823 276 824 945 695 377 373 679 508 97 132 354 365 234 803 70 64 504 216 723 502 878 470 787 272 201 758 566 744 160 65 946 967 165 583 912 802 502 273 388 953 935 468 829 731 130 247 618 559 516 198 719 645 692 938 654 416 370 614 750 84 198 63 270 188 520 74 335 941 737 886 910 623 627 571 235 470 558 64 343 193 136 184 19 583 425 347 61 245 151 571 126 303 987 677 959 138 40 758 921 276 202 563 170 36 887 555 845 176 518 717 673 651 944 309 58 649 951 116 836 700 708 778 695 666 150 790 127 651 369 813 218 471 149 855 829 441 285 317 669 46 696 585 229 139 844 87 179 869 805 149 416 292 829 581 454 732 206 864 188 649 383 754 149 829 148 287 767 394 375 252 737 198 492 354 491 149 521 713 416 133 478 734 540 270 231 449 851 596 335 903 656 512 843 424 702 421 307 170 425 970 189 784 828 364 868 894 26 894 185 867 550 254 124 684 258 573 309 425 443 170 497 637 134 949 247 374 387 525 936 530 732 431 750 205 558 642 373 668 951 292 193 519 841 731 834 709 499 908 710 77 810 603 60 695 717 526 148 668 197 352 395 630 649 550 101 412 82 463 488 957 177 487 849 89 471 693 441 828 249 145 929 851 48 777 631 398 744 360 971 291 428 122 758 295 611 372 163 248 765 500 500 628 132 215 660 611 113 896 768 213 724 298 561 450 896 295 229 728 575 504 893 341 469 196 209 135 544 609 495 453 100 912 582 338 636 190 205 388 53 64 0 745 617 59 940 863 199 864 216 541 426 624 285 879 909 937 234 290 91 456 709 332 725 141 374 746 131 757 581 771 755 831 816 935 869 645 621 829 168 761 720 951 709 735 924 46 424
704 331 220 605 130 214 529 236 42 129 270 107 620 581 132 418 477 694 168 439 202 189 308 449 214 230 303 380 738 546 83 596 270 81 142 585 396 594 210 289 189 210 68 108 350 406 181 236 212 480 520 519 125 456 308 192 227 152 517 66 152 130 186 324 141 589 148 188 217 99 220 290 369 222 508 378 125 437 467 460 116 451 224 703 149 243 205 94 423 640 201 546 503 353 342 127 183 87 369 165 167 464 712 642 412 306 227 98 111 201 426 26 150 476 204 367 194 384 372 155 243 704 622 391 383 538 67 753 681 240 581 51 277 152 297 245 486 577 76 302 108 621 711 238 284 603 182 231 147 243 472 391 266 252 277 123 252 741 528 141 288 264 678 46 139 220 220 135 331 390 133 117 735 593 776 502 585 251 704 428 209 141 142 225 122 120 174 524 311 192 684 402 588 609 597 729 334 324 426 708 584 596 201 737 446 247 92 215 608 722 180 328 498 568 305 669 719 295 193 193 573 254 133 97 176 222 438 693 96 271 647 93 151 98 151 50 84 680 95 696 103 418 105 527 292 602 119 194 326 469 442 148 699 50 229 713 606 132 662 568 142 226 622 340 454 193 236 315 237 545 171 558 97 364 82 595 86 599 463 229 365 376 526 45 554 265 419 259 712 225 87 328 619 273 45 210 478 514 311 161 190 444 179 134 260 223 331 44 332 442 575 320 311 555 144 165 409 176 173 720 172 596 172 217 496 647 288 547 306 481 320 302 577 247 144 610 222 519 380 384 222 234 236 144 323 53 559 187 113 389 113 264 454 583 237 171 234 305 95 253 239 165 687 97 145 712 115 214 218 599 133 547 398 354 132 166 278 652 337 740 367 304 292 639 291 139 702 286 161 312 93 510 692 278 114 721 33 172 347 42 389 353 455 338 734 149 470 140 379 623 500 110 245 256 264 714 551 88 275 634 155 79 532 116 469 186 295 157 456 670 45 170 240 282 411 390 611 536 640 228 186 313 303 654 220 165 425 144 740 541 361 734 687 745 0 136 752 260 178 568 235 530 210 320 124 466 263 167 289 511 461 727 307 67 502 118 608 372 148 711 105 172 41 59 124 129 313 168 111 251 90 597 38 138 299 62 278 222 704 321
582 214 222 483 185 78 395 343 134 175 151 79 485 470 228 283 352 578 118 312 135 300 173 329 253 118 201 252 606 422 182 472 364 136 56 456 279 473 98 156 260 282 72 48 236 273 197 191 343 358 390 403 248 348 174 103 94 230 387 82 160 50 306 189 50 461 56 74 128 48 318 168 237 269 404 244 22 315 331 325 145 327 317 580 37 126 235 170 289 512 167 414 370 230 222 9 261 92 238 120 47 347 588 519 287 204 232 202 157 106 295 162 216 358 240 399 147 250 248 104 110 584 492 266 264 404 187 631 554 117 446 106 142 261 162 241 369 443 142 188 136 504 581 334 365 484 49 309 199 118 348 255 349 332 153 214 215 625 415 100 170 129 570 102 51 166 324 60 201 256 19 145 615 459 645 390 469 116 582 317 323 145 271 305 49 25 56 406 176 60 558 277 473 483 463 601 227 209 290 585 478 471 69 621 315 369 60 345 480 593 182 364 387 435 190 557 594 326 94 249 444 175 123 57 98 328 316 564 58 350 526 228 119 97 182 92 52 565 175 579 34 282 197 402 157 472 238 238 227 337 329 88 571 87 112 609 479 229 533 439 252 240 503 206 330 238 119 180 204 414 254 434 62 235 139 469 215 474 343 219 256 244 414 148 423 130 283 153 577 115 99 204 496 168 116 77 348 389 176 241 69 308 286 61 124 261 222 91 222 311 447 194 380 428 183 226 305 258 278 592 278 480 256 82 366 527 222 440 195 376 196 176 453 129 47 483 332 403 247 281 93 326 101 141 190 132 426 64 90 281 59 347 326 468 143 237 201 306 97 119 310 137 564 224 20 581 92 177 101 470 74 421 281 223 20 85 156 522 221 607 236 170 364 526 156 234 570 185 120 179 228 392 578 340 234 597 169 75 220 153 271 403 327 202 617 165 336 10 248 506 378 156 128 121 259 599 418 49 176 505 280 152 408 121 357 59 175 279 325 566 111 67 118 323 279 323 477 410 521 94 74 181 199 530 304 79 315 47 605 413 245 610 558 617 136 0 630 339 255 435 281 405 76 192 19 347 304 293 350 386 342 608 171 92 367 123 479 243 155 595 147 96 172 171 216 204 362 257 28 156 213 478 144 128 364 92 238 314 576 198
48 421 806 147 808 564 293 973 762 797 589 649 261 197 857 415 278 92 705 319 690 929 478 304 859 522 455 513 130 207 812 157 990 765 611 185 357 159 543 530 881 903 686 676 587 462 657 736 965 273 250 237 875 311 468 658 537 856 254 687 768 667 934 486 612 176 605 625 540 678 947 463 398 877 275 459 649 316 383 343 767 303 944 50 606 510 838 799 360 131 740 238 296 400 410 638 885 720 397 604 627 290 44 111 343 631 814 831 781 649 342 777 840 277 845 973 717 399 382 699 522 58 166 364 370 268 813 11 93 514 259 735 523 891 490 812 269 240 772 595 760 140 121 962 986 153 599 931 820 513 282 414 971 954 477 843 758 73 235 621 586 536 151 730 661 716 953 671 430 391 625 767 31 240 117 260 174 539 49 331 953 756 894 928 630 637 580 231 493 570 78 353 176 149 225 73 616 429 373 45 215 160 588 70 322 997 690 967 162 97 779 947 266 238 592 129 46 912 560 865 201 515 735 686 672 958 315 102 657 970 106 843 720 723 796 703 677 108 804 83 662 398 827 229 490 179 866 849 438 307 314 688 82 704 607 175 158 858 122 202 882 829 134 434 300 849 604 475 757 230 880 196 656 396 768 164 838 156 290 792 393 392 239 741 223 509 380 495 207 528 727 426 133 481 745 553 290 241 468 868 614 363 916 672 531 865 425 712 423 325 188 436 992 205 802 846 357 884 907 71 907 167 883 567 276 108 714 236 603 295 434 454 177 505 653 152 962 239 393 381 537 953 548 751 448 762 238 568 646 370 683 969 306 178 521 859 756 862 724 514 927 731 66 812 614 115 712 741 535 172 685 211 355 410 644 668 576 139 416 142 494 512 978 144 508 864 144 471 713 457 833 245 99 950 862 35 783 650 410 749 364 996 306 450 67 777 322 622 389 141 252 781 508 516 616 81 247 670 639 143 906 782 222 741 291 571 458 906 315 182 739 583 514 918 360 451 243 221 117 563 628 521 454 99 929 588 334 652 249 223 392 20 107 59 752 630 0 959 880 234 886 224 555 438 634 287 903 918 959 245 292 40 476 722 372 742 170 388 765 81 773 585 776 759 845 831 959 885 658 647 839 158 771 738 973 721 764 940 93 433
912 552 171 814 154 396 695 86 227 164 384 356 777 808 129 568 683 914 255 640 277 106 482 664 107 456 538 491 918 752 177 802 50 206 376 778 616 806 436 435 79 57 305 291 427 535 440 248 191 692 711 740 165 687 491 304 425 111 708 313 191 295 138 480 372 785 380 334 458 291 62 504 561 89 743 521 317 648 614 629 194 658 49 909 371 464 128 175 603 835 230 730 678 565 559 332 79 248 562 419 333 684 916 850 619 370 166 163 182 313 617 250 123 693 120 152 249 563 581 260 439 917 809 599 601 712 197 961 877 455 746 246 438 123 469 179 706 749 203 394 202 839 895 53 27 818 361 30 140 454 679 555 16 9 490 138 237 960 753 393 393 424 908 254 300 259 77 290 530 570 349 194 947 762 959 728 804 420 912 655 113 203 177 36 357 340 394 741 471 395 884 609 810 810 770 922 398 548 595 914 817 799 371 955 637 153 280 186 802 910 184 121 725 744 397 894 920 115 427 94 764 501 224 282 288 83 651 884 335 12 857 225 239 241 162 299 303 902 172 914 311 577 156 730 469 791 160 112 564 655 667 271 894 290 356 948 803 129 853 761 130 149 837 525 663 111 360 486 229 734 90 764 338 563 203 795 197 803 678 190 595 566 752 300 742 450 588 490 874 452 240 539 826 506 240 411 670 719 491 101 344 610 102 288 428 105 560 282 561 634 772 527 53 754 157 113 643 85 103 914 103 816 89 391 686 860 297 779 390 715 531 509 783 467 307 808 98 740 566 619 429 42 411 208 511 221 738 403 366 620 280 15 653 804 476 102 228 181 241 446 32 230 893 290 358 897 249 234 439 792 275 748 618 548 321 291 397 840 559 917 494 453 34 863 453 121 880 522 247 501 254 728 914 43 164 925 248 309 551 293 607 112 653 511 952 182 647 347 570 842 711 182 466 443 523 934 729 311 348 826 159 194 738 220 695 398 512 146 645 905 245 399 456 93 599 645 775 737 854 396 331 450 537 860 42 404 653 308 891 737 582 939 878 940 260 339 959 0 85 746 86 735 408 524 340 682 89 161 50 714 677 940 483 253 643 218 798 572 194 930 191 416 270 301 137 137 86 93 312 331 183 812 224 221 50 256 249 49 896 534
832 469 126 734 71 316 623 106 143 82 316 271 707 725 51 497 603 832 183 561 210 83 405 582 71 372 454 427 844 673 95 723 111 121 291 701 534 726 352 363 15 32 220 207 370 468 359 196 174 611 634 657 106 603 413 231 343 26 631 228 118 213 113 406 288 707 296 257 373 207 72 422 482 65 659 451 234 567 544 555 113 577 66 829 286 381 82 90 527 757 169 654 604 484 476 248 6 164 483 334 253 602 837 770 539 313 126 84 99 241 539 171 40 611 74 200 184 486 500 185 358 836 733 518 519 638 119 881 799 372 674 161 362 69 393 145 624 676 117 331 120 758 820 84 111 737 281 55 61 372 599 481 94 78 408 55 193 879 670 308 327 348 825 169 219 199 84 209 450 493 265 113 867 689 884 645 723 343 832 572 106 127 128 50 272 255 310 660 396 312 806 528 728 731 696 845 343 464 521 835 733 720 292 874 559 161 196 171 725 835 120 162 642 670 335 812 842 136 342 39 687 416 146 198 214 92 569 807 250 97 777 160 165 158 88 214 218 820 87 833 226 505 72 651 392 714 96 59 479 578 584 194 817 205 284 864 725 52 776 683 70 112 756 447 582 58 289 410 181 657 12 684 253 484 118 717 127 724 597 146 511 488 669 219 665 371 514 406 804 368 156 457 747 422 155 329 593 639 414 17 267 536 69 207 351 77 476 197 477 556 694 446 133 676 80 37 559 10 61 837 61 735 14 313 609 779 251 695 329 631 450 428 703 384 227 730 103 658 489 535 347 74 332 133 432 136 663 319 281 536 198 93 574 722 391 24 179 177 158 366 62 159 814 221 274 822 168 176 356 715 195 669 535 469 238 215 329 764 476 843 427 381 115 781 378 45 806 438 173 422 188 646 832 101 99 846 170 232 470 213 525 177 574 435 871 108 572 264 491 760 630 99 383 364 441 853 654 226 287 749 116 109 658 139 612 314 430 104 568 821 160 315 373 117 521 560 704 658 774 318 254 380 453 780 50 319 570 227 824 659 499 860 801 863 178 255 880 85 0 671 75 656 326 443 256 601 100 125 112 635 595 860 406 168 575 137 722 492 120 849 108 330 192 223 55 52 139 24 228 267 111 731 141 144 122 171 211 62 819 452
196 257 585 129 601 360 60 770 569 589 366 473 85 208 656 184 126 235 490 142 470 730 267 165 642 347 305 280 173 104 614 116 781 564 431 59 211 142 365 310 671 691 500 476 354 229 517 512 778 141 62 164 683 223 262 442 342 650 62 505 555 463 740 266 430 73 424 414 377 481 741 283 199 660 233 230 451 163 149 117 560 141 736 188 419 332 621 598 146 103 520 29 68 228 241 444 676 519 199 444 421 175 191 150 174 402 593 634 576 433 143 594 631 159 628 746 499 186 208 486 325 214 68 190 214 35 622 240 141 330 45 540 309 692 279 589 169 19 572 367 554 180 149 755 773 159 396 719 611 326 130 191 759 741 295 641 532 268 184 454 361 323 272 537 456 494 749 465 237 180 435 559 234 39 213 189 168 329 197 216 754 545 706 717 448 448 394 152 275 376 156 180 181 101 33 180 384 269 150 193 241 106 381 262 124 803 492 780 77 166 563 723 196 7 364 241 189 689 386 652 46 370 525 488 458 755 166 141 474 757 161 661 507 520 585 519 486 233 603 229 469 170 626 95 281 56 672 634 301 99 199 478 156 518 390 321 86 657 113 51 684 608 167 229 147 635 386 261 533 42 674 101 474 207 567 91 650 109 159 570 255 192 191 567 37 306 158 330 149 353 526 247 132 321 551 358 95 103 260 661 405 137 716 467 321 647 275 524 271 129 73 251 774 75 591 636 248 677 706 174 706 180 677 361 76 171 485 223 374 230 255 268 105 326 448 92 761 169 187 262 346 745 341 539 245 566 9 381 474 243 481 757 127 174 360 649 533 635 521 315 713 516 178 643 423 151 506 519 353 68 478 83 208 214 445 456 352 98 256 173 264 292 762 220 293 661 135 318 499 256 656 157 240 733 668 199 601 439 224 573 211 773 124 237 257 565 100 429 188 186 130 576 330 314 503 249 17 481 412 91 714 582 102 534 197 382 282 712 112 293 546 403 330 696 157 376 61 88 174 354 417 297 302 150 720 413 218 447 188 67 236 214 136 199 568 435 234 746 671 0 668 103 358 250 444 161 682 727 740 101 163 232 267 525 140 535 65 199 553 245 568 416 598 587 643 626 738 679 462 423 647 154 579 527 755 525 536 733 153 257
840 489 87 743 107 328 616 155 195 112 304 314 696 743 123 488 613 846 182 570 198 150 408 597 27 398 481 408 840 681 156 731 133 163 326 704 552 737 379 358 60 56 263 234 343 453 415 164 243 623 637 673 181 625 419 228 359 91 634 274 122 232 182 403 321 711 329 262 406 237 121 440 489 13 682 441 259 580 533 552 138 588 107 836 316 404 48 141 528 760 149 654 601 499 494 275 73 195 491 377 266 618 843 779 551 286 81 151 133 237 544 233 86 626 42 132 170 488 514 190 372 847 733 530 536 634 185 889 802 393 666 205 363 143 396 94 640 671 163 311 148 771 818 123 110 749 295 71 89 391 610 477 102 86 426 122 152 891 688 351 312 350 843 214 236 176 137 226 461 495 294 138 876 683 881 663 737 348 840 593 168 136 203 75 308 287 336 674 395 332 811 540 743 737 691 846 313 486 518 841 754 727 302 887 564 219 227 239 728 834 107 94 661 667 314 828 846 63 373 43 689 452 158 228 215 145 583 808 290 95 786 233 169 185 99 262 255 834 140 846 258 499 135 659 397 715 170 43 508 580 603 203 819 251 280 885 729 124 778 686 145 64 768 453 594 44 283 412 144 659 87 692 294 494 160 722 199 731 611 105 534 494 688 279 667 380 511 433 794 395 188 473 755 449 202 347 597 648 419 88 274 532 137 224 355 22 500 243 501 561 699 460 106 681 100 70 584 83 132 839 132 749 88 322 611 790 212 716 307 654 466 443 711 406 243 735 159 674 493 561 366 109 340 141 440 186 661 344 325 559 221 100 582 737 423 67 143 107 186 378 55 156 821 292 301 820 188 151 380 717 210 676 553 478 261 220 317 764 497 838 413 376 94 797 378 118 802 466 174 431 260 661 846 64 173 852 234 238 482 274 542 123 581 437 883 115 570 290 498 774 642 133 406 374 496 866 652 262 264 751 189 157 667 160 632 338 449 177 571 843 206 346 394 47 526 599 695 665 785 325 259 371 480 788 85 353 591 243 809 664 519 866 802 864 235 281 886 86 75 668 0 664 343 457 286 615 28 197 73 643 610 869 411 207 561 158 723 502 126 862 142 367 257 287 123 107 82 98 257 249 182 743 197 154 87 211 163 104 820 470
177 200 586 78 584 340 137 749 538 573 373 427 188 116 633 217 53 185 483 95 470 705 258 85 637 300 240 315 223 17 587 67 766 540 388 70 139 74 320 312 658 679 463 451 386 267 450 519 742 53 55 60 651 125 246 436 313 632 58 464 545 443 710 270 389 67 382 403 322 453 722 240 176 655 130 254 425 93 203 147 543 79 720 174 382 287 616 575 147 115 520 78 115 177 188 414 661 495 174 387 403 82 183 115 119 423 595 607 557 428 122 555 616 66 623 757 497 182 158 476 298 182 112 139 149 112 589 226 153 290 148 511 303 667 270 594 70 122 547 385 536 113 194 737 763 89 375 707 596 288 57 204 748 730 253 619 542 229 82 402 373 315 201 506 437 498 728 447 206 174 401 543 211 142 256 86 85 317 177 127 729 533 671 704 407 413 356 49 275 346 154 129 96 80 131 202 412 209 167 180 146 66 364 224 105 773 465 744 87 199 558 730 93 110 382 176 190 694 339 642 68 303 512 462 450 733 93 169 434 747 122 621 497 499 573 480 453 177 579 183 438 196 602 11 268 91 642 627 228 98 108 464 171 481 387 250 80 634 139 61 657 609 106 212 76 627 385 255 540 62 656 29 433 172 544 67 615 69 73 573 180 170 88 521 67 285 172 275 232 306 503 202 91 262 521 328 77 17 246 643 391 164 692 448 309 643 208 488 205 106 52 211 770 35 578 623 158 660 683 192 683 99 659 344 72 125 503 122 394 128 210 230 48 282 429 83 737 66 173 178 312 729 325 527 225 537 97 345 426 162 459 746 83 89 303 635 539 647 499 290 704 509 158 594 390 193 487 522 311 80 461 25 136 187 420 445 360 134 196 229 291 296 756 148 288 639 193 255 491 234 612 54 187 728 638 192 561 427 186 528 144 777 84 231 220 554 123 398 167 117 34 557 285 292 423 204 99 446 426 113 682 558 3 517 99 347 235 682 101 214 515 360 290 698 141 281 163 16 122 340 406 308 237 125 705 367 130 428 278 36 172 205 164 216 530 405 224 735 656 103 664 0 330 213 410 72 682 695 737 22 76 205 254 497 211 518 93 164 542 200 548 365 555 539 620 607 739 660 433 432 615 82 547 515 751 497 551 716 179 209
507 146 274 408 255 26 319 418 211 244 126 128 410 401 303 213 277 506 165 236 166 375 100 256 315 69 146 200 530 347 258 397 436 210 86 380 209 400 59 101 329 351 143 121 206 210 223 224 420 285 314 332 325 283 98 128 17 302 311 150 221 113 383 123 82 385 79 88 101 124 392 97 161 332 340 178 95 241 260 249 214 252 389 505 66 67 296 244 213 436 211 338 294 158 151 85 332 165 161 135 77 277 513 445 213 192 283 278 227 125 219 237 286 286 301 452 188 174 174 154 33 511 416 192 193 328 263 556 478 52 371 183 80 337 90 288 298 367 217 163 206 432 504 407 435 411 49 379 268 49 274 182 419 402 83 288 249 553 346 127 143 72 501 179 108 199 398 118 125 180 77 214 541 383 569 321 397 56 507 250 399 207 347 375 98 90 47 334 109 19 483 202 402 408 387 525 207 144 216 510 412 396 49 548 239 446 135 421 404 516 238 419 318 359 164 486 519 382 74 315 367 144 185 131 135 403 243 488 120 419 451 303 174 168 247 163 127 494 249 507 110 210 272 326 84 395 315 302 173 261 260 141 495 160 102 542 403 303 457 363 328 294 430 130 256 302 106 108 242 338 326 359 122 159 214 393 291 399 271 266 192 168 345 216 347 55 209 101 502 69 172 131 422 115 193 6 272 314 101 313 76 234 362 120 61 322 160 166 159 235 371 120 446 352 250 294 242 330 353 516 353 409 329 38 289 453 237 373 173 311 124 102 378 67 101 408 407 332 171 220 25 399 42 203 114 208 350 36 134 217 129 417 250 396 107 306 239 351 169 43 377 190 489 293 65 505 158 218 50 394 133 345 211 147 89 126 124 446 154 531 178 110 430 456 90 309 493 133 171 103 301 320 506 405 311 522 243 109 145 221 200 462 251 128 545 228 260 71 171 434 304 227 68 46 265 527 341 122 172 429 356 227 333 188 289 31 106 355 249 500 188 66 54 381 202 285 401 334 448 48 91 127 143 456 376 85 248 100 531 337 176 535 482 541 210 76 555 408 326 358 343 330 0 117 86 275 364 369 415 310 269 534 97 168 297 190 402 167 217 523 218 100 244 238 290 277 422 330 104 160 289 405 221 189 428 168 268 386 500 127
390 50 382 291 372 129 221 535 326 361 189 223 313 287 420 149 160 390 276 120 268 492 74 140 429 97 90 194 418 230 374 280 553 327 181 266 98 282 114 131 446 468 252 238 239 175 277 323 532 168 200 216 439 177 55 232 100 419 197 255 336 230 498 107 180 270 174 195 132 240 509 35 54 446 233 140 212 124 187 154 331 135 507 388 171 82 409 362 113 321 317 227 190 44 44 201 449 282 53 197 192 162 396 328 96 253 392 394 345 226 107 346 403 170 415 559 294 83 57 267 86 393 303 75 82 224 377 439 362 80 270 298 111 453 81 394 183 261 334 215 323 315 392 524 551 294 163 496 385 76 156 110 536 519 45 405 347 436 232 205 197 120 387 293 225 299 515 235 16 84 189 330 424 280 456 208 280 114 390 142 515 322 460 492 199 201 145 218 101 133 366 85 286 291 281 410 254 58 126 393 301 279 155 431 127 561 252 534 289 402 350 528 206 252 214 371 402 491 136 431 254 141 301 248 243 520 127 374 225 536 334 412 288 286 362 271 240 378 366 390 225 134 389 209 74 282 430 417 108 151 149 254 380 270 189 431 287 420 342 249 444 404 313 48 139 417 189 78 343 225 443 242 225 44 331 277 404 282 155 372 98 62 232 316 234 78 120 88 398 104 289 20 304 85 308 115 159 197 59 431 183 144 478 236 109 436 78 277 76 122 256 6 561 236 367 411 144 448 470 401 469 293 446 135 177 336 321 263 225 206 19 18 261 76 217 292 524 217 71 129 99 516 118 317 40 324 241 133 223 117 246 534 134 280 119 423 341 453 286 79 493 301 372 393 177 392 275 321 103 279 249 229 99 39 206 237 179 332 59 421 164 122 546 341 102 426 382 93 283 39 406 204 390 519 425 405 352 219 28 323 88 573 135 72 428 343 158 185 65 318 187 344 80 83 285 410 234 234 245 315 470 344 216 305 178 135 39 470 138 389 303 153 80 493 94 231 300 218 330 134 198 141 86 338 493 163 141 216 432 221 71 418 368 426 320 192 438 524 443 250 457 213 117 0 198 159 476 483 529 193 153 417 67 284 222 306 288 52 332 406 336 167 349 337 407 394 534 447 220 243 403 288 335 304 543 284 362 503 385 26
586 216 232 487 187 93 405 340 128 178 170 59 497 471 226 296 357 581 132 318 151 296 185 332 260 117 198 270 615 427 178 477 363 135 42 463 281 477 96 173 262 284 57 53 255 289 178 206 334 362 398 405 241 348 184 121 103 230 394 65 168 63 300 204 36 468 43 93 120 50 317 171 245 275 403 259 33 319 345 336 149 332 316 584 30 126 242 169 299 519 181 423 380 234 225 16 262 93 245 104 66 350 593 524 292 224 242 197 159 125 303 150 218 360 246 408 162 260 252 117 119 588 500 271 267 414 179 635 560 120 457 101 157 257 175 252 371 453 141 207 140 507 589 333 367 487 67 311 203 122 353 268 350 334 157 212 230 627 417 82 189 145 570 96 66 182 321 73 208 266 9 149 619 469 653 391 471 131 586 317 319 152 262 306 31 5 55 409 190 68 564 282 475 489 473 608 247 210 302 590 478 476 86 623 323 363 61 336 487 600 191 372 387 444 209 558 600 335 87 252 451 166 131 59 114 325 320 571 39 352 530 217 130 101 187 78 42 567 173 582 30 295 194 407 169 479 232 244 223 346 330 101 578 74 131 608 485 226 540 446 248 249 506 216 335 243 138 192 218 422 254 439 43 241 139 475 206 479 346 231 255 253 415 132 431 141 295 150 588 112 101 208 501 166 111 86 356 394 187 242 88 320 283 73 139 268 221 80 222 319 454 199 383 434 188 228 303 259 275 599 274 483 256 98 374 531 239 440 214 375 200 181 458 130 63 489 328 405 257 279 99 326 116 150 199 128 435 66 70 280 67 348 332 470 137 239 215 318 101 129 312 149 568 209 21 589 99 191 101 477 86 427 283 231 35 102 175 530 222 616 253 186 367 528 170 232 578 182 132 188 215 395 580 344 227 602 157 93 226 137 273 409 333 214 620 172 346 17 256 509 382 158 128 132 242 601 427 37 195 512 272 150 413 127 358 63 177 272 333 565 105 59 121 330 287 314 487 415 524 111 93 198 197 535 305 68 315 63 617 419 246 615 565 624 124 19 634 340 256 444 286 410 86 198 0 350 311 285 355 391 345 611 183 89 381 129 486 250 163 597 149 84 158 154 213 204 368 256 30 175 205 481 137 137 368 87 254 313 583 202
238 135 540 140 529 288 174 690 478 519 337 362 245 130 575 210 38 232 434 63 425 646 217 19 588 236 170 300 295 86 528 132 710 483 325 141 71 128 257 275 604 626 400 394 364 258 378 478 678 20 100 58 589 64 202 390 258 577 100 401 494 388 649 237 326 139 319 354 254 395 665 180 135 605 97 236 368 37 212 152 489 42 664 238 321 224 568 517 132 186 475 132 142 117 125 355 606 438 132 318 350 15 248 176 67 394 550 547 502 383 99 491 561 11 574 715 452 154 102 426 244 238 183 86 84 156 528 286 223 230 201 451 261 607 228 551 27 179 489 354 481 157 266 681 710 137 322 654 543 230 34 185 694 677 194 561 502 278 76 335 340 272 230 445 383 455 671 393 155 147 341 488 269 200 327 57 122 270 238 56 669 481 608 650 344 352 295 59 239 289 222 77 127 150 192 272 387 143 158 243 150 134 314 273 92 712 407 681 159 270 509 686 58 166 352 212 256 649 274 590 136 233 459 404 402 675 33 241 370 694 181 556 447 443 521 417 392 219 522 232 379 187 544 75 224 162 581 576 157 104 38 413 241 419 344 275 152 576 211 129 598 563 156 171 31 576 343 216 499 120 601 98 370 124 487 139 552 137 5 529 109 133 78 455 127 236 160 208 301 242 446 144 154 195 460 272 86 62 203 588 342 163 633 395 264 595 139 426 137 90 124 156 720 106 525 569 88 605 624 261 624 134 603 294 97 181 469 113 364 80 151 173 115 220 375 155 678 59 140 106 254 673 276 476 180 478 153 284 359 90 403 692 62 121 235 581 497 608 443 238 652 460 221 527 330 265 433 478 249 152 408 96 68 142 363 396 325 206 130 301 272 261 705 182 248 581 264 186 441 188 546 45 231 678 576 256 497 378 133 462 78 732 67 195 270 502 133 339 130 159 38 502 222 242 352 252 151 385 392 185 620 499 75 463 42 288 173 621 97 234 455 297 229 651 114 215 222 84 174 292 357 276 168 189 650 301 59 374 345 100 106 268 235 285 466 347 287 682 601 161 615 72 275 159 350 0 635 632 688 62 6 261 212 438 231 465 165 117 491 248 493 298 490 472 563 551 693 604 375 394 553 131 486 463 702 437 514 660 250 149
857 510 98 760 134 347 629 168 222 139 317 340 707 763 150 501 631 864 201 587 213 170 425 616 51 421 504 417 853 699 184 748 139 190 351 719 572 755 402 374 85 77 289 258 350 464 442 173 263 642 653 692 206 647 436 246 380 118 649 300 144 255 203 418 346 727 354 281 430 262 136 461 506 40 703 454 282 599 545 566 164 606 122 853 340 427 69 169 543 776 163 669 615 519 514 299 97 220 508 403 287 638 859 796 570 293 90 178 159 254 561 261 114 646 64 104 185 504 533 210 392 864 748 549 556 648 213 906 818 414 679 232 380 167 413 98 659 685 190 321 174 790 832 135 109 768 315 84 116 412 628 492 106 92 447 150 157 910 708 377 323 367 863 241 258 188 152 248 480 512 318 164 893 695 894 684 756 366 857 614 186 159 227 90 334 311 360 693 410 354 827 559 762 754 704 861 319 507 533 858 775 744 321 905 580 234 252 258 743 848 126 66 681 680 325 847 862 36 397 71 705 477 181 252 233 160 602 823 316 96 804 259 190 210 124 289 281 853 168 864 282 512 163 676 414 730 196 70 531 596 623 223 834 277 295 906 745 151 793 702 170 74 786 470 613 70 298 428 152 674 112 710 320 512 187 739 226 748 630 114 556 512 708 307 682 399 526 456 805 418 213 492 772 471 229 368 613 665 436 114 293 546 159 246 373 43 522 270 522 578 715 480 94 698 126 98 605 108 154 854 154 768 113 341 627 807 216 737 316 675 486 463 728 428 264 751 175 693 510 583 388 121 359 163 458 213 675 366 352 580 245 104 599 756 447 95 152 92 211 398 65 175 838 319 324 834 212 163 403 733 232 693 573 496 284 239 331 779 518 851 424 391 87 816 395 145 815 489 194 449 287 680 865 55 199 868 262 257 501 302 563 99 599 453 901 139 585 314 515 793 660 160 428 393 523 884 666 288 274 766 213 185 684 184 652 360 470 200 587 863 233 370 416 20 543 624 707 683 803 343 278 385 502 804 101 378 612 265 819 680 539 883 817 879 263 304 903 89 100 682 28 682 364 476 311 635 0 220 60 661 629 887 428 233 571 182 738 520 149 880 168 392 285 315 151 135 58 122 281 260 209 761 224 176 74 238 164 119 835 490
870 497 245 771 157 368 685 92 158 167 397 273 774 747 93 567 641 861 267 603 301 55 462 615 196 396 470 512 899 711 116 761 141 169 308 748 562 760 376 432 139 143 232 252 465 546 321 304 56 646 682 686 45 622 465 310 386 121 679 232 212 267 27 472 306 753 314 323 383 247 99 455 530 189 675 523 276 602 615 615 187 616 112 868 312 408 204 139 582 804 272 707 661 518 508 284 125 211 530 328 310 630 878 808 576 411 247 98 170 321 587 144 140 642 197 310 279 542 537 263 402 870 784 555 549 696 106 919 845 405 737 187 425 57 451 266 652 735 160 421 188 788 873 113 173 769 333 144 160 407 637 544 156 153 441 105 307 907 695 305 412 411 844 190 276 301 88 268 493 548 294 188 901 750 938 669 752 402 869 594 57 213 26 136 288 282 338 690 460 352 849 566 755 774 755 893 441 490 581 874 750 761 349 903 608 80 236 55 772 885 226 274 664 727 424 835 884 255 359 163 736 419 224 240 292 84 603 856 262 167 813 87 247 214 187 216 243 846 134 862 259 570 112 692 447 764 56 182 492 630 609 265 863 214 359 879 770 91 825 731 59 234 788 498 619 180 365 469 293 707 113 724 263 526 166 760 80 764 629 263 531 537 693 189 716 421 574 425 868 391 205 493 785 440 176 370 641 679 467 117 330 598 62 266 410 202 497 207 499 604 739 484 212 719 176 150 576 115 66 884 66 763 110 368 658 813 362 713 421 647 485 466 742 413 283 774 75 685 540 550 384 120 388 219 482 162 718 350 278 556 249 156 617 750 403 142 290 302 211 412 162 249 852 147 306 874 231 282 384 762 258 712 564 515 282 288 408 814 503 900 505 449 194 806 440 92 862 453 257 471 111 676 859 199 59 887 138 301 511 181 555 273 618 493 900 202 628 299 540 789 666 169 410 413 402 881 710 249 382 797 13 150 697 209 636 348 460 21 618 836 181 335 405 234 571 547 767 700 806 377 321 453 470 819 125 332 592 284 894 704 527 899 850 909 167 293 918 161 125 727 197 695 369 483 285 632 220 0 209 676 627 894 462 203 649 209 771 535 211 877 174 338 152 179 103 129 243 101 265 359 80 763 148 225 211 202 329 113 868 486
912 560 156 815 170 400 688 136 252 177 375 378 766 815 162 559 685 918 254 642 270 154 481 669 100 468 551 477 911 754 207 803 95 225 393 776 624 809 449 431 100 80 326 303 410 523 471 232 241 696 710 745 208 697 491 301 431 137 706 336 194 303 187 475 389 783 397 335 474 305 112 512 561 82 753 512 328 653 604 624 206 660 98 909 385 475 121 198 600 833 221 727 673 571 566 344 107 262 563 441 338 690 916 851 623 353 149 196 197 310 617 283 142 699 114 102 242 561 586 262 444 919 805 603 608 706 231 961 874 464 738 267 436 165 468 157 712 743 224 381 215 843 890 103 57 822 366 66 153 462 682 549 62 57 498 168 217 964 760 415 382 422 915 276 307 247 127 297 533 568 363 206 948 754 952 735 809 420 913 664 163 207 223 74 375 355 406 746 467 403 883 613 815 810 763 919 379 557 590 914 826 800 374 959 636 203 294 236 800 906 179 72 733 738 384 900 919 73 442 103 761 519 229 296 287 133 656 880 355 50 859 266 241 254 169 323 321 907 196 918 326 570 184 731 469 787 201 112 577 653 675 275 891 312 352 957 802 163 850 758 171 133 840 525 666 113 355 484 212 731 121 765 359 566 222 795 236 803 683 173 605 567 760 332 739 453 583 503 864 465 254 545 828 519 262 418 669 720 491 129 346 604 148 295 428 94 571 304 572 634 771 532 35 754 167 128 654 116 147 911 147 822 121 394 684 862 275 788 376 725 538 515 784 477 314 807 148 746 565 631 437 92 413 212 512 245 733 414 388 630 291 61 655 809 492 120 212 143 254 450 52 228 894 330 370 892 258 222 451 790 281 748 625 550 331 292 389 836 568 910 483 448 30 869 451 155 874 536 247 503 295 733 918 11 205 925 282 310 555 326 614 66 654 509 955 186 642 360 570 846 714 198 477 446 553 938 724 328 334 823 205 216 739 229 703 408 521 193 644 914 267 414 465 54 598 665 766 738 857 397 332 443 550 860 84 421 662 315 878 736 590 939 874 937 289 350 959 50 112 740 73 737 415 529 355 688 60 209 0 716 682 942 483 272 631 227 795 574 197 934 207 434 304 336 167 161 36 128 325 319 220 815 252 225 15 275 224 96 892 541
197 182 565 99 564 319 125 729 519 553 352 409 186 133 613 197 35 207 462 74 448 685 236 71 616 281 224 294 236 38 568 88 745 520 370 81 124 95 302 291 637 658 444 431 365 247 435 497 723 42 44 70 632 122 224 415 293 612 46 446 524 422 691 249 370 80 363 382 305 433 702 221 154 634 136 233 405 77 185 128 522 60 699 194 363 268 595 555 126 130 498 73 100 158 170 394 641 475 153 371 382 75 203 135 99 402 573 587 537 407 100 536 595 59 602 736 476 160 139 455 278 203 122 120 133 103 570 246 170 271 144 491 281 647 248 573 68 120 527 363 515 134 208 717 742 111 354 686 576 269 39 183 727 709 234 598 520 250 92 385 352 294 221 486 416 476 708 426 185 152 381 522 232 140 270 91 105 295 197 118 709 512 652 684 389 394 337 60 253 326 173 109 116 98 131 219 391 192 147 200 162 85 344 245 83 754 445 726 101 214 536 708 97 107 361 197 209 672 321 621 74 289 491 442 429 713 77 185 415 726 143 602 476 478 552 461 433 198 559 205 419 175 582 16 246 101 623 606 215 78 100 444 188 462 366 270 96 614 154 67 638 587 127 191 59 606 364 233 519 59 636 49 415 152 524 85 596 89 62 552 167 149 98 503 66 264 152 258 239 288 482 183 112 246 501 308 56 5 225 623 370 145 672 428 288 622 193 469 190 85 65 192 749 46 557 602 150 640 663 209 663 119 638 323 54 147 481 134 372 129 191 210 68 264 408 100 718 75 152 168 293 708 304 507 204 518 93 325 408 150 438 725 61 108 286 614 517 626 479 270 683 488 179 577 370 207 467 500 292 92 440 37 121 166 400 424 339 147 179 241 270 274 735 168 267 619 204 239 469 213 594 59 209 707 618 212 543 406 166 510 128 756 62 209 241 533 104 378 146 138 30 537 266 272 412 226 93 427 405 127 663 538 24 496 96 328 216 663 80 234 496 342 271 676 119 276 162 25 143 319 385 286 222 145 684 349 121 408 283 38 156 225 179 234 511 386 245 714 635 101 643 22 310 193 391 62 661 676 716 0 65 226 233 477 196 498 104 143 521 222 528 348 537 522 600 587 718 640 414 410 596 103 528 494 730 477 529 696 195 190
243 129 535 145 524 282 174 685 472 514 332 357 246 136 569 206 38 237 429 59 420 640 212 13 583 231 165 295 299 90 523 137 705 477 319 145 65 133 251 270 598 620 395 389 359 254 374 473 673 23 101 63 584 64 196 385 252 571 101 395 489 382 644 232 321 142 313 348 249 390 660 174 130 600 101 231 362 32 209 150 483 39 658 243 316 219 562 512 129 190 469 134 142 112 120 350 601 433 127 313 345 17 253 181 61 389 544 542 496 378 95 485 556 16 568 710 446 149 96 420 239 243 186 80 78 156 522 292 228 225 202 445 256 602 222 546 32 181 484 349 475 162 270 676 704 142 316 648 537 224 34 181 689 671 188 555 497 283 81 330 335 267 235 440 377 450 665 387 150 142 335 483 275 202 331 61 127 265 243 54 663 476 603 645 339 347 290 64 234 283 227 72 133 155 194 276 382 138 154 248 154 139 308 279 89 706 402 675 163 274 504 680 62 168 347 218 261 644 269 584 139 228 454 399 396 670 27 245 365 688 186 551 441 437 516 411 386 225 516 238 373 183 538 78 218 165 575 570 152 102 36 408 246 413 339 280 156 570 215 132 592 557 162 166 27 570 338 211 493 122 595 103 364 119 481 143 547 142 3 524 104 128 82 449 130 230 157 203 303 236 440 138 159 190 455 266 85 65 198 582 336 160 627 389 258 589 134 421 132 87 128 150 714 109 520 564 85 599 619 266 619 140 598 288 97 186 464 118 359 82 146 167 120 215 370 159 673 65 135 103 249 668 271 471 175 472 154 279 354 86 398 687 60 127 230 576 491 602 438 232 647 455 226 522 325 269 428 473 244 156 402 99 63 137 358 390 320 210 124 304 268 256 699 187 243 576 268 181 436 182 541 51 237 673 571 262 492 372 128 457 72 726 65 190 276 497 131 334 125 165 42 496 217 236 348 257 152 380 387 189 615 494 79 457 44 283 167 616 95 239 450 292 224 646 110 213 224 88 180 287 351 271 163 194 645 296 56 369 348 102 100 273 240 290 461 342 292 677 595 163 610 76 269 153 345 6 629 627 682 65 0 267 207 433 230 459 168 112 485 253 487 293 484 467 557 545 687 598 370 389 548 136 481 458 696 432 509 655 255 143
37 396 790 126 788 544 291 951 739 777 576 622 272 161 836 407 257 52 687 300 674 907 462 279 842 497 427 506 158 188 789 139 970 743 586 178 331 134 518 515 862 884 662 654 579 455 625 722 939 249 238 209 850 280 450 641 516 836 242 662 750 646 911 472 587 167 580 607 513 656 925 440 380 860 240 449 628 293 378 334 747 282 923 46 582 486 821 778 347 129 724 231 289 377 386 616 865 698 379 575 607 263 51 91 321 621 799 808 761 633 326 752 820 251 828 960 701 384 360 681 502 23 167 342 345 264 789 33 100 491 263 712 507 868 474 798 242 241 750 584 740 108 143 941 967 125 579 912 801 490 261 402 952 935 454 821 744 42 203 594 574 520 111 707 641 702 931 651 410 376 602 747 10 245 153 229 143 521 35 302 930 737 869 909 605 614 557 204 478 548 79 332 143 137 229 100 608 404 362 44 177 144 569 37 307 973 668 942 156 121 762 933 235 237 581 88 63 898 535 846 193 486 716 664 654 936 291 118 632 951 83 817 702 702 778 678 653 68 782 43 640 389 805 211 472 176 842 831 409 294 286 669 96 680 592 138 149 836 128 194 859 813 105 417 277 831 589 459 744 221 860 177 631 376 747 152 813 140 265 777 365 375 207 714 215 490 369 469 230 503 706 404 114 455 722 531 275 222 450 847 596 354 894 652 514 848 398 687 396 309 176 414 975 191 782 827 326 864 885 94 885 134 863 548 263 81 703 200 593 261 411 432 158 482 633 143 939 210 377 351 514 932 530 732 430 739 235 545 619 341 662 950 287 146 493 839 742 850 703 494 909 714 54 784 591 137 692 726 511 166 665 195 329 392 623 650 562 145 391 170 486 499 960 106 492 842 165 444 695 439 806 218 59 933 838 47 758 632 389 722 339 981 288 434 32 758 312 600 372 108 229 761 484 497 582 42 244 647 627 143 881 760 203 721 261 549 434 882 301 142 716 558 490 902 344 415 251 204 87 545 610 509 426 85 909 562 305 632 276 209 367 38 120 91 727 608 40 940 860 232 869 205 534 417 611 261 887 894 942 226 267 0 459 699 372 723 167 368 747 41 752 558 750 731 823 811 944 864 636 634 815 131 748 719 956 698 752 920 112 409
429 117 332 332 335 94 224 504 304 324 125 224 314 342 389 117 204 438 229 160 216 463 7 194 384 120 150 133 439 271 348 320 517 297 180 295 161 327 128 65 407 428 240 210 171 125 304 267 514 217 228 269 417 240 12 182 83 384 224 247 293 197 474 43 177 301 173 150 161 215 475 83 79 401 295 89 186 175 164 154 294 179 471 426 163 106 362 331 121 351 265 248 200 108 111 180 412 253 81 217 155 218 433 368 146 187 341 367 310 174 134 333 366 223 369 504 243 81 115 223 67 436 327 127 145 235 357 478 393 93 276 275 49 426 16 340 238 273 306 148 288 363 415 490 511 341 129 456 346 85 201 85 496 479 80 375 290 482 287 216 132 61 442 272 190 244 483 199 61 87 174 294 465 289 479 266 330 63 429 206 488 281 441 454 194 187 141 269 34 116 401 135 337 327 294 439 187 123 119 431 360 317 115 477 154 537 226 515 319 429 304 476 265 266 147 423 437 440 151 389 281 186 261 222 196 489 180 401 217 495 376 399 244 253 321 260 223 427 336 437 205 113 360 248 15 308 406 374 172 172 209 213 410 257 133 487 319 390 370 277 417 354 359 42 187 374 132 14 287 251 408 282 219 88 301 312 386 320 207 319 165 84 289 313 259 42 112 130 407 125 259 87 345 134 286 99 187 237 9 395 139 137 449 200 55 389 144 262 142 151 289 73 516 271 327 372 211 412 440 431 440 343 411 95 202 380 258 322 159 268 86 68 301 100 182 325 495 271 83 196 94 480 74 275 32 300 258 128 228 184 215 495 172 331 155 385 286 396 255 56 452 255 411 390 162 416 240 268 114 308 212 265 161 70 180 193 114 358 126 439 104 55 503 392 37 395 402 148 237 28 398 257 438 474 403 442 340 175 82 318 150 523 171 31 473 302 167 167 87 367 234 310 105 51 328 457 249 219 181 343 449 316 256 268 238 126 93 447 162 446 281 156 94 443 116 296 306 255 375 88 153 74 146 377 455 172 205 181 434 254 137 456 395 456 307 171 476 483 406 267 411 254 97 67 183 212 428 462 483 233 207 459 0 259 200 269 316 95 290 453 301 182 341 335 377 360 485 413 198 182 382 334 314 263 498 260 302 468 413 92
673 305 170 575 102 165 483 252 45 95 207 107 572 559 137 366 444 669 102 404 136 208 260 420 182 206 286 319 697 514 90 564 274 47 123 548 370 565 185 232 175 197 57 49 285 349 216 173 255 450 482 494 158 437 263 126 185 142 478 69 100 68 215 271 119 553 127 126 205 44 228 259 328 195 492 323 74 406 414 413 70 418 227 671 119 215 168 80 379 604 140 505 459 322 313 83 174 21 329 170 109 438 680 611 379 239 179 110 75 136 386 89 131 449 170 335 130 339 339 89 201 676 583 358 355 494 98 723 645 208 535 18 223 169 248 194 460 532 52 237 60 595 672 244 280 575 130 224 119 209 440 341 262 246 245 123 191 716 505 144 224 210 659 21 77 155 232 71 293 345 98 70 707 548 736 480 560 199 673 406 232 86 182 219 104 87 144 497 258 151 650 369 564 575 553 693 267 299 378 677 566 563 147 712 407 278 33 256 572 684 128 297 476 525 240 647 686 261 174 169 535 249 72 38 109 237 408 656 83 265 617 148 87 34 110 60 50 656 84 670 60 368 106 493 245 563 147 164 311 428 419 81 663 47 166 697 570 137 624 531 160 181 595 296 422 163 173 266 177 506 166 526 87 327 51 561 128 566 435 175 344 335 504 103 514 219 371 238 666 201 25 296 588 254 28 169 440 481 265 153 131 396 195 70 208 191 310 42 311 403 539 286 298 520 107 144 392 170 186 684 186 571 168 166 457 618 223 529 240 464 288 267 545 219 83 575 240 494 338 367 185 237 186 87 280 41 516 154 119 369 49 261 418 559 223 153 173 258 31 210 227 103 656 163 108 673 49 152 190 562 67 513 372 314 80 100 216 613 311 698 309 249 281 616 238 143 660 270 95 270 155 483 668 261 143 689 95 108 312 103 361 330 419 290 708 100 426 99 339 597 470 74 217 211 293 690 508 57 208 597 189 61 500 58 447 150 266 188 416 654 24 147 209 253 370 394 565 502 612 175 124 255 285 622 217 151 404 84 691 504 335 702 650 709 67 92 722 253 168 525 207 497 168 284 89 438 233 203 272 477 433 699 259 0 449 60 570 335 95 686 65 163 108 122 125 116 289 167 64 185 123 569 57 78 284 6 218 224 667 290
336 254 475 264 508 288 82 679 494 496 260 424 136 327 569 84 196 374 393 176 367 643 197 223 536 312 306 155 290 221 533 250 683 481 380 197 241 272 325 217 573 591 438 400 227 108 497 399 703 218 156 264 605 293 202 345 283 557 153 446 458 382 658 178 378 210 374 326 351 406 647 256 171 554 326 126 378 209 37 83 469 192 641 328 363 297 515 513 120 243 413 146 97 225 239 376 580 438 174 413 340 246 330 289 198 280 482 552 486 334 147 529 537 236 523 625 394 139 211 392 267 355 206 201 235 110 546 379 279 288 116 466 226 607 207 475 252 132 490 250 465 313 274 659 669 290 320 618 515 281 198 117 658 640 262 554 416 408 288 415 250 239 405 465 374 385 658 381 206 139 373 469 374 135 332 281 293 251 337 271 668 449 631 618 394 385 341 256 191 315 296 197 305 240 148 313 258 267 98 332 357 241 302 402 143 720 416 704 217 295 460 605 285 135 247 376 326 573 348 551 182 362 432 412 362 664 215 275 417 653 299 594 412 436 487 458 419 371 518 369 400 89 541 201 213 196 593 531 314 128 259 387 292 454 293 455 225 570 250 184 599 498 301 180 203 532 287 189 420 160 580 224 419 191 484 227 577 244 227 458 278 165 293 512 163 242 102 310 234 319 444 230 270 307 477 299 147 200 198 568 319 81 628 383 243 540 282 458 278 147 206 226 665 199 496 539 296 582 618 309 618 306 583 285 142 309 363 330 256 311 236 238 235 291 367 231 672 269 153 299 294 648 266 443 195 489 138 328 428 279 401 656 170 298 340 552 419 514 438 257 610 417 318 589 361 277 419 410 311 207 391 202 239 185 372 364 247 233 259 286 149 200 655 352 211 573 254 313 402 205 595 253 378 624 590 338 536 349 206 517 236 656 165 170 397 467 99 364 163 318 220 487 295 251 506 388 130 415 297 230 636 499 211 444 273 326 261 632 135 423 472 356 289 583 145 421 140 200 311 275 328 197 302 290 622 371 271 366 249 183 249 353 269 332 502 367 372 643 575 140 561 211 297 222 381 231 571 649 631 196 230 372 200 449 0 445 205 186 456 384 479 380 538 534 556 536 624 587 391 312 571 283 505 433 645 451 416 637 286 241
695 335 111 597 66 179 488 236 80 55 189 163 574 590 124 364 466 696 60 424 95 198 268 446 131 241 324 304 708 535 94 585 248 45 169 564 399 589 222 229 139 161 114 76 257 340 275 119 264 474 497 522 167 470 276 102 207 115 493 128 41 77 214 272 164 570 172 121 249 80 206 286 345 146 527 319 101 431 413 420 25 440 202 692 158 248 114 70 390 620 84 518 468 348 341 117 143 42 346 224 116 466 700 633 402 205 120 111 41 112 402 133 97 475 117 280 80 350 364 54 221 700 597 381 383 502 118 744 662 238 540 69 226 163 256 134 488 540 55 212 21 621 684 220 245 600 144 189 78 237 462 346 229 212 272 109 134 742 535 198 204 212 690 77 82 105 215 72 313 356 137 25 730 554 748 510 586 206 695 438 223 26 194 186 152 130 179 524 261 177 669 391 592 594 561 708 235 331 385 698 600 583 155 738 422 275 70 264 588 698 68 244 507 534 215 676 705 207 215 126 550 295 17 70 84 221 433 670 137 229 640 177 39 30 59 120 101 684 74 697 101 370 97 514 255 577 153 115 350 441 449 58 679 107 152 731 588 125 639 546 155 124 619 310 445 115 158 273 120 520 139 547 142 346 47 580 149 586 461 115 378 351 535 160 528 234 378 276 670 238 36 321 610 291 73 193 455 502 277 126 130 401 183 70 214 139 344 102 345 419 557 309 257 538 61 105 427 143 174 700 173 599 142 175 471 642 173 562 213 498 314 292 566 250 89 593 228 522 351 404 212 211 195 27 295 69 527 187 175 403 64 228 437 586 265 117 116 199 31 228 188 49 677 209 143 685 32 96 224 577 58 532 400 332 104 81 201 627 342 707 299 247 241 646 242 128 670 309 50 285 193 510 696 217 151 709 138 97 333 158 390 280 437 298 734 44 435 133 354 624 494 42 250 226 352 716 518 108 175 612 196 62 521 2 478 181 295 190 431 688 73 188 239 201 384 443 569 521 637 181 118 248 323 643 187 196 436 90 692 522 365 723 664 725 118 123 742 218 137 535 158 518 190 306 129 465 182 209 227 498 459 723 269 60 445 0 585 355 36 712 35 211 156 177 111 92 239 144 99 152 138 594 91 21 241 66 161 199 682 317
131 284 641 75 651 407 125 819 613 639 422 509 123 166 704 245 138 172 543 170 526 777 317 175 697 381 328 343 132 83 660 66 832 611 468 24 228 93 401 365 722 743 541 522 417 292 540 570 820 145 89 144 727 217 309 495 385 700 92 544 608 511 785 321 468 28 462 465 407 526 791 319 242 715 211 290 497 180 213 174 609 161 787 124 460 367 675 645 196 39 575 69 126 258 270 487 727 566 241 473 470 175 126 88 200 462 649 680 625 486 184 634 682 159 683 805 553 236 238 538 369 149 18 219 236 98 665 175 79 368 100 585 361 739 329 646 162 76 619 426 603 126 104 805 826 109 443 771 662 365 143 247 812 794 331 689 590 203 159 487 419 374 214 581 504 551 798 514 278 229 477 609 169 84 168 173 124 379 132 220 801 596 748 769 487 489 434 133 329 419 92 209 136 43 68 124 446 295 206 128 200 55 430 197 163 848 537 822 14 114 617 781 180 70 423 182 126 746 421 704 35 393 576 533 510 804 181 86 513 810 98 700 559 568 637 559 528 172 650 166 512 229 673 90 330 9 717 688 319 144 202 528 96 559 444 262 27 705 55 40 730 664 111 275 163 688 440 312 591 65 724 73 513 245 614 39 692 57 165 626 271 235 166 603 56 352 213 360 141 387 573 281 74 348 595 401 130 103 308 711 455 195 763 515 371 702 297 565 294 167 41 288 829 59 643 687 252 727 754 116 754 132 726 409 113 110 545 190 434 215 289 306 65 362 497 31 809 149 233 271 387 795 390 591 290 611 69 421 509 254 528 810 155 131 389 700 590 694 569 360 767 569 113 678 465 104 555 576 390 14 527 69 225 256 491 508 409 44 282 137 325 347 816 165 345 709 100 343 552 301 694 142 178 787 713 135 641 490 261 610 232 830 153 287 192 617 154 472 232 132 128 625 365 360 516 185 78 522 471 28 758 629 91 583 191 423 316 757 154 238 590 440 368 753 201 373 97 81 115 404 468 354 326 85 771 449 223 496 189 69 259 150 80 141 608 479 170 798 722 65 723 93 402 288 486 165 738 771 795 104 168 167 316 570 205 585 0 236 605 181 617 449 636 622 691 675 794 729 507 481 691 105 623 579 810 570 596 783 97 289
340 68 425 242 420 176 172 586 377 409 220 275 264 248 470 126 111 345 320 69 309 543 100 99 474 148 120 196 366 181 425 231 602 377 233 214 74 235 166 158 494 515 305 288 253 164 323 361 584 122 148 175 491 151 84 275 150 469 145 308 382 279 549 122 233 218 226 239 180 291 559 85 22 492 203 134 262 81 153 110 379 86 556 338 223 133 454 412 68 269 359 175 141 40 53 252 497 332 18 246 239 124 346 278 51 278 434 445 394 267 56 398 452 128 460 599 336 54 29 312 135 345 250 34 61 173 429 390 310 132 220 349 144 504 110 434 144 210 385 239 372 270 339 574 599 248 211 543 433 129 108 89 584 566 97 456 385 390 193 256 224 155 347 345 273 339 565 283 42 51 241 379 375 229 404 172 236 154 340 118 567 369 512 540 251 253 198 174 122 184 315 41 243 240 230 358 274 81 88 343 266 228 201 385 75 613 303 586 237 350 395 570 171 200 237 328 351 533 188 478 201 181 348 299 287 570 85 321 277 583 285 465 333 335 409 323 292 333 416 344 277 106 439 159 107 230 481 463 128 99 118 301 328 323 227 392 235 471 290 196 495 447 266 54 93 463 226 99 382 173 493 192 277 9 381 226 456 232 113 413 98 25 194 369 182 121 85 134 347 155 339 49 255 127 360 166 106 147 86 480 228 105 529 285 147 481 96 329 92 70 204 53 607 185 414 459 131 497 520 349 520 249 495 180 125 288 352 228 249 178 57 70 211 128 265 240 575 176 37 124 151 565 162 364 63 376 189 185 275 106 295 582 83 237 165 471 380 491 336 126 541 346 322 445 229 340 324 362 155 227 297 178 73 25 257 282 208 280 73 368 167 144 592 298 131 476 330 129 327 71 459 162 345 565 477 355 405 264 25 375 65 616 83 80 381 390 109 236 25 273 140 394 131 129 323 364 182 286 275 262 522 395 166 353 145 187 85 522 86 351 354 205 132 536 45 242 249 167 283 177 243 161 116 289 541 215 117 264 382 169 66 368 316 374 372 243 388 572 492 199 502 164 167 52 250 117 520 535 574 143 112 368 95 335 186 355 236 0 378 360 385 218 401 389 457 444 578 497 271 276 455 241 387 351 588 335 397 553 333 60
718 363 75 620 55 203 504 224 107 44 196 199 587 618 120 378 490 722 63 447 92 191 288 472 99 273 355 309 725 559 105 609 229 68 204 585 426 613 253 243 118 138 150 110 256 349 311 97 267 499 518 548 172 499 297 112 234 102 514 164 5 106 212 287 199 591 206 140 282 115 191 314 367 115 556 332 133 456 425 437 32 465 185 715 192 278 80 78 409 641 62 537 485 374 368 151 124 78 368 260 140 493 722 657 427 201 84 117 46 122 424 160 82 502 85 245 68 369 389 67 247 724 616 406 410 519 134 767 683 267 555 102 244 159 276 99 515 557 76 214 40 647 702 204 221 626 169 166 59 265 486 362 207 189 300 106 107 768 562 234 209 231 718 110 110 90 202 100 337 376 170 32 753 570 766 538 612 226 718 467 216 11 201 165 188 164 211 550 278 206 690 416 618 616 578 728 230 360 402 720 629 606 178 763 443 270 106 266 609 717 33 209 535 552 217 703 726 172 249 100 570 329 32 106 95 209 459 690 173 205 664 195 46 66 32 156 137 710 82 722 136 386 100 537 276 597 159 85 382 461 477 78 700 143 164 759 609 122 659 567 154 87 644 331 470 85 169 292 93 540 124 570 178 370 68 602 163 609 487 81 408 373 562 192 548 257 395 307 684 270 72 347 633 323 104 221 477 525 298 112 151 417 175 98 234 106 374 137 375 440 579 335 229 560 40 84 458 127 166 720 166 625 127 198 492 667 154 590 213 528 341 318 589 280 117 614 218 549 372 435 240 193 217 15 317 96 545 218 211 433 97 205 460 612 299 97 89 163 68 253 162 40 700 234 176 704 64 74 254 598 84 554 428 355 136 97 209 647 371 725 308 262 214 672 260 123 688 340 54 308 214 536 722 188 158 731 164 115 358 189 417 247 460 318 759 12 454 165 376 650 518 47 280 250 388 742 536 144 172 633 198 79 544 39 506 212 323 191 451 717 106 221 268 167 405 477 584 544 662 202 137 260 354 666 167 231 465 117 704 543 393 745 684 746 148 155 765 194 120 553 126 542 217 332 163 491 149 211 197 521 485 747 290 95 456 36 605 378 0 738 47 246 184 207 109 84 207 132 133 151 149 619 116 28 211 101 133 181 702 344
65 381 785 125 777 535 303 938 725 767 573 605 295 134 823 411 249 17 680 293 669 893 457 266 834 482 408 510 195 184 775 139 958 731 570 187 316 126 503 512 852 874 646 642 583 461 601 719 921 239 241 192 835 258 444 635 506 825 245 645 741 636 895 470 572 175 564 600 495 643 913 427 374 852 213 451 616 282 387 339 736 274 912 75 568 471 814 765 346 147 719 240 296 365 373 603 854 686 372 555 598 248 85 95 311 622 794 795 750 627 322 734 809 237 820 957 696 382 349 672 492 37 186 332 331 275 774 72 128 478 280 698 502 854 469 793 226 257 737 584 729 91 177 929 957 113 569 902 791 478 252 403 942 925 442 809 742 30 183 575 573 514 70 692 631 697 918 641 401 374 588 736 50 264 193 209 126 514 63 283 915 728 853 898 590 599 543 189 475 537 106 322 123 145 247 137 610 388 364 76 145 146 560 26 305 957 655 924 168 157 755 929 214 251 582 51 100 893 518 837 203 465 707 652 647 923 279 149 616 942 85 799 693 691 768 661 639 33 769 17 626 392 792 207 466 190 827 823 389 295 268 660 128 664 586 99 160 823 153 201 845 807 94 411 268 823 585 454 740 228 849 175 614 368 734 158 797 142 252 772 346 369 185 695 223 481 370 452 264 487 694 392 116 437 708 520 275 217 444 836 588 358 880 642 507 841 380 672 378 306 181 403 967 193 773 817 305 853 872 130 872 115 851 540 265 77 703 172 593 236 399 421 158 467 623 153 926 192 373 330 502 921 522 723 423 725 247 532 601 322 651 940 282 127 475 829 738 847 691 485 900 706 76 764 578 172 681 721 496 177 655 195 314 384 611 642 560 169 375 207 488 496 952 75 488 829 198 425 688 431 787 203 21 925 822 84 741 624 380 703 325 976 283 431 24 749 315 587 366 89 220 750 469 488 554 4 255 632 626 161 866 747 198 711 242 536 420 867 300 101 702 543 477 896 341 385 273 203 79 537 603 507 408 96 898 545 286 622 311 211 351 78 150 131 711 595 81 930 849 245 862 200 523 406 597 248 880 877 934 222 253 41 453 686 384 712 181 360 738 0 741 540 731 711 810 799 938 852 623 632 799 119 733 710 948 685 751 908 145 397
725 361 115 627 38 210 521 203 63 30 224 173 608 617 89 399 495 725 93 454 128 164 301 474 117 265 347 338 740 565 61 615 218 24 187 595 426 618 245 263 113 135 121 99 291 374 276 143 230 503 528 550 133 496 307 137 236 84 525 132 50 106 179 306 182 601 190 155 268 100 174 314 376 129 551 354 126 459 447 453 15 470 171 722 179 273 104 35 422 652 107 550 500 376 368 140 114 56 377 236 147 494 731 663 431 238 123 77 10 147 433 114 69 504 105 270 109 382 392 89 250 729 629 410 411 535 88 774 694 264 573 65 260 128 288 140 516 573 30 247 14 650 716 189 218 629 174 162 54 264 492 379 202 185 300 74 154 771 562 209 238 246 717 74 112 133 182 103 343 389 158 15 759 588 780 537 615 239 725 464 189 43 161 158 168 149 202 552 294 204 700 421 620 625 594 740 268 356 418 728 625 613 187 766 454 241 89 229 619 730 76 233 534 567 250 704 736 197 236 104 582 313 50 91 118 187 462 702 148 203 670 149 73 50 47 122 114 712 40 725 120 404 62 544 287 609 119 99 373 473 476 93 711 110 187 756 619 91 671 578 120 122 648 341 475 98 193 306 139 552 108 577 153 376 23 610 118 617 489 125 403 382 561 149 560 265 411 299 704 261 48 349 640 315 64 221 487 532 308 95 163 434 149 101 247 126 369 102 370 450 588 338 234 569 43 79 452 112 140 732 139 627 111 207 503 672 199 587 247 523 342 320 596 276 120 624 194 550 383 428 239 180 227 49 326 51 559 211 184 428 90 200 467 614 286 90 136 201 50 258 163 78 707 187 166 717 62 120 248 609 90 563 427 363 130 115 235 659 368 740 333 281 217 673 275 94 703 331 83 316 167 538 724 196 117 740 118 131 363 146 417 264 468 331 763 45 468 156 385 652 523 9 275 257 356 745 551 122 208 644 161 32 551 35 504 206 322 155 462 713 67 208 265 188 416 459 603 552 666 214 152 283 346 673 157 214 462 121 726 553 391 753 696 757 105 147 773 191 108 568 142 548 218 336 149 493 168 174 207 528 487 752 301 65 479 35 617 385 47 741 0 227 138 163 77 59 223 112 121 186 105 623 70 51 219 70 180 168 714 344
536 165 316 439 264 123 387 405 192 257 222 65 480 409 294 298 313 523 214 279 230 359 187 282 341 70 132 299 581 381 244 430 434 210 42 425 228 426 55 201 338 360 111 136 304 304 124 287 381 314 363 350 296 284 178 196 105 304 360 107 250 146 357 216 48 427 41 161 46 131 385 133 220 355 337 270 116 272 343 319 229 289 386 536 60 85 325 241 279 478 264 391 357 191 179 98 336 172 219 35 137 295 546 475 249 284 326 262 237 197 273 194 294 308 328 491 243 245 211 200 117 535 465 230 216 390 237 585 518 92 437 170 178 320 180 336 316 428 213 259 219 451 553 402 442 433 121 386 281 98 308 263 424 409 122 282 311 570 358 38 239 171 506 162 147 262 387 155 181 248 78 229 567 447 617 331 416 155 536 257 380 235 313 381 59 82 57 355 203 87 519 240 418 445 447 566 302 156 289 541 412 431 135 566 292 418 141 384 447 562 275 454 327 418 261 498 554 417 32 331 415 86 214 140 193 391 272 532 81 427 479 258 214 182 268 123 113 509 244 526 110 290 263 364 172 443 290 324 154 317 272 184 536 129 190 542 444 294 501 409 311 332 453 201 289 324 196 195 300 388 327 394 78 210 213 432 258 434 296 314 194 228 355 156 397 143 282 90 564 63 180 169 453 104 177 95 323 350 182 315 152 308 348 156 160 350 161 137 163 287 413 165 461 393 268 306 238 332 340 557 340 426 329 134 341 478 315 376 268 309 161 149 412 91 143 448 392 349 236 213 90 397 141 233 185 195 407 64 61 218 150 422 294 413 65 316 297 401 181 127 389 232 520 229 77 553 182 274 68 438 169 385 230 205 116 181 222 493 169 584 275 208 444 468 186 301 546 115 215 174 248 340 521 423 285 555 200 169 192 164 222 490 296 210 564 254 325 87 231 453 334 236 87 136 169 544 400 105 260 474 326 222 368 208 298 71 134 329 304 499 172 36 90 411 261 232 466 373 471 146 162 226 133 487 378 17 255 143 598 380 193 566 527 581 172 96 585 416 330 416 367 365 100 167 84 298 392 338 434 348 293 558 182 163 380 211 449 218 246 540 227 0 191 174 283 278 449 327 113 243 262 428 198 220 446 159 334 384 543 160
728 356 253 630 157 250 562 233 76 158 310 128 654 600 142 454 502 714 208 466 243 185 343 473 239 256 323 420 767 571 100 621 272 116 168 613 419 617 236 327 205 224 101 148 391 444 173 275 190 504 549 541 116 474 342 233 259 169 546 94 187 170 175 361 168 616 175 228 237 139 222 317 399 245 526 415 163 462 503 492 151 478 228 727 179 269 233 119 455 667 240 575 535 379 368 163 197 128 399 178 206 486 737 666 438 347 259 109 143 242 456 24 171 499 231 389 234 417 398 196 275 726 651 418 407 570 73 776 708 269 614 92 313 152 332 278 508 608 109 343 144 643 740 240 292 625 220 242 173 273 498 425 273 262 305 137 290 761 549 156 328 301 695 87 179 259 219 176 361 422 166 152 758 625 804 522 607 288 727 448 201 178 126 235 150 153 204 546 347 225 709 428 609 635 628 756 375 347 459 733 601 621 239 758 476 232 132 194 636 750 214 350 518 599 345 688 745 319 216 214 602 269 172 137 217 220 462 721 125 280 671 68 191 138 182 80 120 700 119 717 140 453 122 553 327 630 115 219 343 499 464 189 726 85 269 729 633 142 689 597 143 256 644 372 479 218 276 350 275 574 183 584 124 393 116 622 77 624 487 263 385 407 546 37 583 298 452 281 744 249 128 355 644 295 84 243 507 540 345 176 230 477 179 175 296 248 352 82 354 471 602 349 322 582 173 187 428 189 174 746 174 617 184 254 526 670 328 565 347 499 347 331 602 274 184 637 217 540 412 402 252 239 273 181 355 88 589 217 131 409 153 272 481 605 256 190 271 336 135 286 253 205 711 56 179 740 156 252 246 626 174 574 421 384 170 207 318 680 360 769 406 342 303 659 327 149 731 306 201 344 58 532 712 293 110 746 23 213 376 29 412 370 483 372 755 183 502 175 410 644 524 142 271 290 256 735 581 123 316 662 142 108 558 154 490 217 321 148 486 686 86 196 269 304 441 396 644 562 662 266 227 351 324 678 228 189 446 185 774 568 384 758 715 771 41 172 776 270 192 598 257 555 244 349 158 490 285 152 304 537 484 750 341 108 538 156 636 401 184 731 138 191 0 31 137 150 331 178 149 292 88 619 68 177 313 103 316 227 732 347
710 340 278 613 185 247 553 263 100 185 316 114 646 579 174 450 487 694 224 452 258 216 338 456 268 241 304 422 754 555 131 604 303 140 157 599 402 599 222 327 236 255 100 155 399 443 143 295 214 488 536 522 146 454 334 244 252 200 533 89 211 178 203 358 158 601 164 234 218 145 253 304 388 275 504 413 166 446 498 484 175 463 260 710 171 256 261 148 445 652 260 563 525 364 352 162 228 143 388 156 210 468 720 648 423 358 285 140 168 252 444 53 201 482 259 419 252 408 384 211 268 708 638 403 390 559 105 758 692 257 605 109 311 183 328 303 489 597 134 350 167 623 726 271 323 606 220 274 202 262 483 419 304 293 292 168 311 741 529 137 334 300 673 102 187 277 250 185 350 413 162 175 739 615 791 503 588 285 710 429 231 200 153 266 141 149 195 528 344 219 693 414 589 620 617 741 384 330 451 715 579 605 239 738 464 258 141 217 621 735 238 380 498 588 353 667 728 348 202 244 588 247 192 146 229 250 446 706 117 311 653 93 209 155 208 79 122 679 148 697 142 447 153 538 321 617 146 248 323 488 445 202 710 89 275 705 618 173 675 583 174 283 626 363 463 247 282 345 296 561 215 568 115 380 140 606 107 608 470 287 366 396 526 23 570 292 444 264 734 235 145 342 627 277 104 236 495 524 338 207 234 470 209 184 293 277 334 88 336 459 587 336 353 567 201 217 407 220 205 731 205 598 215 253 513 652 345 543 355 477 334 318 586 261 191 622 246 521 402 382 244 270 270 203 347 111 578 208 114 390 163 303 467 585 238 221 292 363 152 279 284 224 693 56 174 727 172 273 234 612 186 559 404 373 173 218 323 666 343 757 407 341 334 638 325 181 718 287 218 336 75 514 692 324 141 729 54 221 363 20 396 401 469 365 735 207 492 172 399 625 508 167 258 284 225 715 570 124 327 647 171 135 542 175 470 209 307 177 475 663 104 184 257 334 430 369 634 547 644 265 233 352 305 661 260 174 426 191 765 554 367 740 700 755 59 171 759 301 223 587 287 539 238 337 154 472 315 179 336 522 467 731 335 122 534 177 622 389 207 711 163 174 31 0 168 180 362 209 152 304 119 601 94 197 344 117 337 258 717 333
797 429 147 698 54 284 598 128 91 65 300 221 684 684 13 475 567 794 167 526 200 87 376 544 110 330 410 414 816 637 40 687 151 80 246 669 494 689 309 340 68 87 172 169 364 451 304 201 158 574 602 618 68 561 382 213 308 32 599 178 109 180 104 382 242 675 250 231 327 167 103 383 449 112 616 430 196 530 524 529 88 542 104 795 243 340 112 46 498 725 169 625 576 446 437 208 60 125 450 284 222 563 803 735 502 309 150 28 70 223 507 115 43 573 107 253 177 457 463 165 323 800 703 481 479 611 64 846 767 333 649 114 336 52 364 170 585 649 73 321 91 720 791 120 161 699 248 108 59 333 563 455 143 129 369 2 205 840 630 258 314 322 783 121 187 198 108 178 415 464 223 88 830 664 856 604 684 314 797 531 112 112 96 101 226 212 268 621 371 275 773 492 688 698 670 814 339 423 494 800 691 686 262 836 528 164 155 157 693 804 124 215 601 643 324 771 809 186 297 81 656 368 125 159 194 113 532 777 202 148 741 110 147 123 84 163 173 780 41 795 184 481 19 616 362 684 55 92 434 548 543 169 785 155 263 821 692 14 745 652 45 141 719 416 546 91 269 382 191 626 47 649 205 449 77 683 76 689 559 164 468 456 629 164 635 339 487 362 780 325 118 420 712 378 106 292 561 604 383 39 239 511 72 176 323 119 434 147 435 524 661 409 187 642 73 58 516 53 63 805 63 696 48 282 578 743 259 653 321 588 412 391 668 343 195 697 118 618 458 491 309 114 302 118 401 88 635 279 230 493 163 141 540 683 346 56 188 216 122 331 117 147 779 168 233 792 138 179 315 683 166 635 496 436 201 192 312 734 436 816 410 357 169 741 351 19 779 393 157 390 137 608 793 156 55 812 114 207 435 158 486 233 541 407 833 99 544 224 459 722 594 70 342 331 387 814 626 180 280 718 90 63 623 112 572 275 390 82 537 778 111 271 333 169 490 509 679 624 736 289 228 359 409 746 97 273 528 196 803 626 459 825 771 831 124 216 845 137 55 643 123 620 290 407 213 563 151 103 167 600 557 823 377 125 556 111 691 457 109 810 77 283 137 168 0 26 194 45 188 258 59 693 88 125 177 126 228 101 788 414
784 418 121 685 29 268 580 144 92 40 278 219 665 674 36 456 554 783 145 512 176 108 359 533 90 321 402 392 799 624 49 674 160 69 239 654 483 676 300 320 61 83 168 157 340 430 310 175 184 562 587 607 94 552 366 191 294 26 584 176 84 165 128 363 236 660 244 213 321 156 115 372 434 95 608 410 183 518 504 511 67 529 113 781 235 330 88 38 481 710 143 609 559 434 426 197 58 113 435 282 206 552 789 722 490 285 125 47 51 202 492 126 22 562 84 239 153 441 451 144 309 787 687 469 468 594 79 833 752 321 631 109 318 75 347 145 574 632 65 298 72 708 775 130 163 687 233 108 33 321 550 437 146 130 357 24 179 829 620 256 291 304 774 117 171 172 123 162 401 447 213 67 818 646 839 594 673 297 784 521 133 88 122 102 220 203 259 610 352 262 758 479 677 684 652 799 314 413 477 787 682 672 245 824 512 186 145 182 678 789 98 201 591 625 301 761 794 169 290 64 641 364 103 147 173 129 520 761 198 149 728 132 125 109 58 162 166 770 35 783 175 462 29 603 346 668 81 71 427 532 533 150 770 153 243 813 678 38 730 637 70 116 707 400 533 70 249 365 165 611 50 636 201 435 66 669 98 675 547 138 460 441 619 173 619 324 469 354 762 317 105 407 698 370 103 279 546 590 367 37 222 493 92 160 306 99 425 145 426 509 647 396 184 628 47 38 508 54 83 790 82 685 52 266 562 730 233 644 297 579 400 379 655 333 179 683 136 607 442 483 297 122 286 94 385 85 618 268 229 485 148 144 526 672 339 42 162 194 108 317 112 124 765 187 222 776 121 153 305 668 148 621 485 421 188 172 290 718 425 799 389 338 166 731 334 39 762 386 135 375 157 596 782 149 81 798 127 188 421 167 475 223 526 390 821 74 527 213 444 710 581 50 332 316 392 803 609 174 256 703 116 57 610 93 562 264 379 108 521 770 108 263 322 154 475 508 661 610 724 272 210 339 401 732 100 267 519 180 783 612 449 812 755 816 129 204 831 137 52 626 107 607 277 394 204 551 135 129 161 587 545 811 360 116 536 92 675 444 84 799 59 278 150 180 26 0 184 53 177 235 81 681 91 103 172 119 202 109 773 402
914 568 154 817 188 406 684 172 274 194 372 396 760 821 190 555 689 922 259 645 270 189 482 674 109 479 562 469 907 756 231 805 130 244 408 776 630 812 460 430 126 109 345 316 400 517 494 226 277 700 710 751 240 705 494 303 438 162 706 355 202 313 222 474 403 784 411 339 488 319 147 519 564 94 762 508 340 657 598 621 220 664 133 910 398 485 127 220 600 832 220 725 670 577 572 357 135 277 566 459 345 696 916 853 628 344 145 222 214 311 618 309 163 704 122 67 242 561 591 268 450 921 804 607 614 703 258 963 874 473 733 286 437 198 470 149 718 739 243 374 230 847 887 139 90 825 374 99 170 471 685 548 98 93 505 194 208 967 766 433 378 424 922 295 316 244 163 306 538 568 376 220 950 750 949 742 813 423 914 672 199 217 256 108 390 369 418 751 467 412 883 617 820 810 759 917 369 566 589 915 834 801 379 962 637 239 309 272 800 904 184 37 740 736 377 905 919 52 455 121 761 534 239 309 291 169 660 878 372 85 861 297 248 267 181 343 337 911 218 922 340 567 209 733 472 786 232 125 589 653 682 282 890 332 352 964 802 191 848 758 203 131 844 527 670 126 355 485 205 731 150 767 376 570 241 796 266 805 688 168 614 569 766 356 738 457 582 514 858 476 270 551 830 530 283 426 670 722 494 156 351 601 182 304 431 101 581 324 581 635 772 538 56 755 182 148 664 144 180 910 180 826 150 399 684 865 263 795 368 734 544 522 786 486 323 807 184 752 567 641 446 128 417 221 515 266 731 425 407 639 303 97 657 814 505 142 205 121 268 456 83 233 895 360 382 889 270 219 461 789 291 750 632 554 342 297 386 834 576 905 477 447 62 875 452 184 870 547 252 507 325 738 923 44 235 925 308 316 559 351 621 41 656 510 959 197 641 371 572 851 718 215 486 451 575 942 721 344 327 822 239 237 742 242 711 418 529 226 644 922 287 427 474 42 600 681 761 740 860 401 336 440 560 862 118 435 670 324 870 737 598 940 872 935 313 362 959 86 139 738 82 739 422 534 368 693 58 243 36 718 687 944 485 289 624 239 794 578 207 938 223 449 331 362 194 184 0 157 339 315 250 819 275 234 41 293 211 132 890 548
837 471 148 738 79 322 632 92 136 91 328 266 717 726 36 508 607 835 195 566 224 62 412 585 94 373 453 441 852 677 85 727 107 121 289 707 536 729 352 372 38 49 216 210 386 481 348 214 151 614 640 660 84 604 419 242 347 30 637 222 131 218 90 416 286 713 294 265 371 209 62 424 488 89 659 462 236 571 555 564 120 582 60 834 286 382 104 87 534 764 186 662 612 487 479 249 25 165 489 328 259 604 843 775 543 330 148 70 104 253 545 157 50 614 97 220 198 494 504 195 362 840 741 522 521 646 105 886 806 374 684 158 371 45 400 167 626 685 115 346 125 761 828 77 117 740 286 65 73 374 603 490 98 85 410 46 213 882 672 302 341 357 826 165 224 216 71 215 455 501 265 120 871 698 892 646 725 350 837 573 86 138 105 57 270 255 310 663 405 315 812 532 730 737 705 852 359 466 529 840 733 725 299 877 566 141 197 148 731 842 137 183 643 678 349 813 848 158 341 62 694 413 155 200 225 77 573 814 246 103 781 140 175 162 101 208 216 822 83 836 226 514 64 656 399 721 75 81 478 585 585 202 823 199 294 864 731 36 783 690 47 135 760 453 586 80 300 418 200 664 11 689 249 488 117 722 109 729 600 167 511 494 671 207 672 377 522 406 814 368 158 460 751 421 150 332 599 644 420 20 275 545 47 213 359 101 477 191 478 562 700 449 144 681 92 54 559 14 39 844 38 737 9 319 615 783 271 696 344 631 453 431 708 385 232 736 86 660 495 535 349 70 339 144 438 132 671 320 275 536 201 97 579 724 389 43 198 201 161 370 76 172 819 202 275 829 174 194 357 721 202 675 538 475 241 224 341 771 478 852 439 390 125 783 386 29 815 437 185 428 168 649 834 116 78 851 156 241 474 201 527 194 580 443 874 121 580 265 497 763 634 104 384 369 430 855 662 224 303 756 92 106 663 146 614 316 432 80 574 821 155 314 375 139 528 554 713 663 777 325 262 391 452 785 52 316 571 233 835 665 501 865 808 869 168 257 885 93 24 679 98 660 330 447 256 604 122 101 128 640 598 864 413 167 587 144 729 497 132 852 112 327 178 209 45 53 157 0 229 282 93 734 132 154 135 169 232 57 826 455
610 242 203 511 158 104 421 315 107 149 165 78 511 497 200 307 380 606 105 340 128 272 199 357 230 144 226 271 634 450 154 500 336 108 71 485 307 501 124 178 233 256 52 23 249 295 198 181 316 386 418 431 220 375 201 102 122 203 415 65 138 37 278 213 65 489 73 83 149 21 290 195 265 245 431 267 14 343 356 351 120 355 289 608 59 153 213 142 317 540 154 442 397 258 250 20 234 64 265 131 58 375 617 548 315 211 213 174 130 108 323 137 189 386 217 378 136 277 276 90 137 612 520 294 292 432 159 659 582 145 473 78 166 233 187 223 397 470 114 200 111 532 608 306 339 512 71 282 174 146 376 281 322 306 181 186 204 653 443 107 183 153 597 75 43 157 296 47 229 283 38 120 643 486 673 417 497 140 610 344 295 123 243 278 57 31 82 434 200 88 586 305 501 512 491 629 236 237 317 613 505 499 90 648 343 341 32 317 508 621 162 342 414 462 202 584 622 305 116 223 472 196 102 30 92 300 344 592 52 324 554 203 102 72 158 72 29 593 147 607 10 308 169 430 183 500 210 214 252 365 356 75 600 64 124 636 507 201 561 467 224 220 531 234 358 214 131 206 192 442 227 462 57 263 112 497 188 502 371 202 283 272 442 129 451 157 310 178 604 140 72 232 524 194 89 106 376 417 203 214 82 335 258 48 149 238 248 67 249 339 475 222 354 456 158 200 331 231 250 620 249 508 229 106 394 555 218 467 205 403 224 204 481 156 43 511 304 431 275 307 121 299 126 120 217 104 454 91 90 308 37 320 354 496 166 211 188 289 71 147 284 121 592 203 46 609 70 165 128 498 58 449 309 251 21 80 171 550 249 635 257 193 338 554 180 206 597 211 105 207 204 420 605 315 206 625 144 75 248 133 298 379 355 229 645 142 364 36 275 534 406 130 155 148 266 626 445 29 182 533 252 124 436 97 385 87 203 251 353 593 83 89 146 300 306 344 503 438 549 117 82 202 225 559 277 98 342 43 631 441 272 639 586 645 111 28 658 312 228 462 257 433 104 220 30 375 281 265 325 414 370 636 198 64 391 99 507 271 133 623 121 113 149 152 188 177 339 229 0 160 185 506 117 107 338 63 228 286 604 226
603 287 163 509 206 134 369 373 224 194 59 234 447 524 270 240 383 617 93 340 59 342 177 375 224 228 301 161 593 448 246 496 372 196 209 463 340 505 217 120 263 280 210 150 106 205 353 89 415 397 397 451 318 419 193 60 168 252 394 224 151 127 362 162 203 471 207 84 259 160 340 240 259 242 475 194 148 357 285 307 172 360 332 598 186 225 203 221 288 519 101 411 356 286 286 160 272 166 262 273 110 400 604 543 327 54 171 262 190 52 310 273 232 404 211 326 84 250 296 100 172 612 489 309 324 389 269 651 560 208 419 202 133 310 166 166 420 425 206 64 172 543 572 350 357 520 123 307 209 202 381 234 346 328 229 256 110 660 469 255 63 123 623 205 119 72 351 119 241 258 175 172 640 435 634 447 510 130 603 385 367 147 346 307 206 180 188 450 157 163 570 317 518 499 444 603 83 289 275 603 541 491 112 655 328 421 163 414 487 589 149 300 446 421 67 603 606 266 227 240 447 303 136 158 75 359 361 564 211 341 552 327 113 157 181 228 187 607 226 615 170 253 247 425 171 472 305 220 327 341 390 104 576 216 58 669 489 272 534 445 303 187 537 223 368 220 55 178 110 417 274 458 216 270 198 484 300 495 389 147 337 263 470 283 425 167 268 259 545 229 168 262 520 272 211 166 359 415 191 262 92 287 326 120 134 227 308 216 307 326 460 248 353 444 190 231 385 276 317 596 317 524 277 123 372 557 79 503 62 448 257 235 476 224 117 495 368 453 259 367 184 338 131 141 214 215 416 185 246 358 141 344 350 512 267 244 109 216 160 173 298 111 584 348 170 574 138 98 210 476 118 440 341 252 143 86 72 520 296 591 164 136 343 573 145 273 555 291 102 208 339 438 618 312 303 613 280 85 263 284 330 350 348 201 651 162 327 163 266 546 414 191 226 164 412 636 407 189 23 509 346 214 434 152 419 177 251 340 333 627 208 208 211 273 291 444 447 430 553 116 83 126 298 551 312 226 384 117 561 426 313 628 558 621 251 156 647 331 267 423 249 432 160 243 175 394 260 359 319 410 389 634 182 185 312 152 481 276 151 632 186 243 292 304 258 235 315 282 160 0 290 513 236 134 334 189 120 328 576 263
791 419 201 692 102 288 606 147 78 109 323 197 695 670 60 488 562 783 197 523 233 99 383 536 169 318 393 437 819 632 44 682 184 94 229 669 484 681 297 354 125 141 153 172 395 470 261 246 132 566 602 608 36 545 386 237 306 91 599 155 151 189 96 394 228 673 235 246 307 167 134 376 450 171 598 445 196 523 537 536 120 537 140 789 233 329 169 71 502 724 211 627 582 439 429 204 115 133 450 255 231 552 798 728 497 343 206 35 104 247 508 72 101 564 165 311 214 462 457 191 322 791 705 476 470 617 26 839 765 325 658 107 346 64 371 225 574 655 84 349 118 709 793 152 204 690 253 156 113 327 558 465 185 175 362 60 254 829 617 231 339 333 767 110 198 238 132 190 413 468 215 120 823 671 858 591 674 322 790 517 118 148 59 149 210 202 259 612 381 272 769 487 677 694 676 813 373 411 501 795 674 681 270 825 528 158 156 133 692 805 172 273 587 647 352 758 805 245 281 140 656 345 154 161 219 133 524 776 184 193 734 51 177 137 133 139 163 768 67 784 179 491 53 612 368 684 29 151 415 550 531 190 783 135 283 803 690 59 745 651 55 197 710 419 540 150 290 389 239 627 100 644 185 447 92 680 17 684 550 217 454 457 615 121 636 342 494 348 789 312 128 413 706 362 96 290 561 599 388 95 252 519 91 189 331 178 420 128 421 524 659 404 236 640 122 116 499 105 86 804 86 684 100 289 578 734 303 637 350 571 405 386 663 334 205 695 132 607 460 474 304 151 309 154 402 83 639 271 203 478 170 184 537 672 327 115 236 275 135 332 169 183 773 110 226 794 155 223 304 682 182 632 486 435 202 213 333 735 424 820 429 371 217 728 361 66 782 376 188 391 78 597 781 209 24 807 68 225 431 114 476 287 538 413 822 143 549 219 460 711 587 103 331 333 344 803 630 169 313 717 67 76 618 137 558 268 381 68 538 760 102 257 325 227 491 479 688 621 728 298 244 376 393 740 141 254 514 205 815 624 448 820 771 829 90 213 839 183 111 647 182 615 289 403 205 553 209 80 220 596 548 815 382 123 571 138 691 455 149 799 105 262 88 119 59 81 250 93 185 290 0 684 68 157 228 122 278 139 788 406
110 266 665 31 659 416 204 821 609 649 454 492 226 63 706 298 130 104 561 174 549 777 337 149 715 367 297 397 200 67 659 39 841 613 455 96 201 12 388 393 733 755 531 524 468 348 499 600 809 120 130 79 720 155 325 515 387 707 133 531 622 517 780 352 457 83 449 480 383 526 796 310 255 733 126 336 498 163 280 227 618 155 794 111 452 355 695 648 229 95 599 138 189 247 256 486 736 569 253 446 479 133 123 52 192 505 674 678 632 508 203 621 691 121 701 838 576 263 230 553 373 107 120 213 215 176 659 157 116 361 197 582 383 738 349 674 112 170 620 466 611 31 171 811 839 7 451 783 672 360 133 286 823 806 324 691 623 149 79 464 455 395 122 576 512 578 801 522 282 255 471 618 139 185 221 103 22 395 109 173 800 609 739 780 475 483 426 73 356 419 105 203 32 63 169 159 494 273 249 117 96 50 441 144 187 842 538 811 91 166 636 810 109 160 464 95 135 774 404 718 107 357 588 535 528 806 161 139 501 823 53 686 574 573 650 547 523 94 652 103 510 277 675 91 347 110 712 704 280 179 156 541 131 549 467 171 78 706 118 103 729 688 26 292 149 704 465 335 621 123 731 61 500 249 617 66 683 48 134 653 235 250 84 584 122 362 254 338 237 372 576 274 40 324 591 402 158 99 325 718 469 245 764 524 388 721 268 557 265 188 80 285 847 84 654 699 199 735 755 148 755 27 733 421 151 51 585 94 476 141 281 303 49 351 504 75 809 81 254 223 385 803 402 604 303 608 152 415 489 212 533 822 163 29 363 711 619 728 573 366 781 587 95 655 461 168 563 602 380 94 537 83 199 265 493 523 442 124 260 209 373 377 833 68 369 712 180 314 568 312 676 87 105 806 707 131 627 505 261 591 208 857 165 312 140 630 203 470 247 35 101 632 353 369 461 123 158 516 508 104 751 630 81 592 133 419 304 752 184 140 586 428 360 777 222 302 201 88 43 418 483 389 296 68 780 432 176 504 287 101 236 141 136 168 597 478 158 812 731 154 743 82 405 288 481 131 761 763 815 103 136 131 334 569 283 594 105 241 619 119 623 428 619 601 693 681 819 734 506 513 684 0 617 591 829 568 632 791 145 279
723 351 185 624 92 220 538 207 12 92 262 135 628 604 98 422 494 716 147 455 182 161 315 468 176 251 327 376 751 564 47 614 237 48 163 600 417 614 230 289 151 172 87 106 339 405 219 209 199 499 534 541 104 480 318 179 238 115 531 91 120 124 163 328 161 605 169 183 243 100 188 308 381 184 534 380 128 455 471 468 84 469 190 721 165 262 168 56 434 656 174 559 514 371 361 136 146 71 382 196 165 485 731 661 429 290 192 64 75 189 439 44 112 497 167 329 170 394 389 137 254 724 636 408 403 548 42 772 697 257 590 40 280 123 304 210 507 587 41 291 77 642 725 205 249 623 186 195 109 259 490 397 231 217 294 87 223 763 551 171 279 266 702 42 133 195 190 127 345 400 147 84 755 603 789 525 607 255 723 451 183 111 127 189 143 134 191 545 315 204 701 419 610 626 607 745 319 345 434 727 609 613 203 759 460 226 89 201 624 737 146 290 521 579 294 692 737 257 215 154 588 283 107 94 161 193 457 708 118 235 666 92 128 79 115 76 95 702 57 717 110 424 69 544 300 616 95 156 351 481 464 133 715 69 222 739 622 97 677 583 113 189 643 350 472 155 229 322 208 559 134 576 120 378 48 612 72 616 483 195 388 389 549 83 567 274 427 282 721 246 68 345 638 297 29 222 492 531 320 124 187 451 150 126 264 185 354 61 355 455 591 336 274 571 107 127 434 140 142 736 142 618 136 222 510 667 263 572 294 506 337 318 595 266 140 627 194 540 392 409 236 201 241 114 334 22 570 203 143 413 106 229 469 605 262 133 204 269 76 264 202 139 705 119 158 726 97 186 237 614 121 564 419 367 135 154 272 666 357 752 365 305 255 662 295 105 714 311 138 323 103 530 715 240 90 739 48 163 363 78 409 315 470 345 755 115 481 151 392 644 519 74 264 265 301 736 562 101 259 649 135 41 550 89 492 200 314 135 469 696 34 190 258 244 423 422 620 552 660 231 181 312 327 672 184 189 448 140 747 556 381 752 702 761 38 144 771 224 141 579 197 547 221 335 137 486 224 148 252 528 481 748 314 57 505 91 623 387 116 733 70 198 68 94 88 91 275 132 117 236 68 617 0 112 262 55 249 188 720 339
691 335 97 593 75 176 479 246 101 63 175 176 564 590 137 354 462 694 42 420 76 211 262 444 127 245 328 289 700 532 113 582 254 65 178 558 398 586 226 219 144 165 130 84 240 327 291 98 281 472 491 521 184 472 270 88 206 124 488 144 32 79 229 263 173 564 180 113 256 90 215 286 340 143 528 308 106 428 402 411 38 437 209 688 165 251 107 87 383 615 63 511 460 346 340 124 149 58 341 236 113 465 696 629 399 187 106 128 55 99 397 154 105 474 112 271 59 343 362 41 219 696 590 379 383 494 138 740 657 239 530 89 219 176 249 119 487 532 75 196 39 619 676 228 248 598 141 193 83 237 459 337 233 216 272 123 114 740 535 211 189 205 690 96 82 84 224 72 310 350 144 38 726 545 740 510 585 200 691 439 236 18 212 190 163 138 184 522 252 178 664 389 590 589 552 702 216 332 377 693 601 579 150 735 417 289 82 280 582 691 55 236 507 526 199 675 700 198 222 127 544 302 6 81 71 231 431 664 150 232 636 198 22 45 58 138 114 682 91 694 110 361 113 510 249 571 171 113 354 435 449 50 674 125 141 732 583 139 633 540 170 112 617 304 443 113 146 266 100 514 147 543 155 343 67 575 169 582 459 98 380 346 534 180 522 230 370 280 660 242 54 320 606 295 94 193 450 498 271 135 124 392 195 70 208 134 346 120 347 414 552 308 257 533 64 109 430 150 186 694 185 597 150 171 466 639 152 562 196 500 313 290 562 252 89 588 239 521 346 407 212 218 190 13 290 90 519 190 189 405 70 231 433 584 272 122 96 184 48 226 189 28 673 230 149 678 38 76 227 572 56 528 400 328 108 71 187 621 343 699 286 237 242 645 234 141 663 313 32 281 214 509 694 216 169 704 159 88 331 178 389 275 433 291 732 39 428 138 349 622 491 56 252 223 366 714 510 121 157 606 212 81 517 23 478 184 295 206 425 689 94 195 240 194 379 451 560 517 634 175 110 237 326 639 192 205 437 90 681 517 365 718 658 720 138 128 738 221 144 527 154 515 189 304 137 463 176 225 225 494 458 719 263 78 433 21 579 351 28 710 51 220 177 197 125 103 234 154 107 134 157 591 112 0 239 84 140 206 676 316
927 574 171 830 182 414 702 134 263 190 390 390 781 829 171 574 700 933 269 656 285 157 495 683 114 482 564 491 926 768 216 818 90 237 406 791 638 823 462 445 111 90 338 316 424 538 481 247 241 710 724 759 213 710 506 315 445 147 720 347 208 317 188 490 401 798 409 349 487 318 113 526 576 97 767 527 342 667 618 638 219 675 100 923 398 489 135 209 615 847 235 741 687 585 580 357 116 275 578 453 352 704 930 866 637 368 163 205 210 324 631 292 153 713 128 104 257 575 600 276 458 933 820 617 622 721 240 976 889 478 752 279 450 171 483 172 726 757 235 395 228 858 904 102 50 836 380 72 165 476 696 564 59 58 512 177 232 978 774 427 397 437 929 288 321 262 127 310 547 582 376 219 962 769 967 749 823 435 927 678 163 221 227 80 387 368 419 761 482 417 898 627 829 824 777 933 394 571 605 928 840 814 388 973 651 200 307 236 815 921 194 78 747 753 399 914 933 85 455 115 776 532 243 309 302 133 670 895 367 47 873 273 255 267 182 334 333 921 207 932 338 585 194 746 484 802 207 126 591 667 688 289 906 324 366 971 816 171 864 773 177 147 855 540 681 126 370 499 226 746 130 779 371 581 234 809 243 818 698 188 619 581 773 341 754 467 598 516 879 478 267 559 842 532 274 432 684 734 506 139 360 618 152 309 442 108 585 316 585 648 786 546 20 768 180 140 668 125 151 926 151 836 129 408 698 876 290 801 390 739 552 529 798 491 328 822 147 760 580 645 451 92 427 226 527 256 748 427 400 643 304 59 669 823 505 131 226 155 267 464 60 243 908 337 383 906 272 236 464 804 295 763 639 565 345 306 403 851 582 924 498 463 21 883 465 164 888 549 261 517 301 747 933 24 211 939 291 325 569 335 628 62 668 524 970 200 657 373 584 861 729 210 490 460 563 952 738 341 348 838 209 228 754 243 717 422 534 196 658 928 279 427 479 67 613 678 781 752 872 411 346 458 563 875 89 434 676 329 893 751 604 953 889 951 299 364 973 50 122 755 87 751 428 543 368 702 74 211 15 730 696 956 498 284 645 241 810 588 211 948 219 446 313 344 177 172 41 135 338 334 228 829 262 239 0 287 238 99 907 555
673 303 176 574 106 166 484 253 44 99 210 103 573 558 138 367 443 668 107 403 141 209 261 419 186 204 284 322 697 513 91 564 277 50 120 548 368 564 183 234 178 201 52 51 289 351 210 179 254 449 482 493 157 435 264 130 185 145 478 64 106 70 215 273 117 553 125 129 202 45 230 258 328 199 490 325 74 405 416 414 75 418 229 671 117 214 172 82 380 604 145 505 460 321 312 83 177 27 329 166 111 437 680 610 378 244 184 110 79 140 386 85 135 448 174 339 135 340 339 94 201 675 583 357 354 495 97 722 645 207 536 15 225 170 249 199 459 533 54 241 65 594 672 246 282 574 131 226 123 208 439 343 265 249 244 125 197 715 504 140 228 211 657 16 79 160 234 74 293 346 97 75 706 549 736 478 558 201 673 404 232 92 181 221 101 86 142 496 260 151 650 368 562 575 554 692 272 297 379 676 564 562 148 710 407 278 34 255 572 684 133 302 475 525 244 645 686 266 171 173 535 245 78 39 114 238 407 656 79 268 616 145 93 39 115 55 47 655 86 669 58 369 107 493 246 563 147 168 309 428 417 86 663 42 169 695 570 139 624 531 161 187 594 297 421 167 176 267 183 506 168 525 83 326 54 561 126 566 434 181 342 336 503 98 515 220 372 236 667 199 30 295 587 252 26 169 440 480 266 156 133 397 196 73 209 195 308 36 309 403 539 285 302 520 112 147 390 173 187 684 187 570 170 167 457 618 228 527 245 462 287 267 544 217 85 575 241 492 338 365 184 239 187 92 281 41 517 153 114 367 52 263 417 557 220 157 179 264 36 210 230 109 655 159 107 673 55 158 188 562 72 513 370 314 80 104 219 614 310 698 311 251 284 615 240 145 661 267 101 270 152 482 667 264 143 689 91 111 311 98 360 334 418 291 707 106 427 99 339 596 469 78 216 211 288 688 508 55 213 597 189 63 499 63 445 149 264 187 416 652 21 144 208 257 370 390 566 501 611 177 127 258 283 622 219 148 402 86 693 504 333 702 650 709 62 92 721 256 171 525 211 497 168 284 87 437 238 202 275 477 432 698 260 6 451 66 570 335 101 685 70 159 103 117 126 119 293 169 63 189 122 568 55 84 287 0 223 226 667 289
720 404 85 627 177 244 480 312 240 169 178 305 552 644 236 352 503 736 124 459 105 294 297 495 147 335 413 261 703 567 236 614 297 201 294 579 460 624 321 239 201 211 265 208 190 310 425 47 382 517 515 571 296 538 313 141 280 208 511 279 130 192 322 281 288 588 294 181 359 217 277 356 379 162 594 306 221 477 392 422 166 480 266 715 274 335 130 209 406 634 78 527 470 406 404 238 213 197 382 358 199 520 720 662 447 136 86 244 178 143 429 292 188 525 138 210 93 369 416 139 287 731 604 429 443 502 266 768 675 319 528 229 253 272 286 70 540 536 209 170 172 662 684 283 272 639 223 233 169 314 501 350 265 249 344 226 26 779 589 335 178 243 743 236 188 72 292 181 361 377 257 165 757 545 745 567 630 248 721 504 317 138 324 236 284 257 285 570 277 266 687 437 638 616 555 717 159 405 391 720 661 609 219 774 446 372 213 379 603 702 106 189 566 534 173 723 722 159 326 174 564 406 146 211 141 300 481 678 278 257 670 326 132 184 146 276 245 726 212 734 235 367 226 543 291 587 282 153 440 458 510 153 691 263 173 789 606 238 649 562 269 102 657 343 488 154 172 298 41 534 221 577 284 390 201 601 293 613 509 65 454 383 590 320 541 285 384 369 650 335 194 380 638 383 234 274 477 534 311 213 192 401 279 181 253 145 424 259 423 445 578 367 258 562 157 179 503 221 271 710 271 644 224 235 489 675 53 623 162 567 376 353 595 335 191 612 313 573 379 483 293 269 247 135 334 228 530 286 318 476 194 264 469 631 371 189 45 99 187 289 219 115 701 367 257 686 171 66 316 592 170 558 460 372 219 153 191 634 413 700 273 255 252 693 265 236 666 401 126 327 346 558 737 220 282 729 297 166 383 319 449 241 468 321 770 137 443 247 386 666 534 179 336 281 495 755 521 250 125 624 317 212 553 163 538 278 367 307 451 748 234 301 322 172 410 552 555 549 672 231 178 244 410 668 243 317 503 191 660 543 431 744 672 735 278 238 764 249 211 536 163 551 268 362 254 514 164 329 224 529 509 752 302 218 416 161 596 397 133 751 180 334 316 337 228 202 211 232 228 120 278 632 249 140 238 223 0 262 690 381
893 528 179 794 133 377 685 51 192 144 377 322 769 783 90 559 663 892 245 621 271 58 467 642 115 430 510 488 906 733 141 783 50 178 346 762 593 786 409 425 65 51 273 266 429 530 399 252 146 671 695 717 118 661 474 293 404 84 692 279 179 274 90 468 343 768 351 319 428 265 17 481 543 102 716 513 293 627 606 617 174 638 4 890 343 439 133 144 588 819 228 716 665 543 535 306 57 222 544 384 314 661 898 831 599 372 176 124 159 303 601 209 101 671 124 198 244 548 560 247 418 897 795 578 578 700 156 942 861 431 736 215 424 77 454 193 683 738 173 392 180 817 882 22 65 797 341 35 123 431 660 543 47 40 467 102 246 938 729 358 388 410 883 222 280 258 34 270 511 555 322 174 927 751 946 704 782 405 893 630 68 189 129 29 327 312 367 719 458 372 867 588 787 792 758 907 401 523 583 896 791 781 353 934 621 116 254 142 786 896 179 165 700 732 395 870 903 151 398 90 749 470 208 257 276 41 629 869 303 56 837 179 226 218 150 264 274 879 140 893 283 567 121 712 453 776 114 111 535 640 642 255 878 256 346 921 786 90 838 745 85 160 816 508 642 111 351 472 236 718 60 745 306 544 174 778 152 784 657 199 568 549 728 259 727 432 576 463 866 425 214 517 807 478 207 389 654 700 475 73 329 598 54 268 413 118 534 248 535 617 755 506 101 737 142 98 616 56 55 899 55 794 57 374 670 839 306 753 390 688 509 488 764 442 287 791 56 717 550 592 406 13 394 195 494 189 725 377 331 593 258 46 635 781 446 85 234 209 217 426 54 220 875 243 332 883 229 235 414 776 256 730 595 530 297 277 390 826 535 905 488 443 82 840 440 83 868 494 235 484 207 706 891 87 119 907 206 294 531 252 584 161 635 497 930 170 633 322 553 820 690 159 441 425 482 912 716 281 347 811 110 163 719 200 671 373 488 98 629 878 212 371 432 129 583 610 766 719 834 380 316 442 509 841 19 374 628 288 885 720 558 921 863 924 222 314 940 49 62 733 104 716 386 503 313 660 119 113 96 696 655 920 468 224 637 199 783 553 181 908 168 384 227 258 101 109 132 57 286 328 139 791 188 206 99 226 262 0 881 512
80 378 737 119 748 505 211 916 710 737 518 604 169 204 801 338 230 146 640 266 622 874 414 264 793 476 419 433 56 165 758 122 930 708 564 119 318 139 496 461 820 841 637 620 507 382 629 665 917 232 186 215 824 292 407 592 482 797 189 640 705 609 882 417 564 116 557 563 500 623 888 414 339 811 271 383 594 272 301 269 707 254 884 70 556 463 772 743 293 65 671 165 220 353 365 584 825 663 338 566 567 258 61 96 294 555 745 777 722 583 281 730 779 243 779 900 650 333 333 635 466 108 87 314 328 188 762 102 30 464 171 682 458 836 427 742 241 155 716 520 701 146 33 902 923 145 540 868 759 461 235 343 909 891 427 786 685 153 222 581 514 472 204 678 602 646 896 611 375 326 573 707 108 152 77 242 167 476 82 303 898 694 845 866 583 586 530 205 425 516 45 303 175 100 138 27 537 388 302 69 233 117 527 148 261 945 635 919 96 20 714 876 249 156 517 173 49 842 516 801 132 483 673 631 607 901 272 12 609 907 100 797 656 665 734 655 625 155 747 136 609 323 771 180 427 105 814 785 407 241 285 626 17 655 540 243 99 802 43 137 827 760 132 373 254 785 537 410 686 162 821 152 609 341 712 112 789 115 252 722 359 332 228 698 154 450 309 453 119 483 670 377 106 441 692 498 228 193 406 808 552 289 860 613 468 798 388 662 385 265 130 384 926 150 740 785 333 825 852 23 851 167 824 507 211 112 638 239 527 283 385 402 136 458 594 96 906 218 331 355 484 893 487 688 388 708 160 518 603 340 626 907 251 173 482 797 685 788 666 457 864 666 73 772 562 27 652 672 486 106 625 159 316 353 588 605 504 56 375 67 417 444 913 172 442 807 54 434 649 398 789 218 153 884 810 65 737 587 357 705 323 926 250 385 144 714 250 569 329 150 213 722 461 458 599 147 169 619 566 70 855 726 177 681 268 520 411 854 252 235 687 536 464 848 298 445 152 171 122 501 565 450 417 80 868 544 306 593 166 164 351 78 18 46 704 576 93 896 819 153 820 179 500 385 583 250 835 868 892 195 255 112 413 667 286 682 97 333 702 145 714 543 732 717 788 773 890 826 604 576 788 145 720 676 907 667 690 881 0 385
384 25 398 286 381 143 232 542 330 371 211 220 324 274 426 171 156 380 290 119 285 498 100 130 442 92 66 220 421 226 380 275 562 334 180 266 82 275 112 154 456 478 254 245 264 199 264 341 533 160 203 205 442 158 80 249 110 428 200 256 348 240 502 133 180 269 173 210 121 247 517 31 70 459 215 165 219 117 206 169 340 131 515 383 173 78 422 369 127 320 333 232 200 32 24 206 458 290 67 187 204 150 392 322 91 276 407 399 354 243 115 346 413 159 428 575 310 102 51 280 98 386 305 70 66 232 381 433 361 82 280 303 133 459 105 410 171 269 341 238 333 306 393 532 562 285 175 506 395 81 152 132 546 529 45 412 366 426 218 198 220 141 374 298 235 317 522 245 39 102 192 340 417 288 458 194 270 134 384 124 521 334 462 502 199 204 148 208 126 140 363 81 275 289 288 409 279 32 143 388 285 275 169 422 133 565 259 535 289 403 364 544 191 259 237 359 399 507 131 442 255 122 312 255 258 527 118 374 225 546 328 412 301 294 374 271 244 367 373 381 230 155 395 206 97 284 433 429 83 158 133 267 379 272 208 416 286 427 342 250 450 419 305 72 133 429 209 104 361 228 452 238 225 53 338 275 406 278 145 388 74 77 218 314 237 96 139 74 405 98 297 11 299 67 312 124 163 193 84 439 198 161 484 247 129 449 52 279 50 128 254 20 573 235 377 421 122 456 476 399 476 282 454 150 181 329 342 247 249 187 7 28 257 73 228 290 530 205 88 105 106 524 135 329 66 329 247 136 219 95 255 544 134 270 105 433 358 470 295 94 504 315 367 389 182 394 285 338 102 279 260 227 84 56 214 251 202 333 34 424 190 146 557 329 126 433 386 72 296 64 405 194 380 532 429 401 353 233 36 321 73 588 136 97 419 355 169 191 79 308 180 353 76 100 265 400 241 238 267 315 473 351 212 315 162 139 26 474 145 373 307 151 81 507 105 205 309 215 322 151 213 166 62 334 502 159 123 227 441 221 50 413 368 424 321 198 433 534 452 257 470 209 127 26 202 149 490 486 541 190 143 409 92 290 241 317 289 60 344 397 344 160 347 333 414 402 548 455 226 263 406 279 339 316 555 289 381 512 385 0
