scenario_id,collection,budget,graph,result_set_id,source_result_set_id,approach_id,approach_label,is_reference,seed,seed_count,generations,population_size,mutation_rate,reward,cost,explicit_reward,validated_reward,runtime_seconds,is_valid,validation_notes,computed_reward,computed_cost,unique_visited_nodes,route_hops,selected_seed_runtime_seconds,reference_type,reference_reward,reward_ratio,is_winner
planar_weighted_large_budget100,planar_weighted_large,100,graph_001.txt,greedy_planar_weighted_large_b100,greedy_planar_weighted_large_b100,greedy,Greedy Baseline,False,,,,,,2212,100,,,2.2161088330030907,True,,2212,100,35,51,,best_known,2216,0.9981949458483754,False
planar_weighted_large_budget100,planar_weighted_large,100,graph_001.txt,ga_best_of_3_planar_weighted_large_budget100,ga_planar_weighted_large_b100_seed003,ga_best_of_n,Genetic Algorithm Best-of-3,False,3.0,3.0,100.0,50.0,0.1,2216,100,,,173.44982891800464,True,,2216,100,35,50,58.676913667004555,best_known,2216,1.0,True
planar_weighted_large_budget100,planar_weighted_large,100,graph_002.txt,greedy_planar_weighted_large_b100,greedy_planar_weighted_large_b100,greedy,Greedy Baseline,False,,,,,,2186,99,,,2.3144702079880517,True,,2186,99,34,52,,best_known,2297,0.9516760992599043,False
planar_weighted_large_budget100,planar_weighted_large,100,graph_002.txt,ga_best_of_3_planar_weighted_large_budget100,ga_planar_weighted_large_b100_seed002,ga_best_of_n,Genetic Algorithm Best-of-3,False,2.0,3.0,100.0,50.0,0.1,2297,100,,,198.5270269579778,True,,2297,100,35,51,68.9012614999956,best_known,2297,1.0,True
planar_weighted_large_budget100,planar_weighted_large,100,graph_003.txt,greedy_planar_weighted_large_b100,greedy_planar_weighted_large_b100,greedy,Greedy Baseline,False,,,,,,2256,100,,,2.1288223340234254,True,,2256,100,33,48,,best_known,2256,1.0,True
planar_weighted_large_budget100,planar_weighted_large,100,graph_003.txt,ga_best_of_3_planar_weighted_large_budget100,ga_planar_weighted_large_b100_seed003,ga_best_of_n,Genetic Algorithm Best-of-3,False,3.0,3.0,100.0,50.0,0.1,2256,100,,,204.09513666699058,True,,2256,100,33,48,70.22347662498942,best_known,2256,1.0,False
planar_weighted_large_budget100,planar_weighted_large,100,graph_004.txt,greedy_planar_weighted_large_b100,greedy_planar_weighted_large_b100,greedy,Greedy Baseline,False,,,,,,2432,99,,,2.7447224170027766,True,,2432,99,35,65,,best_known,2432,1.0,True
planar_weighted_large_budget100,planar_weighted_large,100,graph_004.txt,ga_best_of_3_planar_weighted_large_budget100,ga_planar_weighted_large_b100_seed003,ga_best_of_n,Genetic Algorithm Best-of-3,False,3.0,3.0,100.0,50.0,0.1,2432,99,,,261.2688909160206,True,,2432,99,35,65,86.31803045800189,best_known,2432,1.0,False
planar_weighted_large_budget100,planar_weighted_large,100,graph_005.txt,greedy_planar_weighted_large_b100,greedy_planar_weighted_large_b100,greedy,Greedy Baseline,False,,,,,,2017,99,,,2.018303708988242,True,,2017,99,30,48,,best_known,2048,0.98486328125,False
planar_weighted_large_budget100,planar_weighted_large,100,graph_005.txt,ga_best_of_3_planar_weighted_large_budget100,ga_planar_weighted_large_b100_seed003,ga_best_of_n,Genetic Algorithm Best-of-3,False,3.0,3.0,100.0,50.0,0.1,2048,99,,,199.33328687399626,True,,2048,99,31,48,68.89674141601427,best_known,2048,1.0,True
planar_weighted_large_budget100,planar_weighted_large,100,graph_006.txt,greedy_planar_weighted_large_b100,greedy_planar_weighted_large_b100,greedy,Greedy Baseline,False,,,,,,2510,100,,,2.5193589169939514,True,,2510,100,37,64,,best_known,2510,1.0,False
planar_weighted_large_budget100,planar_weighted_large,100,graph_006.txt,ga_best_of_3_planar_weighted_large_budget100,ga_planar_weighted_large_b100_seed002,ga_best_of_n,Genetic Algorithm Best-of-3,False,2.0,3.0,100.0,50.0,0.1,2510,99,,,238.1396692089911,True,,2510,99,37,62,80.89455037500011,best_known,2510,1.0,True
planar_weighted_large_budget100,planar_weighted_large,100,graph_007.txt,greedy_planar_weighted_large_b100,greedy_planar_weighted_large_b100,greedy,Greedy Baseline,False,,,,,,2637,100,,,2.7605979169893544,True,,2637,100,42,67,,best_known,2637,1.0,True
planar_weighted_large_budget100,planar_weighted_large,100,graph_007.txt,ga_best_of_3_planar_weighted_large_budget100,ga_planar_weighted_large_b100_seed003,ga_best_of_n,Genetic Algorithm Best-of-3,False,3.0,3.0,100.0,50.0,0.1,2637,100,,,282.51460562399006,True,,2637,100,42,67,93.15826158301206,best_known,2637,1.0,False
planar_weighted_large_budget100,planar_weighted_large,100,graph_008.txt,greedy_planar_weighted_large_b100,greedy_planar_weighted_large_b100,greedy,Greedy Baseline,False,,,,,,2083,100,,,2.374364290997619,True,,2083,100,32,52,,best_known,2083,1.0,True
planar_weighted_large_budget100,planar_weighted_large,100,graph_008.txt,ga_best_of_3_planar_weighted_large_budget100,ga_planar_weighted_large_b100_seed003,ga_best_of_n,Genetic Algorithm Best-of-3,False,3.0,3.0,100.0,50.0,0.1,2083,100,,,249.2829540829989,True,,2083,100,32,52,83.6120996660029,best_known,2083,1.0,False
planar_weighted_large_budget100,planar_weighted_large,100,graph_009.txt,greedy_planar_weighted_large_b100,greedy_planar_weighted_large_b100,greedy,Greedy Baseline,False,,,,,,2047,100,,,2.456287915993016,True,,2047,100,31,49,,best_known,2047,1.0,True
planar_weighted_large_budget100,planar_weighted_large,100,graph_009.txt,ga_best_of_3_planar_weighted_large_budget100,ga_planar_weighted_large_b100_seed003,ga_best_of_n,Genetic Algorithm Best-of-3,False,3.0,3.0,100.0,50.0,0.1,2047,100,,,237.783191250026,True,,2047,100,31,49,77.03308470800403,best_known,2047,1.0,False
planar_weighted_large_budget100,planar_weighted_large,100,graph_010.txt,greedy_planar_weighted_large_b100,greedy_planar_weighted_large_b100,greedy,Greedy Baseline,False,,,,,,2279,100,,,2.7055525000032503,True,,2279,100,34,62,,best_known,2279,1.0,True
planar_weighted_large_budget100,planar_weighted_large,100,graph_010.txt,ga_best_of_3_planar_weighted_large_budget100,ga_planar_weighted_large_b100_seed003,ga_best_of_n,Genetic Algorithm Best-of-3,False,3.0,3.0,100.0,50.0,0.1,2279,100,,,232.97159325002576,True,,2279,100,34,62,79.25884741701884,best_known,2279,1.0,False
planar_weighted_large_budget100,planar_weighted_large,100,graph_011.txt,greedy_planar_weighted_large_b100,greedy_planar_weighted_large_b100,greedy,Greedy Baseline,False,,,,,,3048,99,,,3.0928577910235617,True,,3048,99,48,78,,best_known,3048,1.0,True
planar_weighted_large_budget100,planar_weighted_large,100,graph_011.txt,ga_best_of_3_planar_weighted_large_budget100,ga_planar_weighted_large_b100_seed003,ga_best_of_n,Genetic Algorithm Best-of-3,False,3.0,3.0,100.0,50.0,0.1,3048,99,,,331.37724924998474,True,,3048,99,48,78,113.09604237499298,best_known,3048,1.0,False
planar_weighted_large_budget100,planar_weighted_large,100,graph_012.txt,greedy_planar_weighted_large_b100,greedy_planar_weighted_large_b100,greedy,Greedy Baseline,False,,,,,,2002,99,,,2.2625277079932857,True,,2002,99,27,45,,best_known,2235,0.8957494407158837,False
planar_weighted_large_budget100,planar_weighted_large,100,graph_012.txt,ga_best_of_3_planar_weighted_large_budget100,ga_planar_weighted_large_b100_seed002,ga_best_of_n,Genetic Algorithm Best-of-3,False,2.0,3.0,100.0,50.0,0.1,2235,100,,,186.5103464590211,True,,2235,100,35,47,58.04709129201365,best_known,2235,1.0,True
planar_weighted_large_budget100,planar_weighted_large,100,graph_013.txt,greedy_planar_weighted_large_b100,greedy_planar_weighted_large_b100,greedy,Greedy Baseline,False,,,,,,1998,100,,,2.079735207982594,True,,1998,100,32,42,,best_known,1998,1.0,True
planar_weighted_large_budget100,planar_weighted_large,100,graph_013.txt,ga_best_of_3_planar_weighted_large_budget100,ga_planar_weighted_large_b100_seed003,ga_best_of_n,Genetic Algorithm Best-of-3,False,3.0,3.0,100.0,50.0,0.1,1998,100,,,156.88048466702458,True,,1998,100,32,42,51.13499570899876,best_known,1998,1.0,False
planar_weighted_large_budget100,planar_weighted_large,100,graph_014.txt,greedy_planar_weighted_large_b100,greedy_planar_weighted_large_b100,greedy,Greedy Baseline,False,,,,,,2152,100,,,3.462829291995149,True,,2152,100,33,58,,best_known,2173,0.99033594109526,False
planar_weighted_large_budget100,planar_weighted_large,100,graph_014.txt,ga_best_of_3_planar_weighted_large_budget100,ga_planar_weighted_large_b100_seed001,ga_best_of_n,Genetic Algorithm Best-of-3,False,1.0,3.0,100.0,50.0,0.1,2173,100,,,223.01268412396894,True,,2173,100,34,58,73.49758979098988,best_known,2173,1.0,True
planar_weighted_large_budget100,planar_weighted_large,100,graph_015.txt,greedy_planar_weighted_large_b100,greedy_planar_weighted_large_b100,greedy,Greedy Baseline,False,,,,,,2091,100,,,2.8092486250097863,True,,2091,100,31,58,,best_known,2091,1.0,True
planar_weighted_large_budget100,planar_weighted_large,100,graph_015.txt,ga_best_of_3_planar_weighted_large_budget100,ga_planar_weighted_large_b100_seed003,ga_best_of_n,Genetic Algorithm Best-of-3,False,3.0,3.0,100.0,50.0,0.1,2091,100,,,214.14749974998995,True,,2091,100,31,58,70.47438274999149,best_known,2091,1.0,False
planar_weighted_large_budget100,planar_weighted_large,100,graph_016.txt,greedy_planar_weighted_large_b100,greedy_planar_weighted_large_b100,greedy,Greedy Baseline,False,,,,,,2460,99,,,2.293268250010442,True,,2460,99,39,56,,best_known,2467,0.9971625456019457,False
planar_weighted_large_budget100,planar_weighted_large,100,graph_016.txt,ga_best_of_3_planar_weighted_large_budget100,ga_planar_weighted_large_b100_seed001,ga_best_of_n,Genetic Algorithm Best-of-3,False,1.0,3.0,100.0,50.0,0.1,2467,99,,,176.34480562596582,True,,2467,99,40,58,63.31561404198874,best_known,2467,1.0,True
planar_weighted_large_budget100,planar_weighted_large,100,graph_017.txt,greedy_planar_weighted_large_b100,greedy_planar_weighted_large_b100,greedy,Greedy Baseline,False,,,,,,2372,99,,,2.695928624976659,True,,2372,99,35,59,,best_known,2379,0.9970575872215216,False
planar_weighted_large_budget100,planar_weighted_large,100,graph_017.txt,ga_best_of_3_planar_weighted_large_budget100,ga_planar_weighted_large_b100_seed003,ga_best_of_n,Genetic Algorithm Best-of-3,False,3.0,3.0,100.0,50.0,0.1,2379,100,,,241.36302945797797,True,,2379,100,35,59,79.38780095800757,best_known,2379,1.0,True
planar_weighted_large_budget100,planar_weighted_large,100,graph_018.txt,greedy_planar_weighted_large_b100,greedy_planar_weighted_large_b100,greedy,Greedy Baseline,False,,,,,,2685,99,,,3.156724166998174,True,,2685,99,38,66,,best_known,2685,1.0,True
planar_weighted_large_budget100,planar_weighted_large,100,graph_018.txt,ga_best_of_3_planar_weighted_large_budget100,ga_planar_weighted_large_b100_seed003,ga_best_of_n,Genetic Algorithm Best-of-3,False,3.0,3.0,100.0,50.0,0.1,2685,99,,,269.07675824998296,True,,2685,99,38,66,87.61004545798642,best_known,2685,1.0,False
planar_weighted_large_budget100,planar_weighted_large,100,graph_019.txt,greedy_planar_weighted_large_b100,greedy_planar_weighted_large_b100,greedy,Greedy Baseline,False,,,,,,2208,99,,,2.184476291993633,True,,2208,99,35,54,,best_known,2208,1.0,True
planar_weighted_large_budget100,planar_weighted_large,100,graph_019.txt,ga_best_of_3_planar_weighted_large_budget100,ga_planar_weighted_large_b100_seed003,ga_best_of_n,Genetic Algorithm Best-of-3,False,3.0,3.0,100.0,50.0,0.1,2208,99,,,181.23024470798555,True,,2208,99,35,54,59.311685583001235,best_known,2208,1.0,False
planar_weighted_large_budget100,planar_weighted_large,100,graph_020.txt,greedy_planar_weighted_large_b100,greedy_planar_weighted_large_b100,greedy,Greedy Baseline,False,,,,,,2330,100,,,2.568889499991201,True,,2330,100,36,61,,best_known,2354,0.989804587935429,False
planar_weighted_large_budget100,planar_weighted_large,100,graph_020.txt,ga_best_of_3_planar_weighted_large_budget100,ga_planar_weighted_large_b100_seed001,ga_best_of_n,Genetic Algorithm Best-of-3,False,1.0,3.0,100.0,50.0,0.1,2354,100,,,225.01360737602226,True,,2354,100,36,59,79.10569916700479,best_known,2354,1.0,True
planar_weighted_large_budget100,planar_weighted_large,100,graph_021.txt,greedy_planar_weighted_large_b100,greedy_planar_weighted_large_b100,greedy,Greedy Baseline,False,,,,,,2008,99,,,2.4182674170006067,True,,2008,99,35,51,,best_known,2013,0.9975161450571287,False
planar_weighted_large_budget100,planar_weighted_large,100,graph_021.txt,ga_best_of_3_planar_weighted_large_budget100,ga_planar_weighted_large_b100_seed003,ga_best_of_n,Genetic Algorithm Best-of-3,False,3.0,3.0,100.0,50.0,0.1,2013,99,,,203.14338925096672,True,,2013,99,35,51,67.69124870898668,best_known,2013,1.0,True
planar_weighted_large_budget100,planar_weighted_large,100,graph_022.txt,greedy_planar_weighted_large_b100,greedy_planar_weighted_large_b100,greedy,Greedy Baseline,False,,,,,,2263,100,,,2.622769249981502,True,,2263,100,33,51,,best_known,2270,0.9969162995594714,False
planar_weighted_large_budget100,planar_weighted_large,100,graph_022.txt,ga_best_of_3_planar_weighted_large_budget100,ga_planar_weighted_large_b100_seed002,ga_best_of_n,Genetic Algorithm Best-of-3,False,2.0,3.0,100.0,50.0,0.1,2270,100,,,206.1852997909882,True,,2270,100,33,51,71.29626495798584,best_known,2270,1.0,True
planar_weighted_large_budget100,planar_weighted_large,100,graph_023.txt,greedy_planar_weighted_large_b100,greedy_planar_weighted_large_b100,greedy,Greedy Baseline,False,,,,,,2607,100,,,2.8570524170063436,True,,2607,100,38,62,,best_known,2657,0.9811817839668799,False
planar_weighted_large_budget100,planar_weighted_large,100,graph_023.txt,ga_best_of_3_planar_weighted_large_budget100,ga_planar_weighted_large_b100_seed001,ga_best_of_n,Genetic Algorithm Best-of-3,False,1.0,3.0,100.0,50.0,0.1,2657,100,,,208.14732429300784,True,,2657,100,38,62,62.76299837499391,best_known,2657,1.0,True
planar_weighted_large_budget100,planar_weighted_large,100,graph_024.txt,greedy_planar_weighted_large_b100,greedy_planar_weighted_large_b100,greedy,Greedy Baseline,False,,,,,,2317,99,,,2.1913519999943674,True,,2317,99,35,54,,best_known,2317,1.0,True
planar_weighted_large_budget100,planar_weighted_large,100,graph_024.txt,ga_best_of_3_planar_weighted_large_budget100,ga_planar_weighted_large_b100_seed003,ga_best_of_n,Genetic Algorithm Best-of-3,False,3.0,3.0,100.0,50.0,0.1,2317,99,,,167.15909433201887,True,,2317,99,35,54,60.642728416016325,best_known,2317,1.0,False
planar_weighted_large_budget100,planar_weighted_large,100,graph_025.txt,greedy_planar_weighted_large_b100,greedy_planar_weighted_large_b100,greedy,Greedy Baseline,False,,,,,,2373,100,,,2.50443929200992,True,,2373,100,34,58,,best_known,2440,0.9725409836065574,False
planar_weighted_large_budget100,planar_weighted_large,100,graph_025.txt,ga_best_of_3_planar_weighted_large_budget100,ga_planar_weighted_large_b100_seed001,ga_best_of_n,Genetic Algorithm Best-of-3,False,1.0,3.0,100.0,50.0,0.1,2440,99,,,200.78013533298508,True,,2440,99,36,61,56.876252207992366,best_known,2440,1.0,True
planar_weighted_large_budget100,planar_weighted_large,100,graph_026.txt,greedy_planar_weighted_large_b100,greedy_planar_weighted_large_b100,greedy,Greedy Baseline,False,,,,,,2269,100,,,2.498960625001928,True,,2269,100,38,58,,best_known,2269,1.0,True
planar_weighted_large_budget100,planar_weighted_large,100,graph_026.txt,ga_best_of_3_planar_weighted_large_budget100,ga_planar_weighted_large_b100_seed003,ga_best_of_n,Genetic Algorithm Best-of-3,False,3.0,3.0,100.0,50.0,0.1,2269,100,,,209.99456833399017,True,,2269,100,38,58,75.48846245900495,best_known,2269,1.0,False
planar_weighted_large_budget100,planar_weighted_large,100,graph_027.txt,greedy_planar_weighted_large_b100,greedy_planar_weighted_large_b100,greedy,Greedy Baseline,False,,,,,,2856,100,,,3.275274083018303,True,,2856,100,45,75,,best_known,2856,1.0,True
planar_weighted_large_budget100,planar_weighted_large,100,graph_027.txt,ga_best_of_3_planar_weighted_large_budget100,ga_planar_weighted_large_b100_seed003,ga_best_of_n,Genetic Algorithm Best-of-3,False,3.0,3.0,100.0,50.0,0.1,2856,100,,,294.6091145830287,True,,2856,100,45,75,103.21458562501357,best_known,2856,1.0,False
planar_weighted_large_budget100,planar_weighted_large,100,graph_028.txt,greedy_planar_weighted_large_b100,greedy_planar_weighted_large_b100,greedy,Greedy Baseline,False,,,,,,2440,99,,,2.6760962500120513,True,,2440,99,36,65,,best_known,2440,1.0,True
planar_weighted_large_budget100,planar_weighted_large,100,graph_028.txt,ga_best_of_3_planar_weighted_large_budget100,ga_planar_weighted_large_b100_seed003,ga_best_of_n,Genetic Algorithm Best-of-3,False,3.0,3.0,100.0,50.0,0.1,2440,99,,,195.761115292029,True,,2440,99,36,65,71.07994375002454,best_known,2440,1.0,False
planar_weighted_large_budget100,planar_weighted_large,100,graph_029.txt,greedy_planar_weighted_large_b100,greedy_planar_weighted_large_b100,greedy,Greedy Baseline,False,,,,,,1679,99,,,2.397126958006993,True,,1679,99,26,47,,best_known,1783,0.9416713404374649,False
planar_weighted_large_budget100,planar_weighted_large,100,graph_029.txt,ga_best_of_3_planar_weighted_large_budget100,ga_planar_weighted_large_b100_seed002,ga_best_of_n,Genetic Algorithm Best-of-3,False,2.0,3.0,100.0,50.0,0.1,1783,100,,,162.93328075000318,True,,1783,100,28,44,50.880176417005714,best_known,1783,1.0,True
planar_weighted_large_budget100,planar_weighted_large,100,graph_030.txt,greedy_planar_weighted_large_b100,greedy_planar_weighted_large_b100,greedy,Greedy Baseline,False,,,,,,2464,100,,,2.222822624986293,True,,2464,100,37,59,,best_known,2464,1.0,True
planar_weighted_large_budget100,planar_weighted_large,100,graph_030.txt,ga_best_of_3_planar_weighted_large_budget100,ga_planar_weighted_large_b100_seed003,ga_best_of_n,Genetic Algorithm Best-of-3,False,3.0,3.0,100.0,50.0,0.1,2464,100,,,175.6828488339961,True,,2464,100,37,59,61.504418875003466,best_known,2464,1.0,False
planar_weighted_large_budget100,planar_weighted_large,100,graph_031.txt,greedy_planar_weighted_large_b100,greedy_planar_weighted_large_b100,greedy,Greedy Baseline,False,,,,,,2380,99,,,2.1476015000080224,True,,2380,99,33,50,,best_known,2401,0.9912536443148688,False
planar_weighted_large_budget100,planar_weighted_large,100,graph_031.txt,ga_best_of_3_planar_weighted_large_budget100,ga_planar_weighted_large_b100_seed002,ga_best_of_n,Genetic Algorithm Best-of-3,False,2.0,3.0,100.0,50.0,0.1,2401,99,,,142.9684223330114,True,,2401,99,33,50,50.62255866700434,best_known,2401,1.0,True
planar_weighted_large_budget100,planar_weighted_large,100,graph_032.txt,greedy_planar_weighted_large_b100,greedy_planar_weighted_large_b100,greedy,Greedy Baseline,False,,,,,,2474,99,,,2.6410603339900263,True,,2474,99,41,60,,best_known,2474,1.0,True
planar_weighted_large_budget100,planar_weighted_large,100,graph_032.txt,ga_best_of_3_planar_weighted_large_budget100,ga_planar_weighted_large_b100_seed003,ga_best_of_n,Genetic Algorithm Best-of-3,False,3.0,3.0,100.0,50.0,0.1,2474,99,,,210.57085512499907,True,,2474,99,41,60,73.79010645800736,best_known,2474,1.0,False
planar_weighted_large_budget100,planar_weighted_large,100,graph_033.txt,greedy_planar_weighted_large_b100,greedy_planar_weighted_large_b100,greedy,Greedy Baseline,False,,,,,,1789,100,,,2.2754977919976227,True,,1789,100,25,44,,best_known,1789,1.0,True
planar_weighted_large_budget100,planar_weighted_large,100,graph_033.txt,ga_best_of_3_planar_weighted_large_budget100,ga_planar_weighted_large_b100_seed003,ga_best_of_n,Genetic Algorithm Best-of-3,False,3.0,3.0,100.0,50.0,0.1,1789,100,,,144.82706895799492,True,,1789,100,25,44,52.27718350000214,best_known,1789,1.0,False
planar_weighted_large_budget100,planar_weighted_large,100,graph_034.txt,greedy_planar_weighted_large_b100,greedy_planar_weighted_large_b100,greedy,Greedy Baseline,False,,,,,,2294,100,,,2.456930125015788,True,,2294,100,36,61,,best_known,2294,1.0,True
planar_weighted_large_budget100,planar_weighted_large,100,graph_034.txt,ga_best_of_3_planar_weighted_large_budget100,ga_planar_weighted_large_b100_seed003,ga_best_of_n,Genetic Algorithm Best-of-3,False,3.0,3.0,100.0,50.0,0.1,2294,100,,,226.58562295802403,True,,2294,100,36,61,77.65431983300368,best_known,2294,1.0,False
planar_weighted_large_budget100,planar_weighted_large,100,graph_035.txt,greedy_planar_weighted_large_b100,greedy_planar_weighted_large_b100,greedy,Greedy Baseline,False,,,,,,2493,100,,,2.9298122500185855,True,,2493,100,39,62,,best_known,2493,1.0,True
planar_weighted_large_budget100,planar_weighted_large,100,graph_035.txt,ga_best_of_3_planar_weighted_large_budget100,ga_planar_weighted_large_b100_seed003,ga_best_of_n,Genetic Algorithm Best-of-3,False,3.0,3.0,100.0,50.0,0.1,2493,100,,,214.41878562505008,True,,2493,100,39,62,75.64716558301006,best_known,2493,1.0,False
planar_weighted_large_budget100,planar_weighted_large,100,graph_036.txt,greedy_planar_weighted_large_b100,greedy_planar_weighted_large_b100,greedy,Greedy Baseline,False,,,,,,2289,100,,,2.263100999989547,True,,2289,100,35,53,,best_known,2289,1.0,True
planar_weighted_large_budget100,planar_weighted_large,100,graph_036.txt,ga_best_of_3_planar_weighted_large_budget100,ga_planar_weighted_large_b100_seed003,ga_best_of_n,Genetic Algorithm Best-of-3,False,3.0,3.0,100.0,50.0,0.1,2289,100,,,196.40816316797282,True,,2289,100,35,53,68.82499145899783,best_known,2289,1.0,False
planar_weighted_large_budget100,planar_weighted_large,100,graph_037.txt,greedy_planar_weighted_large_b100,greedy_planar_weighted_large_b100,greedy,Greedy Baseline,False,,,,,,2499,100,,,2.6299624579842202,True,,2499,100,37,58,,best_known,2499,1.0,True
planar_weighted_large_budget100,planar_weighted_large,100,graph_037.txt,ga_best_of_3_planar_weighted_large_budget100,ga_planar_weighted_large_b100_seed003,ga_best_of_n,Genetic Algorithm Best-of-3,False,3.0,3.0,100.0,50.0,0.1,2499,100,,,210.0339572080411,True,,2499,100,37,58,73.00938554201275,best_known,2499,1.0,False
planar_weighted_large_budget100,planar_weighted_large,100,graph_038.txt,greedy_planar_weighted_large_b100,greedy_planar_weighted_large_b100,greedy,Greedy Baseline,False,,,,,,1950,100,,,1.9887990409915801,True,,1950,100,29,43,,best_known,2016,0.9672619047619048,False
planar_weighted_large_budget100,planar_weighted_large,100,graph_038.txt,ga_best_of_3_planar_weighted_large_budget100,ga_planar_weighted_large_b100_seed002,ga_best_of_n,Genetic Algorithm Best-of-3,False,2.0,3.0,100.0,50.0,0.1,2016,100,,,142.42491358399275,True,,2016,100,29,43,52.960632375004934,best_known,2016,1.0,True
planar_weighted_large_budget100,planar_weighted_large,100,graph_039.txt,greedy_planar_weighted_large_b100,greedy_planar_weighted_large_b100,greedy,Greedy Baseline,False,,,,,,2318,100,,,2.483664500003215,True,,2318,100,35,54,,best_known,2318,1.0,True
planar_weighted_large_budget100,planar_weighted_large,100,graph_039.txt,ga_best_of_3_planar_weighted_large_budget100,ga_planar_weighted_large_b100_seed003,ga_best_of_n,Genetic Algorithm Best-of-3,False,3.0,3.0,100.0,50.0,0.1,2318,100,,,203.40357870800653,True,,2318,100,35,54,71.36722416602424,best_known,2318,1.0,False
planar_weighted_large_budget100,planar_weighted_large,100,graph_040.txt,greedy_planar_weighted_large_b100,greedy_planar_weighted_large_b100,greedy,Greedy Baseline,False,,,,,,1911,100,,,2.30065916699823,True,,1911,100,30,41,,best_known,1911,1.0,True
planar_weighted_large_budget100,planar_weighted_large,100,graph_040.txt,ga_best_of_3_planar_weighted_large_budget100,ga_planar_weighted_large_b100_seed003,ga_best_of_n,Genetic Algorithm Best-of-3,False,3.0,3.0,100.0,50.0,0.1,1911,100,,,157.2718971670256,True,,1911,100,30,41,56.744500375003554,best_known,1911,1.0,False
planar_weighted_large_budget100,planar_weighted_large,100,graph_041.txt,greedy_planar_weighted_large_b100,greedy_planar_weighted_large_b100,greedy,Greedy Baseline,False,,,,,,2439,100,,,2.309185874997638,True,,2439,100,36,60,,best_known,2439,1.0,True
planar_weighted_large_budget100,planar_weighted_large,100,graph_041.txt,ga_best_of_3_planar_weighted_large_budget100,ga_planar_weighted_large_b100_seed003,ga_best_of_n,Genetic Algorithm Best-of-3,False,3.0,3.0,100.0,50.0,0.1,2439,100,,,202.74983275000704,True,,2439,100,36,60,74.04844574999879,best_known,2439,1.0,False
planar_weighted_large_budget100,planar_weighted_large,100,graph_042.txt,greedy_planar_weighted_large_b100,greedy_planar_weighted_large_b100,greedy,Greedy Baseline,False,,,,,,2608,100,,,2.8304379580076784,True,,2608,100,40,67,,best_known,2668,0.9775112443778111,False
planar_weighted_large_budget100,planar_weighted_large,100,graph_042.txt,ga_best_of_3_planar_weighted_large_budget100,ga_planar_weighted_large_b100_seed001,ga_best_of_n,Genetic Algorithm Best-of-3,False,1.0,3.0,100.0,50.0,0.1,2668,100,,,240.56156075000763,True,,2668,100,41,67,74.44683575001545,best_known,2668,1.0,True
planar_weighted_large_budget100,planar_weighted_large,100,graph_043.txt,greedy_planar_weighted_large_b100,greedy_planar_weighted_large_b100,greedy,Greedy Baseline,False,,,,,,2646,100,,,2.366194624977652,True,,2646,100,37,59,,best_known,2648,0.9992447129909365,False
planar_weighted_large_budget100,planar_weighted_large,100,graph_043.txt,ga_best_of_3_planar_weighted_large_budget100,ga_planar_weighted_large_b100_seed001,ga_best_of_n,Genetic Algorithm Best-of-3,False,1.0,3.0,100.0,50.0,0.1,2648,100,,,202.69307649999973,True,,2648,100,38,60,62.07765404100064,best_known,2648,1.0,True
planar_weighted_large_budget100,planar_weighted_large,100,graph_044.txt,greedy_planar_weighted_large_b100,greedy_planar_weighted_large_b100,greedy,Greedy Baseline,False,,,,,,2288,100,,,2.4645549999841023,True,,2288,100,34,59,,best_known,2299,0.9952153110047847,False
planar_weighted_large_budget100,planar_weighted_large,100,graph_044.txt,ga_best_of_3_planar_weighted_large_budget100,ga_planar_weighted_large_b100_seed001,ga_best_of_n,Genetic Algorithm Best-of-3,False,1.0,3.0,100.0,50.0,0.1,2299,100,,,189.95564404100878,True,,2299,100,34,59,58.65140683299978,best_known,2299,1.0,True
planar_weighted_large_budget100,planar_weighted_large,100,graph_045.txt,greedy_planar_weighted_large_b100,greedy_planar_weighted_large_b100,greedy,Greedy Baseline,False,,,,,,2495,100,,,2.536102000012761,True,,2495,100,34,60,,best_known,2495,1.0,True
planar_weighted_large_budget100,planar_weighted_large,100,graph_045.txt,ga_best_of_3_planar_weighted_large_budget100,ga_planar_weighted_large_b100_seed003,ga_best_of_n,Genetic Algorithm Best-of-3,False,3.0,3.0,100.0,50.0,0.1,2495,100,,,213.87965450101183,True,,2495,100,34,60,77.88967375000357,best_known,2495,1.0,False
planar_weighted_large_budget100,planar_weighted_large,100,graph_046.txt,greedy_planar_weighted_large_b100,greedy_planar_weighted_large_b100,greedy,Greedy Baseline,False,,,,,,2680,100,,,2.7441519160056487,True,,2680,100,39,65,,best_known,2680,1.0,True
planar_weighted_large_budget100,planar_weighted_large,100,graph_046.txt,ga_best_of_3_planar_weighted_large_budget100,ga_planar_weighted_large_b100_seed003,ga_best_of_n,Genetic Algorithm Best-of-3,False,3.0,3.0,100.0,50.0,0.1,2680,100,,,220.9072646240238,True,,2680,100,39,65,75.8285238330136,best_known,2680,1.0,False
planar_weighted_large_budget100,planar_weighted_large,100,graph_047.txt,greedy_planar_weighted_large_b100,greedy_planar_weighted_large_b100,greedy,Greedy Baseline,False,,,,,,2908,100,,,3.0618539999995846,True,,2908,100,45,70,,best_known,2908,1.0,True
planar_weighted_large_budget100,planar_weighted_large,100,graph_047.txt,ga_best_of_3_planar_weighted_large_budget100,ga_planar_weighted_large_b100_seed003,ga_best_of_n,Genetic Algorithm Best-of-3,False,3.0,3.0,100.0,50.0,0.1,2908,100,,,259.7804427500232,True,,2908,100,45,70,90.00666866701795,best_known,2908,1.0,False
planar_weighted_large_budget100,planar_weighted_large,100,graph_048.txt,greedy_planar_weighted_large_b100,greedy_planar_weighted_large_b100,greedy,Greedy Baseline,False,,,,,,2049,99,,,2.4463709169940557,True,,2049,99,33,54,,best_known,2058,0.9956268221574344,False
planar_weighted_large_budget100,planar_weighted_large,100,graph_048.txt,ga_best_of_3_planar_weighted_large_budget100,ga_planar_weighted_large_b100_seed003,ga_best_of_n,Genetic Algorithm Best-of-3,False,3.0,3.0,100.0,50.0,0.1,2058,99,,,184.27436329302145,True,,2058,99,36,50,57.51680520901573,best_known,2058,1.0,True
planar_weighted_large_budget100,planar_weighted_large,100,graph_049.txt,greedy_planar_weighted_large_b100,greedy_planar_weighted_large_b100,greedy,Greedy Baseline,False,,,,,,2507,99,,,2.9453524590062443,True,,2507,99,38,59,,best_known,2513,0.9976124154397135,False
planar_weighted_large_budget100,planar_weighted_large,100,graph_049.txt,ga_best_of_3_planar_weighted_large_budget100,ga_planar_weighted_large_b100_seed003,ga_best_of_n,Genetic Algorithm Best-of-3,False,3.0,3.0,100.0,50.0,0.1,2513,99,,,210.94498808300705,True,,2513,99,38,57,70.83841012499761,best_known,2513,1.0,True
planar_weighted_large_budget100,planar_weighted_large,100,graph_050.txt,greedy_planar_weighted_large_b100,greedy_planar_weighted_large_b100,greedy,Greedy Baseline,False,,,,,,2530,100,,,2.7789988750009798,True,,2530,100,37,59,,best_known,2530,1.0,True
planar_weighted_large_budget100,planar_weighted_large,100,graph_050.txt,ga_best_of_3_planar_weighted_large_budget100,ga_planar_weighted_large_b100_seed003,ga_best_of_n,Genetic Algorithm Best-of-3,False,3.0,3.0,100.0,50.0,0.1,2530,100,,,222.51679433399113,True,,2530,100,37,59,77.77439000000595,best_known,2530,1.0,False
planar_weighted_large_budget100,planar_weighted_large,100,graph_051.txt,greedy_planar_weighted_large_b100,greedy_planar_weighted_large_b100,greedy,Greedy Baseline,False,,,,,,2841,100,,,2.8925930419936776,True,,2841,100,37,64,,best_known,2841,1.0,True
planar_weighted_large_budget100,planar_weighted_large,100,graph_051.txt,ga_best_of_3_planar_weighted_large_budget100,ga_planar_weighted_large_b100_seed003,ga_best_of_n,Genetic Algorithm Best-of-3,False,3.0,3.0,100.0,50.0,0.1,2841,100,,,220.73345112497918,True,,2841,100,37,64,77.61187087500002,best_known,2841,1.0,False
planar_weighted_large_budget100,planar_weighted_large,100,graph_052.txt,greedy_planar_weighted_large_b100,greedy_planar_weighted_large_b100,greedy,Greedy Baseline,False,,,,,,2299,100,,,2.440943374997005,True,,2299,100,35,55,,best_known,2299,1.0,True
planar_weighted_large_budget100,planar_weighted_large,100,graph_052.txt,ga_best_of_3_planar_weighted_large_budget100,ga_planar_weighted_large_b100_seed003,ga_best_of_n,Genetic Algorithm Best-of-3,False,3.0,3.0,100.0,50.0,0.1,2299,100,,,193.26179566700011,True,,2299,100,35,55,70.58086449999246,best_known,2299,1.0,False
planar_weighted_large_budget100,planar_weighted_large,100,graph_053.txt,greedy_planar_weighted_large_b100,greedy_planar_weighted_large_b100,greedy,Greedy Baseline,False,,,,,,2643,99,,,3.1680419580079615,True,,2643,99,36,67,,best_known,2649,0.9977349943374858,False
planar_weighted_large_budget100,planar_weighted_large,100,graph_053.txt,ga_best_of_3_planar_weighted_large_budget100,ga_planar_weighted_large_b100_seed002,ga_best_of_n,Genetic Algorithm Best-of-3,False,2.0,3.0,100.0,50.0,0.1,2649,99,,,266.6309782920289,True,,2649,99,36,65,89.90749537502415,best_known,2649,1.0,True
planar_weighted_large_budget100,planar_weighted_large,100,graph_054.txt,greedy_planar_weighted_large_b100,greedy_planar_weighted_large_b100,greedy,Greedy Baseline,False,,,,,,1989,99,,,2.307065583008807,True,,1989,99,34,53,,best_known,1989,1.0,True
planar_weighted_large_budget100,planar_weighted_large,100,graph_054.txt,ga_best_of_3_planar_weighted_large_budget100,ga_planar_weighted_large_b100_seed003,ga_best_of_n,Genetic Algorithm Best-of-3,False,3.0,3.0,100.0,50.0,0.1,1989,99,,,180.50040637500933,True,,1989,99,34,53,63.66341929201735,best_known,1989,1.0,False
planar_weighted_large_budget100,planar_weighted_large,100,graph_055.txt,greedy_planar_weighted_large_b100,greedy_planar_weighted_large_b100,greedy,Greedy Baseline,False,,,,,,2275,100,,,2.366011916019488,True,,2275,100,35,58,,best_known,2275,1.0,True
planar_weighted_large_budget100,planar_weighted_large,100,graph_055.txt,ga_best_of_3_planar_weighted_large_budget100,ga_planar_weighted_large_b100_seed003,ga_best_of_n,Genetic Algorithm Best-of-3,False,3.0,3.0,100.0,50.0,0.1,2275,100,,,201.4725633340131,True,,2275,100,35,58,70.88545954201254,best_known,2275,1.0,False
planar_weighted_large_budget100,planar_weighted_large,100,graph_056.txt,greedy_planar_weighted_large_b100,greedy_planar_weighted_large_b100,greedy,Greedy Baseline,False,,,,,,2798,100,,,2.9889951660006773,True,,2798,100,43,73,,best_known,2820,0.9921985815602837,False
planar_weighted_large_budget100,planar_weighted_large,100,graph_056.txt,ga_best_of_3_planar_weighted_large_budget100,ga_planar_weighted_large_b100_seed001,ga_best_of_n,Genetic Algorithm Best-of-3,False,1.0,3.0,100.0,50.0,0.1,2820,100,,,253.16881800000556,True,,2820,100,44,72,77.20203829201637,best_known,2820,1.0,True
planar_weighted_large_budget100,planar_weighted_large,100,graph_057.txt,greedy_planar_weighted_large_b100,greedy_planar_weighted_large_b100,greedy,Greedy Baseline,False,,,,,,2139,100,,,2.3910134170146193,True,,2139,100,30,55,,best_known,2139,1.0,True
planar_weighted_large_budget100,planar_weighted_large,100,graph_057.txt,ga_best_of_3_planar_weighted_large_budget100,ga_planar_weighted_large_b100_seed003,ga_best_of_n,Genetic Algorithm Best-of-3,False,3.0,3.0,100.0,50.0,0.1,2139,100,,,202.15562591599883,True,,2139,100,30,55,69.76184845800162,best_known,2139,1.0,False
planar_weighted_large_budget100,planar_weighted_large,100,graph_058.txt,greedy_planar_weighted_large_b100,greedy_planar_weighted_large_b100,greedy,Greedy Baseline,False,,,,,,2416,99,,,2.838698999985354,True,,2416,99,35,60,,best_known,2435,0.9921971252566735,False
planar_weighted_large_budget100,planar_weighted_large,100,graph_058.txt,ga_best_of_3_planar_weighted_large_budget100,ga_planar_weighted_large_b100_seed002,ga_best_of_n,Genetic Algorithm Best-of-3,False,2.0,3.0,100.0,50.0,0.1,2435,99,,,242.47451054200064,True,,2435,99,35,60,84.64104349998524,best_known,2435,1.0,True
planar_weighted_large_budget100,planar_weighted_large,100,graph_059.txt,greedy_planar_weighted_large_b100,greedy_planar_weighted_large_b100,greedy,Greedy Baseline,False,,,,,,2586,100,,,2.6092354579886887,True,,2586,100,39,62,,best_known,2586,1.0,True
planar_weighted_large_budget100,planar_weighted_large,100,graph_059.txt,ga_best_of_3_planar_weighted_large_budget100,ga_planar_weighted_large_b100_seed003,ga_best_of_n,Genetic Algorithm Best-of-3,False,3.0,3.0,100.0,50.0,0.1,2586,100,,,243.5638421679614,True,,2586,100,39,62,86.550868041988,best_known,2586,1.0,False
planar_weighted_large_budget100,planar_weighted_large,100,graph_060.txt,greedy_planar_weighted_large_b100,greedy_planar_weighted_large_b100,greedy,Greedy Baseline,False,,,,,,2350,99,,,2.6267240419983864,True,,2350,99,36,61,,best_known,2474,0.9498787388843978,False
planar_weighted_large_budget100,planar_weighted_large,100,graph_060.txt,ga_best_of_3_planar_weighted_large_budget100,ga_planar_weighted_large_b100_seed003,ga_best_of_n,Genetic Algorithm Best-of-3,False,3.0,3.0,100.0,50.0,0.1,2474,99,,,206.0443184589676,True,,2474,99,40,61,70.09486216699588,best_known,2474,1.0,True
planar_weighted_large_budget100,planar_weighted_large,100,graph_061.txt,greedy_planar_weighted_large_b100,greedy_planar_weighted_large_b100,greedy,Greedy Baseline,False,,,,,,2143,100,,,2.0414501249906607,True,,2143,100,31,47,,best_known,2168,0.9884686346863468,False
planar_weighted_large_budget100,planar_weighted_large,100,graph_061.txt,ga_best_of_3_planar_weighted_large_budget100,ga_planar_weighted_large_b100_seed003,ga_best_of_n,Genetic Algorithm Best-of-3,False,3.0,3.0,100.0,50.0,0.1,2168,99,,,131.90623604197754,True,,2168,99,32,47,45.8552667920012,best_known,2168,1.0,True
planar_weighted_large_budget100,planar_weighted_large,100,graph_062.txt,greedy_planar_weighted_large_b100,greedy_planar_weighted_large_b100,greedy,Greedy Baseline,False,,,,,,2566,100,,,2.4240686660050415,True,,2566,100,32,50,,best_known,2593,0.9895873505591979,False
planar_weighted_large_budget100,planar_weighted_large,100,graph_062.txt,ga_best_of_3_planar_weighted_large_budget100,ga_planar_weighted_large_b100_seed002,ga_best_of_n,Genetic Algorithm Best-of-3,False,2.0,3.0,100.0,50.0,0.1,2593,100,,,207.02236295802868,True,,2593,100,33,51,72.78339554200647,best_known,2593,1.0,True
planar_weighted_large_budget100,planar_weighted_large,100,graph_063.txt,greedy_planar_weighted_large_b100,greedy_planar_weighted_large_b100,greedy,Greedy Baseline,False,,,,,,2577,100,,,2.910029749997193,True,,2577,100,42,73,,best_known,2593,0.9938295410721172,False
planar_weighted_large_budget100,planar_weighted_large,100,graph_063.txt,ga_best_of_3_planar_weighted_large_budget100,ga_planar_weighted_large_b100_seed003,ga_best_of_n,Genetic Algorithm Best-of-3,False,3.0,3.0,100.0,50.0,0.1,2593,100,,,246.0304224989959,True,,2593,100,43,74,89.65585370801273,best_known,2593,1.0,True
planar_weighted_large_budget100,planar_weighted_large,100,graph_064.txt,greedy_planar_weighted_large_b100,greedy_planar_weighted_large_b100,greedy,Greedy Baseline,False,,,,,,1960,99,,,2.473880542005645,True,,1960,99,28,44,,best_known,1968,0.9959349593495935,False
planar_weighted_large_budget100,planar_weighted_large,100,graph_064.txt,ga_best_of_3_planar_weighted_large_budget100,ga_planar_weighted_large_b100_seed002,ga_best_of_n,Genetic Algorithm Best-of-3,False,2.0,3.0,100.0,50.0,0.1,1968,99,,,172.49665020802058,True,,1968,99,29,46,60.766304832999595,best_known,1968,1.0,True
planar_weighted_large_budget100,planar_weighted_large,100,graph_065.txt,greedy_planar_weighted_large_b100,greedy_planar_weighted_large_b100,greedy,Greedy Baseline,False,,,,,,2428,99,,,2.467862542020157,True,,2428,99,36,55,,best_known,2472,0.982200647249191,False
planar_weighted_large_budget100,planar_weighted_large,100,graph_065.txt,ga_best_of_3_planar_weighted_large_budget100,ga_planar_weighted_large_b100_seed001,ga_best_of_n,Genetic Algorithm Best-of-3,False,1.0,3.0,100.0,50.0,0.1,2472,99,,,207.1118567090016,True,,2472,99,38,56,60.52362920899759,best_known,2472,1.0,True
planar_weighted_large_budget100,planar_weighted_large,100,graph_066.txt,greedy_planar_weighted_large_b100,greedy_planar_weighted_large_b100,greedy,Greedy Baseline,False,,,,,,2212,100,,,2.6044178330048453,True,,2212,100,33,56,,best_known,2212,1.0,True
planar_weighted_large_budget100,planar_weighted_large,100,graph_066.txt,ga_best_of_3_planar_weighted_large_budget100,ga_planar_weighted_large_b100_seed003,ga_best_of_n,Genetic Algorithm Best-of-3,False,3.0,3.0,100.0,50.0,0.1,2212,100,,,183.79092708299868,True,,2212,100,33,56,63.14723545900779,best_known,2212,1.0,False
planar_weighted_large_budget100,planar_weighted_large,100,graph_067.txt,greedy_planar_weighted_large_b100,greedy_planar_weighted_large_b100,greedy,Greedy Baseline,False,,,,,,2296,100,,,2.3784491250116844,True,,2296,100,36,58,,best_known,2296,1.0,True
planar_weighted_large_budget100,planar_weighted_large,100,graph_067.txt,ga_best_of_3_planar_weighted_large_budget100,ga_planar_weighted_large_b100_seed003,ga_best_of_n,Genetic Algorithm Best-of-3,False,3.0,3.0,100.0,50.0,0.1,2296,100,,,203.42776733398205,True,,2296,100,36,58,70.49020374999964,best_known,2296,1.0,False
planar_weighted_large_budget100,planar_weighted_large,100,graph_068.txt,greedy_planar_weighted_large_b100,greedy_planar_weighted_large_b100,greedy,Greedy Baseline,False,,,,,,2128,99,,,2.616450250003254,True,,2128,99,35,59,,best_known,2128,1.0,True
planar_weighted_large_budget100,planar_weighted_large,100,graph_068.txt,ga_best_of_3_planar_weighted_large_budget100,ga_planar_weighted_large_b100_seed003,ga_best_of_n,Genetic Algorithm Best-of-3,False,3.0,3.0,100.0,50.0,0.1,2128,99,,,218.9329915420094,True,,2128,99,35,59,78.34441070799949,best_known,2128,1.0,False
planar_weighted_large_budget100,planar_weighted_large,100,graph_069.txt,greedy_planar_weighted_large_b100,greedy_planar_weighted_large_b100,greedy,Greedy Baseline,False,,,,,,2192,100,,,2.288874042016687,True,,2192,100,31,50,,best_known,2192,1.0,True
planar_weighted_large_budget100,planar_weighted_large,100,graph_069.txt,ga_best_of_3_planar_weighted_large_budget100,ga_planar_weighted_large_b100_seed003,ga_best_of_n,Genetic Algorithm Best-of-3,False,3.0,3.0,100.0,50.0,0.1,2192,100,,,180.34775091696065,True,,2192,100,31,50,62.11721495797974,best_known,2192,1.0,False
planar_weighted_large_budget100,planar_weighted_large,100,graph_070.txt,greedy_planar_weighted_large_b100,greedy_planar_weighted_large_b100,greedy,Greedy Baseline,False,,,,,,2574,99,,,2.5071416669816244,True,,2574,99,39,65,,best_known,2660,0.9676691729323308,False
planar_weighted_large_budget100,planar_weighted_large,100,graph_070.txt,ga_best_of_3_planar_weighted_large_budget100,ga_planar_weighted_large_b100_seed002,ga_best_of_n,Genetic Algorithm Best-of-3,False,2.0,3.0,100.0,50.0,0.1,2660,100,,,225.75057775099413,True,,2660,100,41,62,78.52367749999394,best_known,2660,1.0,True
planar_weighted_large_budget100,planar_weighted_large,100,graph_071.txt,greedy_planar_weighted_large_b100,greedy_planar_weighted_large_b100,greedy,Greedy Baseline,False,,,,,,2357,100,,,2.5935780410072766,True,,2357,100,36,60,,best_known,2357,1.0,True
planar_weighted_large_budget100,planar_weighted_large,100,graph_071.txt,ga_best_of_3_planar_weighted_large_budget100,ga_planar_weighted_large_b100_seed003,ga_best_of_n,Genetic Algorithm Best-of-3,False,3.0,3.0,100.0,50.0,0.1,2357,100,,,215.13280845803092,True,,2357,100,36,60,77.30267691600602,best_known,2357,1.0,False
planar_weighted_large_budget100,planar_weighted_large,100,graph_072.txt,greedy_planar_weighted_large_b100,greedy_planar_weighted_large_b100,greedy,Greedy Baseline,False,,,,,,2500,99,,,2.3130204170010984,True,,2500,99,37,52,,best_known,2540,0.984251968503937,False
planar_weighted_large_budget100,planar_weighted_large,100,graph_072.txt,ga_best_of_3_planar_weighted_large_budget100,ga_planar_weighted_large_b100_seed002,ga_best_of_n,Genetic Algorithm Best-of-3,False,2.0,3.0,100.0,50.0,0.1,2540,99,,,162.94335145803052,True,,2540,99,38,54,60.20028220801032,best_known,2540,1.0,True
planar_weighted_large_budget100,planar_weighted_large,100,graph_073.txt,greedy_planar_weighted_large_b100,greedy_planar_weighted_large_b100,greedy,Greedy Baseline,False,,,,,,2114,100,,,2.2087484579824377,True,,2114,100,33,58,,best_known,2139,0.9883122954651706,False
planar_weighted_large_budget100,planar_weighted_large,100,graph_073.txt,ga_best_of_3_planar_weighted_large_budget100,ga_planar_weighted_large_b100_seed003,ga_best_of_n,Genetic Algorithm Best-of-3,False,3.0,3.0,100.0,50.0,0.1,2139,100,,,158.76787233303185,True,,2139,100,34,58,56.91290837500128,best_known,2139,1.0,True
planar_weighted_large_budget100,planar_weighted_large,100,graph_074.txt,greedy_planar_weighted_large_b100,greedy_planar_weighted_large_b100,greedy,Greedy Baseline,False,,,,,,1959,100,,,2.1644685420033056,True,,1959,100,32,49,,best_known,1959,1.0,True
planar_weighted_large_budget100,planar_weighted_large,100,graph_074.txt,ga_best_of_3_planar_weighted_large_budget100,ga_planar_weighted_large_b100_seed003,ga_best_of_n,Genetic Algorithm Best-of-3,False,3.0,3.0,100.0,50.0,0.1,1959,100,,,152.05204987499746,True,,1959,100,32,49,52.80446324998047,best_known,1959,1.0,False
planar_weighted_large_budget100,planar_weighted_large,100,graph_075.txt,greedy_planar_weighted_large_b100,greedy_planar_weighted_large_b100,greedy,Greedy Baseline,False,,,,,,2136,98,,,2.4130766249727458,True,,2136,98,35,50,,best_known,2136,1.0,True
planar_weighted_large_budget100,planar_weighted_large,100,graph_075.txt,ga_best_of_3_planar_weighted_large_budget100,ga_planar_weighted_large_b100_seed003,ga_best_of_n,Genetic Algorithm Best-of-3,False,3.0,3.0,100.0,50.0,0.1,2136,98,,,184.01977687398903,True,,2136,98,35,50,65.48055870798999,best_known,2136,1.0,False
planar_weighted_large_budget100,planar_weighted_large,100,graph_076.txt,greedy_planar_weighted_large_b100,greedy_planar_weighted_large_b100,greedy,Greedy Baseline,False,,,,,,2152,100,,,2.7840287080034614,True,,2152,100,37,58,,best_known,2153,0.9995355318160706,False
planar_weighted_large_budget100,planar_weighted_large,100,graph_076.txt,ga_best_of_3_planar_weighted_large_budget100,ga_planar_weighted_large_b100_seed001,ga_best_of_n,Genetic Algorithm Best-of-3,False,1.0,3.0,100.0,50.0,0.1,2153,100,,,188.2942366260104,True,,2153,100,37,58,55.02900987499743,best_known,2153,1.0,True
planar_weighted_large_budget100,planar_weighted_large,100,graph_077.txt,greedy_planar_weighted_large_b100,greedy_planar_weighted_large_b100,greedy,Greedy Baseline,False,,,,,,2764,99,,,2.734938792011235,True,,2764,99,38,65,,best_known,2764,1.0,True
planar_weighted_large_budget100,planar_weighted_large,100,graph_077.txt,ga_best_of_3_planar_weighted_large_budget100,ga_planar_weighted_large_b100_seed003,ga_best_of_n,Genetic Algorithm Best-of-3,False,3.0,3.0,100.0,50.0,0.1,2764,99,,,285.18523145801737,True,,2764,99,38,65,82.04413912500604,best_known,2764,1.0,False
planar_weighted_large_budget100,planar_weighted_large,100,graph_078.txt,greedy_planar_weighted_large_b100,greedy_planar_weighted_large_b100,greedy,Greedy Baseline,False,,,,,,2559,99,,,2.6720470000000205,True,,2559,99,37,61,,best_known,2561,0.9992190550566185,False
planar_weighted_large_budget100,planar_weighted_large,100,graph_078.txt,ga_best_of_3_planar_weighted_large_budget100,ga_planar_weighted_large_b100_seed003,ga_best_of_n,Genetic Algorithm Best-of-3,False,3.0,3.0,100.0,50.0,0.1,2561,100,,,223.08572708402062,True,,2561,100,38,61,76.09504291700432,best_known,2561,1.0,True
planar_weighted_large_budget100,planar_weighted_large,100,graph_079.txt,greedy_planar_weighted_large_b100,greedy_planar_weighted_large_b100,greedy,Greedy Baseline,False,,,,,,2306,99,,,2.721764916990651,True,,2306,99,35,65,,best_known,2306,1.0,True
planar_weighted_large_budget100,planar_weighted_large,100,graph_079.txt,ga_best_of_3_planar_weighted_large_budget100,ga_planar_weighted_large_b100_seed003,ga_best_of_n,Genetic Algorithm Best-of-3,False,3.0,3.0,100.0,50.0,0.1,2306,99,,,229.62241762597114,True,,2306,99,35,65,80.34110216700356,best_known,2306,1.0,False
planar_weighted_large_budget100,planar_weighted_large,100,graph_080.txt,greedy_planar_weighted_large_b100,greedy_planar_weighted_large_b100,greedy,Greedy Baseline,False,,,,,,2297,99,,,2.423923249996733,True,,2297,99,36,55,,best_known,2297,1.0,True
planar_weighted_large_budget100,planar_weighted_large,100,graph_080.txt,ga_best_of_3_planar_weighted_large_budget100,ga_planar_weighted_large_b100_seed003,ga_best_of_n,Genetic Algorithm Best-of-3,False,3.0,3.0,100.0,50.0,0.1,2297,99,,,211.2795420429611,True,,2297,99,36,55,74.74705516698305,best_known,2297,1.0,False
planar_weighted_large_budget100,planar_weighted_large,100,graph_081.txt,greedy_planar_weighted_large_b100,greedy_planar_weighted_large_b100,greedy,Greedy Baseline,False,,,,,,2272,99,,,2.9988755420199595,True,,2272,99,35,61,,best_known,2272,1.0,True
planar_weighted_large_budget100,planar_weighted_large,100,graph_081.txt,ga_best_of_3_planar_weighted_large_budget100,ga_planar_weighted_large_b100_seed003,ga_best_of_n,Genetic Algorithm Best-of-3,False,3.0,3.0,100.0,50.0,0.1,2272,99,,,227.5539510420349,True,,2272,99,35,61,78.50256191700464,best_known,2272,1.0,False
planar_weighted_large_budget100,planar_weighted_large,100,graph_082.txt,greedy_planar_weighted_large_b100,greedy_planar_weighted_large_b100,greedy,Greedy Baseline,False,,,,,,2277,99,,,2.804488082998432,True,,2277,99,34,53,,best_known,2277,1.0,True
planar_weighted_large_budget100,planar_weighted_large,100,graph_082.txt,ga_best_of_3_planar_weighted_large_budget100,ga_planar_weighted_large_b100_seed003,ga_best_of_n,Genetic Algorithm Best-of-3,False,3.0,3.0,100.0,50.0,0.1,2277,99,,,226.55651445797412,True,,2277,99,34,53,78.67374674999155,best_known,2277,1.0,False
planar_weighted_large_budget100,planar_weighted_large,100,graph_083.txt,greedy_planar_weighted_large_b100,greedy_planar_weighted_large_b100,greedy,Greedy Baseline,False,,,,,,2160,99,,,2.168207082984736,True,,2160,99,33,51,,best_known,2160,1.0,True
planar_weighted_large_budget100,planar_weighted_large,100,graph_083.txt,ga_best_of_3_planar_weighted_large_budget100,ga_planar_weighted_large_b100_seed003,ga_best_of_n,Genetic Algorithm Best-of-3,False,3.0,3.0,100.0,50.0,0.1,2160,99,,,192.70377858399297,True,,2160,99,33,51,68.95394875001512,best_known,2160,1.0,False
planar_weighted_large_budget100,planar_weighted_large,100,graph_084.txt,greedy_planar_weighted_large_b100,greedy_planar_weighted_large_b100,greedy,Greedy Baseline,False,,,,,,2485,99,,,2.7180762499920093,True,,2485,99,36,62,,best_known,2493,0.9967910148415564,False
planar_weighted_large_budget100,planar_weighted_large,100,graph_084.txt,ga_best_of_3_planar_weighted_large_budget100,ga_planar_weighted_large_b100_seed002,ga_best_of_n,Genetic Algorithm Best-of-3,False,2.0,3.0,100.0,50.0,0.1,2493,100,,,223.77412379099405,True,,2493,100,37,61,79.10262183300802,best_known,2493,1.0,True
planar_weighted_large_budget100,planar_weighted_large,100,graph_085.txt,greedy_planar_weighted_large_b100,greedy_planar_weighted_large_b100,greedy,Greedy Baseline,False,,,,,,2583,99,,,2.581190583994612,True,,2583,99,38,60,,best_known,2617,0.9870080244554834,False
planar_weighted_large_budget100,planar_weighted_large,100,graph_085.txt,ga_best_of_3_planar_weighted_large_budget100,ga_planar_weighted_large_b100_seed003,ga_best_of_n,Genetic Algorithm Best-of-3,False,3.0,3.0,100.0,50.0,0.1,2617,100,,,210.29819758300437,True,,2617,100,39,59,75.42236091700033,best_known,2617,1.0,True
planar_weighted_large_budget100,planar_weighted_large,100,graph_086.txt,greedy_planar_weighted_large_b100,greedy_planar_weighted_large_b100,greedy,Greedy Baseline,False,,,,,,2393,100,,,2.3582298750116024,True,,2393,100,35,50,,best_known,2400,0.9970833333333333,False
planar_weighted_large_budget100,planar_weighted_large,100,graph_086.txt,ga_best_of_3_planar_weighted_large_budget100,ga_planar_weighted_large_b100_seed002,ga_best_of_n,Genetic Algorithm Best-of-3,False,2.0,3.0,100.0,50.0,0.1,2400,100,,,180.18555379100144,True,,2400,100,35,50,62.87779516700539,best_known,2400,1.0,True
planar_weighted_large_budget100,planar_weighted_large,100,graph_087.txt,greedy_planar_weighted_large_b100,greedy_planar_weighted_large_b100,greedy,Greedy Baseline,False,,,,,,2423,100,,,2.3635860419890378,True,,2423,100,34,55,,best_known,2428,0.9979406919275123,False
planar_weighted_large_budget100,planar_weighted_large,100,graph_087.txt,ga_best_of_3_planar_weighted_large_budget100,ga_planar_weighted_large_b100_seed002,ga_best_of_n,Genetic Algorithm Best-of-3,False,2.0,3.0,100.0,50.0,0.1,2428,100,,,181.4774730830104,True,,2428,100,35,57,64.85418887500418,best_known,2428,1.0,True
planar_weighted_large_budget100,planar_weighted_large,100,graph_088.txt,greedy_planar_weighted_large_b100,greedy_planar_weighted_large_b100,greedy,Greedy Baseline,False,,,,,,2516,100,,,2.6801106249913573,True,,2516,100,38,60,,best_known,2516,1.0,True
planar_weighted_large_budget100,planar_weighted_large,100,graph_088.txt,ga_best_of_3_planar_weighted_large_budget100,ga_planar_weighted_large_b100_seed003,ga_best_of_n,Genetic Algorithm Best-of-3,False,3.0,3.0,100.0,50.0,0.1,2516,100,,,205.828717418015,True,,2516,100,38,60,73.8818259589898,best_known,2516,1.0,False
planar_weighted_large_budget100,planar_weighted_large,100,graph_089.txt,greedy_planar_weighted_large_b100,greedy_planar_weighted_large_b100,greedy,Greedy Baseline,False,,,,,,2013,100,,,2.210517792002065,True,,2013,100,29,49,,best_known,2013,1.0,True
planar_weighted_large_budget100,planar_weighted_large,100,graph_089.txt,ga_best_of_3_planar_weighted_large_budget100,ga_planar_weighted_large_b100_seed003,ga_best_of_n,Genetic Algorithm Best-of-3,False,3.0,3.0,100.0,50.0,0.1,2013,100,,,139.98150924994843,True,,2013,100,29,49,49.24760358297499,best_known,2013,1.0,False
planar_weighted_large_budget100,planar_weighted_large,100,graph_090.txt,greedy_planar_weighted_large_b100,greedy_planar_weighted_large_b100,greedy,Greedy Baseline,False,,,,,,2466,100,,,2.3870586669945624,True,,2466,100,37,52,,best_known,2466,1.0,True
planar_weighted_large_budget100,planar_weighted_large,100,graph_090.txt,ga_best_of_3_planar_weighted_large_budget100,ga_planar_weighted_large_b100_seed003,ga_best_of_n,Genetic Algorithm Best-of-3,False,3.0,3.0,100.0,50.0,0.1,2466,100,,,184.10792949897586,True,,2466,100,37,52,64.95718450000277,best_known,2466,1.0,False
planar_weighted_large_budget100,planar_weighted_large,100,graph_091.txt,greedy_planar_weighted_large_b100,greedy_planar_weighted_large_b100,greedy,Greedy Baseline,False,,,,,,2950,100,,,3.235435958020389,True,,2950,100,40,75,,best_known,2950,1.0,True
planar_weighted_large_budget100,planar_weighted_large,100,graph_091.txt,ga_best_of_3_planar_weighted_large_budget100,ga_planar_weighted_large_b100_seed003,ga_best_of_n,Genetic Algorithm Best-of-3,False,3.0,3.0,100.0,50.0,0.1,2950,100,,,271.96890616600285,True,,2950,100,40,75,96.18032212500111,best_known,2950,1.0,False
planar_weighted_large_budget100,planar_weighted_large,100,graph_092.txt,greedy_planar_weighted_large_b100,greedy_planar_weighted_large_b100,greedy,Greedy Baseline,False,,,,,,2881,100,,,2.5017081249970943,True,,2881,100,39,62,,best_known,2881,1.0,True
planar_weighted_large_budget100,planar_weighted_large,100,graph_092.txt,ga_best_of_3_planar_weighted_large_budget100,ga_planar_weighted_large_b100_seed003,ga_best_of_n,Genetic Algorithm Best-of-3,False,3.0,3.0,100.0,50.0,0.1,2881,100,,,200.29671087497263,True,,2881,100,39,62,72.92472912499215,best_known,2881,1.0,False
planar_weighted_large_budget100,planar_weighted_large,100,graph_093.txt,greedy_planar_weighted_large_b100,greedy_planar_weighted_large_b100,greedy,Greedy Baseline,False,,,,,,2320,100,,,2.2706362919998355,True,,2320,100,33,52,,best_known,2320,1.0,True
planar_weighted_large_budget100,planar_weighted_large,100,graph_093.txt,ga_best_of_3_planar_weighted_large_budget100,ga_planar_weighted_large_b100_seed003,ga_best_of_n,Genetic Algorithm Best-of-3,False,3.0,3.0,100.0,50.0,0.1,2320,100,,,175.63500374997966,True,,2320,100,33,52,61.80600958300056,best_known,2320,1.0,False
planar_weighted_large_budget100,planar_weighted_large,100,graph_094.txt,greedy_planar_weighted_large_b100,greedy_planar_weighted_large_b100,greedy,Greedy Baseline,False,,,,,,2267,99,,,2.367049833002966,True,,2267,99,34,51,,best_known,2323,0.9758932414980629,False
planar_weighted_large_budget100,planar_weighted_large,100,graph_094.txt,ga_best_of_3_planar_weighted_large_budget100,ga_planar_weighted_large_b100_seed001,ga_best_of_n,Genetic Algorithm Best-of-3,False,1.0,3.0,100.0,50.0,0.1,2323,100,,,161.94529475001036,True,,2323,100,36,49,40.57262225000886,best_known,2323,1.0,True
planar_weighted_large_budget100,planar_weighted_large,100,graph_095.txt,greedy_planar_weighted_large_b100,greedy_planar_weighted_large_b100,greedy,Greedy Baseline,False,,,,,,2520,99,,,2.6394142089993693,True,,2520,99,38,61,,best_known,2521,0.9996033320111067,False
planar_weighted_large_budget100,planar_weighted_large,100,graph_095.txt,ga_best_of_3_planar_weighted_large_budget100,ga_planar_weighted_large_b100_seed003,ga_best_of_n,Genetic Algorithm Best-of-3,False,3.0,3.0,100.0,50.0,0.1,2521,100,,,242.58055695798248,True,,2521,100,38,62,85.5827952499967,best_known,2521,1.0,True
planar_weighted_large_budget100,planar_weighted_large,100,graph_096.txt,greedy_planar_weighted_large_b100,greedy_planar_weighted_large_b100,greedy,Greedy Baseline,False,,,,,,2888,99,,,2.7966533330036327,True,,2888,99,40,66,,best_known,2985,0.9675041876046901,False
planar_weighted_large_budget100,planar_weighted_large,100,graph_096.txt,ga_best_of_3_planar_weighted_large_budget100,ga_planar_weighted_large_b100_seed003,ga_best_of_n,Genetic Algorithm Best-of-3,False,3.0,3.0,100.0,50.0,0.1,2985,99,,,218.11865554196993,True,,2985,99,40,64,73.86686237499816,best_known,2985,1.0,True
planar_weighted_large_budget100,planar_weighted_large,100,graph_097.txt,greedy_planar_weighted_large_b100,greedy_planar_weighted_large_b100,greedy,Greedy Baseline,False,,,,,,2165,100,,,2.577244208980119,True,,2165,100,34,56,,best_known,2165,1.0,True
planar_weighted_large_budget100,planar_weighted_large,100,graph_097.txt,ga_best_of_3_planar_weighted_large_budget100,ga_planar_weighted_large_b100_seed003,ga_best_of_n,Genetic Algorithm Best-of-3,False,3.0,3.0,100.0,50.0,0.1,2165,100,,,209.33537729101954,True,,2165,100,34,56,73.04863575001946,best_known,2165,1.0,False
planar_weighted_large_budget100,planar_weighted_large,100,graph_098.txt,greedy_planar_weighted_large_b100,greedy_planar_weighted_large_b100,greedy,Greedy Baseline,False,,,,,,2196,100,,,2.345749792002607,True,,2196,100,36,57,,best_known,2254,0.974267968056788,False
planar_weighted_large_budget100,planar_weighted_large,100,graph_098.txt,ga_best_of_3_planar_weighted_large_budget100,ga_planar_weighted_large_b100_seed002,ga_best_of_n,Genetic Algorithm Best-of-3,False,2.0,3.0,100.0,50.0,0.1,2254,100,,,185.60467096001958,True,,2254,100,37,59,66.05273958400358,best_known,2254,1.0,True
planar_weighted_large_budget100,planar_weighted_large,100,graph_099.txt,greedy_planar_weighted_large_b100,greedy_planar_weighted_large_b100,greedy,Greedy Baseline,False,,,,,,2413,100,,,2.403705667005852,True,,2413,100,34,52,,best_known,2413,1.0,True
planar_weighted_large_budget100,planar_weighted_large,100,graph_099.txt,ga_best_of_3_planar_weighted_large_budget100,ga_planar_weighted_large_b100_seed003,ga_best_of_n,Genetic Algorithm Best-of-3,False,3.0,3.0,100.0,50.0,0.1,2413,100,,,199.7489502080134,True,,2413,100,34,52,68.81263579201186,best_known,2413,1.0,False
planar_weighted_large_budget100,planar_weighted_large,100,graph_100.txt,greedy_planar_weighted_large_b100,greedy_planar_weighted_large_b100,greedy,Greedy Baseline,False,,,,,,2566,100,,,2.5553784579969943,True,,2566,100,40,62,,best_known,2566,1.0,True
planar_weighted_large_budget100,planar_weighted_large,100,graph_100.txt,ga_best_of_3_planar_weighted_large_budget100,ga_planar_weighted_large_b100_seed003,ga_best_of_n,Genetic Algorithm Best-of-3,False,3.0,3.0,100.0,50.0,0.1,2566,100,,,210.44881979000638,True,,2566,100,40,62,70.88120616599917,best_known,2566,1.0,False
planar_weighted_medium_budget100,planar_weighted_medium,100,graph_001.txt,greedy_planar_weighted_medium_b100,greedy_planar_weighted_medium_b100,greedy,Greedy Baseline,False,,,,,,1546,100,,,0.04282449997845106,True,,1546,100,27,40,,best_known,1609,0.9608452454940957,False
planar_weighted_medium_budget100,planar_weighted_medium,100,graph_001.txt,ga_best_of_3_planar_weighted_medium_budget100,ga_planar_weighted_medium_b100_seed002,ga_best_of_n,Genetic Algorithm Best-of-3,False,2.0,3.0,100.0,50.0,0.1,1609,99,,,17.45551324999542,True,,1609,99,28,39,5.467395124986069,best_known,1609,1.0,True
planar_weighted_medium_budget100,planar_weighted_medium,100,graph_002.txt,greedy_planar_weighted_medium_b100,greedy_planar_weighted_medium_b100,greedy,Greedy Baseline,False,,,,,,1149,97,,,0.026671125000575557,True,,1149,97,20,27,,best_known,1284,0.8948598130841121,False
planar_weighted_medium_budget100,planar_weighted_medium,100,graph_002.txt,ga_best_of_3_planar_weighted_medium_budget100,ga_planar_weighted_medium_b100_seed003,ga_best_of_n,Genetic Algorithm Best-of-3,False,3.0,3.0,100.0,50.0,0.1,1284,100,,,9.859628000005614,True,,1284,100,22,28,3.432606249989476,best_known,1284,1.0,True
planar_weighted_medium_budget100,planar_weighted_medium,100,graph_003.txt,greedy_planar_weighted_medium_b100,greedy_planar_weighted_medium_b100,greedy,Greedy Baseline,False,,,,,,1243,99,,,0.028356209018966183,True,,1243,99,19,25,,best_known,1287,0.9658119658119658,False
planar_weighted_medium_budget100,planar_weighted_medium,100,graph_003.txt,ga_best_of_3_planar_weighted_medium_budget100,ga_planar_weighted_medium_b100_seed001,ga_best_of_n,Genetic Algorithm Best-of-3,False,1.0,3.0,100.0,50.0,0.1,1287,99,,,8.251514623960247,True,,1287,99,20,27,2.7909482079849113,best_known,1287,1.0,True
planar_weighted_medium_budget100,planar_weighted_medium,100,graph_004.txt,greedy_planar_weighted_medium_b100,greedy_planar_weighted_medium_b100,greedy,Greedy Baseline,False,,,,,,1308,97,,,0.021766917023342103,True,,1308,97,21,39,,best_known,1480,0.8837837837837837,False
planar_weighted_medium_budget100,planar_weighted_medium,100,graph_004.txt,ga_best_of_3_planar_weighted_medium_budget100,ga_planar_weighted_medium_b100_seed001,ga_best_of_n,Genetic Algorithm Best-of-3,False,1.0,3.0,100.0,50.0,0.1,1480,100,,,10.775224873970728,True,,1480,100,22,32,3.898134499992011,best_known,1480,1.0,True
planar_weighted_medium_budget100,planar_weighted_medium,100,graph_005.txt,greedy_planar_weighted_medium_b100,greedy_planar_weighted_medium_b100,greedy,Greedy Baseline,False,,,,,,1464,99,,,0.03552304199547507,True,,1464,99,26,40,,best_known,1475,0.9925423728813559,False
planar_weighted_medium_budget100,planar_weighted_medium,100,graph_005.txt,ga_best_of_3_planar_weighted_medium_budget100,ga_planar_weighted_medium_b100_seed003,ga_best_of_n,Genetic Algorithm Best-of-3,False,3.0,3.0,100.0,50.0,0.1,1475,100,,,15.774952292005764,True,,1475,100,26,41,4.930381792015396,best_known,1475,1.0,True
planar_weighted_medium_budget100,planar_weighted_medium,100,graph_006.txt,greedy_planar_weighted_medium_b100,greedy_planar_weighted_medium_b100,greedy,Greedy Baseline,False,,,,,,1225,99,,,0.04357208401779644,True,,1225,99,19,34,,best_known,1250,0.98,False
planar_weighted_medium_budget100,planar_weighted_medium,100,graph_006.txt,ga_best_of_3_planar_weighted_medium_budget100,ga_planar_weighted_medium_b100_seed003,ga_best_of_n,Genetic Algorithm Best-of-3,False,3.0,3.0,100.0,50.0,0.1,1250,100,,,17.8257662919641,True,,1250,100,20,33,5.318632582988357,best_known,1250,1.0,True
planar_weighted_medium_budget100,planar_weighted_medium,100,graph_007.txt,greedy_planar_weighted_medium_b100,greedy_planar_weighted_medium_b100,greedy,Greedy Baseline,False,,,,,,1685,99,,,0.05788733399822377,True,,1685,99,26,43,,best_known,1744,0.9661697247706422,False
planar_weighted_medium_budget100,planar_weighted_medium,100,graph_007.txt,ga_best_of_3_planar_weighted_medium_budget100,ga_planar_weighted_medium_b100_seed003,ga_best_of_n,Genetic Algorithm Best-of-3,False,3.0,3.0,100.0,50.0,0.1,1744,100,,,24.989987790962914,True,,1744,100,27,43,7.138585582986707,best_known,1744,1.0,True
planar_weighted_medium_budget100,planar_weighted_medium,100,graph_008.txt,greedy_planar_weighted_medium_b100,greedy_planar_weighted_medium_b100,greedy,Greedy Baseline,False,,,,,,1619,98,,,0.034413957997458056,True,,1619,98,23,36,,best_known,1653,0.9794313369630974,False
planar_weighted_medium_budget100,planar_weighted_medium,100,graph_008.txt,ga_best_of_3_planar_weighted_medium_budget100,ga_planar_weighted_medium_b100_seed001,ga_best_of_n,Genetic Algorithm Best-of-3,False,1.0,3.0,100.0,50.0,0.1,1653,99,,,17.805036541976733,True,,1653,99,26,38,7.51004599998123,best_known,1653,1.0,True
planar_weighted_medium_budget100,planar_weighted_medium,100,graph_009.txt,greedy_planar_weighted_medium_b100,greedy_planar_weighted_medium_b100,greedy,Greedy Baseline,False,,,,,,1614,99,,,0.03336004199809395,True,,1614,99,22,33,,best_known,1614,1.0,True
planar_weighted_medium_budget100,planar_weighted_medium,100,graph_009.txt,ga_best_of_3_planar_weighted_medium_budget100,ga_planar_weighted_medium_b100_seed003,ga_best_of_n,Genetic Algorithm Best-of-3,False,3.0,3.0,100.0,50.0,0.1,1614,99,,,16.799196498992387,True,,1614,99,22,33,4.956269207992591,best_known,1614,1.0,False
planar_weighted_medium_budget100,planar_weighted_medium,100,graph_010.txt,greedy_planar_weighted_medium_b100,greedy_planar_weighted_medium_b100,greedy,Greedy Baseline,False,,,,,,1198,98,,,0.024579208984505385,True,,1198,98,20,25,,best_known,1233,0.9716139497161395,False
planar_weighted_medium_budget100,planar_weighted_medium,100,graph_010.txt,ga_best_of_3_planar_weighted_medium_budget100,ga_planar_weighted_medium_b100_seed002,ga_best_of_n,Genetic Algorithm Best-of-3,False,2.0,3.0,100.0,50.0,0.1,1233,98,,,10.55003270902671,True,,1233,98,20,23,3.1510167500237003,best_known,1233,1.0,True
planar_weighted_medium_budget100,planar_weighted_medium,100,graph_011.txt,greedy_planar_weighted_medium_b100,greedy_planar_weighted_medium_b100,greedy,Greedy Baseline,False,,,,,,1335,97,,,0.04758512499392964,True,,1335,97,24,37,,best_known,1488,0.8971774193548387,False
planar_weighted_medium_budget100,planar_weighted_medium,100,graph_011.txt,ga_best_of_3_planar_weighted_medium_budget100,ga_planar_weighted_medium_b100_seed002,ga_best_of_n,Genetic Algorithm Best-of-3,False,2.0,3.0,100.0,50.0,0.1,1488,100,,,16.070140416995855,True,,1488,100,25,31,4.455672249983763,best_known,1488,1.0,True
planar_weighted_medium_budget100,planar_weighted_medium,100,graph_012.txt,greedy_planar_weighted_medium_b100,greedy_planar_weighted_medium_b100,greedy,Greedy Baseline,False,,,,,,1205,100,,,0.026281458005541936,True,,1205,100,19,29,,best_known,1205,1.0,True
planar_weighted_medium_budget100,planar_weighted_medium,100,graph_012.txt,ga_best_of_3_planar_weighted_medium_budget100,ga_planar_weighted_medium_b100_seed003,ga_best_of_n,Genetic Algorithm Best-of-3,False,3.0,3.0,100.0,50.0,0.1,1205,100,,,12.007433041988406,True,,1205,100,19,29,3.753446332993917,best_known,1205,1.0,False
planar_weighted_medium_budget100,planar_weighted_medium,100,graph_013.txt,greedy_planar_weighted_medium_b100,greedy_planar_weighted_medium_b100,greedy,Greedy Baseline,False,,,,,,1720,100,,,0.038080417027231306,True,,1720,100,25,39,,best_known,1746,0.9851088201603666,False
planar_weighted_medium_budget100,planar_weighted_medium,100,graph_013.txt,ga_best_of_3_planar_weighted_medium_budget100,ga_planar_weighted_medium_b100_seed003,ga_best_of_n,Genetic Algorithm Best-of-3,False,3.0,3.0,100.0,50.0,0.1,1746,99,,,15.86014104197966,True,,1746,99,25,40,4.881881541979965,best_known,1746,1.0,True
planar_weighted_medium_budget100,planar_weighted_medium,100,graph_014.txt,greedy_planar_weighted_medium_b100,greedy_planar_weighted_medium_b100,greedy,Greedy Baseline,False,,,,,,1399,100,,,0.0410810410103295,True,,1399,100,23,35,,best_known,1429,0.9790062981105668,False
planar_weighted_medium_budget100,planar_weighted_medium,100,graph_014.txt,ga_best_of_3_planar_weighted_medium_budget100,ga_planar_weighted_medium_b100_seed003,ga_best_of_n,Genetic Algorithm Best-of-3,False,3.0,3.0,100.0,50.0,0.1,1429,100,,,19.26695887398091,True,,1429,100,23,33,4.915407624997897,best_known,1429,1.0,True
planar_weighted_medium_budget100,planar_weighted_medium,100,graph_015.txt,greedy_planar_weighted_medium_b100,greedy_planar_weighted_medium_b100,greedy,Greedy Baseline,False,,,,,,1308,98,,,0.058920125011354685,True,,1308,98,25,42,,best_known,1334,0.9805097451274363,False
planar_weighted_medium_budget100,planar_weighted_medium,100,graph_015.txt,ga_best_of_3_planar_weighted_medium_budget100,ga_planar_weighted_medium_b100_seed001,ga_best_of_n,Genetic Algorithm Best-of-3,False,1.0,3.0,100.0,50.0,0.1,1334,100,,,27.22397528999136,True,,1334,100,25,40,11.933220290986355,best_known,1334,1.0,True
planar_weighted_medium_budget100,planar_weighted_medium,100,graph_016.txt,greedy_planar_weighted_medium_b100,greedy_planar_weighted_medium_b100,greedy,Greedy Baseline,False,,,,,,967,98,,,0.01936433298396878,True,,967,98,19,24,,best_known,1027,0.9415774099318404,False
planar_weighted_medium_budget100,planar_weighted_medium,100,graph_016.txt,ga_best_of_3_planar_weighted_medium_budget100,ga_planar_weighted_medium_b100_seed001,ga_best_of_n,Genetic Algorithm Best-of-3,False,1.0,3.0,100.0,50.0,0.1,1027,100,,,7.728968333976809,True,,1027,100,20,27,2.913775541994255,best_known,1027,1.0,True
planar_weighted_medium_budget100,planar_weighted_medium,100,graph_017.txt,greedy_planar_weighted_medium_b100,greedy_planar_weighted_medium_b100,greedy,Greedy Baseline,False,,,,,,1289,100,,,0.05083516601007432,True,,1289,100,24,40,,best_known,1346,0.9576523031203567,False
planar_weighted_medium_budget100,planar_weighted_medium,100,graph_017.txt,ga_best_of_3_planar_weighted_medium_budget100,ga_planar_weighted_medium_b100_seed001,ga_best_of_n,Genetic Algorithm Best-of-3,False,1.0,3.0,100.0,50.0,0.1,1346,100,,,21.031811084016226,True,,1346,100,25,41,7.279312750004465,best_known,1346,1.0,True
planar_weighted_medium_budget100,planar_weighted_medium,100,graph_018.txt,greedy_planar_weighted_medium_b100,greedy_planar_weighted_medium_b100,greedy,Greedy Baseline,False,,,,,,1416,100,,,0.03979387498111464,True,,1416,100,23,36,,best_known,1471,0.9626104690686608,False
planar_weighted_medium_budget100,planar_weighted_medium,100,graph_018.txt,ga_best_of_3_planar_weighted_medium_budget100,ga_planar_weighted_medium_b100_seed003,ga_best_of_n,Genetic Algorithm Best-of-3,False,3.0,3.0,100.0,50.0,0.1,1471,100,,,15.53577058398514,True,,1471,100,24,34,5.107971458986867,best_known,1471,1.0,True
planar_weighted_medium_budget100,planar_weighted_medium,100,graph_019.txt,greedy_planar_weighted_medium_b100,greedy_planar_weighted_medium_b100,greedy,Greedy Baseline,False,,,,,,1225,99,,,0.036226875003194436,True,,1225,99,20,32,,best_known,1273,0.9622937941869599,False
planar_weighted_medium_budget100,planar_weighted_medium,100,graph_019.txt,ga_best_of_3_planar_weighted_medium_budget100,ga_planar_weighted_medium_b100_seed003,ga_best_of_n,Genetic Algorithm Best-of-3,False,3.0,3.0,100.0,50.0,0.1,1273,99,,,17.291847499029245,True,,1273,99,22,31,4.5483245410141535,best_known,1273,1.0,True
planar_weighted_medium_budget100,planar_weighted_medium,100,graph_020.txt,greedy_planar_weighted_medium_b100,greedy_planar_weighted_medium_b100,greedy,Greedy Baseline,False,,,,,,1323,98,,,0.03926166699966416,True,,1323,98,24,37,,best_known,1412,0.9369688385269122,False
planar_weighted_medium_budget100,planar_weighted_medium,100,graph_020.txt,ga_best_of_3_planar_weighted_medium_budget100,ga_planar_weighted_medium_b100_seed003,ga_best_of_n,Genetic Algorithm Best-of-3,False,3.0,3.0,100.0,50.0,0.1,1412,100,,,18.79682729198248,True,,1412,100,27,35,5.712709708983311,best_known,1412,1.0,True
planar_weighted_medium_budget100,planar_weighted_medium,100,graph_021.txt,greedy_planar_weighted_medium_b100,greedy_planar_weighted_medium_b100,greedy,Greedy Baseline,False,,,,,,1462,100,,,0.0328648749855347,True,,1462,100,21,30,,best_known,1513,0.9662921348314607,False
planar_weighted_medium_budget100,planar_weighted_medium,100,graph_021.txt,ga_best_of_3_planar_weighted_medium_budget100,ga_planar_weighted_medium_b100_seed001,ga_best_of_n,Genetic Algorithm Best-of-3,False,1.0,3.0,100.0,50.0,0.1,1513,99,,,14.602424124983372,True,,1513,99,22,30,5.9168548329907935,best_known,1513,1.0,True
planar_weighted_medium_budget100,planar_weighted_medium,100,graph_022.txt,greedy_planar_weighted_medium_b100,greedy_planar_weighted_medium_b100,greedy,Greedy Baseline,False,,,,,,1521,100,,,0.0313932920107618,True,,1521,100,23,34,,best_known,1521,1.0,True
planar_weighted_medium_budget100,planar_weighted_medium,100,graph_022.txt,ga_best_of_3_planar_weighted_medium_budget100,ga_planar_weighted_medium_b100_seed003,ga_best_of_n,Genetic Algorithm Best-of-3,False,3.0,3.0,100.0,50.0,0.1,1521,100,,,15.995332999998936,True,,1521,100,23,34,4.571708250005031,best_known,1521,1.0,False
planar_weighted_medium_budget100,planar_weighted_medium,100,graph_023.txt,greedy_planar_weighted_medium_b100,greedy_planar_weighted_medium_b100,greedy,Greedy Baseline,False,,,,,,1250,100,,,0.026804708992131054,True,,1250,100,19,29,,best_known,1348,0.9272997032640949,False
planar_weighted_medium_budget100,planar_weighted_medium,100,graph_023.txt,ga_best_of_3_planar_weighted_medium_budget100,ga_planar_weighted_medium_b100_seed003,ga_best_of_n,Genetic Algorithm Best-of-3,False,3.0,3.0,100.0,50.0,0.1,1348,100,,,12.216637416015146,True,,1348,100,21,32,3.7589279579988215,best_known,1348,1.0,True
planar_weighted_medium_budget100,planar_weighted_medium,100,graph_024.txt,greedy_planar_weighted_medium_b100,greedy_planar_weighted_medium_b100,greedy,Greedy Baseline,False,,,,,,1167,100,,,0.02701774999150075,True,,1167,100,17,27,,best_known,1306,0.8935681470137825,False
planar_weighted_medium_budget100,planar_weighted_medium,100,graph_024.txt,ga_best_of_3_planar_weighted_medium_budget100,ga_planar_weighted_medium_b100_seed003,ga_best_of_n,Genetic Algorithm Best-of-3,False,3.0,3.0,100.0,50.0,0.1,1306,99,,,11.639450458955253,True,,1306,99,20,28,3.418592957983492,best_known,1306,1.0,True
planar_weighted_medium_budget100,planar_weighted_medium,100,graph_025.txt,greedy_planar_weighted_medium_b100,greedy_planar_weighted_medium_b100,greedy,Greedy Baseline,False,,,,,,1170,100,,,0.028584125015186146,True,,1170,100,24,35,,best_known,1246,0.9390048154093098,False
planar_weighted_medium_budget100,planar_weighted_medium,100,graph_025.txt,ga_best_of_3_planar_weighted_medium_budget100,ga_planar_weighted_medium_b100_seed003,ga_best_of_n,Genetic Algorithm Best-of-3,False,3.0,3.0,100.0,50.0,0.1,1246,99,,,11.939127042045584,True,,1246,99,27,34,3.304492042021593,best_known,1246,1.0,True
planar_weighted_medium_budget100,planar_weighted_medium,100,graph_026.txt,greedy_planar_weighted_medium_b100,greedy_planar_weighted_medium_b100,greedy,Greedy Baseline,False,,,,,,1279,97,,,0.040628209011629224,True,,1279,97,23,36,,best_known,1285,0.9953307392996109,False
planar_weighted_medium_budget100,planar_weighted_medium,100,graph_026.txt,ga_best_of_3_planar_weighted_medium_budget100,ga_planar_weighted_medium_b100_seed003,ga_best_of_n,Genetic Algorithm Best-of-3,False,3.0,3.0,100.0,50.0,0.1,1285,99,,,15.211871582025196,True,,1285,99,23,36,4.554888875019969,best_known,1285,1.0,True
planar_weighted_medium_budget100,planar_weighted_medium,100,graph_027.txt,greedy_planar_weighted_medium_b100,greedy_planar_weighted_medium_b100,greedy,Greedy Baseline,False,,,,,,1125,99,,,0.03151629201602191,True,,1125,99,23,39,,best_known,1259,0.8935663224781573,False
planar_weighted_medium_budget100,planar_weighted_medium,100,graph_027.txt,ga_best_of_3_planar_weighted_medium_budget100,ga_planar_weighted_medium_b100_seed002,ga_best_of_n,Genetic Algorithm Best-of-3,False,2.0,3.0,100.0,50.0,0.1,1259,100,,,17.122906916978536,True,,1259,100,29,41,5.219950375001645,best_known,1259,1.0,True
planar_weighted_medium_budget100,planar_weighted_medium,100,graph_028.txt,greedy_planar_weighted_medium_b100,greedy_planar_weighted_medium_b100,greedy,Greedy Baseline,False,,,,,,1705,100,,,0.05476554200868122,True,,1705,100,26,40,,best_known,1767,0.9649122807017544,False
planar_weighted_medium_budget100,planar_weighted_medium,100,graph_028.txt,ga_best_of_3_planar_weighted_medium_budget100,ga_planar_weighted_medium_b100_seed002,ga_best_of_n,Genetic Algorithm Best-of-3,False,2.0,3.0,100.0,50.0,0.1,1767,100,,,25.38696454197634,True,,1767,100,26,37,7.880900624993956,best_known,1767,1.0,True
planar_weighted_medium_budget100,planar_weighted_medium,100,graph_029.txt,greedy_planar_weighted_medium_b100,greedy_planar_weighted_medium_b100,greedy,Greedy Baseline,False,,,,,,1250,100,,,0.041542749997461215,True,,1250,100,21,33,,best_known,1250,1.0,True
planar_weighted_medium_budget100,planar_weighted_medium,100,graph_029.txt,ga_best_of_3_planar_weighted_medium_budget100,ga_planar_weighted_medium_b100_seed003,ga_best_of_n,Genetic Algorithm Best-of-3,False,3.0,3.0,100.0,50.0,0.1,1250,100,,,15.311294750979869,True,,1250,100,21,33,4.517832832993008,best_known,1250,1.0,False
planar_weighted_medium_budget100,planar_weighted_medium,100,graph_030.txt,greedy_planar_weighted_medium_b100,greedy_planar_weighted_medium_b100,greedy,Greedy Baseline,False,,,,,,1046,98,,,0.023861124995164573,True,,1046,98,21,29,,best_known,1178,0.8879456706281834,False
planar_weighted_medium_budget100,planar_weighted_medium,100,graph_030.txt,ga_best_of_3_planar_weighted_medium_budget100,ga_planar_weighted_medium_b100_seed003,ga_best_of_n,Genetic Algorithm Best-of-3,False,3.0,3.0,100.0,50.0,0.1,1178,100,,,11.81587533201673,True,,1178,100,25,32,3.6401482080109417,best_known,1178,1.0,True
planar_weighted_medium_budget100,planar_weighted_medium,100,graph_031.txt,greedy_planar_weighted_medium_b100,greedy_planar_weighted_medium_b100,greedy,Greedy Baseline,False,,,,,,1462,99,,,0.031519125011982396,True,,1462,99,22,26,,best_known,1462,1.0,True
planar_weighted_medium_budget100,planar_weighted_medium,100,graph_031.txt,ga_best_of_3_planar_weighted_medium_budget100,ga_planar_weighted_medium_b100_seed003,ga_best_of_n,Genetic Algorithm Best-of-3,False,3.0,3.0,100.0,50.0,0.1,1462,99,,,15.269636459008325,True,,1462,99,22,26,3.621532749995822,best_known,1462,1.0,False
planar_weighted_medium_budget100,planar_weighted_medium,100,graph_032.txt,greedy_planar_weighted_medium_b100,greedy_planar_weighted_medium_b100,greedy,Greedy Baseline,False,,,,,,1458,99,,,0.04165270898374729,True,,1458,99,21,31,,best_known,1550,0.9406451612903226,False
planar_weighted_medium_budget100,planar_weighted_medium,100,graph_032.txt,ga_best_of_3_planar_weighted_medium_budget100,ga_planar_weighted_medium_b100_seed002,ga_best_of_n,Genetic Algorithm Best-of-3,False,2.0,3.0,100.0,50.0,0.1,1550,100,,,16.262018709006952,True,,1550,100,23,29,4.456775416008895,best_known,1550,1.0,True
planar_weighted_medium_budget100,planar_weighted_medium,100,graph_033.txt,greedy_planar_weighted_medium_b100,greedy_planar_weighted_medium_b100,greedy,Greedy Baseline,False,,,,,,1728,100,,,0.029924083006335422,True,,1728,100,25,35,,best_known,1766,0.9784824462061155,False
planar_weighted_medium_budget100,planar_weighted_medium,100,graph_033.txt,ga_best_of_3_planar_weighted_medium_budget100,ga_planar_weighted_medium_b100_seed003,ga_best_of_n,Genetic Algorithm Best-of-3,False,3.0,3.0,100.0,50.0,0.1,1766,100,,,14.058521500002826,True,,1766,100,26,33,3.6068494160135742,best_known,1766,1.0,True
planar_weighted_medium_budget100,planar_weighted_medium,100,graph_034.txt,greedy_planar_weighted_medium_b100,greedy_planar_weighted_medium_b100,greedy,Greedy Baseline,False,,,,,,1461,100,,,0.04542224999750033,True,,1461,100,22,35,,best_known,1571,0.9299809038828771,False
planar_weighted_medium_budget100,planar_weighted_medium,100,graph_034.txt,ga_best_of_3_planar_weighted_medium_budget100,ga_planar_weighted_medium_b100_seed002,ga_best_of_n,Genetic Algorithm Best-of-3,False,2.0,3.0,100.0,50.0,0.1,1571,99,,,16.28520650000428,True,,1571,99,27,37,4.108321500010788,best_known,1571,1.0,True
planar_weighted_medium_budget100,planar_weighted_medium,100,graph_035.txt,greedy_planar_weighted_medium_b100,greedy_planar_weighted_medium_b100,greedy,Greedy Baseline,False,,,,,,1587,99,,,0.0431307080143597,True,,1587,99,24,35,,best_known,1617,0.9814471243042672,False
planar_weighted_medium_budget100,planar_weighted_medium,100,graph_035.txt,ga_best_of_3_planar_weighted_medium_budget100,ga_planar_weighted_medium_b100_seed002,ga_best_of_n,Genetic Algorithm Best-of-3,False,2.0,3.0,100.0,50.0,0.1,1617,98,,,23.604120499978308,True,,1617,98,24,33,6.45766829099739,best_known,1617,1.0,True
planar_weighted_medium_budget100,planar_weighted_medium,100,graph_036.txt,greedy_planar_weighted_medium_b100,greedy_planar_weighted_medium_b100,greedy,Greedy Baseline,False,,,,,,1426,100,,,0.03203629201743752,True,,1426,100,24,36,,best_known,1475,0.9667796610169491,False
planar_weighted_medium_budget100,planar_weighted_medium,100,graph_036.txt,ga_best_of_3_planar_weighted_medium_budget100,ga_planar_weighted_medium_b100_seed003,ga_best_of_n,Genetic Algorithm Best-of-3,False,3.0,3.0,100.0,50.0,0.1,1475,100,,,16.621526832983363,True,,1475,100,25,36,4.914986499992665,best_known,1475,1.0,True
planar_weighted_medium_budget100,planar_weighted_medium,100,graph_037.txt,greedy_planar_weighted_medium_b100,greedy_planar_weighted_medium_b100,greedy,Greedy Baseline,False,,,,,,1254,99,,,0.028559208003571257,True,,1254,99,20,27,,best_known,1254,1.0,True
planar_weighted_medium_budget100,planar_weighted_medium,100,graph_037.txt,ga_best_of_3_planar_weighted_medium_budget100,ga_planar_weighted_medium_b100_seed003,ga_best_of_n,Genetic Algorithm Best-of-3,False,3.0,3.0,100.0,50.0,0.1,1254,99,,,11.20345253997948,True,,1254,99,20,27,3.568757832981646,best_known,1254,1.0,False
planar_weighted_medium_budget100,planar_weighted_medium,100,graph_038.txt,greedy_planar_weighted_medium_b100,greedy_planar_weighted_medium_b100,greedy,Greedy Baseline,False,,,,,,1478,99,,,0.036813334008911625,True,,1478,99,22,34,,best_known,1512,0.9775132275132276,False
planar_weighted_medium_budget100,planar_weighted_medium,100,graph_038.txt,ga_best_of_3_planar_weighted_medium_budget100,ga_planar_weighted_medium_b100_seed003,ga_best_of_n,Genetic Algorithm Best-of-3,False,3.0,3.0,100.0,50.0,0.1,1512,99,,,16.187885957973776,True,,1512,99,23,32,4.769877624989022,best_known,1512,1.0,True
planar_weighted_medium_budget100,planar_weighted_medium,100,graph_039.txt,greedy_planar_weighted_medium_b100,greedy_planar_weighted_medium_b100,greedy,Greedy Baseline,False,,,,,,1172,99,,,0.039504459011368454,True,,1172,99,21,29,,best_known,1172,1.0,True
planar_weighted_medium_budget100,planar_weighted_medium,100,graph_039.txt,ga_best_of_3_planar_weighted_medium_budget100,ga_planar_weighted_medium_b100_seed003,ga_best_of_n,Genetic Algorithm Best-of-3,False,3.0,3.0,100.0,50.0,0.1,1172,99,,,16.13761645896011,True,,1172,99,21,29,4.775136249983916,best_known,1172,1.0,False
planar_weighted_medium_budget100,planar_weighted_medium,100,graph_040.txt,greedy_planar_weighted_medium_b100,greedy_planar_weighted_medium_b100,greedy,Greedy Baseline,False,,,,,,1415,99,,,0.03430945900618099,True,,1415,99,21,32,,best_known,1415,1.0,True
planar_weighted_medium_budget100,planar_weighted_medium,100,graph_040.txt,ga_best_of_3_planar_weighted_medium_budget100,ga_planar_weighted_medium_b100_seed003,ga_best_of_n,Genetic Algorithm Best-of-3,False,3.0,3.0,100.0,50.0,0.1,1415,99,,,14.164073375985026,True,,1415,99,21,32,4.59325891698245,best_known,1415,1.0,False
planar_weighted_medium_budget100,planar_weighted_medium,100,graph_041.txt,greedy_planar_weighted_medium_b100,greedy_planar_weighted_medium_b100,greedy,Greedy Baseline,False,,,,,,1561,99,,,0.02986141698784195,True,,1561,99,22,31,,best_known,1566,0.9968071519795658,False
planar_weighted_medium_budget100,planar_weighted_medium,100,graph_041.txt,ga_best_of_3_planar_weighted_medium_budget100,ga_planar_weighted_medium_b100_seed002,ga_best_of_n,Genetic Algorithm Best-of-3,False,2.0,3.0,100.0,50.0,0.1,1566,100,,,12.351568958023563,True,,1566,100,22,30,3.8865093330095988,best_known,1566,1.0,True
planar_weighted_medium_budget100,planar_weighted_medium,100,graph_042.txt,greedy_planar_weighted_medium_b100,greedy_planar_weighted_medium_b100,greedy,Greedy Baseline,False,,,,,,1504,99,,,0.05434483298449777,True,,1504,99,26,39,,best_known,1504,1.0,True
planar_weighted_medium_budget100,planar_weighted_medium,100,graph_042.txt,ga_best_of_3_planar_weighted_medium_budget100,ga_planar_weighted_medium_b100_seed003,ga_best_of_n,Genetic Algorithm Best-of-3,False,3.0,3.0,100.0,50.0,0.1,1504,99,,,21.219744667003397,True,,1504,99,26,39,7.121620625024661,best_known,1504,1.0,False
planar_weighted_medium_budget100,planar_weighted_medium,100,graph_043.txt,greedy_planar_weighted_medium_b100,greedy_planar_weighted_medium_b100,greedy,Greedy Baseline,False,,,,,,1845,100,,,0.06685825000749901,True,,1845,100,27,43,,best_known,1868,0.9876873661670236,False
planar_weighted_medium_budget100,planar_weighted_medium,100,graph_043.txt,ga_best_of_3_planar_weighted_medium_budget100,ga_planar_weighted_medium_b100_seed003,ga_best_of_n,Genetic Algorithm Best-of-3,False,3.0,3.0,100.0,50.0,0.1,1868,100,,,28.632660000992473,True,,1868,100,28,43,8.750680583994836,best_known,1868,1.0,True
planar_weighted_medium_budget100,planar_weighted_medium,100,graph_044.txt,greedy_planar_weighted_medium_b100,greedy_planar_weighted_medium_b100,greedy,Greedy Baseline,False,,,,,,1638,100,,,0.04832487500971183,True,,1638,100,26,38,,best_known,1638,1.0,True
planar_weighted_medium_budget100,planar_weighted_medium,100,graph_044.txt,ga_best_of_3_planar_weighted_medium_budget100,ga_planar_weighted_medium_b100_seed003,ga_best_of_n,Genetic Algorithm Best-of-3,False,3.0,3.0,100.0,50.0,0.1,1638,100,,,20.40362429097877,True,,1638,100,26,38,5.773603124980582,best_known,1638,1.0,False
planar_weighted_medium_budget100,planar_weighted_medium,100,graph_045.txt,greedy_planar_weighted_medium_b100,greedy_planar_weighted_medium_b100,greedy,Greedy Baseline,False,,,,,,1561,99,,,0.055861417000414804,True,,1561,99,28,44,,best_known,1640,0.9518292682926829,False
planar_weighted_medium_budget100,planar_weighted_medium,100,graph_045.txt,ga_best_of_3_planar_weighted_medium_budget100,ga_planar_weighted_medium_b100_seed002,ga_best_of_n,Genetic Algorithm Best-of-3,False,2.0,3.0,100.0,50.0,0.1,1640,99,,,24.27094233300886,True,,1640,99,28,43,4.978673625009833,best_known,1640,1.0,True
planar_weighted_medium_budget100,planar_weighted_medium,100,graph_046.txt,greedy_planar_weighted_medium_b100,greedy_planar_weighted_medium_b100,greedy,Greedy Baseline,False,,,,,,1683,99,,,0.032329791982192546,True,,1683,99,25,37,,best_known,1683,1.0,True
planar_weighted_medium_budget100,planar_weighted_medium,100,graph_046.txt,ga_best_of_3_planar_weighted_medium_budget100,ga_planar_weighted_medium_b100_seed003,ga_best_of_n,Genetic Algorithm Best-of-3,False,3.0,3.0,100.0,50.0,0.1,1683,99,,,15.798815959977219,True,,1683,99,25,37,4.283277459006058,best_known,1683,1.0,False
planar_weighted_medium_budget100,planar_weighted_medium,100,graph_047.txt,greedy_planar_weighted_medium_b100,greedy_planar_weighted_medium_b100,greedy,Greedy Baseline,False,,,,,,1359,97,,,0.04758887499338016,True,,1359,97,23,39,,best_known,1384,0.9819364161849711,False
planar_weighted_medium_budget100,planar_weighted_medium,100,graph_047.txt,ga_best_of_3_planar_weighted_medium_budget100,ga_planar_weighted_medium_b100_seed003,ga_best_of_n,Genetic Algorithm Best-of-3,False,3.0,3.0,100.0,50.0,0.1,1384,100,,,20.096590417000698,True,,1384,100,24,38,5.84636983301607,best_known,1384,1.0,True
planar_weighted_medium_budget100,planar_weighted_medium,100,graph_048.txt,greedy_planar_weighted_medium_b100,greedy_planar_weighted_medium_b100,greedy,Greedy Baseline,False,,,,,,1323,99,,,0.04101587500190362,True,,1323,99,23,35,,best_known,1431,0.9245283018867925,False
planar_weighted_medium_budget100,planar_weighted_medium,100,graph_048.txt,ga_best_of_3_planar_weighted_medium_budget100,ga_planar_weighted_medium_b100_seed001,ga_best_of_n,Genetic Algorithm Best-of-3,False,1.0,3.0,100.0,50.0,0.1,1431,100,,,18.12818370797322,True,,1431,100,27,41,8.499543916987022,best_known,1431,1.0,True
planar_weighted_medium_budget100,planar_weighted_medium,100,graph_049.txt,greedy_planar_weighted_medium_b100,greedy_planar_weighted_medium_b100,greedy,Greedy Baseline,False,,,,,,1591,99,,,0.03893654199782759,True,,1591,99,29,45,,best_known,1613,0.986360818350899,False
planar_weighted_medium_budget100,planar_weighted_medium,100,graph_049.txt,ga_best_of_3_planar_weighted_medium_budget100,ga_planar_weighted_medium_b100_seed003,ga_best_of_n,Genetic Algorithm Best-of-3,False,3.0,3.0,100.0,50.0,0.1,1613,100,,,23.294465582002886,True,,1613,100,30,46,6.469259041012265,best_known,1613,1.0,True
planar_weighted_medium_budget100,planar_weighted_medium,100,graph_050.txt,greedy_planar_weighted_medium_b100,greedy_planar_weighted_medium_b100,greedy,Greedy Baseline,False,,,,,,1356,99,,,0.042428042012033984,True,,1356,99,24,36,,best_known,1451,0.9345279117849759,False
planar_weighted_medium_budget100,planar_weighted_medium,100,graph_050.txt,ga_best_of_3_planar_weighted_medium_budget100,ga_planar_weighted_medium_b100_seed002,ga_best_of_n,Genetic Algorithm Best-of-3,False,2.0,3.0,100.0,50.0,0.1,1451,99,,,19.62941816597595,True,,1451,99,24,32,5.067641332978383,best_known,1451,1.0,True
planar_weighted_medium_budget100,planar_weighted_medium,100,graph_051.txt,greedy_planar_weighted_medium_b100,greedy_planar_weighted_medium_b100,greedy,Greedy Baseline,False,,,,,,1623,100,,,0.045362041011685506,True,,1623,100,26,39,,best_known,1623,1.0,True
planar_weighted_medium_budget100,planar_weighted_medium,100,graph_051.txt,ga_best_of_3_planar_weighted_medium_budget100,ga_planar_weighted_medium_b100_seed003,ga_best_of_n,Genetic Algorithm Best-of-3,False,3.0,3.0,100.0,50.0,0.1,1623,100,,,25.16873116703937,True,,1623,100,26,39,6.136617708019912,best_known,1623,1.0,False
planar_weighted_medium_budget100,planar_weighted_medium,100,graph_052.txt,greedy_planar_weighted_medium_b100,greedy_planar_weighted_medium_b100,greedy,Greedy Baseline,False,,,,,,1432,100,,,0.04079945798730478,True,,1432,100,24,35,,best_known,1432,1.0,True
planar_weighted_medium_budget100,planar_weighted_medium,100,graph_052.txt,ga_best_of_3_planar_weighted_medium_budget100,ga_planar_weighted_medium_b100_seed003,ga_best_of_n,Genetic Algorithm Best-of-3,False,3.0,3.0,100.0,50.0,0.1,1432,100,,,21.75535691701225,True,,1432,100,24,35,5.569341708993306,best_known,1432,1.0,False
planar_weighted_medium_budget100,planar_weighted_medium,100,graph_053.txt,greedy_planar_weighted_medium_b100,greedy_planar_weighted_medium_b100,greedy,Greedy Baseline,False,,,,,,1476,99,,,0.047298707999289036,True,,1476,99,24,43,,best_known,1481,0.9966239027683997,False
planar_weighted_medium_budget100,planar_weighted_medium,100,graph_053.txt,ga_best_of_3_planar_weighted_medium_budget100,ga_planar_weighted_medium_b100_seed003,ga_best_of_n,Genetic Algorithm Best-of-3,False,3.0,3.0,100.0,50.0,0.1,1481,100,,,22.125572375021875,True,,1481,100,24,44,5.767163917014841,best_known,1481,1.0,True
planar_weighted_medium_budget100,planar_weighted_medium,100,graph_054.txt,greedy_planar_weighted_medium_b100,greedy_planar_weighted_medium_b100,greedy,Greedy Baseline,False,,,,,,1400,99,,,0.034342375001870096,True,,1400,99,23,35,,best_known,1506,0.9296148738379814,False
planar_weighted_medium_budget100,planar_weighted_medium,100,graph_054.txt,ga_best_of_3_planar_weighted_medium_budget100,ga_planar_weighted_medium_b100_seed002,ga_best_of_n,Genetic Algorithm Best-of-3,False,2.0,3.0,100.0,50.0,0.1,1506,100,,,20.432722709025256,True,,1506,100,25,35,5.431049209000776,best_known,1506,1.0,True
planar_weighted_medium_budget100,planar_weighted_medium,100,graph_055.txt,greedy_planar_weighted_medium_b100,greedy_planar_weighted_medium_b100,greedy,Greedy Baseline,False,,,,,,1404,99,,,0.04178112497902475,True,,1404,99,25,35,,best_known,1431,0.9811320754716981,False
planar_weighted_medium_budget100,planar_weighted_medium,100,graph_055.txt,ga_best_of_3_planar_weighted_medium_budget100,ga_planar_weighted_medium_b100_seed001,ga_best_of_n,Genetic Algorithm Best-of-3,False,1.0,3.0,100.0,50.0,0.1,1431,100,,,23.320218750013737,True,,1431,100,25,34,10.516186624998227,best_known,1431,1.0,True
planar_weighted_medium_budget100,planar_weighted_medium,100,graph_056.txt,greedy_planar_weighted_medium_b100,greedy_planar_weighted_medium_b100,greedy,Greedy Baseline,False,,,,,,1588,99,,,0.0350257919926662,True,,1588,99,25,44,,best_known,1676,0.9474940334128878,False
planar_weighted_medium_budget100,planar_weighted_medium,100,graph_056.txt,ga_best_of_3_planar_weighted_medium_budget100,ga_planar_weighted_medium_b100_seed002,ga_best_of_n,Genetic Algorithm Best-of-3,False,2.0,3.0,100.0,50.0,0.1,1676,99,,,22.007536292017903,True,,1676,99,26,42,6.146164834004594,best_known,1676,1.0,True
planar_weighted_medium_budget100,planar_weighted_medium,100,graph_057.txt,greedy_planar_weighted_medium_b100,greedy_planar_weighted_medium_b100,greedy,Greedy Baseline,False,,,,,,931,100,,,0.02253037501941435,True,,931,100,20,30,,best_known,992,0.938508064516129,False
planar_weighted_medium_budget100,planar_weighted_medium,100,graph_057.txt,ga_best_of_3_planar_weighted_medium_budget100,ga_planar_weighted_medium_b100_seed001,ga_best_of_n,Genetic Algorithm Best-of-3,False,1.0,3.0,100.0,50.0,0.1,992,100,,,13.228625958028715,True,,992,100,18,25,5.57263554201927,best_known,992,1.0,True
planar_weighted_medium_budget100,planar_weighted_medium,100,graph_058.txt,greedy_planar_weighted_medium_b100,greedy_planar_weighted_medium_b100,greedy,Greedy Baseline,False,,,,,,1582,98,,,0.04412329199840315,True,,1582,98,25,35,,best_known,1640,0.9646341463414634,False
planar_weighted_medium_budget100,planar_weighted_medium,100,graph_058.txt,ga_best_of_3_planar_weighted_medium_budget100,ga_planar_weighted_medium_b100_seed002,ga_best_of_n,Genetic Algorithm Best-of-3,False,2.0,3.0,100.0,50.0,0.1,1640,100,,,22.161716375034302,True,,1640,100,27,36,6.0414262500125915,best_known,1640,1.0,True
planar_weighted_medium_budget100,planar_weighted_medium,100,graph_059.txt,greedy_planar_weighted_medium_b100,greedy_planar_weighted_medium_b100,greedy,Greedy Baseline,False,,,,,,1422,99,,,0.04986879200441763,True,,1422,99,26,37,,best_known,1430,0.9944055944055944,False
planar_weighted_medium_budget100,planar_weighted_medium,100,graph_059.txt,ga_best_of_3_planar_weighted_medium_budget100,ga_planar_weighted_medium_b100_seed002,ga_best_of_n,Genetic Algorithm Best-of-3,False,2.0,3.0,100.0,50.0,0.1,1430,99,,,25.69643620797433,True,,1430,99,26,36,7.2686954159871675,best_known,1430,1.0,True
planar_weighted_medium_budget100,planar_weighted_medium,100,graph_060.txt,greedy_planar_weighted_medium_b100,greedy_planar_weighted_medium_b100,greedy,Greedy Baseline,False,,,,,,1618,99,,,0.038991124980384484,True,,1618,99,25,42,,best_known,1635,0.9896024464831804,False
planar_weighted_medium_budget100,planar_weighted_medium,100,graph_060.txt,ga_best_of_3_planar_weighted_medium_budget100,ga_planar_weighted_medium_b100_seed003,ga_best_of_n,Genetic Algorithm Best-of-3,False,3.0,3.0,100.0,50.0,0.1,1635,99,,,25.321448667004006,True,,1635,99,26,41,6.582902875001309,best_known,1635,1.0,True
planar_weighted_medium_budget100,planar_weighted_medium,100,graph_061.txt,greedy_planar_weighted_medium_b100,greedy_planar_weighted_medium_b100,greedy,Greedy Baseline,False,,,,,,1386,99,,,0.038358791993232444,True,,1386,99,21,34,,best_known,1478,0.9377537212449256,False
planar_weighted_medium_budget100,planar_weighted_medium,100,graph_061.txt,ga_best_of_3_planar_weighted_medium_budget100,ga_planar_weighted_medium_b100_seed002,ga_best_of_n,Genetic Algorithm Best-of-3,False,2.0,3.0,100.0,50.0,0.1,1478,100,,,20.221139708999544,True,,1478,100,22,33,5.515509874996496,best_known,1478,1.0,True
planar_weighted_medium_budget100,planar_weighted_medium,100,graph_062.txt,greedy_planar_weighted_medium_b100,greedy_planar_weighted_medium_b100,greedy,Greedy Baseline,False,,,,,,1527,100,,,0.032626791013171896,True,,1527,100,21,32,,best_known,1527,1.0,False
planar_weighted_medium_budget100,planar_weighted_medium,100,graph_062.txt,ga_best_of_3_planar_weighted_medium_budget100,ga_planar_weighted_medium_b100_seed003,ga_best_of_n,Genetic Algorithm Best-of-3,False,3.0,3.0,100.0,50.0,0.1,1527,99,,,15.925003625976387,True,,1527,99,21,32,3.905928458989365,best_known,1527,1.0,True
planar_weighted_medium_budget100,planar_weighted_medium,100,graph_063.txt,greedy_planar_weighted_medium_b100,greedy_planar_weighted_medium_b100,greedy,Greedy Baseline,False,,,,,,1518,98,,,0.040143457998055965,True,,1518,98,26,35,,best_known,1531,0.991508817766166,False
planar_weighted_medium_budget100,planar_weighted_medium,100,graph_063.txt,ga_best_of_3_planar_weighted_medium_budget100,ga_planar_weighted_medium_b100_seed003,ga_best_of_n,Genetic Algorithm Best-of-3,False,3.0,3.0,100.0,50.0,0.1,1531,100,,,17.996726083016256,True,,1531,100,26,35,5.187872624985175,best_known,1531,1.0,True
planar_weighted_medium_budget100,planar_weighted_medium,100,graph_064.txt,greedy_planar_weighted_medium_b100,greedy_planar_weighted_medium_b100,greedy,Greedy Baseline,False,,,,,,1488,99,,,0.04350937498384155,True,,1488,99,23,40,,best_known,1566,0.9501915708812261,False
planar_weighted_medium_budget100,planar_weighted_medium,100,graph_064.txt,ga_best_of_3_planar_weighted_medium_budget100,ga_planar_weighted_medium_b100_seed001,ga_best_of_n,Genetic Algorithm Best-of-3,False,1.0,3.0,100.0,50.0,0.1,1566,99,,,19.373711083986564,True,,1566,99,24,35,7.593854832986835,best_known,1566,1.0,True
planar_weighted_medium_budget100,planar_weighted_medium,100,graph_065.txt,greedy_planar_weighted_medium_b100,greedy_planar_weighted_medium_b100,greedy,Greedy Baseline,False,,,,,,1577,100,,,0.03134804201545194,True,,1577,100,24,38,,best_known,1592,0.9905778894472361,False
planar_weighted_medium_budget100,planar_weighted_medium,100,graph_065.txt,ga_best_of_3_planar_weighted_medium_budget100,ga_planar_weighted_medium_b100_seed003,ga_best_of_n,Genetic Algorithm Best-of-3,False,3.0,3.0,100.0,50.0,0.1,1592,100,,,14.612309249991085,True,,1592,100,23,36,4.432488207996357,best_known,1592,1.0,True
planar_weighted_medium_budget100,planar_weighted_medium,100,graph_066.txt,greedy_planar_weighted_medium_b100,greedy_planar_weighted_medium_b100,greedy,Greedy Baseline,False,,,,,,1617,100,,,0.03847095798118971,True,,1617,100,25,37,,best_known,1617,1.0,True
planar_weighted_medium_budget100,planar_weighted_medium,100,graph_066.txt,ga_best_of_3_planar_weighted_medium_budget100,ga_planar_weighted_medium_b100_seed003,ga_best_of_n,Genetic Algorithm Best-of-3,False,3.0,3.0,100.0,50.0,0.1,1617,100,,,17.855280500021763,True,,1617,100,25,37,5.153446167008951,best_known,1617,1.0,False
planar_weighted_medium_budget100,planar_weighted_medium,100,graph_067.txt,greedy_planar_weighted_medium_b100,greedy_planar_weighted_medium_b100,greedy,Greedy Baseline,False,,,,,,1074,97,,,0.018319583003176376,True,,1074,97,21,28,,best_known,1132,0.9487632508833922,False
planar_weighted_medium_budget100,planar_weighted_medium,100,graph_067.txt,ga_best_of_3_planar_weighted_medium_budget100,ga_planar_weighted_medium_b100_seed001,ga_best_of_n,Genetic Algorithm Best-of-3,False,1.0,3.0,100.0,50.0,0.1,1132,100,,,8.77321816602489,True,,1132,100,19,26,3.7588783750252333,best_known,1132,1.0,True
planar_weighted_medium_budget100,planar_weighted_medium,100,graph_068.txt,greedy_planar_weighted_medium_b100,greedy_planar_weighted_medium_b100,greedy,Greedy Baseline,False,,,,,,1408,100,,,0.03976516699185595,True,,1408,100,23,38,,best_known,1437,0.9798190675017397,False
planar_weighted_medium_budget100,planar_weighted_medium,100,graph_068.txt,ga_best_of_3_planar_weighted_medium_budget100,ga_planar_weighted_medium_b100_seed001,ga_best_of_n,Genetic Algorithm Best-of-3,False,1.0,3.0,100.0,50.0,0.1,1437,100,,,17.591032458964037,True,,1437,100,23,37,7.986148666997906,best_known,1437,1.0,True
planar_weighted_medium_budget100,planar_weighted_medium,100,graph_069.txt,greedy_planar_weighted_medium_b100,greedy_planar_weighted_medium_b100,greedy,Greedy Baseline,False,,,,,,1288,99,,,0.04020512499846518,True,,1288,99,19,31,,best_known,1290,0.9984496124031008,False
planar_weighted_medium_budget100,planar_weighted_medium,100,graph_069.txt,ga_best_of_3_planar_weighted_medium_budget100,ga_planar_weighted_medium_b100_seed003,ga_best_of_n,Genetic Algorithm Best-of-3,False,3.0,3.0,100.0,50.0,0.1,1290,100,,,17.33933141702437,True,,1290,100,19,28,5.0844090830069035,best_known,1290,1.0,True
planar_weighted_medium_budget100,planar_weighted_medium,100,graph_070.txt,greedy_planar_weighted_medium_b100,greedy_planar_weighted_medium_b100,greedy,Greedy Baseline,False,,,,,,1660,100,,,0.05908004101365805,True,,1660,100,27,47,,best_known,1759,0.9437180216031836,False
planar_weighted_medium_budget100,planar_weighted_medium,100,graph_070.txt,ga_best_of_3_planar_weighted_medium_budget100,ga_planar_weighted_medium_b100_seed003,ga_best_of_n,Genetic Algorithm Best-of-3,False,3.0,3.0,100.0,50.0,0.1,1759,100,,,28.762699708051514,True,,1759,100,29,44,8.068437500012806,best_known,1759,1.0,True
planar_weighted_medium_budget100,planar_weighted_medium,100,graph_071.txt,greedy_planar_weighted_medium_b100,greedy_planar_weighted_medium_b100,greedy,Greedy Baseline,False,,,,,,1492,100,,,0.034321040991926566,True,,1492,100,24,35,,best_known,1512,0.9867724867724867,False
planar_weighted_medium_budget100,planar_weighted_medium,100,graph_071.txt,ga_best_of_3_planar_weighted_medium_budget100,ga_planar_weighted_medium_b100_seed003,ga_best_of_n,Genetic Algorithm Best-of-3,False,3.0,3.0,100.0,50.0,0.1,1512,100,,,16.84179070900427,True,,1512,100,27,41,5.128180750005413,best_known,1512,1.0,True
planar_weighted_medium_budget100,planar_weighted_medium,100,graph_072.txt,greedy_planar_weighted_medium_b100,greedy_planar_weighted_medium_b100,greedy,Greedy Baseline,False,,,,,,1389,99,,,0.029608165990794078,True,,1389,99,23,33,,best_known,1389,1.0,False
planar_weighted_medium_budget100,planar_weighted_medium,100,graph_072.txt,ga_best_of_3_planar_weighted_medium_budget100,ga_planar_weighted_medium_b100_seed003,ga_best_of_n,Genetic Algorithm Best-of-3,False,3.0,3.0,100.0,50.0,0.1,1389,97,,,16.81396483303979,True,,1389,97,23,34,4.607076166023035,best_known,1389,1.0,True
planar_weighted_medium_budget100,planar_weighted_medium,100,graph_073.txt,greedy_planar_weighted_medium_b100,greedy_planar_weighted_medium_b100,greedy,Greedy Baseline,False,,,,,,1383,97,,,0.025754083006177098,True,,1383,97,23,34,,best_known,1610,0.8590062111801242,False
planar_weighted_medium_budget100,planar_weighted_medium,100,graph_073.txt,ga_best_of_3_planar_weighted_medium_budget100,ga_planar_weighted_medium_b100_seed003,ga_best_of_n,Genetic Algorithm Best-of-3,False,3.0,3.0,100.0,50.0,0.1,1610,99,,,17.060202749009477,True,,1610,99,27,39,4.610115000017686,best_known,1610,1.0,True
planar_weighted_medium_budget100,planar_weighted_medium,100,graph_074.txt,greedy_planar_weighted_medium_b100,greedy_planar_weighted_medium_b100,greedy,Greedy Baseline,False,,,,,,1059,97,,,0.023769958992488682,True,,1059,97,18,27,,best_known,1172,0.9035836177474402,False
planar_weighted_medium_budget100,planar_weighted_medium,100,graph_074.txt,ga_best_of_3_planar_weighted_medium_budget100,ga_planar_weighted_medium_b100_seed003,ga_best_of_n,Genetic Algorithm Best-of-3,False,3.0,3.0,100.0,50.0,0.1,1172,100,,,12.071986125025433,True,,1172,100,25,31,3.410146167007042,best_known,1172,1.0,True
planar_weighted_medium_budget100,planar_weighted_medium,100,graph_075.txt,greedy_planar_weighted_medium_b100,greedy_planar_weighted_medium_b100,greedy,Greedy Baseline,False,,,,,,1517,99,,,0.04573695798171684,True,,1517,99,24,36,,best_known,1517,1.0,True
planar_weighted_medium_budget100,planar_weighted_medium,100,graph_075.txt,ga_best_of_3_planar_weighted_medium_budget100,ga_planar_weighted_medium_b100_seed003,ga_best_of_n,Genetic Algorithm Best-of-3,False,3.0,3.0,100.0,50.0,0.1,1517,99,,,24.455432667018613,True,,1517,99,24,36,6.555264750000788,best_known,1517,1.0,False
planar_weighted_medium_budget100,planar_weighted_medium,100,graph_076.txt,greedy_planar_weighted_medium_b100,greedy_planar_weighted_medium_b100,greedy,Greedy Baseline,False,,,,,,1667,99,,,0.05183649997343309,True,,1667,99,24,38,,best_known,1677,0.9940369707811568,False
planar_weighted_medium_budget100,planar_weighted_medium,100,graph_076.txt,ga_best_of_3_planar_weighted_medium_budget100,ga_planar_weighted_medium_b100_seed002,ga_best_of_n,Genetic Algorithm Best-of-3,False,2.0,3.0,100.0,50.0,0.1,1677,100,,,23.374151707976125,True,,1677,100,25,40,7.170734124985756,best_known,1677,1.0,True
planar_weighted_medium_budget100,planar_weighted_medium,100,graph_077.txt,greedy_planar_weighted_medium_b100,greedy_planar_weighted_medium_b100,greedy,Greedy Baseline,False,,,,,,1448,100,,,0.05626241699792445,True,,1448,100,23,42,,best_known,1448,1.0,True
planar_weighted_medium_budget100,planar_weighted_medium,100,graph_077.txt,ga_best_of_3_planar_weighted_medium_budget100,ga_planar_weighted_medium_b100_seed003,ga_best_of_n,Genetic Algorithm Best-of-3,False,3.0,3.0,100.0,50.0,0.1,1448,100,,,23.04932845797157,True,,1448,100,23,42,6.480702625005506,best_known,1448,1.0,False
planar_weighted_medium_budget100,planar_weighted_medium,100,graph_078.txt,greedy_planar_weighted_medium_b100,greedy_planar_weighted_medium_b100,greedy,Greedy Baseline,False,,,,,,1604,100,,,0.052113749989075586,True,,1604,100,25,41,,best_known,1622,0.9889025893958077,False
planar_weighted_medium_budget100,planar_weighted_medium,100,graph_078.txt,ga_best_of_3_planar_weighted_medium_budget100,ga_planar_weighted_medium_b100_seed003,ga_best_of_n,Genetic Algorithm Best-of-3,False,3.0,3.0,100.0,50.0,0.1,1622,100,,,22.618573334009852,True,,1622,100,25,39,6.140545750007732,best_known,1622,1.0,True
planar_weighted_medium_budget100,planar_weighted_medium,100,graph_079.txt,greedy_planar_weighted_medium_b100,greedy_planar_weighted_medium_b100,greedy,Greedy Baseline,False,,,,,,1490,97,,,0.05649200000334531,True,,1490,97,26,40,,best_known,1614,0.9231722428748451,False
planar_weighted_medium_budget100,planar_weighted_medium,100,graph_079.txt,ga_best_of_3_planar_weighted_medium_budget100,ga_planar_weighted_medium_b100_seed001,ga_best_of_n,Genetic Algorithm Best-of-3,False,1.0,3.0,100.0,50.0,0.1,1614,100,,,22.50721158401575,True,,1614,100,27,36,8.500530999997864,best_known,1614,1.0,True
planar_weighted_medium_budget100,planar_weighted_medium,100,graph_080.txt,greedy_planar_weighted_medium_b100,greedy_planar_weighted_medium_b100,greedy,Greedy Baseline,False,,,,,,1331,99,,,0.04106991700245999,True,,1331,99,22,34,,best_known,1342,0.9918032786885246,False
planar_weighted_medium_budget100,planar_weighted_medium,100,graph_080.txt,ga_best_of_3_planar_weighted_medium_budget100,ga_planar_weighted_medium_b100_seed003,ga_best_of_n,Genetic Algorithm Best-of-3,False,3.0,3.0,100.0,50.0,0.1,1342,99,,,17.412776583019877,True,,1342,99,22,33,5.213737417012453,best_known,1342,1.0,True
planar_weighted_medium_budget100,planar_weighted_medium,100,graph_081.txt,greedy_planar_weighted_medium_b100,greedy_planar_weighted_medium_b100,greedy,Greedy Baseline,False,,,,,,1312,99,,,0.03980425000190735,True,,1312,99,22,35,,best_known,1426,0.9200561009817672,False
planar_weighted_medium_budget100,planar_weighted_medium,100,graph_081.txt,ga_best_of_3_planar_weighted_medium_budget100,ga_planar_weighted_medium_b100_seed002,ga_best_of_n,Genetic Algorithm Best-of-3,False,2.0,3.0,100.0,50.0,0.1,1426,100,,,18.221335292008007,True,,1426,100,24,33,5.563512084016111,best_known,1426,1.0,True
planar_weighted_medium_budget100,planar_weighted_medium,100,graph_082.txt,greedy_planar_weighted_medium_b100,greedy_planar_weighted_medium_b100,greedy,Greedy Baseline,False,,,,,,1556,100,,,0.042232666979543865,True,,1556,100,30,45,,best_known,1556,1.0,True
planar_weighted_medium_budget100,planar_weighted_medium,100,graph_082.txt,ga_best_of_3_planar_weighted_medium_budget100,ga_planar_weighted_medium_b100_seed003,ga_best_of_n,Genetic Algorithm Best-of-3,False,3.0,3.0,100.0,50.0,0.1,1556,100,,,23.829117584013147,True,,1556,100,30,45,6.5882345419959165,best_known,1556,1.0,False
planar_weighted_medium_budget100,planar_weighted_medium,100,graph_083.txt,greedy_planar_weighted_medium_b100,greedy_planar_weighted_medium_b100,greedy,Greedy Baseline,False,,,,,,1402,100,,,0.02758391699171625,True,,1402,100,24,32,,best_known,1402,1.0,True
planar_weighted_medium_budget100,planar_weighted_medium,100,graph_083.txt,ga_best_of_3_planar_weighted_medium_budget100,ga_planar_weighted_medium_b100_seed003,ga_best_of_n,Genetic Algorithm Best-of-3,False,3.0,3.0,100.0,50.0,0.1,1402,100,,,14.68471183301881,True,,1402,100,24,32,4.180564540991327,best_known,1402,1.0,False
planar_weighted_medium_budget100,planar_weighted_medium,100,graph_084.txt,greedy_planar_weighted_medium_b100,greedy_planar_weighted_medium_b100,greedy,Greedy Baseline,False,,,,,,1435,99,,,0.03468762498232536,True,,1435,99,24,39,,best_known,1511,0.9497021839841164,False
planar_weighted_medium_budget100,planar_weighted_medium,100,graph_084.txt,ga_best_of_3_planar_weighted_medium_budget100,ga_planar_weighted_medium_b100_seed002,ga_best_of_n,Genetic Algorithm Best-of-3,False,2.0,3.0,100.0,50.0,0.1,1511,99,,,18.0077201660024,True,,1511,99,23,33,5.277658416016493,best_known,1511,1.0,True
planar_weighted_medium_budget100,planar_weighted_medium,100,graph_085.txt,greedy_planar_weighted_medium_b100,greedy_planar_weighted_medium_b100,greedy,Greedy Baseline,False,,,,,,1571,98,,,0.0316483749775216,True,,1571,98,27,42,,best_known,1591,0.9874292897548711,False
planar_weighted_medium_budget100,planar_weighted_medium,100,graph_085.txt,ga_best_of_3_planar_weighted_medium_budget100,ga_planar_weighted_medium_b100_seed003,ga_best_of_n,Genetic Algorithm Best-of-3,False,3.0,3.0,100.0,50.0,0.1,1591,100,,,16.532756749977125,True,,1591,100,27,42,4.9963042919989675,best_known,1591,1.0,True
planar_weighted_medium_budget100,planar_weighted_medium,100,graph_086.txt,greedy_planar_weighted_medium_b100,greedy_planar_weighted_medium_b100,greedy,Greedy Baseline,False,,,,,,1437,100,,,0.0378060000075493,True,,1437,100,25,35,,best_known,1509,0.952286282306163,False
planar_weighted_medium_budget100,planar_weighted_medium,100,graph_086.txt,ga_best_of_3_planar_weighted_medium_budget100,ga_planar_weighted_medium_b100_seed002,ga_best_of_n,Genetic Algorithm Best-of-3,False,2.0,3.0,100.0,50.0,0.1,1509,100,,,22.59184941701824,True,,1509,100,27,37,6.741122625011485,best_known,1509,1.0,True
planar_weighted_medium_budget100,planar_weighted_medium,100,graph_087.txt,greedy_planar_weighted_medium_b100,greedy_planar_weighted_medium_b100,greedy,Greedy Baseline,False,,,,,,1394,100,,,0.04352895898045972,True,,1394,100,24,39,,best_known,1410,0.9886524822695035,False
planar_weighted_medium_budget100,planar_weighted_medium,100,graph_087.txt,ga_best_of_3_planar_weighted_medium_budget100,ga_planar_weighted_medium_b100_seed003,ga_best_of_n,Genetic Algorithm Best-of-3,False,3.0,3.0,100.0,50.0,0.1,1410,100,,,19.893099334003637,True,,1410,100,24,35,4.821317833993817,best_known,1410,1.0,True
planar_weighted_medium_budget100,planar_weighted_medium,100,graph_088.txt,greedy_planar_weighted_medium_b100,greedy_planar_weighted_medium_b100,greedy,Greedy Baseline,False,,,,,,1256,99,,,0.022532375005539507,True,,1256,99,19,30,,best_known,1256,1.0,True
planar_weighted_medium_budget100,planar_weighted_medium,100,graph_088.txt,ga_best_of_3_planar_weighted_medium_budget100,ga_planar_weighted_medium_b100_seed003,ga_best_of_n,Genetic Algorithm Best-of-3,False,3.0,3.0,100.0,50.0,0.1,1256,99,,,9.845330790994922,True,,1256,99,19,30,3.2274154580081813,best_known,1256,1.0,False
planar_weighted_medium_budget100,planar_weighted_medium,100,graph_089.txt,greedy_planar_weighted_medium_b100,greedy_planar_weighted_medium_b100,greedy,Greedy Baseline,False,,,,,,1107,94,,,0.021927082998445258,True,,1107,94,17,23,,best_known,1173,0.9437340153452686,False
planar_weighted_medium_budget100,planar_weighted_medium,100,graph_089.txt,ga_best_of_3_planar_weighted_medium_budget100,ga_planar_weighted_medium_b100_seed003,ga_best_of_n,Genetic Algorithm Best-of-3,False,3.0,3.0,100.0,50.0,0.1,1173,100,,,10.45101012501982,True,,1173,100,18,24,2.833929790998809,best_known,1173,1.0,True
planar_weighted_medium_budget100,planar_weighted_medium,100,graph_090.txt,greedy_planar_weighted_medium_b100,greedy_planar_weighted_medium_b100,greedy,Greedy Baseline,False,,,,,,1412,100,,,0.03911287500523031,True,,1412,100,27,36,,best_known,1412,1.0,True
planar_weighted_medium_budget100,planar_weighted_medium,100,graph_090.txt,ga_best_of_3_planar_weighted_medium_budget100,ga_planar_weighted_medium_b100_seed003,ga_best_of_n,Genetic Algorithm Best-of-3,False,3.0,3.0,100.0,50.0,0.1,1412,100,,,18.600687623984413,True,,1412,100,27,36,5.694865083001787,best_known,1412,1.0,False
planar_weighted_medium_budget100,planar_weighted_medium,100,graph_091.txt,greedy_planar_weighted_medium_b100,greedy_planar_weighted_medium_b100,greedy,Greedy Baseline,False,,,,,,1300,99,,,0.03494783298810944,True,,1300,99,18,29,,best_known,1362,0.9544787077826725,False
planar_weighted_medium_budget100,planar_weighted_medium,100,graph_091.txt,ga_best_of_3_planar_weighted_medium_budget100,ga_planar_weighted_medium_b100_seed003,ga_best_of_n,Genetic Algorithm Best-of-3,False,3.0,3.0,100.0,50.0,0.1,1362,99,,,11.962684458005242,True,,1362,99,21,30,3.5849260830145795,best_known,1362,1.0,True
planar_weighted_medium_budget100,planar_weighted_medium,100,graph_092.txt,greedy_planar_weighted_medium_b100,greedy_planar_weighted_medium_b100,greedy,Greedy Baseline,False,,,,,,1926,99,,,0.06139495800016448,True,,1926,99,26,43,,best_known,1932,0.9968944099378882,False
planar_weighted_medium_budget100,planar_weighted_medium,100,graph_092.txt,ga_best_of_3_planar_weighted_medium_budget100,ga_planar_weighted_medium_b100_seed003,ga_best_of_n,Genetic Algorithm Best-of-3,False,3.0,3.0,100.0,50.0,0.1,1932,99,,,24.17317433297285,True,,1932,99,26,41,7.62771362499916,best_known,1932,1.0,True
planar_weighted_medium_budget100,planar_weighted_medium,100,graph_093.txt,greedy_planar_weighted_medium_b100,greedy_planar_weighted_medium_b100,greedy,Greedy Baseline,False,,,,,,1487,99,,,0.030834916979074478,True,,1487,99,24,34,,best_known,1499,0.9919946631087392,False
planar_weighted_medium_budget100,planar_weighted_medium,100,graph_093.txt,ga_best_of_3_planar_weighted_medium_budget100,ga_planar_weighted_medium_b100_seed003,ga_best_of_n,Genetic Algorithm Best-of-3,False,3.0,3.0,100.0,50.0,0.1,1499,99,,,14.399962291994598,True,,1499,99,24,34,4.7886168750119396,best_known,1499,1.0,True
planar_weighted_medium_budget100,planar_weighted_medium,100,graph_094.txt,greedy_planar_weighted_medium_b100,greedy_planar_weighted_medium_b100,greedy,Greedy Baseline,False,,,,,,1364,98,,,0.03524429100798443,True,,1364,98,21,32,,best_known,1403,0.9722024233784747,False
planar_weighted_medium_budget100,planar_weighted_medium,100,graph_094.txt,ga_best_of_3_planar_weighted_medium_budget100,ga_planar_weighted_medium_b100_seed001,ga_best_of_n,Genetic Algorithm Best-of-3,False,1.0,3.0,100.0,50.0,0.1,1403,100,,,13.406610625999747,True,,1403,100,22,37,4.887190834007924,best_known,1403,1.0,True
planar_weighted_medium_budget100,planar_weighted_medium,100,graph_095.txt,greedy_planar_weighted_medium_b100,greedy_planar_weighted_medium_b100,greedy,Greedy Baseline,False,,,,,,1029,99,,,0.028083874989533797,True,,1029,99,16,29,,best_known,1149,0.8955613577023499,False
planar_weighted_medium_budget100,planar_weighted_medium,100,graph_095.txt,ga_best_of_3_planar_weighted_medium_budget100,ga_planar_weighted_medium_b100_seed001,ga_best_of_n,Genetic Algorithm Best-of-3,False,1.0,3.0,100.0,50.0,0.1,1149,100,,,10.234983792004641,True,,1149,100,18,26,3.7013996669847984,best_known,1149,1.0,True
planar_weighted_medium_budget100,planar_weighted_medium,100,graph_096.txt,greedy_planar_weighted_medium_b100,greedy_planar_weighted_medium_b100,greedy,Greedy Baseline,False,,,,,,1867,100,,,0.08420391700929031,True,,1867,100,28,46,,best_known,1882,0.9920297555791711,False
planar_weighted_medium_budget100,planar_weighted_medium,100,graph_096.txt,ga_best_of_3_planar_weighted_medium_budget100,ga_planar_weighted_medium_b100_seed002,ga_best_of_n,Genetic Algorithm Best-of-3,False,2.0,3.0,100.0,50.0,0.1,1882,100,,,27.076297500025248,True,,1882,100,26,45,7.3582179580116645,best_known,1882,1.0,True
planar_weighted_medium_budget100,planar_weighted_medium,100,graph_097.txt,greedy_planar_weighted_medium_b100,greedy_planar_weighted_medium_b100,greedy,Greedy Baseline,False,,,,,,1339,97,,,0.0543550839938689,True,,1339,97,21,38,,best_known,1398,0.957796852646638,False
planar_weighted_medium_budget100,planar_weighted_medium,100,graph_097.txt,ga_best_of_3_planar_weighted_medium_budget100,ga_planar_weighted_medium_b100_seed001,ga_best_of_n,Genetic Algorithm Best-of-3,False,1.0,3.0,100.0,50.0,0.1,1398,100,,,17.224632041994482,True,,1398,100,21,34,5.080841582996072,best_known,1398,1.0,True
planar_weighted_medium_budget100,planar_weighted_medium,100,graph_098.txt,greedy_planar_weighted_medium_b100,greedy_planar_weighted_medium_b100,greedy,Greedy Baseline,False,,,,,,944,99,,,0.025283833005232736,True,,944,99,18,28,,best_known,1155,0.8173160173160173,False
planar_weighted_medium_budget100,planar_weighted_medium,100,graph_098.txt,ga_best_of_3_planar_weighted_medium_budget100,ga_planar_weighted_medium_b100_seed001,ga_best_of_n,Genetic Algorithm Best-of-3,False,1.0,3.0,100.0,50.0,0.1,1155,100,,,9.627160374977393,True,,1155,100,19,28,2.9896285829890985,best_known,1155,1.0,True
planar_weighted_medium_budget100,planar_weighted_medium,100,graph_099.txt,greedy_planar_weighted_medium_b100,greedy_planar_weighted_medium_b100,greedy,Greedy Baseline,False,,,,,,1526,100,,,0.0383330839977134,True,,1526,100,23,35,,best_known,1529,0.9980379332897319,False
planar_weighted_medium_budget100,planar_weighted_medium,100,graph_099.txt,ga_best_of_3_planar_weighted_medium_budget100,ga_planar_weighted_medium_b100_seed002,ga_best_of_n,Genetic Algorithm Best-of-3,False,2.0,3.0,100.0,50.0,0.1,1529,99,,,15.935472874960396,True,,1529,99,22,31,5.420324874983635,best_known,1529,1.0,True
planar_weighted_medium_budget100,planar_weighted_medium,100,graph_100.txt,greedy_planar_weighted_medium_b100,greedy_planar_weighted_medium_b100,greedy,Greedy Baseline,False,,,,,,1401,100,,,0.05935441597830504,True,,1401,100,24,41,,best_known,1401,1.0,True
planar_weighted_medium_budget100,planar_weighted_medium,100,graph_100.txt,ga_best_of_3_planar_weighted_medium_budget100,ga_planar_weighted_medium_b100_seed003,ga_best_of_n,Genetic Algorithm Best-of-3,False,3.0,3.0,100.0,50.0,0.1,1401,100,,,21.699927499023033,True,,1401,100,24,41,7.109333583008265,best_known,1401,1.0,False
planar_weighted_small_budget030,planar_weighted_small,30,graph_001.txt,greedy_planar_weighted_small_b030,greedy_planar_weighted_small_b030,greedy,Greedy Baseline,False,,,,,,277,28,,,0.0005916660011280328,True,,277,28,4,8,,optimum,277,1.0,True
planar_weighted_small_budget030,planar_weighted_small,30,graph_001.txt,ga_best_of_3_planar_weighted_small_budget030,ga_planar_weighted_small_b030_seed003,ga_best_of_n,Genetic Algorithm Best-of-3,False,3.0,3.0,100.0,50.0,0.1,277,28,,,0.9490006259875372,True,,277,28,4,8,0.37754004198359326,optimum,277,1.0,False
planar_weighted_small_budget030,planar_weighted_small,30,graph_002.txt,greedy_planar_weighted_small_b030,greedy_planar_weighted_small_b030,greedy,Greedy Baseline,False,,,,,,157,24,,,0.00028737500542774796,True,,157,24,3,5,,optimum,157,1.0,True
planar_weighted_small_budget030,planar_weighted_small,30,graph_002.txt,ga_best_of_3_planar_weighted_small_budget030,ga_planar_weighted_small_b030_seed003,ga_best_of_n,Genetic Algorithm Best-of-3,False,3.0,3.0,100.0,50.0,0.1,157,24,,,0.8438700000115205,True,,157,24,3,5,0.31045270900358446,optimum,157,1.0,False
planar_weighted_small_budget030,planar_weighted_small,30,graph_003.txt,greedy_planar_weighted_small_b030,greedy_planar_weighted_small_b030,greedy,Greedy Baseline,False,,,,,,101,26,,,0.00034995898022316396,True,,101,26,3,6,,optimum,101,1.0,True
planar_weighted_small_budget030,planar_weighted_small,30,graph_003.txt,ga_best_of_3_planar_weighted_small_budget030,ga_planar_weighted_small_b030_seed003,ga_best_of_n,Genetic Algorithm Best-of-3,False,3.0,3.0,100.0,50.0,0.1,101,26,,,0.9500711670261808,True,,101,26,3,6,0.30905404200893827,optimum,101,1.0,False
planar_weighted_small_budget030,planar_weighted_small,30,graph_004.txt,greedy_planar_weighted_small_b030,greedy_planar_weighted_small_b030,greedy,Greedy Baseline,False,,,,,,255,26,,,0.00041245800093747675,True,,255,26,4,8,,optimum,255,1.0,True
planar_weighted_small_budget030,planar_weighted_small,30,graph_004.txt,ga_best_of_3_planar_weighted_small_budget030,ga_planar_weighted_small_b030_seed003,ga_best_of_n,Genetic Algorithm Best-of-3,False,3.0,3.0,100.0,50.0,0.1,255,26,,,1.2134008760331199,True,,255,26,4,8,0.40247887501027435,optimum,255,1.0,False
planar_weighted_small_budget030,planar_weighted_small,30,graph_005.txt,greedy_planar_weighted_small_b030,greedy_planar_weighted_small_b030,greedy,Greedy Baseline,False,,,,,,0,0,,,0.0002887090086005628,True,,0,0,0,0,,optimum,0,1.0,True
planar_weighted_small_budget030,planar_weighted_small,30,graph_005.txt,ga_best_of_3_planar_weighted_small_budget030,ga_planar_weighted_small_b030_seed003,ga_best_of_n,Genetic Algorithm Best-of-3,False,3.0,3.0,100.0,50.0,0.1,0,0,,,0.32568662497214973,True,,0,0,0,0,0.10311766597442329,optimum,0,1.0,False
planar_weighted_small_budget030,planar_weighted_small,30,graph_006.txt,greedy_planar_weighted_small_b030,greedy_planar_weighted_small_b030,greedy,Greedy Baseline,False,,,,,,323,27,,,0.0005852080066688359,True,,323,27,5,8,,optimum,323,1.0,True
planar_weighted_small_budget030,planar_weighted_small,30,graph_006.txt,ga_best_of_3_planar_weighted_small_budget030,ga_planar_weighted_small_b030_seed003,ga_best_of_n,Genetic Algorithm Best-of-3,False,3.0,3.0,100.0,50.0,0.1,323,27,,,1.6122572910098825,True,,323,27,5,8,0.5061922080058139,optimum,323,1.0,False
planar_weighted_small_budget030,planar_weighted_small,30,graph_007.txt,greedy_planar_weighted_small_b030,greedy_planar_weighted_small_b030,greedy,Greedy Baseline,False,,,,,,124,28,,,0.0004585410060826689,True,,124,28,2,4,,optimum,124,1.0,True
planar_weighted_small_budget030,planar_weighted_small,30,graph_007.txt,ga_best_of_3_planar_weighted_small_budget030,ga_planar_weighted_small_b030_seed003,ga_best_of_n,Genetic Algorithm Best-of-3,False,3.0,3.0,100.0,50.0,0.1,124,28,,,0.658832084009191,True,,124,28,2,4,0.18584783299593255,optimum,124,1.0,False
planar_weighted_small_budget030,planar_weighted_small,30,graph_008.txt,greedy_planar_weighted_small_b030,greedy_planar_weighted_small_b030,greedy,Greedy Baseline,False,,,,,,300,25,,,0.0003084590134676546,True,,300,25,5,9,,optimum,300,1.0,True
planar_weighted_small_budget030,planar_weighted_small,30,graph_008.txt,ga_best_of_3_planar_weighted_small_budget030,ga_planar_weighted_small_b030_seed003,ga_best_of_n,Genetic Algorithm Best-of-3,False,3.0,3.0,100.0,50.0,0.1,300,25,,,1.498139833973255,True,,300,25,5,9,0.5622533339774236,optimum,300,1.0,False
planar_weighted_small_budget030,planar_weighted_small,30,graph_009.txt,greedy_planar_weighted_small_b030,greedy_planar_weighted_small_b030,greedy,Greedy Baseline,False,,,,,,110,30,,,0.00045995801337994635,True,,110,30,3,6,,optimum,111,0.990990990990991,False
planar_weighted_small_budget030,planar_weighted_small,30,graph_009.txt,ga_best_of_3_planar_weighted_small_budget030,ga_planar_weighted_small_b030_seed003,ga_best_of_n,Genetic Algorithm Best-of-3,False,3.0,3.0,100.0,50.0,0.1,111,30,,,0.8780745409894735,True,,111,30,2,4,0.3348731659934856,optimum,111,1.0,True
planar_weighted_small_budget030,planar_weighted_small,30,graph_010.txt,greedy_planar_weighted_small_b030,greedy_planar_weighted_small_b030,greedy,Greedy Baseline,False,,,,,,63,16,,,0.0005745000089518726,True,,63,16,1,2,,optimum,87,0.7241379310344828,False
planar_weighted_small_budget030,planar_weighted_small,30,graph_010.txt,ga_best_of_3_planar_weighted_small_budget030,ga_planar_weighted_small_b030_seed003,ga_best_of_n,Genetic Algorithm Best-of-3,False,3.0,3.0,100.0,50.0,0.1,87,30,,,1.0371569590060972,True,,87,30,3,6,0.29014608400757425,optimum,87,1.0,True
planar_weighted_small_budget030,planar_weighted_small,30,graph_011.txt,greedy_planar_weighted_small_b030,greedy_planar_weighted_small_b030,greedy,Greedy Baseline,False,,,,,,277,28,,,0.00048391599557362497,True,,277,28,6,8,,optimum,277,1.0,True
planar_weighted_small_budget030,planar_weighted_small,30,graph_011.txt,ga_best_of_3_planar_weighted_small_budget030,ga_planar_weighted_small_b030_seed003,ga_best_of_n,Genetic Algorithm Best-of-3,False,3.0,3.0,100.0,50.0,0.1,277,28,,,1.7059674999909475,True,,277,28,6,8,0.6245679169951472,optimum,277,1.0,False
planar_weighted_small_budget030,planar_weighted_small,30,graph_012.txt,greedy_planar_weighted_small_b030,greedy_planar_weighted_small_b030,greedy,Greedy Baseline,False,,,,,,128,17,,,0.00045237498125061393,True,,128,17,3,4,,optimum,133,0.9624060150375939,False
planar_weighted_small_budget030,planar_weighted_small,30,graph_012.txt,ga_best_of_3_planar_weighted_small_budget030,ga_planar_weighted_small_b030_seed003,ga_best_of_n,Genetic Algorithm Best-of-3,False,3.0,3.0,100.0,50.0,0.1,133,20,,,0.7839372910093516,True,,133,20,2,4,0.2727601250226144,optimum,133,1.0,True
planar_weighted_small_budget030,planar_weighted_small,30,graph_013.txt,greedy_planar_weighted_small_b030,greedy_planar_weighted_small_b030,greedy,Greedy Baseline,False,,,,,,444,30,,,0.0005235409771557897,True,,444,30,5,10,,optimum,444,1.0,True
planar_weighted_small_budget030,planar_weighted_small,30,graph_013.txt,ga_best_of_3_planar_weighted_small_budget030,ga_planar_weighted_small_b030_seed003,ga_best_of_n,Genetic Algorithm Best-of-3,False,3.0,3.0,100.0,50.0,0.1,444,30,,,1.752377458033152,True,,444,30,5,10,0.5951022500230465,optimum,444,1.0,False
planar_weighted_small_budget030,planar_weighted_small,30,graph_014.txt,greedy_planar_weighted_small_b030,greedy_planar_weighted_small_b030,greedy,Greedy Baseline,False,,,,,,167,20,,,0.00035608300822786987,True,,167,20,2,4,,optimum,167,1.0,True
planar_weighted_small_budget030,planar_weighted_small,30,graph_014.txt,ga_best_of_3_planar_weighted_small_budget030,ga_planar_weighted_small_b030_seed003,ga_best_of_n,Genetic Algorithm Best-of-3,False,3.0,3.0,100.0,50.0,0.1,167,20,,,0.8322414160065819,True,,167,20,2,4,0.22781962499720976,optimum,167,1.0,False
planar_weighted_small_budget030,planar_weighted_small,30,graph_015.txt,greedy_planar_weighted_small_b030,greedy_planar_weighted_small_b030,greedy,Greedy Baseline,False,,,,,,169,29,,,0.000472707994049415,True,,169,29,4,6,,optimum,169,1.0,True
planar_weighted_small_budget030,planar_weighted_small,30,graph_015.txt,ga_best_of_3_planar_weighted_small_budget030,ga_planar_weighted_small_b030_seed003,ga_best_of_n,Genetic Algorithm Best-of-3,False,3.0,3.0,100.0,50.0,0.1,169,29,,,1.0292546249984298,True,,169,29,4,6,0.29394687499734573,optimum,169,1.0,False
planar_weighted_small_budget030,planar_weighted_small,30,graph_016.txt,greedy_planar_weighted_small_b030,greedy_planar_weighted_small_b030,greedy,Greedy Baseline,False,,,,,,216,28,,,0.0002872080076485872,True,,216,28,3,6,,optimum,216,1.0,True
planar_weighted_small_budget030,planar_weighted_small,30,graph_016.txt,ga_best_of_3_planar_weighted_small_budget030,ga_planar_weighted_small_b030_seed003,ga_best_of_n,Genetic Algorithm Best-of-3,False,3.0,3.0,100.0,50.0,0.1,216,28,,,0.7515715419722255,True,,216,28,3,6,0.2526644169993233,optimum,216,1.0,False
planar_weighted_small_budget030,planar_weighted_small,30,graph_017.txt,greedy_planar_weighted_small_b030,greedy_planar_weighted_small_b030,greedy,Greedy Baseline,False,,,,,,188,29,,,0.0003513749979902059,True,,188,29,4,7,,optimum,188,1.0,True
planar_weighted_small_budget030,planar_weighted_small,30,graph_017.txt,ga_best_of_3_planar_weighted_small_budget030,ga_planar_weighted_small_b030_seed003,ga_best_of_n,Genetic Algorithm Best-of-3,False,3.0,3.0,100.0,50.0,0.1,188,29,,,1.129708041989943,True,,188,29,4,7,0.3651403329859022,optimum,188,1.0,False
planar_weighted_small_budget030,planar_weighted_small,30,graph_018.txt,greedy_planar_weighted_small_b030,greedy_planar_weighted_small_b030,greedy,Greedy Baseline,False,,,,,,202,30,,,0.0004536669875960797,True,,202,30,3,6,,optimum,202,1.0,True
planar_weighted_small_budget030,planar_weighted_small,30,graph_018.txt,ga_best_of_3_planar_weighted_small_budget030,ga_planar_weighted_small_b030_seed003,ga_best_of_n,Genetic Algorithm Best-of-3,False,3.0,3.0,100.0,50.0,0.1,202,30,,,0.793834626005264,True,,202,30,3,6,0.28003454199642874,optimum,202,1.0,False
planar_weighted_small_budget030,planar_weighted_small,30,graph_019.txt,greedy_planar_weighted_small_b030,greedy_planar_weighted_small_b030,greedy,Greedy Baseline,False,,,,,,136,26,,,0.00042454100912436843,True,,136,26,3,6,,optimum,136,1.0,True
planar_weighted_small_budget030,planar_weighted_small,30,graph_019.txt,ga_best_of_3_planar_weighted_small_budget030,ga_planar_weighted_small_b030_seed003,ga_best_of_n,Genetic Algorithm Best-of-3,False,3.0,3.0,100.0,50.0,0.1,136,26,,,0.9726741249905899,True,,136,26,3,6,0.3332316250016447,optimum,136,1.0,False
planar_weighted_small_budget030,planar_weighted_small,30,graph_020.txt,greedy_planar_weighted_small_b030,greedy_planar_weighted_small_b030,greedy,Greedy Baseline,False,,,,,,255,28,,,0.0004202909767627716,True,,255,28,4,8,,optimum,255,1.0,True
planar_weighted_small_budget030,planar_weighted_small,30,graph_020.txt,ga_best_of_3_planar_weighted_small_budget030,ga_planar_weighted_small_b030_seed003,ga_best_of_n,Genetic Algorithm Best-of-3,False,3.0,3.0,100.0,50.0,0.1,255,28,,,1.1518148760078475,True,,255,28,4,8,0.4093886670016218,optimum,255,1.0,False
planar_weighted_small_budget030,planar_weighted_small,30,graph_021.txt,greedy_planar_weighted_small_b030,greedy_planar_weighted_small_b030,greedy,Greedy Baseline,False,,,,,,200,28,,,0.00039258398464880884,True,,200,28,3,6,,optimum,200,1.0,True
planar_weighted_small_budget030,planar_weighted_small,30,graph_021.txt,ga_best_of_3_planar_weighted_small_budget030,ga_planar_weighted_small_b030_seed003,ga_best_of_n,Genetic Algorithm Best-of-3,False,3.0,3.0,100.0,50.0,0.1,200,28,,,0.8322692910442129,True,,200,28,3,6,0.29797220800537616,optimum,200,1.0,False
planar_weighted_small_budget030,planar_weighted_small,30,graph_022.txt,greedy_planar_weighted_small_b030,greedy_planar_weighted_small_b030,greedy,Greedy Baseline,False,,,,,,230,22,,,0.00036616699071601033,True,,230,22,4,7,,optimum,258,0.8914728682170543,False
planar_weighted_small_budget030,planar_weighted_small,30,graph_022.txt,ga_best_of_3_planar_weighted_small_budget030,ga_planar_weighted_small_b030_seed003,ga_best_of_n,Genetic Algorithm Best-of-3,False,3.0,3.0,100.0,50.0,0.1,258,26,,,0.8948547079926357,True,,258,26,3,6,0.3540391249989625,optimum,258,1.0,True
planar_weighted_small_budget030,planar_weighted_small,30,graph_023.txt,greedy_planar_weighted_small_b030,greedy_planar_weighted_small_b030,greedy,Greedy Baseline,False,,,,,,140,16,,,0.00035858398769050837,True,,140,16,2,4,,optimum,183,0.7650273224043715,False
planar_weighted_small_budget030,planar_weighted_small,30,graph_023.txt,ga_best_of_3_planar_weighted_small_budget030,ga_planar_weighted_small_b030_seed003,ga_best_of_n,Genetic Algorithm Best-of-3,False,3.0,3.0,100.0,50.0,0.1,183,30,,,0.9201812079700176,True,,183,30,3,6,0.31947791698621586,optimum,183,1.0,True
planar_weighted_small_budget030,planar_weighted_small,30,graph_024.txt,greedy_planar_weighted_small_b030,greedy_planar_weighted_small_b030,greedy,Greedy Baseline,False,,,,,,169,22,,,0.0003935410059057176,True,,169,22,3,6,,optimum,216,0.7824074074074074,False
planar_weighted_small_budget030,planar_weighted_small,30,graph_024.txt,ga_best_of_3_planar_weighted_small_budget030,ga_planar_weighted_small_b030_seed003,ga_best_of_n,Genetic Algorithm Best-of-3,False,3.0,3.0,100.0,50.0,0.1,216,27,,,0.998155583976768,True,,216,27,4,5,0.30220379200181924,optimum,216,1.0,True
planar_weighted_small_budget030,planar_weighted_small,30,graph_025.txt,greedy_planar_weighted_small_b030,greedy_planar_weighted_small_b030,greedy,Greedy Baseline,False,,,,,,197,26,,,0.00032745799398981035,True,,197,26,4,8,,optimum,197,1.0,True
planar_weighted_small_budget030,planar_weighted_small,30,graph_025.txt,ga_best_of_3_planar_weighted_small_budget030,ga_planar_weighted_small_b030_seed003,ga_best_of_n,Genetic Algorithm Best-of-3,False,3.0,3.0,100.0,50.0,0.1,197,26,,,1.0441122500051279,True,,197,26,4,8,0.3516626670025289,optimum,197,1.0,False
planar_weighted_small_budget030,planar_weighted_small,30,graph_026.txt,greedy_planar_weighted_small_b030,greedy_planar_weighted_small_b030,greedy,Greedy Baseline,False,,,,,,234,20,,,0.00044416700256988406,True,,234,20,5,7,,optimum,234,1.0,True
planar_weighted_small_budget030,planar_weighted_small,30,graph_026.txt,ga_best_of_3_planar_weighted_small_budget030,ga_planar_weighted_small_b030_seed003,ga_best_of_n,Genetic Algorithm Best-of-3,False,3.0,3.0,100.0,50.0,0.1,234,20,,,1.4215493760129903,True,,234,20,5,7,0.4622739170154091,optimum,234,1.0,False
planar_weighted_small_budget030,planar_weighted_small,30,graph_027.txt,greedy_planar_weighted_small_b030,greedy_planar_weighted_small_b030,greedy,Greedy Baseline,False,,,,,,35,20,,,0.0002747919934336096,True,,35,20,1,2,,optimum,35,1.0,True
planar_weighted_small_budget030,planar_weighted_small,30,graph_027.txt,ga_best_of_3_planar_weighted_small_budget030,ga_planar_weighted_small_b030_seed003,ga_best_of_n,Genetic Algorithm Best-of-3,False,3.0,3.0,100.0,50.0,0.1,35,20,,,0.47815095898113213,True,,35,20,1,2,0.14215095899999142,optimum,35,1.0,False
planar_weighted_small_budget030,planar_weighted_small,30,graph_028.txt,greedy_planar_weighted_small_b030,greedy_planar_weighted_small_b030,greedy,Greedy Baseline,False,,,,,,51,6,,,0.0002530839992687106,True,,51,6,1,2,,optimum,51,1.0,True
planar_weighted_small_budget030,planar_weighted_small,30,graph_028.txt,ga_best_of_3_planar_weighted_small_budget030,ga_planar_weighted_small_b030_seed003,ga_best_of_n,Genetic Algorithm Best-of-3,False,3.0,3.0,100.0,50.0,0.1,51,6,,,0.41236287498031743,True,,51,6,1,2,0.13351104100001976,optimum,51,1.0,False
planar_weighted_small_budget030,planar_weighted_small,30,graph_029.txt,greedy_planar_weighted_small_b030,greedy_planar_weighted_small_b030,greedy,Greedy Baseline,False,,,,,,121,22,,,0.0004896669997833669,True,,121,22,4,5,,optimum,121,1.0,True
planar_weighted_small_budget030,planar_weighted_small,30,graph_029.txt,ga_best_of_3_planar_weighted_small_budget030,ga_planar_weighted_small_b030_seed003,ga_best_of_n,Genetic Algorithm Best-of-3,False,3.0,3.0,100.0,50.0,0.1,121,22,,,1.0781916249834467,True,,121,22,4,5,0.4520357919973321,optimum,121,1.0,False
planar_weighted_small_budget030,planar_weighted_small,30,graph_030.txt,greedy_planar_weighted_small_b030,greedy_planar_weighted_small_b030,greedy,Greedy Baseline,False,,,,,,107,28,,,0.00043487499351613224,True,,107,28,2,4,,optimum,107,1.0,True
planar_weighted_small_budget030,planar_weighted_small,30,graph_030.txt,ga_best_of_3_planar_weighted_small_budget030,ga_planar_weighted_small_b030_seed003,ga_best_of_n,Genetic Algorithm Best-of-3,False,3.0,3.0,100.0,50.0,0.1,107,28,,,0.693786124989856,True,,107,28,2,4,0.29335045799962245,optimum,107,1.0,False
planar_weighted_small_budget030,planar_weighted_small,30,graph_031.txt,greedy_planar_weighted_small_b030,greedy_planar_weighted_small_b030,greedy,Greedy Baseline,False,,,,,,0,0,,,0.0002991250075865537,True,,0,0,0,0,,optimum,0,1.0,True
planar_weighted_small_budget030,planar_weighted_small,30,graph_031.txt,ga_best_of_3_planar_weighted_small_budget030,ga_planar_weighted_small_b030_seed003,ga_best_of_n,Genetic Algorithm Best-of-3,False,3.0,3.0,100.0,50.0,0.1,0,0,,,0.3330146239895839,True,,0,0,0,0,0.08575345799908973,optimum,0,1.0,False
planar_weighted_small_budget030,planar_weighted_small,30,graph_032.txt,greedy_planar_weighted_small_b030,greedy_planar_weighted_small_b030,greedy,Greedy Baseline,False,,,,,,122,24,,,0.000264208996668458,True,,122,24,2,4,,optimum,122,1.0,True
planar_weighted_small_budget030,planar_weighted_small,30,graph_032.txt,ga_best_of_3_planar_weighted_small_budget030,ga_planar_weighted_small_b030_seed003,ga_best_of_n,Genetic Algorithm Best-of-3,False,3.0,3.0,100.0,50.0,0.1,122,24,,,0.6743623750226106,True,,122,24,2,4,0.19137333301478066,optimum,122,1.0,False
planar_weighted_small_budget030,planar_weighted_small,30,graph_033.txt,greedy_planar_weighted_small_b030,greedy_planar_weighted_small_b030,greedy,Greedy Baseline,False,,,,,,339,26,,,0.0002740829950198531,True,,339,26,4,6,,optimum,339,1.0,True
planar_weighted_small_budget030,planar_weighted_small,30,graph_033.txt,ga_best_of_3_planar_weighted_small_budget030,ga_planar_weighted_small_b030_seed003,ga_best_of_n,Genetic Algorithm Best-of-3,False,3.0,3.0,100.0,50.0,0.1,339,26,,,1.2455154579656664,True,,339,26,4,6,0.40771624998888,optimum,339,1.0,False
planar_weighted_small_budget030,planar_weighted_small,30,graph_034.txt,greedy_planar_weighted_small_b030,greedy_planar_weighted_small_b030,greedy,Greedy Baseline,False,,,,,,273,29,,,0.00046954199206084013,True,,273,29,5,8,,optimum,273,1.0,True
planar_weighted_small_budget030,planar_weighted_small,30,graph_034.txt,ga_best_of_3_planar_weighted_small_budget030,ga_planar_weighted_small_b030_seed003,ga_best_of_n,Genetic Algorithm Best-of-3,False,3.0,3.0,100.0,50.0,0.1,273,29,,,1.2779812090157066,True,,273,29,5,8,0.46571287501137704,optimum,273,1.0,False
planar_weighted_small_budget030,planar_weighted_small,30,graph_035.txt,greedy_planar_weighted_small_b030,greedy_planar_weighted_small_b030,greedy,Greedy Baseline,False,,,,,,280,23,,,0.00041608299943618476,True,,280,23,5,7,,optimum,280,1.0,True
planar_weighted_small_budget030,planar_weighted_small,30,graph_035.txt,ga_best_of_3_planar_weighted_small_budget030,ga_planar_weighted_small_b030_seed003,ga_best_of_n,Genetic Algorithm Best-of-3,False,3.0,3.0,100.0,50.0,0.1,280,23,,,1.6429622069990728,True,,280,23,5,7,0.5225532909971662,optimum,280,1.0,False
planar_weighted_small_budget030,planar_weighted_small,30,graph_036.txt,greedy_planar_weighted_small_b030,greedy_planar_weighted_small_b030,greedy,Greedy Baseline,False,,,,,,181,22,,,0.00035574997309595346,True,,181,22,4,8,,optimum,181,1.0,True
planar_weighted_small_budget030,planar_weighted_small,30,graph_036.txt,ga_best_of_3_planar_weighted_small_budget030,ga_planar_weighted_small_b030_seed003,ga_best_of_n,Genetic Algorithm Best-of-3,False,3.0,3.0,100.0,50.0,0.1,181,22,,,1.1421055829850957,True,,181,22,4,8,0.3669830829894636,optimum,181,1.0,False
planar_weighted_small_budget030,planar_weighted_small,30,graph_037.txt,greedy_planar_weighted_small_b030,greedy_planar_weighted_small_b030,greedy,Greedy Baseline,False,,,,,,126,26,,,0.0002987500047311187,True,,126,26,2,4,,optimum,130,0.9692307692307692,False
planar_weighted_small_budget030,planar_weighted_small,30,graph_037.txt,ga_best_of_3_planar_weighted_small_budget030,ga_planar_weighted_small_b030_seed003,ga_best_of_n,Genetic Algorithm Best-of-3,False,3.0,3.0,100.0,50.0,0.1,130,30,,,0.6946522080106661,True,,130,30,2,4,0.19496316701406613,optimum,130,1.0,True
planar_weighted_small_budget030,planar_weighted_small,30,graph_038.txt,greedy_planar_weighted_small_b030,greedy_planar_weighted_small_b030,greedy,Greedy Baseline,False,,,,,,1,18,,,0.0002542500151321292,True,,1,18,1,2,,optimum,1,1.0,True
planar_weighted_small_budget030,planar_weighted_small,30,graph_038.txt,ga_best_of_3_planar_weighted_small_budget030,ga_planar_weighted_small_b030_seed003,ga_best_of_n,Genetic Algorithm Best-of-3,False,3.0,3.0,100.0,50.0,0.1,1,18,,,0.4589837069797795,True,,1,18,1,2,0.1782484999857843,optimum,1,1.0,False
planar_weighted_small_budget030,planar_weighted_small,30,graph_039.txt,greedy_planar_weighted_small_b030,greedy_planar_weighted_small_b030,greedy,Greedy Baseline,False,,,,,,130,24,,,0.0003251250018365681,True,,130,24,3,6,,optimum,144,0.9027777777777778,False
planar_weighted_small_budget030,planar_weighted_small,30,graph_039.txt,ga_best_of_3_planar_weighted_small_budget030,ga_planar_weighted_small_b030_seed003,ga_best_of_n,Genetic Algorithm Best-of-3,False,3.0,3.0,100.0,50.0,0.1,144,30,,,0.8270467499969527,True,,144,30,3,6,0.2791010419896338,optimum,144,1.0,True
planar_weighted_small_budget030,planar_weighted_small,30,graph_040.txt,greedy_planar_weighted_small_b030,greedy_planar_weighted_small_b030,greedy,Greedy Baseline,False,,,,,,299,24,,,0.0004677090037148446,True,,299,24,4,8,,optimum,299,1.0,True
planar_weighted_small_budget030,planar_weighted_small,30,graph_040.txt,ga_best_of_3_planar_weighted_small_budget030,ga_planar_weighted_small_b030_seed003,ga_best_of_n,Genetic Algorithm Best-of-3,False,3.0,3.0,100.0,50.0,0.1,299,24,,,1.0471528739726637,True,,299,24,4,8,0.3481773749808781,optimum,299,1.0,False
planar_weighted_small_budget030,planar_weighted_small,30,graph_041.txt,greedy_planar_weighted_small_b030,greedy_planar_weighted_small_b030,greedy,Greedy Baseline,False,,,,,,489,27,,,0.00043133299914188683,True,,489,27,6,7,,optimum,489,1.0,True
planar_weighted_small_budget030,planar_weighted_small,30,graph_041.txt,ga_best_of_3_planar_weighted_small_budget030,ga_planar_weighted_small_b030_seed003,ga_best_of_n,Genetic Algorithm Best-of-3,False,3.0,3.0,100.0,50.0,0.1,489,27,,,1.5018663760565687,True,,489,27,6,7,0.5536089590168558,optimum,489,1.0,False
planar_weighted_small_budget030,planar_weighted_small,30,graph_042.txt,greedy_planar_weighted_small_b030,greedy_planar_weighted_small_b030,greedy,Greedy Baseline,False,,,,,,0,0,,,0.0002909159811679274,True,,0,0,0,0,,optimum,0,1.0,True
planar_weighted_small_budget030,planar_weighted_small,30,graph_042.txt,ga_best_of_3_planar_weighted_small_budget030,ga_planar_weighted_small_b030_seed003,ga_best_of_n,Genetic Algorithm Best-of-3,False,3.0,3.0,100.0,50.0,0.1,0,0,,,0.298522084049182,True,,0,0,0,0,0.0999505830113776,optimum,0,1.0,False
planar_weighted_small_budget030,planar_weighted_small,30,graph_043.txt,greedy_planar_weighted_small_b030,greedy_planar_weighted_small_b030,greedy,Greedy Baseline,False,,,,,,0,0,,,0.0002791250008158386,True,,0,0,0,0,,optimum,0,1.0,True
planar_weighted_small_budget030,planar_weighted_small,30,graph_043.txt,ga_best_of_3_planar_weighted_small_budget030,ga_planar_weighted_small_b030_seed003,ga_best_of_n,Genetic Algorithm Best-of-3,False,3.0,3.0,100.0,50.0,0.1,0,0,,,0.30004079299396835,True,,0,0,0,0,0.08197029199800454,optimum,0,1.0,False
planar_weighted_small_budget030,planar_weighted_small,30,graph_044.txt,greedy_planar_weighted_small_b030,greedy_planar_weighted_small_b030,greedy,Greedy Baseline,False,,,,,,268,30,,,0.0005335840105544776,True,,268,30,4,8,,optimum,268,1.0,True
planar_weighted_small_budget030,planar_weighted_small,30,graph_044.txt,ga_best_of_3_planar_weighted_small_budget030,ga_planar_weighted_small_b030_seed003,ga_best_of_n,Genetic Algorithm Best-of-3,False,3.0,3.0,100.0,50.0,0.1,268,30,,,1.1182182499906048,True,,268,30,4,8,0.35270041701733135,optimum,268,1.0,False
planar_weighted_small_budget030,planar_weighted_small,30,graph_045.txt,greedy_planar_weighted_small_b030,greedy_planar_weighted_small_b030,greedy,Greedy Baseline,False,,,,,,313,28,,,0.0005187919887248427,True,,313,28,5,10,,optimum,314,0.9968152866242038,False
planar_weighted_small_budget030,planar_weighted_small,30,graph_045.txt,ga_best_of_3_planar_weighted_small_budget030,ga_planar_weighted_small_b030_seed003,ga_best_of_n,Genetic Algorithm Best-of-3,False,3.0,3.0,100.0,50.0,0.1,314,30,,,1.2147940830036532,True,,314,30,5,10,0.37870258299517445,optimum,314,1.0,True
planar_weighted_small_budget030,planar_weighted_small,30,graph_046.txt,greedy_planar_weighted_small_b030,greedy_planar_weighted_small_b030,greedy,Greedy Baseline,False,,,,,,221,29,,,0.0004118750221095979,True,,221,29,4,6,,optimum,230,0.9608695652173913,False
planar_weighted_small_budget030,planar_weighted_small,30,graph_046.txt,ga_best_of_3_planar_weighted_small_budget030,ga_planar_weighted_small_b030_seed003,ga_best_of_n,Genetic Algorithm Best-of-3,False,3.0,3.0,100.0,50.0,0.1,230,30,,,0.8458605409832671,True,,230,30,3,6,0.27327804098604247,optimum,230,1.0,True
planar_weighted_small_budget030,planar_weighted_small,30,graph_047.txt,greedy_planar_weighted_small_b030,greedy_planar_weighted_small_b030,greedy,Greedy Baseline,False,,,,,,224,22,,,0.00043958399328403175,True,,224,22,4,6,,optimum,224,1.0,True
planar_weighted_small_budget030,planar_weighted_small,30,graph_047.txt,ga_best_of_3_planar_weighted_small_budget030,ga_planar_weighted_small_b030_seed003,ga_best_of_n,Genetic Algorithm Best-of-3,False,3.0,3.0,100.0,50.0,0.1,224,22,,,1.1182960419973824,True,,224,22,4,6,0.3626489159942139,optimum,224,1.0,False
planar_weighted_small_budget030,planar_weighted_small,30,graph_048.txt,greedy_planar_weighted_small_b030,greedy_planar_weighted_small_b030,greedy,Greedy Baseline,False,,,,,,168,30,,,0.00038291700184345245,True,,168,30,4,8,,optimum,168,1.0,True
planar_weighted_small_budget030,planar_weighted_small,30,graph_048.txt,ga_best_of_3_planar_weighted_small_budget030,ga_planar_weighted_small_b030_seed003,ga_best_of_n,Genetic Algorithm Best-of-3,False,3.0,3.0,100.0,50.0,0.1,168,30,,,1.0093023339868523,True,,168,30,4,8,0.31891483400249854,optimum,168,1.0,False
planar_weighted_small_budget030,planar_weighted_small,30,graph_049.txt,greedy_planar_weighted_small_b030,greedy_planar_weighted_small_b030,greedy,Greedy Baseline,False,,,,,,134,26,,,0.00038174999644979835,True,,134,26,4,8,,optimum,134,1.0,True
planar_weighted_small_budget030,planar_weighted_small,30,graph_049.txt,ga_best_of_3_planar_weighted_small_budget030,ga_planar_weighted_small_b030_seed003,ga_best_of_n,Genetic Algorithm Best-of-3,False,3.0,3.0,100.0,50.0,0.1,134,26,,,1.1659034579934087,True,,134,26,4,8,0.43057416600640863,optimum,134,1.0,False
planar_weighted_small_budget030,planar_weighted_small,30,graph_050.txt,greedy_planar_weighted_small_b030,greedy_planar_weighted_small_b030,greedy,Greedy Baseline,False,,,,,,147,28,,,0.0004617089871317148,True,,147,28,4,6,,optimum,157,0.9363057324840764,False
planar_weighted_small_budget030,planar_weighted_small,30,graph_050.txt,ga_best_of_3_planar_weighted_small_budget030,ga_planar_weighted_small_b030_seed003,ga_best_of_n,Genetic Algorithm Best-of-3,False,3.0,3.0,100.0,50.0,0.1,157,30,,,0.8809523330128286,True,,157,30,3,6,0.28710945800412446,optimum,157,1.0,True
planar_weighted_small_budget030,planar_weighted_small,30,graph_051.txt,greedy_planar_weighted_small_b030,greedy_planar_weighted_small_b030,greedy,Greedy Baseline,False,,,,,,128,18,,,0.0003589999978430569,True,,128,18,2,4,,optimum,128,1.0,True
planar_weighted_small_budget030,planar_weighted_small,30,graph_051.txt,ga_best_of_3_planar_weighted_small_budget030,ga_planar_weighted_small_b030_seed003,ga_best_of_n,Genetic Algorithm Best-of-3,False,3.0,3.0,100.0,50.0,0.1,128,18,,,0.7536119169963058,True,,128,18,2,4,0.244556833000388,optimum,128,1.0,False
planar_weighted_small_budget030,planar_weighted_small,30,graph_052.txt,greedy_planar_weighted_small_b030,greedy_planar_weighted_small_b030,greedy,Greedy Baseline,False,,,,,,98,22,,,0.0003542500198818743,True,,98,22,2,4,,optimum,98,1.0,True
planar_weighted_small_budget030,planar_weighted_small,30,graph_052.txt,ga_best_of_3_planar_weighted_small_budget030,ga_planar_weighted_small_b030_seed003,ga_best_of_n,Genetic Algorithm Best-of-3,False,3.0,3.0,100.0,50.0,0.1,98,22,,,0.6370424590131734,True,,98,22,2,4,0.19374008299200796,optimum,98,1.0,False
planar_weighted_small_budget030,planar_weighted_small,30,graph_053.txt,greedy_planar_weighted_small_b030,greedy_planar_weighted_small_b030,greedy,Greedy Baseline,False,,,,,,278,30,,,0.0003397919936105609,True,,278,30,4,6,,optimum,278,1.0,True
planar_weighted_small_budget030,planar_weighted_small,30,graph_053.txt,ga_best_of_3_planar_weighted_small_budget030,ga_planar_weighted_small_b030_seed003,ga_best_of_n,Genetic Algorithm Best-of-3,False,3.0,3.0,100.0,50.0,0.1,278,30,,,0.9835523329966236,True,,278,30,4,6,0.29942433300311677,optimum,278,1.0,False
planar_weighted_small_budget030,planar_weighted_small,30,graph_054.txt,greedy_planar_weighted_small_b030,greedy_planar_weighted_small_b030,greedy,Greedy Baseline,False,,,,,,0,0,,,0.0002861250250134617,True,,0,0,0,0,,optimum,0,1.0,True
planar_weighted_small_budget030,planar_weighted_small,30,graph_054.txt,ga_best_of_3_planar_weighted_small_budget030,ga_planar_weighted_small_b030_seed003,ga_best_of_n,Genetic Algorithm Best-of-3,False,3.0,3.0,100.0,50.0,0.1,0,0,,,0.3061794589739293,True,,0,0,0,0,0.09112058399477974,optimum,0,1.0,False
planar_weighted_small_budget030,planar_weighted_small,30,graph_055.txt,greedy_planar_weighted_small_b030,greedy_planar_weighted_small_b030,greedy,Greedy Baseline,False,,,,,,204,30,,,0.0006424169987440109,True,,204,30,6,12,,optimum,204,1.0,True
planar_weighted_small_budget030,planar_weighted_small,30,graph_055.txt,ga_best_of_3_planar_weighted_small_budget030,ga_planar_weighted_small_b030_seed003,ga_best_of_n,Genetic Algorithm Best-of-3,False,3.0,3.0,100.0,50.0,0.1,204,30,,,1.6488197070138995,True,,204,30,6,12,0.5558768330083694,optimum,204,1.0,False
planar_weighted_small_budget030,planar_weighted_small,30,graph_056.txt,greedy_planar_weighted_small_b030,greedy_planar_weighted_small_b030,greedy,Greedy Baseline,False,,,,,,133,23,,,0.0003217920020688325,True,,133,23,3,4,,optimum,197,0.6751269035532995,False
planar_weighted_small_budget030,planar_weighted_small,30,graph_056.txt,ga_best_of_3_planar_weighted_small_budget030,ga_planar_weighted_small_b030_seed003,ga_best_of_n,Genetic Algorithm Best-of-3,False,3.0,3.0,100.0,50.0,0.1,197,30,,,0.9000090429617558,True,,197,30,3,5,0.2943937089876272,optimum,197,1.0,True
planar_weighted_small_budget030,planar_weighted_small,30,graph_057.txt,greedy_planar_weighted_small_b030,greedy_planar_weighted_small_b030,greedy,Greedy Baseline,False,,,,,,153,27,,,0.00029845800600014627,True,,153,27,3,4,,optimum,153,1.0,True
planar_weighted_small_budget030,planar_weighted_small,30,graph_057.txt,ga_best_of_3_planar_weighted_small_budget030,ga_planar_weighted_small_b030_seed003,ga_best_of_n,Genetic Algorithm Best-of-3,False,3.0,3.0,100.0,50.0,0.1,153,27,,,0.7837357910175342,True,,153,27,3,4,0.28252091599279083,optimum,153,1.0,False
planar_weighted_small_budget030,planar_weighted_small,30,graph_058.txt,greedy_planar_weighted_small_b030,greedy_planar_weighted_small_b030,greedy,Greedy Baseline,False,,,,,,222,29,,,0.0003418329870328307,True,,222,29,3,4,,optimum,222,1.0,True
planar_weighted_small_budget030,planar_weighted_small,30,graph_058.txt,ga_best_of_3_planar_weighted_small_budget030,ga_planar_weighted_small_b030_seed003,ga_best_of_n,Genetic Algorithm Best-of-3,False,3.0,3.0,100.0,50.0,0.1,222,29,,,0.8820613319985569,True,,222,29,3,4,0.2924682080047205,optimum,222,1.0,False
planar_weighted_small_budget030,planar_weighted_small,30,graph_059.txt,greedy_planar_weighted_small_b030,greedy_planar_weighted_small_b030,greedy,Greedy Baseline,False,,,,,,242,28,,,0.0004037089820485562,True,,242,28,4,8,,optimum,242,1.0,True
planar_weighted_small_budget030,planar_weighted_small,30,graph_059.txt,ga_best_of_3_planar_weighted_small_budget030,ga_planar_weighted_small_b030_seed003,ga_best_of_n,Genetic Algorithm Best-of-3,False,3.0,3.0,100.0,50.0,0.1,242,28,,,1.0740931260224897,True,,242,28,4,8,0.35465470899362117,optimum,242,1.0,False
planar_weighted_small_budget030,planar_weighted_small,30,graph_060.txt,greedy_planar_weighted_small_b030,greedy_planar_weighted_small_b030,greedy,Greedy Baseline,False,,,,,,283,22,,,0.0005050000036135316,True,,283,22,5,10,,optimum,283,1.0,True
planar_weighted_small_budget030,planar_weighted_small,30,graph_060.txt,ga_best_of_3_planar_weighted_small_budget030,ga_planar_weighted_small_b030_seed003,ga_best_of_n,Genetic Algorithm Best-of-3,False,3.0,3.0,100.0,50.0,0.1,283,22,,,1.6165993320173584,True,,283,22,5,10,0.5551120830059517,optimum,283,1.0,False
planar_weighted_small_budget030,planar_weighted_small,30,graph_061.txt,greedy_planar_weighted_small_b030,greedy_planar_weighted_small_b030,greedy,Greedy Baseline,False,,,,,,79,4,,,0.0002722919743973762,True,,79,4,1,2,,optimum,79,1.0,True
planar_weighted_small_budget030,planar_weighted_small,30,graph_061.txt,ga_best_of_3_planar_weighted_small_budget030,ga_planar_weighted_small_b030_seed003,ga_best_of_n,Genetic Algorithm Best-of-3,False,3.0,3.0,100.0,50.0,0.1,79,4,,,0.4216361249855254,True,,79,4,1,2,0.12464449999970384,optimum,79,1.0,False
planar_weighted_small_budget030,planar_weighted_small,30,graph_062.txt,greedy_planar_weighted_small_b030,greedy_planar_weighted_small_b030,greedy,Greedy Baseline,False,,,,,,280,22,,,0.0003977919986937195,True,,280,22,4,7,,optimum,280,1.0,True
planar_weighted_small_budget030,planar_weighted_small,30,graph_062.txt,ga_best_of_3_planar_weighted_small_budget030,ga_planar_weighted_small_b030_seed003,ga_best_of_n,Genetic Algorithm Best-of-3,False,3.0,3.0,100.0,50.0,0.1,280,22,,,1.2272270419925917,True,,280,22,4,7,0.44137579199741594,optimum,280,1.0,False
planar_weighted_small_budget030,planar_weighted_small,30,graph_063.txt,greedy_planar_weighted_small_b030,greedy_planar_weighted_small_b030,greedy,Greedy Baseline,False,,,,,,207,28,,,0.0003826660104095936,True,,207,28,3,6,,optimum,207,1.0,True
planar_weighted_small_budget030,planar_weighted_small,30,graph_063.txt,ga_best_of_3_planar_weighted_small_budget030,ga_planar_weighted_small_b030_seed003,ga_best_of_n,Genetic Algorithm Best-of-3,False,3.0,3.0,100.0,50.0,0.1,207,28,,,1.035279667004943,True,,207,28,3,6,0.32642762499745004,optimum,207,1.0,False
planar_weighted_small_budget030,planar_weighted_small,30,graph_064.txt,greedy_planar_weighted_small_b030,greedy_planar_weighted_small_b030,greedy,Greedy Baseline,False,,,,,,220,30,,,0.0005546250031329691,True,,220,30,3,6,,optimum,220,1.0,True
planar_weighted_small_budget030,planar_weighted_small,30,graph_064.txt,ga_best_of_3_planar_weighted_small_budget030,ga_planar_weighted_small_b030_seed003,ga_best_of_n,Genetic Algorithm Best-of-3,False,3.0,3.0,100.0,50.0,0.1,220,30,,,0.9468425410159398,True,,220,30,3,6,0.2952320410113316,optimum,220,1.0,False
planar_weighted_small_budget030,planar_weighted_small,30,graph_065.txt,greedy_planar_weighted_small_b030,greedy_planar_weighted_small_b030,greedy,Greedy Baseline,False,,,,,,148,22,,,0.00033108401112258434,True,,148,22,2,4,,optimum,148,1.0,True
planar_weighted_small_budget030,planar_weighted_small,30,graph_065.txt,ga_best_of_3_planar_weighted_small_budget030,ga_planar_weighted_small_b030_seed003,ga_best_of_n,Genetic Algorithm Best-of-3,False,3.0,3.0,100.0,50.0,0.1,148,22,,,0.67534704101854,True,,148,22,2,4,0.2317419580067508,optimum,148,1.0,False
planar_weighted_small_budget030,planar_weighted_small,30,graph_066.txt,greedy_planar_weighted_small_b030,greedy_planar_weighted_small_b030,greedy,Greedy Baseline,False,,,,,,249,20,,,0.00039658398600295186,True,,249,20,4,8,,optimum,249,1.0,True
planar_weighted_small_budget030,planar_weighted_small,30,graph_066.txt,ga_best_of_3_planar_weighted_small_budget030,ga_planar_weighted_small_b030_seed003,ga_best_of_n,Genetic Algorithm Best-of-3,False,3.0,3.0,100.0,50.0,0.1,249,20,,,1.0246159170055762,True,,249,20,4,8,0.3439350830158219,optimum,249,1.0,False
planar_weighted_small_budget030,planar_weighted_small,30,graph_067.txt,greedy_planar_weighted_small_b030,greedy_planar_weighted_small_b030,greedy,Greedy Baseline,False,,,,,,199,26,,,0.00033216600422747433,True,,199,26,3,5,,optimum,224,0.8883928571428571,False
planar_weighted_small_budget030,planar_weighted_small,30,graph_067.txt,ga_best_of_3_planar_weighted_small_budget030,ga_planar_weighted_small_b030_seed003,ga_best_of_n,Genetic Algorithm Best-of-3,False,3.0,3.0,100.0,50.0,0.1,224,29,,,0.914540460013086,True,,224,29,5,6,0.3062782920023892,optimum,224,1.0,True
planar_weighted_small_budget030,planar_weighted_small,30,graph_068.txt,greedy_planar_weighted_small_b030,greedy_planar_weighted_small_b030,greedy,Greedy Baseline,False,,,,,,320,25,,,0.0003622499934863299,True,,320,25,4,5,,optimum,320,1.0,True
planar_weighted_small_budget030,planar_weighted_small,30,graph_068.txt,ga_best_of_3_planar_weighted_small_budget030,ga_planar_weighted_small_b030_seed003,ga_best_of_n,Genetic Algorithm Best-of-3,False,3.0,3.0,100.0,50.0,0.1,320,25,,,1.0574783740157727,True,,320,25,4,5,0.3482935829961207,optimum,320,1.0,False
planar_weighted_small_budget030,planar_weighted_small,30,graph_069.txt,greedy_planar_weighted_small_b030,greedy_planar_weighted_small_b030,greedy,Greedy Baseline,False,,,,,,245,22,,,0.00040129199624061584,True,,245,22,3,6,,optimum,259,0.9459459459459459,False
planar_weighted_small_budget030,planar_weighted_small,30,graph_069.txt,ga_best_of_3_planar_weighted_small_budget030,ga_planar_weighted_small_b030_seed003,ga_best_of_n,Genetic Algorithm Best-of-3,False,3.0,3.0,100.0,50.0,0.1,259,30,,,1.09540191697306,True,,259,30,4,8,0.36402854198240675,optimum,259,1.0,True
planar_weighted_small_budget030,planar_weighted_small,30,graph_070.txt,greedy_planar_weighted_small_b030,greedy_planar_weighted_small_b030,greedy,Greedy Baseline,False,,,,,,189,24,,,0.00034866700298152864,True,,189,24,3,6,,optimum,189,1.0,True
planar_weighted_small_budget030,planar_weighted_small,30,graph_070.txt,ga_best_of_3_planar_weighted_small_budget030,ga_planar_weighted_small_b030_seed003,ga_best_of_n,Genetic Algorithm Best-of-3,False,3.0,3.0,100.0,50.0,0.1,189,24,,,1.036461582989432,True,,189,24,3,6,0.37962925000465475,optimum,189,1.0,False
planar_weighted_small_budget030,planar_weighted_small,30,graph_071.txt,greedy_planar_weighted_small_b030,greedy_planar_weighted_small_b030,greedy,Greedy Baseline,False,,,,,,156,26,,,0.0003319169918540865,True,,156,26,3,6,,optimum,156,1.0,True
planar_weighted_small_budget030,planar_weighted_small,30,graph_071.txt,ga_best_of_3_planar_weighted_small_budget030,ga_planar_weighted_small_b030_seed003,ga_best_of_n,Genetic Algorithm Best-of-3,False,3.0,3.0,100.0,50.0,0.1,156,26,,,0.8315850419458002,True,,156,26,3,6,0.2999421249842271,optimum,156,1.0,False
planar_weighted_small_budget030,planar_weighted_small,30,graph_072.txt,greedy_planar_weighted_small_b030,greedy_planar_weighted_small_b030,greedy,Greedy Baseline,False,,,,,,0,0,,,0.0002867500006686896,True,,0,0,0,0,,optimum,0,1.0,True
planar_weighted_small_budget030,planar_weighted_small,30,graph_072.txt,ga_best_of_3_planar_weighted_small_budget030,ga_planar_weighted_small_b030_seed003,ga_best_of_n,Genetic Algorithm Best-of-3,False,3.0,3.0,100.0,50.0,0.1,0,0,,,0.30762529201456346,True,,0,0,0,0,0.09890508401440457,optimum,0,1.0,False
planar_weighted_small_budget030,planar_weighted_small,30,graph_073.txt,greedy_planar_weighted_small_b030,greedy_planar_weighted_small_b030,greedy,Greedy Baseline,False,,,,,,0,0,,,0.0002626249915920198,True,,0,0,0,0,,optimum,0,1.0,True
planar_weighted_small_budget030,planar_weighted_small,30,graph_073.txt,ga_best_of_3_planar_weighted_small_budget030,ga_planar_weighted_small_b030_seed003,ga_best_of_n,Genetic Algorithm Best-of-3,False,3.0,3.0,100.0,50.0,0.1,0,0,,,0.3645575420523528,True,,0,0,0,0,0.0853384580113925,optimum,0,1.0,False
planar_weighted_small_budget030,planar_weighted_small,30,graph_074.txt,greedy_planar_weighted_small_b030,greedy_planar_weighted_small_b030,greedy,Greedy Baseline,False,,,,,,116,24,,,0.00031029200181365013,True,,116,24,3,6,,optimum,116,1.0,True
planar_weighted_small_budget030,planar_weighted_small,30,graph_074.txt,ga_best_of_3_planar_weighted_small_budget030,ga_planar_weighted_small_b030_seed003,ga_best_of_n,Genetic Algorithm Best-of-3,False,3.0,3.0,100.0,50.0,0.1,116,24,,,0.8730566669837572,True,,116,24,3,6,0.28860441700089723,optimum,116,1.0,False
planar_weighted_small_budget030,planar_weighted_small,30,graph_075.txt,greedy_planar_weighted_small_b030,greedy_planar_weighted_small_b030,greedy,Greedy Baseline,False,,,,,,152,30,,,0.0005101249844301492,True,,152,30,4,8,,optimum,152,1.0,True
planar_weighted_small_budget030,planar_weighted_small,30,graph_075.txt,ga_best_of_3_planar_weighted_small_budget030,ga_planar_weighted_small_b030_seed003,ga_best_of_n,Genetic Algorithm Best-of-3,False,3.0,3.0,100.0,50.0,0.1,152,30,,,1.1714307080255821,True,,152,30,4,8,0.3741011670208536,optimum,152,1.0,False
planar_weighted_small_budget030,planar_weighted_small,30,graph_076.txt,greedy_planar_weighted_small_b030,greedy_planar_weighted_small_b030,greedy,Greedy Baseline,False,,,,,,264,30,,,0.0003595830057747662,True,,264,30,4,8,,optimum,264,1.0,True
planar_weighted_small_budget030,planar_weighted_small,30,graph_076.txt,ga_best_of_3_planar_weighted_small_budget030,ga_planar_weighted_small_b030_seed003,ga_best_of_n,Genetic Algorithm Best-of-3,False,3.0,3.0,100.0,50.0,0.1,264,30,,,1.088725042034639,True,,264,30,4,8,0.3619533340097405,optimum,264,1.0,False
planar_weighted_small_budget030,planar_weighted_small,30,graph_077.txt,greedy_planar_weighted_small_b030,greedy_planar_weighted_small_b030,greedy,Greedy Baseline,False,,,,,,202,30,,,0.00034316600067541003,True,,202,30,4,7,,optimum,202,1.0,True
planar_weighted_small_budget030,planar_weighted_small,30,graph_077.txt,ga_best_of_3_planar_weighted_small_budget030,ga_planar_weighted_small_b030_seed003,ga_best_of_n,Genetic Algorithm Best-of-3,False,3.0,3.0,100.0,50.0,0.1,202,30,,,1.0196634589810856,True,,202,30,4,7,0.33932841700152494,optimum,202,1.0,False
planar_weighted_small_budget030,planar_weighted_small,30,graph_078.txt,greedy_planar_weighted_small_b030,greedy_planar_weighted_small_b030,greedy,Greedy Baseline,False,,,,,,206,28,,,0.00043591699795797467,True,,206,28,4,8,,optimum,206,1.0,True
planar_weighted_small_budget030,planar_weighted_small,30,graph_078.txt,ga_best_of_3_planar_weighted_small_budget030,ga_planar_weighted_small_b030_seed003,ga_best_of_n,Genetic Algorithm Best-of-3,False,3.0,3.0,100.0,50.0,0.1,206,28,,,1.2388642510049976,True,,206,28,4,8,0.4636742500006221,optimum,206,1.0,False
planar_weighted_small_budget030,planar_weighted_small,30,graph_079.txt,greedy_planar_weighted_small_b030,greedy_planar_weighted_small_b030,greedy,Greedy Baseline,False,,,,,,174,28,,,0.00036004098365083337,True,,174,28,3,6,,optimum,174,1.0,True
planar_weighted_small_budget030,planar_weighted_small,30,graph_079.txt,ga_best_of_3_planar_weighted_small_budget030,ga_planar_weighted_small_b030_seed003,ga_best_of_n,Genetic Algorithm Best-of-3,False,3.0,3.0,100.0,50.0,0.1,174,28,,,0.842017624003347,True,,174,28,3,6,0.27347845799522474,optimum,174,1.0,False
planar_weighted_small_budget030,planar_weighted_small,30,graph_080.txt,greedy_planar_weighted_small_b030,greedy_planar_weighted_small_b030,greedy,Greedy Baseline,False,,,,,,319,28,,,0.0005689999961759895,True,,319,28,6,12,,optimum,319,1.0,True
planar_weighted_small_budget030,planar_weighted_small,30,graph_080.txt,ga_best_of_3_planar_weighted_small_budget030,ga_planar_weighted_small_b030_seed003,ga_best_of_n,Genetic Algorithm Best-of-3,False,3.0,3.0,100.0,50.0,0.1,319,28,,,1.8370015399996191,True,,319,28,6,12,0.5845149160013534,optimum,319,1.0,False
planar_weighted_small_budget030,planar_weighted_small,30,graph_081.txt,greedy_planar_weighted_small_b030,greedy_planar_weighted_small_b030,greedy,Greedy Baseline,False,,,,,,234,30,,,0.00039254198782145977,True,,234,30,4,8,,optimum,234,1.0,True
planar_weighted_small_budget030,planar_weighted_small,30,graph_081.txt,ga_best_of_3_planar_weighted_small_budget030,ga_planar_weighted_small_b030_seed003,ga_best_of_n,Genetic Algorithm Best-of-3,False,3.0,3.0,100.0,50.0,0.1,234,30,,,1.24498908300302,True,,234,30,4,8,0.4180052920128219,optimum,234,1.0,False
planar_weighted_small_budget030,planar_weighted_small,30,graph_082.txt,greedy_planar_weighted_small_b030,greedy_planar_weighted_small_b030,greedy,Greedy Baseline,False,,,,,,0,0,,,0.0003475419944152236,True,,0,0,0,0,,optimum,0,1.0,True
planar_weighted_small_budget030,planar_weighted_small,30,graph_082.txt,ga_best_of_3_planar_weighted_small_budget030,ga_planar_weighted_small_b030_seed003,ga_best_of_n,Genetic Algorithm Best-of-3,False,3.0,3.0,100.0,50.0,0.1,0,0,,,0.31413591603632085,True,,0,0,0,0,0.10321429101168178,optimum,0,1.0,False
planar_weighted_small_budget030,planar_weighted_small,30,graph_083.txt,greedy_planar_weighted_small_b030,greedy_planar_weighted_small_b030,greedy,Greedy Baseline,False,,,,,,129,24,,,0.0003047920181415975,True,,129,24,3,6,,optimum,129,1.0,True
planar_weighted_small_budget030,planar_weighted_small,30,graph_083.txt,ga_best_of_3_planar_weighted_small_budget030,ga_planar_weighted_small_b030_seed003,ga_best_of_n,Genetic Algorithm Best-of-3,False,3.0,3.0,100.0,50.0,0.1,129,24,,,0.8351797499926761,True,,129,24,3,6,0.2864517089910805,optimum,129,1.0,False
planar_weighted_small_budget030,planar_weighted_small,30,graph_084.txt,greedy_planar_weighted_small_b030,greedy_planar_weighted_small_b030,greedy,Greedy Baseline,False,,,,,,13,18,,,0.000240708002820611,True,,13,18,1,2,,optimum,13,1.0,True
planar_weighted_small_budget030,planar_weighted_small,30,graph_084.txt,ga_best_of_3_planar_weighted_small_budget030,ga_planar_weighted_small_b030_seed003,ga_best_of_n,Genetic Algorithm Best-of-3,False,3.0,3.0,100.0,50.0,0.1,13,18,,,0.4727049579669256,True,,13,18,1,2,0.15249845798825845,optimum,13,1.0,False
planar_weighted_small_budget030,planar_weighted_small,30,graph_085.txt,greedy_planar_weighted_small_b030,greedy_planar_weighted_small_b030,greedy,Greedy Baseline,False,,,,,,33,27,,,0.00031383300665766,True,,33,27,2,3,,optimum,33,1.0,True
planar_weighted_small_budget030,planar_weighted_small,30,graph_085.txt,ga_best_of_3_planar_weighted_small_budget030,ga_planar_weighted_small_b030_seed003,ga_best_of_n,Genetic Algorithm Best-of-3,False,3.0,3.0,100.0,50.0,0.1,33,27,,,0.6514534579764586,True,,33,27,2,3,0.221032290981384,optimum,33,1.0,False
planar_weighted_small_budget030,planar_weighted_small,30,graph_086.txt,greedy_planar_weighted_small_b030,greedy_planar_weighted_small_b030,greedy,Greedy Baseline,False,,,,,,132,22,,,0.00034845800837501884,True,,132,22,4,8,,optimum,132,1.0,True
planar_weighted_small_budget030,planar_weighted_small,30,graph_086.txt,ga_best_of_3_planar_weighted_small_budget030,ga_planar_weighted_small_b030_seed003,ga_best_of_n,Genetic Algorithm Best-of-3,False,3.0,3.0,100.0,50.0,0.1,132,22,,,1.1422925839724485,True,,132,22,4,8,0.35306175000732765,optimum,132,1.0,False
planar_weighted_small_budget030,planar_weighted_small,30,graph_087.txt,greedy_planar_weighted_small_b030,greedy_planar_weighted_small_b030,greedy,Greedy Baseline,False,,,,,,315,30,,,0.0004485839745029807,True,,315,30,6,10,,optimum,315,1.0,True
planar_weighted_small_budget030,planar_weighted_small,30,graph_087.txt,ga_best_of_3_planar_weighted_small_budget030,ga_planar_weighted_small_b030_seed003,ga_best_of_n,Genetic Algorithm Best-of-3,False,3.0,3.0,100.0,50.0,0.1,315,30,,,1.3854751260078046,True,,315,30,6,10,0.4873449169972446,optimum,315,1.0,False
planar_weighted_small_budget030,planar_weighted_small,30,graph_088.txt,greedy_planar_weighted_small_b030,greedy_planar_weighted_small_b030,greedy,Greedy Baseline,False,,,,,,188,24,,,0.0003644170064944774,True,,188,24,3,6,,optimum,188,1.0,True
planar_weighted_small_budget030,planar_weighted_small,30,graph_088.txt,ga_best_of_3_planar_weighted_small_budget030,ga_planar_weighted_small_b030_seed003,ga_best_of_n,Genetic Algorithm Best-of-3,False,3.0,3.0,100.0,50.0,0.1,188,24,,,0.7977616240095813,True,,188,24,3,6,0.29753716601408087,optimum,188,1.0,False
planar_weighted_small_budget030,planar_weighted_small,30,graph_089.txt,greedy_planar_weighted_small_b030,greedy_planar_weighted_small_b030,greedy,Greedy Baseline,False,,,,,,246,29,,,0.0003812920185737312,True,,246,29,4,7,,optimum,246,1.0,True
planar_weighted_small_budget030,planar_weighted_small,30,graph_089.txt,ga_best_of_3_planar_weighted_small_budget030,ga_planar_weighted_small_b030_seed003,ga_best_of_n,Genetic Algorithm Best-of-3,False,3.0,3.0,100.0,50.0,0.1,246,29,,,1.141521208017366,True,,246,29,4,7,0.3964101250167005,optimum,246,1.0,False
planar_weighted_small_budget030,planar_weighted_small,30,graph_090.txt,greedy_planar_weighted_small_b030,greedy_planar_weighted_small_b030,greedy,Greedy Baseline,False,,,,,,128,24,,,0.0007256669923663139,True,,128,24,3,6,,optimum,137,0.9343065693430657,False
planar_weighted_small_budget030,planar_weighted_small,30,graph_090.txt,ga_best_of_3_planar_weighted_small_budget030,ga_planar_weighted_small_b030_seed003,ga_best_of_n,Genetic Algorithm Best-of-3,False,3.0,3.0,100.0,50.0,0.1,137,28,,,0.710081665951293,True,,137,28,2,4,0.278886332991533,optimum,137,1.0,True
planar_weighted_small_budget030,planar_weighted_small,30,graph_091.txt,greedy_planar_weighted_small_b030,greedy_planar_weighted_small_b030,greedy,Greedy Baseline,False,,,,,,0,0,,,0.000260957982391119,True,,0,0,0,0,,optimum,0,1.0,True
planar_weighted_small_budget030,planar_weighted_small,30,graph_091.txt,ga_best_of_3_planar_weighted_small_budget030,ga_planar_weighted_small_b030_seed003,ga_best_of_n,Genetic Algorithm Best-of-3,False,3.0,3.0,100.0,50.0,0.1,0,0,,,0.4395305000070948,True,,0,0,0,0,0.2403166249860078,optimum,0,1.0,False
planar_weighted_small_budget030,planar_weighted_small,30,graph_092.txt,greedy_planar_weighted_small_b030,greedy_planar_weighted_small_b030,greedy,Greedy Baseline,False,,,,,,329,29,,,0.000376833020709455,True,,329,29,5,7,,optimum,329,1.0,True
planar_weighted_small_budget030,planar_weighted_small,30,graph_092.txt,ga_best_of_3_planar_weighted_small_budget030,ga_planar_weighted_small_b030_seed003,ga_best_of_n,Genetic Algorithm Best-of-3,False,3.0,3.0,100.0,50.0,0.1,329,29,,,1.5356761250004638,True,,329,29,5,7,0.5025637090147939,optimum,329,1.0,False
planar_weighted_small_budget030,planar_weighted_small,30,graph_093.txt,greedy_planar_weighted_small_b030,greedy_planar_weighted_small_b030,greedy,Greedy Baseline,False,,,,,,26,8,,,0.0002524169976823032,True,,26,8,1,2,,optimum,26,1.0,True
planar_weighted_small_budget030,planar_weighted_small,30,graph_093.txt,ga_best_of_3_planar_weighted_small_budget030,ga_planar_weighted_small_b030_seed003,ga_best_of_n,Genetic Algorithm Best-of-3,False,3.0,3.0,100.0,50.0,0.1,26,8,,,0.5307562910020351,True,,26,8,1,2,0.18551604100503027,optimum,26,1.0,False
planar_weighted_small_budget030,planar_weighted_small,30,graph_094.txt,greedy_planar_weighted_small_b030,greedy_planar_weighted_small_b030,greedy,Greedy Baseline,False,,,,,,207,30,,,0.00035266700433567166,True,,207,30,3,6,,optimum,207,1.0,True
planar_weighted_small_budget030,planar_weighted_small,30,graph_094.txt,ga_best_of_3_planar_weighted_small_budget030,ga_planar_weighted_small_b030_seed003,ga_best_of_n,Genetic Algorithm Best-of-3,False,3.0,3.0,100.0,50.0,0.1,207,30,,,1.1599038330023177,True,,207,30,3,6,0.35797424998600036,optimum,207,1.0,False
planar_weighted_small_budget030,planar_weighted_small,30,graph_095.txt,greedy_planar_weighted_small_b030,greedy_planar_weighted_small_b030,greedy,Greedy Baseline,False,,,,,,216,28,,,0.00045266601955518126,True,,216,28,5,10,,optimum,216,1.0,True
planar_weighted_small_budget030,planar_weighted_small,30,graph_095.txt,ga_best_of_3_planar_weighted_small_budget030,ga_planar_weighted_small_b030_seed003,ga_best_of_n,Genetic Algorithm Best-of-3,False,3.0,3.0,100.0,50.0,0.1,216,28,,,1.598343001009198,True,,216,28,5,10,0.5437572920054663,optimum,216,1.0,False
planar_weighted_small_budget030,planar_weighted_small,30,graph_096.txt,greedy_planar_weighted_small_b030,greedy_planar_weighted_small_b030,greedy,Greedy Baseline,False,,,,,,312,26,,,0.00041362500633113086,True,,312,26,5,10,,optimum,312,1.0,True
planar_weighted_small_budget030,planar_weighted_small,30,graph_096.txt,ga_best_of_3_planar_weighted_small_budget030,ga_planar_weighted_small_b030_seed003,ga_best_of_n,Genetic Algorithm Best-of-3,False,3.0,3.0,100.0,50.0,0.1,312,26,,,1.915608207025798,True,,312,26,5,10,0.6358362500031944,optimum,312,1.0,False
planar_weighted_small_budget030,planar_weighted_small,30,graph_097.txt,greedy_planar_weighted_small_b030,greedy_planar_weighted_small_b030,greedy,Greedy Baseline,False,,,,,,251,30,,,0.0003459590079728514,True,,251,30,4,8,,optimum,269,0.9330855018587361,False
planar_weighted_small_budget030,planar_weighted_small,30,graph_097.txt,ga_best_of_3_planar_weighted_small_budget030,ga_planar_weighted_small_b030_seed003,ga_best_of_n,Genetic Algorithm Best-of-3,False,3.0,3.0,100.0,50.0,0.1,269,30,,,1.2537357499822974,True,,269,30,4,7,0.36551862498163246,optimum,269,1.0,True
planar_weighted_small_budget030,planar_weighted_small,30,graph_098.txt,greedy_planar_weighted_small_b030,greedy_planar_weighted_small_b030,greedy,Greedy Baseline,False,,,,,,184,30,,,0.0004167080041952431,True,,184,30,3,5,,optimum,184,1.0,True
planar_weighted_small_budget030,planar_weighted_small,30,graph_098.txt,ga_best_of_3_planar_weighted_small_budget030,ga_planar_weighted_small_b030_seed003,ga_best_of_n,Genetic Algorithm Best-of-3,False,3.0,3.0,100.0,50.0,0.1,184,30,,,1.0346922910248395,True,,184,30,3,5,0.2979355410207063,optimum,184,1.0,False
planar_weighted_small_budget030,planar_weighted_small,30,graph_099.txt,greedy_planar_weighted_small_b030,greedy_planar_weighted_small_b030,greedy,Greedy Baseline,False,,,,,,129,28,,,0.00033120799344033003,True,,129,28,2,4,,optimum,129,1.0,True
planar_weighted_small_budget030,planar_weighted_small,30,graph_099.txt,ga_best_of_3_planar_weighted_small_budget030,ga_planar_weighted_small_b030_seed003,ga_best_of_n,Genetic Algorithm Best-of-3,False,3.0,3.0,100.0,50.0,0.1,129,28,,,0.696129749994725,True,,129,28,2,4,0.19240674999309704,optimum,129,1.0,False
planar_weighted_small_budget030,planar_weighted_small,30,graph_100.txt,greedy_planar_weighted_small_b030,greedy_planar_weighted_small_b030,greedy,Greedy Baseline,False,,,,,,291,27,,,0.000562166009331122,True,,291,27,5,8,,optimum,291,1.0,True
planar_weighted_small_budget030,planar_weighted_small,30,graph_100.txt,ga_best_of_3_planar_weighted_small_budget030,ga_planar_weighted_small_b030_seed003,ga_best_of_n,Genetic Algorithm Best-of-3,False,3.0,3.0,100.0,50.0,0.1,291,27,,,1.7687930410029367,True,,291,27,5,8,0.5543463749927469,optimum,291,1.0,False
planar_weighted_small_budget100,planar_weighted_small,100,graph_001.txt,greedy_planar_weighted_small_b100,greedy_planar_weighted_small_b100,greedy,Greedy Baseline,False,,,,,,412,78,,,0.00096900001517497,True,,412,78,8,15,,optimum,412,1.0,True
planar_weighted_small_budget100,planar_weighted_small,100,graph_001.txt,ga_best_of_3_planar_weighted_small_budget100,ga_planar_weighted_small_b100_seed003,ga_best_of_n,Genetic Algorithm Best-of-3,False,3.0,3.0,100.0,50.0,0.1,412,78,,,2.6561848749988712,True,,412,78,8,15,0.8893404999980703,optimum,412,1.0,False
planar_weighted_small_budget100,planar_weighted_small,100,graph_002.txt,greedy_planar_weighted_small_b100,greedy_planar_weighted_small_b100,greedy,Greedy Baseline,False,,,,,,253,75,,,0.0006013330130372196,True,,253,75,7,12,,optimum,253,1.0,True
planar_weighted_small_budget100,planar_weighted_small,100,graph_002.txt,ga_best_of_3_planar_weighted_small_budget100,ga_planar_weighted_small_b100_seed003,ga_best_of_n,Genetic Algorithm Best-of-3,False,3.0,3.0,100.0,50.0,0.1,253,75,,,2.7036610830109566,True,,253,75,7,12,0.9141224159975536,optimum,253,1.0,False
planar_weighted_small_budget100,planar_weighted_small,100,graph_003.txt,greedy_planar_weighted_small_b100,greedy_planar_weighted_small_b100,greedy,Greedy Baseline,False,,,,,,278,50,,,0.000398874981328845,True,,278,50,6,11,,optimum,278,1.0,True
planar_weighted_small_budget100,planar_weighted_small,100,graph_003.txt,ga_best_of_3_planar_weighted_small_budget100,ga_planar_weighted_small_b100_seed003,ga_best_of_n,Genetic Algorithm Best-of-3,False,3.0,3.0,100.0,50.0,0.1,278,50,,,2.438562750001438,True,,278,50,6,11,0.7289344590099063,optimum,278,1.0,False
planar_weighted_small_budget100,planar_weighted_small,100,graph_004.txt,greedy_planar_weighted_small_b100,greedy_planar_weighted_small_b100,greedy,Greedy Baseline,False,,,,,,313,37,,,0.00034745800076052547,True,,313,37,6,9,,optimum,313,1.0,True
planar_weighted_small_budget100,planar_weighted_small,100,graph_004.txt,ga_best_of_3_planar_weighted_small_budget100,ga_planar_weighted_small_b100_seed003,ga_best_of_n,Genetic Algorithm Best-of-3,False,3.0,3.0,100.0,50.0,0.1,313,37,,,2.2846599990152754,True,,313,37,6,9,0.7498918329947628,optimum,313,1.0,False
planar_weighted_small_budget100,planar_weighted_small,100,graph_005.txt,greedy_planar_weighted_small_b100,greedy_planar_weighted_small_b100,greedy,Greedy Baseline,False,,,,,,0,0,,,0.00018591599655337632,True,,0,0,0,0,,optimum,0,1.0,True
planar_weighted_small_budget100,planar_weighted_small,100,graph_005.txt,ga_best_of_3_planar_weighted_small_budget100,ga_planar_weighted_small_b100_seed003,ga_best_of_n,Genetic Algorithm Best-of-3,False,3.0,3.0,100.0,50.0,0.1,0,0,,,0.3238502490276005,True,,0,0,0,0,0.10016975001781248,optimum,0,1.0,False
planar_weighted_small_budget100,planar_weighted_small,100,graph_006.txt,greedy_planar_weighted_small_b100,greedy_planar_weighted_small_b100,greedy,Greedy Baseline,False,,,,,,396,49,,,0.0006478329887613654,True,,396,49,7,12,,optimum,396,1.0,True
planar_weighted_small_budget100,planar_weighted_small,100,graph_006.txt,ga_best_of_3_planar_weighted_small_budget100,ga_planar_weighted_small_b100_seed003,ga_best_of_n,Genetic Algorithm Best-of-3,False,3.0,3.0,100.0,50.0,0.1,396,49,,,3.206848000030732,True,,396,49,7,12,1.0148663330182899,optimum,396,1.0,False
planar_weighted_small_budget100,planar_weighted_small,100,graph_007.txt,greedy_planar_weighted_small_b100,greedy_planar_weighted_small_b100,greedy,Greedy Baseline,False,,,,,,318,55,,,0.0004464579978957772,True,,318,55,7,12,,optimum,318,1.0,False
planar_weighted_small_budget100,planar_weighted_small,100,graph_007.txt,ga_best_of_3_planar_weighted_small_budget100,ga_planar_weighted_small_b100_seed003,ga_best_of_n,Genetic Algorithm Best-of-3,False,3.0,3.0,100.0,50.0,0.1,318,54,,,2.2992169999633916,True,,318,54,7,12,0.7574922909843735,optimum,318,1.0,True
planar_weighted_small_budget100,planar_weighted_small,100,graph_008.txt,greedy_planar_weighted_small_b100,greedy_planar_weighted_small_b100,greedy,Greedy Baseline,False,,,,,,300,25,,,0.00029608301701955497,True,,300,25,5,9,,optimum,300,1.0,True
planar_weighted_small_budget100,planar_weighted_small,100,graph_008.txt,ga_best_of_3_planar_weighted_small_budget100,ga_planar_weighted_small_b100_seed003,ga_best_of_n,Genetic Algorithm Best-of-3,False,3.0,3.0,100.0,50.0,0.1,300,25,,,1.3958453749946784,True,,300,25,5,9,0.5136897499905899,optimum,300,1.0,False
planar_weighted_small_budget100,planar_weighted_small,100,graph_009.txt,greedy_planar_weighted_small_b100,greedy_planar_weighted_small_b100,greedy,Greedy Baseline,False,,,,,,425,73,,,0.000495540996780619,True,,425,73,7,13,,optimum,425,1.0,True
planar_weighted_small_budget100,planar_weighted_small,100,graph_009.txt,ga_best_of_3_planar_weighted_small_budget100,ga_planar_weighted_small_b100_seed003,ga_best_of_n,Genetic Algorithm Best-of-3,False,3.0,3.0,100.0,50.0,0.1,425,73,,,2.6240085419849493,True,,425,73,7,13,0.8532274999888614,optimum,425,1.0,False
planar_weighted_small_budget100,planar_weighted_small,100,graph_010.txt,greedy_planar_weighted_small_b100,greedy_planar_weighted_small_b100,greedy,Greedy Baseline,False,,,,,,365,61,,,0.0008585000177845359,True,,365,61,7,11,,optimum,365,1.0,True
planar_weighted_small_budget100,planar_weighted_small,100,graph_010.txt,ga_best_of_3_planar_weighted_small_budget100,ga_planar_weighted_small_b100_seed003,ga_best_of_n,Genetic Algorithm Best-of-3,False,3.0,3.0,100.0,50.0,0.1,365,61,,,2.6369347920117434,True,,365,61,7,11,0.8466633750067558,optimum,365,1.0,False
planar_weighted_small_budget100,planar_weighted_small,100,graph_011.txt,greedy_planar_weighted_small_b100,greedy_planar_weighted_small_b100,greedy,Greedy Baseline,False,,,,,,322,48,,,0.0006992919952608645,True,,322,48,7,10,,optimum,322,1.0,True
planar_weighted_small_budget100,planar_weighted_small,100,graph_011.txt,ga_best_of_3_planar_weighted_small_budget100,ga_planar_weighted_small_b100_seed003,ga_best_of_n,Genetic Algorithm Best-of-3,False,3.0,3.0,100.0,50.0,0.1,322,48,,,2.8836995830060914,True,,322,48,7,10,0.9978727500129025,optimum,322,1.0,False
planar_weighted_small_budget100,planar_weighted_small,100,graph_012.txt,greedy_planar_weighted_small_b100,greedy_planar_weighted_small_b100,greedy,Greedy Baseline,False,,,,,,310,87,,,0.0015751250030007213,True,,310,87,7,12,,optimum,313,0.9904153354632588,False
planar_weighted_small_budget100,planar_weighted_small,100,graph_012.txt,ga_best_of_3_planar_weighted_small_budget100,ga_planar_weighted_small_b100_seed003,ga_best_of_n,Genetic Algorithm Best-of-3,False,3.0,3.0,100.0,50.0,0.1,313,100,,,2.114617790997727,True,,313,100,7,14,0.7072247079922818,optimum,313,1.0,True
planar_weighted_small_budget100,planar_weighted_small,100,graph_013.txt,greedy_planar_weighted_small_b100,greedy_planar_weighted_small_b100,greedy,Greedy Baseline,False,,,,,,547,74,,,0.0009045840124599636,True,,547,74,8,16,,optimum,547,1.0,True
planar_weighted_small_budget100,planar_weighted_small,100,graph_013.txt,ga_best_of_3_planar_weighted_small_budget100,ga_planar_weighted_small_b100_seed003,ga_best_of_n,Genetic Algorithm Best-of-3,False,3.0,3.0,100.0,50.0,0.1,547,74,,,3.462184459029231,True,,547,74,8,16,1.121972499997355,optimum,547,1.0,False
planar_weighted_small_budget100,planar_weighted_small,100,graph_014.txt,greedy_planar_weighted_small_b100,greedy_planar_weighted_small_b100,greedy,Greedy Baseline,False,,,,,,309,53,,,0.0003430419892538339,True,,309,53,5,9,,optimum,309,1.0,True
planar_weighted_small_budget100,planar_weighted_small,100,graph_014.txt,ga_best_of_3_planar_weighted_small_budget100,ga_planar_weighted_small_b100_seed003,ga_best_of_n,Genetic Algorithm Best-of-3,False,3.0,3.0,100.0,50.0,0.1,309,53,,,1.764171916001942,True,,309,53,5,9,0.5966435419977643,optimum,309,1.0,False
planar_weighted_small_budget100,planar_weighted_small,100,graph_015.txt,greedy_planar_weighted_small_b100,greedy_planar_weighted_small_b100,greedy,Greedy Baseline,False,,,,,,310,61,,,0.0005654580018017441,True,,310,61,7,12,,optimum,310,1.0,False
planar_weighted_small_budget100,planar_weighted_small,100,graph_015.txt,ga_best_of_3_planar_weighted_small_budget100,ga_planar_weighted_small_b100_seed003,ga_best_of_n,Genetic Algorithm Best-of-3,False,3.0,3.0,100.0,50.0,0.1,310,56,,,2.75971966603538,True,,310,56,7,10,0.9154363330162596,optimum,310,1.0,True
planar_weighted_small_budget100,planar_weighted_small,100,graph_016.txt,greedy_planar_weighted_small_b100,greedy_planar_weighted_small_b100,greedy,Greedy Baseline,False,,,,,,329,47,,,0.00034345799940638244,True,,329,47,6,9,,optimum,329,1.0,True
planar_weighted_small_budget100,planar_weighted_small,100,graph_016.txt,ga_best_of_3_planar_weighted_small_budget100,ga_planar_weighted_small_b100_seed003,ga_best_of_n,Genetic Algorithm Best-of-3,False,3.0,3.0,100.0,50.0,0.1,329,47,,,1.8835022920102347,True,,329,47,6,9,0.6182596250146162,optimum,329,1.0,False
planar_weighted_small_budget100,planar_weighted_small,100,graph_017.txt,greedy_planar_weighted_small_b100,greedy_planar_weighted_small_b100,greedy,Greedy Baseline,False,,,,,,188,29,,,0.00023870798759162426,True,,188,29,4,7,,optimum,188,1.0,True
planar_weighted_small_budget100,planar_weighted_small,100,graph_017.txt,ga_best_of_3_planar_weighted_small_budget100,ga_planar_weighted_small_b100_seed003,ga_best_of_n,Genetic Algorithm Best-of-3,False,3.0,3.0,100.0,50.0,0.1,188,29,,,1.3099440000078175,True,,188,29,4,7,0.4529901669884566,optimum,188,1.0,False
planar_weighted_small_budget100,planar_weighted_small,100,graph_018.txt,greedy_planar_weighted_small_b100,greedy_planar_weighted_small_b100,greedy,Greedy Baseline,False,,,,,,399,59,,,0.0005380840157158673,True,,399,59,7,13,,optimum,399,1.0,True
planar_weighted_small_budget100,planar_weighted_small,100,graph_018.txt,ga_best_of_3_planar_weighted_small_budget100,ga_planar_weighted_small_b100_seed003,ga_best_of_n,Genetic Algorithm Best-of-3,False,3.0,3.0,100.0,50.0,0.1,399,59,,,2.731857456994476,True,,399,59,7,13,0.8944985409907531,optimum,399,1.0,False
planar_weighted_small_budget100,planar_weighted_small,100,graph_019.txt,greedy_planar_weighted_small_b100,greedy_planar_weighted_small_b100,greedy,Greedy Baseline,False,,,,,,338,76,,,0.0005420420202426612,True,,338,76,8,13,,optimum,338,1.0,True
planar_weighted_small_budget100,planar_weighted_small,100,graph_019.txt,ga_best_of_3_planar_weighted_small_budget100,ga_planar_weighted_small_b100_seed003,ga_best_of_n,Genetic Algorithm Best-of-3,False,3.0,3.0,100.0,50.0,0.1,338,76,,,2.8360228349920362,True,,338,76,8,13,0.9413297919963952,optimum,338,1.0,False
planar_weighted_small_budget100,planar_weighted_small,100,graph_020.txt,greedy_planar_weighted_small_b100,greedy_planar_weighted_small_b100,greedy,Greedy Baseline,False,,,,,,390,75,,,0.0006166669772937894,True,,390,75,8,14,,optimum,390,1.0,True
planar_weighted_small_budget100,planar_weighted_small,100,graph_020.txt,ga_best_of_3_planar_weighted_small_budget100,ga_planar_weighted_small_b100_seed003,ga_best_of_n,Genetic Algorithm Best-of-3,False,3.0,3.0,100.0,50.0,0.1,390,75,,,3.1186523750366177,True,,390,75,8,14,1.0547696250141598,optimum,390,1.0,False
planar_weighted_small_budget100,planar_weighted_small,100,graph_021.txt,greedy_planar_weighted_small_b100,greedy_planar_weighted_small_b100,greedy,Greedy Baseline,False,,,,,,348,64,,,0.0005965830059722066,True,,348,64,8,16,,optimum,348,1.0,True
planar_weighted_small_budget100,planar_weighted_small,100,graph_021.txt,ga_best_of_3_planar_weighted_small_budget100,ga_planar_weighted_small_b100_seed003,ga_best_of_n,Genetic Algorithm Best-of-3,False,3.0,3.0,100.0,50.0,0.1,348,64,,,2.996831042022677,True,,348,64,8,16,0.9901688329991885,optimum,348,1.0,False
planar_weighted_small_budget100,planar_weighted_small,100,graph_022.txt,greedy_planar_weighted_small_b100,greedy_planar_weighted_small_b100,greedy,Greedy Baseline,False,,,,,,354,54,,,0.0004769170191138983,True,,354,54,6,11,,optimum,354,1.0,True
planar_weighted_small_budget100,planar_weighted_small,100,graph_022.txt,ga_best_of_3_planar_weighted_small_budget100,ga_planar_weighted_small_b100_seed003,ga_best_of_n,Genetic Algorithm Best-of-3,False,3.0,3.0,100.0,50.0,0.1,354,54,,,2.087645999970846,True,,354,54,6,11,0.6900150839937851,optimum,354,1.0,False
planar_weighted_small_budget100,planar_weighted_small,100,graph_023.txt,greedy_planar_weighted_small_b100,greedy_planar_weighted_small_b100,greedy,Greedy Baseline,False,,,,,,456,83,,,0.0005665830103680491,True,,456,83,7,13,,optimum,487,0.9363449691991786,False
planar_weighted_small_budget100,planar_weighted_small,100,graph_023.txt,ga_best_of_3_planar_weighted_small_budget100,ga_planar_weighted_small_b100_seed003,ga_best_of_n,Genetic Algorithm Best-of-3,False,3.0,3.0,100.0,50.0,0.1,487,96,,,2.163730458036298,True,,487,96,7,14,0.7443181250127964,optimum,487,1.0,True
planar_weighted_small_budget100,planar_weighted_small,100,graph_024.txt,greedy_planar_weighted_small_b100,greedy_planar_weighted_small_b100,greedy,Greedy Baseline,False,,,,,,407,69,,,0.0006317080114968121,True,,407,69,8,13,,optimum,407,1.0,True
planar_weighted_small_budget100,planar_weighted_small,100,graph_024.txt,ga_best_of_3_planar_weighted_small_budget100,ga_planar_weighted_small_b100_seed003,ga_best_of_n,Genetic Algorithm Best-of-3,False,3.0,3.0,100.0,50.0,0.1,407,69,,,3.0104373329668306,True,,407,69,8,13,1.012121790990932,optimum,407,1.0,False
planar_weighted_small_budget100,planar_weighted_small,100,graph_025.txt,greedy_planar_weighted_small_b100,greedy_planar_weighted_small_b100,greedy,Greedy Baseline,False,,,,,,225,43,,,0.00035208300687372684,True,,225,43,6,9,,optimum,225,1.0,True
planar_weighted_small_budget100,planar_weighted_small,100,graph_025.txt,ga_best_of_3_planar_weighted_small_budget100,ga_planar_weighted_small_b100_seed003,ga_best_of_n,Genetic Algorithm Best-of-3,False,3.0,3.0,100.0,50.0,0.1,225,43,,,2.2445226259878837,True,,225,43,6,9,0.7838399579923134,optimum,225,1.0,False
planar_weighted_small_budget100,planar_weighted_small,100,graph_026.txt,greedy_planar_weighted_small_b100,greedy_planar_weighted_small_b100,greedy,Greedy Baseline,False,,,,,,413,72,,,0.0006263329996727407,True,,413,72,8,13,,optimum,413,1.0,True
planar_weighted_small_budget100,planar_weighted_small,100,graph_026.txt,ga_best_of_3_planar_weighted_small_budget100,ga_planar_weighted_small_b100_seed003,ga_best_of_n,Genetic Algorithm Best-of-3,False,3.0,3.0,100.0,50.0,0.1,413,72,,,2.9462240409920923,True,,413,72,8,13,1.0057826249976642,optimum,413,1.0,False
planar_weighted_small_budget100,planar_weighted_small,100,graph_027.txt,greedy_planar_weighted_small_b100,greedy_planar_weighted_small_b100,greedy,Greedy Baseline,False,,,,,,224,92,,,0.0003735420177690685,True,,224,92,7,12,,optimum,224,1.0,True
planar_weighted_small_budget100,planar_weighted_small,100,graph_027.txt,ga_best_of_3_planar_weighted_small_budget100,ga_planar_weighted_small_b100_seed003,ga_best_of_n,Genetic Algorithm Best-of-3,False,3.0,3.0,100.0,50.0,0.1,224,92,,,2.001040541974362,True,,224,92,7,12,0.6403379999974277,optimum,224,1.0,False
planar_weighted_small_budget100,planar_weighted_small,100,graph_028.txt,greedy_planar_weighted_small_b100,greedy_planar_weighted_small_b100,greedy,Greedy Baseline,False,,,,,,51,6,,,0.00013808399671688676,True,,51,6,1,2,,optimum,51,1.0,True
planar_weighted_small_budget100,planar_weighted_small,100,graph_028.txt,ga_best_of_3_planar_weighted_small_budget100,ga_planar_weighted_small_b100_seed003,ga_best_of_n,Genetic Algorithm Best-of-3,False,3.0,3.0,100.0,50.0,0.1,51,6,,,0.41540370995062403,True,,51,6,1,2,0.13389383399044164,optimum,51,1.0,False
planar_weighted_small_budget100,planar_weighted_small,100,graph_029.txt,greedy_planar_weighted_small_b100,greedy_planar_weighted_small_b100,greedy,Greedy Baseline,False,,,,,,293,65,,,0.000543333007954061,True,,293,65,7,10,,optimum,293,1.0,True
planar_weighted_small_budget100,planar_weighted_small,100,graph_029.txt,ga_best_of_3_planar_weighted_small_budget100,ga_planar_weighted_small_b100_seed003,ga_best_of_n,Genetic Algorithm Best-of-3,False,3.0,3.0,100.0,50.0,0.1,293,65,,,2.4989942490356043,True,,293,65,7,10,0.8466439160110895,optimum,293,1.0,False
planar_weighted_small_budget100,planar_weighted_small,100,graph_030.txt,greedy_planar_weighted_small_b100,greedy_planar_weighted_small_b100,greedy,Greedy Baseline,False,,,,,,276,65,,,0.00038387501263059676,True,,276,65,6,10,,optimum,276,1.0,True
planar_weighted_small_budget100,planar_weighted_small,100,graph_030.txt,ga_best_of_3_planar_weighted_small_budget100,ga_planar_weighted_small_b100_seed003,ga_best_of_n,Genetic Algorithm Best-of-3,False,3.0,3.0,100.0,50.0,0.1,276,65,,,2.157694958994398,True,,276,65,6,10,0.7371034169918858,optimum,276,1.0,False
planar_weighted_small_budget100,planar_weighted_small,100,graph_031.txt,greedy_planar_weighted_small_b100,greedy_planar_weighted_small_b100,greedy,Greedy Baseline,False,,,,,,0,0,,,0.00012804201105609536,True,,0,0,0,0,,optimum,0,1.0,True
planar_weighted_small_budget100,planar_weighted_small,100,graph_031.txt,ga_best_of_3_planar_weighted_small_budget100,ga_planar_weighted_small_b100_seed003,ga_best_of_n,Genetic Algorithm Best-of-3,False,3.0,3.0,100.0,50.0,0.1,0,0,,,0.3459910829551518,True,,0,0,0,0,0.10935008298838511,optimum,0,1.0,False
planar_weighted_small_budget100,planar_weighted_small,100,graph_032.txt,greedy_planar_weighted_small_b100,greedy_planar_weighted_small_b100,greedy,Greedy Baseline,False,,,,,,500,100,,,0.0005271249974612147,True,,500,100,7,13,,optimum,500,1.0,True
planar_weighted_small_budget100,planar_weighted_small,100,graph_032.txt,ga_best_of_3_planar_weighted_small_budget100,ga_planar_weighted_small_b100_seed003,ga_best_of_n,Genetic Algorithm Best-of-3,False,3.0,3.0,100.0,50.0,0.1,500,100,,,1.8415006260038354,True,,500,100,7,13,0.6161811670172028,optimum,500,1.0,False
planar_weighted_small_budget100,planar_weighted_small,100,graph_033.txt,greedy_planar_weighted_small_b100,greedy_planar_weighted_small_b100,greedy,Greedy Baseline,False,,,,,,415,34,,,0.0002959999837912619,True,,415,34,5,8,,optimum,415,1.0,True
planar_weighted_small_budget100,planar_weighted_small,100,graph_033.txt,ga_best_of_3_planar_weighted_small_budget100,ga_planar_weighted_small_b100_seed003,ga_best_of_n,Genetic Algorithm Best-of-3,False,3.0,3.0,100.0,50.0,0.1,415,34,,,1.7368577089800965,True,,415,34,5,8,0.5685645419871435,optimum,415,1.0,False
planar_weighted_small_budget100,planar_weighted_small,100,graph_034.txt,greedy_planar_weighted_small_b100,greedy_planar_weighted_small_b100,greedy,Greedy Baseline,False,,,,,,337,47,,,0.0006473749817814678,True,,337,47,6,10,,optimum,337,1.0,True
planar_weighted_small_budget100,planar_weighted_small,100,graph_034.txt,ga_best_of_3_planar_weighted_small_budget100,ga_planar_weighted_small_b100_seed003,ga_best_of_n,Genetic Algorithm Best-of-3,False,3.0,3.0,100.0,50.0,0.1,337,47,,,2.132913623994682,True,,337,47,6,10,0.6998815829865634,optimum,337,1.0,False
planar_weighted_small_budget100,planar_weighted_small,100,graph_035.txt,greedy_planar_weighted_small_b100,greedy_planar_weighted_small_b100,greedy,Greedy Baseline,False,,,,,,280,23,,,0.0003060830058529973,True,,280,23,5,7,,optimum,280,1.0,True
planar_weighted_small_budget100,planar_weighted_small,100,graph_035.txt,ga_best_of_3_planar_weighted_small_budget100,ga_planar_weighted_small_b100_seed003,ga_best_of_n,Genetic Algorithm Best-of-3,False,3.0,3.0,100.0,50.0,0.1,280,23,,,1.6410708330513444,True,,280,23,5,7,0.552189708017977,optimum,280,1.0,False
planar_weighted_small_budget100,planar_weighted_small,100,graph_036.txt,greedy_planar_weighted_small_b100,greedy_planar_weighted_small_b100,greedy,Greedy Baseline,False,,,,,,231,55,,,0.0005864160193596035,True,,231,55,7,12,,optimum,231,1.0,True
planar_weighted_small_budget100,planar_weighted_small,100,graph_036.txt,ga_best_of_3_planar_weighted_small_budget100,ga_planar_weighted_small_b100_seed003,ga_best_of_n,Genetic Algorithm Best-of-3,False,3.0,3.0,100.0,50.0,0.1,231,55,,,2.656270083010895,True,,231,55,7,12,0.873989084007917,optimum,231,1.0,False
planar_weighted_small_budget100,planar_weighted_small,100,graph_037.txt,greedy_planar_weighted_small_b100,greedy_planar_weighted_small_b100,greedy,Greedy Baseline,False,,,,,,324,62,,,0.00037804199382662773,True,,324,62,7,8,,optimum,324,1.0,True
planar_weighted_small_budget100,planar_weighted_small,100,graph_037.txt,ga_best_of_3_planar_weighted_small_budget100,ga_planar_weighted_small_b100_seed003,ga_best_of_n,Genetic Algorithm Best-of-3,False,3.0,3.0,100.0,50.0,0.1,324,62,,,2.3178878739709035,True,,324,62,7,8,0.7435769999865443,optimum,324,1.0,False
planar_weighted_small_budget100,planar_weighted_small,100,graph_038.txt,greedy_planar_weighted_small_b100,greedy_planar_weighted_small_b100,greedy,Greedy Baseline,False,,,,,,286,61,,,0.0006740420067217201,True,,286,61,6,9,,optimum,286,1.0,True
planar_weighted_small_budget100,planar_weighted_small,100,graph_038.txt,ga_best_of_3_planar_weighted_small_budget100,ga_planar_weighted_small_b100_seed003,ga_best_of_n,Genetic Algorithm Best-of-3,False,3.0,3.0,100.0,50.0,0.1,286,61,,,2.107679250999354,True,,286,61,6,9,0.7683060000126716,optimum,286,1.0,False
planar_weighted_small_budget100,planar_weighted_small,100,graph_039.txt,greedy_planar_weighted_small_b100,greedy_planar_weighted_small_b100,greedy,Greedy Baseline,False,,,,,,373,74,,,0.0005637499853037298,True,,373,74,8,16,,optimum,373,1.0,True
planar_weighted_small_budget100,planar_weighted_small,100,graph_039.txt,ga_best_of_3_planar_weighted_small_budget100,ga_planar_weighted_small_b100_seed003,ga_best_of_n,Genetic Algorithm Best-of-3,False,3.0,3.0,100.0,50.0,0.1,373,74,,,3.5423538330360316,True,,373,74,8,16,1.1625856660248246,optimum,373,1.0,False
planar_weighted_small_budget100,planar_weighted_small,100,graph_040.txt,greedy_planar_weighted_small_b100,greedy_planar_weighted_small_b100,greedy,Greedy Baseline,False,,,,,,352,68,,,0.0007157090003602207,True,,352,68,8,15,,optimum,352,1.0,True
planar_weighted_small_budget100,planar_weighted_small,100,graph_040.txt,ga_best_of_3_planar_weighted_small_budget100,ga_planar_weighted_small_b100_seed003,ga_best_of_n,Genetic Algorithm Best-of-3,False,3.0,3.0,100.0,50.0,0.1,352,68,,,3.777064458001405,True,,352,68,8,15,1.2649547919863835,optimum,352,1.0,False
planar_weighted_small_budget100,planar_weighted_small,100,graph_041.txt,greedy_planar_weighted_small_b100,greedy_planar_weighted_small_b100,greedy,Greedy Baseline,False,,,,,,522,39,,,0.00045508300536312163,True,,522,39,7,9,,optimum,522,1.0,True
planar_weighted_small_budget100,planar_weighted_small,100,graph_041.txt,ga_best_of_3_planar_weighted_small_budget100,ga_planar_weighted_small_b100_seed003,ga_best_of_n,Genetic Algorithm Best-of-3,False,3.0,3.0,100.0,50.0,0.1,522,39,,,2.7527402920241,True,,522,39,7,9,0.9046820840158034,optimum,522,1.0,False
planar_weighted_small_budget100,planar_weighted_small,100,graph_042.txt,greedy_planar_weighted_small_b100,greedy_planar_weighted_small_b100,greedy,Greedy Baseline,False,,,,,,0,0,,,0.00019833300029858947,True,,0,0,0,0,,optimum,0,1.0,True
planar_weighted_small_budget100,planar_weighted_small,100,graph_042.txt,ga_best_of_3_planar_weighted_small_budget100,ga_planar_weighted_small_b100_seed003,ga_best_of_n,Genetic Algorithm Best-of-3,False,3.0,3.0,100.0,50.0,0.1,0,0,,,0.32263862498803064,True,,0,0,0,0,0.11280966599588282,optimum,0,1.0,False
planar_weighted_small_budget100,planar_weighted_small,100,graph_043.txt,greedy_planar_weighted_small_b100,greedy_planar_weighted_small_b100,greedy,Greedy Baseline,False,,,,,,0,0,,,0.00018470801296643913,True,,0,0,0,0,,optimum,0,1.0,True
planar_weighted_small_budget100,planar_weighted_small,100,graph_043.txt,ga_best_of_3_planar_weighted_small_budget100,ga_planar_weighted_small_b100_seed003,ga_best_of_n,Genetic Algorithm Best-of-3,False,3.0,3.0,100.0,50.0,0.1,0,0,,,0.3335842909873463,True,,0,0,0,0,0.13050212498637848,optimum,0,1.0,False
planar_weighted_small_budget100,planar_weighted_small,100,graph_044.txt,greedy_planar_weighted_small_b100,greedy_planar_weighted_small_b100,greedy,Greedy Baseline,False,,,,,,358,86,,,0.0007711249927524477,True,,358,86,8,14,,optimum,358,1.0,True
planar_weighted_small_budget100,planar_weighted_small,100,graph_044.txt,ga_best_of_3_planar_weighted_small_budget100,ga_planar_weighted_small_b100_seed003,ga_best_of_n,Genetic Algorithm Best-of-3,False,3.0,3.0,100.0,50.0,0.1,358,86,,,3.101566915982403,True,,358,86,8,14,1.041670125006931,optimum,358,1.0,False
planar_weighted_small_budget100,planar_weighted_small,100,graph_045.txt,greedy_planar_weighted_small_b100,greedy_planar_weighted_small_b100,greedy,Greedy Baseline,False,,,,,,404,62,,,0.00057441700482741,True,,404,62,7,13,,optimum,404,1.0,True
planar_weighted_small_budget100,planar_weighted_small,100,graph_045.txt,ga_best_of_3_planar_weighted_small_budget100,ga_planar_weighted_small_b100_seed003,ga_best_of_n,Genetic Algorithm Best-of-3,False,3.0,3.0,100.0,50.0,0.1,404,62,,,2.282754832005594,True,,404,62,7,13,0.7570886659959797,optimum,404,1.0,False
planar_weighted_small_budget100,planar_weighted_small,100,graph_046.txt,greedy_planar_weighted_small_b100,greedy_planar_weighted_small_b100,greedy,Greedy Baseline,False,,,,,,391,53,,,0.0007679580012336373,True,,391,53,6,10,,optimum,391,1.0,False
planar_weighted_small_budget100,planar_weighted_small,100,graph_046.txt,ga_best_of_3_planar_weighted_small_budget100,ga_planar_weighted_small_b100_seed003,ga_best_of_n,Genetic Algorithm Best-of-3,False,3.0,3.0,100.0,50.0,0.1,391,51,,,1.6605635839805473,True,,391,51,6,8,0.5331483749905601,optimum,391,1.0,True
planar_weighted_small_budget100,planar_weighted_small,100,graph_047.txt,greedy_planar_weighted_small_b100,greedy_planar_weighted_small_b100,greedy,Greedy Baseline,False,,,,,,338,52,,,0.0004310410004109144,True,,338,52,6,10,,optimum,338,1.0,True
planar_weighted_small_budget100,planar_weighted_small,100,graph_047.txt,ga_best_of_3_planar_weighted_small_budget100,ga_planar_weighted_small_b100_seed003,ga_best_of_n,Genetic Algorithm Best-of-3,False,3.0,3.0,100.0,50.0,0.1,338,52,,,1.6780167490069289,True,,338,52,6,10,0.5527918750012759,optimum,338,1.0,False
planar_weighted_small_budget100,planar_weighted_small,100,graph_048.txt,greedy_planar_weighted_small_b100,greedy_planar_weighted_small_b100,greedy,Greedy Baseline,False,,,,,,318,88,,,0.001157541002612561,True,,318,88,8,16,,optimum,318,1.0,True
planar_weighted_small_budget100,planar_weighted_small,100,graph_048.txt,ga_best_of_3_planar_weighted_small_budget100,ga_planar_weighted_small_b100_seed003,ga_best_of_n,Genetic Algorithm Best-of-3,False,3.0,3.0,100.0,50.0,0.1,318,88,,,2.2416216249694116,True,,318,88,8,16,0.7454706249991432,optimum,318,1.0,False
planar_weighted_small_budget100,planar_weighted_small,100,graph_049.txt,greedy_planar_weighted_small_b100,greedy_planar_weighted_small_b100,greedy,Greedy Baseline,False,,,,,,229,67,,,0.000804625015007332,True,,229,67,7,13,,optimum,229,1.0,True
planar_weighted_small_budget100,planar_weighted_small,100,graph_049.txt,ga_best_of_3_planar_weighted_small_budget100,ga_planar_weighted_small_b100_seed003,ga_best_of_n,Genetic Algorithm Best-of-3,False,3.0,3.0,100.0,50.0,0.1,229,67,,,2.2431185000168625,True,,229,67,7,13,0.7463406249880791,optimum,229,1.0,False
planar_weighted_small_budget100,planar_weighted_small,100,graph_050.txt,greedy_planar_weighted_small_b100,greedy_planar_weighted_small_b100,greedy,Greedy Baseline,False,,,,,,359,76,,,0.0004768750222865492,True,,359,76,7,12,,optimum,359,1.0,True
planar_weighted_small_budget100,planar_weighted_small,100,graph_050.txt,ga_best_of_3_planar_weighted_small_budget100,ga_planar_weighted_small_b100_seed003,ga_best_of_n,Genetic Algorithm Best-of-3,False,3.0,3.0,100.0,50.0,0.1,359,76,,,2.1898816670000087,True,,359,76,7,12,0.7038124170212541,optimum,359,1.0,False
planar_weighted_small_budget100,planar_weighted_small,100,graph_051.txt,greedy_planar_weighted_small_b100,greedy_planar_weighted_small_b100,greedy,Greedy Baseline,False,,,,,,487,90,,,0.0005478750099427998,True,,487,90,7,14,,optimum,487,1.0,True
planar_weighted_small_budget100,planar_weighted_small,100,graph_051.txt,ga_best_of_3_planar_weighted_small_budget100,ga_planar_weighted_small_b100_seed003,ga_best_of_n,Genetic Algorithm Best-of-3,False,3.0,3.0,100.0,50.0,0.1,487,90,,,1.9238647499878425,True,,487,90,7,14,0.6752258749911562,optimum,487,1.0,False
planar_weighted_small_budget100,planar_weighted_small,100,graph_052.txt,greedy_planar_weighted_small_b100,greedy_planar_weighted_small_b100,greedy,Greedy Baseline,False,,,,,,355,98,,,0.0007148330041673034,True,,355,98,9,18,,optimum,355,1.0,True
planar_weighted_small_budget100,planar_weighted_small,100,graph_052.txt,ga_best_of_3_planar_weighted_small_budget100,ga_planar_weighted_small_b100_seed003,ga_best_of_n,Genetic Algorithm Best-of-3,False,3.0,3.0,100.0,50.0,0.1,355,98,,,2.4474306260235608,True,,355,98,9,18,0.8075204589986242,optimum,355,1.0,False
planar_weighted_small_budget100,planar_weighted_small,100,graph_053.txt,greedy_planar_weighted_small_b100,greedy_planar_weighted_small_b100,greedy,Greedy Baseline,False,,,,,,446,56,,,0.00040499999886378646,True,,446,56,7,12,,optimum,446,1.0,True
planar_weighted_small_budget100,planar_weighted_small,100,graph_053.txt,ga_best_of_3_planar_weighted_small_budget100,ga_planar_weighted_small_b100_seed003,ga_best_of_n,Genetic Algorithm Best-of-3,False,3.0,3.0,100.0,50.0,0.1,446,56,,,1.652375082980143,True,,446,56,7,12,0.5506887910014484,optimum,446,1.0,False
planar_weighted_small_budget100,planar_weighted_small,100,graph_054.txt,greedy_planar_weighted_small_b100,greedy_planar_weighted_small_b100,greedy,Greedy Baseline,False,,,,,,0,0,,,0.00018991698743775487,True,,0,0,0,0,,optimum,0,1.0,True
planar_weighted_small_budget100,planar_weighted_small,100,graph_054.txt,ga_best_of_3_planar_weighted_small_budget100,ga_planar_weighted_small_b100_seed003,ga_best_of_n,Genetic Algorithm Best-of-3,False,3.0,3.0,100.0,50.0,0.1,0,0,,,0.23895091598387808,True,,0,0,0,0,0.08082533298875205,optimum,0,1.0,False
planar_weighted_small_budget100,planar_weighted_small,100,graph_055.txt,greedy_planar_weighted_small_b100,greedy_planar_weighted_small_b100,greedy,Greedy Baseline,False,,,,,,222,34,,,0.0005575420218519866,True,,222,34,7,14,,optimum,222,1.0,True
planar_weighted_small_budget100,planar_weighted_small,100,graph_055.txt,ga_best_of_3_planar_weighted_small_budget100,ga_planar_weighted_small_b100_seed003,ga_best_of_n,Genetic Algorithm Best-of-3,False,3.0,3.0,100.0,50.0,0.1,222,34,,,2.2369820000312757,True,,222,34,7,14,0.7420918749994598,optimum,222,1.0,False
planar_weighted_small_budget100,planar_weighted_small,100,graph_056.txt,greedy_planar_weighted_small_b100,greedy_planar_weighted_small_b100,greedy,Greedy Baseline,False,,,,,,359,73,,,0.0005678750167135149,True,,359,73,7,11,,optimum,359,1.0,True
planar_weighted_small_budget100,planar_weighted_small,100,graph_056.txt,ga_best_of_3_planar_weighted_small_budget100,ga_planar_weighted_small_b100_seed003,ga_best_of_n,Genetic Algorithm Best-of-3,False,3.0,3.0,100.0,50.0,0.1,359,73,,,2.051476583990734,True,,359,73,7,11,0.6850589579844382,optimum,359,1.0,False
planar_weighted_small_budget100,planar_weighted_small,100,graph_057.txt,greedy_planar_weighted_small_b100,greedy_planar_weighted_small_b100,greedy,Greedy Baseline,False,,,,,,197,69,,,0.000435791997006163,True,,197,69,6,10,,optimum,197,1.0,True
planar_weighted_small_budget100,planar_weighted_small,100,graph_057.txt,ga_best_of_3_planar_weighted_small_budget100,ga_planar_weighted_small_b100_seed003,ga_best_of_n,Genetic Algorithm Best-of-3,False,3.0,3.0,100.0,50.0,0.1,197,69,,,1.6259910420048982,True,,197,69,6,10,0.5433930830040481,optimum,197,1.0,False
planar_weighted_small_budget100,planar_weighted_small,100,graph_058.txt,greedy_planar_weighted_small_b100,greedy_planar_weighted_small_b100,greedy,Greedy Baseline,False,,,,,,297,73,,,0.00055849997443147,True,,297,73,7,11,,optimum,297,1.0,True
planar_weighted_small_budget100,planar_weighted_small,100,graph_058.txt,ga_best_of_3_planar_weighted_small_budget100,ga_planar_weighted_small_b100_seed003,ga_best_of_n,Genetic Algorithm Best-of-3,False,3.0,3.0,100.0,50.0,0.1,297,73,,,1.9987193749693688,True,,297,73,7,11,0.6600681249983609,optimum,297,1.0,False
planar_weighted_small_budget100,planar_weighted_small,100,graph_059.txt,greedy_planar_weighted_small_b100,greedy_planar_weighted_small_b100,greedy,Greedy Baseline,False,,,,,,314,70,,,0.0007613339985255152,True,,314,70,8,14,,optimum,314,1.0,True
planar_weighted_small_budget100,planar_weighted_small,100,graph_059.txt,ga_best_of_3_planar_weighted_small_budget100,ga_planar_weighted_small_b100_seed003,ga_best_of_n,Genetic Algorithm Best-of-3,False,3.0,3.0,100.0,50.0,0.1,314,70,,,2.6183810819638893,True,,314,70,8,14,0.8644906249828637,optimum,314,1.0,False
planar_weighted_small_budget100,planar_weighted_small,100,graph_060.txt,greedy_planar_weighted_small_b100,greedy_planar_weighted_small_b100,greedy,Greedy Baseline,False,,,,,,379,80,,,0.0008320419874507934,True,,379,80,9,18,,optimum,379,1.0,True
planar_weighted_small_budget100,planar_weighted_small,100,graph_060.txt,ga_best_of_3_planar_weighted_small_budget100,ga_planar_weighted_small_b100_seed003,ga_best_of_n,Genetic Algorithm Best-of-3,False,3.0,3.0,100.0,50.0,0.1,379,80,,,3.3280908759625163,True,,379,80,9,18,1.1211785420018714,optimum,379,1.0,False
planar_weighted_small_budget100,planar_weighted_small,100,graph_061.txt,greedy_planar_weighted_small_b100,greedy_planar_weighted_small_b100,greedy,Greedy Baseline,False,,,,,,79,4,,,0.0001670829951763153,True,,79,4,1,2,,optimum,79,1.0,True
planar_weighted_small_budget100,planar_weighted_small,100,graph_061.txt,ga_best_of_3_planar_weighted_small_budget100,ga_planar_weighted_small_b100_seed003,ga_best_of_n,Genetic Algorithm Best-of-3,False,3.0,3.0,100.0,50.0,0.1,79,4,,,0.35290929197799414,True,,79,4,1,2,0.11632629201631062,optimum,79,1.0,False
planar_weighted_small_budget100,planar_weighted_small,100,graph_062.txt,greedy_planar_weighted_small_b100,greedy_planar_weighted_small_b100,greedy,Greedy Baseline,False,,,,,,345,38,,,0.0003752920019906014,True,,345,38,6,9,,optimum,345,1.0,True
planar_weighted_small_budget100,planar_weighted_small,100,graph_062.txt,ga_best_of_3_planar_weighted_small_budget100,ga_planar_weighted_small_b100_seed003,ga_best_of_n,Genetic Algorithm Best-of-3,False,3.0,3.0,100.0,50.0,0.1,345,38,,,1.5652377489896026,True,,345,38,6,9,0.5249370829842519,optimum,345,1.0,False
planar_weighted_small_budget100,planar_weighted_small,100,graph_063.txt,greedy_planar_weighted_small_b100,greedy_planar_weighted_small_b100,greedy,Greedy Baseline,False,,,,,,336,62,,,0.0005694169958587736,True,,336,62,7,11,,optimum,336,1.0,True
planar_weighted_small_budget100,planar_weighted_small,100,graph_063.txt,ga_best_of_3_planar_weighted_small_budget100,ga_planar_weighted_small_b100_seed003,ga_best_of_n,Genetic Algorithm Best-of-3,False,3.0,3.0,100.0,50.0,0.1,336,62,,,2.1637952080054674,True,,336,62,7,11,0.7203770829946734,optimum,336,1.0,False
planar_weighted_small_budget100,planar_weighted_small,100,graph_064.txt,greedy_planar_weighted_small_b100,greedy_planar_weighted_small_b100,greedy,Greedy Baseline,False,,,,,,368,68,,,0.0005028329906053841,True,,368,68,7,12,,optimum,368,1.0,True
planar_weighted_small_budget100,planar_weighted_small,100,graph_064.txt,ga_best_of_3_planar_weighted_small_budget100,ga_planar_weighted_small_b100_seed003,ga_best_of_n,Genetic Algorithm Best-of-3,False,3.0,3.0,100.0,50.0,0.1,368,68,,,2.049650417000521,True,,368,68,7,12,0.6849264999909792,optimum,368,1.0,False
planar_weighted_small_budget100,planar_weighted_small,100,graph_065.txt,greedy_planar_weighted_small_b100,greedy_planar_weighted_small_b100,greedy,Greedy Baseline,False,,,,,,456,93,,,0.0006077919970266521,True,,456,93,8,15,,optimum,456,1.0,True
planar_weighted_small_budget100,planar_weighted_small,100,graph_065.txt,ga_best_of_3_planar_weighted_small_budget100,ga_planar_weighted_small_b100_seed003,ga_best_of_n,Genetic Algorithm Best-of-3,False,3.0,3.0,100.0,50.0,0.1,456,93,,,2.064190500037512,True,,456,93,8,15,0.6822391250170767,optimum,456,1.0,False
planar_weighted_small_budget100,planar_weighted_small,100,graph_066.txt,greedy_planar_weighted_small_b100,greedy_planar_weighted_small_b100,greedy,Greedy Baseline,False,,,,,,411,52,,,0.00048462499398738146,True,,411,52,7,13,,optimum,411,1.0,True
planar_weighted_small_budget100,planar_weighted_small,100,graph_066.txt,ga_best_of_3_planar_weighted_small_budget100,ga_planar_weighted_small_b100_seed003,ga_best_of_n,Genetic Algorithm Best-of-3,False,3.0,3.0,100.0,50.0,0.1,411,52,,,2.118237123999279,True,,411,52,7,13,0.7078502500080504,optimum,411,1.0,False
planar_weighted_small_budget100,planar_weighted_small,100,graph_067.txt,greedy_planar_weighted_small_b100,greedy_planar_weighted_small_b100,greedy,Greedy Baseline,False,,,,,,314,39,,,0.00031891599064692855,True,,314,39,6,7,,optimum,314,1.0,True
planar_weighted_small_budget100,planar_weighted_small,100,graph_067.txt,ga_best_of_3_planar_weighted_small_budget100,ga_planar_weighted_small_b100_seed003,ga_best_of_n,Genetic Algorithm Best-of-3,False,3.0,3.0,100.0,50.0,0.1,314,39,,,1.5396551660087425,True,,314,39,6,7,0.5117762080044486,optimum,314,1.0,False
planar_weighted_small_budget100,planar_weighted_small,100,graph_068.txt,greedy_planar_weighted_small_b100,greedy_planar_weighted_small_b100,greedy,Greedy Baseline,False,,,,,,418,83,,,0.0005187079950701445,True,,418,83,7,11,,optimum,418,1.0,True
planar_weighted_small_budget100,planar_weighted_small,100,graph_068.txt,ga_best_of_3_planar_weighted_small_budget100,ga_planar_weighted_small_b100_seed003,ga_best_of_n,Genetic Algorithm Best-of-3,False,3.0,3.0,100.0,50.0,0.1,418,83,,,1.5872998340055346,True,,418,83,7,11,0.5343910829978995,optimum,418,1.0,False
planar_weighted_small_budget100,planar_weighted_small,100,graph_069.txt,greedy_planar_weighted_small_b100,greedy_planar_weighted_small_b100,greedy,Greedy Baseline,False,,,,,,559,88,,,0.0006815000087954104,True,,559,88,8,16,,optimum,559,1.0,True
planar_weighted_small_budget100,planar_weighted_small,100,graph_069.txt,ga_best_of_3_planar_weighted_small_budget100,ga_planar_weighted_small_b100_seed003,ga_best_of_n,Genetic Algorithm Best-of-3,False,3.0,3.0,100.0,50.0,0.1,559,88,,,2.382685249991482,True,,559,88,8,16,0.7949010829906911,optimum,559,1.0,False
planar_weighted_small_budget100,planar_weighted_small,100,graph_070.txt,greedy_planar_weighted_small_b100,greedy_planar_weighted_small_b100,greedy,Greedy Baseline,False,,,,,,342,57,,,0.00037866600905545056,True,,342,57,6,10,,optimum,342,1.0,True
planar_weighted_small_budget100,planar_weighted_small,100,graph_070.txt,ga_best_of_3_planar_weighted_small_budget100,ga_planar_weighted_small_b100_seed003,ga_best_of_n,Genetic Algorithm Best-of-3,False,3.0,3.0,100.0,50.0,0.1,342,57,,,1.7057247489865404,True,,342,57,6,10,0.5676069580076728,optimum,342,1.0,False
planar_weighted_small_budget100,planar_weighted_small,100,graph_071.txt,greedy_planar_weighted_small_b100,greedy_planar_weighted_small_b100,greedy,Greedy Baseline,False,,,,,,389,74,,,0.0006572499987669289,True,,389,74,7,12,,optimum,389,1.0,True
planar_weighted_small_budget100,planar_weighted_small,100,graph_071.txt,ga_best_of_3_planar_weighted_small_budget100,ga_planar_weighted_small_b100_seed003,ga_best_of_n,Genetic Algorithm Best-of-3,False,3.0,3.0,100.0,50.0,0.1,389,74,,,1.9950833750190213,True,,389,74,7,12,0.6675645000068471,optimum,389,1.0,False
planar_weighted_small_budget100,planar_weighted_small,100,graph_072.txt,greedy_planar_weighted_small_b100,greedy_planar_weighted_small_b100,greedy,Greedy Baseline,False,,,,,,0,0,,,0.0003845419851131737,True,,0,0,0,0,,optimum,0,1.0,True
planar_weighted_small_budget100,planar_weighted_small,100,graph_072.txt,ga_best_of_3_planar_weighted_small_budget100,ga_planar_weighted_small_b100_seed003,ga_best_of_n,Genetic Algorithm Best-of-3,False,3.0,3.0,100.0,50.0,0.1,0,0,,,0.24124062494956888,True,,0,0,0,0,0.07893708397750743,optimum,0,1.0,False
planar_weighted_small_budget100,planar_weighted_small,100,graph_073.txt,greedy_planar_weighted_small_b100,greedy_planar_weighted_small_b100,greedy,Greedy Baseline,False,,,,,,0,0,,,0.00017387501429766417,True,,0,0,0,0,,optimum,0,1.0,True
planar_weighted_small_budget100,planar_weighted_small,100,graph_073.txt,ga_best_of_3_planar_weighted_small_budget100,ga_planar_weighted_small_b100_seed003,ga_best_of_n,Genetic Algorithm Best-of-3,False,3.0,3.0,100.0,50.0,0.1,0,0,,,0.23892008303664625,True,,0,0,0,0,0.07867562500177883,optimum,0,1.0,False
planar_weighted_small_budget100,planar_weighted_small,100,graph_074.txt,greedy_planar_weighted_small_b100,greedy_planar_weighted_small_b100,greedy,Greedy Baseline,False,,,,,,116,24,,,0.00019491699640639126,True,,116,24,3,6,,optimum,116,1.0,True
planar_weighted_small_budget100,planar_weighted_small,100,graph_074.txt,ga_best_of_3_planar_weighted_small_budget100,ga_planar_weighted_small_b100_seed003,ga_best_of_n,Genetic Algorithm Best-of-3,False,3.0,3.0,100.0,50.0,0.1,116,24,,,0.7124090830038767,True,,116,24,3,6,0.23888587500550784,optimum,116,1.0,False
planar_weighted_small_budget100,planar_weighted_small,100,graph_075.txt,greedy_planar_weighted_small_b100,greedy_planar_weighted_small_b100,greedy,Greedy Baseline,False,,,,,,205,92,,,0.0007027920219115913,True,,205,92,8,16,,optimum,205,1.0,True
planar_weighted_small_budget100,planar_weighted_small,100,graph_075.txt,ga_best_of_3_planar_weighted_small_budget100,ga_planar_weighted_small_b100_seed003,ga_best_of_n,Genetic Algorithm Best-of-3,False,3.0,3.0,100.0,50.0,0.1,205,92,,,2.5534671240020543,True,,205,92,8,16,0.8493280000111554,optimum,205,1.0,False
planar_weighted_small_budget100,planar_weighted_small,100,graph_076.txt,greedy_planar_weighted_small_b100,greedy_planar_weighted_small_b100,greedy,Greedy Baseline,False,,,,,,472,80,,,0.0007312500092666596,True,,472,80,8,15,,optimum,472,1.0,True
planar_weighted_small_budget100,planar_weighted_small,100,graph_076.txt,ga_best_of_3_planar_weighted_small_budget100,ga_planar_weighted_small_b100_seed003,ga_best_of_n,Genetic Algorithm Best-of-3,False,3.0,3.0,100.0,50.0,0.1,472,80,,,2.60449683398474,True,,472,80,8,15,0.8639358340005856,optimum,472,1.0,False
planar_weighted_small_budget100,planar_weighted_small,100,graph_077.txt,greedy_planar_weighted_small_b100,greedy_planar_weighted_small_b100,greedy,Greedy Baseline,False,,,,,,330,50,,,0.0003726669820025563,True,,330,50,6,10,,optimum,330,1.0,True
planar_weighted_small_budget100,planar_weighted_small,100,graph_077.txt,ga_best_of_3_planar_weighted_small_budget100,ga_planar_weighted_small_b100_seed003,ga_best_of_n,Genetic Algorithm Best-of-3,False,3.0,3.0,100.0,50.0,0.1,330,50,,,1.725459708017297,True,,330,50,6,10,0.562564708001446,optimum,330,1.0,False
planar_weighted_small_budget100,planar_weighted_small,100,graph_078.txt,greedy_planar_weighted_small_b100,greedy_planar_weighted_small_b100,greedy,Greedy Baseline,False,,,,,,429,76,,,0.0006415410025510937,True,,429,76,8,16,,optimum,429,1.0,True
planar_weighted_small_budget100,planar_weighted_small,100,graph_078.txt,ga_best_of_3_planar_weighted_small_budget100,ga_planar_weighted_small_b100_seed003,ga_best_of_n,Genetic Algorithm Best-of-3,False,3.0,3.0,100.0,50.0,0.1,429,76,,,2.671809040970402,True,,429,76,8,16,0.8792426250001881,optimum,429,1.0,False
planar_weighted_small_budget100,planar_weighted_small,100,graph_079.txt,greedy_planar_weighted_small_b100,greedy_planar_weighted_small_b100,greedy,Greedy Baseline,False,,,,,,315,83,,,0.0006206250109244138,True,,315,83,8,14,,optimum,315,1.0,True
planar_weighted_small_budget100,planar_weighted_small,100,graph_079.txt,ga_best_of_3_planar_weighted_small_budget100,ga_planar_weighted_small_b100_seed003,ga_best_of_n,Genetic Algorithm Best-of-3,False,3.0,3.0,100.0,50.0,0.1,315,83,,,2.23651033299393,True,,315,83,8,14,0.7572385419916827,optimum,315,1.0,False
planar_weighted_small_budget100,planar_weighted_small,100,graph_080.txt,greedy_planar_weighted_small_b100,greedy_planar_weighted_small_b100,greedy,Greedy Baseline,False,,,,,,488,72,,,0.0009405830060131848,True,,488,72,9,18,,optimum,488,1.0,True
planar_weighted_small_budget100,planar_weighted_small,100,graph_080.txt,ga_best_of_3_planar_weighted_small_budget100,ga_planar_weighted_small_b100_seed003,ga_best_of_n,Genetic Algorithm Best-of-3,False,3.0,3.0,100.0,50.0,0.1,488,72,,,3.41154470804031,True,,488,72,9,18,1.1333008329966106,optimum,488,1.0,False
planar_weighted_small_budget100,planar_weighted_small,100,graph_081.txt,greedy_planar_weighted_small_b100,greedy_planar_weighted_small_b100,greedy,Greedy Baseline,False,,,,,,553,88,,,0.0007983749965205789,True,,553,88,9,18,,optimum,553,1.0,True
planar_weighted_small_budget100,planar_weighted_small,100,graph_081.txt,ga_best_of_3_planar_weighted_small_budget100,ga_planar_weighted_small_b100_seed003,ga_best_of_n,Genetic Algorithm Best-of-3,False,3.0,3.0,100.0,50.0,0.1,553,88,,,2.6814796249964274,True,,553,88,9,18,0.8996566249988973,optimum,553,1.0,False
planar_weighted_small_budget100,planar_weighted_small,100,graph_082.txt,greedy_planar_weighted_small_b100,greedy_planar_weighted_small_b100,greedy,Greedy Baseline,False,,,,,,0,0,,,0.00016391699318774045,True,,0,0,0,0,,optimum,0,1.0,True
planar_weighted_small_budget100,planar_weighted_small,100,graph_082.txt,ga_best_of_3_planar_weighted_small_budget100,ga_planar_weighted_small_b100_seed003,ga_best_of_n,Genetic Algorithm Best-of-3,False,3.0,3.0,100.0,50.0,0.1,0,0,,,0.24163258299813606,True,,0,0,0,0,0.07966062499326654,optimum,0,1.0,False
planar_weighted_small_budget100,planar_weighted_small,100,graph_083.txt,greedy_planar_weighted_small_b100,greedy_planar_weighted_small_b100,greedy,Greedy Baseline,False,,,,,,285,79,,,0.0005348749982658774,True,,285,79,8,12,,optimum,285,1.0,True
planar_weighted_small_budget100,planar_weighted_small,100,graph_083.txt,ga_best_of_3_planar_weighted_small_budget100,ga_planar_weighted_small_b100_seed003,ga_best_of_n,Genetic Algorithm Best-of-3,False,3.0,3.0,100.0,50.0,0.1,285,79,,,2.209433790994808,True,,285,79,8,12,0.7398103330051526,optimum,285,1.0,False
planar_weighted_small_budget100,planar_weighted_small,100,graph_084.txt,greedy_planar_weighted_small_b100,greedy_planar_weighted_small_b100,greedy,Greedy Baseline,False,,,,,,13,18,,,0.000166124984389171,True,,13,18,1,2,,optimum,13,1.0,True
planar_weighted_small_budget100,planar_weighted_small,100,graph_084.txt,ga_best_of_3_planar_weighted_small_budget100,ga_planar_weighted_small_b100_seed003,ga_best_of_n,Genetic Algorithm Best-of-3,False,3.0,3.0,100.0,50.0,0.1,13,18,,,0.34251354198204353,True,,13,18,1,2,0.11466554200160317,optimum,13,1.0,False
planar_weighted_small_budget100,planar_weighted_small,100,graph_085.txt,greedy_planar_weighted_small_b100,greedy_planar_weighted_small_b100,greedy,Greedy Baseline,False,,,,,,223,99,,,0.0005583329766523093,True,,223,99,8,15,,optimum,223,1.0,True
planar_weighted_small_budget100,planar_weighted_small,100,graph_085.txt,ga_best_of_3_planar_weighted_small_budget100,ga_planar_weighted_small_b100_seed003,ga_best_of_n,Genetic Algorithm Best-of-3,False,3.0,3.0,100.0,50.0,0.1,223,99,,,1.9814786250062753,True,,223,99,8,15,0.6523153750167694,optimum,223,1.0,False
planar_weighted_small_budget100,planar_weighted_small,100,graph_086.txt,greedy_planar_weighted_small_b100,greedy_planar_weighted_small_b100,greedy,Greedy Baseline,False,,,,,,225,68,,,0.0005109579942654818,True,,225,68,7,14,,optimum,225,1.0,True
planar_weighted_small_budget100,planar_weighted_small,100,graph_086.txt,ga_best_of_3_planar_weighted_small_budget100,ga_planar_weighted_small_b100_seed003,ga_best_of_n,Genetic Algorithm Best-of-3,False,3.0,3.0,100.0,50.0,0.1,225,68,,,2.2084082920046058,True,,225,68,7,14,0.738218666985631,optimum,225,1.0,False
planar_weighted_small_budget100,planar_weighted_small,100,graph_087.txt,greedy_planar_weighted_small_b100,greedy_planar_weighted_small_b100,greedy,Greedy Baseline,False,,,,,,423,52,,,0.0006455830007325858,True,,423,52,8,14,,optimum,423,1.0,True
planar_weighted_small_budget100,planar_weighted_small,100,graph_087.txt,ga_best_of_3_planar_weighted_small_budget100,ga_planar_weighted_small_b100_seed003,ga_best_of_n,Genetic Algorithm Best-of-3,False,3.0,3.0,100.0,50.0,0.1,423,52,,,2.469992958009243,True,,423,52,8,14,0.8169671250216197,optimum,423,1.0,False
planar_weighted_small_budget100,planar_weighted_small,100,graph_088.txt,greedy_planar_weighted_small_b100,greedy_planar_weighted_small_b100,greedy,Greedy Baseline,False,,,,,,501,92,,,0.0005518750112969428,True,,501,92,8,16,,optimum,501,1.0,True
planar_weighted_small_budget100,planar_weighted_small,100,graph_088.txt,ga_best_of_3_planar_weighted_small_budget100,ga_planar_weighted_small_b100_seed003,ga_best_of_n,Genetic Algorithm Best-of-3,False,3.0,3.0,100.0,50.0,0.1,501,92,,,1.7980165830231272,True,,501,92,8,16,0.6031955000071321,optimum,501,1.0,False
planar_weighted_small_budget100,planar_weighted_small,100,graph_089.txt,greedy_planar_weighted_small_b100,greedy_planar_weighted_small_b100,greedy,Greedy Baseline,False,,,,,,327,69,,,0.0005544169980566949,True,,327,69,7,13,,optimum,327,1.0,True
planar_weighted_small_budget100,planar_weighted_small,100,graph_089.txt,ga_best_of_3_planar_weighted_small_budget100,ga_planar_weighted_small_b100_seed003,ga_best_of_n,Genetic Algorithm Best-of-3,False,3.0,3.0,100.0,50.0,0.1,327,69,,,2.223362165997969,True,,327,69,7,13,0.7399628339917399,optimum,327,1.0,False
planar_weighted_small_budget100,planar_weighted_small,100,graph_090.txt,greedy_planar_weighted_small_b100,greedy_planar_weighted_small_b100,greedy,Greedy Baseline,False,,,,,,300,90,,,0.0006573749997187406,True,,300,90,7,14,,optimum,301,0.9966777408637874,False
planar_weighted_small_budget100,planar_weighted_small,100,graph_090.txt,ga_best_of_3_planar_weighted_small_budget100,ga_planar_weighted_small_b100_seed003,ga_best_of_n,Genetic Algorithm Best-of-3,False,3.0,3.0,100.0,50.0,0.1,301,94,,,1.8418315000017174,True,,301,94,7,14,0.6199192500207573,optimum,301,1.0,True
planar_weighted_small_budget100,planar_weighted_small,100,graph_091.txt,greedy_planar_weighted_small_b100,greedy_planar_weighted_small_b100,greedy,Greedy Baseline,False,,,,,,0,0,,,0.0001609169994480908,True,,0,0,0,0,,optimum,0,1.0,True
planar_weighted_small_budget100,planar_weighted_small,100,graph_091.txt,ga_best_of_3_planar_weighted_small_budget100,ga_planar_weighted_small_b100_seed003,ga_best_of_n,Genetic Algorithm Best-of-3,False,3.0,3.0,100.0,50.0,0.1,0,0,,,0.24340479201055132,True,,0,0,0,0,0.07966679101809859,optimum,0,1.0,False
planar_weighted_small_budget100,planar_weighted_small,100,graph_092.txt,greedy_planar_weighted_small_b100,greedy_planar_weighted_small_b100,greedy,Greedy Baseline,False,,,,,,509,63,,,0.0006474579859059304,True,,509,63,8,13,,optimum,509,1.0,True
planar_weighted_small_budget100,planar_weighted_small,100,graph_092.txt,ga_best_of_3_planar_weighted_small_budget100,ga_planar_weighted_small_b100_seed003,ga_best_of_n,Genetic Algorithm Best-of-3,False,3.0,3.0,100.0,50.0,0.1,509,63,,,2.5851500000280794,True,,509,63,8,13,0.8597405000182334,optimum,509,1.0,False
planar_weighted_small_budget100,planar_weighted_small,100,graph_093.txt,greedy_planar_weighted_small_b100,greedy_planar_weighted_small_b100,greedy,Greedy Baseline,False,,,,,,26,8,,,0.00018412500503472984,True,,26,8,1,2,,optimum,26,1.0,True
planar_weighted_small_budget100,planar_weighted_small,100,graph_093.txt,ga_best_of_3_planar_weighted_small_budget100,ga_planar_weighted_small_b100_seed003,ga_best_of_n,Genetic Algorithm Best-of-3,False,3.0,3.0,100.0,50.0,0.1,26,8,,,0.34862912498647347,True,,26,8,1,2,0.1154744999948889,optimum,26,1.0,False
planar_weighted_small_budget100,planar_weighted_small,100,graph_094.txt,greedy_planar_weighted_small_b100,greedy_planar_weighted_small_b100,greedy,Greedy Baseline,False,,,,,,378,61,,,0.0012447079934645444,True,,378,61,7,12,,optimum,378,1.0,True
planar_weighted_small_budget100,planar_weighted_small,100,graph_094.txt,ga_best_of_3_planar_weighted_small_budget100,ga_planar_weighted_small_b100_seed003,ga_best_of_n,Genetic Algorithm Best-of-3,False,3.0,3.0,100.0,50.0,0.1,378,61,,,2.150560042995494,True,,378,61,7,12,0.7134748339885846,optimum,378,1.0,False
planar_weighted_small_budget100,planar_weighted_small,100,graph_095.txt,greedy_planar_weighted_small_b100,greedy_planar_weighted_small_b100,greedy,Greedy Baseline,False,,,,,,364,64,,,0.0005761250213254243,True,,364,64,8,16,,optimum,364,1.0,True
planar_weighted_small_budget100,planar_weighted_small,100,graph_095.txt,ga_best_of_3_planar_weighted_small_budget100,ga_planar_weighted_small_b100_seed003,ga_best_of_n,Genetic Algorithm Best-of-3,False,3.0,3.0,100.0,50.0,0.1,364,64,,,2.5035429570125416,True,,364,64,8,16,0.8379503749893047,optimum,364,1.0,False
planar_weighted_small_budget100,planar_weighted_small,100,graph_096.txt,greedy_planar_weighted_small_b100,greedy_planar_weighted_small_b100,greedy,Greedy Baseline,False,,,,,,378,46,,,0.0004078329948242754,True,,378,46,6,12,,optimum,378,1.0,True
planar_weighted_small_budget100,planar_weighted_small,100,graph_096.txt,ga_best_of_3_planar_weighted_small_budget100,ga_planar_weighted_small_b100_seed003,ga_best_of_n,Genetic Algorithm Best-of-3,False,3.0,3.0,100.0,50.0,0.1,378,46,,,1.8216588339710142,True,,378,46,6,12,0.6043645839963574,optimum,378,1.0,False
planar_weighted_small_budget100,planar_weighted_small,100,graph_097.txt,greedy_planar_weighted_small_b100,greedy_planar_weighted_small_b100,greedy,Greedy Baseline,False,,,,,,395,62,,,0.0006259590154513717,True,,395,62,8,15,,optimum,395,1.0,True
planar_weighted_small_budget100,planar_weighted_small,100,graph_097.txt,ga_best_of_3_planar_weighted_small_budget100,ga_planar_weighted_small_b100_seed003,ga_best_of_n,Genetic Algorithm Best-of-3,False,3.0,3.0,100.0,50.0,0.1,395,62,,,2.585023582971189,True,,395,62,8,15,0.8549151249753777,optimum,395,1.0,False
planar_weighted_small_budget100,planar_weighted_small,100,graph_098.txt,greedy_planar_weighted_small_b100,greedy_planar_weighted_small_b100,greedy,Greedy Baseline,False,,,,,,235,56,,,0.00040579101187177,True,,235,56,6,10,,optimum,235,1.0,True
planar_weighted_small_budget100,planar_weighted_small,100,graph_098.txt,ga_best_of_3_planar_weighted_small_budget100,ga_planar_weighted_small_b100_seed003,ga_best_of_n,Genetic Algorithm Best-of-3,False,3.0,3.0,100.0,50.0,0.1,235,56,,,1.6735098749923054,True,,235,56,6,10,0.5547292080009356,optimum,235,1.0,False
planar_weighted_small_budget100,planar_weighted_small,100,graph_099.txt,greedy_planar_weighted_small_b100,greedy_planar_weighted_small_b100,greedy,Greedy Baseline,False,,,,,,474,74,,,0.00035270900116302073,True,,474,74,8,12,,optimum,474,1.0,True
planar_weighted_small_budget100,planar_weighted_small,100,graph_099.txt,ga_best_of_3_planar_weighted_small_budget100,ga_planar_weighted_small_b100_seed003,ga_best_of_n,Genetic Algorithm Best-of-3,False,3.0,3.0,100.0,50.0,0.1,474,74,,,1.9348149159923196,True,,474,74,8,12,0.6307527500030119,optimum,474,1.0,False
planar_weighted_small_budget100,planar_weighted_small,100,graph_100.txt,greedy_planar_weighted_small_b100,greedy_planar_weighted_small_b100,greedy,Greedy Baseline,False,,,,,,413,51,,,0.0007081670046318322,True,,413,51,8,14,,optimum,413,1.0,True
planar_weighted_small_budget100,planar_weighted_small,100,graph_100.txt,ga_best_of_3_planar_weighted_small_budget100,ga_planar_weighted_small_b100_seed003,ga_best_of_n,Genetic Algorithm Best-of-3,False,3.0,3.0,100.0,50.0,0.1,413,51,,,2.891546876024222,True,,413,51,8,14,0.9862765420111828,optimum,413,1.0,False
