# TTSP Euclidean complete-graph matrix instance
# seed: 500101
# depot: 1
# L_max is not stored in this file; pass it with --budget when running algorithms.
# coordinate rows: node x y
# scenario: clustered_outliers
# coordinate_max: 1000
# geometry: clustered_outliers
# depot_position: center
# reward_pattern: uniform
# clusters: 4
# cluster_spread_ratio: 0.08
# outlier_fraction: 0.1
# coord 1 500.000000 500.000000
# coord 2 924.169509 335.824045
# coord 3 516.534362 599.575191
# coord 4 800.127420 527.232069
# coord 5 447.493538 763.989286
# coord 6 755.096069 465.293006
# coord 7 587.935530 777.165447
# coord 8 644.057728 472.434463
# coord 9 640.313754 319.334041
# coord 10 853.087491 488.918836
# coord 11 604.853334 694.925836
# coord 12 731.192066 599.231008
# coord 13 680.146134 333.022453
# coord 14 727.538152 523.809035
# coord 15 423.941161 722.192449
# coord 16 636.412900 531.430883
# coord 17 603.544564 254.331071
# coord 18 937.134528 401.086591
# coord 19 513.335486 743.532703
# coord 20 532.025160 356.937199
# coord 21 569.735906 158.410310
# coord 22 915.804724 499.329414
# coord 23 532.878145 709.899578
# coord 24 244.963170 483.024507
# coord 25 598.896412 439.058930
# coord 26 975.663908 383.804280
# coord 27 541.896044 725.652031
# coord 28 633.319461 542.056753
# coord 29 479.942372 704.992147
# coord 30 867.304403 452.131646
# coord 31 638.595969 729.932097
# coord 32 641.353157 434.996011
# coord 33 649.639547 355.037798
# coord 34 914.758783 470.639589
# coord 35 622.881591 703.554738
# coord 36 757.372843 475.771734
# coord 37 617.878329 292.106278
# coord 38 772.928300 498.627721
# coord 39 499.286183 666.500542
# coord 40 933.019843 717.627214
# coord 41 497.962824 242.699990
# coord 42 867.130493 383.804934
# coord 43 669.883596 694.258801
# coord 44 582.710305 516.733607
# coord 45 650.831284 450.438185
# coord 46 796.426057 371.521093
# coord 47 551.845087 713.098316
# coord 48 621.605280 498.219704
# coord 49 255.816793 535.956437
# coord 50 870.769825 387.430588
# coord 51 719.677983 959.091539
# coord 52 182.771942 385.190615
# coord 53 709.822698 484.419929
# coord 54 741.280859 502.483994
# coord 55 533.501122 573.462116
# coord 56 670.796923 372.646266
# coord 57 674.293847 371.045546
# coord 58 625.062011 232.370515
# coord 59 631.695558 681.623314
# coord 60 734.438481 503.108546
# coord 61 593.329753 448.390751
# coord 62 837.579968 290.601346
# coord 63 513.307053 682.164875
# coord 64 617.024011 36.737081
# coord 65 639.395308 439.156645
# coord 66 949.103055 374.146969
# coord 67 530.846951 623.752789
# coord 68 679.546819 518.161466
# coord 69 693.126939 252.028080
# coord 70 791.064720 288.509573
# coord 71 453.981459 2.349697
# coord 72 838.210768 413.777280
# coord 73 645.773009 368.113455
# coord 74 751.611592 366.803385
# coord 75 586.436246 717.344633
# coord 76 627.990772 678.591612
# coord 77 615.878975 292.227591
# coord 78 840.979478 421.883473
# coord 79 527.352270 585.364389
# coord 80 759.021765 457.431235
# coord 81 232.498779 109.158410
# coord 82 747.854525 364.508637
# coord 83 568.595480 708.013767
# coord 84 673.550448 520.324709
# coord 85 723.016405 401.749102
# coord 86 899.360951 512.858095
# coord 87 560.337470 584.246322
# coord 88 690.735030 498.450186
# coord 89 752.689055 408.150485
# coord 90 599.655665 223.526620
# coord 91 574.519256 598.595364
# coord 92 572.293646 404.323046
# coord 93 637.301754 407.692714
# coord 94 811.127921 424.868664
# coord 95 416.885421 378.770023
# coord 96 809.598576 527.543815
# coord 97 557.104845 355.696234
# coord 98 740.416121 379.865720
# coord 99 534.823850 771.112759
# coord 100 596.825948 491.950674
# coord 101 759.128543 265.995865
# coord 102 9.682217 658.041236
# coord 103 542.073012 667.391536
# coord 104 600.329417 483.743885
# coord 105 704.601901 368.534794
# coord 106 908.911594 528.231251
# coord 107 480.130692 703.090918
# coord 108 692.116708 508.985030
# coord 109 723.269070 310.070343
# coord 110 909.895248 387.722076
# coord 111 419.917863 618.079705
# coord 112 641.476693 543.358806
# coord 113 683.741952 189.550709
# coord 114 829.717202 236.443423
# coord 115 583.344535 719.950111
# coord 116 607.693006 522.994829
# coord 117 148.694450 333.171147
# coord 118 868.917845 468.918768
# coord 119 663.923811 598.640669
# coord 120 264.179122 510.051301
# coord 121 574.009420 455.795151
# coord 122 799.615394 425.470209
# coord 123 570.645234 578.431389
# coord 124 322.249187 124.338965
# coord 125 544.233327 280.979892
# coord 126 841.694535 346.740812
# coord 127 526.884690 621.740636
# coord 128 646.304395 586.385382
# coord 129 690.212565 404.717753
# coord 130 793.642700 425.225098
# coord 131 516.698809 602.527795
# coord 132 735.682043 431.034493
# coord 133 792.839066 310.099565
# coord 134 731.097149 435.412613
# coord 135 621.791465 671.976560
# coord 136 586.239283 521.625589
# coord 137 526.260593 247.142504
# coord 138 802.823168 413.784421
# coord 139 671.229272 676.462190
# coord 140 710.816947 409.063762
# coord 141 649.897960 461.806586
# coord 142 807.295568 410.324019
# coord 143 589.667991 731.641516
# coord 144 632.359508 416.527580
# coord 145 634.539553 310.861608
# coord 146 731.301540 266.496272
# coord 147 550.021948 662.961023
# coord 148 726.252644 646.432853
# coord 149 617.368604 274.888181
# coord 150 870.970709 384.660101
# coord 151 446.084933 656.299648
# coord 152 637.604746 515.328022
# coord 153 663.475408 164.653563
# coord 154 709.360728 284.745726
# coord 155 668.519929 666.655392
# coord 156 693.427051 395.788908
# coord 157 582.884820 277.278958
# coord 158 824.441712 479.080811
# coord 159 412.588334 693.739745
# coord 160 677.630322 465.793484
# coord 161 805.896327 395.965590
# coord 162 747.796073 503.425068
# coord 163 884.525373 651.550542
# coord 164 902.384816 422.208162
# coord 165 992.423357 817.415533
# coord 166 810.866059 515.939331
# coord 167 612.175778 649.982107
# coord 168 620.207621 467.009917
# coord 169 688.615574 367.850749
# coord 170 915.037323 378.606481
# coord 171 569.841064 604.957792
# coord 172 629.786800 609.701263
# coord 173 668.945627 518.925903
# coord 174 876.655700 326.377086
# coord 175 563.347145 649.354231
# coord 176 767.872116 407.259825
# coord 177 626.282654 317.602133
# coord 178 826.291708 337.962893
# coord 179 581.754447 656.062187
# coord 180 596.929611 426.179270
# coord 181 513.040008 362.388328
# coord 182 751.753981 428.918128
# coord 183 731.033169 548.977363
# coord 184 856.094502 578.604136
# coord 185 726.665343 434.145384
# coord 186 893.222494 353.777395
# coord 187 611.174779 710.883852
# coord 188 481.100942 361.660808
# coord 189 625.550837 327.264226
# coord 190 797.430039 337.876133
# coord 191 470.441531 652.711794
# coord 192 939.100058 853.558215
# coord 193 721.185283 239.806854
# coord 194 880.280883 417.370196
# coord 195 448.231182 719.070971
# coord 196 663.958484 375.382445
# coord 197 149.924545 582.784772
# coord 198 819.660732 444.838048
# coord 199 703.492808 758.011166
# coord 200 574.015710 485.464532
# coord 201 596.126424 314.995825
# coord 202 761.924919 399.310341
# coord 203 574.684979 671.172983
# coord 204 604.127430 471.113032
# coord 205 648.945547 267.266701
# coord 206 835.037644 393.404981
# coord 207 686.264288 586.462246
# coord 208 459.168536 508.721733
# coord 209 708.278008 340.513015
# coord 210 778.075717 521.974821
# coord 211 666.254538 704.251826
# coord 212 677.542146 503.104784
# coord 213 652.201108 376.756526
# coord 214 498.848456 403.603415
# coord 215 518.693809 641.227611
# coord 216 663.719081 552.842509
# coord 217 848.007367 394.464703
# coord 218 770.208275 462.545110
# coord 219 659.539415 685.740162
# coord 220 665.113689 446.693755
# coord 221 797.594970 361.067308
# coord 222 541.076793 317.448164
# coord 223 643.743806 637.966483
# coord 224 703.488575 480.064630
# coord 225 707.764620 410.491749
# coord 226 126.540183 746.070539
# coord 227 370.359878 604.551347
# coord 228 740.984776 373.186449
# coord 229 701.694451 185.350835
# coord 230 721.277554 607.095638
# coord 231 518.626037 734.136293
# coord 232 669.837255 504.902104
# coord 233 663.054565 234.321051
# coord 234 798.743949 375.351804
# coord 235 636.205544 645.787651
# coord 236 597.375153 603.187477
# coord 237 665.062267 322.755437
# coord 238 575.798025 901.321485
# coord 239 617.761609 625.262360
# coord 240 755.004773 497.880803
# coord 241 689.871195 320.815521
# coord 242 865.318220 356.049970
# coord 243 877.176891 107.793635
# coord 244 580.565396 472.940898
# coord 245 641.863654 372.081650
# coord 246 983.430620 273.937165
# coord 247 722.615054 633.864221
# coord 248 595.563735 483.226136
# coord 249 569.303174 324.547400
# coord 250 995.914397 468.074631
# coord 251 587.509721 625.275947
# coord 252 833.501509 341.375452
# coord 253 247.758448 21.152724
# coord 254 809.821677 473.434384
# coord 255 611.659366 610.399490
# coord 256 487.100813 541.231149
# coord 257 590.697117 335.597829
# coord 258 946.580020 545.764424
# coord 259 512.981794 535.022115
# coord 260 792.385725 444.468000
# coord 261 606.802709 241.447945
# coord 262 819.153695 336.088593
# coord 263 490.211231 648.040848
# coord 264 575.155403 624.719170
# coord 265 756.430482 375.944778
# coord 266 688.608092 447.374245
# coord 267 477.459361 583.349768
# coord 268 611.175525 470.508740
# coord 269 557.702542 358.711362
# coord 270 657.121804 508.240825
# coord 271 660.195568 579.556347
# coord 272 591.456490 517.809771
# coord 273 637.933777 429.355661
# coord 274 671.813601 356.991529
# coord 275 656.770060 709.039365
# coord 276 334.652702 107.456438
# coord 277 507.863799 359.477571
# coord 278 810.925234 386.137416
# coord 279 663.505184 645.691154
# coord 280 456.563989 453.513802
# coord 281 594.300376 386.308782
# coord 282 780.994452 357.511286
# coord 283 564.370991 555.617014
# coord 284 734.895969 469.998810
# coord 285 122.608441 842.904932
# coord 286 955.842061 512.460018
# coord 287 590.563412 442.566370
# coord 288 716.459851 468.818898
# coord 289 806.832341 277.119900
# coord 290 873.123046 382.241412
# coord 291 511.383890 704.528887
# coord 292 597.081824 451.500766
# coord 293 687.446632 586.420196
# coord 294 742.233046 559.873476
# coord 295 569.494592 818.949090
# coord 296 660.547711 536.902545
# coord 297 665.320605 364.690038
# coord 298 986.022291 412.969576
# coord 299 438.555960 709.514336
# coord 300 962.247373 394.187134
# coord 301 708.521297 199.854228
# coord 302 803.639479 343.609394
# coord 303 663.880976 686.574437
# coord 304 611.851265 407.221606
# coord 305 830.515867 381.846827
# coord 306 781.929185 345.448798
# coord 307 671.118108 645.087476
# coord 308 614.004500 531.127901
# coord 309 547.604547 440.239452
# coord 310 773.984441 538.342328
# coord 311 461.801724 709.444431
# coord 312 437.622857 574.120790
# coord 313 660.894877 427.644886
# coord 314 980.885231 553.897684
# coord 315 512.187516 660.618668
# coord 316 804.169184 300.120522
# coord 317 680.744931 337.403177
# coord 318 805.479586 578.143058
# coord 319 524.171239 862.159065
# coord 320 681.313741 548.819019
# coord 321 610.074041 332.502065
# coord 322 962.978075 346.402081
# coord 323 621.493007 550.626392
# coord 324 687.943079 470.187166
# coord 325 597.908251 332.742792
# coord 326 740.224690 455.918162
# coord 327 625.043138 634.612815
# coord 328 562.386982 490.199819
# coord 329 709.205284 295.503558
# coord 330 819.875744 399.311187
# coord 331 637.436120 716.912715
# coord 332 527.296453 423.048244
# coord 333 655.855836 398.527149
# coord 334 699.207211 398.760254
# coord 335 611.382851 570.009107
# coord 336 557.081731 462.874821
# coord 337 721.657889 383.602197
# coord 338 879.822801 453.002050
# coord 339 930.270696 168.380313
# coord 340 716.458648 479.871653
# coord 341 718.981273 313.775358
# coord 342 661.131505 386.134093
# coord 343 208.512530 705.125225
# coord 344 633.154767 426.671094
# coord 345 702.815538 321.062868
# coord 346 1000.000000 380.362626
# coord 347 956.134751 814.026845
# coord 348 606.659281 436.374520
# coord 349 731.939612 330.629138
# coord 350 839.828890 389.065008
# coord 351 682.121420 509.785000
# coord 352 677.200912 597.860070
# coord 353 598.968061 528.315137
# coord 354 136.687675 779.442773
# coord 355 594.550414 562.727153
# coord 356 550.730389 459.127490
# coord 357 955.143231 876.983792
# coord 358 808.524819 394.561294
# coord 359 157.096230 477.572200
# coord 360 693.001108 515.746892
# coord 361 650.932853 277.325273
# coord 362 772.650072 371.168780
# coord 363 436.161606 640.640390
# coord 364 472.663754 555.593816
# coord 365 600.589623 322.514756
# coord 366 789.898435 392.125962
# coord 367 530.313466 597.390532
# coord 368 675.916637 463.015720
# coord 369 619.906061 427.479584
# coord 370 931.479550 267.621649
# coord 371 524.922187 703.809628
# coord 372 615.656749 474.814054
# coord 373 551.952401 541.513432
# coord 374 803.121274 525.637817
# coord 375 143.447471 294.447115
# coord 376 70.042905 862.566414
# coord 377 192.664526 767.362597
# coord 378 826.137243 449.463015
# coord 379 560.056450 636.016470
# coord 380 704.384109 525.429990
# coord 381 850.538997 341.075045
# coord 382 858.680866 460.691075
# coord 383 539.413389 633.805339
# coord 384 618.756186 536.474841
# coord 385 762.659756 499.231203
# coord 386 800.162812 398.393085
# coord 387 500.613400 650.844630
# coord 388 687.694592 569.790773
# coord 389 567.674653 393.892125
# coord 390 872.944071 363.391371
# coord 391 558.808672 677.111230
# coord 392 672.625823 502.958473
# coord 393 743.989844 309.313627
# coord 394 750.993722 481.765723
# coord 395 210.928068 176.858956
# coord 396 664.652495 508.756497
# coord 397 760.429548 295.360784
# coord 398 962.294233 512.713762
# coord 399 441.457919 573.961849
# coord 400 503.730968 425.980467
# coord 401 777.638771 352.392496
# coord 402 833.083444 379.333130
# coord 403 490.993677 647.554113
# coord 404 125.379726 714.682898
# coord 405 651.748429 378.869914
# coord 406 982.395544 428.579249
# coord 407 589.840538 570.146360
# coord 408 600.328723 414.649779
# coord 409 547.985636 479.113826
# coord 410 838.212563 397.702425
# coord 411 450.536173 862.333043
# coord 412 697.998268 520.735710
# coord 413 528.015417 422.752685
# coord 414 849.462224 481.274532
# coord 415 562.209817 612.478404
# coord 416 714.808683 541.458828
# coord 417 640.502698 327.837023
# coord 418 734.423575 392.471437
# coord 419 503.573985 530.376812
# coord 420 809.861819 398.344090
# coord 421 647.435514 335.017982
# coord 422 822.197305 457.126726
# coord 423 552.570007 507.354611
# coord 424 711.519002 437.305684
# coord 425 728.578916 336.192739
# coord 426 752.562859 494.298169
# coord 427 618.602960 639.994236
# coord 428 555.981144 531.073089
# coord 429 668.953172 382.928575
# coord 430 862.053904 460.437347
# coord 431 632.320165 719.278858
# coord 432 823.984466 518.386434
# coord 433 691.635518 390.051283
# coord 434 939.867530 364.818509
# coord 435 525.447183 700.620044
# coord 436 528.758502 510.696832
# coord 437 681.650860 296.834479
# coord 438 943.320810 443.049352
# coord 439 513.399545 597.927151
# coord 440 795.854192 543.350108
# coord 441 566.809940 360.818029
# coord 442 226.382678 239.264920
# coord 443 419.813297 635.886513
# coord 444 500.875887 536.456009
# coord 445 689.112623 331.604578
# coord 446 912.594699 402.097401
# coord 447 576.824863 695.853908
# coord 448 950.051449 988.343407
# coord 449 774.544380 398.344854
# coord 450 769.606229 414.212886
# coord 451 511.943869 657.475674
# coord 452 507.000322 418.195992
# coord 453 555.535820 310.778423
# coord 454 767.139737 359.294294
# coord 455 490.840433 540.245578
# coord 456 634.197463 646.003061
# coord 457 619.210449 296.379280
# coord 458 869.080956 394.877841
# coord 459 458.760815 635.455152
# coord 460 549.941545 336.544169
# coord 461 675.295059 449.387991
# coord 462 245.967408 570.908397
# coord 463 674.193442 767.238197
# coord 464 753.391230 553.221495
# coord 465 695.312514 414.245832
# coord 466 851.552707 540.230645
# coord 467 506.695247 641.472978
# coord 468 588.736359 483.293597
# coord 469 590.426372 396.680074
# coord 470 725.918528 251.675381
# coord 471 586.615513 620.850373
# coord 472 671.686918 548.678942
# coord 473 683.699267 310.406980
# coord 474 796.283990 428.351452
# coord 475 546.141424 577.118231
# coord 476 548.251302 661.274480
# coord 477 582.468965 329.371512
# coord 478 804.541789 499.712396
# coord 479 528.817502 530.988825
# coord 480 685.711590 485.085365
# coord 481 656.730117 375.847950
# coord 482 834.399026 386.939174
# coord 483 388.097953 146.000058
# coord 484 662.706242 341.204361
# coord 485 643.172912 373.331849
# coord 486 635.537092 528.085265
# coord 487 547.198264 658.338193
# coord 488 692.976473 520.133984
# coord 489 522.474597 325.025337
# coord 490 162.932778 145.854406
# coord 491 673.671558 591.115140
# coord 492 657.665116 546.448949
# coord 493 563.259328 446.456376
# coord 494 963.813751 403.229922
# coord 495 550.572749 722.561884
# coord 496 707.748270 510.665652
# coord 497 825.732679 251.846506
# coord 498 852.339326 377.875682
# coord 499 551.836434 600.187583
# coord 500 621.784374 490.088482
# reference_nearest_neighbor_tour_cost: 14560
TTSP_MATRIX
500
0 21 55 34 78 13 90 4 10 48 45 23 93 67 100 8 50 55 62 17 49 80 43 22 26 95 4 67 87 4 33 33 95 20 76 35 95 98 99 93 74 70 50 100 42 50 85 30 11 86 29 91 39 65 37 78 90 52 35 41 30 53 19 94 94 13 87 10 16 3 81 43 73 78 75 36 45 69 42 15 26 28 25 19 95 80 76 53 4 42 1 10 90 92 71 18 13 12 35 95 71 50 85 9 29 39 89 48 95 68 41 59 21 61 53 51 47 73 10 75 36 30 41 9 60 71 36 44 72 55 76 73 96 60 31 84 52 60 39 56 51 72 62 37 43 5 74 45 81 26 61 57 92 90 30 20 93 45 96 10 99 41 4 8 53 75 97 37 22 72 62 7 26 32 28 11 92 27 78 75 42 67 55 60 50 49 10 94 21 93 79 98 9 28 40 15 36 18 6 75 52 40 20 1 52 89 65 67 80 30 3 80 96 4 31 20 64 3 79 14 8 39 82 63 56 26 26 42 17 90 45 75 78 96 52 6 24 5 100 87 83 16 98 46 6 19 87 28 94 65 8 63 7 7 52 25 81 38 67 81 45 79 60 64 56 35 26 50 5 98 87 44 81 7 68 52 27 46 94 79 21 54 93 28 67 4 26 7 98 59 74 14 52 14 35 96 98 99 36 46 30 60 30 84 79 28 53 40 28 1 63 4 94 75 100 44 65 50 18 7 35 28 84 62 36 72 12 93 76 69 71 74 13 62 38 92 84 55 81 57 68 88 70 81 14 76 81 21 99 71 96 41 69 76 37 74 20 47 58 39 34 70 78 45 78 90 15 69 10 44 49 43 8 47 55 66 54 97 21 6 4 47 28 15 66 18 46 75 37 31 62 50 57 60 47 66 6 55 37 52 19 11 48 31 88 40 48 1 30 35 61 51 78 11 98 67 65 53 26 38 8 56 96 95 97 49 10 7 56 99 52 67 24 12 66 40 1 56 74 67 13 98 25 46 64 43 21 16 8 5 30 40 47 22 60 67 23 64 39 78 32 58 73 60 92 83 14 74 16 56 100 57 23 34 36 6 18 65 59 68 59 40 21 95 45 53 11 74 95 43 85 21 89 21 93 85 1 83 44 70
0 455 101 301 269 257 291 147 229 353 221 252 246 229 235 140 267 448 244 147 349 416 212 256 116 490 230 140 206 370 268 156 208 416 238 259 239 273 167 485 257 385 258 84 159 323 219 122 247 387 509 337 210 241 81 213 217 295 224 234 107 397 183 478 152 466 128 180 314 360 500 349 197 285 234 220 238 350 90 262 474 282 219 175 244 400 104 191 269 294 124 120 165 320 147 311 155 269 273 97 349 515 173 102 243 410 204 192 293 425 143 148 361 422 235 110 389 370 191 236 86 309 106 416 223 374 125 170 213 303 104 246 349 240 211 89 254 315 246 230 155 320 248 156 232 329 170 270 254 388 165 138 373 300 237 220 238 325 213 181 323 248 413 410 586 311 187 125 230 432 126 170 170 415 162 283 222 364 176 122 138 262 236 365 236 420 238 140 214 339 156 564 342 389 225 206 360 324 329 75 208 281 187 108 276 352 205 42 262 279 263 178 196 96 142 172 364 273 245 174 328 187 199 204 226 447 167 272 374 246 235 170 312 324 200 142 242 408 172 255 261 393 544 85 191 534 260 97 189 497 153 369 541 311 157 43 188 449 37 298 280 359 148 146 285 196 86 115 153 157 179 93 155 224 261 426 141 331 219 64 148 315 85 237 510 456 107 219 379 391 205 109 206 250 326 165 214 494 218 474 365 342 248 145 351 322 224 118 76 277 213 97 176 484 161 364 243 315 363 188 200 488 132 190 194 244 184 63 293 335 257 82 186 223 132 68 250 383 543 217 287 197 356 152 270 514 554 124 287 357 182 202 103 458 113 65 591 326 344 194 269 302 154 62 204 309 102 180 140 490 205 118 67 304 412 562 407 330 149 206 385 361 139 124 263 317 151 200 126 397 187 173 310 252 434 165 331 462 94 74 314 354 148 432 194 488 114 132 52 353 366 199 82 350 129 219 222 258 31 326 221 325 53 221 281 253 183 64 206 364 256 325 221 460 202 31 273 447 99 299 154 378 158 36 253 424 210 664 293 283 158 82 197 302 41 198 236 384 142 171 182 264 319 259 213 354 142 90 137 336 149 178 264 305 90 168 190 305 42 186 200 353 371 227 191 138 165 194 176 489 196 164 83 474 228 208 409 373 113 122
455 0 486 228 641 213 555 312 284 169 481 327 244 272 632 348 331 67 579 393 396 164 541 695 341 70 546 357 578 129 487 300 275 135 475 218 309 222 538 382 436 75 439 386 296 133 530 343 698 74 656 743 261 247 457 256 252 316 453 253 349 98 537 429 303 46 487 305 246 141 576 116 280 175 510 453 311 120 469 205 728 179 515 311 212 179 441 284 186 343 437 358 296 144 509 223 368 189 584 363 179 970 506 356 222 193 576 290 203 54 578 351 281 137 514 368 775 144 370 683 370 153 429 638 384 83 489 374 244 158 487 211 134 217 452 386 408 144 424 226 302 139 518 303 291 205 497 368 313 72 576 338 312 221 418 238 346 175 624 279 133 243 318 89 486 213 443 331 238 44 445 402 314 48 478 172 298 98 469 339 412 196 288 252 221 36 489 444 299 127 553 518 225 93 611 263 813 151 476 381 329 174 484 347 284 106 346 496 216 237 450 298 275 431 508 339 96 199 439 282 129 384 412 264 229 897 616 187 269 339 568 305 280 132 423 422 259 664 421 234 235 62 233 370 285 86 360 360 355 150 444 91 746 179 416 483 333 211 457 171 331 105 535 453 172 261 511 341 367 318 359 379 301 253 459 632 417 124 405 482 334 145 422 232 948 179 350 247 131 69 553 347 345 289 599 332 260 99 613 70 255 121 437 320 104 143 400 367 391 252 594 542 279 225 525 125 243 270 661 323 314 40 371 272 326 220 423 393 219 122 477 406 276 234 391 388 208 125 168 253 206 268 805 305 222 88 479 333 192 100 298 360 378 904 400 393 542 130 780 293 279 156 575 502 324 146 473 279 318 69 543 338 425 225 782 1003 849 150 472 290 74 141 487 365 230 139 528 333 361 58 500 302 182 226 731 312 169 181 538 430 147 101 534 884 276 110 408 333 403 106 708 292 406 164 456 293 284 198 463 130 277 158 409 236 196 234 431 417 260 139 482 208 239 33 540 432 246 109 487 244 358 704 587 468 235 67 500 653 162 173 523 425 369 159 479 425 307 81 554 374 274 718 499 276 242 217 517 366 339 215 442 330 242 158 448 497 342 203 441 281 270 103 569 262 283 347 496 296 402 785 358 340 377 78 538 278 129 83 457 339
101 486 0 293 178 274 191 180 306 354 130 215 313 224 154 138 356 465 144 243 444 412 112 296 180 507 129 130 112 380 179 207 278 419 149 271 324 276 69 433 357 412 180 106 201 361 119 146 268 413 413 397 225 245 31 274 278 383 141 238 170 446 83 572 202 488 28 182 390 415 600 371 265 331 137 137 323 370 18 281 567 330 120 176 286 393 46 201 304 385 58 203 227 343 242 302 247 314 173 134 412 510 72 143 298 399 110 198 356 447 98 137 443 480 138 119 454 376 147 268 155 332 58 513 320 412 24 130 261 327 3 276 400 270 128 105 353 341 173 272 192 347 151 217 312 396 72 215 340 415 90 147 459 369 166 270 329 331 140 209 354 250 372 425 523 306 108 168 289 456 54 114 172 452 68 316 303 405 86 191 237 291 220 340 267 450 146 241 293 384 70 493 414 407 138 268 367 340 245 128 296 317 92 155 358 379 170 107 322 273 183 188 261 197 42 154 390 288 167 213 369 283 133 222 269 417 146 319 454 205 135 180 394 360 128 81 314 308 104 259 328 425 610 142 260 569 209 141 280 497 75 409 638 319 96 65 274 433 65 316 369 401 55 64 328 230 42 160 244 168 145 111 209 288 178 525 240 364 154 158 227 359 65 254 463 448 174 239 434 418 105 169 171 229 226 157 278 505 135 491 443 385 171 215 382 367 161 119 162 265 123 83 224 467 61 415 309 290 263 172 283 513 116 215 279 266 114 119 360 363 168 177 245 271 99 143 298 392 598 233 350 258 326 209 335 531 489 186 345 386 188 161 109 420 86 145 519 357 380 195 349 343 90 62 290 343 14 210 201 531 105 159 68 296 482 518 365 344 57 202 422 369 41 120 266 348 54 174 212 428 88 184 369 262 522 174 390 454 79 174 360 386 54 408 259 496 79 203 124 380 271 198 177 353 47 207 299 301 70 356 295 337 99 254 338 258 110 79 265 372 167 318 273 484 101 90 345 455 4 285 244 463 103 65 319 443 114 582 327 314 58 182 291 347 65 126 320 408 68 265 219 272 230 241 258 340 43 137 216 406 73 163 334 328 37 69 278 305 70 204 264 382 471 297 259 139 66 194 275 575 157 151 160 488 128 211 465 402 35 152
301 228 293 0 425 77 328 165 262 65 257 100 228 73 424 164 336 186 359 318 435 119 324 557 220 227 326 167 366 101 259 184 229 128 250 67 297 39 332 232 415 158 212 218 168 156 310 181 544 157 439 633 100 64 271 202 201 343 228 70 221 240 326 524 183 214 286 121 295 239 629 120 222 168 286 229 299 113 279 81 705 171 294 127 147 100 246 113 128 364 237 259 202 103 411 9 297 159 360 206 264 801 294 204 185 109 365 110 230 178 391 159 357 292 290 192 680 90 154 536 237 102 235 625 355 185 289 165 165 102 293 116 217 115 230 214 392 113 197 148 164 117 293 201 272 270 285 140 312 159 377 163 387 259 192 169 331 54 422 137 131 57 150 147 348 16 224 190 195 188 243 189 131 215 266 124 272 191 254 227 331 110 72 76 119 197 263 359 265 189 353 355 298 136 401 204 653 85 250 230 294 134 267 204 301 138 128 341 208 23 222 125 211 326 304 139 141 71 212 157 166 333 192 108 149 708 437 165 356 112 349 132 323 152 202 217 245 436 207 54 234 183 426 226 222 313 132 209 307 205 234 189 749 55 206 313 284 148 287 83 345 192 333 245 157 137 328 197 295 144 149 209 189 213 232 627 337 142 181 351 249 171 237 87 747 156 226 102 250 162 339 217 127 66 372 140 211 218 405 210 340 184 210 223 149 183 175 186 267 28 384 366 171 183 317 227 224 51 434 121 272 243 180 126 281 93 205 241 249 129 250 292 193 163 194 251 164 109 382 96 228 198 618 195 228 248 326 214 208 144 119 142 201 710 209 259 383 133 645 108 291 158 381 329 286 135 279 140 206 291 327 192 249 3 697 803 653 82 264 96 193 89 282 182 47 129 324 120 268 179 284 130 225 67 686 137 235 163 362 313 176 152 332 700 210 207 215 229 257 135 484 102 291 67 253 86 255 150 297 129 245 73 248 126 204 58 214 244 195 91 255 25 175 214 325 272 259 166 295 17 287 642 396 299 225 168 280 485 131 117 316 313 327 171 310 204 293 149 358 315 147 556 271 53 154 53 315 216 247 285 233 130 246 99 259 285 294 28 271 122 209 144 561 231 220 165 285 107 343 743 142 144 250 205 317 94 277 158 259 182
269 641 178 425 0 429 141 352 485 490 172 328 490 369 48 300 533 609 69 416 618 538 101 346 358 651 102 289 67 523 194 382 456 552 186 423 502 420 110 488 524 566 233 282 374 525 116 318 298 567 335 462 383 393 209 451 454 560 202 388 348 613 105 747 377 635 163 338 568 587 762 525 443 500 147 200 501 521 196 437 689 500 133 332 455 517 212 360 469 561 209 381 404 497 386 432 423 483 88 310 587 450 135 319 472 518 69 353 531 596 148 294 621 651 143 289 524 514 272 313 333 488 223 652 493 574 163 267 434 484 176 440 570 434 197 279 523 499 240 442 364 505 146 394 490 573 144 303 518 569 108 313 637 546 242 443 505 473 78 377 514 398 451 569 548 440 200 344 464 606 201 239 330 613 163 479 481 570 172 369 407 453 356 449 432 606 172 404 472 551 114 500 591 554 45 445 348 490 256 306 473 482 157 332 536 536 298 256 497 410 227 348 438 364 142 302 545 442 226 385 534 456 233 382 439 321 177 489 632 316 77 341 572 524 223 220 492 188 220 407 505 584 784 320 437 726 304 317 456 623 197 572 769 464 225 226 452 545 238 470 546 567 124 189 496 398 183 336 420 331 282 285 385 465 216 666 409 524 246 311 405 526 239 411 334 567 352 399 605 572 87 346 299 359 134 311 455 643 55 634 622 551 230 393 541 536 253 286 339 397 56 190 398 573 122 585 486 403 125 318 461 663 275 380 457 425 220 297 537 521 196 350 421 444 254 320 469 533 767 391 526 434 246 385 511 673 511 364 518 543 346 283 280 311 249 322 520 517 408 349 527 510 124 210 467 505 186 378 378 693 98 335 246 428 559 390 255 492 170 351 584 511 159 285 412 508 125 309 389 584 141 345 543 414 633 335 564 573 190 343 528 545 124 326 436 631 240 381 302 536 98 349 351 491 190 348 477 469 240 515 473 484 277 420 512 407 211 257 441 514 190 450 447 634 100 266 523 591 179 412 420 569 131 234 495 589 146 550 491 475 124 351 466 516 228 221 498 560 129 440 388 279 227 371 429 462 136 314 394 583 200 311 511 484 211 144 455 444 247 367 441 540 621 474 437 302 145 346 445 680 285 302 338 630 111 363 637 559 194 325
257 213 274 77 429 0 354 111 186 101 274 136 152 65 419 136 260 193 369 248 359 164 330 510 158 235 337 144 365 113 289 118 153 160 272 11 221 38 325 309 340 139 244 180 105 102 320 137 504 139 495 578 49 40 247 125 124 267 249 43 163 193 325 450 119 214 275 92 222 180 552 98 146 99 303 248 222 96 257 9 632 101 306 98 71 152 228 72 57 287 224 193 131 69 349 83 226 87 377 160 199 770 294 156 109 166 364 77 158 173 368 138 285 241 307 158 621 114 162 493 181 60 216 551 280 147 277 163 89 56 275 39 160 38 246 178 316 70 227 72 105 76 314 132 196 200 285 183 235 141 363 128 314 186 219 93 255 71 412 77 86 39 227 153 425 75 234 135 118 182 232 191 101 185 266 59 196 146 258 163 263 37 87 152 42 178 285 293 189 134 341 430 228 134 398 128 616 68 297 182 219 66 274 151 225 108 139 299 133 61 255 86 136 264 295 127 117 15 240 92 113 260 205 54 72 688 409 93 285 146 358 94 249 100 216 210 169 471 211 33 159 155 378 175 147 298 172 161 233 241 232 147 674 55 204 279 209 208 252 43 269 144 322 240 89 69 302 144 224 107 149 172 123 137 263 552 269 97 202 299 179 111 211 21 737 206 166 39 195 144 342 159 139 95 399 119 135 237 400 219 269 131 239 155 112 123 198 156 209 75 382 336 101 243 312 172 148 124 459 111 197 239 159 67 206 18 214 194 176 92 278 232 120 87 178 198 88 125 345 41 156 123 597 128 153 259 403 151 137 114 85 154 168 694 188 204 458 89 598 80 215 96 364 297 210 81 261 79 140 265 331 140 217 77 635 792 638 73 259 79 157 104 274 154 35 81 315 124 201 156 289 91 156 17 616 100 170 213 332 254 115 116 321 677 135 230 196 163 208 107 500 80 231 96 243 86 179 76 260 86 169 68 207 52 132 29 222 210 119 107 282 87 98 210 329 231 184 190 276 88 215 575 376 264 149 170 291 558 70 53 310 253 252 107 275 217 217 134 342 242 81 520 313 88 79 122 305 167 178 216 229 118 171 55 237 285 220 60 236 72 133 111 486 155 145 135 284 83 272 673 150 127 193 218 329 66 225 131 244 136
291 555 191 328 141 354 0 310 461 392 84 228 454 289 173 250 523 513 82 424 619 430 87 452 338 552 69 239 130 429 69 346 427 448 81 346 486 334 142 350 542 482 117 260 333 456 74 281 410 482 225 564 317 315 211 413 415 546 105 311 329 547 121 741 342 541 164 275 536 529 786 441 413 442 60 106 486 436 201 363 757 443 72 271 399 408 195 297 404 554 179 373 373 417 434 334 423 426 53 285 539 590 119 294 425 406 131 288 486 505 231 240 595 592 57 255 625 417 194 420 322 410 199 705 498 500 167 200 386 408 189 376 510 371 111 256 534 422 131 388 321 427 46 363 469 530 120 190 503 484 186 267 617 507 137 396 500 381 194 324 439 317 322 474 406 343 129 312 422 516 173 173 271 535 130 411 461 500 121 351 421 385 269 334 370 522 70 429 451 487 171 359 554 464 151 409 479 405 117 292 462 416 107 306 514 456 215 298 453 318 107 288 406 384 153 237 463 364 116 339 466 462 150 319 386 462 278 432 603 216 82 284 548 454 140 174 461 125 155 325 468 504 729 304 409 640 197 294 453 512 152 500 829 376 168 257 442 427 253 390 536 498 162 153 435 345 223 308 420 278 210 259 351 428 97 716 425 450 152 349 391 462 223 341 470 453 335 334 546 487 106 326 215 267 46 251 420 540 164 536 590 484 118 371 464 473 156 247 339 303 143 253 357 452 139 524 449 295 106 247 445 571 229 323 445 356 147 288 497 443 78 359 385 394 208 316 416 436 698 324 482 398 386 353 470 572 370 341 469 463 283 200 249 451 215 320 381 442 525 282 504 446 204 250 455 435 189 326 351 615 97 304 238 331 656 525 395 405 144 277 509 416 151 243 328 434 154 230 384 502 104 287 493 337 709 279 512 458 250 361 465 467 162 467 403 526 207 363 301 455 162 279 359 395 167 268 452 412 261 439 446 397 272 362 463 327 141 248 402 419 73 350 401 542 99 273 489 488 194 313 417 648 220 256 457 496 82 419 422 406 142 368 468 455 256 139 482 475 192 442 339 399 87 278 378 354 158 294 380 543 156 243 476 406 204 122 448 352 253 308 407 462 662 442 408 254 126 278 457 761 205 241 332 530 66 292 577 479 181 289
147 312 180 165 352 111 310 0 153 210 226 154 144 98 333 59 222 302 301 161 323 273 262 399 56 343 273 70 285 224 258 38 118 271 232 113 182 132 242 379 272 240 223 76 23 183 258 34 393 242 492 469 67 102 150 103 106 241 210 95 56 266 247 437 34 320 189 58 226 235 507 203 104 151 252 207 182 203 162 116 549 150 247 56 106 258 140 53 126 253 144 99 65 174 246 174 146 134 318 51 236 661 220 45 120 271 283 60 181 279 267 71 286 300 255 62 515 225 128 382 72 162 129 474 216 234 190 114 82 157 182 101 220 95 201 76 254 169 206 92 12 175 265 57 162 224 212 192 199 243 270 43 308 199 196 91 205 181 320 34 179 108 300 263 490 172 180 24 114 287 152 138 53 275 194 140 156 226 194 66 171 116 116 237 91 276 241 197 146 204 250 482 245 243 315 99 506 178 292 71 165 139 210 40 205 207 122 188 147 143 233 45 96 161 210 83 218 127 214 33 190 186 166 60 89 585 304 139 293 155 290 41 239 183 174 139 151 434 155 114 158 250 433 63 100 393 180 50 166 352 163 230 601 166 142 171 147 311 145 151 234 222 233 167 148 51 200 33 143 38 108 69 44 119 237 478 177 188 174 188 99 179 115 91 640 314 61 72 254 246 267 51 122 131 354 67 110 347 314 328 280 205 215 73 207 187 175 66 102 146 299 230 48 347 230 235 140 193 408 85 144 343 81 44 147 98 163 84 189 190 245 127 75 92 103 87 118 237 418 73 175 88 494 47 162 368 463 52 167 213 53 130 72 593 103 94 510 182 487 65 195 164 267 191 156 166 169 33 51 353 260 29 115 168 531 694 539 184 184 80 245 215 192 69 122 173 229 107 110 254 222 42 191 107 524 42 212 321 227 148 180 211 233 572 94 341 112 72 96 208 435 72 126 206 162 99 145 121 152 182 137 179 98 76 160 111 169 106 93 218 247 186 95 315 257 121 180 301 181 168 136 478 277 157 148 278 233 600 150 138 227 147 184 167 168 174 178 238 247 165 39 410 296 136 78 218 218 56 93 235 159 81 167 158 143 212 156 163 129 44 97 209 415 133 99 56 210 68 191 581 122 75 85 327 267 74 286 229 158 28
229 284 306 262 485 186 461 153 0 272 377 294 42 222 457 212 75 308 443 115 176 329 405 428 127 341 418 223 418 263 411 116 37 313 385 195 35 223 375 494 162 236 376 206 132 165 404 180 441 240 645 462 179 209 276 61 62 88 362 206 137 199 384 284 120 314 324 203 86 154 368 219 49 121 402 359 36 225 289 182 459 117 395 204 117 323 277 186 143 104 287 109 88 201 231 268 91 117 464 178 130 716 362 169 81 340 416 197 83 278 371 224 137 207 405 206 492 273 280 422 152 191 268 373 103 203 323 267 99 186 309 147 153 147 353 209 135 188 358 114 143 190 415 98 10 105 355 338 50 240 389 196 156 77 348 93 71 244 438 151 182 213 412 282 610 260 332 149 68 281 294 291 202 236 339 155 14 187 342 115 134 156 247 337 144 255 393 165 17 158 374 612 113 259 443 61 557 219 443 179 44 146 358 156 53 208 271 262 71 245 386 188 59 165 344 235 221 193 367 130 163 99 319 173 113 668 393 114 147 299 432 188 88 168 326 287 25 586 307 212 50 228 318 165 53 346 325 170 71 385 310 194 493 229 292 270 52 381 250 197 85 180 361 312 129 137 310 154 92 190 261 204 110 49 390 372 138 183 327 228 81 146 248 178 736 370 133 168 172 241 406 139 271 261 505 219 52 358 439 331 138 165 368 92 200 144 327 213 152 257 429 326 110 414 365 165 44 307 555 233 33 324 232 158 44 169 316 188 73 197 398 153 81 99 252 166 104 274 327 178 79 70 579 108 63 365 587 122 92 211 195 281 213 682 248 166 640 184 508 203 43 142 381 290 40 166 299 148 110 296 401 157 239 263 497 788 633 227 327 216 211 260 330 218 218 178 360 255 104 237 367 186 104 197 452 191 122 376 323 173 141 202 361 649 61 359 256 103 185 213 575 209 153 265 303 234 9 119 251 187 17 228 207 138 90 208 321 228 70 263 400 271 87 303 398 222 47 327 306 273 84 422 386 258 50 285 382 737 156 160 362 166 85 133 267 327 31 241 365 92 135 468 449 260 110 306 349 172 92 109 306 231 44 190 274 354 59 244 239 172 59 206 306 31 54 209 352 208 118 508 274 228 149 334 413 203 197 220 294 172
353 169 354 65 490 101 392 210 272 0 323 164 233 130 488 221 342 122 425 347 435 64 389 608 259 161 391 226 431 39 323 218 244 64 315 97 307 81 396 242 432 106 275 272 206 130 376 232 599 103 489 678 143 113 331 216 214 343 294 119 263 199 391 510 219 150 349 176 286 210 629 77 240 159 351 294 308 68 340 99 728 163 359 182 157 52 308 163 129 367 299 293 231 77 450 58 325 157 425 256 242 860 359 253 191 68 430 162 221 116 452 219 344 254 355 248 721 26 219 589 281 83 296 644 372 143 352 229 183 87 355 131 189 133 295 269 407 90 261 163 205 91 358 232 282 254 349 202 318 106 440 217 376 250 256 185 343 30 486 177 104 106 166 83 357 50 290 234 204 127 306 254 187 164 331 118 284 153 319 264 363 118 136 90 138 141 328 393 279 161 416 375 282 77 466 221 709 55 308 279 310 128 333 250 301 97 193 394 207 82 285 176 230 364 367 200 95 87 276 193 139 356 257 150 165 771 496 161 339 177 415 184 318 126 268 280 251 497 272 98 234 133 382 273 241 251 195 258 328 144 299 149 765 46 270 370 304 109 343 75 349 157 396 309 149 170 387 243 323 197 213 263 223 224 295 644 369 111 246 398 278 150 296 120 812 105 267 138 217 109 404 259 192 132 435 198 225 153 470 145 323 153 274 255 109 160 240 243 309 93 449 424 202 143 382 195 229 101 497 182 289 180 240 166 299 118 271 291 241 96 314 332 217 178 255 297 168 45 330 137 221 218 680 229 225 183 341 252 199 101 172 207 257 773 269 304 401 104 696 162 293 143 444 386 302 116 341 179 241 235 392 238 306 62 736 868 717 48 328 153 148 29 346 239 91 105 388 184 301 127 349 181 210 102 714 189 215 112 420 355 156 111 395 762 229 143 275 263 305 92 549 158 332 8 316 148 267 153 352 100 257 44 301 151 197 101 279 300 212 30 319 41 189 151 390 325 257 101 357 79 314 675 458 355 227 105 345 509 120 112 381 353 347 156 366 269 303 95 421 339 182 613 331 119 175 51 378 264 278 269 297 191 246 83 319 350 314 50 327 167 227 104 578 241 240 221 350 163 369 771 206 204 293 140 382 147 239 111 321 231
221 481 130 257 172 274 84 226 377 323 0 158 370 211 183 167 441 444 104 346 538 367 74 418 256 484 70 155 125 358 49 262 343 383 20 267 403 258 109 329 465 407 65 180 249 376 56 197 384 407 288 524 235 236 141 329 331 463 30 231 247 467 92 658 258 471 103 192 452 447 709 365 329 359 29 28 403 361 134 283 694 360 39 188 316 346 119 214 323 471 101 292 289 340 368 264 343 343 103 203 456 596 69 211 341 347 125 205 403 433 200 156 511 511 33 172 582 348 113 388 241 332 121 637 418 421 107 116 303 329 128 295 428 289 29 174 455 344 69 305 237 349 40 280 385 447 63 131 420 409 163 183 534 423 70 312 418 308 192 240 360 239 283 404 406 273 46 228 338 443 97 89 187 458 62 331 378 420 45 269 345 304 193 277 288 447 17 355 368 406 141 370 470 391 158 325 469 330 117 212 380 335 38 224 430 379 136 236 369 245 62 205 322 310 102 154 387 285 55 255 386 383 69 236 302 481 251 349 519 146 95 201 464 374 58 92 377 208 71 248 384 427 647 223 325 566 133 212 372 452 72 421 763 302 85 194 360 373 184 313 453 418 124 76 353 261 169 225 340 194 128 178 268 345 54 647 349 371 77 283 309 381 145 260 504 396 253 252 464 412 94 244 136 193 129 168 336 474 167 467 506 404 60 288 386 392 83 164 261 230 144 206 273 402 99 442 365 232 186 165 362 500 145 240 362 275 64 209 413 366 39 283 301 311 125 237 333 366 619 242 398 314 396 270 386 505 371 259 386 386 201 121 167 476 133 242 395 363 498 200 420 365 177 192 372 355 123 243 268 538 80 220 162 261 611 560 419 330 74 197 431 345 90 159 251 355 113 150 303 426 49 204 410 258 651 196 429 401 203 287 384 389 123 480 320 462 126 280 223 378 228 198 283 325 93 189 369 329 193 361 362 322 195 279 379 249 57 171 319 348 37 281 317 470 80 199 405 422 133 244 336 592 194 190 373 425 28 453 342 325 100 294 387 373 192 57 399 400 158 363 255 380 100 205 295 291 112 212 299 459 76 161 393 328 132 66 366 279 181 225 323 384 590 358 324 170 68 196 379 705 125 158 252 463 61 211 495 402 109 206
252 327 215 100 328 136 228 154 294 164 158 0 271 76 331 117 368 286 261 314 469 210 227 500 208 326 228 113 273 200 160 187 257 224 150 126 327 109 241 234 426 255 113 170 169 237 212 149 480 254 360 589 117 97 199 234 235 382 129 96 204 326 233 574 185 313 202 96 349 316 658 214 246 233 187 130 328 209 204 145 699 235 196 98 198 189 172 109 192 398 157 251 213 192 384 106 299 220 261 172 334 724 201 175 232 191 272 98 289 277 312 106 412 376 191 145 640 190 67 475 213 187 162 627 369 276 206 86 199 185 215 168 296 164 131 164 407 199 98 191 160 204 194 208 304 333 192 47 344 256 291 126 440 315 92 207 354 152 332 144 217 97 162 246 340 115 129 173 235 287 161 102 102 309 175 195 301 278 160 219 322 172 50 127 165 294 164 345 292 270 266 328 360 235 307 234 582 178 161 194 315 202 172 180 342 231 47 287 260 90 123 110 236 304 217 82 236 142 112 166 247 340 96 122 190 622 361 226 415 13 252 113 371 234 106 134 284 340 116 104 281 278 513 197 244 412 36 178 319 295 146 277 754 148 120 251 299 222 227 166 379 277 246 158 225 158 254 176 297 117 74 162 194 249 133 632 328 228 82 311 253 247 172 129 656 241 211 131 331 259 244 200 46 41 273 94 244 316 313 309 400 266 110 226 239 259 76 136 243 74 291 295 185 254 227 308 267 77 335 71 293 343 120 136 298 144 112 201 305 219 150 269 214 203 123 221 216 209 475 120 286 224 533 198 280 347 311 205 269 237 102 54 150 621 141 228 357 219 587 92 332 232 298 262 306 215 201 147 205 387 231 170 188 103 662 712 564 177 175 79 284 188 195 129 105 212 236 53 262 275 189 113 290 119 670 112 305 247 291 286 251 242 245 617 234 304 144 226 219 228 385 85 269 167 170 60 286 207 238 216 277 169 201 163 263 107 120 188 225 191 156 123 213 314 229 221 306 263 218 85 290 620 314 239 271 268 182 446 206 189 227 288 338 243 247 108 323 247 275 319 160 486 177 51 188 134 228 184 247 348 146 78 293 183 186 193 308 124 214 123 235 236 568 267 242 119 193 88 345 727 58 91 227 304 219 92 360 252 179 155
246 244 313 228 490 152 454 144 42 233 370 271 0 197 466 203 110 266 443 150 207 288 405 460 134 300 416 214 422 222 399 109 38 272 375 162 75 190 379 460 203 194 361 208 121 122 401 175 470 198 627 500 154 180 282 41 38 115 352 179 144 163 387 303 114 272 327 185 82 120 401 177 49 79 396 349 76 184 295 147 501 75 391 187 81 284 278 166 104 136 286 129 86 160 267 234 125 76 462 179 104 745 362 171 43 301 421 176 49 236 386 214 144 178 399 203 531 233 266 452 162 151 269 414 146 162 327 256 72 146 315 113 115 114 344 211 176 147 344 82 132 149 409 96 51 84 355 317 86 198 399 187 169 56 334 64 112 205 449 133 141 183 378 239 576 225 324 147 36 239 293 281 186 197 337 115 56 146 338 125 170 120 222 302 111 214 384 201 55 117 382 581 102 217 450 45 586 179 426 186 86 105 354 158 73 166 254 282 29 213 371 170 52 195 348 220 179 158 353 115 121 140 307 149 82 691 412 73 149 277 432 172 100 126 316 283 18 578 299 181 16 187 299 172 55 309 304 172 111 343 307 154 533 191 286 284 89 341 262 158 117 139 368 310 88 115 322 154 125 177 247 205 105 25 377 413 174 141 313 254 101 104 251 148 756 329 142 141 138 199 408 145 254 235 498 205 35 316 447 289 136 124 354 101 158 103 312 209 170 226 435 342 97 373 368 128 4 275 552 216 70 283 225 137 82 137 307 196 47 155 386 177 70 68 247 179 65 233 299 151 43 56 601 105 26 323 555 127 52 169 177 265 211 703 245 181 610 142 543 183 63 100 393 304 80 125 304 130 112 260 402 156 245 229 538 808 653 187 326 194 171 219 332 213 186 137 365 237 128 195 365 170 68 165 495 176 89 335 339 199 99 160 367 673 54 317 254 114 197 171 577 189 177 225 303 211 40 80 265 145 33 189 216 109 49 177 313 234 51 222 389 235 58 262 399 233 36 285 313 240 117 463 399 271 9 242 377 709 115 121 365 193 127 91 281 316 71 199 375 130 116 495 434 232 83 269 354 176 110 93 303 216 23 150 278 354 98 208 249 152 49 163 347 19 55 200 351 188 158 550 258 215 163 292 411 180 167 178 296 168
229 272 224 73 369 65 289 98 222 130 211 76 197 0 363 91 297 243 307 257 398 190 269 484 154 285 274 96 307 157 224 124 186 195 208 57 256 52 269 282 363 198 180 145 106 167 258 109 472 198 435 562 43 25 200 161 162 309 185 22 154 258 266 499 122 267 221 48 274 244 589 156 176 159 240 184 257 153 209 73 646 161 243 54 122 172 178 45 118 326 170 196 147 130 343 82 239 145 314 135 260 730 235 133 157 181 306 38 214 228 322 88 337 305 243 120 609 152 98 464 168 122 166 569 304 211 223 103 125 119 225 93 223 88 182 141 342 133 163 116 99 139 249 143 232 257 226 123 272 200 311 90 365 240 155 132 286 107 358 77 150 29 202 202 395 84 171 121 161 237 177 130 59 247 207 123 230 210 197 163 268 98 25 140 90 237 220 295 221 199 288 392 284 186 341 161 581 121 235 158 247 129 212 134 268 169 75 269 184 51 191 54 165 258 240 70 177 75 176 99 177 278 142 50 115 641 366 151 339 84 296 61 297 165 152 152 211 407 149 38 206 217 442 156 174 358 110 138 254 274 173 211 695 96 145 241 233 220 215 102 307 209 268 183 151 86 257 128 237 72 87 136 130 176 198 572 274 161 138 280 191 175 166 54 684 229 159 56 259 203 282 149 74 39 335 68 171 281 344 268 325 196 175 164 175 186 134 114 198 49 324 294 117 255 255 236 192 95 395 53 224 295 109 67 231 69 151 169 229 155 213 224 144 128 125 181 140 168 409 45 210 153 550 135 204 308 369 149 193 175 48 90 129 644 139 188 420 153 572 35 258 159 314 257 238 146 211 80 144 327 271 122 176 76 628 740 588 123 202 23 220 146 218 110 43 145 260 61 206 217 228 59 215 48 622 65 231 235 290 244 179 179 267 632 164 272 145 168 185 168 437 30 224 129 188 22 214 132 224 150 205 116 176 88 188 39 159 172 153 149 217 97 138 265 269 199 232 230 227 71 229 576 327 227 196 221 229 515 134 117 254 245 274 169 237 154 252 191 291 258 91 484 249 39 114 125 250 145 187 272 171 61 218 118 189 226 243 81 199 57 164 174 508 194 173 92 225 35 286 679 86 73 182 265 266 24 289 192 192 111
235 632 154 424 48 419 173 333 457 488 183 331 466 363 0 286 501 605 92 381 582 540 110 299 333 647 118 276 59 519 215 360 431 552 200 415 472 414 94 509 485 558 248 260 354 512 128 299 251 558 379 414 372 386 185 428 431 530 212 380 322 598 98 712 356 630 145 327 542 568 720 516 418 483 163 209 471 514 172 427 642 483 145 321 438 519 194 348 455 529 195 351 380 488 343 432 390 466 121 288 566 419 130 297 451 522 59 343 509 590 104 282 593 633 159 271 477 512 270 266 306 479 205 606 457 562 144 261 414 474 151 427 553 420 204 258 486 489 251 425 345 494 166 370 462 550 139 312 487 560 70 297 607 522 251 423 472 469 31 361 502 391 466 565 576 438 202 322 442 599 187 235 318 601 157 466 452 556 171 343 371 440 353 455 418 597 188 365 443 536 84 532 567 549 24 422 307 483 282 280 442 467 159 309 508 526 295 216 476 407 243 335 414 327 125 294 536 433 238 366 520 421 235 370 422 298 129 472 604 319 95 328 543 511 226 210 467 235 217 400 481 573 763 294 412 717 311 294 423 626 190 559 723 459 218 192 421 552 207 461 514 553 99 180 480 382 149 314 387 316 276 264 363 441 233 621 372 513 251 271 377 510 218 400 325 572 326 387 587 563 89 321 296 357 175 301 431 642 19 630 595 536 243 367 530 520 259 269 308 395 40 149 378 582 108 568 463 408 172 310 432 657 262 365 427 413 219 270 513 511 214 316 398 425 241 291 451 529 750 380 504 411 216 362 489 670 540 339 498 533 334 282 261 293 234 292 553 505 362 339 499 495 82 174 437 493 164 361 354 681 103 313 221 427 512 381 236 486 161 343 572 507 145 269 406 496 105 305 358 575 142 332 522 406 585 322 544 578 149 307 512 534 100 299 412 631 225 355 273 526 143 340 317 489 177 342 450 453 208 504 447 478 250 405 492 400 211 232 418 510 208 449 427 628 104 236 497 590 153 413 389 522 86 201 472 584 155 590 477 463 109 315 432 499 194 224 468 553 93 406 371 234 254 370 410 465 116 290 366 559 192 302 487 474 190 138 424 441 218 353 417 530 577 450 412 287 139 336 409 633 282 292 309 627 127 354 619 550 177 305
140 348 138 164 300 136 250 59 212 221 167 117 203 91 286 0 279 328 245 203 379 281 206 394 100 370 216 11 234 244 199 97 177 285 173 133 240 140 192 350 320 274 166 56 82 226 200 36 381 275 436 477 87 109 111 162 165 299 150 102 94 314 195 495 92 350 140 45 285 288 560 234 164 201 193 147 240 232 122 143 584 201 189 39 156 264 93 64 169 310 91 142 124 205 267 173 193 184 260 56 292 639 165 60 177 273 232 60 238 309 233 13 345 353 196 30 526 241 73 373 98 195 81 514 267 276 142 56 138 190 139 141 271 135 141 51 305 204 149 143 71 209 206 115 221 281 157 146 257 277 228 16 368 257 139 147 260 195 276 78 217 115 276 288 457 175 121 66 172 318 99 79 35 316 139 181 214 271 136 112 209 154 96 225 133 312 181 230 204 252 206 442 304 269 266 158 489 203 236 78 220 182 153 68 264 242 74 179 204 142 175 50 155 188 161 35 252 150 156 89 235 234 107 84 140 553 276 190 352 114 234 43 298 225 114 82 211 375 96 123 217 288 487 81 159 432 134 63 217 365 106 274 641 183 83 150 201 310 123 179 291 267 187 112 196 99 167 66 190 31 54 47 102 178 179 520 215 227 117 196 151 226 76 116 601 320 100 102 306 280 214 89 75 110 295 25 169 369 266 354 339 251 158 127 245 236 119 22 127 138 249 203 107 345 179 286 199 175 349 48 201 375 24 80 202 128 104 85 247 226 185 154 134 147 46 105 171 256 467 95 233 147 462 105 221 394 427 100 222 248 51 78 38 558 52 112 470 220 482 59 255 210 228 166 212 207 125 79 105 396 205 60 85 167 547 656 503 207 129 68 287 233 141 18 130 211 181 64 154 290 165 46 247 125 554 36 267 326 200 169 228 249 186 543 153 361 61 122 103 242 380 63 153 219 110 79 204 170 133 219 197 200 87 120 216 122 110 80 152 237 188 188 152 346 202 110 239 319 140 160 184 503 240 136 207 305 175 554 192 177 177 172 235 216 146 115 236 270 206 213 91 392 239 119 131 215 170 68 142 294 102 39 226 190 101 157 209 171 108 68 157 245 458 192 158 3 155 58 236 611 70 26 112 352 210 74 338 265 109 44
267 331 356 336 533 260 523 222 75 342 441 368 110 297 501 279 0 364 497 125 102 397 461 425 185 394 475 289 467 330 477 185 111 379 450 270 40 297 425 569 106 294 445 263 202 226 462 245 447 299 714 441 253 284 327 136 136 31 428 281 194 237 437 218 188 366 377 275 90 191 293 284 121 186 463 425 40 291 340 256 398 182 455 275 190 393 333 259 214 31 345 153 157 269 224 342 111 186 521 238 156 718 418 229 152 410 465 270 132 334 407 292 103 227 466 269 462 341 350 425 204 260 326 310 65 255 375 335 174 256 359 221 197 221 418 268 78 255 428 188 213 257 478 165 64 128 412 411 25 297 432 263 108 110 417 168 31 315 479 224 247 288 487 343 684 334 396 213 142 335 352 356 273 282 397 224 67 238 402 172 141 229 321 411 218 306 457 163 76 211 420 687 119 321 490 135 560 288 514 233 61 215 418 217 47 270 342 293 136 320 454 260 132 182 396 305 282 267 435 202 221 89 386 247 188 685 421 182 120 372 487 259 63 230 393 349 92 648 371 287 109 281 310 220 124 380 398 229 78 447 371 246 425 301 356 310 82 450 295 268 13 231 410 371 195 211 352 216 114 260 330 264 178 123 458 306 142 246 396 248 132 205 304 253 760 437 189 242 205 298 460 197 343 336 566 288 126 414 484 385 118 219 436 153 260 200 397 277 194 331 477 360 183 482 416 206 113 382 613 305 78 371 297 232 79 244 381 239 113 260 464 185 153 173 316 214 175 340 338 252 130 144 599 175 120 416 661 182 149 272 267 351 274 703 309 211 715 248 499 276 53 206 421 328 68 232 351 221 174 328 456 221 292 337 462 809 657 296 384 289 262 328 385 283 292 244 410 326 144 291 425 258 151 271 400 262 162 442 358 199 200 261 409 664 134 417 316 160 232 275 627 283 185 335 361 308 82 190 294 252 92 298 258 212 149 282 386 281 144 331 466 344 162 354 453 267 89 389 355 347 113 377 423 300 115 343 442 812 224 231 413 190 74 194 307 393 45 300 408 98 208 478 518 334 184 378 399 229 143 122 367 302 98 260 328 411 78 317 287 245 133 266 241 105 125 276 408 280 108 454 344 297 196 390 471 277 222 278 350 236
448 67 465 186 609 193 513 302 308 122 444 286 266 243 605 328 364 0 545 408 440 101 509 697 340 42 511 335 549 86 444 298 291 73 436 195 337 191 512 317 467 72 397 373 291 144 496 330 695 68 599 755 242 221 439 268 265 355 415 227 347 149 509 485 300 29 463 283 286 184 626 100 293 189 472 415 339 98 449 187 763 193 480 289 214 118 419 265 185 381 413 365 300 128 521 180 383 198 547 352 223 962 476 347 235 130 548 268 232 30 561 328 330 197 476 351 791 96 337 682 367 140 407 674 411 110 466 345 247 146 466 204 171 209 416 371 439 135 383 226 294 130 480 305 316 246 467 324 344 68 553 321 362 256 378 244 375 137 601 267 131 215 256 41 420 171 409 324 251 32 420 371 293 96 449 169 322 128 437 341 426 187 254 195 213 65 450 458 320 153 530 452 270 59 583 274 808 125 427 373 352 175 452 340 318 102 312 490 237 200 407 279 286 438 482 313 89 178 398 276 145 405 377 247 230 881 602 198 319 298 535 287 321 141 388 395 283 617 390 206 260 85 299 364 297 135 317 351 376 89 415 120 787 146 387 471 353 145 445 151 367 135 511 425 182 253 494 333 382 300 329 365 301 269 416 670 431 127 367 483 343 162 404 214 927 113 349 231 180 67 523 344 311 251 557 308 274 50 586 26 305 145 395 325 108 165 361 348 391 213 567 529 278 159 498 167 264 221 619 295 334 60 349 259 346 204 390 385 251 117 435 410 281 238 367 385 216 77 233 234 235 276 790 305 248 66 413 332 217 98 277 326 361 885 379 391 476 129 784 270 312 167 555 489 346 148 452 268 318 134 511 330 410 183 801 982 830 121 444 264 105 99 461 346 200 137 503 301 370 74 468 283 214 203 760 293 206 114 525 434 167 106 510 870 286 53 386 337 397 99 670 267 410 119 430 263 306 203 452 127 297 128 399 229 218 207 398 403 269 96 441 163 246 36 509 423 276 42 467 200 373 729 568 457 258 25 466 587 163 168 497 430 392 175 467 390 335 68 533 393 266 712 451 239 242 163 493 358 347 259 414 304 269 143 429 468 362 165 428 265 282 104 605 281 295 327 467 272 422 815 325 315 377 27 503 254 186 88 434 328
244 579 144 359 69 369 82 301 443 425 104 261 443 307 92 245 497 545 0 387 588 471 39 374 316 586 34 234 51 458 126 334 412 485 117 362 463 357 78 420 501 505 164 237 324 467 49 268 331 505 298 488 325 332 171 403 406 523 134 327 306 557 61 714 329 571 121 280 523 533 744 463 398 446 78 132 463 459 159 377 694 446 66 275 401 450 166 303 412 527 157 344 358 436 377 367 390 429 35 265 537 511 81 274 421 450 52 295 482 533 156 238 580 598 74 240 549 449 209 341 294 428 175 648 464 515 123 206 382 424 141 384 516 377 130 234 497 439 172 388 313 444 77 348 449 524 89 234 480 507 110 260 598 499 173 392 471 408 112 323 454 336 382 505 485 375 136 296 415 543 150 177 273 553 107 422 441 512 111 328 381 395 292 380 376 544 103 383 431 495 100 440 545 491 70 398 397 428 191 265 436 425 95 287 495 475 234 241 448 345 158 291 392 340 102 243 484 381 157 333 477 427 168 325 386 387 199 435 589 249 11 285 531 466 157 164 447 170 158 345 458 523 732 279 393 664 236 273 423 556 140 514 770 401 166 204 415 476 209 409 511 509 98 134 441 344 164 290 387 276 220 239 338 418 148 661 384 465 179 296 366 470 195 352 403 499 311 342 551 510 39 304 235 293 94 254 408 577 82 569 578 494 161 350 481 480 186 235 305 332 62 186 349 505 83 530 439 336 119 257 422 600 221 324 419 366 156 258 489 461 127 321 373 392 199 284 416 468 710 333 476 387 307 339 463 607 448 321 467 482 288 219 232 378 198 287 462 457 445 290 486 454 129 192 430 447 147 324 334 634 41 288 206 363 582 459 322 429 117 290 525 446 113 232 349 449 94 246 354 523 80 289 492 354 642 279 512 505 184 318 472 485 99 389 390 565 190 340 267 474 134 289 321 426 140 285 435 415 213 455 430 421 239 365 461 345 148 217 393 449 121 384 396 570 45 233 477 525 146 346 386 580 143 207 448 525 79 501 433 417 86 325 435 460 205 155 460 498 121 409 336 318 163 306 376 395 102 271 355 536 143 251 465 424 170 89 420 380 213 311 395 480 611 429 392 248 92 287 419 693 221 244 301 565 43 303 583 499 148 276
147 393 243 318 416 248 424 161 115 347 346 314 150 257 381 203 125 408 387 0 202 409 353 314 106 444 369 211 352 349 388 134 118 399 358 255 108 279 311 539 119 336 364 168 151 265 357 167 329 340 631 350 219 255 217 140 143 155 340 250 110 313 326 331 135 417 267 219 192 268 363 311 114 220 364 336 106 316 228 248 389 216 353 216 196 399 229 213 227 150 245 62 117 287 117 326 25 210 414 150 245 603 311 144 173 414 350 221 197 379 284 216 226 321 367 182 384 355 275 309 107 276 225 313 77 310 265 256 165 270 246 217 265 214 328 173 110 277 349 186 158 280 379 117 112 219 307 349 118 340 311 190 233 191 338 166 95 317 357 182 277 261 459 376 651 321 304 141 157 384 251 271 212 346 294 241 102 295 303 95 20 231 277 393 209 361 363 51 98 266 302 642 222 353 372 133 444 301 436 135 77 234 317 135 147 305 277 168 177 296 372 206 122 57 285 236 318 261 353 161 266 41 302 211 184 562 296 210 241 314 377 202 179 267 307 255 137 546 282 264 162 333 426 126 111 459 336 141 49 477 274 302 440 301 266 190 62 456 179 275 138 288 294 271 225 181 233 138 26 196 257 171 128 140 374 318 24 280 317 123 69 249 201 232 635 451 104 216 286 342 348 115 277 292 464 221 134 457 365 432 236 272 355 94 300 250 320 193 85 302 359 237 147 490 304 278 150 352 505 243 82 431 213 193 70 231 293 137 188 291 375 66 131 172 227 109 191 361 441 222 192 132 475 123 175 469 624 109 202 309 214 281 184 579 215 104 670 279 394 226 143 241 299 207 77 260 240 179 113 409 347 145 186 319 394 685 533 308 280 241 319 343 277 199 271 271 296 264 51 341 321 203 217 252 368 202 237 458 235 75 246 302 293 542 122 456 221 89 123 309 512 233 66 341 257 260 112 205 176 281 117 307 152 197 198 260 296 176 139 346 376 334 163 408 344 154 161 420 242 323 35 328 301 182 159 383 342 757 246 244 301 66 52 235 188 307 106 339 288 27 171 357 434 296 173 368 286 138 71 221 270 237 159 274 221 305 57 308 174 200 126 304 255 132 112 200 302 229 33 425 274 227 95 434 366 233 312 321 244 161
349 396 444 435 618 359 619 323 176 435 538 469 207 398 582 379 102 440 588 202 0 486 553 459 282 464 568 389 554 418 576 286 212 465 548 369 142 396 513 667 111 373 545 359 303 311 555 344 491 378 815 449 355 384 417 237 237 92 527 382 291 299 527 131 289 436 467 376 155 257 194 371 223 277 559 523 142 378 429 354 341 272 550 377 288 484 426 361 310 72 440 246 258 360 268 440 198 280 614 335 218 751 510 327 250 502 552 371 216 410 483 392 118 271 562 367 456 431 450 466 297 352 420 250 125 331 465 435 274 348 447 319 270 321 516 364 99 346 528 288 314 346 574 266 166 194 505 513 126 377 513 363 94 188 518 268 120 410 558 326 335 388 585 425 783 431 493 313 241 410 447 455 374 350 491 318 169 313 498 269 212 326 423 508 317 378 554 222 178 290 504 787 172 404 574 237 597 380 614 327 159 308 513 315 135 354 444 367 229 419 554 361 233 255 486 405 365 364 535 304 305 162 485 348 287 736 489 275 135 474 578 361 120 315 492 446 190 743 469 387 202 356 312 315 226 430 499 326 166 527 467 321 350 396 454 392 178 540 381 362 91 306 496 466 287 312 435 315 201 361 431 360 279 223 557 241 210 332 496 316 229 290 397 353 818 524 285 343 265 377 549 294 444 437 661 389 227 488 567 458 145 298 536 252 343 283 497 375 283 431 562 436 284 570 505 274 211 481 705 406 179 436 396 333 177 343 479 332 196 347 563 268 255 273 414 305 272 428 361 353 215 245 655 276 210 484 761 280 237 355 369 452 371 757 405 301 815 336 522 378 144 294 500 409 167 321 441 323 274 378 547 320 384 435 447 863 716 388 478 391 335 418 476 381 392 333 497 428 235 366 519 360 231 371 359 363 235 529 435 276 284 344 495 712 235 493 412 258 321 360 714 384 268 427 454 410 184 286 378 339 193 391 349 313 238 382 484 373 245 420 564 441 262 424 544 355 178 470 443 446 202 353 500 384 210 421 537 913 315 325 502 267 153 282 390 492 147 381 490 179 310 524 618 435 285 475 487 325 239 182 463 403 190 352 419 503 171 414 375 347 234 350 182 205 227 375 500 382 173 407 445 398 288 464 564 378 273 358 442 336
416 164 412 119 538 164 430 273 329 64 367 210 288 190 540 281 397 101 471 409 486 0 437 671 323 130 437 286 482 68 361 282 303 29 357 160 363 143 449 219 490 125 314 334 269 175 422 294 661 121 500 742 207 175 389 276 273 395 338 181 326 223 442 551 283 130 405 237 333 245 678 115 300 211 395 339 364 108 398 162 787 215 405 243 216 21 365 225 187 420 355 356 293 128 513 110 386 212 468 319 281 920 410 316 248 30 481 224 270 112 510 278 387 277 399 309 785 56 271 652 345 138 354 702 431 170 408 283 245 143 412 193 226 195 341 330 464 142 302 224 269 140 400 295 339 297 401 240 373 123 495 279 419 298 299 245 400 94 539 241 151 168 155 78 327 106 339 297 262 121 362 307 248 177 383 174 342 185 369 327 425 179 191 99 200 147 371 456 337 200 471 355 324 89 517 281 770 111 335 342 369 184 382 313 354 133 246 457 261 140 323 238 291 428 422 258 125 150 317 256 182 417 305 213 226 827 556 216 380 222 461 246 366 171 316 335 307 526 324 161 288 152 393 336 302 235 235 321 388 86 352 178 822 109 324 431 364 56 404 135 402 190 451 363 202 233 446 306 385 259 268 325 287 282 333 701 431 154 292 462 341 196 356 183 864 42 330 202 247 125 454 322 244 184 471 258 284 111 521 115 364 192 314 318 145 204 285 303 373 147 500 484 265 85 435 228 285 136 534 240 348 160 299 230 359 181 321 354 290 139 353 396 279 239 313 361 226 59 331 200 270 279 737 292 278 146 317 315 250 134 234 258 318 828 327 367 380 150 759 223 346 192 500 447 361 165 398 243 304 232 441 301 366 116 799 920 771 103 381 213 171 69 400 299 153 153 442 239 364 143 399 243 256 166 775 251 256 48 480 419 202 146 450 819 290 97 334 327 368 128 590 219 395 69 371 205 324 211 413 146 315 103 363 213 248 163 329 361 273 66 359 94 249 137 439 387 310 63 414 128 375 737 514 417 282 97 392 490 174 169 434 417 407 204 427 318 359 114 477 400 246 674 361 171 236 76 433 327 341 312 351 249 299 139 378 402 374 111 388 231 287 139 635 298 300 282 401 224 430 832 259 262 356 107 428 208 263 137 378 294
212 541 112 324 101 330 87 262 405 389 74 227 405 269 110 206 461 509 39 353 553 437 0 367 279 550 18 196 53 422 108 296 374 451 90 324 426 320 55 400 469 467 138 199 285 429 19 230 327 467 311 478 287 294 136 364 367 486 103 289 268 518 34 678 291 535 86 241 485 494 712 425 360 407 54 100 426 422 125 339 672 407 36 236 362 416 129 264 373 491 119 308 320 398 351 331 355 390 61 227 498 526 43 236 382 418 53 256 443 496 146 199 542 559 51 201 538 414 172 335 257 390 137 622 429 477 88 168 343 386 109 345 477 339 97 196 463 401 142 350 274 406 61 310 412 486 50 204 443 469 102 221 561 460 142 353 436 372 121 284 416 298 356 468 472 339 99 258 376 506 111 139 234 515 68 383 403 474 73 291 348 356 255 349 337 507 78 352 394 456 85 431 506 454 85 359 403 391 177 228 400 386 57 249 458 438 197 214 409 309 133 252 354 308 70 204 446 343 129 295 438 393 132 286 347 408 194 396 551 215 28 247 493 427 122 125 409 196 120 307 420 486 694 242 355 627 204 235 387 522 101 476 745 364 127 175 379 445 176 371 474 471 75 95 402 305 138 252 352 237 182 201 300 379 124 634 351 427 146 268 329 431 157 314 431 467 273 303 512 472 22 266 198 258 115 215 370 542 94 533 539 455 133 313 443 441 153 196 270 296 71 166 310 474 53 491 401 303 153 219 385 563 182 285 383 328 119 222 450 423 105 287 335 353 160 248 377 432 672 294 438 348 324 300 424 572 436 283 428 444 250 183 193 402 160 251 454 419 442 252 448 415 119 166 393 409 113 285 296 595 10 249 169 327 569 487 345 392 79 252 487 410 76 194 312 410 67 209 318 486 42 250 453 316 623 240 473 473 164 285 433 447 75 408 352 530 151 303 231 437 173 251 287 391 102 248 397 376 182 417 392 384 203 326 422 308 111 180 354 413 100 348 357 534 12 199 439 490 114 311 351 562 135 176 409 489 46 502 394 379 56 293 400 422 175 120 422 461 105 374 297 319 153 271 337 361 73 233 318 497 104 213 427 386 133 51 384 343 179 272 356 442 582 391 354 209 54 248 385 675 184 206 265 529 22 265 544 461 111 237
256 695 296 557 346 510 452 399 428 608 418 500 460 484 299 394 425 697 374 314 459 671 367 0 357 737 383 393 323 623 465 399 424 670 438 512 419 528 314 727 349 630 475 339 407 563 384 377 54 633 672 116 465 497 302 440 444 455 435 490 350 623 334 581 397 713 319 436 504 580 524 597 417 520 414 430 417 599 300 515 374 517 394 430 485 655 331 446 513 439 349 337 400 569 201 566 337 506 409 352 558 293 350 355 474 665 322 448 509 672 221 401 528 635 413 365 178 624 435 33 330 558 339 367 361 612 314 414 452 552 297 493 575 488 422 343 367 562 468 472 405 567 425 393 426 532 354 508 427 634 265 394 526 505 462 457 396 579 269 433 568 503 661 660 819 567 403 376 458 678 347 405 425 651 359 528 416 599 379 357 294 510 491 619 484 661 431 265 411 571 282 787 535 639 312 433 138 576 535 329 389 524 380 359 458 597 453 216 485 535 476 433 421 266 316 425 610 526 461 422 566 339 428 459 468 288 175 508 545 492 371 425 486 564 424 372 450 533 399 510 474 633 735 336 412 767 501 351 361 751 371 605 462 565 388 249 376 704 273 549 435 593 296 359 523 445 253 366 337 413 426 348 397 445 470 386 290 574 449 214 362 551 328 490 380 711 348 472 598 636 346 354 454 503 467 419 437 744 298 723 543 576 466 375 594 554 456 372 306 532 314 213 420 739 321 588 459 569 471 441 395 731 383 443 384 496 409 318 501 581 457 289 419 462 377 313 487 636 754 472 503 427 225 392 486 762 784 365 510 602 438 447 357 316 359 307 812 570 88 449 455 539 248 239 390 552 307 431 379 720 357 371 313 560 214 418 289 582 350 461 622 614 331 378 518 562 306 451 335 639 369 428 528 506 308 420 549 718 217 265 548 597 296 261 420 739 356 362 303 599 431 455 289 605 343 473 425 498 263 571 429 578 309 469 505 508 405 315 436 618 454 580 456 705 355 285 475 700 292 554 344 244 232 261 469 673 394 867 536 529 319 270 355 537 252 422 418 630 263 338 432 88 515 513 456 609 306 344 356 534 368 432 471 554 316 352 371 560 288 441 425 597 366 441 413 393 349 450 319 347 442 418 320 723 388 464 625 616 328 377
116 341 180 220 358 158 338 56 127 259 256 208 134 154 333 100 185 340 316 106 282 323 279 357 0 381 292 109 291 269 294 43 98 317 266 163 148 184 248 435 221 274 265 79 53 209 278 63 357 277 534 420 120 156 149 98 102 208 245 150 11 281 258 403 40 356 197 113 209 244 460 241 85 169 279 241 148 243 163 161 493 167 271 110 130 309 150 109 157 216 161 44 50 213 192 229 93 153 338 53 236 629 235 45 127 323 290 117 179 315 253 113 264 307 281 84 462 272 172 342 30 201 142 419 167 260 196 155 98 195 183 137 233 132 234 84 205 205 248 116 56 210 293 40 133 218 229 243 165 277 266 86 282 190 238 104 163 229 316 83 211 162 356 304 546 225 211 35 115 322 168 173 106 300 213 172 125 249 218 13 115 153 172 293 128 306 272 141 115 223 249 536 234 282 318 91 471 221 336 53 124 168 233 32 179 241 171 156 147 197 274 101 82 106 217 131 253 173 254 67 213 135 204 112 113 563 282 157 274 208 306 97 215 210 210 164 134 463 187 167 149 279 433 39 80 418 231 44 118 398 187 254 546 214 172 151 104 364 129 194 198 243 236 187 170 90 189 34 90 90 153 79 40 110 276 424 121 219 216 143 53 200 122 139 624 364 9 121 264 280 280 13 172 187 381 116 100 388 314 366 263 226 256 34 239 206 218 93 51 201 303 210 63 399 238 248 131 249 430 137 107 376 114 94 106 142 197 63 181 225 281 73 70 108 132 48 135 281 428 124 174 82 472 36 157 405 518 8 172 246 109 177 89 574 124 52 565 214 443 121 170 187 259 172 117 197 173 81 24 374 275 39 113 222 478 678 522 227 201 136 270 261 204 99 174 205 233 158 55 284 241 98 195 158 468 96 216 371 207 96 199 242 235 548 80 384 131 24 65 243 449 128 73 254 177 155 119 143 132 215 115 224 83 113 166 163 202 102 90 264 282 239 105 349 272 100 165 344 180 223 85 423 266 138 140 316 258 652 180 173 235 94 135 186 148 210 144 274 241 114 77 377 337 192 100 272 222 45 43 226 182 132 154 198 148 228 111 214 116 98 86 241 361 117 79 96 225 124 137 525 169 122 36 367 288 130 294 261 168 56
490 70 507 227 651 235 552 343 341 161 484 326 300 285 647 370 394 42 586 444 464 130 550 737 381 0 552 377 591 128 483 338 327 106 476 237 369 233 554 337 498 109 436 415 332 180 537 372 736 105 630 793 284 263 481 305 302 382 455 269 388 167 550 499 341 28 505 325 312 208 646 141 330 225 513 456 371 140 492 229 792 229 520 332 253 150 461 307 224 409 455 404 339 170 559 220 420 235 587 394 247 1004 518 388 271 159 589 310 263 66 603 370 351 207 517 393 829 137 379 723 408 181 449 703 444 139 508 387 286 187 508 245 197 250 456 413 470 175 422 266 335 170 520 345 349 271 509 362 374 105 596 363 381 284 418 282 407 179 643 309 170 257 283 83 434 211 451 365 287 61 462 413 335 114 490 209 356 156 479 381 463 228 295 229 254 88 490 495 355 184 572 471 292 101 625 312 849 168 463 414 386 214 493 382 347 141 353 531 271 241 445 321 324 477 524 355 128 220 437 317 180 440 418 289 269 923 644 235 338 338 576 329 347 177 429 437 317 654 432 248 293 114 293 405 334 110 356 393 411 87 457 148 813 189 429 513 388 165 487 193 395 164 553 467 219 294 537 375 419 342 371 407 341 305 455 698 468 165 407 524 381 196 446 256 969 130 390 273 200 103 564 385 352 292 595 350 311 31 628 17 324 177 435 365 145 197 401 391 432 254 608 571 318 170 540 191 299 258 658 337 369 39 391 300 381 246 431 427 281 157 475 450 320 277 409 426 254 118 220 276 266 315 832 345 280 25 431 373 249 136 319 367 403 928 421 432 494 167 824 312 342 203 598 532 380 186 494 310 358 124 553 371 452 223 837 1024 872 163 486 306 132 140 503 388 242 176 545 343 408 105 510 326 243 245 792 335 233 130 567 474 201 143 552 912 324 45 428 377 438 138 710 310 449 159 472 305 340 241 494 166 332 170 441 270 252 249 439 445 307 137 480 203 284 41 551 465 307 67 509 240 409 763 610 499 291 66 506 605 202 208 538 470 426 210 509 431 367 107 575 428 307 753 488 279 282 200 535 400 385 283 456 346 301 185 471 510 397 207 470 307 319 141 634 316 333 369 509 314 457 847 366 357 417 23 544 296 200 123 476 369
230 546 129 326 102 337 69 273 418 391 70 228 416 274 118 216 475 511 34 369 568 437 18 383 292 552 0 205 65 425 97 307 386 452 84 330 440 324 73 391 485 472 132 213 296 436 16 241 343 472 293 495 294 299 152 376 379 500 100 294 282 526 52 693 303 538 102 249 497 503 729 430 372 416 45 98 440 426 141 345 690 416 32 244 371 416 143 272 381 505 131 323 332 404 369 333 370 399 46 240 508 536 58 249 392 417 66 264 453 500 163 208 555 568 42 213 556 416 176 352 272 396 150 640 445 483 105 174 354 392 126 353 485 346 96 209 479 407 138 359 285 412 48 322 425 497 63 201 457 474 118 231 574 472 140 363 450 375 133 293 422 303 351 471 460 341 103 270 387 510 124 145 243 521 79 390 417 481 80 304 364 363 259 347 345 512 71 369 407 464 102 417 518 458 94 371 417 395 165 242 414 394 64 262 471 443 201 232 420 312 126 261 366 325 88 211 451 348 124 305 445 408 134 294 356 416 210 405 563 215 25 255 506 434 124 134 421 179 126 312 431 491 703 256 367 632 203 248 402 522 110 482 763 368 135 192 393 443 193 377 489 478 93 106 410 315 156 264 367 246 188 214 311 391 116 652 368 433 146 285 343 439 172 320 435 466 287 311 521 477 37 280 201 260 97 223 381 543 105 535 552 463 128 326 449 450 152 207 285 298 82 184 321 471 71 500 412 302 138 225 399 567 192 294 397 335 123 236 462 429 96 303 346 363 170 263 386 434 679 301 448 360 334 313 435 574 424 296 438 450 257 186 205 409 171 267 440 425 458 259 461 423 136 184 407 416 129 295 308 601 28 261 184 329 587 491 352 396 91 258 493 413 92 204 316 417 85 213 333 491 51 258 463 321 641 249 483 471 182 302 441 452 93 417 364 531 163 316 247 442 164 258 303 393 115 253 410 385 199 423 405 388 219 335 432 313 115 195 366 416 91 350 367 537 30 215 451 491 131 313 366 580 152 194 421 492 46 485 402 386 74 309 415 430 192 122 436 465 123 389 307 334 139 273 347 361 91 247 333 508 114 219 439 391 149 65 398 346 195 280 368 448 600 403 367 219 68 255 401 693 188 213 280 531 9 272 552 466 126 249
140 357 130 167 289 144 239 70 223 226 155 113 214 96 276 11 289 335 234 211 389 286 196 393 109 377 205 0 224 251 188 107 188 290 162 141 250 146 183 347 329 282 157 57 93 236 189 45 378 283 426 477 96 115 105 174 176 310 140 108 102 324 184 506 103 358 131 52 296 299 569 242 174 211 181 137 250 240 114 152 590 211 178 46 167 268 84 72 179 320 82 151 134 213 271 177 201 194 249 62 303 634 155 67 188 276 222 67 249 317 227 8 356 363 185 32 528 247 64 371 105 203 72 521 276 286 133 46 149 198 131 151 282 145 130 51 314 213 140 154 82 218 195 126 231 292 147 140 268 285 219 27 379 268 129 158 270 201 268 88 226 121 274 295 453 179 110 76 183 326 89 68 42 325 128 190 225 281 125 121 216 164 98 226 143 321 170 236 215 262 197 437 315 277 256 169 485 210 227 82 230 192 142 77 275 251 69 177 215 146 166 59 166 193 152 32 261 158 146 101 244 243 96 94 151 546 270 200 363 109 224 52 309 235 104 71 222 364 85 129 228 297 498 87 170 441 128 70 227 370 95 283 648 189 72 146 211 313 121 187 302 277 178 101 207 110 161 75 198 41 46 48 113 189 169 527 222 236 108 198 161 236 70 125 593 324 108 111 317 288 203 98 70 110 284 28 180 376 257 361 350 262 148 137 254 246 110 22 133 141 240 198 118 348 169 296 210 176 338 48 211 383 15 90 212 137 93 88 258 235 175 159 145 158 36 110 181 262 477 104 244 158 455 115 232 401 422 109 233 257 59 71 37 550 44 117 464 229 481 65 265 220 220 161 222 217 117 90 115 405 195 70 81 171 549 648 495 214 119 73 296 240 131 16 136 220 172 61 162 299 154 55 258 132 558 46 278 330 194 174 238 258 177 536 164 367 52 132 106 251 369 68 159 225 100 81 214 181 130 228 208 207 88 131 227 128 99 78 163 243 177 192 163 354 192 109 250 325 132 163 193 507 233 133 218 312 164 547 201 187 167 177 244 227 142 104 246 278 198 222 102 388 229 121 142 218 161 74 152 305 92 39 237 199 94 146 219 176 105 77 168 254 466 203 169 14 145 64 244 615 64 25 119 358 199 81 348 274 100 53
206 578 112 366 67 365 130 285 418 431 125 273 422 307 59 234 467 549 51 352 554 482 53 323 291 591 65 224 0 463 161 315 389 494 143 360 435 358 43 453 463 503 190 214 307 460 72 251 281 504 349 437 319 331 142 383 386 494 154 325 281 547 40 682 310 574 96 273 501 520 703 462 375 434 107 150 435 459 129 373 645 433 89 268 389 461 145 295 403 496 142 315 336 434 332 374 358 417 86 243 520 473 73 252 405 464 2 289 464 534 106 229 554 585 104 222 498 455 213 291 266 425 156 602 429 509 96 204 367 420 109 375 504 368 146 212 460 435 193 375 297 440 113 326 423 505 82 253 452 505 59 247 571 479 192 376 440 412 68 310 449 335 408 508 525 381 143 276 396 544 134 178 265 548 100 414 414 505 113 302 344 387 296 397 366 542 131 343 405 485 53 483 524 493 35 377 352 428 230 239 407 416 101 265 469 472 238 197 430 350 186 282 371 302 75 239 482 378 181 318 468 392 177 317 372 356 149 422 565 260 48 276 505 459 167 155 425 218 159 344 438 520 717 253 370 663 253 250 391 568 134 507 722 403 162 164 386 493 173 407 481 501 58 125 430 332 122 269 355 265 220 218 318 397 177 615 347 460 193 253 339 460 172 347 383 513 285 334 538 509 31 279 239 300 145 247 388 584 42 574 554 485 185 326 477 470 200 220 273 338 19 138 331 523 55 519 419 349 163 255 395 602 209 314 390 360 161 230 469 457 158 286 353 377 188 254 402 473 701 327 458 367 271 318 444 613 489 297 451 479 281 224 213 351 183 256 505 452 395 285 461 444 78 150 401 440 119 311 311 629 45 267 179 370 531 439 294 430 106 287 519 451 93 218 350 443 58 248 323 521 84 279 476 351 593 269 496 519 137 280 461 480 58 355 369 573 174 314 236 472 160 285 286 432 124 286 410 403 176 450 406 423 211 354 445 345 153 190 373 454 153 391 379 572 46 200 455 532 112 355 355 530 92 170 428 528 97 549 425 410 57 288 401 449 165 165 432 498 73 375 322 270 204 313 362 406 69 247 328 516 136 247 444 420 144 81 389 384 181 301 374 476 566 407 370 236 82 282 382 643 225 238 272 570 73 299 570 496 127 257
370 129 380 101 523 113 429 224 263 39 358 200 222 157 519 244 330 86 458 349 418 68 422 623 269 128 425 251 463 0 360 227 238 51 351 112 296 105 426 274 425 68 312 292 216 107 409 250 617 65 528 688 161 136 355 212 209 327 329 142 274 164 422 485 228 113 378 199 265 181 611 48 237 144 386 329 298 40 365 108 722 148 393 205 153 69 334 183 123 352 327 299 234 62 456 95 325 146 461 273 215 882 390 269 183 87 461 184 202 77 477 244 320 219 390 269 728 17 251 606 293 73 322 636 366 108 380 259 183 78 382 133 160 137 330 290 398 75 298 162 218 73 394 238 272 230 381 240 306 68 468 238 352 230 292 183 334 51 515 190 83 130 200 46 386 85 323 248 198 88 334 285 209 126 362 109 276 121 351 272 365 118 167 127 142 102 364 397 272 134 445 408 258 37 497 217 729 48 347 295 304 118 366 264 286 67 225 412 194 113 322 196 228 372 397 227 61 98 313 202 115 353 291 166 165 797 520 149 314 213 448 204 299 103 302 309 240 535 304 121 221 96 344 287 239 213 232 274 324 130 329 116 755 61 301 391 300 123 364 75 335 126 425 339 135 179 411 257 323 218 243 284 230 217 332 634 371 87 281 411 281 128 320 134 841 107 277 152 185 70 436 270 224 165 472 223 220 125 500 111 298 126 310 259 79 137 275 265 320 127 480 447 208 153 412 165 219 140 535 210 284 143 265 180 295 127 303 307 223 71 351 341 218 176 282 310 161 13 291 153 203 216 706 236 210 151 373 261 182 69 194 240 279 801 294 317 434 82 711 186 278 125 471 408 297 98 367 192 249 195 425 253 328 98 741 897 745 41 358 179 112 12 375 262 115 86 417 215 305 89 382 201 189 120 712 210 190 113 443 365 134 80 424 787 228 117 302 270 320 62 585 183 341 34 345 177 259 146 372 79 249 45 320 156 181 122 312 321 210 10 356 79 186 114 423 344 242 77 383 116 314 675 484 376 215 67 379 543 107 105 410 362 342 137 387 303 293 57 448 338 192 633 370 152 176 89 407 280 282 245 327 218 232 75 345 381 310 79 348 185 224 73 569 233 238 244 381 187 368 768 238 230 304 108 416 170 205 76 348 248
268 487 179 259 194 289 69 258 411 323 49 160 399 224 215 199 477 444 126 388 576 361 108 465 294 483 97 188 161 360 0 295 375 379 31 281 438 267 153 295 507 415 47 220 280 392 88 232 429 414 243 572 256 250 188 359 361 498 49 246 285 482 134 694 291 472 151 216 481 467 751 374 362 380 54 52 438 369 182 298 742 381 73 213 339 339 165 237 341 508 146 332 322 350 415 265 383 365 112 242 479 633 115 249 367 337 161 227 428 437 246 187 542 529 56 209 630 348 134 434 282 344 166 683 459 434 156 144 329 342 176 314 447 309 60 215 496 356 63 329 268 361 49 313 419 473 111 121 456 416 206 215 566 451 70 339 456 312 229 267 374 251 258 405 364 275 84 264 366 447 143 121 213 469 110 348 413 435 93 307 388 322 203 265 309 454 33 401 403 423 185 325 497 395 191 355 510 338 71 253 417 353 87 261 463 390 151 285 396 250 38 230 353 355 149 179 395 298 49 284 402 424 92 258 327 512 296 371 548 148 120 227 496 389 84 133 408 183 107 260 412 437 666 263 358 572 128 250 411 443 116 435 809 308 123 242 397 359 232 324 490 433 169 123 373 287 218 261 380 222 152 217 301 374 28 693 393 385 88 331 346 399 189 277 528 385 291 272 483 419 130 282 152 199 113 194 366 470 201 466 535 420 50 324 397 410 91 200 304 235 178 254 303 385 144 461 395 226 175 186 398 502 180 264 399 292 96 252 440 377 13 326 332 337 162 279 356 367 633 262 424 345 431 303 414 503 328 295 410 396 224 138 205 504 173 285 349 376 544 221 453 383 221 241 409 370 171 270 303 547 117 256 207 262 659 584 447 337 122 215 443 348 138 194 262 369 159 167 343 435 96 230 434 272 699 223 451 390 251 333 402 401 169 513 351 457 167 318 267 388 230 217 326 326 140 203 402 351 241 373 395 329 239 302 404 262 92 215 348 350 12 281 344 473 117 245 435 419 182 244 376 641 238 237 402 427 71 405 358 342 146 338 427 392 240 84 434 407 203 403 283 424 52 211 321 285 159 252 337 486 121 184 422 340 179 113 404 284 227 249 355 395 635 389 357 202 116 217 421 753 143 184 293 461 88 230 513 412 156 240
156 300 207 184 382 118 346 38 116 218 262 187 109 124 360 97 185 298 334 134 286 282 296 399 43 338 307 107 315 227 295 0 80 276 269 123 145 146 272 406 240 232 261 101 18 168 292 66 399 234 530 461 84 121 176 69 72 203 247 115 50 244 278 399 5 314 219 92 190 209 471 198 67 130 288 244 145 200 189 120 523 128 283 91 88 270 170 80 115 216 177 76 28 170 231 192 116 113 353 72 206 670 253 64 92 283 313 90 149 273 287 108 249 274 291 94 503 230 165 385 70 159 160 445 182 219 219 151 57 153 209 94 196 90 238 103 220 163 243 74 28 168 301 21 124 191 246 228 162 235 295 80 271 165 233 65 168 188 345 48 169 127 326 261 519 188 217 38 82 279 184 175 88 259 228 130 118 209 229 45 147 111 145 258 85 265 278 176 109 184 277 514 211 240 344 64 513 179 329 84 128 126 245 52 168 198 158 197 116 162 270 77 59 146 240 120 211 132 251 26 173 155 203 77 71 601 320 117 257 190 323 75 202 168 211 174 115 471 192 130 124 237 403 72 63 378 215 67 132 356 198 214 571 173 178 187 112 325 163 151 197 203 261 201 129 49 221 47 113 75 146 97 7 84 274 449 153 176 212 186 68 160 143 100 660 324 51 82 229 238 299 47 158 161 391 104 74 345 341 323 245 186 253 41 196 167 212 100 94 168 328 247 21 360 260 211 105 218 443 121 107 334 117 58 111 101 200 96 155 182 282 115 39 68 138 89 95 239 393 87 144 53 510 12 129 363 493 35 138 204 85 167 102 611 136 94 542 172 486 96 158 146 291 207 120 155 197 44 23 335 293 47 139 185 517 714 558 185 217 110 229 219 223 104 137 163 258 143 84 242 256 75 162 119 502 77 184 330 243 138 159 200 260 587 57 341 145 46 103 200 468 103 114 213 194 129 107 102 168 172 100 182 115 70 132 126 206 129 59 222 284 201 67 307 290 136 144 302 207 189 105 459 299 173 114 273 269 634 138 130 257 135 151 147 184 211 140 231 271 134 37 418 334 163 58 235 247 71 64 202 194 118 132 155 171 245 121 176 148 67 61 199 384 96 62 93 242 100 162 559 159 113 79 324 302 101 260 219 188 58
208 275 278 229 456 153 427 118 37 244 343 257 38 186 431 177 111 291 412 118 212 303 374 424 98 327 386 188 389 238 375 80 0 289 350 162 70 189 346 460 189 219 340 175 95 148 371 146 433 223 608 468 143 174 247 28 29 125 327 171 109 199 354 320 85 300 294 166 112 156 403 198 14 103 368 324 71 203 261 150 484 99 362 167 87 295 246 149 116 141 255 92 54 176 234 235 93 94 432 147 141 708 330 138 57 312 387 160 86 262 349 188 169 216 371 173 501 247 244 415 126 166 237 401 129 192 294 231 64 160 281 115 150 114 318 178 164 164 322 82 107 167 381 64 47 120 324 301 86 223 364 161 191 92 312 60 102 214 413 114 162 178 378 262 576 228 297 116 41 266 262 255 165 229 307 129 44 177 309 89 137 126 210 304 110 244 358 169 37 149 347 576 136 239 416 25 549 192 407 151 67 121 325 125 88 189 234 245 60 211 350 151 22 158 315 198 202 162 331 93 148 115 283 136 80 653 375 93 177 262 401 151 121 150 291 254 36 551 272 177 53 216 336 137 19 344 288 139 86 364 277 184 522 199 258 247 62 353 226 168 121 171 334 280 109 100 286 122 92 153 225 173 75 22 354 401 142 164 291 217 64 131 218 143 718 344 106 132 175 225 376 110 234 225 471 182 18 341 413 315 166 154 332 64 183 133 291 180 133 221 401 305 73 386 335 164 36 272 522 196 46 313 198 121 56 136 281 161 84 176 362 140 44 66 218 142 77 250 337 142 81 33 563 74 63 351 552 92 86 193 158 244 181 666 215 144 605 164 508 166 78 124 357 267 59 145 270 111 78 295 370 125 211 229 510 770 615 200 295 179 201 234 300 184 183 157 331 218 91 223 335 150 105 162 474 154 126 350 302 162 128 185 333 636 24 341 223 77 160 193 545 173 139 236 272 197 29 93 228 166 20 200 181 103 81 173 287 199 34 237 365 239 55 290 367 197 66 307 278 238 83 439 363 235 46 267 349 701 132 134 332 156 104 118 244 291 66 223 339 101 98 458 413 224 75 274 320 142 72 128 273 195 56 164 245 323 72 212 213 135 22 187 335 19 19 174 320 171 131 530 237 192 126 318 381 166 204 204 264 138
416 135 419 128 552 160 448 271 313 64 383 224 272 195 552 285 379 73 485 399 465 29 451 670 317 106 452 290 494 51 379 276 289 0 373 157 346 145 459 248 475 99 332 335 265 154 436 294 662 94 526 737 205 176 395 263 260 375 353 183 322 196 454 526 277 102 413 240 311 220 657 95 288 193 411 354 348 88 404 156 772 198 420 246 204 45 372 226 174 400 364 349 285 113 506 120 376 197 484 319 257 924 421 315 234 58 493 226 250 83 516 283 364 249 415 311 778 46 282 652 341 124 361 686 416 144 416 292 234 129 419 183 202 187 355 332 448 126 319 213 265 123 417 288 323 274 412 258 356 96 504 281 396 277 315 234 384 91 549 237 132 170 183 50 355 113 352 295 248 92 370 317 251 149 394 160 327 159 381 321 416 168 200 123 192 119 387 447 323 177 480 384 301 63 529 268 773 99 357 341 355 169 395 311 335 111 256 457 244 146 341 239 279 421 431 264 101 145 334 251 160 404 319 211 216 835 561 199 356 237 476 247 345 150 329 344 290 548 335 162 270 125 365 334 290 208 252 319 375 81 362 153 804 105 334 433 351 82 407 125 384 165 460 373 184 227 452 304 374 260 277 327 280 268 351 684 422 134 306 459 331 175 361 180 875 59 325 198 222 98 466 318 255 194 490 263 271 92 533 90 340 169 331 309 122 183 300 307 368 156 512 488 257 106 445 203 269 153 553 246 335 133 304 227 346 175 333 353 270 119 371 390 269 227 319 358 212 39 303 199 251 267 744 285 259 124 346 310 230 111 236 269 321 837 333 364 408 131 758 226 327 173 508 450 347 147 405 239 298 204 454 299 370 124 791 931 781 91 391 217 145 57 409 303 155 135 452 248 355 115 411 244 235 164 763 253 234 63 484 413 181 123 459 826 279 80 340 319 367 106 607 222 390 66 380 212 309 197 416 127 300 94 364 206 230 164 341 364 261 54 376 103 237 109 452 388 291 40 421 139 365 726 522 419 265 69 406 519 158 156 444 411 393 185 430 331 343 88 485 389 240 676 382 181 227 94 442 326 333 289 361 255 281 126 384 413 361 114 391 230 275 116 619 283 288 285 413 227 418 819 270 268 352 83 443 211 236 112 385 294
238 475 149 250 186 272 81 232 385 315 20 150 375 208 200 173 450 436 117 358 548 357 90 438 266 476 84 162 143 351 31 269 350 373 0 265 411 254 129 310 477 402 48 191 255 375 72 205 404 402 273 543 236 233 158 334 336 471 24 229 257 465 112 667 265 464 122 194 457 448 721 361 336 361 39 25 411 356 152 281 711 361 54 190 318 336 135 216 323 481 116 303 296 336 385 257 354 344 111 213 458 615 89 221 345 335 143 207 406 427 220 161 518 511 43 181 602 340 113 408 253 329 136 653 430 419 126 119 306 327 147 295 429 289 32 186 467 341 55 307 243 346 43 287 393 450 83 118 429 404 183 189 540 428 59 316 428 302 211 244 358 236 267 397 387 266 55 237 342 437 112 94 190 455 81 330 386 418 63 279 358 303 189 265 289 442 14 370 376 405 161 350 474 385 175 331 488 325 97 223 389 335 58 233 437 376 133 254 373 239 43 208 328 325 121 156 382 282 41 260 384 395 69 238 305 498 271 351 524 138 109 204 471 372 59 104 383 203 78 244 389 424 648 234 332 561 122 222 383 441 86 419 779 296 94 212 369 360 201 310 462 417 144 92 354 264 189 233 351 198 129 188 275 350 34 662 363 369 71 300 319 380 159 259 519 384 263 253 464 407 112 253 134 187 127 171 342 465 184 459 511 403 44 297 383 392 76 173 274 224 161 226 279 388 119 442 371 222 187 165 371 493 153 242 372 274 69 222 417 362 20 296 307 314 134 250 335 359 617 242 401 320 414 277 391 497 351 268 389 382 203 119 177 492 144 255 375 360 518 200 427 365 197 211 382 353 141 246 276 534 98 229 177 253 630 575 435 325 92 196 428 339 109 167 248 353 133 149 315 422 69 207 412 256 669 199 431 389 223 302 384 386 143 498 326 453 137 290 237 374 234 198 296 317 109 186 376 330 210 358 369 317 208 281 382 246 64 185 324 341 18 273 321 464 97 215 411 413 152 236 347 611 214 207 378 418 47 434 341 324 120 308 399 373 210 59 407 395 178 374 260 400 82 199 298 281 132 223 309 463 90 162 398 325 148 86 376 273 197 227 329 381 605 365 331 176 88 196 392 723 123 161 264 454 75 211 495 398 125 213
259 218 271 67 423 11 346 113 195 97 267 126 162 57 415 133 270 195 362 255 369 160 324 512 163 237 330 141 360 112 281 123 162 157 265 0 231 28 321 299 349 143 235 179 110 111 314 138 505 144 485 582 48 31 244 135 134 277 241 36 166 202 320 461 124 217 271 89 233 190 562 102 155 109 296 241 232 99 255 18 640 112 299 95 82 147 225 70 68 297 220 198 138 74 354 74 234 97 370 161 210 770 288 157 120 160 359 73 169 176 366 134 296 250 300 157 625 112 154 494 184 66 213 559 289 154 273 157 98 62 272 50 169 48 238 177 325 77 218 81 108 82 306 138 206 211 279 173 245 146 360 126 325 197 211 102 264 67 408 80 93 29 217 155 415 67 227 137 128 185 228 185 98 191 260 69 205 154 252 168 269 47 78 143 52 183 277 299 199 144 337 419 239 136 393 137 617 70 287 184 228 77 268 153 235 113 132 300 144 51 246 84 144 268 290 121 122 18 232 97 122 268 198 54 82 686 408 104 296 136 352 92 259 109 209 205 179 463 205 22 169 161 387 177 155 303 162 162 241 239 226 154 683 53 198 278 218 202 251 47 279 153 318 235 100 74 300 146 231 105 142 171 128 146 254 561 275 104 194 302 186 121 209 23 733 202 170 41 205 149 336 162 131 85 391 115 144 237 395 221 280 140 231 161 119 133 190 154 213 65 377 335 108 237 307 182 158 113 451 105 205 243 155 70 214 26 207 196 187 99 269 236 128 97 174 201 99 125 353 41 166 132 595 134 164 261 392 156 147 120 83 146 167 691 185 207 447 96 600 76 225 106 361 296 219 90 258 82 146 271 326 142 216 68 640 789 636 74 254 73 164 102 269 151 24 88 311 117 207 161 283 89 167 9 623 98 180 208 331 258 125 123 317 676 143 230 192 169 209 112 494 74 235 92 238 78 189 86 260 94 179 67 207 60 143 19 215 209 128 106 274 79 108 214 323 231 194 189 273 78 223 581 374 264 160 172 285 548 79 63 305 257 261 117 274 210 226 138 339 250 86 520 303 78 87 114 300 169 185 226 224 113 181 61 234 280 228 53 235 72 142 118 495 165 153 133 278 78 279 680 143 122 196 219 322 61 234 136 240 136
239 309 324 297 502 221 486 182 35 307 403 327 75 256 472 240 40 337 463 108 142 363 426 419 148 369 440 250 435 296 438 145 70 346 411 231 0 258 393 530 130 266 406 227 162 195 426 206 437 270 675 445 213 244 294 96 97 60 390 241 158 220 404 255 149 341 343 234 85 173 333 252 81 153 426 387 2 258 307 217 427 149 419 235 152 358 298 219 178 71 310 121 117 234 219 304 88 151 486 201 144 710 383 192 116 375 433 229 107 307 381 252 122 219 429 231 471 307 310 415 169 225 290 340 74 230 342 296 134 220 326 182 176 183 380 232 102 221 388 149 173 223 440 125 25 116 377 371 17 269 403 224 135 92 378 128 38 279 451 184 215 248 448 313 645 296 358 175 104 309 317 318 232 261 361 189 27 213 366 136 126 191 281 373 179 282 419 153 36 185 390 647 116 291 459 95 551 253 474 198 32 180 382 180 40 240 302 269 103 280 415 219 91 163 363 265 252 229 396 162 192 81 347 207 149 669 399 147 136 332 453 219 73 199 354 312 56 611 333 247 78 256 318 185 83 366 357 192 58 417 335 221 459 264 318 281 51 415 265 232 52 206 378 335 162 171 323 179 90 220 291 227 139 84 419 338 129 215 357 228 97 176 269 213 741 403 153 202 190 271 426 161 302 295 529 248 87 387 454 359 129 193 397 115 231 173 357 239 164 292 446 335 142 448 383 186 77 342 578 264 41 349 259 191 45 204 343 206 91 229 425 159 113 134 278 181 138 307 336 212 103 103 582 135 90 392 622 145 120 242 227 311 237 685 272 180 675 216 497 236 36 174 393 301 35 199 318 180 135 315 422 183 258 298 474 791 638 261 349 249 238 294 351 244 253 211 377 286 113 265 390 218 127 232 423 222 143 409 333 176 171 232 377 649 93 389 279 124 200 244 594 242 159 299 325 268 42 154 264 219 52 263 225 173 119 243 348 247 104 297 427 306 123 330 419 236 64 359 323 308 86 395 397 271 81 315 406 771 189 195 380 168 65 164 279 354 4 271 378 81 167 465 478 294 145 341 367 193 108 115 330 262 68 224 294 376 51 279 255 205 92 236 272 66 85 237 373 240 101 478 304 257 164 363 436 236 212 250 315 198
273 222 276 39 420 38 334 132 223 81 258 109 190 52 414 140 297 191 357 279 396 143 320 528 184 233 324 146 358 105 267 146 189 145 254 28 258 0 321 271 376 149 221 191 131 129 308 151 518 148 464 601 65 32 251 162 161 305 231 39 186 218 318 487 146 216 273 95 259 211 590 107 182 134 287 231 259 103 260 43 666 136 293 102 109 127 229 82 93 325 222 222 163 83 376 47 259 123 362 176 233 780 286 173 147 139 357 81 195 176 373 139 322 268 291 167 646 100 148 509 203 78 217 586 316 167 275 154 125 76 276 77 190 76 230 188 352 90 205 109 128 95 296 163 233 236 277 155 273 150 363 136 351 223 198 130 292 55 410 101 108 26 189 150 387 42 221 156 156 186 229 181 106 201 258 92 233 169 248 190 293 73 66 115 79 188 267 322 226 163 339 392 264 135 392 165 629 71 269 199 255 100 263 171 262 122 123 314 171 24 232 95 172 290 291 122 128 36 219 120 140 294 190 72 110 692 416 129 321 120 347 103 286 126 201 204 206 448 200 18 196 170 404 194 182 308 144 178 268 225 225 169 710 45 196 289 245 180 262 58 306 169 320 235 124 99 307 164 257 116 139 182 152 174 240 587 299 119 183 320 211 141 216 48 736 183 191 64 224 154 333 182 123 69 379 119 172 230 395 216 306 158 217 185 130 153 178 162 233 40 376 344 133 215 307 201 186 86 440 104 233 243 160 90 241 54 201 211 213 110 257 257 154 124 177 219 126 116 366 60 193 159 601 157 191 256 365 178 173 128 91 138 176 695 190 226 420 110 616 82 253 127 365 306 246 108 262 103 169 280 322 159 225 41 662 792 639 72 253 74 176 94 270 159 10 104 312 111 230 168 279 100 192 28 648 109 204 190 340 279 146 134 319 683 170 221 197 192 226 120 486 78 256 78 240 72 216 113 271 107 206 64 221 87 168 21 209 219 156 97 262 55 136 214 319 244 221 179 278 50 248 605 379 275 187 170 278 521 100 84 306 278 287 139 285 202 254 141 343 276 109 532 286 58 115 89 302 185 209 251 223 113 208 74 240 277 255 32 246 88 169 127 522 192 180 141 277 83 305 705 136 125 216 213 316 66 252 145 243 151
167 538 69 332 110 325 142 242 375 396 109 241 379 269 94 192 425 512 78 311 513 449 55 314 248 554 73 183 43 426 153 272 346 459 129 321 393 321 0 437 424 464 173 171 264 419 70 208 276 465 366 423 278 292 99 340 343 452 133 286 238 506 21 641 267 536 53 233 458 478 666 423 332 392 101 129 392 420 86 333 618 391 81 227 347 429 102 255 362 454 101 272 293 395 299 340 316 375 110 200 477 490 43 209 362 432 41 249 421 496 93 188 511 542 100 180 484 419 178 282 224 385 113 570 388 468 53 167 324 381 66 334 462 327 123 169 420 395 172 333 254 401 111 283 380 462 51 228 409 466 54 205 528 436 169 333 398 375 91 268 409 297 386 471 516 346 114 233 354 506 94 142 225 508 66 373 371 464 83 259 304 347 260 367 325 503 120 305 362 444 32 478 481 455 73 334 359 390 224 196 365 375 76 222 426 433 203 163 387 314 171 242 328 263 32 200 442 339 161 275 427 352 147 277 330 381 143 380 522 230 70 235 462 418 138 117 382 247 125 306 395 480 675 210 327 623 226 207 349 535 97 466 693 366 126 126 343 463 132 368 438 460 21 87 388 290 86 226 313 224 183 175 275 354 163 583 307 419 166 217 296 418 129 307 416 482 242 294 496 470 40 236 204 265 168 207 344 549 74 537 511 444 166 283 437 428 173 177 231 303 57 111 288 495 14 477 376 319 197 217 352 563 168 272 348 320 130 187 426 417 147 245 310 334 148 212 360 436 659 286 416 324 293 275 401 577 480 254 409 439 241 191 170 380 141 214 502 412 391 245 418 402 68 114 359 400 76 269 268 588 45 224 136 335 515 472 323 392 68 249 479 414 52 177 312 403 16 212 281 481 60 238 433 312 568 229 454 488 109 241 420 440 21 377 326 539 132 271 194 433 202 246 245 396 83 249 367 361 136 410 363 385 168 312 402 306 122 147 330 417 143 357 337 534 43 159 412 497 70 321 313 507 85 130 385 491 83 554 384 370 16 248 360 408 127 136 389 459 51 334 279 271 202 278 319 374 26 204 285 473 99 209 401 381 101 49 347 348 139 260 331 436 532 364 327 194 49 243 342 620 190 199 229 534 76 260 528 456 85 215
485 382 433 232 488 309 350 379 494 242 329 234 460 282 509 350 569 317 420 539 667 219 400 727 435 337 391 347 453 274 295 406 460 248 310 299 530 271 437 0 644 340 264 404 389 372 381 381 701 336 322 821 323 288 425 433 433 575 303 292 433 438 421 751 405 344 413 323 524 452 861 318 452 395 347 308 531 310 427 313 928 399 365 326 379 208 396 327 358 596 378 478 428 317 617 227 522 389 402 405 484 925 394 407 417 191 453 319 458 331 523 340 584 492 350 379 873 257 294 700 444 321 388 851 585 382 417 315 396 324 432 348 431 347 315 398 622 331 265 380 382 332 344 426 505 494 387 219 544 339 491 358 615 487 269 401 563 262 521 359 346 283 82 297 116 236 328 401 427 339 380 322 330 395 376 352 504 394 357 445 550 341 263 159 351 366 322 575 497 403 467 136 523 305 485 435 795 295 233 428 525 361 361 411 532 339 279 518 439 250 267 334 442 536 421 316 334 303 275 381 381 560 300 330 381 807 574 394 580 239 415 338 554 368 305 355 477 402 329 283 465 368 612 429 452 447 226 411 536 257 358 389 977 274 339 480 513 172 458 307 577 398 448 370 385 364 475 406 519 346 306 396 413 445 276 855 556 353 279 545 474 391 403 317 820 206 439 330 458 341 422 429 278 248 377 327 443 309 495 325 564 396 271 447 351 402 272 370 475 240 471 516 398 171 425 437 456 189 434 303 503 372 353 348 510 325 319 435 478 338 296 501 423 395 354 454 395 270 549 322 457 429 725 418 459 344 99 431 436 342 326 282 384 799 372 461 161 346 812 314 523 382 503 488 516 356 420 362 427 450 408 400 420 232 896 875 742 289 382 299 385 267 402 363 277 346 438 286 488 359 376 337 450 298 902 340 456 207 512 519 397 353 448 808 440 293 374 450 453 334 504 307 501 251 385 280 487 381 468 342 477 283 435 357 433 287 324 421 426 267 301 227 407 353 408 454 490 275 436 222 511 853 520 469 457 316 357 271 356 345 425 521 555 395 476 307 525 329 481 540 372 703 264 244 385 195 433 416 469 510 360 311 477 320 412 389 523 253 445 339 439 345 790 463 450 353 390 311 568 959 289 324 459 316 382 306 478 349 399 386
257 436 357 415 524 340 542 272 162 432 465 426 203 363 485 320 106 467 501 119 111 490 469 349 221 498 485 329 463 425 507 240 189 475 477 349 130 376 424 644 0 395 483 287 258 325 473 284 380 400 750 346 321 356 333 216 218 128 459 352 227 343 440 238 242 470 382 330 195 297 244 381 194 282 483 455 128 387 344 338 297 278 471 328 276 484 347 320 304 103 364 178 216 362 158 422 128 279 530 268 262 641 427 262 242 500 461 330 235 437 383 333 193 332 485 301 361 434 393 355 226 353 344 212 60 359 380 374 251 347 360 303 302 302 447 293 29 350 467 270 267 352 497 220 153 235 423 464 124 399 417 306 183 216 457 248 92 403 459 286 344 361 563 442 758 415 423 255 228 439 369 390 325 388 412 316 149 342 422 208 121 315 385 491 298 411 482 120 153 314 411 753 223 420 479 213 487 380 555 254 122 307 435 252 153 369 392 269 232 396 491 316 204 161 399 352 382 350 472 264 322 86 421 314 269 626 384 276 212 427 492 314 165 329 426 374 185 663 401 362 207 384 402 245 194 486 451 260 109 547 393 350 334 388 385 299 131 541 293 357 109 334 405 390 291 280 341 254 130 310 374 291 233 208 493 212 117 344 436 215 173 305 320 328 708 531 220 314 311 400 462 231 392 400 581 336 207 517 471 488 215 322 474 200 360 302 438 311 204 404 468 337 246 575 418 312 206 455 620 357 144 476 332 296 135 323 412 256 218 358 494 183 222 255 346 228 264 436 439 322 232 217 546 228 219 521 732 222 250 372 324 398 303 647 334 223 782 346 414 336 157 303 403 314 130 328 356 283 221 434 462 260 304 416 358 753 607 388 398 350 366 421 393 318 369 340 408 378 166 394 439 313 255 348 294 314 268 537 336 183 300 362 405 601 205 519 340 200 242 374 621 343 183 425 375 369 166 280 288 349 176 389 270 289 249 358 415 294 221 424 495 427 243 458 459 270 191 488 356 423 137 272 401 294 211 444 460 872 317 321 415 176 89 293 298 426 133 401 395 107 272 414 553 402 261 462 399 257 180 228 388 352 198 351 338 422 121 400 290 307 207 366 146 192 195 317 419 339 86 349 390 343 214 493 483 340 328 379 362 277
385 75 412 158 566 139 482 240 236 106 407 255 194 198 558 274 294 72 505 336 373 125 467 630 274 109 472 282 503 68 415 232 219 99 402 143 266 149 464 340 395 0 368 314 226 72 456 271 630 5 594 684 187 173 384 197 193 286 380 178 281 98 463 428 234 83 413 231 218 122 562 42 222 117 436 380 267 46 395 131 692 121 441 237 145 133 366 210 117 312 363 296 231 69 450 155 311 127 510 291 160 900 431 285 163 150 502 215 162 43 505 276 267 152 440 294 720 85 296 616 302 79 355 604 339 45 415 300 178 84 413 140 105 145 378 313 367 71 352 158 231 65 445 237 244 179 422 298 272 4 502 265 299 186 346 174 304 104 550 206 62 169 268 52 451 144 369 261 179 48 371 328 240 58 403 102 250 61 394 274 355 124 214 195 149 40 415 387 248 83 479 475 205 36 537 203 744 77 408 310 280 106 410 277 247 33 272 427 165 164 378 224 215 369 433 264 22 125 366 212 73 333 338 190 162 824 544 127 258 267 494 231 253 69 349 348 211 594 347 160 188 28 276 300 226 160 289 289 304 154 369 54 718 106 341 411 281 180 385 96 297 68 460 379 111 190 438 270 310 244 285 307 234 197 387 600 360 56 332 416 273 90 348 158 875 156 283 173 123 6 479 278 271 216 527 257 203 122 538 96 243 75 365 256 37 93 327 293 324 180 520 470 211 205 450 105 192 204 589 249 262 103 297 199 274 146 349 323 181 50 405 342 212 169 316 320 145 70 224 179 164 206 733 238 176 133 439 266 145 28 224 286 305 831 326 325 501 60 716 218 241 95 502 430 273 78 399 207 251 133 469 267 352 156 729 930 776 77 397 216 46 77 412 292 156 69 453 258 300 21 426 228 144 152 688 238 139 160 466 366 95 34 459 812 215 124 334 269 333 32 634 218 341 99 381 219 233 133 392 59 225 86 338 165 147 159 357 344 198 77 409 141 176 75 466 361 205 97 413 175 301 657 513 397 186 49 426 610 94 102 448 362 320 103 408 351 263 11 480 321 203 649 429 204 174 157 443 296 277 193 367 256 198 84 375 423 290 132 369 208 211 33 535 209 224 273 422 221 350 743 284 265 310 99 464 204 138 16 382 267
258 439 180 212 233 244 117 223 376 275 65 113 361 180 248 166 445 397 164 364 545 314 138 475 265 436 132 157 190 312 47 261 340 332 48 235 406 221 173 264 483 368 0 198 245 347 120 202 443 367 269 577 214 205 182 322 323 464 40 202 258 437 157 660 257 425 156 176 443 423 725 327 327 338 87 45 406 322 179 253 731 339 102 174 297 293 155 197 298 476 135 306 288 304 404 218 357 322 155 215 437 661 131 222 328 291 190 187 388 389 261 154 505 485 90 182 634 301 96 446 257 298 153 668 432 388 160 110 290 296 179 271 403 266 53 192 470 310 18 288 233 315 88 280 385 432 124 74 423 369 227 182 530 411 28 299 426 265 257 229 328 206 219 358 345 227 73 233 327 400 134 94 175 422 116 303 379 389 96 278 367 278 158 219 266 407 61 382 370 379 204 313 457 348 223 319 532 291 72 230 386 309 98 233 428 343 109 281 356 203 11 191 318 337 160 142 349 253 13 248 357 398 62 217 286 546 313 329 510 101 156 189 460 344 59 116 372 227 86 214 374 391 622 239 323 524 80 224 383 397 107 389 795 261 102 238 367 314 224 278 457 388 186 118 330 248 222 231 354 186 115 193 267 337 20 676 372 339 49 322 317 355 174 233 567 339 264 230 439 372 159 253 109 153 160 158 330 423 232 419 496 375 10 293 351 366 49 172 282 187 209 261 267 341 161 416 357 179 222 146 367 455 152 225 369 249 75 231 401 331 40 306 296 297 137 257 315 320 587 219 384 308 461 270 375 456 310 266 369 349 185 97 180 540 152 264 339 330 557 180 417 339 240 241 378 325 170 231 271 500 145 226 193 215 661 623 483 290 124 172 397 300 144 166 216 323 175 126 317 388 112 191 392 227 692 186 409 344 258 316 358 355 185 545 316 410 148 288 247 341 276 176 306 279 135 159 368 309 233 327 360 282 221 260 363 216 75 199 311 303 45 234 305 426 145 232 398 371 184 197 349 635 257 231 363 380 93 406 314 297 162 321 400 349 236 60 401 360 219 377 245 441 73 164 281 238 172 226 308 446 111 146 384 294 170 126 375 237 216 210 319 349 616 353 322 170 128 176 398 747 103 148 270 414 123 187 469 365 151 210
84 386 106 218 282 180 260 76 206 272 180 170 208 145 260 56 263 373 237 168 359 334 199 339 79 415 213 57 214 292 220 101 175 335 191 179 227 191 171 404 287 314 198 0 95 258 199 43 327 316 463 421 131 159 75 169 172 287 172 152 69 341 179 481 96 393 119 97 287 309 530 275 161 226 201 168 227 275 88 186 537 225 192 91 181 317 71 110 202 294 82 113 122 246 216 227 163 209 259 29 307 590 156 37 192 326 213 110 250 352 192 65 342 374 203 26 471 290 115 319 62 235 63 471 239 310 119 94 155 230 108 175 295 169 160 6 275 243 183 167 87 249 215 112 212 291 150 193 244 317 195 55 361 264 173 164 239 245 246 108 254 166 331 333 508 228 136 62 183 360 89 104 86 350 134 215 204 302 139 92 169 190 152 280 166 351 196 185 194 279 176 490 310 314 243 163 438 248 270 32 202 214 155 50 258 281 125 124 216 195 205 96 156 141 140 89 292 195 186 108 265 204 136 126 164 511 230 214 352 165 227 88 294 258 140 88 211 385 114 173 223 325 504 44 156 469 182 36 193 416 109 306 598 231 98 99 181 365 72 222 276 298 161 108 224 127 125 54 160 75 100 9 103 183 206 479 174 263 152 141 131 254 43 159 564 373 75 142 328 320 201 67 126 165 303 80 173 416 241 399 341 281 188 113 282 263 156 34 84 192 228 156 119 400 160 310 204 231 350 104 186 417 52 115 185 169 125 33 255 265 208 109 139 166 61 60 192 304 492 139 244 152 419 103 230 439 477 84 239 287 100 125 20 518 47 66 518 257 427 110 249 239 192 117 195 242 96 108 97 429 196 53 39 221 492 618 464 253 121 122 320 282 125 41 181 248 157 118 124 328 162 91 263 172 504 82 284 380 152 120 255 286 160 498 154 409 54 104 51 282 370 115 109 269 98 134 198 196 80 256 193 247 32 151 232 171 128 30 159 285 209 241 167 388 193 54 241 368 107 215 157 452 202 84 214 349 179 598 225 213 158 124 208 242 95 139 223 311 172 183 114 341 267 175 152 270 146 34 120 301 104 95 230 231 71 149 187 222 56 108 159 283 419 193 156 54 146 110 201 560 118 81 73 398 208 125 359 303 89 47
159 296 201 168 374 105 333 23 132 206 249 169 121 106 354 82 202 291 324 151 303 269 285 407 53 332 296 93 307 216 280 18 95 265 255 110 162 131 264 389 258 226 245 95 0 166 281 56 404 229 513 473 68 104 170 80 83 220 232 99 58 246 269 415 16 308 211 74 203 214 489 191 82 131 275 229 162 192 183 108 540 130 270 73 87 256 162 62 110 233 167 91 45 162 245 177 133 114 341 68 214 674 243 60 98 270 305 72 158 267 285 93 263 279 278 84 516 219 149 391 77 151 151 463 200 217 211 136 60 145 203 87 200 82 223 96 238 156 227 73 11 162 288 39 141 201 235 210 179 230 290 66 286 176 217 69 186 176 341 31 164 110 308 253 501 173 203 35 91 274 174 161 71 258 217 125 135 208 217 59 164 103 127 242 78 261 263 192 126 185 271 496 222 232 336 76 518 169 312 84 146 122 233 51 183 193 141 200 124 146 254 59 74 159 232 103 205 120 235 15 172 172 188 60 70 602 320 119 270 172 313 58 216 166 196 162 128 457 178 114 135 234 411 74 79 377 197 64 150 346 186 213 589 161 165 187 130 311 162 142 214 203 255 190 129 38 218 44 131 58 129 90 25 96 259 466 169 173 196 194 85 160 136 86 658 311 61 68 233 233 290 54 141 143 377 87 87 337 335 316 257 186 236 58 192 168 196 89 104 151 321 246 25 346 252 215 117 201 431 103 125 329 104 42 129 90 186 97 166 177 267 127 52 71 126 95 97 229 397 72 153 65 510 30 139 356 475 46 145 199 67 150 94 610 126 100 524 167 494 78 173 145 287 207 137 151 190 28 39 335 283 43 134 170 531 712 557 175 207 92 228 208 215 92 122 158 250 125 101 239 245 57 169 105 518 60 190 318 243 149 160 196 254 588 72 332 134 62 107 195 458 85 126 201 185 111 123 102 168 167 115 171 114 62 138 111 192 124 70 211 269 186 73 301 280 136 157 293 202 172 123 474 296 173 125 266 256 616 134 124 249 147 169 148 183 196 157 225 267 152 24 422 318 145 57 220 239 70 81 212 182 100 144 147 164 234 139 161 146 49 75 194 402 110 77 79 232 81 179 575 143 96 88 317 290 83 265 214 180 49
323 133 361 156 525 102 456 183 165 130 376 237 122 167 512 226 226 144 467 265 311 175 429 563 209 180 436 236 460 107 392 168 148 154 375 111 195 129 419 372 325 72 347 258 166 0 420 216 565 76 593 614 142 142 332 126 122 221 351 145 217 91 420 380 171 153 366 188 158 83 504 59 151 45 405 350 197 67 344 94 622 49 406 193 79 175 318 165 57 246 317 227 163 55 380 157 240 57 478 233 112 837 390 226 92 193 458 173 96 115 450 231 214 139 408 242 649 121 263 550 238 54 306 535 268 52 368 262 111 54 363 85 62 91 348 258 297 43 330 93 172 40 415 170 173 124 382 284 203 76 451 214 246 123 322 106 233 111 501 152 26 141 294 117 487 145 334 200 108 119 325 291 195 92 363 46 178 45 356 207 284 73 189 216 94 98 387 315 177 34 431 503 152 96 492 133 680 77 398 250 208 44 373 217 181 44 242 364 93 152 357 177 144 299 387 225 56 95 343 151 11 261 307 143 97 767 486 55 209 247 457 184 191 4 318 305 140 574 310 133 118 71 276 238 155 211 273 230 232 222 329 48 651 103 302 353 209 230 327 73 230 42 413 336 40 132 383 210 239 195 249 252 169 125 365 532 289 21 305 350 203 21 296 116 822 213 218 126 95 77 438 215 241 196 502 214 131 194 492 167 193 29 342 188 36 30 301 242 258 168 476 412 147 259 405 72 121 207 561 211 190 168 250 147 202 101 314 262 116 36 380 274 143 101 271 256 76 117 243 135 97 136 676 172 106 204 470 201 76 47 179 256 252 776 278 261 530 26 648 177 173 24 450 372 202 22 349 151 185 170 429 208 298 154 658 877 722 83 355 179 62 109 367 242 132 27 407 226 230 77 387 181 81 119 617 190 84 218 409 298 27 37 412 754 145 195 287 201 271 49 600 179 273 122 336 189 162 65 333 30 153 89 279 107 76 130 322 289 128 111 385 149 106 144 426 302 137 163 362 172 230 585 460 338 114 120 392 636 35 50 403 293 248 32 349 319 192 76 429 249 144 585 414 187 110 177 396 236 208 139 326 217 128 57 324 382 218 128 312 159 140 41 466 137 153 224 380 181 278 672 252 223 245 170 429 165 123 56 335 211
219 530 119 310 116 320 74 258 404 376 56 212 401 258 128 200 462 496 49 357 555 422 19 384 278 537 16 189 72 409 88 292 371 436 72 314 426 308 70 381 473 456 120 199 281 420 0 226 345 456 298 494 278 283 141 361 363 486 86 278 268 510 49 679 288 522 92 233 482 487 717 414 358 400 35 84 426 410 130 329 683 400 18 228 355 401 129 256 365 492 117 309 317 388 361 318 357 383 60 226 493 545 47 234 377 402 72 248 438 484 163 192 540 552 32 198 554 400 160 352 258 380 136 632 432 467 95 158 338 376 116 337 470 331 81 195 467 391 125 343 270 396 42 307 411 481 50 187 443 458 120 216 560 456 126 347 437 359 141 277 406 287 338 456 453 326 87 255 371 494 110 129 227 505 65 374 402 465 64 290 353 347 243 333 329 496 59 358 393 448 101 412 503 442 104 356 423 379 158 229 401 378 48 248 456 427 185 224 404 296 115 245 351 314 79 195 435 332 111 289 429 396 119 278 340 427 211 389 549 200 39 239 492 418 108 119 406 190 110 296 416 475 687 242 353 616 188 234 389 507 95 466 756 352 119 184 379 429 182 361 475 462 90 91 394 299 150 250 354 230 172 199 297 376 105 643 356 417 130 277 330 423 158 304 448 451 273 295 505 461 41 265 186 244 107 207 366 528 113 520 537 447 115 312 433 434 137 192 273 283 90 180 306 458 66 484 397 287 152 209 385 551 177 278 383 319 107 223 446 413 86 291 331 347 155 250 371 419 663 285 433 345 343 298 420 558 417 282 423 434 241 170 191 420 156 254 435 409 460 243 447 407 137 176 394 400 118 279 294 585 28 247 172 313 585 504 363 380 78 242 477 397 80 189 300 401 81 197 320 475 37 242 447 305 635 233 467 457 178 291 426 436 89 426 349 516 148 302 234 426 180 242 291 377 101 237 395 369 189 407 390 372 206 319 416 297 99 182 350 400 81 335 352 521 29 204 436 476 121 297 353 575 153 184 405 476 30 484 386 370 68 298 402 414 183 106 422 449 121 377 291 337 134 257 332 346 85 233 319 493 99 203 424 375 136 52 385 331 184 264 353 432 590 388 352 203 55 239 389 688 172 197 267 515 10 256 536 450 113 234
122 343 146 181 318 137 281 34 180 232 197 149 175 109 299 36 245 330 268 167 344 294 230 377 63 372 241 45 251 250 232 66 146 294 205 138 206 151 208 381 284 271 202 43 56 216 226 0 368 273 471 453 89 120 116 135 138 266 184 113 57 300 213 462 62 350 155 61 256 270 523 232 132 185 222 180 206 232 128 143 550 184 216 56 140 278 106 69 159 276 111 106 92 203 237 190 156 168 286 26 270 632 187 26 154 289 249 71 214 309 235 49 315 334 225 28 501 249 109 358 64 192 95 479 231 267 156 92 116 187 148 132 254 126 174 42 269 200 185 126 46 205 236 82 188 256 180 181 223 274 236 23 336 231 175 125 224 204 286 65 211 126 304 291 489 190 152 31 147 317 119 112 52 308 162 172 181 260 163 76 174 147 121 248 123 308 213 196 171 238 216 477 277 271 281 130 479 205 272 49 185 172 179 32 233 238 109 163 180 158 211 56 125 155 176 69 249 153 191 67 223 198 141 84 123 554 273 173 323 148 257 49 267 216 148 108 181 406 127 133 190 282 467 48 128 426 169 30 181 376 132 264 606 190 113 141 166 328 115 179 257 256 199 135 182 84 167 30 153 37 90 36 71 150 214 485 179 220 153 171 115 213 81 117 606 335 64 99 288 277 234 53 110 135 325 55 141 374 280 356 311 239 193 92 239 221 155 34 94 158 265 199 81 364 196 269 171 200 377 78 166 374 52 72 167 126 136 60 221 222 219 121 105 126 73 74 152 262 452 97 209 119 462 72 195 396 460 64 201 244 62 114 38 561 70 81 505 214 465 74 223 197 234 160 177 199 135 65 71 386 227 24 82 184 520 661 506 210 151 87 278 240 159 38 141 205 195 97 117 285 190 51 225 130 521 44 246 341 195 138 214 243 198 541 123 367 79 86 76 239 402 80 120 228 129 103 171 155 122 213 165 205 70 109 194 131 142 73 125 243 221 203 129 345 224 94 210 326 147 180 148 473 244 127 180 306 203 590 183 170 193 140 199 201 137 148 202 268 213 177 73 383 274 143 112 234 184 36 106 268 128 71 198 188 109 179 173 183 98 65 127 240 423 162 127 33 177 75 200 578 106 60 78 355 235 87 320 260 124 8
247 698 268 544 298 504 410 393 441 599 384 480 470 472 251 381 447 695 331 329 491 661 327 54 357 736 343 378 281 617 429 399 433 662 404 505 437 518 276 701 380 630 443 327 404 565 345 368 0 633 628 168 457 487 280 446 450 478 403 480 349 631 296 616 396 712 289 424 521 590 569 595 425 524 377 399 435 596 276 509 427 521 357 418 486 644 308 437 513 465 325 343 402 566 225 554 351 509 365 344 571 275 315 348 479 653 280 437 519 671 184 386 551 647 376 352 229 617 413 27 328 555 318 417 385 616 284 394 454 549 269 491 583 486 390 331 396 560 439 472 401 566 387 395 441 547 320 483 446 633 225 382 551 518 433 460 417 571 222 428 568 493 639 656 789 555 374 371 464 678 322 381 413 655 328 528 430 604 347 358 310 507 475 602 482 663 396 285 425 577 244 753 552 636 266 439 116 571 500 322 406 524 346 354 476 597 433 205 493 522 444 423 427 277 283 408 609 520 431 419 569 359 401 451 469 247 134 512 567 471 329 415 507 566 396 348 461 486 373 501 484 635 755 331 419 773 477 344 378 743 344 610 515 558 364 231 390 691 257 544 458 598 260 331 526 442 227 361 350 402 407 336 397 453 437 436 308 575 422 217 370 555 309 484 335 700 348 466 609 636 306 352 435 487 422 405 444 740 252 721 564 581 435 379 595 560 429 358 307 518 269 186 419 725 285 597 469 551 422 426 409 732 366 437 398 491 382 310 513 580 422 294 423 464 357 310 490 629 768 464 514 432 176 393 496 760 754 365 519 602 427 426 343 271 340 305 778 571 115 438 472 542 209 218 405 553 281 426 380 727 317 365 296 547 266 376 240 577 320 449 626 608 300 363 508 561 270 433 343 641 334 418 538 498 362 410 559 707 189 271 553 598 260 221 426 734 336 365 298 599 380 442 295 596 316 459 437 500 248 571 440 572 298 466 513 498 377 300 441 611 419 568 460 705 316 274 488 694 265 540 357 298 192 245 479 670 359 829 537 528 283 277 375 541 235 394 435 629 226 355 428 36 478 498 456 596 272 337 362 549 342 416 484 551 293 318 386 550 273 433 432 597 412 451 420 380 316 437 340 401 421 402 320 720 349 453 637 617 303 369
387 74 413 157 567 139 482 242 240 103 407 254 198 198 558 275 299 68 505 340 378 121 467 633 277 105 472 283 504 65 414 234 223 94 402 144 270 148 465 336 400 5 367 316 229 76 456 273 633 0 591 688 188 173 385 201 197 291 379 179 284 102 463 433 237 79 414 232 223 127 567 42 226 121 436 379 272 46 396 132 696 125 441 238 148 129 368 212 120 317 364 299 234 70 454 153 315 131 510 293 165 903 432 287 167 146 502 216 167 39 506 277 272 156 440 296 724 82 296 619 305 81 356 608 343 50 416 300 181 86 414 142 110 148 378 315 372 73 351 161 233 67 444 240 248 185 423 297 277 3 503 266 304 191 345 178 308 103 551 208 65 169 264 47 447 142 369 263 183 45 371 328 241 61 404 105 254 67 395 277 359 126 214 192 151 40 415 391 252 89 480 471 210 31 537 207 747 77 407 313 284 109 410 279 252 36 271 429 169 163 377 225 219 372 434 265 24 126 366 214 78 337 338 191 165 826 545 131 263 266 494 233 258 73 349 348 216 593 347 160 193 32 280 303 229 160 288 291 308 149 370 59 723 105 342 413 285 176 387 97 302 73 461 379 115 192 439 273 314 245 285 308 237 201 386 605 364 60 331 419 276 95 350 159 876 151 286 174 128 6 479 281 271 215 526 258 207 118 539 92 248 80 364 260 41 98 326 294 327 179 521 472 214 200 451 110 196 202 588 249 266 101 298 201 278 147 349 325 186 52 404 345 215 172 317 323 149 66 227 180 169 210 735 241 181 129 435 269 150 31 225 286 306 832 327 328 497 63 719 219 246 99 503 432 278 81 400 209 254 134 469 270 354 154 733 931 777 76 398 216 51 74 413 293 156 71 454 258 303 24 426 229 149 152 693 239 144 155 468 369 100 39 460 814 219 119 335 272 336 34 634 218 345 96 382 219 238 136 394 62 229 85 340 167 151 159 357 346 202 74 409 139 179 73 466 364 210 91 415 173 305 661 515 399 190 44 426 606 97 105 449 365 324 107 410 350 268 8 481 325 205 651 428 203 177 154 444 298 280 199 368 256 202 85 376 423 294 130 371 209 214 36 540 213 228 274 422 222 354 748 283 266 313 94 464 204 143 21 383 269
509 656 413 439 335 495 225 492 645 489 288 360 627 435 379 436 714 599 298 631 815 500 311 672 534 630 293 426 349 528 243 530 608 526 273 485 675 464 366 322 750 594 269 463 513 593 298 471 628 591 0 786 475 457 428 588 590 733 291 456 526 679 345 928 526 628 385 443 708 674 993 558 596 593 276 295 675 551 420 503 980 595 293 441 557 481 407 462 552 745 389 574 558 542 655 441 625 580 264 483 694 771 342 490 591 471 351 451 649 602 454 423 770 731 275 450 847 512 365 640 524 540 409 925 700 624 389 380 555 539 410 528 653 524 303 457 738 552 287 550 502 556 262 550 654 693 341 313 692 594 408 451 796 674 297 564 695 491 406 495 570 457 349 567 307 452 327 502 592 612 385 361 443 652 347 554 648 630 333 547 631 531 410 404 525 630 271 643 639 626 395 243 719 565 362 586 683 524 202 496 656 561 322 501 695 577 374 520 619 441 260 458 586 598 376 410 579 499 280 515 603 666 330 479 549 630 498 586 774 352 302 457 727 589 324 376 639 155 349 463 639 620 866 506 592 734 325 492 652 563 359 628 1050 494 365 478 637 472 472 520 726 631 387 364 584 513 447 500 622 455 384 460 536 604 258 935 636 580 318 570 586 605 432 489 608 505 532 490 688 597 329 522 374 400 205 426 597 608 376 615 759 621 278 562 588 617 318 441 547 424 359 477 535 482 364 664 623 390 218 412 636 659 420 490 638 504 338 495 664 569 256 570 564 561 404 522 575 531 818 479 645 576 571 539 638 643 277 535 629 583 451 364 447 610 416 528 249 571 741 444 685 590 426 473 648 571 408 498 541 723 321 495 450 441 880 657 561 521 360 434 632 517 372 434 462 566 378 391 585 615 325 459 650 478 933 454 665 508 475 575 609 591 386 643 584 592 410 557 510 574 286 439 570 495 381 418 636 567 480 568 628 512 482 522 623 466 335 458 578 519 255 453 570 634 323 487 663 562 416 423 617 873 441 476 628 589 300 232 563 547 366 581 669 602 477 325 670 584 416 645 512 612 197 407 545 439 382 493 577 707 363 413 650 536 420 344 644 467 469 475 587 584 878 621 591 439 347 440 664 986 371 417 536 607 291 449 715 596 396 479
337 743 397 633 462 578 564 469 462 678 524 589 500 562 414 477 441 755 488 350 449 742 478 116 420 793 495 477 437 688 572 461 468 737 543 582 445 601 423 821 346 684 577 421 473 614 494 453 168 688 786 0 536 571 398 488 492 468 538 564 415 662 444 557 460 766 422 514 527 616 469 656 463 569 523 533 443 659 399 581 280 565 503 509 540 728 427 520 570 447 446 390 455 630 234 643 375 558 522 428 589 323 457 429 522 740 435 524 546 727 332 485 538 664 522 447 62 691 526 149 398 618 433 296 376 660 418 505 508 612 398 555 615 551 524 426 370 621 569 529 473 625 534 451 458 561 460 603 448 688 378 473 529 536 561 511 414 649 385 501 623 577 751 721 918 642 504 445 506 732 445 500 504 696 463 586 449 645 482 416 331 571 572 701 546 711 538 299 447 616 393 890 558 698 427 481 200 640 640 404 419 579 485 430 481 652 542 303 527 611 579 509 470 317 422 509 665 593 564 486 615 365 526 529 526 365 289 558 556 582 484 502 503 616 523 468 486 649 497 583 511 683 748 407 459 808 594 424 391 817 471 652 370 633 484 342 411 781 363 612 448 638 404 460 574 510 355 437 376 490 515 430 457 490 574 317 326 628 547 282 412 599 418 559 462 783 412 540 633 690 458 420 543 586 581 501 483 804 413 780 557 622 568 430 648 600 553 455 369 611 428 317 480 816 429 627 500 652 587 525 431 781 469 512 418 562 508 394 534 637 563 347 473 517 467 382 539 700 778 542 541 478 321 452 524 817 884 427 552 657 515 538 440 397 448 375 916 626 96 527 480 590 360 336 422 607 407 499 439 758 468 442 401 636 99 491 382 647 453 540 669 680 435 461 591 618 414 538 385 691 476 504 566 576 210 497 585 790 320 324 596 650 405 334 469 801 447 419 377 656 547 533 347 674 442 555 461 552 352 627 467 643 389 531 548 580 505 401 486 683 560 655 509 757 466 368 507 763 393 633 385 152 345 352 509 730 502 976 592 588 427 326 380 585 345 521 445 686 373 370 497 196 622 595 513 687 413 418 408 559 468 516 506 615 411 458 404 632 376 513 474 652 315 482 461 475 455 528 345 240 532 502 385 781 499 540 657 670 427 451
210 261 225 100 383 49 317 67 179 143 235 117 154 43 372 87 253 242 325 219 355 207 287 465 120 284 294 96 319 161 256 84 143 205 236 48 213 65 278 323 321 187 214 131 68 142 278 89 457 188 475 536 0 36 198 118 119 266 212 31 122 232 279 457 84 263 227 45 233 212 546 147 133 125 264 211 214 145 209 56 607 126 264 51 84 192 180 24 87 283 177 159 106 118 311 109 200 109 336 113 224 721 248 109 116 204 317 30 175 222 319 90 296 275 267 109 581 160 123 446 139 107 168 529 262 191 229 120 82 103 226 59 193 53 207 129 300 117 196 75 64 122 275 103 189 219 240 163 229 190 315 79 323 200 187 90 243 115 364 37 131 42 242 202 437 106 192 91 118 231 185 149 53 230 221 97 187 187 214 127 232 70 68 174 53 225 247 260 178 171 293 435 245 183 351 118 568 117 274 136 204 100 231 107 226 155 105 252 144 78 224 37 122 226 247 83 165 64 208 58 151 237 167 8 74 639 360 116 299 123 315 45 254 141 177 164 168 438 168 47 165 202 412 130 131 345 150 114 213 287 187 189 654 101 160 230 191 245 203 92 264 184 274 194 118 43 253 100 197 58 107 123 91 133 231 532 237 141 168 255 152 146 162 29 688 248 126 17 229 193 296 117 104 82 363 72 128 285 352 268 285 169 207 125 158 157 165 107 168 84 335 287 75 280 265 207 150 134 421 70 182 288 110 26 188 42 172 148 189 139 244 193 101 86 130 154 102 173 385 8 171 110 548 96 164 308 411 114 155 161 38 118 119 645 139 161 463 133 553 36 215 130 315 248 195 122 212 40 106 310 287 95 168 102 597 743 589 121 213 41 201 151 227 105 55 125 267 88 169 203 245 42 178 41 586 51 196 254 283 214 148 162 273 628 120 278 147 130 162 155 458 38 192 140 195 57 171 95 211 132 162 116 159 47 149 44 180 161 109 154 247 119 96 259 284 183 190 237 227 104 189 542 327 215 154 219 250 558 108 92 263 213 232 138 226 178 209 183 293 218 49 472 285 81 72 152 257 121 148 233 184 75 176 103 188 240 201 96 187 24 121 158 467 151 130 86 238 39 246 643 113 81 151 267 286 26 260 178 196 88
241 247 245 64 393 40 315 102 209 113 236 97 180 25 386 109 284 221 332 255 384 175 294 497 156 263 299 115 331 136 250 121 174 176 233 31 244 32 292 288 356 173 205 159 104 142 283 120 487 173 457 571 36 0 220 148 148 294 210 7 158 233 290 482 120 244 243 64 255 220 577 131 165 136 265 209 245 128 229 48 643 138 268 70 102 158 199 51 95 313 192 195 141 104 347 73 236 123 339 145 237 748 259 142 139 170 329 50 193 204 342 108 318 280 269 135 616 132 123 477 174 97 187 564 296 185 245 127 110 93 246 72 199 68 207 156 334 108 188 98 100 113 275 139 219 236 250 145 259 175 333 104 347 220 180 117 275 86 380 73 125 7 207 180 403 71 196 126 145 213 200 155 74 222 231 99 218 185 221 163 268 74 48 138 70 213 246 296 210 174 310 403 263 163 364 149 597 97 258 168 237 105 237 141 253 144 100 282 165 42 215 64 154 262 262 92 152 49 201 94 152 273 167 44 98 661 385 129 320 107 321 71 279 140 178 176 195 432 174 14 189 192 417 163 164 333 133 147 247 257 197 186 689 74 169 257 225 210 231 77 294 184 290 206 127 76 276 134 233 84 112 151 127 161 223 567 274 136 163 289 187 150 185 33 706 215 162 42 235 178 306 153 100 57 360 88 157 261 367 246 304 171 200 161 150 162 159 130 203 49 348 312 110 245 278 212 176 99 420 76 215 271 129 62 222 47 176 179 209 130 238 228 135 112 146 188 120 147 384 34 190 141 570 132 185 286 378 150 172 150 60 115 145 665 159 195 431 127 585 50 243 135 335 274 228 121 231 76 143 302 296 129 193 66 633 762 609 100 225 43 195 125 241 127 22 120 283 86 205 192 253 69 193 23 622 77 208 221 308 250 154 154 289 651 153 252 166 166 195 143 463 47 228 110 210 47 202 110 239 125 192 93 189 72 167 14 184 187 140 128 243 84 123 242 293 213 214 211 247 68 225 578 348 243 179 199 254 529 109 93 277 249 267 146 253 179 240 167 312 253 85 500 273 52 99 117 273 154 184 251 195 84 201 92 209 250 235 63 214 58 152 148 502 179 162 109 249 51 282 679 111 94 187 244 291 35 264 167 213 120
81 457 31 271 209 247 211 150 276 331 141 199 282 200 185 111 327 439 171 217 417 389 136 302 149 481 152 105 142 355 188 176 247 395 158 244 294 251 99 425 333 384 182 75 170 332 141 116 280 385 428 398 198 220 0 243 247 353 146 213 139 415 111 543 171 461 50 156 359 384 577 344 234 300 153 141 293 343 13 254 553 299 139 150 256 371 29 174 275 356 48 174 196 315 227 280 219 283 198 103 381 531 94 112 267 378 140 171 325 420 122 112 412 449 155 90 454 351 133 277 124 304 37 496 293 383 49 114 230 299 34 247 370 241 132 74 326 313 172 242 161 319 168 185 281 365 91 206 310 387 120 119 429 338 164 239 300 306 171 180 325 225 360 399 520 283 110 137 258 428 48 103 146 423 82 287 272 376 96 160 212 262 199 323 238 421 158 218 263 354 101 493 383 380 169 237 384 314 251 97 266 287 106 124 327 351 153 99 291 250 186 160 230 173 69 132 362 261 169 183 339 256 128 194 239 442 166 288 423 191 161 153 363 331 126 70 283 331 99 234 297 397 579 111 229 541 199 110 251 474 75 379 622 294 86 56 245 414 44 289 340 371 86 66 298 200 57 129 216 140 127 80 178 257 183 507 216 335 149 143 197 328 36 226 491 427 143 211 403 390 133 138 154 209 248 132 247 480 166 465 413 355 173 184 353 337 155 91 134 243 154 96 194 448 90 385 278 272 289 150 253 486 91 186 249 238 110 88 329 335 177 151 213 241 78 113 267 367 567 206 319 227 351 177 304 505 486 155 314 358 162 146 80 447 62 116 520 328 388 170 319 313 118 63 260 314 24 180 170 502 131 128 37 274 480 546 392 318 68 178 393 344 61 93 241 319 84 154 183 399 107 156 338 236 511 146 359 433 92 150 329 357 85 432 228 472 56 172 95 352 301 173 151 329 48 184 268 270 52 327 264 311 69 224 307 233 108 48 234 347 176 296 242 457 127 63 314 430 32 264 215 454 130 49 288 416 130 588 298 285 87 158 264 317 54 124 290 380 97 237 188 288 239 221 227 320 73 106 186 375 71 140 303 300 13 89 249 281 43 176 233 354 452 266 228 112 86 168 249 566 141 127 130 463 150 185 435 374 32 121
213 256 274 202 451 125 413 103 61 216 329 234 41 161 428 162 136 268 403 140 237 276 364 440 98 305 376 174 383 212 359 69 28 263 334 135 96 162 340 433 216 197 322 169 80 126 361 135 446 201 588 488 118 148 243 0 4 148 311 145 108 186 347 340 74 278 287 146 123 147 429 172 25 81 355 309 97 177 257 122 511 77 351 148 60 268 239 127 89 165 246 103 48 150 254 208 115 70 421 140 138 720 322 132 34 284 382 138 82 240 351 173 184 209 358 163 524 220 226 429 128 139 229 428 156 173 288 215 37 134 277 87 137 87 303 171 191 138 304 54 92 142 368 58 72 122 314 279 111 201 362 146 208 96 294 32 130 187 412 93 137 152 351 237 549 200 283 107 18 244 253 241 146 211 297 103 71 159 297 91 158 99 186 277 83 223 343 190 64 131 344 551 142 214 412 7 562 165 387 149 94 95 314 119 108 166 214 252 49 184 332 131 19 175 309 180 179 134 313 74 127 141 267 112 53 660 380 70 190 240 392 132 139 128 275 242 50 537 258 151 55 195 336 135 29 328 266 134 112 339 266 166 550 172 245 249 88 326 226 141 146 153 329 270 86 77 286 115 114 136 207 165 66 16 337 428 163 141 273 229 78 111 212 117 722 317 106 106 166 203 368 108 214 200 458 165 10 318 409 292 177 136 314 68 160 114 272 168 141 195 396 308 56 359 329 152 37 246 511 176 73 293 185 99 83 108 266 160 86 151 346 152 30 39 206 145 52 224 330 117 76 17 569 66 61 329 526 90 74 170 138 225 171 671 205 148 579 139 524 145 97 102 356 270 86 121 265 91 75 281 362 116 206 202 533 775 620 173 286 156 182 207 292 172 156 132 326 198 105 202 324 130 97 135 500 136 118 323 305 175 109 162 328 644 20 317 213 82 163 169 537 151 151 209 263 174 54 67 230 141 44 173 179 76 68 147 272 196 10 210 349 211 27 269 359 198 77 281 275 212 105 464 364 236 45 244 337 676 107 107 326 170 131 97 246 276 92 200 338 126 77 469 395 199 48 246 315 138 84 133 262 176 64 137 239 314 98 184 213 113 14 164 362 32 28 159 311 149 156 556 218 174 130 295 370 143 196 182 257 127
217 252 278 201 454 124 415 106 62 214 331 235 38 162 431 165 136 265 406 143 237 273 367 444 102 302 379 176 386 209 361 72 29 260 336 134 97 161 343 433 218 193 323 172 83 122 363 138 450 197 590 492 119 148 247 4 0 147 313 145 112 182 350 339 77 275 291 147 120 143 430 169 29 77 357 311 98 174 260 121 514 74 353 149 58 266 242 128 87 165 248 107 52 147 258 207 118 67 424 144 135 724 325 135 30 282 385 139 78 236 355 175 182 206 361 166 527 218 228 433 131 137 232 430 158 169 291 217 37 131 280 86 133 86 305 174 193 135 305 53 94 139 370 62 72 119 317 280 112 197 365 149 207 93 296 31 131 185 415 95 134 151 351 234 548 199 286 110 15 241 256 243 148 207 300 100 72 156 300 95 161 97 187 276 82 220 346 193 66 128 348 550 139 211 415 11 566 163 388 152 96 92 316 122 107 162 216 255 46 183 333 132 23 178 312 182 175 133 315 76 124 144 269 113 52 664 383 67 188 241 395 134 137 125 277 245 49 539 260 150 53 192 332 138 32 324 267 137 115 336 269 162 552 170 247 253 91 324 230 139 146 149 333 272 82 78 290 118 117 138 209 169 69 14 338 430 167 137 275 233 81 108 215 116 726 315 110 106 162 199 371 112 216 201 460 166 11 315 412 289 175 132 316 72 157 111 274 171 144 195 400 312 58 357 332 148 34 245 514 178 75 290 187 100 85 107 268 163 83 148 348 156 33 37 209 149 49 221 326 117 73 20 573 69 58 326 525 94 70 167 139 227 174 675 208 152 579 136 528 146 97 98 360 273 88 118 268 92 78 277 365 119 210 201 536 779 624 171 289 157 179 205 295 175 156 129 329 199 109 199 327 132 93 135 502 138 115 321 309 179 105 159 332 648 24 313 216 86 166 166 540 152 155 207 266 175 55 64 234 138 45 171 183 76 65 146 275 199 13 208 351 210 26 266 362 202 75 278 278 211 108 467 367 240 42 240 339 676 104 105 329 174 133 94 250 278 93 196 341 129 78 473 396 199 48 245 318 141 88 130 265 178 61 135 243 316 101 183 216 115 18 161 364 32 31 162 314 150 159 559 220 176 134 291 373 144 193 178 260 130
295 316 383 343 560 267 546 241 88 343 463 382 115 309 530 299 31 355 523 155 92 395 486 455 208 382 500 310 494 327 498 203 125 375 471 277 60 305 452 575 128 286 464 287 220 221 486 266 478 291 733 468 266 294 353 148 147 0 449 292 218 220 463 196 207 354 403 291 71 175 287 280 137 185 487 446 61 287 366 262 411 180 479 292 196 392 358 274 217 27 370 180 176 268 255 348 141 187 546 261 138 748 443 253 158 410 493 285 125 324 437 311 73 205 489 291 487 340 368 455 229 260 350 322 94 245 402 355 184 256 386 227 185 229 440 292 100 254 446 196 231 255 501 184 79 112 437 426 43 289 460 283 78 99 436 177 62 317 508 239 244 298 493 336 691 339 418 235 150 325 377 377 290 269 422 226 85 227 426 196 172 234 334 416 226 294 479 193 95 202 448 696 96 315 518 148 590 288 531 258 88 216 442 240 42 265 359 322 136 328 474 276 147 213 422 323 276 272 455 218 215 120 406 260 196 716 451 182 90 387 513 276 38 225 414 372 99 671 393 296 110 270 281 245 141 361 413 253 108 439 395 235 432 304 378 338 109 449 323 270 20 220 437 396 195 224 381 239 143 278 349 287 197 133 478 316 173 241 415 278 157 200 329 262 791 433 213 253 187 290 486 221 360 348 589 307 138 404 512 374 90 210 456 175 254 193 415 299 222 340 504 390 199 480 443 191 119 390 638 321 101 357 318 246 104 251 402 265 105 257 485 214 169 182 338 240 179 337 312 264 124 158 630 194 118 403 669 205 145 266 283 369 297 733 332 239 724 245 528 291 52 203 450 357 93 230 377 236 195 308 482 243 318 343 486 840 688 296 409 304 250 327 410 304 300 241 437 343 171 280 450 275 142 279 418 279 149 439 388 228 194 255 436 694 149 408 340 184 259 270 654 297 214 335 385 322 97 194 322 248 105 299 284 222 147 291 408 307 157 329 487 348 171 342 479 295 86 382 382 355 141 399 453 328 118 334 466 823 223 232 440 220 105 191 336 414 64 293 436 128 223 508 537 346 195 382 426 254 168 103 390 320 98 260 354 436 106 322 314 260 147 260 252 115 142 296 433 296 138 470 362 316 223 379 496 290 202 270 375 258
224 453 141 228 202 249 105 210 362 294 30 129 352 185 212 150 428 415 134 340 527 338 103 435 245 455 100 140 154 329 49 247 327 353 24 241 390 231 133 303 459 380 40 172 232 351 86 184 403 379 291 538 212 210 146 311 313 449 0 206 236 442 118 645 243 442 116 170 434 424 702 338 314 337 58 5 390 334 142 258 698 338 68 167 294 316 121 192 299 459 101 284 274 313 371 235 334 321 132 193 435 622 91 200 321 317 153 183 383 405 221 139 495 487 62 160 596 319 89 406 233 306 120 637 410 395 121 96 283 303 140 271 405 266 14 166 447 318 40 284 221 323 65 265 371 427 84 101 407 381 187 166 518 404 40 292 407 280 219 221 335 213 255 375 385 244 37 215 319 415 99 72 167 432 76 306 364 395 56 258 341 280 166 247 265 419 36 354 354 382 164 352 451 363 187 308 492 302 105 204 368 311 58 212 415 353 110 244 350 217 41 184 306 308 120 133 360 259 28 237 361 375 45 214 282 509 272 327 501 117 125 181 448 349 36 86 360 227 58 221 365 401 624 215 310 538 103 202 362 422 72 396 764 274 74 202 348 343 189 286 441 393 145 80 330 241 183 212 331 175 106 169 252 327 37 646 345 346 48 288 298 357 143 235 534 366 243 229 441 385 122 233 110 164 151 148 319 445 195 438 488 379 33 275 360 368 54 152 256 202 172 222 256 372 121 419 348 202 210 142 350 471 131 219 351 250 47 204 394 339 36 279 284 291 113 231 311 337 594 219 378 297 424 255 368 476 350 247 365 359 179 95 157 505 125 237 378 337 517 177 405 341 200 203 360 330 132 223 254 511 109 207 161 232 623 590 447 303 85 172 405 317 104 146 225 330 135 125 295 399 73 183 389 233 657 176 407 371 219 286 360 363 145 507 303 432 119 269 219 351 256 174 279 296 98 163 354 307 198 335 347 294 191 257 359 223 44 169 301 319 38 252 298 442 108 200 388 392 145 215 327 600 217 195 355 396 57 442 317 301 122 291 379 350 200 36 385 372 179 355 236 401 96 177 275 261 131 203 288 440 76 139 375 302 135 86 356 251 182 204 307 358 588 342 309 154 88 173 373 712 100 138 245 433 91 187 472 375 114 192
234 253 238 70 388 43 311 95 206 119 231 96 179 22 380 102 281 227 327 250 382 181 289 490 150 269 294 108 325 142 246 115 171 183 229 36 241 39 286 292 352 178 202 152 99 145 278 113 480 179 456 564 31 7 213 145 145 292 206 0 151 236 285 481 115 250 237 57 254 222 574 137 162 137 260 205 242 134 223 52 638 139 264 63 102 165 192 44 97 310 186 190 136 110 341 79 231 123 334 138 238 741 253 135 138 176 324 43 193 210 335 101 318 283 264 128 610 139 119 470 167 101 180 560 292 190 239 121 108 98 239 72 202 68 203 149 330 112 185 97 94 118 271 134 217 237 244 144 256 181 327 98 346 220 176 115 272 93 374 68 129 13 211 186 407 77 191 120 143 219 194 149 67 227 225 102 215 189 216 158 262 76 46 143 69 218 242 290 207 177 303 406 264 169 359 146 590 103 257 161 233 107 232 134 251 149 96 275 165 48 212 57 151 256 256 86 157 54 197 89 155 268 163 39 96 655 378 130 319 105 316 65 278 143 173 170 193 429 169 21 188 197 420 157 160 338 131 140 243 264 191 190 685 81 163 250 221 216 224 82 291 187 284 200 129 72 269 128 228 77 107 144 121 159 220 562 268 140 159 282 182 153 178 33 700 222 156 39 237 184 301 147 96 57 356 81 155 267 361 253 304 174 197 156 155 165 155 124 197 53 342 305 105 252 272 215 174 103 416 70 211 277 123 57 218 48 171 173 209 134 235 222 131 110 140 182 120 154 388 29 190 138 563 127 185 293 382 144 172 155 53 111 138 659 152 189 434 131 578 43 241 137 328 267 225 124 225 71 137 307 290 122 186 72 627 755 603 106 219 37 199 131 235 120 28 124 277 81 199 197 247 62 194 27 617 70 209 228 301 243 157 158 283 645 149 259 159 161 188 148 458 40 222 117 204 43 199 111 232 129 189 99 182 70 167 20 179 181 137 135 239 91 121 248 288 206 213 217 241 73 220 572 341 236 177 205 249 531 112 96 271 243 263 147 246 175 237 173 306 249 80 493 271 54 97 123 266 147 179 252 189 78 199 97 202 244 231 70 208 52 149 153 497 177 159 102 243 45 277 674 107 88 180 250 286 28 267 172 207 113
107 349 170 221 348 163 329 56 137 263 247 204 144 154 322 94 194 347 306 110 291 326 268 350 11 388 282 102 281 274 285 50 109 322 257 166 158 186 238 433 227 281 258 69 58 217 268 57 349 284 526 415 122 158 139 108 112 218 236 151 0 291 247 412 47 363 186 111 220 254 467 247 96 178 269 233 158 249 152 166 495 176 261 108 138 313 140 110 164 225 151 49 60 219 190 230 100 162 328 44 246 620 225 36 137 326 279 116 190 322 243 106 274 317 272 76 459 276 166 335 21 208 132 422 174 268 186 148 106 202 172 143 243 138 225 74 212 212 241 124 58 217 283 50 144 228 219 239 175 285 255 80 292 201 231 113 171 233 305 86 219 164 355 310 544 228 202 33 125 329 158 165 103 308 203 179 135 258 208 23 118 160 171 293 134 314 263 142 125 232 238 533 245 289 307 102 463 226 329 42 133 176 224 25 189 248 166 147 158 199 266 100 93 105 207 126 260 177 246 72 222 141 196 115 121 554 272 166 284 204 295 95 225 218 202 155 145 453 179 169 160 287 443 28 90 427 226 35 126 403 177 263 550 218 163 141 113 366 118 199 207 252 225 177 178 95 178 28 96 87 147 69 48 120 268 428 123 226 209 137 62 209 111 143 614 368 6 125 274 288 269 5 167 186 371 111 110 394 304 373 274 235 248 45 246 215 212 85 46 202 292 200 71 402 227 258 141 249 420 134 117 383 106 97 116 147 189 52 192 232 272 71 80 117 123 39 144 287 438 127 184 92 463 45 168 412 515 18 182 254 108 171 80 564 114 44 561 222 437 120 181 195 248 161 126 204 162 84 34 383 264 35 102 224 475 667 512 233 191 135 279 266 193 92 177 213 223 154 60 292 231 96 205 161 469 93 227 375 197 92 208 250 224 538 91 390 122 34 55 250 438 127 70 258 167 153 129 152 122 222 126 229 72 119 176 166 193 91 100 269 274 241 114 356 261 90 175 350 170 224 92 422 255 128 151 323 248 647 188 180 224 91 143 195 138 202 154 281 230 120 82 368 329 191 108 274 212 35 52 237 173 127 165 204 137 218 120 217 105 99 96 249 365 128 90 90 215 123 142 526 164 117 30 373 277 130 304 268 157 50
397 98 446 240 613 193 547 266 199 199 467 326 163 258 598 314 237 149 557 313 299 223 518 623 281 167 526 324 547 164 482 244 199 196 465 202 220 218 506 438 343 98 437 341 246 91 510 300 631 102 679 662 232 233 415 186 182 220 442 236 291 0 508 336 248 139 453 277 150 47 480 123 207 115 495 441 222 131 428 184 632 116 497 282 160 231 404 254 145 247 405 289 232 137 430 239 288 132 568 314 82 906 479 306 154 248 546 262 116 121 531 320 184 55 499 327 690 181 354 614 311 140 393 541 294 56 454 352 186 142 448 174 49 180 438 341 314 128 420 173 254 123 506 241 204 109 470 373 221 100 536 301 215 128 412 178 255 189 586 237 110 231 364 147 549 227 424 280 168 117 413 381 284 53 452 136 213 49 446 276 332 163 279 289 181 84 477 363 215 62 516 572 127 134 579 193 747 155 486 328 243 132 463 295 190 103 332 437 139 239 448 266 204 357 474 315 104 185 433 233 81 298 398 232 177 844 563 127 172 337 546 272 183 93 408 394 175 664 400 223 151 71 187 315 212 147 362 309 270 238 418 51 648 185 392 431 251 277 406 160 236 49 498 425 118 216 464 289 288 283 339 335 243 179 456 535 337 99 395 414 261 88 381 207 903 251 290 215 34 98 527 289 332 286 592 303 188 192 579 162 158 63 432 254 92 78 392 328 326 256 563 490 224 300 493 35 164 289 652 302 231 137 338 234 243 192 404 340 128 110 471 337 211 176 359 329 149 168 153 225 121 201 753 246 138 186 537 273 113 98 269 347 337 855 365 333 598 108 706 268 187 103 533 451 239 112 434 236 257 97 518 288 380 238 694 957 802 159 443 270 52 171 455 329 222 114 493 317 289 81 477 269 95 210 637 278 77 255 487 360 86 89 498 829 206 200 374 268 346 107 690 269 337 191 424 279 201 145 411 111 195 167 358 193 118 221 412 370 192 172 475 228 177 126 515 379 156 186 447 256 280 613 542 417 154 134 482 707 125 141 491 354 283 98 427 409 218 109 512 291 227 655 504 276 188 250 482 315 269 118 415 307 155 144 409 470 258 212 391 247 200 96 472 182 211 312 469 271 317 690 342 313 316 169 519 256 41 89 421 294
183 537 83 326 105 325 121 247 384 391 92 233 387 266 98 195 437 509 61 326 527 442 34 334 258 550 52 184 40 422 134 278 354 454 112 320 404 318 21 421 440 463 157 179 269 420 49 213 296 463 345 444 279 290 111 347 350 463 118 285 247 508 0 654 274 534 61 234 466 482 682 421 341 395 81 115 403 418 98 333 638 395 61 228 350 422 109 255 364 467 104 284 301 394 318 334 329 378 92 208 483 504 32 217 367 424 39 249 427 494 113 189 521 547 80 185 505 415 172 303 234 385 119 590 402 469 62 164 329 380 80 335 465 329 109 176 435 395 158 337 259 400 91 291 391 469 41 216 420 465 72 208 539 443 156 338 411 372 101 272 409 295 372 468 498 341 104 240 360 504 96 137 226 509 60 375 382 465 73 269 320 348 255 358 327 502 102 322 372 446 52 459 489 453 75 342 377 388 205 206 376 377 62 230 437 432 198 182 393 309 155 243 336 279 41 198 441 338 146 280 429 366 138 278 334 392 163 384 531 221 52 236 472 419 128 115 390 228 119 304 402 480 680 220 336 623 215 215 362 528 94 468 712 363 122 143 355 454 147 367 451 462 41 84 391 293 105 233 326 226 179 182 282 362 146 602 323 420 155 236 307 421 136 307 422 474 252 295 500 468 22 245 199 260 148 207 352 544 80 533 520 446 151 292 437 431 162 182 244 298 58 132 294 485 22 480 383 310 180 214 363 561 170 275 360 320 121 198 433 417 129 259 317 339 149 224 364 432 662 287 422 331 306 282 408 573 462 263 414 439 241 184 176 389 144 226 483 412 411 245 428 405 88 133 370 401 86 273 276 589 25 231 146 329 536 479 332 390 66 247 480 410 55 180 309 404 34 207 293 481 46 240 438 311 589 230 459 480 130 256 423 440 41 389 333 533 136 281 206 432 191 245 260 392 85 246 376 364 152 410 372 382 179 315 407 304 113 157 337 413 125 351 342 532 22 172 420 492 84 315 326 528 104 146 392 488 65 533 386 371 25 264 374 411 144 126 400 457 72 348 284 290 182 273 324 367 41 213 296 480 96 207 409 380 110 41 360 344 152 262 338 436 551 372 335 197 41 242 357 641 184 198 241 530 55 259 532 456 91 221
478 429 572 524 747 450 741 437 284 510 658 574 303 499 712 495 218 485 714 331 131 551 678 581 403 499 693 506 682 485 694 399 320 526 667 461 255 487 641 751 238 428 660 481 415 380 679 462 616 433 928 557 457 482 543 340 339 196 645 481 412 336 654 0 403 473 593 485 228 306 167 437 333 356 681 642 255 446 556 444 391 353 673 487 380 554 550 468 395 188 563 370 372 434 396 527 325 365 739 456 270 869 635 447 343 572 680 478 293 457 614 507 167 292 684 486 554 500 564 590 421 429 544 308 255 383 592 550 375 427 575 412 325 415 635 486 229 420 642 384 426 419 695 380 275 257 630 619 238 431 643 479 136 265 632 367 243 489 688 433 406 485 670 480 866 517 613 430 339 454 570 573 485 389 615 400 281 367 620 390 342 415 525 592 412 420 674 352 291 351 633 878 228 463 703 342 719 456 726 451 279 390 636 435 233 418 554 498 317 511 669 470 342 385 612 518 426 453 650 413 371 291 602 452 385 862 619 359 171 580 704 471 203 384 609 567 290 866 589 481 293 404 270 438 336 436 606 447 292 574 589 374 370 477 574 521 300 606 509 444 205 361 624 589 367 417 564 434 327 473 545 482 393 325 673 291 341 400 611 447 350 360 522 449 946 584 407 443 306 430 676 415 554 538 784 502 331 527 696 497 187 359 652 371 406 350 611 494 409 526 690 567 393 632 633 323 307 573 831 516 296 464 514 439 297 437 598 457 275 415 680 397 364 371 533 430 362 492 340 454 295 352 783 390 297 515 848 400 316 417 478 564 492 884 526 428 906 406 637 485 243 369 630 539 286 395 567 430 391 390 673 438 509 523 539 991 845 463 602 496 384 488 602 500 485 405 625 538 361 415 643 470 301 465 430 474 296 588 565 405 354 405 624 837 344 536 534 378 448 423 842 491 396 502 578 514 292 375 507 410 300 468 475 412 320 477 603 498 350 489 683 524 361 460 670 482 268 521 571 537 328 440 631 513 304 470 660 1008 394 407 630 397 281 356 519 610 260 438 619 307 417 650 733 534 386 555 615 447 361 241 585 515 282 431 545 628 295 500 502 454 341 412 254 308 338 492 626 489 303 467 557 511 413 505 689 483 300 414 567 453
152 303 202 183 377 119 342 34 120 219 258 185 114 122 356 92 188 300 329 135 289 283 291 397 40 341 303 103 310 228 291 5 85 277 265 124 149 146 267 405 242 234 257 96 16 171 288 62 396 237 526 460 84 120 171 74 77 207 243 115 47 248 274 403 0 316 214 89 195 214 475 200 71 134 283 240 149 202 184 121 524 132 278 88 92 270 165 78 117 219 172 76 32 172 231 192 117 117 348 68 211 667 248 59 96 284 308 87 154 275 283 104 254 278 286 90 502 231 161 382 67 161 155 447 185 222 214 147 61 155 204 97 201 92 233 98 223 165 239 78 25 170 297 24 128 196 241 225 166 238 291 76 276 170 229 69 171 189 341 47 172 126 324 264 517 188 213 34 87 282 180 171 85 263 224 132 122 213 224 44 148 113 143 258 87 268 273 176 113 188 272 511 215 242 339 68 510 180 325 80 131 129 241 48 172 201 155 193 120 162 266 74 64 145 235 116 213 133 247 27 176 156 199 76 74 598 316 121 261 187 319 72 206 172 207 169 119 467 187 130 129 241 408 68 67 382 212 62 134 358 193 217 573 174 173 183 114 325 159 153 200 207 257 196 133 50 217 42 115 71 142 92 10 88 270 450 154 180 208 183 69 163 139 100 656 325 49 83 233 241 295 44 155 159 386 100 79 348 337 326 249 190 249 42 200 171 208 95 92 167 323 243 24 360 255 216 110 217 438 117 111 337 113 58 114 102 196 92 160 185 278 113 44 72 134 86 99 241 397 87 149 57 506 14 134 365 491 33 143 207 83 163 98 607 131 91 540 175 484 93 162 150 286 203 123 158 192 44 23 339 288 43 135 185 517 710 554 187 212 108 233 220 219 99 137 166 253 139 85 246 251 72 167 119 502 74 188 331 239 136 163 203 256 583 62 343 140 46 100 203 463 100 113 214 190 127 111 106 164 175 104 184 110 72 136 126 202 124 64 224 280 201 72 310 285 132 148 304 203 188 107 459 295 169 118 276 264 631 141 133 253 134 153 151 180 207 144 234 267 136 37 415 330 161 61 235 242 67 65 206 189 114 136 157 167 240 124 176 144 65 66 202 386 101 66 89 238 97 163 560 156 109 76 326 297 99 264 222 183 54
466 46 488 214 635 214 541 320 314 150 471 313 272 267 630 350 366 29 571 417 436 130 535 713 356 28 538 358 574 113 472 314 300 102 464 217 341 216 536 344 470 83 425 393 308 153 522 350 712 79 628 766 263 244 461 278 275 354 442 250 363 139 534 473 316 0 487 306 284 180 619 118 303 198 499 442 343 118 472 208 764 201 506 312 228 147 442 287 199 381 437 378 314 147 532 207 392 209 574 371 219 981 502 366 245 159 573 290 235 41 583 351 323 182 503 372 801 124 363 698 384 158 430 675 415 111 489 370 261 164 489 221 169 226 443 392 442 152 411 241 312 146 507 320 321 243 493 352 346 79 577 342 354 256 405 257 379 163 624 287 145 239 285 67 445 198 435 342 261 34 444 397 315 87 474 184 328 128 463 356 436 205 279 225 230 59 477 468 327 156 554 480 265 81 608 285 826 147 456 391 358 189 478 358 319 116 338 508 243 226 435 301 297 451 507 337 103 200 425 293 152 412 404 267 244 903 623 208 311 326 561 308 318 150 414 420 289 646 416 230 265 86 276 382 307 106 345 370 383 105 440 120 785 171 412 491 360 172 465 172 367 135 534 450 193 271 516 351 392 321 354 385 316 278 445 670 441 139 394 499 355 169 425 235 950 138 365 251 172 76 548 360 337 278 585 331 284 54 611 24 297 149 423 339 119 170 388 370 407 240 592 549 293 183 522 163 271 249 647 320 342 31 372 278 354 224 416 404 252 132 463 425 294 251 390 402 228 105 207 256 238 288 811 320 252 51 440 348 221 110 299 352 383 908 402 407 503 142 799 293 313 176 578 510 352 160 475 287 333 108 537 348 431 210 810 1006 853 144 469 288 104 125 485 368 225 151 527 327 382 77 494 305 215 225 764 315 204 139 546 448 173 116 533 891 297 64 409 351 415 113 698 291 424 146 454 288 312 215 472 141 304 152 418 246 224 230 424 423 280 123 468 191 258 13 535 442 278 69 490 228 383 735 590 477 263 46 492 614 176 184 521 444 399 183 487 416 339 83 556 401 284 730 480 265 257 193 517 377 359 255 438 328 273 162 451 493 369 191 449 286 292 115 606 288 306 349 492 295 429 819 351 339 393 33 529 277 174 97 457 347
128 487 28 286 163 275 164 189 324 349 103 202 327 221 145 140 377 463 121 267 467 405 86 319 197 505 102 131 96 378 151 219 294 413 122 271 343 273 53 413 382 413 156 119 211 366 92 155 289 414 385 422 227 243 50 287 291 403 116 237 186 453 61 593 214 487 0 182 406 424 626 372 280 339 109 112 342 370 39 282 595 338 92 176 294 385 49 203 309 406 50 223 241 344 270 295 269 322 147 147 424 522 45 156 309 390 94 198 368 447 111 137 460 489 110 127 480 372 135 290 173 334 60 541 343 416 4 121 271 329 26 281 409 275 103 116 377 344 150 280 201 349 123 231 330 410 44 197 359 416 91 152 478 383 144 280 350 327 137 216 357 248 355 423 501 300 85 180 301 456 43 100 173 456 41 321 321 411 60 208 262 295 214 328 273 452 119 267 311 391 67 468 429 406 126 282 383 340 219 145 316 322 65 169 376 382 160 136 334 267 158 190 275 222 21 151 391 289 143 222 374 306 114 225 277 422 162 327 471 191 111 183 411 365 108 70 330 281 87 257 342 428 621 159 275 572 192 155 302 490 57 414 666 317 82 93 294 423 91 317 390 407 47 44 335 237 67 173 266 171 137 122 222 302 152 552 265 367 134 186 246 365 76 255 463 439 191 242 443 419 83 185 161 221 199 156 292 502 126 489 460 391 147 231 385 375 142 124 184 258 110 106 235 455 41 424 323 278 238 168 302 513 116 220 299 268 95 137 374 366 142 201 258 281 97 163 307 389 606 235 363 271 332 222 348 529 466 202 355 388 189 149 117 424 88 166 494 360 401 195 367 350 96 90 309 348 26 217 216 536 80 171 85 289 508 519 367 343 32 199 427 366 13 124 263 351 41 166 233 430 60 186 380 262 550 176 401 446 102 200 367 389 46 416 273 492 80 220 146 382 252 196 201 349 33 202 316 308 97 359 311 336 118 260 349 257 89 96 278 369 139 311 284 484 77 113 360 450 31 277 265 490 112 92 332 441 86 556 332 318 39 207 314 355 93 106 339 408 73 288 226 290 203 233 266 331 30 152 235 420 56 160 349 330 49 41 299 300 93 208 278 385 499 312 274 142 38 192 299 603 147 149 180 486 101 210 475 405 32 162
180 305 182 121 338 92 275 58 203 176 192 96 185 48 327 45 275 283 280 219 376 237 241 436 113 325 249 52 273 199 216 92 166 240 194 89 234 95 233 323 330 231 176 97 74 188 233 61 424 232 443 514 45 64 156 146 147 291 170 57 111 277 234 485 89 306 182 0 266 255 563 190 154 168 220 169 235 188 166 100 606 168 220 6 124 220 136 23 132 305 132 156 118 161 297 130 203 151 291 87 264 684 203 86 152 230 272 16 213 265 278 46 329 319 224 72 562 196 82 415 123 152 124 532 273 236 184 76 114 147 183 104 237 97 164 93 311 162 159 113 64 167 232 112 212 257 194 137 251 233 271 42 354 235 149 123 260 150 320 52 176 70 245 243 433 131 148 78 151 274 140 104 11 275 175 142 208 232 169 124 228 115 60 187 96 270 204 253 198 215 249 424 281 225 306 144 534 158 241 110 220 145 185 89 253 199 69 221 180 99 187 15 144 214 203 38 209 106 169 73 197 244 125 45 111 598 321 157 334 98 269 16 284 186 135 118 196 397 124 78 198 247 455 109 151 390 123 91 223 320 141 234 658 138 115 194 203 268 167 135 286 229 230 149 162 71 212 83 201 25 64 88 98 161 192 536 234 186 129 232 157 190 121 73 645 276 117 62 273 237 251 106 69 75 320 27 154 324 308 309 320 214 169 130 203 201 127 67 153 97 290 248 92 303 220 251 181 139 377 31 198 331 67 49 203 87 129 120 225 184 203 180 122 121 86 134 141 211 430 53 208 133 507 103 198 349 405 110 195 206 9 80 81 602 96 142 452 179 524 14 243 174 272 210 211 168 169 55 109 355 242 77 130 124 581 700 547 162 168 26 246 188 182 63 85 170 223 52 167 248 200 17 219 80 580 18 237 283 245 199 193 207 229 588 142 316 104 130 137 199 413 19 179 174 151 42 194 137 176 177 186 155 127 87 188 77 136 124 136 191 207 144 129 302 239 151 221 274 184 119 194 532 285 180 187 260 205 542 153 138 218 199 242 181 190 136 230 226 250 223 69 437 249 82 105 173 212 97 151 270 138 32 208 147 146 194 212 126 151 34 144 203 473 178 149 45 193 14 249 637 73 36 137 307 242 29 304 223 152 64
314 246 390 295 568 222 536 226 86 286 452 349 82 274 542 285 90 286 523 192 155 333 485 504 209 312 497 296 501 265 481 190 112 311 457 233 85 259 458 524 195 218 443 287 203 158 482 256 521 223 708 527 233 255 359 123 120 71 434 254 220 150 466 228 195 284 406 266 0 105 346 217 125 129 477 432 87 225 372 216 482 125 473 269 153 333 358 246 167 98 366 194 165 209 304 299 171 136 543 259 67 795 442 250 117 351 499 257 65 256 457 296 63 137 481 284 550 279 348 501 236 204 349 392 152 176 405 338 153 200 392 184 115 187 426 290 167 195 425 158 214 195 491 175 83 41 435 396 79 222 474 269 92 37 415 144 113 262 523 214 183 257 443 270 640 289 406 227 116 255 374 363 268 198 418 172 94 158 419 199 211 186 299 365 185 224 466 239 101 135 458 650 31 250 527 127 636 231 506 262 116 163 436 236 47 200 335 347 90 283 453 252 131 246 427 302 210 224 435 197 151 166 389 228 159 752 478 130 67 356 513 254 35 162 398 364 76 660 381 254 69 201 234 248 131 291 383 251 143 372 388 166 502 250 368 355 132 388 335 217 87 151 445 391 139 195 395 233 172 259 329 285 186 107 458 387 214 178 395 311 167 137 330 222 821 370 216 218 116 222 488 221 334 312 580 287 116 334 524 304 54 144 436 175 189 129 394 290 238 298 513 411 179 417 447 121 86 345 633 297 116 286 307 218 125 209 389 272 46 194 468 238 151 147 328 251 135 274 251 229 67 138 663 185 70 333 620 204 88 201 258 346 292 767 326 251 678 183 582 264 49 143 466 375 116 170 382 212 190 239 482 236 322 295 551 872 718 238 406 274 181 266 412 294 257 181 443 318 189 212 446 252 77 237 488 258 80 375 409 257 131 189 444 732 133 339 334 187 270 206 657 269 238 277 383 290 92 146 337 187 95 242 291 186 91 249 395 311 133 268 471 297 138 271 479 306 46 315 390 309 167 467 471 343 80 266 459 780 167 179 444 250 150 130 352 398 86 227 449 166 198 549 516 307 162 329 432 254 177 33 384 297 59 204 357 434 135 272 324 233 129 195 323 94 131 282 432 268 186 541 340 297 234 310 492 259 133 203 376 249
360 141 415 239 587 180 529 235 154 210 447 316 120 244 568 288 191 184 533 268 257 245 494 580 244 208 503 299 520 181 467 209 156 220 448 190 173 211 478 452 297 122 423 309 214 83 487 270 590 127 674 616 212 220 384 147 143 175 424 222 254 47 482 306 214 180 424 255 105 0 442 134 166 88 475 423 175 142 397 172 587 87 475 260 132 249 375 233 126 202 378 248 195 138 385 240 243 104 546 281 39 864 453 273 118 267 518 242 71 155 496 296 146 65 479 298 644 196 335 572 274 137 364 497 247 77 425 331 154 137 417 153 22 159 419 310 268 126 406 145 224 123 487 204 158 64 445 364 174 125 504 274 178 82 398 145 208 193 554 210 108 219 375 174 566 228 403 247 130 153 386 359 261 94 427 121 167 61 423 238 288 146 267 297 159 121 459 318 170 50 485 584 85 157 550 154 705 159 478 293 197 115 440 261 144 114 316 398 98 234 434 243 165 314 446 293 120 175 418 202 73 252 379 211 148 807 526 98 136 326 522 248 139 87 389 370 131 650 379 212 106 100 200 280 171 193 352 276 225 272 394 68 606 186 369 395 206 301 372 156 190 55 469 400 94 189 430 256 244 257 319 304 208 138 441 491 292 100 379 373 220 70 350 190 868 278 253 195 19 125 501 253 315 276 575 281 147 231 549 201 121 57 418 215 101 58 376 300 287 250 534 454 191 326 465 18 121 290 633 283 186 181 312 209 198 175 384 305 82 114 455 296 174 144 334 292 118 187 184 205 76 163 716 210 94 228 551 236 73 112 247 330 307 818 337 295 611 107 662 247 141 85 500 416 193 104 404 209 220 142 493 256 348 237 648 922 766 165 417 252 79 185 427 302 213 110 464 300 247 111 453 245 51 197 591 254 31 282 451 319 65 100 468 790 166 237 346 229 309 119 667 250 295 201 397 264 156 118 376 111 151 171 324 169 79 209 392 338 154 186 459 232 142 167 490 344 110 217 416 255 236 567 508 382 111 166 460 718 111 128 463 312 237 75 392 390 172 132 480 246 198 614 493 267 158 259 453 281 228 75 390 286 110 140 379 445 213 212 357 223 160 108 427 139 170 286 443 252 271 644 325 290 277 207 496 237 50 108 393 263
500 576 600 629 762 552 786 507 368 629 709 658 401 589 720 560 293 626 744 363 194 678 712 524 460 646 729 569 703 611 751 471 403 657 721 562 333 590 666 861 244 562 725 530 489 504 717 523 569 567 993 469 546 577 577 429 430 287 702 574 467 480 682 167 475 619 626 563 346 442 0 563 413 471 727 698 332 571 588 548 246 466 715 563 482 677 592 550 504 265 608 419 445 553 378 634 368 474 773 510 403 792 671 503 444 695 701 560 409 597 617 573 296 443 729 543 450 624 632 542 469 546 588 180 293 519 624 615 467 542 603 513 458 514 690 536 255 539 708 481 499 540 742 451 357 383 668 699 318 566 654 545 265 381 698 461 304 604 693 515 528 581 779 614 977 625 667 493 434 595 614 632 560 533 656 512 359 501 666 447 365 520 613 703 511 563 726 360 367 480 651 980 357 595 717 428 655 574 796 498 343 502 680 492 329 546 629 506 423 612 733 548 424 404 642 589 556 558 714 492 497 327 663 539 481 813 608 469 308 661 735 547 312 508 669 618 384 907 644 580 396 542 436 487 415 595 686 501 342 715 637 509 207 590 628 540 360 733 536 557 284 495 647 634 481 503 581 494 371 545 613 533 465 416 735 159 361 524 677 451 409 483 564 546 904 716 461 535 447 566 705 471 629 628 825 573 419 672 707 642 322 489 716 435 535 475 678 552 448 624 707 572 473 763 661 460 405 675 863 592 365 614 573 523 360 536 655 500 389 540 738 427 445 466 589 472 466 620 504 545 409 436 744 461 404 664 954 460 430 546 556 636 546 839 578 467 1008 529 560 566 338 487 639 554 352 515 600 511 456 546 705 499 548 629 426 942 808 582 642 580 522 611 637 559 585 526 650 614 408 553 683 546 422 564 299 548 424 720 572 427 477 535 646 784 425 679 584 438 486 551 860 573 427 621 620 599 375 480 530 532 385 585 515 505 432 575 659 538 437 613 739 635 455 606 702 514 372 659 599 640 376 329 634 536 405 608 704 1104 509 519 658 419 325 475 539 668 337 571 633 348 499 605 796 627 477 669 641 499 417 369 633 588 384 546 582 666 351 608 534 535 425 541 158 398 416 556 663 570 330 325 628 581 457 649 727 568 448 547 606 516
349 116 371 120 525 98 441 203 219 77 365 214 177 156 516 234 284 100 463 311 371 115 425 597 241 141 430 242 462 48 374 198 198 95 361 102 252 107 423 318 381 42 327 275 191 59 414 232 595 42 558 656 147 131 344 172 169 280 338 137 247 123 421 437 200 118 372 190 217 134 563 0 198 99 394 338 253 9 355 90 678 103 399 196 116 116 326 170 86 305 322 266 201 29 423 117 287 104 469 254 168 864 390 248 141 135 460 174 155 76 466 236 272 178 398 255 694 63 254 582 268 40 314 592 323 67 374 258 148 46 373 104 113 109 337 274 354 35 311 127 194 31 403 206 228 182 381 258 261 44 461 225 304 182 305 146 290 67 509 169 37 127 242 65 432 106 327 224 156 84 330 286 199 95 362 71 233 77 353 242 329 88 173 166 113 81 374 361 230 86 439 451 210 42 495 178 709 36 370 274 261 78 368 241 239 21 230 391 149 124 338 184 190 340 392 223 22 84 325 176 67 312 297 150 130 785 505 105 266 226 453 191 251 55 308 306 196 554 305 118 175 64 308 264 201 202 249 252 283 167 328 73 709 66 300 374 260 171 347 55 289 80 420 337 90 153 399 234 286 204 243 268 201 176 347 589 335 39 290 384 245 80 308 118 834 154 249 134 140 47 437 244 229 175 486 216 180 148 497 126 250 78 324 226 33 89 285 253 292 140 479 431 178 200 409 119 175 168 547 207 242 142 256 161 254 107 307 286 175 23 364 311 183 140 275 285 120 57 262 139 156 179 694 205 164 165 417 233 135 25 183 245 265 791 286 291 478 35 684 177 232 78 462 392 255 53 358 170 219 173 427 231 313 117 705 890 736 38 356 174 74 51 371 251 114 41 413 217 271 61 384 188 141 111 671 198 142 159 428 335 86 35 419 774 190 145 293 238 297 16 593 176 310 68 340 178 216 106 354 32 206 46 301 129 134 118 315 306 172 52 368 106 148 113 424 324 195 109 373 136 277 636 474 359 170 75 385 585 66 69 407 331 301 90 370 309 248 36 439 298 167 613 390 163 143 127 402 259 248 197 326 214 186 44 335 381 269 92 331 168 185 27 524 190 199 233 380 180 328 726 242 224 277 126 422 163 162 39 342 229
197 280 265 222 443 146 413 104 49 240 329 246 49 176 418 164 121 293 398 114 223 300 360 417 85 330 372 174 375 237 362 67 14 288 336 155 81 182 332 452 194 222 327 161 82 151 358 132 425 226 596 463 133 165 234 25 29 137 314 162 96 207 341 333 71 303 280 154 125 166 413 198 0 106 354 311 82 202 247 144 488 102 349 155 84 292 232 138 114 152 241 82 40 175 229 229 90 95 418 133 153 699 317 124 59 308 374 148 97 265 337 175 183 226 357 159 498 245 231 407 113 164 223 405 134 197 280 218 58 159 268 110 158 109 305 165 170 164 309 77 94 167 368 50 58 133 310 290 97 226 351 147 204 105 299 55 110 210 401 103 163 169 371 262 567 222 284 102 43 269 249 242 153 235 293 128 54 183 295 76 133 122 200 298 104 248 345 165 46 155 334 567 149 240 403 20 540 190 394 138 73 120 311 111 101 191 222 234 68 203 337 139 11 151 301 186 204 156 318 81 152 116 270 126 75 642 363 95 191 251 387 139 135 153 278 240 49 538 259 170 65 220 348 123 6 351 277 126 88 364 264 190 528 195 245 235 64 349 213 165 133 176 320 266 111 90 273 108 89 141 212 159 62 28 341 406 138 166 278 208 55 136 204 135 706 342 93 123 185 228 362 97 222 215 457 169 20 343 399 318 180 160 319 52 185 138 278 166 122 213 388 293 61 383 322 172 47 264 509 184 50 318 184 110 60 129 267 148 96 177 349 131 32 62 205 130 77 249 348 132 91 24 552 60 74 354 543 79 94 195 146 232 167 654 201 132 596 165 501 155 91 127 344 255 64 146 257 100 65 303 357 111 197 223 508 759 604 198 281 168 207 232 286 171 176 157 318 206 82 227 321 137 114 155 475 142 136 348 290 153 133 188 319 625 12 342 210 65 148 195 531 161 130 233 258 187 41 92 216 167 33 198 168 95 89 165 273 186 28 235 351 233 51 294 354 184 80 307 265 231 79 439 350 222 57 269 335 691 132 132 319 148 107 122 232 278 76 225 326 101 86 448 400 214 68 268 307 129 62 141 260 182 69 162 232 309 74 206 201 124 13 190 340 32 6 160 307 159 131 532 225 179 114 320 367 155 214 207 250 124
285 175 331 168 500 99 442 151 121 159 359 233 79 159 483 201 186 189 446 220 277 211 407 520 169 225 416 211 434 144 380 130 103 193 361 109 153 134 392 395 282 117 338 226 131 45 400 185 524 121 593 569 125 136 300 81 77 185 337 137 178 115 395 356 134 198 339 168 129 88 471 99 106 0 388 335 155 105 313 91 580 4 387 172 45 208 290 145 41 209 292 183 121 83 335 171 195 17 459 199 101 797 366 191 47 225 432 154 63 160 416 208 190 152 391 212 604 156 248 508 199 76 278 493 224 92 340 244 72 72 333 66 70 72 332 227 255 69 320 59 139 71 399 129 130 102 358 281 163 121 421 187 221 92 311 65 191 134 471 124 62 137 314 161 511 160 316 165 63 164 300 272 173 131 340 44 135 80 335 166 239 62 183 236 72 142 372 271 132 54 401 522 131 138 465 88 639 104 394 214 164 34 352 181 143 88 229 325 51 157 348 155 100 255 360 206 100 98 332 118 46 216 292 123 62 731 449 12 188 242 435 160 159 48 302 282 97 563 291 131 77 114 288 201 110 250 269 195 187 264 306 86 611 121 281 317 164 265 292 88 192 74 384 313 10 102 349 175 194 170 232 220 130 80 355 491 244 62 292 308 159 31 266 105 789 251 178 108 105 122 414 176 229 193 487 193 86 239 464 212 172 57 332 145 80 37 290 214 217 173 449 376 109 296 379 85 77 218 545 195 146 212 225 121 157 90 296 226 83 76 368 231 101 61 247 217 34 154 267 118 62 93 640 133 67 249 492 161 41 91 159 243 222 741 251 221 549 63 605 160 135 21 418 337 157 46 320 122 145 205 406 174 265 167 612 843 688 111 330 166 102 142 341 215 133 58 379 213 186 121 365 157 58 115 573 166 72 256 373 255 30 82 383 716 101 239 260 159 233 92 580 163 230 151 310 178 118 31 297 66 109 115 244 81 38 127 304 255 84 145 372 168 64 188 403 265 99 206 332 182 185 540 427 303 72 165 373 652 39 51 377 250 204 17 313 303 150 121 397 204 112 545 408 186 74 200 368 200 164 118 303 199 88 76 294 358 173 143 277 135 95 85 425 93 109 199 356 164 233 629 237 203 205 215 409 150 137 101 307 179
234 510 137 286 147 303 60 252 402 351 29 187 396 240 163 193 463 472 78 364 559 395 54 414 279 513 45 181 107 386 54 288 368 411 39 296 426 287 101 347 483 436 87 201 275 405 35 222 377 436 276 523 264 265 153 355 357 487 58 260 269 495 81 681 283 499 109 220 477 475 727 394 354 388 0 57 426 390 145 312 704 388 20 215 344 374 136 242 351 494 119 313 314 369 379 293 363 371 75 226 483 580 67 234 368 374 107 234 430 462 194 182 537 539 4 196 582 376 142 383 262 361 140 649 438 450 113 144 329 358 134 323 457 317 58 196 474 373 94 332 263 378 15 304 409 474 65 157 444 438 153 208 558 450 96 339 440 337 175 268 389 268 305 432 418 302 72 253 364 472 114 116 215 487 72 359 402 449 61 291 362 332 222 303 316 476 26 371 392 434 133 378 496 420 138 351 457 359 124 232 402 363 48 247 454 408 165 244 396 274 81 233 347 326 102 182 416 314 80 282 414 402 98 265 330 461 244 377 544 174 70 228 489 403 87 115 402 184 97 277 410 456 675 244 350 595 160 234 393 479 92 450 774 331 110 202 382 399 197 342 476 447 119 93 381 289 173 248 360 221 156 200 293 370 71 660 366 400 105 294 331 409 163 288 481 422 275 280 492 441 76 266 165 222 103 195 361 502 148 496 532 432 83 311 415 420 111 188 280 259 125 207 299 427 93 471 391 260 158 193 386 529 170 267 385 303 91 228 439 395 51 300 326 338 149 256 360 395 648 271 425 340 378 294 413 533 382 282 413 415 229 150 189 454 155 261 402 392 492 228 445 393 169 198 395 384 132 270 292 567 63 244 179 289 612 536 397 359 85 225 460 374 96 184 280 384 109 179 324 455 49 231 437 287 658 223 456 428 204 303 412 418 118 461 345 490 147 303 241 407 199 226 300 353 108 218 393 357 205 389 387 351 213 307 407 278 84 189 344 377 46 310 344 499 63 215 431 450 140 272 357 598 185 200 399 454 24 453 370 354 96 310 408 401 201 86 422 429 152 383 282 371 101 234 322 319 110 234 321 486 96 189 418 357 146 68 388 308 195 253 349 413 605 384 349 196 71 224 397 711 153 185 272 491 36 240 523 431 122 230
220 453 137 229 200 248 106 207 359 294 28 130 349 184 209 147 425 415 132 336 523 339 100 430 241 456 98 137 150 329 52 244 324 354 25 241 387 231 129 308 455 380 45 168 229 350 84 180 399 379 295 533 211 209 141 309 311 446 5 205 233 441 115 642 240 442 112 169 432 423 698 338 311 335 57 0 387 334 137 257 693 336 66 165 293 318 116 191 298 456 96 280 271 313 367 236 331 319 131 189 433 619 87 197 319 319 150 181 381 405 217 136 492 486 61 157 591 319 88 401 229 306 115 633 406 395 116 94 281 303 135 270 404 264 9 162 443 317 43 282 218 323 65 262 368 425 80 103 404 381 183 164 515 402 42 290 404 280 216 219 334 212 258 376 390 245 33 212 317 415 94 69 165 431 71 305 361 394 51 254 336 279 166 249 264 419 36 349 351 381 160 357 449 363 184 305 488 302 110 201 365 310 54 209 412 352 109 239 347 217 46 182 303 304 116 131 359 259 32 235 360 371 44 212 280 506 268 326 499 118 123 179 446 348 34 81 358 229 54 221 363 400 623 211 307 539 105 198 359 424 67 395 759 274 70 197 345 345 184 286 438 392 141 75 329 239 178 209 328 173 104 165 249 325 42 642 341 345 48 283 294 356 138 234 531 368 239 228 440 385 119 229 110 165 152 145 316 446 192 439 485 378 37 272 359 367 55 148 252 202 169 217 253 374 117 417 345 204 211 140 347 472 128 217 347 249 44 199 392 339 39 275 281 289 110 227 310 338 593 218 376 294 420 252 365 477 355 243 363 359 177 95 153 502 121 233 383 337 512 175 402 340 196 198 357 329 127 221 251 511 106 204 157 233 618 587 444 303 80 171 404 317 99 142 224 329 130 124 291 399 69 181 387 232 652 174 405 373 214 282 359 363 140 504 301 434 115 265 215 351 255 173 275 297 93 162 351 305 194 334 344 295 187 255 357 222 40 164 298 320 41 253 295 442 105 195 386 394 140 216 324 595 213 191 352 397 54 447 316 300 118 287 375 348 195 33 382 372 175 351 234 397 100 177 273 263 127 199 284 438 71 137 372 302 130 82 352 251 178 202 304 357 584 339 306 151 83 171 369 707 99 135 241 434 89 186 470 375 109 189
238 311 323 299 501 222 486 182 36 308 403 328 76 257 471 240 40 339 463 106 142 364 426 417 148 371 440 250 435 298 438 145 71 348 411 232 2 259 392 531 128 267 406 227 162 197 426 206 435 272 675 443 214 245 293 97 98 61 390 242 158 222 403 255 149 343 342 235 87 175 332 253 82 155 426 387 0 260 306 219 425 150 418 235 153 359 297 219 179 71 309 120 117 236 217 305 87 152 486 201 146 708 382 192 117 376 433 230 109 309 380 252 123 221 429 231 469 309 310 414 169 227 290 338 73 232 341 296 135 222 326 183 178 184 380 231 100 223 388 151 173 225 440 125 26 118 377 371 17 271 402 224 136 94 378 129 36 280 450 184 216 249 449 315 646 297 358 175 105 311 316 318 233 263 361 191 27 215 365 135 124 193 281 374 180 284 419 152 36 187 389 648 118 293 459 96 549 255 474 198 30 181 381 179 41 241 303 267 104 281 415 220 92 162 362 265 254 230 396 162 194 79 347 207 150 667 397 149 137 332 452 219 75 201 354 312 58 610 333 248 79 257 320 184 84 368 358 192 57 419 334 223 457 265 318 280 50 417 264 233 52 208 377 335 164 171 322 178 88 220 291 227 139 86 419 336 127 216 357 227 97 178 268 214 739 405 152 203 192 273 425 160 303 296 529 249 88 389 453 361 131 195 397 115 233 174 357 239 163 293 445 334 143 449 383 188 79 343 577 265 41 351 258 192 44 206 343 205 93 230 425 158 114 135 278 180 140 309 338 213 105 104 580 136 92 394 623 144 122 244 227 312 237 683 271 179 676 218 495 236 38 176 392 300 34 201 317 181 135 317 422 183 257 299 472 789 636 263 348 249 240 296 350 244 254 213 377 287 113 267 389 218 129 233 421 222 145 411 331 175 173 234 377 647 94 391 279 123 199 246 594 243 157 300 325 268 43 155 263 221 53 264 224 174 121 244 348 246 105 298 427 307 124 332 418 235 66 361 322 309 84 393 396 270 83 316 406 772 191 196 380 167 63 165 278 354 5 273 377 79 168 463 479 295 146 342 366 193 108 117 330 262 70 226 293 375 50 280 254 205 93 238 271 68 86 237 372 241 99 476 304 258 163 365 435 237 214 251 315 198
350 120 370 113 521 96 436 203 225 68 361 209 184 153 514 232 291 98 459 316 378 108 422 599 243 140 426 240 459 40 369 200 203 88 356 99 258 103 420 310 387 46 322 275 192 67 410 232 596 46 551 659 145 128 343 177 174 287 334 134 249 131 418 446 202 118 370 188 225 142 571 9 202 105 390 334 260 0 354 89 684 109 395 194 120 108 324 169 89 312 320 269 204 30 426 110 291 109 464 254 176 864 387 248 146 126 457 172 162 77 465 234 281 186 394 254 698 55 250 583 269 42 312 598 328 75 372 255 152 47 371 106 122 111 333 274 360 39 306 131 195 36 399 209 234 190 378 252 268 48 459 224 313 190 299 150 296 60 507 169 44 124 234 61 424 99 323 225 162 86 327 283 198 102 359 75 239 85 349 244 333 90 168 157 115 86 369 365 235 95 437 443 218 40 493 183 710 31 363 274 267 82 365 242 247 29 226 392 156 118 332 183 194 343 390 220 28 82 320 178 75 318 293 149 134 785 505 111 274 221 449 190 259 63 303 304 202 548 302 115 182 70 316 265 205 205 243 253 289 162 325 81 716 60 297 373 265 163 347 54 296 89 417 334 96 154 398 235 290 203 240 267 203 181 341 596 339 47 286 386 249 88 307 116 833 146 251 133 149 51 434 246 225 170 481 214 185 145 495 124 259 87 318 230 41 97 280 252 294 134 476 431 180 192 406 127 181 160 542 204 248 143 254 160 259 106 303 287 183 31 358 314 187 144 273 287 125 50 269 137 163 183 693 208 171 164 409 235 142 33 182 240 264 790 284 293 469 42 686 175 239 85 460 392 260 59 357 170 221 179 424 231 313 110 709 888 735 31 353 171 81 43 369 250 110 47 410 213 275 67 380 187 149 108 676 197 150 152 427 337 94 43 416 773 194 142 292 241 299 24 589 174 313 60 338 174 221 111 354 39 212 40 301 130 141 114 311 305 176 44 363 98 153 114 421 325 203 105 372 130 281 641 472 359 177 74 381 577 70 72 405 334 306 97 370 305 255 39 438 303 168 613 384 158 146 119 400 260 252 205 323 212 193 45 333 378 275 86 331 168 190 36 530 196 204 231 377 178 333 732 238 222 279 124 418 160 171 45 340 230
90 469 18 279 196 257 201 162 289 340 134 204 295 209 172 122 340 449 159 228 429 398 125 300 163 492 141 114 129 365 182 189 261 404 152 255 307 260 86 427 344 395 179 88 183 344 130 128 276 396 420 399 209 229 13 257 260 366 142 223 152 428 98 556 184 472 39 166 372 397 588 355 247 313 145 137 306 354 0 265 560 312 129 160 268 379 33 185 287 369 49 187 209 326 234 288 232 296 186 116 395 523 83 125 280 386 127 182 338 431 112 122 426 462 146 102 455 361 137 274 138 316 44 505 305 395 36 119 243 311 20 259 382 253 128 87 338 325 170 254 174 330 159 199 295 379 81 208 323 398 108 131 442 351 163 252 313 316 158 192 337 235 363 409 520 292 107 150 271 439 47 105 156 435 73 299 285 388 89 174 223 274 207 329 250 433 151 228 276 366 88 491 396 391 155 251 377 324 247 110 279 299 98 138 341 363 159 103 304 259 183 171 243 184 57 140 373 272 166 195 351 268 128 205 251 432 158 301 436 195 149 164 376 343 124 72 297 320 99 244 310 408 592 124 242 552 201 123 264 483 72 391 630 304 88 60 258 421 52 300 353 384 73 62 310 212 50 142 229 151 133 93 191 270 179 515 227 347 149 150 210 341 47 237 480 435 156 222 416 401 120 151 160 216 237 142 260 490 153 475 426 367 170 197 365 350 156 102 147 251 140 90 207 455 77 397 292 278 277 158 266 497 100 198 262 249 109 101 342 347 172 162 227 254 85 126 280 377 580 217 332 240 341 191 317 515 486 169 327 369 172 150 92 436 71 128 518 340 386 180 332 326 107 62 273 326 12 192 183 514 118 141 50 282 482 535 381 328 60 187 405 354 50 104 251 331 71 161 196 411 97 167 351 246 517 157 372 441 87 161 342 369 72 422 241 481 64 186 108 363 287 182 163 339 44 193 281 283 60 339 278 322 82 236 320 243 106 61 247 357 170 304 255 468 115 75 327 440 19 272 228 459 119 56 301 427 121 584 310 297 74 168 276 330 58 123 303 391 85 250 201 282 234 228 240 327 60 119 199 388 69 149 316 311 21 79 262 290 54 187 246 366 461 279 242 122 76 178 260 571 146 136 143 473 139 195 448 386 29 134
262 205 281 81 437 9 363 116 182 99 283 145 147 73 427 143 256 187 377 248 354 162 339 515 161 229 345 152 373 108 298 120 150 156 281 18 217 43 333 313 338 131 253 186 108 94 329 143 509 132 503 581 56 48 254 122 121 262 258 52 166 184 333 444 121 208 282 100 216 172 548 90 144 91 312 257 219 89 265 0 631 94 315 106 66 151 236 80 50 283 232 194 131 61 351 86 226 80 386 166 191 776 302 161 104 166 372 84 152 166 375 146 278 232 316 165 623 110 170 498 185 52 224 549 278 138 284 171 87 47 282 35 151 36 255 184 314 62 236 68 109 67 322 133 192 193 293 192 231 134 371 135 308 180 228 90 252 69 419 82 77 47 231 148 429 78 242 139 114 175 240 200 109 176 274 51 193 137 266 165 264 29 96 155 40 170 293 294 186 126 348 435 221 128 406 126 622 62 306 187 216 58 282 155 220 99 148 304 127 67 264 93 134 266 303 135 109 12 249 95 104 259 214 60 70 695 416 86 278 154 367 101 243 91 225 218 164 480 219 41 153 147 369 179 145 290 180 165 232 237 240 138 672 53 212 285 208 207 258 36 264 135 330 249 82 71 308 148 224 114 157 178 124 133 272 550 270 88 211 302 179 102 218 27 744 204 169 44 187 137 350 162 148 104 408 127 132 231 408 213 262 122 248 155 104 114 207 163 212 82 390 342 103 242 320 164 143 129 468 120 194 232 166 72 204 19 222 199 169 84 287 234 119 84 186 202 83 121 336 48 149 121 604 130 147 253 407 154 130 106 93 163 175 701 195 208 463 80 602 88 210 87 371 303 208 72 268 83 142 256 340 144 223 81 637 799 646 68 267 87 148 100 282 161 42 72 323 133 202 148 297 98 149 26 616 107 162 211 338 257 107 108 329 684 133 225 203 164 212 99 509 88 234 94 251 95 176 69 266 78 166 63 212 52 125 37 230 216 117 103 291 89 95 203 337 236 178 185 283 93 215 576 383 270 144 163 300 564 61 44 318 255 251 98 281 226 213 127 349 242 84 525 321 96 77 124 312 172 179 208 238 126 165 47 244 293 218 62 242 78 131 103 484 151 143 142 292 91 271 673 159 135 196 212 337 74 216 123 252 141
474 728 567 705 689 632 757 549 459 728 694 699 501 646 642 584 398 763 694 389 341 787 672 374 493 792 690 590 645 722 742 523 484 772 711 640 427 666 618 928 297 692 731 537 540 622 683 550 427 696 980 280 607 643 553 511 514 411 698 638 495 632 638 391 524 764 595 606 482 587 246 678 488 580 704 693 425 684 560 631 0 575 687 603 571 780 577 601 600 385 597 450 503 659 327 713 408 576 728 528 549 592 638 525 539 796 643 609 530 732 542 596 458 611 704 559 239 731 652 402 487 649 578 91 356 654 591 632 545 644 569 597 595 596 684 543 325 647 717 565 546 649 718 504 450 523 638 730 419 695 587 574 435 508 708 543 389 698 612 570 641 649 848 739 1039 707 661 528 524 734 600 639 599 680 633 613 446 636 649 483 378 610 665 781 591 705 711 354 450 609 593 1026 506 717 647 507 481 676 802 508 418 604 658 519 445 666 659 459 529 684 736 594 498 397 604 619 678 643 718 549 619 372 670 600 563 646 514 573 475 698 687 590 448 626 672 614 482 863 644 651 504 679 645 503 487 769 718 521 400 844 626 644 89 683 628 502 424 837 510 653 397 629 597 619 588 568 534 523 410 583 636 544 517 504 735 102 372 641 688 411 456 602 556 619 742 828 489 603 598 696 657 500 659 680 786 605 503 812 635 783 485 617 721 482 657 598 693 569 457 691 643 508 534 871 618 603 503 740 808 628 439 768 588 581 428 615 656 504 512 655 730 431 513 549 597 480 561 733 700 610 528 510 596 511 516 814 1010 497 546 669 602 661 557 677 580 473 1054 643 376 614 451 600 569 507 425 625 572 567 501 717 663 530 538 706 206 771 659 684 620 629 660 718 608 576 658 637 604 648 440 689 655 591 549 638 71 589 560 834 510 417 597 659 597 615 499 815 583 478 486 671 784 621 431 720 602 648 463 576 501 646 472 685 511 581 546 647 656 532 515 721 729 719 538 752 660 499 487 785 564 711 418 130 559 505 508 741 680 1135 614 618 615 413 381 590 503 670 430 698 573 390 558 462 793 684 554 754 599 517 459 514 622 621 494 648 563 636 413 693 516 589 501 663 160 489 488 581 633 617 362 79 653 610 472 788 691 622 610 676 586 545
282 179 330 171 500 101 443 150 117 163 360 235 75 161 483 201 182 193 446 216 272 215 407 517 167 229 416 211 433 148 381 128 99 198 361 112 149 136 391 399 278 121 339 225 130 49 400 184 521 125 595 565 126 138 299 77 74 180 338 139 176 116 395 353 132 201 338 168 125 87 466 103 102 4 388 336 150 109 312 94 575 0 387 173 45 212 289 146 44 205 291 180 119 87 331 174 191 17 459 198 99 794 366 190 43 230 432 155 60 164 415 208 186 152 392 212 600 160 249 505 196 80 278 489 220 96 339 244 70 76 332 68 71 73 332 225 251 74 321 58 138 75 400 127 125 99 358 283 158 125 420 187 217 89 312 63 187 138 470 123 66 139 318 165 515 164 316 164 59 168 299 272 173 134 339 47 130 83 336 163 235 65 185 240 73 146 372 267 128 56 400 525 128 143 464 85 637 108 396 212 160 38 352 179 139 92 230 323 46 160 349 155 96 252 359 206 105 101 333 117 50 212 293 124 61 729 447 11 185 244 435 161 155 52 303 282 93 564 291 134 73 118 287 199 106 252 271 193 183 269 306 89 607 125 281 315 160 269 290 92 187 77 383 312 14 102 348 173 190 170 232 219 128 76 356 487 240 67 294 305 155 34 265 106 787 255 176 109 105 127 414 174 230 195 488 193 83 243 463 216 169 60 333 143 84 39 291 214 214 176 448 374 107 300 378 86 72 221 546 196 141 216 225 121 153 92 297 224 79 80 369 228 98 59 247 215 32 159 268 120 58 89 638 130 63 253 495 158 37 95 159 244 221 739 251 219 553 68 601 161 130 26 416 335 153 50 319 122 143 208 406 172 264 170 608 841 686 116 330 167 105 147 341 215 136 62 378 214 183 125 365 158 55 117 569 167 70 261 371 252 32 87 382 714 97 243 259 156 230 96 580 164 227 155 310 180 113 31 295 71 105 119 242 81 34 130 304 254 81 149 373 172 62 192 403 263 95 211 331 185 181 536 426 301 67 169 373 656 43 54 376 247 200 20 311 304 146 125 396 200 112 543 409 189 72 204 367 199 161 115 303 199 84 80 293 358 169 147 275 136 92 89 421 88 105 198 356 165 229 624 238 203 202 219 409 152 137 105 307 178
219 515 120 294 133 306 72 247 395 359 39 196 391 243 145 189 455 480 66 353 550 405 36 394 271 520 32 178 89 393 73 283 362 420 54 299 419 293 81 365 471 441 102 192 270 406 18 216 357 441 293 503 264 268 139 351 353 479 68 264 261 497 61 673 278 506 92 220 473 475 715 399 349 387 20 66 418 395 129 315 687 387 0 215 343 384 124 243 352 485 110 304 308 373 363 301 353 370 72 218 481 561 49 227 366 385 89 234 427 468 174 180 531 539 19 189 563 384 145 363 252 365 130 634 428 453 96 144 327 361 118 323 457 317 64 187 463 376 107 331 259 382 32 298 403 471 49 169 436 443 133 205 552 446 108 336 431 343 157 266 392 272 321 439 438 309 73 246 361 478 103 116 214 490 59 361 395 451 54 283 350 334 227 315 316 480 43 357 385 435 113 398 492 426 121 346 437 364 144 223 394 364 37 240 448 412 169 227 393 280 98 232 342 312 83 182 420 318 94 279 416 392 103 265 328 444 224 377 539 183 56 227 483 405 92 109 397 193 96 281 406 460 675 235 344 600 171 226 383 490 85 452 758 336 107 186 373 411 182 346 468 448 99 84 382 287 154 241 349 219 158 192 287 366 88 645 354 403 114 278 323 410 152 290 466 434 266 281 492 446 57 258 170 228 111 194 357 511 130 503 527 434 98 304 418 421 120 183 269 266 107 187 295 440 74 471 387 270 160 195 378 535 166 266 376 305 93 218 436 398 69 288 322 336 144 245 359 402 650 272 422 335 360 289 410 542 402 274 411 419 228 155 182 438 148 250 422 395 472 229 438 394 149 180 387 386 117 267 285 571 44 238 167 297 593 522 381 365 73 228 463 381 80 179 285 387 89 182 314 460 32 230 436 291 640 221 455 439 185 289 413 422 98 443 339 499 139 295 230 411 194 228 288 361 96 222 387 356 189 393 381 357 201 306 405 282 84 177 340 384 65 318 341 506 44 201 426 459 123 281 347 580 165 184 395 460 15 473 372 356 76 296 397 401 185 90 415 434 132 372 280 351 121 241 320 329 91 226 312 483 89 190 414 361 133 51 379 315 181 252 344 417 590 379 343 192 54 225 386 693 157 184 262 499 23 241 524 435 109 224
175 311 176 127 332 98 271 56 204 182 188 98 187 54 321 39 275 289 275 216 377 243 236 430 110 332 244 46 268 205 213 91 167 246 190 95 235 102 227 326 328 237 174 91 73 193 228 56 418 238 441 509 51 70 150 148 149 292 167 63 108 282 228 487 88 312 176 6 269 260 563 196 155 172 215 165 235 194 160 106 603 173 215 0 128 226 130 28 137 306 126 154 118 167 293 136 202 156 287 82 268 678 197 82 155 235 266 22 216 271 272 39 331 324 219 66 557 202 79 410 119 158 118 529 272 242 178 71 117 153 177 109 242 103 160 87 310 168 156 117 63 173 227 112 213 260 189 137 252 240 265 36 356 238 146 126 259 156 313 55 182 76 248 249 436 137 143 75 153 280 134 100 5 281 170 147 208 238 164 121 225 120 64 192 101 276 201 249 199 221 242 426 285 231 300 145 527 164 240 105 219 150 180 85 254 205 67 215 183 105 184 18 145 210 196 34 215 113 166 74 202 242 121 50 115 592 315 162 336 99 264 16 286 192 131 113 198 393 119 84 200 253 460 104 152 396 124 86 222 327 136 240 656 144 109 188 202 274 161 141 287 235 223 143 166 74 206 80 199 20 61 82 98 163 189 534 231 192 126 227 156 195 115 79 638 282 114 67 277 243 245 103 68 79 316 21 156 330 302 315 322 219 167 129 209 206 125 61 149 102 284 242 94 309 214 256 183 144 373 30 198 338 60 52 202 93 124 115 228 190 200 176 123 124 80 130 145 217 436 59 211 135 500 102 201 355 408 107 198 212 14 78 75 596 90 137 454 184 518 20 244 179 266 204 211 173 163 57 107 361 236 74 123 130 576 694 541 168 162 31 252 194 176 57 92 176 217 51 165 254 194 17 222 87 576 15 241 289 238 194 198 213 223 582 143 322 97 129 132 205 408 24 175 180 145 46 195 142 170 183 187 162 122 91 192 83 132 118 137 198 203 150 132 308 233 145 224 281 178 124 192 528 279 173 189 267 200 544 158 143 212 195 240 186 184 132 230 232 244 221 71 431 247 86 108 179 206 93 149 274 133 28 210 153 139 189 212 133 145 37 145 209 471 179 150 39 187 19 247 633 71 31 133 313 237 36 309 229 146 60
244 212 286 147 455 71 399 106 117 157 316 198 81 122 438 156 190 214 401 196 288 216 362 485 130 253 371 167 389 153 339 88 87 204 318 82 152 109 347 379 276 145 297 181 87 79 355 140 486 148 557 540 84 102 256 60 58 196 294 102 138 160 350 380 92 228 294 124 153 132 482 116 84 45 344 293 153 120 268 66 571 45 343 128 0 208 244 102 30 217 247 151 86 91 307 153 172 28 415 155 140 758 321 148 38 225 387 112 92 187 372 163 216 197 348 167 578 161 206 471 159 80 233 487 216 131 295 200 33 74 288 32 115 35 289 182 250 81 280 14 95 85 356 92 127 136 313 245 165 149 376 142 244 118 270 30 187 128 426 78 83 105 297 181 495 144 272 122 48 193 254 228 129 171 295 45 128 121 291 128 214 40 147 221 33 177 329 245 123 98 356 501 162 158 420 65 601 106 357 171 154 39 308 138 154 112 188 285 63 132 308 111 75 224 315 162 125 77 291 73 85 201 249 81 18 689 407 34 217 205 390 116 178 80 259 237 98 521 247 101 87 149 332 159 86 290 232 151 172 281 261 126 609 113 237 274 148 266 249 81 198 116 339 268 42 57 305 131 171 125 189 175 89 68 314 487 219 89 251 271 130 73 221 69 745 258 139 67 150 151 369 135 188 159 445 149 69 263 419 239 202 99 291 111 109 81 249 169 180 146 404 333 67 299 334 130 77 195 502 153 132 246 180 77 143 57 253 183 107 97 327 197 67 24 202 177 18 165 312 78 88 64 597 93 83 278 474 121 72 117 116 201 177 697 206 182 529 86 571 118 144 58 373 294 146 68 275 77 106 248 361 130 221 148 589 799 644 114 285 125 141 148 296 170 105 77 334 172 156 155 321 113 95 85 559 122 113 264 330 221 74 112 338 675 75 261 215 123 191 115 535 122 196 149 265 140 111 15 254 87 101 114 201 37 66 97 260 211 57 151 330 154 33 220 358 223 113 224 287 159 161 523 383 260 78 190 328 629 52 48 332 217 191 61 270 260 148 146 353 185 67 506 369 154 30 189 323 157 133 150 258 156 99 78 249 313 158 127 233 91 71 112 421 85 85 154 311 122 215 616 196 159 166 241 364 110 182 132 262 134
400 179 393 100 517 152 408 258 323 52 346 189 284 172 519 264 393 118 450 399 484 21 416 655 309 150 416 268 461 69 339 270 295 45 336 147 358 127 429 208 484 133 293 317 256 175 401 278 644 129 481 728 192 158 371 268 266 392 316 165 313 231 422 554 270 147 385 220 333 249 677 116 292 208 374 318 359 108 379 151 780 212 384 226 208 0 346 209 180 417 336 345 282 125 501 91 377 207 447 303 284 901 389 300 242 18 460 207 269 126 491 260 389 285 378 292 772 53 251 635 330 133 335 696 424 176 388 264 235 137 393 183 229 185 320 313 458 138 281 215 255 138 379 284 333 298 380 219 369 131 475 262 421 297 277 237 395 82 519 227 150 152 139 91 318 89 318 283 256 135 342 286 230 188 363 169 336 190 348 315 415 170 172 79 190 159 350 445 331 203 451 343 326 97 496 273 753 105 314 326 362 178 361 298 351 136 225 440 257 122 302 222 282 415 402 239 129 139 296 243 183 408 285 199 217 807 537 211 383 201 440 230 365 170 295 315 302 506 303 145 284 160 406 321 293 253 214 305 380 106 331 184 816 98 304 413 356 58 387 127 399 194 431 343 198 221 428 291 375 242 248 308 274 276 312 695 420 155 271 447 330 195 338 170 844 56 317 188 253 133 433 308 224 164 450 240 277 132 501 134 367 194 293 306 148 204 264 286 359 128 480 466 253 91 414 233 280 114 513 221 341 178 280 216 351 169 300 338 289 139 332 383 269 230 294 346 220 63 346 186 269 270 717 280 275 166 306 303 247 137 217 238 301 808 309 353 368 149 743 206 342 190 481 429 354 163 379 229 292 247 420 286 349 97 787 900 751 97 361 195 179 66 380 282 137 151 422 219 352 152 378 227 256 152 766 235 258 63 462 405 201 149 430 800 282 118 315 315 353 130 569 202 382 59 352 187 318 204 396 145 308 95 347 202 246 148 308 344 265 64 338 76 241 153 418 371 307 82 395 108 366 726 495 399 278 112 371 478 169 163 414 404 399 203 409 297 354 122 457 391 233 656 340 151 227 55 413 312 330 314 331 230 296 133 359 381 366 96 371 215 279 142 629 292 292 264 381 207 421 823 239 244 343 127 407 192 271 143 358 279
104 441 46 246 212 228 195 140 277 308 119 172 278 178 194 93 333 419 166 229 426 365 129 331 150 461 143 84 145 334 165 170 246 372 135 225 298 229 102 396 347 366 155 71 162 318 129 106 308 368 407 427 180 199 29 239 242 358 121 192 140 404 109 550 165 442 49 136 358 375 592 326 232 290 136 116 297 324 33 236 577 289 124 130 244 346 0 156 261 363 20 180 193 297 251 256 229 272 189 99 375 556 85 108 260 353 143 152 319 401 144 91 414 440 138 77 482 329 105 305 129 287 12 518 304 368 50 86 222 282 47 233 359 227 107 68 339 296 144 231 152 302 150 183 283 361 79 177 315 369 135 104 432 335 136 231 308 284 184 167 309 204 331 378 491 260 84 132 252 410 23 74 127 408 65 273 275 362 75 162 227 247 174 296 224 405 136 236 265 342 113 465 380 361 175 233 410 294 225 100 272 274 88 121 329 334 126 126 285 226 160 143 227 191 71 108 345 243 142 173 326 267 99 177 228 463 191 278 423 163 156 135 365 317 98 42 282 317 71 213 294 381 572 113 227 525 170 107 260 451 49 366 644 273 58 85 250 388 68 271 346 359 95 43 286 188 83 125 226 123 100 73 173 253 158 528 231 319 120 167 201 316 29 209 508 402 145 194 394 372 130 138 127 184 235 111 243 459 175 445 412 342 146 184 338 326 126 76 145 219 159 123 186 422 90 374 275 245 280 126 257 468 70 171 254 221 82 94 325 319 153 165 209 232 53 121 257 345 557 188 314 222 372 174 299 485 458 155 306 341 143 118 68 466 40 125 491 312 417 149 320 301 136 92 265 299 33 167 168 488 125 123 44 250 508 564 411 298 52 156 379 323 54 75 219 303 89 128 190 383 93 139 331 216 537 129 351 408 119 168 318 341 94 454 225 450 33 174 106 335 299 152 165 307 28 160 269 259 78 311 264 291 77 211 300 212 81 53 229 326 153 272 234 438 121 80 312 408 49 239 224 480 150 76 284 397 113 561 284 270 88 174 274 306 82 96 294 362 114 248 177 315 216 196 217 295 78 105 190 372 45 117 300 283 16 78 256 258 62 160 230 338 471 264 227 94 75 147 262 592 114 104 138 442 139 165 425 358 18 112
191 284 201 113 360 72 297 53 186 163 214 109 166 45 348 64 259 265 303 213 361 225 264 446 109 307 272 72 295 183 237 80 149 226 216 70 219 82 255 327 320 210 197 110 62 165 256 69 437 212 462 520 24 51 174 127 128 274 192 44 110 254 255 468 78 287 203 23 246 233 550 170 138 145 242 191 219 169 185 80 601 146 243 28 102 209 156 0 110 290 153 151 105 141 299 122 196 129 314 94 242 700 225 92 131 220 294 11 191 246 296 67 309 297 246 87 567 181 104 427 124 131 144 525 262 214 205 99 94 126 203 81 214 75 187 107 300 140 179 92 55 146 254 101 196 235 216 152 235 213 291 56 335 215 170 103 246 135 340 35 154 57 247 225 439 121 171 77 131 254 161 127 30 253 197 119 192 210 192 118 224 93 65 184 74 249 227 250 183 193 269 433 260 206 328 126 547 140 260 117 206 122 208 91 235 178 88 232 159 90 207 14 128 214 224 61 189 87 190 58 174 235 147 22 90 616 337 135 313 113 292 22 266 164 157 140 178 419 146 64 178 225 433 113 135 369 139 96 212 307 164 212 651 122 137 208 191 260 181 115 270 207 250 171 139 51 230 84 193 35 87 101 87 143 213 529 230 164 150 238 148 167 139 53 664 265 115 39 250 216 273 105 88 80 343 49 136 307 329 291 299 192 190 121 182 178 148 83 155 92 311 264 77 295 241 228 161 140 400 51 185 312 87 28 190 65 151 129 204 163 225 180 106 100 107 138 119 194 408 32 187 116 525 92 178 331 412 105 173 185 14 100 97 621 116 145 462 157 534 17 225 151 292 225 198 145 188 38 100 334 264 79 145 116 584 720 566 144 190 30 224 172 203 81 72 148 244 71 161 227 222 19 196 63 578 28 215 272 260 201 170 186 249 605 126 300 124 123 144 179 436 23 179 160 172 49 178 115 190 156 169 138 138 65 167 62 159 139 118 175 228 135 108 283 261 162 202 259 203 114 185 532 304 194 167 242 228 554 131 115 239 200 231 159 204 158 214 206 269 215 51 451 269 83 84 166 233 103 143 249 161 54 188 127 165 216 201 114 165 14 127 182 465 160 134 63 215 22 242 635 94 58 138 289 264 21 281 202 172 69
269 186 304 128 469 57 404 126 143 129 323 192 104 118 455 169 214 185 412 227 310 187 373 513 157 224 381 179 403 123 341 115 116 174 323 68 178 93 362 358 304 117 298 202 110 57 365 159 513 120 552 570 87 95 275 89 87 217 299 97 164 145 364 395 117 199 309 132 167 126 504 86 114 41 351 298 179 89 287 50 600 44 352 137 30 180 261 110 0 240 261 180 115 61 337 132 202 31 423 177 142 784 334 170 62 197 402 118 102 159 393 175 229 188 355 185 609 131 210 499 185 50 249 516 244 108 311 208 63 44 306 29 106 35 295 201 278 50 280 42 116 55 362 121 153 143 326 240 190 121 394 157 259 131 272 61 214 101 444 95 55 95 277 150 474 122 280 145 76 165 269 236 139 149 307 15 155 102 301 157 244 21 142 199 37 151 334 276 151 83 373 483 171 128 435 95 628 76 353 195 182 13 318 161 175 84 190 310 81 117 308 121 105 254 330 170 96 57 293 96 65 230 254 87 45 712 430 37 229 201 401 127 196 57 265 249 122 524 256 90 108 124 325 184 117 267 228 174 202 250 273 105 636 87 247 297 177 238 271 54 222 98 356 280 32 75 326 155 201 138 195 195 117 96 316 515 250 62 254 300 160 58 239 64 766 228 166 71 142 123 382 162 190 152 450 158 98 233 435 210 213 82 292 141 82 69 251 185 208 132 419 356 94 271 349 120 101 178 508 158 161 219 194 90 172 49 260 207 121 68 330 226 97 54 215 203 40 135 298 80 100 94 620 121 100 249 454 149 80 89 124 204 195 719 221 208 511 57 600 123 166 42 393 316 175 41 292 94 134 227 373 152 241 128 620 820 665 84 298 127 119 118 310 185 92 48 350 174 186 128 332 124 99 74 589 134 113 234 353 250 61 85 355 698 105 231 230 152 217 86 546 125 225 121 279 139 138 24 277 58 128 85 223 50 76 86 268 232 87 121 334 131 64 192 370 246 132 194 305 142 192 553 403 283 100 160 337 613 24 18 347 246 220 51 293 266 174 117 372 215 88 532 368 145 58 165 339 180 163 159 270 162 120 48 267 325 188 105 255 102 101 84 449 112 115 168 324 127 245 645 199 168 193 211 374 112 173 104 278 154
294 343 385 364 561 287 554 253 104 367 471 398 136 326 529 310 31 381 527 150 72 420 491 439 216 409 505 320 496 352 508 216 141 400 481 297 71 325 454 596 103 312 476 294 233 246 492 276 465 317 745 447 283 313 356 165 165 27 459 310 225 247 467 188 219 381 406 305 98 202 265 305 152 209 494 456 71 312 369 283 385 205 485 306 217 417 363 290 240 0 376 183 188 292 240 369 139 210 551 268 165 733 448 260 179 434 494 300 151 351 434 323 91 230 497 300 464 364 381 441 234 284 356 295 80 272 405 366 203 280 388 248 212 249 449 298 77 278 459 216 244 279 508 196 94 138 442 441 54 316 459 294 87 126 448 196 56 340 506 255 269 317 514 362 712 361 427 244 170 351 383 387 303 295 427 249 98 254 433 203 164 256 351 438 246 321 487 182 107 228 448 716 123 341 518 165 576 312 544 263 92 239 448 248 66 290 373 318 160 348 485 290 162 206 425 335 301 294 466 233 241 111 417 277 216 705 445 206 109 402 517 290 64 250 424 380 119 678 402 315 133 297 301 250 154 387 428 260 105 466 402 262 406 327 387 337 112 473 323 293 19 247 438 402 219 241 380 247 142 290 361 294 209 152 489 289 164 267 427 271 163 225 334 281 782 459 219 272 214 316 489 228 373 365 596 319 156 430 512 401 111 237 467 184 280 219 428 308 223 360 505 386 213 504 446 218 140 410 643 335 109 384 328 262 109 272 412 269 131 282 495 212 184 202 347 243 201 362 335 282 150 174 620 206 142 430 690 213 170 292 298 382 305 723 339 241 744 270 510 307 74 227 448 356 99 254 380 251 205 335 486 252 322 364 462 830 679 320 414 320 277 351 415 314 320 266 439 357 173 307 455 289 168 299 392 293 176 464 384 224 220 281 438 683 164 434 347 191 261 295 656 313 212 359 391 338 112 216 322 273 121 323 288 241 171 311 417 311 174 354 497 370 190 368 483 296 110 408 384 375 141 374 450 328 140 360 473 841 247 255 443 216 98 216 335 424 75 319 435 123 238 496 549 364 213 405 428 260 173 129 398 333 121 284 358 441 107 344 316 275 163 286 225 134 156 307 438 311 128 444 375 328 226 406 501 307 228 296 380 267
124 437 58 237 209 224 179 144 287 299 101 157 286 170 195 91 345 413 157 245 440 355 119 349 161 455 131 82 142 327 146 177 255 364 116 220 310 222 101 378 364 363 135 82 167 317 117 111 325 364 389 446 177 192 48 246 248 370 101 186 151 405 104 563 172 437 50 132 366 378 608 322 241 292 119 96 309 320 49 232 597 291 110 126 247 336 20 153 261 376 0 194 201 294 271 246 244 275 177 109 380 568 76 118 264 342 141 148 325 396 156 87 423 443 122 83 502 322 89 323 143 284 21 537 319 367 53 73 226 279 58 232 362 226 87 78 355 294 124 233 156 299 134 191 294 367 69 159 327 366 141 104 443 342 116 235 321 277 188 168 308 198 314 372 472 250 64 139 257 405 8 56 124 407 52 272 286 362 58 174 244 245 164 282 224 402 118 255 276 343 117 445 388 355 175 240 425 289 205 113 284 274 73 131 340 332 112 146 291 217 140 140 235 209 70 100 341 238 122 177 326 283 80 175 231 472 204 280 432 147 147 134 375 316 78 23 290 303 51 207 301 379 577 126 236 522 152 117 274 441 30 365 663 267 39 105 263 376 88 267 359 359 98 26 288 189 98 133 240 122 88 83 181 260 138 547 248 318 101 187 213 317 44 206 514 391 157 192 397 369 123 149 114 172 220 106 251 451 175 438 421 343 125 195 335 327 107 78 161 208 158 139 192 409 88 377 282 232 268 118 268 463 67 171 267 219 62 109 332 316 134 182 216 236 47 137 261 338 558 185 319 229 381 182 306 478 438 165 311 338 140 103 74 474 41 141 472 310 435 145 330 302 145 111 277 298 44 169 177 487 116 130 61 240 528 569 417 292 40 149 377 316 50 76 213 302 91 117 205 380 80 137 335 212 557 127 356 397 135 187 319 339 97 464 233 442 32 186 122 331 291 146 182 299 19 151 279 261 98 309 273 285 94 212 304 206 60 70 235 319 134 262 239 434 113 99 320 400 61 228 238 500 159 96 291 391 97 541 283 268 86 193 288 307 102 76 306 358 121 263 180 330 196 185 220 283 80 116 203 379 25 109 308 280 36 68 269 250 82 159 237 335 489 272 235 93 66 142 278 612 99 98 153 436 126 160 428 355 23 118
120 358 203 259 381 193 373 99 109 293 292 251 129 196 351 142 153 365 344 62 246 356 308 337 44 404 323 151 315 299 332 76 92 349 303 198 121 222 272 478 178 296 306 113 91 227 309 106 343 299 574 390 159 195 174 103 107 180 284 190 49 289 284 370 76 378 223 156 194 248 419 266 82 183 313 280 120 269 187 194 450 180 304 154 151 345 180 151 180 183 194 0 65 240 157 267 51 170 369 91 232 617 265 84 137 359 313 159 178 338 263 155 242 307 316 124 430 304 215 326 52 228 174 375 126 275 222 197 118 222 206 166 240 162 272 118 164 231 290 139 97 235 328 61 112 210 260 287 137 299 282 129 256 182 279 121 127 263 331 122 234 202 398 331 589 263 249 79 122 344 201 213 150 314 245 196 102 263 252 33 73 181 215 333 157 325 309 101 94 235 268 580 222 308 338 96 459 251 377 81 92 190 267 74 157 263 215 154 150 237 314 144 85 73 243 174 276 206 295 102 229 92 244 151 136 562 284 172 254 252 334 140 193 228 250 200 124 497 226 205 144 297 425 69 77 431 274 82 80 428 221 269 502 247 210 161 71 400 144 224 166 256 257 220 186 124 203 77 48 134 196 115 70 110 316 380 79 239 258 126 28 214 152 175 628 399 42 158 267 302 306 53 215 230 415 159 101 414 333 390 246 239 297 40 259 218 260 133 44 242 325 217 92 435 263 254 127 291 460 181 81 395 154 133 76 176 236 86 175 248 319 49 84 127 170 60 151 311 429 163 172 91 472 65 155 428 561 47 176 268 152 220 127 575 160 59 608 236 422 164 149 203 273 181 87 218 198 119 53 384 303 83 139 261 443 680 525 258 232 179 285 292 232 140 213 228 257 202 11 303 273 141 196 195 427 139 217 405 214 72 212 262 256 544 83 411 167 30 79 266 474 171 48 288 208 198 102 163 144 238 102 255 105 143 170 201 240 128 99 295 321 276 120 370 300 115 153 373 202 263 44 383 277 150 138 340 292 696 202 198 260 67 95 200 158 249 118 297 258 71 112 366 377 234 123 311 246 81 20 217 217 175 146 225 175 258 76 251 134 139 89 263 317 110 77 139 255 167 94 484 213 166 43 392 319 172 296 281 197 99
165 296 227 202 404 131 373 65 88 231 289 213 86 147 380 124 157 300 358 117 258 293 320 400 50 339 332 134 336 234 322 28 54 285 296 138 117 163 293 428 216 231 288 122 45 163 317 92 402 234 558 455 106 141 196 48 52 176 274 136 60 232 301 372 32 314 241 118 165 195 445 201 40 121 314 271 117 204 209 131 503 119 308 118 86 282 193 105 115 188 201 65 0 175 222 210 96 107 378 93 187 676 277 85 78 297 335 115 130 273 303 136 223 258 317 119 494 240 193 387 79 163 183 424 157 213 241 179 53 157 229 101 184 98 265 125 195 166 271 74 56 170 327 10 97 170 270 255 134 235 314 108 244 143 261 57 141 200 364 71 169 146 347 265 542 205 244 62 65 279 208 202 116 253 253 131 91 201 255 44 132 116 170 278 93 262 304 163 81 175 296 538 188 243 364 42 518 186 357 100 101 125 271 72 141 198 185 205 98 181 298 104 34 139 262 148 211 144 279 48 167 132 230 98 71 613 332 109 231 216 347 103 175 165 238 200 89 497 218 148 102 234 384 86 36 371 242 86 107 364 223 207 549 185 204 201 86 339 178 159 169 195 282 226 123 65 237 68 93 102 173 119 22 61 302 426 138 175 239 186 48 152 165 116 674 335 58 100 214 237 322 59 186 185 417 131 51 349 361 325 220 178 280 25 195 157 240 126 95 189 349 260 31 373 282 199 83 239 468 148 80 331 144 80 85 114 227 111 133 183 309 111 21 63 164 97 88 247 378 107 124 32 522 19 109 364 516 42 122 203 111 194 127 624 161 101 567 172 485 122 131 140 308 221 93 153 218 67 26 326 317 71 159 203 507 727 572 193 241 136 223 228 246 130 155 163 279 170 71 240 281 102 145 136 485 105 167 342 257 135 151 198 281 597 32 346 169 38 114 201 492 128 110 225 218 155 80 98 181 173 73 191 131 80 116 144 233 148 40 231 312 217 57 306 314 150 119 308 227 209 85 444 315 188 92 275 294 660 138 132 279 131 127 139 198 238 113 232 289 113 56 424 361 186 58 252 268 90 48 179 219 145 108 160 192 269 96 191 164 91 37 198 361 71 35 120 266 125 141 542 187 140 84 327 327 125 245 217 211 84
320 144 343 103 497 69 417 174 201 77 340 192 160 130 488 205 269 128 436 287 360 128 398 569 213 170 404 213 434 62 350 170 176 113 336 74 234 83 395 317 362 69 304 246 162 55 388 203 566 70 542 630 118 104 315 150 147 268 313 110 219 137 394 434 172 147 344 161 209 138 553 29 175 83 369 313 236 30 326 61 659 87 373 167 91 125 297 141 61 292 294 240 175 0 397 103 263 84 443 225 167 835 362 219 121 142 432 146 145 106 436 207 268 189 373 226 669 73 228 554 239 12 285 574 303 84 346 231 123 17 344 76 116 81 311 245 336 14 288 102 165 15 378 179 210 177 353 237 245 72 432 196 299 173 281 121 272 56 481 140 29 101 238 91 432 91 300 196 135 114 301 259 170 118 334 47 214 88 326 214 305 60 148 160 85 109 349 336 210 88 410 447 206 70 467 155 680 22 350 245 241 55 341 212 226 40 204 362 133 103 315 155 166 313 364 195 48 56 302 148 65 291 271 121 104 756 476 87 263 203 426 162 241 51 282 278 178 531 278 92 160 88 324 236 177 229 227 223 262 190 300 86 693 49 272 344 238 182 318 27 275 89 391 309 73 125 369 205 262 175 216 239 173 155 323 573 310 39 266 356 220 74 279 89 805 169 221 104 148 75 410 216 203 152 462 188 158 175 469 154 247 82 300 200 47 85 261 224 264 119 451 402 150 213 381 125 157 153 523 179 221 171 228 131 232 77 280 257 165 27 340 284 157 115 247 257 99 74 283 109 144 155 665 178 150 194 415 205 123 46 154 219 236 762 257 263 474 30 656 149 218 66 433 363 234 39 330 140 191 198 400 202 284 101 680 861 707 29 328 147 93 60 343 222 89 29 384 190 245 87 357 159 134 83 649 169 139 175 399 307 80 51 390 744 166 171 265 211 269 38 567 148 283 68 312 151 196 83 325 27 187 34 271 100 121 91 289 276 148 62 344 94 124 142 397 295 182 133 344 119 253 613 445 330 154 104 358 580 45 43 379 304 280 79 340 283 231 65 410 276 138 584 369 141 116 122 374 230 222 193 298 186 171 15 306 354 248 75 302 139 162 44 507 170 176 204 352 152 305 706 216 196 249 154 396 134 174 63 313 200
147 509 242 411 386 349 434 246 231 450 368 384 267 343 343 267 224 521 377 117 268 513 351 201 192 559 369 271 332 456 415 231 234 506 385 354 219 376 299 617 158 450 404 216 245 380 361 237 225 454 655 234 311 347 227 254 258 255 371 341 190 430 318 396 231 532 270 297 304 385 378 423 229 335 379 367 217 426 234 351 327 331 363 293 307 501 251 299 337 240 271 157 222 397 0 420 142 324 410 213 360 494 315 211 288 514 330 304 314 493 239 278 327 437 380 239 272 461 331 201 175 386 252 271 161 426 267 309 275 380 245 323 382 319 358 222 171 388 392 295 247 392 393 219 228 334 314 409 226 454 279 260 327 307 382 277 195 420 315 275 389 354 541 487 724 417 334 222 272 498 273 314 288 463 308 352 218 411 323 186 98 339 357 483 315 477 385 66 215 383 279 706 335 465 342 247 336 408 475 190 190 346 332 209 257 418 340 137 294 389 410 289 235 86 282 302 431 363 391 257 381 139 344 304 293 468 231 324 344 381 370 283 285 382 346 288 254 546 318 358 279 449 534 189 225 576 398 207 162 586 300 418 396 404 303 177 179 555 183 381 234 405 279 292 340 280 213 215 142 273 315 223 227 256 408 284 93 394 363 85 178 365 230 331 550 555 185 313 403 456 339 194 341 372 466 290 249 570 331 546 342 388 395 197 414 367 368 249 144 391 334 196 249 591 298 395 267 437 495 314 199 547 267 286 187 332 330 183 304 404 404 119 240 283 273 163 305 469 555 316 309 244 387 222 292 583 693 198 319 423 296 340 236 489 256 156 733 392 278 308 255 356 263 185 192 373 246 272 209 526 343 221 211 413 286 595 449 415 294 323 435 449 283 256 366 384 285 331 152 456 330 284 334 350 288 280 354 562 197 99 362 416 279 445 235 568 258 187 165 422 485 315 120 445 275 339 229 318 175 393 235 413 187 300 315 355 330 206 252 453 403 430 275 523 340 173 277 530 239 413 151 236 257 179 276 496 355 810 358 354 294 98 154 351 178 344 218 452 260 140 268 257 466 379 281 464 278 201 174 334 296 306 275 383 237 312 173 406 189 289 240 418 235 249 226 265 308 310 118 345 333 293 161 547 369 319 428 435 259 233
311 223 302 9 432 83 334 174 268 58 264 106 234 82 432 173 342 180 367 326 440 110 331 566 229 220 333 177 374 95 265 192 235 120 257 74 304 47 340 227 422 155 218 227 177 157 318 190 554 153 441 643 109 73 280 208 207 348 235 79 230 239 334 527 192 207 295 130 299 240 634 117 229 171 293 236 305 110 288 86 713 174 301 136 153 91 256 122 132 369 246 267 210 103 420 0 305 163 367 216 266 810 302 214 191 99 373 119 234 172 400 169 361 292 297 202 689 83 162 546 246 103 244 633 362 184 298 174 171 104 302 122 218 121 237 223 399 114 203 154 173 117 300 209 279 273 293 145 317 156 386 172 391 263 198 176 338 51 430 146 132 66 145 140 343 12 232 199 200 182 252 198 141 212 275 127 279 190 262 236 339 114 81 69 125 193 270 368 272 190 362 351 301 131 409 211 662 83 254 239 301 137 275 213 306 137 137 351 213 32 228 134 218 335 312 148 139 76 218 166 167 341 199 116 155 717 446 169 359 119 357 142 328 153 210 225 251 441 215 62 239 180 425 235 229 307 137 219 315 196 243 188 756 54 215 323 291 138 297 85 351 192 341 254 161 145 337 206 303 154 158 218 198 219 237 634 345 141 188 361 257 172 247 94 756 147 235 110 250 159 347 226 136 75 378 149 218 210 413 203 343 184 216 231 147 184 182 196 276 37 392 375 179 173 326 227 230 51 440 130 279 237 190 134 288 100 213 250 253 129 256 301 201 170 203 261 169 102 379 105 232 205 627 203 232 241 322 222 212 142 129 150 211 719 218 268 379 133 654 117 296 161 390 338 293 137 288 148 214 287 335 201 258 7 706 812 662 80 272 105 191 83 290 191 55 129 333 129 276 176 292 139 228 74 694 146 237 153 371 322 178 150 340 709 217 199 224 238 266 133 491 112 300 61 262 96 262 155 306 129 252 72 258 133 208 66 222 254 202 85 261 17 181 208 333 281 264 158 304 21 295 651 405 309 230 162 287 482 134 120 325 322 334 174 319 212 299 145 367 322 155 565 275 62 161 44 324 225 255 288 242 140 251 100 268 294 301 28 281 131 215 143 569 237 227 174 293 117 351 751 150 153 259 198 324 103 276 156 268 192
155 368 247 297 423 226 423 146 91 325 343 299 125 239 390 193 111 383 390 25 198 386 355 337 93 420 370 201 358 325 383 116 93 376 354 234 88 259 316 522 128 311 357 163 133 240 357 156 351 315 625 375 200 236 219 115 118 141 334 231 100 288 329 325 117 392 269 203 171 243 368 287 90 195 363 331 87 291 232 226 408 191 353 202 172 377 229 196 202 139 244 51 96 263 142 305 0 185 416 142 221 625 312 135 148 392 356 204 172 354 296 206 209 298 365 175 409 332 265 331 102 252 223 330 76 285 268 247 142 247 250 194 240 191 323 168 113 252 340 163 141 256 377 97 89 196 307 336 101 315 320 179 219 168 330 142 83 294 368 163 252 241 441 352 635 300 299 128 132 359 250 264 198 321 294 217 79 270 301 81 45 208 260 373 187 336 359 76 74 241 309 628 201 329 379 109 466 277 428 131 56 209 316 125 127 280 264 182 152 277 365 190 97 75 288 224 293 238 346 141 241 41 295 192 160 581 311 185 223 300 380 187 161 242 301 251 113 546 276 244 137 308 405 120 86 434 324 133 33 453 271 277 456 279 260 198 39 433 185 251 125 263 300 270 200 160 241 127 3 182 246 166 109 115 367 333 49 256 309 140 48 224 200 211 653 428 93 195 262 317 352 104 265 276 463 209 109 433 373 407 217 247 348 75 275 225 311 184 85 284 366 249 126 468 308 253 125 333 508 230 58 406 205 174 47 209 287 135 164 266 370 74 108 148 221 107 167 337 418 202 167 108 494 104 150 444 608 95 177 285 198 270 178 597 210 104 656 254 418 210 122 216 310 217 55 236 243 160 95 385 350 133 186 299 418 703 550 285 280 225 294 319 279 191 251 247 301 251 40 316 321 187 193 231 390 187 212 435 247 88 221 277 299 561 97 431 217 73 124 284 518 217 73 318 257 244 88 181 183 256 93 284 152 175 173 240 291 175 115 322 371 313 139 383 346 158 138 396 246 304 11 351 312 189 134 359 341 745 222 220 305 80 45 210 196 300 86 314 297 20 151 378 428 278 150 347 290 131 53 198 267 224 134 250 222 306 37 286 178 182 102 279 269 107 88 189 303 213 46 447 263 216 91 409 367 216 288 296 245 149
269 189 314 159 483 87 426 134 117 157 343 220 76 145 466 184 186 198 429 210 280 212 390 506 153 235 399 194 417 146 365 113 94 197 344 97 151 123 375 389 279 127 322 209 114 57 383 168 509 131 580 558 109 123 283 70 67 187 321 123 162 132 378 365 117 209 322 151 136 104 474 104 95 17 371 319 152 109 296 80 576 17 370 156 28 207 272 129 31 210 275 170 107 84 324 163 185 0 442 182 115 782 349 174 38 225 415 138 72 170 399 191 199 169 375 195 594 156 232 494 183 75 261 490 220 107 323 227 56 70 316 51 87 56 315 209 252 71 305 42 122 73 383 114 126 114 341 267 162 131 404 170 229 100 296 50 188 130 454 106 67 124 308 167 505 153 299 148 53 175 282 255 156 146 322 39 130 96 319 151 228 50 169 230 56 155 355 260 126 71 384 514 141 145 448 77 624 102 380 197 158 29 335 164 145 96 214 309 51 147 333 138 88 243 343 189 109 88 316 101 60 209 276 107 45 715 433 7 198 228 418 144 165 59 286 265 95 547 274 119 78 127 305 185 99 265 255 178 180 270 289 101 609 116 264 300 156 265 275 83 192 90 367 295 16 85 332 158 184 153 215 203 114 72 340 489 233 71 277 293 146 46 249 90 772 253 162 92 122 133 397 160 213 180 471 176 77 248 447 222 183 73 316 131 90 54 274 197 202 162 432 360 93 297 362 102 73 209 529 179 139 225 208 104 150 76 280 209 90 82 352 217 87 45 230 201 19 157 284 103 69 80 623 117 70 260 485 145 50 100 142 227 205 724 234 206 542 70 591 144 136 33 401 320 151 51 302 105 130 222 389 157 248 159 603 826 671 110 313 150 117 143 324 198 121 63 362 197 173 134 348 141 71 102 567 150 87 259 356 241 46 93 366 700 89 247 243 144 217 99 563 147 217 149 293 164 113 14 281 72 103 113 227 64 45 115 287 238 72 146 356 162 50 200 386 249 102 213 315 173 175 533 410 286 70 174 356 644 39 45 360 237 197 34 297 287 147 130 380 195 95 530 393 174 57 195 351 184 151 129 286 182 90 74 277 341 166 136 260 119 84 94 423 87 97 182 339 148 225 623 222 186 189 225 392 135 154 112 290 162
273 584 173 360 88 377 53 318 464 425 103 261 462 314 121 260 521 547 35 414 614 468 61 409 338 587 46 249 86 461 112 353 432 484 111 370 486 362 110 402 530 510 155 259 341 478 60 286 365 510 264 522 336 339 198 421 424 546 132 334 328 568 92 739 348 574 147 291 543 546 773 469 418 459 75 131 486 464 186 386 728 459 72 287 415 447 189 314 423 551 177 369 378 443 410 367 416 442 0 286 553 537 104 295 437 446 87 306 498 536 191 251 600 611 71 259 584 450 215 376 318 435 196 681 490 524 150 216 398 432 170 395 528 389 132 255 524 447 166 403 330 452 68 368 471 542 109 228 503 512 145 276 620 517 170 407 496 411 145 337 463 342 370 507 460 376 144 316 432 546 170 187 286 561 125 432 463 522 124 350 409 405 296 375 388 550 97 413 453 507 135 413 563 494 101 416 429 433 169 288 460 436 108 308 517 482 239 273 464 348 147 304 411 369 131 253 490 388 151 350 487 454 172 336 400 409 234 448 609 248 40 298 552 476 161 179 467 137 168 351 476 531 746 302 413 670 233 294 448 552 155 523 803 405 178 235 439 469 237 416 535 520 131 152 453 358 196 310 413 290 229 260 357 436 137 693 413 474 180 327 389 481 218 362 418 494 333 353 564 515 71 326 240 296 59 266 427 576 114 570 597 505 154 372 489 492 186 253 331 334 96 220 366 496 113 543 458 332 92 266 445 603 237 338 443 376 164 282 507 468 116 348 392 407 215 309 430 469 721 343 493 405 333 358 480 608 423 342 483 489 300 224 251 398 217 312 433 466 478 300 507 465 164 224 453 457 174 339 354 641 68 307 230 364 617 474 342 434 137 299 533 449 137 249 355 458 125 253 379 530 97 301 507 361 677 293 527 500 218 347 484 492 131 413 409 564 208 362 292 481 124 299 348 428 161 292 456 428 243 463 450 426 264 378 476 352 156 241 411 451 110 384 412 574 71 260 496 524 175 346 412 615 178 237 466 528 86 469 443 427 116 354 461 473 235 160 482 503 156 435 351 351 139 309 391 392 133 293 379 553 159 261 484 431 194 111 444 383 240 323 414 487 642 449 412 263 113 297 446 727 227 256 326 565 51 313 595 505 172 294
97 363 134 206 310 160 285 51 178 256 203 172 179 135 288 56 238 352 265 150 335 319 227 352 53 394 240 62 243 273 242 72 147 319 213 161 201 176 200 405 268 291 215 29 68 233 226 26 344 293 483 428 113 145 103 140 144 261 193 138 44 314 208 456 68 371 147 87 259 281 510 254 133 199 226 189 201 254 116 166 528 198 218 82 155 303 99 94 177 268 109 91 93 225 213 216 142 182 286 0 278 610 184 9 164 314 241 97 222 330 217 68 315 346 228 33 475 273 126 333 43 213 90 459 217 285 147 107 128 208 137 152 267 146 182 32 255 220 199 141 61 226 240 83 185 263 177 202 218 294 223 47 334 236 189 136 215 228 273 85 230 151 329 313 512 215 159 34 154 338 116 122 77 325 161 191 177 276 165 66 154 167 146 273 142 327 219 174 167 253 204 498 281 293 271 135 456 228 287 24 177 189 181 22 231 258 130 139 188 184 223 81 128 132 168 90 269 176 204 82 240 183 153 107 138 535 253 187 324 170 254 74 266 233 159 111 182 410 135 158 195 301 476 25 128 444 190 9 170 400 134 281 586 214 119 120 156 354 94 201 251 272 189 135 197 102 150 26 139 62 108 26 75 154 225 465 160 239 168 145 106 228 71 140 590 360 50 122 300 297 229 40 131 160 328 78 145 397 269 378 313 255 206 86 258 236 170 43 71 183 256 179 91 389 189 282 176 226 377 102 160 394 64 94 159 148 145 34 226 242 229 98 111 138 79 49 165 286 465 120 216 124 443 75 201 418 483 56 210 264 87 133 36 543 71 57 526 233 440 99 221 213 219 140 169 217 125 84 68 403 224 25 67 209 495 644 489 233 149 113 295 264 153 50 166 224 186 120 102 305 189 77 235 155 498 70 256 366 176 114 228 262 188 521 126 391 79 77 50 259 398 105 98 253 125 128 170 170 101 233 165 228 47 127 204 156 150 57 131 267 230 229 139 366 221 71 213 350 135 206 135 448 228 106 185 328 205 609 201 189 186 116 186 216 116 159 197 289 199 162 89 360 286 168 125 259 175 12 95 273 129 94 201 209 99 176 163 208 78 89 131 260 404 165 127 53 174 100 183 555 125 82 57 378 235 112 332 280 117 25
349 179 412 264 587 199 539 236 130 242 456 334 104 260 566 292 156 223 537 245 218 281 498 558 236 247 508 303 520 215 479 206 141 257 458 210 144 233 477 484 262 160 437 307 214 112 493 270 571 165 694 589 224 237 381 138 135 138 435 238 246 82 483 270 211 219 424 264 67 39 403 168 153 101 483 433 146 176 395 191 549 99 481 268 140 284 375 242 142 165 380 232 187 167 360 266 221 115 553 278 0 846 456 270 116 302 519 252 57 194 489 301 107 77 487 298 614 231 346 552 265 165 365 459 215 115 425 340 155 163 415 167 56 172 429 309 234 154 420 151 224 152 496 197 132 28 449 382 142 163 500 277 139 53 411 145 177 223 551 216 138 238 405 212 599 255 411 244 124 192 388 367 269 132 430 142 143 98 429 228 264 163 284 327 171 160 469 294 147 81 483 615 46 194 549 145 687 189 495 287 170 133 445 257 110 148 329 386 90 257 448 251 154 294 446 302 156 197 431 204 103 224 389 221 153 794 516 109 99 343 526 255 101 116 399 374 110 661 386 232 88 139 197 273 158 224 370 272 199 311 398 106 567 214 375 387 182 337 365 182 154 92 467 403 110 195 424 252 222 263 329 303 203 126 455 453 268 131 392 356 204 94 349 205 859 315 244 207 49 163 504 246 328 294 585 288 136 270 547 240 83 89 431 204 136 83 389 302 274 273 534 445 189 363 466 57 106 316 641 293 163 219 316 216 174 191 392 298 58 147 467 280 168 146 338 282 123 223 197 218 62 155 704 204 79 267 582 229 70 147 256 342 307 807 339 284 642 138 638 258 109 106 495 407 168 130 403 214 213 172 497 253 345 263 616 911 756 195 420 265 118 219 428 305 233 139 464 312 230 150 457 252 46 216 555 260 29 320 442 301 88 135 466 777 156 276 348 218 300 154 671 262 279 233 399 279 134 129 368 142 131 201 318 178 77 228 400 334 148 220 471 261 141 206 493 336 83 255 413 280 214 533 502 374 96 205 467 747 133 149 463 295 208 94 384 400 143 169 476 221 202 597 508 287 161 289 452 276 213 36 395 296 88 167 377 448 188 238 351 231 150 142 390 122 158 290 446 263 244 608 336 298 266 246 502 250 68 146 393 263
515 970 510 801 450 770 590 661 716 860 596 724 745 730 419 639 718 962 511 603 751 920 526 293 629 1004 536 634 473 882 633 670 708 924 615 770 710 780 490 925 641 900 661 590 674 837 545 632 275 903 771 323 721 748 531 720 724 748 622 741 620 906 504 869 667 981 522 684 795 864 792 864 699 797 580 619 708 864 523 776 592 794 561 678 758 901 556 700 784 733 568 617 676 835 494 810 625 782 537 610 846 0 532 616 753 909 473 699 794 940 412 642 821 922 577 613 353 880 657 294 599 823 567 618 654 888 518 641 726 818 510 761 857 755 612 592 660 830 662 744 670 835 585 668 715 821 540 717 718 904 436 644 819 793 659 732 688 834 404 695 838 754 875 923 996 814 603 640 738 947 563 622 674 928 554 799 704 877 572 631 584 777 730 850 751 934 604 557 699 850 461 950 825 903 443 713 159 838 701 590 679 795 565 623 749 867 680 474 767 780 658 686 701 551 509 662 879 785 650 689 842 631 634 716 741 146 365 785 838 713 515 678 779 838 627 590 736 616 609 762 759 907 1027 600 694 1047 713 611 651 1004 579 883 680 821 604 492 664 944 518 811 728 871 481 566 798 711 474 630 624 665 655 598 669 727 649 639 581 846 654 491 645 828 564 749 217 957 620 732 883 906 504 623 682 739 582 662 718 1007 432 988 836 854 655 652 866 833 662 618 580 774 455 436 691 977 503 871 744 800 554 680 683 1003 621 704 672 758 616 578 788 851 631 568 696 737 608 581 763 894 1043 729 788 706 204 665 771 1029 959 637 793 873 689 670 603 176 593 576 970 841 233 698 746 815 427 474 680 824 524 694 652 1001 517 633 555 804 387 213 213 843 551 707 899 872 530 621 770 832 491 684 617 912 549 681 813 762 522 672 834 964 440 546 827 869 481 129 700 999 587 639 567 868 486 702 569 858 554 715 712 772 510 841 715 837 563 736 788 761 609 561 714 875 626 826 733 975 518 540 763 958 507 794 631 472 411 506 754 938 568 997 808 798 502 552 647 814 495 625 709 899 450 629 698 252 673 751 728 850 497 605 637 823 578 671 758 819 543 539 660 810 534 698 706 868 637 726 695 639 538 697 611 535 667 658 593 988 545 713 912 888 545 635
173 506 72 294 135 294 119 220 362 359 69 201 362 235 130 165 418 476 81 311 510 410 43 350 235 518 58 155 73 390 115 253 330 421 89 288 383 286 43 394 427 431 131 156 243 390 47 187 315 432 342 457 248 259 94 322 325 443 91 253 225 479 32 635 248 502 45 203 442 453 671 390 317 366 67 87 382 387 83 302 638 366 49 197 321 389 85 225 334 448 76 265 277 362 315 302 312 349 104 184 456 532 0 193 340 392 71 218 401 462 132 159 498 518 67 159 516 382 140 319 214 353 93 586 386 439 48 132 302 349 70 306 437 299 80 152 421 364 129 309 232 369 80 267 368 443 9 185 400 434 97 180 517 418 126 311 392 339 132 243 379 263 343 436 475 309 72 215 333 472 68 105 195 478 28 344 360 435 41 247 306 318 223 326 297 471 82 312 350 417 73 439 464 421 107 316 401 356 185 185 357 347 33 206 414 401 165 179 367 277 130 213 311 267 35 167 410 307 119 253 399 350 106 247 306 423 183 355 508 189 71 207 450 389 97 85 366 236 87 272 377 449 652 198 312 591 184 192 344 496 62 437 710 331 90 138 335 422 136 335 431 432 55 54 362 264 106 209 309 196 147 158 257 336 122 597 310 389 123 230 286 391 114 276 455 442 230 264 472 437 48 223 166 227 154 176 327 512 112 501 496 416 123 269 406 401 131 154 227 265 91 140 268 453 31 451 358 278 196 183 342 529 141 245 339 290 89 178 408 386 107 245 292 311 120 205 336 400 632 256 395 305 336 257 382 540 439 240 387 408 211 152 150 421 117 208 463 381 429 214 405 375 109 132 350 370 71 244 252 558 40 206 126 297 546 511 363 358 36 216 449 378 34 152 277 373 45 175 275 449 19 210 411 279 592 200 431 448 137 244 393 409 55 419 309 501 108 259 188 401 215 214 245 359 58 214 354 336 142 380 349 350 160 286 380 273 81 137 311 381 104 319 315 500 37 157 396 460 75 282 308 532 126 137 367 456 45 519 356 340 32 252 357 382 137 95 379 426 89 331 255 311 166 240 296 335 44 190 275 455 64 176 384 349 90 9 340 311 137 232 313 405 544 348 311 168 10 211 343 645 152 167 222 498 56 228 503 424 68 194
102 356 143 204 319 156 294 45 169 253 211 175 171 133 297 60 229 347 274 144 327 316 236 355 45 388 249 67 252 269 249 64 138 315 221 157 192 173 209 407 262 285 222 37 60 226 234 26 348 287 490 429 109 142 112 132 135 253 200 135 36 306 217 447 59 366 156 86 250 273 503 248 124 191 234 197 192 248 125 161 525 190 227 82 148 300 108 92 170 260 118 84 85 219 211 214 135 174 295 9 270 616 193 0 155 312 250 95 213 324 225 72 306 337 237 40 476 269 131 337 38 208 99 454 210 278 156 112 120 202 145 145 259 139 189 40 248 214 205 133 54 220 248 74 176 254 186 206 210 288 231 49 325 227 195 128 207 224 282 79 224 149 330 308 515 213 167 26 146 332 125 129 77 318 170 184 168 269 173 58 149 161 146 273 136 320 227 171 158 245 213 502 272 288 280 126 461 223 293 26 169 182 189 13 222 251 134 143 179 182 230 80 119 129 177 94 263 171 210 75 232 177 160 103 130 542 260 179 315 173 263 73 257 226 166 119 174 418 143 155 186 294 467 23 119 437 194 5 162 396 142 273 582 210 127 127 148 352 101 196 242 264 198 143 190 95 158 17 132 62 113 35 66 146 232 461 155 232 174 147 98 220 80 135 598 357 42 117 292 291 238 32 135 161 337 80 136 392 278 373 304 247 213 77 252 228 176 49 68 182 265 186 83 387 198 274 167 226 386 104 152 388 70 89 151 143 153 38 217 235 236 95 102 130 87 48 157 281 456 116 207 115 450 66 192 413 485 48 202 258 86 138 45 550 79 55 530 226 443 98 213 206 227 146 161 211 133 78 60 395 233 18 75 207 495 652 497 228 158 112 288 259 162 56 163 217 195 123 96 298 198 75 226 151 496 69 247 363 183 113 221 255 197 528 117 386 87 69 53 253 407 104 95 249 134 128 161 162 107 226 156 223 53 120 195 153 157 65 122 263 238 226 131 360 229 76 204 345 144 204 127 447 236 113 176 323 213 614 194 183 195 114 179 208 123 166 188 283 208 156 82 365 293 168 118 257 183 12 88 264 138 96 192 204 108 185 155 205 86 85 122 253 399 156 118 57 182 100 177 553 130 85 53 372 244 111 323 273 126 22
243 222 298 185 472 109 425 120 81 191 341 232 43 157 451 177 152 235 421 173 250 248 382 474 127 271 392 188 405 183 367 92 57 234 345 120 116 147 362 417 242 163 328 192 98 92 377 154 479 167 591 522 116 139 267 34 30 158 321 138 137 154 367 343 96 245 309 152 117 118 444 141 59 47 368 319 117 146 280 104 539 43 366 155 38 242 260 131 62 179 264 137 78 121 288 191 148 38 437 164 116 753 340 155 0 259 403 141 61 206 379 186 180 182 372 182 557 193 234 463 157 111 249 454 183 139 309 226 39 106 300 70 106 72 315 194 216 108 310 41 108 111 381 87 91 105 333 279 128 167 387 161 208 84 300 29 152 163 437 101 105 142 335 205 533 182 296 130 16 211 272 253 155 177 314 74 93 125 313 122 192 77 182 259 69 189 355 224 89 98 368 539 130 182 434 41 595 138 389 175 121 65 329 144 116 133 219 283 28 170 338 137 53 209 330 189 146 115 320 88 93 171 276 112 42 690 409 37 183 239 410 141 140 94 286 258 60 548 271 139 50 161 313 162 63 294 266 158 142 308 282 132 574 149 259 278 119 300 254 116 160 119 352 287 52 80 313 138 147 148 216 187 90 35 344 453 197 108 280 262 112 77 234 106 751 290 136 101 137 169 388 136 219 195 470 174 39 285 432 259 169 102 321 100 127 81 279 186 173 183 419 337 74 333 350 121 39 233 526 182 101 259 200 103 113 94 278 187 73 119 355 185 57 31 222 175 23 195 302 112 57 47 599 92 48 296 512 119 47 137 143 231 192 701 223 179 567 107 558 148 106 68 382 298 114 88 288 99 103 248 380 139 231 185 566 804 649 146 304 157 148 180 312 189 143 100 348 202 139 168 341 138 71 122 530 146 92 295 334 209 75 129 351 675 54 284 232 114 192 137 555 152 185 184 282 173 76 38 258 109 66 147 206 69 40 135 285 220 38 182 358 192 25 235 377 226 75 250 299 197 138 495 391 264 40 211 351 667 76 79 347 204 160 63 274 286 112 167 363 158 86 501 400 191 47 226 337 163 118 119 279 183 62 109 262 332 128 165 239 118 48 131 387 50 62 174 330 152 187 586 225 184 161 262 386 142 168 148 277 147
410 193 399 109 518 166 406 271 340 68 347 191 301 181 522 273 410 130 450 414 502 30 418 665 323 159 417 276 464 87 337 283 312 58 335 160 375 139 432 191 500 150 291 326 270 193 402 289 653 146 471 740 204 170 378 284 282 410 317 176 326 248 424 572 284 159 390 230 351 267 695 135 308 225 374 319 376 126 386 166 796 230 385 235 225 18 353 220 197 434 342 359 297 142 514 99 392 225 446 314 302 909 392 312 259 0 463 218 286 141 497 268 407 302 378 301 785 72 255 645 343 150 342 712 441 194 393 269 251 155 399 199 247 201 321 323 475 156 280 231 267 156 379 298 350 316 383 218 386 148 480 272 439 315 277 253 411 98 523 240 168 163 126 106 301 99 321 295 272 150 348 291 240 204 366 186 352 207 351 328 429 186 179 73 205 175 349 459 347 221 456 327 344 114 499 289 761 122 308 338 379 196 364 310 368 154 230 450 275 131 300 233 298 429 406 246 147 153 295 257 201 424 287 211 233 812 544 229 401 204 441 240 383 188 297 320 319 500 307 157 302 178 422 333 309 265 214 317 396 106 336 201 833 113 308 422 372 42 396 144 417 212 436 347 216 235 435 303 390 253 254 318 288 292 310 712 435 173 272 458 345 213 346 184 847 50 330 201 271 150 435 321 229 170 447 249 293 139 504 144 385 213 292 321 166 223 265 295 372 135 482 474 268 76 418 251 297 115 509 229 357 190 288 228 367 184 303 349 307 157 331 396 284 246 300 358 237 81 360 198 286 286 722 294 292 174 290 316 265 155 228 242 310 812 316 365 352 167 754 216 360 208 486 437 371 181 385 242 306 262 422 298 357 106 800 903 755 114 365 205 196 84 384 290 149 169 426 225 367 169 380 238 274 165 781 245 276 56 470 418 219 167 435 805 297 124 322 329 364 148 567 211 395 76 357 195 335 221 405 163 325 112 357 217 263 160 311 353 281 82 336 85 257 166 420 381 324 92 402 114 381 741 501 408 295 126 372 462 187 180 417 417 415 221 418 299 371 139 463 407 247 664 335 158 242 59 418 323 345 332 335 238 313 151 366 384 382 108 380 227 295 160 646 309 308 273 384 216 437 838 244 252 355 137 408 202 289 161 364 290
204 576 110 365 69 364 131 283 416 430 125 272 421 306 59 232 465 548 52 350 552 481 53 322 290 589 66 222 2 461 161 313 387 493 143 359 433 357 41 453 461 502 190 213 305 458 72 249 280 502 351 435 317 329 140 382 385 493 153 324 279 546 39 680 308 573 94 272 499 518 701 460 374 432 107 150 433 457 127 372 643 432 89 266 387 460 143 294 402 494 141 313 335 432 330 373 356 415 87 241 519 473 71 250 403 463 0 287 462 533 104 227 552 583 105 221 497 454 211 290 265 423 154 600 427 508 94 203 365 419 107 373 502 367 145 210 458 433 193 374 295 439 113 324 422 504 81 253 450 504 58 245 569 477 192 374 438 411 68 309 448 334 408 507 525 380 142 275 395 543 133 176 264 547 99 413 412 503 112 301 342 386 294 396 365 541 131 341 403 484 51 483 522 492 36 376 351 427 230 237 405 414 100 263 467 471 237 195 428 349 186 281 369 300 73 237 480 377 180 316 467 390 176 316 371 356 148 421 563 260 49 274 503 457 166 154 423 220 158 343 436 518 716 251 368 661 252 248 389 567 133 506 720 402 161 162 384 492 171 405 479 500 56 123 428 330 120 267 353 263 218 216 316 396 177 613 345 458 192 251 337 458 170 345 384 512 283 333 537 507 31 277 238 299 146 245 386 583 42 573 553 484 184 324 475 468 200 218 271 337 19 136 329 523 53 517 417 349 165 254 393 600 208 312 389 359 160 228 468 456 158 284 352 375 187 252 401 471 699 325 457 365 272 316 442 612 489 295 450 477 280 223 211 352 181 254 506 451 394 284 459 442 76 148 399 439 117 310 309 627 45 265 177 369 529 440 295 429 104 286 518 450 91 217 348 442 56 247 321 519 83 278 474 350 591 268 495 518 135 278 460 479 57 355 367 572 172 312 234 471 162 284 284 431 122 285 408 401 174 449 404 421 209 352 443 343 152 188 372 452 153 390 378 571 45 198 453 531 110 354 353 529 90 168 426 527 97 550 424 409 56 286 399 448 163 164 430 496 71 373 320 269 204 312 360 406 67 245 326 514 135 246 442 419 142 80 387 383 179 300 372 475 565 405 368 234 81 281 380 641 224 237 270 569 73 298 568 494 125 256
192 290 198 110 353 77 288 60 197 162 205 98 176 38 343 60 270 268 295 221 371 224 256 448 117 310 264 67 289 184 227 90 160 226 207 73 229 81 249 319 330 215 187 110 72 173 248 71 437 216 451 524 30 50 171 138 139 285 183 43 116 262 249 478 87 290 198 16 257 242 560 174 148 154 234 181 230 172 182 84 609 155 234 22 112 207 152 11 118 300 148 159 115 146 304 119 204 138 306 97 252 699 218 95 141 218 287 0 201 249 293 61 320 305 237 86 571 181 94 428 130 136 140 534 272 221 200 90 104 132 199 89 223 83 178 107 310 146 169 102 63 152 245 110 206 246 210 142 246 218 287 55 346 225 159 113 256 136 335 46 160 56 239 227 430 119 162 83 141 258 155 118 25 260 190 127 202 217 184 126 231 100 56 178 82 254 218 257 194 201 264 424 271 209 322 137 547 143 249 120 216 130 200 96 246 184 78 233 169 87 197 16 138 220 218 52 193 91 180 68 182 244 138 31 100 613 336 144 324 102 284 23 276 171 148 134 188 409 138 64 188 231 442 117 146 374 129 100 222 307 156 219 660 123 129 208 201 257 181 119 281 215 245 165 148 62 227 90 202 35 77 101 96 153 203 538 237 171 140 242 157 176 136 58 660 264 121 47 259 221 266 111 78 71 333 42 147 309 323 294 310 199 180 130 188 187 138 81 160 87 305 263 87 292 235 237 172 133 391 41 195 316 82 39 200 72 142 131 214 168 215 186 116 110 101 143 129 196 416 38 197 127 522 101 188 334 403 112 183 190 10 90 95 618 111 150 452 163 536 7 235 160 288 224 208 152 184 49 109 340 257 84 144 112 589 716 562 147 183 21 231 173 197 78 71 155 238 61 170 232 215 20 206 65 585 27 224 270 259 206 178 192 244 603 136 301 119 132 147 184 428 13 185 160 166 40 188 124 190 162 180 140 140 74 177 62 150 138 128 177 219 132 119 287 254 163 212 260 200 109 194 538 300 193 177 245 220 544 138 122 233 206 241 167 204 149 225 211 265 223 62 450 259 76 95 162 228 107 152 260 154 45 199 132 161 209 210 113 165 25 138 187 473 170 144 60 208 11 250 642 84 51 143 292 256 16 290 207 167 73
293 203 356 230 531 158 486 181 83 221 403 289 49 214 509 238 132 232 482 197 216 270 443 509 179 263 453 249 464 202 428 149 86 250 406 169 107 195 421 458 235 162 388 250 158 96 438 214 519 167 649 546 175 193 325 82 78 125 383 193 190 116 427 293 154 235 368 213 65 71 409 155 97 63 430 381 109 162 338 152 530 60 427 216 92 269 319 191 102 151 325 178 130 145 314 234 172 72 498 222 57 794 401 213 61 286 462 201 0 202 432 247 127 129 433 242 575 216 295 501 209 138 309 442 181 124 368 287 100 135 358 122 70 126 376 252 207 131 370 100 169 131 442 140 89 44 393 336 112 165 444 222 157 29 361 91 144 197 494 162 119 195 378 211 574 224 358 188 67 204 332 314 216 154 375 107 97 107 374 172 217 122 239 300 124 175 416 248 99 79 426 585 70 190 493 88 635 166 448 230 127 97 390 200 86 139 279 330 34 219 398 198 97 243 389 250 151 160 381 148 90 182 337 171 102 739 460 66 127 297 471 202 97 100 347 319 60 609 332 190 35 149 254 217 102 263 324 215 155 315 343 115 556 185 320 330 135 325 308 151 135 99 411 348 74 142 368 196 173 209 277 246 147 70 404 438 221 116 341 303 150 75 292 160 803 308 188 159 90 166 448 190 279 251 532 235 80 282 491 253 111 87 381 148 129 69 339 247 219 234 477 389 133 355 409 82 51 280 587 242 115 242 261 164 127 147 339 242 20 132 416 226 111 92 283 226 74 212 251 170 6 98 649 147 23 286 555 172 22 141 204 291 251 751 284 228 613 120 590 208 79 79 438 351 123 106 346 160 156 212 441 197 288 230 580 856 700 173 365 216 131 203 372 249 193 117 407 262 177 159 402 199 21 174 529 207 40 313 386 248 69 130 410 722 99 285 292 161 244 145 616 212 225 213 343 232 85 83 311 124 80 177 261 128 27 187 346 277 91 205 419 231 86 223 438 279 44 257 356 244 164 502 445 317 40 211 413 715 102 114 407 242 168 66 327 348 105 169 419 175 147 544 460 245 108 263 396 219 159 58 339 244 40 139 320 392 142 206 294 179 94 135 373 68 102 235 390 212 201 584 285 245 210 258 447 201 118 146 337 207
425 54 447 178 596 173 505 279 278 116 433 277 236 228 590 309 334 30 533 379 410 112 496 672 315 66 500 317 534 77 437 273 262 83 427 176 307 176 496 331 437 43 389 352 267 115 484 309 671 39 602 727 222 204 420 240 236 324 405 210 322 121 494 457 275 41 447 265 256 155 597 76 265 160 462 405 309 77 431 166 732 164 468 271 187 126 401 246 159 351 396 338 273 106 493 172 354 170 536 330 194 940 462 324 206 141 533 249 202 0 541 310 301 171 466 331 763 91 324 657 343 117 389 644 381 80 449 330 220 122 448 180 140 185 405 350 409 110 375 200 270 105 470 279 286 216 453 317 314 39 536 301 332 225 369 217 345 125 584 245 104 199 265 35 438 162 397 300 222 10 404 357 274 70 434 143 292 97 424 315 398 163 241 198 189 38 440 430 291 123 513 467 240 42 568 246 785 107 424 350 322 148 439 317 287 75 299 467 207 188 399 259 258 411 466 296 62 158 389 252 115 375 365 226 203 861 581 170 290 289 523 267 291 112 376 380 253 613 377 190 230 55 282 340 268 135 309 329 346 118 400 89 757 132 372 450 323 162 423 130 337 104 494 410 154 229 475 310 353 280 315 344 275 240 409 640 403 99 357 458 316 132 384 193 909 133 324 210 151 37 509 319 298 240 549 291 246 80 571 53 275 115 387 299 80 135 351 329 366 203 552 508 252 181 482 137 235 217 611 280 305 67 331 237 317 183 377 362 221 91 427 384 254 211 350 361 188 72 220 214 205 249 770 279 218 90 429 307 187 70 258 314 341 867 361 366 491 102 758 252 282 138 537 468 316 120 434 246 293 122 498 307 390 174 772 965 812 104 429 247 75 89 445 327 185 110 487 287 342 44 455 264 184 185 730 273 176 136 504 408 137 77 493 850 258 83 368 311 373 72 661 250 383 111 414 248 276 176 431 101 268 112 377 204 188 190 385 382 241 87 432 156 218 38 496 400 246 65 449 193 344 699 549 435 228 15 454 602 136 143 481 404 363 146 446 378 305 41 515 364 243 689 447 228 216 163 476 335 320 229 399 287 239 121 410 453 333 154 407 244 253 76 575 252 267 308 453 254 392 785 312 298 352 56 491 237 160 58 416 306
143 578 98 391 148 368 231 267 371 452 200 312 386 322 104 233 407 561 156 284 483 510 146 221 253 603 163 227 106 477 246 287 349 516 220 366 381 373 93 523 383 505 261 192 285 450 163 235 184 506 454 332 319 342 122 351 355 437 221 335 243 531 113 614 283 583 111 278 457 496 617 466 337 416 194 217 380 465 112 375 542 415 174 272 372 491 144 296 393 434 156 263 303 436 239 400 296 399 191 217 489 412 132 225 379 497 104 293 432 541 0 234 503 560 193 210 393 473 245 190 224 426 156 503 359 502 107 229 344 421 98 367 484 361 209 192 386 434 258 358 278 440 204 293 375 470 138 308 396 508 46 241 515 441 253 352 378 428 76 299 445 347 466 521 606 404 195 251 367 550 150 210 268 542 147 407 365 494 166 261 272 382 319 438 358 542 213 264 356 470 61 570 484 502 105 344 272 436 316 203 351 406 164 236 419 472 268 116 400 371 261 282 335 229 101 252 483 383 249 299 457 324 225 315 355 320 51 404 516 302 152 274 454 450 218 178 384 323 198 356 402 517 685 217 331 660 303 221 329 595 168 498 621 416 192 102 330 532 125 411 420 489 76 155 415 318 67 242 294 261 243 199 288 363 254 518 273 455 245 169 290 445 157 348 373 546 245 332 516 511 126 243 269 328 250 254 353 602 93 587 508 472 253 285 474 453 253 213 219 363 101 47 307 565 102 499 383 388 265 270 343 607 213 306 336 359 206 191 433 456 239 223 322 355 197 207 382 489 680 327 427 335 229 287 410 627 571 261 424 478 284 258 200 326 183 206 595 448 298 292 412 431 28 82 346 434 112 299 276 620 136 243 153 394 426 427 272 440 141 299 512 466 121 215 363 439 87 272 268 520 151 278 448 358 488 268 469 553 49 210 446 477 77 310 333 594 177 272 189 473 246 295 223 451 142 305 365 387 121 448 363 433 173 343 418 355 200 162 343 469 235 416 355 578 134 153 414 552 96 383 296 425 18 115 393 538 175 647 417 405 100 218 336 433 105 216 378 502 43 310 306 180 295 340 343 439 90 216 279 477 167 261 405 421 133 135 331 402 139 297 339 475 473 368 331 234 133 290 310 538 255 248 224 585 167 307 547 495 133 239
148 351 137 159 294 138 240 71 224 219 156 106 214 88 282 13 292 328 238 216 392 278 199 401 113 370 208 8 229 244 187 108 188 283 161 134 252 139 188 340 333 276 154 65 93 231 192 49 386 277 423 485 90 108 112 173 175 311 139 101 106 320 189 507 104 351 137 46 296 296 573 236 175 208 182 136 252 234 122 146 596 208 180 39 163 260 91 67 175 323 87 155 136 207 278 169 206 191 251 68 301 642 159 72 186 268 227 61 247 310 234 0 356 360 186 39 536 239 60 379 111 197 79 527 280 281 139 43 147 193 138 147 278 140 130 59 318 207 136 151 82 213 195 127 233 291 151 133 270 279 226 28 379 267 126 156 272 194 274 86 221 114 266 288 445 172 111 79 182 319 94 67 37 320 132 186 226 276 128 125 222 159 90 217 139 315 170 242 217 258 203 430 314 270 261 169 493 204 223 89 233 188 144 81 276 245 62 186 214 138 163 54 167 200 157 24 255 152 144 100 240 247 95 89 148 553 278 197 363 102 227 48 310 230 103 74 222 364 85 122 228 292 495 93 171 435 122 76 230 362 98 279 654 182 73 154 214 305 129 180 304 273 184 105 203 107 169 79 203 38 41 56 114 189 166 533 227 231 105 206 164 232 78 119 599 316 113 106 313 282 207 102 63 102 285 20 180 368 262 354 350 257 145 139 249 243 106 30 139 133 245 206 117 340 175 293 210 168 340 40 213 377 21 87 215 132 93 95 257 229 174 166 146 156 40 117 179 255 473 98 242 158 462 117 231 394 415 113 231 251 53 65 45 557 51 124 458 224 489 58 266 216 227 169 225 212 124 87 118 400 198 73 90 163 557 655 502 207 123 65 291 232 136 24 129 215 177 53 167 293 157 51 256 126 565 42 275 322 202 181 235 252 183 544 165 360 58 135 113 245 372 61 166 217 105 73 216 177 139 222 208 200 96 127 225 121 99 86 163 236 176 184 161 348 195 117 250 318 139 154 197 515 240 141 217 306 166 542 197 182 173 184 248 223 151 103 248 272 205 226 100 396 226 112 140 210 167 80 155 304 95 31 237 193 101 150 222 169 113 73 168 248 471 203 170 16 149 56 249 622 58 16 125 351 201 74 345 268 106 57
361 281 443 357 621 285 595 286 137 344 511 412 144 337 593 345 103 330 580 226 118 387 542 528 264 351 555 356 554 320 542 249 169 364 518 296 122 322 511 584 193 267 505 342 263 214 540 315 551 272 770 538 296 318 412 184 182 73 495 318 274 184 521 167 254 323 460 329 63 146 296 272 183 190 537 492 123 281 426 278 458 186 531 331 216 389 414 309 229 91 423 242 223 268 327 361 209 199 600 315 107 821 498 306 180 407 552 320 127 301 503 356 0 153 540 342 554 335 410 528 288 263 405 367 167 223 460 399 215 260 445 247 163 250 486 346 168 254 487 221 274 253 550 233 131 90 492 459 108 270 524 329 32 99 477 206 134 322 572 276 240 320 504 319 700 350 466 285 178 299 431 424 330 237 475 233 140 206 478 252 243 249 363 426 248 266 526 266 150 187 510 711 63 301 580 187 663 289 569 316 153 224 494 293 85 254 397 390 153 346 515 314 190 283 481 364 263 286 497 258 206 192 450 291 222 788 520 192 18 419 569 316 49 219 459 423 135 720 441 316 131 246 210 302 187 311 446 307 177 418 446 213 467 311 427 403 173 443 385 277 93 200 498 449 200 258 445 290 211 320 391 341 244 168 520 359 245 234 457 348 216 194 385 285 861 422 270 281 151 270 543 276 397 375 640 348 176 376 575 346 27 195 497 229 242 184 456 349 285 360 565 457 239 470 501 163 148 407 691 359 161 320 366 281 167 272 449 324 109 250 529 281 211 210 387 301 198 328 247 292 129 198 701 242 133 369 681 259 149 253 320 408 349 805 384 301 739 240 600 326 94 202 515 423 157 229 436 274 246 260 538 293 376 357 550 911 758 296 463 337 225 323 467 353 320 239 496 380 235 257 503 314 134 300 473 320 131 427 454 297 188 241 497 767 192 383 392 240 320 259 712 331 280 336 440 353 145 209 386 244 150 301 344 249 153 312 455 365 194 324 532 357 201 310 535 357 107 363 442 371 207 460 519 392 142 312 517 842 228 241 498 289 176 189 400 459 125 277 499 199 260 581 578 370 225 389 485 309 227 75 442 359 121 264 411 491 173 333 375 296 188 248 299 153 188 342 488 331 211 523 402 358 284 352 549 322 155 253 431 307
422 137 480 292 651 241 592 300 207 254 511 376 178 305 633 353 227 197 598 321 271 277 559 635 307 207 568 363 585 219 529 274 216 249 511 250 219 268 542 492 332 152 485 374 279 139 552 334 647 156 731 664 275 280 449 209 206 205 487 283 317 55 547 292 278 182 489 319 137 65 443 178 226 152 539 486 221 186 462 232 611 152 539 324 197 285 440 297 188 230 443 307 258 189 437 292 298 169 611 346 77 922 518 337 182 302 583 305 129 171 560 360 153 0 543 363 688 236 398 628 337 191 429 520 289 111 490 395 219 192 482 216 82 222 483 375 304 179 468 210 288 175 550 267 209 103 510 423 216 154 569 339 181 130 459 210 250 243 619 275 161 279 419 199 603 280 467 312 193 166 451 423 325 101 491 182 219 102 487 300 341 208 328 343 223 133 522 370 223 106 550 627 109 188 615 216 763 209 537 357 246 176 504 326 183 157 378 460 160 290 496 307 226 371 510 357 159 234 480 267 129 300 443 274 213 868 589 163 138 386 587 312 167 142 453 434 186 712 443 272 163 125 137 344 232 158 412 340 275 285 458 105 621 238 433 459 259 331 435 211 223 100 534 464 158 254 494 320 298 322 383 369 272 199 503 512 345 151 442 432 279 131 415 252 932 303 316 259 47 152 566 317 378 335 638 345 209 236 614 206 127 110 480 277 145 119 438 365 348 307 599 517 255 352 530 69 180 343 696 346 240 173 377 273 251 237 448 369 134 163 518 355 238 208 399 354 183 222 121 268 135 225 778 274 153 223 591 300 136 153 311 392 372 880 402 357 653 160 715 311 183 146 564 479 245 161 469 274 284 106 558 320 413 290 689 984 829 213 482 315 107 226 492 367 271 165 529 362 306 134 517 309 113 258 622 318 91 306 514 377 127 143 533 851 228 245 411 290 372 161 732 313 355 246 461 326 210 183 439 163 207 221 388 233 142 269 455 402 217 226 522 282 207 169 555 407 160 236 480 309 291 603 572 445 170 185 524 761 171 188 527 370 284 138 455 454 219 163 545 297 263 673 553 326 223 305 518 345 288 105 455 350 164 195 443 510 264 264 421 287 222 151 451 197 231 350 508 315 320 673 387 355 339 214 561 300 16 143 458 328
235 514 138 290 143 307 57 255 405 355 33 191 399 243 159 196 466 476 74 367 562 399 51 413 281 517 42 185 104 390 56 291 371 415 43 300 429 291 100 350 485 440 90 203 278 408 32 225 376 440 275 522 267 269 155 358 361 489 62 264 272 499 80 684 286 503 110 224 481 479 729 398 357 391 4 61 429 394 146 316 704 392 19 219 348 378 138 246 355 497 122 316 317 373 380 297 365 375 71 228 487 577 67 237 372 378 105 237 433 466 193 186 540 543 0 198 582 380 146 382 264 365 142 650 441 454 113 148 333 362 135 327 460 321 61 198 476 377 98 336 267 382 13 307 412 477 66 161 446 442 151 212 561 453 100 342 443 341 173 271 393 272 309 436 421 306 76 256 367 476 116 120 218 491 73 363 405 453 64 294 364 336 226 307 320 480 29 373 395 438 131 380 500 424 135 354 455 363 126 235 405 367 50 250 457 412 169 245 399 278 84 236 350 327 102 185 420 318 84 285 418 405 102 268 334 458 242 381 548 178 66 232 492 406 91 118 406 182 101 281 413 460 679 247 353 599 164 237 396 483 95 454 775 335 113 203 384 403 198 346 479 451 118 96 385 292 173 251 362 224 160 202 296 374 74 661 368 404 109 295 334 413 165 292 477 426 277 284 496 445 74 269 169 226 100 199 365 506 145 500 535 436 87 314 419 424 115 191 282 263 122 206 302 431 93 474 395 264 154 197 388 533 174 271 387 307 95 231 443 398 54 302 330 341 153 258 364 399 652 275 428 343 375 297 416 538 384 285 417 419 232 154 192 451 158 263 404 396 490 232 448 397 167 198 398 387 134 273 295 571 61 247 181 293 612 533 394 363 87 229 464 378 97 187 284 388 108 183 326 459 49 235 441 291 659 226 460 432 204 305 416 422 117 458 348 494 150 306 243 411 195 230 302 357 110 222 396 361 206 393 390 355 215 310 410 282 87 191 348 381 49 314 347 503 61 216 434 454 141 276 360 599 184 201 402 458 25 454 374 358 95 311 410 405 202 90 425 433 151 385 286 369 102 238 326 323 110 237 323 489 99 193 422 361 148 68 391 312 197 256 352 417 606 387 352 199 71 228 400 712 157 189 274 495 33 243 527 435 124 233
110 368 119 192 289 158 255 62 206 248 172 145 203 120 271 30 269 351 240 182 367 309 201 365 84 393 213 32 222 269 209 94 173 311 181 157 231 167 180 379 301 294 182 26 84 242 198 28 352 296 450 447 109 135 90 163 166 291 160 128 76 327 185 486 90 372 127 72 284 298 543 255 159 212 196 157 231 254 102 165 559 212 189 66 167 292 77 87 185 300 83 124 119 226 239 202 175 195 259 33 298 613 159 40 182 301 221 86 242 331 210 39 342 363 198 0 497 267 94 344 75 215 67 490 250 293 128 74 144 210 121 158 282 151 150 21 288 224 166 154 74 229 209 109 214 285 151 171 248 297 209 31 363 259 156 153 247 221 259 90 235 141 305 311 484 203 127 57 175 340 90 89 61 333 134 198 206 286 136 97 186 172 126 255 148 332 188 205 197 265 189 468 305 292 253 158 462 226 254 50 208 198 152 52 259 262 101 149 208 170 190 73 153 162 148 63 273 173 171 95 250 216 120 105 151 530 251 201 350 141 229 65 294 241 126 81 208 380 103 149 218 307 495 57 155 451 160 42 202 392 104 290 618 208 87 122 188 340 95 201 282 282 172 107 209 111 144 53 172 52 77 17 98 178 192 497 192 245 135 166 137 240 54 138 581 348 82 122 316 300 205 72 102 140 298 55 168 394 252 377 339 266 173 116 264 249 138 10 102 167 237 178 109 374 168 297 199 205 349 78 191 397 31 96 191 149 113 56 249 246 196 128 133 154 47 79 180 281 479 117 237 147 439 100 223 417 454 87 229 268 76 102 10 536 42 86 496 238 453 86 249 224 208 139 201 224 107 91 96 412 199 49 59 195 517 636 482 230 123 97 303 259 130 17 157 229 167 93 135 310 162 68 253 149 527 59 274 355 174 142 241 267 171 519 151 386 50 109 74 262 374 90 128 245 100 109 198 182 104 238 192 224 57 135 223 148 118 52 153 262 198 216 157 368 196 80 238 345 120 189 167 475 219 108 208 328 176 578 208 195 165 145 219 229 118 126 227 291 187 195 100 365 253 149 140 244 156 44 127 296 100 69 226 211 82 151 195 198 79 87 155 264 436 190 154 28 148 85 216 583 95 55 89 376 208 101 348 284 95 36
389 775 454 680 524 621 625 515 492 721 582 640 531 609 477 526 462 791 549 384 456 785 538 178 462 829 556 528 498 728 630 503 501 778 602 625 471 646 484 873 361 720 634 471 516 649 554 501 229 724 847 62 581 616 454 524 527 487 596 610 459 690 505 554 502 801 480 562 550 644 450 694 498 604 582 591 469 698 455 623 239 600 563 557 578 772 482 567 609 464 502 430 494 669 272 689 409 594 584 475 614 353 516 476 557 785 497 571 575 763 393 536 554 688 582 497 0 733 580 211 443 657 488 272 399 693 476 558 546 651 456 595 645 591 582 476 387 659 625 567 517 663 594 491 486 586 519 657 472 724 439 522 542 563 618 548 438 691 447 545 660 623 802 759 973 687 561 490 541 768 501 555 552 728 521 624 478 678 540 458 366 611 621 749 587 745 597 334 477 649 453 946 580 736 489 517 250 680 699 452 448 617 544 476 505 689 594 357 560 657 637 555 505 357 481 560 702 635 621 529 649 393 581 574 564 413 350 594 572 635 546 549 524 651 579 524 516 711 553 628 541 717 763 454 495 837 648 471 421 858 527 685 327 676 540 397 442 826 416 653 467 670 465 517 609 552 413 482 410 538 568 480 499 524 632 292 360 664 602 331 449 633 471 602 510 827 455 584 661 726 519 464 595 635 643 551 518 841 475 816 575 655 625 469 684 633 608 506 413 658 490 376 521 861 489 656 532 701 649 575 461 814 520 556 449 604 564 442 562 674 621 389 511 554 520 428 575 741 799 586 571 515 377 493 554 853 940 469 583 693 562 591 491 446 501 421 973 663 145 574 505 625 421 393 452 644 464 543 481 786 528 488 454 682 39 535 436 687 511 588 702 721 493 512 636 655 474 589 423 725 535 551 596 620 168 545 613 833 379 367 629 686 465 382 505 839 501 459 425 693 609 580 390 716 499 603 492 589 406 664 499 685 440 572 580 625 561 453 523 725 619 700 546 792 526 419 534 802 451 680 419 122 406 407 540 767 561 1035 629 626 487 368 407 619 400 578 472 723 433 401 539 257 682 643 553 733 472 465 446 583 524 566 535 655 466 517 434 677 429 558 510 688 304 514 496 524 514 575 374 188 585 552 430 818 560 587 682 705 484 498
370 144 376 90 514 114 417 225 273 26 348 190 233 152 512 241 341 96 449 355 431 56 414 624 272 137 416 247 455 17 348 230 247 46 340 112 307 100 419 257 434 85 301 290 219 121 400 249 617 82 512 691 160 132 351 220 218 340 319 139 276 181 415 500 231 124 372 196 279 196 624 63 245 156 376 319 309 55 361 110 731 160 384 202 161 53 329 181 131 364 322 304 240 73 461 83 332 156 450 273 231 880 382 269 193 72 454 181 216 91 473 239 335 236 380 267 733 0 243 606 295 82 318 646 375 125 375 252 190 87 377 139 176 142 320 288 408 86 287 169 219 85 383 242 283 245 373 228 318 84 462 236 367 244 282 190 344 46 509 191 96 126 183 57 370 75 314 249 207 101 329 277 206 143 355 118 286 138 343 275 371 124 159 110 146 118 354 402 282 149 439 391 273 53 489 225 728 55 333 295 313 128 357 265 298 83 217 412 206 105 311 194 235 376 390 222 77 99 301 205 129 361 282 166 171 792 517 160 329 202 439 202 312 117 292 303 251 522 296 118 232 113 361 288 247 226 220 274 333 127 322 132 766 59 294 389 309 109 362 80 347 142 419 333 146 182 408 258 330 215 236 282 234 227 320 645 377 101 271 413 287 142 317 134 835 97 280 152 202 87 428 272 216 156 461 219 229 130 493 120 313 141 299 264 95 151 265 262 323 118 473 444 212 141 405 181 230 126 523 204 293 154 261 181 303 129 295 307 236 85 339 345 224 184 277 312 170 19 307 153 216 224 701 240 222 158 356 264 195 85 191 231 276 795 290 318 417 96 712 182 290 137 466 406 306 110 362 193 252 211 417 253 325 87 746 891 739 47 351 174 129 13 368 259 110 98 411 207 310 106 374 199 203 119 720 208 205 103 440 368 148 96 418 783 235 120 297 274 321 78 574 179 344 23 339 170 268 155 370 92 259 48 319 161 193 119 303 319 218 11 344 67 194 126 414 343 254 79 378 104 321 682 479 374 226 80 370 526 118 113 404 365 351 150 385 294 304 74 443 345 195 631 356 143 182 73 401 281 288 260 321 213 244 83 340 374 319 71 346 184 232 89 579 243 245 241 373 183 375 776 230 225 306 115 407 166 221 93 343 248
191 370 147 154 272 162 194 128 280 219 113 67 266 98 270 73 350 337 209 275 450 271 172 435 172 379 176 64 213 251 134 165 244 282 113 154 310 148 178 294 393 296 96 115 149 263 160 109 413 296 365 526 123 123 133 226 228 368 89 119 166 354 172 564 161 363 135 82 348 335 632 254 231 248 142 88 310 250 137 170 652 249 145 79 206 251 105 104 210 381 89 215 193 228 331 162 265 232 215 126 346 657 140 131 234 255 211 94 295 324 245 60 410 398 146 94 580 243 0 409 169 220 95 585 339 308 139 21 196 217 147 182 316 177 85 109 377 231 78 195 138 237 152 185 289 339 131 79 327 298 225 87 434 317 68 205 331 200 269 134 247 127 227 297 395 169 73 139 232 334 94 36 80 346 113 218 284 307 100 185 280 191 83 193 176 335 124 299 274 293 201 375 363 282 247 223 514 219 164 145 292 222 115 141 332 267 25 224 262 138 106 97 222 256 151 46 275 173 87 152 273 307 44 125 193 557 294 238 415 58 199 94 364 261 55 67 276 315 53 136 279 315 535 151 228 456 68 134 290 357 81 308 712 192 54 186 273 288 164 201 362 305 181 93 241 153 187 139 262 91 19 109 171 242 111 591 286 258 47 253 223 268 108 147 594 304 172 140 352 301 186 162 27 87 240 62 234 372 251 362 401 291 88 198 273 279 47 84 197 125 231 228 171 320 164 330 262 143 298 53 272 391 64 131 274 162 53 149 307 253 121 222 200 203 60 173 223 260 506 130 290 213 468 175 280 401 363 172 277 274 91 13 96 557 78 180 403 250 521 88 322 252 232 196 283 242 134 136 177 426 174 133 126 157 603 650 501 220 110 84 318 239 129 77 140 242 171 37 226 315 131 96 300 146 619 90 318 310 224 236 271 277 180 551 220 361 79 195 167 266 339 85 222 220 103 77 272 218 174 248 264 212 144 168 270 137 61 127 216 242 125 179 210 362 172 161 302 320 151 143 257 566 247 175 268 317 131 483 229 213 163 239 308 261 183 56 306 289 208 286 150 419 169 100 187 197 163 138 215 352 80 51 289 216 120 132 281 172 151 116 223 272 530 257 226 76 131 84 308 675 12 53 182 358 168 98 383 290 112 116
236 683 268 536 313 493 420 382 422 589 388 475 452 464 266 373 425 682 341 309 466 652 335 33 342 723 352 371 291 606 434 385 415 652 408 494 415 509 282 700 355 616 446 319 391 550 352 358 27 619 640 149 446 477 277 429 433 455 406 470 335 614 303 590 382 698 290 415 501 572 542 582 407 508 383 401 414 583 274 498 402 505 363 410 471 635 305 427 499 441 323 326 387 554 201 546 331 494 376 333 552 294 319 337 463 645 290 428 501 657 190 379 528 628 382 344 211 606 409 0 315 542 314 390 362 600 285 390 439 536 269 478 565 473 393 322 371 547 440 458 389 552 394 380 421 527 324 482 424 620 233 373 528 499 434 444 395 561 236 416 554 484 636 644 790 547 375 359 448 664 320 379 405 639 330 514 410 588 350 343 289 494 468 596 469 648 401 263 405 560 251 757 531 623 279 422 135 559 504 311 385 510 350 342 455 583 429 195 475 514 447 413 410 258 286 402 595 508 433 406 554 337 401 440 455 273 142 496 545 467 339 406 485 551 396 346 442 500 372 491 466 621 733 319 402 757 475 332 357 733 343 594 489 547 362 225 370 683 250 532 435 582 265 331 510 429 226 349 330 393 402 327 382 435 440 409 286 561 422 201 353 539 304 472 362 692 333 454 591 622 315 338 430 481 434 397 427 728 265 708 542 565 437 363 581 543 429 350 292 511 281 185 405 718 290 579 451 546 438 419 389 718 360 426 378 479 382 299 494 567 427 277 407 449 352 297 475 618 749 453 495 416 203 378 478 747 756 350 501 588 418 422 335 298 335 291 782 556 112 429 451 527 216 213 385 539 280 414 365 710 325 353 289 539 247 402 267 565 322 440 610 597 302 356 499 547 275 428 325 626 339 409 520 488 337 400 541 698 188 254 537 584 265 247 409 723 331 349 285 585 399 434 278 586 315 452 418 485 240 557 421 561 288 453 496 489 377 293 424 600 423 560 444 691 323 265 469 682 264 533 337 273 200 238 461 657 364 836 522 514 288 260 353 525 229 394 414 616 231 334 416 64 484 491 442 588 276 326 345 529 341 409 465 538 290 322 366 540 265 422 415 583 385 433 403 372 320 429 318 378 417 395 306 708 357 444 618 603 301 358
86 370 155 237 333 181 322 72 152 281 241 213 162 168 306 98 204 367 294 107 297 345 257 330 30 408 272 105 266 293 282 70 126 341 253 184 169 203 224 444 226 302 257 62 77 238 258 64 328 305 524 398 139 174 124 128 131 229 233 167 21 311 234 421 67 384 173 123 236 274 469 268 113 199 262 229 169 269 138 185 487 196 252 119 159 330 129 124 185 234 143 52 79 239 175 246 102 183 318 43 265 599 214 38 157 343 265 130 209 343 224 111 288 337 264 75 443 295 169 315 0 228 123 416 177 289 173 149 127 222 158 164 263 158 221 67 214 233 241 145 76 238 276 70 157 246 209 244 186 305 238 87 305 218 231 134 179 252 288 104 239 180 367 330 553 244 198 48 144 350 149 164 114 329 194 200 148 278 200 37 112 180 183 308 154 335 258 132 138 253 222 540 261 309 292 121 443 246 329 30 143 196 215 34 203 268 172 126 177 215 265 114 111 92 194 132 281 196 245 92 243 142 195 132 141 533 252 186 299 211 284 108 239 239 200 149 161 446 175 186 178 308 462 18 108 448 232 35 131 422 170 284 543 236 159 122 121 383 100 219 217 273 210 169 199 115 160 40 98 98 151 64 69 139 266 423 117 247 210 117 72 229 100 162 595 386 21 143 293 308 256 23 173 198 363 119 129 414 288 393 289 256 248 62 267 235 213 85 31 216 277 181 91 419 214 278 159 262 409 142 128 404 106 115 125 166 186 36 210 252 269 57 100 138 120 18 164 306 458 144 203 112 442 66 186 433 524 38 202 274 121 176 77 544 109 24 568 242 417 133 194 216 231 142 136 225 148 102 54 404 253 46 89 240 460 648 492 252 181 148 299 285 181 92 194 233 208 161 62 313 222 109 224 179 458 105 246 392 178 76 228 270 209 518 109 409 115 49 35 271 425 140 57 277 157 165 144 172 103 243 141 248 56 139 195 183 190 77 120 288 270 258 135 377 250 71 192 370 155 238 95 410 237 109 169 343 240 652 209 200 211 77 146 216 119 200 166 301 213 122 101 348 327 204 128 290 198 31 61 254 166 135 182 224 124 207 127 235 88 115 115 269 361 145 108 95 204 135 141 515 168 123 14 393 268 145 324 289 146 59
309 153 332 102 488 60 410 162 191 83 332 187 151 122 479 195 260 140 428 276 352 138 390 558 201 181 396 203 425 73 344 159 166 124 329 66 225 78 385 321 353 79 298 235 151 54 380 192 555 81 540 618 107 97 304 139 137 260 306 101 208 140 385 429 161 158 334 152 204 137 546 40 164 76 361 306 227 42 316 52 649 80 365 158 80 133 287 131 50 284 284 228 163 12 386 103 252 75 435 213 165 823 353 208 111 150 423 136 138 117 426 197 263 191 365 215 657 82 220 542 228 0 275 564 293 89 336 222 111 6 334 64 116 69 304 234 326 12 282 90 154 17 371 167 201 173 345 233 236 82 422 185 294 167 275 110 263 59 471 128 30 94 241 103 437 91 292 184 125 125 292 251 161 126 325 37 204 91 317 203 293 48 141 163 73 118 342 325 200 88 400 450 202 81 458 145 668 28 346 233 232 46 333 201 218 48 197 350 125 99 309 145 155 302 354 186 57 47 296 136 64 280 264 111 93 746 465 79 259 198 417 152 235 50 274 269 169 526 270 85 152 96 327 224 167 238 222 212 251 201 291 91 684 49 264 333 227 190 307 20 267 91 381 300 66 113 359 194 251 165 208 228 162 145 318 563 299 41 259 344 209 70 269 79 795 179 210 94 149 85 401 204 196 146 456 178 147 187 459 166 243 82 294 189 53 82 254 214 252 116 441 391 139 222 371 125 148 153 516 171 211 181 218 120 222 67 272 246 158 33 334 272 146 104 237 245 88 85 288 99 138 144 654 166 142 205 419 193 117 54 145 211 225 752 247 251 478 32 645 140 210 61 422 352 224 35 319 129 180 206 391 190 274 100 669 850 697 36 319 138 99 69 333 212 83 27 374 183 234 96 348 149 129 74 639 159 136 185 388 296 76 57 380 734 155 183 255 200 257 48 559 139 272 75 302 144 187 73 314 29 177 39 260 89 114 83 281 266 137 72 338 96 114 153 388 284 175 145 334 118 242 603 434 319 145 115 350 583 37 32 370 293 270 74 329 276 222 76 400 265 127 572 364 136 105 126 364 219 211 189 289 178 163 4 295 345 237 74 291 129 151 52 497 161 165 194 343 143 295 695 208 187 237 166 388 125 176 71 303 189
106 429 58 235 223 216 199 129 268 296 121 162 269 166 205 81 326 407 175 225 420 354 137 339 142 449 150 72 156 322 166 160 237 361 136 213 290 217 113 388 344 355 153 63 151 306 136 95 318 356 409 433 168 187 37 229 232 350 120 180 132 393 119 544 155 430 60 124 349 364 588 314 223 278 140 115 290 312 44 224 578 278 130 118 233 335 12 144 249 356 21 174 183 285 252 244 223 261 196 90 365 567 93 99 249 342 154 140 309 389 156 79 405 429 142 67 488 318 95 314 123 275 0 518 299 357 62 76 211 271 59 221 348 215 107 59 334 285 140 220 141 290 154 173 275 351 87 170 307 357 147 92 424 325 132 220 301 273 196 155 298 192 322 367 485 248 83 122 241 398 27 67 115 396 71 261 267 351 78 155 224 235 163 285 213 393 139 235 257 331 125 460 371 349 186 223 421 283 223 93 265 262 93 112 321 323 116 131 275 215 158 131 218 189 82 97 333 231 139 162 314 263 94 165 217 475 202 267 414 153 164 123 356 305 94 36 273 323 66 201 284 369 562 106 218 513 162 98 254 439 50 354 644 261 52 91 244 377 72 259 339 347 106 47 275 176 93 115 220 111 90 64 164 243 156 527 228 308 115 169 194 305 24 197 520 391 137 182 383 361 139 130 117 173 241 99 234 447 186 433 403 331 143 176 326 315 121 64 140 207 170 133 176 411 101 363 265 235 288 115 249 456 58 160 247 209 78 89 315 307 154 161 199 221 42 116 247 334 545 176 303 213 384 164 289 473 452 147 296 329 131 108 58 478 29 121 487 301 426 137 312 289 148 101 258 288 45 156 159 476 133 113 41 238 513 576 423 286 59 144 367 311 64 64 208 292 101 117 185 371 99 127 320 205 539 117 341 397 129 166 306 329 105 466 215 438 21 166 102 323 308 140 161 295 35 149 260 248 83 299 255 279 73 199 289 200 78 50 219 314 154 260 224 427 130 80 303 397 60 228 218 483 161 81 274 385 118 559 272 258 98 172 268 294 88 93 286 350 126 243 166 325 215 184 206 283 90 97 183 362 45 105 291 271 25 86 249 247 63 148 220 326 469 254 218 82 83 136 258 594 104 93 132 430 146 153 414 346 29 102
416 638 513 625 652 551 705 474 373 644 637 627 414 569 606 514 310 674 648 313 250 702 622 367 419 703 640 521 602 636 683 445 401 686 653 559 340 586 570 851 212 604 668 471 463 535 632 479 417 608 925 296 529 564 496 428 430 322 637 560 422 541 590 308 447 675 541 532 392 497 180 592 405 493 649 633 338 598 505 549 91 489 634 529 487 696 518 525 516 295 537 375 424 574 271 633 330 490 681 459 459 618 586 454 454 712 600 534 442 644 503 527 367 520 650 490 272 646 585 390 416 564 518 0 272 565 538 564 463 559 516 515 506 514 624 477 238 561 653 482 470 563 664 426 364 433 585 660 331 607 546 502 344 419 643 460 302 615 577 493 555 570 771 652 964 626 600 454 440 645 541 575 525 590 578 528 360 547 592 408 305 527 589 701 509 615 654 286 365 521 549 955 415 630 608 424 490 592 740 440 334 519 602 447 357 579 588 408 442 605 674 519 415 330 553 548 591 561 655 471 531 292 606 521 480 652 483 487 384 626 641 515 358 539 609 552 396 817 582 572 417 590 555 434 404 678 648 451 318 756 567 555 127 600 566 448 342 753 453 569 308 540 550 561 502 488 485 451 332 509 567 477 439 420 674 21 300 554 623 356 378 515 495 538 746 743 416 524 508 608 610 427 589 605 737 534 419 724 597 695 394 529 658 405 570 510 627 501 388 613 602 464 455 786 569 513 417 663 765 556 355 678 521 503 346 534 593 438 423 569 671 362 432 466 531 412 476 647 610 531 440 428 592 434 428 724 937 422 459 581 527 592 490 681 516 405 983 556 390 539 363 514 529 457 342 539 517 490 425 626 614 457 476 626 247 780 656 600 564 554 571 633 554 508 578 551 556 576 365 600 601 516 461 558 123 515 470 749 465 352 509 571 550 622 416 727 520 402 421 584 749 546 362 637 544 573 378 492 445 559 387 601 447 499 458 567 595 469 433 636 671 638 455 663 611 438 399 698 511 632 340 150 521 449 421 652 626 1068 529 533 566 347 299 503 449 608 343 610 529 311 480 453 733 608 472 673 549 447 382 423 563 550 407 563 505 583 331 611 456 512 418 576 69 404 406 511 579 542 283 161 584 539 402 700 640 546 519 588 528 473
223 384 320 355 493 280 498 216 103 372 418 369 146 304 457 267 65 411 464 77 125 431 429 361 167 444 445 276 429 366 459 182 129 416 430 289 74 316 388 585 60 339 432 239 200 268 432 231 385 343 700 376 262 296 293 156 158 94 410 292 174 294 402 255 185 415 343 273 152 247 293 323 134 224 438 406 73 328 305 278 356 220 428 272 216 424 304 262 244 80 319 126 157 303 161 362 76 220 490 217 215 654 386 210 183 441 427 272 181 381 359 280 167 289 441 250 399 375 339 362 177 293 299 272 0 305 341 322 191 288 323 243 250 242 399 244 38 291 415 210 209 293 453 162 95 188 382 408 73 343 388 252 167 165 405 188 39 343 433 228 286 302 503 385 699 355 375 201 169 383 325 340 269 336 369 257 90 288 377 154 87 255 327 431 238 357 435 102 94 260 379 696 182 363 448 152 497 320 503 207 62 248 391 199 106 312 337 243 175 336 441 259 144 131 361 297 324 290 421 205 266 37 371 255 209 625 367 217 184 371 454 257 128 271 376 327 128 621 352 302 151 330 375 195 134 439 395 209 50 489 347 296 394 328 336 266 72 482 256 297 74 280 371 345 232 220 310 201 79 254 320 241 175 149 443 272 87 287 384 194 117 249 275 268 703 472 168 255 263 344 425 179 337 342 539 281 147 461 441 433 183 267 423 143 304 246 386 260 159 345 436 312 187 515 381 261 148 396 582 301 84 424 280 238 75 263 363 210 166 300 446 143 162 195 297 182 205 377 402 263 178 157 541 171 164 466 674 167 194 315 267 344 253 644 286 178 724 288 434 278 107 246 376 284 70 270 317 225 165 387 423 207 261 356 401 750 600 328 355 292 312 362 353 266 309 282 372 322 115 339 396 256 202 288 349 258 217 478 310 151 244 305 370 603 145 462 293 145 198 316 589 285 143 365 332 311 107 220 253 290 116 329 227 229 192 298 367 250 161 365 447 367 183 404 420 230 138 431 318 364 83 321 376 259 153 388 416 816 258 262 378 142 32 236 265 376 77 344 365 56 213 416 503 343 201 402 362 207 125 184 343 296 143 292 296 380 62 340 250 248 147 309 206 133 135 263 377 282 49 405 336 289 167 437 442 282 283 323 319 223
374 83 412 185 574 147 500 234 203 143 421 276 162 211 562 276 255 110 515 310 331 170 477 612 260 139 483 286 509 108 434 219 192 144 419 154 230 167 468 382 359 45 388 310 217 52 467 267 616 50 624 660 191 185 383 173 169 245 395 190 268 56 469 383 222 111 416 236 176 77 519 67 197 92 450 395 232 75 395 138 654 96 453 242 131 176 368 214 108 272 367 275 213 84 426 184 285 107 524 285 115 888 439 278 139 194 508 221 124 80 502 281 223 111 454 293 693 125 308 600 289 89 357 565 305 0 418 309 162 92 414 135 61 142 393 310 331 77 371 145 224 72 460 221 210 136 430 321 236 48 502 265 255 146 364 156 268 133 552 203 61 183 308 97 494 172 380 252 155 80 375 338 244 40 411 95 217 18 404 257 329 122 231 232 144 52 431 361 217 45 481 516 161 80 542 180 731 101 434 301 248 96 420 268 208 47 286 415 134 186 398 227 192 348 437 272 48 136 385 203 46 302 352 192 148 819 537 104 214 287 504 234 211 52 363 354 178 615 357 174 154 25 242 290 201 159 311 281 273 196 377 10 677 131 350 404 251 225 379 109 257 25 463 385 90 183 434 262 284 245 295 303 220 170 407 561 334 50 348 400 251 62 347 163 874 201 269 175 78 47 487 266 285 235 545 263 177 159 542 130 198 38 384 238 37 60 344 293 309 203 525 464 198 250 455 60 161 234 605 258 232 121 300 197 244 149 360 314 142 57 423 324 193 152 321 307 126 113 199 183 127 185 728 223 141 162 481 252 111 42 228 300 303 827 328 312 542 58 697 225 203 73 501 424 242 69 400 202 236 120 477 260 349 183 700 928 773 104 404 225 11 115 417 293 172 66 457 271 278 35 435 230 105 163 653 240 96 205 460 347 64 34 462 805 193 163 337 251 322 51 647 226 323 135 386 232 202 117 385 61 195 112 331 159 114 172 368 340 176 116 427 173 156 100 475 353 168 140 413 202 275 625 511 390 153 90 438 651 85 99 453 342 288 76 401 364 228 55 480 292 196 637 453 225 161 194 446 287 256 150 374 264 162 93 375 430 260 157 363 208 187 41 496 179 200 275 429 228 320 708 297 272 296 135 475 212 96 33 385 263
125 489 24 289 163 277 167 190 323 352 107 206 327 223 144 142 375 466 123 265 465 408 88 314 196 508 105 133 96 380 156 219 294 416 126 273 342 275 53 417 380 415 160 119 211 368 95 156 284 416 389 418 229 245 49 288 291 402 121 239 186 454 62 592 214 489 4 184 405 425 624 374 280 340 113 116 341 372 36 284 591 339 96 178 295 388 50 205 311 405 53 222 241 346 267 298 268 323 150 147 425 518 48 156 309 393 94 200 368 449 107 139 460 490 113 128 476 375 139 285 173 336 62 538 341 418 0 125 272 331 22 283 410 276 107 116 375 346 154 281 202 351 127 231 329 410 47 201 358 418 88 154 477 383 149 281 349 330 135 217 359 251 359 425 505 303 90 181 301 458 46 104 175 458 46 323 320 413 65 208 260 296 217 332 274 454 123 264 311 392 64 473 429 408 125 282 379 342 223 144 314 324 69 169 375 384 163 132 335 270 162 192 275 220 21 153 393 291 147 223 376 305 118 226 278 419 157 328 470 195 113 185 411 367 112 73 329 284 91 260 342 430 622 158 275 574 196 155 300 494 61 415 662 319 86 90 293 427 88 319 389 409 45 48 336 238 63 173 265 173 140 122 222 302 156 549 263 369 139 182 245 367 76 257 461 443 190 244 444 421 84 184 164 224 202 158 292 504 125 491 459 392 152 231 387 376 146 126 183 261 109 101 236 459 42 425 323 282 240 171 301 516 118 221 298 270 99 136 374 368 146 199 258 282 99 162 308 391 607 237 363 271 329 222 348 531 470 202 356 390 191 152 118 421 90 164 499 362 397 197 366 351 93 86 308 349 25 218 215 538 82 172 84 292 504 516 365 345 36 202 428 369 17 125 266 353 39 169 231 432 64 188 380 264 546 178 401 449 98 197 368 391 44 412 273 495 81 220 144 384 252 199 199 352 37 204 315 309 94 361 311 338 117 261 350 259 94 95 278 372 144 315 284 486 79 111 360 453 27 280 264 486 108 89 332 444 89 560 334 319 39 205 312 356 89 110 338 411 69 286 227 285 207 237 267 335 28 152 234 420 60 162 349 332 49 45 298 303 91 210 278 387 496 312 274 143 42 195 297 599 150 151 179 489 104 212 476 407 33 162
170 374 130 165 267 163 200 114 267 229 116 86 256 103 261 56 335 345 206 256 435 283 168 414 155 387 174 46 204 259 144 151 231 292 119 157 296 154 167 315 374 300 110 94 136 262 158 92 394 300 380 505 120 127 114 215 217 355 96 121 148 352 164 550 147 370 121 76 338 331 615 258 218 244 144 94 296 255 119 171 632 244 144 71 200 264 86 99 208 366 73 197 179 231 309 174 247 227 216 107 340 641 132 112 226 269 203 90 287 330 229 43 399 395 148 74 558 252 21 390 149 222 76 564 322 309 125 0 187 218 131 179 313 173 89 88 360 233 93 189 125 239 156 170 276 331 123 100 313 302 212 72 422 308 83 196 316 208 257 125 248 131 247 304 416 179 72 122 223 340 79 29 71 347 104 216 270 307 95 168 261 190 93 210 172 339 129 279 260 291 188 396 355 289 238 212 496 224 181 124 276 220 111 123 319 270 40 203 254 147 120 89 210 235 139 38 278 175 100 141 271 289 52 121 186 544 277 233 405 78 195 85 352 260 60 52 264 323 48 140 269 318 531 131 214 460 90 115 273 369 70 308 692 199 42 165 257 303 143 204 347 304 168 81 238 145 169 121 244 79 15 88 157 231 123 571 266 259 62 232 207 266 88 146 583 318 154 137 348 305 179 144 41 100 245 51 223 381 241 370 392 289 102 182 275 276 64 64 176 136 222 209 159 336 153 327 251 159 302 51 256 397 44 123 258 161 53 128 298 255 131 202 188 195 39 152 216 269 505 128 282 201 454 160 271 409 384 155 270 276 85 33 75 545 57 159 424 251 501 85 309 250 217 176 268 242 117 127 161 428 169 116 104 168 581 639 488 226 100 84 319 247 117 57 145 243 159 45 208 318 126 87 294 148 598 80 313 324 205 215 268 279 167 536 208 371 59 178 146 269 338 84 202 229 88 82 259 213 153 249 251 218 123 163 263 141 60 106 205 250 134 190 201 368 166 140 292 330 133 156 239 545 232 154 258 324 130 504 228 212 152 218 290 257 162 61 291 294 194 268 140 401 183 112 179 210 150 118 198 344 69 45 279 218 101 123 265 180 130 109 211 274 510 246 213 59 122 81 289 654 28 42 163 367 166 98 380 293 95 99
213 244 261 165 434 89 386 82 99 183 303 199 72 125 414 138 174 247 382 165 274 245 343 452 98 286 354 149 367 183 329 57 64 234 306 98 134 125 324 396 251 178 290 155 60 111 338 116 454 181 555 508 82 110 230 37 37 184 283 108 106 186 329 375 61 261 271 114 153 154 467 148 58 72 329 281 135 152 243 87 545 70 327 117 33 235 222 94 63 203 226 118 53 123 275 171 142 56 398 128 155 726 302 120 39 251 365 104 100 220 344 147 215 219 333 144 546 190 196 439 127 111 211 463 191 162 272 187 0 105 263 53 140 51 276 156 227 113 272 21 70 117 342 59 109 144 294 244 149 182 351 122 242 121 263 9 167 153 401 62 116 114 314 213 512 164 257 94 37 226 234 214 116 202 276 78 108 152 274 96 182 66 150 240 47 209 316 213 101 126 331 513 168 190 397 39 569 136 354 141 130 72 290 109 144 145 182 253 67 147 300 99 47 191 292 150 158 99 283 49 116 173 238 77 18 659 377 60 220 205 371 102 173 112 247 219 86 510 232 113 84 182 351 129 58 321 231 123 145 312 243 157 586 138 220 245 121 293 220 110 183 146 315 248 72 43 278 103 140 109 177 150 58 51 306 463 188 122 242 239 98 102 196 79 717 287 107 69 173 184 349 104 182 164 431 135 47 296 395 272 206 129 283 78 142 109 241 148 147 158 381 304 37 327 312 155 68 208 487 144 108 279 161 66 117 72 239 154 111 130 317 164 35 11 183 145 38 196 337 80 95 35 568 61 85 311 488 89 85 150 105 194 154 668 185 150 542 119 538 111 133 89 347 265 122 100 250 60 74 277 342 102 194 165 558 771 616 143 265 122 172 178 274 150 119 110 311 165 123 187 302 100 110 98 531 107 130 293 301 188 102 145 314 644 46 293 193 90 161 148 517 116 163 177 244 139 92 46 225 120 82 142 172 39 79 109 246 184 30 181 320 176 15 253 339 193 108 256 262 174 131 492 356 231 73 222 312 639 85 80 309 184 164 89 241 248 130 179 327 156 47 474 363 161 11 211 300 128 100 157 240 145 95 109 225 293 131 149 205 80 44 145 398 69 57 135 291 115 186 587 187 145 134 274 347 107 204 164 239 109
303 158 327 102 484 56 408 157 186 87 329 185 146 119 474 190 256 146 424 270 348 143 386 552 195 187 392 198 420 78 342 153 160 129 327 62 220 76 381 324 347 84 296 230 145 54 376 187 549 86 539 612 103 93 299 134 131 256 303 98 202 142 380 427 155 164 329 147 200 137 542 46 159 72 358 303 222 47 311 47 644 76 361 153 74 137 282 126 44 280 279 222 157 17 380 104 247 70 432 208 163 818 349 202 106 155 419 132 135 122 421 193 260 192 362 210 651 87 217 536 222 6 271 559 288 92 331 218 105 0 329 58 115 63 301 229 321 15 279 84 148 20 368 162 196 171 340 231 232 87 417 180 291 164 272 104 258 62 466 123 32 91 244 109 440 92 289 178 120 130 287 247 156 129 321 31 199 93 313 197 288 42 139 166 68 123 339 319 195 87 395 452 199 87 453 139 663 33 345 228 226 41 329 195 214 52 194 345 120 98 307 140 150 296 350 182 62 44 293 130 64 275 260 106 87 740 460 74 257 196 414 147 231 50 271 265 164 524 266 82 147 100 328 218 161 243 220 206 246 207 287 93 679 51 260 328 222 195 301 19 262 93 376 296 62 107 354 188 245 160 204 222 156 140 315 558 293 43 256 338 203 69 264 74 790 184 204 89 149 90 397 198 193 144 453 174 142 193 455 171 241 82 292 183 57 81 252 209 246 115 437 386 133 227 367 126 143 153 513 167 206 187 213 115 216 62 269 240 155 37 331 266 140 98 233 240 83 91 291 95 134 138 649 160 138 211 421 187 113 59 140 208 220 746 242 245 480 34 639 135 206 58 417 346 219 33 315 124 174 209 387 185 268 101 663 845 692 41 315 134 102 74 329 207 80 28 370 179 228 101 344 144 126 71 633 154 134 190 382 290 75 61 376 728 149 189 250 194 251 52 556 135 266 79 298 140 181 68 309 31 172 43 255 83 110 80 277 260 132 77 335 98 108 158 384 278 170 151 329 118 236 597 429 313 140 121 347 584 33 26 365 287 264 71 324 272 217 81 395 259 121 567 362 134 99 129 359 213 205 186 285 174 159 4 290 340 232 75 285 123 146 56 492 156 159 189 339 138 289 690 205 182 231 172 384 121 176 75 298 184
104 487 3 293 176 275 189 182 309 355 128 215 315 225 151 139 359 466 141 246 447 412 109 297 183 508 126 131 109 382 176 209 281 419 147 272 326 276 66 432 360 413 179 108 203 363 116 148 269 414 410 398 226 246 34 277 280 386 140 239 172 448 80 575 204 489 26 183 392 417 603 373 268 333 134 135 326 371 20 282 569 332 118 177 288 393 47 203 306 388 58 206 229 344 245 302 250 316 170 137 415 510 70 145 300 399 107 199 358 448 98 138 445 482 135 121 456 377 147 269 158 334 59 516 323 414 22 131 263 329 0 278 402 272 126 107 356 343 171 274 194 348 148 219 315 399 69 214 343 416 89 149 462 372 165 272 332 332 138 211 355 251 371 426 522 307 107 171 291 457 53 113 174 454 66 318 305 407 84 194 240 292 221 340 269 451 144 243 296 386 68 491 416 408 135 271 367 342 243 130 298 318 90 158 360 381 170 110 325 274 181 189 263 200 39 155 391 290 165 215 370 286 132 223 271 416 146 321 456 205 132 182 396 362 127 81 317 305 104 260 331 427 612 144 262 571 208 143 283 498 74 411 641 320 95 68 277 434 68 318 372 403 53 63 330 232 44 162 247 169 145 113 211 290 176 527 243 365 153 161 230 360 67 255 462 448 176 240 436 419 102 171 172 230 223 158 280 506 132 492 446 386 169 217 384 369 160 121 165 265 120 84 227 467 58 417 312 290 260 173 286 515 117 216 282 267 113 121 362 365 166 180 247 274 100 145 300 393 600 234 353 260 325 211 337 532 488 189 347 387 190 161 111 419 87 147 517 358 381 197 352 345 89 64 292 345 15 212 203 533 102 162 70 297 484 517 364 345 55 203 424 370 39 122 267 349 51 174 215 429 86 185 371 264 524 175 392 455 80 177 361 387 52 407 261 497 80 206 127 381 268 199 180 354 47 207 301 303 73 357 298 338 102 255 340 260 109 82 267 373 164 319 275 485 98 93 347 455 6 285 247 465 102 68 321 444 111 580 329 315 55 185 294 349 67 125 323 409 67 268 220 273 228 242 260 341 40 139 219 408 72 164 336 329 39 67 281 306 73 206 266 384 474 299 262 140 64 195 278 578 157 152 163 490 125 212 467 404 35 154
246 211 276 116 440 39 376 101 147 131 295 168 113 93 427 141 221 204 384 217 319 193 345 493 137 245 353 151 375 133 314 94 115 183 295 50 182 77 334 348 303 140 271 175 87 85 337 132 491 142 528 555 59 72 247 87 86 227 271 72 143 174 335 412 97 221 281 104 184 153 513 104 110 66 323 270 183 106 259 35 597 68 323 109 32 183 233 81 29 248 232 166 101 76 323 122 194 51 395 152 167 761 306 145 70 199 373 89 122 180 367 147 247 216 327 158 595 139 182 478 164 64 221 515 243 135 283 179 53 58 278 0 134 6 267 175 279 69 254 33 91 75 334 104 157 165 297 216 196 143 367 129 276 149 245 55 217 101 416 68 78 73 266 167 464 113 251 121 79 187 240 208 110 176 278 40 158 130 273 139 233 16 118 190 10 175 306 264 151 112 346 469 192 145 407 91 605 85 329 171 181 41 289 138 185 106 163 287 95 100 282 93 100 238 302 141 118 47 266 72 93 225 226 59 35 686 404 58 248 177 373 99 210 84 237 221 129 497 227 70 119 150 353 161 111 293 203 150 198 263 244 133 637 85 218 272 174 240 246 58 229 126 328 252 59 50 300 131 192 110 167 168 98 98 289 515 239 88 226 280 148 86 212 39 739 235 146 42 170 146 354 140 163 129 422 130 97 251 407 230 233 111 265 126 107 97 224 158 188 114 391 331 75 274 320 148 109 163 480 130 160 243 165 62 169 25 232 183 138 90 302 209 86 49 186 181 49 146 327 52 118 87 594 103 115 269 442 129 100 112 95 177 168 693 193 187 497 81 580 95 176 70 366 291 173 67 264 68 116 255 345 128 214 116 608 793 639 92 270 99 146 127 282 157 73 72 322 147 172 153 303 96 122 53 583 105 138 241 327 232 89 110 327 673 99 247 202 136 194 108 517 97 208 124 251 112 140 39 252 81 130 90 198 25 95 65 240 206 82 130 306 124 60 215 342 222 145 208 278 127 183 544 376 257 110 179 309 597 51 38 318 229 217 78 268 238 178 138 344 208 63 509 342 123 44 159 311 156 149 180 241 134 131 61 239 297 184 97 230 74 96 108 450 116 109 139 295 99 238 640 172 139 173 230 345 84 201 128 250 128
349 134 400 217 570 160 510 220 153 189 428 296 115 223 553 271 197 171 516 265 270 226 477 575 233 197 485 282 504 160 447 196 150 202 429 169 176 190 462 431 302 105 403 295 200 62 470 254 583 110 653 615 193 199 370 137 133 185 405 202 243 49 465 325 201 169 409 237 115 22 458 113 158 70 457 404 178 122 382 151 595 71 457 242 115 229 359 214 106 212 362 240 184 116 382 218 240 87 528 267 56 857 437 259 106 247 502 223 70 140 484 278 163 82 460 282 645 176 316 565 263 116 348 506 250 61 410 313 140 115 402 134 0 140 400 296 274 104 386 129 208 101 468 193 158 75 428 343 179 108 490 257 195 87 378 131 213 172 540 194 87 199 354 157 545 207 385 233 119 140 370 341 243 85 410 100 167 44 405 228 285 126 247 276 141 109 440 316 168 28 470 563 100 138 535 144 698 137 457 280 197 94 422 248 150 93 296 388 90 212 414 225 156 309 430 275 101 154 399 187 51 252 360 192 132 796 515 82 154 305 505 230 150 66 370 352 128 630 361 192 104 86 219 268 163 194 331 262 224 257 376 51 617 164 351 383 204 281 359 134 198 37 454 383 75 172 417 242 240 240 300 289 195 130 422 501 289 78 360 366 213 49 335 170 856 260 242 176 36 108 485 241 296 255 556 263 139 219 534 189 139 35 398 205 81 37 356 284 278 229 519 443 177 308 449 15 115 268 614 263 184 174 295 191 196 155 365 292 85 93 435 289 163 129 317 281 102 167 197 186 74 152 705 198 91 219 530 225 64 92 228 310 292 807 321 284 590 86 657 229 146 64 486 403 193 82 389 192 209 145 476 242 334 216 650 910 755 143 401 233 65 164 411 286 192 89 449 280 240 96 435 227 49 177 597 236 36 264 439 311 45 80 453 781 157 224 330 219 298 99 650 231 288 180 380 244 153 101 364 90 148 150 311 151 69 189 373 324 144 166 440 211 129 157 473 332 112 201 401 233 232 571 495 369 106 151 442 696 90 107 447 306 237 56 380 371 174 114 466 244 182 606 472 246 143 238 438 268 220 89 373 268 109 118 364 428 211 190 344 205 151 87 437 134 162 269 426 233 271 651 305 272 267 195 478 218 67 90 377 248
240 217 270 115 434 38 371 95 147 133 289 164 114 88 420 135 221 209 377 214 321 195 339 488 132 250 346 145 368 137 309 90 114 187 289 48 183 76 327 347 302 145 266 169 82 91 331 126 486 148 524 551 53 68 241 87 86 229 266 68 138 180 329 415 92 226 275 97 187 159 514 109 109 72 317 264 184 111 253 36 596 73 317 103 35 185 227 75 35 249 226 162 98 81 319 121 191 56 389 146 172 755 299 139 72 201 367 83 126 185 361 140 250 222 321 151 591 142 177 473 158 69 215 514 242 142 276 173 51 63 272 6 140 0 261 169 278 75 248 33 85 80 328 101 158 169 291 211 197 149 361 123 279 152 240 55 217 103 410 61 85 70 265 172 463 113 245 115 80 193 234 202 104 182 272 46 158 136 266 134 230 22 114 190 5 182 300 261 151 118 339 467 196 150 401 90 600 89 324 165 181 47 283 132 187 112 158 282 98 98 277 86 98 234 296 135 124 48 260 67 100 224 221 52 34 680 398 63 252 172 367 93 212 90 231 215 131 491 221 67 122 156 359 155 109 300 199 144 196 267 238 139 637 87 212 266 172 242 240 62 230 133 321 245 65 44 294 125 190 104 161 162 93 98 284 515 236 94 221 275 145 93 206 35 732 238 141 36 175 152 347 135 157 125 416 124 97 256 401 235 237 117 260 123 113 103 218 151 184 112 384 325 71 276 314 154 110 161 474 124 159 248 159 55 168 22 226 177 142 96 297 204 84 49 180 176 53 150 333 47 122 86 588 98 118 274 440 124 105 118 89 171 162 687 187 182 495 88 576 89 177 77 359 285 173 73 258 62 111 261 338 122 208 115 604 787 633 96 264 94 152 130 276 151 71 78 315 141 169 159 297 89 127 50 581 99 143 244 321 228 95 116 320 667 97 251 195 132 188 114 511 92 203 127 245 107 141 43 247 87 131 94 192 20 99 63 233 200 81 133 301 125 60 220 336 216 147 212 272 126 180 541 370 251 112 185 303 595 57 44 312 225 215 84 262 232 178 144 338 206 58 504 337 120 42 160 305 150 146 184 235 128 134 66 233 291 183 98 224 67 95 114 449 116 108 133 289 93 236 638 166 133 168 235 339 79 207 134 243 122
211 452 128 230 197 246 111 201 353 295 29 131 344 182 204 141 418 416 130 328 516 341 97 422 234 456 96 130 146 330 60 238 318 355 32 238 380 230 123 315 447 378 53 160 223 348 81 174 390 378 303 524 207 207 132 303 305 440 14 203 225 438 109 635 233 443 103 164 426 419 690 337 305 332 58 9 380 333 128 255 684 332 64 160 289 320 107 187 295 449 87 272 265 311 358 237 323 315 132 182 429 612 80 189 315 321 145 178 376 405 209 130 486 483 61 150 582 320 85 393 221 304 107 624 399 393 107 89 276 301 126 267 400 261 0 154 435 315 50 278 212 321 68 256 361 420 72 108 397 380 176 157 509 397 47 285 397 280 210 214 332 210 264 376 398 245 24 205 311 415 85 63 160 429 63 302 354 392 43 247 328 276 165 252 260 418 40 341 345 377 153 366 443 363 180 300 480 301 119 193 358 307 47 202 406 351 107 230 343 217 55 178 297 295 108 126 358 257 40 229 357 364 40 209 275 501 260 322 493 119 120 174 440 345 30 73 352 234 47 219 358 399 619 203 301 538 108 191 351 426 58 393 751 273 62 188 338 348 175 284 431 390 134 66 325 234 169 202 320 168 100 157 243 319 51 633 333 343 49 274 287 352 130 231 528 370 232 224 436 384 115 222 108 165 156 141 310 447 187 439 480 375 45 265 357 364 56 141 243 203 164 209 247 378 110 414 340 206 214 137 340 472 121 212 340 246 38 191 386 337 48 266 276 284 102 219 305 338 591 214 371 289 415 246 360 478 363 236 359 357 173 93 145 497 113 224 391 334 504 172 396 337 188 189 350 326 118 216 245 509 102 197 148 233 609 584 440 302 71 168 402 317 91 136 223 327 123 122 283 398 63 176 383 230 643 169 401 376 205 273 356 361 133 498 295 435 107 258 207 349 256 169 266 297 84 160 345 301 184 332 338 294 179 251 352 221 32 156 293 320 48 254 290 442 101 186 380 395 131 216 316 586 205 182 347 397 51 456 313 297 111 279 367 345 186 29 376 371 167 343 229 389 109 177 268 265 119 192 277 433 62 133 367 300 121 74 345 251 169 198 298 356 576 333 299 145 76 168 361 698 96 131 233 435 87 183 467 374 100 182
89 386 105 214 279 178 256 76 209 269 174 164 211 141 258 51 268 371 234 173 364 330 196 343 84 413 209 51 212 290 215 103 178 332 186 177 232 188 169 398 293 313 192 6 96 258 195 42 331 315 457 426 129 156 74 171 174 292 166 149 74 341 176 486 98 392 116 93 290 310 536 274 165 227 196 162 231 274 87 184 543 225 187 87 182 313 68 107 201 298 78 118 125 245 222 223 168 209 255 32 309 592 152 40 194 323 210 107 252 350 192 59 346 375 198 21 476 288 109 322 67 234 59 477 244 310 116 88 156 229 107 175 296 169 154 0 281 242 177 168 87 247 210 115 216 293 146 188 249 316 194 52 365 267 167 165 244 242 244 107 253 163 325 331 502 225 131 64 185 359 85 98 83 350 130 215 208 302 135 96 175 190 147 276 165 350 191 191 198 280 175 484 312 312 241 166 441 246 264 38 207 214 150 54 262 280 119 128 218 192 199 93 159 147 137 84 291 193 180 109 265 209 130 124 165 512 231 214 356 160 223 85 297 258 134 82 214 380 108 170 226 325 506 49 160 468 177 40 198 413 104 306 604 229 92 101 186 361 74 220 281 298 159 104 224 126 125 57 165 72 94 6 106 186 200 485 180 262 146 146 136 255 40 157 564 370 79 141 329 319 198 71 120 161 298 76 176 414 239 397 344 281 182 117 281 263 150 29 90 188 225 158 120 396 157 311 207 226 346 99 191 415 46 114 189 167 119 39 257 264 202 115 141 167 55 66 193 301 493 137 247 155 420 106 232 437 472 88 240 286 97 119 14 518 42 72 512 256 431 107 253 240 192 119 200 241 94 107 100 429 192 55 40 217 498 619 464 251 117 118 320 279 122 36 178 247 155 112 129 327 158 88 265 170 510 79 286 376 154 126 255 285 158 500 157 407 49 108 57 281 367 112 115 266 94 130 201 197 83 255 196 245 37 151 234 169 123 32 161 283 203 238 169 387 189 59 244 366 105 211 162 457 202 87 216 348 174 592 225 213 155 130 213 243 97 133 228 310 171 189 115 344 261 170 153 266 144 38 125 304 99 90 233 230 68 145 192 219 58 106 162 282 425 196 159 50 142 107 207 566 112 76 79 396 204 122 361 302 86 48
254 408 353 392 523 316 534 254 135 407 455 407 176 342 486 305 78 439 497 110 99 464 463 367 205 470 479 314 460 398 496 220 164 448 467 325 102 352 420 622 29 367 470 275 238 297 467 269 396 372 738 370 300 334 326 191 193 100 447 330 212 314 435 229 223 442 377 311 167 268 255 354 170 255 474 443 100 360 338 314 325 251 463 310 250 458 339 300 278 77 355 164 195 336 171 399 113 252 524 255 234 660 421 248 216 475 458 310 207 409 386 318 168 304 476 288 387 408 377 371 214 326 334 238 38 331 375 360 227 321 356 279 274 278 435 281 0 323 453 246 248 325 489 200 126 206 416 447 95 371 417 290 160 187 443 224 64 378 461 266 317 339 540 415 737 391 412 239 202 410 360 377 307 359 404 290 122 313 413 192 116 290 365 468 274 382 471 123 128 286 409 734 195 393 478 188 504 354 541 243 97 281 427 237 124 342 375 270 205 373 478 297 181 159 394 335 354 325 458 243 294 72 408 293 244 639 390 249 186 409 487 295 137 301 414 363 158 656 389 339 179 356 378 232 170 458 434 246 89 519 383 321 359 363 373 297 109 516 288 331 81 306 403 381 264 258 340 239 116 292 358 278 214 182 480 237 114 317 422 218 155 278 311 305 720 505 206 292 282 372 458 216 376 380 573 319 182 489 471 460 188 294 460 182 333 274 423 297 194 382 467 339 225 548 414 283 179 433 615 339 120 448 318 275 112 299 400 246 189 331 483 176 199 230 334 218 238 409 412 301 204 194 557 209 191 492 711 206 222 344 305 382 290 660 323 213 762 318 435 316 128 276 404 313 106 301 350 263 203 406 457 245 295 393 386 766 618 362 390 330 338 395 387 304 346 313 405 361 152 366 431 295 226 325 323 296 239 511 338 180 273 334 402 616 182 491 329 183 233 346 620 323 176 399 367 350 140 254 284 321 150 363 262 265 221 335 404 285 197 398 484 403 219 430 453 264 163 461 351 401 121 300 403 290 183 416 452 854 291 295 411 172 70 266 295 413 105 373 394 92 251 428 541 381 238 438 395 244 163 200 379 335 170 325 331 415 100 376 284 286 183 338 171 166 172 301 412 320 78 377 374 327 203 465 476 320 300 351 354 261
315 144 341 113 499 70 422 169 188 90 344 199 147 133 489 204 255 135 439 277 346 142 401 562 205 175 407 213 435 75 356 163 164 126 341 77 221 90 395 331 350 71 310 243 156 43 391 200 560 73 552 621 117 108 313 138 135 254 318 112 212 128 395 420 165 152 344 162 195 126 539 35 164 69 373 317 223 39 325 62 647 74 376 168 81 138 296 140 50 278 294 231 166 14 388 114 252 71 447 220 154 830 364 214 108 156 433 146 131 110 434 207 254 179 377 224 659 86 231 547 233 12 285 561 291 77 346 233 113 15 343 69 104 75 315 242 323 0 294 92 160 6 383 170 197 164 355 245 232 74 431 194 285 159 286 111 259 69 480 136 18 105 251 100 446 102 304 190 123 118 301 261 170 114 336 36 201 79 328 206 294 53 153 173 79 109 354 326 197 76 409 460 192 78 468 144 674 35 358 240 229 43 344 207 212 38 208 357 120 111 321 154 155 304 364 197 49 59 307 142 53 279 275 119 95 754 473 74 250 210 428 161 227 39 286 279 165 538 281 97 146 85 315 230 166 228 234 219 250 201 302 79 680 60 274 340 226 195 314 32 261 79 391 310 60 119 367 200 251 174 219 236 166 143 329 559 300 29 271 349 210 60 277 88 804 182 214 102 137 77 412 209 208 158 468 188 146 183 469 161 234 70 306 191 42 71 266 222 257 128 451 399 143 227 381 114 144 164 528 182 209 174 227 128 220 75 283 252 151 22 345 276 148 105 247 251 87 86 277 109 131 144 662 170 136 200 429 197 109 45 154 223 234 760 256 256 488 20 649 150 204 52 431 359 222 25 329 136 183 195 402 197 282 112 670 859 705 43 329 149 87 73 343 221 94 16 384 194 236 86 359 158 120 85 638 168 126 188 395 299 66 46 390 741 155 180 264 202 263 39 570 150 275 82 312 155 184 72 321 17 174 47 267 94 107 95 292 273 137 75 350 107 114 146 399 291 168 144 343 130 242 602 443 326 140 110 361 593 32 33 379 296 268 65 337 287 218 69 409 264 132 579 376 148 108 136 374 225 213 179 299 188 158 16 304 355 236 86 298 137 151 41 494 158 165 203 354 153 294 694 219 197 242 161 399 136 164 61 313 196
246 424 173 197 240 227 131 206 358 261 69 98 344 163 251 149 428 383 172 349 528 302 142 468 248 422 138 140 193 298 63 243 322 319 55 218 388 205 172 265 467 352 18 183 227 330 125 185 439 351 287 569 196 188 172 304 305 446 40 185 241 420 158 642 239 411 150 159 425 406 708 311 309 320 94 43 388 306 170 236 717 321 107 156 280 281 144 179 280 459 124 290 271 288 392 203 340 305 166 199 420 662 129 205 310 280 193 169 370 375 258 136 487 468 98 166 625 287 78 440 241 282 140 653 415 371 154 93 272 279 171 254 386 248 50 177 453 294 0 270 216 299 98 263 367 414 122 63 405 354 226 165 512 394 10 282 409 250 259 211 311 189 215 344 351 213 65 216 309 385 124 79 158 406 111 286 362 372 92 261 352 260 141 209 249 392 69 368 352 361 202 321 440 333 227 301 530 275 88 214 369 292 97 216 410 327 91 270 338 188 28 173 300 323 157 124 333 236 15 230 340 382 47 199 268 549 309 311 492 86 163 172 442 327 47 104 354 244 74 197 356 375 605 223 306 509 67 208 366 386 98 372 780 246 89 228 350 305 212 262 440 371 183 109 312 230 215 215 337 169 98 178 249 319 36 661 357 322 32 309 300 337 161 216 573 328 247 213 422 357 162 237 91 137 175 140 312 411 235 405 478 358 13 276 335 349 31 156 267 172 212 255 249 333 160 399 339 166 237 128 349 441 135 207 351 231 62 216 383 314 53 291 278 279 122 242 297 306 570 202 366 291 464 253 357 442 316 249 351 333 167 79 165 544 137 249 348 314 551 162 400 322 238 232 361 308 162 213 254 485 149 209 180 200 652 629 487 275 118 155 380 286 139 149 199 307 173 108 301 372 112 174 374 210 679 168 391 334 252 301 341 338 183 547 298 398 134 271 233 325 289 158 291 264 126 142 350 291 222 311 342 266 207 243 345 199 64 186 294 288 58 220 287 411 148 219 380 358 176 182 332 624 255 221 345 365 96 418 297 280 160 306 384 331 226 48 384 344 216 361 227 438 91 148 263 226 168 210 291 428 101 128 366 278 160 124 358 221 204 192 301 332 601 335 304 153 125 158 382 735 85 131 254 400 129 170 452 349 142 193
230 226 272 148 442 72 388 92 114 163 305 191 82 116 425 143 188 226 388 186 288 224 350 472 116 266 359 154 375 162 329 74 82 213 307 81 149 109 333 380 270 158 288 167 73 93 343 126 472 161 550 529 75 98 242 54 53 196 284 97 124 173 337 384 78 241 280 113 158 145 481 127 77 59 332 282 151 131 254 68 565 58 331 117 14 215 231 92 42 216 233 139 74 102 295 154 163 42 403 141 151 744 309 133 41 231 374 102 100 200 358 151 221 210 336 154 567 169 195 458 145 90 220 482 210 145 281 189 21 84 274 33 129 33 278 168 246 92 270 0 81 96 345 79 124 144 301 238 164 162 362 129 249 124 261 22 184 133 412 66 96 101 298 192 496 146 260 108 47 206 241 216 118 185 282 57 125 136 279 115 203 45 141 223 30 191 318 235 118 112 342 500 170 170 406 58 587 115 349 157 148 52 295 123 155 125 179 271 69 131 299 100 67 212 301 151 138 80 281 59 99 193 239 71 3 675 393 47 224 198 378 104 181 94 248 225 98 510 235 99 91 163 344 145 78 304 225 137 165 291 249 140 604 118 224 260 141 273 235 89 197 131 325 255 56 44 291 117 161 113 178 161 76 65 305 482 209 103 241 258 119 87 207 66 731 266 125 60 163 165 356 121 179 154 434 137 64 275 405 252 209 114 281 99 123 95 239 156 166 144 390 319 53 306 321 143 78 194 490 143 127 260 167 65 136 55 241 169 114 109 316 184 56 16 189 163 28 175 326 71 96 55 583 80 88 291 473 108 81 131 105 192 163 683 193 168 528 99 558 108 145 73 359 280 140 81 261 64 93 262 348 116 207 149 579 785 630 122 272 117 155 157 283 157 104 90 320 162 144 168 308 101 105 83 551 110 124 272 316 208 88 126 324 660 66 272 201 111 177 128 523 112 183 156 252 132 107 29 240 100 97 121 186 28 75 95 249 197 49 160 320 157 27 233 345 209 116 235 273 159 152 513 369 246 80 202 317 627 65 59 318 204 184 75 256 249 145 159 339 176 54 492 360 150 16 192 309 143 121 158 246 145 102 88 235 300 151 130 219 80 63 126 416 83 77 141 298 112 206 608 186 147 152 253 352 102 195 145 249 120
155 302 192 164 364 105 321 12 143 205 237 160 132 99 345 71 213 294 313 158 314 269 274 405 56 335 285 82 297 218 268 28 107 265 243 108 173 128 254 382 267 231 233 87 11 172 270 46 401 233 502 473 64 100 161 92 94 231 221 94 58 254 259 426 25 312 201 64 214 224 499 194 94 139 263 218 173 195 174 109 546 138 259 63 95 255 152 55 116 244 156 97 56 165 247 173 141 122 330 61 224 670 232 54 108 267 295 63 169 270 278 82 274 288 267 74 517 219 138 389 76 154 141 470 209 224 202 125 70 148 194 91 208 85 212 87 248 160 216 81 0 166 276 49 152 212 225 200 190 234 282 55 297 187 206 79 196 175 332 28 169 106 302 256 494 170 192 30 102 278 164 149 60 264 207 130 146 216 206 64 169 107 119 237 82 266 252 196 137 193 262 487 233 235 327 88 514 171 301 79 156 128 222 47 195 197 130 196 135 142 243 50 85 162 222 92 209 120 224 21 179 181 176 57 77 596 314 127 281 162 302 47 228 172 184 151 140 446 167 111 147 240 421 70 90 383 187 58 159 346 175 220 597 160 153 181 139 308 155 144 225 211 245 179 137 41 211 40 138 47 118 81 35 107 247 474 175 178 184 194 94 168 127 85 651 310 62 67 242 237 279 54 130 135 366 76 98 340 326 320 268 194 225 67 198 176 185 78 105 146 311 240 36 344 242 223 128 194 420 93 135 334 93 39 139 91 175 92 177 181 255 129 64 80 115 93 106 230 406 69 163 77 504 39 150 359 467 50 155 203 58 139 84 604 115 99 515 172 493 69 184 153 279 201 148 156 181 26 46 342 272 37 126 166 533 705 550 177 196 84 234 209 204 81 119 163 241 114 107 244 234 47 179 103 523 49 200 317 237 150 168 201 244 582 83 334 124 68 103 199 447 76 128 201 174 103 134 109 162 172 127 172 107 66 148 108 181 117 81 212 258 183 83 306 269 131 168 294 193 167 131 478 289 167 136 269 245 606 140 129 239 149 178 156 177 185 168 229 258 160 28 418 306 138 66 216 230 65 88 223 171 90 155 150 155 224 149 159 139 43 86 199 410 121 89 68 222 73 187 580 131 85 88 319 279 76 274 219 170 40
320 139 347 117 505 76 427 175 190 91 349 204 149 139 494 209 257 130 444 280 346 140 406 567 210 170 412 218 440 73 361 168 167 123 346 82 223 95 401 332 352 65 315 249 162 40 396 205 566 67 556 625 122 113 319 142 139 255 323 118 217 123 400 419 170 146 349 167 195 123 540 31 167 71 378 323 225 36 330 67 649 75 382 173 85 138 302 146 55 279 299 235 170 15 392 117 256 73 452 226 152 835 369 220 111 156 439 152 131 105 440 213 253 175 382 229 663 85 237 552 238 17 290 563 293 72 351 239 117 20 348 75 101 80 321 247 325 6 299 96 166 0 388 175 199 163 361 250 233 69 437 200 285 159 291 115 261 71 486 141 14 110 253 96 447 106 309 195 126 112 307 267 176 109 342 40 203 75 334 211 298 59 158 175 84 103 359 330 200 73 415 462 191 73 474 148 680 37 363 245 232 47 349 212 213 32 214 362 121 115 326 160 159 309 370 202 44 64 313 147 50 282 280 125 100 759 478 76 249 215 434 167 228 36 291 285 167 543 287 102 148 79 310 235 170 223 239 224 253 197 307 74 682 63 280 346 229 194 320 37 262 75 396 316 61 124 372 205 255 179 224 241 170 146 334 561 304 24 276 353 214 59 283 94 810 180 219 108 133 72 417 214 213 163 473 194 149 179 475 156 232 67 311 195 37 70 271 228 261 132 457 404 147 225 387 110 146 168 533 187 212 168 233 134 223 81 289 258 151 17 350 280 152 109 253 256 90 84 271 114 131 148 667 175 137 195 430 202 110 39 160 228 239 765 262 261 490 16 654 155 205 52 437 365 225 25 334 142 188 189 407 202 287 115 674 865 711 43 335 154 82 72 349 227 99 14 390 199 240 81 365 163 119 91 640 173 124 186 401 304 65 40 395 747 159 176 270 207 268 33 576 155 280 83 318 160 186 75 327 12 177 49 273 100 108 100 297 279 141 74 355 109 117 140 405 296 169 140 349 134 246 606 448 331 142 106 367 595 35 38 385 300 271 65 342 292 220 64 415 268 138 584 381 153 112 137 379 230 217 178 305 194 159 21 310 361 239 89 303 143 154 36 496 160 168 208 359 159 297 697 225 202 247 157 404 141 160 56 318 202
248 518 151 293 146 314 46 265 415 358 40 194 409 249 166 206 478 480 77 379 574 400 61 425 293 520 48 195 113 394 49 301 381 417 43 306 440 296 111 344 497 445 88 215 288 415 42 236 387 444 262 534 275 275 168 368 370 501 65 271 283 506 91 695 297 507 123 232 491 487 742 403 368 399 15 65 440 399 159 322 718 400 32 227 356 379 150 254 362 508 134 328 327 378 393 300 377 383 68 240 496 585 80 248 381 379 113 245 442 470 204 195 550 550 13 209 594 383 152 394 276 371 154 664 453 460 127 156 342 368 148 334 468 328 68 210 489 383 98 345 276 388 0 318 423 486 79 161 458 447 162 222 572 463 102 352 454 345 181 280 399 278 306 440 412 309 85 266 377 480 128 128 227 497 86 370 416 459 76 306 377 343 231 307 328 485 30 386 406 445 143 370 509 428 142 364 464 368 117 247 417 374 62 261 468 418 174 258 409 282 81 245 360 340 115 194 425 324 84 295 425 417 108 276 342 463 253 389 558 181 71 240 503 413 98 129 416 170 110 286 423 466 687 259 363 604 165 248 408 484 106 460 788 339 123 216 396 402 211 352 490 457 130 108 393 301 186 262 374 233 168 214 306 384 71 674 381 410 113 308 345 420 178 299 480 427 289 292 504 450 83 280 175 230 90 207 375 509 153 503 545 443 87 325 425 431 119 202 294 267 130 219 312 430 105 482 405 265 146 205 400 536 184 279 399 314 103 243 452 404 50 315 340 350 163 271 372 402 658 282 437 353 382 308 426 540 376 296 426 424 240 160 204 455 169 275 393 402 502 239 458 404 178 211 409 394 147 282 306 576 70 258 194 297 625 536 399 368 100 236 470 382 110 197 290 394 120 189 338 465 63 243 450 297 672 235 469 432 216 318 423 428 130 465 358 496 161 317 256 416 191 237 315 361 122 228 407 369 219 399 401 360 227 319 419 288 96 203 358 384 44 317 356 507 71 229 444 456 154 279 372 612 195 214 412 461 38 442 381 365 107 324 422 412 215 97 436 438 162 397 295 379 92 242 335 324 123 248 335 499 111 201 432 367 161 82 402 316 210 265 362 423 619 397 362 209 85 235 412 725 164 197 286 498 40 251 535 441 137 244
156 303 217 201 394 132 363 57 98 232 280 208 96 143 370 115 165 305 348 117 266 295 310 393 40 345 322 126 326 238 313 21 64 288 287 138 125 163 283 426 220 237 280 112 39 170 307 82 395 240 550 451 103 139 185 58 62 184 265 134 50 241 291 380 24 320 231 112 175 204 451 206 50 129 304 262 125 209 199 133 504 127 298 112 92 284 183 101 121 196 191 61 10 179 219 209 97 114 368 83 197 668 267 74 87 298 324 110 140 279 293 127 233 267 307 109 491 242 185 380 70 167 173 426 162 221 231 170 59 162 219 104 193 101 256 115 200 170 263 79 49 175 318 0 106 180 260 248 142 241 304 99 254 153 253 64 148 202 354 67 175 144 345 270 539 204 234 52 74 285 199 193 109 260 243 136 99 209 245 37 131 120 165 276 96 268 295 161 90 183 286 534 198 248 354 52 510 189 349 90 108 131 261 61 150 204 178 196 107 180 290 98 44 134 252 140 217 145 271 45 174 135 222 95 76 604 322 117 241 210 337 96 185 171 229 190 99 488 209 147 112 241 394 77 45 379 235 76 112 367 214 215 552 186 195 191 91 340 168 162 177 203 272 216 131 64 228 58 94 95 165 109 14 71 294 429 137 181 231 180 49 160 155 116 665 337 49 99 223 243 312 50 179 181 407 124 61 354 351 331 230 186 272 23 201 166 232 116 88 187 339 251 31 375 272 208 93 237 459 141 87 338 135 77 91 115 218 102 143 188 300 105 30 69 155 88 95 250 388 105 134 42 513 10 119 369 513 32 132 209 106 187 117 614 151 92 562 178 479 116 140 147 298 212 99 159 208 64 17 334 307 61 149 203 504 718 563 197 231 131 231 231 236 121 154 169 269 163 69 246 271 95 155 135 485 98 176 344 247 129 159 204 271 588 42 350 159 32 105 207 481 123 105 227 208 150 89 105 172 178 83 194 121 82 125 143 224 138 50 234 303 217 65 312 304 140 129 312 217 207 86 443 305 178 102 281 285 654 143 137 269 125 131 146 188 229 121 238 279 115 54 416 353 183 63 252 258 80 46 190 209 138 118 164 182 259 100 191 154 87 47 204 364 81 45 112 256 120 143 542 179 132 75 332 317 121 254 223 201 74
232 291 312 272 490 196 469 162 10 282 385 304 51 232 462 221 64 316 449 112 166 339 412 426 133 349 425 231 423 272 419 124 47 323 393 206 25 233 380 505 153 244 385 212 141 173 411 188 441 248 654 458 189 219 281 72 72 79 371 217 144 204 391 275 128 321 330 212 83 158 357 228 58 130 409 368 26 234 295 192 450 125 403 213 127 333 283 196 153 94 294 112 97 210 228 279 89 126 471 185 132 715 368 176 91 350 422 206 89 286 375 233 131 209 412 214 486 283 289 421 157 201 275 364 95 210 329 276 109 196 315 157 158 158 361 216 126 197 367 124 152 199 423 106 0 106 362 348 40 248 394 204 149 79 357 103 62 254 443 161 191 223 423 290 620 270 340 157 79 289 301 299 211 243 346 165 11 194 349 121 132 166 257 348 154 262 401 162 19 165 379 622 112 268 449 71 556 229 452 185 39 155 365 163 46 217 280 264 79 255 395 197 68 164 350 244 229 204 376 139 171 94 327 183 124 669 395 123 142 309 439 197 82 176 335 295 33 593 315 222 56 235 316 171 62 351 335 177 67 394 318 201 483 239 300 274 50 391 255 207 75 186 367 319 138 147 315 161 91 199 270 211 119 59 399 362 136 192 336 228 86 154 255 188 738 379 139 178 176 249 412 146 281 271 512 228 62 366 444 338 133 172 377 99 208 151 336 221 156 267 434 329 120 423 371 170 53 317 562 243 33 330 240 168 43 179 324 193 76 205 406 155 90 109 260 171 113 283 328 188 84 80 580 116 69 372 597 129 99 220 205 290 220 684 255 170 651 193 506 213 37 151 385 293 36 175 305 158 118 300 408 165 245 273 491 789 635 236 334 226 218 270 337 226 228 187 365 264 107 244 374 196 109 207 444 200 127 385 326 174 149 210 366 650 70 367 263 109 189 221 581 219 154 274 310 244 18 129 256 196 27 238 213 148 97 218 330 234 80 272 408 281 98 310 405 226 49 336 312 283 84 414 390 262 58 293 389 747 165 170 368 167 79 141 271 335 21 249 369 88 144 468 458 270 120 316 354 178 96 109 314 241 49 200 281 361 55 254 244 182 69 214 297 41 63 217 358 217 113 500 283 237 153 342 420 213 200 228 301 180
329 205 396 270 573 200 530 224 105 254 447 333 84 257 550 281 128 246 524 219 194 297 486 532 218 271 497 292 505 230 473 191 120 274 450 211 116 236 462 494 235 179 432 291 201 124 481 256 547 185 693 561 219 236 365 122 119 112 427 237 228 109 469 257 196 243 410 257 41 64 383 182 133 102 474 425 118 190 379 193 523 99 471 260 136 298 361 235 143 138 367 210 170 177 334 273 196 114 542 263 28 821 443 254 105 316 504 246 44 216 470 291 90 103 477 285 586 245 339 527 246 173 351 433 188 136 410 331 144 171 399 165 75 169 420 293 206 164 414 144 212 163 486 180 106 0 436 380 114 183 483 266 122 29 405 135 149 232 533 206 149 238 414 231 610 262 402 229 110 215 375 358 260 157 418 145 117 119 417 209 238 164 282 336 168 184 460 268 122 97 466 623 29 212 534 128 662 199 492 270 144 136 434 241 82 164 323 364 78 260 443 243 136 270 431 294 173 200 425 192 115 197 382 215 146 772 495 107 86 341 514 246 75 128 391 362 87 654 376 233 68 161 216 256 138 252 367 256 172 333 387 127 542 221 364 368 157 353 346 188 127 112 451 391 112 186 406 237 197 253 321 288 188 108 449 427 242 144 385 332 182 104 334 204 838 333 225 203 76 183 490 229 323 294 576 280 118 294 531 264 70 106 425 185 152 94 383 289 253 275 518 425 176 381 451 80 87 320 631 287 138 245 305 208 149 190 383 280 36 160 460 257 152 136 326 263 118 238 222 214 49 139 682 188 62 292 592 211 64 164 248 336 293 785 326 264 650 150 612 252 81 113 477 388 142 139 387 204 196 200 484 238 328 269 589 890 736 206 407 260 141 232 414 292 235 149 448 306 207 172 445 244 45 216 528 251 41 338 423 278 98 152 451 754 138 299 335 198 281 169 659 256 256 245 385 275 110 126 349 153 108 211 300 172 70 229 390 317 132 234 463 268 130 231 480 317 58 276 397 284 190 506 483 355 78 226 456 754 139 153 448 271 181 99 364 392 116 188 459 194 191 573 504 288 152 299 437 259 192 16 383 288 65 174 362 435 162 244 333 223 132 159 364 101 138 279 433 257 217 581 330 289 246 270 491 245 96 164 379 249
170 497 72 285 144 285 120 212 355 349 63 192 355 226 139 157 412 467 89 307 505 401 50 354 229 509 63 147 82 381 111 246 324 412 83 279 377 277 51 387 423 422 124 150 235 382 50 180 320 423 341 460 240 250 91 314 317 437 84 244 219 470 41 630 241 493 44 194 435 445 668 381 310 358 65 80 377 378 81 293 638 358 49 189 313 380 79 216 326 442 69 260 270 353 314 293 307 341 109 177 449 540 9 186 333 383 81 210 393 453 138 151 492 510 66 151 519 373 131 324 209 345 87 585 382 430 47 123 294 340 69 297 428 291 72 146 416 355 122 301 225 361 79 260 362 436 0 177 394 425 104 172 511 410 119 303 387 330 141 235 370 254 335 427 469 299 63 208 326 463 61 96 187 469 19 336 354 427 32 241 303 309 214 317 289 462 78 309 344 409 80 433 456 412 116 309 408 347 181 179 351 338 26 199 408 392 156 179 359 268 123 204 304 264 38 158 401 298 112 245 390 346 97 239 298 432 189 347 501 180 78 198 443 380 88 76 359 240 78 263 370 440 644 192 305 582 175 185 339 487 53 429 709 322 81 137 330 414 133 326 425 423 62 46 354 256 108 202 304 188 138 151 250 329 116 596 306 380 115 229 280 383 108 267 464 433 224 256 463 428 57 217 157 218 157 168 320 503 121 492 489 408 116 263 397 393 122 147 223 256 100 143 260 444 38 443 351 269 201 174 336 520 133 237 334 281 80 173 400 377 103 241 285 303 111 200 328 391 624 247 388 298 344 250 374 531 433 234 379 399 202 143 143 429 110 204 458 373 434 205 399 367 116 132 344 362 68 236 246 549 48 199 121 288 549 520 372 349 29 207 440 369 31 144 268 364 51 166 270 440 17 202 403 271 593 192 424 439 140 241 385 401 61 428 302 492 101 253 184 392 223 205 241 350 52 205 347 327 140 371 342 341 156 277 372 264 72 132 304 372 100 310 307 491 45 154 389 451 75 273 303 533 133 136 359 447 42 516 347 332 38 249 352 373 136 86 373 417 95 326 248 318 162 231 288 326 48 184 269 447 56 167 377 340 86 2 335 302 134 224 306 396 542 341 304 160 5 202 339 646 143 159 217 489 60 219 495 416 63 187
270 368 215 140 303 183 190 192 338 202 131 47 317 123 312 146 411 324 234 349 513 240 204 508 243 362 201 140 253 240 121 228 301 258 118 173 371 155 228 219 464 298 74 193 210 284 187 181 483 297 313 603 163 145 206 279 280 426 101 144 239 373 216 619 225 352 197 137 396 364 699 258 290 281 157 103 371 252 208 192 730 283 169 137 245 219 177 152 240 441 159 287 255 237 409 145 336 267 228 202 382 717 185 206 279 218 253 142 336 317 308 133 459 423 161 171 657 228 79 482 244 233 170 660 408 321 201 100 244 231 214 216 343 211 108 188 447 245 63 238 200 250 161 248 348 380 177 0 387 299 280 158 486 362 61 253 396 194 317 187 263 145 158 285 316 156 114 208 281 328 162 103 140 354 163 243 344 324 145 255 355 219 98 146 212 337 132 376 335 317 256 297 407 276 287 278 580 222 114 222 356 250 154 214 387 275 72 300 306 135 83 151 280 333 208 113 280 189 77 209 294 378 83 168 237 608 358 274 462 40 225 152 417 281 90 136 329 296 111 151 328 322 559 227 287 453 13 209 358 323 140 323 787 192 120 261 339 242 241 213 422 324 236 153 272 203 257 210 333 155 94 186 234 295 94 666 361 274 63 332 292 294 186 177 635 266 245 178 378 302 223 234 71 88 233 128 288 349 295 345 447 313 74 265 284 306 55 161 273 118 272 298 228 271 215 355 312 105 296 107 335 382 142 180 339 191 102 226 351 264 113 299 258 249 138 250 263 247 520 167 333 268 521 239 326 382 284 242 316 281 144 69 174 604 156 257 325 265 594 135 377 279 290 269 347 262 202 190 243 431 209 204 203 143 681 691 547 221 167 123 330 228 187 154 152 259 226 86 298 319 170 153 338 167 697 151 353 271 294 313 298 288 235 605 278 336 156 264 244 273 350 129 299 206 168 106 330 254 251 262 321 212 223 210 310 154 108 206 270 230 119 161 259 353 208 240 352 297 218 124 327 645 307 251 317 307 157 409 253 236 215 316 377 290 258 92 366 289 268 357 204 486 132 97 234 164 220 213 284 395 142 112 339 229 193 179 348 166 229 166 279 281 604 312 285 149 179 131 381 754 76 121 258 340 191 137 407 297 180 188
254 313 340 312 518 235 503 199 50 318 420 344 86 272 487 257 25 344 480 118 126 373 443 427 165 374 457 268 452 306 456 162 86 356 429 245 17 273 409 544 124 272 423 244 179 203 443 223 446 277 692 448 229 259 310 111 112 43 407 256 175 221 420 238 166 346 359 251 79 174 318 261 97 163 444 404 17 268 323 231 419 158 436 252 165 369 315 235 190 54 327 137 134 245 226 317 101 162 503 218 142 718 400 210 128 386 450 246 112 314 396 270 108 216 446 248 472 318 327 424 186 236 307 331 73 236 358 313 149 232 343 196 179 197 397 249 95 232 405 164 190 233 458 142 40 114 394 387 0 276 418 241 119 93 395 143 35 291 466 200 224 263 462 321 660 309 375 192 117 315 333 335 249 264 378 200 44 218 383 153 136 204 297 386 193 287 436 162 53 191 405 662 110 299 475 111 560 264 491 215 45 191 399 197 32 248 319 282 112 295 432 236 108 175 379 282 260 242 413 178 200 87 364 223 163 680 412 158 123 348 470 236 61 207 371 329 68 628 350 262 86 261 309 201 100 366 374 209 69 425 352 226 448 277 336 296 66 426 280 244 35 211 394 352 172 187 339 196 103 237 308 244 156 99 436 329 138 223 374 240 114 183 286 228 753 414 170 218 189 277 443 178 319 311 546 266 102 394 470 365 118 199 414 132 238 179 374 256 179 306 462 349 159 458 400 188 89 357 595 281 58 353 276 208 61 219 360 222 94 238 442 173 129 148 295 197 151 317 331 228 109 120 594 153 97 397 637 162 127 250 244 328 254 697 289 196 690 226 503 252 34 183 408 316 50 209 334 197 153 314 439 200 275 312 474 803 650 272 366 265 242 305 367 262 267 221 394 303 129 270 406 235 131 246 418 239 145 419 347 189 178 240 394 660 110 396 297 141 216 253 611 259 173 311 342 284 58 166 280 229 67 274 241 188 127 258 365 263 120 307 445 319 137 335 436 252 68 367 339 322 100 393 412 286 91 321 423 787 200 206 397 181 71 172 294 371 22 279 394 91 184 475 496 310 160 354 383 210 125 111 347 279 75 236 311 393 65 293 271 221 108 244 263 80 102 254 390 257 107 472 321 275 180 369 453 253 210 257 332 215
388 72 415 159 569 141 484 243 240 106 409 256 198 200 560 277 297 68 507 340 377 123 469 634 277 105 474 285 505 68 416 235 223 96 404 146 269 150 466 339 399 4 369 317 230 76 458 274 633 3 594 688 190 175 387 201 197 289 381 181 285 100 465 431 238 79 416 233 222 125 566 44 226 121 438 381 271 48 398 134 695 125 443 240 149 131 369 213 121 316 366 299 235 72 454 156 315 131 512 294 163 904 434 288 167 148 504 218 165 39 508 279 270 154 442 297 724 84 298 620 305 82 357 607 343 48 418 302 182 87 416 143 108 149 380 316 371 74 354 162 234 69 447 241 248 183 425 299 276 0 504 267 302 190 347 178 307 105 553 210 66 171 267 49 449 144 371 264 183 44 373 330 243 59 406 106 254 65 397 277 359 127 216 195 153 38 417 391 252 87 482 474 208 34 539 207 748 79 409 314 284 110 412 280 251 37 274 430 169 166 380 227 219 373 436 267 25 127 368 215 77 337 340 193 165 828 547 130 261 268 496 234 257 73 351 350 215 595 349 162 192 29 277 304 229 158 290 293 308 150 372 57 721 108 344 415 285 178 388 99 300 71 463 381 115 193 441 274 314 247 287 310 237 201 389 604 364 60 333 420 277 94 351 161 878 153 286 176 125 3 481 282 273 217 529 260 207 118 541 92 246 79 366 260 41 97 328 296 328 182 522 473 214 202 453 108 196 204 590 251 266 100 300 202 278 149 351 326 185 53 406 346 216 172 319 323 149 69 224 181 168 210 736 241 180 129 438 269 149 31 227 288 308 834 329 329 499 63 720 221 245 99 505 433 277 81 402 210 255 132 471 271 355 156 733 933 779 79 400 218 48 77 415 294 158 72 456 261 303 21 428 231 148 154 692 241 142 157 469 370 99 38 462 815 219 120 337 272 337 35 636 220 345 99 384 221 237 137 395 63 229 87 341 168 150 161 359 347 202 76 411 142 179 72 468 365 209 93 416 176 305 661 516 400 189 45 428 609 97 106 451 366 324 107 411 353 267 10 483 325 206 652 430 206 178 157 446 299 281 197 370 258 201 87 378 425 294 133 372 211 214 37 539 213 228 276 424 224 354 747 286 268 314 95 466 206 140 20 385 271
165 576 90 377 108 363 186 270 389 440 163 291 399 311 70 228 432 553 110 311 513 495 102 265 266 596 118 219 59 468 206 295 364 504 183 360 403 363 54 491 417 502 227 195 290 451 120 236 225 503 408 378 315 333 120 362 365 460 187 327 255 536 72 643 291 577 91 271 474 504 654 461 351 421 153 183 402 459 108 371 587 420 133 265 376 475 135 291 394 459 141 282 314 432 279 386 320 404 145 223 500 436 97 231 387 480 58 287 444 536 46 226 524 569 151 209 439 462 225 233 238 422 147 546 388 502 88 212 351 417 89 367 490 361 176 194 417 431 226 362 282 437 162 304 394 483 104 280 418 504 0 238 538 455 223 359 403 418 50 300 444 338 438 513 570 391 166 257 377 545 134 190 262 542 117 407 384 496 136 275 301 381 304 417 358 540 174 297 375 474 25 531 499 496 63 356 305 429 277 213 373 407 129 243 439 469 250 148 410 358 225 278 347 258 74 241 480 378 215 303 459 352 199 312 359 332 92 409 536 280 106 270 474 451 190 160 399 277 174 347 415 516 698 227 345 660 277 229 354 581 145 499 665 407 172 122 352 513 139 406 445 492 45 133 418 320 79 249 318 258 227 201 297 375 217 560 303 454 218 203 308 449 155 344 373 530 258 329 523 507 81 254 251 311 204 245 365 592 54 579 527 475 220 299 472 458 225 209 239 348 55 83 314 545 66 505 396 368 220 259 363 603 205 305 357 356 180 203 447 454 201 247 332 361 186 223 388 479 687 323 438 345 243 296 422 619 534 272 433 476 278 238 199 333 175 223 555 447 340 284 431 434 19 104 368 434 103 300 287 622 92 248 156 380 472 429 277 433 116 290 513 457 96 210 353 438 55 257 289 518 115 274 457 351 534 264 479 536 82 237 450 476 46 326 345 583 168 287 204 470 206 286 248 440 124 292 382 391 138 446 379 426 183 344 427 347 173 167 353 460 197 402 362 573 91 167 430 541 89 368 319 471 33 132 406 531 137 604 418 404 66 246 362 437 124 188 399 497 24 336 309 218 254 324 347 422 62 224 297 492 145 250 420 418 128 102 354 391 150 295 351 473 514 382 345 229 101 282 340 584 237 238 240 576 124 299 555 493 120 242
138 338 147 163 313 128 267 43 196 217 183 126 187 90 297 16 263 321 260 190 363 279 221 394 86 363 231 27 247 238 215 80 161 281 189 126 224 136 205 358 306 265 182 55 66 214 216 23 382 266 451 473 79 104 119 146 149 283 166 98 80 301 208 479 76 342 152 42 269 274 545 225 147 187 208 164 224 224 131 135 574 187 205 36 142 262 104 56 157 294 104 129 108 196 260 172 179 170 276 47 277 644 180 49 161 272 245 55 222 301 241 28 329 339 212 31 522 236 87 373 87 185 92 502 252 265 154 72 122 180 149 129 257 123 157 52 290 194 165 129 55 200 222 99 204 266 172 158 241 267 238 0 352 241 154 132 244 190 287 64 206 111 282 281 466 173 137 51 156 309 112 95 32 305 153 169 198 259 151 98 197 143 99 227 121 302 197 219 188 239 216 453 288 262 278 142 492 195 251 70 205 170 168 55 248 232 86 179 189 141 191 42 139 178 173 46 243 143 172 74 222 220 123 75 126 561 282 176 336 124 249 34 282 213 130 97 195 391 112 119 201 278 473 71 143 422 146 53 203 361 121 262 629 177 99 153 186 310 126 170 276 255 198 126 183 85 174 52 176 21 68 46 86 162 195 508 203 216 133 191 136 213 84 107 610 318 87 92 292 271 227 76 87 114 311 31 153 363 278 347 323 239 173 111 235 223 134 28 117 138 262 208 91 345 192 272 183 179 365 55 185 367 39 68 187 119 120 79 231 216 202 144 118 132 61 96 156 250 454 86 217 131 469 89 205 387 437 85 207 238 45 92 41 566 64 103 481 209 482 55 238 198 237 170 196 196 135 65 90 384 220 46 90 166 541 665 511 200 143 68 275 228 154 28 126 200 193 74 140 280 180 37 232 118 545 28 252 325 205 161 215 238 197 550 137 356 73 107 97 233 394 61 143 215 123 82 188 156 135 208 181 194 85 107 201 117 126 83 136 231 204 186 136 338 217 109 223 314 149 161 170 495 249 138 191 297 190 567 180 166 190 163 220 203 149 131 220 261 215 199 76 396 255 122 116 215 182 58 128 278 117 48 210 181 110 171 194 168 110 57 141 235 446 176 142 13 169 56 222 602 84 37 101 345 225 70 324 255 121 30
373 312 459 387 637 314 617 308 156 376 534 440 169 365 607 368 108 362 598 233 94 419 561 526 282 381 574 379 571 352 566 271 191 396 540 325 135 351 528 615 183 299 530 361 286 246 560 336 551 304 796 529 323 347 429 208 207 78 518 346 292 215 539 136 276 354 478 354 92 178 265 304 204 221 558 515 136 313 442 308 435 217 552 356 244 421 432 335 259 87 443 256 244 299 327 391 219 229 620 334 139 819 517 325 208 439 569 346 157 332 515 379 32 181 561 363 542 367 434 528 305 294 424 344 167 255 477 422 242 291 462 276 195 279 509 365 160 285 512 249 297 285 572 254 149 122 511 486 119 302 538 352 0 129 502 233 138 353 586 301 272 349 535 351 731 381 488 305 205 330 450 446 354 268 495 264 157 238 498 270 248 279 390 457 277 298 549 268 167 219 525 742 95 333 595 211 662 321 595 333 165 254 514 312 104 286 422 400 181 375 540 339 212 290 498 388 295 316 521 282 238 196 474 318 250 791 529 222 43 446 588 340 70 250 482 443 158 742 463 346 158 278 221 319 209 338 473 326 186 450 467 245 440 342 449 416 186 475 400 308 95 232 514 468 231 284 458 310 221 344 415 360 266 193 544 334 249 266 481 355 232 226 403 314 868 454 287 309 182 302 561 294 422 403 661 372 200 407 589 377 57 227 522 248 274 216 480 370 299 390 581 468 263 502 519 195 174 437 711 385 176 350 388 307 180 301 472 341 139 282 553 292 234 237 409 317 227 360 267 320 159 221 706 264 161 400 712 278 180 285 346 433 369 810 404 315 770 272 595 352 113 234 527 435 170 260 453 299 266 287 557 314 393 387 536 916 765 328 483 363 257 355 485 375 349 271 513 406 248 289 523 338 166 329 453 344 163 459 466 306 220 274 513 769 215 414 412 258 335 291 729 358 291 367 459 380 165 239 399 276 171 333 360 277 183 341 477 382 218 356 555 388 227 341 553 371 133 395 459 401 219 443 531 406 169 344 538 872 259 271 516 298 182 221 413 482 139 309 513 206 285 583 603 399 252 420 502 327 243 107 463 384 147 295 429 510 184 364 390 321 211 280 276 177 210 365 507 357 214 501 427 382 299 384 569 349 184 285 450 328
300 221 369 259 546 186 507 199 77 250 423 315 56 240 522 257 110 256 499 191 188 298 460 505 190 284 472 268 479 230 451 165 92 277 428 197 92 223 436 487 216 186 411 264 176 123 456 231 518 191 674 536 200 220 338 96 93 99 404 220 201 128 443 265 170 256 383 235 37 82 381 182 105 92 450 402 94 190 351 180 508 89 446 238 118 297 335 215 131 126 342 182 143 173 307 263 168 100 517 236 53 793 418 227 84 315 477 225 29 225 441 267 99 130 453 259 563 244 317 499 218 167 325 419 165 146 383 308 121 164 372 149 87 152 397 267 187 159 394 124 187 159 463 153 79 29 410 362 93 190 455 241 129 0 384 112 127 226 505 184 147 222 406 237 603 252 378 203 86 226 349 335 238 172 393 136 89 128 393 181 211 150 265 328 150 196 437 241 94 103 439 613 46 216 507 101 634 194 473 242 117 126 409 214 63 166 303 336 56 247 422 221 108 242 404 272 177 188 404 168 117 171 359 195 126 743 466 94 100 323 488 224 68 127 368 338 58 631 353 218 41 171 244 228 110 274 349 229 146 340 362 136 532 214 340 339 129 353 318 180 111 121 424 366 103 164 378 210 169 230 299 261 161 81 428 415 215 144 364 304 153 102 307 187 810 336 198 184 98 191 464 201 302 277 552 257 91 305 504 276 85 111 404 157 155 95 362 264 224 262 492 397 151 382 424 96 60 309 606 266 110 261 280 187 121 174 360 253 11 159 438 229 126 114 302 234 100 240 250 195 31 112 654 161 37 306 584 183 51 167 227 315 267 757 301 236 641 148 585 232 59 107 449 360 115 134 360 181 168 223 458 212 301 258 566 862 707 202 382 241 152 231 388 268 221 145 421 286 179 182 420 221 42 201 510 228 52 341 394 249 96 156 423 725 110 309 309 170 253 171 633 236 228 241 359 257 81 111 320 152 80 206 272 153 55 214 367 290 106 233 441 260 107 244 455 289 30 282 369 273 162 485 455 327 51 235 432 744 131 143 422 242 156 94 336 369 91 194 431 168 168 545 484 272 130 292 410 232 163 37 358 267 36 168 335 410 135 235 305 202 105 161 350 73 111 254 407 236 191 564 308 267 218 281 466 226 121 171 353 223
237 418 166 192 242 219 137 196 348 256 70 92 334 155 251 139 417 378 173 338 518 299 142 462 238 418 140 129 192 292 70 233 312 315 59 211 378 198 169 269 457 346 28 173 217 322 126 175 433 345 297 561 187 180 164 294 296 436 40 176 231 412 156 632 229 405 144 149 415 398 698 305 299 311 96 42 378 299 163 228 708 312 108 146 270 277 136 170 272 448 116 279 261 281 382 198 330 296 170 189 411 659 126 195 300 277 192 159 361 369 253 126 477 459 100 156 618 282 68 434 231 275 132 643 405 364 149 83 263 272 165 245 378 240 47 167 443 286 10 261 206 291 102 253 357 405 119 61 395 347 223 154 502 384 0 272 399 244 257 201 304 181 217 338 357 207 59 205 299 379 116 69 148 399 107 278 352 365 87 251 342 252 133 207 240 385 72 358 342 353 199 329 430 327 226 291 525 268 98 204 359 283 94 206 400 320 82 262 329 181 38 164 290 313 152 114 326 228 21 220 332 372 38 190 259 548 305 302 482 80 164 162 432 319 38 95 344 252 65 190 346 368 597 213 296 503 63 197 356 383 91 365 771 239 80 221 340 303 204 254 430 363 179 102 304 220 208 204 327 159 87 168 239 310 44 651 347 315 22 301 290 329 152 208 574 326 237 204 413 350 162 227 82 130 182 130 302 406 234 401 469 350 20 266 328 341 22 146 257 166 211 249 239 332 156 391 329 163 243 119 339 435 125 197 341 223 54 206 373 307 59 282 268 270 112 232 288 300 563 193 356 281 462 243 347 438 323 238 342 326 157 69 155 544 128 239 356 306 545 153 390 313 234 225 351 300 155 204 244 478 148 199 171 195 644 630 486 268 113 146 373 280 133 139 192 299 169 99 291 366 110 164 365 202 670 158 383 332 245 292 333 331 179 545 288 394 125 261 223 318 293 149 281 259 119 133 340 282 214 303 332 260 197 233 336 192 57 176 284 283 64 215 278 406 147 209 370 354 170 177 322 615 251 212 336 360 96 427 288 272 157 296 373 323 218 40 374 338 212 351 217 433 101 142 254 222 164 200 281 419 94 118 357 270 152 120 348 215 195 182 291 325 591 326 294 142 122 149 372 726 76 121 244 396 131 161 444 342 134 183
220 238 270 169 443 93 396 91 93 185 312 207 64 132 423 147 168 244 392 166 268 245 353 457 104 282 363 158 376 183 339 65 60 234 316 102 128 130 333 401 248 174 299 164 69 106 347 125 460 178 564 511 90 117 239 32 31 177 292 115 113 178 338 367 69 257 280 123 144 145 461 146 55 65 339 290 129 150 252 90 543 63 336 126 30 237 231 103 61 196 235 121 57 121 277 176 142 50 407 136 145 732 311 128 29 253 374 113 91 217 352 156 206 210 342 153 548 190 205 444 134 110 220 460 188 156 281 196 9 104 272 55 131 55 285 165 224 111 282 22 79 115 352 64 103 135 303 253 143 178 359 132 233 112 272 0 162 155 409 72 112 121 319 211 517 168 267 102 28 222 243 223 126 196 285 75 103 145 283 101 183 67 158 245 51 204 326 215 96 119 340 520 158 188 406 36 575 135 362 149 126 69 300 117 136 142 191 260 57 152 310 108 45 195 301 160 155 102 292 58 110 171 247 85 21 666 385 53 211 213 381 112 164 107 256 229 78 519 242 119 75 176 342 137 57 315 240 131 143 311 253 150 582 140 230 252 119 294 228 110 177 139 324 258 66 52 286 111 141 118 187 159 65 44 315 460 189 118 252 244 100 96 205 85 725 287 113 77 164 180 358 111 191 171 441 145 42 293 404 269 197 122 292 82 138 102 250 157 152 164 390 312 46 328 321 146 60 214 496 154 105 274 171 75 114 76 248 162 102 126 326 168 38 6 193 152 31 195 328 87 86 34 575 68 75 307 494 96 76 147 115 203 163 676 194 156 548 115 543 120 126 83 355 273 118 97 259 69 80 270 351 111 203 170 559 779 624 143 275 130 166 178 283 159 124 107 320 174 126 182 312 109 100 103 530 117 121 293 309 192 95 141 323 651 45 291 203 95 168 145 526 125 168 178 253 147 86 41 233 116 76 143 180 45 69 115 255 193 28 181 329 179 6 248 348 201 100 254 271 180 131 493 364 238 64 219 322 646 81 78 318 188 162 82 249 257 124 176 335 155 57 481 372 168 19 214 309 136 103 148 249 154 86 108 234 303 129 152 213 90 42 141 394 63 55 144 301 124 185 586 196 155 140 270 357 116 196 160 249 118
238 346 329 331 505 255 500 205 71 343 418 354 112 286 472 260 31 375 471 95 120 400 436 396 163 407 450 270 440 334 456 168 102 384 428 264 38 292 398 563 92 304 426 239 186 233 437 224 417 308 695 414 243 275 300 130 131 62 407 272 171 255 411 243 171 379 350 260 113 208 304 290 110 191 440 404 36 296 313 252 389 187 431 259 187 395 308 246 214 56 321 127 141 272 195 338 83 188 496 215 177 688 392 207 152 411 438 256 144 345 378 272 134 250 443 247 438 344 331 395 179 263 301 302 39 268 349 316 167 258 332 217 213 217 397 244 64 259 409 184 196 261 454 148 62 149 387 396 35 307 403 244 138 127 399 162 0 315 450 211 253 280 481 351 678 330 374 193 139 347 328 336 257 298 373 226 59 251 379 150 110 227 309 407 213 320 435 132 66 223 392 677 143 329 462 127 530 290 496 208 40 217 394 195 67 278 326 262 140 313 435 245 121 152 370 287 290 263 416 188 230 58 366 236 183 654 390 185 150 358 461 244 91 237 372 326 94 624 350 280 116 293 340 196 112 401 383 206 49 455 348 259 422 300 334 281 59 452 267 268 43 243 382 348 200 200 324 195 85 243 312 241 162 119 438 301 111 253 377 217 110 214 279 245 729 441 165 234 224 309 433 175 326 324 542 271 120 425 456 397 148 231 417 133 269 210 378 256 167 324 449 330 169 485 390 222 115 374 588 289 62 386 276 220 57 238 360 214 128 267 443 156 142 168 294 187 175 345 364 243 141 134 569 158 128 430 654 161 158 280 253 334 252 672 286 185 706 254 471 263 68 212 392 299 49 237 324 208 155 349 430 200 266 332 440 778 626 298 359 276 275 331 359 262 286 249 383 311 118 303 401 243 164 265 385 245 178 447 329 168 209 270 382 633 123 427 293 138 205 282 600 269 155 336 336 295 77 190 265 257 87 299 232 205 157 275 364 255 136 334 445 341 157 368 427 240 101 397 328 341 85 359 394 272 119 353 419 800 227 232 387 160 43 202 279 372 41 309 379 68 195 447 498 324 177 376 372 206 120 145 344 286 106 261 302 386 52 314 259 232 123 274 235 102 113 256 383 267 77 440 327 279 170 401 446 265 244 288 324 216
325 175 331 54 473 71 381 181 244 30 308 152 205 107 469 195 315 137 408 317 410 94 372 579 229 179 375 201 412 51 312 188 214 91 302 67 279 55 375 262 403 104 265 245 176 111 359 204 571 103 491 649 115 86 306 187 185 317 280 93 233 189 372 489 189 163 327 150 262 193 604 67 210 134 337 280 280 60 316 69 698 138 343 156 128 82 284 135 101 340 277 263 200 56 420 51 294 130 411 228 223 834 339 224 163 98 411 136 197 125 428 194 322 243 341 221 691 46 200 561 252 59 273 615 343 133 330 208 153 62 332 101 172 103 280 242 378 69 250 133 175 71 345 202 254 232 330 194 291 105 418 190 353 226 244 155 315 0 464 147 85 80 183 96 378 39 273 205 176 135 284 234 161 161 312 91 256 141 300 234 333 88 117 104 108 143 315 363 250 144 394 392 261 83 446 191 682 35 304 251 281 101 315 220 275 86 175 366 181 63 275 149 200 334 346 177 88 57 264 163 121 326 241 121 135 747 471 135 318 164 398 157 293 107 251 259 223 490 253 72 208 130 375 244 212 260 185 229 298 172 278 138 736 16 250 343 274 139 316 47 322 143 375 289 124 139 362 213 293 170 193 236 193 195 285 615 338 94 232 369 248 129 271 90 791 136 237 108 203 108 386 229 174 115 425 174 196 175 449 162 302 137 262 224 97 140 226 217 280 78 430 398 171 173 361 180 202 101 487 159 260 192 215 137 270 87 253 262 217 80 303 302 187 149 232 268 140 61 328 108 196 188 656 198 199 201 360 222 175 91 146 189 231 750 245 274 419 86 667 136 266 120 421 360 273 94 317 149 211 237 374 209 280 51 706 846 694 30 307 129 140 39 324 214 65 84 367 164 271 125 331 154 188 73 684 163 195 142 395 325 135 100 374 738 200 166 252 233 276 83 535 133 302 25 294 126 238 125 325 82 228 22 273 120 172 73 261 273 183 42 308 39 160 162 372 297 232 124 333 70 283 644 434 329 200 117 329 525 95 85 360 323 317 133 339 253 275 95 398 309 152 586 325 103 144 67 357 236 248 248 277 168 220 58 295 331 285 29 300 139 197 93 549 213 210 195 330 138 339 741 188 180 263 159 366 121 227 105 298 203
213 624 140 422 78 412 194 320 438 486 192 332 449 358 31 276 479 601 112 357 558 539 121 269 316 643 133 268 68 515 229 345 413 549 211 408 451 410 91 521 459 550 257 246 341 501 141 286 222 551 406 385 364 380 171 412 415 508 219 374 305 586 101 688 341 624 137 320 523 554 693 509 401 471 175 216 450 507 158 419 612 470 157 313 426 519 184 340 444 506 188 331 364 481 315 430 368 454 145 273 551 404 132 282 437 523 68 335 494 584 76 274 572 619 173 259 447 509 269 236 288 471 196 577 433 552 135 257 401 466 138 416 540 410 210 244 461 480 259 412 332 486 181 354 443 533 141 317 466 553 50 287 586 505 257 409 450 464 0 350 493 385 474 560 593 436 204 307 427 593 181 233 310 592 157 456 433 546 173 325 346 430 350 458 407 589 199 339 424 524 71 550 549 543 44 406 285 477 298 264 421 457 164 294 488 518 294 191 461 404 254 326 397 303 118 288 528 426 247 353 509 398 238 361 409 291 99 459 585 321 113 319 523 500 229 206 449 264 216 394 465 565 748 277 395 709 316 279 401 625 188 549 692 454 216 170 400 554 188 454 492 541 90 177 468 370 128 299 365 307 273 251 347 425 245 591 348 503 255 244 357 499 205 392 326 573 308 378 574 556 99 304 295 356 201 293 415 638 30 626 576 525 251 349 521 508 263 259 287 393 52 122 364 585 105 555 446 410 202 305 412 651 253 355 406 405 221 253 497 503 226 294 383 411 234 272 438 526 738 372 488 395 204 346 472 666 557 322 484 525 326 281 249 289 224 272 573 496 335 332 480 483 58 151 416 483 152 350 337 671 113 299 206 425 482 382 232 480 158 337 562 503 140 259 400 487 98 302 338 567 147 323 508 399 555 313 529 579 123 283 500 525 91 288 395 628 216 336 254 518 173 334 295 486 170 338 431 441 187 495 429 473 233 394 477 394 213 217 403 506 221 447 412 621 113 217 480 587 139 412 367 491 58 180 456 579 164 613 467 453 106 291 409 487 172 227 448 546 74 383 359 207 272 369 398 465 108 274 346 542 189 297 470 467 177 139 402 437 200 344 401 522 548 432 395 278 139 330 385 602 281 286 290 623 141 347 605 541 168 292
181 279 209 137 377 77 324 34 151 177 240 144 133 77 361 78 224 267 323 182 326 241 284 433 83 309 293 88 310 190 267 48 114 237 244 80 184 101 268 359 286 206 229 108 31 152 277 65 428 208 495 501 37 73 180 93 95 239 221 68 86 237 272 433 47 287 216 52 214 210 515 169 103 124 268 219 184 169 192 82 570 123 266 55 78 227 167 35 95 255 168 122 71 140 275 146 163 106 337 85 216 695 243 79 101 240 309 46 162 245 299 86 276 275 271 90 545 191 134 416 104 128 155 493 228 203 217 125 62 123 211 68 194 61 214 107 266 136 211 66 28 141 280 67 161 206 235 187 200 210 300 64 301 184 201 72 211 147 350 0 146 80 278 229 472 142 195 57 99 253 176 152 54 243 216 108 157 196 213 90 194 83 99 211 58 243 254 222 148 175 279 468 230 208 342 91 541 144 293 105 171 107 230 74 201 173 121 223 129 115 239 37 93 189 237 88 185 93 221 23 159 202 175 30 63 618 337 112 281 148 312 40 232 151 185 159 144 447 170 84 145 217 410 97 100 361 174 84 178 318 183 199 618 132 159 205 157 281 179 117 235 192 261 189 120 21 232 67 161 47 115 101 54 109 244 496 200 155 180 221 115 150 145 57 671 282 90 39 229 213 291 82 121 114 369 73 102 313 341 293 268 176 221 88 174 159 179 91 133 121 325 263 42 316 256 208 128 170 425 83 149 309 102 11 155 63 177 118 173 157 254 156 71 70 123 121 93 203 390 41 158 81 527 59 147 333 446 77 146 179 44 132 100 625 128 127 496 149 521 52 190 134 298 224 163 134 198 3 69 322 283 63 147 139 561 726 571 149 207 65 213 181 218 92 91 140 256 104 131 221 242 38 170 75 549 45 189 289 260 178 151 178 261 606 91 307 136 93 130 174 457 59 156 173 187 84 143 93 186 148 134 145 132 44 139 80 184 138 83 185 258 156 77 281 280 155 169 267 211 141 153 505 309 190 135 243 251 589 118 105 253 177 197 139 201 185 179 204 277 182 17 444 301 116 54 189 245 91 111 219 180 83 156 124 172 234 166 131 162 21 92 175 431 125 99 75 233 56 209 606 125 83 116 293 286 54 260 196 184 61
323 133 354 131 514 86 439 179 182 104 360 217 141 150 502 217 247 131 454 277 335 151 416 568 211 170 422 226 449 83 374 169 162 132 358 93 215 108 409 346 344 62 328 254 164 26 406 211 568 65 570 623 131 125 325 137 134 244 335 129 219 110 409 406 172 145 357 176 183 108 528 37 163 62 389 334 216 44 337 77 641 66 392 182 83 150 309 154 55 269 308 234 169 29 389 132 252 67 463 230 138 838 379 224 105 168 448 160 119 104 445 221 240 161 393 235 660 96 247 554 239 30 298 555 286 61 359 248 116 32 355 78 87 85 332 253 317 18 311 96 169 14 399 175 191 149 370 263 224 66 444 206 272 147 304 112 253 85 493 146 0 122 267 100 461 120 319 199 121 111 315 277 184 99 351 40 196 61 343 211 295 63 170 189 88 97 370 327 193 59 422 477 178 77 482 143 682 51 376 249 225 44 359 215 203 29 225 365 112 129 338 167 155 307 378 212 42 76 325 150 36 276 291 133 99 764 483 69 235 227 444 174 216 22 302 294 159 555 297 114 138 72 297 238 166 215 252 228 247 203 317 61 672 78 289 350 224 206 324 50 252 61 404 325 53 128 378 209 251 186 234 247 171 140 347 553 300 11 287 354 212 46 290 103 816 190 220 115 119 69 427 216 224 176 485 202 144 181 483 156 219 52 323 194 28 56 283 235 262 146 465 409 148 236 395 96 138 182 545 197 206 165 241 139 217 89 299 261 139 14 362 280 150 107 261 258 85 93 259 123 120 145 673 175 127 195 444 203 99 35 168 239 246 771 269 263 504 3 654 165 195 41 443 369 218 16 341 146 189 180 417 206 293 130 670 871 717 57 344 165 71 84 357 234 112 6 398 210 238 75 374 171 106 102 634 181 110 195 406 304 52 32 403 751 155 179 278 206 271 32 586 165 279 96 326 172 179 72 331 5 170 63 277 103 98 112 308 284 138 86 367 124 114 138 414 300 159 145 355 148 242 600 455 336 133 107 377 610 31 41 393 300 264 53 347 303 212 63 422 263 141 587 394 166 112 151 387 234 215 165 314 203 149 34 317 370 233 104 308 150 151 30 487 153 164 216 368 168 292 690 236 211 248 158 415 151 145 50 326 207
248 243 250 57 398 39 317 108 213 106 239 97 183 29 391 115 288 215 336 261 388 168 298 503 162 257 303 121 335 130 251 127 178 170 236 29 248 26 297 283 361 169 206 166 110 141 287 126 493 169 457 577 42 7 225 152 151 298 213 13 164 231 295 485 126 239 248 70 257 219 581 127 169 137 268 212 249 124 235 47 649 139 272 76 105 152 204 57 95 317 198 202 146 101 354 66 241 124 342 151 238 754 263 149 142 163 334 56 195 199 347 114 320 279 272 141 623 126 127 484 180 94 192 570 302 183 251 131 114 91 251 73 199 70 210 163 339 105 189 101 106 110 278 144 223 238 254 145 263 171 338 111 349 222 181 121 280 80 385 80 122 0 202 175 398 64 200 133 148 209 205 159 80 219 235 98 222 183 226 169 274 75 49 132 72 209 248 302 214 173 315 399 265 158 369 153 603 93 258 175 242 105 241 147 256 140 103 289 168 36 217 70 159 268 267 98 148 47 203 100 151 278 170 50 101 667 391 130 321 107 325 78 282 138 181 180 199 433 178 9 192 188 416 170 169 329 133 154 253 251 201 183 695 69 173 263 230 203 237 74 298 182 295 211 128 82 282 141 239 91 116 157 132 165 225 572 280 133 165 295 193 150 191 36 711 208 169 47 234 174 310 159 103 57 362 93 161 255 372 241 306 169 201 167 147 162 161 137 210 44 352 318 115 238 283 211 179 94 423 81 220 266 135 68 227 48 180 186 211 127 240 235 139 115 152 195 123 141 382 39 192 146 576 138 188 281 374 156 174 147 66 118 151 671 164 202 427 125 591 56 246 135 341 280 233 119 237 82 149 299 300 135 200 60 639 767 615 95 230 49 192 119 246 133 15 117 288 90 211 188 257 75 194 22 628 83 208 215 314 256 154 151 294 657 157 246 171 172 201 139 466 53 234 104 215 50 206 112 246 122 196 88 195 75 168 10 188 194 144 122 245 78 127 237 297 219 217 205 253 62 230 585 354 249 182 193 257 525 108 92 282 255 272 145 260 182 244 163 318 259 90 506 274 50 103 110 278 160 190 253 199 89 203 89 215 254 240 57 221 65 157 145 507 183 167 115 253 57 287 686 115 100 193 238 295 41 263 163 219 127
413 318 372 150 451 227 322 300 412 166 283 162 378 202 466 276 487 256 382 459 585 155 356 661 356 283 351 274 408 200 258 326 378 183 267 217 448 189 386 82 563 268 219 331 308 294 338 304 639 264 349 751 242 207 360 351 351 493 255 211 355 364 372 670 324 285 355 245 443 375 779 242 371 314 305 258 449 234 363 231 848 318 321 248 297 139 331 247 277 514 314 398 347 238 541 145 441 308 370 329 405 875 343 330 335 126 408 239 378 265 466 266 504 419 309 305 802 183 227 636 367 241 322 771 503 308 359 247 314 244 371 266 354 265 264 325 540 251 215 298 302 253 306 345 423 414 335 158 462 267 438 282 535 406 217 319 481 183 474 278 267 202 0 230 198 154 272 322 345 275 318 258 253 325 321 271 422 319 303 365 471 259 185 78 269 298 280 497 415 326 414 209 443 234 441 353 738 217 210 352 443 280 310 333 451 263 209 449 358 168 225 255 360 459 366 242 260 221 228 300 303 479 241 249 299 764 516 313 501 169 375 260 472 289 248 291 395 397 268 201 384 296 544 353 370 390 163 334 454 215 298 314 896 193 276 412 431 123 389 227 495 322 394 311 304 283 413 328 439 269 236 322 332 363 235 774 477 275 221 472 393 312 334 235 786 156 361 248 382 270 377 350 208 169 357 252 361 259 450 269 485 318 223 366 275 323 214 296 398 158 427 454 316 137 372 360 374 108 417 228 421 315 282 267 429 243 260 360 397 260 256 424 341 313 285 378 314 199 485 240 376 347 678 337 377 295 178 351 355 266 247 214 311 759 303 385 236 268 748 235 441 302 448 423 435 276 358 281 347 387 363 322 350 150 823 841 701 210 325 220 312 193 346 290 195 267 384 213 408 288 327 259 370 216 824 262 377 159 450 443 318 277 394 762 359 244 306 370 378 258 482 228 424 174 325 202 405 299 400 264 395 204 362 275 352 205 266 350 344 192 261 146 325 292 362 383 409 217 375 140 431 777 465 401 375 251 311 343 276 264 373 444 474 315 409 250 443 257 426 460 291 644 240 164 304 116 378 340 389 430 299 236 396 240 346 336 442 172 376 259 358 269 709 381 368 278 337 232 488 881 219 250 381 261 341 226 404 276 337 308
410 89 425 147 569 153 474 263 282 83 404 246 239 202 565 288 343 41 505 376 425 78 468 660 304 83 471 295 508 46 405 261 262 50 397 155 313 150 471 297 442 52 358 333 253 117 456 291 656 47 567 721 202 180 399 237 234 336 375 186 310 147 468 480 264 67 423 243 270 174 614 65 262 161 432 376 315 61 409 148 739 165 439 249 181 91 378 225 150 362 372 331 265 91 487 140 352 167 507 313 212 923 436 308 205 106 507 227 211 35 521 288 319 199 436 311 759 57 297 644 330 103 367 652 385 97 425 304 213 109 426 167 157 172 376 331 415 100 344 192 256 96 440 270 290 231 427 285 321 49 513 281 351 237 338 211 351 96 560 229 100 175 230 0 405 131 369 286 221 45 379 331 253 99 408 135 295 114 397 305 394 151 213 163 176 69 410 426 293 135 490 433 257 23 543 243 769 86 390 334 324 142 412 302 297 73 271 452 211 159 368 239 254 404 442 272 61 138 358 239 121 376 337 207 195 841 562 169 310 259 495 247 304 114 348 355 257 580 350 166 235 76 315 326 265 169 278 313 347 104 375 106 768 106 346 432 323 131 405 112 346 120 470 385 153 215 454 295 350 260 289 325 265 240 378 649 399 98 327 447 310 138 363 174 886 105 312 192 174 50 482 307 270 211 518 268 244 84 546 66 295 126 356 291 82 143 321 308 355 173 526 489 242 153 457 157 237 184 580 255 306 97 309 220 317 166 349 347 231 86 396 375 248 205 326 348 185 38 255 195 213 244 749 269 224 106 395 296 193 71 237 286 321 845 338 354 458 98 747 229 290 139 515 450 318 116 411 230 283 157 471 292 370 143 770 942 789 81 404 223 96 58 420 306 160 105 462 261 336 66 428 244 195 163 734 253 190 109 485 399 143 81 469 830 254 80 346 302 359 69 631 227 374 79 390 222 278 171 413 96 269 87 360 191 194 166 358 363 237 56 401 124 213 69 469 384 254 46 427 161 341 700 528 417 232 23 425 568 130 133 456 395 364 149 428 349 310 43 492 363 229 673 414 198 207 129 452 320 313 245 373 263 246 106 388 427 333 125 389 226 250 77 584 253 264 287 427 231 392 789 284 274 340 64 463 214 187 67 393 289
586 486 523 348 548 425 406 490 610 357 406 340 576 395 576 457 684 420 485 651 783 327 472 819 546 434 460 453 525 386 364 519 576 355 387 415 645 387 516 116 758 451 345 508 501 487 453 489 789 447 307 918 437 403 520 549 548 691 385 407 544 549 498 866 517 445 501 433 640 566 977 432 567 511 418 390 646 424 520 429 1039 515 438 436 495 318 491 439 474 712 472 589 542 432 724 343 635 505 460 512 599 996 475 515 533 301 525 430 574 438 606 445 700 603 421 484 973 370 395 790 553 437 485 964 699 494 505 416 512 440 522 464 545 463 398 502 737 446 351 496 494 447 412 539 620 610 469 316 660 449 570 466 731 603 357 517 678 378 593 472 461 398 198 405 0 352 415 511 543 446 473 418 440 505 461 468 620 507 441 556 661 457 375 275 466 474 396 685 612 518 547 64 638 415 553 551 875 411 295 534 640 477 443 520 649 452 384 616 555 365 345 445 557 644 505 422 447 419 358 495 496 674 392 444 497 869 657 510 696 343 481 449 670 483 395 449 593 425 421 398 582 479 719 537 567 544 326 519 650 349 448 502 1090 389 433 576 627 275 556 423 693 512 530 460 501 479 566 515 632 456 409 501 526 561 353 968 667 468 371 648 587 506 502 432 870 307 550 445 571 451 494 539 383 359 423 435 559 404 564 424 680 510 354 560 465 517 365 475 583 354 541 606 512 264 505 550 572 304 470 411 618 472 457 462 625 441 410 540 594 452 369 610 537 511 454 561 511 381 652 436 573 544 792 531 575 437 36 542 552 455 437 384 488 857 472 569 70 461 902 425 639 497 584 582 631 471 512 475 539 553 481 509 520 348 997 923 801 404 469 410 497 381 489 467 392 461 519 393 600 469 456 449 566 413 1010 450 571 306 602 626 512 466 529 873 555 389 472 562 559 447 544 418 609 365 477 391 603 497 567 457 593 398 538 473 549 402 414 522 542 380 373 343 523 456 481 556 606 378 527 337 624 960 601 566 573 423 433 176 472 461 506 628 669 511 573 397 641 440 564 653 486 786 322 356 501 311 517 524 582 625 451 418 594 436 507 471 637 369 545 452 555 459 903 579 565 459 473 422 681 1067 391 431 567 415 452 418 590 461 491 494
311 213 306 16 440 75 343 172 260 50 273 115 225 84 438 175 334 171 375 321 431 106 339 567 225 211 341 179 381 85 275 188 228 113 266 67 296 42 346 236 415 144 227 228 173 145 326 190 555 142 452 642 106 71 283 200 199 339 244 77 228 227 341 517 188 198 300 131 289 228 625 106 222 160 302 245 297 99 292 78 707 164 309 137 144 89 260 121 122 361 250 263 205 91 417 12 300 153 376 215 255 814 309 213 182 99 380 119 224 162 404 172 350 280 306 203 687 75 169 547 244 91 248 626 355 172 303 179 164 92 307 113 207 113 245 225 391 102 213 146 170 106 309 204 270 262 299 156 309 144 391 173 381 252 207 168 330 39 436 142 120 64 154 131 352 0 240 197 192 172 257 204 142 201 281 117 271 179 269 232 335 105 86 77 117 182 279 364 264 179 367 361 290 121 416 203 664 72 265 239 294 126 283 212 297 125 143 352 203 33 237 134 211 332 318 152 127 67 227 161 155 335 207 113 147 722 449 159 348 128 365 141 318 141 218 231 242 451 222 59 230 169 413 234 222 297 147 218 308 191 249 176 750 43 220 325 285 139 298 74 342 180 347 260 150 140 340 205 298 154 164 219 193 211 247 627 341 130 196 360 252 161 250 89 762 145 232 106 239 147 354 223 142 81 387 152 210 203 420 194 332 172 225 227 136 173 190 197 274 43 399 378 174 174 332 216 221 62 450 134 272 228 193 131 281 93 220 250 243 117 265 298 194 162 207 259 160 93 367 101 222 198 631 199 223 233 332 219 201 130 129 157 212 724 221 266 389 121 655 118 287 150 395 341 286 126 292 145 210 276 342 199 260 12 703 818 667 68 278 107 179 73 296 193 51 118 338 134 272 165 299 139 217 69 689 146 226 151 374 320 167 138 346 714 210 192 228 234 265 121 500 113 298 52 267 99 254 145 308 118 244 60 258 127 198 62 229 255 195 76 271 13 173 199 340 282 254 151 309 31 289 647 409 311 221 153 295 492 123 110 331 319 328 163 321 219 291 134 372 317 151 568 286 69 154 47 329 225 251 278 248 143 242 89 272 300 295 17 282 129 208 131 562 229 220 176 300 118 346 746 156 156 257 190 332 103 265 144 272 191
187 443 108 224 200 234 129 180 332 290 46 129 324 171 202 121 396 409 136 304 493 339 99 403 211 451 103 110 143 323 84 217 297 352 55 227 358 221 114 328 423 369 73 136 203 334 87 152 374 369 327 504 192 196 110 283 286 418 37 191 202 424 104 613 213 435 85 148 406 403 667 327 284 316 72 33 358 323 107 242 661 316 73 143 272 318 84 171 280 427 64 249 244 300 334 232 299 299 144 159 411 603 72 167 296 321 142 162 358 397 195 111 466 467 76 127 561 314 73 375 198 292 83 600 375 380 90 72 257 289 107 251 385 245 24 131 412 304 65 260 192 309 85 234 340 402 63 114 375 371 166 137 488 378 59 267 374 273 204 195 319 200 272 369 415 240 0 183 292 407 62 44 143 418 49 288 333 378 31 224 304 261 156 254 244 408 61 317 323 363 142 385 424 355 178 279 467 292 141 169 335 292 43 179 384 340 98 208 324 210 77 161 276 271 94 110 348 245 59 210 343 340 34 193 258 495 246 305 473 117 126 156 419 332 24 49 331 254 25 209 338 388 603 180 279 528 112 168 328 425 35 380 727 265 40 166 315 350 152 273 409 376 122 45 310 217 150 179 296 149 85 134 222 299 74 609 309 330 52 251 264 338 106 218 526 370 209 209 421 374 115 199 99 158 174 123 290 443 184 434 460 361 63 243 346 349 59 119 219 197 162 190 228 381 101 399 320 206 230 123 317 464 100 195 318 233 20 167 368 326 72 242 255 266 80 195 288 332 577 200 353 268 407 224 341 472 381 214 341 346 157 83 122 493 89 201 411 322 487 157 375 322 176 168 328 313 97 198 223 498 103 175 124 228 588 582 436 293 54 155 390 311 75 114 213 314 112 110 260 387 60 159 365 218 620 151 384 376 187 249 340 349 121 491 274 431 83 236 183 339 267 155 242 291 62 149 323 285 162 320 317 285 155 235 335 210 12 132 273 314 72 249 272 434 100 162 360 390 112 212 293 563 193 159 328 389 58 478 299 283 101 255 344 329 164 22 354 362 154 320 210 375 133 171 250 263 106 168 254 414 39 117 347 288 98 65 322 244 145 181 278 344 552 313 278 124 66 153 337 675 85 113 209 430 95 169 452 363 78 160
125 331 168 190 344 135 312 24 149 234 228 173 147 121 322 66 213 324 296 141 313 297 258 376 35 365 270 76 276 248 264 38 116 295 237 137 175 156 233 401 255 261 233 62 35 200 255 31 371 263 502 445 91 126 137 107 110 235 215 120 33 280 240 430 34 342 180 78 227 247 493 224 102 165 253 212 175 225 150 139 528 164 246 75 122 283 132 77 145 244 139 79 62 196 222 199 128 148 316 34 244 640 215 26 130 295 275 83 188 300 251 79 285 312 256 57 490 249 139 359 48 184 122 454 201 252 181 122 94 178 171 121 233 115 205 64 239 190 216 108 30 195 266 52 157 229 208 208 192 264 257 51 305 203 205 102 193 205 307 57 199 133 322 286 511 197 183 0 120 308 147 143 71 292 191 159 150 243 193 47 150 137 138 261 111 296 244 174 140 219 239 501 249 265 305 102 484 201 303 50 154 157 209 17 202 227 137 166 154 167 242 68 96 137 202 96 239 150 222 49 207 169 173 84 104 567 285 153 293 173 286 62 237 201 179 138 151 437 158 138 162 269 442 40 97 411 196 30 151 376 162 248 581 190 144 152 135 336 127 174 226 238 223 164 164 71 184 10 125 55 119 58 42 122 245 459 156 207 184 164 85 195 105 115 624 339 38 96 266 267 261 28 137 153 356 81 112 370 303 350 281 221 224 60 227 202 185 64 77 170 290 212 57 371 222 248 143 216 407 102 135 363 84 68 136 121 168 62 193 211 250 103 77 104 103 63 131 260 430 97 182 91 476 42 168 390 483 33 176 233 75 143 65 576 99 70 529 202 463 88 192 180 253 172 146 185 158 56 40 370 255 9 101 192 507 678 522 207 179 102 263 239 185 69 146 193 219 123 90 273 219 64 200 132 502 61 222 345 208 123 195 230 222 553 94 364 108 56 73 229 430 95 102 230 157 120 141 136 133 202 135 202 79 96 170 135 173 91 97 242 253 210 105 336 252 101 181 324 169 192 119 455 262 138 152 300 233 617 169 158 219 123 169 182 149 180 171 259 233 148 58 388 305 159 92 243 208 35 76 240 157 97 169 180 133 207 143 187 112 68 98 229 396 133 96 63 205 90 172 559 135 88 61 349 265 98 298 249 150 23
230 238 289 195 464 118 422 114 68 204 338 235 36 161 442 172 142 251 415 157 241 262 376 458 115 287 387 183 396 198 366 82 41 248 342 128 104 156 354 427 228 179 327 183 91 108 371 147 464 183 592 506 118 145 258 18 15 150 319 143 125 168 360 339 87 261 301 151 116 130 434 156 43 63 364 317 105 162 271 114 524 59 361 153 48 256 252 131 76 170 257 122 65 135 272 200 132 53 432 154 124 738 333 146 16 272 395 141 67 222 367 182 178 193 367 175 541 207 232 448 144 125 241 440 169 155 301 223 37 120 291 79 119 80 311 185 202 123 309 47 102 126 377 74 79 110 326 281 117 183 377 156 205 86 299 28 139 176 427 99 121 148 345 221 543 192 292 120 0 227 265 249 152 193 308 89 80 141 307 109 176 88 186 269 76 205 352 208 75 113 359 546 132 198 426 26 580 152 390 164 107 80 324 133 108 149 219 269 34 178 337 136 37 193 322 187 162 125 319 82 109 156 274 113 47 677 397 53 183 241 404 138 136 110 283 252 51 545 267 146 47 177 321 151 47 309 268 148 127 323 277 147 561 161 254 266 103 313 242 129 151 134 343 281 68 80 302 129 131 144 214 179 80 20 343 439 181 124 279 247 96 93 225 112 739 304 123 105 149 185 380 124 219 199 467 171 24 301 423 275 169 118 320 86 143 96 278 180 159 191 410 325 66 346 342 134 31 241 521 181 86 275 195 102 97 102 274 176 75 135 353 171 45 33 216 162 37 209 313 115 62 33 587 81 49 312 520 107 57 153 142 230 184 689 216 165 575 123 543 148 98 84 372 286 99 104 279 96 91 263 374 129 221 195 550 792 637 160 297 158 164 194 305 183 151 116 340 202 124 184 335 136 81 130 514 143 102 310 322 194 90 145 342 661 38 300 225 100 179 153 549 153 170 197 275 176 63 52 246 125 53 161 195 73 51 142 281 210 25 197 356 202 22 251 371 214 71 266 289 206 122 480 380 252 36 227 347 673 91 93 339 188 145 79 262 283 100 182 353 142 83 487 400 196 47 237 329 153 102 122 273 182 58 124 253 325 113 176 228 117 33 147 374 37 46 169 323 152 172 571 224 181 148 277 381 144 180 164 270 139
432 44 456 188 606 182 516 287 281 127 443 287 239 237 599 318 335 32 543 384 410 121 506 678 322 61 510 326 544 88 447 279 266 92 437 185 309 186 506 339 439 48 400 360 274 119 494 317 678 45 612 732 231 213 428 244 241 325 415 219 329 117 504 454 282 34 456 274 255 153 595 84 269 164 472 415 311 86 439 175 734 168 478 280 193 135 410 254 165 351 405 344 279 114 498 182 359 175 546 338 192 947 472 332 211 150 543 258 204 10 550 319 299 166 476 340 768 101 334 664 350 125 398 645 383 80 458 340 226 130 457 187 140 193 415 359 410 118 385 206 278 112 480 285 289 215 463 328 315 44 545 309 330 226 379 222 347 135 593 253 111 209 275 45 446 172 407 308 227 0 413 367 283 65 444 150 295 98 434 322 402 171 251 209 196 33 450 434 294 124 522 476 238 52 578 251 792 116 434 357 325 155 449 324 288 81 309 474 210 198 410 268 263 417 475 306 69 167 400 259 119 379 375 235 210 870 590 174 288 300 532 276 290 116 386 389 256 623 386 200 232 55 273 348 273 125 320 336 350 121 410 90 757 142 382 458 327 170 431 139 337 105 503 420 159 237 483 317 358 289 325 352 282 244 419 641 408 104 367 465 321 136 393 202 918 140 331 218 148 42 519 326 308 250 560 300 250 79 580 50 273 117 397 305 85 137 361 337 373 213 561 516 259 187 492 136 238 228 622 289 308 58 340 245 320 191 387 370 222 97 438 390 260 217 359 368 193 82 211 223 206 254 778 286 220 85 437 314 189 76 267 323 350 875 370 373 500 108 764 261 283 143 546 476 319 126 443 254 299 112 508 314 398 185 776 974 820 114 438 257 75 100 454 336 194 117 496 297 348 45 465 272 185 194 732 282 176 142 512 414 140 82 502 858 263 84 377 317 381 79 671 259 390 122 423 258 279 181 439 107 271 122 385 212 191 199 395 390 246 97 443 167 224 28 505 408 247 70 458 203 349 703 558 443 231 24 464 611 142 150 490 410 366 149 454 388 307 49 524 368 250 696 457 238 223 174 486 343 325 228 408 297 241 129 419 463 336 164 415 253 258 81 576 255 272 317 462 263 396 787 322 307 358 55 501 246 155 63 425 314
126 445 54 243 201 232 173 152 294 306 97 161 293 177 187 99 352 420 150 251 447 362 111 347 168 462 124 89 134 334 143 184 262 370 112 228 317 229 94 380 369 371 134 89 174 325 110 119 322 371 385 445 185 200 48 253 256 377 99 194 158 413 96 570 180 444 43 140 374 386 614 330 249 300 114 94 316 327 47 240 600 299 103 134 254 342 23 161 269 383 8 201 208 301 273 252 250 282 170 116 388 563 68 125 272 348 133 155 332 404 150 94 431 451 116 90 501 329 94 320 149 292 27 541 325 375 46 79 234 287 53 240 370 234 85 85 360 301 124 241 164 307 128 199 301 375 61 162 333 373 134 112 450 349 116 243 328 284 181 176 315 205 318 379 473 257 62 147 265 413 0 60 131 414 45 280 293 370 52 181 249 253 171 287 232 409 114 259 283 351 110 445 395 363 167 248 421 297 203 120 291 281 66 138 347 339 118 147 298 224 138 148 243 214 63 107 349 246 121 185 334 289 81 183 238 465 199 288 440 151 139 141 382 324 78 28 298 296 52 214 308 386 584 132 244 530 155 124 280 448 27 373 667 274 42 104 270 381 90 274 365 367 91 20 295 197 95 141 247 130 94 90 188 268 136 550 253 326 102 189 220 325 50 213 507 397 164 200 405 376 115 156 119 178 214 113 259 458 168 445 428 351 125 202 343 335 109 86 166 215 150 136 199 414 80 384 290 237 261 125 275 471 75 179 274 226 63 115 339 324 131 187 224 243 54 143 268 345 566 193 327 237 375 189 313 485 439 173 319 346 147 108 82 467 49 147 472 318 432 152 338 309 138 109 284 306 40 177 184 495 109 138 66 246 527 562 411 300 33 156 385 323 42 84 220 309 83 123 211 388 73 145 343 219 559 135 364 403 132 191 327 347 90 458 240 449 40 193 128 339 284 153 187 306 11 158 286 269 100 317 281 292 99 219 312 214 60 75 243 326 130 268 247 441 105 103 328 407 57 234 244 502 153 97 298 398 91 540 291 276 78 197 295 315 102 76 313 366 115 269 188 326 193 191 228 289 73 123 209 386 23 116 316 287 37 60 276 257 85 167 245 343 494 280 243 101 58 150 284 613 105 106 159 443 119 167 436 362 19 126
170 402 114 189 239 191 173 138 291 254 89 102 281 130 235 79 356 371 177 271 455 307 139 405 173 413 145 68 178 285 121 175 255 317 94 185 318 181 142 322 390 328 94 104 161 291 129 112 381 328 361 500 149 155 103 241 243 377 72 149 165 381 137 573 171 397 100 104 363 359 632 286 242 272 116 69 318 283 105 200 639 272 116 100 228 286 74 127 236 387 56 213 202 259 314 198 264 255 187 122 367 622 105 129 253 291 176 118 314 357 210 67 424 423 120 89 555 277 36 379 164 251 67 575 340 338 104 29 214 247 113 208 341 202 63 98 377 261 79 216 149 267 128 193 299 358 96 103 335 330 190 95 446 335 69 223 336 234 233 152 277 159 258 331 418 204 44 143 249 367 60 0 99 376 77 245 292 335 67 186 273 218 118 228 201 367 103 289 282 319 165 394 381 316 212 237 481 251 166 136 297 248 83 141 343 298 61 198 280 172 101 117 234 244 115 66 307 203 82 167 300 305 32 149 214 521 259 261 430 92 167 112 377 289 37 33 289 297 20 168 295 346 560 145 238 488 96 131 291 393 45 337 702 226 18 158 277 323 139 232 369 333 145 57 266 173 155 140 261 105 43 100 181 256 103 583 278 288 49 233 226 294 85 175 558 340 172 165 377 333 152 162 62 123 218 79 248 407 216 396 417 318 84 203 304 305 54 80 188 161 195 195 185 356 128 355 277 179 274 80 278 425 60 151 279 189 25 137 324 284 107 213 213 222 44 164 244 295 534 156 309 226 432 183 298 435 385 175 297 305 113 49 87 521 59 170 421 280 491 113 333 278 196 166 289 270 100 154 182 456 141 136 103 193 580 614 465 253 75 113 348 273 94 74 173 271 136 70 225 346 98 115 321 176 602 107 340 346 192 223 297 307 144 515 232 396 56 197 154 297 310 112 213 254 68 109 282 241 149 278 275 246 128 191 291 168 32 108 230 276 110 215 228 395 138 141 317 355 117 179 257 548 212 148 284 351 101 496 256 240 127 227 308 286 155 37 314 322 173 285 167 386 164 136 206 232 127 133 217 371 45 74 304 246 90 96 284 206 128 137 235 302 523 271 237 82 96 110 304 658 48 69 176 393 138 126 408 321 79 120
170 314 172 131 330 101 271 53 202 187 187 102 186 59 318 35 273 293 273 212 374 248 234 425 106 335 243 42 265 209 213 88 165 251 190 98 232 106 225 330 325 240 175 86 71 195 227 52 413 241 443 504 53 74 146 146 148 290 167 67 103 284 226 485 85 315 173 11 268 261 560 199 153 173 215 165 233 198 156 109 599 173 214 5 129 230 127 30 139 303 124 150 116 170 288 141 198 156 286 77 269 674 195 77 155 240 264 25 216 274 268 37 330 325 218 61 552 206 80 405 114 161 115 525 269 244 175 71 116 156 174 110 243 104 160 83 307 170 158 118 60 176 227 109 211 260 187 140 249 243 262 32 354 238 148 126 257 161 310 54 184 80 253 253 440 142 143 71 152 283 131 99 0 283 168 149 206 240 163 117 221 122 69 196 103 279 200 245 197 222 239 430 284 234 298 144 523 168 242 101 217 152 179 81 252 208 70 210 183 109 185 18 143 206 194 34 218 116 167 72 204 239 122 52 115 588 311 163 335 103 263 14 285 194 131 111 196 394 118 89 199 255 461 100 149 399 127 82 218 331 134 242 652 148 108 183 199 279 157 144 284 237 220 141 168 74 202 75 195 16 61 77 95 162 191 530 227 194 127 222 152 196 111 82 635 287 109 69 278 246 243 99 70 84 316 20 154 334 299 319 322 221 168 125 212 207 126 56 145 107 281 238 92 314 211 257 182 149 373 32 195 341 57 52 199 95 124 110 227 193 200 171 121 124 77 125 145 221 437 62 211 133 497 99 201 359 412 103 199 215 16 79 71 593 86 132 458 187 514 24 242 181 263 200 208 175 159 56 104 363 234 69 119 134 571 690 537 172 160 36 254 198 173 53 96 178 214 54 161 257 193 16 223 90 572 11 242 293 234 190 199 215 220 578 141 326 94 125 127 208 407 29 171 184 142 51 193 142 166 185 185 165 117 92 192 87 131 114 136 202 204 155 131 312 232 140 222 285 174 129 188 524 275 169 188 270 199 547 160 145 209 191 237 187 179 132 228 235 240 218 70 426 248 91 108 184 203 88 145 273 131 30 209 156 136 187 208 137 141 38 144 212 467 178 148 35 185 24 243 629 72 30 128 317 236 40 310 231 143 55
415 48 452 215 613 185 535 275 236 164 458 309 197 247 601 316 282 96 553 346 350 177 515 651 300 114 521 325 548 126 469 259 229 149 455 191 261 201 508 395 388 58 422 350 258 92 505 308 655 61 652 696 230 222 423 211 207 269 432 227 308 53 509 389 263 87 456 275 198 94 533 95 235 131 487 431 263 102 435 176 680 134 490 281 171 188 408 253 149 295 407 314 253 118 463 212 321 146 561 325 132 928 478 318 177 204 547 260 154 70 542 320 237 101 491 333 728 143 346 639 329 126 396 590 336 40 458 347 202 129 454 176 85 182 429 350 359 114 406 185 264 109 497 260 243 157 469 354 264 59 542 305 268 172 399 196 298 161 592 243 99 219 325 99 505 201 418 292 193 65 414 376 283 0 450 136 251 52 442 297 365 162 266 253 185 32 467 397 251 80 521 531 178 91 581 218 771 131 465 342 281 136 458 309 235 79 322 456 169 219 433 266 230 386 477 311 74 173 420 243 86 336 389 232 189 860 578 144 225 321 543 273 233 92 400 393 212 649 395 210 187 32 219 330 239 119 344 322 307 185 416 46 699 162 388 445 286 230 419 145 283 58 503 424 130 224 475 302 321 285 333 343 260 207 441 585 370 89 384 439 289 101 387 202 914 202 309 214 85 56 526 306 322 269 580 302 215 139 582 109 210 75 418 277 72 97 379 333 348 236 565 504 238 250 495 77 196 262 641 296 267 89 340 237 279 188 398 354 170 92 458 362 232 192 360 348 165 127 167 222 158 224 768 263 174 135 494 292 145 73 267 337 343 868 368 352 556 96 735 264 231 113 541 464 276 109 440 243 276 80 516 300 390 212 734 969 814 133 443 263 30 136 456 333 207 105 497 308 316 37 473 270 134 200 682 280 120 205 501 386 102 69 502 846 231 147 376 290 362 81 685 264 362 157 425 269 236 157 425 98 229 142 371 199 148 209 406 380 215 135 463 199 196 74 513 394 197 134 454 232 312 656 552 431 188 84 476 666 125 138 493 381 321 114 441 401 259 69 520 327 236 676 485 258 202 215 486 328 295 168 413 302 194 130 415 469 294 188 404 248 225 74 521 214 238 314 468 267 354 736 334 310 336 116 513 250 90 57 425 303
162 478 68 266 163 266 130 194 339 331 62 175 337 207 157 139 397 449 107 294 491 383 68 359 213 490 79 128 100 362 110 228 307 394 81 260 361 258 66 376 412 403 116 134 217 363 65 162 328 404 347 463 221 231 82 297 300 422 76 225 203 452 60 615 224 474 41 175 418 427 656 362 293 340 72 71 361 359 73 274 633 339 59 170 295 363 65 197 307 427 52 245 253 334 308 275 294 322 125 161 430 554 28 170 314 366 99 190 375 434 147 132 475 491 73 134 521 355 113 330 194 325 71 578 369 411 46 104 276 321 66 278 410 272 63 130 404 336 111 282 207 342 86 243 346 418 19 163 378 406 117 153 495 393 107 285 373 312 157 216 351 235 321 408 461 281 49 191 308 444 45 77 168 450 0 317 338 408 20 226 291 290 195 301 270 443 78 299 328 390 93 428 439 393 135 292 419 328 177 164 336 319 25 183 392 373 138 175 341 250 117 186 287 254 45 139 382 279 103 227 371 333 81 220 279 447 198 328 484 163 96 179 427 361 73 57 342 252 60 244 352 421 626 177 288 563 160 169 325 469 34 410 703 303 62 132 315 397 125 307 410 404 73 27 335 238 108 185 291 169 119 135 232 312 111 588 295 361 100 223 265 364 94 248 481 416 209 237 445 409 76 201 139 200 170 149 302 484 139 474 472 389 107 247 378 374 108 129 210 238 118 147 242 428 52 424 333 252 216 155 320 501 115 218 318 262 63 159 383 358 100 229 267 285 93 187 309 372 605 228 370 281 359 233 357 513 426 217 361 380 183 125 126 446 92 191 453 354 441 186 382 348 127 130 329 343 62 218 229 530 67 182 108 270 550 537 389 330 14 188 421 350 29 126 250 345 63 148 255 421 28 183 385 252 589 173 405 422 143 231 366 382 72 443 285 474 84 238 171 373 241 186 229 332 37 186 331 309 133 352 325 322 142 259 354 245 56 119 287 353 98 292 289 472 64 143 372 432 72 256 289 531 144 129 342 428 48 514 328 313 52 238 339 354 131 71 357 398 106 313 229 327 162 213 270 308 57 168 254 430 37 148 360 321 74 19 321 284 123 205 289 377 533 324 287 141 18 183 327 643 125 140 203 470 74 200 476 397 50 170
283 172 316 124 479 59 411 140 155 118 331 195 115 123 466 181 224 169 422 241 318 174 383 528 172 209 390 190 414 109 348 130 129 160 330 69 189 92 373 352 316 102 303 215 125 46 374 172 528 105 554 586 97 99 287 103 100 226 306 102 179 136 375 400 132 184 321 142 172 121 512 71 128 44 359 305 191 75 299 51 613 47 361 147 45 169 273 119 15 249 272 196 131 47 352 127 217 39 432 191 142 799 344 184 74 186 413 127 107 143 407 186 233 182 363 198 624 118 218 514 200 37 261 528 257 95 323 216 78 31 318 40 100 46 302 215 290 36 286 57 130 40 370 136 165 145 336 243 200 106 407 169 264 136 278 75 226 91 456 108 40 98 271 135 468 117 288 159 89 150 280 245 149 136 317 0 168 91 311 172 259 27 146 193 49 136 342 290 163 75 386 478 174 113 447 109 642 64 357 209 195 10 327 176 184 69 197 325 89 115 314 132 120 269 342 179 81 55 299 110 55 244 262 97 60 725 444 43 232 205 411 138 202 44 272 260 133 530 265 92 116 110 319 198 131 253 231 188 215 236 283 93 648 78 256 311 191 226 285 45 231 88 368 291 33 89 340 169 216 150 203 208 132 108 322 527 264 48 260 315 175 51 252 71 779 215 181 80 136 108 393 176 196 155 457 168 111 218 447 195 216 73 298 156 68 63 257 198 223 131 430 370 109 259 360 113 112 175 516 166 175 204 205 102 186 56 268 222 126 53 336 241 112 69 226 218 52 121 289 89 105 109 634 136 108 234 448 164 85 74 134 211 208 733 233 223 506 43 615 132 175 36 406 330 188 27 304 108 149 215 383 167 254 124 635 833 679 72 309 134 106 105 322 197 92 33 362 181 201 114 341 135 101 76 603 145 112 221 367 265 56 71 367 712 120 216 241 168 231 71 555 133 240 110 291 144 150 37 292 43 140 74 237 64 81 88 276 245 102 108 340 124 78 177 381 261 140 179 318 139 206 567 416 297 109 145 346 609 11 7 358 261 233 48 307 274 185 102 384 229 102 547 372 147 73 157 351 195 178 161 280 171 128 35 279 336 201 99 269 113 115 70 461 124 129 179 334 135 259 659 207 178 208 196 383 120 166 89 290 168
222 298 303 272 481 196 461 156 14 284 378 301 56 230 452 214 67 322 441 102 169 342 403 416 125 356 417 225 414 276 413 118 44 327 386 205 27 233 371 504 149 250 379 204 135 178 402 181 430 254 648 449 187 218 272 71 72 85 364 215 135 213 382 281 122 328 321 208 94 167 359 233 54 135 402 361 27 239 285 193 446 130 395 208 128 336 275 192 155 98 286 102 91 214 218 279 79 130 463 177 143 704 360 168 93 352 412 202 97 292 365 226 140 219 405 206 478 286 284 410 148 204 267 360 90 217 320 270 108 199 305 158 167 158 354 208 122 201 362 125 146 203 416 99 11 117 354 344 44 254 384 198 157 89 352 103 59 256 433 157 196 222 422 295 620 271 333 150 80 295 293 292 206 251 338 168 0 201 341 112 122 168 254 348 154 269 394 152 10 172 370 621 123 273 439 69 545 231 447 176 30 158 357 155 55 222 275 254 85 255 389 192 65 154 341 238 235 204 370 135 177 85 321 180 124 658 384 127 152 305 430 192 91 182 328 287 39 586 308 222 64 242 327 162 57 360 331 168 57 399 310 209 481 241 293 263 40 393 245 209 79 194 357 311 143 144 305 154 80 193 264 203 112 60 393 359 126 197 330 217 76 160 246 187 728 383 130 176 185 255 404 137 276 269 505 222 61 372 435 345 144 179 371 91 214 158 331 214 146 266 425 318 115 426 361 179 58 316 554 238 22 338 233 165 32 179 317 184 86 210 399 145 86 109 253 161 116 287 339 186 93 77 570 109 77 379 596 120 106 225 200 285 212 673 247 160 649 198 496 209 47 156 375 283 26 180 296 154 110 309 399 158 236 273 483 779 625 239 325 222 225 273 328 219 227 192 356 260 96 251 366 191 118 206 439 195 136 389 316 164 155 216 357 639 66 373 255 100 179 227 572 215 144 277 302 241 18 132 246 201 27 241 204 147 104 217 322 225 78 276 402 282 98 317 396 216 59 341 302 282 74 408 379 252 64 299 381 745 169 173 359 156 71 147 261 328 22 255 359 79 141 457 452 268 119 317 345 170 87 119 306 235 58 203 272 352 45 255 235 178 66 219 294 43 58 211 350 213 104 494 278 231 143 348 412 210 210 234 292 173
364 98 405 191 570 146 500 226 187 153 420 278 146 210 556 271 238 128 512 295 313 185 474 599 249 156 481 281 505 121 435 209 177 159 418 154 213 169 464 394 342 61 389 302 208 45 465 260 604 67 630 645 187 185 376 159 156 227 395 189 258 49 465 367 213 128 411 232 158 61 501 77 183 80 449 394 215 85 388 137 636 83 451 238 121 190 362 210 102 254 362 263 201 88 411 190 270 96 522 276 98 877 435 269 125 207 503 217 107 97 494 276 206 102 453 286 678 138 307 588 278 91 351 547 288 18 413 307 152 93 407 130 44 136 392 302 313 79 372 136 216 75 459 209 194 119 427 324 218 65 496 259 238 128 365 145 251 141 546 196 61 183 319 114 507 179 378 243 141 98 370 335 240 52 408 91 201 0 401 246 314 118 232 242 138 69 431 346 201 29 475 528 144 96 537 167 719 107 438 292 231 89 418 259 191 56 285 405 118 190 400 222 178 334 432 269 61 137 386 194 37 286 351 188 139 810 528 92 197 289 502 229 193 46 362 350 162 617 355 175 137 43 236 280 188 170 314 273 257 214 374 8 660 136 347 395 236 240 370 112 240 7 457 381 80 176 426 253 269 240 293 296 209 156 408 543 319 51 348 387 237 49 341 161 866 217 258 171 64 64 483 256 285 237 545 259 163 176 537 147 182 23 385 225 44 45 344 287 297 207 520 455 188 266 450 44 146 241 605 256 216 137 295 191 228 146 358 305 125 62 423 311 181 141 316 297 114 127 199 179 110 172 719 213 125 179 493 241 95 53 224 300 296 819 323 301 554 59 684 222 186 63 494 415 226 65 394 196 225 127 474 251 342 189 684 920 765 112 400 224 24 127 412 287 173 66 452 270 265 53 432 225 87 162 636 235 78 221 451 334 51 42 456 796 179 180 331 239 312 61 645 223 310 145 381 232 186 107 376 63 179 119 322 152 98 173 367 332 164 128 428 180 144 117 471 344 150 157 407 208 260 608 504 381 137 108 436 662 80 95 448 329 272 63 392 363 211 71 473 276 188 625 455 227 152 204 441 278 243 132 371 261 145 95 368 426 244 163 355 203 174 50 478 164 187 269 425 226 304 691 296 268 285 152 473 209 86 48 380 255
176 469 86 254 172 258 121 194 342 319 45 160 338 197 171 136 402 437 111 303 498 369 73 379 218 479 80 125 113 351 93 229 309 381 63 252 366 248 83 357 422 394 96 139 217 356 64 163 347 395 333 482 214 221 96 297 300 426 56 216 208 446 73 620 224 463 60 169 419 423 666 353 295 335 61 51 365 349 89 266 649 336 54 164 291 348 75 192 301 433 58 252 255 326 323 262 301 319 124 165 429 572 41 173 313 351 112 184 374 424 166 128 478 487 64 136 540 343 100 350 200 317 78 592 377 404 65 95 274 313 84 273 405 266 43 135 413 328 92 279 206 334 76 245 349 417 32 145 383 397 136 151 498 393 87 283 379 300 173 213 343 226 303 397 441 269 31 193 307 434 52 67 163 442 20 311 341 401 0 230 302 284 184 285 265 434 62 311 332 384 111 408 439 382 148 292 438 318 159 171 341 314 17 186 395 365 126 192 340 238 97 180 288 266 65 132 373 270 83 225 366 341 65 214 276 464 218 325 486 148 100 175 430 355 55 55 344 245 47 235 352 413 623 183 290 554 143 173 332 455 31 403 717 292 55 149 321 381 139 299 415 398 92 32 330 234 127 188 298 166 110 139 234 312 92 602 306 354 82 238 270 359 102 241 496 401 214 231 441 400 85 205 127 187 163 143 303 472 153 462 473 383 88 251 370 370 90 129 219 225 131 166 242 412 70 420 334 237 214 146 325 491 113 214 324 255 48 167 382 350 82 239 268 283 91 195 306 361 599 222 369 281 376 235 356 501 406 221 358 371 177 112 129 462 94 199 434 346 461 179 385 343 146 148 334 336 78 215 232 523 74 184 118 257 568 552 405 320 30 179 414 339 48 125 239 338 81 137 263 413 31 178 383 243 606 169 403 407 163 243 361 374 91 460 286 461 86 242 180 364 244 178 239 320 48 176 333 305 148 344 328 312 152 254 352 235 40 128 287 342 81 279 288 462 72 155 373 420 90 242 296 548 163 144 342 417 40 496 322 306 70 249 346 350 147 53 362 388 125 321 227 346 145 200 267 294 76 173 260 429 36 140 360 313 87 34 327 272 136 200 290 369 546 325 289 139 35 176 336 660 113 133 210 458 73 192 472 388 63 171
122 339 191 227 369 163 351 66 115 264 269 219 125 163 343 112 172 341 328 95 269 327 291 357 13 381 304 121 302 272 307 45 89 321 279 168 136 190 259 445 208 274 278 92 59 207 290 76 358 277 547 416 127 163 160 91 95 196 258 158 23 276 269 390 44 356 208 124 199 238 447 242 76 166 291 254 135 244 174 165 483 163 283 121 128 315 162 118 157 203 174 33 44 214 186 236 81 151 350 66 228 631 247 58 122 328 301 126 172 315 261 125 252 300 294 97 458 275 185 343 37 203 155 408 154 257 208 168 96 197 194 139 228 134 247 96 192 206 261 115 64 211 306 37 121 209 241 255 153 277 275 98 270 181 251 101 150 234 325 90 211 169 365 305 556 232 224 47 109 322 181 186 117 297 226 172 112 246 230 0 105 155 182 301 130 305 285 133 103 219 259 547 224 283 328 84 474 224 349 64 111 167 246 46 167 240 183 161 140 205 287 111 74 101 229 143 253 177 267 71 211 122 217 119 112 569 288 153 263 220 318 107 203 208 223 177 124 476 200 174 140 277 424 50 70 415 243 57 105 401 199 251 535 218 185 159 91 370 137 196 185 240 246 200 167 94 197 47 78 102 166 92 41 102 289 413 111 218 229 143 40 196 133 145 631 369 18 127 257 280 291 25 184 197 394 128 92 389 325 367 252 223 269 24 238 202 231 106 51 210 314 217 64 405 249 243 122 258 442 149 95 375 127 101 93 146 210 73 172 225 294 70 65 106 145 54 132 284 421 131 166 76 478 36 149 406 529 14 165 246 119 190 102 580 137 57 576 214 443 131 158 184 268 179 104 196 184 87 23 370 287 52 124 229 472 684 529 230 213 146 268 264 215 112 181 205 244 170 44 283 254 108 188 164 460 107 209 375 215 93 195 241 245 553 72 385 144 12 72 243 460 138 69 258 190 165 108 142 140 215 104 227 93 115 159 170 215 113 84 267 295 245 101 348 284 109 155 347 191 231 72 415 274 146 132 317 270 664 180 173 246 90 123 183 156 223 132 274 251 101 82 380 350 202 99 279 233 58 30 217 195 144 145 199 159 240 98 220 125 107 78 241 349 107 70 109 237 134 126 517 182 135 39 368 300 139 288 260 180 69
138 412 237 331 407 263 421 171 134 363 345 322 170 268 371 209 141 426 381 20 212 425 348 294 115 463 364 216 344 365 388 147 137 416 358 269 126 293 304 550 121 355 367 169 164 284 353 174 310 359 631 331 232 268 212 158 161 172 341 262 118 332 320 342 148 436 262 228 211 288 365 329 133 239 362 336 124 333 223 264 378 235 350 225 214 415 227 224 244 164 244 73 132 305 98 339 45 228 409 154 264 584 306 149 192 429 342 231 217 398 272 222 243 341 364 186 366 371 280 289 112 293 224 305 87 329 260 261 182 288 240 233 285 230 328 175 116 294 352 203 169 298 377 131 132 238 303 355 136 359 301 197 248 211 342 183 110 333 346 194 295 274 471 394 661 335 304 150 176 402 249 273 221 365 291 259 122 314 302 105 0 248 287 406 225 380 362 32 118 285 293 650 242 371 363 151 425 318 439 137 96 252 315 142 166 323 283 156 196 309 375 216 140 44 279 243 336 276 355 174 285 53 305 224 201 545 281 228 259 321 372 212 197 286 309 255 157 543 283 277 182 352 444 130 129 479 343 146 68 494 273 321 432 317 267 181 82 471 173 291 153 307 287 270 244 195 224 146 45 205 262 174 142 159 375 311 6 299 321 107 85 268 200 247 619 468 112 230 306 361 342 122 284 303 460 229 152 476 355 450 254 291 358 109 318 269 324 197 85 315 351 225 162 506 298 298 170 363 500 251 102 450 217 205 90 246 294 137 207 309 376 62 147 190 230 110 210 378 460 235 212 150 458 136 194 487 633 119 221 328 224 287 187 562 216 104 678 297 374 236 162 260 289 197 96 278 236 191 125 429 342 152 183 333 376 668 516 325 278 251 338 359 273 204 285 289 289 271 63 360 318 213 237 266 355 211 256 474 223 64 265 320 286 524 140 474 221 102 122 327 504 243 62 357 255 270 132 223 168 299 137 323 150 212 217 273 297 174 157 363 376 348 181 427 338 149 181 438 236 336 54 312 289 174 179 402 340 763 264 262 295 56 67 254 179 308 125 358 278 45 184 339 436 307 190 382 279 143 85 240 269 245 178 291 217 301 77 322 169 212 144 322 250 151 131 206 298 239 39 412 279 234 98 453 362 245 332 340 241 168
262 196 291 110 453 37 385 116 156 118 304 172 120 98 440 154 229 187 395 231 326 179 356 510 153 228 363 164 387 118 322 111 126 168 303 47 191 73 347 341 315 124 278 190 103 73 347 147 507 126 531 571 70 74 262 99 97 234 280 76 160 163 348 415 113 205 295 115 186 146 520 88 122 62 332 279 193 90 274 29 610 65 334 120 40 170 247 93 21 256 245 181 116 60 339 114 208 50 405 167 163 777 318 161 77 186 386 100 122 163 382 159 249 208 336 172 611 124 191 494 180 48 235 527 255 122 296 190 66 42 292 16 126 22 276 190 290 53 260 45 107 59 343 120 166 164 309 219 204 127 381 143 279 150 252 67 227 88 430 83 63 75 259 151 457 105 261 137 88 171 253 218 122 162 290 27 168 118 284 155 248 0 122 182 26 160 315 279 162 102 359 464 192 129 420 103 621 70 333 187 193 31 300 154 192 91 171 303 99 97 288 105 112 254 315 152 102 38 273 88 82 238 235 70 48 701 420 57 249 181 384 112 214 71 246 233 137 504 238 69 125 135 345 177 124 279 207 165 210 247 256 120 648 73 229 287 186 227 261 44 237 115 341 264 53 66 315 147 206 123 176 183 114 108 296 527 254 73 234 296 163 77 226 44 753 221 162 53 161 130 366 156 170 131 431 141 108 235 421 213 233 100 272 142 92 89 231 172 204 112 403 346 91 261 333 139 116 159 489 139 171 227 178 76 181 29 242 199 140 74 310 225 101 61 199 198 54 130 316 62 120 100 609 119 118 253 436 145 100 97 107 185 182 708 206 203 492 66 597 105 182 61 380 306 185 53 278 83 132 241 356 144 229 110 623 808 654 77 282 108 132 112 295 171 71 57 335 155 187 138 314 108 120 53 597 118 134 227 343 248 81 95 340 688 112 231 215 152 210 92 528 106 224 111 264 118 150 40 268 66 140 76 214 41 96 65 250 221 95 115 314 115 72 199 354 238 150 192 292 123 197 559 391 273 116 163 319 594 38 23 331 245 229 71 284 247 187 122 358 222 79 525 347 124 58 150 324 172 165 179 253 144 137 45 253 309 196 88 245 87 109 93 461 125 122 153 307 109 252 653 180 151 189 214 356 93 192 113 263 144
236 288 220 72 356 87 269 116 247 136 193 50 222 25 353 96 321 254 292 277 423 191 255 491 172 295 259 98 296 167 203 145 210 200 189 78 281 66 260 263 385 214 158 152 127 189 243 121 475 214 410 572 68 48 199 186 187 334 166 46 171 279 255 525 143 279 214 60 299 267 613 173 200 183 222 166 281 168 207 96 665 185 227 64 147 172 174 65 142 351 164 215 170 148 357 81 260 169 296 146 284 730 223 146 182 179 294 56 239 241 319 90 363 328 226 126 621 159 83 468 183 141 163 589 327 231 217 93 150 139 221 118 247 114 165 147 365 153 141 141 119 158 231 165 257 282 214 98 297 216 304 99 390 265 133 158 309 117 350 99 170 49 185 213 375 86 156 138 186 251 171 118 69 266 195 146 254 232 184 182 287 122 0 129 115 254 201 312 246 221 280 369 309 199 330 186 582 137 211 169 270 153 198 149 293 187 58 275 210 54 168 70 189 274 232 67 194 95 154 122 199 299 125 74 140 636 365 176 365 59 282 75 322 186 136 144 236 385 137 56 232 235 465 169 198 373 85 151 277 277 163 232 716 109 134 244 255 216 218 121 332 230 260 173 175 110 256 143 257 84 77 143 152 201 176 593 293 181 118 291 213 198 167 79 676 228 176 81 282 219 269 166 57 16 315 72 196 289 334 278 350 218 153 185 194 210 113 118 213 44 313 294 140 250 246 259 217 80 375 50 248 308 110 90 254 94 136 179 254 174 192 240 168 154 121 194 166 177 430 71 236 177 545 157 230 317 348 168 218 193 63 73 134 637 137 201 397 173 578 51 283 183 309 258 261 168 206 102 165 345 258 137 179 76 640 732 581 138 192 36 240 155 210 113 59 166 252 48 225 234 215 74 240 70 640 78 255 234 291 258 202 198 259 628 188 279 143 187 196 185 421 43 239 136 180 18 239 157 228 170 230 129 183 113 213 59 145 176 177 158 197 98 164 278 255 206 257 237 223 65 250 592 323 230 221 234 213 491 157 140 244 259 296 193 240 137 276 207 286 279 114 486 226 23 139 121 243 157 207 297 161 59 243 137 187 215 265 88 203 78 188 192 529 219 196 98 214 48 306 697 71 73 197 275 250 45 312 210 186 124
365 252 340 76 449 152 334 237 337 90 277 127 302 140 455 225 411 195 380 393 508 99 349 619 293 229 347 226 397 127 265 258 304 123 265 143 373 115 367 159 491 195 219 280 242 216 333 248 602 192 404 701 174 138 323 277 276 416 247 143 293 289 358 592 258 225 328 187 365 297 703 166 298 236 303 249 374 157 329 155 781 240 315 192 221 79 296 184 199 438 282 333 278 160 483 69 373 230 375 273 327 850 326 273 259 73 396 178 300 198 438 217 426 343 307 255 749 110 193 596 308 163 285 701 431 232 332 210 240 166 340 190 276 190 252 276 468 173 209 223 237 175 307 276 348 336 317 146 386 195 417 227 457 328 207 245 407 104 458 211 189 132 78 163 275 77 254 261 269 209 287 228 196 253 301 193 348 242 285 301 406 182 129 0 194 228 278 433 341 248 393 287 365 163 431 280 706 139 236 297 370 203 296 274 374 186 170 403 280 96 228 194 287 398 343 194 184 144 224 232 225 409 220 182 224 749 486 235 422 138 372 200 395 211 230 260 319 427 243 129 307 223 471 295 298 330 144 277 383 178 273 238 825 115 246 371 360 96 346 148 419 245 372 285 226 213 379 268 371 211 196 272 264 288 238 703 411 198 204 419 325 233 293 163 780 120 298 178 305 197 367 289 169 115 374 200 287 211 438 213 406 241 220 298 198 245 197 247 338 91 415 418 247 127 354 283 298 51 437 177 348 256 236 200 357 169 238 307 319 183 259 364 269 239 245 321 237 128 417 171 298 274 660 270 300 245 256 287 277 190 187 180 262 747 262 328 314 190 706 175 365 224 424 384 362 198 326 214 280 320 354 262 306 75 767 836 690 133 302 161 238 118 321 241 123 189 363 169 342 216 313 198 292 143 760 204 299 125 415 384 239 201 372 743 286 196 266 304 324 182 495 168 363 98 296 146 331 222 356 186 321 126 312 202 274 134 245 304 271 118 264 68 250 230 352 334 331 161 343 70 362 715 440 358 298 185 303 420 198 186 353 384 403 237 367 232 368 184 401 390 222 610 262 106 230 39 355 284 322 352 273 187 319 162 310 319 370 94 331 194 284 193 637 306 296 226 319 173 419 817 183 201 321 206 338 163 328 201 305 250
236 221 267 119 432 42 370 91 144 138 288 165 111 90 418 133 218 213 376 209 317 200 337 484 128 254 345 143 366 142 309 85 110 192 289 52 179 79 325 351 298 149 266 166 78 94 329 123 482 151 525 546 53 70 238 83 82 226 265 69 134 181 327 412 87 230 273 96 185 159 511 113 104 72 316 264 180 115 250 40 591 73 316 101 33 190 224 74 37 246 224 157 93 85 315 125 187 56 388 142 171 751 297 136 69 205 365 82 124 189 358 139 248 223 320 148 587 146 176 469 154 73 213 509 238 144 274 172 47 68 269 10 141 5 260 165 274 79 249 30 82 84 328 96 154 168 289 212 193 153 358 121 277 150 240 51 213 108 407 58 88 72 269 176 466 117 244 111 76 196 232 201 103 185 270 49 154 138 265 130 225 26 115 194 0 185 300 256 147 119 337 470 194 155 398 86 596 94 325 161 177 50 282 128 184 116 158 278 95 102 277 85 94 230 293 134 128 52 260 63 102 219 220 51 30 676 395 63 250 173 365 91 210 93 230 213 127 491 220 70 119 159 359 151 105 303 200 140 192 271 236 141 632 92 210 262 168 247 236 67 227 135 319 243 65 40 290 121 185 102 160 159 89 95 284 510 231 97 221 271 141 94 203 37 729 242 136 36 176 155 346 131 157 127 416 122 93 260 399 239 235 119 260 118 116 105 218 149 179 114 382 321 66 281 312 155 107 164 473 123 155 252 157 53 164 26 225 174 140 100 297 200 79 45 178 172 51 154 335 47 121 81 585 94 116 279 444 120 104 122 88 171 159 684 184 178 498 91 571 88 174 78 356 282 168 76 255 58 107 264 337 118 205 119 600 784 629 101 262 94 155 135 274 149 74 82 313 141 164 162 295 87 126 53 576 97 143 248 318 223 96 120 318 664 93 256 193 128 184 117 510 91 199 132 243 108 137 42 243 91 127 98 189 15 98 65 232 196 77 138 300 129 56 224 334 212 145 217 269 129 176 537 367 248 109 189 302 598 60 47 310 220 211 85 259 231 175 148 335 202 54 500 337 122 37 164 302 146 141 182 233 127 131 70 230 289 178 102 220 65 91 118 445 113 103 131 287 92 232 633 166 132 164 239 338 79 207 138 241 119
420 36 450 197 606 178 522 276 255 141 447 294 214 237 597 312 306 65 544 361 378 147 507 661 306 88 512 321 542 102 454 265 244 119 442 183 282 188 503 366 411 40 407 351 261 98 496 308 663 40 630 711 225 213 421 223 220 294 419 218 314 84 502 420 268 59 452 270 224 121 563 81 248 142 476 419 284 86 433 170 705 146 480 276 177 159 405 249 151 321 402 325 262 109 477 193 336 155 550 327 160 934 471 320 189 175 541 254 175 38 542 315 266 133 480 332 745 118 335 648 335 118 393 615 357 52 454 339 209 123 451 175 109 182 418 350 382 109 392 191 266 103 485 268 262 184 462 337 287 38 540 302 298 196 385 204 320 143 589 243 97 209 298 69 474 182 408 296 205 33 409 367 279 32 443 136 269 69 434 305 380 160 254 228 185 0 455 412 269 97 518 502 206 65 576 230 778 117 447 345 300 139 450 312 259 70 311 461 185 204 418 262 242 398 472 304 61 164 406 246 96 354 378 228 194 861 580 153 255 306 534 270 259 97 389 387 230 633 387 200 206 28 247 335 252 120 328 325 325 154 409 61 726 146 381 447 303 199 421 136 308 76 499 418 139 225 475 305 336 282 324 343 266 221 427 610 385 88 371 448 301 112 386 196 913 171 315 211 115 35 518 312 311 255 567 296 228 110 577 80 240 90 404 286 69 112 366 331 356 220 559 506 244 218 489 104 213 241 628 288 284 70 336 236 296 184 388 358 193 86 444 372 242 199 355 353 174 100 189 217 179 234 770 270 193 110 465 298 163 64 262 326 342 868 365 358 527 94 746 258 254 122 540 466 294 110 437 243 283 94 508 303 389 194 752 968 814 117 437 255 45 112 451 330 195 103 492 298 328 22 465 266 156 191 705 276 145 173 503 396 116 65 498 848 243 116 373 299 367 70 674 257 372 135 420 259 254 163 428 95 247 125 374 200 166 199 397 381 226 111 449 179 205 48 506 397 219 102 452 213 326 677 551 433 205 52 466 637 127 138 487 392 340 126 443 390 280 48 518 344 238 683 468 244 207 191 482 331 306 196 407 295 214 122 413 462 312 171 405 246 238 68 546 231 251 311 461 260 372 759 323 304 343 86 503 243 122 47 421 304
238 489 146 263 172 285 70 241 393 328 17 164 384 220 188 181 457 450 103 363 554 371 78 431 272 490 71 170 131 364 33 278 358 387 14 277 419 267 120 322 482 415 61 196 263 387 59 213 396 415 271 538 247 246 158 343 346 479 36 242 263 477 102 674 273 477 119 204 466 459 726 374 345 372 26 36 419 369 151 293 711 372 43 201 329 350 136 227 334 487 118 309 304 349 385 270 359 355 97 219 469 604 82 227 355 349 131 218 416 440 213 170 526 522 29 188 597 354 124 401 258 342 139 654 435 431 123 129 316 339 144 306 440 300 40 191 471 354 69 318 252 359 30 295 401 460 78 132 436 417 174 197 549 437 72 326 435 315 199 254 370 248 280 410 396 279 61 244 352 450 114 103 200 467 78 342 394 431 62 285 362 315 201 278 300 455 0 373 384 417 152 358 484 398 163 340 479 338 104 228 396 346 54 240 445 388 145 253 383 252 55 218 337 327 116 167 395 295 55 270 396 400 80 249 316 486 263 362 533 151 95 214 479 384 70 109 392 194 86 257 398 436 659 240 340 574 135 228 389 455 89 431 780 310 100 210 376 374 201 322 469 429 136 93 365 275 185 240 356 208 140 194 283 359 46 664 366 381 84 300 325 392 162 271 506 398 269 264 476 420 100 260 146 200 116 181 350 479 173 473 520 415 58 304 395 403 89 180 278 237 149 221 288 402 111 454 380 235 175 177 378 507 161 253 378 286 78 226 427 375 27 300 316 324 141 254 345 372 629 254 411 329 403 285 400 510 360 275 399 395 213 131 183 479 149 259 382 373 511 212 435 376 189 208 389 365 139 256 284 547 87 236 179 267 626 562 422 338 91 208 441 352 105 175 260 365 126 161 320 435 62 217 423 268 667 209 442 403 218 304 395 399 136 486 334 466 142 296 240 387 221 209 300 331 110 199 384 341 210 370 378 330 212 291 393 259 71 188 333 354 23 287 331 477 86 216 420 427 149 249 353 609 206 206 387 432 37 438 353 336 113 311 404 385 209 69 415 408 170 379 269 391 85 212 308 295 125 229 315 473 93 173 407 338 149 80 383 286 198 238 338 393 607 373 339 184 83 208 396 721 135 171 269 468 62 222 507 411 126 221
140 444 241 359 404 293 429 197 165 393 355 345 201 295 365 230 163 458 383 51 222 456 352 265 141 495 369 236 343 397 401 176 169 447 370 299 153 322 305 575 120 387 382 185 192 315 358 196 285 391 643 299 260 296 218 190 193 193 354 290 142 363 322 352 176 468 267 253 239 318 360 361 165 271 371 349 152 365 228 294 354 267 357 249 245 445 236 250 276 182 255 101 163 336 66 368 76 260 413 174 294 557 312 171 224 459 341 257 248 430 264 242 266 370 373 205 334 402 299 263 132 325 235 286 102 361 264 279 213 319 243 264 316 261 341 191 123 326 368 235 196 330 386 161 162 268 309 376 162 391 297 219 268 241 358 215 132 363 339 222 327 302 497 426 685 364 317 174 208 434 259 289 245 397 299 290 152 346 311 133 32 279 312 433 256 412 373 0 148 317 291 672 269 403 359 183 398 349 454 155 124 283 323 165 193 355 304 149 228 337 389 242 172 46 282 264 368 306 370 203 316 75 321 252 232 523 267 260 282 343 374 237 222 318 324 268 188 548 297 306 213 384 470 149 161 510 364 167 96 526 284 353 413 347 281 180 113 501 176 322 174 339 287 279 276 225 222 170 77 229 282 191 171 191 389 293 27 331 338 95 116 300 211 276 600 498 136 259 337 393 344 147 305 328 466 251 184 508 350 482 279 323 373 138 350 301 341 215 103 342 348 217 192 535 301 329 201 390 502 274 132 482 235 234 120 276 309 152 238 341 388 77 179 221 246 127 242 409 489 263 243 182 438 165 225 519 656 146 253 360 250 307 204 541 231 120 700 329 344 262 190 292 283 194 126 310 241 220 154 460 345 176 193 361 344 648 498 356 285 277 370 390 278 223 313 321 290 293 92 392 325 238 268 295 327 235 287 504 216 68 297 352 286 501 172 506 235 130 135 359 502 269 77 387 264 295 163 255 170 331 168 354 162 243 249 302 310 185 189 394 388 377 212 459 342 156 211 469 238 363 86 283 281 176 210 433 348 783 296 293 297 62 90 286 179 323 153 389 275 73 213 315 449 333 221 411 281 162 115 268 280 267 209 322 225 307 106 352 176 239 176 354 235 183 162 227 304 265 55 384 300 256 118 484 368 271 362 372 249 190
214 299 293 265 472 189 451 146 17 279 368 292 55 221 443 204 76 320 431 98 178 337 394 411 115 355 407 215 405 272 403 109 37 323 376 199 36 226 362 497 153 248 370 194 126 177 393 171 425 252 639 447 178 210 263 64 66 95 354 207 125 215 372 291 113 327 311 198 101 170 367 230 46 132 392 351 36 235 276 186 450 128 385 199 123 331 265 183 151 107 276 94 81 210 215 272 74 126 453 167 147 699 350 158 89 347 403 194 99 291 356 217 150 223 395 197 477 282 274 405 138 200 257 365 94 217 311 260 101 195 296 151 168 151 345 198 128 197 352 118 137 200 406 90 19 122 344 335 53 252 375 188 167 94 342 96 66 250 424 148 193 214 415 293 612 264 323 140 75 294 283 282 197 251 328 163 10 201 332 103 118 162 246 341 147 269 384 148 0 172 361 613 130 270 430 62 540 227 438 166 32 154 348 145 64 220 266 246 84 247 379 183 56 148 332 229 232 198 360 126 175 85 311 172 117 651 377 124 161 296 421 183 100 180 319 277 40 576 298 214 65 241 334 152 48 362 322 159 56 396 300 208 486 235 283 255 36 388 236 204 88 194 348 302 140 136 296 144 75 184 255 194 103 55 383 365 122 194 321 211 67 158 236 180 720 379 120 168 188 254 394 127 266 260 495 213 55 371 426 343 152 179 361 81 212 157 321 204 137 258 416 310 106 421 352 181 56 309 544 228 16 338 223 156 28 172 307 175 89 207 390 137 77 103 243 152 111 284 344 178 94 69 563 100 78 378 588 111 106 223 191 275 203 666 237 152 641 195 492 200 56 154 366 275 25 177 286 145 100 312 390 148 227 266 483 771 617 235 316 213 225 269 318 209 220 189 347 250 88 250 356 182 120 199 441 186 139 384 308 157 154 214 347 633 58 371 245 91 171 224 563 207 136 272 292 232 15 127 237 198 23 236 194 140 103 210 313 215 71 271 392 276 91 317 387 207 64 338 293 275 68 409 371 244 64 297 372 736 165 168 349 149 72 145 252 319 32 253 350 76 132 451 443 260 112 311 336 160 78 126 296 226 61 198 262 343 43 249 226 169 58 217 299 40 49 201 340 204 103 497 268 222 134 347 402 201 214 232 283 163
339 127 384 189 551 134 487 204 158 161 406 270 117 199 536 252 211 153 495 266 290 200 456 571 223 184 464 262 485 134 423 184 149 177 405 144 185 163 444 403 314 83 379 279 185 34 448 238 577 89 626 616 171 174 354 131 128 202 382 177 232 62 446 351 188 156 391 215 135 50 480 86 155 54 434 381 187 95 366 126 609 56 435 221 98 203 342 193 83 228 343 235 175 88 383 190 241 71 507 253 81 850 417 245 98 221 484 201 79 123 470 258 187 106 438 265 649 149 293 560 253 88 331 521 260 45 392 291 126 87 386 112 28 118 377 280 286 76 361 112 193 73 445 183 165 97 409 317 191 87 474 239 219 103 353 119 223 144 524 175 59 173 326 135 518 179 363 219 113 124 351 319 222 80 390 75 172 29 384 219 285 102 221 248 119 97 417 317 172 0 454 535 124 115 517 139 692 109 431 268 203 71 401 235 164 67 272 379 89 185 389 204 150 306 412 253 76 128 374 171 23 257 337 170 115 785 503 67 180 280 485 210 170 37 348 332 133 605 339 166 109 70 244 255 159 197 305 249 229 237 356 36 634 136 330 371 207 256 346 107 214 22 437 363 56 154 403 229 241 221 278 273 184 127 397 517 290 50 336 360 209 26 319 146 843 236 232 154 61 88 465 230 272 229 532 242 135 203 517 174 164 8 373 198 55 17 332 266 270 202 501 430 163 283 431 38 117 240 591 241 187 166 276 172 200 131 343 280 98 65 411 283 154 116 297 271 89 142 215 163 82 145 694 187 96 207 502 215 66 66 207 286 275 795 303 275 562 58 655 206 159 42 471 391 197 55 372 174 199 151 456 228 319 188 655 897 742 115 381 209 53 137 393 267 165 61 431 257 236 80 415 207 61 151 608 216 56 240 427 307 25 55 436 770 151 206 312 212 287 72 629 208 282 153 362 220 157 83 351 62 150 122 298 131 69 163 351 309 136 139 416 182 118 145 453 319 123 180 385 205 232 579 481 357 108 132 420 668 65 81 429 301 243 37 367 349 183 92 451 247 165 599 447 220 128 209 420 254 215 112 353 245 117 90 347 408 215 162 331 185 146 61 452 135 158 250 407 210 275 663 282 251 258 179 457 195 91 68 359 232
156 553 70 353 114 341 171 250 374 416 141 266 382 288 84 206 420 530 100 302 504 471 85 282 249 572 102 197 53 445 185 277 347 480 161 337 390 339 32 467 411 479 204 176 271 431 101 216 244 480 395 393 293 310 101 344 348 448 164 303 238 516 52 633 272 554 67 249 458 485 651 439 334 401 133 160 389 437 88 348 593 400 113 242 356 451 113 269 373 448 117 268 296 410 279 362 309 384 135 204 483 461 73 213 368 456 51 264 426 513 61 203 510 550 131 189 453 439 201 251 222 400 125 549 379 481 64 188 331 395 68 346 470 339 153 175 409 409 202 342 262 415 143 286 379 466 80 256 405 482 25 216 525 439 199 340 392 394 71 279 422 315 414 490 547 367 142 239 359 522 110 165 239 521 93 386 370 475 111 259 293 359 280 393 337 518 152 291 361 454 0 510 483 473 70 338 328 406 256 197 360 386 106 225 425 447 226 144 392 334 202 255 330 251 50 218 457 355 192 283 438 343 174 290 339 356 111 389 521 255 95 248 461 430 166 136 383 270 150 324 398 494 680 211 329 638 253 211 343 557 120 478 670 384 147 113 339 488 125 383 433 471 20 108 398 300 70 230 307 236 203 181 279 358 195 562 296 432 193 200 294 428 135 321 396 505 242 307 504 485 66 238 227 287 194 223 348 569 65 556 512 454 196 283 451 438 201 188 226 324 57 85 295 520 42 485 379 343 216 235 349 580 182 284 344 334 156 187 430 432 179 237 315 342 163 209 368 455 668 301 420 328 267 279 405 595 512 256 415 454 255 214 179 357 153 210 534 425 359 261 417 413 36 97 355 412 82 280 270 601 75 230 138 356 485 452 301 410 91 266 492 433 72 188 330 416 30 233 276 496 92 252 439 329 542 242 460 511 84 229 430 454 21 351 328 559 145 271 190 448 211 263 237 416 100 269 367 371 127 424 364 402 167 323 408 324 149 149 335 436 175 378 343 551 73 154 414 517 70 343 307 480 53 120 388 508 115 585 396 383 42 237 352 417 114 164 386 475 21 326 289 239 234 300 328 397 38 207 283 475 120 227 403 396 107 78 342 367 135 273 334 451 513 366 328 207 77 259 332 593 212 215 226 553 106 277 536 471 97 222
564 518 493 355 500 430 359 482 612 375 370 328 581 392 532 442 687 452 440 642 787 355 431 787 536 471 417 437 483 408 325 514 576 384 350 419 647 392 478 136 753 475 313 490 496 503 412 477 753 471 243 890 435 403 493 551 550 696 352 406 533 572 459 878 511 480 468 424 650 584 980 451 567 522 378 357 648 443 491 435 1026 525 398 426 501 343 465 433 483 716 445 580 538 447 706 351 628 514 413 498 615 950 439 502 539 327 483 424 585 467 570 430 711 627 380 468 946 391 375 757 540 450 460 955 696 516 473 396 513 452 491 469 563 467 366 484 734 460 321 500 487 462 370 534 622 623 433 297 662 474 531 453 742 613 329 520 677 392 550 468 477 399 209 433 64 361 385 501 546 476 445 394 430 531 428 478 621 528 408 547 650 464 369 287 470 502 358 672 613 535 510 0 651 440 509 552 834 426 254 518 638 488 408 508 654 472 368 591 563 369 311 437 556 630 471 408 468 426 326 491 512 668 366 442 500 820 621 520 709 329 437 441 678 498 367 424 597 366 394 400 588 503 748 523 566 581 308 505 645 390 419 523 1082 402 408 549 624 308 532 435 696 531 494 430 511 477 535 504 625 446 391 483 520 564 317 960 656 485 345 627 581 521 479 435 817 342 539 445 591 476 453 528 367 354 371 422 560 443 521 460 693 528 322 553 484 532 340 458 569 356 499 574 509 303 468 570 577 306 415 399 616 508 439 458 623 445 383 523 604 470 331 596 536 514 433 546 518 405 685 435 583 544 746 525 583 477 43 533 562 475 429 366 471 806 451 554 28 477 868 418 644 510 546 553 630 485 482 471 532 586 440 498 497 355 972 869 751 420 437 403 520 401 456 451 396 476 483 379 591 495 419 440 578 417 994 441 586 342 571 610 527 486 493 825 555 427 450 554 541 467 489 411 595 383 447 384 605 504 542 473 595 413 519 474 559 405 385 501 543 401 335 354 525 489 441 535 613 411 497 342 618 941 563 541 579 452 395 135 484 471 470 613 665 523 547 369 642 464 528 647 483 749 279 353 502 325 482 510 575 639 422 406 600 449 480 436 634 379 522 447 555 478 897 582 564 445 438 414 673 1050 373 417 554 451 410 414 612 484 463 482
342 225 414 298 591 228 554 245 113 282 470 360 102 284 567 304 119 270 545 222 172 324 506 535 234 292 518 315 524 258 497 211 136 301 474 239 116 264 481 523 223 205 457 310 222 152 503 277 552 210 719 558 245 263 383 142 139 96 451 264 245 127 489 228 215 265 429 281 31 85 357 210 149 131 496 449 118 218 396 221 506 128 492 285 162 326 380 260 171 123 388 222 188 206 335 301 201 141 563 281 46 825 464 272 130 344 522 271 70 240 484 314 63 109 500 305 580 273 363 531 261 202 371 415 182 161 429 355 168 199 416 192 100 196 443 312 195 192 440 170 233 191 509 198 112 29 456 407 110 208 499 288 95 46 430 158 143 261 549 230 178 265 443 257 638 290 424 249 132 238 395 381 284 178 439 174 123 144 439 224 242 192 309 365 194 206 484 269 130 124 483 651 0 238 552 147 666 227 519 286 146 165 456 259 77 191 348 375 102 288 468 267 153 276 450 318 200 228 450 214 143 196 406 241 171 781 506 135 58 367 534 270 58 156 415 384 100 677 399 260 87 185 204 272 154 264 394 274 174 357 408 151 521 250 386 382 162 380 361 217 114 137 469 412 141 210 421 256 202 276 345 307 207 127 474 409 245 172 410 340 194 132 353 231 850 360 241 229 93 208 510 245 348 321 599 303 137 316 548 286 42 133 450 200 179 122 408 310 265 303 537 438 197 408 470 103 106 349 653 312 145 264 326 233 154 217 406 297 57 188 484 267 172 160 348 277 144 266 221 240 74 158 692 207 83 312 620 227 91 191 273 361 313 796 347 278 679 178 612 277 80 141 492 402 146 167 405 228 213 212 504 258 346 297 580 901 747 234 428 286 164 260 434 314 263 177 466 332 218 196 466 268 73 244 514 275 68 364 436 286 126 179 468 762 155 322 355 213 295 197 679 282 266 273 405 302 119 153 363 182 120 240 316 198 97 256 413 335 152 262 488 297 153 252 501 332 69 301 414 313 196 495 498 370 97 251 478 783 167 181 467 279 180 128 379 415 117 214 475 197 215 579 530 315 176 327 455 277 204 13 404 313 80 203 380 456 165 273 349 248 151 186 346 117 155 301 453 282 216 566 355 313 260 293 512 271 105 190 398 269
389 93 407 136 554 134 464 243 259 77 391 235 217 186 549 269 321 59 491 353 404 89 454 639 282 101 458 277 493 37 395 240 239 63 385 136 291 135 455 305 420 36 348 314 232 96 442 271 636 31 565 698 183 163 380 214 211 315 363 169 289 134 453 463 242 81 406 225 250 157 595 42 240 138 420 363 293 40 391 128 717 143 426 231 158 97 361 206 128 341 355 308 243 70 465 131 329 145 494 293 194 903 421 288 182 114 492 209 190 42 502 270 301 188 424 292 736 53 282 623 309 81 349 630 363 80 408 289 190 87 408 145 138 150 363 312 393 78 333 170 235 73 428 248 268 212 412 276 299 34 496 262 333 216 327 188 329 83 543 208 77 158 234 23 415 121 355 265 198 52 363 316 234 91 393 113 273 96 382 283 371 129 199 163 155 65 398 403 270 115 473 440 238 0 527 220 749 67 384 314 302 120 397 281 276 51 257 431 188 146 358 220 232 382 425 255 40 119 347 217 100 354 323 188 173 822 543 146 293 248 481 228 284 92 334 338 235 572 335 149 213 63 310 305 243 177 268 292 325 126 359 89 746 90 331 412 301 145 386 92 325 102 453 369 131 194 436 274 328 241 273 306 243 217 367 628 377 76 315 425 288 116 345 155 869 121 291 172 158 36 467 285 256 198 508 250 221 106 530 85 277 106 345 269 61 122 309 290 333 161 510 470 220 170 441 140 215 177 570 238 283 109 291 199 295 145 335 326 210 63 386 353 225 182 309 326 162 36 254 175 192 221 731 247 202 125 404 274 172 49 219 272 302 827 321 332 466 75 726 212 269 117 497 430 295 94 394 209 261 158 456 271 351 133 747 924 772 63 388 206 82 48 404 287 143 82 446 246 313 54 413 225 174 144 711 234 171 126 466 377 121 61 452 811 232 103 328 280 338 46 619 210 352 71 373 207 256 148 393 73 247 70 340 170 172 149 344 344 214 47 391 116 191 79 454 364 232 68 409 152 319 678 510 398 210 36 412 575 107 111 440 373 342 127 408 336 288 25 475 340 207 653 406 186 185 126 436 299 291 226 357 246 224 85 370 412 311 112 369 206 227 55 562 231 241 269 411 214 370 767 270 257 318 85 449 196 174 48 376 269
225 611 138 401 45 398 151 315 443 466 158 307 450 341 24 266 490 583 70 372 574 517 85 312 318 625 94 256 35 497 191 344 416 529 175 393 459 392 73 485 479 537 223 243 336 492 104 281 266 537 362 427 351 364 169 412 415 518 187 359 307 579 75 703 339 608 126 306 527 550 717 495 403 465 138 184 459 493 155 406 647 464 121 300 420 496 175 328 435 518 175 338 364 467 342 409 379 448 101 271 549 443 107 280 434 499 36 322 493 568 105 261 580 615 135 253 489 489 247 279 292 458 186 608 448 542 125 238 397 453 135 407 535 401 180 241 478 468 227 406 327 474 142 354 449 534 116 287 475 539 63 278 595 507 226 406 462 446 44 342 482 369 441 543 553 416 178 305 426 578 167 212 298 581 135 447 439 537 148 328 363 420 330 431 398 576 163 359 430 517 70 509 552 527 0 406 328 462 258 265 430 448 135 293 494 506 272 211 459 384 219 315 398 320 105 272 515 412 214 348 500 412 212 350 403 323 138 453 591 295 72 308 530 491 202 189 452 222 194 378 466 553 747 279 397 696 287 278 413 602 168 540 726 437 196 182 409 528 195 440 503 533 83 158 461 363 139 297 377 297 254 247 346 426 209 622 365 492 227 266 363 491 201 380 348 548 311 367 569 542 65 306 274 334 157 280 416 619 14 608 581 517 218 352 510 501 235 251 296 373 17 145 361 558 87 550 447 384 162 289 419 635 242 346 414 393 196 256 498 490 189 306 382 407 221 278 433 507 732 359 487 395 240 346 472 647 517 324 481 512 314 259 243 317 214 279 531 485 378 318 486 476 79 165 425 473 147 343 338 661 78 296 206 404 523 404 260 464 139 321 552 485 125 250 384 476 86 282 346 554 118 312 505 385 592 302 526 554 145 298 493 513 83 323 396 608 206 340 260 505 143 319 307 466 156 320 436 434 197 483 433 457 236 386 475 378 188 217 402 488 184 426 409 606 79 223 482 567 138 390 377 529 88 190 456 562 131 570 458 443 89 307 422 481 184 200 456 531 84 396 353 251 231 347 392 441 97 274 352 544 170 281 472 453 172 116 412 418 205 333 402 509 576 434 397 268 116 315 401 640 259 271 296 605 102 333 601 529 158 287
206 263 268 204 445 128 409 99 61 221 325 234 45 161 422 158 135 274 398 133 237 281 359 433 91 312 371 169 377 217 355 64 25 268 331 137 95 165 334 435 213 203 319 163 76 133 356 130 439 207 586 481 118 149 237 7 11 148 308 146 102 193 342 342 68 285 282 144 127 154 428 178 20 88 351 305 96 183 251 126 507 85 346 145 65 273 233 126 95 165 240 96 42 155 247 211 109 77 416 135 145 713 316 126 41 289 376 137 88 246 344 169 187 216 354 158 517 225 223 422 121 145 223 424 152 180 282 212 39 139 271 91 144 90 300 166 188 144 301 58 88 148 364 52 71 128 309 278 111 207 356 142 211 101 291 36 127 191 406 91 143 153 353 243 551 203 279 102 26 251 248 237 144 218 292 109 69 167 292 84 151 103 186 280 86 230 340 183 62 139 338 552 147 220 406 0 554 170 385 142 91 101 309 113 109 172 212 244 56 186 329 128 12 168 303 177 185 137 310 71 134 136 263 112 56 653 372 77 194 239 387 130 141 135 272 237 53 533 254 153 60 202 342 128 22 335 265 128 107 345 261 173 547 176 241 242 83 330 220 146 146 160 323 265 92 76 279 109 108 133 204 160 60 20 334 425 157 147 270 222 71 118 206 118 715 322 100 107 173 209 363 101 212 200 454 162 11 324 403 299 181 143 311 61 167 122 270 164 133 197 390 301 52 364 323 159 42 247 506 174 69 300 180 98 79 111 262 153 92 158 343 145 25 42 202 138 58 229 337 117 83 11 562 60 67 336 527 84 81 176 136 223 166 664 200 141 580 146 517 143 99 109 350 263 83 127 259 88 68 288 357 111 200 205 527 768 613 178 281 155 190 213 287 167 158 138 320 196 98 209 320 128 104 137 495 133 125 328 298 168 116 169 322 637 13 323 208 75 156 176 532 149 144 214 258 174 53 73 223 148 44 178 173 78 76 148 268 189 9 216 345 215 31 276 354 191 81 287 269 214 98 458 357 229 50 250 332 676 113 113 320 163 126 104 239 272 91 206 331 120 75 461 392 199 50 250 309 132 77 138 257 173 68 143 234 308 94 188 206 112 7 171 359 34 21 155 306 148 150 551 216 171 123 301 365 142 204 188 251 122
360 813 367 653 348 616 479 506 557 709 469 582 586 581 307 489 560 808 397 444 597 770 403 138 471 849 417 485 352 729 510 513 549 773 488 617 551 629 359 795 487 744 532 438 518 680 423 479 116 747 683 200 568 597 384 562 566 590 492 590 463 747 377 719 510 826 383 534 636 705 655 709 540 639 457 488 549 710 377 622 481 637 437 527 601 753 410 547 628 576 425 459 518 680 336 662 466 624 429 456 687 159 401 461 595 761 351 547 635 785 272 493 663 763 455 462 250 728 514 135 443 668 421 490 497 731 379 496 569 663 367 605 698 600 480 441 504 674 530 587 514 680 464 510 556 662 408 580 560 748 305 492 662 634 525 575 530 682 285 541 682 603 738 769 875 664 467 484 580 792 421 481 523 771 419 642 545 719 438 474 425 621 582 706 596 778 479 398 540 692 328 834 666 749 328 554 0 684 581 435 520 639 434 468 590 711 536 318 609 631 530 534 543 392 373 515 723 632 520 533 685 473 497 563 584 165 222 627 680 572 399 526 620 681 490 448 577 532 470 611 600 750 869 444 535 889 575 457 493 854 440 725 570 669 463 340 505 798 366 657 570 713 346 427 641 555 328 475 465 513 510 446 512 569 522 510 422 690 517 333 486 670 415 596 262 809 462 578 725 750 381 466 538 593 481 513 560 853 315 834 677 696 524 494 710 675 525 467 422 626 337 288 534 831 371 713 585 656 467 532 524 847 473 550 513 604 478 423 629 695 506 410 538 579 462 424 605 741 884 576 629 548 136 508 612 874 839 480 634 717 537 527 452 197 445 419 857 685 105 547 587 658 292 324 520 668 381 539 495 843 394 478 404 656 288 291 189 689 414 557 741 719 393 471 618 676 357 538 458 756 420 529 654 609 410 520 675 815 292 387 669 713 347 134 542 847 440 481 411 713 411 552 411 707 413 566 553 615 358 685 556 684 410 580 629 609 472 409 556 723 501 677 575 819 394 386 604 806 364 647 472 352 275 354 595 784 442 897 651 642 370 393 488 656 344 488 550 743 313 470 542 97 556 604 571 703 362 450 478 664 438 523 599 665 396 406 501 660 382 545 547 712 498 567 536 489 404 547 453 437 524 509 435 833 424 562 752 732 402 481
324 151 340 85 490 68 405 178 219 55 330 178 179 121 483 203 288 125 428 301 380 111 391 576 221 168 395 210 428 48 338 179 192 99 325 70 253 71 390 295 380 77 291 248 169 77 379 205 571 77 524 640 117 97 314 165 163 288 302 103 226 155 388 456 180 147 340 158 231 159 574 36 190 104 359 302 255 31 324 62 676 108 364 164 106 105 294 140 76 312 289 251 186 22 408 83 277 102 433 228 189 838 356 223 138 122 427 143 166 107 436 204 289 209 363 226 680 55 219 559 246 28 283 592 320 101 342 224 136 33 342 85 137 89 301 246 354 35 275 115 171 37 368 189 229 199 347 222 264 79 429 195 321 194 268 135 290 35 477 144 51 93 217 86 411 72 292 201 152 116 297 251 168 131 328 64 231 107 318 224 318 70 137 139 94 117 338 349 227 109 406 426 227 67 462 170 684 0 334 249 259 74 334 217 246 54 195 366 153 88 301 154 181 323 359 190 58 53 289 155 87 306 261 121 117 756 477 106 285 190 418 161 262 73 272 273 197 518 271 84 180 100 342 241 192 237 212 227 278 178 294 104 712 30 266 346 254 162 320 27 294 109 387 304 94 131 369 210 276 174 209 240 182 172 310 591 323 59 254 363 233 96 278 88 803 152 229 106 168 82 403 223 194 139 450 184 174 169 464 151 269 102 288 211 64 106 249 223 272 104 445 403 160 195 376 146 176 134 511 173 238 174 225 134 248 80 272 261 186 46 327 293 170 129 243 263 116 61 298 109 165 169 664 187 170 192 394 213 144 59 152 209 236 761 254 269 453 51 663 145 238 87 431 364 251 61 327 145 201 210 392 206 285 82 693 858 705 8 322 141 108 42 338 221 79 50 380 182 257 97 349 158 155 78 665 168 161 158 400 316 102 67 386 745 180 164 262 221 274 51 557 143 292 47 307 143 214 100 327 48 204 13 274 108 142 83 280 277 163 45 332 74 139 144 390 298 202 124 342 101 266 628 443 332 173 102 349 559 65 59 374 314 296 100 342 274 249 70 408 291 144 587 354 127 128 101 370 234 234 215 292 181 191 29 304 347 264 57 303 140 177 60 525 188 190 202 346 147 320 722 207 191 256 150 387 130 193 75 310 203
329 476 245 250 256 297 117 292 443 308 117 161 426 235 282 236 514 427 191 436 614 335 177 535 336 463 165 227 230 347 71 329 407 357 97 287 474 269 224 233 555 408 72 270 312 398 158 272 500 407 202 640 274 258 251 387 388 531 105 257 329 486 205 726 325 456 219 241 506 478 796 370 394 394 124 110 474 363 247 306 802 396 144 240 357 314 225 260 353 544 205 377 357 350 475 254 428 380 169 287 495 701 185 293 389 308 230 249 448 424 316 223 569 537 126 254 699 333 164 504 329 346 223 740 503 434 223 181 354 345 243 329 457 324 119 264 541 358 88 349 301 363 117 349 452 492 181 114 491 409 277 251 595 473 98 362 496 304 298 293 376 258 210 390 295 265 141 303 390 434 203 166 242 465 177 357 447 438 159 349 439 333 211 236 325 447 104 454 438 431 256 254 519 384 258 385 581 334 0 302 456 363 155 304 494 388 172 349 418 248 65 256 385 409 219 209 391 303 85 314 408 470 134 278 348 577 367 387 573 152 186 255 525 394 131 188 437 192 158 265 437 433 673 310 391 559 126 295 454 412 176 436 866 304 174 306 437 323 293 326 526 437 240 185 386 311 286 302 425 254 184 265 335 402 68 748 444 387 119 392 387 408 246 290 587 352 335 289 492 412 199 324 172 202 147 225 395 446 269 446 558 426 82 363 397 420 117 244 354 231 247 323 333 344 215 469 421 207 207 210 436 487 223 288 438 304 146 303 463 377 78 378 363 359 209 329 375 352 632 278 445 374 498 339 437 480 259 336 428 393 249 162 252 567 224 336 278 378 614 242 484 393 292 307 447 376 236 296 341 541 187 297 264 253 727 642 511 332 188 233 442 335 206 237 265 372 229 189 389 429 166 257 451 280 762 252 466 357 320 387 412 400 239 580 383 432 220 359 319 385 274 237 378 313 203 217 435 367 303 375 427 323 293 321 423 268 145 271 377 337 81 268 368 459 187 303 462 396 249 234 420 705 309 300 427 413 141 337 367 350 216 393 471 404 304 132 469 399 274 449 310 494 31 211 344 263 229 298 379 507 180 212 448 342 240 183 445 277 286 274 385 393 688 419 389 240 185 238 469 817 170 216 342 440 157 247 521 408 219 280
75 381 128 230 306 182 292 71 179 279 212 194 186 158 280 78 233 373 265 135 327 342 228 329 53 414 242 82 239 295 253 84 151 341 223 184 198 199 196 428 254 310 230 32 84 250 229 49 322 313 496 404 136 168 97 149 152 258 204 161 42 328 206 451 80 391 145 110 262 293 498 274 138 214 232 201 198 274 110 187 508 212 223 105 171 326 100 117 195 263 113 81 100 245 190 239 131 197 288 24 287 590 185 26 175 338 237 120 230 350 203 89 316 357 235 50 452 295 145 311 30 233 93 440 207 301 144 124 141 228 130 171 280 165 193 38 243 240 214 157 79 245 247 90 185 270 179 222 215 314 213 70 333 242 204 149 208 251 264 105 249 175 352 334 534 239 169 50 164 357 120 136 101 342 164 209 176 292 171 64 137 187 169 297 161 345 228 155 166 268 197 518 286 314 265 142 435 249 302 0 172 207 186 33 231 277 151 117 198 207 237 105 134 111 165 112 289 198 218 99 256 171 168 130 153 518 236 201 326 191 255 98 266 250 172 120 186 416 146 181 201 319 484 14 132 461 210 22 161 422 140 297 567 236 130 103 151 377 79 222 246 287 183 139 213 121 137 40 128 86 128 37 85 161 238 447 142 257 184 122 101 243 71 162 576 383 46 143 312 316 228 41 152 184 334 101 151 418 262 399 316 270 220 87 277 251 187 61 52 207 251 163 104 413 186 296 183 249 380 125 157 413 81 115 155 169 158 13 233 261 240 78 119 152 92 28 179 308 477 143 225 132 426 83 209 439 504 59 221 283 111 153 50 527 80 35 546 252 417 123 222 229 208 123 165 235 120 104 74 419 224 43 60 233 471 629 474 255 151 136 312 286 152 68 189 242 181 142 92 323 192 100 245 177 477 94 266 389 159 92 243 280 182 504 132 412 86 76 27 278 397 129 78 275 128 152 171 185 84 251 167 250 31 146 215 179 161 49 140 289 241 252 151 385 221 52 217 372 128 229 125 426 215 89 192 349 210 628 219 208 183 95 176 231 100 171 194 309 189 151 108 339 299 192 141 283 170 15 90 279 136 116 207 229 96 178 156 231 64 112 137 278 387 169 132 75 175 124 169 533 145 104 40 398 238 136 343 298 117 48
208 329 296 294 473 219 462 165 44 310 380 315 86 247 442 220 61 352 436 77 159 369 400 389 124 386 414 230 407 304 417 128 67 355 389 228 32 255 365 525 122 280 386 202 146 208 401 185 406 284 656 419 204 237 266 94 96 88 368 233 133 243 376 279 131 358 316 220 116 197 343 261 73 164 402 365 30 267 279 216 418 160 394 219 154 362 272 206 182 92 284 92 101 241 190 301 56 158 460 177 170 679 357 169 121 379 405 216 127 322 351 233 153 246 405 208 448 313 292 385 143 232 265 334 62 248 314 276 130 226 298 181 197 181 358 207 97 229 369 148 156 232 417 108 39 144 351 356 45 284 373 205 165 117 359 126 40 281 421 171 225 242 443 324 640 294 335 154 107 325 291 297 217 281 336 195 30 231 341 111 96 193 270 370 177 300 396 124 32 203 360 638 146 302 430 91 520 259 456 172 0 186 357 156 71 251 286 237 115 276 396 205 83 132 335 247 264 228 376 149 207 55 326 197 147 637 367 156 167 318 426 204 105 211 333 288 69 587 311 242 94 272 349 159 73 389 343 168 28 428 310 239 456 266 296 251 21 420 235 235 74 224 349 310 171 161 293 156 58 203 272 203 122 87 399 334 99 226 337 197 71 190 243 208 709 410 128 195 214 285 399 137 286 285 505 231 85 402 425 375 161 209 378 94 244 188 339 217 134 286 417 304 130 453 356 209 88 336 552 249 22 368 237 180 18 202 321 178 115 239 404 128 103 133 255 153 143 315 365 204 123 96 550 118 107 409 615 122 137 255 213 294 213 653 248 151 667 227 468 223 67 185 363 270 9 209 290 168 115 339 395 161 231 295 453 759 606 266 323 237 256 300 324 223 248 220 349 271 84 281 364 203 148 228 409 206 165 416 302 144 185 246 349 618 85 403 255 100 171 256 566 230 127 303 299 256 46 159 234 229 55 267 197 168 134 238 326 220 100 303 406 305 121 347 392 207 87 370 295 303 54 377 366 241 94 328 381 761 197 200 353 136 41 177 249 333 30 284 349 51 156 434 459 285 140 341 339 168 82 144 306 246 88 230 267 350 20 278 226 192 86 249 268 72 75 217 347 227 74 465 287 239 136 378 410 225 238 264 289 177
281 174 317 134 482 66 416 139 146 128 335 202 105 129 467 182 215 175 425 234 308 184 386 524 168 214 394 192 416 118 353 126 121 169 335 77 180 100 375 361 307 106 309 214 122 44 378 172 524 109 561 579 100 105 287 95 92 216 311 107 176 132 377 390 129 189 322 145 163 115 502 78 120 34 363 310 181 82 299 58 604 38 364 150 39 178 274 122 13 239 274 190 125 55 346 137 209 29 436 189 133 795 347 182 65 196 414 130 97 148 406 188 224 176 367 198 617 128 222 510 196 46 262 519 248 96 324 220 72 41 318 41 94 47 307 214 281 43 292 52 128 47 374 131 155 136 338 250 191 110 407 170 254 126 283 69 217 101 457 107 44 105 280 142 477 126 292 157 80 155 281 248 152 136 319 10 158 89 314 167 252 31 153 203 50 139 346 283 154 71 386 488 165 120 448 101 639 74 363 207 186 0 330 173 174 73 202 322 80 124 320 134 112 263 343 182 86 64 304 108 52 236 266 100 55 724 442 33 222 212 414 140 192 44 277 262 123 535 268 99 107 112 313 196 123 255 238 186 207 244 285 92 638 88 259 309 183 236 284 54 221 85 368 293 24 88 339 167 208 151 207 208 128 100 327 517 257 51 265 310 168 46 252 76 778 225 177 83 130 113 395 173 201 162 462 171 103 225 448 200 206 70 304 150 71 57 262 198 218 140 432 368 105 268 361 108 102 184 520 170 166 208 206 102 177 61 272 219 116 58 341 236 106 63 228 214 43 130 286 93 96 102 632 132 98 239 458 160 75 79 136 216 208 732 234 220 515 47 610 135 165 30 405 329 179 29 305 107 145 215 386 165 254 133 627 833 678 81 311 139 106 115 323 198 100 38 363 186 194 117 344 137 92 83 594 146 104 230 365 260 49 74 367 710 112 222 242 162 228 76 558 137 235 120 292 150 141 28 290 48 131 84 236 63 71 95 280 244 94 117 345 134 71 181 383 258 130 187 318 148 199 559 416 295 99 151 350 618 13 17 359 256 225 40 306 278 176 107 384 221 100 544 378 154 68 167 352 192 172 152 283 175 118 45 280 338 193 109 268 115 108 74 452 115 122 180 336 139 251 650 211 180 204 202 386 124 161 93 291 167
187 484 92 267 157 274 107 210 358 333 38 172 354 212 159 153 418 452 95 317 513 382 57 380 233 493 64 142 101 366 87 245 325 395 58 268 382 263 76 361 435 410 98 155 233 373 48 179 346 410 322 485 231 237 106 314 316 442 58 232 224 463 62 636 241 478 65 185 436 440 680 368 311 352 48 54 381 365 98 282 658 352 37 180 308 361 88 208 318 448 73 267 271 341 332 275 316 335 108 181 445 565 33 189 329 364 100 200 390 439 164 144 494 504 50 152 544 357 115 350 215 333 93 602 391 420 69 111 290 329 90 289 422 283 47 150 427 344 97 295 222 349 62 261 365 434 26 154 399 412 129 168 514 409 94 300 394 315 164 230 359 241 310 412 443 283 43 209 324 449 66 83 179 458 25 327 357 418 17 246 315 300 198 296 282 450 54 323 348 401 106 408 456 397 135 309 434 334 155 186 357 330 0 202 411 381 140 199 357 252 97 197 304 278 63 148 389 286 86 242 382 355 77 230 293 454 215 341 502 160 84 192 446 371 67 72 360 230 63 250 369 429 639 198 307 570 153 189 347 468 48 419 728 307 71 157 336 392 149 314 431 415 88 46 347 251 131 204 313 183 125 154 250 329 90 613 319 370 92 248 286 375 116 257 484 413 229 247 457 415 72 221 141 201 148 159 320 486 141 476 490 400 91 267 386 386 100 145 233 240 119 168 258 423 63 436 350 249 198 162 341 506 129 231 339 272 62 181 399 366 78 253 284 300 108 209 323 375 616 238 385 298 368 251 373 515 407 237 375 387 194 126 145 451 110 213 433 362 460 195 401 359 142 154 350 352 86 231 248 539 60 201 132 271 573 540 394 335 38 195 430 353 51 142 255 354 77 152 277 429 17 195 400 259 614 186 419 419 165 255 378 390 87 451 302 474 102 258 194 380 228 195 253 334 60 191 350 321 158 360 344 327 165 271 369 251 54 141 303 356 75 292 304 477 57 167 389 434 96 255 310 555 159 154 358 432 25 491 338 323 64 262 361 366 155 65 377 404 121 336 244 344 138 214 284 306 74 188 275 446 52 156 377 329 98 28 342 287 147 217 307 385 557 342 306 155 30 192 350 667 127 150 225 472 57 208 489 404 75 187
108 347 155 204 332 151 306 40 156 250 224 180 158 134 309 68 217 340 287 135 315 313 249 359 32 382 262 77 265 264 261 52 125 311 233 153 180 171 222 411 252 277 233 50 51 217 248 32 354 279 501 430 107 141 124 119 122 240 212 134 25 295 230 435 48 358 169 89 236 261 492 241 111 181 247 209 179 242 138 155 519 179 240 85 138 298 121 91 161 248 131 74 72 212 209 213 125 164 308 22 257 623 206 13 144 310 263 96 200 317 236 81 293 326 250 52 476 265 141 342 34 201 112 447 199 268 169 123 109 195 158 138 248 132 202 54 237 207 216 123 47 212 261 61 163 241 199 214 197 280 243 55 312 214 206 117 195 220 294 74 215 147 333 302 520 212 179 17 133 324 138 141 81 309 183 176 155 259 186 46 142 154 149 274 128 312 240 165 145 235 225 508 259 281 293 113 468 217 304 33 156 173 202 0 209 244 142 150 167 181 241 80 106 125 190 101 256 166 222 66 223 166 171 100 120 551 269 168 302 179 277 74 244 217 178 132 160 431 155 153 173 285 454 24 106 427 201 15 151 392 155 264 574 206 139 136 136 350 111 190 230 254 210 156 180 88 169 7 122 65 122 48 54 133 244 453 147 224 184 149 85 210 93 131 608 354 32 112 281 283 251 21 142 164 350 87 123 386 290 366 291 237 224 64 243 218 186 61 64 183 278 196 71 386 211 263 154 228 399 110 139 380 81 84 139 137 165 46 205 227 248 91 89 119 99 48 147 276 445 113 195 102 460 53 180 406 491 35 190 250 87 146 57 560 92 55 537 218 447 99 199 196 239 156 149 202 146 72 46 385 246 12 88 206 493 662 507 223 171 114 279 255 175 67 161 209 207 129 85 290 211 76 214 147 491 71 235 361 192 110 210 247 210 537 104 381 100 57 57 245 420 106 90 246 147 131 148 152 117 218 143 219 63 113 184 150 170 77 109 258 250 225 119 352 243 85 191 340 156 205 116 443 247 122 163 316 226 622 185 175 208 111 168 198 133 177 175 276 219 145 74 372 304 170 107 257 196 20 76 251 151 103 179 197 121 198 143 202 96 83 109 245 390 143 105 65 196 101 167 548 139 92 48 366 257 111 312 265 139 26
276 284 358 301 536 225 514 205 53 301 430 342 73 268 508 264 47 318 495 147 135 354 458 458 179 347 471 275 469 286 463 168 88 335 437 235 40 262 426 532 153 247 428 258 183 181 456 233 476 252 695 481 226 253 327 108 107 42 415 251 189 190 437 233 172 319 376 253 47 144 329 239 101 143 454 412 41 247 341 220 445 139 448 254 154 351 329 235 175 66 340 157 141 226 257 306 127 145 517 231 110 749 414 222 116 368 467 246 86 287 419 276 85 183 457 259 505 298 332 455 203 218 321 357 106 208 375 319 144 214 360 185 150 187 406 262 124 212 410 155 195 213 468 150 46 82 408 387 32 251 439 248 104 63 400 136 67 275 488 201 203 256 451 297 649 297 384 202 108 288 347 343 252 235 392 184 55 191 395 167 166 192 293 374 184 259 445 193 64 164 425 654 77 276 494 109 590 246 494 231 71 174 411 209 0 225 321 307 94 286 437 238 110 203 396 286 236 230 419 180 176 119 371 220 155 709 437 140 97 347 485 239 36 185 379 340 58 638 359 254 67 234 278 217 105 335 374 222 98 401 363 199 471 262 345 318 90 408 300 228 49 184 413 365 153 184 360 207 129 241 312 257 162 93 442 353 169 201 379 268 131 160 300 220 780 393 185 213 158 252 458 191 321 307 557 270 99 367 490 338 90 173 420 145 215 154 378 266 200 299 480 373 161 439 416 159 77 348 608 283 76 324 285 207 83 210 368 239 67 216 450 198 131 141 305 216 137 296 298 223 84 119 621 160 76 369 627 174 104 226 245 332 266 724 300 216 682 204 535 252 10 162 430 338 73 188 351 198 163 283 454 210 291 301 506 830 677 254 379 264 215 285 383 271 258 200 411 305 150 244 420 237 104 238 447 242 115 398 370 215 154 216 412 689 112 370 309 155 235 230 627 258 197 293 356 282 61 152 301 208 68 257 259 181 105 250 374 280 117 288 452 306 130 307 451 271 44 343 357 313 124 423 434 307 76 296 435 781 182 190 414 207 103 150 315 379 42 254 414 121 184 505 501 304 154 340 400 224 142 79 359 282 55 218 326 407 91 280 290 221 109 221 288 75 106 261 404 257 139 501 325 279 199 343 466 250 177 232 347 224
352 106 379 138 536 108 456 207 208 97 379 231 166 169 526 242 270 102 475 305 354 133 438 597 241 141 443 251 472 67 390 198 189 111 376 113 240 122 433 339 369 33 343 281 193 44 427 238 597 36 577 652 155 144 351 166 162 265 353 149 248 103 432 418 201 116 382 199 200 114 546 21 191 88 408 352 241 29 363 99 666 92 412 205 112 136 334 178 84 290 332 263 198 40 418 137 280 96 482 258 148 867 401 251 133 154 471 184 139 75 472 245 254 157 412 262 689 83 267 583 268 48 323 579 312 47 384 270 145 52 381 106 93 112 351 280 342 38 327 125 197 32 418 204 217 164 392 275 248 37 469 232 286 166 320 142 278 86 518 173 29 140 263 73 452 125 340 227 149 81 339 298 208 79 373 69 222 56 365 240 323 91 187 186 116 70 388 355 220 67 447 472 191 51 506 172 711 54 388 277 251 73 381 244 225 0 244 393 137 141 354 192 184 336 402 234 13 95 341 178 49 304 310 158 128 791 510 96 247 242 465 199 234 41 321 317 184 570 318 132 162 48 289 267 194 191 265 256 275 177 339 52 695 84 311 378 251 189 352 67 274 59 429 348 81 156 405 237 279 212 255 274 200 167 362 576 329 25 305 383 241 65 316 126 842 170 249 141 120 40 449 245 243 191 502 226 172 152 507 127 231 59 339 224 12 72 300 260 291 157 489 437 177 217 419 98 164 187 562 219 233 136 265 166 245 114 320 289 159 16 379 309 179 136 285 287 114 75 244 147 141 174 700 205 151 165 438 232 121 6 192 258 272 798 294 292 498 27 683 187 218 66 469 397 245 45 367 174 218 159 439 234 319 136 699 897 743 57 367 186 55 71 381 259 128 35 422 230 267 48 396 196 124 122 661 206 123 174 433 333 71 14 428 779 184 151 302 236 300 5 606 187 308 89 350 191 205 101 359 26 196 65 305 131 121 130 328 311 166 72 384 125 143 109 436 328 181 119 381 155 270 628 481 363 158 78 398 606 61 69 417 329 291 76 374 323 237 34 447 291 169 615 407 179 141 148 412 262 245 179 337 225 173 52 342 392 261 111 336 175 179 6 511 180 193 241 391 190 320 716 255 234 277 129 435 173 142 23 351 234
205 346 170 128 298 139 215 122 271 193 136 47 254 75 295 74 342 312 234 277 444 246 197 453 171 353 201 69 238 225 151 158 234 256 133 132 302 123 203 279 392 272 109 125 141 242 185 109 433 271 374 542 105 100 153 214 216 359 110 96 166 332 198 554 155 338 160 69 335 316 629 230 222 229 165 109 303 226 159 148 659 230 169 67 188 225 126 88 190 373 112 215 185 204 340 137 264 214 239 130 329 680 165 134 219 230 237 78 279 299 268 62 397 378 169 101 594 217 25 429 172 197 116 588 337 286 163 40 182 194 170 163 296 158 107 119 375 208 91 179 130 214 174 178 280 323 156 72 319 274 250 86 422 303 82 191 326 175 294 121 225 103 209 271 384 143 98 137 219 309 118 61 70 322 138 197 275 285 126 183 283 171 58 170 158 311 145 304 266 272 226 368 348 257 272 212 536 195 172 151 286 202 140 142 321 244 0 240 247 112 119 84 212 262 176 40 251 150 103 141 251 306 67 108 177 582 316 220 401 41 223 83 353 239 78 90 265 334 79 112 266 292 515 155 219 431 60 137 287 332 106 286 715 167 78 204 268 263 181 177 354 283 205 118 222 139 209 138 262 83 27 117 164 230 126 594 289 236 63 265 220 248 126 126 619 280 173 121 332 277 211 162 1 62 260 56 223 346 277 336 387 270 103 194 250 259 61 91 202 100 256 249 161 296 189 310 249 120 320 38 265 366 74 116 269 141 78 157 292 230 139 228 190 188 77 179 206 235 484 111 275 202 492 168 266 375 353 170 260 250 77 15 105 582 95 186 396 228 540 71 311 232 256 216 278 220 156 124 172 402 200 132 142 132 616 675 526 196 136 64 295 213 154 84 116 220 196 17 226 291 156 85 283 123 627 81 300 286 245 243 251 254 205 575 210 336 98 192 175 242 363 67 228 194 127 53 263 200 191 225 254 188 155 151 254 114 86 142 204 216 143 154 196 337 197 175 290 294 173 118 255 576 271 192 255 292 155 481 208 191 188 246 305 241 201 79 298 265 233 285 138 441 181 75 172 172 188 142 213 337 105 40 276 193 140 157 277 147 167 101 213 249 532 246 217 77 157 67 309 684 13 49 186 333 192 79 363 267 135 116
42 496 107 341 256 299 298 188 262 394 236 287 282 269 216 179 293 490 241 168 367 457 214 216 156 531 232 177 197 412 285 197 245 457 254 300 269 314 163 518 269 427 281 124 200 364 224 163 205 429 520 303 252 282 99 252 255 322 244 275 147 437 182 498 193 508 136 221 347 398 506 391 234 325 244 239 267 392 103 304 459 323 227 215 285 440 126 232 310 318 146 154 205 362 137 351 182 309 273 139 386 474 179 143 283 450 195 233 330 467 116 186 390 460 245 149 357 412 224 195 126 350 131 408 243 415 132 203 253 345 110 287 388 282 230 128 270 357 270 271 196 362 258 196 264 364 179 300 282 430 148 179 400 336 262 260 262 366 191 223 365 289 449 452 616 352 208 166 269 474 147 198 210 456 175 325 254 405 192 161 156 303 275 403 278 461 253 149 246 379 144 591 375 431 211 244 318 366 349 117 237 322 199 150 307 393 240 0 301 319 285 218 234 112 145 209 405 314 267 215 369 208 225 246 267 409 131 313 404 280 233 211 342 365 224 167 277 410 197 296 298 434 579 127 228 574 292 139 215 538 173 410 531 352 183 43 217 489 60 339 305 399 143 164 326 237 77 157 179 198 213 133 196 261 281 420 157 373 246 55 182 356 115 278 474 497 147 260 418 433 203 149 241 288 329 203 251 535 202 516 397 382 271 183 392 362 252 156 112 316 201 69 217 524 161 403 280 353 359 226 232 529 168 232 224 286 208 105 329 377 274 109 225 264 164 108 291 424 581 259 325 236 318 192 308 556 583 164 326 399 223 236 141 421 146 104 618 368 304 234 301 342 134 49 234 351 114 222 180 530 206 160 98 344 382 526 371 372 162 246 426 402 149 162 304 358 148 237 158 439 196 214 348 293 414 205 369 503 68 94 355 396 142 392 232 529 144 170 94 395 354 239 110 391 146 258 256 299 49 368 256 367 93 262 320 294 207 99 245 406 273 365 261 502 203 70 307 489 104 338 183 356 133 50 290 466 221 686 334 325 158 102 220 342 45 222 266 425 127 195 224 222 336 298 254 394 141 132 173 370 170 216 300 347 111 177 218 345 73 228 238 394 370 264 228 177 174 234 194 468 230 202 121 516 233 249 448 414 130 164
262 216 322 208 497 133 453 147 71 207 369 260 29 184 476 204 136 237 448 177 229 261 409 485 147 271 420 215 430 194 396 116 60 244 373 144 103 171 387 439 232 165 356 216 124 93 404 180 493 169 619 527 144 165 291 49 46 136 350 165 158 139 393 317 120 243 334 180 90 98 423 149 68 51 396 347 104 156 304 127 529 46 393 183 63 257 285 159 81 160 291 150 98 133 294 213 152 51 464 188 90 767 367 179 28 275 428 169 34 207 400 214 153 160 399 208 560 206 262 475 177 125 275 442 175 134 335 254 67 120 325 95 90 98 343 218 205 120 338 69 135 121 409 107 79 78 359 306 112 169 410 189 181 56 329 57 140 181 461 129 112 168 358 211 555 203 324 154 34 210 298 280 183 169 341 89 85 118 340 140 196 99 210 280 95 185 383 228 84 89 392 563 102 188 459 56 609 153 418 198 115 80 357 167 94 137 247 301 0 194 366 165 67 219 355 217 150 137 349 115 92 169 304 140 70 709 429 46 155 267 437 169 115 97 314 285 47 576 299 164 27 158 288 184 74 283 294 182 140 315 309 125 560 167 287 299 118 315 276 134 142 111 377 314 60 109 335 162 152 175 244 212 113 40 372 440 201 112 308 276 123 75 259 132 772 301 156 129 117 170 414 157 247 222 498 202 49 287 457 260 141 95 349 117 129 74 307 213 189 208 444 358 99 346 375 104 28 257 553 210 99 255 227 131 111 120 306 209 45 126 383 199 78 59 249 195 45 205 281 140 29 66 619 114 20 294 534 140 26 140 171 259 217 721 250 197 591 114 568 176 85 71 405 319 109 97 313 127 124 235 407 163 255 208 567 825 669 161 331 185 142 193 338 215 168 109 373 230 150 166 368 166 47 148 524 174 69 307 355 222 70 131 376 693 68 288 258 131 212 142 582 181 198 199 309 201 69 58 279 117 61 163 228 97 21 160 313 244 58 195 386 212 52 233 404 247 51 256 323 221 143 492 413 285 21 213 379 691 88 96 373 216 156 62 295 314 99 170 386 158 114 517 428 217 75 246 362 186 131 91 306 211 39 124 287 358 126 186 262 146 62 134 375 46 73 201 356 180 186 579 253 212 180 263 413 170 147 149 303 173
279 237 273 23 410 61 318 143 245 82 245 90 213 51 407 142 320 200 345 296 419 140 309 535 197 241 312 146 350 113 250 162 211 146 239 51 280 24 314 250 396 164 203 195 146 152 296 158 522 163 441 611 78 42 250 184 183 328 217 48 199 239 309 511 162 226 267 99 283 234 612 124 203 157 274 217 281 118 259 67 684 160 280 105 132 122 226 90 117 348 217 237 181 103 389 32 277 147 348 184 257 780 277 182 170 131 349 87 219 188 371 138 346 290 278 170 657 105 138 514 215 99 215 605 336 186 270 147 147 98 274 100 212 98 217 192 373 111 188 131 142 115 282 180 255 260 268 135 295 166 358 141 375 247 181 152 313 63 404 115 129 36 168 159 365 33 210 167 178 198 224 172 109 219 250 115 255 190 238 205 309 97 54 96 102 204 252 337 247 185 334 369 288 146 384 186 631 88 248 207 276 124 252 181 286 141 112 319 194 0 214 102 192 303 285 118 145 60 202 136 162 313 177 86 132 689 416 153 345 102 335 110 310 148 188 198 229 430 191 33 220 187 426 204 203 322 125 187 287 224 217 189 729 58 188 292 264 170 265 79 329 190 314 227 148 116 307 175 274 122 131 187 168 196 223 607 315 140 169 329 228 164 216 68 730 178 204 81 247 169 323 194 111 52 363 118 194 235 388 224 330 180 200 202 150 177 163 164 245 17 368 344 150 205 300 223 209 62 424 100 253 255 159 104 261 76 190 218 237 130 240 270 174 146 173 229 149 123 385 75 216 179 598 173 215 263 342 192 197 147 97 126 179 691 188 236 397 131 623 85 276 151 362 307 267 130 259 118 184 297 312 169 227 25 674 786 635 87 246 74 195 101 264 160 27 126 306 102 246 185 269 107 215 48 664 114 227 184 341 291 170 153 313 681 191 225 194 208 234 138 472 80 269 82 234 66 238 137 275 128 228 78 226 108 192 38 198 222 177 104 245 46 158 226 309 250 245 183 275 28 266 620 376 278 210 180 266 497 124 108 299 290 307 163 288 190 276 156 339 294 126 534 266 40 136 76 297 193 226 275 215 110 232 95 238 269 275 35 249 99 190 146 542 214 201 143 268 85 323 721 125 123 228 220 303 71 274 162 239 160
263 450 183 222 227 255 107 233 386 285 62 123 371 191 243 175 454 407 158 372 554 323 133 476 274 445 126 166 186 322 38 270 350 341 43 246 415 232 171 267 491 378 11 205 254 357 115 211 444 377 260 579 224 215 186 332 333 474 41 212 266 448 155 669 266 435 158 187 453 434 733 338 337 348 81 46 415 332 183 264 736 349 98 184 308 302 160 207 308 485 140 314 298 315 410 228 365 333 147 223 448 658 130 230 338 300 186 197 398 399 261 163 515 496 84 190 637 311 106 447 265 309 158 674 441 398 162 120 300 307 181 282 414 277 55 199 478 321 28 299 243 326 81 290 395 443 123 83 432 380 225 191 540 422 38 310 435 275 254 239 338 217 225 368 345 237 77 242 337 410 138 101 185 433 117 314 389 400 97 287 375 288 168 228 277 418 55 389 379 389 202 311 468 358 219 329 530 301 65 237 396 320 97 241 437 354 119 285 366 214 0 201 328 344 160 151 359 263 20 258 367 407 70 227 297 541 312 339 520 112 151 199 470 355 66 122 381 217 93 225 384 401 633 247 333 535 90 232 392 406 112 400 801 272 109 242 376 322 228 289 467 399 185 121 340 258 224 240 362 196 125 201 276 347 11 683 379 349 59 327 326 365 180 244 561 347 272 241 450 383 155 262 120 163 150 167 340 433 228 429 506 386 18 302 362 377 59 181 289 198 205 263 277 349 160 427 367 188 212 156 376 465 160 235 378 259 81 238 411 341 31 314 306 307 145 265 325 330 597 230 394 318 458 280 385 465 310 274 379 360 195 107 188 535 159 271 337 341 557 190 427 350 239 244 387 336 173 241 281 511 141 235 199 225 664 617 478 301 126 183 407 310 145 174 227 334 174 136 326 399 111 201 403 238 697 196 420 353 260 322 369 365 184 541 326 419 154 297 254 351 267 186 314 289 139 170 377 319 238 338 370 292 227 271 373 227 80 205 321 313 37 244 315 436 141 237 408 381 186 207 358 640 256 236 373 390 90 402 325 308 161 327 409 359 240 66 411 370 219 386 255 441 63 174 291 247 171 234 317 456 115 156 394 305 175 126 384 247 221 220 329 359 624 363 332 179 128 186 406 752 113 158 278 423 117 198 480 376 155 219
178 298 188 125 348 86 288 45 188 176 205 110 170 54 335 50 260 279 291 206 361 238 252 433 101 321 261 59 282 196 230 77 151 239 208 84 219 95 242 334 316 224 191 96 59 177 245 56 423 225 458 509 37 64 160 131 132 276 184 57 100 266 243 470 74 301 190 15 252 243 548 184 139 155 233 182 220 183 171 93 594 155 232 18 111 222 143 14 121 290 140 144 104 155 289 134 190 138 304 81 251 686 213 80 137 233 281 16 198 259 282 54 314 307 236 73 555 194 97 413 114 145 131 519 259 227 192 89 99 140 189 93 225 86 178 93 297 154 173 100 50 160 245 98 197 243 204 151 236 227 278 42 339 221 164 108 245 149 326 37 167 70 255 239 445 134 161 68 136 268 148 117 18 266 186 132 192 222 180 111 216 105 70 194 85 262 218 242 183 204 255 437 267 220 315 128 534 154 256 105 205 134 197 80 238 192 84 218 165 102 201 0 129 205 211 52 202 101 184 58 186 230 139 35 97 602 324 145 319 113 280 8 269 176 149 128 181 411 136 78 183 239 443 102 136 382 138 84 209 320 152 225 646 136 126 194 189 272 168 129 271 219 237 159 150 57 216 74 188 21 78 87 84 146 207 524 222 177 143 226 143 179 125 66 651 278 106 52 260 230 261 96 84 86 334 38 139 321 316 305 305 203 184 116 195 189 142 69 144 103 299 250 77 308 228 239 166 148 390 46 183 326 73 35 188 78 142 116 210 176 218 170 107 107 94 127 127 208 419 45 194 118 511 88 184 345 417 97 181 198 8 95 83 607 102 134 466 170 521 20 227 163 278 211 196 158 175 40 95 346 252 68 131 128 573 706 552 158 177 35 237 186 190 68 85 161 231 67 155 240 211 5 205 76 569 14 224 285 246 190 181 199 236 591 127 314 110 117 132 192 425 27 170 173 159 53 179 124 176 169 171 152 125 74 175 76 149 125 120 189 221 147 114 297 249 149 206 272 190 125 180 523 290 180 172 256 217 557 143 128 226 191 228 169 190 149 215 220 256 210 54 437 264 91 91 178 220 91 138 256 149 46 193 140 151 204 198 127 151 20 129 195 460 163 134 49 203 23 236 626 88 48 128 303 254 31 292 215 159 57
196 275 261 211 438 136 406 96 59 230 322 236 52 165 414 155 132 286 392 122 233 291 354 421 82 324 366 166 371 228 353 59 22 279 328 144 91 172 328 442 204 215 318 156 74 144 351 125 427 219 586 470 122 154 230 19 23 147 306 151 93 204 336 342 64 297 275 144 131 165 424 190 11 100 347 303 92 194 243 134 498 96 342 145 75 282 227 128 105 162 235 85 34 166 235 218 97 88 411 128 154 701 311 119 53 298 369 138 97 258 335 167 190 226 350 153 505 235 222 410 111 155 218 415 144 192 275 210 47 150 263 100 156 98 297 159 181 155 300 67 85 159 360 44 68 136 304 280 108 219 347 139 212 108 290 45 121 200 397 93 155 159 360 254 557 211 276 96 37 263 243 234 143 230 287 120 65 178 288 74 140 112 189 287 94 242 337 172 56 150 330 556 153 232 398 12 543 181 385 134 83 112 304 106 110 184 212 234 67 192 328 129 0 156 296 176 197 146 309 71 146 126 261 115 65 642 362 89 198 240 382 129 143 147 270 233 56 530 251 159 67 214 351 120 11 347 267 121 98 356 257 185 539 185 237 233 74 339 211 156 143 172 316 260 104 79 271 102 96 132 203 154 54 28 332 416 145 159 269 210 59 130 199 125 706 333 90 112 184 221 357 93 213 204 450 160 18 336 395 311 186 155 310 51 178 133 269 159 122 202 383 292 52 373 317 170 49 253 502 175 61 312 177 100 70 118 259 145 99 169 340 133 22 52 198 128 70 240 347 121 92 13 552 53 75 348 533 75 92 188 136 223 161 654 195 131 585 157 505 145 99 121 341 253 75 139 252 89 60 300 351 105 193 212 515 758 603 189 275 158 202 223 281 163 165 150 313 196 86 221 315 128 114 144 484 133 135 339 289 156 128 181 315 626 2 334 203 64 146 187 526 151 132 223 252 176 50 84 214 159 42 188 164 85 86 155 265 182 18 226 343 223 42 288 348 182 85 299 261 220 87 447 348 220 58 262 328 680 124 123 314 151 117 116 230 270 87 218 323 110 76 450 391 203 57 258 302 124 65 145 253 173 73 153 227 303 84 196 198 113 5 182 351 37 10 152 301 149 140 541 215 170 113 313 360 145 214 200 245 117
96 431 197 326 364 264 384 161 165 364 310 304 195 258 327 188 182 438 340 57 255 428 308 266 106 477 325 193 302 372 355 146 158 421 325 268 163 290 263 536 161 369 337 141 159 299 314 155 277 372 598 317 226 262 173 175 178 213 308 256 105 357 279 385 145 451 222 214 246 314 404 340 151 255 326 304 162 343 184 266 397 252 312 210 224 415 191 214 254 206 209 73 139 313 86 335 75 243 369 132 294 551 267 129 209 429 300 220 243 411 229 200 283 371 327 162 357 376 256 258 92 302 189 330 131 348 220 235 191 296 200 238 309 234 295 147 159 304 323 212 162 309 340 134 164 270 264 333 175 373 258 178 290 242 313 195 152 334 303 189 307 268 459 404 644 332 271 137 193 417 214 244 206 386 254 269 154 334 266 101 44 254 274 398 230 398 327 46 148 306 251 630 276 382 320 168 392 323 409 111 132 263 278 125 203 336 262 112 219 303 344 205 156 0 238 222 349 278 325 172 302 96 276 218 209 506 239 244 298 301 331 199 236 301 278 223 185 504 252 273 208 370 480 107 146 502 321 125 106 501 239 340 458 319 236 138 114 470 132 296 195 327 245 234 259 195 181 131 74 190 239 147 141 179 344 339 45 313 293 65 97 286 166 245 578 470 100 227 333 375 301 109 263 289 421 210 171 487 312 463 292 311 328 113 332 289 297 172 61 306 308 181 164 505 257 322 194 353 459 233 132 468 191 200 122 247 263 107 237 321 343 34 157 200 201 83 224 384 491 231 238 163 419 136 220 502 614 113 244 341 212 264 160 522 186 76 657 310 350 224 198 276 245 154 130 291 196 187 123 453 301 137 148 328 372 628 475 330 240 239 357 364 234 179 281 301 247 252 70 376 280 200 263 264 366 196 283 476 180 23 283 335 244 486 155 484 190 102 90 339 461 231 35 359 218 256 161 236 127 311 164 328 117 215 239 269 265 140 171 368 343 345 193 443 298 111 212 446 195 328 80 318 245 133 203 414 302 739 276 271 254 17 109 272 137 278 161 370 235 84 182 303 404 295 197 378 238 120 92 273 234 226 207 298 180 262 112 320 131 204 160 336 280 175 147 185 259 226 82 423 256 214 77 465 323 235 360 354 204 150
142 508 42 304 142 295 153 210 344 367 102 217 348 240 125 161 396 482 102 285 486 422 70 316 217 524 88 152 75 397 149 240 315 431 121 290 363 291 32 421 399 433 160 140 232 387 79 176 283 434 376 422 247 262 69 309 312 422 120 256 207 474 41 612 235 507 21 203 427 446 642 392 301 360 102 116 362 390 57 303 604 359 83 196 315 402 71 224 330 425 70 243 262 364 282 312 288 343 131 168 446 509 35 177 330 406 73 218 389 466 101 157 481 510 102 148 481 390 151 286 194 354 82 553 361 437 21 139 292 350 39 302 430 296 108 137 394 364 157 301 222 370 115 252 350 431 38 208 379 436 74 173 498 404 152 301 370 346 118 237 378 267 366 442 505 318 94 202 322 475 63 115 194 477 45 342 341 432 65 229 279 315 232 343 293 472 116 282 332 412 50 471 450 425 105 303 373 359 219 165 335 343 63 190 396 402 176 145 355 285 160 211 296 238 0 170 412 309 148 243 395 325 125 245 298 406 153 348 491 205 93 204 432 386 118 87 350 266 100 276 363 449 643 179 296 592 204 176 321 508 71 435 677 336 98 105 314 438 106 337 409 428 29 59 356 258 71 194 285 192 154 143 243 323 154 565 282 388 145 198 266 386 97 276 444 456 211 262 464 439 64 205 177 238 185 176 313 520 105 508 480 412 152 252 406 396 152 146 203 275 89 105 257 470 20 445 344 294 221 187 322 533 137 241 318 289 107 157 395 386 141 218 279 302 117 182 328 407 627 255 384 292 317 243 369 547 470 223 377 408 210 164 139 406 109 185 496 381 397 215 387 371 83 97 329 368 45 238 236 557 63 193 105 307 511 500 350 362 42 219 447 385 22 145 282 372 20 183 252 450 54 207 401 282 557 197 422 462 102 216 388 409 28 400 294 510 101 241 165 402 231 216 219 367 52 220 336 329 112 379 332 355 138 281 370 276 100 116 299 388 138 329 305 504 60 131 381 469 44 294 285 497 99 106 353 461 80 554 353 338 18 223 332 376 105 116 359 428 60 306 248 282 200 251 288 348 12 173 255 441 71 179 370 350 70 36 318 319 111 229 299 405 512 333 295 163 33 212 316 610 163 168 200 505 87 230 496 425 53 183
172 339 154 139 302 127 237 83 235 200 154 82 220 70 294 35 305 313 243 236 405 258 204 425 131 355 211 32 239 227 179 120 198 264 156 121 265 122 200 316 352 264 142 89 103 225 195 69 408 265 410 509 83 92 132 180 182 323 133 86 126 315 198 518 116 337 151 38 302 293 589 223 186 206 182 131 265 220 140 135 619 206 182 34 162 239 108 61 170 335 100 174 148 195 302 148 224 189 253 90 302 662 167 94 189 246 237 52 250 296 252 24 364 357 185 63 560 222 46 402 132 186 97 548 297 272 153 38 150 182 155 141 275 135 126 84 335 197 124 151 92 202 194 140 244 294 158 113 282 267 241 46 388 272 114 160 287 177 288 88 212 98 242 272 422 152 110 96 187 306 107 66 34 311 139 179 238 269 132 143 243 152 67 194 134 304 167 264 229 253 218 408 318 255 272 177 515 190 209 112 247 182 148 101 286 234 40 209 217 118 151 52 176 222 170 0 243 140 133 106 234 265 87 83 149 571 298 196 369 79 232 48 319 223 97 83 230 359 86 107 233 282 494 115 182 424 100 97 247 343 105 271 675 166 78 177 229 283 152 168 317 267 198 114 200 108 189 98 221 45 27 80 126 196 156 554 248 222 93 230 180 228 99 109 614 295 132 99 311 270 215 121 41 79 282 16 188 351 274 338 356 252 134 155 239 239 93 54 162 111 256 227 125 317 186 289 216 144 339 18 227 364 42 86 230 123 90 119 261 219 166 188 155 158 55 140 179 238 468 90 245 167 480 130 235 378 392 130 232 240 47 47 69 574 70 147 436 215 512 47 276 212 244 191 239 204 141 91 133 391 205 92 112 142 581 670 518 193 133 49 282 216 148 48 113 206 190 29 186 282 163 51 256 113 589 44 275 301 223 204 231 242 197 562 174 342 76 152 137 233 376 47 188 199 118 52 226 175 162 213 218 185 120 125 226 106 98 110 170 219 169 164 165 334 202 141 257 300 157 132 215 538 258 164 223 291 167 521 190 174 184 207 265 219 173 98 260 259 221 244 104 418 215 90 142 188 180 102 173 308 103 9 243 182 120 158 238 151 137 71 177 238 491 212 181 38 157 44 268 645 40 9 146 335 204 61 342 257 121 75
364 96 390 141 545 117 463 218 221 95 387 236 179 177 536 252 282 89 484 318 365 125 446 610 253 128 451 261 482 61 395 211 202 101 382 122 252 128 442 334 382 22 349 292 205 56 435 249 609 24 579 665 165 152 362 179 175 276 360 157 260 104 441 426 213 103 391 209 210 120 556 22 204 100 416 359 254 28 373 109 678 105 420 215 125 129 345 189 96 301 341 276 211 48 431 139 293 109 490 269 156 879 410 263 146 147 480 193 151 62 483 255 263 159 420 273 702 77 275 595 281 57 333 591 324 48 393 278 158 62 391 118 101 124 358 291 354 49 333 138 209 44 425 217 229 173 401 280 260 25 480 243 295 177 326 155 290 88 528 185 42 148 260 61 447 127 348 239 162 69 349 307 218 74 382 81 235 61 373 253 336 102 194 184 128 61 395 368 232 76 457 468 200 40 515 185 723 58 391 289 264 86 389 256 236 13 251 405 150 145 359 202 197 349 412 243 0 103 347 190 60 316 318 168 141 803 522 109 255 248 473 210 245 53 329 326 196 575 326 139 174 42 288 279 207 181 270 268 287 165 348 55 707 88 320 390 264 181 363 75 286 65 439 357 93 168 416 249 292 222 264 285 213 180 368 588 342 38 312 396 254 77 326 136 853 160 262 151 124 28 458 257 250 196 508 235 185 139 517 114 239 67 345 237 22 82 307 271 304 162 498 448 190 208 429 104 177 189 569 227 246 125 275 177 258 124 328 301 170 29 385 322 192 149 295 299 127 67 241 157 152 187 711 217 163 153 433 245 132 10 202 266 283 809 304 304 494 39 696 197 229 79 480 408 258 58 377 185 230 152 447 246 331 139 712 908 754 59 376 194 53 67 391 270 135 48 432 238 280 40 404 206 134 131 673 216 132 164 444 346 82 21 438 790 197 139 312 248 312 10 614 196 321 87 359 198 218 114 370 38 209 68 316 143 133 138 336 322 179 67 390 126 156 97 445 340 193 107 392 158 283 641 492 375 171 65 405 603 74 81 427 342 304 88 386 330 249 21 458 304 181 627 411 185 154 146 421 274 258 188 346 234 185 62 353 401 273 114 347 186 192 16 523 193 206 251 400 200 333 729 263 244 289 116 443 182 144 17 361 246
273 199 288 71 442 15 364 127 193 87 285 142 158 75 433 150 267 178 381 261 364 150 343 526 173 220 348 158 378 98 298 132 162 145 282 18 229 36 339 303 350 125 253 195 120 95 332 153 520 126 499 593 64 49 261 134 133 272 259 54 177 185 338 453 133 200 289 106 224 175 558 84 156 98 314 259 230 82 272 12 643 101 318 113 77 139 243 87 57 294 238 206 144 56 363 76 238 88 388 176 197 785 307 171 115 153 377 91 160 158 383 152 286 234 318 173 635 99 173 508 196 47 231 561 290 136 291 175 99 44 290 47 154 48 257 193 325 59 236 80 120 64 324 145 204 200 298 189 242 127 378 143 316 188 228 102 263 57 426 93 76 47 221 138 419 67 245 150 125 167 246 203 116 173 279 55 204 137 270 177 276 38 95 144 52 164 295 306 198 128 355 426 228 119 412 137 632 53 303 198 228 64 286 166 230 95 150 314 137 60 263 101 146 278 309 140 103 0 249 106 105 271 216 69 81 703 424 94 286 153 370 109 252 92 227 223 175 480 223 38 163 143 371 190 157 285 178 176 244 226 245 137 684 41 217 294 220 195 267 29 275 136 336 254 88 83 317 159 237 122 161 187 136 144 271 562 282 87 212 314 192 106 226 36 751 192 181 54 189 131 354 173 149 101 409 132 143 221 414 204 270 124 248 168 101 118 208 171 224 76 395 351 115 230 325 166 154 121 469 124 206 225 173 83 216 31 225 210 178 80 287 246 131 95 192 213 93 110 335 56 157 133 612 142 157 244 398 166 137 101 100 164 183 708 202 220 454 78 613 94 220 91 379 312 220 73 275 94 154 253 344 155 232 71 649 806 653 57 272 91 146 88 287 169 37 71 329 135 214 143 301 106 155 27 628 115 167 199 347 269 110 104 335 692 145 215 210 177 223 94 512 93 245 81 256 96 187 79 275 75 177 52 222 64 133 36 233 225 129 92 291 78 107 196 341 246 188 174 290 85 227 588 391 279 154 155 303 556 64 48 324 267 263 103 290 228 225 120 356 254 96 535 319 92 89 112 319 183 191 215 242 131 175 43 252 298 230 51 251 87 143 99 496 162 155 150 297 96 283 685 161 140 208 202 340 79 218 118 258 151
245 439 167 212 226 240 116 214 367 276 55 112 353 176 238 156 435 398 157 353 535 317 129 461 254 437 124 146 181 313 49 251 331 334 41 232 396 219 161 275 472 366 13 186 235 343 111 191 431 366 280 564 208 201 169 313 315 455 28 197 246 433 146 650 247 425 143 169 435 418 714 325 318 332 80 32 396 320 166 249 718 333 94 166 291 296 142 190 293 466 122 295 279 302 391 218 346 316 151 204 431 650 119 210 320 295 180 180 381 389 249 144 497 480 84 171 621 301 87 433 245 296 139 655 421 385 147 100 283 293 165 266 399 260 40 180 458 307 15 281 224 313 84 271 376 425 112 77 413 368 215 172 521 404 21 292 416 264 247 221 325 203 228 358 358 227 59 222 319 400 121 82 167 420 103 299 370 386 83 267 355 273 154 224 260 406 55 370 360 374 192 326 450 347 214 310 520 289 85 218 376 304 86 222 419 341 103 267 349 202 20 184 309 325 148 133 347 249 0 239 353 387 50 210 279 536 300 323 502 100 149 181 451 340 46 103 363 231 74 211 366 389 618 227 314 524 82 212 372 401 94 386 782 260 89 225 357 319 210 275 447 384 173 104 325 240 209 221 343 178 106 181 257 329 23 663 360 336 40 308 306 350 161 229 559 343 253 224 434 371 149 242 103 151 161 149 321 425 222 420 488 371 4 283 349 362 42 161 270 187 199 248 258 347 149 412 349 181 222 139 357 455 140 217 358 244 62 218 393 328 38 294 287 290 125 245 308 320 584 214 377 300 451 260 367 457 323 255 362 347 177 90 169 531 139 251 352 327 544 173 409 334 228 228 368 321 157 223 261 499 136 215 180 215 648 615 474 289 111 166 394 301 131 155 213 320 163 119 306 387 101 183 386 224 678 177 403 349 245 303 354 352 173 535 307 413 135 277 235 339 274 169 294 279 122 155 358 303 220 324 351 281 208 254 356 213 61 186 303 303 43 235 297 426 135 219 390 373 170 197 338 622 245 218 355 380 83 419 310 293 150 308 389 344 223 47 391 358 207 366 237 429 83 162 274 241 159 214 297 439 98 138 376 291 157 114 365 236 203 202 310 346 604 345 313 159 116 169 386 734 96 139 258 415 115 182 465 363 138 199
174 282 213 157 385 92 339 33 130 193 255 166 115 99 366 89 202 276 333 161 304 256 295 422 67 317 305 101 318 202 284 26 93 251 260 97 162 120 275 381 264 212 248 108 15 151 289 67 419 214 515 486 58 94 183 74 76 218 237 89 72 233 280 413 27 293 222 73 197 202 492 176 81 118 282 235 162 178 195 95 549 117 279 74 73 243 173 58 96 233 177 102 48 148 257 166 141 101 350 82 204 689 253 75 88 257 316 68 148 252 299 100 258 267 285 95 529 205 152 406 92 136 162 471 205 203 223 141 49 130 215 72 187 67 229 109 243 142 230 59 21 147 295 45 139 192 245 209 178 215 303 74 282 168 220 58 188 163 353 23 150 100 300 239 495 161 210 49 82 259 185 167 72 243 227 110 135 194 225 71 174 88 122 232 63 246 270 203 126 171 283 491 214 217 348 71 533 155 314 99 149 108 242 66 180 178 141 215 115 136 258 58 71 172 243 106 190 106 239 0 158 179 192 51 56 616 334 106 264 170 323 58 212 151 201 171 124 463 185 103 128 220 400 89 78 362 196 79 155 331 195 199 596 147 172 202 134 298 176 127 213 190 267 199 116 24 232 59 139 62 133 102 32 90 262 474 180 158 199 209 93 146 148 74 672 298 75 56 221 218 300 68 141 137 384 90 82 323 347 302 251 173 240 66 178 155 198 99 118 142 332 261 20 333 263 202 110 192 439 103 127 314 113 33 132 76 192 112 157 162 272 140 49 59 135 109 85 215 384 61 143 61 525 38 131 341 469 59 134 184 65 152 105 624 136 115 519 153 509 74 170 131 300 221 140 136 202 20 49 321 293 57 148 159 543 726 571 161 217 88 213 194 225 101 111 143 262 125 111 224 254 57 158 93 528 62 179 304 257 163 147 181 266 603 69 318 145 72 122 180 468 81 139 188 195 107 121 88 182 153 113 157 128 47 127 100 199 138 64 197 275 174 63 287 290 151 151 278 214 163 131 485 310 187 118 251 264 612 120 109 261 161 175 134 198 202 157 210 280 159 11 437 321 138 44 209 251 85 90 204 191 102 138 132 177 244 144 149 160 44 71 180 409 106 77 87 242 79 187 585 145 100 102 302 299 77 253 199 191 61
328 129 369 166 534 113 466 190 163 139 386 247 121 177 520 235 221 145 477 266 305 182 438 566 213 180 445 244 468 115 402 173 148 160 384 122 192 140 427 381 322 73 357 265 172 11 429 223 569 78 603 615 151 152 339 127 124 215 361 155 222 81 429 371 176 152 374 197 151 73 497 67 152 46 414 360 194 75 351 104 619 50 416 202 85 183 326 174 65 241 326 229 167 65 381 167 241 60 487 240 103 842 399 232 93 201 467 182 90 115 457 240 206 129 418 250 649 129 273 554 243 64 314 531 266 46 376 271 116 64 370 93 51 100 357 265 294 53 340 99 179 50 425 174 171 115 390 294 200 77 459 222 238 117 332 110 230 121 509 159 36 151 303 121 496 155 343 207 109 119 334 300 204 86 371 55 177 37 366 211 285 82 199 225 102 96 396 316 175 23 438 512 143 100 500 134 685 87 408 256 207 52 382 223 176 49 251 369 92 162 367 186 146 302 395 234 60 105 353 158 0 260 317 152 103 774 492 58 200 258 466 192 185 14 327 314 138 584 320 143 115 68 265 244 156 205 283 236 231 225 338 41 646 113 311 359 208 237 334 84 225 33 421 345 44 139 390 216 240 203 258 259 174 126 375 528 290 28 315 353 205 17 304 126 829 219 222 135 84 78 447 220 251 206 512 223 132 195 500 168 184 18 352 191 39 22 311 250 262 179 484 418 152 266 414 61 119 217 571 221 190 166 259 155 202 111 323 268 110 44 390 277 147 105 280 261 79 123 234 144 92 139 682 177 103 203 480 205 72 51 188 266 260 782 286 266 539 35 651 187 169 27 457 379 201 32 357 159 190 163 438 215 305 165 658 884 729 93 363 189 57 117 376 251 143 37 415 236 232 75 396 189 75 129 615 199 75 224 415 301 22 40 420 760 147 197 295 204 276 55 610 188 277 131 344 198 161 71 339 39 152 99 285 115 73 141 331 295 130 118 395 160 110 142 435 308 133 167 370 182 231 584 467 345 112 122 401 646 44 60 412 296 247 31 355 328 190 79 436 249 151 590 425 197 115 187 404 242 210 131 335 226 125 67 332 390 217 139 318 167 142 45 463 136 155 233 389 190 277 670 261 232 249 171 438 175 113 57 343 218
187 384 283 333 456 260 462 186 99 356 383 340 140 278 421 234 89 405 427 41 162 417 393 339 135 440 408 243 392 353 424 155 115 404 395 268 81 294 352 560 86 333 398 204 172 261 396 198 359 337 666 365 237 273 256 141 144 120 375 268 141 298 366 291 156 412 306 244 166 252 327 312 116 216 402 371 79 318 268 259 372 212 392 242 201 408 267 235 230 111 283 92 132 291 139 341 41 209 454 183 224 631 350 177 171 424 390 244 182 375 324 247 192 300 405 216 393 361 307 337 142 280 263 292 37 302 305 289 173 275 286 225 252 224 364 209 72 279 382 193 181 282 417 135 94 197 346 378 87 337 352 220 196 171 372 171 58 326 398 202 276 278 479 376 674 335 340 169 156 379 289 305 239 336 333 244 85 286 341 122 53 238 299 409 219 354 400 75 85 257 343 668 196 354 412 136 473 306 470 171 55 236 355 166 119 304 306 208 169 313 407 230 126 96 325 265 316 271 387 179 260 0 337 230 191 596 334 208 208 341 417 227 148 264 342 291 124 585 317 280 149 327 396 160 115 444 365 175 29 479 311 293 417 311 301 230 53 465 219 282 100 279 334 309 223 197 273 168 44 223 288 207 148 137 408 294 54 278 350 160 87 243 239 247 672 458 135 232 269 338 388 145 306 315 502 250 133 455 405 428 205 264 389 114 297 242 353 226 123 321 400 277 163 499 344 264 141 371 545 271 71 423 247 212 59 243 328 174 170 291 411 106 141 178 262 146 192 365 417 239 178 138 511 143 162 463 647 136 191 307 239 312 219 614 251 142 696 278 416 250 117 238 340 248 60 260 280 198 135 394 387 174 224 335 398 720 569 314 319 264 310 348 316 232 287 271 336 292 81 335 360 227 203 267 359 228 220 464 275 115 239 298 334 575 127 455 257 114 162 308 552 257 106 349 296 283 100 207 216 281 108 314 190 208 188 276 332 214 144 351 412 347 167 402 383 194 142 421 282 341 50 324 341 223 149 381 380 786 247 248 341 106 16 230 228 341 81 337 328 21 188 389 469 317 182 382 326 173 93 196 307 266 143 278 260 344 43 320 214 221 130 301 230 124 116 231 341 253 20 415 304 257 131 431 405 255 292 317 283 191
199 412 133 192 233 205 150 166 319 257 69 96 307 142 235 107 386 377 168 302 485 305 132 428 204 418 134 96 177 291 92 203 283 319 69 198 347 190 147 300 421 338 62 136 188 307 119 141 401 338 330 526 167 167 128 267 269 406 45 163 196 398 138 602 199 404 114 125 389 379 663 297 270 292 98 44 347 293 128 214 670 293 103 121 249 285 99 147 254 417 80 244 230 271 344 199 295 276 172 153 389 634 106 160 276 287 176 138 337 365 225 95 450 443 102 120 581 282 44 401 195 264 94 606 371 352 118 52 238 260 132 226 360 221 40 130 408 275 47 239 176 280 108 222 327 382 97 83 364 340 199 123 474 359 38 247 366 241 238 175 291 170 241 337 392 207 34 173 274 375 81 32 122 389 81 262 321 351 65 217 305 235 125 220 220 378 80 321 311 337 174 366 406 323 212 263 497 261 134 168 326 266 77 171 371 310 67 225 304 177 70 139 261 276 125 87 318 216 50 192 317 337 0 169 236 528 275 282 456 83 158 136 404 305 11 58 316 272 29 179 320 359 579 177 266 498 79 162 322 391 58 352 733 234 42 184 307 317 166 244 398 349 154 70 285 196 175 171 292 130 61 131 209 282 72 614 310 302 21 263 256 312 114 191 560 336 203 184 396 344 148 192 68 126 196 102 274 410 217 401 443 335 53 233 317 324 28 111 220 164 195 216 211 347 133 374 303 172 254 97 307 432 90 174 309 206 19 169 349 297 79 244 240 246 75 195 266 300 550 174 333 252 440 212 322 440 359 205 320 317 134 52 118 526 90 202 393 294 512 132 361 296 208 190 318 286 120 178 212 469 136 166 133 195 607 616 469 262 84 128 362 279 104 105 183 286 144 81 256 358 94 138 344 189 632 131 362 342 212 254 315 321 153 524 259 398 87 227 185 309 296 129 244 259 85 120 310 262 177 292 303 254 159 212 313 180 25 138 256 281 82 216 252 403 134 172 343 357 136 179 288 577 224 175 310 358 88 465 273 257 133 259 339 305 181 12 342 331 185 316 191 403 133 139 230 230 137 164 247 395 60 94 330 259 115 98 315 212 157 159 262 315 554 297 265 110 99 128 336 688 56 93 208 397 126 142 427 333 99 149
204 264 222 108 382 54 319 60 173 150 236 122 149 50 370 84 247 247 325 211 348 213 286 459 112 289 294 94 317 166 258 77 136 211 238 54 207 72 277 330 314 190 217 126 60 143 278 84 451 191 479 529 8 44 194 112 113 260 214 39 115 232 278 452 76 267 225 45 228 211 539 150 126 123 265 212 207 149 205 60 600 124 265 50 81 199 177 22 87 277 175 151 98 121 304 116 192 107 336 107 221 716 247 103 112 211 316 31 171 226 315 89 291 274 268 105 574 166 125 440 132 111 165 521 255 192 226 121 77 106 223 59 192 52 209 124 293 119 199 71 57 125 276 95 183 215 239 168 223 193 312 75 318 195 190 85 236 121 361 30 133 50 249 207 444 113 193 84 113 235 183 149 52 232 220 97 180 188 214 119 224 70 74 182 51 228 249 252 172 170 290 442 241 188 350 112 563 121 278 130 197 100 230 100 220 158 108 246 140 86 227 35 115 218 245 83 168 69 210 51 152 230 169 0 70 635 356 113 295 128 314 42 249 142 179 163 162 440 169 55 160 204 411 123 124 348 155 108 205 293 186 190 647 107 159 225 183 252 198 96 257 185 271 193 117 36 249 93 190 54 109 118 83 127 234 524 230 143 170 248 144 145 158 33 685 254 119 17 228 196 295 110 108 89 364 71 122 290 350 273 280 169 210 117 161 156 168 103 161 91 333 282 68 287 263 206 144 141 422 72 175 292 108 18 181 44 173 141 185 142 246 185 94 81 129 147 98 178 385 13 167 103 544 88 159 313 419 106 152 164 37 121 115 641 137 154 470 135 546 37 209 129 312 243 188 123 209 32 99 312 286 88 164 110 590 740 586 126 212 45 202 156 225 102 62 127 265 91 161 206 244 38 175 48 578 48 193 261 278 207 148 164 271 624 114 284 145 122 156 158 458 41 185 146 194 62 165 93 206 134 156 121 153 44 146 51 181 156 103 160 250 126 91 263 283 177 185 243 224 112 181 534 324 210 149 223 250 565 108 93 261 206 225 137 221 180 202 186 290 210 42 466 289 89 66 160 255 115 140 229 183 76 171 106 185 239 193 103 182 18 114 161 459 145 123 83 237 41 238 636 115 81 144 271 287 31 259 181 193 82
226 229 269 149 439 72 386 89 113 165 302 190 82 115 422 140 188 230 386 184 287 226 347 468 113 269 356 151 372 165 327 71 80 216 305 82 149 110 330 381 269 162 286 164 70 97 340 123 469 165 549 526 74 98 239 53 52 196 282 96 121 177 334 385 74 244 277 111 159 148 481 130 75 62 330 280 150 134 251 70 563 61 328 115 18 217 228 90 45 216 231 136 71 104 293 155 160 45 400 138 153 741 306 130 42 233 371 100 102 203 355 148 222 213 334 151 564 171 193 455 141 93 217 480 209 148 278 186 18 87 271 35 132 34 275 165 244 95 268 3 77 100 342 76 124 146 298 237 163 165 359 126 250 126 259 21 183 135 409 63 99 101 299 195 497 147 258 104 47 210 238 214 115 189 279 60 124 139 276 112 201 48 140 224 30 194 316 232 117 115 339 500 171 173 403 56 584 117 348 153 147 55 293 120 155 128 177 267 70 132 297 97 65 209 298 149 141 81 279 56 103 191 236 70 0 671 389 50 225 197 375 102 182 98 246 222 98 508 233 99 91 167 347 142 76 308 224 134 163 294 246 143 603 120 222 256 139 274 231 91 197 134 322 252 60 42 288 114 159 110 176 158 72 64 303 481 206 106 239 255 116 90 204 65 728 268 122 59 166 168 354 118 177 153 431 135 62 278 402 255 211 117 280 96 126 99 237 153 163 144 387 316 50 308 318 147 78 194 488 141 125 263 165 63 135 56 239 166 115 113 314 181 53 15 186 160 30 177 329 70 97 53 580 76 90 294 474 104 83 134 103 190 160 680 190 164 528 102 555 106 145 76 356 276 139 84 258 61 89 265 346 112 204 150 576 782 627 125 270 115 159 159 280 154 104 93 317 161 141 172 305 99 107 83 549 107 127 274 312 205 91 129 321 657 64 275 198 108 174 131 520 111 180 158 249 131 107 32 237 103 97 124 183 27 77 95 246 194 48 162 318 159 26 237 343 205 117 238 270 159 149 511 366 242 81 205 314 627 68 62 315 201 182 78 253 247 144 162 336 174 51 489 358 150 13 194 306 140 118 160 243 143 103 90 232 297 149 132 216 78 62 129 415 83 75 138 295 111 204 606 184 145 149 256 349 100 198 148 246 117
447 897 417 708 321 688 462 585 668 771 481 622 691 641 298 553 685 881 387 562 736 827 408 288 563 923 416 546 356 797 512 601 653 835 498 686 669 692 381 807 626 824 546 511 602 767 427 554 247 826 630 365 639 661 442 660 664 716 509 655 554 844 392 862 598 903 422 598 752 807 813 785 642 731 461 506 667 785 432 695 646 729 444 592 689 807 463 616 712 705 472 562 613 756 468 717 581 715 409 535 794 146 423 542 690 812 356 613 739 861 320 553 788 868 458 530 413 792 557 273 533 746 475 652 625 819 419 544 659 740 416 686 796 680 501 512 639 754 549 675 596 759 463 604 669 772 432 608 680 828 332 561 791 743 548 666 654 747 291 618 764 667 764 841 869 722 495 567 677 870 465 521 588 860 447 725 658 810 464 569 545 701 636 749 676 861 486 523 651 785 356 820 781 822 323 653 165 756 577 518 637 724 454 551 709 791 582 409 709 689 541 602 642 506 406 571 803 703 536 616 774 596 528 635 671 0 282 719 803 611 392 594 741 768 519 492 685 475 506 676 706 835 985 530 637 978 607 538 611 913 477 815 735 736 504 415 620 844 440 731 697 805 377 465 731 637 387 557 580 581 559 518 602 670 532 672 543 773 546 441 590 761 477 668 97 862 554 652 826 831 387 555 583 643 449 574 660 922 314 907 798 788 541 592 793 768 554 533 520 680 337 355 622 876 395 811 689 699 414 589 636 927 532 626 627 679 511 505 737 775 512 515 633 670 516 515 697 808 990 647 733 644 92 599 716 947 832 571 734 798 604 570 520 35 503 512 839 767 270 611 703 747 327 395 636 752 430 618 587 936 401 559 472 712 452 129 69 760 447 619 830 786 428 535 682 758 386 588 564 839 438 598 756 678 575 588 778 868 359 495 761 796 378 31 641 913 496 578 499 792 344 614 515 770 456 623 663 703 434 767 664 753 488 661 728 675 503 480 653 789 506 734 668 898 401 466 714 871 414 699 585 517 313 429 699 858 453 858 735 724 395 502 611 748 418 517 667 821 350 589 624 212 548 656 658 754 394 532 581 777 477 580 707 741 452 430 618 721 456 617 647 794 655 672 637 554 430 610 578 601 569 567 530 905 425 627 856 814 450 557
167 616 146 437 177 409 278 304 393 496 251 361 412 366 129 276 421 602 199 296 489 556 194 175 282 644 210 270 149 520 296 320 375 561 271 408 399 416 143 574 384 544 313 230 320 486 211 273 134 545 498 289 360 385 166 380 383 451 272 378 272 563 163 619 316 623 162 321 478 526 608 505 363 449 244 268 397 505 158 416 514 447 224 315 407 537 191 337 430 445 204 284 332 476 231 446 311 433 234 253 516 365 183 260 409 544 148 336 460 581 51 278 520 589 242 251 350 517 294 142 252 465 202 483 367 537 157 277 377 460 146 404 515 398 260 231 390 473 309 393 314 478 253 322 395 495 189 358 412 547 92 282 529 466 305 385 390 471 99 337 483 391 516 562 657 449 246 285 397 590 199 259 311 578 198 444 384 528 218 288 281 420 365 486 395 580 263 267 377 503 111 621 506 543 138 372 222 477 367 236 367 442 215 269 437 510 316 131 429 416 312 324 362 239 153 298 522 424 300 334 492 334 275 356 389 282 0 437 534 351 197 316 472 486 269 227 408 361 248 399 427 554 710 248 357 697 353 256 343 640 218 533 596 459 241 133 348 579 159 451 433 523 127 206 449 355 109 276 309 303 291 238 320 390 305 498 281 492 296 174 313 479 200 389 344 593 273 372 546 550 173 274 318 375 293 298 380 645 125 628 527 506 305 312 511 486 303 254 242 409 139 74 340 613 153 530 410 436 300 316 363 646 257 345 354 399 256 223 459 494 290 240 352 388 243 234 415 532 710 368 454 364 191 317 437 668 622 290 454 517 326 307 241 292 228 232 645 486 248 335 431 465 75 113 364 470 160 337 306 655 184 277 192 440 384 396 241 481 192 343 548 509 172 258 406 477 138 319 289 557 202 319 476 400 456 309 498 599 77 223 479 515 128 269 361 637 222 298 217 512 270 338 241 495 192 350 387 421 152 485 387 475 207 380 448 398 251 200 372 512 286 462 386 618 182 184 438 595 143 430 313 393 59 147 420 579 226 695 454 442 151 231 347 466 137 267 396 541 94 323 342 129 345 386 377 485 141 250 303 501 217 306 430 461 178 187 347 447 175 337 366 513 459 393 358 276 185 333 318 503 304 293 249 627 215 350 576 533 182 276
272 187 319 165 489 93 432 139 114 161 349 226 73 151 472 190 182 198 435 210 275 216 396 508 157 235 405 200 422 149 371 117 93 199 351 104 147 129 380 394 276 127 329 214 119 55 389 173 512 131 586 558 116 129 288 70 67 182 327 130 166 127 384 359 121 208 327 157 130 98 469 105 95 12 377 326 149 111 301 86 573 11 377 162 34 211 278 135 37 206 280 172 109 87 324 169 185 7 448 187 109 785 355 179 37 229 421 144 66 170 404 197 192 163 381 201 594 160 238 496 186 79 267 487 217 104 328 233 60 74 321 58 82 63 322 214 249 74 311 47 127 76 389 117 123 107 347 274 158 130 409 176 222 94 302 53 185 135 459 112 69 130 313 169 510 159 305 153 53 174 288 261 163 144 328 43 127 92 325 153 228 57 176 235 63 153 362 260 124 67 389 520 135 146 453 77 627 106 387 201 156 33 341 168 140 96 220 313 46 153 339 145 89 244 348 196 109 94 323 106 58 208 282 113 50 719 437 0 192 235 424 150 159 58 292 271 91 553 281 125 73 126 298 189 99 262 261 182 178 272 295 98 606 122 270 304 155 268 280 88 188 87 372 301 16 91 337 162 184 159 222 208 117 71 346 486 234 71 283 296 147 43 254 97 777 256 166 99 116 132 403 164 220 187 478 182 76 248 452 222 176 69 323 134 90 49 281 203 205 168 437 364 97 300 367 97 70 215 535 185 137 224 214 111 149 83 286 214 84 83 359 219 89 49 236 205 22 160 279 109 63 81 627 120 65 259 491 148 44 100 149 234 210 728 240 209 547 71 593 150 132 32 406 324 149 52 308 111 133 218 395 161 253 165 603 830 675 114 319 157 114 147 329 204 128 64 367 204 175 132 354 147 64 109 565 156 80 262 361 243 42 92 371 704 89 248 248 147 220 100 569 154 219 153 299 170 110 20 285 73 101 117 231 71 39 122 294 243 73 149 363 167 52 199 392 253 97 214 320 179 175 532 415 290 66 174 362 650 42 50 365 238 196 30 301 293 144 130 385 195 101 533 400 180 61 200 356 188 152 122 292 189 85 78 282 347 164 142 264 125 84 94 420 85 98 187 345 155 224 621 228 192 192 225 398 141 148 111 295 167
374 269 454 356 632 285 603 293 147 339 519 415 149 339 604 352 120 319 589 241 135 380 551 545 274 338 563 363 565 314 548 257 177 356 524 296 136 321 522 580 212 258 510 352 270 209 549 323 567 263 774 556 299 320 423 190 188 90 501 319 284 172 531 171 261 311 471 334 67 136 308 266 191 188 544 499 137 274 436 278 475 185 539 336 217 383 423 313 229 109 432 254 231 263 344 359 223 198 609 324 99 838 508 315 183 401 563 324 127 290 516 363 18 138 548 350 572 329 415 545 299 259 414 384 184 214 470 405 220 257 456 248 154 252 493 356 186 250 492 224 281 249 558 241 142 86 501 462 123 261 536 336 43 100 482 211 150 318 585 281 235 321 501 310 696 348 473 293 183 288 440 430 335 225 484 232 152 197 486 263 259 249 365 422 250 255 533 282 161 180 521 709 58 293 591 194 680 285 573 326 167 222 502 302 97 247 401 404 155 345 520 319 198 298 491 369 255 286 502 264 200 208 456 295 225 803 534 192 0 422 579 321 62 213 465 431 142 727 448 317 136 236 192 312 196 295 449 316 192 408 455 204 483 308 434 416 187 436 397 275 110 191 509 457 198 262 457 299 225 326 396 350 252 174 526 375 261 229 462 363 228 190 395 287 876 414 280 284 140 261 553 286 401 377 647 354 183 364 587 334 16 188 503 239 235 179 461 357 298 360 576 470 246 462 512 154 153 406 700 364 173 307 374 285 180 273 456 335 110 244 535 295 218 213 395 313 199 322 229 295 130 205 717 251 136 356 678 268 148 246 325 413 358 820 392 313 737 235 618 331 105 199 527 435 170 225 446 279 256 244 548 302 386 355 569 926 773 292 472 340 215 317 477 361 320 235 507 385 248 247 512 319 131 300 491 326 125 418 468 312 183 234 508 783 200 371 401 251 332 252 722 335 294 331 449 356 155 210 398 239 159 297 355 252 153 313 462 375 200 318 538 355 205 298 545 368 113 353 454 370 221 478 531 404 147 302 526 841 225 239 509 304 193 186 413 466 138 268 511 214 265 597 583 371 229 385 496 319 239 71 450 365 126 261 422 500 187 331 386 300 196 241 316 161 197 349 498 335 227 540 407 364 296 341 558 325 141 244 441 315
246 339 205 112 316 146 216 155 299 177 146 13 277 84 319 114 372 298 249 314 474 222 215 492 208 338 215 109 260 213 148 190 262 237 138 136 332 120 230 239 427 267 101 165 172 247 200 148 471 266 352 582 123 107 191 240 241 387 117 105 204 337 221 580 187 326 191 98 356 326 661 226 251 242 174 118 332 221 195 154 698 244 183 99 205 201 163 113 201 402 147 252 216 203 381 119 300 228 248 170 343 713 189 173 239 204 260 102 297 289 302 102 419 386 178 141 635 202 58 467 211 198 153 626 371 287 195 78 205 196 205 177 305 172 119 160 409 210 86 198 162 215 181 210 309 341 180 40 348 268 280 124 446 323 80 213 358 164 321 148 227 107 169 259 343 128 117 173 241 300 151 92 103 321 163 205 305 289 148 220 321 181 59 138 173 306 151 343 296 280 255 329 367 248 295 239 572 190 152 191 318 212 160 179 347 242 41 280 267 102 112 113 240 301 205 79 248 153 100 170 258 341 83 128 197 611 351 235 422 0 239 114 377 244 93 124 290 328 105 114 288 289 523 194 248 424 27 176 321 308 135 288 753 160 110 243 301 234 220 177 383 288 235 147 234 163 245 175 297 118 67 158 196 255 121 632 327 238 69 306 255 257 165 138 643 253 210 138 341 271 231 199 40 52 261 93 249 328 301 322 407 276 98 228 250 269 63 131 241 87 279 286 189 265 216 318 273 89 322 71 296 356 115 141 301 152 100 197 312 230 138 267 219 210 116 219 223 221 486 127 293 229 522 201 287 359 313 206 277 248 105 45 145 609 134 226 357 230 579 96 337 241 287 254 309 226 191 151 206 399 219 169 182 115 657 700 552 189 164 83 296 201 184 124 116 223 225 50 263 287 177 115 299 129 668 113 314 259 282 283 261 254 234 606 239 316 137 227 215 240 372 89 267 180 159 66 291 215 231 227 282 181 196 170 271 117 108 182 230 203 143 136 219 326 217 215 313 276 208 98 291 617 303 231 277 280 170 445 215 199 215 286 340 252 240 95 327 259 264 320 164 477 167 63 195 146 217 181 248 355 135 77 299 194 178 181 310 136 207 127 240 248 569 272 246 117 181 91 345 724 50 88 225 317 206 97 370 264 170 154
235 568 135 349 77 358 82 290 432 415 95 252 432 296 95 234 487 535 11 377 578 461 28 371 306 576 25 224 48 448 120 323 401 476 109 352 453 347 70 415 492 494 156 227 313 457 39 257 329 494 302 484 315 321 161 392 395 513 125 316 295 546 52 704 319 561 111 269 513 522 735 453 387 435 70 123 452 449 149 367 687 435 56 264 390 440 156 292 401 517 147 334 347 426 370 357 380 418 40 254 526 515 71 263 410 441 49 284 471 523 152 227 569 587 66 229 546 439 199 339 284 417 164 641 454 504 113 195 371 414 132 373 505 367 120 223 487 428 163 378 302 434 71 337 439 514 78 225 470 496 106 249 588 488 164 381 461 398 113 312 444 325 375 495 481 365 126 286 404 532 139 167 263 543 96 411 430 502 100 318 372 384 282 372 365 534 95 374 421 485 95 437 534 481 72 387 399 418 186 255 426 414 84 277 485 465 223 233 437 335 151 280 382 331 93 232 473 370 149 323 466 417 158 314 375 392 197 424 579 239 0 275 520 455 147 153 437 177 147 334 447 513 722 268 382 654 227 262 413 546 129 503 763 391 155 195 405 468 199 399 501 499 91 123 430 333 156 279 377 265 210 228 327 407 140 653 375 454 170 287 356 459 184 341 411 490 300 331 540 499 30 293 224 283 99 243 398 567 84 559 567 483 153 340 471 469 177 224 295 322 62 179 338 496 74 520 429 327 128 247 412 590 210 314 409 356 146 248 478 450 120 311 363 381 189 274 405 458 700 322 466 376 311 328 452 597 445 311 456 471 278 209 221 385 187 277 459 446 443 279 476 443 125 184 420 437 137 313 323 623 31 277 195 353 578 467 328 419 107 279 514 436 102 222 339 438 85 236 344 513 70 278 481 343 637 269 501 496 178 309 461 474 91 394 379 555 179 330 257 464 145 279 312 416 129 275 424 404 204 444 419 411 229 354 450 335 137 206 382 439 115 374 385 560 34 224 467 515 136 337 376 575 139 198 437 515 70 501 422 407 77 316 425 450 196 145 449 488 115 399 325 318 159 296 365 385 93 260 345 525 132 240 455 413 159 79 410 370 203 300 384 469 602 419 382 237 81 276 409 687 211 234 291 555 34 293 572 488 138 265
170 305 180 132 341 94 284 41 188 184 201 113 172 61 328 43 259 287 285 202 361 246 247 425 97 329 255 52 276 204 227 75 151 247 204 92 219 103 235 338 314 231 189 88 58 184 239 49 415 233 457 502 45 71 153 132 134 276 181 65 95 272 236 471 72 308 183 16 254 248 547 191 139 160 228 179 219 190 164 101 590 161 227 16 116 230 135 22 127 290 134 140 103 162 283 142 187 144 298 74 255 678 207 73 141 240 274 23 202 267 274 48 316 312 232 65 549 202 94 406 108 152 123 515 257 234 185 85 102 147 182 99 230 93 174 85 295 161 172 104 47 167 240 96 197 246 198 152 236 234 270 34 340 224 162 112 244 157 319 40 174 78 260 247 449 141 156 62 138 276 141 112 14 273 179 138 192 229 175 107 212 112 75 200 91 270 214 237 183 210 248 441 270 228 308 130 526 161 255 98 204 140 192 74 239 199 83 211 169 110 199 8 129 199 204 48 210 109 181 58 192 227 136 42 102 594 316 150 321 114 275 0 271 183 145 122 182 407 131 85 185 246 448 95 136 389 139 77 206 328 146 231 642 143 120 186 187 280 160 137 271 225 230 153 155 61 208 68 184 13 75 79 82 148 205 520 218 184 141 219 141 185 117 74 643 286 101 59 266 237 255 90 83 91 330 33 140 329 309 313 307 210 182 114 202 195 140 62 138 109 292 242 78 315 222 245 168 154 386 45 182 333 67 39 187 86 137 108 213 183 214 164 107 110 87 120 132 216 426 53 197 119 503 86 187 353 421 93 185 206 13 93 75 600 95 128 469 177 513 26 228 169 270 204 195 165 167 42 92 353 246 62 123 135 567 698 545 166 171 40 244 194 183 60 93 168 223 67 151 248 205 3 209 84 564 6 228 293 239 184 187 206 229 583 127 322 103 114 125 200 419 32 164 181 152 58 179 130 168 176 171 160 117 79 179 83 144 117 122 197 218 155 117 304 243 141 208 280 182 132 177 517 282 172 174 264 212 559 149 135 220 184 225 175 182 146 215 228 248 207 56 429 262 97 94 185 213 84 134 259 143 44 195 148 143 198 196 135 143 25 130 202 456 164 134 41 196 28 233 621 86 43 122 311 248 38 297 222 152 50
312 280 394 323 572 249 548 239 88 318 464 371 100 297 543 298 63 321 531 179 120 366 493 486 215 347 506 309 505 299 496 202 121 345 471 259 73 286 462 554 165 253 460 294 216 191 492 267 507 258 727 503 254 279 363 139 137 38 448 278 225 183 472 203 206 318 411 284 35 139 312 251 135 159 489 446 75 259 376 243 448 155 483 286 178 365 365 266 196 64 375 193 175 241 285 328 161 165 552 266 101 779 450 257 140 383 503 276 97 291 454 310 49 167 492 294 524 312 364 485 239 235 356 358 128 211 411 352 173 231 396 210 150 212 440 297 137 227 442 181 228 228 503 185 82 75 443 417 61 257 474 282 70 68 432 164 91 293 523 232 216 282 472 304 670 318 419 237 136 290 382 377 285 233 427 202 91 193 430 203 197 214 322 395 210 259 479 222 100 170 461 678 58 284 530 141 620 262 525 266 105 192 446 244 36 234 353 342 115 310 470 269 143 236 432 319 245 252 451 212 185 148 404 249 182 741 472 159 62 377 520 271 0 196 412 375 88 673 394 279 91 236 249 252 139 323 404 258 130 407 398 201 467 281 380 354 124 421 336 247 57 186 448 400 170 215 395 242 163 274 345 292 197 123 475 352 199 212 411 301 167 171 336 246 814 404 221 241 150 257 494 227 353 335 592 303 130 369 526 339 57 178 452 180 223 163 411 301 236 324 516 408 193 451 452 156 105 372 643 315 112 320 319 237 118 235 402 275 77 228 483 232 164 168 340 252 160 308 275 251 97 152 654 195 95 367 650 210 118 235 276 364 301 758 335 251 706 216 561 283 45 175 465 373 108 202 387 229 198 270 489 245 327 323 523 864 711 270 415 294 216 299 418 305 283 214 447 336 186 246 455 269 110 263 456 274 115 409 406 249 165 223 448 721 145 374 344 191 270 240 663 289 232 309 391 311 96 174 336 220 102 274 295 209 121 275 408 315 149 301 486 326 158 306 486 307 65 349 393 336 159 437 469 343 101 301 470 807 198 209 449 241 132 163 351 413 76 261 450 152 215 536 533 331 183 359 436 260 178 65 394 314 79 235 362 442 125 301 326 252 142 229 289 107 140 295 440 287 167 508 357 312 234 345 501 280 164 238 382 259
324 132 360 152 524 100 454 183 168 126 374 234 126 165 511 225 230 141 466 267 315 171 427 564 210 177 434 235 459 103 389 168 150 150 372 109 199 126 418 368 329 69 344 258 166 4 418 216 566 73 589 616 141 140 331 128 125 225 349 143 218 93 419 384 172 150 365 186 162 87 508 55 153 48 403 348 201 63 343 91 626 52 405 192 80 170 317 164 57 250 316 228 165 51 382 153 242 59 476 233 116 838 389 226 94 188 457 171 100 112 450 230 219 142 406 241 651 117 261 551 239 50 305 539 271 52 367 260 112 50 362 84 66 90 345 258 301 39 327 94 172 36 413 171 176 128 380 281 207 73 451 213 250 127 319 107 237 107 500 151 22 138 289 114 483 141 332 201 110 116 324 289 194 92 361 44 182 46 355 208 286 71 186 211 93 97 384 318 180 37 430 498 156 92 491 135 681 73 394 250 211 44 371 217 185 41 239 365 97 148 355 176 147 301 386 223 53 92 340 151 14 264 305 142 98 768 486 58 213 244 455 183 196 0 316 304 144 571 309 130 122 69 279 239 157 211 269 230 235 218 327 49 655 99 300 353 212 226 327 69 234 44 412 335 42 132 383 210 242 194 247 252 170 128 363 536 291 16 302 351 205 25 296 114 822 209 219 125 99 75 437 216 239 193 499 213 134 191 491 165 197 32 339 190 32 34 298 242 259 165 474 412 147 255 404 75 124 203 559 209 193 167 249 146 205 100 312 263 120 32 378 276 145 102 270 257 78 112 245 133 101 138 676 173 110 201 466 202 80 43 178 254 252 776 277 262 525 22 650 176 177 26 449 373 205 19 348 151 186 171 428 208 298 150 660 877 722 79 353 177 62 104 366 242 129 23 406 224 232 75 386 179 86 117 620 189 89 214 409 299 31 35 411 754 147 191 286 202 271 45 599 177 275 117 335 186 165 67 333 26 157 85 279 107 80 128 320 288 130 106 382 145 108 142 425 302 141 160 362 168 232 588 460 339 118 117 390 631 33 49 402 295 252 35 349 317 196 73 428 252 144 586 411 184 111 173 395 236 209 144 324 215 132 53 323 380 221 124 312 158 142 37 470 140 156 224 379 179 281 676 249 222 246 167 427 163 126 54 334 211
200 423 128 202 223 216 140 174 326 268 58 106 316 152 226 114 393 388 157 307 492 316 122 424 210 429 124 104 167 302 84 211 291 329 59 209 354 201 138 305 426 349 59 140 196 318 108 148 396 349 324 523 177 178 126 275 277 414 36 173 202 408 128 609 207 414 108 135 398 389 669 308 278 302 87 34 354 303 124 225 672 303 92 131 259 295 98 157 265 424 78 250 238 282 346 210 301 286 161 159 399 627 97 166 286 297 166 148 347 376 218 103 459 453 91 126 579 292 55 396 200 274 94 609 376 363 112 60 247 271 127 237 370 231 30 134 414 286 47 248 184 291 98 229 335 391 88 90 371 351 190 130 482 368 38 256 372 251 229 185 302 181 248 348 395 218 24 179 283 386 78 37 131 400 73 272 328 362 55 223 309 246 136 230 230 389 70 324 319 348 166 367 415 334 202 272 490 272 131 172 333 277 67 178 379 321 78 224 314 188 66 149 270 278 118 97 329 227 46 201 327 342 11 179 246 519 269 292 465 93 147 145 412 316 0 58 324 263 28 190 329 369 589 182 274 509 87 168 328 401 53 363 736 245 43 182 314 326 166 255 405 360 146 65 295 205 171 177 298 139 70 136 216 291 67 617 314 313 27 263 263 323 115 202 550 346 208 194 406 354 138 198 78 136 186 112 283 420 208 412 452 345 49 240 328 334 35 117 224 175 186 211 220 357 125 384 312 182 244 107 314 443 96 183 315 216 16 172 358 307 71 248 248 255 80 199 276 311 561 184 342 261 432 219 331 450 361 211 329 328 144 63 123 517 93 205 394 305 508 142 369 307 200 187 325 297 116 187 219 480 126 172 134 206 605 606 460 273 77 138 373 289 98 111 194 297 136 92 261 369 83 147 353 200 633 140 372 352 208 257 326 331 145 515 267 409 89 234 189 320 285 139 248 269 81 131 318 272 176 302 311 265 162 222 323 191 19 140 265 292 74 227 262 414 124 173 352 368 132 190 293 577 217 174 319 368 78 465 283 267 125 262 345 315 180 2 350 342 178 321 200 397 127 149 239 240 130 169 253 404 56 103 339 270 113 89 321 223 157 168 271 326 558 306 273 118 90 138 340 688 66 102 212 408 115 153 437 344 96 156
142 422 81 217 220 210 174 139 287 280 92 134 283 152 210 82 349 395 164 255 446 335 125 372 164 437 134 71 155 309 133 174 254 344 104 205 312 204 117 355 374 348 116 88 162 305 119 108 348 348 376 468 164 176 70 242 245 372 86 170 155 394 115 567 169 420 70 118 364 370 618 306 240 282 115 81 312 304 72 218 614 282 109 113 237 315 42 140 249 380 23 200 200 278 288 225 251 265 179 111 374 590 85 119 258 320 154 134 319 380 178 74 423 434 118 81 524 303 67 346 149 269 36 552 327 354 73 52 219 265 81 221 352 215 73 82 363 279 104 225 151 285 129 190 295 362 76 136 329 350 160 97 443 338 95 229 326 259 206 159 294 180 291 355 449 231 49 138 252 389 28 33 111 393 57 260 287 350 55 177 255 233 144 260 213 387 109 268 277 332 136 424 384 338 189 237 448 273 188 120 288 262 72 132 340 317 90 167 285 198 122 128 233 223 87 83 326 223 103 171 314 291 58 163 222 492 227 271 431 124 153 122 375 304 58 0 288 299 30 190 297 365 569 131 235 507 129 120 280 421 24 353 679 249 16 126 268 354 108 251 362 347 116 31 277 181 122 133 248 112 67 86 179 257 121 561 260 304 79 205 217 307 58 191 532 370 161 180 388 353 133 152 92 151 218 92 248 433 191 420 418 332 107 196 321 317 85 74 170 188 172 162 187 387 103 367 279 210 269 100 271 447 58 161 270 205 42 118 327 302 121 193 213 228 36 146 252 320 548 171 314 226 402 180 301 460 416 167 304 323 126 80 75 493 41 151 451 297 458 130 330 291 166 133 281 286 67 161 177 474 124 130 77 220 549 588 437 276 50 132 364 298 66 70 195 288 108 96 211 365 83 125 328 196 575 116 348 376 159 200 309 325 115 485 231 423 34 189 134 317 298 130 193 280 36 133 279 251 119 295 273 268 106 201 297 190 42 83 232 301 121 242 233 417 121 115 318 381 84 207 244 520 181 117 287 374 95 522 271 256 101 206 295 297 124 56 308 342 142 271 172 353 181 164 213 262 98 120 207 374 21 92 305 265 57 76 274 232 100 147 235 321 503 270 234 84 75 127 288 631 77 83 160 417 128 144 419 340 46 116
242 259 314 245 492 169 461 151 25 251 377 284 18 211 467 211 92 283 447 137 190 307 409 450 134 317 421 222 425 240 408 115 36 290 383 179 56 206 382 477 185 211 372 211 128 140 406 181 461 216 639 486 168 195 283 50 49 99 360 193 145 175 390 290 119 289 330 196 76 131 384 196 49 97 402 358 58 202 297 164 482 93 397 198 98 302 282 178 122 119 290 124 89 178 254 251 113 95 467 182 110 736 366 174 60 319 423 188 60 253 384 222 135 186 406 208 516 251 276 442 161 169 273 396 128 178 329 264 86 164 317 129 128 131 352 214 158 165 354 98 140 167 416 99 33 87 359 329 68 215 399 195 158 58 344 78 94 223 449 144 159 199 395 257 593 242 331 151 51 256 298 289 196 212 342 133 39 162 344 124 157 137 236 319 127 230 392 188 40 133 383 597 100 235 452 53 577 197 437 186 69 123 360 160 58 184 265 277 47 229 381 181 56 185 350 230 196 175 363 124 138 124 316 162 98 685 408 91 142 290 437 182 88 144 324 288 0 585 306 197 25 203 302 172 55 322 316 175 96 361 312 169 515 209 293 282 75 359 261 176 100 155 369 315 106 127 321 157 113 186 257 208 110 35 386 394 161 159 323 246 95 121 254 163 752 347 141 155 149 216 412 146 265 249 505 214 42 333 448 306 130 140 364 100 176 119 322 215 166 242 437 339 105 391 371 141 21 291 558 227 56 299 232 149 68 153 314 196 52 173 395 170 76 83 253 177 83 251 307 165 55 64 596 109 38 340 571 128 67 187 188 275 216 698 250 178 626 160 531 195 48 118 392 302 64 143 306 141 114 272 406 160 246 245 522 803 649 205 330 206 186 238 335 219 202 155 367 248 121 212 370 180 80 181 477 186 99 353 336 192 116 177 369 667 58 335 259 112 195 189 581 201 170 243 307 224 25 98 263 163 21 207 216 124 65 193 321 235 60 240 398 252 72 278 403 232 31 303 314 256 105 447 398 269 26 260 383 724 133 139 368 185 110 108 279 325 53 216 375 116 127 487 445 247 96 286 356 178 105 94 308 226 22 168 281 358 83 225 249 164 54 181 329 19 55 207 356 199 143 532 268 224 160 309 416 193 176 195 300 173
408 664 308 436 188 471 125 434 586 497 208 340 578 407 235 375 648 617 170 546 743 526 196 533 463 654 179 364 218 535 183 471 551 548 203 463 611 448 247 402 663 594 227 385 457 574 190 406 486 593 155 649 438 432 331 537 539 671 227 429 453 664 228 866 467 646 281 397 660 650 907 554 538 563 184 229 610 548 320 480 863 564 193 393 521 506 317 419 524 678 303 497 497 531 546 441 546 547 137 410 661 616 236 418 548 500 220 409 609 613 323 364 720 712 182 380 711 522 315 500 446 526 323 817 621 615 284 323 510 524 305 497 630 491 234 380 656 538 244 510 446 543 170 488 593 654 240 296 628 595 277 391 742 631 252 519 624 490 264 447 555 433 397 580 425 451 254 437 545 623 296 297 394 649 252 530 586 617 245 476 543 504 385 427 491 633 194 548 576 605 270 366 677 572 222 533 532 518 192 416 587 535 230 431 638 570 334 410 576 430 217 411 530 504 266 359 575 480 231 463 584 585 272 440 508 475 361 553 727 328 177 407 673 571 263 299 585 0 279 441 592 617 849 428 533 748 305 419 577 603 276 616 939 488 293 371 566 514 372 506 661 615 267 277 556 468 333 432 543 401 333 384 476 553 209 830 546 566 270 463 515 581 346 460 457 544 459 455 666 598 207 450 334 380 83 374 544 638 236 638 714 602 232 495 579 593 273 372 462 414 223 355 481 534 249 643 574 396 65 368 570 677 354 445 569 475 271 411 620 558 194 481 509 517 333 439 538 542 814 444 605 522 416 478 594 672 390 466 592 576 406 320 374 456 339 443 380 558 596 403 629 566 296 361 579 552 307 450 476 727 204 428 361 439 745 507 406 517 266 397 624 524 270 367 443 551 262 350 507 615 225 410 615 455 811 402 633 548 354 481 585 582 268 488 528 624 331 487 423 568 131 400 481 501 289 386 577 533 378 555 571 508 395 483 585 444 265 371 527 526 191 456 524 648 207 393 614 587 310 420 541 749 308 372 581 602 205 384 541 524 252 488 591 575 371 262 606 585 290 565 463 467 166 391 502 454 269 418 505 667 281 365 601 522 326 242 572 462 373 431 532 576 778 567 532 378 245 399 579 861 325 364 455 631 181 412 696 592 302 414
172 421 104 207 220 211 155 155 307 272 71 116 299 149 217 96 371 390 158 282 469 324 120 399 187 432 126 85 159 304 107 192 272 335 78 205 333 200 125 329 401 347 86 114 178 310 110 127 373 347 349 497 168 174 99 258 260 393 58 169 179 400 119 589 187 416 87 124 381 379 644 305 259 291 97 54 333 302 99 219 644 291 96 119 247 303 71 146 256 402 51 226 218 278 318 215 276 274 168 135 386 609 87 143 271 307 158 138 332 377 198 85 441 443 101 103 553 296 53 372 175 270 66 582 352 357 91 48 232 266 104 227 361 221 47 108 389 281 74 235 167 287 110 209 315 376 78 111 350 349 174 112 463 353 65 242 350 253 216 170 297 178 268 350 421 222 25 158 267 386 52 20 118 395 60 265 308 355 47 200 283 238 137 243 220 387 86 297 298 339 150 394 399 335 194 254 470 271 158 146 311 268 63 155 359 318 79 197 299 191 93 136 251 252 100 86 326 223 74 185 320 317 29 169 233 506 248 281 448 105 147 131 394 309 28 30 306 279 0 187 313 366 579 157 254 507 105 144 305 410 30 357 708 245 16 155 291 338 138 251 384 352 130 43 285 191 146 155 273 123 62 111 197 274 92 590 288 307 50 236 240 314 88 194 541 356 185 185 396 353 133 175 80 141 200 98 265 425 198 415 435 337 77 218 323 324 57 94 198 179 177 187 202 370 111 375 295 194 255 99 293 444 75 170 293 209 12 146 342 303 94 222 230 241 56 173 263 314 554 176 328 243 417 199 316 454 387 189 316 324 132 65 99 505 67 179 421 299 484 133 350 298 182 161 303 290 92 172 198 476 122 150 107 210 578 597 448 273 59 132 367 292 79 89 192 291 120 89 237 366 79 134 340 196 605 126 359 362 184 230 316 327 129 500 249 414 62 211 162 317 290 132 222 273 57 128 298 260 148 297 292 265 135 210 310 188 15 113 248 295 95 232 247 414 119 145 335 373 108 196 269 550 198 147 302 370 82 492 276 260 111 235 321 305 153 26 329 341 159 297 185 376 153 154 225 249 112 145 230 389 31 94 322 266 86 78 298 225 130 156 252 322 531 288 253 99 78 129 315 661 66 88 187 411 118 146 427 341 71 135
255 234 259 54 407 33 325 114 212 98 248 104 181 38 400 123 287 206 345 264 387 161 307 510 167 248 312 129 344 121 260 130 177 162 244 22 247 18 306 283 362 160 214 173 114 133 296 133 501 160 463 583 47 14 234 151 150 296 221 21 169 223 304 481 130 230 257 78 254 212 580 118 170 131 277 221 248 115 244 41 651 134 281 84 101 145 213 64 90 315 207 205 148 92 358 62 244 119 351 158 232 762 272 155 139 157 343 64 190 190 356 122 316 272 281 149 628 118 136 491 186 85 201 572 302 174 260 140 113 82 260 70 192 67 219 170 339 97 197 99 111 102 286 147 222 233 263 151 262 162 347 119 346 218 190 119 280 72 394 84 114 9 201 166 398 59 209 138 146 200 214 168 89 210 244 92 222 175 235 174 277 69 56 129 70 200 257 306 214 166 324 400 260 149 378 153 611 84 265 181 242 99 250 153 254 132 112 296 164 33 225 78 159 273 276 107 139 38 211 103 143 280 179 55 99 676 399 125 317 114 334 85 279 130 190 190 197 441 187 0 189 180 409 176 169 320 140 160 254 243 210 175 696 60 182 271 231 197 245 65 296 174 304 220 122 83 290 146 241 98 125 165 136 164 233 574 283 125 174 302 196 143 199 34 720 201 173 48 227 165 319 165 111 63 371 102 161 246 381 232 302 162 210 169 138 155 169 145 215 45 362 326 117 233 292 204 177 95 431 90 220 257 144 73 228 44 189 193 207 118 249 240 140 114 161 201 119 133 373 43 188 146 584 141 184 272 375 161 169 138 74 127 159 679 173 208 429 116 598 65 244 128 349 288 234 111 246 86 152 290 309 141 208 56 645 776 624 86 239 58 184 110 255 142 8 109 297 98 214 179 266 83 189 17 632 91 203 208 323 261 147 142 303 666 158 238 180 176 208 130 475 61 239 96 224 59 205 107 254 114 195 79 203 75 164 4 197 202 144 113 253 72 125 228 306 227 214 196 262 61 233 588 362 257 179 184 266 528 101 85 291 260 273 139 268 191 243 154 327 261 93 514 281 55 103 105 287 167 193 248 209 98 201 81 223 264 241 50 229 70 157 136 508 182 167 123 263 66 290 689 124 109 199 229 304 49 256 155 227 133
261 235 328 234 505 159 468 158 50 234 384 281 16 206 481 217 109 260 458 162 202 288 420 474 149 293 431 228 438 221 412 124 53 270 389 169 78 196 395 465 207 188 374 223 135 118 416 190 484 193 639 511 165 189 297 55 53 110 365 188 160 151 402 293 129 265 342 198 69 106 396 175 65 77 410 363 79 182 310 153 504 73 406 200 87 284 294 178 108 133 301 144 102 160 279 239 137 78 476 195 88 759 377 186 50 302 436 188 35 230 402 228 131 163 413 218 541 232 279 466 178 152 284 417 151 154 342 269 84 147 331 119 104 122 358 226 179 146 356 91 147 148 423 112 56 68 370 328 86 192 415 201 158 41 346 75 116 208 465 145 138 192 384 235 582 230 338 162 47 232 308 295 199 187 352 116 64 137 352 140 182 125 232 307 119 206 398 213 65 109 398 588 87 213 466 60 600 180 437 201 94 107 369 173 67 162 266 298 27 220 384 183 67 208 363 233 174 163 366 128 115 149 320 160 91 706 427 73 136 288 447 185 91 122 329 297 25 592 313 189 0 179 284 187 70 297 315 188 121 340 321 145 534 194 300 299 100 341 278 161 115 130 383 325 86 127 338 169 137 190 260 220 120 40 390 414 186 138 326 268 116 98 266 156 771 328 157 150 125 193 423 160 266 245 512 218 50 310 463 282 122 116 367 116 153 95 325 224 186 233 451 357 111 373 383 116 19 282 566 228 81 274 240 149 93 144 320 212 32 152 400 192 85 79 261 194 70 231 285 161 30 71 616 120 13 316 560 142 43 165 189 277 227 719 260 196 616 140 555 195 58 97 408 320 89 123 319 143 128 247 417 171 260 234 547 823 668 187 341 205 162 219 347 227 193 135 380 249 142 188 380 183 55 172 500 190 75 333 355 214 93 155 383 688 69 312 269 130 213 167 592 200 191 226 318 222 50 84 280 143 45 190 232 118 42 184 327 249 66 222 403 239 69 254 414 249 25 281 329 246 129 471 415 287 11 237 392 716 115 123 381 207 135 86 296 330 75 194 390 141 129 510 447 241 94 273 369 191 125 78 317 229 12 151 294 369 108 212 265 164 64 159 349 34 70 214 366 199 167 555 271 228 178 286 425 191 152 172 312 182
393 62 425 183 584 155 504 250 228 133 427 278 187 217 573 288 281 85 523 333 356 152 486 633 279 114 491 297 520 96 437 237 216 125 424 161 256 170 480 368 384 28 391 325 234 71 475 282 635 32 620 683 202 192 397 195 192 270 401 197 287 71 480 404 241 86 428 247 201 100 542 64 220 114 456 400 257 70 408 147 679 118 460 253 149 160 381 225 124 297 379 297 234 88 449 180 308 127 531 301 139 907 449 294 161 178 518 231 149 55 517 292 246 125 460 307 717 113 315 621 308 96 369 590 330 25 430 318 182 100 427 150 86 156 399 325 356 85 375 163 240 79 466 241 235 161 440 322 261 29 516 278 278 171 368 176 293 130 565 217 72 188 296 76 479 169 388 269 177 55 386 346 255 32 421 110 242 43 413 277 352 135 235 223 159 28 436 384 241 70 494 503 185 63 553 202 750 100 433 319 272 112 429 285 234 48 292 434 158 187 401 239 214 370 449 282 42 143 389 220 68 327 359 204 167 835 554 126 236 289 513 246 236 69 369 365 203 617 366 180 179 0 249 308 224 144 312 298 298 172 387 35 703 130 359 421 275 206 395 115 283 50 475 395 111 199 450 279 308 258 303 318 239 194 410 586 357 62 353 420 273 84 361 173 888 181 288 187 98 27 497 285 291 238 549 273 200 133 554 104 221 63 387 259 43 84 348 306 329 204 536 480 217 229 466 83 186 230 610 266 256 98 312 211 268 160 368 331 167 63 427 345 214 172 332 326 146 98 199 194 152 206 744 243 166 137 467 271 136 42 239 306 317 843 341 331 529 69 719 235 228 94 515 440 267 84 413 218 256 110 487 276 364 181 724 943 788 101 414 234 21 105 428 306 176 78 469 278 300 11 444 242 130 170 678 252 121 184 477 368 88 40 474 822 215 138 349 271 340 50 654 235 344 126 397 239 227 136 402 70 219 110 347 174 138 178 376 355 198 104 432 168 177 75 484 370 193 117 427 200 299 650 526 407 178 66 446 638 100 112 464 364 313 98 417 371 253 39 493 316 212 656 453 227 180 185 458 304 278 174 384 273 187 100 388 440 284 156 379 221 210 44 521 203 223 287 439 238 344 733 303 282 315 109 483 221 111 25 397 278
544 233 610 426 784 378 729 433 318 382 647 513 299 442 763 487 310 299 732 426 312 393 694 735 433 293 703 498 717 344 666 403 336 365 648 387 318 404 675 612 402 276 622 504 411 276 687 467 755 280 866 748 412 417 579 336 332 281 624 420 443 187 680 270 408 276 621 455 234 200 436 308 348 288 675 623 320 316 592 369 645 287 675 460 332 406 572 433 325 301 577 425 384 324 534 425 405 305 746 476 197 1027 652 467 313 422 716 442 254 282 685 495 210 137 679 495 763 361 535 733 462 327 562 555 375 242 622 531 351 328 612 353 219 359 619 506 378 315 605 344 421 310 687 394 316 216 644 559 309 277 698 473 221 244 597 342 340 375 748 410 297 416 544 315 719 413 603 442 321 273 584 560 461 219 626 319 327 236 623 424 444 345 465 471 359 247 659 470 334 244 680 748 204 310 747 342 869 342 673 484 349 313 639 454 278 289 515 579 288 426 633 443 351 480 643 494 288 371 618 400 265 396 579 411 347 985 710 298 192 523 722 448 249 279 589 569 302 849 579 409 284 249 0 470 354 197 548 469 377 379 593 238 635 372 568 583 366 443 561 347 302 236 665 599 294 388 621 450 406 457 519 500 401 323 640 543 447 286 579 544 397 268 546 389 1053 412 441 395 183 274 700 443 515 472 775 481 333 324 745 299 192 247 617 400 278 256 575 498 468 443 731 641 386 458 662 206 302 476 833 483 349 254 511 409 359 374 584 495 252 297 655 471 365 341 533 478 317 345 81 405 260 352 897 402 275 299 711 426 266 284 447 529 504 1000 536 480 773 295 809 448 283 283 692 603 350 297 600 408 410 169 692 451 542 424 757 1105 951 345 616 452 235 353 625 501 408 301 661 499 421 256 652 445 242 395 670 454 221 414 638 491 264 275 664 966 353 338 544 413 496 293 867 450 470 375 595 463 323 318 564 298 323 354 515 369 272 406 592 531 345 353 659 414 338 265 689 533 272 342 610 443 400 664 699 570 292 296 660 884 308 325 660 483 380 275 580 591 320 287 673 399 397 783 690 462 356 433 650 473 407 209 590 486 280 331 574 644 369 399 548 423 347 282 491 317 354 485 642 452 416 715 524 491 462 308 696 437 153 271 590 460
85 370 142 226 320 175 304 63 165 273 223 197 172 156 294 81 220 364 279 126 315 336 242 336 39 405 256 87 253 287 263 72 137 334 234 177 185 194 210 429 245 300 239 44 74 238 242 48 331 303 506 407 130 163 111 135 138 245 215 157 28 315 220 438 68 382 159 109 248 280 487 264 123 201 244 211 184 265 124 179 503 199 235 104 159 321 113 113 184 250 126 69 86 236 189 235 120 185 302 25 273 600 198 23 162 333 251 117 217 340 217 93 302 344 247 57 454 288 151 319 18 224 106 434 195 290 158 131 129 218 144 161 268 155 203 49 232 230 223 145 70 235 259 77 171 256 192 227 201 304 227 71 319 228 213 137 196 244 277 97 238 170 353 326 537 234 180 40 151 348 132 145 100 330 177 198 162 280 183 50 130 177 169 295 151 335 240 149 152 255 211 523 272 305 279 128 444 241 310 14 159 196 198 24 217 267 155 127 184 204 247 102 120 107 179 115 279 190 227 89 244 160 177 123 142 530 248 189 312 194 268 95 252 239 182 131 172 428 157 176 187 308 470 0 118 449 215 18 149 415 152 285 561 229 141 116 138 373 92 214 233 275 197 152 201 111 151 31 116 84 133 46 72 148 248 441 135 246 192 126 88 231 84 154 589 377 32 136 299 306 242 27 156 184 346 102 137 410 276 390 302 258 229 73 266 238 195 67 46 204 265 175 92 408 200 283 169 248 393 126 144 403 88 107 141 161 168 25 219 250 251 73 106 140 102 26 167 300 464 136 211 118 439 70 195 430 507 45 208 272 108 158 58 539 91 33 551 241 423 120 208 217 221 136 152 224 134 96 60 407 237 35 74 229 472 642 487 247 164 134 300 278 166 74 184 232 195 144 80 312 205 97 231 171 474 91 253 384 172 90 231 269 196 515 118 404 98 62 33 268 411 127 73 269 141 151 157 174 96 241 153 242 44 136 202 173 171 63 126 282 252 248 139 375 234 64 203 364 142 227 113 424 229 102 178 340 223 634 208 198 197 92 164 218 112 181 181 299 203 140 98 349 309 191 129 279 184 13 77 265 148 118 192 220 110 191 144 226 78 106 123 268 379 155 118 78 188 122 159 530 150 107 32 390 251 133 330 288 130 45
191 285 260 222 437 147 409 100 53 241 325 244 55 174 412 159 124 297 393 111 226 302 355 412 80 334 367 170 370 239 358 63 19 290 332 155 83 182 327 452 194 226 323 156 79 155 353 128 419 229 592 459 131 164 229 29 32 141 310 160 90 212 336 336 67 307 275 151 131 171 415 201 6 110 350 307 84 205 242 145 487 106 344 152 86 293 227 135 117 154 236 77 36 177 225 229 86 99 413 128 158 694 312 119 63 309 368 146 102 268 331 171 187 232 353 155 495 247 228 402 108 167 218 404 134 201 275 214 58 161 262 111 163 109 301 160 170 166 306 78 90 170 363 45 62 138 305 287 100 229 345 143 209 110 296 57 112 212 395 100 166 169 370 265 567 222 279 97 47 273 244 238 149 239 288 131 57 188 290 70 129 124 198 298 105 252 340 161 48 159 329 566 154 243 397 22 535 192 391 132 73 123 307 106 105 194 219 228 74 203 333 136 11 146 296 182 207 157 314 78 156 115 266 124 76 637 357 99 196 248 382 136 139 157 274 235 55 533 254 169 70 224 354 118 0 355 274 120 87 367 259 194 528 196 240 229 63 351 208 167 135 181 315 261 115 89 268 103 85 137 208 154 57 34 337 405 135 170 274 202 50 140 199 135 701 344 87 122 190 231 357 91 219 213 453 166 25 347 394 321 185 164 315 46 189 143 275 161 116 212 382 287 59 385 316 178 52 263 504 181 51 322 180 108 59 129 263 142 102 180 345 125 30 63 200 124 81 251 353 131 97 24 547 55 79 358 542 73 99 199 143 229 162 649 196 126 594 168 496 152 95 131 338 250 65 149 251 97 60 308 352 106 192 223 504 753 598 200 276 166 211 234 281 166 175 160 313 203 77 231 316 134 120 155 473 139 141 350 284 148 137 191 314 620 12 345 205 59 142 198 526 159 125 235 253 184 44 95 210 170 37 199 162 95 94 165 269 181 29 237 347 234 53 298 349 179 85 310 260 230 76 436 345 217 62 272 330 689 135 135 314 143 106 126 226 274 79 228 321 99 84 443 396 213 68 269 301 123 57 147 255 179 75 164 226 304 73 207 195 121 15 193 340 37 2 156 302 157 128 530 221 175 108 323 362 153 220 211 245 120
534 86 569 313 726 298 640 393 346 251 566 412 309 358 717 432 380 135 664 459 430 235 627 767 418 110 632 441 663 213 572 378 344 208 561 303 366 308 623 447 486 160 524 469 377 211 616 426 773 160 734 808 345 333 541 328 324 361 538 338 427 147 623 436 382 106 572 390 291 193 595 202 351 250 595 539 368 205 552 290 769 252 600 396 290 253 525 369 267 387 522 431 371 229 576 307 434 265 670 444 224 1047 591 437 294 265 661 374 263 135 660 435 311 158 599 451 837 226 456 757 448 238 513 678 439 159 574 460 321 243 571 293 194 300 538 468 458 228 509 304 383 223 604 379 351 252 582 453 366 158 660 422 338 274 503 315 401 260 709 361 215 329 390 169 544 297 528 411 309 125 530 488 399 119 563 253 360 170 554 415 479 279 373 330 303 120 574 510 362 197 638 581 264 177 696 335 889 237 559 461 389 255 570 427 335 191 431 574 283 322 535 382 347 502 592 424 181 285 524 362 205 444 498 348 308 978 697 262 295 424 654 389 323 211 509 507 322 748 507 320 297 144 197 449 355 0 444 441 417 195 529 164 778 264 501 564 398 274 538 256 378 176 619 538 249 342 593 421 434 402 445 462 379 322 544 670 483 206 490 557 405 219 505 317 1032 240 428 331 177 155 639 425 430 374 684 416 331 139 698 122 285 193 522 395 187 214 485 450 466 337 680 623 357 280 610 181 309 352 746 408 378 75 456 355 390 304 508 473 275 206 562 480 350 310 475 466 284 207 118 337 267 341 887 382 285 108 541 410 258 184 383 446 461 986 484 471 604 212 851 378 333 232 659 583 386 227 557 361 395 52 629 419 508 310 840 1087 932 236 557 376 149 225 572 449 315 222 613 418 433 142 586 386 242 312 779 396 224 240 619 503 220 184 618 965 348 155 493 408 481 191 794 377 479 247 540 379 347 276 544 214 342 244 490 317 262 319 517 499 333 223 567 292 314 101 626 513 303 174 571 328 426 758 670 549 300 146 586 715 243 256 608 498 429 233 560 510 365 166 637 438 355 795 582 362 320 297 602 447 412 258 527 416 302 243 532 583 405 288 522 365 342 187 609 328 354 431 581 381 464 830 443 425 454 131 623 363 159 167 541 421
260 360 209 132 304 172 197 180 325 195 133 36 304 110 311 134 398 317 236 336 499 235 204 501 231 356 203 128 253 232 128 215 288 252 122 162 357 144 226 226 451 289 80 182 197 273 188 169 477 288 325 594 150 133 199 266 267 413 103 131 226 362 215 606 212 345 192 123 383 352 686 249 277 269 160 105 358 243 201 180 718 271 171 124 232 214 170 139 228 428 152 274 242 227 398 137 324 255 233 190 370 713 184 194 266 214 252 129 324 309 303 122 446 412 164 160 648 220 68 475 232 222 162 648 395 311 196 90 231 220 208 203 331 199 108 177 434 234 67 225 187 239 165 235 335 367 175 13 374 290 277 146 473 349 63 240 383 185 316 174 252 133 163 278 326 147 112 196 268 320 155 96 127 344 160 231 331 314 143 243 343 207 85 144 200 328 135 364 322 305 253 308 394 268 287 265 575 212 126 210 343 238 153 201 374 265 60 292 294 125 90 138 267 321 204 100 270 178 82 196 283 365 79 155 224 607 353 261 449 27 227 139 404 269 87 129 316 305 105 140 315 312 548 215 274 444 0 197 345 320 135 313 775 183 113 253 326 241 232 202 409 313 233 148 260 190 250 198 321 142 83 175 221 281 100 654 348 263 60 321 279 282 177 164 635 263 232 165 367 293 223 221 59 77 240 115 275 344 294 339 434 301 79 252 274 294 53 150 261 108 272 291 215 270 212 344 299 100 302 95 322 375 131 167 326 179 98 215 339 254 119 287 245 236 128 238 250 240 510 154 320 255 519 226 313 376 295 229 303 271 131 58 163 604 146 245 336 254 587 122 364 267 287 262 334 251 196 177 231 422 210 192 194 135 671 691 547 211 163 110 320 220 183 142 140 248 223 73 286 309 169 140 325 155 686 138 341 269 287 302 287 277 232 603 265 331 147 251 233 263 355 116 287 198 162 93 317 242 242 251 308 203 212 197 298 143 104 196 257 223 124 154 246 346 208 230 340 292 212 116 314 634 303 242 304 300 158 421 241 225 212 305 364 278 250 89 353 280 264 344 190 481 142 86 221 159 216 201 272 382 137 99 326 218 185 177 335 157 219 153 266 271 592 299 272 137 177 118 368 743 65 109 246 334 194 124 396 287 174 176
97 360 141 209 317 161 294 50 170 258 212 178 172 138 294 63 229 351 273 141 326 321 235 351 44 393 248 70 250 274 250 67 139 319 222 162 192 178 207 411 260 289 224 36 64 230 234 30 344 291 492 424 114 147 110 134 137 253 202 140 35 309 215 447 62 370 155 91 251 276 501 252 126 195 234 198 192 253 123 165 521 193 226 86 151 305 107 96 174 260 117 82 86 223 207 219 133 178 294 9 272 611 192 5 158 317 248 100 215 329 221 76 307 340 237 42 471 274 134 332 35 212 98 451 209 281 155 115 123 206 143 150 262 144 191 40 246 219 208 137 58 224 248 76 177 256 185 209 209 293 229 53 326 229 197 131 206 229 279 84 228 154 334 313 519 218 168 30 148 336 124 131 82 322 169 188 168 273 173 57 146 165 151 277 140 325 228 167 159 249 211 505 274 292 278 128 457 227 295 22 168 186 189 15 222 256 137 139 182 187 232 84 121 125 176 97 268 176 212 79 236 175 162 108 134 538 256 182 316 176 262 77 258 230 168 120 175 419 144 160 188 298 469 18 120 441 197 0 161 401 142 277 578 214 128 123 148 357 97 201 242 268 196 143 193 100 155 20 130 66 116 35 69 147 234 457 152 236 176 142 97 224 79 140 594 361 41 122 295 295 237 32 138 165 337 84 138 397 275 377 305 251 215 78 256 232 179 51 64 187 263 182 86 392 196 278 169 230 386 108 151 392 72 93 151 147 154 34 219 239 237 91 104 134 88 44 161 286 460 121 210 117 446 68 194 417 489 48 205 262 91 141 45 546 80 51 533 231 439 103 213 210 224 143 161 215 131 83 61 399 232 22 73 212 490 648 493 233 157 117 292 264 161 58 168 221 193 126 94 302 197 80 229 155 492 74 250 368 179 108 224 259 195 524 119 391 87 69 48 257 406 109 91 254 133 133 162 166 103 230 157 228 49 125 198 157 158 62 124 267 239 231 134 364 228 72 205 350 141 209 126 443 233 109 178 327 213 617 198 187 193 110 177 212 119 167 188 287 205 154 87 360 295 173 121 262 181 7 87 266 138 100 194 208 106 184 154 210 82 90 124 258 396 157 120 60 182 104 174 549 133 89 49 377 244 115 326 278 125 27
189 355 280 307 456 233 453 166 71 328 372 319 111 254 423 217 78 376 423 49 166 388 387 361 118 411 402 227 391 324 411 132 86 375 383 241 58 268 349 536 109 304 383 193 150 232 389 181 378 308 652 391 213 247 251 112 115 108 362 243 126 270 362 292 134 383 302 223 143 225 342 283 88 187 393 359 57 289 264 232 400 183 383 222 172 380 260 212 202 105 274 80 107 262 162 315 33 180 448 170 199 651 344 162 142 396 389 222 155 346 329 230 177 275 396 202 421 333 290 357 131 251 254 318 50 273 300 273 145 246 283 198 224 196 351 198 89 250 366 165 159 253 408 112 67 172 339 358 69 308 354 203 186 146 356 143 49 298 401 178 247 253 454 347 650 308 328 151 127 350 280 291 218 307 325 215 57 257 332 105 68 210 277 383 192 325 389 96 56 229 343 645 174 325 413 107 493 278 454 161 28 207 347 151 98 275 287 215 140 287 392 209 98 106 321 247 287 244 372 155 231 29 322 205 163 611 343 178 192 321 413 206 130 235 328 280 96 577 305 254 121 298 377 149 87 417 345 161 0 450 301 265 442 283 289 232 24 437 218 253 91 250 333 300 194 171 275 152 36 204 271 195 125 108 394 320 71 249 335 171 67 214 231 220 684 430 120 206 242 309 384 130 287 292 494 231 104 426 407 399 187 235 374 93 267 214 336 211 118 296 400 282 138 471 341 236 112 347 540 251 42 394 232 188 30 216 315 166 143 261 398 107 114 150 249 139 163 336 393 214 150 111 524 120 134 434 624 118 163 278 217 294 206 628 240 136 674 249 440 228 94 209 343 250 31 231 276 175 115 367 382 157 218 308 427 734 581 286 312 242 282 320 311 218 261 242 333 272 69 306 353 206 175 240 388 207 193 436 280 121 210 269 332 591 99 426 246 95 156 279 551 235 107 321 288 261 71 179 216 252 79 286 184 181 160 250 319 207 115 323 400 320 139 373 379 191 116 392 279 315 36 353 345 223 120 352 371 765 218 219 338 112 19 201 230 328 57 308 330 23 164 406 455 294 155 355 323 160 75 173 297 246 115 250 254 337 14 293 210 198 101 272 254 95 89 214 335 231 47 444 286 239 122 402 398 232 267 288 276 174
497 150 497 205 623 241 512 352 385 144 452 295 343 274 626 365 447 89 556 477 527 86 522 751 398 87 522 370 568 130 443 356 364 81 441 239 417 225 535 257 547 154 397 416 346 222 507 376 743 149 563 817 287 257 474 339 336 439 422 264 403 238 528 574 358 105 490 320 372 272 715 167 364 264 479 424 419 162 483 237 844 269 490 327 281 106 451 307 250 466 441 428 364 190 586 196 453 270 552 400 311 1004 496 396 308 106 567 307 315 118 595 362 418 285 483 392 858 127 357 733 422 201 439 756 489 196 494 369 312 207 498 263 257 267 426 413 519 201 386 291 346 197 484 367 394 333 487 323 425 150 581 361 450 340 383 311 455 172 625 318 203 251 215 104 349 191 425 376 323 121 448 393 331 185 469 236 399 214 455 401 494 247 277 178 271 154 455 526 396 237 557 390 357 126 602 345 854 178 412 422 428 244 468 392 401 177 332 538 315 224 406 320 356 501 508 343 165 226 401 331 225 479 391 293 294 913 640 272 408 308 546 328 407 218 401 421 361 603 410 243 340 172 379 415 367 195 320 401 450 0 438 206 871 186 410 514 426 92 488 205 450 221 537 449 257 308 531 385 452 341 354 408 360 343 416 753 500 202 377 540 410 242 440 261 950 60 406 279 269 150 539 399 330 270 552 342 346 56 607 81 393 229 397 389 187 247 370 387 449 233 586 568 337 87 521 255 341 220 615 325 409 126 383 308 420 256 407 434 335 189 436 471 347 305 398 439 287 117 307 280 317 345 822 365 328 88 348 391 298 175 317 344 401 914 412 445 411 201 839 307 394 243 586 531 421 220 483 320 378 211 527 380 450 201 870 1006 857 171 467 297 193 137 486 383 235 208 528 325 435 161 485 325 298 245 837 334 292 56 564 494 247 185 536 905 356 42 419 399 448 173 673 303 470 147 457 291 382 272 496 199 373 174 445 286 298 245 415 444 338 134 442 179 314 117 525 469 358 58 500 214 442 803 600 500 336 106 477 522 232 233 520 491 468 253 510 403 414 146 563 465 321 757 439 257 305 161 519 407 412 346 437 334 350 204 463 488 436 194 471 311 351 181 688 357 365 365 487 307 495 893 345 347 433 72 513 291 275 170 463 375
153 444 75 234 197 232 152 163 310 299 72 146 307 173 190 106 371 415 140 274 467 352 101 371 187 457 110 95 134 329 116 198 277 362 86 226 335 225 97 358 393 369 107 109 186 329 95 132 344 370 359 471 187 197 75 266 269 395 72 191 177 418 94 589 193 440 57 141 388 394 637 328 264 306 92 67 334 325 72 240 626 306 85 136 261 331 49 164 273 402 30 221 223 300 300 243 271 289 155 134 398 579 62 142 282 336 133 156 343 400 168 98 446 458 95 104 527 322 81 343 170 291 50 567 347 377 61 70 243 287 74 244 376 238 58 104 383 302 98 249 175 307 106 214 318 387 53 140 352 372 145 121 467 362 91 253 348 278 188 183 317 201 298 375 448 249 35 162 277 410 27 45 134 416 34 283 310 374 31 199 273 256 163 273 236 409 89 284 300 356 120 419 408 359 168 261 440 294 176 140 310 285 48 155 363 339 106 173 309 217 112 152 257 239 71 105 348 245 94 195 338 311 58 186 246 477 218 295 455 135 129 146 398 327 53 24 312 276 30 210 321 387 593 152 259 529 135 142 301 438 0 376 693 269 28 131 290 368 117 273 384 371 100 12 301 205 118 157 268 136 86 108 202 281 109 576 277 327 79 216 239 330 73 214 513 385 183 203 411 375 110 174 107 168 195 115 272 452 171 440 442 355 98 219 344 341 86 98 189 206 151 158 211 400 83 391 303 223 245 121 294 468 82 185 293 228 39 137 352 324 104 211 237 253 60 165 276 339 571 194 338 250 387 204 325 480 414 190 328 346 149 94 98 476 63 170 446 319 455 152 354 314 152 134 303 309 64 185 200 496 100 153 91 238 554 569 420 296 29 154 387 317 49 94 216 311 91 115 232 387 59 149 353 218 586 140 372 391 155 216 333 348 99 471 255 441 55 211 151 339 274 152 211 299 28 152 302 275 127 318 296 289 123 225 322 211 34 99 256 320 104 260 257 438 98 129 342 400 79 224 265 529 168 124 311 394 71 513 294 279 82 222 316 321 129 51 330 364 129 291 197 346 166 181 237 277 82 142 229 398 5 114 329 287 63 53 296 251 111 171 259 343 519 294 258 108 52 149 307 640 93 106 180 437 104 166 443 362 44 139
369 91 409 189 572 147 500 230 194 149 421 277 154 211 559 274 246 120 514 302 321 178 476 605 254 148 482 283 507 116 435 214 184 153 419 154 221 169 466 389 350 54 389 306 213 48 466 264 610 59 628 652 189 186 379 166 162 235 396 190 263 51 468 374 217 120 414 234 166 68 509 73 190 86 450 395 223 81 391 138 644 89 452 240 126 184 366 212 105 262 365 269 207 86 418 188 277 101 523 281 106 883 437 273 132 201 506 219 115 89 498 279 213 105 454 290 685 132 308 594 284 91 354 555 296 10 415 308 157 93 411 133 51 139 393 306 321 79 372 140 220 74 460 215 201 127 429 323 226 57 499 262 245 136 365 150 259 138 549 199 61 183 314 106 502 176 380 248 147 90 373 337 242 46 410 93 209 8 403 251 321 120 232 238 141 61 431 353 208 36 478 523 151 89 540 173 725 104 436 297 239 92 419 264 199 52 286 410 125 189 400 225 185 340 435 271 55 137 386 199 41 293 352 190 143 815 533 98 204 288 503 231 201 49 363 353 169 616 357 175 145 35 238 285 194 164 313 277 265 206 376 0 668 134 349 400 243 234 374 111 248 15 460 383 84 180 430 257 276 243 295 300 214 162 408 551 326 50 349 393 243 55 344 162 870 210 263 173 70 57 485 261 285 237 546 261 170 168 540 139 189 30 385 231 41 52 344 290 303 206 523 459 193 259 453 51 153 238 606 257 224 130 298 194 236 148 360 309 132 60 424 317 187 146 319 302 120 121 198 181 118 178 723 218 132 171 488 246 102 48 226 300 300 823 326 306 549 59 690 224 193 68 497 420 234 67 397 199 230 123 476 255 345 187 692 924 770 108 402 225 17 122 415 290 173 66 455 271 271 45 434 228 95 163 644 238 86 214 456 340 57 38 459 800 186 173 334 244 317 57 647 225 316 141 384 233 193 111 380 62 186 116 326 155 105 173 368 336 170 122 428 177 150 109 473 349 158 150 410 205 267 616 508 386 145 100 438 657 82 97 451 335 280 69 396 364 219 64 476 284 192 631 455 226 156 200 444 283 249 140 373 263 153 95 372 429 251 161 359 206 180 46 486 171 193 272 427 227 311 698 297 270 290 144 475 211 90 41 383 259
541 746 638 749 769 674 829 601 493 765 763 754 533 695 723 641 425 787 770 440 350 822 745 462 546 813 763 648 722 755 809 571 522 804 779 683 459 710 693 977 334 718 795 598 589 651 756 606 515 723 1050 370 654 689 622 550 552 432 764 685 550 648 712 370 573 785 666 658 502 606 207 709 528 611 774 759 457 716 630 672 89 607 758 656 609 816 644 651 636 406 663 502 549 693 396 756 456 609 803 586 567 680 710 582 574 833 720 660 556 757 621 654 467 621 775 618 327 766 712 489 543 684 644 127 394 677 662 692 586 679 641 637 617 637 751 604 359 680 780 604 597 682 788 552 483 542 709 787 448 721 665 629 440 532 771 582 422 736 692 618 672 695 896 768 1090 750 727 581 561 757 667 702 652 699 703 648 481 660 717 535 432 648 716 825 632 726 780 413 486 634 670 1082 521 746 726 547 570 712 866 567 456 638 728 574 471 695 715 531 560 729 801 646 539 458 677 675 707 684 782 596 646 417 733 647 603 735 596 606 483 753 763 642 467 655 736 679 515 939 708 696 534 703 635 561 528 778 775 578 442 871 693 668 0 721 693 573 465 874 578 690 421 652 672 687 620 613 607 578 458 636 694 604 565 541 800 122 427 671 750 480 503 630 621 662 831 862 543 648 615 722 732 554 716 731 860 661 541 836 714 806 494 643 785 531 685 625 754 628 515 738 721 585 580 906 692 622 536 788 885 683 478 786 648 629 469 657 720 565 537 686 797 490 556 589 658 539 597 766 698 656 555 551 685 559 545 834 1063 549 575 697 654 719 617 766 643 533 1110 674 465 665 478 631 648 580 464 657 642 615 551 727 737 584 603 750 293 860 748 720 690 680 682 753 679 635 703 669 679 703 491 713 726 642 574 682 160 642 581 867 586 479 625 686 672 704 540 840 647 528 548 700 865 673 490 757 670 699 498 612 570 677 508 721 574 623 575 692 721 596 555 755 797 761 577 773 734 564 514 814 635 757 466 219 638 574 540 766 751 1195 648 653 689 474 423 620 573 735 462 725 650 437 605 550 859 734 596 796 672 574 508 531 689 677 523 683 631 707 455 734 582 638 541 691 188 524 530 638 704 669 410 151 712 666 530 812 764 672 622 702 654 600
311 179 319 55 464 55 376 166 229 46 302 148 191 96 459 183 301 146 401 301 396 109 364 565 214 189 368 189 403 61 308 173 199 105 296 53 264 45 366 274 388 106 261 231 161 103 352 190 558 105 494 633 101 74 294 172 170 304 274 81 218 185 363 477 174 171 317 138 250 186 590 66 195 121 331 274 265 60 304 53 683 125 336 144 113 98 273 122 87 327 267 247 185 49 404 54 279 116 405 214 214 821 331 210 149 113 402 123 185 132 416 182 311 238 335 208 676 59 192 547 236 49 261 600 328 131 319 199 138 51 320 85 164 87 273 229 363 60 246 118 160 63 339 186 239 221 322 192 277 108 407 177 342 214 239 140 300 16 454 132 78 69 193 106 389 43 265 190 161 142 274 226 148 162 303 78 241 136 292 218 317 73 109 115 92 146 310 347 235 136 384 402 250 90 437 176 669 30 304 236 266 88 307 206 262 84 167 352 167 58 272 136 185 319 336 166 88 41 260 147 113 311 234 107 120 736 459 122 308 160 391 143 281 99 245 249 209 488 245 60 194 130 372 229 196 264 183 214 283 186 269 134 721 0 241 330 259 155 303 34 308 138 364 279 111 124 350 199 277 157 183 223 177 181 281 600 323 87 226 354 232 119 259 75 780 151 221 93 196 111 377 214 167 110 421 162 181 186 440 172 292 130 258 209 94 131 221 204 264 74 420 386 156 189 352 173 188 105 482 149 244 199 204 122 254 72 245 248 204 75 298 287 171 133 221 253 126 73 328 94 184 172 644 183 186 212 371 207 163 90 133 182 218 739 233 259 429 79 653 124 252 109 409 347 258 84 306 134 195 239 366 194 267 53 690 836 684 29 298 118 138 50 314 201 54 76 356 156 255 127 323 140 177 59 668 149 185 157 382 310 125 97 363 726 184 178 240 218 262 81 529 121 286 40 284 117 223 111 311 75 213 20 259 105 159 61 254 260 167 54 303 47 145 169 364 284 218 137 322 71 268 629 422 315 186 125 322 534 83 72 350 308 302 122 326 246 260 98 387 294 137 572 324 98 129 79 347 221 232 237 267 157 206 47 283 322 269 27 287 125 182 90 534 198 194 183 321 126 323 725 180 169 248 169 360 109 222 105 287 189
157 416 96 206 225 204 168 142 292 270 85 120 286 145 218 83 356 387 166 266 454 324 127 388 172 429 135 72 162 301 123 178 258 334 94 198 318 196 126 339 385 341 102 98 165 302 119 113 364 342 365 484 160 169 86 245 247 378 74 163 163 392 122 574 173 412 82 115 368 369 628 300 245 281 110 70 318 297 88 212 628 281 107 109 237 304 58 137 247 387 39 210 204 272 303 215 260 264 178 119 375 604 90 127 259 308 161 129 320 372 192 73 427 433 113 87 540 294 54 362 159 264 52 566 336 350 86 42 220 260 95 218 351 212 62 92 373 274 89 224 153 280 123 195 300 364 81 120 336 344 172 99 449 340 80 230 334 250 216 159 289 173 276 346 433 220 40 144 254 382 42 18 108 388 62 256 293 347 55 185 267 229 134 246 210 381 100 281 283 330 147 408 386 331 196 241 463 266 174 130 296 259 71 139 345 311 78 183 287 188 109 126 237 236 98 78 320 217 89 172 311 301 42 159 222 504 241 270 434 110 155 120 380 300 43 16 293 293 16 182 300 359 568 141 240 501 113 128 289 410 28 349 693 241 0 142 276 341 124 245 369 344 127 39 276 180 137 140 257 112 58 95 183 260 108 574 272 300 63 221 225 304 72 187 542 358 169 176 386 347 138 160 79 140 213 88 252 423 199 412 422 329 92 203 316 315 69 79 182 178 180 178 189 374 111 365 282 196 267 93 278 439 61 160 278 201 28 130 330 297 110 205 216 229 40 157 252 311 545 167 315 230 414 185 303 451 400 174 305 318 123 67 83 504 51 163 435 292 474 125 335 288 178 149 288 282 82 161 183 469 127 136 91 209 565 597 447 268 58 126 360 289 76 74 188 284 118 86 221 360 85 124 329 190 590 115 348 364 174 214 307 320 126 497 235 413 46 196 146 311 299 124 205 271 49 124 284 250 134 290 278 260 119 200 298 183 30 97 235 292 111 231 234 410 125 130 321 371 99 196 254 535 194 133 289 366 92 507 267 252 110 219 305 295 140 42 314 336 155 281 173 368 169 153 213 250 109 129 215 376 27 86 309 259 73 81 283 222 115 146 239 316 515 274 239 86 80 121 299 646 65 79 171 409 128 138 418 335 61 121
43 483 65 313 226 279 257 171 270 370 194 251 284 241 192 150 310 471 204 190 392 431 175 249 151 513 192 146 164 391 242 187 247 433 212 278 281 289 126 480 299 411 238 99 187 353 184 141 231 413 478 342 230 257 56 249 253 338 202 250 141 431 143 521 183 491 93 194 355 395 540 374 235 317 202 197 280 373 60 285 502 315 186 188 274 413 85 208 297 337 105 161 201 344 177 323 198 300 235 120 387 492 138 127 278 422 162 208 330 450 102 154 403 459 203 122 397 389 186 225 122 333 91 448 266 404 90 165 245 328 68 272 383 266 188 101 297 340 228 260 181 346 216 191 274 368 137 261 296 415 122 153 416 339 221 252 281 343 170 205 350 263 412 432 576 325 166 152 266 458 104 158 183 445 132 311 263 395 149 159 181 287 244 371 262 447 210 180 255 371 113 549 382 412 182 242 340 346 306 103 251 309 157 136 318 378 204 43 299 292 242 194 233 138 105 177 390 294 225 202 359 230 184 225 256 415 133 304 416 243 195 186 354 353 182 126 282 371 155 271 299 421 583 116 229 564 253 123 232 514 131 400 573 330 142 0 230 460 27 320 323 390 107 121 316 222 43 143 196 173 177 107 188 261 239 460 183 359 205 93 188 347 79 258 473 470 143 241 415 417 165 142 205 256 290 174 251 515 175 497 407 373 229 183 379 354 211 127 118 287 170 59 208 494 122 398 281 321 323 194 242 514 135 213 236 267 167 91 331 362 231 125 221 256 128 105 283 403 579 237 325 233 323 186 308 538 543 159 323 384 198 198 113 424 110 104 576 353 336 207 311 332 112 20 246 338 71 204 175 522 167 145 65 316 423 526 371 351 120 218 415 380 106 132 279 344 110 203 168 425 154 189 346 271 457 180 368 476 56 116 347 382 106 401 231 508 107 170 87 379 323 212 125 367 104 228 263 289 20 353 261 345 74 247 317 270 164 70 241 384 230 338 254 486 164 52 312 467 62 309 197 399 116 15 291 448 179 644 321 310 119 125 240 334 4 181 278 409 98 214 209 243 293 267 244 364 102 117 178 375 127 185 303 329 69 135 232 320 43 206 237 380 407 266 229 149 132 207 219 511 193 171 122 496 192 223 445 400 88 144
188 333 274 284 452 209 442 147 52 304 360 299 89 233 421 201 82 353 415 62 178 364 379 376 104 388 393 211 386 300 397 112 62 351 369 218 51 245 343 513 131 281 367 181 130 209 379 166 390 285 637 411 191 225 245 88 91 109 348 221 113 251 355 300 114 360 294 203 132 206 360 260 64 164 382 345 50 265 258 208 424 160 373 202 148 356 250 191 177 112 263 71 86 238 179 291 39 156 439 156 182 664 335 148 119 372 384 201 135 323 330 214 173 259 384 188 442 309 273 370 121 227 244 342 72 251 293 257 121 222 277 174 204 172 338 186 109 226 350 141 139 229 396 91 50 157 330 339 66 285 352 186 186 129 340 119 59 274 400 157 224 230 431 323 627 285 315 135 103 327 270 277 199 286 315 191 40 236 321 91 82 186 255 360 168 303 376 113 36 207 339 624 162 301 409 83 505 254 437 151 21 183 336 136 90 251 268 217 118 264 376 189 74 114 314 229 264 220 357 134 208 53 307 183 139 620 348 155 187 301 405 187 124 212 314 268 75 566 291 231 100 275 366 138 63 398 326 148 24 426 290 243 465 259 276 230 0 413 214 229 96 228 328 290 171 149 272 136 40 185 254 182 105 84 379 343 86 226 319 179 51 192 222 197 690 406 107 183 224 286 377 116 269 271 484 213 80 403 404 376 180 213 359 75 244 191 320 197 113 273 395 283 116 447 334 216 90 324 531 232 20 372 217 166 8 192 301 157 125 238 384 108 91 126 235 132 139 312 379 191 130 87 532 100 113 412 602 102 141 255 197 276 193 635 227 130 653 226 456 207 84 185 342 250 16 207 269 153 96 347 374 141 210 285 449 741 587 262 302 221 260 296 303 203 237 219 328 253 63 284 343 186 156 217 412 188 174 412 281 125 188 246 328 600 75 403 235 80 150 255 545 214 107 297 278 240 50 155 213 228 57 261 176 158 138 227 306 199 91 299 386 296 115 350 371 186 99 369 273 292 35 377 346 220 98 329 361 745 194 195 331 118 43 178 228 313 48 285 328 41 142 417 440 272 131 332 317 148 61 159 285 228 96 226 246 328 10 270 205 177 77 249 277 72 65 198 326 211 69 468 269 221 114 379 389 211 250 265 267 158
449 211 433 148 545 208 427 311 381 109 373 222 341 220 552 310 450 145 476 456 540 56 445 704 364 165 443 313 493 123 359 325 353 82 360 202 415 180 463 172 541 180 314 365 311 230 429 328 691 176 472 781 245 210 414 326 324 449 343 216 366 277 454 606 325 172 423 268 388 301 733 171 349 265 399 345 417 163 421 207 837 269 411 274 266 58 388 260 238 473 376 400 339 182 555 138 433 265 469 354 337 944 422 352 300 42 492 257 325 162 532 305 443 331 403 340 826 109 288 683 383 190 377 753 482 225 427 303 293 195 434 240 281 242 348 361 516 195 305 273 308 194 402 340 391 353 414 242 426 178 513 310 475 353 303 294 452 139 554 281 206 203 123 131 275 139 350 336 313 170 381 323 279 230 397 226 393 240 381 370 471 227 216 96 247 199 374 501 388 256 488 308 380 145 528 330 798 162 323 377 420 236 392 350 408 189 263 489 315 170 322 272 339 470 438 283 181 195 319 298 237 465 317 252 274 844 579 268 436 234 468 280 421 226 326 354 359 514 338 197 341 206 443 373 351 274 241 357 437 92 368 234 874 155 341 460 413 0 434 184 456 245 468 380 255 276 471 344 432 292 288 356 330 333 333 753 477 209 300 499 387 251 382 225 876 35 371 243 303 179 463 362 262 205 466 286 335 139 534 152 420 248 316 362 201 259 293 333 413 173 512 510 309 35 449 284 338 145 528 265 398 200 325 269 409 225 334 388 345 194 353 437 326 288 336 398 277 114 378 239 325 327 755 335 332 174 268 357 304 190 267 274 348 843 352 405 331 205 792 255 399 246 519 474 412 219 419 283 347 279 450 338 395 145 842 932 786 154 397 243 226 122 417 328 190 208 458 260 408 197 409 277 311 206 823 284 312 37 506 459 257 201 467 838 339 123 358 370 404 183 588 250 436 117 390 232 376 262 443 201 366 153 396 259 302 201 341 391 322 120 359 126 299 181 449 419 364 103 436 151 422 783 534 446 335 148 399 443 227 221 449 458 456 259 456 328 412 170 496 448 288 701 351 193 284 95 450 363 386 368 368 275 353 191 402 415 424 149 418 268 336 194 687 350 349 312 415 255 478 880 277 289 396 144 434 241 318 193 398 330
37 457 65 287 238 252 253 145 250 343 184 227 262 215 207 123 295 445 209 179 381 404 176 273 129 487 193 121 173 364 232 163 226 407 201 251 265 262 132 458 293 385 224 72 162 327 182 115 257 387 472 363 203 231 44 226 230 323 189 224 118 406 147 509 159 465 91 167 335 372 536 347 213 292 197 184 264 347 52 258 510 290 182 161 249 387 68 181 271 323 88 144 178 318 183 297 185 275 237 94 365 518 136 101 254 396 171 181 308 423 125 129 385 435 198 95 416 362 164 250 100 307 72 453 256 379 88 143 220 301 68 246 359 240 175 74 288 314 212 235 155 320 211 168 255 346 133 241 280 388 139 126 400 318 204 228 267 316 188 179 324 237 389 405 556 298 152 127 242 431 90 139 157 419 125 285 245 370 139 137 173 261 218 346 236 421 201 176 236 346 125 532 361 386 195 220 366 320 293 79 235 284 149 111 300 352 181 60 276 265 228 168 211 132 106 152 363 267 210 176 334 219 166 198 231 440 159 280 397 220 199 160 336 327 166 108 261 372 138 245 278 395 561 92 208 538 232 97 218 488 117 374 578 303 124 27 214 434 0 294 308 365 115 109 291 196 60 117 182 147 154 80 164 239 226 463 176 333 187 99 169 321 55 231 497 443 121 214 391 391 170 119 182 231 289 148 229 489 190 471 388 348 214 162 353 329 193 101 101 261 182 85 183 468 126 374 259 296 327 169 225 488 110 187 219 241 150 67 310 336 220 113 198 231 104 85 258 376 555 211 302 210 349 162 286 511 524 136 300 358 171 176 86 449 86 85 559 327 360 181 292 307 131 45 230 312 65 178 152 497 169 119 40 290 441 551 396 325 111 192 389 354 102 106 252 318 116 178 151 399 149 163 323 244 469 154 344 450 81 109 322 356 115 427 209 481 85 149 66 353 333 186 113 341 92 202 243 263 10 327 241 319 48 221 293 243 149 43 218 357 220 311 230 460 166 29 292 440 63 283 182 412 137 12 269 421 173 630 295 284 122 117 228 309 23 164 261 383 114 202 184 269 283 241 219 339 107 92 159 354 113 159 282 303 54 131 217 294 16 180 214 354 409 245 208 123 128 181 210 523 170 145 102 470 191 196 422 374 76 118
298 171 316 83 470 43 390 151 197 75 313 166 158 102 461 179 268 151 409 275 362 135 371 549 194 193 377 187 407 75 324 151 168 125 310 47 232 58 368 307 357 96 278 222 142 73 361 179 544 97 520 612 92 77 289 141 139 270 286 82 199 160 367 444 153 172 317 135 217 156 557 55 165 88 342 286 233 54 300 36 653 92 346 141 81 127 271 115 54 293 267 224 159 27 381 85 251 83 416 201 182 811 335 196 116 144 405 119 151 130 411 180 277 211 346 201 653 80 201 532 219 20 259 569 297 109 319 204 110 19 318 58 134 62 284 220 331 32 262 89 144 37 352 162 207 188 326 213 244 99 406 170 308 180 254 110 268 47 454 117 50 74 227 112 423 74 273 174 129 139 274 232 144 145 307 45 209 112 299 196 291 44 121 148 67 136 322 322 204 107 383 435 217 92 440 146 657 27 326 222 235 54 314 190 228 67 177 339 134 79 289 129 156 296 337 168 75 29 275 127 84 282 244 96 91 731 451 88 275 177 399 137 247 69 255 251 176 506 251 65 161 115 347 214 167 256 202 201 253 205 273 111 690 34 245 320 229 184 294 0 275 112 364 282 77 104 344 183 250 150 189 214 155 149 297 568 297 61 239 336 206 88 254 63 779 177 202 80 168 102 383 195 177 126 436 161 150 196 442 177 259 101 274 184 73 100 234 198 245 96 424 378 133 218 354 145 155 134 496 152 214 197 201 108 224 53 253 235 171 53 313 266 144 104 220 236 93 88 309 84 150 144 639 160 152 217 404 186 129 73 128 192 211 736 230 242 462 52 636 122 219 76 407 338 227 52 303 118 173 225 373 179 259 82 666 835 681 34 301 120 119 68 316 197 62 47 357 163 230 114 330 133 144 56 640 143 152 183 374 289 93 77 363 720 155 191 238 194 247 65 540 121 265 68 285 124 191 78 301 49 182 32 248 81 126 64 262 252 138 71 318 80 115 168 370 272 185 151 318 99 241 602 419 306 153 127 331 566 49 38 352 287 272 89 316 256 228 91 384 265 117 561 344 116 102 113 347 207 208 204 271 159 173 17 280 327 239 57 277 114 152 71 503 166 165 178 325 125 295 697 189 169 229 176 369 107 195 90 287 177
280 331 369 345 546 269 536 234 85 349 453 379 117 307 514 291 13 367 511 138 91 402 474 435 198 395 489 302 481 335 490 197 121 384 462 279 52 306 438 577 109 297 457 276 214 230 475 257 458 302 726 448 264 294 340 146 146 20 441 291 207 236 451 205 200 367 390 286 87 190 284 289 133 192 476 438 52 296 353 264 397 187 468 287 198 399 346 270 222 19 359 166 169 275 234 351 125 192 535 251 154 728 431 242 160 417 479 281 135 337 420 304 93 223 479 282 467 347 362 435 217 267 339 308 74 257 389 347 183 262 372 229 198 230 431 281 81 261 440 197 225 262 490 177 75 127 425 422 35 300 445 276 95 111 430 177 43 322 492 235 252 298 495 346 693 342 409 226 151 337 365 369 284 283 410 231 79 240 415 185 153 237 332 419 227 308 469 174 88 214 433 696 114 325 503 146 570 294 526 246 74 221 431 230 49 274 354 305 142 329 467 271 143 195 409 317 286 275 447 213 225 100 398 257 197 697 433 188 110 383 501 271 57 234 405 362 100 661 384 296 115 283 302 233 135 378 409 242 91 450 384 248 421 308 369 323 96 456 308 275 0 232 423 385 201 222 366 229 127 271 342 277 190 133 470 303 154 250 408 260 145 209 317 262 772 442 202 252 203 301 473 210 354 346 579 300 136 416 497 387 110 222 449 166 264 204 409 290 207 341 490 373 194 487 430 206 121 391 626 316 91 371 310 243 92 253 394 253 116 265 476 198 165 182 329 227 183 345 332 262 133 155 611 187 125 417 671 195 154 276 279 363 287 714 322 225 725 253 508 288 57 211 434 342 81 237 364 232 186 326 470 234 305 345 466 821 669 302 397 300 263 334 398 295 301 249 423 338 157 293 438 270 153 280 401 273 163 447 371 211 204 265 422 675 145 420 329 173 245 279 640 294 198 341 374 319 93 198 307 257 102 305 271 222 154 292 399 294 155 336 479 352 171 355 466 280 93 392 369 356 126 380 437 313 122 345 455 822 230 237 427 203 86 199 321 405 56 304 421 111 219 489 530 345 194 386 412 243 156 120 380 314 103 266 341 424 91 325 300 256 143 270 239 114 137 288 421 292 119 454 356 309 210 392 484 288 219 281 363 249
359 105 401 192 567 144 498 222 180 157 418 277 139 209 553 267 231 135 509 288 306 190 471 593 243 164 478 277 501 126 433 203 171 165 417 153 206 169 460 398 334 68 388 298 203 42 462 256 598 73 631 638 184 184 371 153 149 220 393 187 252 49 462 361 207 135 407 229 151 55 495 80 176 74 447 392 208 89 384 135 629 77 448 235 116 194 359 207 98 247 359 256 195 89 405 192 263 90 520 272 92 871 432 264 119 212 500 215 99 104 489 273 200 100 451 282 670 142 305 582 273 91 347 540 280 25 409 304 146 93 403 126 37 133 390 298 306 79 371 131 211 75 457 203 186 112 423 324 211 71 492 255 232 121 363 139 243 143 541 192 61 182 322 120 512 180 376 238 134 105 367 333 237 58 404 88 194 7 398 240 307 115 230 245 135 76 429 339 194 22 471 531 137 102 533 160 713 109 437 287 224 85 415 254 184 59 283 399 111 190 399 219 172 327 428 267 65 136 384 190 33 279 349 185 134 805 523 87 191 288 499 225 186 44 360 347 155 615 352 174 130 50 236 275 181 176 313 268 250 221 371 15 652 138 344 390 228 245 365 112 232 0 453 378 74 172 422 248 262 236 291 291 204 149 407 536 312 51 347 381 230 44 336 158 861 223 252 168 60 71 480 250 283 237 544 256 156 184 533 154 175 17 383 219 47 38 343 283 291 207 517 450 183 271 447 39 138 242 603 253 209 144 292 188 221 143 356 299 117 63 422 305 175 135 313 291 108 132 201 177 103 166 713 207 117 186 497 235 87 57 221 298 292 814 319 295 558 59 677 220 178 58 489 410 219 63 389 191 219 132 471 246 337 190 677 916 761 114 396 221 32 131 409 283 173 65 448 268 258 60 429 222 80 161 629 232 71 227 446 328 45 45 452 790 173 188 328 232 307 64 643 221 304 148 377 230 179 102 371 63 172 121 317 148 91 172 364 328 157 132 426 182 138 124 468 339 143 164 403 209 254 601 499 376 130 114 434 665 77 93 445 323 265 57 387 361 204 77 469 269 183 619 455 227 146 207 437 273 237 126 368 259 138 95 364 423 237 164 350 200 167 53 471 157 180 266 422 223 297 683 294 265 279 159 471 207 84 53 376 250
148 535 55 333 124 322 162 233 361 396 124 246 368 268 99 187 410 511 98 294 496 451 75 296 236 553 93 178 58 425 169 261 334 460 144 318 378 320 21 448 405 460 186 161 255 413 90 199 260 461 387 404 274 290 86 329 333 437 145 284 225 498 41 624 257 534 47 230 445 469 647 420 320 384 119 141 377 417 73 330 597 383 99 223 339 431 95 250 356 438 98 257 282 391 279 341 300 367 131 189 467 481 55 198 352 436 56 245 411 494 76 184 498 534 118 172 465 419 181 265 210 381 106 550 371 463 45 168 315 376 53 328 454 321 134 159 403 391 183 325 245 396 130 272 367 451 62 236 394 463 45 198 514 424 179 324 382 375 90 261 404 295 394 470 530 347 122 223 343 503 91 145 220 503 73 368 357 457 92 246 287 341 260 372 319 499 136 287 348 437 20 494 469 453 83 323 346 387 240 183 349 368 88 210 413 429 205 143 377 314 185 237 316 245 29 198 439 336 173 267 421 334 154 271 322 377 127 372 509 235 91 230 448 412 146 116 369 267 130 304 383 475 665 197 315 619 233 196 333 537 100 460 672 364 127 107 328 468 115 364 423 453 0 88 381 282 66 215 297 218 183 165 264 343 177 563 289 414 173 197 282 411 118 303 416 485 229 289 488 466 60 224 207 267 188 203 333 549 80 536 499 437 178 270 432 420 181 170 216 304 68 91 279 500 25 469 364 323 217 215 338 561 163 266 333 315 135 174 415 413 163 228 299 325 144 197 351 436 651 282 405 313 287 264 390 576 495 242 399 435 237 194 162 377 135 198 518 407 374 242 404 396 55 94 344 394 65 262 256 583 66 214 123 336 495 472 321 390 71 247 473 413 51 170 310 398 11 212 266 477 75 233 423 309 548 223 444 491 89 222 412 436 1 371 314 539 126 258 179 429 218 244 228 396 80 249 354 353 118 406 350 383 154 306 393 304 129 134 320 416 159 358 327 531 63 143 400 497 55 323 297 487 71 112 374 489 99 572 378 364 24 230 344 400 108 144 375 456 34 317 272 256 219 280 311 377 18 192 271 461 100 207 389 377 90 60 332 348 123 255 319 432 512 352 314 188 58 240 325 599 192 196 214 533 96 257 519 452 78 206
146 453 64 245 189 240 153 167 312 309 76 158 310 183 180 112 371 425 134 271 466 363 95 359 187 467 106 101 125 339 123 201 280 373 92 235 335 235 87 370 390 379 118 108 190 336 91 135 331 379 364 460 194 206 66 270 272 396 80 200 177 425 84 589 196 450 44 149 391 400 634 337 266 313 93 75 335 334 62 249 619 312 84 143 268 343 43 171 280 402 26 220 226 309 292 254 270 295 152 135 403 566 54 143 287 347 123 165 348 410 155 105 449 464 96 107 517 333 93 331 169 300 47 561 345 385 48 81 248 296 63 252 383 245 66 104 381 310 109 255 179 316 108 216 319 391 46 153 352 381 133 126 468 366 102 258 348 289 177 189 325 211 311 385 460 260 45 164 281 420 20 57 141 424 27 291 311 381 32 200 270 264 173 285 243 418 93 279 302 363 108 430 412 369 158 265 427 304 185 139 310 293 46 156 365 348 118 164 314 227 121 159 260 234 59 114 357 254 104 199 345 309 70 193 252 465 206 301 457 147 123 153 400 335 65 31 315 277 43 220 325 395 599 152 261 538 148 143 300 449 12 383 687 279 39 121 290 380 109 282 385 378 88 0 308 211 106 158 267 142 96 108 205 285 117 570 274 335 91 208 239 337 70 222 502 397 183 210 418 384 102 175 119 179 194 122 275 462 161 451 445 362 108 221 352 347 98 101 187 217 142 147 215 412 72 397 306 235 243 131 294 477 87 191 293 236 51 135 355 333 111 207 240 258 66 163 282 350 578 202 343 254 375 206 329 490 425 191 333 354 157 106 99 465 65 167 456 328 443 161 356 321 140 124 303 317 53 191 202 504 94 155 86 249 544 558 408 306 19 163 395 328 37 98 226 319 79 125 231 396 55 156 358 227 577 146 378 403 143 211 339 356 87 459 258 452 57 212 148 347 268 161 207 310 18 163 304 282 118 326 299 299 120 232 327 220 46 96 259 331 110 271 262 448 91 123 345 411 67 235 264 520 156 115 314 404 71 522 302 287 71 217 315 328 119 63 331 373 117 289 202 334 174 192 242 289 70 142 229 402 12 123 333 296 56 45 295 261 105 178 262 352 514 297 260 114 44 158 304 632 104 114 179 447 101 175 449 371 34 142
285 172 328 157 496 89 435 148 129 149 353 225 88 151 480 196 195 182 441 225 287 202 402 523 170 219 410 207 430 135 373 129 109 184 354 100 162 124 388 385 291 111 330 224 129 40 394 182 526 115 584 574 118 127 298 86 82 195 330 129 178 118 391 367 133 193 335 162 139 94 481 90 111 10 381 329 164 96 310 82 588 14 382 166 42 198 286 139 32 219 288 186 123 73 340 161 200 16 453 197 110 798 362 190 52 216 428 148 74 154 415 203 200 158 385 209 609 146 241 510 199 66 275 502 232 90 336 238 72 62 330 59 75 65 325 224 264 60 312 56 137 61 393 131 138 112 354 272 172 115 418 183 231 103 304 66 200 124 468 120 53 128 304 153 501 150 310 164 68 159 295 266 168 130 335 33 143 80 330 167 244 53 175 226 65 139 365 276 140 56 398 511 141 131 461 92 641 94 386 213 171 24 347 180 153 81 222 326 60 148 340 150 104 259 356 200 93 88 325 116 44 223 285 117 60 731 449 16 198 234 430 155 170 42 295 277 106 556 285 122 86 111 294 201 115 249 260 193 194 257 301 84 620 111 276 316 171 255 291 77 201 74 381 308 0 98 348 173 199 165 225 218 130 87 348 500 249 55 285 310 162 31 263 96 787 242 179 101 111 117 410 176 221 184 481 187 92 233 461 207 182 57 324 148 74 40 282 211 218 163 445 375 109 286 375 90 85 208 539 188 153 209 221 116 164 82 290 225 93 68 361 234 103 62 242 217 36 145 271 111 73 96 639 133 77 244 481 162 52 84 153 236 219 740 247 222 539 55 608 154 144 17 415 336 165 37 316 119 146 206 401 172 263 157 618 841 686 101 326 158 100 133 337 211 123 49 376 206 190 117 360 152 68 106 581 161 81 247 372 258 32 77 380 716 105 232 256 161 233 85 575 156 233 141 306 171 126 28 296 58 116 104 243 76 49 118 298 253 88 135 365 158 66 184 398 265 109 199 329 172 190 547 425 302 81 158 367 642 29 40 373 253 211 20 312 296 159 114 395 210 109 546 400 177 72 190 365 199 167 128 298 192 98 66 291 353 180 133 275 130 100 79 434 100 113 194 351 158 239 637 231 197 206 209 403 143 142 96 304 177
196 261 230 137 398 69 345 51 137 170 261 158 115 86 382 99 211 253 344 181 312 233 305 445 90 294 315 110 332 179 287 49 100 227 264 74 171 99 290 364 280 190 248 127 38 132 299 84 442 192 513 510 43 76 200 77 78 224 241 72 95 216 293 417 50 271 237 71 195 189 503 153 90 102 289 239 171 154 212 71 568 102 287 74 57 221 188 51 75 241 189 124 65 125 280 145 160 85 358 102 195 711 264 95 80 235 330 62 142 229 318 107 258 254 292 111 552 182 153 429 115 113 176 488 220 183 238 145 43 107 232 50 172 44 234 126 258 119 230 44 41 124 301 64 147 186 256 203 187 193 320 85 284 164 220 52 200 139 370 21 128 82 283 215 479 140 217 71 80 237 197 173 74 224 238 89 144 176 234 94 195 66 110 213 40 225 275 225 136 154 300 477 210 194 363 76 555 131 311 121 161 88 251 88 184 156 139 237 109 116 258 57 79 195 258 108 168 83 240 24 139 197 196 36 42 637 355 91 262 163 333 61 215 132 205 181 127 468 191 83 127 199 388 111 89 342 190 100 171 308 205 180 613 124 180 222 149 276 196 104 222 172 282 211 98 0 251 81 158 69 135 120 54 92 264 491 201 137 200 232 112 129 165 52 691 275 98 35 207 196 312 92 139 125 390 94 86 299 362 279 248 155 240 87 156 138 198 112 141 125 347 281 34 311 277 187 110 175 446 102 139 292 123 23 146 52 198 133 153 140 274 163 59 50 145 132 72 191 369 43 137 67 545 59 127 319 454 83 125 162 63 151 121 644 149 138 506 131 532 69 174 113 318 242 153 115 218 20 72 302 304 78 166 139 566 745 590 138 228 80 194 171 239 113 90 122 277 122 132 203 264 58 149 71 549 66 168 281 278 186 130 160 281 623 78 294 158 94 144 158 478 74 162 164 208 98 129 72 203 131 120 134 149 25 118 79 205 157 67 174 278 153 57 264 301 172 151 255 231 144 149 507 328 208 116 229 272 601 99 88 275 184 191 118 218 206 166 188 297 178 13 460 320 124 34 188 266 106 110 199 201 103 137 109 193 256 159 127 180 38 78 158 426 109 87 97 254 73 206 606 145 104 125 279 308 66 239 178 205 79
86 511 42 328 183 302 223 200 310 387 169 254 322 257 149 167 352 494 164 233 435 446 138 253 189 537 156 161 122 411 218 221 286 452 189 300 323 307 86 475 341 438 222 125 218 383 150 167 227 439 447 355 253 276 57 286 290 381 183 269 178 464 105 564 217 516 67 212 395 430 581 399 273 349 173 178 322 398 50 308 534 348 154 206 305 428 83 230 326 380 98 203 237 369 213 337 241 332 196 150 424 474 106 158 313 435 120 227 368 475 67 169 445 494 173 144 413 408 187 226 160 359 93 485 310 434 63 169 278 354 44 300 417 294 169 125 340 367 215 291 211 372 186 228 315 406 108 257 339 441 79 174 458 378 208 286 324 362 128 232 378 282 413 454 566 340 150 184 302 483 95 155 202 475 108 340 305 426 127 197 224 315 256 379 290 475 185 222 296 403 70 535 421 436 139 279 328 369 286 137 293 339 131 169 360 405 209 77 335 307 224 216 271 181 71 189 416 317 209 232 390 273 175 249 288 387 109 337 457 245 156 208 395 383 171 122 321 333 146 290 338 450 621 151 268 593 250 155 275 531 118 430 607 350 137 43 272 471 60 344 366 422 66 106 348 251 0 175 239 195 183 131 222 298 219 497 226 387 196 132 229 378 91 281 440 484 181 265 450 444 126 178 210 266 253 189 288 536 132 520 448 405 213 222 407 386 203 146 159 300 127 41 241 504 85 432 319 328 283 207 284 540 148 239 278 292 156 126 370 389 208 168 257 289 135 144 315 423 614 260 362 269 295 221 346 561 531 196 359 411 217 200 133 393 119 144 561 381 337 226 352 364 71 28 288 366 55 232 211 553 129 176 85 331 442 494 339 373 98 234 445 400 80 149 297 372 71 211 210 453 124 211 382 292 486 202 404 490 37 160 379 410 66 376 269 528 113 209 126 406 280 229 168 386 90 241 303 320 59 380 301 367 107 276 352 289 152 94 277 404 206 353 289 511 127 89 352 487 39 321 240 426 78 52 329 471 150 622 350 338 82 168 284 366 45 169 320 435 55 257 239 232 269 278 276 377 65 150 218 414 115 197 342 355 69 105 275 338 73 230 274 407 446 305 268 167 102 225 262 539 196 184 162 519 157 241 481 427 76 172
115 341 160 197 336 144 308 33 154 243 225 176 154 128 314 66 216 333 290 138 315 306 252 366 34 375 264 75 269 257 261 47 122 304 233 146 179 164 226 406 254 270 231 54 44 210 250 30 361 273 500 437 100 134 129 115 118 239 212 128 28 289 233 434 42 351 173 83 233 256 494 234 108 175 248 209 178 235 142 148 523 173 241 80 131 291 125 84 155 247 133 77 68 205 215 206 127 158 310 26 252 630 209 17 138 303 267 90 196 310 242 79 290 320 251 53 482 258 139 349 40 194 115 451 201 262 173 121 103 188 162 131 242 125 202 57 239 200 215 117 40 205 262 58 161 237 202 210 196 274 249 52 310 210 204 111 195 213 299 67 209 141 328 295 515 205 179 10 129 317 141 140 75 302 185 169 154 253 188 47 146 147 143 268 121 305 240 170 144 229 230 504 256 274 297 109 475 210 302 40 156 167 204 7 207 237 138 157 162 175 240 74 102 131 194 98 249 159 221 59 216 168 171 93 114 557 276 162 299 175 279 68 242 210 177 133 157 432 155 146 169 279 450 31 103 421 198 20 152 385 157 257 578 199 140 143 136 344 117 183 229 248 215 158 173 81 175 0 124 59 120 51 49 129 243 456 152 217 183 156 86 204 97 124 614 347 35 105 275 276 254 24 139 159 351 83 119 379 295 359 288 231 222 63 237 212 185 61 70 176 282 202 66 379 214 257 150 222 401 105 138 373 81 77 138 130 165 53 201 221 248 96 85 114 100 55 141 269 439 106 190 98 466 49 175 399 487 34 185 243 81 143 59 566 94 62 532 211 454 93 197 190 244 163 148 195 150 65 44 379 249 6 92 200 500 668 513 216 173 108 272 248 178 66 154 202 212 125 88 283 213 69 209 140 496 66 230 354 199 116 204 240 214 544 100 374 102 57 64 238 423 100 96 239 150 126 146 146 123 211 140 211 69 106 178 143 170 82 105 251 250 218 114 345 246 92 187 333 161 199 118 449 253 129 159 309 228 619 179 168 212 117 169 192 139 177 174 269 225 147 68 379 303 165 101 250 200 26 77 247 152 99 176 190 125 201 144 196 102 76 105 238 394 139 102 63 198 96 170 553 136 89 54 359 259 105 306 258 143 22
153 367 244 295 420 224 420 143 92 323 340 297 125 237 387 190 114 382 387 26 201 385 352 337 90 419 367 198 355 323 380 113 92 374 351 231 90 257 313 519 130 310 354 160 131 239 354 153 350 314 622 376 197 233 216 114 117 143 331 228 96 288 326 327 115 392 266 201 172 244 371 286 89 194 360 328 88 290 229 224 410 190 349 199 171 375 226 193 201 142 240 48 93 262 142 303 3 184 413 139 222 624 309 132 147 390 353 202 173 353 294 203 211 298 362 172 410 330 262 330 98 251 220 332 79 284 265 244 140 245 247 192 240 190 320 165 116 251 337 161 138 255 374 94 91 197 304 333 103 314 318 176 221 169 327 141 85 293 365 161 251 239 439 350 632 298 296 125 131 358 247 261 195 321 291 216 80 269 298 78 45 206 257 371 185 336 356 77 75 241 307 625 202 328 377 108 465 276 425 128 58 208 313 122 129 279 262 179 152 274 362 188 96 74 285 221 292 237 343 139 240 44 292 190 159 580 309 184 225 297 377 184 163 242 298 248 113 543 273 241 137 308 406 116 85 434 321 130 36 452 268 276 458 277 257 196 40 432 182 250 127 262 297 267 199 158 239 124 0 180 243 163 107 114 364 336 50 255 306 139 46 223 197 209 651 427 90 193 262 316 349 101 262 273 460 206 108 432 370 406 219 246 345 73 274 225 308 181 82 281 364 247 124 466 305 253 125 331 505 227 59 405 202 171 48 207 284 132 164 265 367 71 106 147 218 104 166 336 418 200 167 107 492 102 150 443 605 92 176 284 196 267 175 595 207 101 653 253 418 207 124 215 307 214 56 235 240 158 93 385 347 130 183 297 419 701 548 283 277 222 293 318 276 188 249 246 298 248 37 315 318 184 193 229 392 184 212 433 245 86 220 276 296 560 96 430 214 70 121 283 515 214 71 316 254 241 88 180 180 255 93 282 149 173 172 237 288 172 114 321 368 310 138 382 343 155 139 395 243 301 9 352 310 187 134 358 338 742 220 219 302 78 48 209 193 297 88 313 294 23 148 377 425 276 148 345 287 128 50 199 264 222 135 249 219 303 38 284 175 180 100 278 272 106 87 186 300 211 49 448 260 213 88 409 364 214 289 295 242 146
157 318 168 144 331 107 278 38 190 197 194 117 177 72 316 31 260 300 276 196 361 259 237 413 90 342 246 41 265 218 222 75 153 260 198 105 220 116 224 346 310 244 186 75 58 195 230 37 402 245 455 490 58 84 140 136 138 278 175 77 87 283 226 473 71 321 171 25 259 257 545 204 141 170 221 173 220 203 151 114 583 170 219 20 125 242 123 35 138 290 122 134 102 175 273 154 182 153 290 62 263 665 196 62 148 253 263 35 209 280 261 38 320 322 224 52 538 215 91 393 98 165 111 509 254 245 173 79 109 160 169 110 240 104 168 72 292 174 169 113 47 179 233 95 199 253 188 155 237 247 258 21 344 230 159 118 243 170 307 47 186 91 269 260 456 154 149 55 144 289 130 105 16 285 169 150 193 240 166 102 205 123 84 211 102 282 208 229 184 221 236 446 276 241 297 133 513 174 254 86 203 151 183 65 241 212 83 198 175 122 196 21 132 190 192 45 222 122 178 62 203 223 130 54 110 581 303 159 326 118 265 13 274 194 139 112 186 401 123 98 190 258 457 84 137 402 142 66 204 341 136 243 636 157 112 173 185 292 147 150 271 236 218 142 165 69 195 59 180 0 71 66 81 152 201 514 211 196 138 208 137 195 104 87 631 299 94 71 275 250 244 83 84 100 323 29 144 342 297 326 313 220 178 111 215 205 138 49 129 121 280 229 81 327 210 255 172 164 378 47 182 346 55 49 185 98 130 96 219 196 210 155 110 117 77 110 140 229 436 66 204 122 490 85 193 366 428 88 193 218 25 92 62 587 83 117 474 189 501 37 231 179 258 190 194 176 155 49 89 365 236 53 110 147 556 686 532 179 160 50 256 207 172 48 106 180 212 69 145 260 195 16 217 98 556 8 237 305 225 174 197 218 217 570 129 335 91 109 113 212 410 43 155 194 141 67 181 139 155 188 173 173 105 89 186 96 137 104 126 210 212 167 123 317 233 128 213 294 169 143 173 508 269 159 180 277 204 562 161 147 208 175 222 185 169 140 215 240 236 202 62 416 260 106 101 197 201 73 130 266 133 43 200 160 131 188 194 148 130 37 132 215 451 167 136 29 186 38 227 613 85 38 112 324 239 51 307 235 140 40
179 359 145 149 282 149 210 108 261 213 128 74 247 87 276 54 330 329 220 257 431 268 182 426 153 371 188 46 220 243 152 146 225 277 129 142 291 139 183 306 374 285 115 100 129 249 172 90 407 285 384 515 107 112 127 207 209 349 106 107 147 339 179 545 142 354 137 64 329 319 613 243 212 232 156 104 291 240 133 157 636 232 158 61 189 248 100 87 195 361 88 196 173 216 315 158 246 215 229 108 329 655 147 113 216 254 218 77 277 315 243 41 391 383 160 77 568 236 19 402 151 208 90 567 320 295 140 15 177 204 145 167 300 161 100 94 358 219 98 178 118 224 168 165 270 321 138 94 308 287 227 68 415 299 87 187 312 193 273 115 234 116 236 289 409 164 85 119 214 325 94 43 61 333 119 203 264 293 110 166 262 176 77 196 160 324 140 282 255 278 203 391 345 273 254 204 510 209 184 128 272 207 125 122 312 255 27 213 244 131 125 78 203 239 154 27 264 161 106 133 258 288 61 109 176 559 291 222 396 67 210 75 345 247 70 67 257 333 62 125 260 303 519 133 208 445 83 116 271 354 86 295 694 183 58 177 254 288 154 189 342 291 183 96 225 135 183 120 243 71 0 92 152 223 130 573 268 245 66 239 204 253 99 133 599 303 154 124 336 290 194 143 28 84 256 43 215 366 257 354 383 276 107 179 261 264 66 67 179 121 237 223 152 322 169 314 243 145 314 37 252 382 48 113 255 147 65 132 288 241 139 205 181 185 50 156 205 253 492 114 272 193 469 155 262 394 378 153 259 262 73 25 80 560 68 163 419 237 513 72 302 237 232 189 264 228 131 118 157 413 184 114 115 153 590 655 504 211 115 70 305 231 132 60 130 229 175 29 207 303 141 78 283 133 603 71 301 309 219 219 256 265 182 552 201 356 71 175 151 254 352 70 205 213 103 67 252 201 164 235 245 203 130 151 253 126 73 115 197 234 142 175 192 353 181 148 284 314 148 140 238 551 247 165 250 309 143 501 214 198 167 222 288 245 174 71 286 279 209 267 131 414 188 97 169 195 166 120 196 334 84 33 270 203 114 139 262 165 140 98 204 260 512 238 207 57 138 68 289 660 18 33 165 351 180 84 367 279 110 97
93 379 111 209 285 172 259 69 204 263 178 162 205 136 264 47 264 365 239 171 360 325 201 348 79 407 214 48 218 284 217 97 173 327 188 171 227 182 175 396 291 307 193 9 90 252 199 36 336 308 460 430 123 151 80 165 169 287 169 144 69 335 182 482 92 385 122 88 285 304 533 268 159 220 200 165 227 267 93 178 544 219 192 82 175 308 73 101 195 294 83 115 119 239 223 218 166 203 260 26 303 598 158 35 187 318 216 101 246 344 199 56 341 369 202 17 480 282 109 327 64 228 64 477 241 303 122 88 150 222 113 168 289 162 157 6 278 236 178 161 81 241 214 109 211 288 151 186 244 310 201 46 360 261 168 159 241 236 251 101 247 157 322 325 501 219 134 58 179 352 90 100 77 343 135 208 203 296 139 92 174 183 143 272 159 343 194 191 194 273 181 483 307 306 247 160 446 240 265 37 203 208 154 48 257 274 117 133 212 187 201 87 154 147 143 80 285 187 181 102 259 207 131 118 158 518 238 208 350 158 228 79 292 252 136 86 208 384 111 165 220 318 500 46 154 462 175 35 195 408 108 300 604 223 95 107 182 356 80 214 277 291 165 108 218 120 131 51 163 66 92 0 100 180 202 484 179 256 147 149 132 248 47 151 571 364 75 134 323 313 203 67 118 157 302 72 170 408 245 391 339 275 184 112 275 257 150 26 89 184 231 164 114 391 163 304 201 222 351 95 186 409 44 108 185 161 122 40 252 257 204 114 136 161 56 65 187 296 487 131 241 149 426 100 226 431 470 83 234 280 91 117 13 525 45 71 511 250 436 102 248 233 198 125 196 235 100 101 95 422 198 49 46 212 501 625 470 244 122 113 314 273 127 33 172 240 161 109 126 321 163 83 258 164 511 74 279 371 160 127 249 278 164 506 151 401 52 104 58 274 372 107 114 261 99 126 196 190 89 249 191 239 40 145 228 163 125 38 156 277 206 233 162 381 194 63 239 360 112 206 159 459 208 92 210 341 179 592 219 206 161 131 210 237 103 135 223 304 177 186 108 350 263 166 147 261 150 35 121 298 103 86 227 224 75 150 189 214 64 100 156 276 424 190 153 45 147 102 205 567 110 72 77 390 209 117 354 296 91 41
155 301 209 189 385 123 351 44 110 223 268 194 105 130 363 102 178 301 338 128 279 287 300 397 40 341 311 113 318 230 301 7 75 280 275 128 139 152 275 413 233 234 267 103 25 169 297 71 397 237 536 457 91 127 178 66 69 197 252 121 48 243 282 393 10 316 222 98 186 208 465 201 62 130 293 249 139 203 191 124 517 128 287 98 89 274 173 87 117 209 181 70 22 173 227 198 109 114 357 75 203 669 257 66 90 288 316 96 147 275 288 114 244 272 296 98 499 234 171 382 69 162 164 439 175 220 222 157 58 156 211 98 195 93 243 106 214 166 249 76 35 170 306 14 119 188 250 234 156 237 297 86 266 161 239 65 162 193 347 54 171 132 332 265 526 193 222 42 80 282 188 181 95 260 232 132 112 209 234 41 142 114 152 264 89 266 283 171 103 184 279 520 207 243 346 60 512 182 335 85 122 128 250 54 162 200 164 196 113 168 276 84 54 141 243 126 213 136 257 32 174 148 209 83 72 602 320 117 252 196 327 82 197 170 216 179 110 476 197 136 120 239 401 72 57 379 221 69 125 360 202 214 565 177 183 188 105 330 164 155 190 204 264 205 130 54 222 49 107 81 152 100 0 80 280 442 148 178 218 183 61 160 146 105 661 329 49 88 227 240 303 46 165 167 396 110 70 348 344 326 240 187 259 34 198 167 218 105 91 174 331 247 23 365 263 211 101 224 448 127 101 335 122 65 105 106 206 97 152 184 288 111 36 68 143 88 95 243 392 93 141 49 510 5 126 365 499 32 136 206 92 173 106 611 140 92 549 174 483 102 153 147 292 208 113 156 200 51 18 335 297 51 141 191 513 714 559 189 221 117 230 223 227 109 143 165 261 149 79 244 260 81 160 125 496 84 182 335 244 134 160 201 263 587 52 344 149 40 103 203 472 109 110 218 198 136 102 103 168 175 95 186 116 74 130 132 212 131 56 226 290 206 67 309 294 136 140 306 210 195 99 453 300 174 110 276 273 640 140 133 261 131 144 147 184 217 134 234 273 128 42 417 340 169 59 241 249 73 58 198 198 124 127 158 174 249 114 181 149 73 57 201 378 92 56 99 246 106 156 553 166 119 77 327 306 107 258 220 191 63
224 253 288 213 465 137 428 119 49 224 345 249 25 176 441 178 123 269 418 140 223 282 379 445 110 305 391 189 397 217 374 84 22 268 350 146 84 174 354 445 208 197 337 183 96 125 376 150 453 201 604 490 133 161 257 16 14 133 327 159 120 179 362 325 88 278 302 161 107 138 416 176 28 80 370 325 86 181 270 133 504 76 366 163 68 276 253 143 96 152 260 110 61 155 256 219 115 72 436 154 126 727 336 146 35 292 396 153 70 240 363 189 168 199 374 178 524 227 242 435 139 145 243 420 149 170 302 231 51 140 290 98 130 98 319 186 182 143 319 65 107 146 384 71 59 108 329 295 99 201 375 162 193 81 310 44 119 195 425 109 140 165 363 240 561 211 299 122 20 244 268 256 162 207 312 108 60 156 312 102 159 108 201 288 95 221 359 191 55 127 358 564 127 217 426 20 569 172 402 161 87 100 329 133 93 167 230 261 40 196 347 146 28 179 323 196 180 144 329 90 126 137 282 127 64 670 390 71 174 255 407 148 123 128 291 257 35 553 274 164 40 194 323 148 34 322 281 147 108 343 281 162 541 181 260 261 84 333 239 149 133 149 343 285 87 92 298 129 114 152 223 180 80 0 352 419 164 142 289 236 83 109 226 129 733 324 118 120 157 203 383 120 230 215 473 180 10 319 423 293 161 133 330 78 161 111 288 183 150 208 410 319 71 366 343 144 22 258 526 192 66 291 200 114 78 120 282 172 72 154 362 159 44 50 221 156 57 229 320 131 64 31 580 80 47 329 538 103 66 171 153 241 186 682 220 158 592 142 529 160 82 102 369 281 79 123 279 106 88 275 377 131 220 214 532 786 631 180 301 172 179 214 307 187 169 135 340 213 110 201 339 146 87 148 495 152 108 330 316 182 106 163 342 653 30 319 228 92 174 171 552 166 158 217 278 189 43 72 242 144 33 181 192 90 60 159 288 209 26 217 364 222 39 268 374 210 61 285 288 224 105 461 376 248 31 245 352 690 111 113 340 176 125 95 258 291 80 201 351 124 92 477 410 213 62 257 329 151 91 118 277 192 48 143 253 328 94 195 225 129 24 165 354 18 33 175 326 165 153 551 234 190 141 296 385 158 186 182 271 142
261 459 178 232 216 263 97 237 390 295 54 133 377 198 233 179 458 416 148 374 557 333 124 470 276 455 116 169 177 332 28 274 354 351 34 254 419 240 163 276 493 387 20 206 259 365 105 214 437 386 258 574 231 223 183 337 338 478 37 220 268 456 146 673 270 445 152 192 458 441 735 347 341 355 71 42 419 341 179 272 735 356 88 189 314 312 158 213 316 489 138 316 302 323 408 237 367 340 137 225 455 649 122 232 344 310 177 203 404 409 254 166 520 503 74 192 632 320 111 440 266 318 156 674 443 407 156 123 306 315 176 289 422 284 51 200 480 329 36 305 247 334 71 294 399 449 116 94 436 389 217 195 544 428 44 315 438 285 245 244 347 225 235 378 353 247 74 245 343 419 136 103 191 441 111 322 393 408 92 289 375 296 176 238 284 427 46 389 383 397 195 317 474 367 209 334 522 310 68 238 399 327 90 244 442 362 126 281 372 223 11 207 332 344 154 156 368 271 23 262 375 408 72 234 303 532 305 346 526 121 140 205 475 363 67 121 386 209 92 233 390 410 640 248 337 544 100 234 394 416 109 408 800 281 108 239 379 333 226 297 470 407 177 117 348 264 219 243 364 201 130 202 280 352 0 682 380 358 64 325 329 373 179 251 551 358 275 248 457 392 145 264 126 172 140 172 344 443 218 439 512 394 24 305 370 385 66 183 290 207 195 257 281 359 152 435 372 198 203 162 379 475 162 241 381 267 81 238 417 350 21 314 311 313 146 266 332 340 606 237 400 323 448 283 391 475 317 277 386 369 201 113 190 525 159 271 342 349 551 197 432 357 231 240 391 344 169 247 284 520 132 238 198 235 660 606 468 310 121 190 416 320 139 177 235 342 167 143 327 408 103 207 409 246 694 200 426 363 254 322 377 374 177 531 330 430 154 300 254 360 257 193 314 298 135 177 382 326 235 346 374 301 227 277 380 235 79 205 326 322 27 254 321 446 132 236 413 391 181 216 360 637 248 233 379 400 81 405 332 316 154 327 411 367 237 67 414 379 211 388 260 433 61 183 297 258 165 236 319 463 113 161 400 313 172 119 387 256 219 226 333 368 624 368 336 182 121 192 407 749 119 163 279 433 107 205 487 385 151 222
426 632 525 627 666 552 716 478 372 644 647 632 413 572 621 520 306 670 661 318 241 701 634 386 424 698 652 527 615 634 693 449 401 684 662 561 338 587 583 855 212 600 676 479 466 532 643 485 436 605 935 317 532 567 507 428 430 316 646 562 428 535 602 291 450 670 552 536 387 491 159 589 406 491 660 642 336 596 515 550 102 487 645 534 487 695 528 529 515 289 547 380 426 573 284 634 333 489 693 465 453 639 597 461 453 712 613 538 438 640 518 533 359 512 661 497 292 645 591 409 423 563 527 21 272 561 549 571 463 558 527 515 501 515 633 485 237 559 661 482 474 561 674 429 362 427 596 666 329 604 560 508 334 415 651 460 301 615 591 496 553 572 774 649 968 627 609 459 439 641 550 583 530 585 588 527 359 543 602 413 311 527 593 703 510 610 664 293 365 517 562 960 409 628 622 425 510 591 748 447 334 517 613 453 353 576 594 420 440 607 683 524 416 339 565 554 588 562 663 474 528 294 614 524 481 672 498 486 375 632 653 520 352 536 617 561 394 830 590 574 414 586 543 441 405 670 654 457 320 753 576 551 122 600 574 460 343 753 463 568 303 536 563 570 500 491 497 456 336 514 573 484 442 419 682 0 306 552 631 367 381 512 504 540 765 742 422 526 502 605 623 433 595 609 749 539 419 719 611 690 385 525 666 408 567 507 634 507 395 615 615 478 457 785 581 508 416 666 778 561 356 672 528 506 346 535 602 445 419 566 681 370 433 467 539 419 475 645 599 533 436 429 611 437 426 719 941 427 456 578 532 598 497 701 524 413 989 554 411 543 359 511 543 469 342 537 528 493 429 618 626 463 485 628 267 800 675 599 575 558 566 632 565 515 580 549 568 582 369 596 612 520 456 560 142 520 465 747 479 361 506 568 562 642 417 723 528 406 429 581 764 550 370 636 554 577 377 491 455 557 387 600 455 501 456 569 604 478 433 635 680 639 455 658 623 448 395 695 522 635 344 171 535 460 419 649 636 1075 527 532 578 355 300 500 460 616 342 607 542 314 483 472 742 612 473 674 561 454 386 417 572 555 404 562 515 594 333 612 466 516 419 573 66 403 407 517 590 547 287 176 591 545 409 695 652 549 512 584 538 478
141 417 240 337 409 269 425 177 138 369 349 328 174 274 372 215 142 431 384 24 210 431 351 290 121 468 368 222 347 371 393 153 142 422 363 275 129 299 307 556 117 360 372 174 169 289 356 179 308 364 636 326 237 274 216 163 167 173 345 268 123 337 323 341 154 441 265 234 214 292 361 335 138 244 366 341 127 339 227 270 372 240 354 231 219 420 231 230 250 164 248 79 138 310 93 345 49 233 413 160 268 581 310 155 197 435 345 237 221 403 273 227 245 345 368 192 360 377 286 286 117 299 228 300 87 334 263 266 188 293 243 239 289 236 333 180 114 300 357 209 175 304 381 137 136 242 306 361 138 364 303 203 249 215 347 189 111 338 348 200 300 280 477 399 667 341 309 156 181 408 253 278 227 370 295 264 126 319 306 111 6 254 293 411 231 385 366 27 122 290 296 656 245 377 365 157 422 323 444 142 99 257 319 147 169 329 289 157 201 315 379 222 145 45 282 248 342 282 360 180 290 54 310 230 206 543 281 234 261 327 375 218 199 291 314 260 161 546 288 283 186 357 447 135 135 483 348 152 71 500 277 326 427 323 272 183 86 477 176 297 154 312 289 274 249 201 226 152 50 211 268 179 148 164 380 306 0 304 326 107 91 273 204 253 618 473 117 236 310 366 345 128 289 308 464 234 158 481 357 456 256 296 362 114 323 274 329 202 90 321 353 226 168 511 301 302 174 369 503 257 106 455 222 211 94 252 299 142 211 315 380 66 153 195 235 115 215 384 464 241 216 156 457 142 199 493 638 125 226 333 230 292 192 560 221 108 684 303 370 242 165 265 290 199 100 284 239 197 131 433 345 158 187 339 370 667 515 331 281 257 343 365 276 209 291 295 291 277 69 365 322 218 241 272 349 216 261 480 225 67 270 326 289 522 145 480 226 108 126 333 506 249 66 363 259 276 136 229 171 304 142 329 154 218 222 279 302 178 163 368 381 354 186 432 342 153 185 443 239 342 59 306 290 177 183 407 343 769 269 267 298 59 68 259 182 313 128 363 280 48 190 337 440 313 195 388 282 148 91 243 273 250 183 297 221 304 80 328 173 218 150 328 245 156 136 211 301 245 37 406 285 240 103 458 366 251 336 345 245 173
331 124 364 142 524 97 450 188 183 111 371 228 141 161 513 227 246 127 465 280 332 154 427 574 219 165 433 236 460 87 385 176 164 134 369 104 215 119 419 353 344 56 339 263 173 21 417 220 575 60 580 628 141 136 335 141 137 241 346 140 226 99 420 400 180 139 367 186 178 100 524 39 166 62 400 345 216 47 347 88 641 67 403 192 89 155 319 164 62 267 318 239 175 39 394 141 256 71 474 239 131 846 389 232 108 173 458 171 116 99 455 231 234 151 404 245 664 101 258 561 247 41 308 554 287 50 369 259 122 43 365 88 78 94 343 262 317 29 322 103 178 24 410 181 192 144 380 274 223 60 454 216 266 144 315 118 253 94 503 155 11 133 275 98 468 130 330 207 124 104 326 288 194 89 361 48 197 51 354 218 299 73 181 198 97 88 381 331 194 50 432 485 172 76 492 147 690 59 387 257 226 51 370 224 201 25 236 373 112 140 349 177 159 313 388 222 38 87 336 158 28 278 302 143 106 773 492 71 229 238 454 184 212 16 313 304 159 566 307 125 138 62 286 246 170 206 263 236 249 202 327 50 671 87 300 359 226 209 333 61 250 51 414 335 55 137 387 217 255 196 245 256 178 142 358 552 304 0 298 361 217 41 299 113 826 192 227 126 109 62 437 224 235 187 496 213 147 177 493 152 213 43 334 200 20 50 294 245 269 157 476 418 156 239 406 86 139 192 556 208 208 157 251 149 220 99 310 269 136 16 374 286 156 112 271 265 89 96 248 133 117 150 682 182 126 189 452 210 97 29 179 250 255 781 279 270 512 9 660 175 193 41 453 378 220 22 351 155 195 169 427 214 302 140 674 881 726 65 354 175 60 89 368 244 123 16 408 221 243 66 385 181 102 113 635 191 104 197 414 310 47 23 413 760 159 177 288 213 279 30 597 176 285 103 336 183 180 77 340 12 171 72 285 112 96 123 318 293 142 90 378 133 119 131 425 308 157 144 365 158 245 603 464 345 133 103 388 618 38 50 404 306 266 51 355 314 212 59 431 266 150 594 405 177 119 159 397 243 221 159 325 214 148 45 326 380 235 114 317 160 155 23 486 155 168 226 379 179 295 691 247 222 255 154 425 162 135 42 336 216
219 405 154 181 246 202 152 174 327 246 77 82 313 138 251 117 396 367 179 317 496 292 146 449 216 407 146 108 193 281 88 212 291 306 71 194 357 183 166 279 436 332 49 152 196 305 130 153 422 331 318 547 168 163 149 273 275 415 48 159 209 395 155 611 208 394 134 129 395 379 677 290 278 292 105 48 357 286 149 211 688 294 114 126 251 271 120 150 254 427 101 258 239 266 363 188 309 277 180 168 392 654 123 174 280 272 192 140 341 357 245 105 457 442 109 135 602 271 47 422 210 259 115 623 384 348 139 62 242 256 153 226 360 221 49 146 422 271 32 241 184 276 113 231 336 385 115 63 374 333 218 133 481 364 22 252 377 232 255 180 287 165 221 327 371 196 52 184 279 367 102 49 127 384 100 260 330 348 82 229 321 234 118 204 221 371 84 338 321 336 193 345 410 315 227 270 517 254 119 184 337 265 92 184 379 305 63 246 308 169 59 143 269 293 145 93 312 212 40 199 315 350 21 170 239 546 296 283 462 69 170 141 411 302 27 79 323 270 50 174 326 353 579 192 274 490 60 176 335 377 79 349 750 226 63 205 319 300 187 239 408 347 173 91 285 200 196 183 306 138 66 147 218 289 64 631 326 298 0 282 268 311 134 190 576 321 216 185 395 337 163 205 64 116 197 109 281 398 234 391 448 333 41 244 312 323 8 125 236 154 212 237 218 330 152 373 309 157 257 98 318 423 104 177 320 205 40 185 353 292 76 261 247 249 92 212 268 290 547 174 337 260 459 221 327 429 338 217 322 311 137 50 134 544 108 218 372 290 534 133 369 295 227 211 329 283 142 183 223 463 150 177 153 184 628 632 486 255 104 127 357 269 125 118 177 283 163 80 269 352 109 143 346 186 652 137 363 327 233 272 315 316 173 543 267 386 106 240 203 303 304 130 261 248 107 116 319 263 197 287 311 246 177 214 316 176 45 157 263 272 80 205 257 394 149 191 349 345 158 167 301 597 244 196 315 348 100 447 271 255 152 276 352 305 202 29 352 324 205 329 197 424 122 129 234 216 157 179 260 399 81 97 336 255 136 116 327 203 177 162 270 310 571 304 273 121 117 129 350 707 56 99 223 386 137 142 426 328 121 161
64 482 158 351 311 299 349 188 228 398 283 311 254 280 271 196 248 483 296 123 316 462 268 214 143 524 285 198 253 411 331 186 217 459 300 302 228 320 217 545 215 416 322 141 194 350 277 171 217 419 570 282 255 289 143 229 233 278 288 282 137 414 236 447 183 499 186 232 311 373 451 384 208 308 294 283 227 386 150 302 411 305 278 227 271 447 167 238 300 271 187 126 186 356 85 361 140 293 327 145 356 491 230 147 262 458 251 242 303 458 169 206 348 432 295 166 331 413 253 201 117 344 169 356 194 400 182 232 239 338 161 280 366 275 274 146 218 349 309 258 194 353 308 180 228 332 229 332 240 420 203 191 355 304 301 244 217 369 244 221 354 295 472 447 648 360 251 164 247 465 189 233 222 439 223 315 217 387 238 143 107 296 291 419 271 448 300 95 211 360 200 627 340 425 266 222 333 363 392 122 197 310 248 149 268 383 265 55 276 329 327 226 210 65 198 230 396 314 308 209 353 160 263 248 255 441 174 296 363 306 287 219 301 351 263 205 246 463 236 302 268 420 544 126 202 557 321 142 171 540 216 393 480 354 221 93 179 499 99 336 260 381 197 208 310 232 132 156 139 208 239 149 183 236 325 367 107 361 282 0 153 338 148 279 513 503 134 260 392 423 257 141 266 305 382 220 227 531 257 509 358 364 312 162 381 343 288 176 92 329 256 122 206 534 214 380 252 371 414 244 195 518 191 232 186 284 247 112 298 367 320 77 207 249 194 101 274 423 553 261 297 215 353 179 280 548 616 151 302 389 232 264 161 457 176 94 654 357 300 244 262 327 188 103 195 339 162 220 165 510 259 161 130 354 351 563 410 370 210 258 410 402 198 182 309 348 202 259 126 426 246 222 322 296 370 215 343 509 121 55 337 384 197 422 209 526 177 149 95 386 409 251 78 394 191 273 223 284 90 358 225 366 110 255 296 299 247 126 224 406 319 373 243 491 257 92 274 487 155 351 144 314 186 94 263 459 271 728 323 315 211 62 174 325 93 262 226 417 182 150 219 241 382 313 242 404 195 135 145 337 212 235 268 341 153 227 177 351 106 231 215 384 315 235 203 194 224 246 144 425 257 222 107 510 285 258 421 403 175 169
148 334 227 249 405 179 391 99 81 278 309 253 101 191 377 151 132 343 366 69 229 341 329 362 53 381 343 161 339 281 346 68 64 331 319 186 97 211 296 474 173 273 317 131 85 203 330 115 370 276 586 412 152 187 197 78 81 157 298 182 62 261 307 350 69 355 246 157 167 220 409 245 55 159 331 294 97 249 210 179 456 155 323 156 130 330 201 148 160 163 213 28 48 220 178 257 48 146 389 106 204 645 286 98 112 345 337 157 150 316 290 164 216 279 334 137 449 287 223 353 72 209 194 378 117 251 245 207 98 203 230 148 213 145 287 136 155 210 300 119 94 214 345 49 86 182 280 292 114 277 308 136 232 153 290 100 110 248 357 115 212 193 393 310 587 252 264 85 96 321 220 226 152 289 265 175 76 237 270 40 85 163 213 325 141 301 325 116 67 209 294 581 194 288 363 71 486 233 387 101 71 168 286 85 131 241 220 182 123 228 326 143 59 97 266 180 254 192 306 93 205 87 256 144 116 590 313 147 228 255 356 141 167 205 263 217 95 515 240 196 116 273 397 88 50 405 279 97 67 410 239 243 503 232 225 188 51 387 169 206 145 230 282 239 162 112 229 86 46 137 204 132 61 83 329 381 91 217 268 153 0 189 172 164 656 383 56 147 239 279 329 65 221 228 433 165 74 393 359 368 219 214 308 27 236 192 270 146 71 235 349 245 78 421 286 227 99 285 481 184 56 371 167 126 54 162 250 109 146 226 333 76 63 106 184 85 127 293 400 154 144 67 500 56 127 406 560 52 148 246 152 227 142 603 176 85 609 214 447 163 123 179 299 208 64 196 221 112 48 357 325 91 161 251 460 708 554 240 252 177 260 275 254 152 203 206 281 206 28 280 293 141 168 183 437 141 189 389 242 99 186 239 281 572 58 390 184 29 104 244 497 170 76 272 228 196 75 140 170 216 74 239 128 128 143 192 255 150 75 278 335 265 97 346 322 141 125 354 227 256 37 396 305 177 109 319 310 699 181 178 283 93 85 175 185 263 93 275 284 67 103 394 389 231 105 300 270 97 11 188 235 180 117 206 197 279 58 239 159 135 63 240 317 82 51 148 276 166 94 494 220 172 68 370 339 168 268 258 218 107
315 145 359 171 526 111 462 179 146 150 381 247 104 175 510 226 205 162 470 249 290 196 431 551 200 196 439 236 460 128 399 160 131 175 380 121 176 141 418 391 305 90 355 254 160 21 423 213 555 95 605 599 146 150 328 111 108 200 357 153 209 88 421 360 163 169 365 190 137 70 483 80 136 31 409 356 178 88 341 102 602 34 410 195 73 195 316 167 58 225 317 214 152 74 365 172 224 46 481 228 94 828 391 220 77 213 458 176 75 132 445 232 194 131 413 240 633 142 268 539 229 70 305 515 249 62 367 266 102 69 360 86 49 93 352 255 278 60 337 87 168 59 420 160 154 104 383 294 183 94 449 213 226 102 329 96 214 129 499 150 46 150 312 138 506 161 338 195 93 136 325 294 196 101 364 51 160 49 359 196 268 77 198 233 94 112 392 300 158 26 428 521 132 116 491 118 670 96 408 243 190 46 375 210 160 65 248 356 75 164 365 179 130 286 386 228 77 106 350 146 17 243 312 145 90 761 479 43 190 257 459 185 171 25 323 307 121 581 314 143 98 84 268 231 140 219 282 224 214 242 330 55 630 119 304 347 192 251 321 88 209 44 411 337 31 129 378 204 223 195 253 248 160 109 373 512 273 41 311 338 189 0 294 122 818 234 209 129 84 95 439 207 247 206 508 216 116 212 491 185 174 27 349 176 55 12 308 241 248 181 475 406 139 280 405 62 102 222 566 216 173 182 250 146 185 107 318 256 95 57 387 262 132 92 272 247 65 137 241 138 76 123 670 163 86 220 489 191 56 67 182 262 250 770 277 252 548 46 635 181 153 16 446 366 184 36 347 149 176 175 431 203 294 170 641 872 717 102 355 185 71 129 367 242 143 45 406 232 216 92 389 181 61 128 598 191 65 239 403 286 6 56 410 747 131 214 286 189 263 70 603 183 261 141 336 195 144 58 327 50 135 108 273 106 57 140 326 284 115 131 391 167 95 159 428 295 116 183 360 186 214 567 456 332 95 139 395 653 41 58 403 281 230 14 343 324 173 96 426 232 140 576 423 198 103 196 395 230 195 119 327 220 108 72 322 383 201 144 306 159 126 61 446 119 139 224 381 185 261 653 257 226 235 188 432 170 115 74 334 207
85 422 65 237 239 211 223 115 248 296 145 172 251 166 218 76 304 404 195 201 397 356 157 328 122 446 172 70 172 320 189 143 218 361 159 209 269 216 129 403 320 348 174 43 136 296 158 81 309 350 432 418 162 185 36 212 215 329 143 178 111 381 136 522 139 425 76 121 330 350 564 308 204 266 163 138 268 307 47 218 556 265 152 115 221 338 29 139 239 334 44 152 165 279 230 247 200 249 218 71 349 564 114 80 234 346 170 136 292 384 157 78 385 415 165 54 471 317 108 304 100 269 24 495 275 347 76 88 196 264 67 212 335 206 130 40 311 277 161 207 127 283 178 155 255 334 108 186 286 351 155 84 403 307 152 205 279 271 205 145 290 191 334 363 502 250 106 105 225 393 50 85 111 387 94 252 246 341 102 133 200 226 167 293 203 386 162 211 236 319 135 479 353 345 201 206 415 278 246 71 243 252 116 93 300 316 126 115 259 216 180 125 199 166 97 99 326 226 161 148 304 239 114 158 204 477 200 254 395 165 184 117 336 296 115 58 254 346 88 199 266 361 546 84 199 505 177 79 231 440 73 344 621 259 72 79 222 382 55 254 317 336 118 70 263 165 91 97 197 104 99 47 146 226 179 504 204 299 134 148 172 294 0 191 527 394 116 175 369 354 158 109 127 178 263 98 216 445 199 429 384 320 164 156 318 302 139 55 117 210 185 128 160 417 117 350 247 242 309 117 228 450 57 150 225 202 100 65 298 300 177 138 182 207 49 93 233 332 533 170 287 195 386 146 272 470 469 127 281 322 126 120 44 483 31 97 506 292 415 135 291 278 154 92 236 279 54 145 140 467 153 96 19 241 495 582 428 282 81 143 358 309 82 58 206 283 115 124 162 364 122 120 305 201 518 111 326 400 124 143 295 321 118 467 197 437 29 145 78 316 327 138 138 295 57 151 240 236 66 292 236 276 50 189 274 198 100 26 202 313 177 262 209 421 150 57 284 395 66 232 195 463 165 66 256 381 141 580 263 249 115 149 245 282 75 114 265 345 132 220 154 319 238 189 193 288 103 76 161 344 69 108 273 265 28 107 227 247 43 140 202 318 446 236 199 76 104 133 234 574 115 94 109 428 168 150 401 338 46 87
237 232 254 87 411 21 341 91 178 120 260 129 148 54 400 116 253 214 352 232 353 183 314 490 139 256 320 125 347 134 277 100 143 180 259 23 213 48 307 317 328 158 233 159 86 116 304 117 484 159 489 559 29 33 226 117 116 262 235 33 143 207 307 449 100 235 255 73 222 190 546 118 135 105 288 234 214 116 237 27 619 106 290 79 69 170 209 53 64 281 206 175 116 89 331 94 211 90 362 140 205 749 276 135 106 184 345 58 160 193 348 119 285 252 292 138 602 134 147 472 162 79 197 538 268 163 257 146 79 74 255 39 170 35 231 157 305 88 216 66 85 94 299 116 188 204 267 177 228 161 344 107 314 187 208 85 245 90 392 57 103 36 235 174 432 89 218 115 112 202 213 175 82 202 248 71 187 161 241 145 247 44 79 163 37 196 271 276 180 146 321 435 231 155 380 118 596 88 290 162 208 76 257 131 220 126 126 278 132 68 244 66 125 245 276 109 136 36 229 74 126 247 191 33 65 668 389 97 287 138 341 74 246 114 202 191 163 460 194 34 156 173 389 154 135 317 164 140 220 261 214 162 662 75 187 258 197 225 231 63 262 158 303 222 96 52 281 124 209 87 133 151 105 129 251 540 253 113 190 279 164 122 191 0 717 225 147 18 206 164 324 139 126 90 386 100 126 258 381 240 271 144 228 138 130 133 186 135 190 79 363 315 85 260 293 183 143 129 445 95 186 259 139 47 194 15 198 174 176 111 265 213 107 80 159 178 87 146 359 21 157 112 577 111 152 280 409 133 139 133 66 140 148 674 168 184 463 105 578 62 210 106 344 276 199 95 241 59 123 282 314 119 196 88 617 772 618 94 241 63 173 124 255 134 40 97 296 110 184 174 272 70 161 20 600 80 176 231 311 235 125 134 302 657 123 251 176 146 187 126 485 63 212 115 224 74 171 78 239 104 161 88 186 40 134 30 206 189 109 128 270 101 91 230 312 210 181 210 256 95 200 558 356 243 146 190 276 561 82 66 291 234 240 115 254 203 209 154 322 228 63 499 303 85 68 136 285 147 162 219 212 101 168 74 217 267 207 76 215 51 122 130 475 148 133 115 266 65 257 657 136 109 173 238 313 49 236 149 225 115
510 948 463 747 334 737 470 640 736 812 504 656 756 684 325 601 760 927 403 635 818 864 431 380 624 969 435 593 383 841 528 660 718 875 519 733 741 736 416 820 708 875 567 564 658 822 448 606 335 876 608 462 688 706 491 722 726 791 534 700 614 903 422 946 656 950 463 645 821 868 904 834 706 789 481 531 739 833 480 744 742 787 466 638 745 844 508 664 766 782 514 628 674 805 550 756 653 772 418 590 859 217 455 598 751 847 384 660 803 909 373 599 861 932 477 581 510 835 594 362 595 795 520 746 703 874 461 583 717 790 462 739 856 732 528 564 720 804 573 731 651 810 480 665 738 838 464 635 753 878 373 610 868 810 574 725 729 791 326 671 816 711 786 886 870 762 526 624 739 918 507 558 635 914 481 779 728 866 496 631 619 753 676 780 729 913 506 600 720 843 396 817 850 869 348 715 262 803 587 576 709 778 484 608 780 842 619 474 772 730 561 651 706 578 444 614 853 751 559 672 829 672 560 685 728 97 344 777 876 643 411 643 814 822 550 532 752 457 541 720 771 888 1053 589 701 1032 635 594 684 950 513 870 831 780 542 473 690 876 497 779 772 861 416 502 787 691 440 614 651 631 599 571 661 733 551 765 618 826 576 513 656 818 527 717 0 896 616 702 888 881 413 615 620 681 448 619 723 965 343 952 870 844 563 655 845 826 583 582 585 719 365 414 680 906 430 871 753 732 402 631 706 976 578 677 697 729 544 564 802 826 530 583 694 728 560 577 755 852 1052 696 797 706 162 659 780 992 834 632 796 849 651 606 571 65 549 575 833 819 367 658 774 803 373 453 707 805 476 671 648 993 426 615 525 751 549 56 103 806 484 663 884 829 466 583 726 810 424 628 632 890 467 647 819 725 672 637 841 902 417 565 818 848 417 128 704 954 541 642 560 843 329 659 584 812 496 665 730 760 493 819 730 799 545 715 790 720 536 534 714 833 524 773 727 947 427 525 781 913 461 737 656 612 362 487 763 905 477 840 789 776 431 573 686 806 477 548 738 871 395 663 678 299 557 694 715 789 434 589 647 845 514 623 774 791 500 463 689 763 512 667 710 845 746 737 701 602 463 655 654 698 606 612 593 949 445 673 919 865 493 611
456 179 448 156 567 206 453 314 370 105 396 241 329 229 572 320 437 113 499 451 524 42 467 711 364 130 466 324 513 107 385 324 344 59 384 202 403 183 482 206 531 156 339 373 311 213 451 335 700 151 505 783 248 215 427 317 315 433 366 222 368 251 474 584 325 138 439 276 370 278 716 154 342 251 422 368 405 146 435 204 828 255 434 282 258 56 402 265 228 459 391 399 335 169 555 147 428 253 494 360 315 957 442 357 290 50 512 264 308 133 546 316 422 303 426 348 827 97 304 692 386 179 391 743 472 201 443 318 287 184 448 235 260 238 370 370 505 182 328 266 310 180 427 337 379 333 433 266 414 153 530 318 454 336 326 287 441 136 573 282 190 208 156 105 307 145 370 339 304 140 397 340 287 202 416 215 383 217 401 369 468 221 228 120 242 171 398 498 379 236 505 342 360 121 548 322 809 152 352 383 410 225 413 354 393 170 280 497 301 178 347 278 333 470 456 295 160 192 343 298 219 458 336 254 268 862 593 256 414 253 490 286 404 209 346 370 347 544 356 201 328 181 412 377 344 240 263 361 430 60 385 210 862 151 358 470 406 35 443 177 442 223 485 397 242 275 484 347 427 299 303 364 329 324 358 742 473 192 321 503 383 234 394 225 896 0 372 243 279 154 484 364 278 219 493 296 326 104 554 118 399 227 340 360 181 241 314 342 415 184 532 522 307 48 468 261 326 164 556 277 390 166 337 271 401 223 353 394 328 177 378 438 321 281 349 402 267 97 345 242 309 321 772 334 317 139 302 357 288 169 274 291 357 862 365 409 365 189 800 263 385 231 535 485 403 205 434 284 347 246 471 342 405 153 841 952 805 144 415 252 201 110 434 338 194 193 476 274 406 171 430 283 294 207 817 291 292 6 518 460 240 181 484 855 332 88 371 369 409 164 615 258 437 111 406 243 365 252 453 185 356 145 403 256 288 204 361 400 315 107 384 132 291 149 470 427 349 71 451 163 418 779 550 456 322 119 421 476 214 211 467 459 448 243 466 348 400 146 512 442 288 712 380 207 278 108 467 368 383 348 385 286 339 180 415 434 416 152 427 272 329 175 676 339 342 321 434 263 472 874 293 300 398 110 456 248 291 170 413 335
107 350 174 226 352 166 335 61 133 267 253 211 142 159 326 100 189 349 311 104 285 330 273 348 9 390 287 108 285 277 291 51 106 325 263 170 153 191 242 439 220 283 264 75 61 218 273 64 348 286 532 412 126 162 143 106 110 213 243 156 6 290 252 407 49 365 191 117 216 253 461 249 93 178 275 239 152 251 156 169 489 176 266 114 139 317 145 115 166 219 157 42 58 221 185 235 93 162 333 50 244 620 230 42 136 330 283 121 188 324 245 113 270 316 277 82 455 280 172 333 21 210 137 416 168 269 190 154 107 204 176 146 242 141 232 79 206 214 247 125 62 219 289 49 139 225 224 245 170 286 258 87 287 198 237 113 165 237 308 90 220 169 361 312 550 232 209 38 123 331 164 172 109 309 209 181 130 258 214 18 112 162 176 298 136 315 269 136 120 232 242 539 241 291 311 100 462 229 335 46 128 177 229 32 185 249 173 147 156 204 272 106 90 100 211 132 262 181 253 75 222 135 203 119 122 554 273 166 280 210 300 101 221 219 208 161 141 459 185 173 157 288 441 32 87 428 232 41 120 406 183 263 543 221 169 143 107 371 121 202 202 252 229 183 179 98 181 35 90 94 154 75 49 118 275 422 117 227 216 134 56 209 116 147 616 372 0 129 272 289 274 11 173 192 377 117 108 397 307 375 270 235 255 41 248 215 218 92 43 207 296 202 72 406 232 257 139 254 425 140 112 385 112 101 110 150 195 55 189 233 278 66 79 117 129 39 144 289 437 131 182 90 464 45 165 414 521 17 180 255 114 178 86 565 120 43 567 223 435 126 176 196 251 163 120 206 166 88 33 383 269 41 106 228 471 669 514 236 196 141 279 269 198 98 181 214 227 160 54 293 237 102 203 165 463 99 225 378 199 88 208 251 228 539 88 392 128 30 56 252 443 133 66 262 172 159 125 152 124 224 122 232 75 121 174 170 199 95 98 272 280 245 114 358 266 92 172 353 173 229 85 417 258 130 148 325 254 654 189 181 229 87 136 195 140 208 149 283 234 114 85 368 335 197 109 279 216 41 46 234 178 134 162 206 142 223 113 221 108 104 94 250 359 124 87 97 220 128 136 520 170 124 28 375 283 136 303 270 162 57
219 247 239 102 399 39 334 72 168 138 252 131 141 56 387 102 242 231 342 216 343 202 303 472 121 273 311 111 334 152 272 82 132 198 253 41 202 64 294 330 314 173 230 142 68 126 295 99 466 174 490 540 17 42 211 106 106 253 229 39 125 215 295 443 83 251 242 62 218 195 535 134 123 108 280 228 203 133 222 44 603 109 281 67 67 188 194 39 71 272 192 158 100 104 313 110 195 92 353 122 207 732 264 117 101 201 333 47 159 210 332 106 281 259 284 122 584 152 140 454 143 94 182 524 255 175 244 137 69 89 240 42 176 36 224 141 292 102 213 60 67 108 292 99 178 203 256 178 218 176 329 92 309 184 204 77 234 108 378 39 115 47 248 192 445 106 209 96 105 218 200 165 69 214 237 80 176 171 231 127 230 53 81 178 36 211 264 259 168 154 307 445 229 172 367 107 578 106 289 143 195 83 247 112 213 141 121 260 129 81 241 52 112 227 262 99 151 54 224 56 135 232 184 17 59 652 372 99 284 138 331 59 241 125 194 180 155 455 185 48 150 187 395 136 122 331 165 122 206 279 203 173 648 93 176 241 183 243 214 80 252 168 289 210 101 35 265 105 193 71 124 134 88 120 248 526 236 126 185 260 147 129 175 18 702 243 129 0 212 179 312 121 121 95 380 88 116 275 368 257 269 153 224 121 143 140 182 120 171 90 350 298 69 278 280 190 136 141 438 87 173 275 125 29 180 27 189 156 173 125 260 195 93 72 146 159 85 164 369 11 155 99 560 93 148 297 420 114 139 147 53 135 132 658 154 166 473 118 559 52 202 113 329 259 187 106 226 41 105 294 303 101 180 104 599 757 603 111 229 58 185 142 242 119 55 109 282 105 167 189 261 56 162 37 584 65 179 250 294 217 132 147 288 640 111 269 162 128 169 141 475 55 194 134 211 73 160 78 222 117 151 106 168 32 133 44 197 172 98 146 264 118 83 246 300 192 175 228 241 109 185 541 340 226 140 207 267 570 91 76 278 215 226 121 237 195 198 170 307 213 46 481 301 92 59 153 272 129 145 217 200 92 162 89 202 256 193 93 198 35 111 144 460 138 120 100 254 56 241 641 130 97 155 256 303 43 243 164 211 97
379 131 434 250 605 195 546 254 172 217 464 331 138 259 587 306 205 180 551 286 265 247 512 598 264 200 521 317 538 185 483 229 175 222 464 205 190 224 496 458 311 123 439 328 233 95 505 288 609 128 688 633 229 235 403 166 162 187 441 237 274 34 500 306 233 172 443 273 116 19 447 140 185 105 492 440 192 149 416 187 598 105 492 277 150 253 394 250 142 214 397 267 214 148 403 250 262 122 564 300 49 883 472 292 137 271 537 259 90 151 516 313 151 47 496 316 661 202 352 591 293 149 383 508 263 78 444 348 173 149 436 170 36 175 436 329 282 137 422 163 242 133 504 223 176 76 463 378 189 125 523 292 182 98 413 164 224 203 574 229 119 234 382 174 571 239 421 266 149 148 405 377 278 85 445 136 185 64 441 257 306 161 282 305 176 115 476 337 188 61 504 591 93 158 569 173 725 168 492 312 214 130 457 281 158 120 332 418 117 247 450 260 184 333 464 311 124 189 434 221 84 269 396 228 166 826 546 116 140 341 540 266 150 99 406 388 149 666 396 227 125 98 183 299 190 177 367 295 242 269 411 70 615 196 386 415 224 303 391 168 203 60 488 418 111 207 450 275 262 275 336 323 227 157 457 502 310 109 395 392 239 84 369 206 888 279 272 212 0 124 520 273 332 290 592 298 166 225 568 195 125 67 434 234 107 73 392 319 306 263 553 474 210 327 484 23 140 301 650 299 204 171 330 227 216 191 401 324 99 123 471 315 194 162 352 311 136 190 165 222 95 182 736 229 113 219 557 256 92 117 264 346 326 838 356 314 618 117 680 264 156 100 519 435 211 116 423 227 240 125 511 275 367 249 664 941 786 173 436 269 77 191 446 320 226 121 483 316 266 109 471 263 71 212 604 272 50 282 471 338 81 106 487 810 185 232 365 248 328 125 685 267 315 209 415 280 174 136 395 121 170 181 343 186 98 224 409 357 174 191 475 242 161 159 508 363 127 215 435 266 254 582 528 401 130 164 478 726 125 142 481 331 254 91 411 407 189 133 500 264 217 633 508 281 177 267 472 300 247 85 408 303 128 152 397 463 230 223 376 241 180 113 439 158 190 304 461 268 288 657 341 308 297 201 514 254 32 111 412 282
391 69 418 162 572 144 487 246 241 109 412 259 199 203 563 280 298 67 510 342 377 125 472 636 280 103 477 288 509 70 419 238 225 98 407 149 271 154 470 341 400 6 372 320 233 77 461 277 636 6 597 690 193 178 390 203 199 290 385 184 288 98 468 430 241 76 419 237 222 125 566 47 228 122 441 385 273 51 401 137 696 127 446 243 151 133 372 216 123 316 369 302 237 75 456 159 317 133 515 297 163 906 437 291 169 150 507 221 166 37 511 282 270 152 445 300 726 87 301 622 308 85 361 608 344 47 421 305 184 90 419 146 108 152 384 319 372 77 357 165 237 72 450 243 249 183 428 302 277 3 507 271 302 191 350 180 309 108 556 213 69 174 270 50 451 147 374 267 185 42 376 333 246 56 409 108 255 64 400 280 361 130 219 197 155 35 420 393 254 88 485 476 208 36 542 209 750 82 412 316 285 113 415 283 252 40 277 433 170 169 383 230 221 375 439 270 28 131 371 218 78 338 344 196 168 831 550 132 261 271 499 237 257 75 354 353 216 598 353 165 193 27 274 306 231 155 293 295 309 150 375 57 722 111 347 417 286 179 391 102 301 71 466 384 117 196 444 276 316 250 290 313 240 203 392 605 366 62 337 423 279 95 354 164 881 154 289 179 124 0 484 285 276 221 532 263 209 117 544 90 246 80 369 262 43 98 332 299 331 185 526 476 217 203 456 107 198 207 593 254 268 97 303 205 280 152 354 329 185 56 409 348 218 175 322 326 151 71 221 185 169 212 739 244 181 127 440 272 150 34 230 291 311 837 332 331 501 66 722 224 246 101 508 436 279 84 405 213 257 129 474 274 358 160 735 936 782 82 403 221 47 80 418 297 161 75 459 264 306 19 431 234 148 158 693 244 142 158 472 372 100 40 465 818 221 119 340 275 339 38 640 223 347 102 387 225 239 139 398 65 231 91 344 171 152 165 362 350 204 79 414 145 182 69 471 368 210 93 419 179 307 662 519 403 191 44 431 611 100 108 454 368 326 108 414 356 268 13 486 326 209 655 433 209 181 159 449 302 283 197 373 261 203 90 381 428 295 136 375 214 216 39 539 214 230 279 427 227 355 748 289 271 316 93 469 209 139 21 388 273
205 553 105 339 87 342 106 267 406 404 94 244 408 282 89 214 460 523 39 348 549 454 22 346 280 564 37 203 31 436 130 299 376 466 112 336 426 333 40 422 462 479 159 201 290 438 41 234 306 479 329 458 296 306 133 368 371 486 122 301 269 527 22 676 295 548 83 251 488 501 705 437 362 414 76 119 425 434 120 350 657 414 57 245 369 433 130 273 382 489 123 306 322 410 339 347 352 397 71 229 504 504 48 238 388 435 31 266 448 509 126 207 543 566 74 205 519 428 186 315 256 401 139 610 425 487 84 179 349 397 102 354 485 347 115 198 458 412 162 356 279 417 83 312 412 490 57 223 443 481 81 227 561 464 162 358 433 386 99 291 427 310 377 482 494 354 115 261 380 519 115 152 243 526 76 393 404 483 85 291 342 366 269 367 346 518 100 344 394 465 66 453 510 467 65 363 381 403 199 228 399 395 72 251 458 449 211 203 414 323 155 261 357 301 64 215 458 354 149 300 447 388 148 295 354 387 173 403 553 231 30 255 494 437 138 133 412 207 133 319 423 497 700 242 357 639 223 237 384 539 110 485 732 377 138 165 377 463 170 383 473 480 60 102 410 312 126 254 349 244 194 203 303 383 145 623 345 437 163 257 329 439 158 324 413 484 274 312 520 484 0 267 212 272 128 224 373 557 73 547 542 464 154 314 454 450 170 201 267 311 50 150 315 493 44 499 404 320 158 230 385 576 189 293 382 338 133 220 454 434 127 282 338 359 168 246 384 446 680 304 442 352 303 303 429 586 458 285 434 455 259 197 197 382 164 249 476 429 421 262 449 424 99 154 392 419 109 292 298 606 14 252 168 342 551 469 325 405 84 263 497 424 76 199 324 421 55 222 316 497 55 258 459 327 607 249 479 490 148 279 441 457 61 386 355 546 156 303 228 448 169 262 282 405 105 261 398 384 174 428 394 397 201 334 428 320 125 179 358 427 122 364 362 547 15 195 442 505 107 327 348 546 114 168 413 502 66 522 404 389 47 286 396 430 166 136 422 473 87 370 303 297 174 285 344 378 63 234 318 501 113 224 430 397 132 57 382 358 174 280 359 453 572 394 356 216 58 259 380 658 198 215 263 544 43 276 551 472 112 241
109 347 169 217 346 159 326 51 139 259 244 200 145 149 321 89 197 344 304 115 294 322 266 354 13 385 280 98 279 270 282 47 110 318 253 162 161 182 236 429 231 278 253 67 54 215 265 53 352 281 522 420 117 153 138 108 112 221 233 147 5 289 245 415 44 360 185 106 221 253 471 244 97 176 266 229 160 246 151 162 500 174 258 103 135 308 138 105 162 228 149 53 59 216 194 226 104 160 326 40 246 623 223 32 136 321 277 111 190 319 243 102 276 317 269 72 464 272 162 338 23 204 130 427 179 266 184 144 104 198 171 140 241 135 222 71 216 209 237 121 54 214 280 50 146 229 217 234 178 282 254 76 294 201 227 111 175 229 304 82 216 159 350 307 539 223 199 28 124 326 156 162 99 306 201 176 137 256 205 25 122 156 166 289 131 312 260 147 127 230 238 528 245 285 306 101 466 223 324 41 137 173 221 21 191 245 162 149 157 194 262 96 93 109 205 121 257 173 242 68 220 145 192 110 118 555 274 164 286 199 293 90 227 216 198 152 146 450 175 165 160 285 443 27 91 425 221 32 130 399 174 261 554 214 160 142 116 362 119 195 210 250 224 175 176 92 178 24 101 83 143 67 46 120 264 433 128 224 205 141 65 207 109 139 615 364 11 121 273 285 267 0 162 181 368 106 110 391 303 370 275 233 244 47 244 213 207 81 51 197 291 201 68 397 226 257 141 244 417 129 120 381 102 93 119 143 185 52 192 229 268 75 79 115 119 42 142 283 437 123 184 92 464 44 168 409 510 18 181 251 103 167 77 565 111 47 556 219 441 115 182 193 248 162 129 202 160 80 33 382 262 30 101 219 480 668 513 229 188 130 276 262 191 88 172 210 221 149 65 290 229 91 204 157 474 89 226 370 198 97 206 247 223 540 91 386 119 37 56 247 436 122 75 254 165 148 131 149 122 219 127 225 71 115 175 161 190 90 99 265 270 237 113 354 259 90 176 346 169 219 96 427 256 128 151 319 245 642 185 177 223 96 147 193 138 198 157 278 230 124 78 371 325 186 105 269 210 33 55 238 170 123 166 201 136 215 123 213 105 95 96 246 370 128 91 86 213 118 147 531 159 113 34 370 275 125 304 266 155 46
206 345 171 127 299 139 215 122 271 192 136 46 254 74 296 75 343 311 235 277 444 244 198 454 172 352 201 70 239 224 152 158 234 255 134 131 302 123 204 278 392 271 109 126 141 241 186 110 435 271 374 543 104 100 154 214 216 360 110 96 167 332 199 554 155 337 161 69 334 315 629 229 222 229 165 110 303 225 160 148 659 230 170 68 188 224 127 88 190 373 114 215 186 203 341 136 265 213 240 131 328 682 166 135 219 229 238 78 279 298 269 63 397 378 169 102 595 216 27 430 173 196 117 589 337 285 164 41 182 193 172 163 296 157 108 120 376 208 91 179 130 213 175 179 281 323 157 71 319 273 251 87 422 302 82 191 326 174 295 121 224 103 208 270 383 142 99 137 219 308 119 62 70 322 139 196 276 285 127 184 284 170 57 169 157 311 146 305 266 272 227 367 348 256 274 212 538 194 172 152 286 201 141 142 321 243 1 241 247 111 120 84 213 263 177 41 250 149 103 141 251 306 68 108 177 583 318 220 401 40 224 83 353 239 78 92 265 334 80 111 266 291 515 156 219 430 59 138 287 330 107 285 716 167 79 205 269 262 182 177 354 283 207 119 221 139 210 139 262 84 28 118 165 230 126 595 289 235 64 266 221 247 127 126 620 278 173 121 332 276 212 162 0 61 261 56 223 345 278 335 387 269 103 194 250 259 61 92 202 99 257 250 161 295 190 309 249 118 320 38 265 365 75 116 269 141 79 158 292 229 140 229 191 188 78 180 206 234 483 110 274 202 493 169 266 374 352 170 260 249 77 15 106 584 96 187 395 227 541 71 311 232 257 217 278 220 158 124 173 401 200 133 143 131 617 676 527 195 137 63 295 212 155 85 115 219 198 17 227 290 157 85 283 122 628 81 300 285 246 244 251 253 206 577 211 335 99 193 176 242 364 67 228 193 128 53 263 200 192 224 255 187 156 151 254 113 87 143 204 215 144 153 196 336 198 176 290 293 174 117 256 577 272 193 255 291 156 480 207 191 189 247 306 241 202 80 298 264 234 285 138 442 181 74 172 170 189 143 213 337 107 41 276 192 142 158 278 146 168 101 213 248 533 246 218 78 158 67 309 685 15 50 187 332 193 78 362 266 136 117
250 289 229 66 359 95 267 131 261 132 193 41 235 39 357 110 336 251 293 292 437 184 258 503 187 292 260 110 300 165 199 161 225 194 187 85 295 69 265 248 400 216 153 165 143 196 244 135 487 215 400 586 82 57 209 200 201 348 164 57 186 286 260 538 159 278 221 75 312 276 628 175 215 193 222 165 296 170 216 104 680 195 228 79 159 164 184 80 152 365 172 230 185 152 372 75 276 180 296 160 294 739 227 161 195 170 299 71 251 240 328 102 375 335 226 140 635 156 87 481 198 146 173 605 342 235 224 100 164 144 230 129 255 125 165 161 380 158 137 154 135 163 230 181 271 294 218 88 311 217 311 114 403 277 130 171 324 115 356 114 176 57 169 211 359 81 158 153 199 250 178 123 84 269 200 155 269 237 187 197 303 131 16 115 127 255 200 328 260 229 287 354 321 198 334 200 593 139 202 184 285 162 201 164 307 191 62 288 222 52 163 86 204 289 238 79 196 101 151 137 206 315 126 89 153 643 375 187 377 52 283 91 335 193 136 151 249 380 141 63 245 238 472 184 213 374 77 165 292 270 168 237 731 110 140 256 271 205 231 126 346 237 267 179 184 125 266 159 273 100 84 157 167 215 172 609 308 187 116 305 228 206 178 90 681 219 192 95 290 221 272 181 61 0 311 85 210 285 339 275 362 225 149 201 199 218 111 131 228 38 318 305 155 239 251 267 231 66 373 62 263 307 121 105 269 104 139 193 266 178 189 255 183 167 131 209 177 174 434 84 247 192 553 172 242 314 332 183 229 197 78 75 147 644 148 216 382 178 591 66 297 191 317 270 276 174 215 117 180 348 261 153 191 70 655 737 587 139 197 51 244 153 216 126 64 172 258 55 241 236 218 90 251 79 655 93 265 225 301 274 210 202 266 636 202 274 153 203 210 188 420 59 254 133 188 33 253 168 240 175 244 130 197 126 224 66 147 188 192 156 194 92 177 278 258 219 270 233 232 56 265 607 331 242 234 232 214 476 165 148 250 275 311 202 252 138 291 208 293 295 129 496 218 13 153 111 249 172 223 309 167 71 256 142 197 219 280 87 215 94 203 196 545 233 211 111 218 63 322 712 75 86 212 271 251 60 319 213 195 139
326 599 226 372 134 399 46 354 505 435 129 273 498 335 175 295 566 557 94 464 661 471 115 467 381 595 97 284 145 472 113 391 471 490 127 391 529 379 168 377 581 527 160 303 377 502 107 325 422 526 205 581 363 360 248 458 460 589 151 356 371 592 148 784 386 585 199 320 580 575 825 486 457 487 103 152 529 481 237 408 786 488 111 316 445 450 235 343 450 596 220 415 417 462 466 378 463 471 59 328 585 582 154 337 470 447 146 333 532 549 250 285 640 638 100 298 643 461 240 434 363 456 241 737 539 545 202 245 431 453 223 422 556 416 156 298 573 468 175 434 366 473 90 407 512 576 157 233 546 529 204 311 661 552 182 441 542 425 201 369 485 362 357 518 423 387 174 356 467 560 214 218 316 580 170 457 505 545 163 394 460 431 315 374 416 567 116 466 495 532 194 371 599 508 157 454 481 450 147 334 505 462 148 350 557 502 260 329 498 363 150 334 450 421 185 282 508 409 161 384 512 502 196 364 431 449 293 478 647 261 99 330 592 499 186 218 505 83 200 371 512 549 775 346 453 684 240 337 494 552 195 546 860 421 213 290 484 466 289 436 579 544 188 194 481 390 253 351 460 323 256 302 396 473 140 749 464 496 197 382 433 508 263 386 448 493 377 380 592 532 128 368 261 311 0 296 464 582 171 579 635 530 163 414 509 519 201 291 379 347 154 278 402 489 168 569 494 337 63 292 488 615 273 368 487 401 193 329 542 489 123 398 429 440 252 356 461 480 744 370 527 442 379 397 515 615 387 384 515 508 329 246 292 435 257 360 390 487 535 327 548 492 223 281 497 480 225 372 395 660 123 347 278 375 676 501 380 450 183 323 554 460 188 287 374 480 182 276 425 547 142 332 539 383 735 324 557 498 276 398 511 513 189 456 448 568 250 405 341 500 127 325 398 439 207 313 496 457 296 484 490 441 312 407 508 373 186 288 447 463 118 394 446 586 126 311 534 530 228 357 458 674 236 291 502 540 123 417 468 452 171 406 508 500 290 185 525 519 214 483 384 408 117 323 424 397 188 336 423 588 199 289 521 452 243 159 490 396 291 354 452 507 697 487 452 298 162 323 496 786 251 286 373 573 98 338 622 524 219 333
165 332 157 140 311 119 251 67 219 198 168 94 205 68 301 25 288 308 254 221 389 258 215 419 116 350 223 28 247 223 194 104 182 263 171 115 248 119 207 327 336 257 158 80 87 214 207 55 405 258 426 501 72 88 132 165 166 307 148 81 111 303 207 502 100 331 156 27 287 281 573 216 169 193 195 145 249 214 142 127 605 193 194 21 149 240 111 49 158 319 106 159 131 188 290 149 209 176 266 78 288 662 176 80 174 249 245 42 235 291 254 20 348 345 199 55 551 219 62 397 119 178 99 534 281 263 158 51 135 174 158 130 263 124 141 76 319 188 140 137 76 194 207 124 228 280 168 128 266 260 245 31 372 257 130 145 271 174 293 73 202 93 252 268 435 152 123 81 171 300 113 79 20 302 149 168 222 259 143 128 229 141 72 200 122 296 181 251 213 242 223 422 303 250 280 162 513 184 225 101 231 171 159 87 270 226 56 203 202 118 167 38 160 210 176 16 235 132 149 90 223 250 102 71 135 574 298 182 354 93 243 33 303 213 112 92 214 374 98 102 218 273 481 102 166 416 115 84 231 342 115 261 661 162 88 174 213 286 148 161 300 256 203 122 187 94 189 83 206 29 43 72 110 180 172 539 234 213 109 220 165 216 98 100 619 296 117 88 298 263 224 106 56 85 296 0 172 348 281 334 340 240 150 139 230 227 109 47 149 113 263 226 109 321 193 277 201 151 353 24 211 357 41 72 214 114 104 109 246 211 181 175 138 143 59 127 165 235 457 80 231 151 482 114 220 374 405 114 218 232 35 63 62 577 71 135 450 205 507 39 260 200 247 189 223 194 144 75 117 382 215 77 109 143 571 674 522 187 141 45 273 212 155 42 109 197 196 43 171 274 173 36 242 106 576 28 261 303 222 192 219 234 202 564 158 340 78 136 127 226 387 41 175 197 124 54 210 162 157 204 202 180 112 112 212 101 111 105 154 216 185 164 150 328 212 134 241 298 159 135 199 526 260 160 207 286 180 536 179 164 191 194 249 207 170 112 244 252 225 229 89 416 231 94 127 191 186 90 157 293 112 16 228 174 121 168 222 149 132 58 161 230 476 196 164 27 166 37 253 633 56 10 133 331 216 54 329 249 126 61
214 260 278 211 455 135 420 110 52 225 336 244 35 171 431 169 126 274 408 134 227 284 370 437 100 311 381 180 388 220 366 74 18 271 342 144 87 172 344 443 207 203 330 173 87 131 366 141 444 207 597 483 128 157 247 10 11 138 319 155 110 188 352 331 79 284 292 154 116 147 419 180 20 86 361 316 88 185 260 132 503 83 357 156 69 277 243 136 98 156 251 101 51 158 249 218 109 77 427 145 136 718 327 136 39 293 386 147 80 246 353 180 176 209 365 168 518 229 234 427 129 147 234 419 147 177 292 223 47 142 280 97 139 97 310 176 182 146 312 64 98 149 375 61 62 118 320 288 102 207 365 153 200 91 302 42 120 196 415 102 144 161 361 244 559 210 290 112 24 250 259 248 154 215 302 111 61 163 303 92 152 108 196 287 93 228 350 184 55 135 348 560 137 221 416 11 560 174 395 151 85 103 320 123 99 172 223 251 49 194 340 139 18 171 313 188 185 143 321 82 132 133 274 122 62 660 380 76 183 249 398 140 130 134 283 248 42 544 265 161 50 200 333 137 25 331 275 138 104 346 272 170 541 181 252 251 80 335 229 150 136 156 333 275 92 86 288 119 108 144 215 170 70 10 344 419 158 147 281 227 74 116 216 126 723 326 108 116 166 209 373 110 223 210 464 172 0 324 413 298 170 140 322 68 166 118 280 174 140 205 400 309 63 368 333 153 31 255 517 185 64 298 191 108 75 118 273 162 82 158 353 150 35 48 212 146 59 232 330 126 74 22 570 70 58 335 535 93 75 176 146 233 177 672 210 148 589 146 521 154 89 108 359 271 77 128 269 99 77 283 367 121 210 212 527 776 621 182 291 165 187 216 297 178 166 139 330 206 102 208 330 138 96 145 492 144 118 332 306 173 113 168 332 643 20 323 219 82 164 176 542 159 149 218 268 184 44 74 232 148 35 182 182 86 69 156 279 199 19 219 356 221 37 275 364 200 70 289 278 221 99 457 366 238 41 250 343 686 114 115 331 167 122 102 248 283 82 206 341 119 85 467 403 208 58 256 319 141 81 128 268 184 57 146 244 319 90 194 215 122 14 171 353 24 24 166 317 158 148 548 227 182 131 301 376 152 196 187 261 133
494 99 505 218 643 237 540 347 358 153 474 316 316 281 642 369 414 50 577 457 488 111 542 744 388 31 543 376 584 125 470 345 341 92 465 237 387 230 549 309 517 122 423 416 337 194 528 374 740 118 608 804 285 261 480 318 315 404 445 267 394 192 544 527 348 54 502 324 334 231 672 148 343 239 502 446 389 145 490 231 812 243 511 330 263 132 459 307 233 430 451 414 349 175 570 210 433 248 576 397 270 1007 512 392 285 139 583 309 282 80 602 368 376 236 506 394 841 130 372 728 414 187 447 724 461 159 504 381 296 193 506 251 219 256 447 414 489 183 411 275 340 179 509 354 366 294 503 349 394 118 592 363 407 305 406 293 425 175 638 313 181 255 259 84 404 203 443 370 301 79 458 407 334 139 484 218 372 176 472 389 476 235 289 211 260 110 479 508 371 203 569 443 316 106 619 324 853 169 446 418 402 225 486 386 367 152 346 535 287 235 433 321 336 487 520 351 139 221 425 323 195 455 410 290 278 922 645 248 364 328 567 329 369 191 420 433 333 638 425 246 310 133 324 410 347 139 344 397 426 56 452 168 836 186 423 515 403 139 489 196 416 184 549 462 233 299 536 379 432 342 366 408 348 319 443 719 481 177 398 531 393 212 445 258 965 104 397 275 225 117 557 391 345 285 582 348 324 0 623 30 350 195 423 374 159 215 391 390 439 246 602 572 325 141 535 214 314 245 644 334 384 70 390 304 396 250 424 431 301 167 462 459 330 287 406 432 266 113 251 278 285 326 831 353 298 35 402 380 267 148 319 360 404 925 419 438 465 178 831 311 362 217 595 533 396 197 492 314 366 155 545 375 453 215 851 1020 869 164 481 303 153 136 498 387 239 186 541 337 419 123 502 326 263 245 810 335 254 103 568 482 217 157 548 912 336 16 426 386 443 149 699 308 458 153 468 300 356 252 497 177 347 170 444 276 269 247 432 446 318 133 468 193 295 67 543 468 326 52 508 231 422 779 609 501 308 74 497 576 212 216 533 479 442 225 511 422 385 118 572 443 313 757 472 272 291 185 531 403 396 306 450 342 319 190 470 503 412 201 472 309 331 154 655 331 345 369 503 312 472 865 360 354 424 24 534 295 227 138 473 372
218 613 135 405 55 400 164 314 439 470 167 313 447 344 19 266 484 586 82 365 567 521 94 298 314 628 105 257 42 500 201 341 413 533 184 395 454 395 74 495 471 538 232 241 335 492 113 280 252 539 376 413 352 367 166 409 412 512 195 361 304 579 80 696 337 611 126 308 524 549 707 497 399 464 148 192 453 495 153 408 635 463 130 302 419 501 175 329 435 512 175 333 361 469 331 413 373 447 114 269 547 432 112 278 432 504 42 323 491 571 93 262 575 614 145 252 475 493 251 265 288 459 186 597 441 542 125 241 395 455 132 407 534 401 187 239 471 469 235 405 326 475 153 351 444 531 121 295 470 541 54 278 589 504 234 404 456 449 30 341 483 372 450 546 564 420 184 303 423 580 168 216 299 582 139 447 435 537 153 325 355 421 334 438 399 577 173 350 426 517 65 521 548 530 14 403 315 464 269 262 425 448 141 290 490 507 277 202 457 388 228 316 395 312 105 274 517 414 222 347 500 405 217 350 402 314 125 452 587 301 84 309 526 491 208 191 448 236 198 381 463 554 745 276 394 698 294 275 407 607 171 540 714 440 199 175 404 534 190 442 497 533 80 161 461 362 132 295 370 297 257 245 344 423 218 611 357 493 234 257 359 491 199 381 343 554 307 368 568 544 73 303 278 339 171 281 413 623 0 611 577 517 226 348 511 500 241 250 291 377 23 135 359 564 88 549 444 390 175 291 414 638 242 346 409 394 201 252 495 492 199 300 379 406 222 274 432 510 731 361 485 393 230 343 470 651 528 321 479 514 315 263 242 310 214 274 543 486 365 320 482 475 69 158 420 473 145 342 335 662 87 294 203 408 509 399 253 467 142 323 553 488 126 250 386 477 85 286 341 555 125 312 503 387 579 302 525 559 136 291 492 514 81 313 393 612 206 336 255 507 153 321 300 470 157 323 432 434 191 484 429 459 232 385 473 381 193 214 400 491 194 430 408 608 87 218 479 571 134 394 372 516 76 184 453 565 139 583 458 444 90 299 416 480 177 206 451 533 77 389 352 237 243 351 391 446 96 272 348 541 173 283 468 455 171 120 406 422 200 334 399 511 566 431 394 268 120 317 394 627 263 273 291 608 113 335 599 530 157 286
474 70 491 210 634 219 536 328 331 145 467 309 289 268 630 354 385 26 569 432 458 115 533 723 366 17 535 361 574 111 466 323 315 90 459 221 359 216 537 325 488 96 419 399 316 167 520 356 721 92 615 780 268 246 465 292 289 374 438 253 373 162 533 497 326 24 489 309 304 201 642 126 318 212 496 439 361 124 475 213 783 216 503 315 239 134 445 291 210 401 438 390 325 154 546 203 407 222 570 378 240 988 501 373 259 144 573 294 253 53 587 354 346 206 500 377 816 120 362 708 393 166 433 695 433 130 491 370 272 171 492 230 189 235 439 397 460 161 405 252 320 156 503 331 338 264 492 345 365 92 579 347 377 276 401 269 397 162 626 293 156 241 269 66 424 194 434 350 275 50 445 396 319 109 474 195 345 147 462 367 450 213 278 213 239 80 473 482 343 174 556 460 286 85 608 299 834 151 446 399 375 200 476 366 338 127 336 516 260 224 429 305 311 463 508 338 114 204 420 302 168 428 401 273 255 907 628 222 334 322 559 313 339 165 412 420 306 638 415 232 282 104 299 390 321 122 339 377 399 81 440 139 806 172 412 497 376 152 471 177 387 154 536 451 207 279 520 359 406 326 354 391 326 293 439 690 456 152 391 509 368 185 429 240 952 118 375 257 195 90 547 370 335 275 579 334 298 30 611 0 320 166 418 351 132 187 384 374 417 237 591 555 303 161 523 184 287 242 641 321 358 48 375 285 369 230 414 411 272 142 458 436 306 263 392 411 241 101 228 260 256 301 815 331 270 40 420 358 239 123 303 350 387 911 404 417 483 154 809 295 333 191 581 516 369 172 477 294 344 130 536 356 436 206 825 1008 855 147 469 289 124 123 486 372 226 162 528 326 395 94 493 309 234 229 782 319 225 119 551 460 189 130 535 896 311 40 412 362 423 124 694 293 435 142 456 288 329 228 478 152 320 154 425 254 241 232 423 429 294 120 463 186 271 37 534 449 297 52 493 223 397 752 594 483 280 50 489 594 188 194 522 456 415 198 494 414 357 93 558 416 292 738 471 263 268 183 518 384 372 276 439 329 291 169 455 493 385 190 455 291 306 128 625 304 320 353 492 297 445 837 349 341 402 9 527 280 197 111 459 354
365 255 443 340 622 269 590 280 138 323 506 400 136 325 595 339 118 305 578 236 145 364 539 543 263 324 552 350 554 298 535 245 166 340 511 280 129 306 511 564 215 243 496 341 257 193 537 311 564 248 759 557 285 304 413 177 175 90 488 304 274 158 520 187 249 297 460 320 54 121 322 250 180 172 532 485 131 259 426 262 485 169 527 322 202 367 412 299 213 111 421 246 220 247 342 343 217 183 597 313 83 836 496 304 169 385 553 310 111 275 508 350 27 127 535 339 575 313 401 542 289 243 403 394 183 198 459 392 206 241 446 233 139 237 480 344 188 234 478 209 268 232 545 230 133 70 489 447 118 246 527 323 57 85 469 197 148 302 576 268 219 306 485 295 680 332 460 281 169 273 428 417 322 210 472 216 144 182 473 252 254 233 350 406 235 240 520 279 152 164 512 693 42 277 581 181 677 269 558 316 161 206 490 291 90 231 387 397 141 330 506 305 186 292 480 356 239 270 488 251 184 205 443 280 211 798 527 176 16 407 567 307 57 197 452 418 130 714 435 302 122 221 192 302 185 285 434 305 187 393 442 189 494 292 422 407 180 420 388 259 110 175 499 445 182 248 448 288 219 313 383 339 240 161 512 385 256 213 448 358 219 174 384 271 870 399 270 269 125 246 542 275 387 362 635 340 170 350 577 320 0 172 489 229 219 163 447 344 289 345 566 462 233 447 501 139 140 391 687 350 165 294 361 271 173 258 443 325 96 228 522 288 206 199 383 304 184 306 224 280 114 192 711 239 121 343 662 258 133 230 311 399 346 814 380 304 721 219 617 316 97 183 518 427 163 209 436 265 244 233 536 290 376 339 573 920 767 276 461 326 200 301 466 348 304 219 497 371 240 232 500 305 115 285 498 312 109 403 460 305 167 218 498 778 188 357 389 241 322 237 711 321 287 315 438 342 145 194 389 223 148 281 345 237 138 298 449 365 187 302 525 339 191 284 533 359 101 338 443 354 214 484 523 395 133 287 513 825 209 223 498 297 189 170 404 452 132 253 502 209 252 593 568 356 215 369 486 308 230 55 438 351 113 245 411 488 181 315 377 286 183 225 325 149 185 336 486 321 224 548 393 350 286 326 546 311 128 229 430 303
342 121 385 184 551 131 484 205 165 153 404 266 124 196 536 251 219 145 494 272 298 192 455 576 226 177 463 262 485 126 420 186 154 169 403 140 193 158 444 396 322 75 375 281 186 29 447 239 581 80 621 622 169 171 355 136 132 210 379 174 235 63 446 359 190 149 391 214 144 57 489 78 160 57 432 378 195 87 367 122 617 60 434 219 99 194 342 192 82 237 343 239 178 82 388 184 247 73 505 255 89 854 416 247 102 213 484 199 87 115 472 257 195 110 436 266 655 141 291 565 256 82 331 529 267 38 392 289 129 82 386 111 35 117 375 281 294 70 358 114 194 67 443 186 172 106 408 313 199 79 475 239 227 111 350 122 231 137 525 176 52 169 318 126 510 172 361 221 118 117 351 318 221 75 389 73 179 23 383 223 291 100 218 241 119 90 415 323 179 8 454 528 133 106 517 143 696 102 426 270 209 70 400 237 173 59 270 382 95 180 386 203 155 311 412 252 67 124 371 173 18 264 335 169 117 788 506 69 188 276 483 210 178 32 345 332 140 602 337 162 116 63 247 258 164 193 301 251 235 229 355 30 643 130 329 373 213 248 348 101 222 17 437 362 57 155 405 231 246 220 276 275 187 133 394 525 296 43 333 364 214 27 320 144 844 227 235 153 67 80 464 233 269 225 530 240 140 195 517 166 172 0 370 202 47 22 329 267 274 197 501 433 166 275 431 43 123 235 589 239 194 159 276 171 206 129 341 282 106 58 409 288 158 118 297 274 91 133 216 162 90 149 696 190 103 200 495 218 73 58 206 284 276 797 303 278 554 51 660 205 166 41 473 393 204 50 373 175 202 149 455 229 320 182 662 899 744 108 381 207 47 129 392 267 161 55 432 254 241 72 414 206 69 148 616 216 65 232 429 311 27 46 436 773 156 198 311 215 289 64 627 206 287 145 361 217 164 85 353 55 156 115 300 131 75 159 349 311 140 131 413 176 121 138 453 322 131 171 386 200 237 587 482 359 115 124 419 661 62 78 428 306 250 40 369 347 190 83 452 254 166 602 443 216 129 202 421 256 220 120 352 244 124 85 348 408 222 156 333 184 150 53 460 141 163 250 406 208 282 671 280 250 261 171 456 193 94 60 359 234
248 437 171 210 230 239 118 215 368 274 60 110 354 175 243 158 436 395 161 355 536 314 133 466 256 435 128 148 185 310 50 253 332 331 44 231 397 217 166 271 474 365 10 188 236 342 115 193 435 364 278 568 207 200 173 314 316 456 33 197 248 432 151 652 249 423 147 169 436 418 716 324 319 332 83 37 397 318 170 248 721 333 98 167 291 293 146 190 292 467 125 297 280 300 395 216 348 316 154 206 431 655 123 213 321 292 184 180 381 387 253 145 497 480 87 173 625 299 88 437 248 294 143 658 423 384 152 102 283 292 169 265 398 260 45 182 460 306 13 281 225 311 87 272 377 425 116 74 414 366 220 173 522 404 20 292 417 262 251 221 323 201 223 356 354 225 63 224 320 397 125 84 168 418 107 298 371 385 88 269 358 272 153 220 260 404 58 373 361 373 196 322 450 345 218 311 524 288 82 220 378 304 91 224 420 339 103 271 349 200 18 184 310 328 152 134 345 248 4 240 352 389 53 210 280 541 305 323 503 98 153 182 452 339 49 107 364 232 77 210 367 387 617 229 315 522 79 215 374 397 98 385 785 258 92 229 359 316 214 274 449 383 178 108 324 240 213 222 345 178 107 184 259 330 24 666 362 334 41 312 308 349 164 228 563 340 255 224 434 369 154 244 103 149 163 150 322 423 226 418 489 370 0 284 347 361 42 163 272 185 203 253 259 344 154 411 350 178 224 139 358 453 142 218 360 243 65 221 394 327 40 297 288 290 128 248 308 318 583 213 377 300 456 262 368 455 319 257 362 346 178 90 171 535 142 254 348 326 548 173 409 334 232 232 370 320 161 224 263 497 140 217 183 213 652 619 478 287 115 166 393 298 135 157 212 319 167 119 308 385 105 184 386 223 682 178 403 345 249 306 353 351 177 539 308 410 138 279 238 337 276 169 297 277 126 154 359 302 224 323 352 279 211 254 356 212 65 189 304 301 45 232 298 424 139 222 390 371 175 195 340 626 249 222 356 378 88 416 309 292 155 311 391 343 227 50 393 357 211 368 237 434 81 161 274 238 164 217 299 439 101 138 377 290 161 118 366 234 206 203 311 345 607 345 314 161 120 169 388 737 96 140 260 413 119 181 464 362 141 201
145 320 215 223 393 155 371 73 92 255 288 226 101 164 367 127 153 325 350 94 252 318 313 375 34 365 326 137 326 259 324 41 64 309 297 161 115 185 283 447 200 256 293 113 58 188 312 92 379 260 562 430 125 161 184 68 72 175 275 156 45 254 292 371 42 339 231 130 175 215 435 226 52 145 311 272 115 230 197 155 482 143 304 129 111 306 184 121 141 184 195 40 25 200 197 231 75 131 372 86 204 652 269 77 100 321 324 130 148 299 285 139 229 277 314 116 469 264 198 363 62 189 176 405 143 238 231 182 78 183 217 126 205 123 265 117 182 191 276 99 67 195 325 23 99 185 263 265 132 260 299 111 248 157 266 82 133 224 349 88 194 167 366 291 560 227 243 60 86 305 202 203 125 277 247 156 91 225 251 24 109 142 185 298 118 286 304 138 81 198 283 553 200 269 352 61 494 211 363 87 94 150 267 64 145 224 194 183 117 202 302 116 51 113 252 155 237 168 283 66 191 114 233 117 96 592 312 134 239 228 340 114 180 190 240 196 100 495 218 169 116 259 400 73 46 395 252 78 93 389 219 231 531 209 203 183 75 362 162 184 166 219 270 221 148 87 222 63 73 111 179 112 34 78 305 408 114 200 244 162 27 176 156 138 655 360 41 121 234 262 314 47 194 201 414 139 68 374 348 351 229 202 284 0 220 181 245 124 72 209 337 241 53 397 272 220 98 258 463 158 75 356 144 99 76 137 228 97 148 208 311 86 45 88 163 78 112 272 398 127 142 54 501 29 125 389 533 30 142 229 124 202 122 604 156 80 582 197 460 136 136 165 292 203 85 179 207 85 22 349 309 68 147 225 482 708 553 218 235 150 248 253 238 129 177 189 268 179 46 265 275 113 164 158 462 114 186 366 238 110 175 223 269 575 49 371 164 14 96 227 483 143 85 249 211 169 84 123 164 198 80 216 116 104 137 165 233 136 62 256 313 239 82 331 306 133 131 333 215 229 65 420 299 170 108 301 291 672 163 158 269 105 112 163 180 240 111 258 275 94 76 401 365 203 84 274 257 80 24 193 215 154 121 186 182 262 83 214 149 107 55 223 344 83 46 123 259 139 121 519 194 147 62 352 321 141 264 242 202 83
351 104 382 149 541 112 464 207 200 109 386 239 158 175 530 245 260 108 481 300 343 145 443 594 239 145 449 254 477 79 397 196 183 122 383 119 231 130 437 351 360 37 351 282 192 36 433 239 595 41 588 648 158 150 353 160 157 254 360 155 246 92 437 406 200 119 385 203 189 101 535 33 185 80 415 359 233 41 365 104 657 84 418 209 109 148 338 182 82 280 335 259 195 47 414 147 275 90 489 258 136 866 406 252 127 166 475 188 129 80 474 249 242 145 419 264 684 95 273 581 267 53 326 570 304 37 387 275 142 57 384 107 81 113 357 281 333 42 335 123 198 37 425 201 208 152 397 284 238 41 472 235 274 155 328 138 269 97 521 174 28 147 275 82 465 136 346 227 143 85 343 304 212 72 378 68 214 44 370 238 318 92 194 198 116 69 395 350 212 55 451 484 179 61 510 167 710 64 397 277 244 71 386 243 215 12 250 392 129 150 362 195 178 332 406 239 22 101 349 178 39 297 317 161 126 793 511 90 235 250 471 202 223 32 328 321 176 579 323 138 153 43 278 266 189 187 274 256 267 187 344 41 685 94 316 379 244 201 353 73 264 47 432 352 74 156 407 237 274 215 261 275 198 161 370 567 323 20 312 381 236 55 318 130 845 181 248 143 107 43 454 244 250 199 509 230 166 159 511 132 219 47 347 220 0 61 308 263 289 166 493 437 176 229 423 86 156 198 570 224 226 137 269 168 238 117 326 289 149 20 387 306 175 132 289 285 109 87 236 150 131 169 701 202 141 169 450 230 111 12 196 265 274 800 297 290 511 25 680 192 208 59 472 398 237 42 370 175 215 152 444 234 321 146 693 900 745 68 371 191 45 84 385 262 136 35 426 236 263 46 401 199 113 128 653 209 111 186 434 330 61 4 431 780 179 159 306 233 299 18 613 192 305 101 354 197 198 97 359 26 189 76 305 131 112 137 334 312 162 85 391 137 139 111 441 328 171 128 384 165 265 621 483 364 150 85 404 618 58 69 421 326 284 67 375 329 228 41 450 284 169 614 416 188 139 160 415 262 241 167 341 230 163 58 345 397 254 121 337 178 174 6 501 173 188 244 396 195 313 708 262 239 275 135 441 178 130 22 354 235
322 143 367 183 536 123 473 187 144 160 392 259 103 186 520 236 200 165 480 250 283 204 441 554 206 197 450 246 470 137 410 167 133 183 392 133 173 153 428 402 302 93 366 263 168 30 434 221 560 98 617 600 157 162 337 114 111 193 368 165 215 78 431 350 171 170 375 201 129 58 475 89 138 37 420 367 174 97 350 114 598 39 421 206 81 204 326 178 69 219 327 218 157 85 367 184 225 54 492 236 83 833 401 228 81 223 468 187 69 135 453 243 184 119 424 249 633 151 279 543 235 82 315 510 246 60 376 276 109 81 369 97 37 103 364 263 274 71 349 95 176 70 431 166 151 94 393 306 179 97 458 223 216 95 341 102 210 140 508 159 56 162 323 143 517 173 349 202 96 137 335 305 207 97 374 63 158 45 370 202 269 89 210 245 105 112 403 301 157 17 438 532 122 122 501 122 675 106 420 251 188 57 386 218 154 72 259 362 74 177 377 189 133 289 396 239 82 118 362 155 22 242 324 156 99 768 486 49 179 269 469 195 163 34 334 317 119 593 324 155 95 84 256 238 143 214 294 232 214 247 341 52 625 131 315 354 191 259 329 100 204 38 420 347 40 138 386 212 225 205 264 257 167 111 385 507 274 50 323 343 192 12 302 133 826 241 215 140 73 98 450 213 259 218 519 227 118 215 500 187 163 22 361 181 61 0 319 250 253 193 485 413 146 288 415 50 102 234 577 227 172 181 260 156 184 118 329 263 88 66 399 266 137 98 282 254 71 145 231 150 70 127 677 170 83 221 500 197 52 72 192 273 259 778 287 258 559 56 639 192 148 27 455 374 183 47 356 158 182 169 441 211 302 181 641 880 725 113 366 196 69 138 377 251 155 56 415 243 220 93 400 192 52 140 595 201 55 246 410 290 8 61 419 753 134 217 296 194 269 77 614 194 265 152 346 207 143 67 334 60 135 119 281 116 54 152 337 292 119 140 403 178 101 159 438 302 111 189 369 198 216 566 464 340 94 142 406 665 53 70 413 284 229 20 350 335 170 100 434 232 149 581 435 210 111 207 404 237 198 109 338 231 104 84 331 393 200 156 314 170 129 67 441 119 142 234 391 196 260 650 268 236 241 191 442 181 103 78 343 216
224 400 161 175 253 198 156 175 327 240 83 76 312 134 259 119 397 361 186 320 497 285 153 456 218 401 152 110 200 275 91 212 291 300 76 190 357 178 173 272 438 327 49 156 196 301 137 155 429 326 318 553 165 159 155 272 274 415 54 155 212 392 162 611 208 388 142 127 394 376 678 285 278 290 111 55 357 280 156 207 693 291 120 125 249 264 126 148 251 428 107 260 240 261 368 182 311 274 186 170 389 662 131 176 279 265 200 138 339 351 253 106 456 438 115 138 608 265 47 429 213 254 121 627 386 344 146 64 241 252 160 224 356 218 56 150 423 266 31 239 185 271 119 232 336 383 122 55 374 328 225 134 480 362 22 250 378 226 263 179 283 161 214 321 365 190 59 185 278 361 109 54 126 379 108 257 331 344 90 231 324 231 113 197 218 366 89 341 321 332 201 340 408 309 235 270 525 249 117 187 339 262 100 186 378 300 61 252 307 163 59 142 269 297 152 93 307 208 42 198 311 353 28 168 237 554 303 281 461 63 177 140 411 298 35 85 322 273 57 169 325 348 575 195 275 485 53 179 336 370 86 344 754 221 69 211 320 293 193 234 409 343 181 98 282 198 203 185 308 138 66 150 218 288 66 634 329 294 8 288 270 308 139 186 583 314 218 182 392 332 170 207 61 111 201 109 280 391 241 384 447 329 42 245 308 319 0 127 239 148 219 244 218 323 160 370 308 150 262 97 318 418 107 176 321 201 47 189 352 287 79 265 247 248 96 215 266 284 543 171 335 259 466 222 326 422 331 218 320 307 136 48 137 551 112 222 367 286 541 131 368 292 235 218 330 279 149 182 224 459 158 179 158 178 634 639 494 250 111 124 353 263 132 121 172 278 171 77 272 347 117 142 344 182 657 136 361 320 240 276 311 311 180 550 267 379 111 241 207 299 310 127 264 242 114 112 319 260 203 283 311 241 182 212 314 171 53 162 262 266 84 199 256 388 156 196 348 339 165 161 303 602 251 202 314 343 107 442 268 251 160 280 354 301 209 37 353 319 213 331 196 432 122 123 232 209 164 182 261 397 88 96 335 250 142 124 328 197 182 161 270 305 574 304 273 122 125 127 353 712 54 100 226 380 143 139 423 323 127 163
118 367 119 186 286 156 247 66 213 243 164 136 209 114 269 22 277 348 235 193 375 303 196 372 93 391 207 22 220 265 200 100 180 307 173 154 239 162 177 370 311 293 172 34 89 242 192 34 358 294 441 455 107 130 91 168 171 299 152 124 85 328 182 494 95 370 124 67 290 300 552 253 166 214 188 148 239 252 102 163 569 214 183 61 169 286 76 83 185 308 78 133 126 224 249 196 184 197 253 43 302 618 154 49 186 295 218 81 247 329 213 30 349 365 191 10 506 262 84 350 85 214 64 501 260 293 126 64 148 209 121 158 284 151 141 29 297 222 156 156 78 228 202 116 221 289 147 161 256 296 209 28 370 264 146 157 256 217 259 91 235 137 296 308 475 197 119 64 180 337 86 80 56 333 129 198 214 287 129 106 197 172 118 247 149 331 180 215 204 266 188 458 310 290 251 164 467 223 244 61 217 198 145 61 266 260 91 156 213 164 181 69 159 172 146 54 271 171 161 99 250 226 111 103 153 533 254 203 357 131 224 62 301 242 117 74 215 372 94 145 224 306 498 67 161 450 150 51 211 387 98 290 628 204 79 127 197 333 101 198 290 283 170 101 211 112 146 61 181 49 67 26 105 183 183 507 202 245 125 176 146 241 55 135 582 342 92 120 319 299 201 81 92 131 291 47 174 390 250 374 344 267 163 124 263 250 127 0 113 160 234 182 114 368 165 299 205 197 343 70 199 395 21 96 199 147 104 66 254 244 187 139 139 157 39 89 183 277 481 115 241 152 441 106 228 414 444 95 233 267 71 92 15 538 37 96 486 238 460 80 256 225 209 143 209 224 107 92 104 413 194 56 63 189 527 637 483 227 118 91 303 255 127 7 152 229 165 83 145 309 156 65 257 146 537 55 278 349 178 152 242 267 169 522 157 382 46 117 84 261 369 85 138 241 96 101 205 184 110 237 199 221 66 135 226 143 109 58 158 258 189 210 161 366 191 88 244 341 121 182 177 485 221 113 213 325 169 567 208 195 162 156 228 230 124 117 235 289 187 205 102 370 244 141 142 238 154 54 136 301 94 60 231 209 82 146 204 193 85 85 161 263 446 196 160 22 144 80 226 593 85 46 99 372 202 96 350 283 93 42
76 391 162 267 339 209 339 102 152 309 261 243 170 198 308 127 194 391 305 85 283 373 270 306 51 432 285 133 273 320 304 94 133 368 274 213 164 233 231 475 204 324 282 84 104 258 273 94 307 327 547 369 168 203 134 141 144 222 256 197 46 326 244 409 92 407 184 153 238 287 448 292 122 217 280 252 163 294 147 212 457 214 269 149 180 359 145 155 208 223 161 44 95 264 144 276 85 202 331 71 274 580 227 68 173 372 271 160 219 366 219 139 285 348 282 102 413 323 197 292 31 252 140 388 159 309 183 176 147 246 165 188 278 184 243 90 194 257 267 166 105 261 294 88 156 253 223 273 179 328 239 117 299 224 257 152 167 280 287 133 262 210 398 355 583 274 219 77 159 373 166 188 145 348 210 223 146 297 219 51 85 204 213 338 179 356 278 103 137 270 226 569 265 333 296 133 422 272 354 52 134 218 233 64 200 291 202 112 189 245 289 144 122 61 203 162 304 224 270 118 262 123 220 161 163 520 242 205 298 241 295 138 236 259 224 170 166 462 198 215 186 329 468 46 116 466 261 64 118 449 189 303 515 264 182 118 113 413 101 245 207 291 216 187 218 141 159 70 82 129 179 89 91 150 290 395 90 269 236 92 71 248 117 190 585 415 43 171 306 331 267 51 202 228 379 149 140 439 291 417 289 274 272 72 289 253 239 113 0 247 283 173 114 448 223 292 168 292 423 172 125 426 133 143 119 193 209 52 217 275 291 27 116 157 145 25 183 332 469 173 213 126 430 87 196 456 554 59 214 297 151 204 102 533 131 19 597 265 392 164 193 235 229 138 129 247 158 130 73 421 265 76 101 269 430 638 483 279 196 178 319 312 194 120 223 256 216 191 51 334 237 140 236 208 427 136 257 421 171 46 246 292 215 504 121 435 137 59 39 294 433 171 26 305 173 195 146 193 100 266 145 275 67 164 209 212 212 91 134 315 292 287 153 399 261 73 196 396 161 269 82 379 234 107 178 367 257 680 231 224 220 46 130 234 115 223 161 325 214 104 128 329 351 235 150 320 205 60 61 260 185 165 188 249 137 221 116 264 93 145 127 292 335 152 117 124 218 166 118 484 197 153 17 418 282 175 336 311 160 89
277 252 265 28 397 75 303 146 257 93 230 74 226 49 395 138 331 213 332 302 431 147 296 532 201 254 298 141 338 127 235 168 221 156 224 65 292 40 303 240 404 180 187 192 151 168 283 158 518 179 424 611 84 49 243 195 195 340 202 53 202 256 298 526 167 240 258 97 298 250 624 140 213 173 259 202 293 134 251 82 691 176 266 102 146 128 219 92 132 360 208 242 189 119 391 37 284 162 334 183 273 774 265 182 183 135 337 87 234 203 363 133 360 307 263 167 658 118 125 511 216 116 207 613 345 203 261 136 158 115 265 114 229 112 203 188 382 128 172 144 146 132 267 187 267 275 256 118 306 182 348 138 390 262 166 164 324 78 393 121 146 44 158 173 354 43 197 170 191 213 215 161 107 236 238 131 266 207 225 210 315 112 44 91 114 220 237 342 258 202 324 356 303 161 373 197 626 104 231 207 286 140 240 183 299 157 100 316 208 17 198 103 202 306 275 111 162 76 187 142 179 321 164 91 144 680 409 168 360 87 322 109 324 165 175 188 242 414 179 45 233 204 443 204 212 337 108 187 296 233 206 206 738 74 178 287 273 173 261 96 341 207 304 217 163 125 300 176 281 121 121 184 174 208 207 615 321 157 154 329 235 181 210 79 719 184 207 90 263 185 311 197 99 38 347 113 205 246 377 237 345 197 185 209 166 193 148 160 247 0 356 338 158 207 289 240 222 51 409 93 263 269 153 110 271 89 177 217 251 146 225 272 183 158 166 230 163 136 402 82 231 189 590 180 229 276 330 196 212 163 96 114 175 681 181 237 384 148 620 84 289 167 353 302 277 147 251 124 190 313 299 171 222 32 676 775 625 103 235 71 212 115 253 155 41 142 296 92 252 201 256 107 231 61 669 113 243 190 334 293 186 170 303 672 201 236 187 213 234 155 458 78 272 95 224 59 249 151 271 145 239 94 224 119 207 49 186 218 188 118 230 54 170 240 297 247 259 194 267 22 273 624 367 273 223 194 252 483 140 124 288 293 315 179 283 176 287 172 330 302 133 529 250 25 147 78 286 193 232 291 205 103 245 112 231 257 283 49 245 103 200 163 550 226 211 139 257 83 330 726 113 117 230 233 290 72 291 179 231 160
213 594 123 384 56 382 143 299 429 449 144 291 435 324 40 249 477 567 62 359 562 500 71 314 303 608 82 240 19 480 178 328 401 512 161 377 446 376 57 471 468 520 209 228 321 476 90 265 269 521 359 428 335 348 154 396 400 504 172 342 292 563 58 690 323 592 110 290 513 534 707 479 388 449 125 169 445 476 140 390 643 448 107 284 404 480 159 311 419 505 158 325 349 451 334 392 366 432 96 256 534 455 91 265 419 482 19 305 477 552 101 245 565 599 122 237 490 473 231 281 277 441 170 602 436 525 109 222 381 437 120 391 519 384 164 225 467 451 212 390 311 457 130 339 434 518 100 272 462 522 55 262 581 492 211 390 449 430 52 325 465 352 427 526 541 399 162 290 410 561 150 195 281 565 118 430 425 520 131 314 351 403 313 415 382 559 149 348 416 501 57 499 537 510 17 390 337 445 247 251 417 432 119 278 480 489 256 201 444 368 205 299 383 308 89 256 498 395 199 332 484 400 195 333 387 337 139 437 576 279 62 292 516 474 186 172 437 223 177 362 451 536 731 265 382 680 272 263 400 586 151 523 721 420 180 170 395 512 182 424 490 517 68 142 445 347 127 282 364 280 237 231 331 410 195 615 353 476 212 256 349 475 185 363 365 532 296 350 553 526 50 291 257 318 154 263 400 602 23 591 566 501 203 337 493 485 219 234 283 356 0 137 345 542 70 534 432 368 165 272 405 619 225 329 401 377 180 241 482 474 176 294 367 391 204 264 417 490 716 343 472 380 253 331 457 631 505 309 465 496 297 243 227 333 198 266 521 468 383 302 472 459 73 154 411 456 131 326 323 645 63 281 191 388 523 421 275 448 123 304 536 468 108 234 367 460 70 266 333 537 102 295 490 368 589 285 511 538 137 287 477 497 68 336 381 592 189 326 246 489 153 302 294 450 140 304 421 418 184 467 418 440 222 369 459 362 171 202 387 471 171 409 393 589 64 210 468 550 123 373 364 526 85 177 441 546 116 562 441 427 72 295 410 465 172 184 442 515 74 383 336 256 220 331 376 425 81 259 338 528 153 264 457 437 157 99 399 402 191 317 386 493 568 419 382 251 100 299 389 638 243 255 282 588 90 316 585 512 142 271
97 542 83 366 190 336 253 230 326 424 206 295 342 294 149 203 360 529 186 237 436 484 166 213 210 571 184 198 138 447 254 247 305 488 226 335 335 344 111 516 337 470 261 156 246 412 180 199 186 472 477 317 287 312 96 308 312 390 222 305 200 490 132 567 243 549 106 248 411 454 572 431 293 376 207 217 334 431 90 342 508 374 187 242 333 466 123 264 356 386 139 217 260 402 196 375 249 360 220 179 445 436 140 186 337 474 136 263 389 508 47 206 457 517 206 178 376 444 228 185 181 391 133 464 312 464 101 209 304 386 84 331 443 325 209 158 339 399 255 319 240 404 219 251 329 425 143 298 349 473 83 208 468 397 249 312 330 398 122 263 409 318 454 489 606 378 190 212 325 516 136 195 238 504 147 370 318 455 166 217 225 346 294 418 321 506 221 217 310 430 85 574 438 470 145 301 288 403 323 163 304 368 168 196 373 437 249 69 358 344 263 250 292 181 105 227 448 351 248 261 418 277 216 282 316 355 74 364 470 286 179 242 408 412 211 162 339 355 187 326 357 480 641 175 287 623 291 182 282 568 158 459 585 386 178 59 283 510 85 378 373 450 91 147 375 281 41 202 247 229 223 164 247 319 257 478 226 418 237 122 245 406 128 315 414 522 202 298 474 476 150 201 250 305 278 226 309 572 135 555 462 433 253 241 437 413 244 182 173 338 137 0 267 544 114 458 339 368 301 245 297 573 185 271 290 325 197 150 389 420 246 176 280 315 174 163 342 458 638 294 383 292 264 245 367 595 571 218 382 443 253 241 168 364 157 161 600 412 297 262 365 392 67 40 300 397 96 263 234 581 156 204 119 369 406 467 312 408 137 271 474 436 118 185 334 403 99 250 222 484 159 246 405 327 457 236 427 528 4 162 406 441 91 342 290 564 152 228 146 438 289 266 176 422 130 279 319 348 79 412 318 402 133 306 376 325 193 126 300 439 243 390 314 544 154 111 369 522 79 360 249 396 64 74 349 505 185 659 380 368 112 171 289 393 63 209 332 467 65 263 268 192 305 316 303 415 96 176 234 433 156 235 361 387 109 141 284 374 101 264 295 439 431 324 287 203 138 261 263 509 237 222 179 553 187 277 504 459 117 202
176 279 224 171 398 101 357 48 110 202 273 185 97 117 378 107 183 278 349 147 284 265 310 420 63 318 321 118 331 208 303 21 73 257 279 108 142 133 288 398 246 211 267 119 25 147 306 81 419 214 535 480 75 110 194 56 58 199 256 105 71 224 294 393 24 293 235 92 179 191 473 178 61 109 299 253 143 180 207 103 534 107 295 94 67 253 186 77 94 213 192 92 31 150 249 179 126 93 366 91 189 691 268 83 74 268 329 87 133 252 307 117 239 255 302 109 521 212 171 405 91 139 176 455 187 198 236 159 37 133 227 75 177 71 247 120 225 143 249 53 36 147 312 31 120 176 260 228 159 214 314 91 263 151 239 46 169 171 364 42 148 115 316 242 512 174 228 57 66 259 199 185 92 238 242 109 115 188 242 64 162 91 140 247 66 244 288 192 106 163 295 509 197 220 361 52 534 160 333 104 130 105 258 71 161 177 161 217 99 150 277 77 52 164 257 125 190 115 258 20 152 163 211 68 50 622 340 97 246 189 338 78 193 147 220 187 105 481 202 117 111 217 386 92 59 357 215 86 138 337 211 193 580 156 189 208 116 309 183 133 194 183 279 215 109 34 241 66 124 81 152 114 23 71 281 457 168 156 218 206 78 139 160 85 680 307 72 69 210 217 315 68 161 155 402 109 63 325 359 303 233 166 259 53 176 146 218 114 114 158 345 267 0 344 276 192 92 209 456 123 108 313 129 50 114 84 210 117 141 161 290 134 30 48 151 110 75 220 374 76 128 42 531 28 115 342 486 55 120 183 85 171 118 631 150 115 537 151 506 94 151 125 310 228 121 134 214 38 41 314 308 65 158 173 534 734 578 167 231 107 208 201 239 117 124 142 275 145 99 222 270 76 145 105 515 81 166 313 264 157 139 179 278 608 50 322 159 62 124 180 483 100 133 196 210 126 102 82 188 152 94 164 134 52 114 113 217 147 45 204 293 187 49 286 305 156 132 283 225 178 115 474 319 194 100 253 281 631 117 110 274 154 157 126 204 220 138 211 290 144 26 439 340 156 37 221 264 91 77 188 207 122 119 135 188 259 126 161 168 63 52 178 392 86 57 104 257 98 172 572 164 119 99 304 315 95 241 198 204 74
484 225 467 183 573 243 452 347 414 143 402 254 373 255 582 345 482 159 505 490 570 85 474 739 399 170 471 348 523 153 385 360 386 106 388 237 448 215 495 171 575 205 341 400 346 259 458 364 725 200 482 816 280 245 448 359 357 480 372 252 402 300 485 632 360 183 455 303 417 326 763 200 383 296 427 374 449 192 455 242 871 300 440 309 299 91 422 295 271 504 409 435 373 213 591 173 468 297 496 389 363 977 453 387 333 76 523 292 355 181 565 340 470 352 431 374 861 141 320 718 419 222 411 786 515 250 459 336 327 227 467 274 308 276 378 396 548 227 333 306 344 225 430 375 423 381 444 271 458 202 545 345 502 382 332 328 485 173 585 316 236 238 137 153 264 174 381 371 346 187 414 356 314 250 428 259 426 266 412 405 506 261 250 127 281 218 402 535 421 283 520 303 408 170 558 364 831 195 344 413 453 268 423 386 439 217 296 524 346 205 349 308 373 505 470 317 208 230 347 333 266 499 347 287 308 876 613 300 462 265 496 315 451 255 357 387 391 534 370 233 373 229 458 408 385 280 270 392 471 87 400 259 906 189 374 494 447 35 468 218 487 271 500 412 286 311 504 379 466 327 322 391 365 366 359 785 511 239 330 534 421 280 417 260 906 48 406 278 327 203 493 397 295 239 489 321 368 141 564 161 447 275 344 397 229 288 323 368 448 207 542 544 344 0 481 309 370 177 551 300 432 208 359 305 442 260 365 423 375 223 380 472 360 322 370 433 310 143 389 275 355 361 787 370 363 175 261 392 334 217 302 307 383 874 386 440 324 235 827 290 431 277 552 508 445 250 453 318 382 291 480 374 429 180 877 962 817 187 429 278 250 154 449 363 225 238 490 294 443 219 440 312 341 241 857 319 340 45 540 494 286 229 499 870 373 125 391 405 439 212 614 285 471 150 423 266 409 295 478 231 399 186 431 294 333 236 372 426 356 151 386 161 332 193 478 454 394 117 470 185 457 817 567 480 367 166 428 436 258 253 480 493 490 289 490 359 444 194 528 483 323 735 374 227 318 130 482 398 421 395 400 309 384 223 435 446 457 184 453 303 370 222 720 383 383 346 446 290 512 914 309 323 431 152 462 277 340 218 432 365
161 525 61 317 122 312 139 230 365 382 99 227 368 255 108 179 416 498 83 304 505 435 53 321 238 540 71 169 55 412 144 260 335 445 119 307 383 307 14 425 418 450 161 160 252 405 66 196 285 451 364 429 265 278 90 329 332 443 121 272 227 493 22 633 255 522 41 220 447 465 661 409 322 379 93 117 383 406 77 320 618 378 74 214 334 414 90 241 349 446 88 263 282 381 298 326 308 362 113 189 466 503 31 198 350 418 53 235 409 482 102 175 501 530 93 168 489 405 164 290 214 371 101 569 381 455 42 153 312 367 58 320 449 314 110 157 414 381 160 321 242 387 105 272 371 451 38 215 400 453 66 192 519 424 156 321 390 361 105 256 395 283 372 457 505 332 101 222 342 492 80 128 211 495 52 360 361 450 70 249 298 333 246 354 312 489 111 301 352 431 42 468 470 441 87 323 371 376 215 186 356 361 63 211 416 419 189 161 375 300 160 228 317 257 20 186 429 325 149 263 414 344 133 263 318 395 153 367 512 216 74 222 452 404 125 103 371 249 111 292 383 466 662 200 316 610 212 196 341 521 83 453 692 352 111 122 334 449 126 354 430 447 25 72 375 277 85 214 305 210 169 163 263 343 152 581 301 406 152 214 286 405 117 293 430 468 232 280 484 456 44 226 190 251 168 193 333 535 88 523 501 431 154 272 423 415 160 165 223 289 70 114 276 481 0 464 365 305 202 203 342 549 155 259 339 306 116 178 415 404 137 238 299 322 134 203 347 422 646 273 404 312 307 263 389 563 470 243 396 426 227 177 158 394 128 205 493 398 399 232 408 389 79 112 349 386 66 257 257 575 45 213 126 321 520 486 337 378 54 235 465 400 38 164 298 389 15 198 272 467 49 225 421 298 570 215 442 474 112 235 407 427 25 391 314 524 119 261 185 419 211 233 238 382 69 235 357 348 131 397 353 371 158 299 390 292 108 137 319 403 134 343 325 520 42 151 401 483 63 307 305 509 96 125 374 477 74 547 371 356 3 242 353 395 122 123 380 445 59 326 267 281 194 264 307 360 20 193 275 461 84 195 390 367 90 36 339 334 131 247 319 423 529 353 316 181 35 229 336 622 176 185 220 520 73 246 515 442 72 203
364 125 415 227 585 172 524 235 165 195 442 308 128 236 568 286 206 167 530 278 274 228 491 588 248 191 500 296 519 165 461 211 164 203 442 182 186 201 477 437 312 105 416 310 215 72 484 269 597 110 664 627 207 212 385 152 148 191 419 215 258 35 480 323 216 163 424 251 121 18 460 119 172 85 471 417 188 127 397 164 603 86 471 256 130 233 374 228 120 218 377 254 199 125 395 227 253 102 543 282 57 871 451 274 121 251 517 237 82 137 499 293 163 69 474 297 656 181 330 579 278 125 363 513 261 60 425 327 155 126 417 148 15 154 414 311 283 114 399 143 223 110 482 208 170 80 443 355 188 108 505 272 195 96 391 146 222 180 555 208 96 211 360 157 550 216 399 248 134 136 384 355 257 77 424 113 179 44 420 243 298 139 259 283 155 104 454 329 181 38 485 570 103 140 550 159 713 146 469 296 209 108 436 263 159 98 310 403 104 223 427 239 170 322 445 289 104 166 412 202 61 264 374 206 147 811 530 97 154 318 520 245 156 75 384 367 141 643 375 204 116 83 206 283 178 181 344 278 236 255 391 51 622 173 365 398 216 284 374 145 206 39 469 397 90 187 432 257 253 255 314 304 211 144 435 508 302 86 373 380 227 62 350 183 871 261 257 190 23 107 499 257 309 267 569 277 153 214 549 184 139 43 411 220 86 50 370 299 292 240 534 458 192 309 464 0 129 278 628 277 197 165 310 206 209 168 379 308 95 100 449 303 178 144 332 296 117 171 182 200 86 167 720 213 103 212 536 240 78 96 243 324 307 822 336 299 596 95 671 243 155 78 501 419 205 93 404 207 224 131 491 257 349 226 661 925 770 151 415 246 62 170 426 300 203 98 464 294 254 93 450 242 61 189 606 251 44 265 454 326 59 84 468 795 172 220 345 234 313 103 664 245 302 187 395 257 166 116 379 98 161 158 326 166 84 201 387 339 159 170 453 219 144 150 488 347 123 199 416 243 245 581 510 385 119 149 456 704 103 119 462 320 249 70 395 385 185 115 481 257 197 620 485 258 158 245 453 283 235 92 388 282 121 128 379 443 224 200 359 220 166 92 444 147 177 284 441 247 283 660 319 287 282 190 493 232 53 91 392 263
243 243 309 224 486 148 449 140 44 229 365 267 4 192 463 199 113 264 439 150 211 285 401 459 131 299 412 210 419 219 395 105 36 269 371 158 77 186 376 456 206 192 357 204 117 121 397 171 469 196 623 500 150 176 278 37 34 119 348 174 141 164 383 307 110 271 323 181 86 121 405 175 47 77 391 345 79 181 292 143 503 72 387 183 77 280 275 161 101 140 282 127 83 157 267 230 125 73 458 176 106 744 358 167 39 297 417 172 51 235 383 210 148 180 395 199 532 230 262 451 159 148 265 417 148 161 323 251 68 143 312 109 115 110 340 207 179 144 339 78 128 146 405 93 53 87 351 312 89 196 396 183 174 60 329 60 115 202 446 128 138 179 374 237 572 221 320 143 31 238 290 277 182 196 333 112 58 146 334 122 170 116 217 298 107 213 380 201 56 117 379 577 106 215 447 42 585 176 421 183 88 102 350 154 77 164 249 280 28 209 367 166 49 194 344 216 177 154 349 110 119 141 303 144 78 689 410 70 153 273 429 168 105 124 312 279 21 574 295 177 19 186 302 169 52 309 299 169 112 341 303 153 536 188 282 281 90 338 259 155 121 138 364 306 85 110 319 150 125 172 243 201 101 22 372 416 174 139 309 252 99 102 247 143 753 326 139 136 140 198 404 141 249 231 494 201 31 314 444 287 140 123 350 98 156 102 308 205 168 222 432 339 92 370 365 129 0 271 548 211 71 282 221 133 83 133 302 193 51 152 382 176 66 64 243 176 62 230 301 147 45 53 599 101 27 322 550 124 52 167 172 260 208 701 241 178 605 140 542 179 67 98 390 302 82 122 300 126 109 260 398 152 241 225 539 805 650 184 322 190 170 216 328 208 181 134 362 232 126 194 361 166 69 161 496 172 90 332 336 198 98 158 364 671 51 315 250 112 194 169 573 184 175 222 300 207 41 77 262 143 33 185 213 105 48 173 309 230 47 219 385 231 54 261 395 231 41 283 310 236 116 465 396 268 10 241 373 704 112 117 362 192 128 89 278 312 74 197 372 131 112 494 430 228 78 265 350 172 108 97 299 211 27 147 275 350 99 204 246 148 45 161 350 18 52 196 348 183 159 552 254 210 160 291 407 175 168 176 293 164
315 270 290 51 403 124 295 193 307 101 232 77 275 95 408 175 382 221 336 352 481 136 303 569 249 258 302 176 349 140 226 218 272 153 222 113 342 86 319 189 455 204 179 231 201 207 287 200 551 202 390 652 134 99 272 246 245 390 202 103 249 289 310 573 217 249 278 139 345 290 675 168 264 218 260 204 343 160 278 129 740 221 270 144 195 114 245 140 178 410 232 291 239 153 437 51 333 209 332 226 316 800 278 226 233 115 349 133 280 217 388 168 407 343 264 205 701 126 143 546 262 153 235 663 396 234 282 159 208 153 290 163 268 161 206 226 433 164 166 194 194 168 265 237 317 320 269 105 357 204 368 179 437 309 163 214 374 101 410 170 182 94 108 184 304 62 206 216 241 228 237 179 149 262 252 175 316 241 237 258 363 159 80 51 164 241 235 390 309 240 343 306 349 177 384 247 656 134 207 249 336 184 249 228 348 187 120 353 257 62 188 148 253 353 294 144 189 121 181 192 217 371 172 141 194 699 436 215 406 89 327 154 372 203 182 210 291 396 194 95 282 230 476 248 263 352 100 230 347 220 223 238 788 105 196 321 324 145 296 134 391 242 323 235 208 175 328 222 331 164 145 222 224 258 198 666 369 192 157 371 285 222 242 129 732 164 254 141 301 207 320 244 118 66 337 151 255 245 390 242 391 235 178 258 198 234 150 197 292 51 368 368 209 177 305 278 271 0 400 128 314 280 186 160 321 139 189 259 299 179 218 318 234 208 194 274 212 146 428 133 278 240 610 229 277 277 280 244 258 192 141 130 212 698 211 281 334 184 656 129 338 210 375 334 328 187 276 173 239 335 307 216 256 53 720 789 641 130 252 114 241 129 272 191 90 180 313 118 301 225 266 153 276 111 717 157 286 170 364 338 227 201 322 694 252 232 216 262 276 183 455 122 318 106 246 98 300 199 306 180 290 122 263 169 254 99 197 254 238 131 223 63 220 252 306 285 307 193 293 36 323 671 390 307 273 206 257 435 182 168 304 339 366 222 317 184 338 194 351 352 183 560 230 58 197 60 305 237 281 336 223 137 294 150 259 270 334 78 281 152 251 193 601 277 261 177 270 127 380 774 132 151 276 236 293 119 327 206 255 204
363 661 263 434 125 459 106 408 555 497 186 335 552 395 172 349 613 619 119 505 705 534 153 471 430 658 138 338 163 535 175 443 522 553 187 451 578 440 197 434 620 589 222 350 431 561 152 377 422 588 218 587 421 420 289 511 514 638 210 416 420 652 180 831 438 647 238 377 633 633 863 547 509 545 158 211 577 542 277 468 808 546 160 373 502 513 280 400 508 643 268 460 468 523 495 440 508 529 92 377 641 554 196 386 526 509 165 391 587 611 265 340 691 696 154 349 649 523 298 438 409 516 288 765 582 605 240 302 487 513 260 480 614 474 214 346 615 528 237 490 420 533 146 459 562 631 201 296 595 590 220 365 711 606 243 496 588 487 202 425 545 423 417 580 470 450 230 407 521 622 261 274 373 641 216 516 554 605 214 442 500 489 375 437 473 628 175 502 544 591 216 415 653 570 162 506 467 511 207 380 552 520 198 399 608 562 320 359 553 424 212 390 502 459 221 339 569 469 222 439 571 545 254 422 488 414 300 535 700 322 128 386 643 559 244 269 558 65 255 431 566 610 833 393 504 746 302 386 540 615 245 606 885 482 267 323 531 528 327 496 626 603 217 243 539 446 283 401 505 378 314 351 448 526 203 778 503 556 257 414 481 566 309 445 402 556 425 438 650 593 158 417 320 373 63 353 517 644 175 641 687 589 224 463 570 577 262 343 423 409 165 301 456 551 202 628 548 400 0 351 537 677 326 425 535 460 249 374 596 549 184 439 482 495 305 401 518 542 804 428 582 495 353 449 570 677 435 434 571 569 386 305 342 396 308 404 431 547 532 385 598 550 238 311 545 540 265 427 445 721 158 398 322 437 684 454 345 511 229 382 615 523 229 339 434 540 213 335 470 609 188 389 595 443 753 380 614 560 300 437 569 573 217 425 500 631 299 454 384 561 74 383 439 501 253 373 547 515 332 545 541 503 356 464 564 433 241 333 501 525 179 456 501 648 162 351 587 593 264 419 503 690 249 327 556 602 174 444 527 511 205 444 552 558 324 243 574 581 236 526 440 403 178 385 479 459 221 384 470 643 249 346 574 512 286 202 536 458 331 410 504 568 729 539 503 352 205 381 537 802 310 343 418 636 142 397 681 585 263 385
188 323 172 121 318 111 247 85 233 182 165 71 216 53 310 48 305 295 257 243 406 240 219 441 137 337 225 48 255 210 186 121 196 246 165 105 264 104 217 303 357 249 146 104 103 211 209 78 426 249 412 525 70 76 150 176 178 321 142 70 134 302 214 516 117 320 168 31 297 283 592 207 184 195 193 140 265 204 158 120 628 196 195 30 153 221 126 51 158 335 118 181 148 179 314 130 230 179 266 102 293 680 183 104 182 229 254 41 242 280 270 40 359 346 197 78 575 204 53 419 142 171 115 556 301 258 171 51 144 167 173 130 263 124 137 99 339 182 128 143 93 187 205 141 243 287 174 107 281 251 259 55 385 266 119 154 289 159 305 83 197 81 228 255 411 134 123 102 181 289 125 80 32 296 155 166 238 256 146 149 251 139 50 177 123 288 177 274 228 241 235 399 312 238 289 174 532 173 210 125 249 170 162 110 283 219 38 226 210 100 156 46 175 233 187 18 227 124 139 103 221 271 97 72 141 589 316 185 364 71 247 45 315 209 107 100 227 368 99 90 228 266 483 126 181 408 95 108 251 325 121 257 683 149 93 194 232 265 169 152 316 253 215 131 188 102 207 105 227 47 37 95 127 192 162 561 257 208 98 244 184 216 117 95 631 277 140 87 299 254 230 129 38 62 292 24 185 334 291 321 350 239 139 158 224 227 97 70 172 93 272 245 123 300 203 277 211 128 351 0 228 347 60 79 232 110 103 133 255 204 174 199 152 151 73 151 170 220 455 77 238 164 498 131 229 360 382 135 224 225 39 49 85 591 88 158 427 200 529 35 273 200 262 209 240 191 159 86 136 376 220 99 130 124 595 687 535 176 149 33 268 198 165 64 95 192 208 22 192 267 177 47 248 97 600 43 266 283 241 216 219 228 214 580 173 324 94 157 150 218 389 33 198 181 135 34 225 165 179 198 216 168 135 116 218 90 111 127 166 201 177 146 159 317 218 157 252 283 175 115 220 550 276 181 217 274 180 515 177 161 201 218 269 208 191 108 260 243 239 250 100 436 219 72 135 170 198 113 177 300 119 10 238 167 138 174 241 133 154 64 175 223 498 208 180 50 173 31 274 657 43 24 156 318 217 46 330 242 139 84
200 314 283 272 461 197 445 144 33 289 362 293 70 224 432 201 78 334 422 82 179 348 385 395 107 369 399 211 395 284 398 107 46 335 371 205 41 233 352 503 144 262 367 186 125 190 385 166 409 266 636 431 182 215 253 73 75 101 350 211 117 231 363 296 111 342 302 198 116 186 365 242 50 146 386 347 41 248 266 194 439 141 378 198 132 341 257 185 161 109 268 81 80 221 199 279 58 139 445 160 163 683 342 152 101 357 393 195 115 305 343 213 161 240 388 191 461 293 272 389 128 211 249 355 84 232 301 256 108 206 286 160 184 159 340 191 120 209 349 127 135 212 400 87 33 138 336 335 58 266 363 185 176 110 339 105 62 260 412 149 206 220 421 306 618 272 317 135 86 308 275 278 195 267 320 175 22 216 325 95 102 171 248 348 155 284 378 132 16 187 349 616 145 283 419 69 524 238 436 157 22 166 341 139 76 233 265 232 99 253 376 183 61 132 322 227 246 206 357 127 190 71 307 175 125 636 363 137 173 296 412 182 112 193 314 271 56 570 293 220 81 256 349 144 51 378 322 151 42 409 294 224 478 244 278 242 20 398 225 214 91 209 338 294 153 139 284 138 59 182 252 186 101 66 379 356 106 208 318 195 56 173 228 186 706 390 112 173 204 268 385 120 265 263 488 211 64 384 414 358 165 194 358 75 226 172 318 199 125 263 405 297 108 432 342 197 71 314 537 228 0 353 218 158 12 179 302 165 106 220 385 123 80 111 238 141 123 295 360 182 111 74 548 97 93 393 593 104 122 237 191 274 196 651 231 140 645 208 476 201 69 167 354 262 14 189 277 146 95 328 381 142 217 273 468 757 603 246 308 215 241 280 309 204 226 201 337 250 75 265 348 182 136 205 428 185 155 396 295 142 169 228 337 617 62 385 239 83 159 237 553 208 122 282 284 234 31 138 225 210 37 246 184 146 119 216 308 206 78 283 387 283 100 331 378 196 80 351 282 281 52 395 358 231 79 310 365 739 177 179 339 134 59 159 240 314 37 266 339 60 134 435 439 263 118 319 326 152 67 141 289 225 77 209 253 335 28 256 214 170 64 231 290 53 53 197 332 205 88 485 266 219 123 361 395 203 230 246 274 158
488 40 513 243 663 239 571 343 324 180 500 343 283 295 657 375 371 60 600 431 436 160 563 731 376 39 567 383 602 143 502 334 313 133 493 243 349 243 563 372 476 103 455 417 329 168 551 374 732 101 659 781 288 271 486 293 290 357 471 277 383 137 561 464 337 31 513 331 286 181 614 142 318 212 529 472 351 143 497 232 768 216 535 338 246 178 468 312 219 384 463 395 331 171 547 237 406 225 603 394 219 1003 529 388 259 190 600 316 242 67 607 377 320 173 533 397 814 154 391 718 404 181 456 678 424 121 516 397 279 187 515 243 174 248 472 415 448 174 441 260 334 168 536 338 330 245 520 382 353 100 603 367 350 261 435 274 386 192 651 309 165 266 315 97 472 228 464 363 275 58 471 425 341 89 501 204 338 137 491 375 450 227 308 256 252 70 507 482 338 166 580 508 264 109 635 300 847 174 487 413 368 208 506 380 324 136 366 529 255 255 465 326 312 468 533 364 125 225 455 314 166 423 432 292 263 927 646 224 307 356 590 333 320 167 443 447 299 677 444 257 274 98 254 403 322 75 375 392 394 126 468 130 786 199 439 514 372 200 488 197 371 144 561 477 209 292 540 373 405 346 382 409 335 291 475 672 455 157 423 518 371 182 450 259 976 166 385 275 171 97 576 381 365 307 615 357 298 70 638 48 294 159 453 356 137 181 418 395 426 269 619 573 313 208 549 165 282 280 677 347 353 0 398 302 365 248 444 426 259 153 493 442 312 269 417 422 244 135 181 280 246 304 835 339 261 50 468 368 232 130 325 381 407 933 427 427 531 162 816 319 320 192 603 533 363 179 500 310 353 85 565 370 455 240 821 1031 878 171 496 315 113 155 512 393 252 171 554 355 398 92 522 330 222 252 771 340 209 166 569 466 185 134 560 915 313 84 435 369 436 135 727 317 442 176 481 316 323 233 495 162 316 179 441 267 235 257 453 447 296 152 498 221 275 30 563 464 286 99 515 258 396 744 615 500 274 75 521 642 195 205 548 462 409 196 510 445 347 106 581 413 306 751 510 294 276 224 543 398 376 255 466 355 282 186 476 521 381 220 472 310 308 135 609 300 321 374 520 321 441 825 379 365 412 57 558 304 167 115 483 370
132 371 116 180 275 159 229 81 232 240 145 120 225 109 262 24 297 349 221 213 396 299 182 383 114 391 192 15 209 265 180 117 198 304 153 155 259 160 168 353 332 297 152 52 104 250 177 52 366 298 420 469 110 129 91 185 187 318 131 123 106 338 170 514 113 372 116 67 307 312 573 256 184 225 170 128 258 254 100 166 588 225 166 60 180 280 70 87 194 328 67 154 144 228 267 190 205 208 237 64 316 621 141 70 200 288 208 82 261 331 213 21 366 377 174 31 520 261 64 360 106 218 58 521 280 300 118 44 161 213 117 165 295 159 121 46 318 227 135 167 93 233 184 135 240 305 133 142 276 300 205 39 388 280 125 171 276 215 253 102 241 135 282 309 457 193 100 84 195 340 75 60 57 340 115 205 233 295 113 127 217 178 110 236 157 336 161 235 223 276 182 439 326 291 242 180 473 225 223 81 237 206 129 81 285 265 74 168 227 159 160 73 177 191 137 42 275 173 140 113 259 247 90 108 165 532 257 214 374 115 210 67 319 249 96 58 232 354 75 144 240 312 511 88 180 456 131 72 232 383 82 298 648 204 61 135 217 325 110 201 310 292 163 87 221 123 148 81 202 55 48 44 122 200 162 528 222 251 104 191 167 250 57 139 578 337 112 125 330 303 189 102 75 121 273 41 191 390 242 375 361 276 142 144 269 260 107 21 133 153 225 185 129 359 155 310 221 186 326 60 218 398 0 104 219 152 84 85 270 250 167 159 156 171 22 109 195 276 491 118 256 169 441 125 244 415 426 115 246 272 73 73 32 536 30 116 467 244 470 80 275 235 206 149 229 231 102 103 123 420 181 76 70 183 542 634 480 228 105 87 310 254 117 14 150 235 157 69 166 314 141 70 271 147 555 60 291 343 182 171 252 272 163 523 174 381 37 138 103 265 356 82 158 238 86 94 224 194 120 242 217 221 81 145 240 143 89 68 174 257 169 205 175 369 178 101 261 339 118 175 198 503 219 121 229 327 152 547 216 201 153 175 249 240 131 96 254 293 184 226 115 376 223 132 155 230 146 75 157 317 78 50 248 213 80 133 225 190 95 92 178 269 467 213 179 27 131 78 246 612 66 36 119 373 186 95 362 288 85 61
190 272 215 126 380 67 323 44 158 166 240 136 137 67 365 80 232 259 324 193 333 230 285 443 94 300 294 90 314 180 264 58 121 227 242 70 191 90 272 348 296 199 225 115 42 147 278 72 437 201 490 512 26 62 186 99 100 246 219 57 97 234 275 439 58 278 220 49 218 209 523 161 110 121 267 217 192 160 198 72 581 121 266 52 77 216 171 28 90 262 171 133 80 131 286 134 174 104 338 94 216 704 245 89 103 228 312 39 164 237 306 87 281 273 271 96 556 181 131 426 115 120 160 503 238 197 221 123 66 115 216 62 191 55 212 114 275 128 207 65 39 134 279 77 168 208 237 180 208 202 305 68 307 187 197 75 220 137 355 11 139 68 267 220 462 131 195 68 102 245 179 151 52 237 218 102 165 191 214 101 205 76 90 200 53 236 253 234 156 172 284 458 233 199 346 98 550 134 288 115 180 102 231 84 207 166 116 232 131 104 235 35 100 200 241 86 177 83 217 33 155 212 174 18 63 626 345 111 285 141 314 39 237 146 183 161 149 445 170 73 149 211 409 107 108 355 167 93 188 308 185 194 629 122 160 213 166 269 187 108 243 188 266 191 116 23 239 77 171 49 113 108 65 114 241 506 211 149 177 232 126 146 150 47 677 271 101 29 227 205 293 93 116 105 368 72 108 304 346 285 271 171 218 99 168 156 176 96 143 110 329 271 50 305 259 206 133 160 425 79 158 302 104 0 164 54 176 127 176 150 252 167 79 72 126 131 93 193 387 30 159 88 534 70 150 325 436 88 146 172 40 128 106 632 131 138 487 142 531 46 196 130 304 232 172 128 203 14 80 317 285 72 154 128 572 732 578 140 209 58 208 171 221 96 80 133 260 100 142 214 244 36 170 64 560 45 189 278 267 189 148 171 265 613 98 297 140 104 140 167 458 52 167 162 190 76 150 91 194 142 141 135 140 40 140 69 183 145 89 174 255 144 80 273 282 164 173 257 216 130 163 516 315 198 139 235 252 581 113 99 257 188 207 136 209 184 187 196 283 192 24 453 297 106 56 178 249 100 122 222 182 80 160 116 178 237 176 120 170 15 99 168 442 131 107 78 235 50 220 617 122 82 127 284 287 45 258 189 188 69
194 326 279 281 457 206 445 147 44 299 362 298 82 231 427 202 79 346 419 70 177 359 383 384 106 381 397 212 390 295 399 111 56 346 372 214 45 241 348 510 135 274 369 185 129 202 383 167 398 278 638 418 188 222 249 83 85 104 351 218 116 243 360 297 114 354 299 203 125 198 360 254 60 157 385 347 44 259 262 204 428 153 376 202 143 351 254 190 172 109 267 76 85 232 187 288 47 150 443 159 174 672 339 151 113 367 389 200 127 317 336 215 167 251 387 191 449 303 274 378 125 222 247 346 75 244 298 258 117 216 282 169 196 168 340 189 112 220 351 136 139 223 399 91 43 149 334 339 61 278 357 187 180 121 341 114 57 270 406 155 217 227 429 317 625 281 318 136 97 320 274 279 199 279 318 186 32 228 324 93 90 181 254 357 164 296 378 120 28 200 344 623 154 295 414 79 513 248 438 155 18 177 339 139 83 245 269 224 111 261 378 188 70 122 318 230 258 216 358 132 202 59 309 181 135 627 354 149 180 301 409 187 118 205 315 270 68 569 293 228 93 268 359 141 59 390 326 151 30 420 293 236 469 254 278 236 8 409 219 224 92 221 333 293 164 146 278 138 48 185 255 185 105 78 381 346 94 220 320 186 54 185 225 194 697 401 110 180 216 280 382 119 269 269 487 214 75 396 409 369 173 206 360 76 238 184 321 199 119 271 401 290 114 442 339 209 83 321 535 232 12 365 219 164 0 188 303 161 117 232 386 115 88 121 238 136 134 306 371 189 123 83 539 100 106 405 600 104 134 248 196 277 196 642 230 135 651 220 464 206 77 179 348 256 11 201 273 152 97 340 378 143 214 282 456 748 594 256 306 220 253 290 307 205 234 213 333 253 68 277 347 186 148 214 417 188 167 406 288 133 181 240 332 608 71 396 238 82 155 249 550 213 114 292 282 239 43 149 219 222 50 256 180 154 131 224 308 203 87 293 388 293 110 343 375 191 91 363 278 289 42 383 352 226 91 322 364 744 188 190 336 125 48 171 233 315 42 278 333 48 140 425 441 270 127 328 322 151 64 152 288 228 89 220 250 332 16 266 210 176 73 243 281 65 61 199 330 210 76 473 269 222 119 373 393 209 242 258 271 159
244 220 266 93 425 18 356 98 169 118 275 144 137 69 413 128 244 204 366 231 343 181 328 496 142 246 335 137 360 127 292 101 136 175 274 26 204 54 320 325 323 146 249 169 90 101 319 126 491 147 504 562 42 47 238 108 107 251 250 48 147 192 320 437 102 224 268 87 209 175 536 107 129 90 303 249 206 106 249 19 615 92 305 93 57 169 221 65 49 272 219 176 114 77 332 100 209 76 376 148 191 758 290 143 94 184 359 72 147 183 359 132 272 237 307 149 604 129 162 479 166 67 209 534 263 149 270 161 72 62 267 25 155 22 246 167 299 75 231 55 91 81 314 115 179 190 281 191 219 149 356 119 301 174 223 76 238 87 405 63 89 48 243 166 441 93 233 121 102 191 226 189 95 188 262 56 179 146 255 146 246 29 94 169 26 184 286 276 172 131 334 445 217 145 393 111 604 80 304 169 202 61 272 137 210 114 141 286 120 76 259 78 118 247 289 123 124 31 244 76 111 243 206 44 56 679 399 83 273 152 356 86 235 100 216 205 153 475 209 44 144 160 374 161 129 304 179 147 216 256 228 148 657 72 201 267 192 225 241 53 253 143 315 236 82 52 292 130 207 98 147 161 106 120 267 535 252 99 205 284 162 107 202 15 729 223 150 27 191 152 338 143 141 104 401 114 118 250 394 230 258 129 243 137 117 118 201 147 193 89 377 325 84 260 306 168 133 139 460 110 179 248 152 54 188 0 213 181 163 98 281 215 102 70 172 183 75 140 345 34 144 105 587 111 140 271 418 135 126 120 79 155 159 685 181 190 473 92 584 76 200 91 356 286 193 81 253 65 124 268 328 126 207 94 618 784 630 86 255 78 159 119 268 146 49 83 309 125 183 162 286 82 147 28 598 92 162 229 321 238 110 120 314 667 117 244 189 146 194 114 499 77 215 112 237 89 162 64 248 90 152 82 195 34 120 40 221 199 102 122 285 104 82 219 326 218 170 204 268 104 198 558 367 253 134 181 290 572 67 51 305 236 235 100 263 218 200 143 334 225 65 507 318 98 61 140 298 154 161 205 225 115 156 62 229 281 202 78 224 62 116 117 469 138 127 127 280 80 254 655 151 123 177 230 327 64 221 137 237 123
184 423 114 205 220 214 147 163 316 271 64 112 307 151 219 104 381 390 156 293 479 321 119 409 197 431 123 93 161 303 96 200 281 333 69 207 343 201 130 319 412 349 75 125 186 314 107 136 382 349 338 508 172 176 110 266 268 402 47 171 189 404 121 598 196 416 95 129 389 384 655 307 267 296 91 44 343 303 109 222 656 297 93 124 253 300 82 151 260 412 62 236 227 280 330 213 287 280 164 145 392 616 89 153 278 303 160 142 339 377 206 93 449 448 95 113 564 295 53 382 186 272 78 593 363 360 99 53 239 269 113 232 365 226 38 119 400 283 62 241 175 289 103 218 324 383 80 102 360 351 180 120 472 360 54 248 360 253 221 177 299 180 260 349 410 220 20 168 274 387 63 25 124 398 63 268 317 358 48 210 294 242 136 238 225 388 78 309 307 343 156 383 406 335 196 262 478 272 146 158 321 272 62 165 368 320 78 208 306 190 81 142 259 263 107 90 328 225 62 192 323 328 19 173 239 511 256 286 456 100 146 137 402 312 16 42 314 271 12 189 320 368 584 168 263 508 98 154 315 407 39 360 720 245 28 167 301 334 150 253 394 356 135 51 290 198 156 165 284 130 65 122 206 282 81 602 299 310 40 247 250 318 100 198 544 353 195 189 401 354 133 185 79 139 193 104 273 424 201 414 443 341 65 228 326 329 47 104 209 177 180 197 210 365 116 379 302 189 249 103 302 444 84 176 303 213 0 157 349 305 83 233 238 247 66 185 269 313 557 180 334 251 422 208 323 453 377 199 322 326 137 64 109 509 78 191 410 302 494 137 358 302 189 172 313 293 102 179 207 478 122 160 118 209 590 600 452 273 65 135 370 291 86 98 193 294 125 90 247 367 79 140 346 198 617 132 365 359 193 241 321 329 135 506 257 412 73 221 174 319 287 135 233 272 67 129 307 266 160 300 300 265 146 215 316 190 8 124 255 294 85 230 253 415 119 157 342 371 118 194 280 561 205 158 310 370 78 480 280 264 115 247 331 310 164 15 338 342 166 307 192 384 141 152 231 245 119 156 240 396 41 98 329 268 98 81 308 225 141 161 261 324 543 296 262 107 81 133 326 673 65 94 198 410 115 149 432 343 81 145
63 393 119 241 297 194 288 84 188 291 209 201 196 169 270 85 239 385 258 137 332 354 222 318 63 427 236 88 230 307 252 96 161 353 222 196 206 211 187 435 256 323 231 33 97 262 223 60 310 325 495 394 148 179 88 160 163 265 204 173 52 340 198 457 92 404 137 120 272 305 500 286 148 226 228 199 205 287 101 199 504 224 218 115 183 338 94 129 207 269 109 86 111 257 183 250 135 209 282 34 298 578 178 38 187 349 228 131 242 362 191 95 324 369 231 56 442 307 149 299 36 246 89 438 210 314 136 128 154 240 121 183 292 177 191 39 246 252 216 169 92 258 243 102 193 280 173 226 222 326 203 79 341 253 206 162 214 262 253 118 261 186 360 347 540 250 167 62 176 370 115 137 110 354 159 222 184 305 167 73 137 199 179 307 174 358 226 152 175 280 187 523 297 326 256 153 423 261 303 13 178 219 181 46 239 289 157 105 209 218 238 116 145 107 157 119 301 210 218 112 268 174 169 141 166 505 223 214 335 197 248 108 275 263 172 118 196 411 146 193 212 331 495 25 142 473 215 34 166 434 137 309 565 248 130 91 157 388 67 235 253 299 174 135 225 133 126 53 132 96 132 40 97 172 238 445 142 269 185 112 109 256 65 174 564 394 55 156 324 329 220 52 158 193 329 109 162 431 252 411 325 282 221 97 289 263 189 66 52 217 241 150 117 423 178 308 193 259 374 133 165 426 85 127 161 181 157 0 244 273 239 76 131 165 94 28 192 320 489 154 236 143 414 95 220 451 510 70 233 295 121 157 53 515 79 33 551 264 405 133 231 242 196 111 172 248 112 117 85 431 217 55 52 243 462 617 462 267 146 146 324 298 145 73 200 255 172 148 96 335 187 111 256 189 471 104 278 401 147 87 256 293 173 491 143 425 85 85 18 291 389 139 76 287 122 161 180 198 71 264 177 262 20 158 227 190 160 41 151 301 240 263 164 398 214 39 227 384 118 239 129 419 204 77 203 361 206 631 231 221 175 91 180 243 87 172 202 321 178 154 120 327 299 201 153 293 161 27 98 289 133 124 217 242 88 172 162 242 53 123 148 291 386 180 142 82 169 134 170 527 150 111 44 411 233 147 355 311 110 59
293 219 360 249 537 176 497 189 73 241 413 305 47 229 513 247 113 251 489 188 196 290 450 501 181 281 462 258 469 223 440 155 84 270 417 187 91 213 426 478 218 181 401 255 166 116 446 221 513 186 664 534 189 209 329 86 83 105 394 209 192 128 433 275 160 252 374 225 46 82 389 175 96 83 439 392 93 183 342 169 512 79 436 228 107 289 325 204 121 131 332 175 133 165 304 253 164 90 507 226 58 788 408 217 73 307 468 214 20 221 433 257 109 134 443 249 562 236 307 494 210 158 315 423 166 142 374 298 111 155 362 138 85 142 386 257 189 151 383 114 177 151 452 143 76 36 400 351 94 185 447 231 139 11 373 102 128 217 497 173 139 211 397 231 594 243 368 193 75 222 339 324 227 170 383 126 86 125 382 172 207 140 254 319 140 193 427 238 89 98 430 604 57 210 498 92 629 186 463 233 115 116 399 205 67 159 292 329 45 237 411 210 99 237 395 261 170 178 393 157 110 170 349 185 115 737 459 84 110 312 478 213 77 120 358 327 52 620 342 207 32 167 252 219 102 275 339 219 143 335 352 132 537 204 330 331 125 345 310 171 116 117 415 355 93 153 370 201 164 219 288 252 152 72 417 419 211 136 353 298 146 95 298 176 802 328 189 173 99 185 454 192 292 266 542 246 82 301 495 272 96 106 394 148 149 88 352 254 217 251 482 389 141 375 415 95 51 299 596 255 106 259 270 176 117 163 349 244 0 152 427 222 116 104 291 226 89 232 255 185 21 103 647 152 26 303 574 174 42 161 216 304 258 750 291 228 631 140 581 221 61 99 440 352 112 126 351 171 159 224 448 202 292 249 566 854 700 193 372 230 148 223 379 257 211 137 412 275 172 177 410 211 37 191 512 218 51 334 386 243 89 150 414 719 101 304 299 161 244 165 623 226 221 233 349 246 76 100 312 144 73 197 263 142 45 203 356 281 96 225 431 251 96 241 445 281 28 277 360 263 157 486 447 319 41 230 422 734 122 133 412 237 154 86 328 358 90 188 422 164 158 539 473 261 120 283 401 223 156 47 348 256 30 159 325 400 131 225 297 191 96 155 354 65 102 244 397 225 189 566 298 256 210 276 456 215 124 165 343 213
335 122 363 129 521 92 443 190 197 96 366 219 155 155 511 226 260 117 461 291 347 139 423 581 225 157 429 235 457 71 377 182 176 119 362 99 229 110 417 338 358 50 331 265 177 36 413 222 580 52 569 637 139 130 335 151 148 257 339 134 232 110 417 415 185 132 366 184 194 114 540 23 177 76 395 339 230 31 347 84 655 80 398 190 97 139 319 163 68 282 316 248 183 27 404 129 266 82 468 242 147 851 386 235 119 157 456 168 132 91 456 229 250 163 398 246 674 85 253 567 252 33 307 569 300 57 368 255 130 37 365 90 93 96 337 264 331 22 314 109 181 17 404 188 205 160 377 264 238 53 454 216 282 159 307 126 267 80 503 157 14 127 260 86 452 117 326 211 135 97 324 284 193 92 358 53 210 62 350 225 309 74 174 183 100 86 375 341 207 65 432 470 188 63 490 158 695 46 377 261 239 58 366 227 216 16 230 377 126 130 341 176 169 321 386 219 29 80 328 162 44 291 297 142 113 775 494 83 244 230 450 183 228 32 307 302 173 558 303 118 152 63 297 250 180 206 254 239 261 189 324 60 686 75 297 362 238 194 336 53 265 63 413 333 68 140 389 221 265 196 241 257 184 154 350 566 315 16 292 367 226 57 300 111 826 177 233 125 123 56 434 229 229 178 489 211 158 167 492 142 228 58 327 208 20 66 287 244 275 146 474 420 161 223 404 100 152 179 549 204 220 153 250 150 232 98 305 273 152 0 366 294 164 121 269 270 99 80 256 131 132 159 684 189 141 181 437 216 112 22 177 244 256 782 278 276 496 12 667 172 208 55 453 381 232 31 351 157 202 173 424 218 303 127 685 881 727 51 351 171 66 73 366 243 115 20 406 216 252 64 381 180 118 107 648 190 120 182 417 317 63 24 412 763 169 165 287 220 283 18 592 172 293 87 334 177 193 86 342 10 184 58 288 115 111 116 314 295 152 74 371 119 129 125 421 312 172 131 365 146 256 615 465 347 147 93 383 603 45 52 402 313 279 66 358 309 226 49 431 277 153 599 396 168 125 144 396 246 229 175 322 210 163 37 326 377 247 102 319 159 165 19 501 168 179 225 376 175 307 704 241 219 261 144 421 158 148 39 335 218
257 477 168 250 196 278 78 245 398 314 39 150 386 213 214 185 464 435 127 375 563 353 105 457 281 475 96 175 158 351 13 282 362 371 20 269 425 257 147 296 494 405 40 208 267 380 86 219 422 404 256 563 244 238 177 346 348 485 36 235 272 471 129 680 278 463 142 203 468 455 738 364 349 368 51 39 425 358 172 287 730 369 69 200 327 332 153 225 330 495 134 319 309 340 404 256 370 352 116 229 467 631 107 236 355 331 158 215 416 427 239 174 529 518 54 196 621 339 121 427 269 334 154 671 446 423 146 131 317 331 166 302 435 297 48 202 483 345 53 316 255 350 50 300 406 460 103 113 442 406 201 202 553 438 59 326 443 303 226 254 362 240 256 396 369 265 72 250 353 438 131 107 200 458 100 336 399 423 82 294 376 310 192 259 297 444 27 388 390 411 179 331 484 386 189 343 506 327 78 240 404 341 78 248 450 379 139 274 383 240 31 218 340 343 141 166 385 287 38 272 390 411 79 246 314 512 290 359 535 138 120 214 483 378 71 121 395 194 94 249 400 427 655 251 345 562 119 237 398 436 104 424 797 298 110 231 384 353 220 313 476 422 163 111 361 274 208 248 367 210 139 204 288 362 21 681 380 374 76 320 333 387 177 265 530 378 278 260 471 409 127 268 140 189 123 181 353 462 199 458 522 409 40 311 387 399 79 187 291 225 176 246 290 380 137 449 382 218 184 174 385 493 167 252 386 281 83 239 427 366 0 314 319 324 149 266 344 358 622 250 411 332 429 290 401 495 333 282 398 385 212 126 192 505 160 272 356 365 537 209 440 371 215 231 396 359 161 257 290 537 113 243 195 253 650 586 448 327 112 203 432 339 129 181 251 358 152 155 330 425 88 217 421 261 688 210 439 384 243 320 391 390 162 512 338 450 154 305 254 377 237 205 314 317 129 192 389 339 230 362 382 319 226 289 391 251 79 203 335 341 6 272 331 464 113 233 422 411 172 235 363 630 232 226 389 418 64 414 347 330 139 326 414 380 230 71 421 397 196 390 270 418 62 201 308 278 151 239 324 474 109 172 409 329 167 105 391 274 215 237 342 384 623 377 344 189 108 204 408 742 131 172 280 453 87 218 502 401 145 227
82 406 177 292 350 232 359 127 153 332 283 269 177 224 316 154 185 410 321 66 268 396 287 289 73 450 303 159 286 341 326 115 140 390 296 236 159 257 245 501 183 342 306 109 127 274 291 121 294 345 570 347 193 228 151 152 156 214 279 222 71 337 259 397 113 425 201 180 238 296 427 311 131 231 300 275 158 314 162 234 431 228 288 176 197 383 165 180 226 212 182 49 111 284 119 301 74 217 348 98 280 568 245 95 185 396 284 186 226 384 223 166 281 355 302 128 389 345 222 277 57 272 161 362 143 324 199 202 164 266 180 209 289 204 266 115 176 276 291 184 129 280 315 105 155 257 241 299 173 346 247 144 292 229 282 168 156 302 294 156 280 235 424 375 610 298 242 103 171 390 187 213 171 362 229 241 145 311 239 70 62 225 240 364 200 372 300 77 137 283 237 596 267 353 306 145 410 293 378 78 128 236 253 91 198 309 228 109 199 270 314 170 133 34 218 188 322 246 294 140 277 106 244 185 181 515 240 219 295 267 311 164 232 276 248 193 170 481 222 240 192 345 471 73 125 480 287 91 107 471 211 317 490 287 205 125 108 437 113 266 198 305 228 207 234 163 168 96 71 155 205 114 111 159 314 370 66 286 261 77 76 262 138 213 583 438 66 195 315 348 282 75 229 255 398 175 150 459 300 436 288 288 297 86 306 266 265 139 27 272 294 176 134 472 238 303 176 318 439 199 123 442 159 167 115 215 233 76 222 294 314 0 131 174 169 50 198 354 477 198 221 139 426 106 203 475 580 80 225 314 177 230 127 529 155 43 624 283 374 190 191 251 236 143 124 264 174 154 93 433 281 102 121 294 405 634 480 300 215 205 333 334 211 146 247 274 229 217 50 351 256 166 245 231 401 162 266 444 174 24 260 309 227 497 132 455 160 74 60 312 446 197 1 327 193 222 148 209 110 284 149 297 88 185 219 236 235 112 147 337 314 312 168 417 278 88 199 417 175 294 74 353 238 116 186 386 277 706 248 242 235 21 116 248 123 247 157 343 223 89 150 318 374 261 168 345 219 86 68 262 207 191 193 269 155 239 109 288 108 170 138 309 310 158 126 151 236 192 98 458 223 180 43 437 300 201 344 328 179 116
186 276 245 193 421 120 385 75 81 217 301 214 70 144 398 134 153 281 373 131 255 279 335 419 70 320 346 145 353 218 332 39 44 269 307 128 113 154 310 423 222 212 296 139 52 143 331 105 423 215 564 473 101 135 213 30 33 169 284 131 80 211 317 364 44 294 258 122 151 174 445 183 32 101 326 281 114 187 227 119 513 98 322 123 67 269 209 106 97 184 216 84 21 157 240 201 108 87 392 111 168 696 292 102 57 284 352 116 111 254 322 146 211 238 330 133 511 224 200 407 100 146 199 432 162 193 258 188 35 140 247 86 163 84 276 141 199 148 278 56 64 152 340 30 90 152 285 258 129 216 332 118 234 126 268 38 142 187 383 71 150 139 341 248 537 194 255 77 45 260 224 213 121 232 267 112 86 181 268 65 147 101 168 269 79 242 316 179 77 154 315 536 172 225 382 25 538 170 363 119 103 106 284 89 131 179 190 225 78 174 306 107 22 157 279 155 192 131 287 49 147 141 240 94 53 633 352 89 218 219 363 107 164 145 248 213 76 509 230 140 85 214 365 106 30 350 245 104 114 347 237 187 556 171 216 221 91 326 198 144 165 175 299 240 103 59 257 85 106 110 181 136 36 44 311 433 153 156 247 207 63 132 182 107 694 321 79 93 194 218 338 79 191 183 429 138 35 330 379 306 206 158 288 45 175 137 247 139 116 183 367 280 30 360 299 178 66 234 482 152 80 312 156 79 88 102 238 131 116 164 319 131 0 43 177 118 67 230 358 101 106 13 542 36 91 345 513 62 102 184 114 200 142 644 175 121 564 153 505 123 121 120 327 241 94 134 235 68 46 305 332 86 177 195 523 747 592 178 256 136 203 212 263 143 147 144 296 174 88 220 295 106 125 126 497 111 147 327 277 155 130 178 299 618 20 328 184 58 135 182 507 129 130 211 234 155 72 79 201 154 64 176 150 68 96 136 244 166 20 215 322 206 37 286 329 170 105 291 245 201 97 458 335 207 75 257 308 659 119 115 296 150 133 118 218 248 109 213 308 123 54 445 369 183 42 242 285 108 65 163 233 151 92 144 210 284 101 180 184 92 23 179 368 58 28 131 282 127 152 554 193 148 104 308 341 124 224 198 227 98
223 234 271 163 444 87 394 92 99 178 311 203 68 128 425 147 173 238 392 172 273 239 353 462 108 277 363 158 377 176 337 68 66 227 314 97 134 124 334 395 255 169 297 166 71 101 347 126 464 172 561 517 86 112 241 39 37 182 291 110 117 176 339 371 72 251 281 121 147 144 466 140 62 61 338 289 135 144 254 84 549 59 336 124 24 230 232 100 54 202 236 127 63 115 283 170 148 45 407 138 146 737 311 130 31 246 375 110 92 211 355 156 210 208 341 154 554 184 203 449 138 104 221 466 195 152 282 195 11 98 274 49 129 49 284 167 230 105 279 16 80 109 350 69 109 136 303 249 148 172 361 132 237 114 270 6 168 149 411 70 107 115 313 205 511 162 266 104 33 217 243 222 124 192 285 69 109 141 283 106 190 61 154 239 45 199 324 221 103 116 342 514 160 182 407 42 579 129 359 152 133 63 300 119 141 136 188 264 59 146 307 107 52 200 302 158 149 95 290 59 105 178 246 81 15 670 388 49 213 210 381 110 168 102 255 228 83 517 241 114 79 172 341 140 63 310 236 134 150 305 253 146 589 133 229 256 126 288 231 104 182 135 325 258 62 50 289 114 147 117 185 161 68 50 313 467 195 112 249 249 106 92 207 80 728 281 117 72 162 175 359 115 188 167 440 143 48 287 406 263 199 118 290 88 132 98 248 157 157 158 391 315 48 322 322 144 64 208 495 151 111 269 171 72 121 70 247 165 104 121 324 174 43 0 192 156 27 189 326 83 87 40 578 72 78 301 488 100 76 141 112 200 164 679 195 160 542 109 548 117 131 78 357 276 125 91 261 68 84 267 351 113 205 164 565 782 626 137 275 127 162 171 284 159 119 101 321 171 132 177 312 108 100 98 536 115 120 287 312 197 91 135 324 655 51 285 203 100 171 139 526 122 173 171 254 144 92 36 236 111 82 136 182 40 69 109 254 195 34 174 327 173 12 243 348 204 103 248 272 174 138 499 366 241 68 213 321 641 75 72 319 193 168 79 252 256 130 170 337 162 56 485 369 164 16 208 310 139 109 149 249 152 90 101 235 303 136 146 216 87 48 136 401 68 62 144 301 122 191 593 194 153 144 265 356 112 194 155 250 120
132 391 99 194 254 178 208 103 252 255 125 123 247 125 241 46 316 367 199 227 414 313 160 377 132 409 170 36 188 282 162 138 218 319 134 174 278 177 148 354 346 316 137 61 126 271 155 73 357 317 404 467 130 146 78 206 209 338 113 140 123 359 149 533 134 390 97 86 328 334 589 275 205 247 149 110 278 273 85 186 597 247 144 80 202 294 53 107 215 347 47 170 164 247 273 203 221 230 215 79 338 608 120 87 222 300 187 101 283 350 197 40 387 399 153 47 520 277 60 352 120 237 42 531 297 321 99 39 183 233 100 186 317 180 102 55 334 247 122 189 115 253 163 155 260 326 111 138 295 319 186 61 409 302 112 193 294 232 234 123 261 152 285 326 454 207 80 103 216 359 54 44 77 360 93 226 253 316 91 145 230 199 121 245 178 355 141 246 243 297 163 433 348 309 221 202 462 243 209 92 255 228 108 99 305 285 77 164 249 173 145 94 198 201 117 55 295 192 125 135 280 262 75 129 186 516 243 236 395 116 189 87 340 270 80 36 253 333 56 161 261 332 533 102 200 475 128 88 249 398 60 319 658 221 40 128 235 336 104 220 329 313 144 66 242 145 135 100 218 77 50 56 143 221 146 539 235 271 92 194 184 272 49 159 560 349 129 146 352 322 168 119 78 131 252 59 212 406 222 392 383 297 128 163 289 282 96 39 145 166 204 174 151 370 134 332 243 194 305 73 238 417 22 126 238 172 66 94 291 269 149 169 177 192 0 120 217 293 513 138 278 190 425 145 265 432 422 134 268 291 93 71 44 519 18 126 461 264 464 98 295 256 189 139 248 252 86 125 143 440 159 95 66 197 543 615 463 246 84 103 331 270 96 34 167 255 137 76 181 333 119 91 292 165 561 81 312 356 170 180 274 292 143 507 195 397 22 156 111 285 334 100 169 254 65 107 244 216 115 262 238 239 86 166 262 160 70 68 196 274 151 219 197 387 156 102 282 355 102 186 214 508 203 115 251 345 131 538 237 222 132 184 265 262 124 79 274 312 166 241 137 365 207 143 177 242 127 90 175 338 57 64 269 233 66 111 242 206 91 113 199 289 479 234 199 48 109 96 261 617 66 52 133 390 164 113 384 308 67 81
68 388 143 251 320 198 316 87 166 297 237 221 179 181 291 105 214 385 284 109 305 361 248 313 48 426 263 110 254 310 279 89 142 358 250 201 181 219 212 454 228 320 257 60 95 256 250 74 310 323 522 382 154 188 113 145 149 240 231 182 39 329 224 430 86 402 163 134 251 292 472 285 130 217 256 227 180 287 126 202 480 215 245 130 177 346 121 138 203 243 137 60 97 257 163 261 107 201 309 49 282 581 205 48 175 358 252 143 226 361 207 117 301 354 258 79 428 312 173 297 18 245 116 412 182 307 162 152 145 240 145 181 281 176 219 66 218 251 242 163 93 256 271 88 171 263 200 250 197 323 223 96 317 234 232 152 187 268 272 121 258 195 378 348 561 259 195 63 162 368 143 164 125 348 187 218 161 297 195 54 110 198 194 321 172 353 254 127 152 271 209 546 277 326 278 138 424 263 329 28 153 214 209 48 216 287 179 108 195 229 265 127 128 83 182 140 299 213 245 109 261 146 195 147 160 515 234 205 313 219 274 120 252 257 199 146 177 439 173 201 194 326 478 26 124 466 238 44 139 439 165 302 539 253 157 105 132 398 85 236 227 291 197 163 217 132 144 55 104 110 156 65 88 156 266 419 115 265 212 101 85 247 93 178 577 402 39 159 311 326 246 42 180 209 356 127 146 432 274 411 304 274 248 78 285 254 215 89 25 230 264 163 110 433 203 296 176 274 401 151 141 422 109 131 136 183 185 28 226 270 266 50 118 156 120 0 183 323 475 160 220 129 424 84 203 451 532 56 219 292 134 181 78 526 107 7 574 261 400 146 208 234 215 125 147 243 137 119 72 422 243 60 79 254 447 630 475 269 173 160 318 302 172 96 209 251 196 169 70 331 214 122 242 195 449 117 263 408 160 65 247 288 196 500 127 427 112 65 19 289 413 152 50 293 150 176 159 191 86 261 157 265 45 157 213 198 187 68 138 305 267 273 153 395 240 56 208 387 142 252 103 399 221 93 186 361 234 656 227 218 200 67 152 234 102 199 178 319 199 127 119 329 326 216 147 304 186 38 74 270 161 143 198 242 115 199 136 250 74 131 132 288 359 161 124 102 196 147 142 506 173 131 18 411 260 158 342 307 137 70
250 208 298 164 469 88 416 118 104 168 333 216 65 140 451 171 175 216 416 191 272 226 377 487 135 254 386 181 402 161 356 95 77 212 335 99 138 126 360 395 264 145 315 192 97 76 371 152 490 149 575 539 102 120 267 52 49 179 311 120 144 149 364 362 99 228 307 141 135 118 466 120 77 34 360 310 140 125 280 83 561 32 359 145 18 220 257 119 40 201 261 151 88 99 305 169 167 19 430 165 123 763 336 157 23 237 401 129 74 188 382 179 198 183 364 180 575 170 223 475 164 88 247 476 205 126 308 216 38 83 300 49 102 53 305 193 238 87 297 28 106 90 372 95 113 118 328 263 151 149 388 156 227 100 288 31 175 140 438 93 85 123 314 185 511 160 288 131 37 193 268 244 145 165 309 52 116 114 306 132 210 54 166 237 51 174 345 242 111 89 368 518 144 162 433 58 605 116 375 179 143 43 323 147 137 114 206 291 45 149 325 127 70 224 328 179 127 93 308 85 79 192 266 98 30 697 415 22 199 223 405 132 160 78 276 252 83 538 263 119 70 146 317 167 81 284 250 161 163 287 276 120 597 126 252 283 139 277 258 93 183 108 351 282 36 72 315 141 166 140 205 187 95 57 332 475 215 89 268 274 127 65 233 87 755 267 144 85 136 151 384 142 206 177 461 165 59 266 432 241 184 91 308 112 109 71 266 183 183 163 417 342 75 310 347 117 62 212 518 170 123 244 195 93 134 75 269 192 89 99 344 198 67 27 217 183 0 173 300 96 70 61 606 98 65 278 490 127 54 118 132 219 190 706 220 187 546 88 572 135 128 52 384 303 136 69 287 92 111 240 376 140 232 164 585 809 654 124 300 143 136 157 310 184 123 80 347 189 154 153 336 129 78 102 551 138 96 273 339 222 64 112 351 682 70 265 228 125 198 117 550 139 198 161 279 158 98 16 263 89 89 125 210 55 48 115 276 222 53 160 347 169 31 219 373 231 96 229 299 176 157 516 393 269 61 192 344 646 55 57 345 217 181 52 279 277 135 148 364 178 80 511 387 173 40 203 336 166 132 132 273 172 82 87 261 327 149 143 243 108 65 113 410 73 79 168 325 140 208 607 213 175 170 243 380 128 168 131 275 146
383 125 392 109 533 125 436 237 274 45 366 209 233 168 529 256 340 77 468 361 428 59 432 636 281 118 434 262 473 13 367 239 250 39 359 125 307 116 436 270 436 70 320 304 229 117 419 262 629 66 531 700 173 147 367 224 221 337 337 154 287 168 432 492 241 105 389 211 274 187 620 57 249 154 395 338 309 50 377 121 733 159 402 217 165 63 345 194 135 362 338 311 247 74 469 102 337 157 469 286 223 894 400 281 195 81 471 196 212 72 489 255 328 222 399 281 741 19 260 618 306 85 334 647 377 113 391 269 196 91 393 146 167 150 338 301 409 86 306 175 230 84 402 250 283 238 391 247 317 69 479 250 360 240 300 195 345 61 526 203 93 141 199 38 381 93 332 260 209 82 345 295 221 127 372 121 287 127 361 284 378 130 177 128 154 100 372 409 284 142 455 405 266 36 507 229 741 61 352 308 315 130 375 276 296 75 235 424 205 123 330 208 240 384 407 238 67 110 320 215 123 365 300 178 177 808 532 160 322 221 458 216 308 112 311 320 251 542 314 133 231 98 345 300 251 207 240 286 336 117 339 121 766 73 311 403 312 114 376 88 345 132 436 350 145 191 423 269 336 229 253 296 243 229 340 645 384 96 290 423 293 137 332 146 852 97 289 164 190 71 446 283 234 174 480 235 232 113 510 101 306 133 318 272 87 145 284 277 332 136 490 458 220 143 422 171 230 146 542 220 295 135 276 193 306 140 313 320 232 80 358 354 230 189 293 323 173 0 289 166 213 229 717 248 221 140 369 274 192 75 206 249 291 812 306 329 431 92 723 197 289 135 482 420 308 109 378 204 261 192 435 265 340 106 753 907 756 54 368 190 116 22 385 274 126 97 428 225 318 90 392 213 198 132 724 222 198 102 455 377 143 87 435 799 240 105 313 282 333 69 593 194 353 41 355 187 270 157 384 89 261 58 332 169 191 134 321 333 222 19 364 86 198 107 432 356 252 64 394 123 326 688 495 388 226 61 388 540 119 117 421 374 354 147 399 312 304 59 459 350 205 645 376 161 189 92 418 293 295 253 338 229 242 87 356 392 322 89 360 197 236 80 580 244 250 256 391 199 380 780 248 241 317 98 426 181 208 80 359 261
543 168 598 382 767 345 698 418 327 330 619 475 299 409 750 467 338 233 710 441 361 331 672 754 428 220 679 477 701 291 633 393 337 303 617 353 336 366 659 549 439 224 587 492 397 243 663 452 768 227 818 778 385 384 567 330 326 312 594 388 438 153 662 340 397 207 606 430 251 184 504 262 348 267 648 593 338 269 580 336 700 268 650 436 312 346 557 408 298 335 558 429 378 283 555 379 418 284 721 465 197 1043 632 456 302 360 699 416 251 220 680 473 247 121 652 479 799 307 506 749 458 288 545 610 402 199 607 505 337 291 600 327 197 333 591 493 412 277 570 326 406 271 658 388 328 222 624 520 331 224 687 454 267 250 563 328 364 328 738 390 259 382 485 255 652 367 577 430 313 211 566 534 437 167 605 289 339 199 599 421 460 316 430 417 335 189 629 489 344 215 668 685 221 254 732 337 884 298 632 477 365 286 616 445 298 244 484 581 281 385 597 419 347 491 627 468 241 335 584 384 234 417 550 385 329 990 710 279 229 486 700 426 275 245 561 548 307 814 554 373 285 199 81 464 353 118 510 460 393 307 571 198 698 328 545 579 379 378 555 309 332 201 651 578 271 369 614 439 418 436 492 487 392 320 606 599 464 248 547 553 400 241 533 359 1052 345 437 369 165 221 680 437 483 434 744 457 330 251 731 228 224 216 583 398 236 231 543 481 469 402 716 638 374 389 646 182 301 428 804 455 360 181 491 387 371 345 557 489 255 256 622 477 358 326 513 475 300 289 0 378 256 346 899 394 274 223 646 420 256 238 422 498 489 1002 518 478 709 257 833 421 300 257 684 599 364 264 587 389 404 99 672 439 531 379 797 1105 950 300 596 423 190 301 608 482 371 264 646 469 427 203 630 422 234 361 719 432 212 346 635 498 239 232 650 973 349 265 527 412 493 247 844 422 476 323 577 431 331 298 560 260 328 308 508 347 262 371 565 521 338 300 626 366 326 197 669 528 280 275 599 398 411 707 692 566 291 234 635 820 278 294 644 491 401 251 576 562 336 235 664 416 379 794 651 424 340 380 635 465 409 221 568 460 285 292 561 624 383 354 541 400 343 239 543 319 353 465 622 424 437 768 495 466 460 237 672 408 134 224 574 446
217 253 233 96 391 41 324 73 178 137 242 120 151 45 380 95 252 234 333 222 353 200 294 472 124 276 301 104 327 153 262 87 142 199 242 41 212 60 286 322 322 179 219 139 72 135 285 97 464 180 479 542 8 34 206 117 117 264 219 29 127 225 287 454 87 256 235 53 229 205 545 139 132 118 271 218 213 137 217 48 610 120 272 59 78 186 188 32 80 282 185 163 107 109 316 105 202 103 343 120 218 729 256 116 112 198 325 38 170 214 327 98 292 268 275 117 586 153 130 453 144 99 176 531 263 183 237 128 80 95 234 52 186 47 214 137 301 109 202 71 69 114 282 105 188 214 247 167 228 181 323 86 320 195 193 87 243 108 372 41 123 39 240 195 436 101 200 97 115 223 193 156 62 222 228 89 186 179 222 131 235 62 71 171 47 217 254 263 178 163 301 435 240 175 359 117 576 109 278 143 204 93 238 113 223 147 111 259 140 75 230 45 121 231 255 90 157 56 214 61 144 239 174 13 70 647 368 109 295 127 322 53 251 133 184 171 165 444 176 43 161 194 405 136 131 337 154 121 214 280 194 181 656 94 167 237 191 239 211 84 262 177 282 202 111 43 260 106 200 66 114 131 93 131 237 533 241 133 174 261 154 138 170 21 696 242 131 11 222 185 304 123 110 84 370 80 126 278 361 260 280 162 213 127 150 150 171 115 173 82 343 294 76 275 273 200 147 133 428 77 182 280 118 30 189 34 180 154 185 131 250 198 101 83 138 160 96 166 378 0 166 109 556 99 159 300 411 118 150 153 46 124 127 653 147 167 463 126 559 43 213 122 323 255 195 114 220 44 110 302 295 101 176 98 602 751 598 114 221 47 193 144 235 113 50 117 275 94 172 195 253 50 173 35 589 59 190 248 291 219 141 154 281 636 120 271 156 133 168 147 466 45 197 133 203 62 170 89 219 124 160 108 166 43 144 39 188 168 108 147 254 114 93 251 292 190 186 230 235 102 191 546 335 223 151 211 257 560 100 84 271 218 233 131 234 185 208 175 301 220 51 479 290 82 69 148 265 128 151 228 192 82 173 95 196 247 202 90 194 31 120 150 468 149 129 94 246 47 248 646 119 89 157 259 294 32 253 170 204 95
287 206 350 228 526 156 482 175 79 221 398 286 43 210 504 233 130 235 476 192 215 270 438 503 174 266 448 244 458 203 424 144 81 251 401 166 103 193 416 457 232 164 384 244 153 97 433 209 514 169 645 541 171 190 319 76 73 124 378 190 184 121 422 295 149 238 363 208 67 76 409 156 91 62 425 376 105 163 332 149 528 58 422 211 88 269 314 187 100 150 319 172 124 144 309 232 167 69 493 216 62 788 395 207 57 286 457 197 6 205 427 242 129 135 428 237 571 216 290 495 203 138 303 440 178 127 363 282 95 134 353 118 74 122 371 247 204 131 366 96 163 131 437 134 84 49 388 333 109 168 438 217 159 31 356 86 141 196 488 158 120 192 376 213 573 222 353 182 62 206 327 309 211 158 370 105 93 110 369 166 212 120 236 298 121 179 411 243 94 82 420 583 74 192 487 83 629 165 445 225 123 96 385 195 84 141 275 325 29 216 394 194 92 238 384 245 152 157 377 143 92 178 333 167 97 733 454 63 130 293 466 197 97 101 342 314 55 605 328 188 30 152 260 211 97 267 320 210 150 317 338 118 555 184 315 325 130 325 302 150 133 103 405 343 73 137 362 190 167 204 272 241 141 64 400 436 216 117 337 297 144 76 287 157 797 309 182 155 95 169 442 184 274 247 527 231 74 285 485 256 114 90 377 142 131 70 335 241 213 231 472 383 128 355 404 86 45 278 582 238 111 246 256 159 123 144 334 236 21 132 411 221 106 87 278 220 70 213 256 166 0 93 643 142 18 289 554 166 21 142 199 287 246 746 278 222 611 121 585 204 77 79 432 345 119 106 341 155 151 217 436 191 282 228 576 850 695 173 359 212 134 203 367 244 191 117 402 258 171 162 397 195 25 171 526 202 45 314 380 243 70 132 404 716 94 287 287 156 238 146 611 208 220 212 337 228 80 80 305 124 75 177 255 124 24 184 341 272 85 205 415 230 81 227 433 274 41 259 351 242 159 498 440 312 35 213 408 713 101 112 401 236 163 66 321 343 101 171 414 171 142 538 456 242 103 262 390 214 153 62 334 240 35 138 315 387 137 205 289 175 88 137 371 63 96 230 385 208 197 581 281 241 205 261 442 197 123 148 332 201
197 268 258 198 434 123 398 88 70 218 314 224 56 153 411 147 144 276 387 132 245 279 348 427 82 315 360 158 367 216 345 53 33 267 320 132 103 159 324 429 217 206 308 152 65 136 345 119 432 210 576 478 110 141 227 17 20 158 297 138 92 201 331 352 57 288 271 133 138 163 436 179 24 93 340 294 104 183 240 121 510 89 335 135 64 270 222 116 94 174 229 91 32 155 244 205 108 80 405 124 155 706 305 115 47 286 365 127 98 249 335 158 198 225 343 147 515 224 213 416 112 144 213 428 157 185 271 201 35 138 260 87 152 86 289 155 194 144 291 55 77 148 353 42 80 139 298 268 120 210 345 131 221 112 281 34 134 188 395 81 145 146 347 244 544 198 268 91 33 254 237 226 133 224 281 109 77 172 281 76 150 100 177 274 81 234 329 182 69 145 328 544 158 221 395 11 548 169 374 132 96 102 298 102 119 174 202 236 66 179 318 118 13 163 292 167 187 133 300 61 139 138 252 103 53 644 364 81 205 229 376 119 152 138 261 226 64 522 243 146 71 206 352 118 24 341 255 117 111 345 250 178 551 172 230 233 87 327 210 144 155 166 313 254 96 67 269 98 107 122 193 149 49 31 323 429 156 150 260 215 67 123 195 112 706 321 90 99 182 212 352 92 202 192 442 151 22 326 393 301 192 149 300 54 169 127 259 152 126 189 380 292 42 361 312 167 53 240 495 164 74 304 169 88 83 105 251 143 103 159 332 139 13 40 190 129 61 229 346 109 93 0 554 49 77 339 520 74 90 179 125 212 155 656 189 132 572 148 512 133 109 113 340 253 88 129 248 78 58 295 346 100 190 199 526 759 604 177 270 146 195 211 276 156 152 140 310 186 94 213 308 117 113 131 496 123 135 327 289 162 121 172 312 628 12 324 197 67 146 177 521 140 138 211 247 164 62 74 214 149 53 176 163 72 84 142 257 179 8 214 334 210 31 280 343 182 92 288 258 207 98 459 347 220 61 252 321 668 114 112 310 157 130 109 230 261 99 208 321 122 65 454 381 191 44 245 298 121 71 149 246 163 79 142 223 297 97 183 196 102 11 173 364 45 22 144 295 138 152 553 205 160 115 303 354 133 212 191 240 111
356 805 326 618 246 597 386 494 579 680 396 533 601 550 216 462 599 790 307 475 655 737 324 225 472 832 334 455 271 706 431 510 563 744 414 595 582 601 293 725 546 733 461 419 510 676 343 462 176 735 571 321 548 570 351 569 573 630 424 563 463 753 306 783 506 811 332 507 663 716 744 694 552 640 378 420 580 693 341 604 596 638 360 500 597 717 372 525 620 620 381 472 522 665 387 627 494 623 333 443 704 204 336 450 599 722 272 522 649 770 229 462 701 778 375 439 377 701 468 203 442 654 384 592 541 728 329 454 568 649 325 594 705 588 415 420 557 662 464 583 504 667 382 513 580 682 344 521 594 736 243 469 706 654 462 575 569 656 204 527 673 576 678 749 792 631 407 476 587 778 375 432 497 768 359 634 570 719 376 478 458 609 545 660 585 770 403 438 563 694 267 746 692 731 240 562 136 664 498 426 550 632 368 460 621 700 492 318 619 598 458 511 552 419 317 480 711 612 451 525 682 511 440 544 580 92 191 627 717 522 311 503 654 676 432 402 596 416 417 584 616 744 897 439 547 887 519 446 524 822 387 723 685 644 414 323 532 755 349 639 611 713 287 375 639 545 295 466 492 490 469 426 510 580 448 611 457 682 459 353 500 670 386 577 162 772 464 560 736 739 303 464 493 553 379 482 570 831 230 815 711 696 456 501 701 677 466 441 430 590 253 264 531 787 307 720 599 610 353 498 548 835 441 534 539 587 422 414 647 684 429 426 542 578 425 424 606 717 899 556 643 554 0 508 626 856 756 480 644 706 512 481 429 103 411 421 766 676 233 520 615 656 237 304 548 660 339 526 496 845 316 468 380 621 416 210 64 668 358 527 738 695 338 444 591 666 297 498 475 747 351 506 666 587 528 497 687 778 267 406 670 704 288 84 550 822 405 488 408 701 289 523 426 679 366 532 574 612 343 675 574 662 397 570 638 583 415 389 562 698 424 643 577 807 317 375 625 780 323 609 497 466 222 338 609 767 368 794 644 632 307 414 525 657 327 430 579 730 260 502 532 139 470 566 567 664 305 440 491 688 387 489 618 650 361 343 530 630 365 525 556 702 587 582 547 462 342 519 493 561 479 476 439 813 343 536 766 722 359 466
152 305 209 195 385 128 353 47 108 229 270 198 105 135 362 105 175 305 339 123 276 292 300 392 36 345 313 115 318 236 303 12 74 285 277 134 135 157 275 418 228 238 270 103 30 172 298 72 393 241 539 452 96 132 177 66 69 194 255 127 45 246 282 390 14 320 222 103 185 210 461 205 60 133 294 252 136 208 191 130 511 130 289 102 93 280 174 92 121 206 182 65 19 178 222 203 104 117 358 75 204 665 257 66 92 294 316 101 147 279 287 117 242 274 297 100 493 240 175 378 66 166 164 434 171 223 222 160 61 160 211 103 198 98 246 106 209 170 253 80 39 175 308 10 116 188 250 239 153 241 296 89 264 161 243 68 158 198 346 59 175 138 337 269 531 199 224 42 81 286 189 183 99 263 233 136 109 213 235 36 136 119 157 270 94 270 285 165 100 187 279 525 207 247 346 60 508 187 339 83 118 132 251 53 160 205 168 192 114 173 280 88 53 136 243 130 217 142 260 38 177 143 212 88 76 599 317 120 251 201 328 86 195 173 219 180 109 478 199 141 120 243 402 70 55 382 226 68 120 365 204 218 559 183 185 186 100 335 162 160 187 207 264 206 133 59 221 49 102 85 155 100 5 80 283 437 142 182 221 179 56 163 146 111 659 334 45 93 229 244 303 44 169 172 397 114 70 353 343 331 239 190 262 29 202 170 222 106 87 180 331 245 28 370 263 213 101 229 449 131 97 339 125 70 100 111 208 95 152 189 290 106 36 72 145 84 98 248 394 99 142 49 508 0 127 370 504 28 138 210 96 177 107 609 141 89 554 178 479 107 150 150 291 206 109 161 199 56 13 338 298 51 141 197 507 712 557 194 222 122 234 228 227 111 148 169 260 153 73 248 261 86 161 130 491 88 183 340 242 129 162 205 263 584 51 349 150 35 100 207 472 114 105 223 199 141 99 107 166 179 93 191 114 79 131 137 214 130 57 231 293 212 69 313 294 134 139 311 209 200 93 448 299 172 110 281 275 645 144 137 261 126 139 150 182 219 131 238 272 123 48 413 343 175 63 246 249 72 52 198 200 128 127 163 174 249 110 186 148 79 56 205 373 90 54 101 247 111 150 548 169 122 73 331 307 112 260 225 192 64
270 222 335 228 511 153 470 162 63 225 386 280 26 204 489 221 120 248 463 175 210 278 424 486 157 280 435 232 444 210 414 129 63 259 391 164 90 191 401 459 219 176 375 230 139 106 420 195 496 181 638 524 164 185 304 61 58 118 368 185 168 138 408 297 134 252 348 198 70 94 404 164 74 67 413 365 92 171 317 147 516 63 410 201 83 275 299 178 100 142 306 155 109 150 292 232 150 70 480 201 79 771 382 192 48 292 442 188 23 218 410 231 133 153 416 223 554 222 280 478 186 142 289 428 164 141 348 271 85 138 337 115 91 118 360 232 191 136 357 88 150 137 426 119 69 62 374 326 97 180 422 205 161 37 347 75 128 199 472 147 127 188 377 224 575 223 341 168 49 220 313 298 201 174 357 108 77 125 356 149 194 118 230 300 116 193 400 225 78 96 405 583 83 202 472 67 612 170 437 209 107 98 373 180 76 151 266 308 20 215 385 184 75 220 369 235 163 157 367 131 103 162 322 159 90 716 437 65 136 287 452 187 95 110 331 301 38 594 316 184 13 166 275 195 79 285 313 194 134 328 325 132 545 186 303 308 113 332 286 152 125 117 390 329 77 127 346 175 150 193 262 226 126 47 391 426 199 126 327 280 127 86 272 152 780 317 165 148 113 181 429 168 266 242 515 220 58 298 470 270 121 103 368 125 141 83 326 228 196 229 457 367 115 363 389 103 27 277 570 229 93 261 244 150 106 140 323 220 26 141 401 203 91 78 265 203 65 221 274 159 18 77 626 127 0 303 554 150 31 153 190 278 232 728 265 205 611 129 568 195 68 86 416 329 102 112 326 144 135 235 422 177 267 228 560 833 678 178 346 204 149 209 353 231 188 124 387 249 154 175 384 184 43 168 513 192 63 323 364 225 81 143 389 699 77 300 274 139 221 156 597 200 202 217 324 221 63 78 289 132 57 181 239 117 30 180 330 256 71 212 404 232 70 241 419 257 32 270 335 241 142 483 423 295 17 225 395 712 105 115 387 219 148 75 305 332 87 182 398 154 131 521 447 238 93 265 376 198 135 73 322 230 22 142 300 374 121 206 273 165 72 147 360 45 79 218 371 199 180 568 272 230 188 274 429 190 141 160 317 187
514 88 531 248 673 259 572 368 365 183 505 347 323 308 670 394 416 66 607 469 484 146 572 762 405 25 574 401 613 151 503 363 351 124 497 261 392 256 577 344 521 133 456 439 356 204 558 396 760 129 643 817 308 286 505 329 326 403 476 293 412 186 573 515 365 51 529 349 333 228 664 165 354 249 533 477 394 164 515 253 814 253 542 355 278 166 485 331 249 430 478 428 364 194 583 241 444 260 608 418 267 1029 540 413 296 174 612 334 286 90 627 394 369 223 538 417 853 158 401 747 433 205 473 724 466 162 531 409 311 211 532 269 219 274 478 437 492 200 442 291 359 195 540 369 372 292 531 382 397 129 619 387 400 306 438 307 430 201 666 333 195 281 295 106 437 233 472 390 312 85 485 435 359 135 513 234 379 179 501 406 487 253 317 245 279 110 510 519 378 207 595 477 312 125 647 336 874 192 480 439 409 239 515 406 369 165 375 556 294 263 465 345 348 502 547 378 153 244 457 341 203 463 440 313 294 947 668 259 356 359 597 353 367 201 450 460 340 672 454 272 316 137 299 430 358 108 376 417 434 88 480 171 834 212 451 538 412 174 511 217 417 186 576 490 244 319 561 399 443 366 394 431 365 329 475 719 493 189 429 548 406 220 470 280 992 139 414 297 219 127 586 409 374 314 615 374 335 35 651 40 343 200 455 389 169 221 422 414 456 276 631 595 342 175 563 212 322 277 677 360 393 50 415 325 405 271 453 451 303 181 495 475 345 301 432 451 278 140 223 300 289 339 856 370 303 0 436 397 273 160 343 389 427 951 445 456 499 192 848 336 364 228 621 556 404 210 517 334 383 132 575 396 476 245 861 1048 895 187 509 329 155 163 526 412 265 201 568 365 433 128 532 350 266 269 815 359 254 138 591 498 224 167 575 936 348 51 452 401 463 163 731 333 474 181 496 328 363 266 519 191 355 194 465 294 275 272 461 469 331 160 500 224 309 62 573 489 329 85 533 261 434 786 634 523 315 90 528 610 226 233 561 494 450 234 534 452 390 132 598 452 332 778 506 301 307 218 558 424 410 303 478 369 324 209 495 532 421 229 495 331 343 166 655 340 357 393 531 337 481 869 388 380 442 43 565 320 217 148 499 394
554 479 489 326 511 403 370 463 587 341 371 311 555 369 540 427 661 413 448 624 761 317 436 784 518 431 424 422 489 373 328 493 552 346 351 392 622 365 480 99 732 439 310 477 475 470 417 460 754 435 277 884 411 378 486 526 525 669 350 382 515 537 462 848 491 440 466 405 620 551 954 417 543 492 382 355 623 409 486 407 1010 495 402 408 474 306 458 412 454 690 438 561 516 415 693 322 608 485 423 483 582 959 439 485 512 290 489 403 555 429 571 415 681 591 384 454 940 356 363 756 524 419 452 937 674 481 470 384 488 421 488 442 530 440 363 472 711 429 316 473 467 430 376 513 597 592 433 284 637 438 534 437 712 584 323 494 654 360 557 446 444 374 178 395 36 332 381 483 520 437 439 385 412 494 426 448 596 493 406 529 633 436 348 256 444 465 360 656 588 502 512 43 620 404 517 527 839 394 259 504 615 458 407 491 627 438 353 583 534 342 310 417 533 614 470 392 433 398 323 469 480 647 359 419 474 832 622 491 678 313 445 421 650 466 361 416 571 390 387 375 560 467 711 507 542 541 295 489 624 348 414 488 1063 371 400 543 602 268 524 404 671 497 495 425 481 454 531 487 605 428 378 470 499 538 317 941 638 452 338 616 560 489 469 409 834 302 521 420 557 440 458 510 352 332 387 405 535 402 528 420 662 495 319 533 450 500 331 444 554 330 505 571 486 261 470 536 550 280 435 382 593 468 426 436 600 418 377 510 574 437 333 580 513 488 422 532 490 369 646 411 554 520 756 504 554 436 0 515 533 441 409 353 457 820 440 539 63 445 867 398 617 479 548 548 607 453 478 449 512 547 445 481 487 326 965 887 765 387 434 383 485 367 454 437 369 444 484 363 572 458 420 421 547 390 980 422 554 301 568 596 495 452 494 837 531 386 440 535 528 433 508 391 580 349 442 364 580 476 534 441 570 381 507 449 529 379 380 490 518 366 337 324 500 450 445 524 586 371 493 315 597 929 565 533 551 414 397 174 454 441 471 599 643 492 540 363 618 428 528 627 460 751 286 330 477 293 481 494 555 608 417 389 573 417 474 436 612 349 513 426 531 444 877 556 541 430 438 394 654 1037 360 401 538 411 416 392 577 448 457 466
124 333 186 214 364 151 341 52 122 252 259 205 127 149 339 100 182 332 321 109 280 315 283 365 8 373 296 109 297 261 295 35 92 310 268 156 145 178 254 431 222 266 266 84 46 201 282 64 365 269 535 427 114 150 155 90 94 205 247 144 18 273 263 400 33 348 202 110 204 236 460 233 79 161 282 243 144 235 169 154 497 158 274 107 121 303 155 105 149 213 165 47 42 205 198 222 95 145 342 56 229 637 240 48 119 316 295 112 172 307 261 113 259 300 285 87 469 264 172 350 38 193 147 422 167 252 202 155 89 187 189 129 225 124 236 88 206 197 249 108 50 202 296 32 129 211 234 242 162 269 272 85 278 183 238 96 161 222 322 77 203 156 351 296 542 219 214 33 107 314 173 175 103 292 217 164 120 241 221 14 119 145 168 287 120 298 275 146 111 215 256 533 227 274 324 84 480 213 336 59 122 160 237 35 174 232 170 164 140 192 274 97 75 113 223 130 245 166 255 59 205 136 205 106 104 571 290 148 268 206 311 93 210 202 211 167 128 466 189 161 142 271 426 45 73 410 229 48 118 391 190 246 549 207 174 159 102 357 136 186 195 235 242 191 162 83 196 34 92 88 153 83 32 103 277 427 125 210 217 151 52 191 127 133 632 357 17 114 256 272 285 18 170 183 384 114 93 380 321 358 258 218 257 30 230 197 218 95 59 196 309 218 55 392 243 240 124 244 434 135 104 368 115 88 104 135 199 70 174 216 282 80 62 100 134 56 127 274 420 118 166 74 480 28 150 397 515 0 164 238 105 176 92 582 127 60 562 206 451 117 165 178 266 179 114 189 178 74 16 366 280 39 119 216 484 685 530 220 205 132 262 253 209 101 168 197 239 156 58 276 245 94 187 151 473 93 209 364 215 103 190 233 241 556 73 376 135 23 73 235 454 124 80 247 182 151 114 135 140 207 109 217 89 105 158 157 204 107 82 257 284 232 97 341 276 108 158 337 187 217 85 428 273 146 133 308 261 650 172 164 241 101 136 178 156 211 141 266 248 115 70 385 338 188 91 266 228 50 43 220 186 130 148 190 153 232 110 208 123 93 79 233 363 110 73 96 230 120 140 530 169 121 45 359 292 125 286 253 173 56
287 192 345 208 518 137 469 167 92 199 386 269 52 193 498 222 149 217 467 202 237 250 428 510 172 249 438 233 451 182 410 138 86 230 389 147 120 173 409 436 250 145 369 239 145 76 423 201 519 150 629 552 155 172 314 74 70 145 365 172 182 113 414 316 143 221 355 195 88 73 430 135 94 41 413 363 122 142 327 130 546 37 411 198 72 247 306 173 80 170 311 176 122 123 319 212 177 50 483 210 70 793 387 202 47 265 450 183 22 187 424 231 149 136 417 229 583 195 277 501 202 117 296 459 194 111 356 270 85 113 347 100 64 105 359 240 222 109 351 81 155 110 426 132 99 64 379 316 127 149 433 207 180 51 342 76 158 175 484 146 99 174 355 193 552 201 341 176 57 189 319 297 199 145 361 85 106 95 358 165 221 100 218 277 104 163 399 253 106 66 415 562 91 172 481 81 634 144 428 221 137 75 375 190 104 121 260 326 26 197 379 181 92 244 377 232 132 137 362 134 72 191 320 152 83 734 454 44 148 277 456 185 118 80 329 304 67 592 316 169 43 136 266 208 99 258 303 205 163 298 328 102 575 163 305 323 141 304 300 129 154 87 399 333 52 125 359 185 176 193 259 234 136 66 386 456 226 97 322 302 148 56 281 139 796 288 180 139 92 150 434 181 260 229 515 218 75 267 479 239 133 73 362 142 111 52 320 233 214 212 465 382 120 334 396 78 52 258 571 224 122 232 246 146 134 126 322 233 42 112 398 225 102 76 268 219 54 192 256 150 21 90 644 138 31 273 533 164 0 123 186 273 238 745 270 222 590 100 593 189 97 57 428 343 132 85 334 144 148 209 427 185 277 208 590 849 694 152 350 197 119 182 359 235 171 96 395 243 176 145 387 182 24 152 543 190 45 294 379 247 51 112 398 718 94 269 278 156 236 126 602 193 224 191 329 212 91 62 303 103 85 155 252 109 6 165 329 267 82 184 401 209 72 211 424 271 61 239 345 222 168 514 437 309 43 194 397 693 80 92 394 241 178 45 319 330 118 151 409 182 132 542 440 224 91 241 384 209 156 79 325 226 52 117 309 378 149 184 285 161 88 117 390 70 99 220 376 193 210 598 267 228 205 243 432 182 122 129 324 194
357 100 386 144 543 114 463 213 211 101 386 237 169 175 533 248 272 98 482 309 355 134 444 602 246 136 450 257 479 69 396 204 193 111 382 120 242 128 439 342 372 28 349 287 199 47 434 244 602 31 583 657 161 150 358 170 167 266 359 155 254 98 439 417 207 110 388 206 201 112 546 25 195 91 415 359 244 33 369 106 669 95 419 212 117 137 341 185 89 292 338 268 203 46 423 142 285 100 489 264 147 873 408 258 137 155 477 190 141 70 478 251 253 153 419 268 693 85 274 588 274 54 329 581 315 42 390 276 150 59 387 112 92 118 357 286 344 45 333 131 203 39 424 209 220 164 399 281 250 31 476 238 285 167 326 147 280 91 525 179 35 147 266 71 455 130 346 233 153 76 346 305 215 73 380 74 225 53 371 246 328 97 193 190 122 64 395 360 223 66 454 475 191 49 512 176 717 59 393 283 255 79 387 250 226 6 250 399 140 147 360 198 188 341 408 240 10 101 347 184 51 307 317 164 134 798 517 100 246 248 471 206 235 43 328 323 187 576 324 138 165 42 284 272 199 184 271 262 278 175 346 48 697 90 318 384 255 190 358 73 276 57 435 354 84 162 411 243 284 218 262 280 206 171 369 578 333 29 311 389 246 67 322 133 849 169 255 147 117 34 455 251 249 197 508 232 176 148 514 123 230 58 346 229 12 72 307 267 297 163 496 443 183 217 426 96 167 192 569 225 237 130 272 172 248 120 326 295 161 22 385 314 184 141 291 292 118 75 238 153 142 179 706 210 153 160 441 238 123 0 199 265 278 804 301 297 501 32 688 194 219 70 476 403 248 50 373 180 223 152 445 240 326 141 703 904 750 62 373 192 49 74 387 266 135 41 428 236 272 42 402 202 125 128 664 212 123 174 439 338 72 12 434 785 188 148 309 241 305 9 613 194 314 93 356 197 209 105 365 31 200 70 311 137 123 137 335 317 171 75 390 130 148 103 443 334 183 117 388 160 274 631 487 370 161 74 404 609 66 75 424 334 295 79 380 329 239 30 454 295 175 621 413 186 147 152 418 268 250 178 343 232 175 59 349 399 264 116 342 182 184 6 513 183 197 247 398 197 324 719 262 241 282 125 441 180 138 17 357 240
182 298 188 119 346 85 283 53 195 172 201 102 177 48 334 51 267 277 288 214 369 234 250 438 109 319 257 59 281 194 224 85 158 236 203 83 227 91 241 326 324 224 185 100 67 179 241 62 427 225 451 515 38 60 162 138 139 283 179 53 108 269 241 478 83 299 189 9 258 247 556 183 146 159 229 177 227 182 172 93 602 159 228 14 116 217 143 14 124 298 140 152 111 154 296 129 198 142 300 87 256 689 211 86 143 228 280 10 204 258 284 53 320 311 232 76 562 191 91 418 121 145 131 527 267 228 191 85 105 140 190 95 228 89 173 97 305 154 167 105 58 160 240 106 205 248 202 144 244 227 278 45 346 227 157 115 253 146 326 44 168 66 247 237 437 129 157 75 142 267 147 113 16 267 183 134 200 224 177 119 224 107 63 187 88 262 213 250 191 207 255 429 273 219 314 136 537 152 249 111 213 136 194 87 245 192 77 223 171 97 195 8 136 212 210 47 202 100 177 65 188 239 134 37 103 604 326 149 325 105 278 13 276 178 144 126 188 406 132 74 189 239 447 108 143 383 131 91 217 317 149 226 654 133 123 198 197 267 171 128 279 221 237 157 153 63 217 81 196 25 73 91 92 153 201 532 230 179 137 232 152 182 126 66 651 274 114 53 264 230 259 103 77 78 329 35 146 319 315 303 311 206 178 124 196 192 136 71 151 96 297 253 85 302 227 243 172 141 386 39 191 325 73 40 196 79 137 121 216 177 212 177 114 112 93 134 132 206 422 46 199 125 512 96 190 343 409 105 186 199 0 88 85 608 102 141 458 171 526 12 235 166 279 214 204 160 175 47 103 348 250 75 134 122 580 706 553 156 176 27 238 183 189 69 81 162 230 60 163 241 208 12 210 74 577 17 228 280 249 197 184 200 236 593 134 311 110 125 138 192 422 19 177 170 158 46 187 128 180 170 178 150 130 78 180 72 145 128 128 187 215 142 120 296 247 153 213 270 190 119 188 530 291 183 178 254 214 548 145 130 225 198 236 173 194 144 222 219 256 218 61 440 258 83 96 172 219 97 146 262 146 40 199 140 152 202 206 123 155 25 136 196 468 170 142 50 201 15 244 634 82 44 135 301 250 26 295 215 159 63
202 360 161 142 283 154 200 130 281 207 121 54 265 90 282 78 351 326 219 281 452 258 183 447 177 367 186 71 224 240 138 167 244 269 119 146 311 138 191 282 398 286 97 125 150 256 170 114 426 286 364 538 118 115 146 225 227 369 95 111 171 347 184 564 163 352 149 80 346 330 636 245 232 243 150 95 312 240 150 163 661 244 155 78 201 238 118 100 204 382 103 220 194 219 340 150 270 227 224 133 342 670 152 138 231 242 223 90 291 314 258 65 408 392 154 102 591 231 13 422 176 211 108 592 344 300 152 33 194 208 161 177 310 171 93 119 382 223 79 192 139 228 160 187 290 336 143 69 328 288 238 92 433 315 69 203 334 189 281 132 239 118 214 286 384 157 83 143 230 323 108 49 79 337 125 211 285 300 112 190 287 185 73 180 171 326 131 307 275 286 214 366 361 272 259 223 527 209 162 153 294 216 126 146 332 258 15 236 259 126 107 95 223 264 164 47 266 164 90 152 266 312 52 121 190 570 307 234 413 45 209 93 364 254 63 80 275 320 65 127 277 306 529 158 229 446 58 141 294 344 94 300 719 182 67 198 276 274 176 192 363 298 194 106 236 151 200 143 267 92 25 117 173 241 113 598 292 250 50 264 227 262 120 140 606 291 178 135 346 291 197 167 15 75 246 63 233 360 263 350 399 284 90 202 265 273 48 92 204 114 243 241 171 307 177 324 260 130 305 49 274 381 73 128 277 155 64 157 304 244 126 230 200 200 71 181 219 249 498 124 287 212 481 177 278 389 353 176 273 265 88 0 105 570 90 188 394 242 534 84 322 246 245 209 286 235 147 135 180 417 186 138 137 145 614 662 513 210 123 77 310 227 142 85 131 234 184 30 232 305 142 95 296 138 628 90 314 298 237 244 265 268 193 564 220 349 92 199 175 257 348 80 230 208 116 68 273 213 186 240 265 202 154 164 267 128 72 138 215 230 129 167 208 351 183 172 301 308 164 131 261 576 260 187 267 306 140 476 222 206 176 247 312 255 195 65 307 279 222 291 148 432 169 88 185 184 176 145 219 350 93 49 288 207 133 144 285 161 163 113 223 263 536 257 227 81 143 79 314 685 8 55 189 346 178 92 377 281 125 121
103 378 109 201 280 168 249 72 213 257 167 150 211 129 261 38 274 361 232 184 371 318 193 357 89 403 205 37 213 279 205 102 181 321 177 167 237 176 170 384 303 305 180 20 94 252 191 38 343 306 447 440 119 145 80 171 174 297 157 138 80 337 176 492 98 383 117 81 292 307 546 265 167 222 189 153 237 264 92 175 557 221 182 75 177 301 68 97 195 305 74 127 127 236 236 211 178 205 251 36 307 603 150 45 192 310 211 95 251 341 200 45 349 372 192 10 491 276 96 335 77 225 58 490 253 303 118 75 154 220 111 168 292 162 145 14 290 234 165 163 84 239 204 117 220 293 143 174 254 308 199 41 369 267 155 163 252 231 249 100 246 151 311 321 488 212 122 65 184 350 82 87 71 343 126 208 212 296 129 102 187 182 134 262 159 342 183 204 203 275 179 471 313 302 243 166 452 236 252 50 213 208 145 57 266 272 105 141 217 179 188 83 161 160 139 69 283 183 169 105 260 219 118 115 160 520 241 210 358 145 221 75 301 252 123 75 216 374 99 159 227 317 504 58 162 461 163 45 206 401 98 300 617 218 83 113 193 348 86 211 287 292 162 99 219 121 133 59 175 62 80 13 106 186 190 497 192 255 134 161 142 250 44 148 571 357 86 132 326 311 197 77 106 147 292 62 177 404 242 387 346 276 171 122 274 259 137 15 102 175 227 168 118 383 158 307 208 212 342 85 196 407 32 106 196 159 109 53 258 256 192 127 142 164 44 78 190 291 489 127 246 155 429 107 232 427 457 92 238 278 85 105 0 526 35 84 498 249 445 95 256 234 198 129 206 235 97 101 103 423 190 56 49 204 512 626 471 240 115 105 314 268 121 21 166 239 157 98 138 320 154 78 263 159 524 69 283 364 164 140 251 277 161 509 158 396 43 114 71 273 366 99 127 255 92 117 205 192 95 248 199 234 51 145 232 157 113 43 161 272 194 225 166 378 187 72 246 355 110 197 171 472 209 98 216 338 169 579 218 205 156 143 222 238 109 123 233 301 176 198 110 356 250 156 149 253 146 46 132 304 93 76 234 221 72 142 200 208 70 97 163 275 437 198 161 37 140 94 217 580 98 61 89 386 200 110 358 295 86 45
458 904 420 710 311 694 451 593 682 773 476 621 703 644 293 558 703 885 378 579 757 828 402 316 574 928 409 550 351 801 504 611 666 837 492 691 685 695 380 799 647 831 540 518 610 776 420 561 271 832 610 397 645 665 447 671 675 733 505 659 564 855 389 884 607 908 424 602 767 818 839 791 654 741 454 502 683 790 436 701 677 739 438 596 697 808 466 621 719 723 474 575 624 762 489 719 597 724 398 543 807 176 421 550 701 812 352 618 751 867 326 557 805 880 451 536 446 795 557 298 544 752 478 681 644 827 421 545 668 746 419 693 807 687 497 518 660 760 544 683 604 765 455 614 684 785 429 604 697 834 333 566 810 757 544 676 672 750 289 625 771 671 759 845 857 724 493 576 689 875 467 521 593 868 446 733 673 819 462 580 562 708 637 747 684 868 479 541 666 795 357 806 796 827 317 664 197 761 567 527 653 732 451 560 724 798 582 421 721 691 535 607 654 522 406 574 809 708 531 624 782 614 526 641 680 35 292 728 820 609 385 600 758 776 517 493 698 456 505 679 719 843 1000 539 649 986 604 546 628 914 476 823 766 739 504 424 635 843 449 736 714 814 377 465 740 644 393 566 595 587 560 525 611 682 525 701 560 781 544 457 603 770 483 674 65 862 565 658 838 837 382 565 584 644 435 577 672 925 310 911 814 797 535 604 800 778 551 538 533 681 333 364 631 874 394 822 701 698 396 591 651 933 536 632 642 685 509 515 750 782 505 529 644 679 519 526 706 812 1002 653 746 656 103 609 728 951 820 582 745 804 608 570 526 0 507 523 824 774 303 616 719 756 330 404 651 759 434 625 598 945 396 568 479 713 485 107 57 764 447 622 838 789 428 540 686 765 386 590 578 846 434 603 768 683 607 593 790 868 368 510 770 803 378 66 652 916 499 590 509 799 325 618 529 773 457 625 677 712 443 774 677 758 497 669 739 679 502 487 664 792 499 735 678 904 397 475 728 874 418 700 600 548 317 438 711 863 448 840 743 731 395 517 629 758 427 515 683 827 353 606 632 235 538 657 667 754 395 540 594 791 477 583 721 747 457 428 633 724 464 623 658 801 682 685 649 559 428 614 596 634 569 571 541 909 418 631 868 821 452 565
113 400 86 209 249 188 215 103 248 269 133 141 245 139 234 52 309 379 198 215 405 327 160 359 124 421 171 44 183 294 173 136 215 333 144 185 272 190 141 372 334 326 152 47 126 278 156 70 340 327 416 448 139 159 62 205 208 332 125 152 114 365 144 526 131 402 88 96 326 337 578 286 201 251 155 121 271 284 71 195 580 251 148 90 206 309 40 116 221 339 41 160 161 257 256 218 210 234 217 71 339 593 117 79 223 316 181 111 284 361 183 51 384 402 158 42 501 290 78 335 109 247 29 516 286 328 90 57 185 242 87 193 321 187 113 42 323 256 137 193 115 262 169 151 255 326 110 156 289 329 175 64 404 301 128 194 286 245 224 128 269 164 303 338 472 221 89 99 216 370 49 59 86 368 92 233 247 323 94 137 216 206 137 262 184 365 149 231 237 303 153 451 347 321 214 200 445 254 224 80 248 234 110 92 300 294 95 146 250 188 159 102 195 186 109 70 304 202 139 136 286 251 90 137 190 503 228 240 392 134 187 95 335 277 93 41 250 339 67 173 260 341 536 91 196 484 146 80 240 412 63 326 643 233 51 110 227 352 86 230 322 319 135 65 247 149 119 94 207 83 68 45 140 220 159 524 221 279 108 176 176 277 31 168 549 365 120 154 356 332 164 111 96 148 257 71 210 419 214 404 380 303 142 156 297 287 112 37 131 181 198 157 150 386 128 336 241 211 308 88 231 427 30 131 230 181 78 79 291 278 160 155 175 195 18 107 220 306 518 147 278 189 411 141 265 445 440 127 270 301 102 90 35 507 0 112 478 272 446 109 291 262 177 122 240 259 73 129 138 448 157 90 48 212 525 604 451 258 81 116 339 283 90 36 180 263 129 93 171 342 120 98 294 176 544 88 315 371 154 164 279 301 134 493 193 410 9 148 96 294 332 112 155 268 59 122 239 220 97 271 234 251 69 171 263 172 81 50 195 286 161 234 198 398 154 84 280 369 88 202 204 490 189 97 250 356 134 555 244 230 126 169 255 267 106 92 267 322 154 231 139 349 219 159 179 258 118 80 166 338 59 78 268 242 51 109 234 219 73 120 197 297 465 232 196 54 107 107 248 600 84 65 120 402 166 125 387 317 57 78
65 393 145 259 322 204 320 94 166 304 242 228 181 188 292 112 211 391 287 104 301 367 251 307 52 432 267 117 256 317 285 94 144 364 255 207 180 226 214 461 223 325 264 66 100 261 254 81 305 328 528 375 161 195 116 148 152 239 237 189 44 333 226 428 91 407 166 142 251 295 467 291 132 221 261 233 179 293 128 208 473 219 250 137 182 353 125 145 208 241 141 59 101 263 156 268 104 206 312 57 284 576 208 55 179 365 254 150 228 366 206 124 301 357 263 86 421 318 180 291 24 251 121 405 178 312 164 159 150 245 147 187 284 182 224 72 213 256 249 168 99 261 275 92 170 264 204 257 196 329 223 103 315 236 239 156 185 274 272 127 263 202 385 354 569 266 201 70 165 373 147 170 132 352 191 223 160 301 199 57 104 203 201 328 178 358 259 120 152 275 210 554 278 332 279 141 419 269 336 35 151 220 213 55 216 292 186 104 197 236 271 134 131 76 185 147 304 220 251 115 266 142 202 154 164 512 232 209 313 226 277 128 251 262 205 151 178 443 179 208 196 331 480 33 126 471 245 51 136 445 170 306 533 259 163 104 130 405 85 242 225 295 198 167 222 138 144 62 101 117 163 71 92 158 271 413 108 270 218 94 85 252 97 184 575 409 43 166 314 331 249 47 187 216 360 135 148 438 274 417 304 278 254 80 290 258 222 96 19 237 266 161 115 440 205 299 178 281 404 158 140 427 116 138 135 190 191 33 228 276 272 43 121 160 126 7 187 329 478 167 222 132 421 89 205 456 539 60 222 297 141 188 84 523 112 0 582 266 394 153 208 239 215 124 145 248 140 125 76 426 246 67 82 261 439 628 472 276 177 167 322 308 175 103 216 257 198 176 67 336 218 130 245 202 442 124 266 415 159 58 251 293 198 496 129 433 118 67 20 294 415 160 43 300 154 184 159 195 85 266 157 271 48 162 216 205 193 72 141 311 273 280 157 400 243 56 209 393 144 259 100 392 220 92 188 366 238 663 232 223 202 60 148 238 101 205 177 325 199 123 125 325 332 223 151 312 188 45 74 272 166 150 199 247 118 202 134 257 75 137 135 293 353 163 126 109 199 155 137 499 180 138 18 417 263 165 344 312 141 78
591 542 519 383 520 458 381 510 640 401 395 357 610 420 553 470 715 476 462 670 815 380 454 812 565 494 440 464 505 434 349 542 605 408 375 447 675 420 502 161 782 501 339 518 524 530 435 505 778 497 249 916 463 431 520 579 579 724 378 434 561 598 483 906 540 503 494 452 678 611 1008 478 596 549 402 383 676 469 518 463 1054 553 422 454 529 368 491 462 511 744 472 608 567 474 733 379 656 542 433 526 642 970 463 530 567 352 506 452 613 491 595 458 739 653 404 496 973 417 403 782 568 478 487 983 724 542 499 424 542 480 517 497 590 495 391 512 762 488 348 528 515 490 393 562 651 650 458 325 690 499 555 481 770 641 356 548 706 419 573 496 504 427 236 458 70 389 411 529 575 500 472 421 458 556 453 506 649 554 434 576 678 492 397 314 498 527 382 700 641 562 534 28 679 466 531 580 857 453 278 546 667 515 433 537 682 498 396 618 591 397 337 466 585 657 496 436 494 454 352 519 539 696 393 470 528 839 645 547 737 357 459 469 706 525 394 451 626 380 421 429 616 529 773 551 594 604 336 533 674 411 446 549 1110 429 435 576 653 331 559 462 725 558 518 456 539 506 561 532 653 474 419 511 549 592 342 989 684 512 372 654 609 548 506 463 833 365 567 473 618 501 476 556 395 382 390 450 589 465 543 483 721 554 348 582 511 559 367 486 597 384 521 600 537 324 493 596 605 334 431 427 645 531 467 487 651 473 410 551 631 496 356 624 564 542 461 574 546 431 709 463 611 572 766 554 611 499 63 562 590 501 458 394 498 824 478 582 0 504 892 446 672 538 570 580 658 512 509 499 561 610 464 526 525 383 999 885 770 447 463 432 546 427 482 479 424 503 508 407 619 520 444 469 606 445 1022 469 613 364 596 638 554 512 518 845 583 449 477 583 569 493 505 439 624 410 474 413 633 532 569 500 623 440 547 503 586 433 412 528 571 427 359 382 554 512 464 562 641 434 523 370 646 968 587 568 607 477 419 111 512 499 495 641 693 551 574 395 671 490 552 675 511 772 302 381 531 352 507 538 603 666 449 434 628 476 507 461 662 406 549 476 583 505 925 610 592 473 463 443 701 1078 401 445 582 474 433 442 638 510 489 511
326 130 357 133 517 89 442 182 184 104 363 219 142 153 505 220 248 129 457 279 336 150 419 570 214 167 425 229 452 82 376 172 164 131 360 96 216 110 412 346 346 60 330 257 167 26 409 214 571 63 571 626 133 127 328 139 136 245 337 131 222 108 412 406 175 142 360 179 183 107 529 35 165 63 392 337 218 42 340 80 643 68 395 184 86 149 312 157 57 270 310 236 172 30 392 133 254 70 466 233 138 841 381 226 107 167 451 163 120 102 448 224 240 160 396 238 663 96 250 556 242 32 301 556 288 58 362 251 119 34 358 81 86 88 334 256 318 20 314 99 172 16 402 178 193 150 373 265 226 63 447 209 272 148 306 115 254 86 496 149 3 125 268 98 461 121 322 202 123 108 318 280 187 96 354 43 198 59 346 214 297 66 173 190 91 94 373 329 195 58 425 477 178 75 485 146 685 51 378 252 227 47 362 218 204 27 228 368 114 131 341 170 157 310 381 215 39 78 327 153 35 278 294 135 102 767 486 71 235 230 446 177 216 22 305 297 160 558 299 116 140 69 295 241 168 212 254 231 249 201 319 59 674 79 292 353 226 205 327 52 253 59 407 328 55 131 381 211 253 189 237 250 174 142 349 554 303 9 290 357 214 46 292 105 819 189 223 118 117 66 429 219 227 178 487 205 146 178 486 154 219 51 326 197 25 56 286 238 265 148 468 412 151 235 398 95 140 184 547 200 208 162 244 142 220 92 302 264 140 12 365 283 153 109 264 261 88 92 257 126 121 148 676 178 129 192 445 206 100 32 171 242 249 774 272 266 504 0 657 167 196 43 446 372 220 19 344 149 191 177 420 209 296 131 673 874 720 58 346 167 68 83 360 237 114 9 401 213 241 72 377 174 107 104 636 184 110 194 409 306 52 29 406 754 158 177 280 209 274 30 589 168 282 96 329 174 181 74 334 4 172 64 280 106 99 114 310 287 140 85 369 125 117 135 417 303 160 143 358 149 244 603 458 339 135 104 380 610 34 44 396 302 267 54 349 306 213 61 425 265 144 590 396 168 115 152 390 237 218 165 317 206 151 36 320 373 235 105 311 153 153 27 488 155 167 219 371 171 294 692 238 214 251 156 417 154 144 47 329 210
344 780 380 645 408 598 525 487 508 696 498 587 543 572 362 482 499 784 445 394 522 759 442 88 443 824 458 481 395 711 544 486 508 758 518 600 497 616 391 812 414 716 557 427 494 648 460 465 115 719 741 96 553 585 388 524 528 528 517 578 437 706 411 637 484 799 401 524 582 662 560 684 501 605 492 512 495 686 386 602 376 601 472 518 571 743 417 534 600 510 435 422 485 656 278 654 418 591 478 440 638 233 429 443 558 754 394 536 590 758 298 489 600 715 490 453 145 712 521 112 417 645 426 390 434 697 397 501 538 639 381 580 657 576 504 431 435 649 551 558 493 654 502 479 506 612 434 594 503 720 340 482 595 585 545 543 471 667 335 521 654 591 748 747 902 655 487 463 543 764 432 491 514 735 441 615 496 684 461 443 374 597 578 706 571 746 511 344 492 655 359 868 612 726 378 517 105 663 614 417 468 610 460 447 535 683 540 304 568 623 557 521 505 350 397 512 696 613 544 509 651 416 512 546 555 270 248 593 618 579 443 513 561 650 508 458 531 596 484 598 555 719 809 423 496 851 587 439 440 839 455 690 465 653 474 336 456 792 360 636 508 677 374 443 608 532 337 454 418 501 513 436 483 529 551 411 370 660 534 300 447 635 415 578 367 800 435 559 680 722 421 441 541 591 535 507 521 831 365 809 617 660 548 460 680 639 541 460 392 620 383 297 506 827 399 671 542 656 532 529 476 816 470 531 464 584 494 405 581 667 537 374 505 548 464 400 572 723 833 559 585 512 233 479 568 848 867 451 593 688 526 534 445 303 446 394 892 657 0 537 533 625 323 325 470 639 392 519 466 802 432 459 400 648 184 395 292 670 433 549 707 702 413 465 606 648 385 539 419 725 449 516 611 594 305 509 630 806 300 350 633 683 375 239 504 827 443 448 391 686 484 543 375 692 427 561 506 584 350 658 511 665 397 556 589 596 489 402 521 705 533 668 542 791 431 373 555 787 376 642 426 248 307 349 552 759 473 943 623 616 398 355 432 621 340 506 496 717 340 417 519 129 593 601 542 697 386 432 441 612 453 519 552 641 402 432 450 648 376 529 510 683 404 524 497 481 430 538 396 332 529 505 407 810 464 552 706 702 413 465
194 293 195 108 349 80 282 65 203 162 200 92 183 35 339 59 276 270 290 226 378 223 252 449 121 312 259 65 285 186 221 96 166 226 200 76 236 82 245 314 336 218 180 110 78 177 243 74 438 219 444 527 36 50 170 145 146 291 177 43 120 268 245 485 93 293 195 14 264 247 566 177 155 160 228 175 236 175 180 88 614 161 229 20 118 206 149 17 123 307 145 164 122 149 308 117 210 144 300 99 258 698 214 98 148 216 284 7 208 252 292 58 326 311 232 86 574 182 88 429 133 140 137 539 278 225 197 85 111 135 197 95 229 89 172 107 316 150 162 108 69 155 239 116 213 252 205 135 252 221 284 55 352 232 153 120 263 136 332 52 165 56 235 229 425 118 157 88 148 261 152 113 24 264 186 132 209 222 179 131 236 105 51 175 88 258 212 262 200 206 261 418 277 212 318 143 547 145 242 123 223 135 195 99 252 187 71 234 176 85 190 20 145 224 215 47 197 94 173 74 187 250 132 37 106 611 335 150 331 96 279 26 283 176 142 130 195 403 133 65 195 235 448 120 152 378 122 103 228 307 152 224 665 124 125 207 207 255 181 122 288 220 242 161 154 69 226 93 207 37 72 102 102 160 197 543 242 175 133 244 163 181 135 62 658 263 126 52 264 224 262 115 71 66 327 39 154 311 320 295 316 205 173 136 192 192 131 80 164 84 302 262 94 290 232 243 179 129 385 35 201 319 80 46 206 76 137 133 221 172 209 190 123 117 98 146 135 197 421 43 204 133 520 107 195 336 398 117 189 194 12 84 95 616 109 153 446 167 537 0 242 165 286 224 214 157 182 55 115 344 252 88 143 111 592 713 560 149 179 15 235 175 194 77 72 159 235 54 175 236 210 24 213 67 589 29 230 269 258 209 184 196 241 601 143 302 117 137 150 187 423 7 189 160 163 34 195 130 190 166 186 142 141 81 183 63 145 138 135 178 212 131 126 289 250 164 219 261 198 106 200 542 298 193 184 247 214 538 143 127 230 210 247 173 204 143 231 214 263 229 69 450 252 71 102 160 225 109 157 266 150 39 206 135 159 205 217 113 165 32 145 191 479 177 151 59 204 4 256 646 78 47 147 293 251 16 295 211 164 76
269 279 349 291 527 215 504 195 43 293 420 332 63 258 499 255 53 312 486 143 144 346 448 455 170 342 461 265 461 278 453 158 78 327 427 225 36 253 418 523 157 241 417 249 173 173 447 223 472 246 685 480 215 243 319 97 97 52 405 241 181 187 428 243 162 313 367 243 49 141 338 232 91 135 445 402 38 239 332 210 451 130 438 244 144 342 320 225 166 74 330 149 131 218 255 296 122 136 507 221 109 746 405 213 106 360 459 235 79 282 412 266 94 183 448 249 505 290 322 451 194 210 312 363 107 203 366 309 133 206 352 176 146 177 396 253 128 204 400 145 184 205 458 140 37 81 399 377 34 245 431 238 113 59 390 126 68 266 480 190 195 246 441 290 639 287 375 192 98 283 338 333 242 231 382 175 47 186 385 158 162 182 283 365 174 254 435 190 56 159 417 644 80 269 486 99 587 238 484 222 67 165 401 199 10 218 311 301 85 276 427 227 99 198 387 276 229 220 409 170 169 117 361 209 145 703 431 132 105 337 476 228 45 177 369 330 48 629 350 244 58 228 283 208 95 333 364 213 94 394 354 193 478 252 335 311 84 399 292 219 57 178 404 356 144 174 352 197 124 231 302 248 153 82 432 359 165 193 369 262 123 153 291 210 774 385 176 202 156 246 449 182 311 297 548 260 89 362 482 333 97 166 409 136 208 148 368 256 193 289 472 365 151 431 408 155 67 338 598 273 69 320 275 196 77 200 358 231 61 208 440 191 121 131 295 208 128 289 300 213 77 109 615 150 68 364 617 165 97 219 235 322 256 719 291 208 672 196 533 242 0 154 422 330 68 180 342 187 153 281 445 201 282 291 508 825 671 246 370 254 210 277 374 261 248 192 403 295 143 238 410 227 98 228 451 232 111 390 363 209 147 209 403 684 102 364 299 146 227 223 618 248 190 285 347 272 52 142 293 200 58 248 250 171 97 240 364 271 107 279 442 297 120 302 442 263 36 336 349 303 119 426 427 299 66 290 425 771 173 181 405 201 101 142 308 369 37 248 406 117 174 500 490 294 144 331 392 215 134 79 349 272 47 210 318 397 86 270 282 211 99 214 294 65 96 251 395 246 137 505 315 269 191 337 456 240 177 225 338 215
302 156 343 158 510 96 446 164 142 143 365 232 100 159 495 210 206 167 454 241 294 192 415 539 187 203 423 220 444 125 383 146 124 173 365 106 174 127 402 382 303 95 339 239 145 24 407 197 542 99 590 590 130 135 313 102 98 203 341 137 195 103 405 369 150 176 350 174 143 85 487 78 127 21 393 340 176 85 326 87 600 26 394 179 58 190 301 151 42 227 302 203 140 66 356 161 216 33 465 213 106 815 375 206 68 208 442 160 79 138 431 216 202 146 397 224 625 137 252 527 216 61 289 514 246 73 351 250 89 58 345 70 64 77 337 240 276 52 322 73 153 52 404 147 151 113 367 279 183 99 434 198 234 107 313 83 212 120 483 134 41 135 302 139 497 150 322 180 84 143 309 278 181 113 348 36 156 63 343 184 260 61 183 224 78 122 376 292 154 42 413 510 141 117 476 109 658 87 393 229 185 30 359 196 162 66 232 342 71 151 350 163 121 276 371 212 79 91 334 131 27 238 296 129 76 747 465 32 199 241 443 169 175 26 307 291 118 566 298 128 97 94 283 217 131 232 267 210 209 243 314 68 631 109 288 332 185 246 307 76 211 58 396 321 17 113 364 190 215 179 237 233 147 102 357 511 265 41 295 327 179 16 278 106 803 231 196 113 100 101 424 193 232 191 492 200 108 217 475 191 183 41 334 165 59 27 292 225 235 167 459 392 125 277 389 78 98 210 550 200 167 192 235 130 179 91 302 242 99 55 371 251 120 78 256 234 52 135 257 122 79 113 656 150 86 228 479 178 57 70 166 246 234 756 262 239 538 43 625 165 154 0 431 352 179 27 332 133 163 190 415 188 279 157 634 857 702 95 340 169 84 124 351 226 128 39 390 216 206 101 373 165 68 113 594 175 77 237 388 274 19 61 395 733 121 217 270 178 249 71 587 167 250 134 320 180 139 44 313 46 130 99 259 90 56 125 310 269 104 126 375 156 83 167 412 281 118 185 344 174 206 562 441 318 92 143 379 642 27 43 387 270 225 13 329 308 171 99 410 225 125 563 408 183 89 187 379 215 184 128 311 204 108 62 306 367 195 132 292 143 116 64 446 114 129 208 365 169 254 650 241 210 223 194 416 154 131 80 318 192
154 575 90 381 124 364 204 267 381 444 177 298 393 314 82 228 421 555 129 299 500 500 119 248 259 598 136 220 78 471 221 291 357 508 197 361 393 365 68 503 403 502 240 192 287 450 137 234 209 503 426 360 315 335 118 356 360 450 200 328 248 533 88 630 286 578 96 272 466 500 639 462 344 418 169 196 392 460 107 371 569 416 149 266 373 481 136 292 393 448 145 273 308 433 263 390 310 401 164 219 495 427 109 227 382 486 76 288 438 537 28 227 515 564 167 208 421 466 232 216 231 422 148 529 376 501 93 217 347 417 89 366 486 359 188 192 404 431 238 359 279 437 178 298 385 477 116 290 408 505 19 237 527 449 234 355 392 421 58 298 443 341 448 515 584 395 176 253 372 546 138 196 263 541 127 406 375 494 146 268 289 380 309 424 356 540 189 283 366 471 36 546 492 497 79 350 292 431 292 208 363 405 142 239 430 469 256 134 405 362 239 278 341 245 83 244 480 379 228 300 457 340 208 312 356 327 75 406 527 287 125 270 465 449 200 166 392 296 182 349 408 515 692 221 338 659 287 224 343 586 152 497 648 409 178 112 342 519 131 407 434 489 55 140 415 318 71 244 307 258 232 198 292 369 231 543 290 453 227 188 299 446 154 344 373 535 251 329 519 508 99 248 257 317 223 247 359 595 69 581 518 473 232 292 472 455 235 209 229 353 73 67 310 552 79 501 390 375 238 262 354 603 206 304 348 356 189 196 440 453 215 236 327 357 189 215 384 482 684 323 432 340 237 291 416 621 548 266 428 476 279 245 198 330 177 215 570 446 323 286 422 431 0 93 358 432 104 298 281 620 109 244 152 385 453 428 274 434 124 292 511 459 103 210 356 437 65 261 280 517 128 274 452 353 516 264 474 541 67 225 447 475 55 319 339 586 169 279 196 470 222 288 236 443 129 296 374 388 129 445 372 427 177 342 422 349 182 162 347 462 211 407 358 574 108 160 422 544 88 373 309 453 17 123 399 533 151 620 416 403 78 233 351 434 114 198 390 498 23 325 306 203 270 329 344 427 71 219 289 485 152 253 413 418 127 114 344 394 144 294 345 472 497 375 338 229 112 284 327 565 243 241 232 579 141 301 550 492 123 239
62 502 62 329 210 297 250 191 290 386 192 262 304 257 174 166 328 489 192 207 409 447 166 239 172 532 184 161 150 408 241 207 267 450 211 296 301 306 114 488 314 430 241 117 207 372 176 160 218 432 473 336 248 274 63 270 273 357 203 267 161 451 133 539 203 510 90 210 375 416 554 392 255 337 198 198 300 392 62 303 507 335 180 204 294 429 92 225 316 356 111 181 221 363 185 338 217 320 224 140 407 474 132 146 298 437 148 224 351 468 82 169 423 479 198 139 393 406 196 213 142 352 101 457 284 424 86 176 265 346 64 291 403 285 189 119 313 359 232 280 201 365 211 212 293 388 132 269 316 433 104 170 435 360 225 273 299 360 151 224 369 280 423 450 582 341 168 172 286 476 109 166 200 464 130 330 283 415 148 179 197 306 258 384 282 466 208 194 275 391 97 553 402 430 165 263 324 364 307 123 270 329 154 156 338 397 216 49 319 307 244 211 253 154 97 191 408 312 228 221 379 248 190 243 276 395 113 324 435 254 184 204 373 373 187 133 302 361 161 288 320 440 603 136 250 583 262 143 250 531 134 420 580 347 149 20 250 474 45 338 342 410 94 124 336 242 28 163 214 190 189 125 208 281 240 469 199 378 211 103 208 366 92 276 453 485 163 259 435 436 154 162 217 270 281 189 271 533 158 516 427 393 232 203 398 374 218 143 138 302 154 40 228 508 112 419 302 334 311 209 262 533 149 232 256 286 172 111 352 381 231 143 241 276 139 125 303 420 599 255 345 253 304 206 329 556 548 179 343 403 214 209 129 404 122 124 580 372 325 224 330 352 93 0 266 357 71 223 195 542 157 164 81 332 420 506 351 369 119 234 435 398 103 147 295 363 99 215 188 444 149 207 366 288 460 198 388 492 36 133 366 401 94 382 252 525 118 190 107 398 308 228 144 384 106 243 283 308 40 372 281 363 93 267 337 287 169 87 261 401 229 353 275 505 154 72 333 484 59 323 216 401 96 34 311 466 175 644 340 329 109 142 258 354 24 185 298 428 81 232 229 227 292 281 264 379 92 137 198 396 131 199 324 348 77 130 251 337 61 224 257 399 418 286 250 165 127 223 236 514 204 185 142 514 184 239 466 419 91 163
204 324 290 286 467 210 455 156 40 302 372 306 80 238 437 212 68 346 430 77 167 361 393 390 117 380 407 222 401 297 409 120 59 347 382 219 35 246 359 516 130 273 378 195 137 202 394 177 405 278 648 422 195 228 260 86 88 93 360 225 126 239 370 286 123 352 309 211 116 193 352 255 64 157 395 357 34 260 273 208 425 153 387 211 146 354 265 198 175 99 277 87 93 234 192 293 55 151 453 169 168 680 350 161 114 371 399 208 123 316 346 225 157 245 398 201 452 306 283 385 136 224 258 342 70 242 308 268 122 219 292 173 193 173 350 200 106 222 361 140 148 225 409 99 36 142 344 347 50 277 368 196 170 115 351 118 49 273 416 163 218 233 435 318 631 286 328 146 99 319 284 289 208 276 329 188 26 226 334 104 96 185 261 362 168 294 389 126 25 197 355 630 146 295 425 83 520 251 447 165 9 179 350 149 73 245 278 234 109 267 387 196 75 130 329 239 258 220 368 140 201 60 318 188 139 636 364 149 170 309 420 195 108 205 325 281 64 579 303 234 89 267 350 152 65 386 334 161 31 421 303 234 464 258 288 246 16 412 230 227 81 219 344 303 165 153 288 148 56 194 264 196 113 79 391 342 100 220 329 195 64 184 236 199 707 403 120 187 211 279 392 129 278 276 497 223 77 396 420 369 163 204 370 85 237 183 330 209 129 277 411 300 121 445 349 205 82 328 545 240 14 363 229 172 11 193 313 172 112 232 396 124 94 125 248 147 136 308 364 195 119 88 548 109 102 404 607 114 132 248 204 286 206 651 240 145 658 220 470 214 68 179 358 266 0 202 284 159 107 335 389 153 224 287 458 757 604 259 316 228 251 293 317 215 240 214 343 262 79 275 357 194 144 219 416 197 162 409 298 142 180 239 343 616 76 396 248 92 165 249 560 221 124 295 292 247 40 151 229 223 48 259 191 160 129 229 318 213 91 296 398 297 113 342 385 201 85 363 289 295 51 383 362 236 89 322 374 752 190 192 346 134 47 171 244 325 32 278 344 53 147 433 451 277 132 332 332 161 75 144 299 237 84 222 260 343 19 270 220 184 77 243 276 65 66 209 340 218 78 472 278 231 129 372 403 217 236 258 282 169
309 146 343 135 505 81 435 166 166 116 355 215 125 146 493 207 232 148 447 260 321 165 409 552 197 186 416 217 440 98 370 155 145 147 353 90 199 108 400 356 328 78 325 242 151 22 400 199 553 81 571 607 122 121 314 121 118 230 330 124 204 112 401 395 158 160 348 168 170 104 515 53 146 46 384 329 201 59 326 72 625 50 386 173 68 163 299 145 41 254 298 218 153 39 373 137 236 51 457 217 130 824 370 211 88 181 439 152 106 120 434 212 229 161 387 224 644 110 242 539 225 35 288 539 270 69 349 242 100 33 345 67 82 73 326 241 301 25 308 81 156 25 394 159 175 139 362 262 209 81 434 196 260 134 300 97 237 94 483 134 16 119 276 116 471 126 313 185 104 126 306 270 175 109 343 27 180 65 336 196 278 53 168 198 76 110 365 310 177 55 412 485 167 94 473 127 668 61 376 235 209 29 352 202 188 45 220 351 97 130 336 158 139 291 368 204 58 73 321 136 32 260 286 123 84 752 470 52 225 226 437 165 202 19 297 286 143 552 290 111 123 84 297 224 149 227 251 215 231 220 309 67 657 84 282 338 207 219 312 52 237 63 394 317 37 115 366 195 235 176 228 235 156 123 344 537 284 22 283 339 196 36 279 95 805 205 206 106 116 84 419 202 220 174 480 194 128 197 473 172 209 50 320 179 42 47 279 224 247 147 456 397 134 250 386 93 122 187 540 191 189 179 231 128 201 81 293 248 126 31 359 264 134 91 252 243 69 109 264 114 106 129 660 161 112 210 453 189 85 50 160 235 235 759 259 248 512 19 639 157 180 27 432 357 202 0 331 134 174 189 409 193 281 134 654 860 705 68 335 158 79 97 348 224 111 12 388 205 222 88 367 161 95 98 618 171 101 210 393 288 42 45 393 739 139 196 268 191 257 49 580 158 264 107 317 167 163 55 318 21 153 73 264 90 83 109 301 272 121 99 363 131 98 152 406 287 144 162 345 151 225 584 443 323 118 123 371 617 17 30 384 284 248 40 334 298 196 79 411 246 128 573 393 165 97 160 377 221 200 154 306 196 134 37 306 362 217 109 296 140 134 45 471 137 148 206 360 161 276 674 230 203 233 174 408 144 145 64 316 195
102 473 14 279 186 261 189 169 299 341 123 201 304 211 164 125 351 452 147 240 441 398 113 307 173 494 129 117 119 367 171 197 270 405 141 258 318 262 76 420 356 399 170 96 190 349 118 135 281 400 408 407 212 231 24 265 268 377 132 225 162 434 86 567 192 475 26 169 382 404 600 358 257 320 132 127 317 357 12 268 572 319 117 163 275 379 33 188 292 380 44 198 218 330 246 288 243 302 174 125 403 524 71 133 288 385 117 184 346 434 112 124 436 469 134 107 464 362 134 280 148 319 45 517 317 400 25 117 250 315 15 264 389 258 118 94 350 329 162 261 181 334 147 208 305 387 68 202 334 402 103 135 453 360 155 259 324 317 152 198 341 237 358 411 512 292 97 158 279 443 40 100 159 440 62 304 296 394 78 184 236 278 206 326 255 437 139 241 286 372 82 482 405 394 147 259 381 327 236 120 290 305 86 146 351 367 156 114 313 259 173 175 252 196 45 141 377 275 157 202 357 280 120 209 258 430 160 308 446 191 137 167 387 348 116 67 306 307 92 246 319 413 600 134 251 557 196 131 276 483 64 397 642 306 82 71 269 419 65 303 364 389 65 53 316 218 55 150 240 155 131 100 200 279 169 528 239 351 142 162 221 347 54 241 476 434 166 226 423 405 109 160 158 215 225 144 269 492 145 477 436 373 161 207 370 356 149 107 158 251 131 96 214 453 66 404 300 276 265 159 277 500 102 203 273 253 102 112 351 351 161 174 235 261 86 137 287 378 587 220 341 248 339 199 326 517 478 178 334 373 175 147 97 434 73 140 509 344 392 182 342 332 104 71 284 331 0 198 192 519 107 149 60 282 491 531 378 331 49 188 410 356 38 107 252 335 61 160 207 415 85 171 359 249 528 161 380 440 92 173 348 373 64 422 250 483 65 196 120 367 277 184 175 340 35 193 291 289 72 343 287 324 93 242 328 245 98 71 255 359 159 304 263 471 103 87 337 441 17 271 239 470 117 68 310 429 109 574 315 301 63 181 288 336 69 115 314 395 81 262 207 286 223 227 247 326 50 128 210 397 61 150 325 315 26 66 273 291 66 192 255 370 473 288 251 126 63 180 272 582 143 137 154 475 127 197 455 390 22 141
180 279 210 140 378 79 326 33 148 179 243 147 130 80 361 79 221 268 324 179 323 243 285 431 81 310 295 90 311 192 270 44 111 239 246 82 180 103 269 362 283 207 231 108 28 151 279 65 426 209 498 499 40 76 180 91 92 236 223 71 84 236 273 430 44 287 217 55 212 209 511 170 100 122 270 221 181 170 192 83 567 122 267 57 77 229 167 38 94 251 169 119 67 140 272 148 160 105 339 84 214 694 244 78 99 242 310 49 160 246 299 87 274 274 273 91 543 193 136 414 102 129 156 490 225 202 218 127 60 124 212 68 192 62 216 107 263 136 213 64 26 142 282 64 158 204 236 190 197 210 300 65 299 181 204 69 208 149 350 3 146 82 281 230 475 145 198 56 96 254 177 154 56 243 218 108 154 196 215 87 191 83 102 214 58 243 256 220 145 174 280 471 228 209 343 88 539 145 296 104 168 107 231 72 198 174 124 222 127 118 241 40 89 187 238 91 185 94 223 20 159 198 178 32 61 618 337 111 279 151 313 42 229 151 187 161 141 450 172 86 143 218 408 96 97 361 177 83 175 320 185 199 615 134 161 204 153 283 178 118 232 191 262 191 119 20 232 65 158 49 118 101 51 106 247 493 197 155 183 220 112 149 145 59 671 284 88 41 227 213 292 80 124 117 372 75 99 314 342 294 265 175 224 85 175 158 182 92 130 124 326 263 38 318 257 207 126 173 427 86 146 310 103 14 152 65 179 117 171 157 257 154 68 68 125 119 92 204 389 44 155 78 526 56 144 334 449 74 144 180 47 135 101 625 129 125 499 149 519 55 187 133 298 223 159 134 198 0 66 322 284 61 147 142 559 726 571 151 208 69 213 183 219 93 94 140 257 107 128 221 244 40 168 77 546 47 188 291 259 176 150 178 261 605 88 308 137 90 129 175 459 62 153 175 188 88 140 92 185 149 131 146 131 44 137 83 186 138 80 186 260 158 75 282 281 155 166 268 211 144 149 502 309 190 132 244 253 593 118 106 254 175 194 138 201 188 176 205 277 179 14 443 304 119 52 192 246 90 108 217 181 86 153 125 173 236 163 134 162 24 89 176 428 123 95 77 234 60 206 603 128 85 114 294 288 57 259 196 185 61
140 318 201 206 378 140 351 51 110 241 268 205 112 144 354 105 174 318 334 113 274 304 296 379 24 358 308 115 311 249 303 23 78 298 276 146 135 169 268 427 221 251 271 97 39 185 294 71 380 254 541 439 106 143 170 75 78 195 254 137 34 257 276 391 23 333 216 109 190 220 456 219 65 145 292 251 135 221 183 142 501 143 285 107 106 292 168 100 134 205 177 53 26 191 209 214 95 130 354 68 213 652 252 60 103 306 309 109 156 293 276 118 246 284 295 96 481 252 177 365 54 180 159 425 165 236 215 161 74 174 203 116 209 111 245 100 203 183 254 93 46 188 306 17 118 196 246 243 153 255 287 90 266 168 244 80 155 211 337 69 189 149 347 283 539 210 223 40 91 299 184 182 104 276 229 149 110 225 232 23 125 132 165 280 107 283 284 154 100 199 270 532 213 261 338 68 495 201 341 74 115 145 248 46 163 218 172 180 124 184 281 95 60 123 236 133 230 154 261 49 190 135 212 99 89 587 306 133 256 206 323 92 198 186 219 177 114 476 198 152 128 256 410 60 60 395 231 61 115 378 200 230 551 195 183 175 96 347 152 173 186 219 256 202 146 72 211 44 93 89 157 95 18 88 284 429 131 195 223 165 48 176 140 123 648 347 33 105 240 257 298 33 173 180 395 117 77 366 335 344 244 202 263 22 215 182 224 104 73 190 323 234 41 382 257 224 109 239 445 136 95 353 123 80 97 124 207 85 159 202 290 93 46 84 143 72 111 261 404 110 151 58 496 13 135 383 512 16 148 223 103 180 103 598 138 76 561 191 466 115 153 163 281 195 107 174 192 66 0 350 292 48 133 208 495 701 546 207 217 129 246 241 221 109 160 183 253 158 62 261 257 92 171 142 480 93 193 353 231 116 175 219 255 572 58 362 146 23 89 220 467 122 92 236 194 148 102 120 155 192 96 204 104 92 142 149 213 122 66 244 292 223 81 326 289 123 145 324 201 211 85 436 289 161 118 294 272 651 157 150 254 113 133 162 171 219 131 251 263 115 60 401 344 183 77 258 242 64 43 205 196 132 133 176 167 245 105 198 138 87 63 218 365 96 59 102 242 118 141 537 172 125 60 345 303 121 271 238 186 63
490 69 531 291 693 265 615 353 296 235 538 387 260 327 681 396 328 134 634 409 378 232 595 720 374 124 601 405 629 195 547 335 295 204 534 271 315 280 588 450 434 133 500 429 335 170 585 386 727 134 723 758 310 302 502 281 277 308 511 307 383 97 589 390 339 108 536 355 239 142 546 173 303 205 567 511 317 179 514 256 717 208 571 361 248 247 488 334 227 335 487 384 326 198 526 287 385 222 641 403 172 1001 558 395 248 262 627 340 212 122 620 400 260 106 571 412 786 211 426 710 404 206 476 626 387 120 538 428 277 209 533 255 145 261 509 429 406 195 485 262 342 189 576 334 300 200 549 431 314 132 622 384 287 223 478 270 349 237 671 322 180 299 387 157 553 276 498 370 263 112 495 456 363 80 530 215 309 127 523 370 429 241 345 320 264 94 547 460 312 151 601 586 212 158 661 288 843 210 541 419 339 215 539 385 283 159 402 530 235 297 511 346 300 453 557 391 152 253 499 321 163 394 469 312 265 936 655 218 244 399 623 353 270 171 480 474 272 727 476 290 247 110 169 407 308 52 422 399 367 211 496 123 727 239 469 522 347 279 497 225 326 132 583 504 206 302 553 379 385 365 413 422 335 275 520 618 433 169 463 510 357 175 467 282 993 246 383 294 125 129 606 382 401 348 660 382 283 155 662 130 233 149 497 349 152 169 459 413 421 313 645 581 314 291 575 131 260 335 721 376 328 85 420 317 340 268 478 431 224 173 537 433 305 267 440 422 240 192 99 302 217 295 845 338 235 132 547 366 209 152 348 417 423 945 448 426 610 177 802 344 281 190 620 542 335 189 519 322 350 0 596 378 468 288 788 1047 892 210 523 344 109 206 536 412 287 185 577 388 385 112 554 350 192 280 726 360 173 247 578 456 176 149 582 922 301 169 456 362 438 160 765 344 432 229 505 349 297 233 502 179 292 219 448 278 214 289 486 459 287 205 542 273 269 98 594 470 252 176 533 307 376 706 630 508 251 136 556 721 204 218 573 450 378 188 518 481 314 142 599 388 314 750 562 337 278 284 566 405 365 206 494 383 251 210 494 549 354 265 481 328 295 154 557 279 307 394 548 347 413 778 414 391 409 139 593 330 107 136 505 381
205 543 105 327 98 331 97 260 401 392 80 231 402 271 103 205 456 511 41 347 547 441 10 357 275 553 28 195 45 425 117 293 370 454 98 326 422 322 45 408 462 469 145 196 283 429 28 227 317 469 321 468 287 296 131 362 365 482 109 290 264 518 25 673 288 537 80 242 482 493 705 427 357 406 63 106 422 424 118 340 663 406 44 236 361 420 125 264 373 486 116 303 317 400 343 335 350 389 68 224 497 517 40 233 380 422 45 257 441 498 136 198 538 558 61 199 528 417 174 325 253 391 133 614 423 477 82 169 342 387 102 345 476 338 102 192 457 402 149 348 272 407 70 307 408 484 48 209 439 471 92 220 557 458 148 351 430 374 113 283 417 300 363 471 481 342 103 255 374 508 109 141 234 516 67 383 399 474 74 287 342 356 258 354 337 508 87 345 390 456 75 440 504 456 78 357 394 392 187 224 395 386 60 246 454 439 200 206 407 312 141 252 351 301 63 205 447 344 136 293 438 387 136 286 346 401 184 395 548 219 31 246 489 428 126 124 406 204 122 309 417 487 692 237 352 629 210 232 382 527 100 476 737 366 127 167 374 450 169 373 470 471 66 94 401 304 129 249 347 236 184 198 297 377 132 626 345 427 150 259 325 431 153 314 426 471 269 303 511 474 14 262 200 261 123 215 367 545 87 536 536 455 140 309 444 441 158 194 265 299 63 156 308 480 45 491 398 307 158 220 381 565 181 285 378 328 122 217 448 424 113 281 332 351 159 243 376 435 672 295 436 346 316 298 422 575 445 280 427 445 250 186 190 396 157 246 464 420 432 252 445 415 109 157 389 409 107 284 292 596 0 246 165 330 560 482 338 394 76 253 487 413 71 192 314 411 58 211 313 487 43 249 451 317 613 240 471 477 154 279 433 447 66 400 349 534 149 299 226 438 175 252 281 394 99 250 393 375 175 418 389 386 198 325 420 309 113 176 352 416 109 352 355 536 3 193 436 493 107 315 346 552 125 169 407 491 53 512 394 379 48 286 394 421 167 124 418 462 95 368 296 309 162 274 336 365 65 230 314 495 103 214 424 387 128 49 379 346 173 271 353 443 574 388 351 208 51 249 379 665 187 206 260 532 32 266 543 462 107 235
118 338 159 192 335 140 304 29 157 238 220 170 156 122 313 60 221 330 288 145 320 301 249 371 39 371 261 70 267 253 256 47 125 299 229 142 183 159 224 400 260 267 226 53 43 208 247 24 365 270 495 442 95 129 128 116 119 243 207 122 35 288 231 438 43 348 171 77 236 256 499 231 111 174 244 204 183 231 141 144 530 172 238 74 130 286 123 79 152 252 130 83 71 202 221 201 133 157 307 25 253 633 206 18 139 298 265 84 197 307 243 73 293 320 247 49 488 253 133 353 46 190 113 457 207 260 172 116 102 185 162 128 242 122 197 55 245 197 209 116 37 202 258 61 165 238 199 204 200 271 248 46 314 212 199 111 200 209 299 63 206 135 322 292 509 199 175 9 129 314 138 136 69 300 182 167 158 251 184 52 152 144 137 262 118 303 236 176 148 228 230 498 258 271 296 111 478 206 297 43 161 165 201 12 210 234 132 160 163 169 235 68 105 137 193 92 246 155 215 57 215 174 166 88 112 559 277 161 302 169 277 62 245 208 172 130 160 428 150 141 171 276 451 35 106 419 192 22 157 380 153 255 584 194 136 145 141 338 119 179 234 246 214 155 172 78 176 6 130 53 114 49 51 131 238 463 158 214 177 161 91 203 96 119 615 342 41 101 275 274 252 30 133 153 347 77 121 375 294 356 290 229 217 68 234 211 179 56 76 171 281 204 65 374 213 257 152 216 398 99 142 370 76 72 143 126 160 55 202 218 243 102 86 113 95 60 140 265 439 101 191 100 468 51 177 396 481 39 185 240 75 138 56 568 90 67 526 209 459 88 201 188 244 164 153 193 149 61 48 378 246 0 92 194 505 669 514 212 171 102 270 243 176 62 149 200 210 119 94 280 210 64 209 136 503 60 231 349 200 122 203 237 213 546 103 370 99 62 68 236 421 94 102 234 148 119 149 145 125 209 143 207 71 103 179 138 165 82 106 247 245 213 114 342 243 94 190 329 160 193 124 455 254 130 161 306 224 613 176 165 210 123 175 191 141 172 178 266 225 153 65 382 298 158 100 245 199 28 82 249 149 93 178 187 124 198 149 191 103 71 107 236 400 142 105 57 196 90 176 560 130 83 60 355 256 99 306 256 141 16
67 425 68 249 246 217 238 115 239 306 162 188 245 176 221 85 292 410 206 186 384 366 169 313 113 452 184 81 179 328 207 139 211 370 177 216 258 225 136 420 304 352 193 39 134 298 172 82 296 354 450 401 168 193 37 206 210 318 161 186 102 380 146 509 135 431 85 130 322 348 548 313 197 265 179 157 257 313 50 223 538 264 167 123 221 349 44 145 241 322 61 139 159 284 211 258 186 248 230 67 345 555 126 75 231 357 177 144 288 390 153 90 376 413 181 59 454 325 126 289 89 274 41 476 261 349 84 104 194 268 70 214 334 208 148 40 295 282 180 207 126 287 194 149 245 328 121 203 275 355 156 90 393 301 171 203 266 280 206 147 293 200 350 370 520 260 124 101 221 398 66 103 119 390 108 254 236 342 118 124 183 229 179 306 205 389 179 193 227 319 138 497 346 351 206 200 404 285 264 60 231 254 132 88 291 319 142 98 255 227 199 131 193 148 105 112 331 232 180 148 305 224 133 164 204 472 192 253 386 182 195 123 327 298 134 77 246 361 107 208 260 364 542 74 192 508 194 73 218 450 91 345 603 267 91 65 210 395 40 259 305 337 123 86 263 166 85 92 183 110 115 46 141 220 198 485 187 302 153 130 161 294 19 196 525 405 106 180 367 358 168 101 143 191 278 109 210 453 203 436 376 320 183 147 321 302 158 63 101 222 191 119 158 429 126 349 241 256 322 130 217 455 70 154 214 207 118 52 292 303 195 121 177 205 66 79 232 340 531 176 282 190 380 141 267 476 487 119 277 326 134 137 49 479 48 82 525 296 400 143 282 279 152 81 224 281 60 147 133 468 165 92 0 252 477 579 424 289 95 153 360 317 93 67 215 287 121 139 148 367 136 127 301 208 499 117 323 411 115 125 294 325 122 460 191 445 47 136 63 320 336 148 121 304 72 163 231 236 50 295 228 283 34 191 271 206 119 11 197 321 195 273 206 426 161 39 277 404 68 244 181 444 162 51 251 387 156 598 265 252 123 131 231 282 61 133 254 349 132 205 154 307 257 202 192 300 110 69 150 338 87 120 266 269 36 120 214 256 25 145 196 322 428 229 191 85 117 143 218 555 131 106 96 434 181 159 399 342 59 87
304 225 296 3 428 77 331 168 263 62 261 103 229 76 427 167 337 183 363 319 435 116 327 560 222 223 329 171 370 98 262 185 229 124 253 68 298 41 335 232 416 156 215 221 170 154 313 184 547 154 441 636 102 66 274 202 201 343 232 72 224 238 329 523 185 210 289 124 295 237 629 117 223 167 289 233 299 110 282 81 706 170 297 130 148 97 250 116 128 364 240 261 203 101 413 7 299 159 364 209 263 804 297 207 185 106 369 112 230 174 394 163 357 290 293 195 682 87 157 539 240 100 238 626 356 183 292 168 165 101 297 116 216 115 233 217 393 112 200 149 166 115 297 203 273 269 288 143 312 156 380 166 387 258 195 170 332 51 425 139 130 60 150 143 348 12 228 192 195 185 246 193 134 212 270 124 273 189 257 229 333 110 76 75 119 194 267 361 266 188 356 355 297 133 404 205 656 82 253 233 295 133 271 206 301 136 132 344 208 25 225 128 212 328 307 142 139 71 215 159 165 335 195 110 150 712 440 165 355 115 353 135 323 150 206 220 245 439 210 56 234 181 424 229 223 310 135 212 308 201 238 187 750 53 209 316 285 145 290 82 345 190 336 249 157 139 331 200 297 147 153 212 191 214 235 628 339 140 184 354 251 170 241 88 751 153 228 104 249 160 342 219 131 70 375 143 212 215 408 206 339 182 213 225 146 181 178 189 269 32 388 369 173 180 321 226 225 53 437 124 273 240 183 128 282 94 209 243 249 127 253 294 195 164 197 254 164 106 379 98 228 199 621 197 228 245 326 216 208 141 122 145 204 713 212 261 383 131 648 111 291 157 385 332 287 134 282 142 208 288 330 194 252 0 699 807 657 80 267 99 191 85 285 185 48 127 327 124 270 177 287 132 224 68 687 139 234 160 365 316 175 149 335 704 211 204 218 231 259 133 488 105 294 64 256 90 256 150 300 127 246 71 251 127 204 59 217 247 196 88 258 22 176 211 328 275 259 163 299 19 288 644 399 302 225 165 283 485 130 116 320 315 328 170 313 207 294 146 361 316 149 559 274 57 155 51 318 219 249 285 237 133 246 98 262 289 295 26 274 124 209 142 562 232 221 168 288 110 345 744 145 147 253 202 320 97 275 156 262 185
412 782 482 697 559 635 656 531 497 736 611 662 538 628 512 547 462 801 582 394 447 799 569 214 478 837 587 549 531 741 659 517 510 791 630 640 474 662 515 896 358 729 661 492 531 658 585 520 266 733 880 99 597 633 480 533 536 486 623 627 475 694 536 539 517 810 508 581 551 648 426 705 508 612 612 618 472 709 482 637 206 608 593 576 589 787 508 584 620 462 528 443 507 680 286 706 418 603 617 495 616 387 546 495 566 800 529 589 580 772 426 557 550 689 612 517 39 746 603 247 460 669 513 247 401 700 504 581 558 663 484 608 650 604 609 498 386 670 652 579 533 674 625 504 491 589 549 681 474 733 472 541 536 566 644 559 440 706 482 561 670 639 823 770 997 703 588 507 550 776 527 580 571 734 550 635 483 684 568 472 376 623 640 767 600 752 626 344 483 655 485 972 580 747 523 527 288 693 727 471 453 627 573 493 506 699 616 382 567 674 664 573 515 372 511 581 712 649 648 543 658 398 607 590 576 452 384 603 569 657 578 567 523 660 605 549 522 745 578 645 547 724 757 472 504 840 671 490 427 870 554 692 293 690 565 423 449 842 441 666 466 677 495 544 618 566 442 500 419 556 590 501 513 532 660 267 370 674 628 351 460 641 495 617 549 841 471 599 664 735 551 480 617 655 676 571 527 851 509 825 573 662 652 482 693 641 634 527 430 676 523 406 534 877 520 661 539 720 684 595 468 821 542 572 456 618 590 462 566 685 650 405 523 565 543 447 585 753 797 602 576 526 416 507 560 861 965 484 590 703 580 614 512 485 525 439 999 673 184 592 508 634 453 420 458 654 491 559 495 788 560 505 477 699 0 573 475 700 539 607 709 734 521 533 652 665 505 610 436 733 565 569 601 636 136 564 617 847 409 384 637 695 495 421 515 850 525 472 445 702 646 599 405 730 526 622 498 599 431 674 506 698 461 586 587 641 588 476 533 738 648 716 556 800 558 442 538 814 479 698 429 100 439 432 547 777 591 1064 640 638 517 384 412 627 426 604 476 733 464 409 554 295 711 663 565 750 502 484 459 584 550 586 540 666 492 546 440 692 452 575 520 697 286 521 506 545 544 594 380 150 608 573 446 828 591 604 684 714 510 517
562 1003 518 803 390 792 525 694 788 868 560 712 808 740 381 656 809 982 459 685 863 920 487 418 678 1024 491 648 439 897 584 714 770 931 575 789 791 792 472 875 753 930 623 618 712 877 504 661 376 931 657 491 743 762 546 775 779 840 590 755 667 957 479 991 710 1006 519 700 872 922 942 890 759 843 536 587 789 888 535 799 771 841 522 694 799 900 564 720 820 830 569 680 727 861 595 812 703 826 474 644 911 213 511 652 804 903 440 716 856 965 427 655 911 984 533 636 535 891 650 402 648 850 576 780 750 928 516 639 771 845 517 793 910 787 584 619 766 859 629 785 705 865 536 718 789 890 520 691 803 933 429 665 916 862 630 779 778 846 382 726 871 767 841 942 923 818 582 678 792 974 562 614 690 969 537 833 779 920 552 684 668 808 732 836 784 968 562 648 771 897 452 869 901 924 404 768 291 858 642 629 759 833 540 662 830 897 675 526 825 786 617 706 758 628 500 670 908 806 615 726 884 720 616 740 782 129 396 830 926 700 467 698 864 877 606 588 803 507 597 776 823 943 1105 642 753 1087 691 648 734 1006 569 924 860 836 597 526 741 932 551 835 821 916 472 558 841 745 494 668 701 686 655 625 714 786 606 800 667 881 632 563 708 872 582 772 56 952 669 757 941 936 469 668 676 737 501 674 776 1020 399 1008 920 899 619 708 900 880 639 637 638 775 421 467 734 962 486 925 805 789 454 687 757 1031 634 732 748 784 600 617 854 881 586 634 747 782 615 630 809 907 1105 751 850 759 210 712 833 1048 887 685 849 904 706 662 626 107 604 628 885 874 395 713 825 857 428 506 757 860 531 726 701 1047 482 669 579 807 573 0 155 862 540 718 939 885 522 638 782 865 480 684 684 945 523 702 872 780 700 692 894 958 470 615 872 903 473 158 757 1010 596 694 613 898 380 715 635 868 552 720 782 814 546 873 782 854 599 770 843 776 592 588 767 888 580 829 781 1002 483 578 833 969 516 793 706 643 417 540 816 960 533 889 844 831 487 623 735 860 530 604 789 926 450 712 733 341 612 750 769 845 489 643 698 896 570 679 826 846 555 519 740 819 566 722 762 900 784 789 754 657 519 711 703 723 662 667 645 1005 501 728 972 920 549 666
407 849 365 653 255 638 395 539 633 717 419 564 653 588 236 503 657 830 322 533 716 771 345 289 522 872 352 495 294 745 447 558 615 781 435 636 638 639 323 742 607 776 483 464 557 722 363 506 240 777 561 382 589 609 392 620 624 688 447 603 512 802 332 845 554 853 367 547 718 766 808 736 604 688 397 444 636 735 381 646 659 686 381 541 644 751 411 566 665 679 417 525 572 707 449 662 550 671 342 489 756 213 363 497 649 755 295 562 700 812 272 502 758 829 394 482 436 739 501 267 492 697 423 656 600 773 365 488 616 692 364 639 755 633 440 464 618 705 487 630 550 711 399 563 635 736 372 547 650 779 277 511 765 707 486 624 626 694 232 571 717 615 701 789 801 667 436 522 637 820 411 465 537 814 389 679 625 765 405 529 516 654 581 690 629 814 422 498 617 742 301 751 747 772 260 613 189 705 511 474 606 678 394 507 677 743 526 371 669 635 478 552 603 475 350 518 754 653 474 571 729 569 469 586 627 69 241 675 773 552 328 545 711 722 460 437 649 406 448 624 668 788 951 487 598 932 547 493 581 857 420 770 748 684 447 371 587 786 396 681 669 761 321 408 686 590 339 513 548 532 504 470 559 631 468 675 515 726 486 410 554 717 428 618 103 805 514 603 786 782 325 513 527 587 380 522 621 869 253 855 767 744 478 553 745 725 494 483 483 625 275 312 578 817 337 770 650 641 345 535 603 878 480 578 594 630 452 462 700 727 448 480 592 626 463 475 654 756 950 598 695 604 64 557 678 895 765 530 694 750 553 513 471 57 451 472 770 720 292 560 671 702 274 351 604 705 378 571 546 892 338 514 424 657 475 155 0 709 390 566 784 733 372 485 630 711 329 533 529 791 377 548 717 627 591 538 738 811 315 462 717 749 321 85 601 859 443 539 458 744 275 562 481 716 401 569 627 659 391 719 627 702 444 615 688 623 445 433 612 736 442 679 626 849 339 423 679 818 363 643 553 529 262 385 661 807 391 789 689 676 338 470 583 705 375 458 635 772 297 560 578 204 482 600 614 697 338 487 544 742 420 527 671 692 401 371 586 668 411 568 607 746 651 634 599 503 371 558 552 622 512 515 490 853 361 576 816 766 396 511
330 150 344 82 492 73 405 184 227 48 330 177 187 123 486 207 296 121 429 308 388 103 392 582 227 163 396 214 430 41 337 185 200 91 325 74 261 72 392 289 388 77 290 253 175 83 380 210 577 76 521 647 121 100 318 173 171 296 303 106 233 159 390 463 187 144 343 162 238 165 582 38 198 111 359 303 263 31 328 68 684 116 365 168 114 97 298 144 84 320 292 258 193 29 415 80 285 110 434 233 195 843 358 228 146 114 429 147 173 104 440 207 296 213 363 230 687 47 220 565 252 36 286 600 328 104 345 226 143 41 345 92 143 96 302 251 362 43 275 122 177 43 368 197 236 206 349 221 272 79 433 200 328 202 268 143 298 30 480 149 57 95 210 81 404 68 293 207 160 114 300 253 172 133 330 72 239 112 320 230 325 77 138 133 101 117 338 356 235 115 410 420 234 63 464 178 689 8 332 255 266 81 335 223 254 57 196 372 161 87 301 158 189 330 362 193 59 57 289 161 93 314 262 126 125 760 481 114 292 189 419 166 270 79 273 276 205 517 273 86 187 101 345 247 200 236 211 233 286 171 296 108 720 29 268 351 262 154 325 34 302 114 390 306 101 138 373 216 283 179 211 244 189 180 310 599 331 65 255 370 240 102 282 94 806 144 236 111 173 82 405 229 195 139 450 187 182 164 467 147 276 108 287 218 68 113 250 227 279 103 448 408 167 187 378 151 184 130 511 176 246 171 228 140 256 86 273 267 193 51 327 300 178 137 246 269 124 54 300 114 173 177 668 194 178 187 387 220 152 62 156 210 240 764 258 276 447 58 670 149 246 95 434 369 259 68 331 151 207 210 394 212 289 80 700 862 709 0 325 144 111 34 341 225 81 57 383 183 264 98 351 163 162 82 673 172 168 150 404 323 109 70 389 749 188 158 265 228 280 53 558 147 299 39 310 144 222 108 333 54 212 9 280 115 149 86 282 282 171 38 332 69 147 142 392 304 210 117 346 99 274 636 447 337 181 99 351 553 73 67 377 321 304 108 347 275 257 69 412 298 151 593 352 127 135 94 373 240 242 222 295 184 199 37 308 349 272 55 308 145 185 63 533 196 198 206 348 151 328 729 208 194 263 145 388 133 198 76 313 208
149 472 57 264 170 259 144 184 327 328 74 175 326 202 161 129 384 444 117 280 478 381 79 350 201 486 91 119 106 358 122 217 295 391 92 254 349 253 68 382 398 397 124 121 207 355 78 151 320 398 360 453 213 225 68 286 289 409 85 219 191 443 66 602 212 469 32 168 406 417 642 356 281 330 85 80 348 353 60 267 620 330 73 162 285 361 52 190 298 414 40 232 241 328 294 272 280 313 137 149 420 551 36 158 304 365 104 183 365 429 141 123 463 482 87 123 511 351 110 322 181 319 59 564 355 404 36 100 265 315 55 270 401 264 71 117 390 329 118 272 196 335 100 231 334 407 29 167 366 400 116 143 483 382 113 275 359 307 158 207 344 230 325 404 469 278 54 179 297 438 33 75 160 443 14 309 325 400 30 213 278 282 192 302 262 437 91 285 316 381 91 437 428 388 139 281 414 322 188 151 323 311 38 171 379 367 136 162 331 246 126 177 275 240 42 133 376 272 111 217 363 319 84 212 270 447 192 319 472 164 107 171 415 353 77 50 330 266 59 239 341 414 616 164 276 557 163 157 312 467 29 402 690 298 58 120 302 397 111 301 397 396 71 19 326 228 98 173 277 160 115 122 221 301 121 575 281 354 104 210 252 355 81 241 484 415 196 229 436 403 84 188 137 197 183 141 291 481 142 469 461 381 115 235 371 366 111 118 196 235 123 137 231 429 54 415 322 252 229 149 308 496 105 209 306 255 65 146 372 351 112 215 256 275 84 173 300 368 596 221 359 270 358 222 346 509 434 205 350 373 176 123 115 447 81 177 463 346 433 179 370 340 124 119 316 335 49 208 217 523 76 171 95 267 539 540 390 325 0 182 414 346 21 116 244 338 61 144 242 415 41 174 375 245 577 165 395 421 134 217 357 375 70 442 273 471 72 225 157 366 251 180 216 328 24 181 319 300 120 345 313 317 129 250 344 239 59 105 276 349 110 289 279 467 73 129 360 429 60 253 275 518 140 116 331 423 62 526 320 305 53 224 325 346 118 75 345 392 101 300 219 321 174 210 260 307 54 155 241 419 31 142 348 315 61 28 307 280 110 196 278 371 519 312 276 132 26 176 313 631 122 132 190 466 87 194 467 390 37 158
206 290 202 96 351 79 277 80 216 153 197 79 194 23 343 68 289 264 290 241 391 213 252 461 136 306 258 73 287 179 215 110 179 217 196 73 249 74 249 299 350 216 172 122 92 179 242 87 449 216 434 540 41 43 178 156 157 304 172 37 135 270 247 496 108 288 199 26 274 252 580 174 168 166 225 171 249 171 187 87 629 167 228 31 125 195 156 30 127 320 149 179 136 147 323 105 225 150 299 113 265 707 216 112 157 205 286 21 216 247 299 65 337 315 229 97 588 174 84 440 148 138 144 554 292 225 202 84 122 134 203 99 233 94 168 118 330 149 155 117 84 154 236 131 226 260 207 123 265 218 290 68 363 241 146 130 276 129 337 65 165 49 220 223 410 107 155 102 158 257 156 113 36 263 188 134 222 224 179 146 251 108 36 161 94 255 208 277 213 209 266 403 286 206 321 155 557 141 233 136 237 139 195 114 264 186 64 246 185 74 183 35 158 239 219 49 194 91 166 88 189 264 128 45 115 619 343 157 340 83 279 40 294 177 138 132 206 397 132 58 205 234 452 134 166 376 110 117 242 297 154 225 680 118 126 218 221 243 192 120 300 221 247 163 158 80 234 108 222 50 70 113 117 172 190 558 257 175 127 258 177 185 143 63 663 252 141 58 269 221 263 130 63 51 323 45 165 303 323 289 326 207 166 150 191 196 124 91 178 71 304 271 107 278 235 246 190 114 382 33 215 315 87 58 220 78 135 146 230 171 203 205 136 127 103 160 143 190 423 47 212 146 527 122 204 329 383 132 197 192 27 77 105 622 116 167 432 167 549 15 254 169 292 234 228 158 188 69 129 344 253 102 153 99 607 718 566 144 182 0 235 167 197 86 64 159 239 47 190 234 210 39 220 64 604 43 237 258 267 224 188 195 246 609 156 294 123 152 163 185 422 8 204 152 167 19 208 136 201 165 199 136 153 88 191 57 143 149 147 171 207 120 136 285 250 176 230 253 204 93 215 557 305 204 194 242 213 524 145 129 233 225 261 178 214 140 244 210 269 244 81 461 244 56 112 148 229 123 172 275 152 40 216 134 166 207 231 103 176 44 157 190 494 189 164 69 206 13 271 661 73 51 162 287 250 15 299 209 170 90
385 74 422 193 584 157 509 245 211 148 431 284 171 220 572 287 262 105 525 319 335 171 487 622 270 132 493 296 519 112 443 229 201 145 428 164 238 176 479 385 366 46 397 320 228 62 477 278 626 51 632 669 201 195 393 182 179 250 405 199 279 52 480 384 233 104 427 246 181 79 522 74 207 102 460 404 240 81 405 148 660 105 463 252 141 179 379 224 119 277 377 285 223 93 435 191 294 117 533 295 118 899 449 288 148 196 518 231 131 75 512 291 225 107 464 303 702 129 318 610 299 99 367 571 312 11 428 319 172 102 424 146 65 152 402 320 338 87 380 155 234 82 470 231 218 141 440 330 242 48 513 275 257 152 373 166 275 140 562 213 71 192 312 96 497 179 390 263 164 75 385 348 254 30 421 106 225 24 414 268 338 132 240 238 155 45 441 370 225 53 492 520 164 82 552 190 741 108 442 312 256 106 430 279 215 55 295 426 142 195 407 237 202 357 447 282 53 146 394 213 57 310 362 202 159 830 548 114 215 296 514 244 216 62 373 364 186 624 367 184 162 21 235 300 211 149 320 292 282 193 387 17 682 138 360 415 260 226 389 119 263 32 473 395 100 194 445 272 293 256 305 314 230 179 416 566 343 60 357 410 260 71 358 173 884 201 279 185 77 47 497 276 295 244 554 273 187 153 553 124 200 47 393 248 45 69 353 303 319 212 536 474 208 250 465 62 170 241 615 268 241 113 310 208 253 159 370 324 148 66 432 333 203 162 331 318 136 116 190 193 134 195 738 234 149 155 485 262 119 49 238 310 314 838 339 322 546 68 707 235 210 84 511 435 251 79 410 213 246 109 487 270 360 191 709 939 784 111 414 235 0 120 427 303 181 76 467 281 288 32 445 241 111 172 660 250 101 205 471 357 74 42 472 816 202 158 347 261 333 58 657 236 333 140 396 242 210 127 395 70 203 119 341 169 122 182 378 351 186 120 437 179 166 92 485 364 175 138 424 210 284 632 522 401 162 87 448 655 95 109 463 352 297 85 411 374 236 57 490 301 206 647 461 233 172 199 457 298 266 153 385 274 170 103 385 440 268 165 374 219 197 49 502 188 210 285 439 239 328 715 306 282 306 129 485 222 93 37 395 273
361 141 369 89 511 104 416 215 260 29 345 188 219 146 507 233 328 99 446 343 418 69 410 614 261 140 413 240 451 12 348 219 234 57 339 102 294 94 414 267 421 77 300 282 208 109 397 240 608 74 517 680 151 125 344 207 205 327 317 131 266 171 410 488 220 125 366 188 266 185 611 51 232 142 374 317 296 43 354 100 718 147 381 194 148 66 323 172 118 351 316 292 228 60 449 83 319 143 449 264 219 872 378 259 180 84 450 173 203 89 466 232 323 226 378 259 721 13 239 597 285 69 311 633 362 115 369 247 178 74 370 127 164 130 317 279 395 73 286 157 209 72 382 231 270 232 369 228 305 77 457 228 355 231 280 178 331 39 503 181 84 119 193 58 381 73 311 239 194 100 323 273 198 136 350 105 273 127 339 264 359 112 155 118 135 112 352 390 269 137 433 401 260 48 485 213 719 42 335 286 300 115 353 255 285 71 213 402 193 101 310 186 223 364 385 216 67 88 301 194 117 348 279 156 159 786 509 147 317 201 436 194 299 104 289 298 238 524 292 110 219 105 353 278 234 225 220 264 320 137 317 122 753 50 289 380 296 122 354 68 334 131 413 328 133 171 400 248 318 207 231 273 223 214 320 632 365 89 269 402 275 129 309 124 829 110 269 142 191 80 424 262 212 153 460 212 216 136 488 123 301 129 298 253 84 138 263 255 312 115 468 436 201 154 400 170 216 129 523 198 280 155 254 171 290 119 291 298 223 73 339 334 212 171 270 302 157 22 301 144 203 211 695 228 209 163 367 253 182 74 183 227 268 789 283 308 427 83 702 175 277 124 459 398 293 97 356 183 241 206 413 243 317 85 734 885 733 34 346 167 120 0 363 252 103 85 405 203 299 98 370 191 190 110 707 200 192 116 432 357 135 85 412 776 223 128 290 262 311 66 573 172 333 23 333 165 255 142 362 79 246 37 310 149 180 111 300 311 205 3 344 67 181 126 411 334 241 86 372 104 308 670 473 366 213 80 367 536 105 100 399 354 338 137 376 291 290 67 436 333 184 623 358 140 170 80 396 271 276 248 316 207 231 70 334 370 306 67 337 175 219 78 566 230 233 233 369 176 363 764 226 219 296 120 404 159 211 83 337 239
139 487 41 282 159 274 151 192 330 346 90 195 332 218 145 141 385 461 113 277 476 400 76 331 204 503 92 131 93 375 138 223 300 409 109 269 351 270 52 402 393 412 144 125 215 367 80 159 300 413 372 435 227 241 61 292 295 410 104 235 193 455 55 602 219 485 13 182 412 427 637 371 286 341 96 99 350 369 50 282 608 341 80 176 296 380 54 203 310 415 50 232 246 343 283 290 279 324 137 153 428 530 34 162 312 384 91 197 372 445 121 136 467 492 97 130 493 368 129 302 181 333 64 554 353 417 17 117 274 329 39 282 411 276 91 122 387 343 139 283 204 349 110 236 337 414 31 187 367 415 96 154 485 388 133 283 359 324 140 218 357 246 346 420 489 296 75 185 305 454 42 94 173 456 29 322 328 412 48 215 273 295 210 321 274 451 105 278 318 393 72 456 434 404 125 287 393 338 206 152 324 323 51 175 383 381 154 149 338 264 145 190 281 234 22 148 391 287 131 225 376 316 104 225 280 428 172 329 477 184 102 183 418 366 98 66 335 270 79 255 347 428 625 166 281 572 183 161 311 486 49 415 679 314 76 106 303 417 102 316 398 409 51 37 337 239 80 178 276 172 132 127 227 307 139 565 276 368 125 198 254 367 82 255 466 434 198 242 446 418 76 191 155 216 188 155 297 498 126 486 466 392 135 238 385 377 132 127 194 253 108 118 239 449 38 426 328 272 229 165 309 512 117 221 307 268 86 145 379 366 129 211 263 284 96 172 310 385 608 235 367 276 338 227 353 526 454 209 359 387 189 142 121 428 90 175 482 360 413 194 374 351 103 103 317 348 38 219 221 536 71 176 93 285 521 522 372 341 21 197 427 363 0 126 261 351 42 162 242 429 47 187 384 261 563 177 404 440 115 211 369 389 50 422 279 488 81 227 155 381 245 195 211 346 31 198 322 310 109 359 318 333 127 261 353 255 79 104 282 366 126 307 287 482 68 124 366 447 44 272 274 504 120 105 337 439 72 543 333 318 36 218 323 357 105 96 347 407 81 297 229 300 190 229 269 326 34 158 243 425 49 157 354 329 57 29 307 297 103 209 283 385 511 318 280 143 26 191 309 616 141 147 189 483 89 209 477 404 36 166
124 365 120 182 285 154 243 69 218 239 159 129 213 110 269 18 283 346 232 199 381 299 194 378 99 388 204 16 218 262 194 104 184 303 167 151 244 159 177 363 318 292 166 41 92 242 189 38 363 293 434 461 105 127 93 172 175 304 146 120 92 329 180 500 99 368 124 63 294 302 559 251 171 215 184 142 244 250 104 161 576 215 179 57 170 282 75 81 185 314 76 140 130 222 256 191 191 198 249 50 305 621 152 56 189 290 217 78 249 327 215 24 353 367 187 17 512 259 77 356 92 212 64 508 266 293 125 57 150 207 122 157 286 151 136 36 304 221 149 157 81 227 197 121 226 292 144 154 262 294 210 28 375 268 139 159 262 214 259 92 234 133 290 306 467 193 114 69 183 336 84 74 53 333 126 197 219 287 125 112 204 171 113 241 149 330 175 223 209 267 188 451 314 287 250 167 471 221 237 68 223 198 142 67 271 259 84 162 215 160 174 68 163 179 145 48 270 169 155 101 251 232 105 102 154 535 258 204 361 124 222 60 305 242 111 70 219 367 89 142 227 306 501 74 166 449 142 58 218 383 94 290 635 201 74 132 203 328 106 197 295 283 170 98 211 113 149 66 188 48 60 33 109 187 177 515 209 244 118 182 152 242 58 134 583 338 98 119 320 297 199 88 85 126 287 42 178 387 250 372 348 267 157 129 262 251 121 7 120 155 234 185 117 363 164 300 208 191 339 64 204 393 14 96 205 146 98 73 257 243 181 146 143 159 34 96 184 274 482 113 244 156 444 111 231 412 437 101 235 266 69 85 21 540 36 103 479 237 465 77 261 226 210 147 215 224 107 93 109 412 192 62 67 185 533 638 485 225 116 86 303 252 126 0 149 228 164 77 151 308 153 63 259 143 544 54 280 344 181 159 243 266 169 525 161 379 44 123 91 260 367 81 145 237 95 96 210 185 115 236 203 218 72 136 228 140 104 63 162 255 183 206 164 364 189 94 248 338 122 177 183 492 222 118 217 323 165 560 208 194 161 163 234 231 128 111 240 288 188 211 104 374 237 136 144 233 154 61 143 304 90 54 235 208 83 143 210 189 90 84 165 262 454 200 165 19 141 76 232 600 77 40 106 370 198 93 352 282 92 46
263 230 266 47 412 35 328 122 218 91 251 105 186 43 406 130 292 200 349 271 392 153 312 518 174 242 316 136 350 115 262 137 183 155 248 24 253 10 312 277 369 156 216 181 122 132 300 141 508 156 462 591 55 22 241 156 156 300 225 28 177 222 309 485 137 225 263 85 257 213 585 114 176 133 280 224 254 110 251 42 658 136 285 92 105 137 219 72 92 320 213 213 155 89 366 55 251 121 355 166 233 770 277 163 143 149 348 71 193 185 363 129 320 271 284 157 636 110 140 499 194 83 208 578 309 172 266 145 119 80 267 73 192 71 223 178 346 94 199 104 119 99 290 154 228 235 268 152 267 158 353 126 349 221 192 124 286 65 400 91 112 15 195 160 392 51 213 146 151 194 220 173 96 207 250 92 227 173 239 181 285 71 59 123 74 195 260 313 220 165 330 396 263 143 384 158 618 79 265 189 248 100 255 161 258 128 116 304 168 27 227 85 165 281 282 113 135 37 213 111 143 287 183 62 104 682 406 128 320 116 339 93 283 129 194 195 202 443 192 8 193 176 408 184 175 315 140 168 261 235 216 173 703 54 188 279 237 190 252 62 301 173 310 226 123 90 297 154 249 106 130 172 143 169 235 580 291 123 177 309 203 143 206 40 726 194 181 55 226 161 324 172 115 64 374 109 166 239 386 226 304 161 212 177 136 155 172 152 223 41 367 334 124 225 298 203 181 90 434 95 226 252 150 80 234 49 193 200 211 115 251 247 147 119 167 209 123 126 371 50 191 152 591 148 188 265 369 168 171 135 81 131 166 686 180 216 424 114 606 72 248 128 356 295 240 111 252 94 160 287 314 149 215 48 652 782 630 81 244 64 181 103 261 149 0 108 303 103 222 175 271 90 191 21 639 98 204 200 330 269 148 139 310 673 164 231 187 183 216 127 479 68 247 89 230 64 210 110 261 111 201 73 210 80 167 11 201 209 149 107 256 64 130 222 311 234 218 189 268 55 240 596 369 264 183 179 271 524 102 85 296 268 280 140 275 195 248 149 333 268 101 522 282 55 108 98 293 175 200 250 214 104 205 78 230 269 248 42 236 78 163 133 515 187 174 130 268 73 297 696 128 115 206 223 308 56 255 151 234 141
317 139 348 129 508 81 434 173 178 105 355 212 137 145 496 211 244 137 449 271 333 153 410 562 205 176 417 220 443 86 369 163 157 135 353 88 211 104 403 346 340 69 323 248 158 27 401 205 561 71 566 618 125 120 319 132 129 241 330 124 213 114 404 405 166 151 351 170 181 110 526 41 157 58 384 329 213 47 331 72 637 62 387 176 77 151 303 148 48 266 302 228 163 29 384 129 247 63 458 224 139 832 373 217 100 169 442 155 117 110 439 215 239 165 388 229 655 98 242 547 233 27 292 551 282 66 353 243 110 28 349 72 89 78 327 247 313 16 307 90 163 14 394 169 187 149 364 259 221 72 438 200 271 145 299 107 249 84 487 140 6 117 267 105 461 118 314 193 116 117 309 271 178 105 345 33 192 66 338 205 289 57 166 189 82 103 365 321 189 61 416 476 177 82 476 138 676 50 372 242 220 38 354 209 200 35 220 358 109 126 334 161 150 301 372 206 48 71 320 143 37 271 286 127 93 758 477 64 235 223 438 168 214 23 297 288 155 551 291 109 135 78 301 232 160 222 248 221 242 208 311 66 669 76 284 344 219 208 318 47 249 65 398 319 49 122 372 202 246 180 229 240 165 135 342 549 295 16 283 348 206 45 283 97 810 193 214 109 121 75 421 210 219 172 480 197 139 186 477 162 219 55 319 189 35 56 278 229 256 142 460 403 142 238 389 98 134 180 540 192 201 171 235 133 213 83 294 255 137 20 358 274 144 101 255 251 80 97 264 117 117 140 666 169 124 201 444 197 96 41 162 234 239 765 263 257 503 9 648 159 192 39 437 363 214 12 335 140 183 185 411 200 287 127 665 865 711 57 338 159 76 85 351 228 108 0 392 205 233 81 369 165 105 97 630 175 110 198 399 298 51 38 397 745 150 185 272 200 265 38 581 159 273 96 320 167 175 66 325 10 165 63 271 97 95 107 302 278 132 88 362 122 109 144 408 294 156 150 349 145 236 595 448 330 130 112 372 609 26 34 388 294 260 51 340 298 208 69 416 258 135 580 390 162 106 151 381 228 210 164 308 198 146 30 311 364 228 101 302 144 145 36 483 149 159 210 363 162 287 685 231 205 242 164 409 145 149 56 320 201
151 528 54 324 125 315 154 229 360 388 113 236 365 260 105 181 410 503 94 296 497 442 67 306 233 545 85 172 58 417 159 258 331 452 133 311 377 312 16 438 408 453 175 157 250 407 81 195 270 454 378 414 267 283 84 326 329 437 135 277 223 493 34 625 253 527 41 223 443 464 650 413 318 379 109 130 377 410 71 323 604 378 89 217 334 422 89 244 350 439 91 257 279 384 285 333 301 362 125 186 464 491 45 195 348 426 56 238 407 487 87 177 496 529 108 167 474 411 171 275 208 374 101 556 372 457 39 159 311 370 51 322 449 315 123 155 405 384 173 320 241 390 120 269 365 448 51 226 394 456 55 193 513 421 169 320 383 367 98 256 398 288 384 462 519 338 112 219 340 496 83 136 214 497 63 362 356 452 81 244 289 335 252 363 313 492 126 290 347 431 30 483 466 446 86 320 357 380 229 181 349 363 77 207 411 422 196 148 373 306 174 231 313 247 20 190 432 329 163 262 415 336 144 265 317 386 138 367 507 225 85 223 447 406 136 108 367 262 120 297 380 469 661 195 313 613 223 193 333 528 91 455 679 356 118 110 328 458 116 357 423 448 11 79 376 277 71 212 298 212 175 161 261 340 167 568 291 408 163 202 281 406 115 296 424 476 227 282 483 459 55 221 198 258 182 196 330 541 85 528 497 432 167 268 426 415 171 165 216 296 70 99 275 490 15 464 362 313 213 208 337 554 157 260 333 309 125 172 412 406 152 229 296 321 137 196 347 428 646 275 402 310 297 260 387 568 484 239 395 428 230 184 157 386 129 198 508 401 385 235 403 390 65 99 343 388 61 257 253 577 58 210 121 327 505 480 329 383 61 239 467 405 42 164 303 392 0 204 266 470 64 227 419 302 555 217 440 482 97 225 407 429 10 381 311 531 120 256 178 422 217 236 230 388 73 241 352 348 121 399 348 375 153 300 389 297 118 132 316 409 148 349 323 524 56 143 398 489 54 314 297 495 82 114 371 481 89 562 373 358 13 233 344 395 111 134 374 449 45 318 267 267 209 271 306 368 11 189 270 458 91 199 387 370 87 49 332 339 123 248 316 426 517 350 312 182 47 233 327 607 183 189 214 525 87 250 515 445 72 201
200 333 174 120 309 124 230 107 255 184 150 53 237 61 305 64 326 301 246 264 428 239 209 451 158 343 213 61 248 215 167 143 218 248 149 117 286 111 212 286 378 258 126 118 125 226 197 97 433 258 391 538 88 86 154 198 199 343 125 81 154 317 207 538 139 327 166 52 318 300 614 217 206 213 179 124 287 213 161 133 648 214 182 51 172 219 128 71 174 357 117 202 170 190 331 129 251 197 253 120 312 684 175 123 202 225 247 61 262 287 272 53 380 362 183 93 589 207 37 428 161 183 117 576 322 271 169 45 165 179 174 147 280 141 122 112 361 194 108 162 114 199 189 163 264 306 166 86 303 261 257 74 406 286 99 174 311 164 302 104 210 90 213 261 393 134 110 123 202 297 123 70 54 308 148 181 260 270 137 170 271 155 48 169 141 298 161 293 250 257 233 379 332 246 282 196 538 182 189 142 271 186 152 129 305 230 17 237 230 102 136 67 196 252 183 29 238 135 119 125 236 292 81 91 161 588 319 204 385 50 236 67 336 224 92 96 248 350 89 98 249 278 499 144 203 418 73 126 272 325 115 271 703 156 86 203 253 260 178 163 338 268 212 125 206 122 211 125 248 69 29 109 149 213 143 582 277 221 80 259 206 232 124 110 628 274 160 105 316 264 222 149 17 55 276 43 206 337 286 326 371 254 119 179 236 243 77 83 191 92 266 250 145 294 198 294 232 118 335 22 250 355 69 100 253 125 90 148 275 216 155 217 174 171 76 169 189 225 469 94 258 186 498 153 249 365 363 156 243 236 60 30 98 590 93 176 407 213 539 54 295 216 261 215 262 205 160 107 158 388 211 119 139 124 610 684 533 183 144 47 281 203 162 77 103 205 204 0 213 277 168 69 266 108 618 65 284 280 246 234 235 240 212 581 194 327 98 178 167 229 377 50 217 184 133 39 247 183 188 211 238 175 149 135 237 100 98 137 188 206 159 146 180 325 208 170 273 285 177 111 241 567 276 190 238 281 168 494 192 176 196 236 291 225 199 93 282 252 238 271 121 442 198 68 156 167 195 131 199 320 113 26 259 178 142 167 262 136 164 85 196 234 519 230 201 67 166 50 295 675 26 38 175 322 205 62 347 253 139 103
126 361 212 268 389 201 384 110 104 301 303 262 128 206 358 154 144 370 354 51 235 364 318 335 55 408 333 162 323 305 343 84 91 355 315 207 113 230 281 488 166 300 317 124 101 230 320 117 343 303 585 385 169 205 183 105 109 171 295 199 60 289 293 361 85 382 233 167 189 247 408 271 82 186 324 291 113 275 196 202 440 183 314 165 156 352 190 161 186 173 205 11 71 245 152 276 40 173 379 102 230 617 275 96 139 367 321 170 177 342 268 167 235 306 326 135 423 310 226 325 62 234 185 365 115 278 231 208 123 228 215 172 240 169 283 129 152 236 301 144 107 240 338 69 107 207 270 298 129 303 289 140 248 179 291 126 118 271 338 131 238 211 408 336 600 272 260 90 124 348 211 225 161 316 255 201 96 265 263 44 63 187 225 342 164 328 320 92 88 236 276 591 218 313 346 98 458 257 389 92 84 194 277 85 150 267 226 158 150 246 326 155 86 70 252 186 280 214 306 111 232 81 256 161 141 564 289 175 248 263 344 151 186 232 261 211 121 507 237 214 142 300 421 80 77 433 286 94 69 435 232 271 491 255 221 168 63 408 151 230 157 258 266 231 190 132 210 88 37 145 207 126 79 110 327 369 69 243 269 126 28 216 162 184 632 406 54 167 266 306 316 65 227 241 425 171 102 419 341 395 240 241 308 46 263 220 272 145 51 252 333 222 99 443 272 254 126 301 470 192 75 398 166 142 68 183 247 96 172 252 330 50 88 132 181 70 154 318 427 172 171 94 475 73 154 433 572 58 176 272 163 232 138 578 171 67 619 241 419 175 143 206 280 188 79 222 207 128 62 385 313 94 148 270 436 684 529 264 242 190 288 299 242 151 222 233 266 213 0 307 283 151 196 203 418 150 216 412 220 72 214 266 265 546 85 416 178 39 87 271 483 182 49 295 219 208 98 167 151 242 99 262 114 150 171 210 251 138 102 302 332 285 124 373 310 123 150 379 211 273 33 375 284 157 136 345 302 707 207 203 269 65 84 202 165 261 110 301 265 60 121 367 388 245 129 319 255 92 23 213 228 186 143 231 184 268 66 259 142 149 91 267 306 109 78 150 265 178 82 475 224 177 53 396 329 182 295 285 207 110
397 58 428 179 584 156 502 254 237 127 426 275 195 217 575 290 291 74 523 341 366 143 486 639 284 105 491 299 521 89 435 242 223 115 422 161 265 168 481 359 394 21 388 328 239 77 475 285 641 24 615 691 203 192 399 202 199 280 399 197 292 81 481 415 246 77 430 248 212 111 553 61 227 121 455 399 267 67 411 148 689 125 460 254 155 152 383 227 128 307 380 303 240 87 456 176 316 134 530 305 150 912 449 298 168 169 519 232 159 44 520 293 257 134 459 310 725 106 315 626 313 96 371 600 339 35 432 318 187 101 429 153 96 159 398 327 366 86 372 168 244 81 465 246 244 172 440 319 270 21 518 280 289 182 366 182 303 125 567 221 75 188 288 66 469 165 387 273 184 45 388 346 257 37 421 114 251 53 413 283 360 138 234 216 162 22 435 392 250 80 496 495 196 54 554 209 756 97 429 323 281 117 429 290 244 48 291 439 166 185 399 240 221 376 450 282 40 143 387 224 75 335 358 206 172 839 557 132 247 287 513 248 246 75 369 365 212 615 366 179 188 11 256 312 231 142 309 302 306 161 387 45 713 127 360 425 284 197 399 114 293 60 477 396 117 203 453 283 315 260 303 321 244 201 408 596 365 66 352 426 280 92 364 174 890 171 293 189 109 19 497 290 290 236 547 274 208 123 555 94 232 72 385 265 46 93 347 309 334 201 537 484 222 219 467 93 194 225 609 267 265 92 314 214 277 162 367 335 177 64 425 351 220 177 333 331 153 90 203 195 162 213 747 248 175 128 458 276 145 42 241 305 320 846 342 336 520 72 725 236 238 101 517 444 275 88 415 221 261 112 487 280 367 177 733 945 791 98 415 234 32 98 429 308 175 81 470 277 307 0 444 244 140 170 688 254 131 174 480 374 96 43 476 826 222 127 351 277 345 49 654 235 350 120 398 238 235 142 405 72 227 107 351 178 147 178 376 359 205 98 430 163 183 67 484 374 203 106 429 196 306 658 529 410 187 55 445 630 104 115 466 370 322 106 421 370 262 32 496 324 216 660 450 224 185 178 460 308 284 185 385 274 197 100 390 441 292 153 383 223 217 45 531 211 230 289 439 239 353 743 303 283 321 99 483 221 121 25 399 281
187 500 88 284 141 289 104 222 367 349 49 189 365 228 142 165 425 468 80 321 519 399 42 369 241 510 51 154 84 382 96 256 335 411 69 283 390 279 60 376 439 426 112 162 245 387 37 190 334 426 325 476 245 253 107 324 327 450 73 247 231 477 46 643 251 494 60 200 446 453 683 384 321 365 49 69 389 380 97 297 655 365 32 194 321 378 93 222 332 455 80 273 281 357 330 292 321 348 97 189 457 549 19 198 341 380 83 215 402 455 151 157 503 517 49 162 535 374 131 339 222 348 99 601 396 435 64 126 302 344 86 303 435 297 63 158 431 359 112 308 234 365 63 271 374 445 17 170 406 428 115 180 523 420 110 312 401 331 147 242 374 257 327 428 456 299 60 219 335 465 73 98 193 473 28 341 366 432 31 254 318 314 215 313 295 465 62 325 356 415 92 419 466 413 118 320 420 349 166 192 364 344 17 211 420 396 156 196 368 269 111 211 315 280 54 163 404 301 101 254 396 360 94 244 305 438 202 354 512 177 70 205 455 386 83 83 370 225 79 266 380 444 652 205 316 586 169 197 353 485 59 434 726 323 85 154 343 409 149 330 438 429 75 55 360 264 124 213 318 195 141 163 260 339 103 612 322 385 109 246 293 389 122 272 467 430 237 261 471 431 55 229 157 218 142 173 330 502 125 493 500 414 105 275 401 400 117 156 237 256 102 159 270 440 49 450 361 266 188 177 348 522 141 244 347 286 79 187 410 381 88 256 295 312 119 214 336 392 630 253 397 308 351 261 384 532 420 245 387 402 208 142 154 434 120 218 444 377 449 210 410 373 128 149 357 367 85 244 257 554 43 210 136 287 565 523 377 351 41 210 445 370 47 153 271 369 64 168 283 444 0 208 412 274 609 199 432 436 156 257 392 405 74 435 312 491 111 266 198 395 215 209 256 350 65 207 359 334 157 375 353 343 170 284 381 266 70 146 314 373 85 309 316 493 41 169 400 450 91 272 316 550 145 152 369 448 26 500 352 337 51 264 366 380 153 82 385 419 108 341 256 330 146 231 296 323 63 196 282 457 63 171 387 344 101 19 349 303 149 230 317 400 558 352 315 168 22 207 354 663 143 164 231 489 46 223 502 419 77 197
173 302 184 130 345 91 287 42 186 181 204 113 170 59 332 46 258 283 289 203 360 243 250 428 98 326 258 55 279 201 230 75 150 244 207 89 218 100 238 337 313 228 191 91 57 181 242 51 418 229 459 504 42 69 156 130 132 275 183 62 96 269 240 470 72 305 186 17 252 245 546 188 137 157 231 181 218 187 167 98 591 158 230 17 113 227 139 19 124 289 137 141 102 159 284 139 187 141 301 77 252 681 210 75 138 238 278 20 199 264 278 51 314 309 235 68 551 199 96 409 109 149 127 516 256 230 188 87 100 144 185 96 227 89 176 88 295 158 174 101 47 163 243 95 196 244 202 153 235 231 274 37 338 221 164 109 243 154 323 38 171 75 259 244 449 139 159 64 136 272 145 115 16 270 183 135 191 225 178 108 213 108 74 198 87 266 217 238 182 207 252 440 268 225 312 128 529 158 257 100 203 137 195 76 237 196 85 214 166 107 201 5 128 200 207 51 206 106 183 57 189 227 138 38 99 598 319 147 319 115 278 3 269 179 147 125 180 410 134 83 183 242 445 97 134 386 140 80 206 325 149 228 642 140 124 189 186 277 163 133 270 222 233 156 152 58 211 69 184 16 78 83 81 146 207 520 218 181 143 222 141 181 120 70 647 283 102 56 263 234 258 91 85 90 332 36 138 326 312 309 305 206 184 113 199 192 142 65 140 107 295 246 76 312 225 242 166 153 389 47 182 330 70 36 186 82 140 111 211 180 217 166 106 108 91 122 129 213 422 50 195 117 506 86 184 350 421 94 182 202 12 95 78 603 98 130 469 174 516 24 227 165 274 207 194 161 171 40 92 350 249 64 127 132 569 702 548 163 174 39 241 191 187 63 90 165 227 69 151 244 208 0 206 81 565 10 225 290 242 186 184 203 232 587 126 319 107 114 127 196 422 31 165 178 156 57 178 127 171 173 170 156 120 76 176 80 147 120 120 194 220 152 114 301 246 144 206 277 185 130 177 518 286 175 172 260 215 559 146 131 223 186 225 172 186 148 213 224 252 207 54 432 264 95 92 183 216 86 134 257 146 46 193 144 147 201 196 132 147 22 128 199 456 162 133 45 200 27 233 622 88 46 123 308 251 36 294 219 155 52
310 182 369 225 543 156 493 191 104 210 410 290 68 215 522 247 151 214 492 217 231 256 453 528 195 243 463 258 476 189 434 162 105 235 412 167 127 192 433 450 255 144 392 263 169 81 447 225 538 149 650 566 178 193 338 97 93 142 389 194 205 95 438 301 167 215 380 219 77 51 422 141 114 58 437 387 129 149 351 149 549 55 436 222 95 256 331 196 99 168 335 196 145 134 334 228 193 71 507 235 46 813 411 226 71 274 474 206 21 184 448 256 134 113 441 253 596 203 300 520 224 129 320 461 202 105 380 294 110 126 371 122 49 127 383 265 226 120 374 105 179 119 450 155 109 45 403 338 131 148 457 232 166 42 365 100 164 188 508 170 106 194 370 195 566 217 365 200 81 185 343 321 223 134 385 101 118 87 383 188 237 120 240 292 126 156 423 268 120 61 439 578 73 174 505 104 654 155 451 245 148 92 400 214 104 124 283 348 47 215 403 205 114 263 401 256 134 155 386 158 75 203 344 175 107 756 476 64 131 299 481 209 110 86 353 328 80 615 340 189 55 130 242 231 120 242 325 229 175 298 353 95 574 177 329 346 156 311 323 144 153 80 423 358 68 149 382 209 193 217 283 258 160 87 409 456 241 102 346 322 168 61 305 161 819 294 203 162 71 148 459 204 283 251 539 242 96 263 503 234 115 69 386 164 113 52 344 257 236 231 490 405 145 341 421 61 69 276 595 248 136 222 271 170 148 147 346 256 37 118 421 245 125 100 292 242 78 198 234 173 25 113 666 161 43 266 547 187 24 125 210 296 263 768 294 245 606 107 611 213 98 68 452 366 144 95 359 168 171 192 451 209 301 224 601 872 717 162 375 220 111 190 384 259 191 105 419 266 196 140 412 206 0 173 549 215 22 298 402 267 55 113 422 740 116 267 303 178 259 129 626 216 244 202 353 234 105 84 327 111 100 167 275 132 31 185 354 291 105 192 425 224 96 204 448 295 64 240 369 240 185 522 460 333 59 192 421 710 94 108 418 261 188 55 343 354 125 152 433 196 156 563 463 244 116 255 408 233 177 60 349 250 60 130 333 403 163 200 309 185 110 119 392 87 119 244 401 217 222 604 290 252 227 239 456 205 100 128 349 218
252 226 262 67 414 17 337 107 197 102 258 119 165 48 406 125 271 203 354 252 371 166 316 506 158 245 321 132 351 120 272 119 162 164 256 9 232 28 312 298 348 152 227 172 105 119 305 130 498 152 478 576 41 23 236 135 135 279 233 27 161 210 311 465 119 225 262 80 237 197 564 111 155 115 287 232 233 108 246 26 638 117 291 87 85 152 216 63 74 299 212 195 136 83 350 74 231 102 361 155 216 762 279 151 122 165 350 65 174 185 358 126 300 258 291 149 620 119 146 488 179 74 205 558 288 163 264 148 98 71 264 53 177 50 230 170 325 85 210 83 103 91 297 135 207 216 271 167 246 154 351 118 329 201 202 103 265 73 399 75 102 22 216 163 413 69 218 132 130 194 219 176 90 200 252 76 206 162 243 164 266 53 70 143 53 191 268 295 199 151 329 417 244 144 385 137 609 78 280 177 228 83 259 147 238 122 123 293 148 48 238 76 144 264 282 113 131 27 224 93 129 267 189 48 83 678 400 109 300 129 343 84 263 117 200 196 181 455 196 17 172 170 395 171 155 312 155 155 240 245 218 163 682 59 190 271 217 206 244 56 280 161 309 227 106 71 292 140 229 98 133 164 125 148 246 560 272 113 186 296 183 128 201 20 725 207 165 37 212 158 327 157 122 79 383 106 145 245 387 229 285 148 223 158 128 140 182 146 208 61 368 327 105 241 298 189 161 111 443 97 205 252 147 64 214 28 198 189 191 107 261 231 126 98 165 195 102 132 361 35 171 131 587 130 168 269 390 151 152 128 74 138 159 683 176 202 445 104 594 67 228 113 353 288 219 98 249 77 142 280 317 136 208 68 636 780 627 82 245 64 172 110 261 143 21 97 302 108 203 170 274 81 173 0 620 90 187 214 323 253 132 131 308 668 143 237 184 165 203 121 485 66 231 98 230 70 189 91 252 102 180 75 200 59 147 13 206 201 128 113 266 82 109 222 314 224 198 196 264 76 220 578 365 256 162 180 276 544 87 70 297 252 260 124 267 202 227 147 330 248 82 513 296 71 88 116 292 162 182 231 215 104 184 70 226 271 227 56 228 65 142 126 494 166 153 124 270 70 277 677 134 114 191 227 313 52 242 145 232 129
434 731 522 686 633 616 709 524 452 714 651 670 495 622 585 554 400 760 642 368 359 775 623 308 468 792 641 558 593 712 699 502 474 763 669 623 423 648 568 902 294 688 692 504 518 617 635 521 362 693 933 210 586 622 511 500 502 418 657 617 469 637 589 430 502 764 550 580 488 591 299 671 475 573 658 652 421 676 517 616 71 569 640 576 559 766 537 578 589 392 557 427 485 649 288 694 390 567 677 498 555 522 592 496 530 781 591 585 529 730 488 565 473 622 659 527 168 720 619 337 458 639 539 123 349 653 546 598 531 633 524 583 597 581 643 510 323 638 679 551 523 640 672 485 444 528 593 697 418 692 534 545 453 510 670 530 385 684 555 549 634 628 824 734 1010 689 620 502 514 732 559 602 572 682 589 603 439 636 606 460 355 597 640 760 576 705 667 327 441 608 542 994 514 711 592 495 410 665 762 477 409 594 614 491 447 661 627 414 524 664 697 569 484 366 557 589 673 628 678 528 615 359 632 578 549 575 456 565 491 668 637 564 456 620 633 575 477 811 605 632 500 678 670 474 473 779 686 492 388 837 586 644 160 668 590 457 412 823 469 640 401 629 548 577 581 549 486 496 392 556 603 511 496 495 694 142 349 635 652 370 437 598 518 600 672 817 463 584 604 693 607 474 628 655 735 576 492 810 579 782 498 616 682 462 653 595 657 537 427 669 589 457 515 857 570 606 496 717 753 600 428 771 555 560 417 598 617 471 512 648 688 401 497 536 561 449 551 724 719 589 526 496 528 491 513 815 980 473 543 664 577 628 524 607 544 442 1022 636 305 589 451 594 516 460 416 618 528 546 480 726 613 503 499 687 136 700 591 673 577 604 660 707 563 544 639 630 555 618 418 688 609 565 549 620 0 562 562 823 459 384 593 654 548 545 485 811 546 456 453 665 726 596 401 707 560 622 455 566 459 639 464 672 475 564 542 628 617 494 502 710 687 702 526 753 611 461 486 779 518 690 401 64 504 462 503 737 635 1098 606 607 567 382 370 585 459 632 425 693 521 375 538 396 750 660 539 737 551 486 439 520 582 592 491 637 522 590 402 676 476 566 488 658 180 481 475 551 587 592 345 57 621 580 444 786 643 599 619 672 544 517
165 312 174 137 335 100 279 42 191 189 196 112 176 65 322 36 262 293 279 202 363 251 240 420 96 335 249 46 269 210 223 77 154 253 199 98 222 109 229 340 314 238 186 82 60 190 233 44 410 239 454 497 51 77 146 136 138 279 176 70 93 278 230 474 74 315 176 18 258 254 548 198 142 166 223 174 222 197 157 107 589 167 221 15 122 235 129 28 134 293 127 139 105 169 280 146 187 150 293 70 260 672 200 69 146 245 268 27 207 273 268 42 320 318 226 59 545 208 90 400 105 159 117 515 258 240 178 80 107 154 175 105 236 99 169 79 296 168 168 110 49 173 235 98 200 251 192 151 239 241 264 28 344 228 158 117 245 163 313 45 181 83 262 253 450 146 151 61 143 282 135 107 11 280 173 145 195 235 169 107 211 118 78 204 97 276 209 235 186 216 242 441 275 234 302 133 520 168 252 94 206 146 186 71 242 206 81 205 174 114 196 14 133 196 197 44 216 115 177 62 199 228 131 48 107 588 309 156 326 113 269 6 274 189 140 116 186 402 126 91 190 252 454 91 139 396 138 74 207 334 140 238 642 149 115 180 188 284 154 143 273 232 223 146 161 66 202 66 184 8 71 74 84 152 200 520 216 191 137 215 141 191 111 80 637 291 99 65 272 244 249 89 81 93 324 28 144 335 302 319 312 216 178 114 209 201 136 55 136 113 285 236 81 319 215 251 172 157 380 43 185 340 60 45 188 92 132 104 218 190 210 162 111 115 81 117 138 222 432 59 202 123 497 88 192 359 422 93 190 212 17 90 69 593 88 124 469 184 509 29 232 175 264 198 197 171 161 47 93 360 240 60 117 139 564 692 538 172 165 43 250 200 177 54 98 175 217 65 150 254 199 10 215 90 562 0 234 298 233 181 193 212 222 577 131 328 97 114 120 206 413 35 161 187 146 60 183 136 163 182 175 166 112 85 184 89 139 111 126 203 213 160 122 311 237 136 213 286 176 136 177 514 276 166 179 270 207 558 156 141 213 182 226 181 177 141 217 234 242 207 60 423 259 99 99 190 206 80 134 264 137 41 199 154 137 192 197 140 138 32 133 209 456 168 137 35 190 31 232 619 83 38 119 317 242 43 303 229 145 47
331 169 390 235 564 170 512 212 122 215 429 305 89 231 544 267 162 206 512 237 235 256 473 549 216 233 483 278 496 190 451 184 126 234 431 180 143 204 454 456 268 139 409 284 190 84 467 246 559 144 665 585 196 208 359 118 115 149 407 209 227 77 459 296 188 204 401 237 80 31 424 142 136 72 456 405 145 150 372 162 560 70 455 241 113 258 351 215 113 176 356 217 167 139 354 237 212 87 527 256 29 834 431 247 92 276 495 224 40 176 469 275 131 91 460 274 613 205 318 541 246 136 341 470 217 96 401 313 130 134 392 138 36 143 401 286 239 126 391 124 200 124 469 176 127 41 424 353 145 142 479 252 163 52 383 121 178 195 529 189 110 208 377 190 571 226 384 222 102 176 364 340 242 120 405 112 136 78 403 209 256 134 255 299 143 145 442 287 139 56 460 586 68 171 526 125 675 161 466 266 165 104 419 235 115 123 300 369 69 227 420 224 135 283 422 275 132 167 403 179 75 220 362 193 127 778 498 80 125 314 501 228 115 89 372 348 99 633 359 203 75 121 221 253 141 224 341 250 193 292 372 86 581 185 348 368 174 312 344 152 163 71 444 378 81 168 404 230 212 237 301 279 182 108 426 465 261 104 363 343 189 65 326 176 841 292 225 179 50 142 479 226 300 265 557 261 118 254 525 225 109 65 403 186 111 55 361 278 257 243 511 427 166 340 442 44 90 286 614 266 155 209 291 189 167 162 365 278 51 120 439 266 147 120 312 263 96 198 212 190 45 135 687 183 63 254 554 209 45 123 228 314 283 790 315 266 613 110 630 230 111 77 474 388 162 101 380 188 193 173 471 231 323 234 617 894 738 168 395 237 101 192 404 280 204 110 440 284 216 131 432 225 22 187 562 234 0 297 424 288 60 111 443 761 137 259 323 200 281 129 646 234 265 206 374 250 124 101 348 114 120 173 297 150 52 199 373 312 127 194 443 232 117 192 468 316 79 235 391 251 204 537 482 354 80 186 441 718 104 119 439 282 205 64 364 373 141 147 455 214 176 584 480 258 136 261 429 255 198 56 369 268 78 138 354 423 181 209 330 204 131 118 401 108 141 264 421 235 240 616 308 271 248 230 476 222 78 124 369 239
462 181 454 163 573 213 458 321 376 112 401 247 335 235 578 326 442 114 505 458 529 48 473 718 371 130 471 330 519 113 390 330 350 63 389 208 409 190 488 207 537 160 344 380 318 218 457 341 707 155 508 790 254 221 433 323 321 439 371 228 375 255 480 588 331 139 446 283 375 282 720 159 348 256 428 373 411 152 441 211 834 261 439 289 264 63 408 272 234 464 397 405 342 175 562 153 435 259 500 366 320 964 448 363 295 56 518 270 313 136 553 322 427 306 432 355 833 103 310 698 392 185 397 749 478 205 449 324 293 190 455 241 264 244 376 376 511 188 334 272 317 186 432 344 385 338 439 271 419 157 536 325 459 341 332 293 447 142 579 289 195 215 159 109 306 151 376 345 310 142 403 346 293 205 422 221 389 221 407 375 474 227 234 125 248 173 403 504 384 240 511 342 364 126 554 328 815 158 357 389 416 230 419 361 398 174 286 503 307 184 353 285 339 476 462 301 164 199 349 304 224 464 342 261 274 868 599 262 418 259 496 293 409 214 352 376 353 548 362 208 333 184 414 384 350 240 269 368 436 56 391 214 867 157 364 476 412 37 450 183 447 227 491 403 247 281 490 354 433 305 309 371 335 330 363 747 480 197 327 509 389 239 400 231 902 6 378 250 282 158 490 370 285 225 498 303 332 103 559 119 403 232 345 366 186 246 320 349 421 190 538 528 313 45 474 265 332 170 560 283 396 166 343 278 406 229 359 401 334 182 384 444 327 287 356 408 273 102 346 248 314 327 778 340 323 138 301 364 294 174 280 298 364 868 371 415 364 194 806 269 390 237 541 492 409 210 440 291 353 247 477 349 411 160 847 958 811 150 421 258 205 116 440 344 200 198 482 280 412 174 436 290 298 214 823 298 297 0 524 467 245 186 490 861 338 87 377 375 416 169 620 264 443 117 412 249 371 258 459 191 362 151 410 262 293 211 367 407 321 113 389 138 297 150 476 434 354 72 457 169 424 785 556 462 328 121 427 476 220 216 473 465 454 248 472 354 406 150 518 448 294 719 384 213 285 114 473 375 390 352 391 293 344 186 421 440 422 158 434 278 335 179 681 345 348 327 440 269 478 880 299 306 404 109 462 255 294 174 420 341
94 538 79 362 190 332 250 227 323 420 203 291 339 290 149 200 358 525 184 235 435 480 164 217 207 567 182 194 137 443 251 243 302 484 223 331 333 340 109 512 336 466 258 152 243 409 178 195 189 468 475 320 283 308 92 305 309 388 219 301 197 487 130 565 239 546 102 245 409 451 572 428 290 373 204 214 331 427 87 338 510 371 185 238 330 462 119 260 353 384 135 214 257 399 197 371 247 356 218 176 442 440 137 183 334 470 135 259 386 504 49 202 454 514 204 174 379 440 224 188 178 388 129 465 310 460 98 205 301 382 80 327 439 321 205 154 338 395 252 316 237 401 216 247 326 423 140 294 347 469 82 205 466 394 245 309 329 395 123 260 406 314 450 485 602 374 187 208 322 512 132 192 234 501 143 367 316 451 163 215 223 343 291 415 318 503 218 216 308 427 84 571 436 466 145 298 292 400 320 159 302 365 165 192 370 433 245 68 355 341 260 246 289 180 102 223 444 347 245 257 415 275 212 278 312 359 77 361 468 282 178 239 406 409 208 159 336 354 184 323 355 477 638 172 284 619 287 179 280 564 155 456 586 382 174 56 281 506 81 374 371 446 89 143 372 278 37 199 245 225 219 160 244 316 254 479 225 414 233 121 242 403 124 311 417 518 199 294 471 472 148 198 246 301 276 222 306 568 136 551 460 429 249 238 434 410 240 178 171 334 137 4 264 540 112 454 336 364 300 241 295 569 182 267 288 321 193 147 386 417 243 174 277 312 170 160 339 455 635 291 380 289 267 242 364 591 568 215 379 439 249 237 164 368 154 159 596 409 300 258 363 388 67 36 298 393 92 259 231 578 154 200 115 365 409 470 315 404 134 267 471 432 115 181 330 399 97 246 220 480 156 242 402 323 459 233 424 524 0 161 403 437 89 346 287 560 148 225 143 434 289 262 174 418 127 275 317 345 76 408 315 398 130 303 373 321 189 122 297 436 240 387 311 541 152 108 367 519 76 356 247 398 66 70 347 502 182 656 377 365 109 169 287 390 60 206 330 464 64 261 265 196 303 313 300 411 94 173 232 430 153 232 358 384 105 138 282 371 97 260 293 435 431 321 285 199 135 257 262 511 233 218 176 550 184 274 501 455 113 199
74 430 174 313 343 254 361 148 173 355 287 286 199 244 307 169 199 434 318 75 276 419 285 265 96 474 302 174 280 365 333 138 162 413 302 258 176 279 241 519 183 366 316 120 149 298 291 138 271 369 575 324 214 250 150 175 179 228 286 243 92 360 256 405 136 448 200 199 257 319 427 335 153 255 303 282 175 337 161 257 417 252 289 194 221 405 168 201 250 224 187 72 135 307 99 322 88 241 347 114 301 546 244 113 209 418 278 206 248 408 210 181 297 377 305 142 367 368 236 254 76 296 166 352 151 347 197 215 188 290 177 232 311 228 273 126 180 299 301 208 150 304 318 129 174 278 241 313 189 370 237 161 306 249 292 192 168 325 283 178 304 256 443 399 626 320 249 123 194 414 191 223 190 386 231 265 164 334 243 93 64 248 258 384 223 396 304 68 157 307 229 610 286 377 298 168 387 316 387 92 144 260 255 110 215 333 243 94 222 291 322 190 156 23 216 204 346 269 303 163 301 115 254 207 205 495 223 243 312 283 309 184 249 299 257 200 192 481 230 261 214 368 491 90 148 503 302 108 121 494 216 340 479 310 214 116 125 459 109 289 211 328 222 211 258 186 160 116 86 174 219 127 134 182 322 361 67 310 272 55 99 286 143 235 565 460 88 217 338 372 279 97 244 274 398 192 173 482 291 460 305 311 306 110 330 290 276 152 46 293 287 162 157 494 235 326 198 338 437 216 142 466 171 189 133 238 241 87 243 317 320 24 155 197 180 65 222 377 498 219 243 162 406 129 225 498 596 103 247 338 197 244 140 510 164 58 638 306 350 209 209 274 225 133 142 288 173 176 116 456 279 122 125 316 384 615 462 323 217 224 357 357 211 159 269 298 225 234 72 374 257 186 267 253 384 181 288 467 161 0 284 333 222 476 155 479 168 97 69 336 440 216 24 350 195 241 168 233 104 307 170 320 95 208 242 258 243 117 171 360 320 333 191 440 275 88 220 440 172 315 91 334 226 111 208 410 280 718 272 266 232 8 126 272 115 256 174 367 214 101 173 296 381 280 192 366 216 103 92 282 212 208 214 293 157 239 125 310 108 191 161 333 303 180 149 167 236 211 103 441 237 195 63 461 300 221 366 352 181 134
314 147 360 176 528 115 465 180 141 156 384 251 99 179 512 228 200 167 472 246 284 202 433 548 199 201 441 238 461 134 402 159 128 181 384 125 171 146 420 397 300 95 358 255 160 27 426 214 553 100 609 596 148 154 329 109 105 194 360 157 208 86 423 354 163 173 367 193 131 65 477 86 133 30 412 359 173 94 342 107 597 32 413 198 74 201 318 170 61 220 319 212 151 80 362 178 221 46 484 228 88 827 393 221 75 219 460 178 69 137 446 235 188 127 416 241 629 148 271 537 228 76 306 509 244 64 368 268 102 75 361 89 45 95 356 255 273 66 341 88 168 65 423 159 149 98 385 298 178 99 450 215 220 96 333 95 209 135 500 151 52 154 318 143 512 167 340 195 90 140 327 297 199 102 366 56 155 51 361 195 265 81 202 239 96 116 395 297 154 25 430 527 126 121 493 116 669 102 412 243 185 49 378 210 154 71 251 355 70 170 369 181 128 283 388 231 82 110 354 147 22 239 315 148 91 761 479 42 183 261 461 187 165 31 326 309 116 585 316 147 93 88 264 231 137 220 287 224 210 247 333 57 625 125 307 347 188 257 322 93 204 45 412 339 32 130 379 204 220 197 256 249 160 106 377 506 270 47 315 337 186 6 295 125 818 240 208 132 81 100 441 206 251 210 511 219 113 217 492 189 167 27 353 175 61 8 311 242 246 186 477 406 139 286 407 59 98 227 569 219 169 185 252 148 181 110 321 256 89 63 391 260 130 91 274 247 64 143 239 141 70 121 670 162 81 224 495 190 51 72 184 265 251 770 279 251 554 52 633 184 147 19 447 366 180 42 348 150 175 176 433 203 294 175 637 872 717 109 357 188 74 135 369 243 148 51 407 235 214 96 392 184 55 132 593 193 60 245 403 284 0 62 411 746 129 218 288 188 262 76 606 186 259 148 338 199 139 59 327 56 131 114 273 108 52 144 329 285 113 137 395 172 94 163 430 295 111 189 361 192 211 563 457 332 91 144 398 659 46 62 405 279 226 13 343 327 168 101 426 228 141 575 428 202 103 202 396 230 192 113 329 223 103 78 323 385 197 150 306 161 123 66 441 115 136 226 383 188 257 648 260 228 234 193 434 173 111 79 335 208
354 101 386 152 545 116 467 211 202 111 389 242 160 179 534 249 261 106 485 302 344 146 447 597 242 143 452 258 480 80 401 200 185 123 386 123 232 134 440 353 362 34 355 286 196 37 436 243 598 39 591 650 162 154 357 162 159 255 363 158 250 89 440 405 203 116 389 207 189 100 535 35 188 82 418 363 234 43 369 108 659 87 422 213 112 149 341 186 85 281 339 262 198 51 416 150 277 93 492 262 135 869 409 255 129 167 479 192 130 77 477 252 241 143 422 267 686 96 277 584 270 57 329 571 305 34 391 279 145 61 387 110 80 116 361 285 334 46 338 126 201 40 428 204 210 152 401 288 240 38 476 238 274 156 331 141 270 100 525 178 32 151 277 81 466 138 349 230 145 82 347 307 215 69 382 71 216 42 374 241 320 95 198 201 120 65 399 352 214 55 454 486 179 61 513 169 713 67 400 280 246 74 390 247 216 14 254 396 131 153 365 199 181 335 409 242 21 104 352 181 40 298 321 164 129 796 515 92 234 254 474 206 223 35 331 325 177 582 327 142 155 40 275 269 191 184 277 259 269 185 348 38 686 97 320 382 246 201 356 77 265 45 436 356 77 160 410 240 276 218 265 278 201 163 374 568 326 23 316 384 239 56 321 134 848 181 251 147 106 40 457 247 253 202 513 234 168 157 514 130 218 46 351 223 4 61 311 267 292 170 497 441 179 229 427 84 158 201 573 228 228 134 272 171 240 120 329 293 150 24 390 309 178 135 292 288 112 87 232 154 132 172 704 205 143 167 452 233 112 12 200 268 277 803 301 293 512 29 683 196 209 61 475 401 239 45 373 178 219 149 447 237 325 149 695 903 749 70 375 195 42 85 389 266 139 38 429 240 266 43 405 203 113 131 654 212 111 186 437 333 62 0 435 783 181 157 309 235 302 19 616 196 308 103 357 201 199 100 362 30 191 79 308 135 113 140 338 316 164 86 395 139 142 108 445 331 172 127 387 168 267 623 486 367 152 83 407 620 62 72 425 328 286 69 378 333 229 39 454 286 173 618 419 191 142 162 419 266 243 167 345 234 165 61 349 401 256 124 340 181 176 8 502 175 190 247 399 199 315 710 265 242 278 133 445 182 128 19 358 239
148 534 54 332 124 321 162 233 361 395 123 245 367 267 100 186 409 510 99 293 495 450 75 296 235 552 93 177 58 424 169 260 333 459 143 317 377 319 21 448 405 459 185 160 254 412 89 198 260 460 386 405 273 289 85 328 332 436 145 283 224 498 41 624 256 533 46 229 444 468 646 419 319 383 118 140 377 416 72 329 597 382 98 223 338 430 94 249 355 438 97 256 281 390 279 340 299 366 131 188 466 481 55 197 351 435 57 244 410 493 77 183 497 533 117 171 465 418 180 265 209 380 105 550 370 462 44 167 314 376 52 327 453 320 133 158 402 390 183 324 244 395 130 271 366 451 61 235 394 462 46 197 513 423 179 323 382 374 91 261 403 294 394 469 529 346 121 222 342 502 90 144 220 502 72 367 357 456 91 245 286 340 259 372 318 498 136 286 347 436 21 493 468 452 83 322 347 386 239 182 349 367 87 210 412 428 205 142 376 313 184 236 315 244 28 197 438 335 173 266 420 334 153 271 321 378 128 371 508 234 91 229 448 411 145 115 369 268 129 303 383 474 664 196 314 618 232 195 332 536 99 459 672 363 126 106 328 467 115 363 422 452 1 87 380 281 66 214 296 217 182 164 263 342 177 562 289 413 173 197 281 410 118 302 417 484 228 288 487 465 61 223 206 266 189 202 332 548 81 535 498 436 177 269 431 419 180 169 215 303 68 91 278 499 25 468 364 322 217 214 337 560 163 265 332 314 135 173 414 412 162 227 299 324 143 196 351 435 650 281 404 312 288 263 389 575 494 241 398 434 236 193 161 378 134 198 518 406 375 241 403 395 55 94 343 393 64 261 255 582 66 213 122 335 495 473 321 389 70 246 472 412 50 169 310 397 10 212 265 476 74 232 422 308 548 222 443 490 89 222 411 435 0 372 313 538 126 257 178 428 219 243 228 395 79 248 353 353 118 405 350 382 153 305 392 303 128 133 319 416 158 357 326 530 63 142 399 496 54 322 297 487 72 112 373 488 98 572 378 363 23 230 343 399 107 143 374 455 34 317 271 257 219 279 310 376 17 191 270 460 99 206 388 376 89 59 331 347 123 254 318 431 512 351 314 188 57 239 324 599 191 195 214 532 96 256 518 451 77 205
432 884 408 700 326 677 467 572 649 762 480 617 673 632 299 543 664 870 389 542 712 819 408 261 548 912 417 536 355 787 513 587 636 826 498 676 649 683 377 808 601 812 545 498 588 754 426 541 221 814 643 334 628 651 432 644 648 694 507 645 538 829 389 837 583 891 416 588 732 790 784 774 625 716 461 504 647 773 422 684 615 714 443 582 675 800 454 605 698 683 464 544 597 744 445 709 561 700 413 521 777 129 419 528 675 805 355 603 722 850 310 544 767 851 458 519 382 783 551 247 518 734 466 622 603 805 412 536 644 728 407 673 781 667 498 500 616 741 547 660 582 747 465 588 650 754 428 605 660 815 326 550 769 725 545 651 633 738 288 606 751 657 762 830 873 714 491 553 661 858 458 515 578 846 443 712 639 796 460 553 524 688 628 743 664 848 486 501 633 770 351 825 762 811 323 637 134 745 580 504 618 710 451 537 689 779 575 392 693 681 541 591 626 486 400 562 790 692 535 603 760 575 524 624 657 31 269 704 783 606 394 583 721 754 515 485 667 488 500 666 688 822 966 515 620 965 603 524 591 905 471 800 704 726 497 401 600 838 427 720 675 790 371 459 716 623 376 544 560 570 552 506 587 653 531 642 522 760 543 422 572 747 467 657 128 855 539 640 810 818 386 540 577 636 456 564 643 912 313 896 778 773 539 575 780 753 550 522 504 672 336 342 608 870 391 795 671 694 425 580 617 915 523 613 608 667 506 491 719 763 512 497 618 655 507 500 682 799 973 636 716 628 84 584 699 936 837 556 718 785 593 564 509 66 493 496 845 754 239 601 684 733 319 382 616 739 422 605 572 922 400 546 460 704 421 158 85 749 442 609 816 776 422 525 673 745 381 581 546 826 435 587 740 668 545 577 761 861 346 476 746 783 372 0 624 904 486 562 484 780 357 605 497 761 449 614 644 689 421 754 646 743 475 648 712 665 499 468 637 779 507 726 653 886 400 452 696 862 405 692 566 486 305 416 682 847 452 869 722 711 391 483 590 734 405 513 647 810 343 569 611 188 551 648 644 747 388 518 563 758 471 571 689 729 443 426 598 712 443 606 630 781 626 654 620 543 426 600 556 570 562 558 514 894 425 617 839 801 442 545
194 276 259 210 436 135 403 94 61 229 320 234 54 164 412 153 134 286 390 122 235 290 352 420 80 324 364 164 369 228 351 57 24 279 326 143 93 170 326 440 205 215 316 154 72 145 349 123 426 219 584 469 120 153 228 20 24 149 303 149 91 206 333 344 62 297 273 142 133 166 425 190 12 101 345 301 94 194 241 133 499 97 339 143 75 282 225 126 105 164 233 83 32 166 235 217 97 89 409 126 156 700 309 117 54 297 367 136 99 258 333 165 192 228 348 151 505 235 220 409 109 155 215 416 145 193 273 208 46 149 261 99 157 97 295 157 182 155 298 66 83 159 358 42 70 138 302 278 110 219 345 137 215 110 288 45 123 200 395 91 155 157 359 254 555 210 274 94 38 263 240 232 141 231 285 120 66 179 286 72 140 112 188 286 93 243 334 172 58 151 328 555 155 232 396 13 542 180 383 132 85 112 302 104 112 184 210 232 68 191 326 127 2 155 294 174 197 145 307 69 147 127 259 114 64 641 361 89 200 239 379 127 145 147 267 231 58 528 249 158 69 215 353 118 12 348 265 119 99 356 255 186 540 184 235 231 75 339 209 155 145 173 314 258 105 78 269 100 96 129 201 151 52 30 330 417 145 159 267 209 58 131 197 123 704 332 88 111 185 221 355 91 211 202 448 158 20 336 393 311 188 156 308 49 179 134 267 157 121 201 381 290 50 373 314 172 51 252 500 173 62 313 174 98 71 117 257 143 101 169 338 132 20 51 195 127 70 240 349 120 94 12 550 51 77 348 531 73 94 188 134 220 158 652 193 129 583 158 504 143 102 121 339 252 76 139 250 88 58 301 349 103 191 211 515 757 601 188 273 156 202 223 279 161 164 150 311 194 85 222 312 126 116 143 485 131 137 338 287 155 129 181 313 624 0 334 201 63 144 187 524 149 131 223 250 174 52 84 212 159 44 188 162 84 88 153 263 180 18 226 341 222 41 288 346 180 87 299 259 219 87 448 346 218 60 262 326 679 124 123 312 150 118 117 228 268 89 218 321 110 74 449 389 202 56 257 300 122 64 147 251 171 76 153 225 301 85 195 196 112 6 183 352 39 10 150 298 147 140 542 213 168 111 313 358 143 215 201 243 115
488 110 496 207 631 230 526 341 359 143 462 304 317 272 631 361 417 53 565 456 493 97 530 739 384 45 531 367 573 117 457 341 341 80 453 230 389 221 539 293 519 124 410 409 332 195 516 367 734 119 592 801 278 252 472 317 313 408 432 259 390 200 533 536 343 64 492 316 339 237 679 145 342 239 490 434 391 142 481 225 815 243 499 322 261 118 450 300 231 434 442 411 346 171 568 199 431 247 564 391 276 999 501 386 284 124 572 301 285 83 594 360 383 245 494 386 839 120 361 723 409 183 438 727 462 163 495 371 293 189 497 247 224 251 435 407 491 180 398 272 334 176 496 350 367 299 492 336 396 120 583 356 414 309 394 291 427 166 628 307 179 246 244 80 389 192 431 364 300 84 449 396 326 147 474 216 373 180 461 385 474 231 279 196 256 116 466 506 371 206 559 427 322 103 608 323 847 164 432 412 403 222 474 381 370 151 336 529 288 225 419 314 334 484 510 342 139 215 413 318 197 455 398 284 275 913 637 248 371 316 555 322 374 191 409 423 335 624 414 238 312 138 338 404 345 155 331 391 426 42 441 173 840 178 413 508 403 123 481 191 420 188 539 452 232 294 528 374 430 335 356 401 344 319 430 723 480 177 386 526 390 214 437 251 954 88 392 269 232 119 546 386 335 274 568 340 323 16 612 40 357 198 410 371 159 217 379 382 435 236 592 564 322 125 524 220 315 232 631 324 385 84 381 297 396 244 412 425 304 165 450 455 328 285 397 427 265 105 265 271 287 324 822 349 300 51 386 376 269 148 311 349 396 916 410 433 449 177 827 302 364 217 586 525 396 196 483 308 362 169 534 370 445 204 850 1010 859 158 471 294 158 128 488 379 231 185 531 327 416 127 491 319 267 237 811 328 259 87 560 479 218 157 538 904 334 0 417 382 437 147 686 299 454 143 459 290 356 251 490 175 348 163 437 271 270 239 421 439 317 124 455 182 293 77 532 461 328 42 499 219 421 779 600 493 309 75 486 561 210 213 523 476 443 226 504 411 386 118 563 442 308 750 458 261 287 172 521 397 393 312 440 333 321 186 461 493 412 192 465 302 330 154 658 331 344 361 492 304 471 867 349 345 420 31 522 287 236 140 463 366
114 408 79 215 240 196 207 112 256 275 126 144 254 145 225 61 316 386 190 221 412 334 151 356 131 428 163 52 174 302 167 145 223 340 137 192 279 197 132 374 340 334 148 54 134 287 148 79 336 335 410 447 147 166 56 213 216 340 119 159 122 374 136 534 140 409 80 104 334 346 584 293 210 260 147 115 279 292 64 203 583 259 139 97 215 315 33 124 230 347 32 167 169 265 258 224 217 243 208 79 348 587 108 87 232 322 172 119 292 368 177 58 392 411 150 50 501 297 79 331 115 255 21 520 293 337 81 59 193 250 80 202 330 195 107 49 329 264 134 201 124 270 161 159 263 335 101 156 297 337 168 73 412 309 125 203 293 252 216 136 278 171 306 346 472 228 83 108 225 377 40 56 94 376 84 241 255 331 86 144 221 215 143 266 193 373 142 235 245 312 145 450 355 328 206 208 440 262 220 86 255 242 102 100 309 302 98 144 258 194 154 110 203 190 101 76 312 210 135 145 295 257 87 145 198 496 222 248 401 137 179 103 344 286 89 34 259 331 62 180 269 349 544 98 205 493 147 87 246 419 55 334 647 240 46 107 235 358 85 238 329 328 126 57 256 158 113 102 214 91 71 52 149 228 154 528 226 288 106 177 184 286 29 176 541 371 128 162 365 340 156 119 99 153 250 78 219 426 206 412 389 311 138 164 306 296 111 46 137 187 189 152 159 391 119 345 250 216 299 94 239 435 37 140 238 189 73 85 299 287 154 160 184 203 22 112 228 313 527 156 287 197 405 150 274 452 440 135 278 309 110 92 43 499 9 118 477 280 443 117 299 270 169 118 248 268 65 137 146 456 149 99 47 218 525 596 443 265 72 123 347 290 81 44 187 272 120 98 178 351 111 107 303 184 546 97 323 377 148 168 288 309 126 486 201 417 0 156 100 302 324 119 160 274 51 128 248 229 95 279 242 258 73 180 272 180 76 52 203 293 155 240 207 406 145 85 288 376 81 208 211 492 182 95 258 364 126 552 252 238 117 173 262 275 103 88 275 330 146 237 148 344 214 164 188 263 110 87 173 346 51 85 276 250 44 100 241 226 73 128 205 306 470 240 204 62 98 115 254 602 86 72 127 410 157 132 396 325 48 86
132 333 203 229 381 163 363 72 103 263 280 226 114 168 355 122 160 337 340 89 258 327 303 362 24 377 316 132 314 270 318 46 77 319 290 169 124 192 271 450 200 269 288 104 62 201 302 86 365 272 557 419 130 166 172 82 86 184 269 161 34 268 281 378 46 351 220 130 187 229 438 238 65 159 303 265 123 241 186 164 478 156 295 129 123 315 174 123 152 191 186 30 38 211 187 238 73 144 362 77 218 639 259 69 114 329 312 132 161 311 272 135 240 290 306 109 459 274 195 349 49 200 166 402 145 251 220 178 90 194 206 136 219 132 258 108 183 202 271 111 68 207 317 32 109 198 253 264 141 272 287 107 258 170 261 95 138 233 336 93 206 172 370 302 562 234 236 56 100 317 193 197 125 290 238 168 100 239 242 12 102 152 187 304 128 299 296 130 91 212 271 554 213 280 340 75 481 221 359 76 100 162 258 57 155 236 192 170 131 208 297 117 64 102 241 152 248 177 277 72 204 114 227 122 108 578 298 147 251 227 330 114 191 202 234 189 112 487 211 176 130 271 413 62 59 408 251 69 95 399 211 244 528 218 196 170 80 370 149 194 173 232 258 212 161 94 209 57 70 109 175 104 40 92 300 406 108 213 240 149 29 189 145 146 642 369 30 128 248 275 303 37 193 203 405 136 82 386 336 362 241 215 279 14 233 194 241 117 59 213 326 228 62 405 261 234 112 262 454 157 83 369 138 104 82 146 221 85 161 220 305 74 58 100 156 65 125 282 412 133 156 67 488 35 139 401 535 23 156 241 125 199 114 590 148 67 583 209 448 137 146 178 279 190 92 191 196 90 23 362 299 62 136 231 472 694 539 228 225 152 261 262 227 123 183 200 256 178 39 277 266 114 178 165 456 114 200 375 225 97 188 235 257 562 63 382 156 0 83 238 472 144 73 258 201 171 96 136 151 210 93 226 104 113 150 172 226 125 76 266 306 247 95 343 296 120 143 344 203 234 63 413 286 157 122 313 282 672 175 169 258 93 113 176 167 234 120 269 262 93 83 387 360 206 95 281 245 70 21 206 207 152 133 196 171 252 87 221 137 111 68 236 342 96 60 119 249 140 119 513 191 144 49 364 312 144 278 255 192 78
52 403 124 257 302 208 301 96 185 305 223 219 197 185 273 103 232 397 267 123 321 368 231 303 65 438 247 106 236 320 267 103 160 367 237 209 200 226 194 453 242 333 247 51 107 271 234 76 298 336 510 377 162 195 95 163 166 259 219 188 55 346 206 448 100 415 146 137 270 309 486 297 148 233 241 215 199 299 108 212 486 230 230 132 191 353 106 144 217 261 122 79 114 269 165 266 124 217 292 50 300 567 188 53 192 364 234 147 244 373 189 113 320 372 243 74 425 321 167 285 35 257 102 421 198 322 144 146 161 251 127 194 298 188 207 57 233 263 233 177 103 268 256 105 189 281 184 244 216 337 204 97 335 253 223 168 205 276 254 130 271 201 378 359 559 265 183 73 179 381 128 154 127 362 171 231 179 312 180 72 122 210 196 324 184 367 240 135 171 287 190 541 295 338 260 156 411 274 319 27 171 228 194 57 235 300 175 94 212 234 254 132 146 90 165 137 312 223 235 122 276 162 185 156 174 499 217 220 332 215 257 125 270 271 189 134 195 423 162 208 213 340 496 33 142 481 233 48 156 448 151 317 548 262 146 87 150 404 66 247 245 307 179 148 233 144 126 64 121 113 151 58 103 174 254 429 126 279 203 95 104 263 78 187 560 409 56 169 328 339 228 56 176 210 341 127 164 443 255 423 322 289 238 96 299 269 207 84 39 234 246 146 124 439 185 313 194 276 384 150 159 436 103 140 155 194 174 18 244 283 254 60 135 171 111 19 198 333 493 168 238 146 408 100 221 463 528 73 236 305 138 175 71 509 96 20 569 274 391 150 227 249 196 107 165 257 120 129 89 438 226 68 63 259 445 613 458 280 157 163 333 311 155 91 216 265 178 167 87 345 198 127 259 203 453 120 281 416 143 69 262 302 178 484 144 437 100 83 0 301 395 156 60 301 134 178 177 206 68 274 175 275 29 169 230 205 176 53 155 315 255 279 169 408 223 37 226 397 124 256 120 401 202 74 204 373 219 649 241 231 182 73 169 250 84 188 196 332 180 143 131 316 315 218 161 310 168 41 93 289 147 142 217 253 98 182 154 257 55 138 150 301 369 179 142 100 179 151 156 509 168 129 36 423 243 163 359 321 121 75
353 106 380 135 536 107 455 208 213 92 378 228 171 168 526 242 275 99 474 309 360 128 437 599 243 138 442 251 472 62 388 200 193 106 374 112 244 120 433 334 374 32 341 282 195 49 426 239 599 34 574 656 155 143 352 169 166 270 351 148 250 107 432 423 203 113 382 199 206 119 551 16 195 92 407 351 246 24 363 99 671 96 411 205 115 130 335 179 86 295 331 266 201 38 422 133 284 99 481 259 154 868 401 253 137 148 471 184 145 72 473 245 259 161 411 262 693 78 266 585 271 48 323 584 316 51 384 269 148 52 381 108 99 114 349 281 346 39 325 128 199 33 416 207 221 169 392 273 253 35 470 233 291 171 318 145 282 83 518 174 32 139 258 69 447 121 339 229 153 79 339 297 208 81 373 71 227 61 364 243 327 92 185 182 117 70 387 359 224 72 448 467 197 46 505 176 713 51 385 278 256 76 380 245 230 5 242 395 142 138 351 192 187 339 402 233 10 94 339 180 55 308 309 158 131 792 512 100 252 240 464 200 240 45 320 317 189 568 317 130 167 50 293 268 198 191 263 257 279 173 339 57 700 81 311 379 255 183 353 65 279 64 429 347 85 158 406 238 283 212 254 274 203 171 360 581 333 30 303 386 244 70 316 126 843 164 252 141 125 38 448 247 242 188 500 226 176 149 507 124 237 64 337 227 18 77 299 261 294 155 489 438 180 212 419 103 169 183 561 218 237 135 265 167 249 114 319 291 165 18 377 312 182 139 285 289 117 69 247 147 146 177 701 207 156 163 433 235 126 9 192 257 273 799 294 294 493 30 686 187 223 71 470 398 249 49 367 175 220 160 438 236 320 133 702 898 744 53 366 185 58 66 381 260 127 38 422 229 271 49 395 196 129 121 665 206 129 169 434 336 76 19 428 780 187 147 302 238 301 0 605 187 311 84 350 189 210 104 360 28 201 62 306 133 126 129 327 312 170 67 382 122 147 107 435 329 186 114 382 152 274 632 481 365 163 75 397 601 64 71 417 332 296 81 375 321 241 31 448 295 171 617 404 177 144 143 411 264 248 184 336 225 177 52 343 392 265 107 337 176 183 11 516 184 197 241 391 190 324 721 254 234 279 126 434 173 146 24 351 235
366 708 271 484 98 500 162 435 575 549 228 385 577 437 143 380 627 670 134 512 714 590 173 431 449 710 164 369 160 585 230 468 545 607 234 494 594 486 202 504 621 634 276 370 458 600 180 402 380 634 286 547 458 463 301 537 540 654 256 458 438 690 191 842 463 698 252 413 657 667 860 593 531 580 199 255 594 589 287 509 784 580 194 408 535 569 299 436 546 656 291 474 492 567 485 491 518 563 124 398 671 486 215 407 555 567 162 428 616 661 246 372 712 732 195 374 609 574 339 399 425 559 308 749 589 647 252 338 517 556 268 517 650 511 256 367 620 570 289 523 447 576 191 481 581 659 223 350 611 636 206 394 729 633 293 526 600 535 173 457 586 466 482 631 544 500 267 430 549 671 284 310 407 685 241 555 572 645 244 460 504 528 421 495 510 674 221 502 563 629 211 489 679 619 143 532 411 557 274 397 566 558 228 420 627 606 363 354 582 472 267 425 526 461 231 376 614 512 274 468 610 552 296 458 520 344 270 569 722 372 145 419 663 599 285 298 581 131 290 475 592 654 867 411 526 794 355 406 551 673 274 647 865 529 299 323 545 588 333 540 640 643 218 268 575 478 280 423 515 410 352 372 472 552 257 764 506 597 304 409 497 603 327 485 329 615 443 475 685 640 169 436 364 420 127 387 542 699 153 694 711 627 276 483 613 614 310 369 433 458 153 289 483 614 211 664 573 455 74 389 553 727 356 458 550 499 287 389 623 592 237 446 507 526 334 413 550 593 844 466 611 521 289 472 597 731 508 454 602 613 422 348 366 325 332 415 505 589 484 423 618 587 222 308 560 580 277 459 467 765 175 421 336 488 646 380 275 558 251 422 657 573 245 367 479 581 217 377 483 654 215 422 626 485 726 413 646 620 289 440 606 616 219 357 524 686 324 472 395 605 0 422 446 552 274 416 567 549 336 587 563 550 369 499 595 476 279 348 527 575 231 508 530 698 178 360 611 647 272 470 515 662 229 330 582 652 209 515 566 550 214 448 561 594 325 284 591 627 227 535 470 356 243 433 511 514 228 403 486 670 277 384 599 555 301 224 549 507 340 445 528 611 719 563 526 382 226 419 542 772 351 378 431 689 172 436 717 629 281 410
199 292 198 102 349 80 279 72 209 158 198 85 189 30 340 63 283 267 289 233 384 219 251 455 128 310 258 68 285 183 217 103 173 222 198 74 242 78 246 307 343 218 176 115 85 179 242 80 442 218 439 533 38 47 173 151 152 297 174 40 127 269 245 491 100 291 196 19 269 250 573 176 161 163 226 173 243 174 182 88 621 164 228 24 122 202 152 23 125 313 146 171 128 148 315 112 217 147 299 105 262 702 214 104 152 211 284 13 212 250 295 61 331 313 230 90 580 179 85 434 140 139 140 546 285 226 199 84 116 135 199 97 231 92 169 112 323 150 158 112 76 155 237 123 219 256 205 129 259 220 286 61 358 236 149 125 269 133 334 59 165 53 228 227 418 113 155 95 153 259 153 112 29 264 186 133 215 223 178 138 243 106 43 168 91 257 209 269 207 208 263 411 282 210 319 149 552 143 237 129 230 137 195 106 258 187 67 239 181 80 186 27 151 231 216 47 196 93 169 81 188 257 129 41 111 614 338 154 335 89 279 32 289 177 139 130 201 400 132 61 200 235 450 127 159 377 116 109 235 303 152 225 673 121 124 212 214 250 186 121 294 221 244 161 156 74 229 100 214 43 70 107 109 166 193 550 249 176 130 251 170 183 138 63 659 258 133 55 267 223 262 122 67 59 325 41 159 308 321 293 321 206 169 143 192 194 127 85 171 78 302 266 100 285 233 245 184 122 383 33 208 317 82 52 213 77 135 139 226 172 205 197 129 122 100 152 139 194 422 45 208 140 523 114 200 333 391 124 193 194 19 80 99 618 112 160 439 168 543 7 248 167 288 228 221 158 184 62 122 344 252 94 148 105 599 715 562 147 180 8 236 172 195 81 68 159 236 50 182 235 209 31 216 66 596 35 234 264 262 216 186 196 243 605 149 299 119 144 156 187 422 0 196 157 164 27 201 133 195 166 192 140 146 85 187 61 143 142 141 175 209 126 131 288 249 170 224 257 200 100 207 549 301 198 189 245 213 531 144 128 231 217 254 176 208 141 238 212 265 236 75 455 248 64 107 155 226 115 164 271 150 38 211 135 162 205 224 109 169 38 151 191 486 183 157 63 204 5 263 653 74 48 154 291 250 14 298 210 166 82
82 406 177 291 351 231 359 126 153 332 283 269 177 224 317 153 185 410 321 66 268 395 287 289 73 449 303 159 286 341 326 114 139 390 296 235 159 256 245 501 183 341 306 109 126 273 291 120 295 345 570 347 192 228 151 151 155 214 279 222 70 337 260 396 113 424 201 179 238 295 427 310 130 230 300 275 157 313 163 234 431 227 288 175 196 382 165 179 225 212 182 48 110 283 120 300 73 217 348 98 279 569 245 95 185 395 284 185 225 383 223 166 280 355 302 128 390 344 222 278 57 272 161 362 143 323 199 202 163 266 180 208 288 203 266 115 176 275 291 183 128 280 315 105 154 256 241 299 173 345 248 143 291 228 281 168 155 302 295 156 279 234 424 374 609 298 242 102 170 390 187 213 171 362 229 240 144 310 239 69 62 224 239 363 199 372 300 77 136 282 237 595 266 352 307 144 411 292 378 78 127 235 253 90 197 308 228 110 198 269 314 170 132 35 219 188 321 245 294 139 277 106 244 185 180 515 241 219 294 267 312 164 232 275 248 193 170 481 222 239 191 344 470 73 125 479 287 91 107 470 211 316 490 286 205 125 107 436 113 265 198 304 228 207 233 162 168 96 71 155 205 114 110 158 314 370 66 285 261 78 76 261 138 212 584 437 66 194 315 347 282 75 228 254 398 175 149 458 300 435 287 287 297 85 305 265 264 138 26 272 294 176 133 471 238 302 175 318 439 198 122 442 158 167 114 215 233 76 221 293 314 1 130 173 169 50 198 353 476 197 220 138 426 105 202 474 580 80 224 314 177 230 127 529 155 43 624 282 375 189 190 250 236 144 124 264 175 153 92 432 281 102 121 294 405 635 481 299 216 204 333 333 211 145 247 273 230 217 49 350 256 165 244 231 401 161 265 443 174 24 259 308 228 497 131 454 160 73 60 311 446 196 0 327 193 221 147 209 110 283 148 296 88 184 218 236 235 112 146 336 314 311 167 416 278 88 199 416 176 294 73 353 239 117 185 385 277 706 248 242 235 22 115 247 123 247 156 342 224 89 150 319 374 260 168 344 220 86 68 262 207 191 192 268 155 239 108 287 108 170 137 308 310 157 125 151 236 192 98 458 223 179 42 436 301 200 343 327 179 115
350 164 353 67 491 96 395 206 265 8 325 167 225 129 489 219 335 119 426 341 427 69 391 605 254 159 393 225 432 34 326 213 236 66 317 92 299 78 396 251 425 99 279 269 201 122 377 228 596 96 495 674 140 110 329 209 207 335 296 117 258 191 392 502 214 146 349 174 277 201 621 68 233 151 353 297 300 60 339 94 720 155 361 180 149 59 307 160 121 359 299 288 225 68 445 61 318 149 428 253 233 858 359 249 184 76 431 160 213 111 451 217 336 246 357 245 716 23 220 586 277 75 295 637 365 135 352 229 177 79 354 124 180 127 297 266 399 82 264 156 201 83 361 227 274 245 350 206 311 99 440 215 367 241 259 178 336 25 486 173 96 104 174 79 365 52 291 230 197 122 306 254 184 157 332 110 277 145 320 258 357 111 136 98 132 135 331 387 272 153 416 383 273 71 466 214 707 47 313 275 303 120 334 246 293 89 194 391 199 82 289 173 223 359 367 199 87 81 279 188 131 349 259 146 158 770 495 153 331 180 416 181 309 117 269 280 243 501 273 96 226 126 375 269 235 247 198 254 321 147 299 141 757 40 271 367 297 117 341 68 341 148 396 310 141 164 386 239 316 194 213 261 218 217 298 636 363 103 248 394 272 141 295 115 812 111 262 134 209 102 405 254 193 133 439 197 218 153 470 142 315 145 277 249 101 152 242 241 305 95 450 422 196 150 382 187 222 106 501 181 282 176 238 162 292 112 272 287 233 87 317 327 211 171 254 293 161 41 323 133 212 211 679 223 217 181 349 247 191 93 170 208 255 773 268 300 410 96 692 160 285 134 443 384 295 107 340 175 236 229 394 234 304 64 730 868 716 39 328 152 140 23 346 237 89 96 388 184 295 120 350 178 202 98 707 187 206 117 418 350 148 103 395 761 223 143 274 258 301 84 552 157 327 0 316 147 259 145 349 92 249 36 298 145 189 98 280 298 206 24 322 45 182 147 391 322 249 101 356 82 307 668 457 353 219 101 347 517 112 104 381 348 340 147 363 271 295 89 420 333 177 610 335 120 168 59 378 261 272 261 298 190 238 75 318 351 307 49 324 164 220 96 570 233 233 219 350 161 362 764 207 203 288 138 384 145 231 103 321 228
129 456 47 253 190 243 167 162 303 316 93 170 303 188 177 110 361 430 140 257 454 371 102 343 177 472 115 100 124 345 140 194 272 380 109 238 325 240 83 385 375 381 135 98 185 336 101 129 316 382 381 442 195 210 48 263 266 385 98 204 167 424 85 578 190 454 33 151 383 397 620 340 258 310 108 93 325 338 44 251 602 310 96 145 265 352 28 172 279 391 19 208 218 312 275 262 257 293 161 125 399 554 58 134 282 357 122 166 343 414 142 105 440 461 110 100 499 339 103 315 157 302 35 544 332 386 37 88 244 298 47 251 380 245 84 94 367 312 126 252 174 318 122 208 310 385 52 168 342 384 124 123 459 359 119 253 336 294 170 187 326 215 325 390 477 267 62 157 275 423 11 68 142 425 37 291 302 381 48 190 255 264 180 296 243 420 110 264 292 362 100 447 405 373 156 258 413 307 203 128 299 292 60 147 356 350 127 146 309 234 139 159 252 218 52 118 359 256 122 195 344 296 85 194 249 456 192 299 449 159 129 152 391 335 81 36 307 289 57 224 318 397 595 141 253 540 162 133 288 457 28 384 670 284 49 104 278 390 92 285 374 377 80 18 306 208 90 150 254 141 103 99 198 278 135 554 259 336 107 191 228 336 57 224 496 406 172 211 415 387 105 165 128 188 207 124 268 468 157 456 438 361 126 211 354 346 114 96 173 224 140 130 210 423 69 395 300 246 253 135 284 481 86 190 282 237 67 122 349 334 129 193 234 254 65 150 279 355 577 203 337 247 366 199 324 496 442 182 329 356 158 116 92 457 59 154 474 329 427 163 347 320 129 106 292 317 35 188 194 505 99 148 72 256 526 552 401 310 24 167 396 333 31 95 230 320 73 133 219 398 65 156 353 230 560 146 374 412 127 195 338 357 79 449 250 459 51 201 134 350 274 164 193 316 0 168 295 279 101 327 290 303 106 230 323 224 63 82 253 336 128 278 257 452 96 107 337 417 51 244 252 502 144 98 308 409 85 540 302 287 67 202 302 326 102 79 321 376 106 276 198 319 191 200 239 298 63 132 218 396 26 127 326 298 39 51 284 267 88 177 255 353 498 289 252 112 48 160 290 614 113 116 166 453 111 178 447 373 16 136
219 293 207 86 348 86 268 99 234 148 189 60 211 22 342 79 308 263 285 260 410 205 248 473 155 305 253 81 286 177 203 129 197 212 186 78 268 72 249 280 369 219 159 134 111 189 237 103 459 219 418 555 57 47 184 174 175 322 163 43 153 279 246 514 127 288 202 42 290 264 599 178 187 178 218 162 268 174 193 95 648 180 222 46 140 187 160 49 139 338 151 198 155 151 339 96 244 164 292 128 279 715 214 128 173 195 285 40 232 248 305 73 353 326 222 109 603 170 77 452 165 144 149 573 311 232 204 82 139 140 207 112 244 107 160 130 350 155 142 132 103 160 228 150 244 275 205 106 284 221 292 82 380 257 133 147 295 126 338 84 172 50 202 222 391 99 149 120 176 258 158 109 51 269 186 144 241 232 176 165 270 118 18 146 108 259 199 295 232 220 269 384 302 207 320 174 566 143 217 152 256 150 191 131 282 191 53 258 201 66 170 53 176 256 220 52 198 96 155 107 198 283 120 62 131 623 350 170 356 66 275 58 311 186 131 133 224 386 128 59 222 239 463 151 184 379 93 133 261 291 152 233 699 117 124 228 240 232 202 124 319 230 249 163 171 98 241 126 241 67 67 126 136 189 177 577 276 183 116 273 196 195 151 74 665 243 159 73 280 225 261 148 53 33 313 54 184 300 323 288 342 217 154 169 197 207 112 101 195 59 304 279 126 266 235 257 207 98 373 34 234 316 94 76 239 89 129 161 246 177 192 222 155 144 107 176 158 187 431 62 228 164 532 141 221 328 364 151 212 197 46 68 117 625 122 184 413 174 561 34 272 180 296 243 247 167 193 88 148 349 250 119 163 90 622 720 569 144 181 19 242 165 198 96 64 167 241 39 208 238 207 57 234 70 622 60 250 249 275 241 199 201 248 614 174 290 128 171 178 189 416 27 221 147 168 0 226 150 212 172 217 137 166 104 206 60 138 159 165 168 196 112 153 286 247 189 247 249 209 81 234 574 310 214 211 242 207 505 155 139 234 242 280 190 224 132 263 213 273 263 100 470 229 40 129 137 231 139 191 290 151 44 233 139 172 205 250 99 186 63 175 195 513 207 183 80 204 31 290 679 64 57 179 285 244 32 310 214 173 106
222 284 299 255 477 179 452 145 9 267 369 286 40 214 450 204 82 306 435 112 184 324 397 425 119 340 410 214 410 259 402 107 29 309 376 189 42 216 367 487 166 233 368 198 123 162 395 171 437 238 636 461 171 202 268 54 55 97 354 199 129 201 376 292 111 312 316 194 92 156 375 216 41 118 393 351 43 221 281 176 463 113 387 195 111 318 269 178 138 112 279 102 80 196 229 262 88 113 456 170 134 712 354 161 76 335 408 188 85 276 365 216 145 210 396 198 492 268 272 418 144 187 260 378 107 202 315 259 92 181 301 140 153 141 345 201 140 184 350 107 134 186 407 89 18 110 347 330 58 237 382 188 165 81 340 86 77 238 431 143 179 206 405 278 603 254 323 141 63 279 286 282 193 236 331 150 18 186 333 108 132 150 239 331 137 254 384 163 15 157 367 605 119 256 436 53 553 214 435 171 46 141 350 148 61 205 263 256 69 238 377 179 50 161 336 226 218 187 358 121 161 100 310 165 107 663 387 110 155 291 424 179 96 165 318 279 25 577 298 205 50 227 323 157 44 347 317 162 71 382 302 193 498 223 284 263 50 376 243 191 93 179 354 304 126 129 303 146 88 181 252 196 102 43 382 377 136 180 319 223 75 144 240 171 730 365 125 160 174 239 398 131 263 253 496 210 44 356 432 329 145 164 359 84 198 143 319 205 146 249 421 319 102 409 357 166 41 300 547 225 31 323 224 150 43 162 307 180 76 193 389 148 72 92 244 159 98 270 331 170 80 62 574 99 63 363 580 114 91 209 187 273 205 677 239 159 633 181 506 195 52 139 374 283 40 163 291 140 102 297 393 149 231 256 498 782 627 222 319 208 210 255 322 210 210 175 352 247 98 235 359 178 105 189 455 183 124 371 317 168 139 199 353 644 52 356 248 96 177 210 567 201 147 259 295 226 0 114 244 183 10 223 200 130 88 201 313 220 62 258 392 265 81 302 390 214 52 324 299 266 81 423 379 251 49 282 373 729 151 155 354 161 87 130 260 318 38 238 357 91 126 463 441 252 102 299 341 164 85 114 298 223 47 185 267 346 58 238 232 164 51 203 311 26 46 200 343 199 118 511 265 219 142 332 405 195 200 218 286 163
258 198 301 150 469 76 412 121 119 153 329 207 80 132 453 170 190 203 415 205 286 211 376 498 143 241 385 181 403 146 351 102 93 197 330 86 154 113 361 381 280 133 309 196 102 65 369 155 500 136 567 552 95 110 270 67 64 194 307 111 152 145 364 375 106 215 308 137 146 118 480 106 92 31 357 305 155 111 283 69 576 31 356 142 15 204 259 115 24 216 261 163 98 83 318 155 181 14 428 170 129 772 336 162 38 221 401 124 83 176 387 177 209 183 361 182 589 155 218 485 172 73 248 492 220 117 309 213 46 68 303 39 101 43 301 197 254 72 291 29 109 75 369 105 129 126 327 254 166 137 391 156 239 111 282 41 190 125 441 93 72 112 299 171 497 145 285 136 52 181 269 241 142 157 309 37 132 107 305 142 223 40 157 222 42 163 341 255 127 83 371 504 153 148 434 73 615 100 367 185 159 28 321 152 152 101 200 299 58 137 319 124 84 236 329 175 114 79 303 88 71 207 262 93 32 703 421 20 210 215 404 130 174 67 272 251 98 533 260 107 84 136 318 174 95 276 242 166 179 272 275 111 612 111 250 289 155 262 263 78 198 102 353 282 28 72 320 146 180 139 201 190 103 72 326 491 229 77 263 284 140 58 236 78 760 252 152 78 136 139 384 149 200 168 457 162 74 252 434 228 194 85 302 123 97 67 260 184 193 151 418 348 82 295 348 116 77 199 515 165 138 233 194 91 149 64 266 198 100 86 339 209 79 36 216 191 16 157 298 89 80 74 612 107 78 266 476 135 62 105 128 213 192 712 220 195 532 74 584 130 142 44 388 308 151 55 289 92 120 233 375 145 236 150 599 814 659 108 300 136 127 142 310 185 110 66 348 183 167 142 334 127 84 91 566 136 101 258 345 233 59 100 353 689 84 251 229 136 206 104 549 133 209 145 279 150 114 0 269 76 104 109 215 50 57 103 273 226 66 145 342 155 43 207 372 237 109 215 302 163 171 531 398 274 76 178 342 634 41 41 346 229 197 47 285 273 150 135 367 193 82 520 380 162 45 189 337 172 144 141 272 168 96 72 264 327 165 128 248 105 79 100 425 88 93 168 325 134 222 622 208 172 179 230 378 121 168 119 277 149
31 463 70 297 240 260 261 152 251 352 193 238 265 224 208 133 294 452 213 176 378 413 182 263 132 494 199 130 176 372 241 168 228 416 210 260 264 271 136 468 288 392 233 80 168 333 189 122 248 394 480 352 211 239 52 230 234 322 198 232 122 411 152 507 164 472 97 176 337 376 530 354 216 297 205 194 263 354 60 266 501 295 189 170 254 396 78 190 277 322 98 144 181 325 175 306 183 281 243 101 368 510 142 107 258 405 174 190 311 431 121 139 386 439 206 104 406 370 174 240 103 314 83 445 253 385 94 153 225 309 73 252 364 247 184 83 284 321 222 240 162 327 219 172 256 349 140 251 280 395 138 135 399 320 214 233 265 325 187 186 331 246 400 413 567 308 162 133 246 439 100 149 166 425 133 292 246 376 148 140 168 268 228 356 243 428 210 170 237 351 127 542 363 393 197 223 358 327 303 84 234 290 158 117 301 359 191 49 279 275 238 176 214 127 112 162 370 275 220 182 339 216 177 206 237 434 152 285 398 231 204 168 336 333 176 119 263 378 148 254 280 402 564 96 210 544 242 103 216 496 127 380 570 311 134 20 213 443 10 301 307 371 118 118 296 203 59 123 180 155 164 89 168 242 235 455 171 340 197 90 170 327 66 239 493 453 124 222 395 398 174 122 192 240 296 157 232 497 191 478 389 353 224 164 359 334 203 110 100 271 184 79 188 478 131 379 262 306 332 179 225 495 120 194 219 248 160 71 312 342 230 110 201 236 115 86 263 384 560 219 305 214 343 166 289 519 534 140 303 365 180 186 95 443 97 85 569 334 350 190 293 313 129 40 229 318 72 185 155 502 175 125 50 300 431 546 391 333 120 201 395 362 109 115 261 325 121 188 151 405 157 171 327 252 459 163 348 459 76 104 327 362 118 421 212 490 95 151 68 360 336 195 110 349 101 212 244 269 0 334 243 327 54 228 297 252 159 52 222 365 229 321 235 467 172 32 294 448 68 293 181 402 135 7 272 429 181 640 301 290 127 112 226 314 16 174 261 390 114 199 190 261 292 251 224 348 111 97 159 357 123 169 284 310 63 138 216 303 25 188 218 361 401 247 210 132 135 190 206 514 181 155 103 477 198 205 426 381 85 125
326 130 356 129 515 86 439 182 187 100 361 216 145 150 504 219 252 127 455 281 339 146 417 571 215 166 423 228 450 79 373 172 166 127 358 94 219 107 410 342 349 59 327 256 167 30 407 213 571 62 568 627 132 125 327 141 138 248 335 129 222 111 410 410 175 141 359 177 187 111 532 32 167 66 389 334 221 39 339 78 646 71 393 183 87 145 311 156 58 273 309 238 173 27 393 129 256 72 463 233 142 841 380 226 109 163 449 162 124 101 448 222 244 163 393 238 664 92 248 557 243 29 299 559 290 61 361 249 120 31 357 81 90 87 332 255 321 17 311 100 172 12 399 178 196 153 371 262 229 63 446 208 276 152 303 116 257 82 495 148 5 122 264 96 457 118 320 202 125 107 317 278 185 98 352 43 201 63 344 215 299 66 170 186 91 95 370 331 198 62 424 473 182 73 483 148 685 48 375 251 229 48 360 218 208 26 225 368 117 128 338 169 159 311 379 213 38 75 324 153 39 281 292 134 103 767 485 73 239 227 444 176 220 26 302 295 163 555 297 114 143 70 298 241 170 214 251 230 252 199 318 62 677 75 290 353 228 201 327 49 257 63 406 326 58 131 380 211 255 188 235 249 175 144 346 557 304 12 287 358 216 50 292 104 819 185 224 117 121 65 428 219 224 175 484 204 148 177 484 152 223 55 323 198 26 60 283 237 266 145 467 412 152 231 397 98 143 180 545 198 210 162 242 142 222 90 300 264 144 10 362 284 154 111 262 261 89 89 260 124 124 149 675 179 132 191 441 207 103 31 170 240 248 774 271 266 500 4 658 166 200 46 445 372 223 21 343 149 192 179 418 209 295 127 674 873 719 54 345 165 70 79 359 236 111 10 399 211 242 72 375 173 111 102 639 182 114 191 408 307 56 30 405 754 159 175 279 210 274 28 587 166 283 92 327 172 183 76 334 0 174 60 279 106 102 112 308 286 142 81 367 121 119 134 415 303 164 141 357 146 246 605 457 338 138 103 378 606 35 43 395 304 269 58 349 304 216 59 424 267 144 590 393 165 116 148 389 237 219 169 315 204 154 33 319 371 238 102 311 151 155 27 491 158 169 217 370 169 297 694 236 212 251 154 415 152 147 47 328 209
221 277 295 245 473 169 446 137 17 257 362 277 33 205 447 197 92 297 430 117 193 315 392 429 115 332 405 208 406 249 395 100 20 300 369 179 52 206 363 477 176 225 360 193 115 153 390 165 440 229 628 467 162 192 264 44 45 105 347 189 126 195 372 300 104 304 311 186 95 151 385 206 33 109 387 344 53 212 278 166 472 105 381 187 101 308 264 169 128 121 273 102 73 187 235 252 93 103 450 165 131 715 349 156 66 325 404 180 80 268 363 208 150 207 390 192 499 259 264 421 141 177 255 387 116 195 311 251 82 172 298 130 148 131 338 196 150 174 342 97 127 177 401 83 27 108 342 321 67 229 379 181 171 80 332 76 87 228 429 134 170 196 395 269 593 244 317 135 53 271 281 275 185 229 325 140 27 179 328 104 137 140 230 321 127 247 378 168 23 150 364 595 120 247 433 44 556 204 427 167 55 131 344 143 68 196 254 256 61 228 370 171 42 164 332 218 209 177 351 113 152 108 303 156 97 664 387 101 159 282 419 171 102 157 311 273 21 571 292 195 45 219 323 153 37 342 308 157 79 373 296 186 508 213 278 261 57 366 241 182 102 172 350 299 116 120 301 140 93 173 245 191 95 33 374 387 142 171 311 225 74 135 236 161 730 356 122 151 170 231 394 127 255 244 490 202 35 347 429 320 148 156 352 80 189 135 311 199 145 239 418 318 94 399 353 161 33 290 541 216 37 316 217 141 50 152 300 177 73 184 382 149 64 82 238 157 89 261 328 160 75 53 574 93 57 355 570 109 85 200 178 265 199 677 234 157 623 172 511 186 58 130 372 281 48 153 287 131 96 292 389 143 228 246 506 782 627 212 313 199 203 246 318 203 201 165 348 238 99 227 353 170 100 180 464 175 120 362 315 170 131 191 350 646 44 348 242 93 175 201 563 192 148 249 290 217 10 104 243 174 0 213 197 121 81 191 306 216 53 249 385 255 71 294 385 212 51 315 295 256 85 432 377 249 42 274 368 720 142 146 350 163 95 122 258 311 48 230 355 98 118 466 433 243 93 289 337 159 84 114 292 215 44 176 262 341 65 228 229 155 42 194 321 16 39 193 339 191 125 520 257 212 140 324 399 186 197 209 282 157
325 158 337 73 484 68 397 179 228 44 322 169 189 116 478 200 298 128 421 307 391 103 384 578 224 170 388 207 423 45 329 182 200 94 317 67 263 64 385 283 389 86 282 247 171 89 372 205 572 85 512 643 116 93 311 173 171 299 294 99 229 167 382 468 184 152 336 155 242 171 585 46 198 115 351 295 264 40 322 63 685 119 357 162 114 95 291 138 85 323 285 255 191 34 413 72 284 113 426 228 201 837 350 223 147 112 421 140 177 112 433 200 301 221 355 224 685 48 212 561 248 39 279 601 329 112 338 218 142 43 338 90 150 94 294 245 363 47 266 121 172 49 360 194 238 211 341 212 274 87 426 194 333 206 260 143 299 22 473 145 63 88 204 87 398 60 285 202 161 122 292 246 165 142 322 74 241 119 312 227 323 76 129 126 98 125 330 354 236 122 402 413 240 70 457 178 684 13 323 250 267 84 327 219 257 65 188 367 163 78 292 152 188 328 355 185 68 52 281 157 99 314 254 121 124 753 475 117 297 181 411 160 274 85 265 268 207 508 265 79 190 110 354 242 199 244 203 228 286 174 289 116 721 20 260 345 261 153 319 32 305 121 383 299 104 134 367 211 282 173 203 239 186 181 301 600 329 72 246 366 239 108 276 88 799 145 232 106 181 91 397 225 187 130 441 180 182 170 459 154 281 115 279 216 76 119 241 221 275 94 440 402 164 186 371 158 185 122 503 168 246 179 221 135 256 82 265 262 197 58 319 297 176 136 239 265 125 58 308 108 177 176 662 191 181 194 381 217 155 70 150 202 234 758 251 271 440 64 665 142 248 99 427 363 259 73 324 146 204 219 386 207 283 71 698 854 702 9 317 136 119 37 333 218 73 63 375 175 262 107 343 156 167 75 672 166 173 151 398 320 114 79 382 743 188 163 258 226 275 62 550 140 296 36 303 137 223 109 327 60 213 0 274 112 153 79 274 276 170 40 324 61 147 150 384 298 213 122 339 90 273 634 440 331 183 106 342 546 76 68 369 318 304 112 342 266 259 78 405 298 147 587 344 118 134 88 365 235 240 227 287 176 202 39 301 342 272 46 303 139 184 71 534 197 198 200 341 144 328 729 200 187 259 152 380 126 205 85 306 203
53 409 99 248 277 207 272 98 207 301 195 201 216 176 250 87 258 399 239 152 349 363 203 309 83 441 219 88 211 320 239 115 181 364 208 207 225 221 168 435 270 338 221 32 114 279 206 70 298 340 482 389 159 189 69 179 183 284 191 182 72 358 179 475 110 418 118 127 291 324 515 301 168 244 213 187 224 301 82 212 511 242 201 122 201 347 77 138 223 288 94 105 131 271 187 258 152 227 264 47 318 563 160 53 206 357 209 140 261 377 173 96 344 388 215 57 440 319 144 288 56 260 73 447 227 331 117 123 172 255 102 198 311 192 179 37 262 267 207 186 107 273 227 121 213 300 156 223 241 341 183 85 360 272 197 180 232 273 233 132 277 195 362 360 538 258 155 79 195 385 99 128 117 371 142 237 204 322 152 93 150 214 183 312 189 374 212 162 194 298 167 519 316 340 236 173 410 274 293 31 197 236 165 63 259 305 155 93 228 226 227 125 164 117 138 120 316 222 208 128 285 190 159 153 183 488 207 231 355 196 229 117 295 279 162 106 216 395 135 203 232 347 515 44 162 490 212 49 184 445 123 326 574 259 119 74 176 396 48 248 271 317 154 120 243 149 107 69 149 105 130 40 116 192 227 455 154 285 177 110 128 273 50 186 545 403 75 168 343 344 201 71 156 197 312 112 182 444 232 425 345 300 211 116 305 281 182 66 67 224 222 133 134 431 158 326 213 263 356 135 184 441 81 140 180 195 146 20 263 288 226 88 150 182 86 45 210 332 508 166 255 163 397 114 239 465 507 89 252 311 130 154 51 497 69 48 547 280 397 141 250 259 177 93 191 264 93 131 104 448 198 71 34 251 461 599 444 280 129 153 341 310 127 72 210 271 153 149 114 351 170 120 275 200 475 112 297 410 130 95 273 308 153 475 162 437 73 104 29 306 369 146 88 298 106 166 200 215 54 279 197 274 0 174 246 200 148 24 170 313 226 272 182 413 195 24 247 396 99 246 147 422 185 59 223 375 190 624 247 236 156 100 197 261 70 161 221 336 159 171 136 313 287 206 170 301 142 43 117 309 118 126 237 256 70 154 180 252 34 135 168 306 397 199 162 86 151 141 185 532 147 112 62 424 215 155 374 327 93 71
221 236 254 126 420 52 362 76 138 151 279 163 109 88 405 120 212 229 365 197 313 213 326 469 113 270 335 131 354 156 302 70 103 206 281 60 173 87 312 357 289 165 260 151 62 107 319 109 466 167 522 531 47 72 224 76 76 222 257 70 119 193 315 412 72 246 260 87 186 169 505 129 95 81 307 255 174 130 236 52 581 81 306 91 37 202 211 65 50 241 212 143 80 100 300 133 175 64 378 127 178 736 286 120 69 217 352 74 128 204 343 127 249 233 310 135 572 161 168 453 139 89 199 499 229 159 261 163 39 83 255 25 151 20 251 151 265 94 243 28 66 100 319 82 148 172 277 210 188 168 344 107 277 153 233 45 205 120 394 44 103 75 275 191 473 127 235 96 73 212 219 191 92 199 259 64 147 152 254 115 212 41 113 202 15 200 291 243 140 131 323 474 198 170 386 78 580 108 321 146 168 63 271 113 181 131 151 262 97 108 271 74 85 215 281 125 143 64 254 47 115 208 212 44 27 661 380 71 252 170 354 79 209 107 222 201 124 483 210 75 118 174 369 136 95 317 197 125 181 286 225 155 623 105 200 247 158 259 221 81 222 148 306 232 76 25 276 106 173 89 151 145 74 90 277 501 218 112 214 255 128 106 189 40 715 256 121 32 186 171 334 115 151 126 407 112 86 276 385 254 237 131 254 104 131 116 212 135 164 119 369 306 52 294 299 166 105 169 464 116 146 267 145 40 154 34 215 158 142 115 289 185 68 40 166 157 55 169 347 43 124 72 570 79 117 294 449 105 109 137 78 164 145 669 171 162 503 106 556 81 171 90 342 267 160 90 242 44 92 278 325 103 191 127 586 770 615 115 250 88 169 149 261 136 80 97 300 135 150 178 284 76 132 59 564 85 150 262 303 208 108 135 305 648 84 271 180 113 169 133 499 85 184 145 230 104 130 50 228 106 121 112 174 0 103 70 223 182 69 152 293 139 51 240 322 197 144 232 255 135 164 524 353 233 108 204 292 600 74 63 297 205 201 96 244 223 168 163 321 190 38 484 332 123 28 174 289 131 128 186 222 118 130 85 217 277 168 112 205 54 82 133 435 108 94 118 275 85 220 621 158 122 149 255 328 73 218 153 228 104
281 196 338 204 512 132 463 160 90 197 379 263 49 188 492 216 149 218 461 198 238 248 422 505 166 252 432 227 445 181 404 132 81 230 382 143 119 168 402 433 249 147 363 232 138 76 416 194 513 151 623 548 149 167 307 68 65 147 359 167 176 118 407 320 136 224 349 188 91 79 432 134 89 38 407 357 121 141 320 125 546 34 405 192 66 246 300 167 76 171 304 170 116 121 315 208 173 45 476 204 77 788 380 195 40 263 443 177 27 188 418 225 153 142 410 223 580 193 270 496 195 114 289 458 192 114 350 263 79 110 340 95 69 99 352 234 221 107 345 75 148 108 419 125 97 70 372 310 127 150 427 201 183 55 336 69 157 172 477 139 98 168 352 194 549 198 335 170 51 191 312 291 192 148 354 81 104 98 352 159 217 96 213 274 98 166 393 249 103 69 408 559 97 172 475 76 629 142 423 215 134 71 369 184 105 121 254 320 21 192 373 175 86 239 370 226 133 133 356 127 73 188 313 146 77 728 448 39 153 271 450 179 121 80 323 297 65 585 310 164 42 138 272 202 94 262 298 198 160 298 322 105 575 159 298 317 138 302 293 126 154 91 393 327 49 118 352 178 172 186 253 228 130 60 380 456 222 96 316 296 143 57 274 134 790 288 174 133 98 152 428 175 254 224 508 212 69 269 473 241 138 75 356 137 112 54 314 226 209 207 459 376 114 333 390 84 48 254 564 218 119 235 240 140 131 120 316 227 45 111 391 219 96 69 262 213 48 191 262 144 24 84 638 131 30 275 529 158 6 123 180 267 232 739 263 216 586 99 589 183 97 56 422 337 129 83 328 137 142 214 420 179 271 204 587 843 688 149 344 191 122 180 353 228 167 95 389 237 171 147 381 176 31 147 542 184 52 293 373 242 52 113 392 712 88 270 272 150 230 126 595 187 218 189 323 206 88 57 297 102 81 153 246 103 0 160 323 260 76 182 395 206 65 213 417 265 61 240 339 218 164 511 430 303 40 195 390 689 77 88 387 236 175 45 313 324 116 152 403 179 125 537 434 218 85 238 377 203 151 85 318 220 52 114 302 372 146 180 279 155 82 117 390 66 93 213 370 187 206 597 261 222 199 245 425 176 129 131 318 187
253 234 258 58 407 29 327 111 208 101 249 107 177 39 400 122 282 207 345 260 382 163 308 508 163 249 313 128 345 122 262 126 173 164 246 19 243 21 306 287 358 159 216 171 111 130 297 131 498 159 466 580 44 14 233 147 146 291 223 20 166 221 304 477 126 230 257 77 249 209 575 118 165 127 278 222 244 114 243 37 647 130 282 83 97 148 212 62 86 311 206 201 144 91 355 66 240 115 352 156 228 761 273 153 135 160 343 62 187 190 355 121 312 269 282 148 625 119 137 489 183 83 200 567 298 172 259 141 109 80 260 65 189 63 221 169 335 95 199 95 108 100 288 143 218 229 264 154 258 161 347 117 341 214 192 115 275 73 394 80 112 10 205 166 402 62 210 135 142 199 214 168 87 209 245 88 217 173 235 170 273 65 59 134 65 199 259 302 210 163 324 405 256 149 378 148 609 83 268 179 238 95 251 150 250 130 114 294 160 38 227 76 155 269 276 106 138 36 213 100 141 276 180 51 95 675 398 122 313 117 335 83 275 128 191 190 193 444 188 4 184 178 406 173 165 319 143 157 250 245 211 173 692 61 183 270 227 201 243 64 292 172 304 220 118 79 289 143 237 96 126 163 132 159 235 569 279 123 176 299 192 140 198 30 720 204 170 44 224 165 320 161 113 66 373 101 156 247 381 232 298 159 212 165 137 152 171 143 212 49 362 325 113 236 292 201 173 99 433 90 216 257 143 69 224 40 190 190 203 116 251 236 136 109 160 198 115 134 371 39 184 142 583 137 180 272 379 157 165 137 72 128 157 679 172 205 433 114 596 63 240 125 349 287 229 109 245 83 149 289 309 138 206 59 641 776 623 86 239 57 182 111 255 140 11 107 297 100 210 178 266 80 185 13 628 89 199 211 321 258 144 140 303 665 153 239 180 172 205 129 476 61 236 98 224 60 201 103 252 112 191 79 200 70 160 0 198 200 139 115 255 75 121 228 307 224 210 198 261 65 229 585 362 255 175 185 267 532 98 82 291 257 269 136 266 192 239 153 326 257 89 512 284 59 98 109 287 164 189 244 209 97 196 79 222 264 237 52 227 67 152 135 504 178 163 122 263 65 286 685 125 108 195 230 305 48 253 153 227 131
183 431 110 214 211 222 141 169 321 279 57 120 313 159 211 110 386 398 148 296 484 329 111 405 202 439 115 99 153 312 92 206 287 341 64 215 348 209 122 324 415 357 75 128 192 322 99 142 377 357 335 505 180 184 108 272 275 408 44 179 193 412 113 603 202 424 89 136 395 392 659 315 273 304 84 40 348 311 106 230 656 304 84 132 260 308 81 159 268 417 60 240 233 289 330 222 291 287 156 150 400 609 81 157 285 311 152 150 346 385 200 99 455 455 87 118 561 303 61 377 190 281 78 595 367 368 94 60 246 277 109 240 373 233 32 123 404 292 64 249 181 297 96 224 330 390 72 108 365 359 173 126 477 367 57 255 364 261 213 184 308 188 266 358 414 229 12 173 281 395 60 32 131 406 56 276 322 367 40 215 297 250 145 245 232 397 71 310 313 351 149 385 413 344 188 268 472 280 145 161 326 280 54 170 374 328 86 207 313 198 80 149 265 265 100 98 336 233 61 199 331 332 25 181 246 503 251 294 462 108 137 144 408 320 19 42 321 265 15 197 327 376 592 171 269 517 104 158 319 415 34 368 721 254 30 164 306 341 149 262 399 364 129 46 298 205 152 170 288 137 73 125 212 288 79 604 302 318 45 247 255 326 100 206 536 361 199 197 409 362 125 190 87 147 186 111 279 432 193 423 449 349 65 233 334 337 53 109 212 186 171 193 217 372 108 387 309 197 241 111 308 453 89 183 308 221 8 160 356 314 79 235 244 254 70 187 276 321 565 188 341 257 415 214 330 461 380 204 329 335 145 72 113 502 81 193 412 310 489 145 364 310 182 169 318 301 98 186 213 486 113 165 119 217 588 592 445 282 59 143 378 300 79 104 201 302 118 98 251 376 70 147 354 206 617 139 373 367 189 243 329 338 128 499 263 421 76 226 176 327 279 143 235 280 63 138 313 273 159 308 306 274 148 223 323 198 0 126 262 303 80 239 260 423 111 157 349 380 113 202 284 561 199 157 316 378 70 481 288 272 108 248 335 318 162 17 344 350 160 311 199 379 139 160 238 253 112 160 245 403 37 106 336 276 96 73 313 233 141 169 267 333 545 302 268 113 74 141 329 672 74 101 201 419 107 157 440 351 78 150
64 417 79 244 257 210 248 106 228 300 171 188 234 172 232 80 281 403 217 176 373 361 180 315 102 445 195 78 190 321 215 129 199 364 185 209 247 219 147 421 294 344 199 30 124 289 182 73 300 346 458 401 161 187 48 196 199 307 169 181 91 370 157 498 124 423 96 124 311 338 538 306 186 255 189 164 246 305 61 216 532 254 177 118 211 344 53 139 232 311 70 128 148 276 206 254 175 238 241 57 334 561 137 65 220 353 188 138 277 382 162 86 365 402 191 52 453 319 127 293 77 266 50 469 250 340 95 106 184 260 82 206 324 200 156 32 285 273 186 197 117 279 203 138 234 317 132 206 263 347 167 83 382 290 176 193 255 273 217 138 284 194 350 363 522 255 132 91 210 390 75 108 114 380 119 245 225 332 128 113 174 221 176 304 196 381 188 185 215 309 149 501 335 344 217 189 409 277 271 49 220 244 141 77 280 311 142 99 244 222 205 125 182 140 116 110 322 225 186 138 295 214 138 156 194 480 200 243 375 182 206 117 315 288 140 83 235 371 113 202 249 355 531 63 181 499 196 62 207 444 99 336 596 260 97 70 199 391 43 252 294 328 134 96 253 157 94 82 172 104 115 38 131 209 205 478 178 293 157 126 150 284 26 189 534 400 95 172 357 350 179 90 143 188 288 105 199 446 214 429 365 311 189 136 312 292 162 58 91 218 202 126 147 426 137 339 230 254 333 127 206 447 68 145 203 199 124 41 281 295 203 112 166 195 68 68 222 333 521 168 272 179 389 130 256 469 490 107 267 317 128 138 43 487 50 72 528 287 402 138 271 269 162 87 213 272 71 138 122 459 176 82 11 247 476 588 433 282 105 149 351 311 104 63 209 278 132 137 138 359 146 120 291 201 494 111 312 407 122 117 285 316 133 468 180 439 52 125 53 312 348 142 112 298 82 159 220 226 52 286 216 276 24 182 260 200 126 0 186 314 203 268 196 418 172 34 266 397 79 240 171 440 172 55 240 379 166 604 256 243 134 123 220 272 66 139 243 341 143 195 145 313 264 199 182 296 121 58 139 327 95 117 255 261 47 130 203 251 27 138 185 314 420 218 180 80 128 137 209 550 132 103 85 427 192 153 388 334 69 78
206 260 265 195 441 119 402 93 70 212 319 225 51 153 418 152 144 269 393 139 245 273 354 436 90 307 366 163 373 210 348 59 34 261 324 128 104 156 330 426 221 198 311 159 70 128 350 125 441 202 578 486 109 140 234 10 13 157 301 137 100 192 337 350 64 280 278 136 133 154 437 172 28 84 344 298 105 176 247 117 515 81 340 137 57 265 229 118 87 174 235 99 40 148 252 202 115 72 411 131 148 714 311 122 38 281 372 128 91 241 343 163 194 217 348 153 523 218 216 424 120 137 219 433 161 176 278 205 30 132 267 82 144 81 293 161 197 137 294 49 81 141 358 50 80 132 304 270 120 202 353 136 218 106 284 28 136 183 403 83 138 144 344 237 542 195 273 97 25 246 243 230 136 215 287 102 78 164 287 84 157 95 177 271 77 226 333 189 71 136 335 543 152 214 402 9 556 163 377 140 100 94 303 109 117 166 204 245 58 177 321 120 18 171 299 170 179 129 303 64 130 144 256 103 48 653 372 73 200 230 382 122 149 130 265 232 60 527 248 144 66 198 345 126 29 333 257 124 115 338 256 170 555 167 235 241 91 322 218 138 155 157 320 259 88 67 277 105 114 126 197 156 56 26 326 433 163 142 263 224 75 115 202 109 714 315 98 98 174 204 358 99 204 192 447 154 19 318 400 294 187 140 304 62 162 119 262 158 134 188 387 300 45 356 319 159 47 238 501 166 78 296 174 89 87 102 255 151 96 152 335 147 20 34 196 138 53 222 338 108 85 8 562 57 71 331 518 82 82 171 128 215 161 664 195 141 571 140 521 135 107 104 347 261 91 121 255 80 66 287 352 106 197 196 533 767 612 171 276 147 186 205 282 162 149 132 316 188 102 205 314 120 105 128 502 126 127 321 297 171 113 164 319 637 18 317 203 76 155 170 527 141 146 206 253 165 62 66 222 142 53 170 170 69 76 139 262 186 0 208 338 206 24 272 349 190 87 281 265 205 105 465 355 228 55 244 326 667 107 105 316 166 134 101 238 265 100 200 329 128 67 463 384 190 41 241 305 128 80 143 252 166 74 135 230 303 102 179 204 104 14 165 367 42 28 149 301 139 158 559 208 164 123 296 360 133 204 183 247 117
364 139 372 91 514 107 419 218 263 30 348 191 222 149 510 237 331 96 449 346 420 66 413 618 264 137 416 243 454 10 350 222 237 54 341 106 297 97 417 267 424 77 303 285 211 111 400 243 611 74 519 683 154 128 347 210 208 329 319 135 269 172 413 489 224 123 369 191 268 186 613 52 235 145 377 320 298 44 357 103 721 149 384 198 151 64 326 175 121 354 319 295 231 62 453 85 322 146 451 267 220 875 381 263 182 82 452 177 205 87 469 236 324 226 381 262 725 11 242 600 288 72 314 636 365 116 372 250 181 77 373 130 166 133 320 283 398 75 288 160 212 74 384 234 272 234 372 230 307 76 460 231 356 233 283 181 334 42 506 185 86 122 192 56 380 76 314 242 197 97 326 276 202 135 353 108 276 128 342 267 363 115 158 118 138 111 354 394 271 139 436 401 262 47 488 216 723 45 337 289 303 117 356 258 288 72 216 406 195 104 313 189 226 368 388 219 67 92 303 197 118 351 281 160 162 789 512 149 318 203 439 197 301 106 292 301 240 526 295 113 222 104 353 282 237 223 223 267 323 134 320 122 755 54 292 384 299 120 357 71 336 132 416 331 135 174 404 251 321 210 234 277 226 217 322 635 368 90 272 406 278 131 313 128 833 107 272 146 191 79 427 265 215 156 463 216 219 133 491 120 302 131 301 256 85 140 266 258 315 118 471 439 204 151 403 170 219 131 525 201 283 152 257 174 293 122 294 301 225 74 341 337 215 174 274 305 160 19 300 147 205 214 698 231 212 160 366 257 184 75 187 230 272 792 286 311 427 85 705 178 279 126 462 401 296 99 359 186 244 205 416 247 321 88 738 888 736 38 349 171 120 3 366 255 107 88 409 206 302 98 373 194 192 113 710 203 194 113 436 360 137 86 416 779 226 124 293 266 315 67 575 175 336 24 336 168 258 145 365 81 249 40 313 152 182 115 303 314 208 0 346 69 184 123 414 337 244 83 375 106 312 673 476 369 216 77 370 535 107 103 402 358 341 139 380 294 293 66 440 336 187 626 360 143 173 80 399 274 279 249 319 210 233 73 337 373 309 70 341 178 222 79 569 232 236 236 372 179 366 767 229 222 299 117 407 162 212 83 340 242
256 482 167 255 190 282 73 247 400 319 37 156 389 217 208 188 466 441 121 376 564 359 100 454 282 480 91 177 153 356 12 284 365 376 18 274 427 262 143 301 495 409 45 209 269 385 81 221 419 409 255 560 247 243 176 349 351 487 38 239 274 475 125 683 280 468 139 207 471 459 739 368 351 372 46 41 427 363 170 291 729 373 65 203 330 338 153 228 334 497 134 321 312 344 403 261 371 356 110 230 471 626 104 238 358 336 153 219 419 432 235 176 532 522 49 198 619 344 125 423 270 338 154 671 447 427 144 134 320 335 164 306 440 301 48 203 484 350 58 320 258 355 44 303 408 463 100 119 445 411 197 204 555 441 64 329 445 308 221 258 367 245 261 401 373 271 72 253 356 443 130 110 204 463 98 340 402 428 81 295 376 314 197 264 300 449 23 388 392 416 175 335 488 391 184 345 501 332 81 241 406 345 75 250 452 384 143 273 386 245 37 221 343 343 138 169 390 291 43 275 395 412 82 250 318 506 286 363 538 143 115 218 486 382 74 121 398 191 95 253 403 432 659 252 347 567 124 239 400 442 104 428 797 303 111 230 386 359 220 318 479 426 159 110 365 278 206 250 368 212 142 206 290 364 27 680 381 378 80 319 335 391 177 270 524 384 280 264 475 414 122 270 144 194 118 185 356 468 194 463 525 413 45 313 391 403 84 189 292 230 171 243 293 386 134 453 385 223 179 177 387 498 169 255 388 285 85 240 431 371 6 314 322 327 151 267 347 364 626 254 415 334 424 293 404 500 337 284 401 390 215 129 194 499 161 273 359 369 533 212 442 375 211 229 398 363 159 260 292 542 109 245 195 258 648 580 442 332 110 207 437 344 126 183 256 362 148 159 332 430 85 220 425 266 687 213 443 389 240 320 395 395 158 507 341 455 155 306 255 382 231 209 314 322 128 196 392 342 229 367 385 324 226 293 395 255 80 203 338 346 0 278 335 469 108 233 425 416 170 240 364 629 228 225 392 423 60 416 351 335 135 326 416 384 228 73 423 402 193 391 273 414 64 206 311 283 148 240 325 477 109 175 412 334 166 102 393 279 215 240 344 389 623 379 346 191 105 208 409 741 135 175 281 458 82 222 506 406 144 229
325 208 318 25 450 87 350 186 271 41 281 123 235 97 449 188 344 163 384 334 441 94 348 580 239 203 350 192 391 79 281 201 239 103 273 79 306 55 357 227 427 141 234 241 186 149 335 203 568 139 453 655 119 84 296 211 210 348 252 91 241 228 351 524 201 191 311 144 297 232 635 106 233 168 310 253 307 98 304 89 719 172 318 150 154 76 272 135 131 370 262 276 217 94 430 17 313 162 384 229 261 826 319 226 192 85 390 132 231 156 416 184 357 282 314 216 700 67 179 560 258 96 260 638 367 173 315 190 176 98 319 124 211 125 254 238 403 107 220 157 183 109 317 217 281 268 310 161 319 142 402 186 388 260 215 179 341 39 447 156 124 78 146 124 343 13 249 210 202 167 268 215 155 199 292 124 282 180 279 245 348 115 98 68 129 179 287 377 276 182 378 354 297 116 426 215 677 74 268 252 305 134 292 225 306 125 154 365 212 46 244 147 223 345 329 164 126 78 235 174 160 347 216 126 159 734 462 167 355 136 374 155 326 145 227 242 252 456 232 72 239 168 414 248 234 292 154 231 320 179 260 177 761 47 231 338 296 126 311 80 352 182 358 271 158 153 353 218 310 167 175 233 206 222 254 639 354 133 205 373 265 167 262 101 773 132 245 118 242 145 364 237 153 92 394 164 221 193 430 186 339 176 232 239 137 178 199 210 287 54 409 390 187 161 343 219 231 63 456 146 283 221 205 144 293 104 230 263 251 119 272 312 206 173 219 273 169 86 366 114 230 210 643 212 232 224 324 232 209 130 142 167 225 735 234 280 382 125 668 131 297 156 407 353 297 131 304 158 223 273 352 213 273 22 716 829 679 69 289 120 179 67 307 206 64 122 349 146 285 163 309 152 224 82 702 160 232 138 387 333 172 139 357 726 222 182 240 247 279 122 508 126 311 45 278 112 265 155 321 121 255 61 272 139 206 75 239 268 206 69 278 0 184 192 350 295 263 141 321 38 302 660 421 324 230 146 304 487 130 118 342 332 339 169 334 229 302 131 384 329 164 580 290 79 166 35 340 238 263 284 259 155 251 94 284 311 307 27 295 142 220 132 573 240 232 189 310 131 358 759 167 169 270 181 341 116 267 143 284 204
221 239 273 175 447 98 401 95 87 189 317 213 58 138 427 152 162 246 396 163 262 249 357 456 105 284 367 163 379 186 344 67 55 237 321 108 123 136 337 407 243 176 305 167 73 106 352 129 460 179 570 509 96 123 242 27 26 171 298 121 114 177 342 361 72 258 284 129 138 142 455 148 51 64 344 295 124 153 255 95 538 62 341 132 33 241 234 108 64 190 239 120 57 124 275 181 139 50 412 139 141 733 315 131 25 257 378 119 86 218 355 161 201 207 347 157 546 194 210 444 135 114 224 455 183 156 284 201 15 108 275 60 129 60 290 169 219 114 287 27 83 117 356 65 98 130 307 259 137 179 362 136 227 107 278 6 157 160 412 77 114 127 325 213 523 173 272 105 22 224 247 228 131 196 289 78 98 144 288 101 181 72 164 250 56 205 331 212 91 118 343 525 153 191 409 31 575 139 368 151 121 71 304 119 130 143 196 261 52 158 315 114 42 193 305 165 156 107 297 63 110 167 252 91 26 668 386 52 205 219 385 117 158 108 262 233 72 524 247 125 69 177 338 139 53 314 246 134 139 314 257 150 577 145 234 254 115 299 230 115 171 138 327 262 66 57 289 114 138 123 192 162 67 39 321 455 186 119 257 243 97 95 209 91 727 291 114 83 161 182 362 113 196 177 446 150 37 295 408 271 191 121 298 82 139 101 256 161 153 170 393 314 49 332 325 144 54 220 501 159 100 275 175 80 110 82 253 164 96 129 331 168 37 12 197 153 31 198 326 93 81 31 577 69 70 309 500 97 72 148 120 208 166 678 198 157 554 117 542 126 120 83 358 275 113 98 263 75 81 269 355 114 206 176 556 781 626 147 279 136 166 181 287 164 130 109 323 180 124 183 316 114 96 109 526 122 117 297 311 191 94 142 326 653 41 293 207 95 169 147 530 131 167 182 257 153 81 43 235 119 71 147 182 51 65 121 260 196 24 184 335 184 0 250 352 203 94 257 274 185 128 489 367 240 59 221 327 652 83 82 322 187 158 82 251 262 118 178 338 151 62 481 378 174 24 219 312 139 101 143 254 160 80 111 237 307 125 157 215 95 38 143 389 57 51 149 305 130 181 582 202 160 140 272 361 122 193 161 252 122
460 33 484 214 634 210 542 315 303 151 470 314 262 265 628 346 354 36 570 408 424 137 534 705 349 41 537 354 572 114 473 307 290 109 464 214 330 214 534 353 458 75 426 388 301 144 521 345 705 73 634 757 259 242 457 269 266 342 442 248 356 126 532 460 310 13 484 302 271 167 606 113 294 188 499 442 332 114 468 203 752 192 506 308 220 153 438 283 192 368 434 370 306 142 523 208 383 200 574 366 206 975 500 360 235 166 571 287 223 38 578 348 310 169 503 368 792 126 362 691 377 153 427 663 404 100 486 368 253 158 485 215 157 220 442 387 430 146 411 233 306 140 507 312 310 231 491 353 335 72 573 338 341 244 406 248 368 162 621 281 138 237 292 69 456 199 434 336 251 28 441 395 312 74 472 177 317 117 462 348 427 199 278 230 224 48 477 459 317 145 551 489 252 79 606 276 819 144 459 385 347 181 477 352 307 109 337 502 233 226 436 297 288 443 504 334 97 196 426 287 142 402 403 263 237 898 618 199 298 326 560 304 306 142 414 417 278 648 414 228 254 75 265 375 298 101 346 364 373 117 438 109 773 169 410 486 350 181 460 168 355 124 531 448 184 264 511 345 382 317 353 381 309 268 446 658 432 131 394 491 346 159 421 230 947 149 358 246 159 69 547 354 336 278 586 328 275 67 608 37 284 138 424 331 111 159 388 366 399 240 589 544 286 193 520 150 261 252 648 317 331 30 369 273 343 219 415 398 241 125 464 417 286 243 387 395 219 107 197 251 227 280 807 313 241 62 450 341 211 103 296 351 378 904 398 400 512 135 791 289 302 167 574 505 342 152 471 282 326 98 536 342 426 211 800 1002 849 142 467 285 92 126 482 364 222 144 524 325 373 67 493 301 204 222 753 311 192 150 541 440 163 108 530 886 288 77 406 343 408 107 698 288 416 147 452 286 302 207 467 134 294 150 413 240 213 228 423 418 272 123 469 192 250 0 533 436 267 78 486 229 373 724 586 471 253 46 491 624 169 177 518 436 388 173 482 415 328 77 552 391 278 724 482 265 249 196 514 371 351 242 436 325 262 157 447 491 359 191 443 281 283 108 594 278 297 345 490 292 419 807 349 336 385 45 529 274 161 88 454 342
202 540 101 325 100 329 99 257 398 390 80 229 399 269 104 202 453 509 45 344 544 439 12 355 272 551 30 192 46 423 117 290 367 452 97 323 419 319 43 408 459 466 145 193 280 426 29 224 316 466 323 466 284 293 127 359 362 479 108 288 261 515 22 670 285 535 77 239 479 490 702 424 354 403 63 105 418 421 115 337 660 403 44 233 358 418 121 261 370 483 113 300 314 397 340 333 346 386 71 221 493 518 37 229 377 420 45 254 438 496 134 195 535 555 61 196 526 414 172 323 250 388 130 611 420 475 79 166 339 384 98 342 473 336 101 189 453 399 148 345 269 405 71 304 405 480 45 208 436 468 91 217 553 455 147 348 427 372 113 280 414 297 362 469 481 340 100 252 371 505 105 138 232 513 64 381 396 471 72 284 338 354 255 352 334 506 86 342 387 453 73 441 501 454 79 354 394 390 187 221 392 383 57 243 451 436 197 203 404 309 141 249 348 298 60 202 445 341 135 290 435 383 134 283 343 401 182 392 545 217 34 243 486 425 124 121 403 207 119 306 414 484 689 234 349 626 208 228 379 525 98 473 734 364 125 164 371 449 166 370 466 468 63 91 398 301 127 246 343 233 181 194 294 374 132 623 342 425 149 257 322 428 150 312 427 470 266 300 508 471 15 259 198 258 126 212 364 543 87 534 533 453 139 306 441 438 156 191 261 297 64 154 305 478 42 488 395 306 162 218 378 563 178 282 375 326 119 214 445 421 113 278 329 348 156 240 373 432 669 292 433 343 317 294 419 573 445 276 424 443 247 183 187 397 154 243 464 417 431 250 442 412 108 154 385 406 103 281 289 594 3 243 161 328 558 483 339 392 73 250 485 411 68 189 311 408 56 208 310 484 41 246 448 314 611 237 468 476 152 275 430 445 63 400 346 532 145 296 223 435 178 249 278 391 96 247 390 372 172 415 385 384 195 322 417 307 111 172 349 414 108 350 352 533 0 190 433 491 103 313 342 550 124 166 404 489 52 513 392 376 45 283 391 418 164 122 415 460 93 365 293 308 163 271 333 363 62 226 311 492 101 211 421 384 125 45 376 344 170 269 350 440 571 385 348 205 48 246 376 663 184 203 257 530 33 263 540 459 104 232
31 432 90 272 266 231 273 121 222 325 199 221 233 199 236 110 267 423 233 154 355 387 199 285 100 465 215 109 200 344 245 136 197 388 215 231 236 244 159 454 270 361 232 54 136 302 204 94 274 364 487 368 183 213 63 198 202 295 200 206 90 379 172 482 132 442 113 151 306 344 514 324 184 265 215 195 235 325 75 236 499 263 201 145 223 371 80 162 246 296 99 115 150 295 173 281 158 249 260 71 336 540 157 76 226 381 198 163 279 400 153 117 357 407 216 80 419 343 161 265 71 284 80 438 230 353 111 140 193 278 93 222 332 216 186 59 264 291 219 209 131 296 229 140 226 317 154 240 252 365 167 109 371 289 209 201 240 297 217 155 300 219 383 384 556 282 162 101 214 408 103 141 140 394 143 261 216 344 155 109 149 238 206 334 212 397 216 156 207 319 154 535 332 364 223 191 386 298 303 52 207 258 167 85 271 328 175 70 247 250 237 149 182 111 131 141 340 246 219 151 308 194 172 177 205 466 184 253 368 215 224 141 307 302 173 115 232 393 145 227 249 370 533 64 179 513 230 72 191 469 129 349 564 284 130 52 186 419 29 272 280 339 143 123 265 172 89 92 155 128 148 63 136 210 236 448 153 308 191 92 141 295 57 210 525 427 92 192 363 368 195 90 176 219 311 134 200 468 218 449 359 322 222 133 328 302 196 88 73 247 210 111 156 454 151 347 231 285 351 157 196 464 101 164 191 218 157 39 281 312 233 88 170 204 102 56 231 356 528 190 274 182 375 134 257 489 524 108 271 334 153 172 72 475 84 56 562 303 373 164 263 281 160 72 201 287 87 155 123 470 193 94 39 275 442 578 423 304 129 176 364 334 124 94 234 294 143 170 123 374 169 144 295 224 461 136 316 434 108 88 295 331 142 452 180 461 85 120 37 329 360 170 88 322 107 189 214 237 32 303 212 298 24 197 265 224 157 34 190 337 233 295 203 436 190 0 263 420 89 269 155 406 166 38 240 399 191 637 270 259 148 95 202 282 48 172 233 359 143 175 159 289 295 229 192 324 133 66 130 326 124 148 253 280 69 152 189 276 20 159 186 330 391 216 179 108 149 164 186 517 166 134 73 448 213 179 394 350 92 95
273 246 345 259 523 184 489 180 47 257 405 306 36 232 497 239 89 276 477 161 178 310 439 475 165 307 451 250 455 242 435 144 66 291 411 194 64 221 412 490 191 205 398 241 157 137 436 210 488 210 663 507 190 214 314 77 75 86 388 213 175 156 420 268 148 278 360 221 46 110 372 195 80 99 431 386 66 203 327 178 487 95 426 224 113 307 312 202 132 110 320 153 119 182 277 264 138 102 496 213 83 763 396 204 75 324 453 212 44 246 414 250 107 160 434 238 534 254 302 469 192 175 303 399 138 168 360 292 108 170 347 145 112 147 380 244 163 168 380 116 168 169 444 129 49 58 389 352 68 209 430 223 133 30 370 100 101 232 480 169 159 217 409 254 606 254 360 181 71 247 328 317 222 197 372 140 59 150 373 155 181 150 257 331 145 219 420 211 64 123 414 613 69 232 482 81 604 202 462 217 87 130 389 191 44 181 290 307 51 245 408 206 85 212 381 257 193 188 390 151 133 142 343 185 117 714 438 97 113 313 467 208 65 141 352 318 31 614 335 214 25 193 272 203 85 303 340 205 116 358 342 158 514 218 321 312 99 364 292 185 93 143 400 345 109 151 352 187 139 213 284 239 140 61 413 395 185 157 349 274 125 116 284 181 781 349 172 175 127 210 442 176 290 270 534 241 70 326 479 297 101 131 390 131 171 111 348 244 196 259 468 369 132 394 401 123 41 307 587 252 80 286 261 173 91 170 342 227 28 172 422 199 105 103 282 208 96 252 280 186 41 92 625 139 32 329 586 158 61 183 213 301 246 728 280 209 641 160 555 219 36 118 422 333 85 144 337 166 145 252 436 190 277 259 538 833 679 210 360 230 175 241 366 248 218 156 398 273 150 203 400 206 64 198 486 213 79 354 367 220 111 172 399 696 87 328 288 143 226 186 611 224 199 249 337 247 52 109 294 164 51 213 247 144 61 210 349 266 87 244 425 263 94 267 433 263 0 300 345 272 131 459 428 300 36 254 413 742 138 147 399 213 127 106 309 352 62 212 405 138 153 515 470 266 118 297 387 208 135 63 338 252 14 174 311 388 104 237 280 188 83 177 330 48 86 236 386 224 162 540 294 251 191 302 445 215 151 189 330 202
447 109 455 166 591 190 488 301 327 101 422 263 285 230 590 319 389 42 525 420 470 63 490 700 344 67 491 325 532 77 419 302 307 40 413 189 359 179 497 275 488 97 371 368 293 163 476 326 694 91 562 763 237 211 430 281 278 382 392 217 350 186 492 521 304 69 450 274 315 217 659 109 307 206 450 394 361 105 440 185 785 211 459 281 224 82 408 259 194 408 400 373 308 133 530 158 396 213 524 350 255 958 460 345 250 92 531 260 257 65 552 318 363 236 454 345 802 79 320 682 370 145 397 698 431 140 453 330 256 151 455 208 201 212 395 366 461 144 358 235 294 140 456 312 336 276 451 297 367 93 541 314 395 282 354 254 397 124 587 267 145 205 217 46 378 151 390 324 266 70 407 355 285 134 432 179 341 157 420 347 438 192 237 161 217 102 427 469 338 180 517 411 301 68 567 287 806 124 396 372 370 187 434 340 343 119 294 489 256 183 381 272 299 446 469 300 107 174 373 278 167 421 357 243 238 871 595 214 353 276 515 280 349 160 368 381 303 587 373 196 281 117 342 364 310 174 292 350 392 58 400 150 814 137 371 467 369 103 440 151 392 164 497 411 199 255 487 333 395 294 314 360 306 285 391 695 443 144 345 487 354 183 395 210 913 71 353 228 215 93 505 346 293 233 530 298 289 52 571 52 338 171 371 333 128 189 339 341 396 194 550 522 283 117 483 199 283 193 593 283 351 99 339 257 363 204 371 384 277 131 411 417 291 248 355 387 229 64 275 230 259 288 780 311 270 85 371 337 239 117 270 308 355 874 369 393 434 143 787 261 336 185 544 484 363 162 441 268 324 176 493 329 404 163 814 969 818 117 429 253 138 86 447 338 189 150 489 285 379 106 450 277 240 196 779 286 235 72 519 440 189 127 496 862 299 42 376 344 397 114 647 257 416 101 417 249 324 215 448 141 315 122 396 232 240 198 380 397 281 83 416 141 257 78 491 420 300 0 457 178 385 745 558 452 278 51 445 545 175 176 482 437 410 195 463 370 356 88 521 408 268 709 421 220 250 134 480 357 356 290 399 291 292 148 419 451 378 150 424 261 294 123 630 299 308 319 451 262 437 835 308 304 380 45 482 245 224 112 422 325
99 487 4 295 179 276 194 181 306 357 133 218 313 227 153 140 355 467 146 242 443 414 114 292 180 509 131 132 112 383 182 207 278 421 152 273 323 278 70 436 356 413 184 107 202 362 121 147 265 415 416 393 227 247 32 275 278 382 145 241 170 447 84 571 203 490 31 184 390 416 599 373 265 332 140 140 322 372 19 283 564 331 123 178 287 395 49 203 305 384 61 202 227 344 239 304 246 315 175 135 413 507 75 144 299 402 110 200 356 449 96 139 442 480 141 120 451 378 151 264 155 334 60 511 318 413 27 133 262 329 6 278 401 272 131 105 351 343 176 273 193 349 154 217 312 397 75 218 339 416 89 149 459 369 170 271 328 333 139 211 355 253 375 427 527 309 112 169 289 458 57 117 174 454 72 318 302 407 90 191 236 292 223 343 269 452 149 238 293 385 70 497 414 409 138 269 364 342 249 128 295 318 96 156 357 381 173 104 323 275 186 190 261 195 44 157 392 290 170 214 370 282 136 224 270 414 143 320 454 208 136 182 393 362 132 84 314 310 108 262 329 427 610 142 260 571 212 141 279 500 79 410 635 322 99 62 273 436 63 318 369 403 55 67 329 231 39 161 243 169 148 112 210 288 181 522 239 365 158 155 227 360 66 256 461 451 173 241 435 419 107 169 174 232 228 159 278 508 134 493 443 386 175 215 384 369 165 121 161 267 123 79 225 470 63 416 310 293 264 175 282 515 118 216 278 268 118 118 360 365 172 175 245 272 102 142 299 394 599 235 351 258 323 209 335 533 493 187 345 388 190 164 110 418 88 144 523 358 376 198 349 344 88 59 289 345 17 211 201 533 107 160 68 299 479 516 363 346 60 204 424 372 44 122 268 349 54 177 211 429 91 185 369 264 518 176 391 457 76 172 361 387 54 405 259 499 81 203 124 382 272 200 176 356 51 209 299 302 68 357 295 339 99 255 339 261 113 79 265 375 170 321 274 486 103 89 345 457 0 288 243 459 101 63 319 445 117 586 329 315 60 180 290 348 62 130 320 410 66 264 220 269 233 244 259 343 44 137 215 406 77 166 334 330 39 72 277 307 69 206 264 384 469 297 259 141 69 196 273 572 160 153 159 491 130 213 466 404 39 153
299 244 285 17 412 88 313 168 273 79 244 85 240 71 413 160 347 200 346 323 446 128 311 554 223 240 313 163 355 116 244 189 238 139 236 78 308 50 321 222 423 175 197 215 172 172 297 180 540 173 423 633 104 68 264 212 211 355 215 73 224 256 315 537 188 228 277 119 309 255 640 136 231 182 272 216 309 130 272 93 711 185 281 124 159 108 239 114 142 375 228 263 209 119 413 21 304 173 346 206 280 794 282 204 197 114 354 109 244 193 383 154 371 309 276 189 680 104 143 533 238 118 228 632 364 202 280 156 174 118 285 127 233 126 216 211 401 130 182 159 167 134 279 207 283 284 273 124 322 176 368 161 401 273 177 180 341 70 412 141 148 62 140 161 337 31 212 192 206 203 234 179 129 232 256 139 282 208 242 231 336 123 65 70 129 213 249 363 275 205 343 342 313 152 390 214 647 101 234 229 303 148 255 205 313 155 118 338 221 28 207 125 220 328 294 132 158 85 197 163 182 341 179 112 159 699 430 179 370 98 337 132 336 168 190 207 256 420 196 61 246 200 443 227 230 328 116 209 315 214 224 205 757 71 196 309 292 151 283 99 356 209 323 235 172 144 321 199 301 143 140 206 195 224 216 635 342 158 167 351 256 186 232 95 737 163 229 109 266 179 327 219 117 56 357 135 221 231 394 223 354 200 195 229 165 198 161 182 269 22 373 360 178 185 307 243 236 36 419 115 281 258 175 130 289 104 194 239 263 146 235 294 201 174 186 252 176 123 398 102 242 207 609 200 241 261 315 217 222 160 119 131 197 700 202 259 370 149 642 106 303 174 373 323 295 151 271 144 211 307 315 193 244 19 698 793 643 99 253 93 210 104 272 177 55 145 314 111 273 196 272 130 240 76 690 136 251 169 356 315 192 168 322 692 219 219 208 234 256 152 470 100 294 82 244 81 266 163 293 146 256 90 246 135 218 65 202 240 205 106 240 38 185 229 313 269 272 178 288 0 293 646 387 295 237 183 267 471 147 132 306 315 334 186 305 191 304 166 349 321 153 551 255 44 164 56 305 216 252 300 223 124 259 115 252 274 302 44 267 125 218 161 569 242 229 161 274 105 350 747 131 138 252 219 304 94 293 175 251 182
154 358 244 287 420 215 417 136 84 314 336 290 117 229 389 184 113 373 386 35 202 375 351 344 85 409 366 193 355 314 376 105 83 365 347 223 86 248 313 511 137 301 349 157 123 230 353 148 357 305 617 385 189 225 215 105 108 141 327 220 92 280 326 328 107 383 265 194 167 236 376 277 79 185 357 324 84 281 228 215 418 181 347 192 161 366 224 185 192 141 238 44 85 253 151 295 11 175 412 135 214 631 308 127 138 381 353 194 164 344 296 197 207 291 360 167 419 321 257 337 95 242 218 340 83 275 264 239 131 236 247 183 232 180 316 162 121 242 332 152 131 246 372 86 84 190 303 327 100 305 319 170 219 162 322 131 85 283 367 153 242 230 431 341 624 289 293 119 122 349 244 257 188 312 289 206 74 260 296 72 54 197 250 362 176 326 353 86 68 232 307 618 196 319 377 98 472 266 420 125 54 199 310 116 124 270 255 183 143 266 358 180 87 80 285 215 283 227 338 131 231 50 288 181 149 585 313 175 221 291 376 177 159 232 293 244 105 541 269 233 129 299 400 113 76 426 314 126 36 442 265 267 466 268 254 197 35 422 182 241 126 254 297 264 190 149 240 118 9 173 238 159 99 105 360 344 59 245 301 144 37 214 195 200 656 418 85 185 254 307 348 96 256 265 458 199 99 422 372 397 214 237 340 65 265 216 303 177 82 273 364 249 115 457 305 245 116 323 503 220 52 396 198 163 42 198 280 129 157 256 363 74 97 138 214 103 157 326 411 191 159 98 497 93 142 434 597 85 168 274 188 261 171 600 204 100 646 244 426 200 119 206 309 216 51 225 239 149 85 376 346 124 181 288 429 706 553 274 275 215 284 308 274 183 240 236 297 241 33 306 316 177 185 220 401 177 204 424 247 91 211 267 297 566 87 421 211 63 120 274 515 207 73 307 252 234 81 171 181 246 85 273 147 164 164 229 284 171 105 312 364 302 128 373 342 155 131 385 243 293 0 361 312 188 126 348 335 735 211 210 302 83 51 200 195 293 83 304 295 30 140 384 420 268 139 337 287 124 43 193 261 215 127 239 217 301 35 275 174 172 91 269 279 98 77 181 298 203 57 458 254 207 86 399 362 206 281 286 240 140
378 704 463 642 569 575 648 478 422 675 592 620 463 576 522 503 377 729 580 328 353 737 562 244 423 763 580 507 530 675 641 459 439 726 611 581 395 605 507 853 272 657 635 452 474 585 575 473 298 661 873 152 542 578 454 464 467 399 600 572 422 613 528 440 459 735 490 532 467 567 329 636 439 540 598 595 393 641 459 576 130 536 580 528 523 726 480 532 553 374 500 383 444 613 236 651 351 533 615 448 533 472 532 447 495 741 529 538 502 699 425 515 460 603 599 475 122 682 566 273 410 603 483 150 321 625 486 545 492 597 465 544 571 541 586 457 300 602 624 513 478 606 612 443 414 506 533 645 393 661 471 495 443 485 615 493 359 644 491 505 600 585 777 700 960 647 563 455 480 703 502 548 524 656 531 567 408 608 548 415 312 559 592 715 537 677 609 283 409 579 480 941 495 678 529 458 352 628 705 426 377 559 555 443 423 628 576 356 492 620 640 523 447 318 497 538 641 588 622 485 584 324 577 534 511 517 393 532 478 617 575 517 437 588 577 520 447 749 550 588 471 650 664 424 436 758 634 443 353 803 529 616 219 629 535 399 377 783 412 602 380 601 487 520 547 507 426 449 352 508 551 459 453 461 637 171 306 603 597 314 396 567 463 558 612 779 417 541 582 662 546 427 577 607 674 526 457 779 516 752 484 587 626 420 621 566 602 485 379 624 526 396 474 817 509 581 465 671 690 550 395 744 503 516 383 558 561 419 486 615 630 353 458 499 508 399 516 688 707 546 498 459 466 448 483 786 929 428 514 631 530 576 472 548 490 392 968 603 248 542 426 562 453 401 383 584 470 502 436 706 552 455 444 644 100 643 529 636 518 557 632 670 504 492 596 595 495 567 375 658 550 518 522 578 64 514 537 785 398 334 563 623 487 486 448 779 492 413 401 632 662 549 353 668 502 574 423 531 402 605 432 634 422 524 511 585 561 440 465 673 629 660 489 724 550 406 459 745 459 646 361 0 441 405 472 705 576 1042 571 571 506 333 337 554 401 576 397 661 459 338 496 332 692 613 501 694 490 437 397 500 525 542 463 600 465 531 367 634 420 521 452 626 187 448 438 501 528 545 308 113 569 529 395 755 582 553 599 641 486 468
158 587 103 396 131 376 220 277 386 458 194 314 399 327 86 240 423 568 143 301 500 514 135 232 266 610 152 233 92 484 238 299 363 522 214 374 397 379 85 520 401 513 257 202 296 460 153 244 192 515 441 345 327 348 130 364 367 453 217 341 255 542 104 631 295 590 112 285 471 508 634 474 350 427 185 213 396 472 119 383 559 426 165 279 383 495 150 304 403 450 159 277 315 445 257 405 312 410 178 228 502 411 126 236 391 501 90 300 445 549 18 240 519 572 184 219 406 479 247 200 237 434 161 521 376 511 108 232 356 429 102 376 495 370 205 202 403 443 255 369 289 448 195 305 390 483 133 307 412 516 33 249 531 455 251 364 394 434 58 309 455 354 465 528 601 409 193 262 380 558 153 212 275 552 144 416 379 504 163 274 289 391 323 440 367 551 206 281 371 481 53 563 498 510 88 357 275 443 309 215 366 416 159 247 434 481 271 133 413 376 256 290 348 245 99 258 492 391 245 310 467 341 224 324 366 313 59 415 531 303 139 282 469 460 217 181 398 308 198 362 415 526 699 229 345 670 303 233 345 600 168 508 638 422 194 116 346 534 137 419 437 499 71 156 425 328 78 253 310 269 247 208 300 376 248 535 290 464 244 186 305 456 165 356 362 550 258 340 528 519 114 256 272 331 236 260 366 609 76 594 523 482 249 299 483 464 251 221 234 367 85 64 319 567 96 510 396 390 249 276 358 615 219 315 352 367 205 204 447 465 232 238 335 366 203 221 393 495 692 335 440 347 222 299 423 634 565 273 437 487 291 260 209 317 189 220 587 458 307 298 427 441 17 96 362 443 117 309 289 630 125 254 162 399 439 417 262 447 140 305 522 473 120 222 369 448 82 276 284 529 145 286 460 365 504 276 482 556 66 226 457 486 72 305 346 600 182 286 202 481 229 301 239 457 144 310 379 398 135 457 377 440 185 353 430 362 199 172 355 476 228 421 367 586 124 166 428 558 101 387 312 441 0 128 406 545 168 637 427 414 95 235 352 444 119 215 394 510 39 326 316 186 286 344 354 442 87 228 294 491 167 267 419 430 139 131 347 408 151 306 352 484 491 382 345 241 129 297 327 553 258 254 238 592 157 314 559 504 137 249
36 468 65 299 234 264 256 157 258 355 190 239 271 227 201 136 300 457 207 182 384 417 176 261 138 499 194 133 170 376 237 173 235 419 207 264 271 275 130 469 294 397 231 84 173 338 184 127 245 399 476 352 215 243 49 236 240 328 195 236 128 417 146 513 169 477 92 180 343 382 536 359 222 303 200 191 270 359 56 270 505 301 184 173 260 399 76 194 283 328 96 150 188 330 179 309 189 286 237 106 374 506 137 113 264 408 168 193 317 435 115 141 392 445 201 108 407 374 175 238 109 319 81 449 259 390 89 154 231 313 68 257 369 251 182 87 290 326 221 246 167 331 214 178 262 355 136 251 286 400 132 138 406 327 212 238 272 329 180 190 336 249 401 417 566 311 159 138 252 443 97 148 169 431 129 297 252 381 144 146 174 273 230 358 248 433 206 176 244 357 120 541 370 398 190 229 354 332 300 89 241 295 154 122 307 363 192 50 285 278 236 180 220 133 106 164 375 279 218 187 345 223 175 210 242 429 147 290 404 231 198 172 343 339 174 117 269 372 147 257 287 407 570 102 217 549 242 109 223 500 124 386 574 315 133 15 220 446 12 306 313 376 112 115 302 208 52 129 187 159 165 92 174 248 233 460 177 345 196 94 177 332 66 243 487 456 130 226 401 403 168 128 193 242 291 160 238 501 184 483 395 359 222 170 364 340 202 113 107 273 177 74 194 480 125 385 268 307 327 181 231 500 121 198 226 253 158 77 319 347 226 116 207 241 115 93 269 388 566 223 312 220 338 172 295 523 533 146 309 370 183 187 98 438 97 92 568 339 349 193 299 318 123 34 236 323 68 190 161 508 169 130 51 302 432 540 385 337 116 204 401 366 105 118 264 330 114 190 157 410 152 175 333 256 462 166 354 462 70 111 332 367 112 416 218 493 95 157 74 365 330 198 117 353 98 214 251 274 7 338 249 331 59 233 303 255 157 55 228 369 225 324 240 471 166 38 300 452 63 295 188 405 128 0 278 433 177 637 307 295 122 118 232 320 11 173 268 394 108 206 195 257 289 253 230 351 105 103 166 363 120 171 291 315 61 134 223 306 28 192 224 366 406 254 216 135 130 193 213 517 181 157 110 482 193 208 432 386 82 129
253 235 319 225 495 149 457 148 50 227 373 271 9 196 472 207 115 258 448 159 210 282 409 469 140 291 421 218 428 215 402 114 46 265 378 160 81 187 385 457 211 186 363 214 125 114 405 180 479 190 628 509 154 179 288 45 42 118 355 177 151 154 392 304 118 263 332 187 80 111 405 170 57 72 399 352 83 177 301 144 508 67 395 189 78 278 284 167 100 140 291 138 92 154 276 230 134 70 466 185 96 754 367 176 40 295 426 177 40 228 393 217 142 170 402 208 540 226 268 461 169 145 274 421 153 153 332 258 73 140 321 110 106 112 347 216 183 140 345 80 136 142 412 102 58 78 359 317 91 189 406 191 169 51 336 64 119 200 456 135 133 182 375 232 573 221 328 152 36 231 298 284 188 188 342 109 64 137 342 132 179 116 221 298 109 205 387 210 64 108 388 579 97 210 456 50 595 173 427 192 94 99 358 163 76 158 255 290 21 210 373 172 58 203 353 223 171 154 355 118 112 149 310 149 81 699 420 66 147 277 437 174 101 118 319 287 26 581 302 179 11 178 292 178 62 300 304 178 120 336 311 145 540 186 289 291 98 335 269 153 122 130 374 314 81 116 329 159 134 180 250 210 110 31 379 419 183 133 315 263 109 95 256 146 763 322 148 140 130 191 413 151 255 234 502 207 41 308 453 280 133 115 356 108 150 94 314 213 178 223 441 349 100 367 374 119 10 273 556 217 79 274 229 139 91 134 310 203 41 147 389 186 75 68 251 186 61 226 291 151 35 61 609 110 17 315 551 133 43 161 178 267 216 711 250 188 607 135 552 184 66 92 399 311 89 118 310 132 118 251 407 161 251 225 547 816 661 181 331 194 162 213 337 217 183 130 371 238 136 187 369 172 59 162 503 179 80 328 347 208 91 152 373 682 60 309 258 122 204 163 582 189 185 219 308 211 49 76 272 138 42 183 223 108 40 175 316 240 55 216 392 230 59 253 404 240 36 278 319 237 126 472 406 278 0 234 381 707 108 115 371 202 135 83 288 319 78 191 381 139 119 504 436 231 83 264 360 182 118 88 307 218 22 144 284 359 107 204 256 154 55 155 354 28 62 204 356 189 167 558 260 217 170 284 415 180 158 170 302 172
424 67 443 168 589 170 496 278 285 105 425 268 242 221 584 305 343 25 525 383 421 97 489 673 316 66 492 312 528 67 427 273 267 69 418 172 315 170 491 316 444 49 380 349 266 120 476 306 670 44 589 730 219 199 416 244 240 334 396 205 323 134 488 470 276 46 441 260 266 166 608 75 269 165 454 397 316 74 427 163 741 169 460 267 190 112 397 242 160 360 391 340 275 104 496 162 359 174 528 328 205 938 456 323 211 126 527 245 211 15 538 306 312 185 458 328 767 80 317 657 343 115 385 652 388 90 444 324 222 121 444 179 151 185 397 348 416 110 365 202 269 106 461 281 293 226 447 307 321 45 531 297 344 235 360 219 353 117 579 243 107 193 251 23 423 153 389 300 227 24 398 351 270 84 428 145 299 108 417 317 402 163 234 185 189 52 432 433 297 132 508 452 251 36 562 250 784 102 413 349 328 151 432 316 296 78 292 466 213 180 390 256 262 414 461 291 65 155 380 251 122 381 358 223 205 858 579 174 302 280 515 264 301 117 368 374 260 602 370 184 237 66 296 340 272 146 300 327 352 106 394 100 766 125 366 448 329 148 421 127 345 114 489 404 158 229 471 309 358 277 309 341 276 245 400 649 407 103 348 459 319 139 381 190 905 119 325 207 164 44 502 319 291 232 540 286 250 74 565 50 287 124 378 301 85 142 343 325 367 194 546 505 253 166 477 149 241 206 602 274 310 75 327 235 322 181 370 361 230 93 418 386 257 213 345 361 192 61 234 211 213 252 767 281 225 90 414 308 194 74 254 306 338 863 356 366 477 104 759 247 290 143 533 466 322 123 429 244 294 136 491 306 387 165 777 960 807 99 423 242 87 80 439 323 179 112 481 281 345 55 448 260 192 180 737 270 186 121 502 410 144 83 488 847 262 75 364 313 373 75 652 245 385 101 409 242 282 178 429 103 274 106 375 204 195 185 378 379 244 77 423 146 221 46 489 399 254 51 445 183 348 705 545 433 234 0 446 587 138 144 475 406 369 152 444 370 312 44 510 369 242 688 436 220 218 151 471 334 322 240 393 282 247 119 406 447 338 146 405 242 257 80 584 257 271 304 446 249 398 792 305 293 352 51 483 232 174 65 412 304
210 500 114 280 146 291 82 233 382 345 28 182 377 229 155 175 442 466 79 342 537 392 46 394 258 506 46 164 97 379 71 269 349 406 47 285 406 278 83 357 460 426 93 179 256 392 30 203 359 426 300 502 250 254 130 337 339 466 57 249 248 482 65 660 264 492 86 205 459 460 704 385 335 373 24 54 406 381 121 300 680 373 15 200 328 371 113 228 337 473 97 292 294 358 355 287 341 356 86 205 467 568 45 213 351 372 97 220 413 454 175 166 517 524 25 176 561 370 131 364 240 350 118 626 416 438 89 130 312 347 111 309 442 303 51 174 452 361 96 317 245 367 38 285 389 456 42 157 423 428 137 190 538 432 96 322 419 329 164 251 377 257 311 425 433 295 58 233 347 464 91 101 199 476 48 346 381 436 40 270 340 319 213 303 302 466 37 348 372 420 115 395 478 412 131 332 442 349 141 210 381 350 25 226 435 398 155 221 379 266 90 217 328 302 80 167 405 303 83 264 401 380 88 250 314 453 226 362 526 170 70 212 470 390 78 95 383 205 82 266 392 446 660 223 330 586 158 213 371 477 71 438 751 322 92 179 361 399 173 331 455 434 99 71 367 272 150 228 338 204 143 179 273 352 81 636 343 388 100 271 310 395 141 276 477 421 254 267 478 431 66 245 156 214 123 180 343 497 139 489 513 419 88 291 404 406 107 169 257 252 116 185 281 428 74 456 373 257 174 180 365 521 152 252 364 290 78 206 422 383 64 277 308 321 131 234 344 388 635 257 408 321 368 275 395 528 397 261 397 404 214 140 169 448 134 238 419 380 473 214 425 379 151 175 374 371 109 253 272 556 53 224 156 283 591 533 391 351 62 213 448 367 72 165 271 372 89 168 302 445 26 215 421 276 635 207 441 427 182 280 398 407 98 452 326 486 126 282 219 397 209 213 277 347 85 207 373 342 181 378 368 342 190 292 390 267 70 166 326 370 60 304 327 491 52 191 413 445 117 267 335 576 168 177 381 446 0 474 357 341 75 286 386 387 178 76 402 420 133 360 265 354 121 227 306 316 89 213 299 469 76 175 400 346 123 45 367 301 172 237 330 402 581 365 329 178 48 211 375 688 143 170 250 485 37 227 509 421 99 211
664 653 582 485 550 558 419 600 737 509 453 446 709 515 590 554 812 587 501 757 913 490 502 867 652 605 485 547 549 543 405 634 701 519 434 548 771 521 554 271 872 610 406 598 616 636 484 590 829 606 232 976 558 529 588 676 676 823 442 531 647 707 533 1008 631 614 556 542 780 718 1104 585 691 652 453 447 772 577 584 564 1135 656 473 544 629 478 561 554 613 841 541 696 660 580 810 482 745 644 469 609 747 997 519 614 667 462 550 544 715 602 647 542 842 761 454 578 1035 526 483 836 652 583 559 1068 816 651 560 504 639 584 580 597 696 595 456 592 854 593 418 627 606 595 442 654 747 754 516 409 787 609 604 567 872 744 427 646 800 525 613 589 610 525 343 568 176 492 478 617 673 611 540 496 547 666 514 609 745 662 496 664 763 594 491 420 598 637 438 783 736 668 585 135 783 575 570 676 897 559 337 628 761 618 491 622 781 606 481 686 691 497 402 557 680 739 554 521 603 556 419 612 646 786 465 565 627 858 695 650 841 445 501 559 807 631 465 522 724 384 492 528 716 638 884 634 689 715 421 617 765 522 513 657 1195 534 507 644 745 443 630 566 822 665 572 522 642 601 622 619 742 562 501 592 640 690 405 1075 769 618 447 728 699 653 580 561 840 476 654 570 726 611 522 642 480 476 417 536 686 576 583 594 825 661 416 672 618 665 442 567 680 483 562 659 631 436 547 704 704 435 444 515 739 642 547 581 744 572 480 631 734 603 414 706 659 641 538 656 646 540 820 560 713 668 794 645 712 610 174 650 693 609 548 476 579 840 555 663 111 610 943 538 771 642 620 644 752 617 574 593 651 721 512 613 598 485 1064 889 789 553 526 524 655 536 543 560 524 609 562 494 707 630 500 559 710 544 1098 558 718 476 656 718 659 620 572 869 679 561 552 672 649 601 515 531 706 517 540 505 729 634 640 606 720 546 624 600 689 532 481 604 667 535 416 487 652 624 513 637 742 545 586 471 735 1042 637 637 707 587 474 0 616 602 549 722 784 655 642 466 767 599 605 765 605 819 354 478 628 459 563 621 692 770 517 520 728 581 576 518 755 510 622 568 679 612 1013 708 687 557 521 534 789 1153 484 530 666 585 480 536 747 618 556 597
293 162 327 131 491 70 422 150 156 120 342 206 115 134 477 192 224 163 433 246 315 174 394 536 180 202 402 201 425 107 358 138 132 158 341 79 189 100 384 356 317 94 314 225 134 35 386 183 537 97 563 592 108 109 298 107 104 223 317 112 188 125 386 394 141 176 332 153 167 111 509 66 132 39 370 316 191 70 310 61 614 43 372 158 52 169 284 131 24 247 283 202 138 45 358 134 222 39 443 201 133 808 356 194 76 187 424 138 102 136 417 197 228 171 374 208 629 118 229 522 209 37 272 529 258 85 334 228 85 33 329 51 90 57 313 225 291 32 297 65 140 35 381 143 165 139 347 253 200 97 418 180 259 131 288 81 227 95 467 118 31 108 276 130 472 123 299 169 91 142 291 256 160 125 328 11 169 80 322 180 264 38 157 198 60 127 353 296 165 65 396 484 167 107 458 113 651 65 367 219 197 13 338 185 182 61 208 334 88 124 325 143 124 276 353 190 74 64 310 120 44 247 273 108 68 735 454 42 225 215 422 149 198 33 283 271 133 541 276 101 115 100 308 208 135 243 241 198 218 232 294 82 648 83 267 321 194 227 295 49 230 77 378 302 29 99 350 179 220 161 214 219 140 111 332 527 269 38 271 323 181 41 263 82 789 214 189 91 125 100 404 185 207 165 468 179 114 212 458 188 209 62 309 163 58 53 268 208 231 140 441 380 117 258 371 103 112 182 527 177 177 195 216 113 188 67 280 231 122 45 347 248 119 75 237 227 55 119 278 100 101 114 644 144 105 226 454 172 80 66 145 222 218 743 244 232 512 34 623 143 173 27 416 340 190 17 315 118 157 204 394 176 265 130 640 844 689 73 320 145 95 105 333 208 102 26 373 192 207 104 352 146 94 87 606 156 104 220 377 272 46 62 378 722 124 210 252 175 241 64 566 144 248 112 302 155 151 41 301 35 142 76 247 74 77 98 288 256 107 107 351 130 83 169 392 270 138 175 329 147 211 571 427 307 108 138 357 616 0 17 369 268 236 40 317 285 186 95 395 233 112 556 382 156 81 161 362 204 184 155 291 182 126 37 290 347 204 106 279 124 120 61 462 126 134 190 345 147 263 662 218 189 217 189 394 131 155 80 301 178
283 173 314 117 475 53 406 138 160 112 325 189 121 117 463 177 231 168 417 244 325 169 379 529 173 208 386 187 410 105 342 130 134 156 324 63 195 84 370 345 321 102 297 213 124 50 370 170 528 105 547 588 92 93 285 107 105 232 301 96 180 141 371 407 133 184 318 138 179 128 519 69 132 51 354 300 196 72 297 44 618 54 356 143 48 163 270 115 18 255 268 198 132 43 354 120 220 45 427 189 149 798 340 183 79 180 409 122 114 143 405 182 241 188 358 195 626 113 213 514 200 32 258 533 262 99 319 212 80 26 315 38 107 44 297 213 295 33 280 59 129 38 365 137 170 153 332 236 206 106 404 166 271 143 272 78 232 85 453 105 41 92 264 133 461 110 283 158 93 150 276 240 145 138 313 7 173 95 306 173 262 23 140 186 47 138 336 293 168 81 383 471 181 111 443 113 642 59 350 208 200 17 323 175 190 69 191 325 96 108 308 128 123 271 338 174 81 48 293 109 60 248 257 93 62 724 442 50 239 199 407 135 209 49 267 256 139 524 260 85 123 112 325 198 135 256 225 187 219 233 279 97 653 72 252 310 195 221 284 38 237 93 364 287 40 88 338 168 219 147 198 206 133 113 316 532 267 50 255 315 178 58 249 66 776 211 181 76 142 108 389 177 191 148 452 164 115 216 444 194 223 78 292 158 69 70 251 195 224 124 427 368 110 253 356 119 117 168 511 161 179 205 201 99 190 51 264 221 133 52 330 242 115 72 222 218 57 117 294 84 112 112 632 137 115 233 441 164 92 75 130 206 205 731 230 223 499 44 616 127 181 43 403 329 192 30 301 106 150 218 379 165 252 116 638 831 676 67 305 129 109 100 318 194 85 34 358 176 203 115 337 131 108 70 607 141 119 216 365 266 62 72 363 711 123 213 238 169 231 71 550 128 242 104 287 139 155 41 290 43 146 68 236 63 88 82 272 243 105 103 335 118 82 177 376 259 147 176 315 132 210 571 414 295 115 144 341 602 17 0 354 263 238 55 306 268 191 101 382 233 101 547 366 140 74 150 348 194 180 168 276 166 135 30 277 332 205 92 268 110 119 70 466 129 133 176 330 131 263 663 201 173 209 195 378 115 172 90 286 166
158 523 58 316 124 310 142 227 362 381 100 227 365 254 109 177 413 497 86 301 502 434 56 319 235 538 74 167 57 410 146 257 332 444 120 305 380 306 16 425 415 448 162 158 249 403 68 193 283 449 366 427 263 277 87 326 329 440 122 271 224 491 25 630 253 521 39 218 444 463 658 407 319 377 96 118 380 405 74 318 615 376 76 212 332 414 88 239 347 443 86 260 279 379 294 325 305 360 116 186 463 502 32 195 347 417 56 233 407 481 100 173 498 527 95 165 487 404 163 288 211 370 98 566 378 453 39 152 309 365 55 318 447 312 111 155 411 379 160 318 239 385 107 269 368 448 38 215 397 451 66 190 516 422 157 318 387 360 106 253 393 282 373 456 506 331 101 219 339 490 78 127 209 493 52 358 359 448 70 246 295 331 244 353 310 487 113 297 349 429 42 470 467 440 89 320 370 374 216 183 353 359 64 208 414 417 188 158 373 299 161 226 314 254 18 184 427 324 150 261 412 341 133 261 315 395 151 365 509 215 77 220 449 402 125 101 368 252 111 291 381 464 660 197 314 608 212 193 338 520 82 451 689 350 110 119 331 449 122 352 427 445 24 71 373 275 82 212 302 208 167 161 261 340 154 578 298 404 152 211 283 403 115 291 431 467 229 278 481 454 47 223 189 250 171 191 331 533 90 522 498 428 155 269 421 413 160 162 220 288 72 112 274 480 3 462 362 304 205 201 339 548 153 257 336 305 115 175 412 402 139 235 296 319 132 200 345 421 644 271 401 310 307 261 387 561 471 241 394 424 225 176 156 395 126 202 495 396 398 230 405 387 78 109 346 384 63 254 254 573 48 210 123 320 517 487 338 377 53 233 463 399 36 161 296 388 13 196 269 466 51 223 418 297 567 213 439 473 109 232 405 425 23 391 312 523 117 258 182 417 214 231 235 381 67 234 354 346 127 395 350 369 156 297 387 291 108 134 316 402 135 342 322 518 45 148 399 482 60 306 302 506 95 122 371 475 75 549 369 354 0 239 349 392 119 123 377 443 58 323 265 280 196 263 305 359 17 190 272 459 83 193 387 365 87 37 336 332 128 245 317 421 526 350 313 179 35 227 333 619 175 183 217 518 76 245 513 441 70 200
82 425 182 313 351 253 368 147 166 353 294 288 193 245 315 172 190 430 325 66 267 417 293 270 94 470 309 177 288 362 338 135 156 411 308 257 168 278 248 521 176 362 321 124 147 293 298 140 277 365 581 326 213 249 158 170 174 220 291 243 91 354 264 397 134 444 207 199 250 312 419 331 148 250 310 287 167 334 168 255 413 247 296 195 217 404 174 200 246 216 193 67 131 304 98 322 80 237 354 116 295 552 252 114 204 417 286 206 242 404 218 184 289 370 311 145 368 365 239 260 77 293 172 347 142 342 205 218 184 287 185 229 306 225 279 130 172 296 306 204 149 300 324 125 167 271 249 316 181 366 246 163 298 242 296 188 160 323 291 177 300 255 444 395 628 319 255 123 188 410 197 227 191 381 238 261 156 329 249 90 56 245 259 384 220 392 311 62 149 301 237 613 279 373 307 163 393 314 393 95 136 256 262 111 207 329 246 102 216 290 327 191 151 17 223 207 342 267 308 161 296 106 259 206 201 502 231 238 304 286 316 184 241 295 262 206 185 488 235 260 207 364 483 92 143 498 305 110 112 491 222 335 474 308 219 125 118 458 117 287 203 323 230 217 253 184 168 117 78 175 222 131 131 176 327 355 59 306 276 62 93 281 149 234 573 459 87 215 331 368 286 96 247 275 406 194 167 479 299 456 297 306 311 105 326 284 280 156 46 293 295 171 154 493 242 320 192 339 444 218 134 462 175 188 125 236 247 91 237 313 326 21 150 193 184 67 217 374 491 218 236 157 414 126 219 494 599 101 241 334 198 247 143 517 169 60 641 302 355 210 201 270 233 142 134 284 181 175 113 450 286 123 131 315 384 623 470 321 224 225 352 354 218 163 268 294 233 236 65 370 264 186 261 252 382 182 282 465 169 8 279 328 230 483 150 476 173 93 73 332 448 217 22 348 202 242 161 229 112 304 163 318 100 205 236 257 248 123 166 358 326 332 187 436 283 95 213 437 180 315 83 333 235 118 202 406 286 722 268 263 239 0 118 267 123 261 166 363 223 92 171 302 387 281 188 366 223 104 86 275 218 210 207 289 164 247 117 309 115 191 156 329 297 174 143 169 243 212 94 439 240 198 63 457 307 221 360 348 187 135
197 369 291 327 466 252 468 184 85 347 387 338 127 274 432 235 74 392 435 52 153 407 400 355 135 426 415 244 401 342 427 151 104 393 399 261 65 287 360 555 89 320 400 208 169 248 402 199 375 324 669 380 232 267 264 131 133 105 379 263 143 283 374 281 153 399 314 242 150 237 325 301 107 204 408 375 63 306 276 251 381 200 397 240 191 399 274 231 220 98 288 95 127 280 154 334 45 197 461 186 208 647 357 179 160 415 399 241 168 363 336 248 176 284 410 219 407 351 308 353 146 270 268 299 32 288 312 290 164 264 294 217 237 215 367 213 70 268 384 184 178 271 422 131 79 181 352 377 71 324 362 220 182 156 373 162 43 317 409 197 264 272 474 364 669 328 344 169 145 366 295 308 237 321 339 233 71 272 346 123 67 229 296 403 211 340 404 90 72 243 352 665 180 342 422 126 488 296 471 176 41 225 361 168 103 291 305 220 156 307 409 228 117 109 332 265 304 263 389 175 247 16 339 225 182 611 347 196 193 340 425 225 132 252 345 295 110 591 321 273 135 313 380 164 106 429 364 177 19 468 316 280 423 302 305 240 43 456 228 272 86 265 344 315 211 191 284 169 48 222 288 210 144 125 411 300 68 266 352 174 85 230 245 240 686 448 136 226 254 326 396 147 306 311 508 249 122 442 416 415 189 250 391 112 284 229 354 228 130 315 410 289 157 490 353 249 128 366 552 269 59 409 249 207 48 235 331 180 154 279 414 116 133 168 265 152 181 354 401 233 163 130 525 139 148 450 643 136 178 295 236 312 222 629 255 148 693 267 432 247 101 225 351 258 47 248 288 194 133 378 394 175 231 328 412 735 583 304 325 261 297 338 323 234 280 260 344 291 84 322 366 225 188 260 370 226 205 454 287 126 226 286 343 590 118 443 262 113 169 296 561 254 115 340 302 280 87 197 226 269 95 304 197 201 175 269 335 220 134 341 416 339 158 388 391 202 127 410 290 334 51 337 352 232 135 369 386 784 236 238 349 118 0 217 238 344 65 325 339 26 183 404 472 313 174 375 334 176 93 180 312 265 128 268 267 351 33 313 222 218 120 289 235 111 108 232 348 250 36 426 304 257 136 419 412 251 277 304 289 191
302 159 347 171 516 107 455 167 133 156 373 243 91 169 499 216 194 175 460 235 282 204 422 537 186 210 430 227 449 137 392 147 118 185 373 117 164 139 408 395 293 103 349 242 148 32 414 201 541 107 602 585 138 146 317 97 94 191 350 147 195 98 411 356 151 183 355 181 130 75 475 90 122 17 401 348 165 97 330 98 590 20 401 186 61 203 306 159 51 216 307 200 139 79 351 174 210 34 473 216 94 814 382 208 63 221 448 167 66 146 433 223 189 138 405 229 619 150 261 525 216 74 294 503 236 76 356 257 89 71 349 78 56 84 345 243 266 65 331 75 156 65 412 146 141 99 373 290 172 107 437 203 221 94 323 82 202 133 487 139 53 145 315 149 511 163 329 182 79 149 315 286 187 114 354 48 147 63 350 183 254 71 193 237 85 126 385 286 145 37 417 523 128 127 481 104 656 100 404 231 177 40 366 198 150 76 241 342 62 163 359 169 116 272 376 219 88 103 344 134 31 230 305 137 78 748 466 30 186 252 450 175 163 35 315 297 108 575 305 139 86 98 275 218 126 233 278 212 201 253 321 69 620 122 295 334 178 259 309 89 199 57 400 328 20 118 366 192 209 185 245 237 147 95 367 500 259 51 305 325 175 14 282 115 806 243 195 121 91 108 430 193 241 202 500 207 102 225 480 198 170 40 343 163 67 20 301 230 234 179 465 393 126 289 395 70 89 222 558 208 159 196 240 136 171 100 310 243 86 66 380 248 118 79 262 234 52 147 251 131 66 109 657 150 75 234 492 178 45 79 173 255 238 758 267 238 551 54 621 173 142 13 434 354 171 40 336 138 162 188 421 191 282 170 627 860 705 108 346 178 85 137 357 231 140 51 395 225 202 106 380 172 55 124 585 181 64 248 390 272 13 69 399 734 117 226 275 176 250 81 594 176 247 147 326 190 130 47 314 58 122 112 261 96 45 136 318 272 101 139 384 169 82 173 418 282 106 195 348 186 200 554 444 320 83 152 387 655 40 55 392 267 217 0 330 316 161 108 414 218 129 562 418 194 90 200 384 217 181 115 318 212 97 75 310 373 187 145 294 150 112 73 435 106 125 214 371 177 247 641 250 217 222 202 423 163 122 87 323 196
41 479 65 310 228 275 256 168 267 366 192 247 281 237 194 146 307 467 205 188 390 427 175 252 148 509 192 142 165 387 240 184 244 430 210 274 279 285 127 476 298 408 236 95 183 349 183 137 235 410 477 345 226 253 54 246 250 336 200 246 138 427 144 519 180 487 93 190 352 392 539 370 232 313 201 195 278 370 58 281 503 311 185 184 270 409 82 204 293 335 102 158 198 340 178 319 196 297 235 116 384 495 137 123 274 418 163 204 327 446 105 151 400 455 202 118 400 385 183 229 119 329 88 449 265 401 89 162 241 324 67 268 380 262 186 97 295 337 226 256 177 342 215 188 271 364 136 258 294 411 124 149 413 336 218 249 279 339 172 201 347 260 409 428 573 321 164 149 262 454 102 155 179 441 131 307 261 392 147 156 179 284 240 367 259 443 209 179 252 367 114 547 379 408 184 239 344 342 304 100 249 306 155 133 315 374 201 45 295 288 240 190 230 137 105 173 386 290 223 198 355 228 181 221 253 418 137 301 413 240 196 182 351 349 180 124 279 371 153 268 296 417 580 112 226 560 250 119 230 510 129 396 573 326 140 4 228 456 23 316 321 387 108 119 312 218 45 139 193 169 174 103 184 258 237 460 182 355 202 93 185 343 75 254 477 466 140 237 411 414 166 138 202 252 290 170 248 511 177 494 404 369 227 180 375 350 209 124 115 283 172 63 204 490 122 395 278 317 324 191 240 510 131 209 233 263 164 87 328 358 230 123 218 252 124 102 279 399 576 234 321 230 327 182 305 534 540 156 319 380 194 195 109 427 106 101 574 349 340 204 308 329 114 24 244 334 69 201 171 518 167 141 61 313 426 530 375 347 118 214 411 376 105 128 275 340 111 199 165 421 153 186 343 267 459 177 364 472 60 115 343 378 107 405 228 504 103 167 84 375 325 208 123 363 102 224 260 285 16 349 258 342 70 244 313 266 162 66 238 380 228 334 251 482 164 48 309 463 62 305 195 401 119 11 288 444 178 642 317 306 119 123 238 330 0 178 276 405 100 212 206 247 292 263 240 361 102 113 175 372 125 181 300 325 66 134 230 316 39 203 234 376 407 263 226 145 131 203 218 513 190 167 118 492 192 219 442 396 86 140
198 425 126 204 221 217 139 174 327 269 57 108 316 154 224 115 393 390 155 307 492 318 120 422 210 431 122 104 165 303 84 211 291 331 59 210 354 202 136 307 426 351 60 139 196 319 106 148 394 350 325 521 178 179 124 276 278 414 36 175 202 409 126 610 207 416 106 136 398 390 668 309 278 303 86 33 354 305 123 226 670 304 90 132 260 297 96 158 266 424 76 249 238 283 344 212 300 287 160 159 400 625 95 166 286 299 164 149 348 378 216 103 459 454 90 126 578 294 56 394 200 276 93 608 376 364 110 61 248 272 125 238 371 232 29 133 413 287 48 249 185 292 97 229 335 392 86 92 371 353 188 131 482 369 40 257 372 253 227 185 303 182 250 349 397 219 22 180 283 388 76 37 132 401 71 274 328 363 53 223 308 247 137 232 231 390 69 323 319 349 164 369 415 336 200 272 488 274 132 171 333 278 65 177 379 323 79 222 314 190 66 149 270 278 116 98 330 228 47 202 328 341 12 180 247 517 267 293 466 95 145 146 413 317 2 56 325 262 26 191 330 371 591 181 274 510 89 167 328 403 51 364 735 246 42 181 313 328 164 256 405 361 144 63 296 206 169 177 297 140 71 135 217 291 67 616 313 314 29 262 263 324 114 203 548 348 208 195 407 356 136 198 80 138 185 112 283 422 206 414 452 347 50 240 329 335 37 117 223 176 184 209 220 359 123 385 312 184 243 108 314 445 96 184 315 218 15 172 358 309 71 247 248 256 79 199 277 312 562 185 343 261 430 219 332 452 363 211 330 329 144 65 123 515 92 205 395 306 506 143 369 308 198 185 325 298 115 188 219 481 124 172 133 207 604 604 458 275 75 140 374 291 96 111 195 298 134 93 261 370 82 148 354 202 632 141 373 354 206 256 327 333 143 513 268 411 88 234 188 321 284 141 247 271 79 132 318 273 174 304 311 266 161 223 324 192 17 139 265 294 73 229 262 415 122 172 352 370 130 191 293 576 215 173 319 370 76 466 285 268 123 261 344 316 178 0 350 344 176 321 201 395 128 151 240 242 128 169 253 405 54 104 339 271 112 87 321 225 156 169 271 327 557 306 273 118 88 139 340 687 68 102 212 409 113 154 438 346 94 156
236 307 320 293 498 217 482 178 31 303 399 323 71 252 468 236 45 335 460 106 147 359 422 418 144 367 436 246 432 293 434 140 66 343 407 226 4 254 389 525 133 263 401 223 157 192 422 202 435 268 670 445 209 240 290 92 93 64 385 237 154 218 400 260 144 339 339 230 86 172 337 248 76 150 422 382 5 255 303 213 430 146 415 230 148 354 294 214 174 75 306 118 113 231 218 299 86 147 482 197 143 709 379 188 112 371 430 225 105 305 378 248 125 219 425 227 472 304 306 414 166 222 286 343 77 228 338 291 130 217 323 178 174 178 376 228 105 218 384 145 168 220 436 121 21 116 373 366 22 267 399 220 139 91 374 124 41 275 448 179 212 244 443 310 641 291 354 171 100 307 313 314 228 259 357 185 22 211 362 132 125 187 276 368 175 280 415 153 32 183 386 642 117 288 456 91 550 249 469 194 30 176 377 175 42 237 298 266 99 276 411 215 87 161 359 260 249 225 391 157 190 81 342 202 144 667 396 144 138 327 449 215 76 196 350 308 53 606 329 243 75 253 320 181 79 365 353 188 57 414 330 219 462 260 314 278 48 412 261 228 56 204 375 331 159 166 320 174 88 215 286 223 134 80 414 342 128 212 352 226 93 173 265 209 738 400 149 198 189 268 422 157 298 291 525 244 82 385 451 357 132 190 393 111 228 170 353 235 161 287 442 332 138 444 380 185 74 338 574 260 37 347 254 187 42 200 338 202 90 226 421 157 109 130 274 178 135 304 336 208 101 99 579 131 87 390 618 141 118 239 222 307 233 683 267 177 671 213 496 231 37 171 390 298 32 196 314 176 131 314 418 178 254 294 476 789 635 257 345 244 236 290 347 240 248 208 374 282 110 262 385 213 125 227 425 217 141 406 330 174 168 229 374 647 89 386 275 120 196 241 591 238 156 295 321 263 38 150 261 216 48 259 221 168 116 239 344 243 100 293 423 302 118 328 415 233 62 356 320 304 83 397 394 268 78 312 402 767 186 191 377 166 65 161 276 350 0 269 375 80 163 463 474 290 140 337 363 189 104 116 326 258 66 221 290 372 49 275 251 200 88 233 276 62 81 232 369 236 101 480 300 253 160 361 432 232 211 247 311 194
384 81 408 149 560 134 475 238 241 95 400 247 199 191 553 270 300 68 498 339 381 114 461 630 274 107 465 278 498 57 407 231 223 88 395 138 271 141 459 329 401 11 360 311 225 76 449 268 629 8 584 686 183 167 380 200 196 293 372 173 281 109 457 438 234 83 408 226 227 132 571 36 225 121 429 372 273 39 391 127 698 125 434 232 146 122 362 206 117 319 358 297 232 65 452 145 314 130 503 289 169 899 426 283 167 139 496 211 169 41 502 272 277 163 433 291 723 74 289 616 301 76 350 610 344 55 411 294 179 81 409 138 114 144 371 310 373 69 344 159 229 64 438 238 249 188 417 289 279 10 497 261 309 194 338 176 309 95 546 204 63 163 257 43 440 134 362 259 182 49 366 322 235 69 398 102 255 71 388 274 358 122 207 184 148 48 408 389 253 92 475 464 214 25 531 206 743 70 399 309 284 107 404 276 254 34 265 425 170 156 370 220 218 370 428 259 21 120 358 210 79 337 331 186 162 821 541 130 268 259 488 228 261 73 342 342 216 585 341 154 194 39 287 299 228 166 280 287 308 146 364 64 725 98 336 409 285 170 383 91 304 77 456 373 114 188 435 269 313 240 279 304 234 201 379 607 363 59 324 417 275 96 345 154 871 146 283 170 133 13 473 278 264 208 519 252 206 118 533 93 253 83 357 258 41 100 319 289 325 172 515 467 211 194 445 115 197 194 581 243 266 106 293 196 278 143 342 321 188 49 397 343 213 170 312 319 148 59 235 175 171 208 730 238 182 132 428 266 151 30 219 279 301 827 322 325 490 61 717 214 248 99 498 428 278 79 395 205 251 142 462 266 349 146 733 926 772 69 392 210 57 67 407 288 149 69 449 252 301 32 419 224 152 147 693 234 147 150 464 367 101 39 455 810 218 118 330 269 332 31 627 212 342 89 376 213 238 135 390 59 230 78 336 163 152 153 350 341 200 66 402 131 178 77 460 359 212 88 410 166 304 661 510 394 191 44 420 599 95 101 443 363 325 108 405 344 269 0 476 324 201 648 420 196 175 146 438 294 279 202 362 250 204 80 371 417 294 123 366 204 213 36 542 213 227 269 416 216 354 749 277 260 310 95 457 199 149 24 378 265
142 554 68 358 129 342 192 247 365 421 158 275 375 291 93 206 408 533 121 288 490 477 105 263 241 575 123 198 73 448 203 271 339 485 178 339 378 343 51 481 395 480 219 172 267 429 121 213 226 481 416 373 293 312 97 338 341 436 179 306 230 512 72 619 267 556 73 250 449 480 633 439 326 397 152 175 377 438 85 349 573 396 132 244 353 457 114 269 372 435 121 258 289 410 260 367 297 380 156 199 476 450 89 208 363 463 71 265 419 515 43 205 499 545 151 187 433 443 208 231 213 400 126 529 365 480 69 194 327 395 67 344 466 338 167 171 394 409 216 339 258 415 162 279 369 459 95 268 394 483 24 215 513 431 212 335 379 398 74 277 422 318 426 492 564 372 154 233 353 524 115 173 240 520 106 384 359 473 125 251 278 358 286 401 335 518 170 275 350 451 21 528 475 475 84 331 313 408 274 189 349 384 121 219 414 447 233 127 386 339 219 256 323 235 60 221 458 356 207 280 436 328 185 290 336 350 94 385 511 264 115 248 450 428 178 142 375 290 159 327 390 493 673 203 321 637 264 205 330 563 129 476 650 387 155 98 328 496 114 384 421 469 34 117 395 297 55 225 294 236 209 177 273 351 211 542 280 431 205 182 284 426 132 322 395 512 234 307 500 486 87 230 234 293 214 225 341 572 77 558 502 452 211 275 450 434 213 187 214 330 74 65 290 528 59 481 372 351 236 239 339 581 184 283 333 334 166 178 422 431 196 223 308 337 166 199 364 459 664 301 414 321 260 272 398 598 528 248 409 454 256 222 176 353 154 199 552 425 340 263 406 410 23 81 344 411 81 277 263 599 95 225 132 361 464 450 297 412 101 269 490 436 81 188 333 416 45 238 265 496 108 252 433 330 521 242 455 518 64 214 426 454 34 343 321 563 146 262 180 448 227 265 224 420 106 273 357 367 114 424 355 405 159 321 403 326 160 143 329 440 193 384 338 552 93 143 405 521 66 349 295 459 39 108 381 510 133 605 395 382 58 223 339 414 100 176 375 476 0 313 285 222 253 306 324 404 48 200 273 468 129 230 395 396 105 93 330 371 126 272 326 450 495 358 320 207 91 261 317 572 219 218 216 556 127 279 531 470 100 218
171 374 265 315 440 242 442 165 92 339 363 319 130 258 406 213 98 393 409 27 179 400 374 338 114 428 389 222 375 338 403 134 101 389 374 250 81 276 334 540 107 321 377 183 152 249 377 177 355 325 645 370 218 253 237 126 129 128 355 249 120 291 348 307 136 401 288 223 166 246 348 298 101 204 383 351 79 303 250 242 390 200 372 221 185 391 248 215 215 123 263 71 113 276 140 322 20 195 435 162 221 629 331 156 158 407 373 223 175 364 310 226 199 297 385 195 401 345 286 334 122 265 243 311 56 292 286 268 156 259 268 208 244 206 343 189 92 264 361 176 160 268 397 115 88 194 326 357 91 325 336 199 206 168 351 155 68 309 383 182 263 259 460 363 653 317 320 148 142 368 269 285 218 327 313 229 79 276 321 101 45 222 279 390 202 344 379 73 76 247 326 647 197 340 396 120 470 291 449 151 51 221 336 145 121 291 285 195 158 294 386 210 110 84 306 244 304 254 366 159 249 21 316 210 174 589 323 195 214 320 399 207 152 252 321 271 116 565 297 261 141 316 399 140 99 438 344 154 23 465 291 284 437 294 281 214 41 448 202 265 111 269 317 289 210 178 257 147 23 202 267 186 128 124 388 314 48 266 329 150 67 232 220 228 663 442 114 213 264 326 370 124 285 295 483 229 119 443 389 416 209 254 368 94 284 232 331 205 104 302 383 263 144 483 326 257 131 352 526 250 60 413 226 192 48 225 307 154 164 277 390 89 123 162 241 127 178 350 416 220 171 122 502 123 154 452 627 115 182 295 218 291 198 606 231 123 675 265 417 229 117 225 325 232 53 246 262 179 115 388 368 153 205 316 409 712 560 298 300 244 301 333 297 211 268 258 318 271 60 324 341 207 196 248 375 207 214 448 261 101 228 286 317 569 110 442 237 93 143 295 535 236 89 333 276 263 91 193 199 267 98 298 171 190 179 257 311 195 128 336 391 329 151 391 365 175 138 408 264 321 30 338 326 206 139 369 360 765 233 233 323 92 26 218 212 321 80 324 313 0 169 384 448 297 165 364 308 152 72 195 287 245 136 263 241 325 33 302 196 201 114 289 250 113 100 210 322 233 30 431 283 236 111 419 386 235 289 305 264 170
182 274 219 147 388 81 339 39 135 182 255 160 116 91 371 91 208 266 336 171 310 246 297 432 77 307 307 102 322 192 283 37 98 240 260 86 167 109 279 372 272 203 245 114 24 144 291 73 428 205 512 497 49 85 188 77 78 223 236 80 82 227 284 417 37 284 226 69 198 198 499 167 86 112 282 234 168 168 201 84 558 112 280 71 67 233 177 51 88 238 180 112 56 138 268 155 151 95 351 89 202 698 255 82 86 247 320 62 147 243 306 100 260 263 286 100 539 195 150 416 101 127 166 480 213 196 227 140 47 121 220 63 182 58 229 115 251 132 227 54 28 138 295 54 144 191 248 204 184 206 309 76 285 168 217 57 195 152 359 17 141 90 291 229 486 151 210 58 83 250 188 167 70 236 229 102 141 188 227 82 184 79 114 222 54 238 269 213 132 165 289 483 215 207 353 75 542 144 310 108 156 100 244 74 184 169 138 224 114 126 255 54 76 182 248 104 181 96 237 11 151 188 191 42 51 624 342 101 265 164 325 56 215 144 200 172 127 463 185 93 129 212 397 98 84 355 190 87 164 321 197 192 605 137 173 209 142 288 184 117 219 183 272 202 109 13 239 68 148 62 131 108 42 92 260 483 190 150 197 219 103 140 154 63 678 288 85 46 217 209 303 78 138 129 384 89 85 313 352 292 252 166 237 76 169 149 196 102 128 133 336 268 26 323 267 197 112 183 440 100 134 306 115 24 140 65 192 120 158 153 270 150 54 56 137 119 80 205 379 51 142 65 532 48 131 332 460 70 132 175 61 148 110 632 139 125 511 144 519 69 174 125 306 229 147 128 207 14 60 314 296 65 154 149 554 733 578 151 219 81 206 184 229 104 101 135 267 121 121 216 256 54 156 82 538 60 176 294 265 173 141 173 271 611 74 308 148 83 131 171 470 75 150 177 198 100 126 82 190 144 118 147 136 38 125 89 199 145 67 187 273 164 62 278 293 159 153 268 220 153 140 496 316 195 119 242 265 605 112 101 265 171 183 129 206 201 163 201 285 169 0 446 318 130 40 198 256 93 100 204 193 99 139 123 182 247 152 139 168 37 76 171 418 109 83 88 245 73 197 596 142 99 112 292 300 69 248 191 195 67
264 718 272 556 279 520 399 410 468 613 380 486 495 484 234 392 478 712 318 357 524 674 319 88 377 753 334 388 270 633 424 418 458 676 400 520 465 532 271 703 414 649 441 341 422 585 337 383 36 651 612 196 472 500 288 469 473 508 401 493 368 655 290 650 415 730 290 437 549 614 605 613 448 545 371 397 463 613 282 525 462 543 351 431 506 656 315 451 532 496 330 366 424 584 257 565 378 530 351 360 597 252 311 365 501 664 269 450 544 689 180 396 581 673 369 365 257 631 419 64 348 572 325 453 416 637 285 401 474 567 273 509 606 504 389 344 428 579 438 492 418 584 379 416 468 573 318 486 475 652 218 396 583 545 433 481 447 586 207 444 587 506 644 673 786 568 375 388 487 696 326 386 426 676 327 547 457 625 346 380 339 525 486 610 500 683 391 315 451 599 239 749 579 653 251 461 97 587 494 339 434 544 344 372 505 615 441 222 517 534 441 437 450 303 282 418 627 535 429 437 590 389 403 466 489 212 129 533 597 477 318 429 536 586 397 353 487 467 376 514 510 656 783 349 443 795 481 360 406 757 346 631 550 572 368 243 417 701 269 561 489 619 256 334 546 460 232 379 377 416 414 350 417 477 433 472 337 594 424 241 394 576 319 499 299 712 368 481 633 655 297 371 442 496 408 416 467 757 237 738 593 602 434 401 614 581 432 370 329 529 256 192 439 735 281 620 494 560 403 436 435 751 376 453 425 507 384 327 539 599 418 318 445 485 365 329 511 645 794 479 538 454 139 413 521 778 751 385 542 621 440 432 356 235 349 325 772 590 129 450 500 563 203 227 433 573 286 443 401 750 309 382 307 559 295 341 204 593 321 461 647 623 300 374 522 580 267 442 367 660 330 432 563 513 396 423 584 719 196 296 575 618 257 188 449 750 344 387 316 617 356 455 319 610 319 470 463 520 261 590 466 587 313 484 537 512 379 313 463 626 414 580 481 724 308 289 515 709 269 551 384 332 186 257 504 688 354 819 556 547 280 302 404 562 247 395 463 648 222 384 446 0 471 508 476 606 270 354 386 576 344 426 509 568 300 316 414 563 286 448 455 617 448 476 444 392 314 450 370 433 428 412 341 737 340 466 662 636 307 384
319 499 230 271 227 313 87 296 449 331 100 177 434 249 254 239 518 451 163 434 618 361 153 515 337 488 139 229 204 370 52 334 413 382 82 303 478 286 202 264 553 429 73 267 318 414 134 274 478 428 197 622 285 273 239 395 396 537 96 271 329 504 182 733 330 480 203 249 516 493 796 390 400 408 101 100 479 384 234 321 793 409 121 247 369 340 216 269 368 549 196 377 361 369 466 275 428 393 139 286 508 673 166 293 400 335 204 259 460 447 295 226 578 553 102 253 682 356 169 484 327 364 215 733 503 453 207 183 363 362 228 342 472 337 109 261 541 376 91 360 306 381 92 353 458 504 162 132 496 430 254 255 603 484 101 372 498 325 272 301 394 274 240 414 322 286 133 305 400 457 193 164 248 485 162 372 452 455 145 350 436 347 226 262 337 468 85 449 443 447 234 279 530 406 231 392 556 354 31 299 459 378 138 304 501 407 181 336 428 266 63 264 391 404 200 215 411 319 83 321 425 469 133 289 358 548 345 400 583 167 159 262 533 411 127 181 445 166 153 281 447 453 690 309 396 582 142 295 455 439 166 455 859 324 169 293 440 351 283 344 530 455 219 174 400 320 269 303 425 260 188 263 340 410 61 742 440 405 122 382 389 423 238 303 557 380 335 301 508 433 174 325 181 218 117 231 403 472 243 471 568 443 81 365 416 435 122 244 351 250 220 305 340 374 194 485 430 230 178 219 439 510 223 297 441 318 141 299 473 396 62 374 369 369 207 326 387 376 651 290 456 381 470 343 447 506 286 338 440 413 258 169 250 538 219 332 302 396 593 252 490 408 270 292 451 393 223 304 344 562 162 298 257 274 711 612 482 352 174 244 461 358 190 237 282 390 209 198 388 450 146 264 463 296 750 259 480 384 303 381 428 419 219 551 389 458 214 360 315 404 243 248 374 335 191 229 441 380 292 393 433 344 287 332 434 284 139 264 384 360 64 290 378 482 163 295 470 421 233 255 420 692 286 289 436 436 121 354 382 366 196 387 472 418 292 128 474 420 253 448 318 471 0 228 354 288 209 297 380 518 171 219 457 360 229 165 447 298 277 282 392 413 684 426 395 242 167 248 468 805 176 221 339 465 131 259 537 428 207 282
259 276 241 53 371 88 278 136 260 119 205 51 232 39 370 119 334 239 306 296 435 171 271 513 192 279 273 121 313 152 211 163 224 181 199 78 294 58 278 244 402 204 164 175 145 187 257 143 498 203 407 595 81 52 221 199 199 346 177 54 191 276 273 534 161 265 233 82 307 267 627 163 214 186 234 177 295 158 228 96 684 189 241 86 154 151 196 83 145 364 185 234 186 141 379 62 278 174 309 168 287 751 240 168 191 158 312 76 245 228 340 112 370 326 238 149 643 143 100 491 204 136 184 608 343 225 237 112 161 134 242 123 246 120 177 170 381 148 148 150 138 153 242 183 270 288 231 97 310 206 324 122 399 272 142 168 324 103 369 116 166 50 164 198 356 69 171 159 196 238 191 136 91 258 213 147 268 227 200 202 307 124 23 106 122 244 212 333 260 220 300 353 315 186 347 199 604 127 211 192 285 154 214 170 304 179 75 298 217 40 174 91 203 295 251 90 185 92 162 138 197 317 139 89 150 656 386 180 371 63 296 97 331 184 149 164 247 391 154 55 241 227 462 191 213 362 86 173 294 257 181 226 734 98 153 267 272 193 241 116 345 227 280 192 177 124 278 165 276 106 97 166 169 213 183 612 313 177 129 313 231 198 189 85 694 207 197 92 281 209 285 186 74 13 323 94 208 272 351 263 356 216 161 203 188 210 123 141 235 25 331 316 156 227 264 258 228 58 385 72 263 294 132 106 270 98 152 201 261 168 201 261 183 164 143 216 173 161 424 82 242 191 566 175 238 301 330 188 224 186 83 88 156 657 159 223 381 168 601 71 294 183 329 281 277 165 227 119 183 337 274 158 202 57 663 750 600 127 210 56 233 140 229 136 55 162 271 68 245 224 231 95 244 71 660 99 258 213 313 280 202 191 279 648 202 261 164 206 218 177 433 64 260 120 200 40 252 162 251 165 243 118 206 123 218 59 160 199 190 143 206 79 174 265 271 229 266 220 244 44 268 613 344 253 231 220 227 478 156 140 263 281 313 194 263 151 290 196 306 297 130 508 228 0 151 99 262 179 226 303 180 82 253 132 209 232 282 74 226 96 202 185 547 231 211 121 231 69 325 717 88 96 218 258 264 62 310 201 207 146
213 242 258 154 429 79 378 78 110 175 295 188 83 114 410 131 184 242 376 173 285 236 337 456 100 282 347 142 362 176 321 58 75 227 298 87 145 115 319 385 261 174 281 152 57 110 332 112 456 177 545 513 72 99 227 48 48 195 275 97 108 188 324 386 61 257 266 105 162 158 477 143 68 74 322 273 146 146 240 77 554 72 320 108 30 227 217 84 58 213 220 123 58 116 281 161 150 57 391 125 161 728 296 118 47 242 360 95 108 216 343 140 225 223 326 140 553 182 187 442 128 105 206 472 201 161 267 179 11 99 260 44 143 42 268 153 238 108 263 16 66 112 335 63 120 152 288 234 160 178 347 116 252 130 254 19 177 144 398 54 112 103 304 207 501 154 250 92 47 223 228 206 108 202 270 73 119 152 267 99 190 58 139 230 37 207 308 221 112 128 328 502 176 185 392 50 571 128 344 141 140 68 284 107 154 141 172 254 75 136 291 91 57 197 288 142 154 89 274 44 115 182 230 66 13 658 377 61 229 195 365 94 183 111 239 213 96 502 225 103 94 180 356 129 68 320 221 121 155 305 237 156 596 129 213 244 131 284 219 102 194 146 311 242 72 34 276 101 148 101 169 147 59 62 297 473 195 119 234 242 105 103 193 68 715 278 109 59 177 181 344 105 172 153 424 127 58 291 391 268 215 129 274 84 139 111 232 142 150 147 376 303 37 318 307 158 78 197 479 135 118 276 155 56 127 61 231 153 120 125 308 168 42 16 177 147 40 189 340 69 103 44 567 63 93 307 477 91 91 147 96 185 149 667 179 151 531 115 542 102 144 89 344 264 132 97 247 52 77 278 336 100 192 155 565 769 614 135 260 112 172 170 269 144 108 106 306 156 129 185 296 92 116 88 539 99 136 285 300 192 103 142 310 644 56 287 188 95 161 144 511 107 168 168 239 129 102 45 224 116 93 134 170 28 85 98 238 182 41 173 311 166 24 249 333 192 118 250 259 164 139 501 354 230 83 218 306 628 81 74 305 188 174 90 240 240 140 175 324 165 40 476 354 151 0 201 295 127 106 165 233 136 104 102 221 287 141 139 203 71 54 142 408 80 66 129 286 106 195 596 178 137 136 269 341 97 208 161 235 106
354 217 340 53 462 122 354 218 306 51 291 134 269 125 465 215 378 163 395 368 475 76 361 609 272 200 361 218 406 89 285 235 274 94 281 114 341 89 374 195 462 157 238 270 220 177 346 234 596 154 439 687 152 117 320 246 245 382 261 123 274 250 367 555 235 193 331 173 329 259 669 127 268 200 319 263 342 119 327 124 754 204 329 179 189 55 295 166 165 405 283 311 252 122 464 44 347 195 392 259 289 850 335 257 226 59 406 162 263 163 439 210 389 305 323 244 733 73 197 588 290 126 283 673 402 194 335 210 211 129 341 159 238 160 265 266 438 136 226 192 216 137 324 252 316 299 326 164 354 157 422 215 420 292 222 214 376 67 465 189 151 110 116 129 311 47 263 243 237 174 289 232 184 215 308 157 317 204 294 279 382 150 121 39 164 191 295 411 311 209 397 325 327 126 441 250 703 101 263 283 341 167 306 257 340 148 172 394 246 76 247 178 258 378 348 188 146 112 241 209 187 382 230 160 194 754 485 200 385 146 385 185 359 173 240 262 286 454 249 105 273 185 433 279 269 297 159 262 355 161 277 200 796 79 250 364 332 95 339 113 386 207 377 289 190 188 377 250 345 197 195 261 241 257 258 674 388 159 216 404 300 196 288 136 789 108 279 153 267 159 378 269 170 111 397 191 256 185 446 183 369 202 238 274 160 207 209 238 320 78 425 415 221 130 360 245 265 60 459 170 319 224 230 178 328 140 245 293 283 144 278 345 242 208 242 304 203 92 380 148 262 245 664 246 265 218 293 266 241 152 172 184 253 754 258 312 352 152 697 160 331 187 427 379 332 160 326 192 258 284 365 245 300 51 750 845 697 94 307 148 199 80 326 233 98 151 368 167 319 178 323 183 255 116 737 190 261 114 411 366 202 162 376 747 257 172 263 281 310 143 514 155 344 59 298 137 299 189 348 148 289 88 301 174 238 109 253 296 241 80 283 35 219 196 363 324 297 134 343 56 337 694 442 351 264 151 316 459 161 150 359 366 375 200 361 242 337 146 404 364 198 606 288 99 201 0 359 269 298 315 277 180 285 125 308 327 342 62 323 175 255 154 608 274 267 216 326 160 393 794 185 194 303 177 352 147 290 162 306 235
142 517 43 315 136 305 158 218 349 378 112 228 354 250 116 170 399 493 102 286 487 433 73 306 222 535 91 161 69 407 159 247 320 442 132 300 367 302 26 433 399 443 172 146 239 396 85 184 272 444 382 413 257 273 73 315 318 426 131 266 212 482 41 615 242 517 30 212 432 453 641 402 307 368 110 127 366 400 60 312 599 367 91 206 323 413 78 233 339 428 80 246 268 374 278 324 290 351 133 175 452 497 44 183 337 418 67 228 396 476 90 167 485 518 110 156 472 401 163 276 198 364 90 549 362 446 28 150 300 359 40 311 438 305 119 144 395 374 168 309 230 379 123 258 354 437 48 220 383 446 62 182 502 410 164 309 372 357 108 245 387 278 378 452 517 329 106 208 329 486 73 127 203 486 57 351 345 441 76 233 279 324 243 355 302 482 125 281 336 420 38 482 455 436 97 309 362 370 229 170 339 352 74 196 400 412 188 141 362 297 171 220 302 238 12 180 421 319 159 251 404 326 137 255 306 394 141 356 496 217 93 213 436 395 130 98 356 269 112 287 369 458 650 184 301 602 216 181 323 519 82 444 672 347 109 102 317 450 107 347 412 437 18 70 365 266 65 200 287 201 166 150 249 329 165 561 282 397 157 195 270 395 103 285 434 467 216 272 472 449 63 210 189 249 188 186 319 531 96 518 486 421 164 257 415 404 164 154 205 286 81 96 264 482 20 453 350 305 221 198 326 543 146 249 322 298 119 161 401 396 151 219 285 310 127 186 336 418 635 265 390 298 305 249 376 558 481 228 384 418 219 176 146 395 118 188 507 390 386 225 392 379 71 92 332 377 50 246 242 566 65 199 110 318 502 489 338 373 54 229 457 396 34 154 293 381 11 195 255 460 63 216 408 292 551 206 429 473 94 216 396 419 17 388 300 521 110 245 168 411 228 226 220 378 63 231 341 337 111 389 337 365 142 289 377 287 112 121 305 399 148 340 312 514 62 133 387 480 44 305 287 490 87 105 360 471 89 563 362 348 17 223 334 384 102 128 363 438 48 308 256 270 209 262 295 359 0 178 259 447 83 189 375 360 75 46 321 330 113 238 305 415 509 338 301 172 44 222 317 603 174 178 203 515 92 240 504 435 61 190
90 366 137 216 314 167 294 56 172 264 212 184 176 145 290 68 229 358 271 138 325 327 233 344 45 400 247 74 247 280 252 71 142 326 223 169 193 185 204 416 257 296 226 34 70 236 233 36 337 298 493 418 121 154 106 138 141 254 203 147 35 315 213 447 67 377 152 97 254 281 499 259 129 200 234 199 193 260 119 172 517 199 226 93 157 312 105 103 180 260 116 81 90 230 201 225 131 184 293 12 276 605 190 12 163 323 245 107 219 335 216 80 309 345 237 44 465 281 138 326 31 219 97 447 207 287 152 118 128 213 139 156 268 150 192 38 244 225 210 143 65 230 248 80 178 259 184 213 210 299 224 58 327 232 200 136 206 236 274 91 234 160 340 320 524 225 168 35 153 343 123 133 88 328 168 195 170 278 173 58 143 172 157 284 146 331 229 162 160 254 207 510 277 299 274 132 450 234 298 15 168 192 188 20 224 262 142 132 186 193 234 91 124 120 173 102 274 183 214 85 242 173 164 115 140 532 250 188 319 181 260 84 260 236 169 120 178 418 145 167 191 304 473 13 123 447 201 7 160 407 142 283 574 221 129 117 148 363 92 207 243 273 192 142 199 106 150 26 128 73 120 35 73 151 236 454 148 243 179 135 97 230 76 147 589 368 41 129 300 302 234 33 143 172 336 90 141 403 272 384 308 256 217 80 262 237 182 54 60 193 259 176 91 398 193 283 172 237 384 113 152 398 75 100 151 154 156 27 223 246 239 86 108 139 90 38 166 293 465 128 214 121 440 72 198 424 494 50 209 268 97 145 46 540 80 45 538 237 432 109 215 215 219 137 161 221 128 90 64 405 230 28 69 219 484 643 487 240 155 123 298 271 158 61 175 228 189 131 92 308 196 86 233 162 486 80 255 375 173 103 230 266 191 518 122 397 87 70 41 264 403 115 86 261 132 139 164 172 97 237 159 235 43 131 203 164 160 58 128 274 240 238 139 371 226 66 208 357 137 216 124 437 228 103 182 334 213 621 204 194 190 104 176 217 113 169 189 294 200 152 93 354 297 179 127 269 178 0 87 269 138 106 197 215 103 183 154 216 77 97 127 264 392 160 123 65 180 111 172 543 137 93 45 384 242 122 331 284 123 34
137 339 216 247 394 178 380 93 92 278 299 247 110 187 366 142 143 347 355 71 239 341 318 356 43 385 333 152 328 282 337 64 72 333 309 185 108 209 285 469 180 277 308 120 81 208 319 106 362 280 577 408 148 184 186 84 88 168 288 179 52 269 296 361 65 359 235 151 177 228 417 248 62 164 321 284 108 252 199 179 459 161 312 149 133 330 190 143 163 173 203 20 48 222 174 255 53 151 379 95 213 637 275 88 118 345 326 152 159 320 279 155 227 288 323 127 446 288 215 345 61 211 183 382 125 256 234 198 100 205 219 149 220 146 277 125 163 213 291 121 88 217 335 46 96 192 269 284 125 281 297 128 243 163 281 103 120 248 346 111 215 190 389 313 582 251 254 76 102 325 209 217 145 295 254 178 87 243 260 30 85 165 207 322 141 306 315 115 78 215 283 575 204 291 352 77 478 234 379 90 82 172 275 76 142 245 213 173 131 226 317 138 65 92 255 173 258 191 297 90 210 93 247 140 118 581 303 152 239 248 345 134 178 209 253 207 105 505 230 193 125 278 407 77 57 412 272 87 75 412 229 249 508 232 215 178 61 386 159 208 156 237 271 229 167 110 218 77 50 130 196 121 58 91 319 386 91 221 260 145 11 195 161 162 647 383 46 145 247 283 318 55 213 223 423 157 81 396 348 372 230 220 299 24 241 198 261 136 61 232 338 234 77 421 275 235 108 281 470 177 67 376 157 122 64 161 240 98 156 229 324 68 65 109 175 74 132 295 409 151 153 71 491 52 135 410 555 43 156 250 146 219 132 594 166 74 603 218 441 157 134 184 289 198 75 200 210 108 43 365 314 82 150 249 459 698 544 242 241 172 266 276 243 143 200 210 270 199 23 284 282 134 177 182 439 134 198 390 232 92 192 243 270 563 64 393 173 21 93 248 486 164 68 272 218 191 85 144 159 219 84 240 117 128 151 189 245 139 80 279 325 263 101 351 311 130 135 356 215 252 43 397 294 166 118 322 299 692 184 180 272 86 93 181 175 253 104 279 273 72 100 386 380 226 106 298 259 87 0 198 224 172 127 208 186 268 68 238 148 130 69 244 322 91 58 139 265 160 99 496 212 164 57 373 328 164 276 263 207 99
336 215 406 285 583 216 543 235 109 269 459 348 93 272 559 294 122 259 536 221 182 312 497 534 226 283 508 305 516 245 486 202 128 289 463 226 115 251 473 510 228 193 446 301 212 139 493 268 549 199 707 559 233 251 375 133 130 103 440 252 237 118 480 241 206 255 420 270 33 75 369 197 141 118 486 438 117 205 388 208 514 115 483 274 150 314 372 249 159 129 379 217 179 193 334 288 198 129 553 273 36 823 455 264 119 332 514 260 58 229 477 304 75 105 489 296 583 260 352 529 254 189 362 423 184 150 420 344 157 186 408 180 89 184 433 304 200 179 428 158 223 178 499 190 109 16 447 395 111 197 492 278 107 37 419 148 145 248 542 219 165 253 430 245 625 278 414 240 122 228 386 371 273 168 430 161 119 132 429 217 240 179 297 352 182 196 473 268 126 112 475 639 13 226 544 138 664 215 507 279 144 152 446 251 79 179 337 370 91 275 456 256 145 273 441 308 188 215 439 204 131 196 395 229 160 777 501 122 71 355 525 259 65 144 404 374 94 667 389 248 78 174 209 265 147 258 382 266 173 346 398 140 531 237 376 375 159 368 354 204 120 126 461 402 128 199 414 247 199 266 334 298 198 118 463 417 243 159 399 337 188 119 344 219 845 348 234 217 85 197 501 238 337 309 588 293 128 306 541 276 55 120 439 193 167 109 397 301 260 291 528 433 188 395 461 92 97 336 643 300 141 255 317 222 152 205 396 289 47 175 474 262 163 149 338 270 132 253 221 228 62 149 688 198 73 303 608 220 79 178 262 350 304 791 338 272 666 165 612 266 79 128 485 396 144 154 397 217 205 206 495 249 338 285 584 896 742 222 419 275 153 248 425 304 250 164 458 320 213 185 457 257 60 231 520 264 56 352 430 282 113 167 460 758 147 312 346 206 289 184 670 271 262 261 396 290 114 141 357 169 114 227 309 186 85 244 403 327 143 249 477 284 143 242 492 326 63 290 406 300 193 500 491 363 88 240 469 770 155 168 459 275 180 115 372 405 116 202 468 195 204 576 518 303 165 315 447 269 198 0 395 302 72 190 372 446 163 260 342 237 142 173 354 110 147 291 444 270 216 573 343 303 254 282 502 260 100 179 390 260
149 442 73 233 200 229 156 159 306 297 76 146 303 171 192 102 367 414 143 270 463 351 104 368 182 456 114 92 136 327 121 194 273 361 90 224 330 223 99 360 388 367 111 104 182 326 99 128 342 368 363 468 184 195 71 262 265 390 76 189 173 415 96 585 189 438 56 138 384 390 633 326 260 303 96 71 330 323 69 238 622 303 89 133 258 331 45 161 270 398 25 217 219 298 296 242 267 286 159 129 395 578 64 138 279 335 135 154 339 399 167 95 442 455 99 100 524 321 80 341 166 289 45 563 343 374 60 69 240 285 72 241 373 235 62 99 379 299 101 246 171 305 111 209 314 383 56 142 347 370 145 117 463 358 94 249 344 277 189 180 314 199 299 373 451 248 39 157 273 408 23 45 131 413 37 280 306 371 36 195 269 253 161 273 233 407 93 280 296 353 120 422 404 357 170 257 438 292 180 136 306 283 52 151 359 337 105 170 306 215 115 149 253 234 71 103 346 242 98 191 335 307 60 183 243 477 217 292 450 135 132 143 394 324 56 21 308 281 31 209 317 384 590 148 255 527 137 138 297 437 5 373 689 267 27 127 285 368 113 271 380 368 100 12 298 201 115 152 264 133 84 103 198 277 113 572 273 325 81 212 235 327 69 212 514 385 178 200 408 373 113 170 107 167 199 112 268 450 173 439 438 352 101 215 341 338 88 94 185 205 153 156 207 400 84 388 299 223 249 119 289 466 78 182 288 225 41 133 348 322 109 207 233 249 57 161 273 338 568 192 334 246 387 200 322 478 417 186 325 343 146 93 93 477 59 166 449 317 453 150 349 311 152 131 299 306 61 181 196 494 103 149 87 237 550 570 420 295 31 152 385 316 49 90 214 308 91 113 228 385 63 146 349 215 582 137 369 391 153 212 329 345 99 471 251 440 51 207 147 336 277 150 207 298 26 151 298 272 123 315 292 287 118 222 318 209 37 95 252 319 109 259 254 436 101 124 338 399 77 223 261 525 167 120 307 393 76 517 291 276 83 218 312 318 125 54 326 362 129 287 193 344 171 180 233 277 83 138 224 395 0 112 325 285 60 56 292 249 107 168 255 341 515 290 254 105 54 146 303 636 92 103 176 435 108 164 440 360 40 135
178 330 163 130 311 118 243 81 231 191 161 78 216 61 302 39 302 304 251 237 403 249 213 432 132 346 219 39 247 218 184 118 195 255 162 113 262 113 209 311 352 256 146 95 100 217 203 71 416 256 413 516 75 84 140 176 178 320 139 78 127 307 207 515 114 328 160 32 297 286 588 214 182 199 189 137 262 212 149 126 621 199 190 28 156 230 117 54 162 333 109 175 145 186 306 140 224 182 261 94 296 671 176 96 183 238 246 45 244 287 261 31 359 350 193 69 566 213 51 409 135 178 105 550 296 264 162 45 145 174 164 134 268 128 133 90 335 188 128 145 90 194 201 138 241 288 167 112 279 258 250 48 384 267 118 154 286 168 297 83 203 89 236 263 418 143 117 97 182 297 116 74 30 302 148 171 235 261 140 144 245 144 59 187 127 295 173 267 226 245 227 406 313 246 281 173 523 181 212 116 246 175 156 103 282 225 40 216 211 110 156 46 173 226 179 9 234 131 138 102 226 266 94 76 143 580 306 189 365 77 240 44 314 215 103 92 226 365 94 98 229 273 486 118 179 416 99 100 246 334 114 263 677 157 86 185 228 275 159 159 314 259 207 123 192 103 197 99 222 43 33 86 124 192 161 555 250 214 97 235 180 220 108 101 623 286 134 92 303 261 224 123 41 71 289 16 184 342 283 329 351 244 138 154 230 231 96 60 165 103 264 235 122 309 195 282 211 137 346 10 225 355 50 80 228 115 98 124 256 210 172 191 151 152 64 143 172 229 460 82 240 163 489 128 230 369 389 130 226 232 40 49 76 583 78 150 434 206 519 39 272 204 253 199 237 196 150 86 132 383 214 93 120 133 586 679 527 184 142 40 274 207 157 54 104 198 199 26 186 274 171 46 250 104 592 41 268 293 232 208 223 234 206 571 171 333 85 152 142 225 384 38 191 190 127 44 223 168 169 204 215 176 126 118 220 97 106 117 166 210 175 155 160 325 211 148 252 291 166 124 215 542 267 171 218 282 175 520 182 166 193 210 265 212 181 104 258 250 230 245 99 426 219 82 136 180 189 106 172 302 112 0 239 173 129 167 237 142 144 65 173 229 493 208 178 42 166 36 269 649 42 14 149 326 212 52 334 249 130 77
264 242 334 246 511 171 476 167 44 246 393 293 23 218 487 226 98 269 465 159 190 299 427 471 154 301 439 237 444 232 422 132 56 281 398 181 68 208 401 477 198 198 384 230 144 128 424 198 484 202 650 506 176 201 303 64 61 98 375 199 165 155 409 282 136 273 349 208 59 110 384 186 69 88 418 372 70 193 316 165 494 84 414 210 99 296 300 188 120 121 308 146 108 171 275 251 134 90 484 201 88 758 384 192 62 313 442 199 40 239 405 237 121 164 422 226 535 244 289 465 182 163 291 407 143 162 349 279 95 159 336 131 109 134 367 233 170 158 366 102 155 159 432 118 49 65 377 339 75 201 420 210 147 36 357 86 106 220 470 156 149 203 396 246 594 242 347 169 58 241 316 304 209 194 360 128 58 145 360 145 178 137 243 319 131 214 407 209 61 117 403 600 80 224 472 68 599 191 448 207 88 118 377 179 55 173 276 300 39 232 394 193 73 207 370 243 185 175 376 138 125 143 330 171 103 707 430 85 126 299 455 195 79 132 339 305 22 601 322 201 12 187 280 192 75 302 326 194 115 350 329 153 523 206 309 303 96 353 282 173 103 138 389 333 98 137 342 176 135 200 270 227 127 48 400 404 183 148 336 268 117 108 273 168 774 339 162 162 128 203 430 166 276 256 521 228 57 319 468 291 113 124 377 121 163 104 335 231 188 245 457 361 119 384 390 121 27 294 574 238 77 282 248 160 89 156 329 217 30 163 409 193 92 90 269 198 82 242 285 173 35 79 618 127 22 324 573 148 52 175 199 288 234 721 268 199 628 151 552 206 47 108 413 324 84 134 325 153 133 251 424 178 266 246 540 826 671 199 348 216 170 231 354 235 205 146 387 259 143 197 387 193 60 184 491 199 78 344 358 214 103 165 388 689 76 321 276 133 217 177 599 211 192 238 326 233 47 96 284 154 44 202 237 130 52 196 336 255 74 233 412 251 80 262 421 253 14 292 334 259 127 463 419 291 22 247 400 728 126 135 387 207 128 97 300 339 66 204 395 136 139 509 457 253 104 285 375 197 127 72 325 239 0 163 300 376 103 225 270 175 71 169 338 37 75 223 374 210 162 546 281 237 182 295 433 202 154 182 318 190
305 158 328 99 484 55 406 158 190 83 328 183 150 118 474 190 260 143 424 274 352 139 386 554 198 185 391 199 420 75 340 155 164 126 325 61 224 74 381 320 351 84 294 231 147 57 375 188 551 85 536 615 103 92 300 137 135 260 302 97 204 144 380 431 157 162 330 147 204 140 546 44 162 76 357 302 226 45 311 47 648 80 361 153 78 133 283 127 48 284 280 225 160 15 383 100 250 74 431 209 167 819 349 204 109 151 419 132 139 121 421 193 264 195 361 211 655 83 216 538 224 4 271 563 292 93 332 218 109 4 329 61 118 66 300 230 325 16 278 88 150 21 367 164 200 174 340 229 236 87 418 181 295 168 270 108 261 58 467 124 34 89 240 106 436 89 288 180 124 129 287 246 156 130 321 35 203 95 313 199 291 45 137 162 70 122 338 322 198 90 396 449 203 85 453 143 665 29 342 229 230 45 329 197 218 52 193 347 124 95 305 140 153 298 350 182 62 43 291 132 67 278 259 106 90 741 461 78 261 194 413 148 235 53 270 265 168 522 266 81 151 100 331 220 164 243 218 208 250 204 287 95 683 47 259 329 226 191 303 17 266 95 377 296 66 109 355 190 249 160 203 224 158 143 313 562 297 45 255 341 206 72 265 74 791 180 206 89 152 90 397 201 192 142 452 174 146 190 455 169 245 85 290 186 58 84 250 209 249 112 437 387 135 223 367 128 147 150 512 167 209 186 213 116 220 62 268 242 159 37 329 269 144 101 233 242 87 87 292 95 138 142 650 163 142 209 417 190 117 59 140 207 221 747 242 247 476 36 641 135 210 62 418 348 222 37 315 125 176 210 387 187 269 98 666 846 692 37 315 134 103 70 329 208 78 30 370 178 231 100 344 144 130 70 637 154 138 186 384 293 78 61 376 729 153 186 250 196 253 52 555 135 268 75 298 139 185 72 310 33 176 39 256 85 114 79 276 261 135 73 334 94 111 157 384 280 174 148 330 115 239 600 430 315 144 119 346 581 37 30 365 289 268 75 325 271 221 80 396 263 123 568 360 132 102 125 360 215 208 190 285 173 163 0 291 340 236 72 286 124 149 56 496 159 163 189 339 138 293 693 204 182 234 169 383 121 179 75 299 185
90 448 37 259 211 237 204 143 274 319 132 186 278 189 190 101 328 429 170 221 419 378 133 316 148 471 149 94 144 345 179 171 245 384 148 234 294 240 101 412 338 375 170 71 164 324 136 109 293 376 420 411 188 209 13 239 243 354 135 202 137 409 110 545 167 451 49 146 357 379 582 335 232 294 146 130 293 333 21 244 563 293 133 139 249 359 16 165 267 358 36 175 192 306 237 268 222 277 194 99 377 543 90 108 262 366 142 161 320 410 133 101 411 443 148 82 466 340 120 290 124 295 25 505 296 375 49 101 225 290 39 239 364 233 121 68 331 304 160 235 155 310 161 182 281 362 86 193 311 378 128 110 429 335 152 234 302 295 177 172 317 215 346 388 507 272 98 133 253 419 37 90 136 415 74 279 272 368 87 159 217 253 187 310 230 413 149 225 262 347 107 480 380 370 172 234 396 304 240 96 267 280 98 121 326 342 140 111 287 238 175 151 227 180 70 120 353 252 157 177 332 260 115 185 232 452 178 282 422 178 159 143 362 323 113 57 281 326 86 223 294 388 574 110 226 532 185 106 254 463 63 372 631 283 73 69 246 402 54 280 341 364 90 56 291 193 69 125 219 131 114 75 174 253 172 515 221 326 136 153 197 322 28 217 500 415 142 202 397 381 132 136 142 197 243 121 244 470 171 455 411 348 161 182 345 331 142 82 137 231 157 109 188 435 90 379 275 259 286 138 253 476 80 178 250 229 98 88 325 326 167 155 210 235 66 115 261 356 561 196 315 223 361 174 300 495 474 153 309 349 152 133 72 457 51 118 507 320 402 159 318 306 127 77 260 306 26 173 167 494 128 124 36 262 492 555 401 308 61 166 385 334 57 83 230 311 87 142 184 390 101 147 333 226 522 137 354 421 105 157 323 349 89 443 225 461 44 171 98 343 301 162 155 318 39 172 267 264 63 319 262 301 70 217 302 222 96 47 230 337 166 284 237 447 125 69 311 419 39 252 217 465 139 61 284 406 123 576 290 277 87 164 267 310 66 112 290 371 105 241 182 300 229 209 221 308 75 103 186 372 60 129 300 291 0 84 250 270 49 167 230 345 459 263 226 102 81 158 253 577 128 116 132 452 146 175 429 365 24 115
168 497 69 285 144 285 122 212 354 350 66 193 354 226 138 157 411 468 89 305 503 402 51 352 228 510 65 146 81 381 113 245 323 413 86 280 376 277 49 389 422 423 126 149 234 382 52 179 318 423 344 458 240 250 89 314 316 436 86 244 218 470 41 628 240 493 41 194 434 445 666 381 309 358 68 82 375 378 79 293 636 358 51 189 313 381 78 216 325 441 68 258 269 354 312 294 306 341 111 176 448 539 9 185 332 384 80 209 392 453 135 150 491 510 68 151 517 374 132 322 207 345 86 583 380 430 45 123 293 340 67 297 428 291 74 145 415 355 124 300 224 361 82 259 361 435 2 179 393 425 102 171 510 410 120 303 386 331 139 234 370 254 336 427 471 300 65 207 325 463 60 96 187 469 19 336 352 426 34 240 301 309 215 319 289 462 80 307 343 408 78 436 456 412 116 308 406 347 183 178 350 338 28 198 407 392 157 177 358 269 126 204 303 262 36 158 401 298 114 244 390 344 98 239 297 430 187 347 500 181 79 198 442 380 89 76 358 242 78 264 369 440 644 191 304 583 177 184 337 488 53 429 707 322 81 135 328 415 131 327 424 423 60 45 353 256 105 201 303 188 139 150 249 328 119 594 304 380 116 227 279 383 107 267 463 434 223 256 463 428 57 215 158 219 159 168 319 503 120 493 488 408 118 262 397 393 124 146 221 257 99 141 259 446 36 443 350 270 202 174 335 521 133 237 332 281 81 172 400 377 105 239 284 303 111 199 327 392 624 247 387 297 343 249 374 532 436 232 378 399 202 144 142 428 109 202 461 373 432 205 397 367 114 130 343 362 66 236 245 549 49 198 120 289 546 519 371 349 28 207 440 370 29 143 269 364 49 167 268 441 19 201 403 271 590 192 423 440 138 239 385 401 59 426 301 493 100 252 182 392 224 205 239 351 51 205 346 327 138 371 341 342 154 277 372 264 73 130 303 373 102 311 307 491 45 152 388 451 72 274 301 531 131 134 359 447 45 518 347 332 37 247 351 373 134 87 372 417 93 325 247 316 165 232 287 327 46 183 268 446 56 167 376 340 84 0 334 303 132 223 305 396 540 340 303 159 3 202 337 644 144 159 215 489 61 219 495 416 61 186
190 342 278 294 455 220 448 156 59 314 366 308 98 243 424 209 78 362 420 57 171 374 384 371 111 397 398 219 389 310 404 121 72 361 376 228 51 255 347 523 121 290 375 187 139 218 385 173 386 294 644 404 201 235 249 98 101 106 356 231 120 258 360 295 124 369 299 212 135 213 351 269 74 173 388 352 50 275 262 218 413 169 379 212 158 366 256 201 188 107 269 76 96 248 173 301 37 166 444 163 188 660 340 155 128 382 387 210 142 333 331 222 173 264 391 195 434 319 281 366 127 237 249 331 62 260 298 265 131 232 281 184 211 183 345 192 100 236 358 151 149 239 402 100 55 162 335 348 65 294 354 194 184 135 348 129 52 285 402 166 233 240 442 333 637 295 322 143 113 336 276 284 208 294 321 201 45 244 327 98 77 196 265 370 178 312 383 106 43 215 342 634 165 311 412 94 501 264 445 156 20 193 342 143 91 261 277 218 126 275 384 198 84 112 318 238 273 230 365 144 217 43 315 193 149 618 347 164 187 310 410 196 125 221 321 274 83 572 298 241 108 284 369 144 73 405 335 154 14 436 296 251 455 269 283 232 10 424 217 239 91 237 332 295 180 159 275 144 38 194 262 189 114 94 387 333 80 235 327 177 58 201 227 207 689 416 113 193 230 295 382 123 278 280 490 222 90 412 406 385 181 222 366 83 254 200 328 204 116 283 399 284 126 457 339 224 99 334 536 241 28 381 225 176 16 202 308 162 131 247 391 109 101 136 242 136 149 322 383 202 137 97 530 110 121 421 612 110 149 264 206 285 200 633 234 134 662 235 450 217 86 195 344 251 19 217 273 163 105 354 379 149 214 295 440 740 586 272 307 231 268 306 307 210 248 228 332 262 66 292 349 196 163 227 402 197 181 422 282 125 197 256 331 598 85 412 241 87 154 265 549 224 108 307 284 250 58 165 216 238 65 272 180 168 146 237 313 203 102 309 393 307 125 359 376 189 104 378 277 302 35 367 347 223 107 338 367 755 204 205 336 117 33 187 230 321 49 294 330 33 152 414 447 282 141 342 321 154 68 163 292 237 103 236 250 334 0 280 209 187 88 258 267 81 75 206 331 220 60 458 277 230 119 388 394 220 255 274 273 165
305 203 305 28 444 60 352 163 244 50 279 124 208 81 441 171 317 165 380 308 414 111 343 560 214 207 346 176 384 79 284 176 212 114 273 53 279 32 348 253 400 132 237 222 161 128 331 183 550 130 467 632 96 63 281 184 183 322 251 70 217 212 344 500 176 191 300 126 272 212 608 92 206 143 308 251 280 86 290 62 693 147 315 133 127 96 258 114 105 344 250 251 191 75 406 28 286 136 383 208 238 810 311 205 165 108 383 113 206 154 402 169 333 264 312 198 677 71 172 540 235 74 247 611 340 157 303 180 149 75 306 97 190 98 251 219 376 86 221 130 159 89 316 191 254 244 302 166 293 133 391 168 364 235 215 152 314 29 437 131 104 57 172 125 369 17 244 187 176 164 257 206 137 188 284 99 255 163 272 220 322 88 88 94 102 171 286 352 249 162 367 379 273 112 418 188 660 57 277 231 278 109 287 202 280 111 147 345 186 35 247 127 196 320 319 151 114 51 236 149 139 320 212 103 132 721 447 142 331 136 370 135 301 124 223 232 225 462 225 50 212 156 399 226 207 288 157 210 293 194 251 161 734 27 222 320 270 149 294 57 325 164 348 261 133 127 338 196 284 148 165 214 181 195 256 612 328 114 203 351 239 144 247 76 763 152 221 93 223 136 358 213 146 87 396 149 194 201 422 190 315 156 234 214 121 156 197 193 264 49 402 374 161 184 334 200 204 78 458 133 256 220 190 120 266 78 225 242 225 102 274 288 180 146 206 250 143 89 354 90 205 183 630 186 206 229 349 208 184 116 123 161 208 724 219 257 406 105 648 113 270 132 394 337 270 109 291 134 198 265 346 191 256 26 692 819 668 55 280 103 165 67 297 189 42 101 339 136 259 153 303 132 200 56 676 140 209 158 371 310 150 124 347 712 195 192 226 221 257 107 507 109 287 49 267 99 238 128 303 102 228 46 252 112 180 52 233 251 179 70 279 27 157 191 344 276 237 150 307 44 275 634 408 306 204 146 301 510 106 92 332 309 313 145 316 225 275 123 371 302 139 563 298 74 139 62 330 216 238 260 249 142 225 72 270 303 280 0 277 120 193 117 546 213 205 171 302 113 332 733 160 154 247 186 338 97 249 131 272 183
42 441 70 271 247 236 253 129 239 327 181 214 249 199 218 108 287 428 213 174 375 388 179 288 116 470 195 105 181 348 227 148 213 391 197 235 255 246 139 445 290 369 216 56 146 312 184 98 273 371 469 376 187 214 43 213 216 314 182 208 105 391 152 502 144 449 93 151 324 357 534 331 201 277 195 178 254 331 54 242 516 275 181 145 233 371 62 165 255 316 82 134 164 302 189 281 178 260 240 78 351 534 137 86 239 380 179 165 294 407 139 113 375 421 197 79 429 346 151 265 88 291 63 456 250 363 91 130 205 285 73 230 344 224 169 58 284 298 204 219 139 303 210 154 244 333 134 229 271 372 150 110 390 305 195 213 259 300 200 162 308 221 376 389 545 282 145 112 228 415 85 128 141 404 123 269 235 355 136 125 169 245 203 331 220 405 198 176 226 331 135 522 349 369 205 206 382 303 286 64 226 268 147 96 290 336 167 73 262 249 221 151 198 131 111 137 347 251 203 160 318 214 157 182 216 456 175 264 386 207 203 143 326 312 157 100 249 373 130 229 265 379 548 78 195 522 219 82 210 471 111 359 582 287 115 43 205 418 16 277 300 350 123 105 275 180 73 102 175 130 140 64 149 225 219 466 173 317 177 106 159 306 43 215 512 427 108 198 376 375 174 105 168 215 291 132 215 472 200 455 377 333 206 149 337 314 182 85 93 245 191 101 168 453 131 359 246 281 331 154 214 472 95 170 210 224 141 53 297 319 215 108 184 216 91 74 243 360 541 194 289 196 365 148 273 495 513 123 285 342 155 163 70 464 73 75 549 311 376 165 282 292 144 61 220 296 66 162 138 481 173 103 25 274 452 566 411 308 110 176 374 337 103 90 236 302 123 164 142 383 149 147 309 228 476 138 330 434 97 108 306 340 123 443 196 465 73 137 55 337 340 169 108 324 88 186 232 248 25 311 229 303 34 205 279 227 141 27 204 341 215 295 215 443 170 20 280 424 69 267 174 420 151 28 256 405 172 622 279 268 128 115 222 294 39 156 251 366 126 196 168 286 277 226 203 323 113 77 148 342 107 144 270 286 49 132 209 277 0 163 201 338 410 232 195 107 129 165 206 531 157 130 91 453 193 180 408 358 73 102
186 281 204 122 367 72 308 44 172 167 225 123 152 57 353 68 245 265 311 200 347 231 272 441 98 307 280 77 301 185 249 67 135 230 227 72 205 88 260 339 307 208 210 108 49 159 264 65 433 209 475 513 24 58 176 113 115 260 204 52 99 247 262 454 65 286 208 34 233 223 535 168 124 135 253 202 205 168 187 78 589 136 252 37 91 215 160 14 102 275 159 139 91 139 289 131 182 119 323 89 231 698 232 85 118 227 300 25 179 244 297 73 296 287 256 87 558 184 116 422 115 129 148 512 248 208 210 109 80 123 206 74 205 67 198 106 286 137 192 80 43 143 265 87 182 223 224 166 221 211 295 57 321 202 182 90 232 139 344 21 150 65 259 226 452 129 181 68 117 253 167 137 38 248 205 113 178 203 200 107 212 87 78 194 65 246 238 239 169 185 273 447 248 206 333 112 545 140 274 112 192 115 217 83 221 175 101 228 146 99 220 20 113 204 229 71 186 87 202 44 167 221 159 18 78 617 337 125 300 127 300 25 252 158 168 147 164 431 156 70 164 221 423 106 121 365 153 90 198 311 171 206 638 125 146 206 177 268 180 114 256 200 255 178 130 38 230 76 180 37 98 100 73 129 226 516 218 160 162 231 135 159 140 51 667 272 104 35 241 214 280 95 101 94 354 58 122 309 334 291 286 184 203 107 178 170 161 85 145 103 317 264 63 303 247 220 148 152 410 64 170 310 92 15 176 62 161 123 191 159 237 170 92 87 113 131 108 197 400 31 175 102 525 79 165 331 426 93 161 182 25 113 97 623 120 137 476 153 529 32 211 143 294 224 184 140 192 24 87 328 271 71 145 124 575 722 568 145 196 44 219 175 209 84 78 144 248 85 149 223 230 22 185 65 566 32 204 278 260 191 161 181 254 606 112 302 128 111 138 176 445 38 170 164 177 63 164 105 188 151 155 139 135 54 155 67 169 138 104 178 240 142 95 281 269 159 188 261 206 125 172 521 306 192 154 242 237 568 124 110 245 191 218 150 203 169 200 204 272 201 37 448 282 96 71 175 238 97 130 237 168 65 175 124 167 223 187 120 163 0 113 178 451 146 120 66 222 36 229 623 107 67 128 290 273 34 272 198 177 64
200 270 264 209 441 133 407 97 59 227 323 235 49 164 417 157 133 282 395 126 234 287 356 425 86 319 368 168 374 224 355 61 22 275 329 142 92 169 331 439 207 211 319 159 75 140 353 127 432 214 587 474 121 152 233 14 18 147 307 149 96 200 338 341 66 292 278 144 129 160 425 185 13 95 349 304 93 190 246 131 501 92 344 145 71 279 230 127 101 163 237 89 37 162 240 215 102 84 414 131 150 706 313 122 48 295 372 138 94 253 339 168 188 222 352 155 510 232 223 415 115 151 220 418 147 187 278 211 44 146 266 96 151 95 298 162 183 151 301 63 86 154 362 47 69 132 306 279 108 214 351 141 211 105 291 42 123 197 401 92 151 157 358 250 555 208 278 98 33 258 245 235 144 225 289 115 66 174 290 78 144 109 188 284 91 238 338 176 58 146 334 555 151 227 402 7 547 177 385 137 86 108 307 109 109 179 213 238 62 190 329 129 5 160 299 177 192 143 310 71 142 130 262 114 62 647 366 84 196 240 384 130 142 142 271 235 54 532 252 157 64 210 347 123 15 342 266 124 101 351 259 180 541 182 239 237 77 336 214 152 143 167 319 262 100 78 274 105 100 132 204 156 57 24 333 419 150 155 270 215 63 126 202 122 710 329 94 111 180 216 359 96 213 203 452 161 14 331 399 306 183 150 311 55 174 129 270 161 127 200 386 295 52 370 319 166 45 251 504 175 64 308 178 99 73 116 261 148 96 165 342 138 23 48 199 132 65 236 343 120 88 11 556 56 72 343 531 79 88 184 136 223 163 658 197 135 583 153 510 145 99 116 345 257 77 134 255 89 63 295 353 107 196 209 520 762 607 185 278 157 197 219 283 165 163 145 316 196 91 217 317 128 110 142 488 133 131 335 293 161 123 176 318 630 6 330 205 68 150 183 528 151 137 220 255 175 51 79 218 155 42 184 168 82 82 152 267 185 14 222 344 220 38 283 350 186 83 294 264 218 91 452 352 224 55 257 330 679 120 119 317 156 120 112 234 271 88 213 326 114 76 455 392 202 54 255 305 127 69 142 255 173 71 149 230 305 88 193 201 113 0 178 354 35 14 154 303 149 144 545 216 171 117 308 363 144 210 196 248 119
353 103 382 144 540 111 462 209 206 104 384 236 163 174 530 245 266 104 480 304 350 139 442 597 241 141 448 254 476 73 395 199 187 116 381 118 236 127 436 345 366 33 349 283 194 41 432 240 597 36 584 652 158 148 354 164 161 260 358 153 249 96 436 412 202 115 385 203 195 108 541 27 190 85 413 357 238 36 366 103 663 89 417 209 112 142 338 182 84 286 335 263 198 44 418 143 279 94 487 260 142 868 405 253 131 160 475 187 135 76 475 248 248 151 417 264 688 89 272 583 269 52 326 576 309 41 387 274 145 56 384 108 87 114 356 282 338 41 332 126 199 36 423 204 214 159 396 281 244 37 473 235 280 161 325 141 274 93 522 175 30 145 269 77 459 131 344 229 147 81 343 302 212 74 377 70 219 50 369 241 322 93 192 193 118 68 393 354 217 61 451 478 186 55 509 171 712 60 393 278 249 74 385 245 221 6 249 394 134 146 359 195 182 336 405 238 16 99 346 180 45 301 315 161 129 794 513 94 241 248 469 202 229 37 326 321 181 576 322 136 159 44 282 268 193 187 271 258 272 181 343 46 691 90 316 380 249 194 354 71 270 53 432 352 79 158 407 238 278 215 260 276 201 165 368 573 328 23 310 384 240 61 318 130 845 175 250 144 113 39 453 246 248 196 507 230 171 154 511 128 225 53 345 223 6 67 305 263 292 163 493 439 178 222 423 92 161 193 568 223 231 135 269 168 243 117 324 291 155 19 384 309 179 136 289 288 113 80 239 150 137 173 702 205 147 166 444 233 117 6 196 263 275 801 297 293 505 27 683 191 214 64 472 399 243 45 370 176 218 154 443 236 322 142 697 900 746 63 371 190 49 78 385 262 133 36 426 234 267 45 400 199 119 126 658 209 118 179 435 333 66 8 431 781 183 154 306 236 301 11 611 191 308 96 353 195 203 100 361 27 194 71 306 133 117 135 333 314 165 79 389 132 143 108 440 330 177 123 384 161 269 626 484 366 155 80 402 612 61 70 421 329 289 73 376 327 233 36 450 289 171 617 413 185 142 154 415 264 244 173 341 229 169 56 345 396 258 117 338 178 178 0 507 178 192 244 395 194 318 713 260 238 278 130 440 177 135 20 354 236
371 569 471 561 621 486 662 415 306 578 590 568 347 508 577 458 241 605 611 255 182 635 582 366 361 634 600 466 566 569 635 384 335 619 605 495 272 522 532 790 146 535 616 419 402 466 590 423 412 540 878 315 467 502 452 362 364 252 588 497 365 472 551 254 386 606 499 473 323 427 158 524 340 425 605 584 271 530 461 484 160 421 590 471 421 629 471 465 449 225 489 317 361 507 235 569 269 423 642 404 390 637 544 399 387 646 565 473 373 575 473 471 299 451 606 436 304 579 530 385 361 497 469 69 206 496 496 510 398 492 474 450 437 449 576 425 171 494 601 416 410 496 619 364 297 364 542 604 263 539 514 446 276 350 591 394 235 549 548 431 487 507 709 584 903 562 552 396 374 576 494 523 467 521 533 461 294 478 546 349 250 461 529 637 445 546 607 235 299 452 513 897 346 562 576 359 498 525 688 387 268 452 557 390 288 511 532 370 375 542 624 460 351 280 512 491 523 496 604 409 463 230 554 459 415 655 459 420 316 569 602 456 289 470 558 503 329 778 531 508 349 521 491 379 340 609 592 396 254 688 519 486 188 534 515 407 277 687 409 503 239 471 512 514 434 426 446 394 272 451 512 424 378 354 624 66 245 486 571 315 317 446 446 475 746 676 359 460 439 539 572 370 533 545 697 476 353 655 566 625 325 460 607 344 501 441 574 446 335 550 568 431 392 720 529 444 350 601 729 498 290 609 467 442 281 469 543 386 354 501 623 310 368 401 479 359 410 580 543 468 371 364 587 373 360 655 877 363 390 513 468 536 437 682 465 353 925 488 404 479 294 446 497 418 276 471 473 428 365 557 574 400 428 562 286 784 651 533 519 494 502 566 511 454 515 483 517 519 306 531 558 456 392 494 180 456 401 681 431 303 441 502 512 626 352 658 470 342 369 516 719 486 310 570 498 513 311 425 401 491 321 534 397 435 390 504 545 420 367 569 623 573 389 594 571 391 330 630 469 569 279 187 491 406 354 584 581 1013 462 466 526 297 235 435 407 557 276 542 495 250 418 448 684 547 408 608 509 392 322 354 515 493 338 496 459 540 267 546 410 451 354 507 0 337 342 455 536 483 224 225 529 483 348 631 599 485 450 519 483 416
227 262 297 231 474 155 442 133 31 241 358 267 19 194 450 192 105 281 429 132 205 298 391 441 117 316 403 203 407 233 389 96 19 283 365 165 66 192 364 463 192 209 353 193 110 137 388 162 451 213 621 482 151 179 266 32 32 115 342 177 128 182 372 308 101 288 312 178 94 139 398 190 32 93 384 339 68 196 279 151 489 88 379 179 85 292 264 160 112 134 272 110 71 170 249 237 107 87 449 165 122 726 348 156 50 309 405 170 68 252 368 203 153 197 387 190 514 243 257 433 145 161 254 404 133 179 312 246 69 156 299 116 134 116 333 196 166 158 335 83 121 160 397 81 41 101 341 312 80 213 382 176 177 73 326 63 102 213 432 125 153 183 381 253 579 229 313 133 37 255 280 271 178 214 324 124 43 164 325 107 151 125 219 306 113 231 373 183 40 135 366 582 117 231 434 34 567 188 419 169 72 115 342 143 75 180 246 264 46 214 363 163 37 175 333 212 193 162 345 106 136 124 297 145 83 672 393 85 161 272 419 164 107 140 306 270 19 567 288 182 34 203 317 155 37 328 299 157 95 357 294 171 524 198 274 266 72 350 245 166 114 157 352 297 100 109 305 139 106 167 238 190 92 18 368 403 156 155 304 235 82 119 236 148 737 339 124 138 158 214 394 128 246 233 487 196 24 331 431 304 149 141 345 83 173 119 304 196 152 226 419 324 86 383 353 147 18 277 539 208 53 300 213 131 65 138 296 180 65 168 377 158 58 68 234 161 73 244 319 149 63 45 582 90 45 340 556 110 70 183 170 257 198 685 232 163 610 155 524 177 65 114 375 286 65 137 288 123 96 279 388 142 229 232 521 789 634 196 312 189 188 230 318 200 187 149 350 230 109 211 352 162 87 166 481 168 108 345 321 180 115 175 351 654 39 331 240 96 179 184 563 183 157 233 289 207 26 88 247 158 16 197 199 108 66 178 302 218 42 232 379 240 57 278 385 216 48 299 297 242 98 448 382 254 28 257 365 708 126 129 350 174 111 106 263 306 62 213 358 113 109 476 426 231 80 274 338 160 91 110 290 208 37 159 263 340 81 213 232 146 35 178 337 0 38 189 338 181 141 537 250 205 145 307 398 175 186 193 282 154
191 283 259 220 437 145 408 99 54 240 324 242 55 173 412 158 125 295 392 112 227 300 354 413 79 333 367 169 370 238 357 62 19 288 331 153 85 180 327 450 195 224 322 156 77 153 352 127 420 228 591 461 130 162 228 28 31 142 309 159 90 211 335 338 66 306 274 149 131 170 416 199 6 109 349 306 86 204 242 143 488 105 343 150 85 292 227 134 115 156 235 77 35 176 226 227 88 97 412 127 158 695 311 118 62 308 368 144 102 267 331 170 188 231 352 154 496 245 226 403 108 165 218 406 135 200 274 213 57 159 262 109 162 108 299 159 172 165 304 77 89 168 362 45 63 138 304 285 102 228 345 142 210 111 294 55 113 210 395 99 164 167 368 264 565 220 278 96 46 272 243 237 148 238 287 129 58 187 289 70 131 122 196 296 103 251 339 162 49 158 328 564 155 241 397 21 536 190 389 132 75 122 306 105 106 193 217 228 73 201 332 134 10 147 295 181 206 155 313 77 155 116 265 123 75 637 358 98 197 246 382 134 140 156 273 234 55 532 253 167 70 223 354 118 2 354 272 120 89 365 258 193 530 194 239 229 65 349 208 165 137 180 314 260 113 87 268 102 87 136 207 153 56 33 336 407 136 168 273 203 51 139 199 133 701 342 87 120 190 230 356 91 218 211 452 164 24 345 394 320 185 163 314 46 188 142 273 160 117 211 382 287 57 383 316 177 52 261 503 180 53 321 179 107 61 127 262 142 102 179 344 126 28 62 199 124 79 250 353 129 96 22 547 54 79 357 541 73 99 197 142 227 161 649 196 126 592 167 497 151 96 129 338 250 66 148 251 95 59 307 351 105 191 221 506 754 599 198 276 164 210 233 280 165 174 159 312 201 78 230 315 133 119 153 475 137 141 348 285 149 136 190 314 620 10 344 204 60 142 197 526 157 125 233 252 183 46 93 210 169 39 198 162 94 93 163 268 180 28 236 346 232 51 297 348 179 86 308 259 229 77 438 345 216 62 271 329 687 134 133 313 143 108 125 226 273 81 227 320 100 83 444 395 211 66 267 301 123 58 147 254 178 75 163 226 303 75 205 195 120 14 192 342 38 0 155 301 155 130 531 220 174 108 322 361 152 219 209 245 119
138 347 139 165 302 135 254 56 209 221 170 119 200 92 287 3 276 327 248 200 375 282 209 393 96 369 219 14 236 244 202 93 174 285 176 133 237 141 194 353 317 273 170 54 79 224 203 33 380 274 439 475 86 109 112 159 162 296 154 102 90 312 197 492 89 349 142 45 282 286 556 233 160 199 196 151 237 231 122 142 581 198 192 39 154 264 94 63 168 307 93 139 120 204 265 174 189 182 263 53 290 639 168 57 174 273 234 60 235 308 234 16 342 350 199 28 524 241 76 372 95 194 82 511 263 275 143 59 135 189 140 139 269 133 145 50 301 203 153 141 68 208 209 112 217 279 160 149 254 276 229 13 365 254 142 144 256 195 278 75 216 115 278 287 459 176 124 63 169 317 101 82 35 314 141 179 211 269 139 109 206 153 98 226 131 311 184 227 201 250 207 445 301 269 268 155 489 202 240 75 217 180 155 65 261 241 77 177 201 143 179 49 152 185 163 38 251 150 159 87 233 231 110 83 138 554 276 187 349 117 237 41 295 224 118 84 207 378 99 123 214 287 485 78 156 431 137 60 214 365 108 272 638 183 86 149 198 312 123 178 288 266 188 114 194 97 167 63 186 29 57 45 99 175 182 517 211 226 121 194 148 224 76 115 602 321 97 100 304 279 216 86 78 111 298 27 166 369 268 353 336 250 161 123 244 234 122 22 124 139 251 203 104 346 181 284 196 177 352 50 197 374 27 78 199 127 107 82 244 225 189 151 131 144 48 102 168 256 465 94 230 144 462 101 218 393 430 96 220 247 50 81 37 559 54 109 473 219 481 59 251 208 229 165 209 206 126 77 102 394 208 57 85 168 545 657 503 206 132 69 285 233 143 19 130 210 182 67 150 289 168 45 244 124 551 35 264 327 199 167 226 247 188 543 150 361 62 119 100 241 382 63 151 219 112 80 200 168 132 217 193 200 86 118 213 122 113 80 149 236 191 189 149 345 205 108 236 319 141 161 181 501 241 135 204 304 178 557 190 176 179 169 232 214 145 118 232 269 207 210 88 392 242 121 129 216 172 65 139 291 105 42 223 189 102 159 206 171 107 66 154 244 455 189 155 0 157 58 232 608 74 29 109 351 212 74 335 264 110 40
165 496 66 285 145 284 126 210 352 350 68 193 351 225 139 155 408 467 92 302 500 401 54 349 225 509 68 145 82 381 116 242 320 413 88 278 373 277 49 390 419 422 128 146 232 380 55 177 316 422 347 455 238 249 86 311 314 433 88 243 215 469 41 626 238 492 38 193 432 443 663 380 307 356 71 83 372 377 76 292 633 356 54 187 311 381 75 215 324 438 66 255 266 352 308 293 303 339 113 174 446 538 10 182 330 384 81 208 390 453 133 149 488 508 71 148 514 373 131 320 204 343 83 579 377 429 42 122 291 339 64 295 426 289 76 142 412 354 125 298 222 359 85 256 358 433 5 179 390 424 101 169 507 407 122 301 383 330 139 233 368 253 337 427 473 300 66 205 323 462 58 96 185 468 18 334 350 425 35 237 298 307 214 319 287 461 83 304 340 407 77 438 453 411 116 306 404 346 185 175 347 336 30 196 404 391 157 174 356 268 128 203 301 259 33 157 400 297 116 242 389 341 99 237 295 430 185 345 498 181 81 196 440 379 90 75 356 245 78 263 366 439 642 188 302 581 177 182 335 487 52 427 704 321 80 132 326 415 128 325 421 422 58 44 351 254 102 198 300 186 138 147 246 326 121 590 301 379 117 224 276 381 104 266 463 434 220 254 461 427 58 213 158 218 162 166 317 503 120 492 486 406 120 259 396 391 125 144 218 257 100 138 257 446 35 441 348 270 205 173 332 520 131 235 330 280 81 169 397 376 108 236 282 301 109 196 325 391 622 246 385 295 342 247 371 531 438 230 376 398 201 143 140 428 107 199 463 371 430 204 395 365 112 127 340 360 63 234 242 548 51 196 117 288 544 519 371 348 26 206 439 369 26 141 268 363 47 166 265 439 22 200 401 270 587 190 421 440 135 236 383 399 57 426 298 492 98 249 179 391 226 204 236 350 48 204 343 325 135 370 339 341 151 275 370 263 74 128 301 372 105 310 305 490 48 149 386 451 69 274 298 528 129 130 356 446 48 521 345 330 35 243 348 371 131 88 369 416 91 322 245 314 167 231 286 326 44 180 265 444 54 166 374 339 81 3 331 302 129 222 303 395 536 338 301 157 0 201 334 641 143 157 212 489 64 218 493 414 58 184
194 296 194 107 346 83 278 68 208 163 196 88 188 35 336 58 280 272 287 229 382 224 248 450 124 314 255 64 282 187 217 100 171 227 196 78 240 83 243 311 339 221 176 110 81 181 239 75 437 222 440 528 39 51 168 149 150 296 173 45 123 271 242 489 97 295 192 14 268 252 570 180 159 164 224 171 241 178 178 91 617 165 225 19 122 207 147 22 127 311 142 167 125 152 310 117 213 148 297 100 263 697 211 100 152 216 281 11 212 254 290 56 331 315 228 85 575 183 84 429 135 143 136 542 282 228 195 81 115 138 195 99 233 93 168 107 320 153 158 112 73 159 235 120 217 257 202 131 257 224 282 56 357 236 149 124 267 138 330 56 168 57 232 231 422 118 153 90 152 263 150 110 24 267 183 135 213 226 176 134 239 109 48 173 92 260 208 265 204 210 259 414 282 214 315 148 547 147 238 124 227 139 192 101 257 190 67 234 180 85 186 23 149 226 212 44 200 96 169 79 190 253 128 41 111 610 333 155 335 91 276 28 287 179 138 127 199 399 129 66 199 238 452 122 157 381 118 104 231 307 149 227 669 126 121 207 211 255 181 125 292 223 240 158 158 73 225 96 211 38 68 102 106 165 192 547 245 179 129 246 166 185 133 65 655 263 128 56 268 227 259 118 67 63 323 37 158 312 317 297 321 208 169 139 195 196 127 80 166 83 299 261 98 290 229 247 183 127 381 31 205 321 78 50 210 80 133 134 225 175 204 192 127 122 96 147 140 199 424 47 208 138 519 111 199 337 394 120 193 197 15 79 94 614 107 155 443 171 538 4 246 169 284 223 218 161 180 60 118 347 249 90 143 110 594 711 558 151 176 13 239 176 191 76 73 162 233 50 178 239 207 27 217 70 592 31 235 269 257 211 188 199 239 600 147 304 115 140 151 190 419 5 192 161 160 31 199 134 190 169 191 144 141 85 187 65 141 137 139 179 208 131 130 292 246 164 224 262 196 105 203 545 297 193 189 249 211 534 147 131 227 212 250 177 203 139 236 216 261 233 73 450 248 69 106 160 222 111 160 270 146 36 210 138 158 202 220 113 165 36 149 194 483 181 155 58 201 0 259 649 74 44 149 295 247 18 299 214 162 77
176 402 275 343 445 272 457 191 118 369 379 345 158 286 409 236 108 422 419 33 173 430 385 319 137 457 401 244 382 368 421 162 131 418 392 279 101 305 342 568 86 350 398 201 179 278 389 200 340 354 664 345 246 282 249 156 159 138 373 277 142 317 357 303 163 429 299 249 186 271 330 328 131 233 397 369 99 333 260 271 362 229 386 247 215 421 262 242 245 128 278 94 141 305 118 351 46 225 446 183 244 611 343 177 187 437 380 250 201 392 310 249 211 320 400 216 374 375 308 318 141 295 258 283 49 320 297 289 186 289 278 238 271 236 361 207 78 294 382 206 187 297 412 143 113 217 339 381 107 354 340 222 214 191 372 185 77 339 385 209 292 287 488 392 681 346 337 172 172 396 284 304 243 354 327 259 104 304 336 126 39 252 306 419 232 372 396 55 103 275 332 673 216 370 401 150 453 320 469 169 74 251 350 167 139 320 309 194 186 323 406 236 140 82 316 268 333 283 386 187 277 20 336 238 204 578 318 224 227 345 409 233 167 281 340 288 143 579 315 290 167 344 416 159 128 464 368 174 47 495 307 311 410 323 299 219 69 478 210 295 119 297 325 304 239 206 262 170 49 227 289 205 156 153 407 287 37 295 350 144 94 261 234 257 654 472 136 241 288 355 380 147 309 322 496 253 148 472 394 445 224 282 388 121 313 260 353 226 118 330 389 263 172 512 336 283 159 380 537 274 88 441 246 220 76 254 326 170 189 307 408 98 152 191 261 142 208 380 437 248 197 152 493 150 180 481 654 140 210 324 244 314 217 596 248 137 701 294 396 256 137 254 327 236 78 276 272 206 141 413 379 176 218 345 380 703 552 328 313 271 328 363 309 232 297 287 327 295 82 353 354 233 222 277 345 232 240 478 262 103 257 315 324 556 140 471 254 119 156 324 542 263 98 362 290 290 118 222 206 297 125 328 185 220 206 286 329 209 158 366 409 358 181 419 376 186 162 437 273 350 57 308 327 213 167 398 375 789 263 263 333 94 36 247 218 340 101 354 317 30 197 370 468 325 195 393 317 172 99 216 303 269 162 293 253 337 60 332 206 229 144 318 224 141 130 232 334 259 0 402 306 259 128 448 399 262 312 334 277 193
489 785 575 743 680 673 761 581 508 771 705 727 550 679 633 611 454 815 693 425 407 832 675 347 525 847 693 615 643 768 753 559 530 819 723 680 478 705 620 959 349 743 747 560 575 672 688 578 401 748 986 240 643 679 566 556 559 470 712 674 526 690 641 467 560 819 603 637 541 644 325 726 532 629 711 707 476 732 571 673 79 624 693 633 616 823 592 635 645 444 612 484 542 706 345 751 447 623 727 555 608 535 645 553 586 838 641 642 584 785 538 622 523 673 712 583 188 776 675 378 515 695 594 161 405 708 599 654 587 690 578 640 651 638 698 566 377 694 735 608 580 697 725 542 500 581 646 754 472 747 584 602 501 564 726 586 440 741 602 606 690 686 881 789 1067 746 675 559 571 787 613 658 629 736 643 659 494 691 660 517 412 653 697 817 633 759 721 384 497 663 593 1050 566 767 640 551 437 722 817 533 465 650 667 548 501 716 684 468 579 721 752 626 541 423 610 645 729 685 734 585 670 415 688 636 606 601 503 621 540 724 687 621 508 676 688 631 532 861 661 689 555 733 715 530 530 830 743 549 444 893 640 698 151 725 646 511 468 880 523 697 454 683 599 632 637 606 539 553 448 613 660 567 553 551 749 176 406 691 707 425 494 653 574 657 698 874 520 641 657 748 658 531 685 712 786 633 548 865 627 837 548 671 737 519 708 650 712 593 484 726 638 509 572 914 622 660 552 774 802 657 485 825 612 617 473 655 673 527 566 704 742 458 554 593 617 506 607 780 768 646 581 553 561 548 568 869 1037 530 598 719 634 685 580 634 600 499 1078 692 332 646 505 650 565 514 472 674 582 603 537 778 665 560 555 744 150 723 622 729 631 661 715 764 616 600 696 685 607 675 475 743 663 622 604 677 57 619 616 880 511 441 648 710 599 570 542 867 602 513 509 721 772 653 458 764 614 679 511 622 514 694 520 729 532 621 597 685 672 550 559 767 741 759 582 807 663 517 540 835 572 747 458 113 553 517 558 792 688 1153 662 663 619 439 426 641 513 687 480 749 572 431 596 433 805 717 596 794 603 543 496 573 636 649 546 693 577 644 458 733 531 623 545 713 225 537 531 608 641 649 402 0 678 637 501 841 695 656 671 727 598 574
196 358 157 142 285 150 205 122 274 206 125 58 258 86 282 70 344 325 221 274 445 259 184 442 169 366 188 64 225 238 143 159 237 270 123 143 304 136 190 289 390 284 103 118 143 252 172 106 421 283 371 532 113 111 141 218 220 362 100 107 164 342 184 557 156 351 147 73 340 325 628 242 225 237 153 99 304 238 146 159 653 238 157 71 196 239 114 94 199 375 99 213 187 216 333 150 263 222 227 125 336 667 152 130 225 244 224 84 285 312 255 58 402 387 157 95 585 230 12 417 168 208 104 584 336 297 150 28 187 205 157 172 305 166 96 112 374 219 85 186 131 225 164 179 283 330 143 76 321 286 237 84 427 308 76 196 327 188 281 125 236 115 219 284 391 156 85 135 224 322 105 48 72 334 125 207 278 296 113 182 279 180 71 183 166 323 135 300 268 282 212 373 355 270 259 216 524 207 170 145 287 211 127 139 325 255 13 230 253 125 113 88 215 256 163 40 263 161 96 145 261 304 56 115 184 569 304 228 407 50 211 86 357 249 66 77 268 325 66 124 271 303 524 150 221 443 65 133 286 345 93 297 712 180 65 193 269 277 170 189 356 294 192 104 231 145 196 136 260 85 18 110 166 234 119 591 285 247 56 257 220 257 115 136 606 293 170 130 341 289 198 159 15 75 251 56 227 360 263 349 393 280 96 194 262 268 54 85 197 113 243 237 164 309 176 319 254 132 310 43 266 379 66 122 269 151 65 150 298 241 131 223 193 194 66 173 213 248 495 119 281 205 479 169 272 388 360 169 267 262 82 8 98 569 84 180 401 238 529 78 315 241 243 204 278 230 143 128 172 414 187 130 131 145 608 662 512 208 122 73 306 226 141 77 128 231 183 26 224 303 143 88 290 134 621 83 308 299 233 237 260 265 191 562 213 349 86 191 168 254 351 74 223 207 113 64 265 208 181 236 257 200 147 158 261 125 74 132 208 229 135 167 202 349 184 166 294 308 160 131 254 569 258 181 260 305 143 484 218 201 175 240 304 250 190 68 300 277 219 283 142 428 176 88 178 185 174 137 212 343 92 42 281 204 128 144 277 160 157 107 216 260 529 250 220 74 143 74 306 678 0 47 182 346 180 87 372 278 122 114
164 340 151 144 302 127 241 75 228 204 158 91 215 73 292 26 297 315 244 227 398 262 206 418 122 357 213 25 238 230 184 113 192 268 161 122 257 125 199 324 343 265 148 81 96 223 197 60 402 266 417 502 81 94 127 174 176 316 138 88 117 313 198 511 109 339 149 36 297 290 581 224 179 203 185 135 258 222 136 135 610 203 184 31 159 244 104 58 168 328 98 166 140 196 293 153 216 186 256 82 298 658 167 85 184 252 237 51 245 298 248 16 358 355 189 55 552 225 53 395 123 187 93 539 289 272 151 42 145 182 152 139 272 133 131 76 327 197 131 147 85 202 197 132 237 289 159 121 275 268 238 37 382 267 121 155 279 180 286 83 211 100 250 274 431 156 113 88 181 307 106 69 30 310 140 178 231 268 133 135 234 151 73 201 132 304 171 256 222 251 215 417 313 257 271 171 509 191 216 104 239 180 150 92 279 234 49 202 212 123 158 48 170 214 168 9 244 140 139 100 232 257 93 81 145 567 293 192 364 88 234 43 312 222 102 83 224 364 88 109 228 282 491 107 175 425 109 89 239 347 106 270 666 169 79 171 221 289 145 169 309 265 196 114 197 104 184 89 213 38 33 72 119 190 163 545 240 222 99 222 172 226 94 109 612 300 124 97 308 271 215 113 50 86 286 10 182 354 273 341 350 250 140 147 239 236 100 46 153 117 255 222 119 323 185 287 210 151 343 24 219 365 36 82 222 123 94 111 256 219 172 180 148 153 52 131 175 241 466 89 241 160 476 122 230 380 401 121 228 241 44 55 61 571 65 138 445 214 505 47 269 210 241 185 231 203 137 85 125 391 206 83 106 147 573 667 515 194 132 51 282 219 147 40 115 205 189 38 177 283 164 46 252 114 580 38 271 306 218 195 228 242 195 558 168 345 72 144 129 234 378 48 179 203 116 57 219 172 155 212 212 187 112 122 222 108 101 103 164 222 175 169 160 336 203 134 251 304 153 138 207 529 254 157 217 293 170 530 189 173 183 198 257 217 167 102 253 260 218 236 99 412 221 96 137 194 178 93 164 303 103 14 237 182 116 159 230 154 130 67 171 238 483 205 174 29 157 44 259 637 47 0 138 338 206 62 339 258 119 67
83 377 160 250 338 193 332 85 149 293 252 227 163 182 309 112 196 377 301 95 288 356 265 320 36 417 280 119 272 304 293 79 126 352 264 196 164 216 229 459 214 310 270 73 88 245 267 78 320 313 536 385 151 187 130 130 134 223 245 180 30 316 241 413 76 393 180 137 234 277 457 277 114 205 272 241 163 279 143 196 472 202 262 133 166 343 138 138 193 226 153 43 84 249 161 259 91 189 326 57 266 593 222 53 161 355 270 143 210 352 224 125 284 339 274 89 430 306 182 306 14 237 132 402 167 296 179 163 134 231 163 173 267 168 233 79 203 242 254 152 88 247 286 75 153 246 217 258 180 314 240 101 299 218 244 140 170 263 290 116 248 193 381 340 567 257 209 61 148 358 159 176 128 336 203 208 143 285 210 39 98 189 197 321 164 343 269 118 134 258 226 554 260 318 296 123 435 256 342 40 136 204 225 48 199 277 186 121 180 228 278 128 113 77 200 146 289 208 258 102 249 131 208 144 149 530 249 192 296 225 291 122 234 246 212 160 160 455 187 199 178 315 462 32 108 454 246 49 122 433 180 290 530 248 171 122 114 396 102 229 210 279 214 179 206 125 162 54 88 112 165 77 77 141 279 409 103 255 223 107 68 235 109 173 593 398 28 155 297 316 263 34 187 212 373 133 131 424 291 402 286 261 260 62 275 241 226 99 17 230 282 179 99 431 220 282 160 276 418 156 123 412 119 127 119 177 198 44 210 261 280 43 104 144 133 18 170 317 460 157 205 115 439 73 188 442 538 45 205 282 135 189 89 541 120 18 582 251 407 147 191 223 232 142 129 233 154 114 60 409 260 60 96 253 446 645 490 263 190 162 306 296 189 106 206 242 214 175 53 321 231 123 227 191 444 119 248 404 176 63 234 278 214 514 111 420 127 49 36 279 431 154 42 288 166 179 142 179 103 251 140 259 62 149 199 195 201 85 123 299 281 270 140 385 257 73 191 380 159 252 86 395 238 110 170 352 250 666 217 209 217 63 136 222 118 212 160 310 216 111 112 341 339 218 136 303 203 45 57 254 176 149 182 234 132 215 119 247 91 128 117 278 348 145 108 109 212 149 128 501 182 138 0 403 276 158 327 297 154 73
474 78 488 205 630 218 530 327 334 140 463 304 292 265 627 352 390 27 565 434 464 107 529 723 367 23 531 358 570 108 461 324 318 83 454 219 363 213 534 316 493 99 414 398 317 170 515 355 720 94 607 781 267 244 463 295 291 379 433 250 373 169 530 505 326 33 486 307 310 207 649 126 320 215 491 434 365 124 473 212 788 219 499 313 241 127 442 289 211 406 436 392 327 154 547 198 409 225 565 378 246 988 498 372 262 137 569 292 258 56 585 351 352 214 495 376 818 115 358 708 393 166 430 700 437 135 489 367 274 172 490 230 195 235 435 396 465 161 400 253 319 157 498 332 342 270 489 340 369 95 576 345 384 281 396 270 401 159 623 293 158 238 261 64 415 190 430 349 277 55 443 393 317 116 470 196 348 152 458 368 453 214 275 206 239 86 468 484 347 179 553 451 293 85 605 301 833 150 440 398 378 202 472 366 343 129 333 516 263 220 423 303 313 465 505 335 116 202 415 302 171 431 397 271 256 905 627 225 341 317 555 311 345 167 408 417 309 631 411 229 286 109 308 390 323 131 334 377 402 72 437 144 812 169 409 496 379 144 470 176 392 159 533 447 209 279 519 359 409 324 351 390 327 296 433 695 458 154 386 510 370 188 428 238 949 110 375 256 201 93 544 370 332 271 573 331 301 24 608 9 326 171 413 352 135 191 380 372 418 233 588 553 304 152 520 190 291 236 636 318 361 57 373 284 373 230 410 411 276 144 453 437 308 265 390 411 243 98 237 259 261 303 813 331 274 43 411 359 243 125 301 346 386 909 402 417 474 156 810 293 337 194 579 514 372 174 475 294 345 139 532 355 434 202 828 1005 853 145 466 287 129 120 483 370 223 164 525 322 396 99 489 308 239 227 786 317 230 109 550 461 193 133 532 894 313 31 410 364 423 126 689 291 436 138 453 285 332 230 477 154 324 152 424 255 245 230 419 427 296 117 458 181 272 45 530 448 302 45 491 219 399 755 592 482 284 51 485 585 189 195 518 457 419 202 492 409 361 95 556 419 292 737 465 258 269 177 515 384 373 282 435 326 295 169 452 489 388 186 453 290 308 130 631 307 322 351 489 295 448 841 346 338 403 0 522 278 205 114 457 353
228 538 128 317 111 329 66 267 413 382 61 219 411 266 127 210 471 503 43 366 564 428 22 388 288 544 9 199 73 416 88 302 381 443 75 322 436 316 76 382 483 464 123 208 290 429 10 235 349 464 291 499 286 291 150 370 373 496 91 286 277 519 55 689 297 529 101 242 492 496 727 422 367 409 36 89 435 418 139 337 691 409 23 237 364 407 139 264 374 501 126 319 327 396 369 324 367 392 51 235 502 545 56 244 386 408 73 256 447 491 167 201 549 561 33 208 560 407 168 357 268 388 146 640 442 475 104 166 347 384 125 345 478 339 87 204 476 399 129 352 279 404 40 317 420 491 60 191 453 466 124 225 569 466 131 357 446 366 141 286 415 295 341 463 452 332 95 265 381 501 119 138 236 513 74 383 412 473 73 300 362 356 250 338 338 503 62 368 402 457 106 410 512 449 102 365 424 387 157 238 410 386 57 257 466 435 192 233 413 303 117 254 360 323 87 204 443 340 115 299 438 405 126 287 349 425 215 398 558 206 34 248 501 427 115 128 416 181 118 304 425 483 696 251 362 623 194 244 398 513 104 475 764 360 128 192 389 434 191 369 484 471 96 101 403 308 157 259 364 239 180 209 306 385 107 652 366 425 137 285 339 432 168 313 445 456 283 303 514 469 43 275 193 251 98 216 376 534 113 527 546 456 119 321 441 442 143 202 282 290 90 187 315 462 73 493 407 293 142 217 395 558 186 287 393 327 115 233 456 421 87 300 341 356 164 260 380 426 672 294 442 354 343 307 429 565 416 292 432 441 250 178 200 418 166 263 433 417 464 251 456 416 141 184 403 408 127 288 303 593 32 256 181 320 591 501 361 388 87 250 485 404 89 198 308 409 87 205 329 483 46 251 456 313 643 242 476 462 184 300 434 445 96 425 358 522 157 312 243 434 172 250 301 384 111 244 405 378 198 415 399 380 215 328 425 305 107 192 360 407 82 341 361 529 33 213 445 482 130 304 362 582 157 193 415 483 37 480 394 378 76 307 412 423 192 113 432 457 127 386 300 340 131 264 341 352 92 242 328 502 108 212 433 383 146 61 394 338 193 273 363 440 599 398 361 212 64 247 399 695 180 206 276 522 0 264 545 458 122 243
208 278 211 94 363 66 292 74 203 147 211 92 180 24 354 74 277 254 303 233 378 208 265 464 130 296 272 81 299 170 230 101 166 211 211 61 236 66 260 306 340 204 187 125 83 165 256 87 453 204 449 540 26 35 185 143 144 290 187 28 130 256 259 483 99 277 210 29 259 237 568 163 155 150 240 186 237 160 195 74 622 152 241 36 110 192 165 21 112 307 160 172 125 134 319 103 216 135 313 112 250 713 228 111 142 202 298 16 201 237 307 74 322 300 243 101 587 166 98 444 145 125 153 546 282 212 212 98 107 121 212 84 218 79 183 122 320 136 170 102 76 141 251 121 213 245 219 137 253 206 299 70 349 226 161 116 265 121 347 54 151 41 226 214 418 103 169 98 144 246 167 126 40 250 200 120 210 209 192 139 245 93 45 163 79 243 222 271 201 195 277 414 271 196 333 142 562 130 247 136 225 124 208 111 250 173 79 249 170 71 198 31 145 235 230 61 182 79 182 77 175 255 142 31 100 627 350 141 325 97 293 38 280 163 153 144 193 412 146 49 191 221 437 133 153 363 124 115 232 291 166 211 672 109 138 223 211 241 196 107 288 207 257 175 143 66 241 105 214 51 84 117 107 158 205 549 251 162 142 258 168 170 150 49 673 248 136 43 254 209 276 125 78 60 338 54 152 295 335 280 311 193 181 141 178 181 139 96 175 72 316 277 95 277 246 232 175 119 397 46 203 304 95 45 209 64 149 147 215 158 218 201 124 112 113 158 128 181 408 32 197 133 536 112 190 320 392 125 182 180 26 92 110 631 125 165 442 154 552 16 240 154 301 239 217 144 197 57 121 330 266 99 159 97 604 728 576 133 194 15 222 159 209 93 56 145 250 62 182 221 223 36 205 52 599 43 222 255 274 221 173 182 256 617 143 287 132 144 163 173 436 14 200 145 178 32 195 121 205 152 186 126 155 73 176 48 157 153 133 162 222 116 122 274 263 179 215 245 213 94 206 553 314 208 180 232 227 536 131 115 245 221 251 163 219 154 232 199 279 235 69 466 259 62 97 147 240 122 164 260 164 52 202 121 175 219 220 97 180 34 144 177 485 175 152 74 218 18 262 656 87 62 158 278 264 0 284 196 180 88
409 129 465 277 637 225 577 286 197 239 495 360 167 289 619 338 222 186 583 312 273 263 544 625 294 200 552 348 570 205 513 260 204 236 495 234 212 252 528 478 328 138 469 359 265 123 536 320 637 143 715 657 260 264 435 196 193 202 472 267 304 41 532 300 264 174 475 304 133 50 448 162 214 137 523 470 214 171 448 216 610 137 524 309 182 271 425 281 173 228 428 296 245 174 428 276 288 154 595 332 68 912 503 323 168 289 568 290 118 160 547 345 155 16 527 348 682 221 383 618 324 176 414 519 283 96 476 380 204 176 467 201 67 207 467 361 300 164 452 195 274 160 535 254 200 96 495 407 210 140 555 324 184 121 444 196 244 227 605 260 145 263 404 187 590 265 452 298 180 155 436 408 310 90 476 166 210 86 472 288 332 192 312 328 207 122 507 362 214 91 536 612 105 174 601 204 752 193 521 343 238 161 489 312 177 142 363 448 147 274 480 292 214 360 496 342 144 218 465 253 113 292 427 259 198 856 576 148 141 370 572 297 164 126 437 419 176 696 427 256 152 111 153 330 220 159 396 326 267 275 443 90 622 222 418 445 250 318 422 195 219 84 519 449 142 239 481 306 289 307 367 354 258 186 487 512 336 135 426 421 268 115 401 236 919 291 303 243 32 139 551 304 362 319 622 329 196 227 599 197 128 94 464 264 130 103 423 350 336 291 585 504 241 340 515 53 168 327 681 330 230 167 362 258 242 221 432 355 124 148 502 344 224 194 384 342 168 208 134 253 123 212 766 260 141 217 577 286 122 138 295 377 358 868 387 344 638 144 706 295 177 131 550 466 236 145 455 259 271 107 543 306 399 275 684 972 816 198 467 299 93 211 477 352 255 149 515 347 295 121 502 294 100 242 619 303 78 294 501 366 111 128 518 839 215 236 396 278 359 146 717 298 343 231 447 310 200 168 426 147 197 205 374 218 129 253 440 388 204 212 506 267 193 161 540 394 151 224 466 293 281 599 559 432 158 174 509 747 155 172 513 360 277 122 442 438 211 149 531 289 248 662 537 310 208 290 504 331 276 100 440 334 154 179 429 495 255 249 408 272 210 135 450 186 219 335 493 299 312 671 372 339 327 205 545 284 0 129 443 314
373 83 402 158 559 131 479 229 220 111 402 252 178 192 550 265 278 88 499 321 358 137 461 616 261 123 466 274 496 76 412 219 204 112 398 136 250 145 456 349 379 16 365 303 214 56 450 260 617 21 596 670 178 167 374 182 178 270 375 172 268 89 456 414 222 97 405 223 203 108 547 39 207 101 431 375 251 45 386 123 676 105 435 229 132 143 358 202 104 296 355 281 217 63 435 156 296 112 505 280 146 888 424 273 148 161 494 207 146 58 495 268 253 143 435 284 705 93 290 603 289 71 346 588 323 33 407 293 164 75 404 128 90 134 374 302 351 61 349 145 219 56 441 223 228 164 416 297 257 20 493 255 285 171 342 160 288 105 541 196 50 163 276 67 461 144 363 249 164 63 362 321 231 57 397 89 234 48 388 260 340 113 210 201 138 47 411 372 232 68 471 484 190 48 529 188 732 75 408 298 264 93 404 265 232 23 267 414 149 162 376 215 200 354 425 257 17 118 363 199 57 317 333 181 148 814 533 111 244 264 488 222 238 54 344 340 195 592 341 155 172 25 271 288 211 167 287 278 288 170 362 41 702 105 335 400 265 193 374 90 281 53 452 371 96 178 427 258 295 235 279 296 220 182 385 584 345 42 328 403 258 74 338 149 865 170 270 164 111 21 472 266 266 213 524 249 187 138 530 111 229 60 362 242 22 78 323 283 311 179 512 459 198 218 442 91 176 206 585 242 246 115 288 189 258 137 343 311 165 39 401 328 198 155 308 307 131 80 224 170 148 191 722 225 160 148 448 253 129 17 215 281 295 821 317 312 510 47 702 211 225 80 492 419 258 64 390 196 238 136 462 256 342 156 714 920 766 76 390 209 37 83 404 282 151 56 445 253 285 25 419 219 128 145 672 229 124 174 455 352 79 19 451 801 201 140 325 255 321 24 629 210 327 103 373 214 218 119 381 47 209 85 327 153 131 153 351 334 183 83 406 143 161 88 459 350 189 112 404 175 286 641 504 386 170 65 421 618 80 90 441 348 304 87 396 346 247 24 470 305 191 636 428 201 161 162 435 284 263 179 360 249 182 75 365 416 274 131 358 198 196 20 519 193 209 264 414 214 334 727 278 258 297 114 458 196 129 0 374 256
113 457 35 259 194 244 181 158 294 321 109 179 296 192 177 109 350 434 148 244 442 378 111 328 168 476 126 100 127 348 156 188 264 385 125 240 315 243 85 399 362 382 151 89 180 335 113 124 303 383 396 427 196 213 32 257 260 375 114 207 157 421 91 567 183 457 32 152 376 393 606 342 250 307 122 109 315 340 29 252 586 307 109 146 262 358 18 172 278 380 23 197 211 313 259 268 245 290 172 117 393 545 68 126 277 364 125 167 337 416 133 106 431 458 124 95 484 343 112 301 146 303 29 528 319 385 33 95 239 298 35 250 377 243 100 86 354 313 142 249 170 318 137 201 301 379 63 180 332 385 120 121 450 353 134 249 324 298 168 184 326 219 337 393 491 272 78 150 270 425 19 79 143 425 50 290 292 380 63 180 241 263 186 305 241 421 126 249 283 359 97 463 398 376 158 251 402 310 219 117 289 291 75 139 347 351 135 130 303 239 155 159 245 204 53 121 361 258 138 191 343 283 99 193 246 450 182 295 441 170 138 152 382 334 96 46 300 302 71 227 312 397 590 130 245 541 174 125 276 463 44 383 654 287 61 88 267 398 76 287 363 376 78 34 304 205 76 143 242 140 110 91 191 271 151 538 245 336 121 175 218 334 46 225 493 413 162 211 412 388 112 155 136 195 219 126 261 473 157 459 430 359 141 202 354 343 127 93 160 231 142 117 204 432 72 392 293 255 263 139 274 483 85 188 271 237 81 110 343 335 145 179 227 250 67 137 275 359 574 204 332 240 359 192 317 499 457 173 324 357 159 125 86 452 57 141 489 329 413 164 338 318 123 91 282 316 22 185 186 505 107 141 59 262 510 549 396 313 37 170 395 337 36 92 234 320 72 139 207 399 77 155 349 232 544 145 369 420 113 181 335 358 77 442 243 463 48 192 121 351 281 166 179 321 16 173 286 277 85 328 282 306 93 228 318 227 78 69 247 340 144 284 252 454 104 92 330 422 39 251 240 486 137 82 302 412 99 556 301 286 70 187 289 323 86 94 311 378 100 264 195 307 207 207 235 306 61 123 207 390 40 130 318 299 24 61 273 272 73 177 248 354 483 282 245 110 58 162 277 598 122 119 154 457 122 180 443 374 0 130
122 339 152 182 325 136 289 28 172 231 206 155 168 111 305 44 236 328 276 161 336 294 237 377 56 369 249 53 257 248 240 58 138 294 213 136 198 151 215 386 277 267 210 47 49 211 234 8 369 269 479 451 88 120 121 127 130 258 192 113 50 294 221 453 54 347 162 64 249 263 516 229 124 179 230 189 198 230 134 141 545 178 224 60 134 279 112 69 154 267 118 99 84 200 233 192 149 162 294 25 263 635 194 22 147 290 256 73 207 306 239 57 307 328 233 36 498 248 116 358 59 189 102 473 223 263 162 99 109 184 154 128 248 122 182 48 261 196 193 120 40 202 244 74 180 249 187 188 215 271 242 30 328 223 183 118 216 203 292 61 207 127 308 289 494 191 160 23 139 314 126 120 55 303 170 168 173 255 171 69 168 144 124 250 119 304 221 190 163 232 222 482 269 269 287 122 481 203 280 48 177 167 187 26 224 234 116 164 173 160 219 57 117 150 183 75 246 151 199 61 218 191 149 82 117 557 276 167 315 154 265 50 259 211 156 116 173 414 135 133 182 278 460 45 120 421 176 27 174 375 139 259 600 189 121 144 158 330 118 177 249 250 206 142 177 79 172 22 146 40 97 41 63 142 222 478 173 216 161 169 107 207 87 115 611 335 57 97 282 273 241 46 117 139 333 61 133 372 286 354 303 234 201 83 235 216 163 42 89 160 271 202 74 365 203 263 164 204 385 84 158 370 61 69 159 123 145 59 213 218 227 116 98 120 81 70 146 261 446 95 201 111 466 64 187 394 466 56 194 240 63 121 45 565 78 78 511 210 465 76 215 192 239 163 169 195 141 61 63 381 235 16 87 185 517 666 511 208 158 90 273 239 166 46 141 201 201 103 110 281 197 52 218 129 517 47 239 341 199 134 208 239 205 545 115 366 86 78 75 235 410 82 115 228 136 106 163 149 125 209 157 203 71 104 187 131 150 78 117 242 229 204 122 342 232 95 202 325 153 182 140 468 249 129 172 304 211 597 178 166 200 135 191 196 140 156 194 265 218 170 67 384 282 146 106 235 190 34 99 260 135 77 190 185 115 186 165 183 102 64 119 236 416 154 119 40 184 77 193 574 114 67 73 353 243 88 314 256 130 0
